sample_id,timestamp,damage_level,damage_label,session,ax,ay,az,gx,gy,gz,sw420,az_zeroed
159,20:28:24:371,3,Severe_Damage,L3_S3,-1786,1152,14848,-189,27,-113,0,-19.66
160,20:28:24:381,3,Severe_Damage,L3_S3,-1676,1098,14842,-181,36,-123,0,-25.66
161,20:28:24:391,3,Severe_Damage,L3_S3,-1746,1130,14814,-192,34,-122,0,-53.66
162,20:28:24:401,3,Severe_Damage,L3_S3,-1726,1092,14898,-193,26,-128,0,30.34
163,20:28:24:411,3,Severe_Damage,L3_S3,-1756,1100,14852,-188,30,-131,0,-15.66
164,20:28:24:421,3,Severe_Damage,L3_S3,-1814,1094,14878,-193,20,-122,0,10.34
165,20:28:24:431,3,Severe_Damage,L3_S3,-1744,1112,14842,-196,36,-120,0,-25.66
166,20:28:24:441,3,Severe_Damage,L3_S3,-1804,1132,14858,-200,27,-122,0,-9.66
167,20:28:24:451,3,Severe_Damage,L3_S3,-1776,1166,14858,-202,29,-122,0,-9.66
168,20:28:24:461,3,Severe_Damage,L3_S3,-1734,1124,14896,-201,34,-128,0,28.34
169,20:28:24:471,3,Severe_Damage,L3_S3,-1756,1132,14846,-204,20,-120,0,-21.66
170,20:28:24:481,3,Severe_Damage,L3_S3,-1736,1092,14900,-199,38,-128,0,32.34
171,20:28:24:491,3,Severe_Damage,L3_S3,-1754,1090,14814,-197,29,-118,0,-53.66
172,20:28:24:501,3,Severe_Damage,L3_S3,-1762,1098,14860,-196,36,-123,0,-7.66
173,20:28:24:511,3,Severe_Damage,L3_S3,-1792,1128,14840,-193,26,-119,0,-27.66
174,20:28:24:521,3,Severe_Damage,L3_S3,-1752,1150,14852,-192,34,-126,0,-15.66
175,20:28:24:531,3,Severe_Damage,L3_S3,-1756,1098,14922,-180,33,-120,0,54.34
176,20:28:24:541,3,Severe_Damage,L3_S3,-1810,1166,14866,-187,25,-115,0,-1.66
177,20:28:24:551,3,Severe_Damage,L3_S3,-1746,1110,14856,-175,40,-115,0,-11.66
178,20:28:24:561,3,Severe_Damage,L3_S3,-1748,1108,14832,-183,28,-115,0,-35.66
179,20:28:24:571,3,Severe_Damage,L3_S3,-1792,1096,14872,-177,31,-116,0,4.34
180,20:28:24:581,3,Severe_Damage,L3_S3,-1786,1128,14864,-180,24,-119,0,-3.66
181,20:28:24:591,3,Severe_Damage,L3_S3,-1752,1124,14766,-181,27,-120,0,-101.66
182,20:28:24:601,3,Severe_Damage,L3_S3,-1738,1100,14818,-189,36,-114,0,-49.66
183,20:28:24:611,3,Severe_Damage,L3_S3,-1758,1110,14924,-191,32,-124,0,56.34
184,20:28:24:621,3,Severe_Damage,L3_S3,-1792,1118,14904,-201,24,-125,0,36.34
185,20:28:24:631,3,Severe_Damage,L3_S3,-1770,1148,14984,-196,34,-126,0,116.34
186,20:28:24:641,3,Severe_Damage,L3_S3,-1778,1130,14832,-202,24,-126,0,-35.66
187,20:28:24:651,3,Severe_Damage,L3_S3,-1772,1136,14866,-202,24,-120,0,-1.66
188,20:28:24:661,3,Severe_Damage,L3_S3,-1752,1120,14842,-197,24,-118,0,-25.66
189,20:28:24:671,3,Severe_Damage,L3_S3,-1732,1112,14842,-201,27,-125,0,-25.66
190,20:28:24:681,3,Severe_Damage,L3_S3,-1786,1128,14908,-198,20,-125,0,40.34
191,20:28:24:691,3,Severe_Damage,L3_S3,-1796,1112,14836,-198,30,-122,0,-31.66
192,20:28:24:701,3,Severe_Damage,L3_S3,-1818,1134,14822,-196,26,-120,0,-45.66
193,20:28:24:711,3,Severe_Damage,L3_S3,-1786,1132,14842,-189,32,-121,0,-25.66
194,20:28:24:721,3,Severe_Damage,L3_S3,-1750,1136,14836,-183,31,-119,0,-31.66
195,20:28:24:731,3,Severe_Damage,L3_S3,-1814,1126,14890,-184,30,-120,0,22.34
196,20:28:24:741,3,Severe_Damage,L3_S3,-1744,1074,14900,-180,32,-123,0,32.34
197,20:28:24:751,3,Severe_Damage,L3_S3,-1768,1084,14926,-188,29,-121,0,58.34
198,20:28:24:761,3,Severe_Damage,L3_S3,-1746,1102,14882,-182,32,-131,0,14.34
199,20:28:24:771,3,Severe_Damage,L3_S3,-1770,1082,14838,-187,19,-118,0,-29.66
200,20:28:24:781,3,Severe_Damage,L3_S3,-1756,1118,14834,-182,31,-121,0,-33.66
201,20:28:24:791,3,Severe_Damage,L3_S3,-1748,1100,14878,-185,30,-123,0,10.34
202,20:28:24:801,3,Severe_Damage,L3_S3,-1788,1138,14866,-189,30,-123,0,-1.66
203,20:28:24:811,3,Severe_Damage,L3_S3,-1772,1118,14918,-193,30,-128,0,50.34
204,20:28:24:821,3,Severe_Damage,L3_S3,-1776,1138,14910,-192,23,-124,0,42.34
205,20:28:24:831,3,Severe_Damage,L3_S3,-1756,1136,14802,-194,34,-125,0,-65.66
206,20:28:24:841,3,Severe_Damage,L3_S3,-1790,1066,14862,-198,34,-129,0,-5.66
207,20:28:24:851,3,Severe_Damage,L3_S3,-1776,1082,14866,-203,26,-124,0,-1.66
208,20:28:24:861,3,Severe_Damage,L3_S3,-1770,1120,14908,-196,37,-127,0,40.34
209,20:28:24:871,3,Severe_Damage,L3_S3,-1744,1134,14828,-203,19,-124,0,-39.66
210,20:28:24:881,3,Severe_Damage,L3_S3,-1780,1096,14878,-195,39,-122,0,10.34
211,20:28:24:891,3,Severe_Damage,L3_S3,-1730,1136,14808,-196,27,-119,0,-59.66
212,20:28:24:901,3,Severe_Damage,L3_S3,-1766,1114,14892,-202,36,-116,0,24.34
213,20:28:24:911,3,Severe_Damage,L3_S3,-1730,1090,14928,-189,34,-124,0,60.34
214,20:28:24:921,3,Severe_Damage,L3_S3,-1730,1080,14824,-189,28,-124,0,-43.66
215,20:28:24:931,3,Severe_Damage,L3_S3,-1752,1188,14846,-177,26,-125,0,-21.66
216,20:28:24:941,3,Severe_Damage,L3_S3,-1774,1092,14914,-184,30,-122,0,46.34
217,20:28:24:951,3,Severe_Damage,L3_S3,-1740,1134,14852,-181,27,-120,0,-15.66
218,20:28:24:961,3,Severe_Damage,L3_S3,-1752,1070,14898,-179,29,-123,0,30.34
219,20:28:24:971,3,Severe_Damage,L3_S3,-1828,1110,14820,-183,20,-120,0,-47.66
220,20:28:24:981,3,Severe_Damage,L3_S3,-1810,1092,14920,-184,33,-121,0,52.34
221,20:28:24:991,3,Severe_Damage,L3_S3,-1774,1136,14908,-183,25,-123,0,40.34
222,20:28:25:001,3,Severe_Damage,L3_S3,-1736,1158,14906,-192,27,-127,0,38.34
223,20:28:25:011,3,Severe_Damage,L3_S3,-1792,1100,14900,-186,31,-122,0,32.34
224,20:28:25:021,3,Severe_Damage,L3_S3,-1740,1100,14864,-194,23,-128,0,-3.66
225,20:28:25:031,3,Severe_Damage,L3_S3,-1726,1104,14816,-193,28,-125,0,-51.66
226,20:28:25:041,3,Severe_Damage,L3_S3,-1760,1136,14862,-207,31,-122,0,-5.66
227,20:28:25:051,3,Severe_Damage,L3_S3,-1754,1124,14826,-200,37,-122,0,-41.66
228,20:28:25:061,3,Severe_Damage,L3_S3,-1782,1118,14828,-205,32,-120,0,-39.66
229,20:28:25:071,3,Severe_Damage,L3_S3,-1756,1108,14916,-201,34,-125,0,48.34
230,20:28:25:081,3,Severe_Damage,L3_S3,-1762,1102,14864,-198,28,-122,0,-3.66
231,20:28:25:091,3,Severe_Damage,L3_S3,-1762,1132,14898,-194,32,-120,0,30.34
232,20:28:25:101,3,Severe_Damage,L3_S3,-1728,1082,14848,-197,28,-126,0,-19.66
233,20:28:25:111,3,Severe_Damage,L3_S3,-1798,1148,14794,-191,24,-122,0,-73.66
234,20:28:25:121,3,Severe_Damage,L3_S3,-1766,1132,14786,-186,24,-129,0,-81.66
235,20:28:25:131,3,Severe_Damage,L3_S3,-1754,1150,14830,-181,28,-131,0,-37.66
236,20:28:25:141,3,Severe_Damage,L3_S3,-1778,1100,14884,-181,29,-122,0,16.34
237,20:28:25:151,3,Severe_Damage,L3_S3,-1740,1112,14900,-174,38,-126,0,32.34
238,20:28:25:161,3,Severe_Damage,L3_S3,-1824,1074,14870,-178,24,-118,0,2.34
239,20:28:25:171,3,Severe_Damage,L3_S3,-1730,1092,14890,-182,35,-126,0,22.34
240,20:28:25:181,3,Severe_Damage,L3_S3,-1776,1100,14886,-184,27,-122,0,18.34
241,20:28:25:191,3,Severe_Damage,L3_S3,-1732,1038,14868,-187,34,-120,0,0.34
242,20:28:25:201,3,Severe_Damage,L3_S3,-1694,1086,14860,-186,31,-118,0,-7.66
243,20:28:25:211,3,Severe_Damage,L3_S3,-1762,1144,14824,-195,28,-124,0,-43.66
244,20:28:25:221,3,Severe_Damage,L3_S3,-1746,1088,14888,-193,28,-127,0,20.34
245,20:28:25:231,3,Severe_Damage,L3_S3,-1806,1116,14818,-200,27,-124,0,-49.66
246,20:28:25:241,3,Severe_Damage,L3_S3,-1784,1084,14830,-192,37,-128,0,-37.66
247,20:28:25:251,3,Severe_Damage,L3_S3,-1796,1102,14854,-194,33,-122,0,-13.66
248,20:28:25:261,3,Severe_Damage,L3_S3,-1772,1102,14886,-203,29,-116,0,18.34
249,20:28:25:271,3,Severe_Damage,L3_S3,-1774,1100,14836,-196,35,-121,0,-31.66
250,20:28:25:281,3,Severe_Damage,L3_S3,-1796,1088,14872,-196,30,-125,0,4.34
251,20:28:25:291,3,Severe_Damage,L3_S3,-1760,1070,14874,-195,38,-120,0,6.34
252,20:28:25:301,3,Severe_Damage,L3_S3,-1748,1078,14970,-193,31,-120,0,102.34
253,20:28:25:311,3,Severe_Damage,L3_S3,-1768,1110,14830,-192,23,-120,0,-37.66
254,20:28:25:321,3,Severe_Damage,L3_S3,-1758,1154,14918,-186,24,-125,0,50.34
255,20:28:25:331,3,Severe_Damage,L3_S3,-1754,1094,14892,-187,23,-122,0,24.34
256,20:28:25:341,3,Severe_Damage,L3_S3,-1768,1122,14848,-181,30,-114,0,-19.66
257,20:28:25:351,3,Severe_Damage,L3_S3,-1770,1074,14872,-191,28,-122,0,4.34
258,20:28:25:361,3,Severe_Damage,L3_S3,-1758,1108,14882,-184,30,-114,0,14.34
259,20:28:25:371,3,Severe_Damage,L3_S3,-1802,1098,14844,-182,35,-122,0,-23.66
260,20:28:25:381,3,Severe_Damage,L3_S3,-1768,1090,14864,-188,37,-123,0,-3.66
261,20:28:25:391,3,Severe_Damage,L3_S3,-1756,1096,14894,-184,32,-120,0,26.34
262,20:28:25:401,3,Severe_Damage,L3_S3,-1790,1100,14818,-185,31,-118,0,-49.66
263,20:28:25:411,3,Severe_Damage,L3_S3,-1750,1064,14840,-196,30,-121,0,-27.66
264,20:28:25:421,3,Severe_Damage,L3_S3,-1786,1142,14816,-193,30,-113,0,-51.66
265,20:28:25:431,3,Severe_Damage,L3_S3,-1758,1118,14866,-193,39,-121,0,-1.66
266,20:28:25:441,3,Severe_Damage,L3_S3,-1764,1084,14846,-198,26,-117,0,-21.66
267,20:28:25:451,3,Severe_Damage,L3_S3,-1790,1136,14876,-193,23,-126,0,8.34
268,20:28:25:461,3,Severe_Damage,L3_S3,-1758,1092,14882,-196,30,-120,0,14.34
269,20:28:25:471,3,Severe_Damage,L3_S3,-1770,1080,14918,-196,27,-121,0,50.34
270,20:28:25:481,3,Severe_Damage,L3_S3,-1764,1108,14840,-193,26,-125,0,-27.66
271,20:28:25:491,3,Severe_Damage,L3_S3,-1748,1126,14850,-190,28,-123,0,-17.66
272,20:28:25:501,3,Severe_Damage,L3_S3,-1808,1128,14892,-203,26,-124,0,24.34
273,20:28:25:511,3,Severe_Damage,L3_S3,-1768,1086,14892,-190,28,-123,0,24.34
274,20:28:25:521,3,Severe_Damage,L3_S3,-1710,1130,14928,-194,32,-128,0,60.34
275,20:28:25:531,3,Severe_Damage,L3_S3,-1780,1130,14844,-184,27,-124,0,-23.66
276,20:28:25:541,3,Severe_Damage,L3_S3,-1738,1108,14892,-185,32,-120,0,24.34
277,20:28:25:551,3,Severe_Damage,L3_S3,-1762,1102,14854,-186,31,-119,0,-13.66
278,20:28:25:561,3,Severe_Damage,L3_S3,-1758,1164,14832,-182,34,-120,0,-35.66
279,20:28:25:571,3,Severe_Damage,L3_S3,-1754,1110,14856,-181,28,-119,0,-11.66
280,20:28:25:581,3,Severe_Damage,L3_S3,-1786,1128,14884,-186,34,-128,0,16.34
281,20:28:25:591,3,Severe_Damage,L3_S3,-1758,1094,14906,-187,29,-127,0,38.34
282,20:28:25:601,3,Severe_Damage,L3_S3,-1784,1108,14830,-189,23,-120,0,-37.66
283,20:28:25:611,3,Severe_Damage,L3_S3,-1738,1128,14918,-188,33,-124,0,50.34
284,20:28:25:621,3,Severe_Damage,L3_S3,-1758,1120,14860,-192,25,-126,0,-7.66
285,20:28:25:631,3,Severe_Damage,L3_S3,-1740,1142,14844,-189,37,-126,0,-23.66
286,20:28:25:641,3,Severe_Damage,L3_S3,-1774,1132,14870,-201,31,-122,0,2.34
287,20:28:25:651,3,Severe_Damage,L3_S3,-1754,1116,14844,-198,34,-121,0,-23.66
288,20:28:25:661,3,Severe_Damage,L3_S3,-1736,1144,14870,-197,32,-128,0,2.34
289,20:28:25:671,3,Severe_Damage,L3_S3,-1838,1138,14888,-191,25,-126,0,20.34
290,20:28:25:681,3,Severe_Damage,L3_S3,-1722,1110,14796,-196,33,-117,0,-71.66
291,20:28:25:691,3,Severe_Damage,L3_S3,-1812,1088,14804,-205,30,-120,0,-63.66
292,20:28:25:701,3,Severe_Damage,L3_S3,-1754,1084,14848,-193,24,-116,0,-19.66
293,20:28:25:711,3,Severe_Damage,L3_S3,-1804,1100,14876,-193,33,-128,0,8.34
294,20:28:25:721,3,Severe_Damage,L3_S3,-1808,1116,14860,-191,33,-126,0,-7.66
295,20:28:25:731,3,Severe_Damage,L3_S3,-1726,1086,14908,-193,33,-128,0,40.34
296,20:28:25:741,3,Severe_Damage,L3_S3,-1726,1142,14888,-181,27,-119,0,20.34
297,20:28:25:751,3,Severe_Damage,L3_S3,-1798,1132,14860,-192,32,-122,0,-7.66
298,20:28:25:761,3,Severe_Damage,L3_S3,-1762,1094,14932,-192,32,-122,0,64.34
299,20:28:25:771,3,Severe_Damage,L3_S3,-1754,1112,14878,-190,35,-124,0,10.34
300,20:28:25:781,3,Severe_Damage,L3_S3,-1806,1150,14838,-185,31,-122,0,-29.66
301,20:28:25:791,3,Severe_Damage,L3_S3,-1718,1068,14918,-182,28,-119,0,50.34
302,20:28:25:801,3,Severe_Damage,L3_S3,-1802,1152,14888,-177,34,-118,0,20.34
303,20:28:25:811,3,Severe_Damage,L3_S3,-1776,1110,14892,-194,35,-123,0,24.34
304,20:28:25:821,3,Severe_Damage,L3_S3,-1744,1090,14810,-192,35,-118,0,-57.66
305,20:28:25:831,3,Severe_Damage,L3_S3,-1766,1134,14814,-192,25,-115,0,-53.66
306,20:28:25:841,3,Severe_Damage,L3_S3,-1758,1108,14872,-196,32,-118,0,4.34
307,20:28:25:851,3,Severe_Damage,L3_S3,-1768,1138,14846,-201,23,-117,0,-21.66
308,20:28:25:861,3,Severe_Damage,L3_S3,-1796,1092,14814,-194,27,-127,0,-53.66
309,20:28:25:871,3,Severe_Damage,L3_S3,-1774,1074,14886,-197,23,-126,0,18.34
310,20:28:25:881,3,Severe_Damage,L3_S3,-1764,1098,14856,-198,29,-127,0,-11.66
311,20:28:25:891,3,Severe_Damage,L3_S3,-1758,1110,14828,-196,25,-121,0,-39.66
312,20:28:25:901,3,Severe_Damage,L3_S3,-1756,1092,14876,-196,28,-122,0,8.34
313,20:28:25:911,3,Severe_Damage,L3_S3,-1762,1110,14784,-195,25,-122,0,-83.66
314,20:28:25:921,3,Severe_Damage,L3_S3,-1698,1114,14856,-190,30,-123,0,-11.66
315,20:28:25:931,3,Severe_Damage,L3_S3,-1792,1160,14848,-183,31,-125,0,-19.66
316,20:28:25:941,3,Severe_Damage,L3_S3,-1738,1102,14902,-188,33,-131,0,34.34
317,20:28:25:951,3,Severe_Damage,L3_S3,-1778,1052,14820,-182,26,-115,0,-47.66
318,20:28:25:961,3,Severe_Damage,L3_S3,-1810,1112,14842,-186,28,-122,0,-25.66
319,20:28:25:971,3,Severe_Damage,L3_S3,-1742,1098,14846,-180,24,-117,0,-21.66
320,20:28:25:981,3,Severe_Damage,L3_S3,-1752,1144,14894,-187,37,-122,0,26.34
321,20:28:25:991,3,Severe_Damage,L3_S3,-1790,1130,14830,-185,33,-121,0,-37.66
322,20:28:26:001,3,Severe_Damage,L3_S3,-1734,1156,14874,-191,28,-133,0,6.34
323,20:28:26:011,3,Severe_Damage,L3_S3,-1718,1090,14930,-196,25,-127,0,62.34
324,20:28:26:021,3,Severe_Damage,L3_S3,-1798,1128,14920,-196,27,-120,0,52.34
325,20:28:26:031,3,Severe_Damage,L3_S3,-1758,1070,14942,-194,35,-123,0,74.34
326,20:28:26:041,3,Severe_Damage,L3_S3,-1752,1102,14858,-189,32,-123,0,-9.66
327,20:28:26:051,3,Severe_Damage,L3_S3,-1776,1126,14870,-196,33,-123,0,2.34
328,20:28:26:061,3,Severe_Damage,L3_S3,-1826,1076,14854,-206,29,-124,0,-13.66
329,20:28:26:071,3,Severe_Damage,L3_S3,-1764,1116,14816,-196,31,-125,0,-51.66
330,20:28:26:081,3,Severe_Damage,L3_S3,-1724,1134,14890,-200,21,-122,0,22.34
331,20:28:26:091,3,Severe_Damage,L3_S3,-1766,1106,14856,-199,29,-126,0,-11.66
332,20:28:26:101,3,Severe_Damage,L3_S3,-1772,1134,14892,-193,32,-123,0,24.34
333,20:28:26:111,3,Severe_Damage,L3_S3,-1788,1118,14826,-192,29,-117,0,-41.66
334,20:28:26:121,3,Severe_Damage,L3_S3,-1716,1124,14870,-194,33,-119,0,2.34
335,20:28:26:131,3,Severe_Damage,L3_S3,-1776,1120,14858,-191,37,-129,0,-9.66
336,20:28:26:141,3,Severe_Damage,L3_S3,-1734,1102,14878,-189,31,-123,0,10.34
337,20:28:26:151,3,Severe_Damage,L3_S3,-1766,1118,14846,-188,35,-122,0,-21.66
338,20:28:26:161,3,Severe_Damage,L3_S3,-1798,1094,14834,-188,26,-120,0,-33.66
339,20:28:26:171,3,Severe_Damage,L3_S3,-1738,1130,14938,-187,37,-121,0,70.34
340,20:28:26:181,3,Severe_Damage,L3_S3,-1812,1094,14866,-185,22,-121,0,-1.66
341,20:28:26:191,3,Severe_Damage,L3_S3,-1738,1100,14814,-195,37,-119,0,-53.66
342,20:28:26:201,3,Severe_Damage,L3_S3,-1756,1158,14884,-191,28,-117,0,16.34
343,20:28:26:211,3,Severe_Damage,L3_S3,-1802,1108,14818,-194,25,-119,0,-49.66
344,20:28:26:221,3,Severe_Damage,L3_S3,-1806,1088,14900,-189,35,-127,0,32.34
345,20:28:26:231,3,Severe_Damage,L3_S3,-1752,1090,14898,-191,31,-127,0,30.34
346,20:28:26:241,3,Severe_Damage,L3_S3,-1752,1126,14872,-196,35,-123,0,4.34
347,20:28:26:251,3,Severe_Damage,L3_S3,-1728,1104,14914,-201,32,-133,0,46.34
348,20:28:26:261,3,Severe_Damage,L3_S3,-1740,1152,14838,-191,23,-118,0,-29.66
349,20:28:26:271,3,Severe_Damage,L3_S3,-1744,1112,14850,-191,32,-125,0,-17.66
350,20:28:26:281,3,Severe_Damage,L3_S3,-1766,1108,14894,-196,31,-127,0,26.34
351,20:28:26:291,3,Severe_Damage,L3_S3,-1782,1098,14868,-198,25,-120,0,0.34
352,20:28:26:301,3,Severe_Damage,L3_S3,-1754,1100,14878,-196,28,-118,0,10.34
353,20:28:26:311,3,Severe_Damage,L3_S3,-1756,1128,14874,-192,27,-124,0,6.34
354,20:28:26:321,3,Severe_Damage,L3_S3,-1792,1132,14884,-193,38,-125,0,16.34
355,20:28:26:331,3,Severe_Damage,L3_S3,-1780,1090,14898,-191,33,-129,0,30.34
356,20:28:26:341,3,Severe_Damage,L3_S3,-1760,1094,14838,-189,30,-124,0,-29.66
357,20:28:26:351,3,Severe_Damage,L3_S3,-1774,1138,14882,-193,29,-122,0,14.34
358,20:28:26:361,3,Severe_Damage,L3_S3,-1774,1094,14830,-189,28,-122,0,-37.66
359,20:28:26:371,3,Severe_Damage,L3_S3,-1782,1138,14942,-187,25,-120,0,74.34
360,20:28:26:381,3,Severe_Damage,L3_S3,-1712,1092,14880,-182,32,-123,0,12.34
361,20:28:26:391,3,Severe_Damage,L3_S3,-1732,1126,14852,-193,30,-125,0,-15.66
362,20:28:26:401,3,Severe_Damage,L3_S3,-1752,1096,14906,-189,36,-125,0,38.34
363,20:28:26:411,3,Severe_Damage,L3_S3,-1724,1130,14864,-192,32,-122,0,-3.66
364,20:28:26:421,3,Severe_Damage,L3_S3,-1740,1102,14936,-191,32,-117,0,68.34
365,20:28:26:431,3,Severe_Damage,L3_S3,-1776,1120,14882,-195,24,-127,0,14.34
366,20:28:26:441,3,Severe_Damage,L3_S3,-1724,1102,14912,-196,27,-131,0,44.34
367,20:28:26:451,3,Severe_Damage,L3_S3,-1790,1098,14856,-194,31,-122,0,-11.66
368,20:28:26:461,3,Severe_Damage,L3_S3,-1722,1096,14856,-196,32,-128,0,-11.66
369,20:28:26:471,3,Severe_Damage,L3_S3,-1792,1104,14890,-193,23,-129,0,22.34
370,20:28:26:481,3,Severe_Damage,L3_S3,-1758,1132,14856,-193,31,-127,0,-11.66
371,20:28:26:491,3,Severe_Damage,L3_S3,-1776,1126,14866,-199,30,-115,0,-1.66
372,20:28:26:501,3,Severe_Damage,L3_S3,-1758,1110,14842,-197,30,-118,0,-25.66
373,20:28:26:511,3,Severe_Damage,L3_S3,-1772,1104,14810,-197,29,-122,0,-57.66
374,20:28:26:521,3,Severe_Damage,L3_S3,-1820,1134,14866,-194,25,-117,0,-1.66
375,20:28:26:531,3,Severe_Damage,L3_S3,-1808,1102,14892,-191,28,-125,0,24.34
376,20:28:26:541,3,Severe_Damage,L3_S3,-1760,1138,14908,-186,31,-116,0,40.34
377,20:28:26:551,3,Severe_Damage,L3_S3,-1736,1154,14876,-187,31,-119,0,8.34
378,20:28:26:561,3,Severe_Damage,L3_S3,-1726,1082,14838,-184,25,-122,0,-29.66
379,20:28:26:571,3,Severe_Damage,L3_S3,-1758,1120,14866,-187,31,-117,0,-1.66
380,20:28:26:581,3,Severe_Damage,L3_S3,-1758,1142,14926,-188,33,-116,0,58.34
381,20:28:26:591,3,Severe_Damage,L3_S3,-1768,1090,14866,-193,28,-124,0,-1.66
382,20:28:26:601,3,Severe_Damage,L3_S3,-1780,1132,14892,-190,33,-123,0,24.34
383,20:28:26:611,3,Severe_Damage,L3_S3,-1768,1138,14890,-197,23,-122,0,22.34
384,20:28:26:621,3,Severe_Damage,L3_S3,-1804,1116,14910,-188,26,-119,0,42.34
385,20:28:26:631,3,Severe_Damage,L3_S3,-1754,1072,14868,-192,35,-119,0,0.34
386,20:28:26:641,3,Severe_Damage,L3_S3,-1748,1112,14928,-191,24,-120,0,60.34
387,20:28:26:651,3,Severe_Damage,L3_S3,-1758,1112,14878,-193,30,-122,0,10.34
388,20:28:26:661,3,Severe_Damage,L3_S3,-1752,1102,14864,-195,20,-122,0,-3.66
389,20:28:26:671,3,Severe_Damage,L3_S3,-1764,1108,14848,-197,22,-121,0,-19.66
390,20:28:26:681,3,Severe_Damage,L3_S3,-1712,1122,14866,-199,34,-127,0,-1.66
391,20:28:26:691,3,Severe_Damage,L3_S3,-1738,1104,14818,-198,27,-116,0,-49.66
392,20:28:26:701,3,Severe_Damage,L3_S3,-1734,1102,14900,-190,29,-124,0,32.34
393,20:28:26:711,3,Severe_Damage,L3_S3,-1714,1098,14860,-188,23,-117,0,-7.66
394,20:28:26:721,3,Severe_Damage,L3_S3,-1784,1110,14854,-196,29,-122,0,-13.66
395,20:28:26:731,3,Severe_Damage,L3_S3,-1790,1108,14832,-193,30,-121,0,-35.66
396,20:28:26:741,3,Severe_Damage,L3_S3,-1822,1118,14876,-190,29,-125,0,8.34
397,20:28:26:751,3,Severe_Damage,L3_S3,-1808,1146,14834,-188,37,-126,0,-33.66
398,20:28:26:762,3,Severe_Damage,L3_S3,-1810,1126,14934,-192,28,-127,0,66.34
399,20:28:26:771,3,Severe_Damage,L3_S3,-1722,1108,14856,-188,36,-120,0,-11.66
400,20:28:26:781,3,Severe_Damage,L3_S3,-1790,1082,14868,-185,30,-121,0,0.34
401,20:28:26:791,3,Severe_Damage,L3_S3,-1788,1100,14886,-189,28,-119,0,18.34
402,20:28:26:801,3,Severe_Damage,L3_S3,-1786,1150,14830,-184,29,-124,0,-37.66
403,20:28:26:811,3,Severe_Damage,L3_S3,-1740,1126,14802,-185,32,-125,0,-65.66
404,20:28:26:821,3,Severe_Damage,L3_S3,-1770,1132,14874,-185,35,-124,0,6.34
405,20:28:26:831,3,Severe_Damage,L3_S3,-1810,1124,14828,-192,28,-128,0,-39.66
406,20:28:26:841,3,Severe_Damage,L3_S3,-1708,1090,14838,-190,34,-130,0,-29.66
407,20:28:26:851,3,Severe_Damage,L3_S3,-1780,1154,14870,-187,29,-125,0,2.34
408,20:28:26:861,3,Severe_Damage,L3_S3,-1800,1094,14856,-196,20,-121,0,-11.66
409,20:28:26:871,3,Severe_Damage,L3_S3,-1756,1148,14846,-190,26,-127,0,-21.66
410,20:28:26:881,3,Severe_Damage,L3_S3,-1834,1122,14836,-199,33,-121,0,-31.66
411,20:28:26:891,3,Severe_Damage,L3_S3,-1764,1100,14826,-196,32,-119,0,-41.66
412,20:28:26:901,3,Severe_Damage,L3_S3,-1794,1140,14864,-192,22,-126,0,-3.66
413,20:28:26:911,3,Severe_Damage,L3_S3,-1764,1146,14920,-195,33,-125,0,52.34
414,20:28:26:921,3,Severe_Damage,L3_S3,-1774,1114,14866,-191,33,-124,0,-1.66
415,20:28:26:931,3,Severe_Damage,L3_S3,-1768,1128,14784,-190,31,-120,0,-83.66
416,20:28:26:941,3,Severe_Damage,L3_S3,-1730,1092,14858,-189,28,-125,0,-9.66
417,20:28:26:951,3,Severe_Damage,L3_S3,-1726,1126,14882,-184,26,-121,0,14.34
418,20:28:26:961,3,Severe_Damage,L3_S3,-1718,1082,14854,-189,27,-126,0,-13.66
419,20:28:26:971,3,Severe_Damage,L3_S3,-1722,1116,14802,-186,29,-131,0,-65.66
420,20:28:26:982,3,Severe_Damage,L3_S3,-1762,1098,14840,-184,26,-129,0,-27.66
421,20:28:26:991,3,Severe_Damage,L3_S3,-1744,1166,14892,-184,34,-115,0,24.34
422,20:28:27:001,3,Severe_Damage,L3_S3,-1740,1126,14872,-191,27,-124,0,4.34
423,20:28:27:011,3,Severe_Damage,L3_S3,-1764,1124,14812,-200,29,-125,0,-55.66
424,20:28:27:021,3,Severe_Damage,L3_S3,-1752,1122,14836,-196,29,-121,0,-31.66
425,20:28:27:031,3,Severe_Damage,L3_S3,-1802,1126,14890,-199,28,-124,0,22.34
426,20:28:27:041,3,Severe_Damage,L3_S3,-1774,1134,14954,-190,34,-118,0,86.34
427,20:28:27:051,3,Severe_Damage,L3_S3,-1774,1102,14828,-193,32,-129,0,-39.66
428,20:28:27:061,3,Severe_Damage,L3_S3,-1732,1100,14892,-193,27,-120,0,24.34
429,20:28:27:071,3,Severe_Damage,L3_S3,-1788,1098,14840,-197,27,-128,0,-27.66
430,20:28:27:081,3,Severe_Damage,L3_S3,-1748,1120,14874,-190,26,-124,0,6.34
431,20:28:27:091,3,Severe_Damage,L3_S3,-1714,1064,14886,-204,34,-121,0,18.34
432,20:28:27:101,3,Severe_Damage,L3_S3,-1748,1090,14820,-190,22,-123,0,-47.66
433,20:28:27:111,3,Severe_Damage,L3_S3,-1808,1150,14820,-188,26,-125,0,-47.66
434,20:28:27:121,3,Severe_Damage,L3_S3,-1718,1158,14838,-190,27,-124,0,-29.66
435,20:28:27:131,3,Severe_Damage,L3_S3,-1762,1088,14908,-193,32,-125,0,40.34
436,20:28:27:141,3,Severe_Damage,L3_S3,-1764,1116,14900,-190,30,-122,0,32.34
437,20:28:27:151,3,Severe_Damage,L3_S3,-1772,1130,14930,-187,32,-122,0,62.34
438,20:28:27:161,3,Severe_Damage,L3_S3,-1758,1116,14930,-187,31,-122,0,62.34
439,20:28:27:171,3,Severe_Damage,L3_S3,-1806,1112,14908,-183,29,-117,0,40.34
440,20:28:27:181,3,Severe_Damage,L3_S3,-1794,1084,14884,-183,32,-127,0,16.34
441,20:28:27:191,3,Severe_Damage,L3_S3,-1806,1082,14858,-188,33,-128,0,-9.66
442,20:28:27:201,3,Severe_Damage,L3_S3,-1780,1076,14802,-186,31,-130,0,-65.66
443,20:28:27:211,3,Severe_Damage,L3_S3,-1724,1104,14820,-194,29,-124,0,-47.66
444,20:28:27:221,3,Severe_Damage,L3_S3,-1776,1150,14862,-193,28,-123,0,-5.66
445,20:28:27:231,3,Severe_Damage,L3_S3,-1740,1126,14880,-192,36,-127,0,12.34
446,20:28:27:241,3,Severe_Damage,L3_S3,-1794,1126,14842,-190,30,-115,0,-25.66
447,20:28:27:251,3,Severe_Damage,L3_S3,-1774,1080,14864,-198,32,-124,0,-3.66
448,20:28:27:261,3,Severe_Damage,L3_S3,-1784,1086,14846,-200,32,-120,0,-21.66
449,20:28:27:271,3,Severe_Damage,L3_S3,-1782,1108,14902,-193,32,-125,0,34.34
450,20:28:27:281,3,Severe_Damage,L3_S3,-1748,1082,14884,-194,25,-131,0,16.34
451,20:28:27:292,3,Severe_Damage,L3_S3,-1806,1106,14868,-193,28,-127,0,0.34
452,20:28:27:301,3,Severe_Damage,L3_S3,-1758,1106,14858,-192,35,-134,0,-9.66
453,20:28:27:311,3,Severe_Damage,L3_S3,-1748,1082,14894,-198,31,-125,0,26.34
454,20:28:27:322,3,Severe_Damage,L3_S3,-1750,1120,14892,-198,27,-117,0,24.34
455,20:28:27:331,3,Severe_Damage,L3_S3,-1720,1120,14812,-191,21,-125,0,-55.66
456,20:28:27:341,3,Severe_Damage,L3_S3,-1748,1132,14906,-193,31,-117,0,38.34
457,20:28:27:351,3,Severe_Damage,L3_S3,-1744,1104,14864,-190,29,-119,0,-3.66
458,20:28:27:361,3,Severe_Damage,L3_S3,-1758,1114,14874,-190,23,-117,0,6.34
459,20:28:27:371,3,Severe_Damage,L3_S3,-1750,1132,14804,-186,29,-123,0,-63.66
460,20:28:27:381,3,Severe_Damage,L3_S3,-1726,1106,14818,-191,34,-123,0,-49.66
461,20:28:27:392,3,Severe_Damage,L3_S3,-1762,1076,14844,-191,30,-126,0,-23.66
462,20:28:27:402,3,Severe_Damage,L3_S3,-1752,1114,14846,-191,33,-131,0,-21.66
463,20:28:27:411,3,Severe_Damage,L3_S3,-1736,1104,14910,-193,23,-122,0,42.34
464,20:28:27:421,3,Severe_Damage,L3_S3,-1794,1074,14880,-192,30,-124,0,12.34
465,20:28:27:431,3,Severe_Damage,L3_S3,-1744,1080,14832,-193,22,-123,0,-35.66
466,20:28:27:441,3,Severe_Damage,L3_S3,-1780,1104,14872,-196,31,-126,0,4.34
467,20:28:27:451,3,Severe_Damage,L3_S3,-1746,1158,14882,-191,30,-119,0,14.34
468,20:28:27:461,3,Severe_Damage,L3_S3,-1776,1108,14838,-191,30,-123,0,-29.66
469,20:28:27:471,3,Severe_Damage,L3_S3,-1772,1052,14800,-192,30,-125,0,-67.66
470,20:28:27:481,3,Severe_Damage,L3_S3,-1754,1130,14862,-195,26,-128,0,-5.66
471,20:28:27:491,3,Severe_Damage,L3_S3,-1754,1104,14918,-194,27,-127,0,50.34
472,20:28:27:501,3,Severe_Damage,L3_S3,-1800,1122,14856,-192,33,-121,0,-11.66
473,20:28:27:512,3,Severe_Damage,L3_S3,-1758,1072,14968,-189,33,-123,0,100.34
474,20:28:27:521,3,Severe_Damage,L3_S3,-1728,1060,14890,-191,20,-116,0,22.34
475,20:28:27:531,3,Severe_Damage,L3_S3,-1754,1086,14874,-186,28,-118,0,6.34
476,20:28:27:541,3,Severe_Damage,L3_S3,-1774,1096,14830,-193,23,-119,0,-37.66
477,20:28:27:551,3,Severe_Damage,L3_S3,-1804,1112,14848,-199,33,-118,0,-19.66
478,20:28:27:561,3,Severe_Damage,L3_S3,-1770,1116,14876,-191,30,-120,0,8.34
479,20:28:27:571,3,Severe_Damage,L3_S3,-1788,1122,14842,-188,32,-124,0,-25.66
480,20:28:27:581,3,Severe_Damage,L3_S3,-1740,1112,14894,-188,25,-121,0,26.34
481,20:28:27:591,3,Severe_Damage,L3_S3,-1748,1102,14886,-189,25,-125,0,18.34
482,20:28:27:601,3,Severe_Damage,L3_S3,-1768,1144,14900,-192,20,-121,0,32.34
483,20:28:27:611,3,Severe_Damage,L3_S3,-1776,1098,14886,-194,30,-121,0,18.34
484,20:28:27:621,3,Severe_Damage,L3_S3,-1746,1146,14908,-193,29,-118,0,40.34
485,20:28:27:631,3,Severe_Damage,L3_S3,-1778,1116,14792,-188,30,-116,0,-75.66
486,20:28:27:641,3,Severe_Damage,L3_S3,-1758,1130,14858,-190,35,-124,0,-9.66
487,20:28:27:651,3,Severe_Damage,L3_S3,-1768,1094,14928,-196,29,-115,0,60.34
488,20:28:27:661,3,Severe_Damage,L3_S3,-1788,1138,14836,-192,29,-121,0,-31.66
489,20:28:27:671,3,Severe_Damage,L3_S3,-1724,1126,14946,-191,27,-127,0,78.34
490,20:28:27:681,3,Severe_Damage,L3_S3,-1726,1100,14842,-193,24,-120,0,-25.66
491,20:28:27:691,3,Severe_Damage,L3_S3,-1756,1144,14776,-194,27,-133,0,-91.66
492,20:28:27:701,3,Severe_Damage,L3_S3,-1746,1118,14842,-188,21,-122,0,-25.66
493,20:28:27:711,3,Severe_Damage,L3_S3,-1752,1108,14850,-189,31,-125,0,-17.66
494,20:28:27:721,3,Severe_Damage,L3_S3,-1720,1112,14872,-188,28,-122,0,4.34
495,20:28:27:731,3,Severe_Damage,L3_S3,-1782,1122,14892,-195,23,-118,0,24.34
496,20:28:27:741,3,Severe_Damage,L3_S3,-1714,1100,14924,-191,30,-125,0,56.34
497,20:28:27:751,3,Severe_Damage,L3_S3,-1774,1126,14866,-192,29,-117,0,-1.66
498,20:28:27:761,3,Severe_Damage,L3_S3,-1770,1128,14804,-186,34,-120,0,-63.66
499,20:28:27:771,3,Severe_Damage,L3_S3,-1736,1104,14864,-191,29,-127,0,-3.66
500,20:28:27:781,3,Severe_Damage,L3_S3,-1772,1100,14920,-191,31,-120,0,52.34
501,20:28:27:791,3,Severe_Damage,L3_S3,-1740,1122,14880,-188,33,-121,0,12.34
502,20:28:27:801,3,Severe_Damage,L3_S3,-1786,1128,14822,-195,21,-118,0,-45.66
503,20:28:27:811,3,Severe_Damage,L3_S3,-1782,1128,14910,-192,32,-126,0,42.34
504,20:28:27:821,3,Severe_Damage,L3_S3,-1734,1098,14912,-196,27,-119,0,44.34
505,20:28:27:831,3,Severe_Damage,L3_S3,-1782,1080,14878,-197,22,-125,0,10.34
506,20:28:27:841,3,Severe_Damage,L3_S3,-1782,1114,14856,-190,31,-121,0,-11.66
507,20:28:27:851,3,Severe_Damage,L3_S3,-1778,1100,14852,-195,25,-124,0,-15.66
508,20:28:27:861,3,Severe_Damage,L3_S3,-1772,1116,14928,-191,39,-125,0,60.34
509,20:28:27:871,3,Severe_Damage,L3_S3,-1788,1072,14880,-195,19,-117,0,12.34
510,20:28:27:881,3,Severe_Damage,L3_S3,-1746,1112,14846,-191,28,-124,0,-21.66
511,20:28:27:891,3,Severe_Damage,L3_S3,-1754,1086,14826,-192,24,-125,0,-41.66
512,20:28:27:901,3,Severe_Damage,L3_S3,-1780,1116,14888,-192,30,-119,0,20.34
513,20:28:27:911,3,Severe_Damage,L3_S3,-1726,1100,14830,-188,29,-117,0,-37.66
514,20:28:27:921,3,Severe_Damage,L3_S3,-1764,1100,14792,-189,23,-121,0,-75.66
515,20:28:27:931,3,Severe_Damage,L3_S3,-1704,1054,14910,-190,35,-118,0,42.34
516,20:28:27:941,3,Severe_Damage,L3_S3,-1788,1098,14846,-196,26,-116,0,-21.66
517,20:28:27:951,3,Severe_Damage,L3_S3,-1780,1124,14836,-190,29,-123,0,-31.66
518,20:28:27:961,3,Severe_Damage,L3_S3,-1812,1100,14898,-188,25,-115,0,30.34
519,20:28:27:971,3,Severe_Damage,L3_S3,-1728,1098,14856,-191,36,-122,0,-11.66
520,20:28:27:981,3,Severe_Damage,L3_S3,-1782,1072,14844,-192,28,-117,0,-23.66
521,20:28:27:991,3,Severe_Damage,L3_S3,-1770,1072,14910,-194,32,-119,0,42.34
522,20:28:28:001,3,Severe_Damage,L3_S3,-1790,1096,14910,-192,24,-122,0,42.34
523,20:28:28:011,3,Severe_Damage,L3_S3,-1774,1094,14896,-195,26,-120,0,28.34
524,20:28:28:021,3,Severe_Damage,L3_S3,-1756,1102,14876,-188,30,-119,0,8.34
525,20:28:28:031,3,Severe_Damage,L3_S3,-1796,1096,14938,-193,26,-114,0,70.34
526,20:28:28:041,3,Severe_Damage,L3_S3,-1736,1090,14904,-188,29,-125,0,36.34
527,20:28:28:051,3,Severe_Damage,L3_S3,-1778,1102,14864,-195,27,-131,0,-3.66
528,20:28:28:061,3,Severe_Damage,L3_S3,-1772,1096,14866,-190,27,-126,0,-1.66
529,20:28:28:071,3,Severe_Damage,L3_S3,-1746,1082,14866,-199,25,-118,0,-1.66
530,20:28:28:081,3,Severe_Damage,L3_S3,-1758,1128,14802,-196,25,-126,0,-65.66
531,20:28:28:091,3,Severe_Damage,L3_S3,-1752,1138,14906,-194,32,-122,0,38.34
532,20:28:28:101,3,Severe_Damage,L3_S3,-1766,1106,14902,-189,32,-120,0,34.34
533,20:28:28:111,3,Severe_Damage,L3_S3,-1758,1160,14938,-193,35,-124,0,70.34
534,20:28:28:122,3,Severe_Damage,L3_S3,-1776,1120,14858,-195,40,-125,0,-9.66
535,20:28:28:132,3,Severe_Damage,L3_S3,-1770,1090,14894,-192,26,-123,0,26.34
536,20:28:28:141,3,Severe_Damage,L3_S3,-1768,1110,14834,-187,36,-124,0,-33.66
537,20:28:28:152,3,Severe_Damage,L3_S3,-1752,1064,14880,-192,26,-121,0,12.34
538,20:28:28:161,3,Severe_Damage,L3_S3,-1768,1124,14910,-193,29,-123,0,42.34
539,20:28:28:171,3,Severe_Damage,L3_S3,-1728,1110,14874,-189,27,-120,0,6.34
540,20:28:28:181,3,Severe_Damage,L3_S3,-1792,1104,14836,-190,27,-114,0,-31.66
541,20:28:28:191,3,Severe_Damage,L3_S3,-1798,1078,14924,-185,34,-122,0,56.34
542,20:28:28:201,3,Severe_Damage,L3_S3,-1784,1082,14884,-190,26,-121,0,16.34
543,20:28:28:211,3,Severe_Damage,L3_S3,-1740,1142,14940,-189,30,-118,0,72.34
544,20:28:28:221,3,Severe_Damage,L3_S3,-1802,1126,14864,-195,28,-121,0,-3.66
545,20:28:28:231,3,Severe_Damage,L3_S3,-1796,1114,14870,-190,35,-125,0,2.34
546,20:28:28:241,3,Severe_Damage,L3_S3,-1782,1104,14836,-195,29,-123,0,-31.66
547,20:28:28:251,3,Severe_Damage,L3_S3,-1742,1130,14880,-192,24,-122,0,12.34
548,20:28:28:261,3,Severe_Damage,L3_S3,-1782,1100,14918,-201,21,-122,0,50.34
549,20:28:28:271,3,Severe_Damage,L3_S3,-1722,1096,14842,-197,22,-124,0,-25.66
550,20:28:28:281,3,Severe_Damage,L3_S3,-1766,1102,14842,-196,26,-123,0,-25.66
551,20:28:28:292,3,Severe_Damage,L3_S3,-1776,1102,14904,-191,26,-118,0,36.34
552,20:28:28:302,3,Severe_Damage,L3_S3,-1780,1070,14874,-196,28,-119,0,6.34
553,20:28:28:311,3,Severe_Damage,L3_S3,-1804,1102,14838,-187,26,-118,0,-29.66
554,20:28:28:321,3,Severe_Damage,L3_S3,-1754,1082,14902,-189,32,-119,0,34.34
555,20:28:28:331,3,Severe_Damage,L3_S3,-1768,1128,14952,-188,36,-121,0,84.34
556,20:28:28:341,3,Severe_Damage,L3_S3,-1802,1120,14876,-195,28,-122,0,8.34
557,20:28:28:352,3,Severe_Damage,L3_S3,-1758,1104,14870,-189,28,-124,0,2.34
558,20:28:28:361,3,Severe_Damage,L3_S3,-1790,1106,14906,-196,23,-129,0,38.34
559,20:28:28:371,3,Severe_Damage,L3_S3,-1760,1084,14856,-190,31,-121,0,-11.66
560,20:28:28:381,3,Severe_Damage,L3_S3,-1698,1140,14864,-185,26,-122,0,-3.66
561,20:28:28:391,3,Severe_Damage,L3_S3,-1818,1116,14858,-185,33,-121,0,-9.66
562,20:28:28:401,3,Severe_Damage,L3_S3,-1714,1090,14866,-187,31,-123,0,-1.66
563,20:28:28:411,3,Severe_Damage,L3_S3,-1774,1150,14860,-189,30,-112,0,-7.66
564,20:28:28:422,3,Severe_Damage,L3_S3,-1772,1098,14920,-192,27,-123,0,52.34
565,20:28:28:431,3,Severe_Damage,L3_S3,-1758,1100,14908,-191,31,-133,0,40.34
566,20:28:28:442,3,Severe_Damage,L3_S3,-1798,1094,14798,-190,28,-115,0,-69.66
567,20:28:28:452,3,Severe_Damage,L3_S3,-1712,1122,14840,-190,31,-123,0,-27.66
568,20:28:28:462,3,Severe_Damage,L3_S3,-1796,1102,14886,-186,32,-118,0,18.34
569,20:28:28:471,3,Severe_Damage,L3_S3,-1804,1086,14826,-195,36,-124,0,-41.66
570,20:28:28:482,3,Severe_Damage,L3_S3,-1730,1116,14846,-191,31,-121,0,-21.66
571,20:28:28:491,3,Severe_Damage,L3_S3,-1724,1152,14822,-195,30,-122,0,-45.66
572,20:28:28:502,3,Severe_Damage,L3_S3,-1756,1078,14850,-190,33,-123,0,-17.66
573,20:28:28:511,3,Severe_Damage,L3_S3,-1742,1086,14896,-195,23,-118,0,28.34
574,20:28:28:522,3,Severe_Damage,L3_S3,-1746,1086,14888,-196,24,-116,0,20.34
575,20:28:28:531,3,Severe_Damage,L3_S3,-1766,1150,14856,-191,29,-126,0,-11.66
576,20:28:28:541,3,Severe_Damage,L3_S3,-1804,1108,14844,-194,25,-120,0,-23.66
577,20:28:28:552,3,Severe_Damage,L3_S3,-1756,1108,14912,-190,31,-123,0,44.34
578,20:28:28:561,3,Severe_Damage,L3_S3,-1764,1124,14900,-191,28,-123,0,32.34
579,20:28:28:571,3,Severe_Damage,L3_S3,-1790,1112,14886,-192,27,-122,0,18.34
580,20:28:28:581,3,Severe_Damage,L3_S3,-1726,1088,14900,-189,29,-126,0,32.34
581,20:28:28:591,3,Severe_Damage,L3_S3,-1770,1054,14826,-190,25,-123,0,-41.66
582,20:28:28:601,3,Severe_Damage,L3_S3,-1750,1102,14910,-189,35,-127,0,42.34
583,20:28:28:611,3,Severe_Damage,L3_S3,-1768,1106,14878,-187,28,-122,0,10.34
584,20:28:28:621,3,Severe_Damage,L3_S3,-1788,1132,14870,-192,29,-127,0,2.34
585,20:28:28:632,3,Severe_Damage,L3_S3,-1756,1100,14838,-190,26,-124,0,-29.66
586,20:28:28:641,3,Severe_Damage,L3_S3,-1762,1160,14902,-190,27,-125,0,34.34
587,20:28:28:651,3,Severe_Damage,L3_S3,-1786,1096,14864,-194,25,-124,0,-3.66
588,20:28:28:661,3,Severe_Damage,L3_S3,-1754,1104,14844,-194,26,-123,0,-23.66
589,20:28:28:671,3,Severe_Damage,L3_S3,-1742,1108,14836,-193,27,-119,0,-31.66
590,20:28:28:681,3,Severe_Damage,L3_S3,-1748,1102,14842,-185,28,-121,0,-25.66
591,20:28:28:692,3,Severe_Damage,L3_S3,-1792,1084,14856,-188,23,-124,0,-11.66
592,20:28:28:702,3,Severe_Damage,L3_S3,-1822,1114,14862,-192,24,-120,0,-5.66
593,20:28:28:712,3,Severe_Damage,L3_S3,-1774,1124,14842,-193,34,-128,0,-25.66
594,20:28:28:722,3,Severe_Damage,L3_S3,-1742,1142,14850,-198,32,-116,0,-17.66
595,20:28:28:732,3,Severe_Damage,L3_S3,-1760,1156,14862,-192,34,-120,0,-5.66
596,20:28:28:742,3,Severe_Damage,L3_S3,-1762,1112,14890,-191,32,-128,0,22.34
597,20:28:28:752,3,Severe_Damage,L3_S3,-1788,1112,14882,-189,21,-121,0,14.34
598,20:28:28:762,3,Severe_Damage,L3_S3,-1774,1148,14894,-188,31,-121,0,26.34
599,20:28:28:772,3,Severe_Damage,L3_S3,-1786,1142,14902,-189,25,-121,0,34.34
600,20:28:28:782,3,Severe_Damage,L3_S3,-1808,1118,14888,-190,31,-120,0,20.34
601,20:28:28:791,3,Severe_Damage,L3_S3,-1732,1108,14900,-192,29,-121,0,32.34
602,20:28:28:802,3,Severe_Damage,L3_S3,-1790,1094,14860,-193,29,-118,0,-7.66
603,20:28:28:811,3,Severe_Damage,L3_S3,-1740,1126,14914,-186,35,-121,0,46.34
604,20:28:28:822,3,Severe_Damage,L3_S3,-1804,1054,14830,-193,21,-116,0,-37.66
605,20:28:28:832,3,Severe_Damage,L3_S3,-1752,1122,14940,-194,37,-119,0,72.34
606,20:28:28:842,3,Severe_Damage,L3_S3,-1742,1078,14856,-196,35,-128,0,-11.66
607,20:28:28:852,3,Severe_Damage,L3_S3,-1822,1144,14934,-191,27,-122,0,66.34
608,20:28:28:862,3,Severe_Damage,L3_S3,-1722,1116,14872,-189,39,-127,0,4.34
609,20:28:28:872,3,Severe_Damage,L3_S3,-1794,1098,14846,-195,26,-124,0,-21.66
610,20:28:28:882,3,Severe_Damage,L3_S3,-1766,1104,14882,-196,32,-134,0,14.34
611,20:28:28:892,3,Severe_Damage,L3_S3,-1704,1140,14920,-191,26,-121,0,52.34
612,20:28:28:902,3,Severe_Damage,L3_S3,-1764,1106,14896,-191,24,-120,0,28.34
613,20:28:28:912,3,Severe_Damage,L3_S3,-1704,1104,14866,-192,34,-124,0,-1.66
614,20:28:28:922,3,Severe_Damage,L3_S3,-1734,1130,14892,-195,20,-118,0,24.34
615,20:28:28:932,3,Severe_Damage,L3_S3,-1772,1120,14886,-199,33,-119,0,18.34
616,20:28:28:942,3,Severe_Damage,L3_S3,-1772,1110,14804,-194,21,-116,0,-63.66
617,20:28:28:952,3,Severe_Damage,L3_S3,-1718,1094,14832,-197,28,-126,0,-35.66
618,20:28:28:962,3,Severe_Damage,L3_S3,-1762,1120,14918,-184,33,-124,0,50.34
619,20:28:28:972,3,Severe_Damage,L3_S3,-1768,1116,14916,-192,29,-121,0,48.34
620,20:28:28:982,3,Severe_Damage,L3_S3,-1766,1108,14834,-186,30,-118,0,-33.66
621,20:28:28:992,3,Severe_Damage,L3_S3,-1776,1106,14858,-190,28,-115,0,-9.66
622,20:28:29:002,3,Severe_Damage,L3_S3,-1752,1120,14852,-186,39,-117,0,-15.66
623,20:28:29:012,3,Severe_Damage,L3_S3,-1774,1110,14914,-190,29,-122,0,46.34
624,20:28:29:022,3,Severe_Damage,L3_S3,-1772,1120,14896,-192,25,-125,0,28.34
625,20:28:29:032,3,Severe_Damage,L3_S3,-1758,1126,14882,-192,24,-119,0,14.34
626,20:28:29:042,3,Severe_Damage,L3_S3,-1756,1076,14894,-197,33,-122,0,26.34
627,20:28:29:052,3,Severe_Damage,L3_S3,-1764,1118,14864,-197,35,-119,0,-3.66
628,20:28:29:062,3,Severe_Damage,L3_S3,-1830,1102,14898,-193,27,-120,0,30.34
629,20:28:29:072,3,Severe_Damage,L3_S3,-1818,1098,14912,-192,36,-118,0,44.34
630,20:28:29:082,3,Severe_Damage,L3_S3,-1764,1070,14888,-191,28,-124,0,20.34
631,20:28:29:092,3,Severe_Damage,L3_S3,-1754,1096,14828,-186,23,-127,0,-39.66
632,20:28:29:102,3,Severe_Damage,L3_S3,-1802,1092,14880,-190,36,-128,0,12.34
633,20:28:29:112,3,Severe_Damage,L3_S3,-1758,1112,14876,-194,22,-120,0,8.34
634,20:28:29:122,3,Severe_Damage,L3_S3,-1730,1144,14836,-195,34,-126,0,-31.66
635,20:28:29:132,3,Severe_Damage,L3_S3,-1770,1148,14924,-194,29,-122,0,56.34
636,20:28:29:142,3,Severe_Damage,L3_S3,-1762,1174,14916,-196,29,-125,0,48.34
637,20:28:29:152,3,Severe_Damage,L3_S3,-1772,1072,14886,-187,27,-118,0,18.34
638,20:28:29:162,3,Severe_Damage,L3_S3,-1750,1104,14860,-187,25,-128,0,-7.66
639,20:28:29:172,3,Severe_Damage,L3_S3,-1740,1108,14858,-187,32,-134,0,-9.66
640,20:28:29:182,3,Severe_Damage,L3_S3,-1766,1104,14870,-190,24,-126,0,2.34
641,20:28:29:192,3,Severe_Damage,L3_S3,-1786,1100,14904,-189,36,-125,0,36.34
642,20:28:29:202,3,Severe_Damage,L3_S3,-1728,1110,14894,-196,26,-126,0,26.34
643,20:28:29:212,3,Severe_Damage,L3_S3,-1758,1116,14856,-191,28,-122,0,-11.66
644,20:28:29:222,3,Severe_Damage,L3_S3,-1788,1100,14878,-193,29,-126,0,10.34
645,20:28:29:232,3,Severe_Damage,L3_S3,-1730,1096,14892,-189,26,-126,0,24.34
646,20:28:29:242,3,Severe_Damage,L3_S3,-1778,1114,14828,-191,28,-125,0,-39.66
647,20:28:29:252,3,Severe_Damage,L3_S3,-1702,1102,14810,-195,29,-120,0,-57.66
648,20:28:29:262,3,Severe_Damage,L3_S3,-1758,1128,14918,-196,33,-119,0,50.34
649,20:28:29:272,3,Severe_Damage,L3_S3,-1744,1084,14908,-191,32,-121,0,40.34
650,20:28:29:282,3,Severe_Damage,L3_S3,-1738,1084,14914,-193,33,-123,0,46.34
651,20:28:29:292,3,Severe_Damage,L3_S3,-1794,1130,14904,-194,33,-128,0,36.34
652,20:28:29:302,3,Severe_Damage,L3_S3,-1782,1134,14876,-199,26,-124,0,8.34
653,20:28:29:312,3,Severe_Damage,L3_S3,-1790,1134,14884,-193,37,-123,0,16.34
654,20:28:29:322,3,Severe_Damage,L3_S3,-1754,1114,14912,-193,29,-115,0,44.34
655,20:28:29:332,3,Severe_Damage,L3_S3,-1758,1080,14906,-189,30,-125,0,38.34
656,20:28:29:342,3,Severe_Damage,L3_S3,-1786,1110,14846,-196,29,-122,0,-21.66
657,20:28:29:352,3,Severe_Damage,L3_S3,-1778,1078,14906,-190,25,-122,0,38.34
658,20:28:29:362,3,Severe_Damage,L3_S3,-1730,1124,14914,-186,26,-128,0,46.34
659,20:28:29:372,3,Severe_Damage,L3_S3,-1762,1110,14826,-183,20,-121,0,-41.66
660,20:28:29:382,3,Severe_Damage,L3_S3,-1730,1052,14814,-190,29,-121,0,-53.66
661,20:28:29:392,3,Severe_Damage,L3_S3,-1774,1110,14866,-191,26,-116,0,-1.66
662,20:28:29:402,3,Severe_Damage,L3_S3,-1762,1136,14840,-184,29,-118,0,-27.66
663,20:28:29:412,3,Severe_Damage,L3_S3,-1776,1110,14862,-190,28,-122,0,-5.66
664,20:28:29:422,3,Severe_Damage,L3_S3,-1786,1088,14844,-190,25,-123,0,-23.66
665,20:28:29:432,3,Severe_Damage,L3_S3,-1742,1084,14894,-189,30,-122,0,26.34
666,20:28:29:442,3,Severe_Damage,L3_S3,-1792,1128,14942,-189,26,-118,0,74.34
667,20:28:29:452,3,Severe_Damage,L3_S3,-1750,1094,14896,-194,29,-124,0,28.34
668,20:28:29:462,3,Severe_Damage,L3_S3,-1788,1104,14848,-192,28,-123,0,-19.66
669,20:28:29:472,3,Severe_Damage,L3_S3,-1796,1096,14882,-196,26,-119,0,14.34
670,20:28:29:482,3,Severe_Damage,L3_S3,-1732,1104,14870,-196,25,-127,0,2.34
671,20:28:29:492,3,Severe_Damage,L3_S3,-1760,1136,14904,-196,18,-127,0,36.34
672,20:28:29:502,3,Severe_Damage,L3_S3,-1826,1116,14932,-195,27,-128,0,64.34
673,20:28:29:512,3,Severe_Damage,L3_S3,-1750,1140,14848,-194,27,-122,0,-19.66
674,20:28:29:522,3,Severe_Damage,L3_S3,-1772,1132,14866,-192,32,-126,0,-1.66
675,20:28:29:532,3,Severe_Damage,L3_S3,-1778,1084,14900,-188,30,-122,0,32.34
676,20:28:29:542,3,Severe_Damage,L3_S3,-1764,1116,14846,-190,33,-123,0,-21.66
677,20:28:29:552,3,Severe_Damage,L3_S3,-1798,1096,14856,-186,27,-119,0,-11.66
678,20:28:29:562,3,Severe_Damage,L3_S3,-1770,1132,14826,-187,31,-116,0,-41.66
679,20:28:29:572,3,Severe_Damage,L3_S3,-1792,1124,14870,-196,30,-119,0,2.34
680,20:28:29:582,3,Severe_Damage,L3_S3,-1742,1076,14826,-192,35,-122,0,-41.66
681,20:28:29:592,3,Severe_Damage,L3_S3,-1742,1110,14906,-188,28,-123,0,38.34
682,20:28:29:602,3,Severe_Damage,L3_S3,-1794,1122,14838,-189,28,-117,0,-29.66
683,20:28:29:612,3,Severe_Damage,L3_S3,-1758,1118,14870,-191,30,-120,0,2.34
684,20:28:29:622,3,Severe_Damage,L3_S3,-1788,1162,14848,-190,31,-115,0,-19.66
685,20:28:29:632,3,Severe_Damage,L3_S3,-1804,1096,14908,-192,32,-114,0,40.34
686,20:28:29:642,3,Severe_Damage,L3_S3,-1778,1134,14868,-192,30,-122,0,0.34
687,20:28:29:652,3,Severe_Damage,L3_S3,-1780,1146,14856,-192,30,-124,0,-11.66
688,20:28:29:662,3,Severe_Damage,L3_S3,-1766,1118,14908,-190,32,-128,0,40.34
689,20:28:29:672,3,Severe_Damage,L3_S3,-1752,1152,14862,-194,30,-120,0,-5.66
690,20:28:29:682,3,Severe_Damage,L3_S3,-1752,1146,14884,-191,28,-121,0,16.34
691,20:28:29:692,3,Severe_Damage,L3_S3,-1780,1094,14868,-190,26,-125,0,0.34
692,20:28:29:702,3,Severe_Damage,L3_S3,-1782,1142,14874,-191,28,-121,0,6.34
693,20:28:29:712,3,Severe_Damage,L3_S3,-1748,1096,14920,-193,32,-122,0,52.34
694,20:28:29:722,3,Severe_Damage,L3_S3,-1776,1082,14880,-191,37,-118,0,12.34
695,20:28:29:732,3,Severe_Damage,L3_S3,-1770,1108,14806,-191,36,-120,0,-61.66
696,20:28:29:742,3,Severe_Damage,L3_S3,-1730,1142,14792,-194,30,-122,0,-75.66
697,20:28:29:752,3,Severe_Damage,L3_S3,-1770,1126,14824,-193,35,-122,0,-43.66
698,20:28:29:762,3,Severe_Damage,L3_S3,-1770,1124,14860,-193,34,-119,0,-7.66
699,20:28:29:772,3,Severe_Damage,L3_S3,-1742,1080,14886,-192,35,-127,0,18.34
700,20:28:29:782,3,Severe_Damage,L3_S3,-1764,1124,14924,-194,20,-123,0,56.34
701,20:28:29:792,3,Severe_Damage,L3_S3,-1728,1118,14862,-189,32,-123,0,-5.66
702,20:28:29:802,3,Severe_Damage,L3_S3,-1784,1078,14868,-189,26,-121,0,0.34
703,20:28:29:812,3,Severe_Damage,L3_S3,-1774,1078,14788,-188,36,-124,0,-79.66
704,20:28:29:822,3,Severe_Damage,L3_S3,-1712,1084,14864,-191,27,-123,0,-3.66
705,20:28:29:832,3,Severe_Damage,L3_S3,-1776,1120,14850,-193,27,-123,0,-17.66
706,20:28:29:842,3,Severe_Damage,L3_S3,-1772,1106,14914,-188,32,-122,0,46.34
707,20:28:29:852,3,Severe_Damage,L3_S3,-1762,1110,14838,-189,28,-118,0,-29.66
708,20:28:29:862,3,Severe_Damage,L3_S3,-1740,1116,14874,-196,33,-122,0,6.34
709,20:28:29:872,3,Severe_Damage,L3_S3,-1740,1088,14918,-197,29,-127,0,50.34
710,20:28:29:882,3,Severe_Damage,L3_S3,-1828,1140,14816,-187,29,-113,0,-51.66
711,20:28:29:892,3,Severe_Damage,L3_S3,-1750,1116,14836,-186,32,-117,0,-31.66
712,20:28:29:902,3,Severe_Damage,L3_S3,-1802,1100,14892,-195,28,-116,0,24.34
713,20:28:29:912,3,Severe_Damage,L3_S3,-1778,1108,14856,-189,33,-119,0,-11.66
714,20:28:29:922,3,Severe_Damage,L3_S3,-1740,1112,14874,-191,28,-123,0,6.34
715,20:28:29:932,3,Severe_Damage,L3_S3,-1742,1090,14882,-194,31,-116,0,14.34
716,20:28:29:942,3,Severe_Damage,L3_S3,-1744,1086,14886,-183,30,-118,0,18.34
717,20:28:29:952,3,Severe_Damage,L3_S3,-1772,1120,14916,-192,21,-119,0,48.34
718,20:28:29:962,3,Severe_Damage,L3_S3,-1796,1072,14822,-186,31,-121,0,-45.66
719,20:28:29:972,3,Severe_Damage,L3_S3,-1784,1108,14882,-191,30,-124,0,14.34
720,20:28:29:982,3,Severe_Damage,L3_S3,-1794,1112,14850,-188,29,-127,0,-17.66
721,20:28:29:992,3,Severe_Damage,L3_S3,-1760,1142,14898,-190,39,-125,0,30.34
722,20:28:30:002,3,Severe_Damage,L3_S3,-1768,1130,14880,-188,25,-121,0,12.34
723,20:28:30:012,3,Severe_Damage,L3_S3,-1790,1142,14896,-187,32,-119,0,28.34
724,20:28:30:022,3,Severe_Damage,L3_S3,-1720,1114,14892,-188,26,-118,0,24.34
725,20:28:30:032,3,Severe_Damage,L3_S3,-1766,1114,14844,-191,25,-120,0,-23.66
726,20:28:30:042,3,Severe_Damage,L3_S3,-1782,1110,14808,-196,35,-124,0,-59.66
727,20:28:30:052,3,Severe_Damage,L3_S3,-1772,1108,14820,-196,26,-126,0,-47.66
728,20:28:30:062,3,Severe_Damage,L3_S3,-1780,1062,14772,-199,29,-133,0,-95.66
729,20:28:30:072,3,Severe_Damage,L3_S3,-1732,1076,14850,-200,28,-125,0,-17.66
730,20:28:30:082,3,Severe_Damage,L3_S3,-1734,1114,14848,-191,35,-121,0,-19.66
731,20:28:30:092,3,Severe_Damage,L3_S3,-1786,1064,14892,-195,25,-125,0,24.34
732,20:28:30:102,3,Severe_Damage,L3_S3,-1762,1074,14890,-197,34,-128,0,22.34
733,20:28:30:112,3,Severe_Damage,L3_S3,-1772,1112,14878,-194,34,-119,0,10.34
734,20:28:30:122,3,Severe_Damage,L3_S3,-1726,1132,14900,-193,26,-127,0,32.34
735,20:28:30:132,3,Severe_Damage,L3_S3,-1788,1170,14884,-190,26,-120,0,16.34
736,20:28:30:142,3,Severe_Damage,L3_S3,-1758,1140,14846,-191,27,-120,0,-21.66
737,20:28:30:152,3,Severe_Damage,L3_S3,-1730,1160,14800,-196,30,-116,0,-67.66
738,20:28:30:162,3,Severe_Damage,L3_S3,-1718,1104,14930,-195,30,-121,0,62.34
739,20:28:30:172,3,Severe_Damage,L3_S3,-1826,1074,14850,-190,31,-130,0,-17.66
740,20:28:30:182,3,Severe_Damage,L3_S3,-1732,1128,14840,-188,29,-122,0,-27.66
741,20:28:30:192,3,Severe_Damage,L3_S3,-1764,1132,14838,-185,32,-115,0,-29.66
742,20:28:30:202,3,Severe_Damage,L3_S3,-1762,1078,14874,-195,36,-123,0,6.34
743,20:28:30:212,3,Severe_Damage,L3_S3,-1778,1088,14810,-192,37,-121,0,-57.66
744,20:28:30:222,3,Severe_Damage,L3_S3,-1718,1116,14824,-188,29,-127,0,-43.66
745,20:28:30:232,3,Severe_Damage,L3_S3,-1744,1078,14888,-183,35,-128,0,20.34
746,20:28:30:242,3,Severe_Damage,L3_S3,-1758,1086,14888,-186,28,-125,0,20.34
747,20:28:30:252,3,Severe_Damage,L3_S3,-1754,1094,14846,-191,29,-122,0,-21.66
748,20:28:30:262,3,Severe_Damage,L3_S3,-1784,1068,14900,-195,22,-122,0,32.34
749,20:28:30:272,3,Severe_Damage,L3_S3,-1762,1090,14864,-195,29,-121,0,-3.66
750,20:28:30:282,3,Severe_Damage,L3_S3,-1768,1134,14928,-196,31,-123,0,60.34
751,20:28:30:292,3,Severe_Damage,L3_S3,-1816,1126,14858,-187,27,-124,0,-9.66
752,20:28:30:302,3,Severe_Damage,L3_S3,-1782,1100,14874,-196,33,-119,0,6.34
753,20:28:30:312,3,Severe_Damage,L3_S3,-1764,1072,14820,-192,23,-117,0,-47.66
754,20:28:30:322,3,Severe_Damage,L3_S3,-1736,1146,14914,-190,30,-121,0,46.34
755,20:28:30:332,3,Severe_Damage,L3_S3,-1750,1106,14856,-192,31,-119,0,-11.66
756,20:28:30:342,3,Severe_Damage,L3_S3,-1770,1132,14910,-191,24,-124,0,42.34
757,20:28:30:352,3,Severe_Damage,L3_S3,-1720,1092,14868,-192,37,-127,0,0.34
758,20:28:30:362,3,Severe_Damage,L3_S3,-1772,1076,14856,-191,30,-126,0,-11.66
759,20:28:30:372,3,Severe_Damage,L3_S3,-1764,1130,14904,-194,35,-126,0,36.34
760,20:28:30:382,3,Severe_Damage,L3_S3,-1738,1076,14866,-191,25,-125,0,-1.66
761,20:28:30:392,3,Severe_Damage,L3_S3,-1776,1068,14792,-191,18,-124,0,-75.66
762,20:28:30:402,3,Severe_Damage,L3_S3,-1772,1134,14838,-189,27,-125,0,-29.66
763,20:28:30:412,3,Severe_Damage,L3_S3,-1738,1142,14906,-192,35,-120,0,38.34
764,20:28:30:422,3,Severe_Damage,L3_S3,-1790,1112,14872,-188,29,-113,0,4.34
765,20:28:30:432,3,Severe_Damage,L3_S3,-1782,1144,14890,-192,32,-124,0,22.34
766,20:28:30:442,3,Severe_Damage,L3_S3,-1774,1096,14828,-194,24,-126,0,-39.66
767,20:28:30:452,3,Severe_Damage,L3_S3,-1762,1124,14864,-197,33,-124,0,-3.66
768,20:28:30:466,3,Severe_Damage,L3_S3,-1762,1114,14800,-189,25,-120,0,-67.66
769,20:28:30:472,3,Severe_Damage,L3_S3,-1780,1112,14836,-195,23,-122,0,-31.66
770,20:28:30:482,3,Severe_Damage,L3_S3,-1756,1174,14872,-191,27,-120,0,4.34
771,20:28:30:492,3,Severe_Damage,L3_S3,-1734,1058,14860,-193,35,-123,0,-7.66
772,20:28:30:502,3,Severe_Damage,L3_S3,-1734,1100,14892,-191,35,-128,0,24.34
773,20:28:30:512,3,Severe_Damage,L3_S3,-1770,1122,14914,-192,31,-123,0,46.34
774,20:28:30:522,3,Severe_Damage,L3_S3,-1790,1098,14902,-188,36,-118,0,34.34
775,20:28:30:532,3,Severe_Damage,L3_S3,-1730,1138,14904,-191,30,-127,0,36.34
776,20:28:30:542,3,Severe_Damage,L3_S3,-1772,1104,14890,-190,28,-124,0,22.34
777,20:28:30:552,3,Severe_Damage,L3_S3,-1798,1122,14830,-191,27,-121,0,-37.66
778,20:28:30:562,3,Severe_Damage,L3_S3,-1750,1126,14856,-186,29,-125,0,-11.66
779,20:28:30:572,3,Severe_Damage,L3_S3,-1748,1096,14892,-189,29,-119,0,24.34
780,20:28:30:582,3,Severe_Damage,L3_S3,-1766,1084,14858,-187,27,-119,0,-9.66
781,20:28:30:592,3,Severe_Damage,L3_S3,-1788,1062,14866,-189,23,-123,0,-1.66
782,20:28:30:602,3,Severe_Damage,L3_S3,-1792,1124,14830,-192,25,-120,0,-37.66
783,20:28:30:612,3,Severe_Damage,L3_S3,-1772,1148,14880,-185,28,-122,0,12.34
784,20:28:30:622,3,Severe_Damage,L3_S3,-1750,1066,14898,-190,31,-124,0,30.34
785,20:28:30:632,3,Severe_Damage,L3_S3,-1774,1066,14826,-188,36,-116,0,-41.66
786,20:28:30:642,3,Severe_Damage,L3_S3,-1764,1108,14964,-193,35,-117,0,96.34
787,20:28:30:652,3,Severe_Damage,L3_S3,-1766,1126,14844,-191,32,-118,0,-23.66
788,20:28:30:662,3,Severe_Damage,L3_S3,-1744,1104,14870,-189,32,-132,0,2.34
789,20:28:30:672,3,Severe_Damage,L3_S3,-1754,1116,14846,-191,23,-126,0,-21.66
790,20:28:30:682,3,Severe_Damage,L3_S3,-1828,1110,14916,-191,31,-117,0,48.34
791,20:28:30:692,3,Severe_Damage,L3_S3,-1792,1138,14938,-188,28,-128,0,70.34
792,20:28:30:702,3,Severe_Damage,L3_S3,-1820,1130,14886,-194,28,-127,0,18.34
793,20:28:30:712,3,Severe_Damage,L3_S3,-1772,1070,14848,-193,32,-125,0,-19.66
794,20:28:30:722,3,Severe_Damage,L3_S3,-1784,1076,14854,-195,29,-120,0,-13.66
795,20:28:30:732,3,Severe_Damage,L3_S3,-1814,1112,14818,-188,32,-122,0,-49.66
796,20:28:30:742,3,Severe_Damage,L3_S3,-1766,1100,14892,-194,35,-126,0,24.34
797,20:28:30:752,3,Severe_Damage,L3_S3,-1770,1080,14812,-189,27,-117,0,-55.66
798,20:28:30:762,3,Severe_Damage,L3_S3,-1782,1140,14882,-190,33,-126,0,14.34
799,20:28:30:772,3,Severe_Damage,L3_S3,-1766,1152,14938,-190,32,-123,0,70.34
800,20:28:30:782,3,Severe_Damage,L3_S3,-1794,1088,14900,-195,28,-126,0,32.34
801,20:28:30:792,3,Severe_Damage,L3_S3,-1796,1104,14896,-188,37,-129,0,28.34
802,20:28:30:802,3,Severe_Damage,L3_S3,-1796,1132,14958,-190,26,-122,0,90.34
803,20:28:30:812,3,Severe_Damage,L3_S3,-1756,1124,14920,-193,36,-127,0,52.34
804,20:28:30:822,3,Severe_Damage,L3_S3,-1770,1070,14860,-193,31,-125,0,-7.66
805,20:28:30:832,3,Severe_Damage,L3_S3,-1764,1106,14810,-200,34,-133,0,-57.66
806,20:28:30:842,3,Severe_Damage,L3_S3,-1786,1086,14878,-191,25,-128,0,10.34
807,20:28:30:852,3,Severe_Damage,L3_S3,-1800,1104,14890,-193,28,-123,0,22.34
808,20:28:30:862,3,Severe_Damage,L3_S3,-1736,1112,14818,-183,36,-123,0,-49.66
809,20:28:30:872,3,Severe_Damage,L3_S3,-1754,1110,14892,-196,25,-121,0,24.34
810,20:28:30:882,3,Severe_Damage,L3_S3,-1788,1138,14892,-198,32,-120,0,24.34
811,20:28:30:892,3,Severe_Damage,L3_S3,-1808,1098,14862,-195,27,-126,0,-5.66
812,20:28:30:902,3,Severe_Damage,L3_S3,-1738,1098,14822,-193,29,-116,0,-45.66
813,20:28:30:912,3,Severe_Damage,L3_S3,-1744,1120,14884,-199,35,-130,0,16.34
814,20:28:30:922,3,Severe_Damage,L3_S3,-1806,1170,14846,-195,30,-123,0,-21.66
815,20:28:30:932,3,Severe_Damage,L3_S3,-1686,1118,14872,-198,47,-124,0,4.34
816,20:28:30:942,3,Severe_Damage,L3_S3,-1734,1146,14844,-189,29,-117,0,-23.66
817,20:28:30:952,3,Severe_Damage,L3_S3,-1714,1104,14964,-191,32,-119,0,96.34
818,20:28:30:962,3,Severe_Damage,L3_S3,-1780,1104,14862,-187,34,-123,0,-5.66
819,20:28:30:972,3,Severe_Damage,L3_S3,-1746,1122,14838,-191,23,-119,0,-29.66
820,20:28:30:982,3,Severe_Damage,L3_S3,-1768,1136,14900,-190,38,-122,0,32.34
821,20:28:30:992,3,Severe_Damage,L3_S3,-1846,1118,14860,-193,20,-121,0,-7.66
822,20:28:31:002,3,Severe_Damage,L3_S3,-1724,1098,14848,-186,36,-122,0,-19.66
823,20:28:31:012,3,Severe_Damage,L3_S3,-1788,1076,14878,-193,28,-120,0,10.34
824,20:28:31:022,3,Severe_Damage,L3_S3,-1794,1142,14920,-189,26,-120,0,52.34
825,20:28:31:032,3,Severe_Damage,L3_S3,-1798,1120,14824,-196,26,-125,0,-43.66
826,20:28:31:042,3,Severe_Damage,L3_S3,-1804,1158,14896,-189,28,-125,0,28.34
827,20:28:31:052,3,Severe_Damage,L3_S3,-1776,1114,14866,-188,31,-127,0,-1.66
828,20:28:31:062,3,Severe_Damage,L3_S3,-1766,1092,14890,-192,24,-124,0,22.34
829,20:28:31:072,3,Severe_Damage,L3_S3,-1784,1114,14886,-194,27,-121,0,18.34
830,20:28:31:082,3,Severe_Damage,L3_S3,-1788,1132,14802,-189,34,-123,0,-65.66
831,20:28:31:092,3,Severe_Damage,L3_S3,-1818,1128,14934,-196,24,-123,0,66.34
832,20:28:31:102,3,Severe_Damage,L3_S3,-1656,1134,14864,-195,43,-127,0,-3.66
833,20:28:31:112,3,Severe_Damage,L3_S3,-1798,1112,14890,-194,25,-121,0,22.34
834,20:28:31:122,3,Severe_Damage,L3_S3,-1748,1070,14870,-184,39,-129,0,2.34
835,20:28:31:132,3,Severe_Damage,L3_S3,-1744,1062,14876,-193,24,-121,0,8.34
836,20:28:31:142,3,Severe_Damage,L3_S3,-1758,1134,14918,-193,27,-117,0,50.34
837,20:28:31:152,3,Severe_Damage,L3_S3,-1708,1102,14954,-189,35,-127,0,86.34
838,20:28:31:162,3,Severe_Damage,L3_S3,-1756,1106,14888,-185,25,-116,0,20.34
839,20:28:31:172,3,Severe_Damage,L3_S3,-1756,1100,14948,-186,35,-122,0,80.34
840,20:28:31:182,3,Severe_Damage,L3_S3,-1784,1112,14872,-196,30,-124,0,4.34
841,20:28:31:192,3,Severe_Damage,L3_S3,-1796,1092,14876,-185,29,-128,0,8.34
842,20:28:31:202,3,Severe_Damage,L3_S3,-1766,1122,14932,-188,34,-128,0,64.34
843,20:28:31:212,3,Severe_Damage,L3_S3,-1812,1026,14894,-193,31,-123,0,26.34
844,20:28:31:222,3,Severe_Damage,L3_S3,-1772,1116,14866,-192,41,-116,0,-1.66
845,20:28:31:232,3,Severe_Damage,L3_S3,-1776,1118,14840,-189,26,-122,0,-27.66
846,20:28:31:242,3,Severe_Damage,L3_S3,-1742,1144,14872,-197,25,-129,0,4.34
847,20:28:31:252,3,Severe_Damage,L3_S3,-1762,1132,14876,-192,31,-120,0,8.34
848,20:28:31:262,3,Severe_Damage,L3_S3,-1778,1078,14810,-191,25,-119,0,-57.66
849,20:28:31:272,3,Severe_Damage,L3_S3,-1726,1114,14864,-189,25,-126,0,-3.66
850,20:28:31:282,3,Severe_Damage,L3_S3,-1778,1112,14906,-189,13,-122,0,38.34
851,20:28:31:292,3,Severe_Damage,L3_S3,-1778,1134,14842,-195,36,-127,0,-25.66
852,20:28:31:302,3,Severe_Damage,L3_S3,-1770,1138,14864,-195,25,-125,0,-3.66
853,20:28:31:312,3,Severe_Damage,L3_S3,-1734,1132,14908,-195,26,-125,0,40.34
854,20:28:31:322,3,Severe_Damage,L3_S3,-1774,1102,14824,-194,30,-115,0,-43.66
855,20:28:31:332,3,Severe_Damage,L3_S3,-1754,1114,14810,-192,37,-120,0,-57.66
856,20:28:31:342,3,Severe_Damage,L3_S3,-1802,1114,14894,-187,33,-121,0,26.34
857,20:28:31:352,3,Severe_Damage,L3_S3,-1776,1116,14846,-196,28,-123,0,-21.66
858,20:28:31:362,3,Severe_Damage,L3_S3,-1736,1134,14912,-185,31,-125,0,44.34
859,20:28:31:372,3,Severe_Damage,L3_S3,-1764,1114,14848,-190,27,-125,0,-19.66
860,20:28:31:382,3,Severe_Damage,L3_S3,-1754,1108,14848,-187,34,-123,0,-19.66
861,20:28:31:392,3,Severe_Damage,L3_S3,-1740,1130,14826,-195,30,-115,0,-41.66
862,20:28:31:402,3,Severe_Damage,L3_S3,-1766,1112,14806,-189,19,-121,0,-61.66
863,20:28:31:412,3,Severe_Damage,L3_S3,-1772,1114,14864,-194,25,-124,0,-3.66
864,20:28:31:422,3,Severe_Damage,L3_S3,-1804,1090,14896,-193,30,-124,0,28.34
865,20:28:31:432,3,Severe_Damage,L3_S3,-1766,1124,14890,-194,30,-128,0,22.34
866,20:28:31:442,3,Severe_Damage,L3_S3,-1740,1122,14836,-185,30,-117,0,-31.66
867,20:28:31:452,3,Severe_Damage,L3_S3,-1776,1066,14808,-195,31,-121,0,-59.66
868,20:28:31:462,3,Severe_Damage,L3_S3,-1770,1116,14954,-188,35,-123,0,86.34
869,20:28:31:472,3,Severe_Damage,L3_S3,-1764,1114,14880,-194,22,-122,0,12.34
870,20:28:31:482,3,Severe_Damage,L3_S3,-1748,1118,14862,-190,34,-122,0,-5.66
871,20:28:31:492,3,Severe_Damage,L3_S3,-1776,1106,14836,-191,26,-125,0,-31.66
872,20:28:31:502,3,Severe_Damage,L3_S3,-1774,1128,14834,-193,30,-122,0,-33.66
873,20:28:31:512,3,Severe_Damage,L3_S3,-1768,1108,14938,-192,22,-124,0,70.34
874,20:28:31:522,3,Severe_Damage,L3_S3,-1788,1118,14840,-190,26,-119,0,-27.66
875,20:28:31:532,3,Severe_Damage,L3_S3,-1768,1114,14890,-189,32,-124,0,22.34
876,20:28:31:542,3,Severe_Damage,L3_S3,-1738,1116,14872,-188,34,-122,0,4.34
877,20:28:31:552,3,Severe_Damage,L3_S3,-1754,1128,14900,-186,35,-119,0,32.34
878,20:28:31:562,3,Severe_Damage,L3_S3,-1802,1084,14938,-182,31,-127,0,70.34
879,20:28:31:572,3,Severe_Damage,L3_S3,-1788,1168,14834,-188,25,-118,0,-33.66
880,20:28:31:582,3,Severe_Damage,L3_S3,-1752,1096,14932,-191,36,-124,0,64.34
881,20:28:31:592,3,Severe_Damage,L3_S3,-1776,1106,14850,-191,25,-122,0,-17.66
882,20:28:31:602,3,Severe_Damage,L3_S3,-1784,1086,14868,-187,34,-124,0,0.34
883,20:28:31:612,3,Severe_Damage,L3_S3,-1746,1100,14862,-192,29,-122,0,-5.66
884,20:28:31:622,3,Severe_Damage,L3_S3,-1802,1094,14892,-193,28,-120,0,24.34
885,20:28:31:632,3,Severe_Damage,L3_S3,-1778,1082,14826,-190,26,-119,0,-41.66
886,20:28:31:642,3,Severe_Damage,L3_S3,-1704,1038,14872,-193,30,-123,0,4.34
887,20:28:31:652,3,Severe_Damage,L3_S3,-1796,1134,14828,-192,27,-124,0,-39.66
888,20:28:31:662,3,Severe_Damage,L3_S3,-1760,1114,14882,-192,32,-120,0,14.34
889,20:28:31:672,3,Severe_Damage,L3_S3,-1738,1090,14812,-194,40,-126,0,-55.66
890,20:28:31:682,3,Severe_Damage,L3_S3,-1774,1134,14834,-193,30,-125,0,-33.66
891,20:28:31:692,3,Severe_Damage,L3_S3,-1738,1118,14878,-189,32,-116,0,10.34
892,20:28:31:702,3,Severe_Damage,L3_S3,-1756,1150,14860,-195,30,-115,0,-7.66
893,20:28:31:712,3,Severe_Damage,L3_S3,-1770,1172,14824,-195,30,-118,0,-43.66
894,20:28:31:722,3,Severe_Damage,L3_S3,-1802,1094,14870,-195,21,-118,0,2.34
895,20:28:31:732,3,Severe_Damage,L3_S3,-1790,1098,14882,-188,31,-121,0,14.34
896,20:28:31:742,3,Severe_Damage,L3_S3,-1738,1130,14902,-190,33,-121,0,34.34
897,20:28:31:752,3,Severe_Damage,L3_S3,-1758,1102,14870,-189,28,-129,0,2.34
898,20:28:31:762,3,Severe_Damage,L3_S3,-1760,1094,14854,-193,30,-119,0,-13.66
899,20:28:31:772,3,Severe_Damage,L3_S3,-1740,1136,14858,-186,32,-123,0,-9.66
900,20:28:31:782,3,Severe_Damage,L3_S3,-1764,1072,14870,-192,20,-120,0,2.34
901,20:28:31:792,3,Severe_Damage,L3_S3,-1748,1092,14920,-187,27,-129,0,52.34
902,20:28:31:802,3,Severe_Damage,L3_S3,-1772,1056,14860,-191,28,-120,0,-7.66
903,20:28:31:812,3,Severe_Damage,L3_S3,-1784,1128,14886,-188,31,-122,0,18.34
904,20:28:31:822,3,Severe_Damage,L3_S3,-1792,1116,14892,-192,29,-125,0,24.34
905,20:28:31:832,3,Severe_Damage,L3_S3,-1730,1130,14870,-196,33,-120,0,2.34
906,20:28:31:842,3,Severe_Damage,L3_S3,-1736,1102,14842,-190,33,-127,0,-25.66
907,20:28:31:852,3,Severe_Damage,L3_S3,-1782,1172,14840,-192,32,-120,0,-27.66
908,20:28:31:862,3,Severe_Damage,L3_S3,-1734,1102,14860,-188,30,-123,0,-7.66
909,20:28:31:872,3,Severe_Damage,L3_S3,-1704,1086,14890,-189,26,-121,0,22.34
910,20:28:31:882,3,Severe_Damage,L3_S3,-1776,1166,14886,-190,28,-119,0,18.34
911,20:28:31:892,3,Severe_Damage,L3_S3,-1770,1150,14842,-194,22,-124,0,-25.66
912,20:28:31:902,3,Severe_Damage,L3_S3,-1770,1122,14844,-188,22,-125,0,-23.66
913,20:28:31:912,3,Severe_Damage,L3_S3,-1786,1118,14842,-188,29,-122,0,-25.66
914,20:28:31:922,3,Severe_Damage,L3_S3,-1712,1076,14890,-186,25,-119,0,22.34
915,20:28:31:932,3,Severe_Damage,L3_S3,-1774,1104,14796,-198,22,-116,0,-71.66
916,20:28:31:942,3,Severe_Damage,L3_S3,-1794,1110,14824,-193,30,-115,0,-43.66
917,20:28:31:952,3,Severe_Damage,L3_S3,-1772,1090,14888,-197,31,-117,0,20.34
918,20:28:31:962,3,Severe_Damage,L3_S3,-1812,1130,14812,-193,29,-117,0,-55.66
919,20:28:31:972,3,Severe_Damage,L3_S3,-1718,1058,14868,-185,27,-118,0,0.34
920,20:28:31:982,3,Severe_Damage,L3_S3,-1718,1124,14882,-187,23,-123,0,14.34
921,20:28:31:992,3,Severe_Damage,L3_S3,-1782,1098,14906,-192,26,-117,0,38.34
922,20:28:32:002,3,Severe_Damage,L3_S3,-1718,1084,14876,-184,32,-125,0,8.34
923,20:28:32:012,3,Severe_Damage,L3_S3,-1772,1102,14904,-189,29,-117,0,36.34
924,20:28:32:022,3,Severe_Damage,L3_S3,-1788,1114,14858,-186,30,-121,0,-9.66
925,20:28:32:032,3,Severe_Damage,L3_S3,-1766,1114,14830,-192,26,-119,0,-37.66
926,20:28:32:042,3,Severe_Damage,L3_S3,-1800,1096,14836,-192,38,-118,0,-31.66
927,20:28:32:052,3,Severe_Damage,L3_S3,-1780,1118,14850,-197,29,-127,0,-17.66
928,20:28:32:062,3,Severe_Damage,L3_S3,-1780,1112,14846,-188,29,-124,0,-21.66
929,20:28:32:072,3,Severe_Damage,L3_S3,-1792,1152,14752,-190,27,-128,0,-115.66
930,20:28:32:082,3,Severe_Damage,L3_S3,-1748,1120,14842,-188,28,-123,0,-25.66
931,20:28:32:092,3,Severe_Damage,L3_S3,-1750,1086,14910,-191,26,-137,0,42.34
932,20:28:32:102,3,Severe_Damage,L3_S3,-1782,1104,14836,-194,33,-126,0,-31.66
933,20:28:32:112,3,Severe_Damage,L3_S3,-1728,1108,14852,-200,33,-122,0,-15.66
934,20:28:32:122,3,Severe_Damage,L3_S3,-1756,1114,14928,-191,37,-127,0,60.34
935,20:28:32:132,3,Severe_Damage,L3_S3,-1762,1126,14864,-187,26,-128,0,-3.66
936,20:28:32:142,3,Severe_Damage,L3_S3,-1726,1106,14840,-192,22,-119,0,-27.66
937,20:28:32:152,3,Severe_Damage,L3_S3,-1802,1142,14908,-188,34,-117,0,40.34
938,20:28:32:162,3,Severe_Damage,L3_S3,-1764,1110,14832,-190,26,-121,0,-35.66
939,20:28:32:172,3,Severe_Damage,L3_S3,-1764,1114,14866,-184,22,-126,0,-1.66
940,20:28:32:182,3,Severe_Damage,L3_S3,-1734,1106,14844,-190,27,-130,0,-23.66
941,20:28:32:192,3,Severe_Damage,L3_S3,-1776,1106,14866,-193,31,-119,0,-1.66
942,20:28:32:202,3,Severe_Damage,L3_S3,-1772,1098,14910,-189,31,-115,0,42.34
943,20:28:32:212,3,Severe_Damage,L3_S3,-1716,1094,14868,-185,32,-112,0,0.34
944,20:28:32:222,3,Severe_Damage,L3_S3,-1796,1106,14878,-188,24,-114,0,10.34
945,20:28:32:232,3,Severe_Damage,L3_S3,-1740,1088,14878,-186,32,-124,0,10.34
946,20:28:32:242,3,Severe_Damage,L3_S3,-1774,1144,14832,-193,26,-116,0,-35.66
947,20:28:32:252,3,Severe_Damage,L3_S3,-1754,1134,14856,-188,31,-116,0,-11.66
948,20:28:32:262,3,Severe_Damage,L3_S3,-1784,1080,14866,-191,27,-125,0,-1.66
949,20:28:32:273,3,Severe_Damage,L3_S3,-1728,1086,14912,-199,27,-130,0,44.34
950,20:28:32:282,3,Severe_Damage,L3_S3,-1758,1092,14976,-193,29,-130,0,108.34
951,20:28:32:292,3,Severe_Damage,L3_S3,-1766,1102,14970,-192,31,-121,0,102.34
952,20:28:32:302,3,Severe_Damage,L3_S3,-1780,1076,14880,-193,30,-122,0,12.34
953,20:28:32:312,3,Severe_Damage,L3_S3,-1788,1084,14866,-191,23,-125,0,-1.66
954,20:28:32:322,3,Severe_Damage,L3_S3,-1774,1120,14904,-194,29,-114,0,36.34
955,20:28:32:332,3,Severe_Damage,L3_S3,-1738,1094,14890,-194,33,-126,0,22.34
956,20:28:32:342,3,Severe_Damage,L3_S3,-1762,1140,14852,-195,29,-124,0,-15.66
957,20:28:32:352,3,Severe_Damage,L3_S3,-1744,1128,14892,-196,33,-118,0,24.34
958,20:28:32:362,3,Severe_Damage,L3_S3,-1738,1110,14878,-189,28,-119,0,10.34
959,20:28:32:372,3,Severe_Damage,L3_S3,-1782,1138,14788,-190,25,-121,0,-79.66
960,20:28:32:383,3,Severe_Damage,L3_S3,-1736,1118,14844,-179,30,-125,0,-23.66
961,20:28:32:392,3,Severe_Damage,L3_S3,-1722,1080,14892,-194,31,-127,0,24.34
962,20:28:32:402,3,Severe_Damage,L3_S3,-1774,1114,14882,-191,30,-123,0,14.34
963,20:28:32:412,3,Severe_Damage,L3_S3,-1768,1114,14894,-188,30,-128,0,26.34
964,20:28:32:422,3,Severe_Damage,L3_S3,-1778,1100,14914,-188,28,-127,0,46.34
965,20:28:32:432,3,Severe_Damage,L3_S3,-1752,1084,14886,-190,33,-118,0,18.34
966,20:28:32:442,3,Severe_Damage,L3_S3,-1732,1106,14854,-195,25,-125,0,-13.66
967,20:28:32:452,3,Severe_Damage,L3_S3,-1758,1116,14864,-195,25,-117,0,-3.66
968,20:28:32:462,3,Severe_Damage,L3_S3,-1766,1064,14900,-191,34,-122,0,32.34
969,20:28:32:472,3,Severe_Damage,L3_S3,-1796,1114,14828,-195,33,-121,0,-39.66
970,20:28:32:482,3,Severe_Damage,L3_S3,-1796,1120,14852,-200,32,-122,0,-15.66
971,20:28:32:492,3,Severe_Damage,L3_S3,-1786,1070,14888,-196,31,-127,0,20.34
972,20:28:32:502,3,Severe_Damage,L3_S3,-1774,1084,14828,-193,28,-117,0,-39.66
973,20:28:32:512,3,Severe_Damage,L3_S3,-1762,1108,14832,-193,34,-128,0,-35.66
974,20:28:32:522,3,Severe_Damage,L3_S3,-1784,1088,14852,-195,32,-126,0,-15.66
975,20:28:32:533,3,Severe_Damage,L3_S3,-1816,1150,14874,-196,26,-119,0,6.34
976,20:28:32:542,3,Severe_Damage,L3_S3,-1802,1122,14854,-194,30,-130,0,-13.66
977,20:28:32:552,3,Severe_Damage,L3_S3,-1820,1108,14844,-195,19,-117,0,-23.66
978,20:28:32:562,3,Severe_Damage,L3_S3,-1816,1118,14872,-190,32,-118,0,4.34
979,20:28:32:572,3,Severe_Damage,L3_S3,-1770,1160,14830,-185,25,-121,0,-37.66
980,20:28:32:582,3,Severe_Damage,L3_S3,-1758,1134,14842,-189,36,-121,0,-25.66
981,20:28:32:592,3,Severe_Damage,L3_S3,-1766,1112,14872,-188,33,-122,0,4.34
982,20:28:32:602,3,Severe_Damage,L3_S3,-1742,1110,14890,-187,24,-120,0,22.34
983,20:28:32:612,3,Severe_Damage,L3_S3,-1760,1138,14878,-186,32,-121,0,10.34
984,20:28:32:622,3,Severe_Damage,L3_S3,-1780,1126,14894,-192,23,-123,0,26.34
985,20:28:32:632,3,Severe_Damage,L3_S3,-1736,1122,14868,-187,25,-126,0,0.34
986,20:28:32:642,3,Severe_Damage,L3_S3,-1774,1092,14916,-189,34,-120,0,48.34
987,20:28:32:652,3,Severe_Damage,L3_S3,-1792,1086,14916,-193,30,-118,0,48.34
988,20:28:32:662,3,Severe_Damage,L3_S3,-1762,1116,14850,-194,33,-121,0,-17.66
989,20:28:32:672,3,Severe_Damage,L3_S3,-1768,1120,14918,-194,28,-119,0,50.34
990,20:28:32:682,3,Severe_Damage,L3_S3,-1798,1154,14880,-192,29,-119,0,12.34
991,20:28:32:692,3,Severe_Damage,L3_S3,-1792,1100,14820,-195,32,-123,0,-47.66
992,20:28:32:702,3,Severe_Damage,L3_S3,-1746,1094,14880,-195,28,-126,0,12.34
993,20:28:32:712,3,Severe_Damage,L3_S3,-1754,1082,14774,-195,24,-121,0,-93.66
994,20:28:32:722,3,Severe_Damage,L3_S3,-1804,1116,14838,-195,28,-124,0,-29.66
995,20:28:32:732,3,Severe_Damage,L3_S3,-1734,1062,14846,-186,34,-122,0,-21.66
996,20:28:32:742,3,Severe_Damage,L3_S3,-1824,1046,14856,-191,31,-125,0,-11.66
997,20:28:32:752,3,Severe_Damage,L3_S3,-1790,1108,14876,-190,34,-124,0,8.34
998,20:28:32:763,3,Severe_Damage,L3_S3,-1778,1118,14840,-191,29,-124,0,-27.66
999,20:28:32:772,3,Severe_Damage,L3_S3,-1748,1074,14908,-185,22,-120,0,40.34
1000,20:28:32:782,3,Severe_Damage,L3_S3,-1746,1096,14886,-190,29,-118,0,18.34
1001,20:28:32:793,3,Severe_Damage,L3_S3,-1790,1082,14838,-191,32,-121,0,-29.66
1002,20:28:32:802,3,Severe_Damage,L3_S3,-1756,1126,14858,-193,28,-126,0,-9.66
1003,20:28:32:813,3,Severe_Damage,L3_S3,-1800,1072,14836,-188,33,-124,0,-31.66
1004,20:28:32:823,3,Severe_Damage,L3_S3,-1726,1106,14790,-187,40,-123,0,-77.66
1005,20:28:32:833,3,Severe_Damage,L3_S3,-1760,1102,14920,-189,33,-121,0,52.34
1006,20:28:32:843,3,Severe_Damage,L3_S3,-1724,1106,14778,-188,31,-119,0,-89.66
1007,20:28:32:853,3,Severe_Damage,L3_S3,-1744,1082,14902,-194,31,-120,0,34.34
1008,20:28:32:863,3,Severe_Damage,L3_S3,-1718,1116,14920,-194,28,-116,0,52.34
1009,20:28:32:873,3,Severe_Damage,L3_S3,-1706,1102,14872,-193,33,-125,0,4.34
1010,20:28:32:883,3,Severe_Damage,L3_S3,-1786,1118,14864,-194,26,-123,0,-3.66
1011,20:28:32:893,3,Severe_Damage,L3_S3,-1756,1082,14814,-194,25,-121,0,-53.66
1012,20:28:32:903,3,Severe_Damage,L3_S3,-1776,1112,14876,-188,26,-123,0,8.34
1013,20:28:32:913,3,Severe_Damage,L3_S3,-1804,1094,14842,-188,29,-125,0,-25.66
1014,20:28:32:923,3,Severe_Damage,L3_S3,-1764,1124,14860,-191,30,-123,0,-7.66
1015,20:28:32:933,3,Severe_Damage,L3_S3,-1792,1068,14862,-192,26,-127,0,-5.66
1016,20:28:32:943,3,Severe_Damage,L3_S3,-1810,1136,14870,-195,27,-126,0,2.34
1017,20:28:32:953,3,Severe_Damage,L3_S3,-1744,1132,14908,-187,36,-119,0,40.34
1018,20:28:32:963,3,Severe_Damage,L3_S3,-1792,1098,14902,-195,33,-114,0,34.34
1019,20:28:32:973,3,Severe_Damage,L3_S3,-1798,1108,14874,-195,33,-120,0,6.34
1020,20:28:32:983,3,Severe_Damage,L3_S3,-1754,1092,14934,-199,28,-112,0,66.34
1021,20:28:32:993,3,Severe_Damage,L3_S3,-1788,1126,14846,-191,33,-122,0,-21.66
1022,20:28:33:003,3,Severe_Damage,L3_S3,-1734,1082,14828,-194,40,-128,0,-39.66
1023,20:28:33:013,3,Severe_Damage,L3_S3,-1786,1094,14840,-189,29,-117,0,-27.66
1024,20:28:33:023,3,Severe_Damage,L3_S3,-1786,1108,14846,-191,29,-124,0,-21.66
1025,20:28:33:033,3,Severe_Damage,L3_S3,-1780,1114,14896,-188,25,-120,0,28.34
1026,20:28:33:043,3,Severe_Damage,L3_S3,-1764,1110,14860,-191,30,-129,0,-7.66
1027,20:28:33:053,3,Severe_Damage,L3_S3,-1772,1132,14774,-190,34,-127,0,-93.66
1028,20:28:33:063,3,Severe_Damage,L3_S3,-1804,1108,14800,-193,26,-124,0,-67.66
1029,20:28:33:073,3,Severe_Damage,L3_S3,-1774,1108,14856,-183,21,-122,0,-11.66
1030,20:28:33:083,3,Severe_Damage,L3_S3,-1744,1074,14832,-194,35,-126,0,-35.66
1031,20:28:33:093,3,Severe_Damage,L3_S3,-1756,1094,14834,-195,34,-121,0,-33.66
1032,20:28:33:103,3,Severe_Damage,L3_S3,-1762,1124,14822,-196,32,-113,0,-45.66
1033,20:28:33:113,3,Severe_Damage,L3_S3,-1740,1130,14870,-198,33,-123,0,2.34
1034,20:28:33:123,3,Severe_Damage,L3_S3,-1752,1082,14870,-195,36,-119,0,2.34
1035,20:28:33:133,3,Severe_Damage,L3_S3,-1704,1118,14880,-190,29,-121,0,12.34
1036,20:28:33:143,3,Severe_Damage,L3_S3,-1780,1098,14896,-197,28,-127,0,28.34
1037,20:28:33:153,3,Severe_Damage,L3_S3,-1764,1088,14912,-195,33,-130,0,44.34
1038,20:28:33:163,3,Severe_Damage,L3_S3,-1812,1108,14892,-189,25,-131,0,24.34
1039,20:28:33:173,3,Severe_Damage,L3_S3,-1796,1118,14880,-187,23,-128,0,12.34
1040,20:28:33:183,3,Severe_Damage,L3_S3,-1742,1078,14876,-186,24,-126,0,8.34
1041,20:28:33:193,3,Severe_Damage,L3_S3,-1764,1154,14892,-193,29,-127,0,24.34
1042,20:28:33:203,3,Severe_Damage,L3_S3,-1796,1096,14902,-188,39,-132,0,34.34
1043,20:28:33:213,3,Severe_Damage,L3_S3,-1786,1118,14918,-186,37,-129,0,50.34
1044,20:28:33:223,3,Severe_Damage,L3_S3,-1760,1138,14950,-191,29,-125,0,82.34
1045,20:28:33:233,3,Severe_Damage,L3_S3,-1740,1100,14878,-189,27,-124,0,10.34
1046,20:28:33:243,3,Severe_Damage,L3_S3,-1774,1108,14898,-191,25,-121,0,30.34
1047,20:28:33:253,3,Severe_Damage,L3_S3,-1782,1112,14852,-195,29,-123,0,-15.66
1048,20:28:33:263,3,Severe_Damage,L3_S3,-1776,1100,14810,-191,34,-119,0,-57.66
1049,20:28:33:273,3,Severe_Damage,L3_S3,-1776,1108,14918,-183,24,-131,0,50.34
1050,20:28:33:283,3,Severe_Damage,L3_S3,-1746,1136,14834,-186,24,-129,0,-33.66
1051,20:28:33:293,3,Severe_Damage,L3_S3,-1762,1094,14914,-192,24,-121,0,46.34
1052,20:28:33:303,3,Severe_Damage,L3_S3,-1792,1100,14842,-202,28,-125,0,-25.66
1053,20:28:33:313,3,Severe_Damage,L3_S3,-1798,1130,14906,-195,28,-123,0,38.34
1054,20:28:33:323,3,Severe_Damage,L3_S3,-1802,1118,14850,-187,29,-126,0,-17.66
1055,20:28:33:333,3,Severe_Damage,L3_S3,-1750,1138,14948,-184,23,-124,0,80.34
1056,20:28:33:343,3,Severe_Damage,L3_S3,-1788,1176,14768,-189,23,-126,0,-99.66
1057,20:28:33:353,3,Severe_Damage,L3_S3,-1734,1098,14862,-184,29,-131,0,-5.66
1058,20:28:33:363,3,Severe_Damage,L3_S3,-1786,1164,14858,-192,26,-128,0,-9.66
1059,20:28:33:373,3,Severe_Damage,L3_S3,-1750,1114,14866,-188,28,-121,0,-1.66
1060,20:28:33:383,3,Severe_Damage,L3_S3,-1726,1118,14872,-183,27,-125,0,4.34
1061,20:28:33:393,3,Severe_Damage,L3_S3,-1760,1106,14884,-194,30,-120,0,16.34
1062,20:28:33:403,3,Severe_Damage,L3_S3,-1758,1106,14852,-189,32,-125,0,-15.66
1063,20:28:33:413,3,Severe_Damage,L3_S3,-1766,1098,14956,-187,24,-119,0,88.34
1064,20:28:33:423,3,Severe_Damage,L3_S3,-1778,1080,14868,-194,32,-125,0,0.34
1065,20:28:33:433,3,Severe_Damage,L3_S3,-1756,1104,14878,-198,32,-121,0,10.34
1066,20:28:33:443,3,Severe_Damage,L3_S3,-1750,1106,14840,-193,32,-118,0,-27.66
1067,20:28:33:453,3,Severe_Damage,L3_S3,-1786,1074,14868,-192,31,-127,0,0.34
1068,20:28:33:463,3,Severe_Damage,L3_S3,-1764,1138,14800,-191,30,-116,0,-67.66
1069,20:28:33:473,3,Severe_Damage,L3_S3,-1840,1122,14862,-200,32,-126,0,-5.66
1070,20:28:33:483,3,Severe_Damage,L3_S3,-1758,1096,14886,-195,29,-123,0,18.34
1071,20:28:33:493,3,Severe_Damage,L3_S3,-1760,1120,14894,-194,25,-128,0,26.34
1072,20:28:33:503,3,Severe_Damage,L3_S3,-1768,1084,14844,-186,28,-116,0,-23.66
1073,20:28:33:513,3,Severe_Damage,L3_S3,-1800,1056,14858,-192,23,-124,0,-9.66
1074,20:28:33:523,3,Severe_Damage,L3_S3,-1798,1102,14742,-196,26,-121,0,-125.66
1075,20:28:33:533,3,Severe_Damage,L3_S3,-1736,1128,14868,-187,27,-126,0,0.34
1076,20:28:33:543,3,Severe_Damage,L3_S3,-1804,1104,14842,-191,23,-124,0,-25.66
1077,20:28:33:553,3,Severe_Damage,L3_S3,-1754,1140,14920,-189,32,-123,0,52.34
1078,20:28:33:563,3,Severe_Damage,L3_S3,-1756,1134,14810,-190,21,-122,0,-57.66
1079,20:28:33:573,3,Severe_Damage,L3_S3,-1754,1108,14872,-194,27,-124,0,4.34
1080,20:28:33:583,3,Severe_Damage,L3_S3,-1754,1088,14860,-185,28,-117,0,-7.66
1081,20:28:33:593,3,Severe_Damage,L3_S3,-1774,1094,14954,-186,27,-122,0,86.34
1082,20:28:33:603,3,Severe_Damage,L3_S3,-1726,1102,14806,-188,28,-124,0,-61.66
1083,20:28:33:613,3,Severe_Damage,L3_S3,-1714,1124,14836,-185,32,-119,0,-31.66
1084,20:28:33:623,3,Severe_Damage,L3_S3,-1760,1118,14956,-188,30,-120,0,88.34
1085,20:28:33:633,3,Severe_Damage,L3_S3,-1756,1104,14946,-188,26,-117,0,78.34
1086,20:28:33:643,3,Severe_Damage,L3_S3,-1782,1136,14824,-194,27,-124,0,-43.66
1087,20:28:33:653,3,Severe_Damage,L3_S3,-1772,1120,14926,-190,30,-123,0,58.34
1088,20:28:33:663,3,Severe_Damage,L3_S3,-1770,1114,14926,-187,30,-128,0,58.34
1089,20:28:33:673,3,Severe_Damage,L3_S3,-1766,1120,14882,-194,31,-119,0,14.34
1090,20:28:33:683,3,Severe_Damage,L3_S3,-1750,1086,14906,-192,29,-117,0,38.34
1091,20:28:33:693,3,Severe_Damage,L3_S3,-1766,1104,14828,-191,37,-123,0,-39.66
1092,20:28:33:703,3,Severe_Damage,L3_S3,-1778,1120,14858,-193,36,-123,0,-9.66
1093,20:28:33:713,3,Severe_Damage,L3_S3,-1740,1068,14972,-190,29,-120,0,104.34
1094,20:28:33:723,3,Severe_Damage,L3_S3,-1778,1126,14916,-187,26,-119,0,48.34
1095,20:28:33:733,3,Severe_Damage,L3_S3,-1814,1112,14866,-188,30,-119,0,-1.66
1096,20:28:33:743,3,Severe_Damage,L3_S3,-1724,1108,14864,-192,34,-120,0,-3.66
1097,20:28:33:753,3,Severe_Damage,L3_S3,-1782,1116,14902,-192,30,-119,0,34.34
1098,20:28:33:763,3,Severe_Damage,L3_S3,-1752,1122,14890,-192,32,-122,0,22.34
1099,20:28:33:773,3,Severe_Damage,L3_S3,-1760,1108,14938,-187,33,-120,0,70.34
1100,20:28:33:783,3,Severe_Damage,L3_S3,-1790,1168,14900,-192,36,-120,0,32.34
1101,20:28:33:793,3,Severe_Damage,L3_S3,-1746,1106,14932,-185,35,-130,0,64.34
1102,20:28:33:803,3,Severe_Damage,L3_S3,-1756,1074,14840,-190,35,-124,0,-27.66
1103,20:28:33:813,3,Severe_Damage,L3_S3,-1790,1132,14890,-190,30,-121,0,22.34
1104,20:28:33:823,3,Severe_Damage,L3_S3,-1714,1140,14846,-195,33,-124,0,-21.66
1105,20:28:33:833,3,Severe_Damage,L3_S3,-1768,1106,14922,-189,26,-120,0,54.34
1106,20:28:33:843,3,Severe_Damage,L3_S3,-1794,1136,14844,-188,31,-128,0,-23.66
1107,20:28:33:853,3,Severe_Damage,L3_S3,-1754,1062,14912,-193,21,-125,0,44.34
1108,20:28:33:863,3,Severe_Damage,L3_S3,-1750,1106,14846,-191,29,-126,0,-21.66
1109,20:28:33:873,3,Severe_Damage,L3_S3,-1778,1070,14812,-194,27,-125,0,-55.66
1110,20:28:33:883,3,Severe_Damage,L3_S3,-1732,1120,14882,-193,33,-126,0,14.34
1111,20:28:33:893,3,Severe_Damage,L3_S3,-1774,1080,14818,-191,39,-123,0,-49.66
1112,20:28:33:903,3,Severe_Damage,L3_S3,-1760,1162,14862,-197,25,-120,0,-5.66
1113,20:28:33:913,3,Severe_Damage,L3_S3,-1760,1114,14880,-195,31,-125,0,12.34
1114,20:28:33:923,3,Severe_Damage,L3_S3,-1734,1092,14840,-190,22,-123,0,-27.66
1115,20:28:33:933,3,Severe_Damage,L3_S3,-1820,1098,14864,-192,30,-116,0,-3.66
1116,20:28:33:943,3,Severe_Damage,L3_S3,-1776,1100,14880,-191,37,-124,0,12.34
1117,20:28:33:953,3,Severe_Damage,L3_S3,-1746,1112,14850,-190,28,-129,0,-17.66
1118,20:28:33:963,3,Severe_Damage,L3_S3,-1800,1126,14852,-191,28,-122,0,-15.66
1119,20:28:33:973,3,Severe_Damage,L3_S3,-1708,1118,14886,-192,28,-124,0,18.34
1120,20:28:33:983,3,Severe_Damage,L3_S3,-1756,1108,14856,-191,29,-121,0,-11.66
1121,20:28:33:993,3,Severe_Damage,L3_S3,-1740,1114,14892,-190,26,-119,0,24.34
1122,20:28:34:003,3,Severe_Damage,L3_S3,-1742,1154,14864,-185,28,-123,0,-3.66
1123,20:28:34:013,3,Severe_Damage,L3_S3,-1782,1114,14906,-191,32,-120,0,38.34
1124,20:28:34:023,3,Severe_Damage,L3_S3,-1784,1106,14912,-185,33,-127,0,44.34
1125,20:28:34:033,3,Severe_Damage,L3_S3,-1776,1120,14924,-196,27,-124,0,56.34
1126,20:28:34:043,3,Severe_Damage,L3_S3,-1712,1124,14838,-195,34,-125,0,-29.66
1127,20:28:34:053,3,Severe_Damage,L3_S3,-1730,1120,14888,-191,35,-125,0,20.34
1128,20:28:34:063,3,Severe_Damage,L3_S3,-1758,1126,14892,-189,27,-123,0,24.34
1129,20:28:34:073,3,Severe_Damage,L3_S3,-1754,1116,14882,-190,35,-125,0,14.34
1130,20:28:34:083,3,Severe_Damage,L3_S3,-1772,1128,14864,-195,29,-121,0,-3.66
1131,20:28:34:093,3,Severe_Damage,L3_S3,-1740,1124,14930,-199,27,-122,0,62.34
1132,20:28:34:103,3,Severe_Damage,L3_S3,-1774,1110,14888,-195,29,-118,0,20.34
1133,20:28:34:113,3,Severe_Damage,L3_S3,-1770,1114,14866,-195,35,-115,0,-1.66
1134,20:28:34:123,3,Severe_Damage,L3_S3,-1738,1120,14824,-196,27,-125,0,-43.66
1135,20:28:34:133,3,Severe_Damage,L3_S3,-1788,1100,14840,-199,35,-122,0,-27.66
1136,20:28:34:143,3,Severe_Damage,L3_S3,-1794,1068,14858,-194,31,-123,0,-9.66
1137,20:28:34:153,3,Severe_Damage,L3_S3,-1728,1102,14818,-195,27,-125,0,-49.66
1138,20:28:34:163,3,Severe_Damage,L3_S3,-1780,1096,14838,-193,27,-126,0,-29.66
1139,20:28:34:173,3,Severe_Damage,L3_S3,-1734,1086,14842,-192,25,-128,0,-25.66
1140,20:28:34:183,3,Severe_Damage,L3_S3,-1812,1102,14842,-193,27,-129,0,-25.66
1141,20:28:34:193,3,Severe_Damage,L3_S3,-1744,1142,14862,-190,25,-122,0,-5.66
1142,20:28:34:203,3,Severe_Damage,L3_S3,-1770,1096,14884,-189,32,-119,0,16.34
1143,20:28:34:213,3,Severe_Damage,L3_S3,-1740,1168,14820,-189,22,-121,0,-47.66
1144,20:28:34:223,3,Severe_Damage,L3_S3,-1758,1158,14876,-186,32,-125,0,8.34
1145,20:28:34:233,3,Severe_Damage,L3_S3,-1778,1144,14884,-188,31,-125,0,16.34
1146,20:28:34:243,3,Severe_Damage,L3_S3,-1796,1124,14834,-194,30,-127,0,-33.66
1147,20:28:34:253,3,Severe_Damage,L3_S3,-1748,1074,14866,-195,35,-126,0,-1.66
1148,20:28:34:263,3,Severe_Damage,L3_S3,-1768,1102,14860,-196,31,-123,0,-7.66
1149,20:28:34:273,3,Severe_Damage,L3_S3,-1786,1124,14840,-192,26,-128,0,-27.66
1150,20:28:34:283,3,Severe_Damage,L3_S3,-1742,1116,14898,-192,26,-126,0,30.34
1151,20:28:34:293,3,Severe_Damage,L3_S3,-1800,1112,14834,-198,20,-120,0,-33.66
1152,20:28:34:303,3,Severe_Damage,L3_S3,-1742,1144,14872,-193,37,-130,0,4.34
1153,20:28:34:313,3,Severe_Damage,L3_S3,-1784,1090,14900,-193,29,-128,0,32.34
1154,20:28:34:323,3,Severe_Damage,L3_S3,-1814,1112,14838,-194,30,-120,0,-29.66
1155,20:28:34:333,3,Severe_Damage,L3_S3,-1776,1122,14862,-197,28,-120,0,-5.66
1156,20:28:34:343,3,Severe_Damage,L3_S3,-1758,1106,14762,-195,21,-119,0,-105.66
1157,20:28:34:353,3,Severe_Damage,L3_S3,-1758,1094,14944,-191,23,-120,0,76.34
1158,20:28:34:363,3,Severe_Damage,L3_S3,-1804,1138,14850,-194,30,-118,0,-17.66
1159,20:28:34:373,3,Severe_Damage,L3_S3,-1760,1128,14854,-193,24,-117,0,-13.66
1160,20:28:34:383,3,Severe_Damage,L3_S3,-1780,1118,14854,-188,34,-126,0,-13.66
1161,20:28:34:393,3,Severe_Damage,L3_S3,-1844,1158,14836,-189,32,-120,0,-31.66
1162,20:28:34:403,3,Severe_Damage,L3_S3,-1756,1074,14876,-192,24,-126,0,8.34
1163,20:28:34:413,3,Severe_Damage,L3_S3,-1712,1110,14922,-188,29,-129,0,54.34
1164,20:28:34:423,3,Severe_Damage,L3_S3,-1774,1140,14874,-194,32,-123,0,6.34
1165,20:28:34:433,3,Severe_Damage,L3_S3,-1744,1124,14846,-192,35,-125,0,-21.66
1166,20:28:34:443,3,Severe_Damage,L3_S3,-1764,1132,14870,-190,32,-121,0,2.34
1167,20:28:34:453,3,Severe_Damage,L3_S3,-1748,1064,14866,-185,30,-118,0,-1.66
1168,20:28:34:463,3,Severe_Damage,L3_S3,-1740,1100,14870,-188,31,-126,0,2.34
1169,20:28:34:473,3,Severe_Damage,L3_S3,-1730,1124,14888,-193,29,-116,0,20.34
1170,20:28:34:483,3,Severe_Damage,L3_S3,-1758,1114,14894,-197,23,-127,0,26.34
1171,20:28:34:493,3,Severe_Damage,L3_S3,-1742,1118,14830,-191,31,-125,0,-37.66
1172,20:28:34:503,3,Severe_Damage,L3_S3,-1798,1130,14834,-187,31,-123,0,-33.66
1173,20:28:34:513,3,Severe_Damage,L3_S3,-1760,1126,14952,-186,33,-121,0,84.34
1174,20:28:34:523,3,Severe_Damage,L3_S3,-1752,1138,14854,-196,25,-116,0,-13.66
1175,20:28:34:533,3,Severe_Damage,L3_S3,-1770,1126,14882,-191,26,-122,0,14.34
1176,20:28:34:543,3,Severe_Damage,L3_S3,-1760,1124,14826,-194,29,-121,0,-41.66
1177,20:28:34:553,3,Severe_Damage,L3_S3,-1828,1152,14834,-190,30,-122,0,-33.66
1178,20:28:34:563,3,Severe_Damage,L3_S3,-1726,1044,14862,-190,27,-124,0,-5.66
1179,20:28:34:573,3,Severe_Damage,L3_S3,-1788,1104,14838,-186,35,-122,0,-29.66
1180,20:28:34:583,3,Severe_Damage,L3_S3,-1810,1082,14818,-192,32,-120,0,-49.66
1181,20:28:34:593,3,Severe_Damage,L3_S3,-1748,1108,14874,-187,31,-122,0,6.34
1182,20:28:34:603,3,Severe_Damage,L3_S3,-1792,1150,14850,-188,27,-120,0,-17.66
1183,20:28:34:613,3,Severe_Damage,L3_S3,-1730,1144,14860,-188,38,-128,0,-7.66
1184,20:28:34:623,3,Severe_Damage,L3_S3,-1768,1092,14844,-197,28,-121,0,-23.66
1185,20:28:34:633,3,Severe_Damage,L3_S3,-1772,1100,14874,-188,31,-129,0,6.34
1186,20:28:34:643,3,Severe_Damage,L3_S3,-1778,1096,14888,-194,24,-131,0,20.34
1187,20:28:34:653,3,Severe_Damage,L3_S3,-1754,1162,14934,-192,27,-123,0,66.34
1188,20:28:34:663,3,Severe_Damage,L3_S3,-1758,1108,14914,-190,30,-122,0,46.34
1189,20:28:34:673,3,Severe_Damage,L3_S3,-1774,1118,14848,-191,30,-126,0,-19.66
1190,20:28:34:683,3,Severe_Damage,L3_S3,-1812,1128,14878,-193,36,-123,0,10.34
1191,20:28:34:693,3,Severe_Damage,L3_S3,-1762,1120,14892,-197,26,-126,0,24.34
1192,20:28:34:703,3,Severe_Damage,L3_S3,-1822,1096,14906,-193,29,-125,0,38.34
1193,20:28:34:713,3,Severe_Damage,L3_S3,-1750,1114,14886,-192,29,-122,0,18.34
1194,20:28:34:723,3,Severe_Damage,L3_S3,-1710,1088,14870,-194,32,-124,0,2.34
1195,20:28:34:733,3,Severe_Damage,L3_S3,-1748,1098,14840,-190,32,-119,0,-27.66
1196,20:28:34:743,3,Severe_Damage,L3_S3,-1770,1124,14886,-191,33,-126,0,18.34
1197,20:28:34:753,3,Severe_Damage,L3_S3,-1796,1104,14858,-194,27,-122,0,-9.66
1198,20:28:34:763,3,Severe_Damage,L3_S3,-1756,1120,14836,-190,35,-120,0,-31.66
1199,20:28:34:773,3,Severe_Damage,L3_S3,-1752,1078,14836,-192,32,-120,0,-31.66
1200,20:28:34:783,3,Severe_Damage,L3_S3,-1756,1068,14900,-190,35,-114,0,32.34
1201,20:28:34:793,3,Severe_Damage,L3_S3,-1798,1126,14894,-192,30,-123,0,26.34
1202,20:28:34:803,3,Severe_Damage,L3_S3,-1754,1160,14858,-185,29,-121,0,-9.66
1203,20:28:34:813,3,Severe_Damage,L3_S3,-1804,1096,14930,-196,40,-121,0,62.34
1204,20:28:34:823,3,Severe_Damage,L3_S3,-1764,1082,14878,-195,36,-128,0,10.34
1205,20:28:34:833,3,Severe_Damage,L3_S3,-1798,1134,14864,-190,31,-119,0,-3.66
1206,20:28:34:843,3,Severe_Damage,L3_S3,-1794,1094,14824,-189,30,-125,0,-43.66
1207,20:28:34:853,3,Severe_Damage,L3_S3,-1754,1084,14916,-190,27,-126,0,48.34
1208,20:28:34:863,3,Severe_Damage,L3_S3,-1744,1110,14882,-194,30,-124,0,14.34
1209,20:28:34:873,3,Severe_Damage,L3_S3,-1732,1112,14864,-191,30,-124,0,-3.66
1210,20:28:34:883,3,Severe_Damage,L3_S3,-1770,1124,14900,-197,23,-119,0,32.34
1211,20:28:34:893,3,Severe_Damage,L3_S3,-1768,1134,14886,-190,28,-119,0,18.34
1212,20:28:34:904,3,Severe_Damage,L3_S3,-1724,1138,14884,-191,38,-124,0,16.34
1213,20:28:34:913,3,Severe_Damage,L3_S3,-1804,1100,14846,-189,30,-122,0,-21.66
1214,20:28:34:923,3,Severe_Damage,L3_S3,-1722,1122,14904,-194,30,-127,0,36.34
1215,20:28:34:933,3,Severe_Damage,L3_S3,-1748,1128,14924,-186,28,-126,0,56.34
1216,20:28:34:943,3,Severe_Damage,L3_S3,-1796,1104,14894,-187,28,-120,0,26.34
1217,20:28:34:953,3,Severe_Damage,L3_S3,-1778,1120,14894,-190,30,-121,0,26.34
1218,20:28:34:963,3,Severe_Damage,L3_S3,-1770,1138,14876,-193,32,-116,0,8.34
1219,20:28:34:973,3,Severe_Damage,L3_S3,-1784,1086,14860,-189,32,-122,0,-7.66
1220,20:28:34:983,3,Severe_Damage,L3_S3,-1750,1100,14876,-190,26,-120,0,8.34
1221,20:28:34:993,3,Severe_Damage,L3_S3,-1814,1114,14864,-192,28,-119,0,-3.66
1222,20:28:35:003,3,Severe_Damage,L3_S3,-1730,1104,14848,-194,33,-116,0,-19.66
1223,20:28:35:013,3,Severe_Damage,L3_S3,-1742,1074,14872,-193,31,-126,0,4.34
1224,20:28:35:024,3,Severe_Damage,L3_S3,-1750,1146,14910,-188,33,-122,0,42.34
1225,20:28:35:033,3,Severe_Damage,L3_S3,-1730,1120,14926,-193,31,-124,0,58.34
1226,20:28:35:043,3,Severe_Damage,L3_S3,-1766,1072,14862,-193,33,-125,0,-5.66
1227,20:28:35:053,3,Severe_Damage,L3_S3,-1748,1108,14882,-190,33,-126,0,14.34
1228,20:28:35:063,3,Severe_Damage,L3_S3,-1762,1100,14884,-195,21,-124,0,16.34
1229,20:28:35:073,3,Severe_Damage,L3_S3,-1800,1166,14860,-191,32,-122,0,-7.66
1230,20:28:35:083,3,Severe_Damage,L3_S3,-1750,1086,14844,-195,27,-127,0,-23.66
1231,20:28:35:093,3,Severe_Damage,L3_S3,-1766,1148,14840,-190,34,-122,0,-27.66
1232,20:28:35:104,3,Severe_Damage,L3_S3,-1776,1118,14938,-192,34,-125,0,70.34
1233,20:28:35:113,3,Severe_Damage,L3_S3,-1758,1122,14840,-192,32,-120,0,-27.66
1234,20:28:35:123,3,Severe_Damage,L3_S3,-1766,1156,14828,-196,34,-117,0,-39.66
1235,20:28:35:133,3,Severe_Damage,L3_S3,-1762,1094,14864,-192,35,-121,0,-3.66
1236,20:28:35:143,3,Severe_Damage,L3_S3,-1748,1136,14940,-187,36,-127,0,72.34
1237,20:28:35:153,3,Severe_Damage,L3_S3,-1746,1126,14924,-186,30,-126,0,56.34
1238,20:28:35:163,3,Severe_Damage,L3_S3,-1770,1132,14852,-190,28,-126,0,-15.66
1239,20:28:35:173,3,Severe_Damage,L3_S3,-1780,1168,14870,-188,25,-121,0,2.34
1240,20:28:35:183,3,Severe_Damage,L3_S3,-1768,1078,14870,-189,36,-121,0,2.34
1241,20:28:35:193,3,Severe_Damage,L3_S3,-1788,1130,14862,-196,32,-123,0,-5.66
1242,20:28:35:203,3,Severe_Damage,L3_S3,-1786,1106,14898,-188,34,-126,0,30.34
1243,20:28:35:213,3,Severe_Damage,L3_S3,-1762,1088,14872,-190,33,-117,0,4.34
1244,20:28:35:223,3,Severe_Damage,L3_S3,-1756,1134,14870,-191,31,-121,0,2.34
1245,20:28:35:233,3,Severe_Damage,L3_S3,-1762,1102,14824,-194,26,-126,0,-43.66
1246,20:28:35:243,3,Severe_Damage,L3_S3,-1748,1080,14810,-192,29,-119,0,-57.66
1247,20:28:35:253,3,Severe_Damage,L3_S3,-1770,1072,14910,-199,25,-128,0,42.34
1248,20:28:35:263,3,Severe_Damage,L3_S3,-1726,1104,14968,-191,30,-125,0,100.34
1249,20:28:35:273,3,Severe_Damage,L3_S3,-1780,1078,14832,-195,23,-119,0,-35.66
1250,20:28:35:283,3,Severe_Damage,L3_S3,-1764,1102,14858,-186,37,-119,0,-9.66
1251,20:28:35:293,3,Severe_Damage,L3_S3,-1774,1100,14858,-193,25,-119,0,-9.66
1252,20:28:35:303,3,Severe_Damage,L3_S3,-1764,1128,14878,-188,32,-120,0,10.34
1253,20:28:35:313,3,Severe_Damage,L3_S3,-1782,1112,14836,-193,31,-126,0,-31.66
1254,20:28:35:323,3,Severe_Damage,L3_S3,-1800,1176,14862,-189,37,-128,0,-5.66
1255,20:28:35:333,3,Severe_Damage,L3_S3,-1788,1126,14838,-193,33,-127,0,-29.66
1256,20:28:35:343,3,Severe_Damage,L3_S3,-1740,1142,14848,-188,32,-130,0,-19.66
1257,20:28:35:353,3,Severe_Damage,L3_S3,-1794,1142,14818,-192,32,-124,0,-49.66
1258,20:28:35:363,3,Severe_Damage,L3_S3,-1732,1088,14856,-193,23,-120,0,-11.66
1259,20:28:35:373,3,Severe_Damage,L3_S3,-1864,1150,14846,-190,28,-118,0,-21.66
1260,20:28:35:383,3,Severe_Damage,L3_S3,-1782,1102,14866,-187,33,-132,0,-1.66
1261,20:28:35:393,3,Severe_Damage,L3_S3,-1736,1138,14878,-184,33,-113,0,10.34
1262,20:28:35:403,3,Severe_Damage,L3_S3,-1748,1138,14950,-184,36,-119,0,82.34
1263,20:28:35:413,3,Severe_Damage,L3_S3,-1752,1152,14884,-187,21,-131,0,16.34
1264,20:28:35:423,3,Severe_Damage,L3_S3,-1760,1104,14842,-193,28,-127,0,-25.66
1265,20:28:35:433,3,Severe_Damage,L3_S3,-1722,1138,14826,-196,33,-115,0,-41.66
1266,20:28:35:443,3,Severe_Damage,L3_S3,-1772,1104,14790,-196,31,-120,0,-77.66
1267,20:28:35:453,3,Severe_Damage,L3_S3,-1770,1084,14874,-189,34,-119,0,6.34
1268,20:28:35:463,3,Severe_Damage,L3_S3,-1772,1092,14882,-187,27,-127,0,14.34
1269,20:28:35:473,3,Severe_Damage,L3_S3,-1788,1122,14868,-190,27,-121,0,0.34
1270,20:28:35:483,3,Severe_Damage,L3_S3,-1786,1102,14818,-195,32,-125,0,-49.66
1271,20:28:35:494,3,Severe_Damage,L3_S3,-1832,1114,14864,-187,39,-126,0,-3.66
1272,20:28:35:503,3,Severe_Damage,L3_S3,-1764,1122,14838,-193,37,-127,0,-29.66
1273,20:28:35:513,3,Severe_Damage,L3_S3,-1768,1134,14890,-183,37,-129,0,22.34
1274,20:28:35:523,3,Severe_Damage,L3_S3,-1776,1142,14886,-191,29,-121,0,18.34
1275,20:28:35:533,3,Severe_Damage,L3_S3,-1740,1064,14810,-192,34,-127,0,-57.66
1276,20:28:35:543,3,Severe_Damage,L3_S3,-1714,1110,14940,-190,29,-129,0,72.34
1277,20:28:35:553,3,Severe_Damage,L3_S3,-1782,1110,14854,-188,29,-129,0,-13.66
1278,20:28:35:564,3,Severe_Damage,L3_S3,-1764,1138,14840,-185,21,-122,0,-27.66
1279,20:28:35:573,3,Severe_Damage,L3_S3,-1708,1116,14794,-187,27,-119,0,-73.66
1280,20:28:35:584,3,Severe_Damage,L3_S3,-1778,1128,14850,-188,22,-117,0,-17.66
1281,20:28:35:593,3,Severe_Damage,L3_S3,-1790,1134,14898,-190,29,-125,0,30.34
1282,20:28:35:604,3,Severe_Damage,L3_S3,-1796,1100,14908,-198,27,-122,0,40.34
1283,20:28:35:614,3,Severe_Damage,L3_S3,-1748,1150,14922,-192,33,-128,0,54.34
1284,20:28:35:623,3,Severe_Damage,L3_S3,-1720,1114,14940,-186,30,-131,0,72.34
1285,20:28:35:634,3,Severe_Damage,L3_S3,-1770,1052,14912,-190,28,-116,0,44.34
1286,20:28:35:644,3,Severe_Damage,L3_S3,-1778,1092,14818,-189,37,-117,0,-49.66
1287,20:28:35:653,3,Severe_Damage,L3_S3,-1802,1086,14842,-195,29,-122,0,-25.66
1288,20:28:35:663,3,Severe_Damage,L3_S3,-1828,1150,14826,-195,33,-122,0,-41.66
1289,20:28:35:673,3,Severe_Damage,L3_S3,-1700,1098,14826,-194,29,-126,0,-41.66
1290,20:28:35:684,3,Severe_Damage,L3_S3,-1790,1144,14800,-189,34,-124,0,-67.66
1291,20:28:35:693,3,Severe_Damage,L3_S3,-1766,1088,14860,-193,39,-125,0,-7.66
1292,20:28:35:704,3,Severe_Damage,L3_S3,-1734,1102,14920,-194,30,-126,0,52.34
1293,20:28:35:714,3,Severe_Damage,L3_S3,-1792,1104,14908,-198,31,-126,0,40.34
1294,20:28:35:724,3,Severe_Damage,L3_S3,-1752,1092,14958,-188,37,-126,0,90.34
1295,20:28:35:733,3,Severe_Damage,L3_S3,-1738,1146,14854,-190,27,-122,0,-13.66
1296,20:28:35:744,3,Severe_Damage,L3_S3,-1710,1122,14858,-188,39,-127,0,-9.66
1297,20:28:35:754,3,Severe_Damage,L3_S3,-1762,1110,14842,-193,24,-116,0,-25.66
1298,20:28:35:763,3,Severe_Damage,L3_S3,-1750,1092,14956,-189,38,-124,0,88.34
1299,20:28:35:773,3,Severe_Damage,L3_S3,-1828,1110,14838,-191,30,-118,0,-29.66
1300,20:28:35:784,3,Severe_Damage,L3_S3,-1770,1094,14880,-182,26,-127,0,12.34
1301,20:28:35:794,3,Severe_Damage,L3_S3,-1740,1138,14856,-188,30,-124,0,-11.66
1302,20:28:35:804,3,Severe_Damage,L3_S3,-1744,1098,14854,-186,33,-123,0,-13.66
1303,20:28:35:814,3,Severe_Damage,L3_S3,-1794,1104,14902,-185,29,-122,0,34.34
1304,20:28:35:824,3,Severe_Damage,L3_S3,-1758,1104,14820,-191,32,-131,0,-47.66
1305,20:28:35:834,3,Severe_Damage,L3_S3,-1768,1120,14900,-199,26,-125,0,32.34
1306,20:28:35:844,3,Severe_Damage,L3_S3,-1794,1132,14884,-196,34,-126,0,16.34
1307,20:28:35:854,3,Severe_Damage,L3_S3,-1752,1086,14942,-195,31,-130,0,74.34
1308,20:28:35:864,3,Severe_Damage,L3_S3,-1752,1098,14910,-198,37,-121,0,42.34
1309,20:28:35:874,3,Severe_Damage,L3_S3,-1742,1102,14928,-188,22,-121,0,60.34
1310,20:28:35:884,3,Severe_Damage,L3_S3,-1846,1098,14904,-194,29,-122,0,36.34
1311,20:28:35:894,3,Severe_Damage,L3_S3,-1806,1088,14806,-189,33,-121,0,-61.66
1312,20:28:35:904,3,Severe_Damage,L3_S3,-1784,1118,14904,-190,26,-134,0,36.34
1313,20:28:35:914,3,Severe_Damage,L3_S3,-1792,1078,14820,-190,32,-132,0,-47.66
1314,20:28:35:924,3,Severe_Damage,L3_S3,-1716,1100,14934,-189,26,-122,0,66.34
1315,20:28:35:934,3,Severe_Damage,L3_S3,-1778,1082,14826,-190,33,-116,0,-41.66
1316,20:28:35:944,3,Severe_Damage,L3_S3,-1818,1116,14862,-198,27,-120,0,-5.66
1317,20:28:35:954,3,Severe_Damage,L3_S3,-1798,1124,14910,-194,28,-121,0,42.34
1318,20:28:35:964,3,Severe_Damage,L3_S3,-1718,1128,14876,-185,29,-127,0,8.34
1319,20:28:35:974,3,Severe_Damage,L3_S3,-1812,1114,14910,-185,32,-121,0,42.34
1320,20:28:35:984,3,Severe_Damage,L3_S3,-1728,1104,14924,-190,25,-126,0,56.34
1321,20:28:35:994,3,Severe_Damage,L3_S3,-1788,1124,14882,-194,28,-116,0,14.34
1322,20:28:36:004,3,Severe_Damage,L3_S3,-1790,1086,14842,-187,32,-123,0,-25.66
1323,20:28:36:014,3,Severe_Damage,L3_S3,-1738,1112,14882,-193,27,-128,0,14.34
1324,20:28:36:024,3,Severe_Damage,L3_S3,-1762,1126,14864,-194,32,-121,0,-3.66
1325,20:28:36:034,3,Severe_Damage,L3_S3,-1758,1112,14824,-197,30,-122,0,-43.66
1326,20:28:36:044,3,Severe_Damage,L3_S3,-1786,1110,14794,-192,25,-117,0,-73.66
1327,20:28:36:054,3,Severe_Damage,L3_S3,-1766,1094,14854,-190,32,-126,0,-13.66
1328,20:28:36:064,3,Severe_Damage,L3_S3,-1778,1096,14870,-200,28,-124,0,2.34
1329,20:28:36:074,3,Severe_Damage,L3_S3,-1756,1064,14928,-187,35,-122,0,60.34
1330,20:28:36:084,3,Severe_Damage,L3_S3,-1732,1124,14840,-190,33,-121,0,-27.66
1331,20:28:36:094,3,Severe_Damage,L3_S3,-1760,1120,14858,-194,26,-121,0,-9.66
1332,20:28:36:104,3,Severe_Damage,L3_S3,-1734,1058,14868,-198,31,-124,0,0.34
1333,20:28:36:114,3,Severe_Damage,L3_S3,-1794,1120,14916,-192,27,-119,0,48.34
1334,20:28:36:124,3,Severe_Damage,L3_S3,-1784,1138,14888,-184,29,-121,0,20.34
1335,20:28:36:134,3,Severe_Damage,L3_S3,-1734,1084,14928,-190,28,-127,0,60.34
1336,20:28:36:144,3,Severe_Damage,L3_S3,-1802,1094,14820,-194,19,-125,0,-47.66
1337,20:28:36:154,3,Severe_Damage,L3_S3,-1716,1096,14854,-191,37,-132,0,-13.66
1338,20:28:36:164,3,Severe_Damage,L3_S3,-1720,1114,14876,-189,28,-130,0,8.34
1339,20:28:36:174,3,Severe_Damage,L3_S3,-1752,1134,14826,-187,32,-122,0,-41.66
1340,20:28:36:184,3,Severe_Damage,L3_S3,-1756,1144,14870,-184,37,-125,0,2.34
1341,20:28:36:194,3,Severe_Damage,L3_S3,-1732,1148,14858,-190,19,-121,0,-9.66
1342,20:28:36:204,3,Severe_Damage,L3_S3,-1744,1118,14876,-184,35,-122,0,8.34
1343,20:28:36:214,3,Severe_Damage,L3_S3,-1762,1140,14906,-197,23,-119,0,38.34
1344,20:28:36:224,3,Severe_Damage,L3_S3,-1778,1140,14846,-195,27,-129,0,-21.66
1345,20:28:36:234,3,Severe_Damage,L3_S3,-1734,1086,14928,-187,22,-130,0,60.34
1346,20:28:36:244,3,Severe_Damage,L3_S3,-1734,1074,14884,-192,21,-127,0,16.34
1347,20:28:36:254,3,Severe_Damage,L3_S3,-1750,1118,14852,-193,32,-123,0,-15.66
1348,20:28:36:264,3,Severe_Damage,L3_S3,-1750,1130,14872,-192,29,-121,0,4.34
1349,20:28:36:274,3,Severe_Damage,L3_S3,-1766,1082,14904,-192,33,-121,0,36.34
1350,20:28:36:284,3,Severe_Damage,L3_S3,-1734,1104,14870,-192,28,-123,0,2.34
1351,20:28:36:294,3,Severe_Damage,L3_S3,-1810,1118,14886,-194,21,-128,0,18.34
1352,20:28:36:304,3,Severe_Damage,L3_S3,-1776,1122,14916,-188,26,-124,0,48.34
1353,20:28:36:314,3,Severe_Damage,L3_S3,-1792,1062,14818,-189,31,-117,0,-49.66
1354,20:28:36:324,3,Severe_Damage,L3_S3,-1758,1074,14860,-191,31,-125,0,-7.66
1355,20:28:36:334,3,Severe_Damage,L3_S3,-1776,1094,14824,-189,24,-118,0,-43.66
1356,20:28:36:344,3,Severe_Damage,L3_S3,-1740,1094,14890,-185,33,-121,0,22.34
1357,20:28:36:354,3,Severe_Damage,L3_S3,-1774,1118,14902,-194,34,-119,0,34.34
1358,20:28:36:364,3,Severe_Damage,L3_S3,-1784,1110,14810,-190,35,-125,0,-57.66
1359,20:28:36:374,3,Severe_Damage,L3_S3,-1794,1110,14864,-190,41,-124,0,-3.66
1360,20:28:36:384,3,Severe_Damage,L3_S3,-1796,1070,14836,-189,29,-126,0,-31.66
1361,20:28:36:394,3,Severe_Damage,L3_S3,-1738,1108,14848,-189,28,-126,0,-19.66
1362,20:28:36:404,3,Severe_Damage,L3_S3,-1782,1072,14858,-189,23,-114,0,-9.66
1363,20:28:36:414,3,Severe_Damage,L3_S3,-1800,1094,14866,-186,32,-126,0,-1.66
1364,20:28:36:424,3,Severe_Damage,L3_S3,-1758,1102,14822,-192,24,-123,0,-45.66
1365,20:28:36:434,3,Severe_Damage,L3_S3,-1788,1154,14854,-193,20,-117,0,-13.66
1366,20:28:36:444,3,Severe_Damage,L3_S3,-1756,1152,14902,-192,21,-121,0,34.34
1367,20:28:36:454,3,Severe_Damage,L3_S3,-1802,1160,14792,-194,24,-124,0,-75.66
1368,20:28:36:464,3,Severe_Damage,L3_S3,-1750,1152,14870,-192,32,-124,0,2.34
1369,20:28:36:474,3,Severe_Damage,L3_S3,-1722,1098,14802,-192,31,-123,0,-65.66
1370,20:28:36:484,3,Severe_Damage,L3_S3,-1826,1136,14840,-188,28,-120,0,-27.66
1371,20:28:36:494,3,Severe_Damage,L3_S3,-1734,1098,14826,-186,37,-125,0,-41.66
1372,20:28:36:504,3,Severe_Damage,L3_S3,-1812,1092,14840,-190,23,-120,0,-27.66
1373,20:28:36:514,3,Severe_Damage,L3_S3,-1794,1164,14850,-191,37,-126,0,-17.66
1374,20:28:36:524,3,Severe_Damage,L3_S3,-1728,1102,14900,-192,32,-119,0,32.34
1375,20:28:36:534,3,Severe_Damage,L3_S3,-1770,1098,14884,-193,27,-128,0,16.34
1376,20:28:36:544,3,Severe_Damage,L3_S3,-1728,1096,14896,-194,38,-125,0,28.34
1377,20:28:36:554,3,Severe_Damage,L3_S3,-1782,1108,14826,-196,27,-125,0,-41.66
1378,20:28:36:564,3,Severe_Damage,L3_S3,-1766,1122,14908,-187,31,-121,0,40.34
1379,20:28:36:574,3,Severe_Damage,L3_S3,-1740,1088,14866,-183,23,-121,0,-1.66
1380,20:28:36:584,3,Severe_Damage,L3_S3,-1736,1124,14838,-191,34,-121,0,-29.66
1381,20:28:36:594,3,Severe_Damage,L3_S3,-1758,1080,14874,-190,28,-125,0,6.34
1382,20:28:36:604,3,Severe_Damage,L3_S3,-1754,1112,14892,-196,21,-120,0,24.34
1383,20:28:36:614,3,Severe_Damage,L3_S3,-1740,1140,14916,-195,23,-120,0,48.34
1384,20:28:36:624,3,Severe_Damage,L3_S3,-1776,1120,14920,-189,26,-122,0,52.34
1385,20:28:36:634,3,Severe_Damage,L3_S3,-1756,1138,14836,-192,29,-122,0,-31.66
1386,20:28:36:644,3,Severe_Damage,L3_S3,-1762,1102,14854,-190,29,-126,0,-13.66
1387,20:28:36:654,3,Severe_Damage,L3_S3,-1758,1076,14846,-193,25,-127,0,-21.66
1388,20:28:36:664,3,Severe_Damage,L3_S3,-1748,1130,14876,-193,35,-119,0,8.34
1389,20:28:36:674,3,Severe_Damage,L3_S3,-1770,1054,14874,-195,28,-126,0,6.34
1390,20:28:36:684,3,Severe_Damage,L3_S3,-1784,1112,14878,-193,36,-121,0,10.34
1391,20:28:36:694,3,Severe_Damage,L3_S3,-1782,1112,14862,-197,33,-124,0,-5.66
1392,20:28:36:704,3,Severe_Damage,L3_S3,-1766,1134,14892,-193,33,-129,0,24.34
1393,20:28:36:714,3,Severe_Damage,L3_S3,-1764,1136,14876,-197,24,-125,0,8.34
1394,20:28:36:724,3,Severe_Damage,L3_S3,-1734,1112,14820,-192,29,-126,0,-47.66
1395,20:28:36:734,3,Severe_Damage,L3_S3,-1780,1120,14906,-198,31,-123,0,38.34
1396,20:28:36:744,3,Severe_Damage,L3_S3,-1794,1066,14882,-185,35,-120,0,14.34
1397,20:28:36:754,3,Severe_Damage,L3_S3,-1748,1146,14870,-185,28,-124,0,2.34
1398,20:28:36:764,3,Severe_Damage,L3_S3,-1812,1084,14820,-187,29,-122,0,-47.66
1399,20:28:36:774,3,Severe_Damage,L3_S3,-1776,1100,14814,-186,29,-121,0,-53.66
1400,20:28:36:784,3,Severe_Damage,L3_S3,-1718,1126,14882,-186,40,-121,0,14.34
1401,20:28:36:794,3,Severe_Damage,L3_S3,-1744,1084,14812,-190,26,-116,0,-55.66
1402,20:28:36:804,3,Severe_Damage,L3_S3,-1744,1074,14850,-190,32,-119,0,-17.66
1403,20:28:36:814,3,Severe_Damage,L3_S3,-1800,1094,14842,-190,32,-116,0,-25.66
1404,20:28:36:824,3,Severe_Damage,L3_S3,-1758,1100,14884,-183,35,-126,0,16.34
1405,20:28:36:834,3,Severe_Damage,L3_S3,-1772,1116,14854,-191,32,-125,0,-13.66
1406,20:28:36:844,3,Severe_Damage,L3_S3,-1752,1126,14888,-193,35,-120,0,20.34
1407,20:28:36:854,3,Severe_Damage,L3_S3,-1738,1112,14864,-189,33,-124,0,-3.66
1408,20:28:36:864,3,Severe_Damage,L3_S3,-1800,1120,14886,-192,23,-122,0,18.34
1409,20:28:36:874,3,Severe_Damage,L3_S3,-1784,1080,14856,-192,26,-123,0,-11.66
1410,20:28:36:884,3,Severe_Damage,L3_S3,-1790,1136,14870,-195,30,-121,0,2.34
1411,20:28:36:894,3,Severe_Damage,L3_S3,-1766,1080,14866,-190,37,-122,0,-1.66
1412,20:28:36:904,3,Severe_Damage,L3_S3,-1734,1098,14854,-194,36,-123,0,-13.66
1413,20:28:36:914,3,Severe_Damage,L3_S3,-1760,1102,14806,-195,31,-122,0,-61.66
1414,20:28:36:924,3,Severe_Damage,L3_S3,-1762,1104,14910,-188,37,-121,0,42.34
1415,20:28:36:934,3,Severe_Damage,L3_S3,-1734,1098,14864,-190,33,-122,0,-3.66
1416,20:28:36:944,3,Severe_Damage,L3_S3,-1772,1076,14880,-187,30,-125,0,12.34
1417,20:28:36:954,3,Severe_Damage,L3_S3,-1738,1100,14900,-193,40,-127,0,32.34
1418,20:28:36:964,3,Severe_Damage,L3_S3,-1752,1134,14858,-193,29,-123,0,-9.66
1419,20:28:36:974,3,Severe_Damage,L3_S3,-1782,1098,14970,-196,34,-123,0,102.34
1420,20:28:36:984,3,Severe_Damage,L3_S3,-1766,1098,14924,-195,31,-122,0,56.34
1421,20:28:36:994,3,Severe_Damage,L3_S3,-1760,1080,14920,-194,32,-117,0,52.34
1422,20:28:37:004,3,Severe_Damage,L3_S3,-1748,1164,14898,-185,30,-122,0,30.34
1423,20:28:37:014,3,Severe_Damage,L3_S3,-1756,1146,14870,-188,29,-123,0,2.34
1424,20:28:37:024,3,Severe_Damage,L3_S3,-1782,1142,14796,-196,27,-123,0,-71.66
1425,20:28:37:034,3,Severe_Damage,L3_S3,-1722,1106,14856,-196,35,-120,0,-11.66
1426,20:28:37:044,3,Severe_Damage,L3_S3,-1750,1098,14866,-192,39,-121,0,-1.66
1427,20:28:37:054,3,Severe_Damage,L3_S3,-1746,1086,14880,-189,33,-121,0,12.34
1428,20:28:37:064,3,Severe_Damage,L3_S3,-1718,1080,14918,-191,30,-116,0,50.34
1429,20:28:37:074,3,Severe_Damage,L3_S3,-1750,1154,14820,-193,28,-123,0,-47.66
1430,20:28:37:084,3,Severe_Damage,L3_S3,-1744,1120,14876,-190,26,-124,0,8.34
1431,20:28:37:094,3,Severe_Damage,L3_S3,-1770,1130,14894,-189,34,-125,0,26.34
1432,20:28:37:104,3,Severe_Damage,L3_S3,-1778,1136,14870,-194,33,-119,0,2.34
1433,20:28:37:114,3,Severe_Damage,L3_S3,-1748,1114,14878,-189,32,-121,0,10.34
1434,20:28:37:124,3,Severe_Damage,L3_S3,-1790,1096,14898,-183,31,-119,0,30.34
1435,20:28:37:134,3,Severe_Damage,L3_S3,-1772,1124,14842,-192,31,-126,0,-25.66
1436,20:28:37:144,3,Severe_Damage,L3_S3,-1764,1098,14896,-187,26,-129,0,28.34
1437,20:28:37:154,3,Severe_Damage,L3_S3,-1782,1142,14882,-193,23,-123,0,14.34
1438,20:28:37:164,3,Severe_Damage,L3_S3,-1770,1106,14796,-187,37,-131,0,-71.66
1439,20:28:37:174,3,Severe_Damage,L3_S3,-1738,1092,14834,-198,29,-121,0,-33.66
1440,20:28:37:184,3,Severe_Damage,L3_S3,-1720,1120,14880,-189,30,-119,0,12.34
1441,20:28:37:194,3,Severe_Damage,L3_S3,-1736,1124,14904,-192,16,-119,0,36.34
1442,20:28:37:204,3,Severe_Damage,L3_S3,-1758,1086,14818,-189,29,-125,0,-49.66
1443,20:28:37:214,3,Severe_Damage,L3_S3,-1786,1080,14926,-182,29,-125,0,58.34
1444,20:28:37:224,3,Severe_Damage,L3_S3,-1778,1114,14876,-185,22,-120,0,8.34
1445,20:28:37:234,3,Severe_Damage,L3_S3,-1772,1110,14830,-190,27,-130,0,-37.66
1446,20:28:37:244,3,Severe_Damage,L3_S3,-1754,1084,14884,-191,23,-118,0,16.34
1447,20:28:37:254,3,Severe_Damage,L3_S3,-1792,1110,14822,-188,33,-120,0,-45.66
1448,20:28:37:264,3,Severe_Damage,L3_S3,-1772,1096,14882,-193,32,-118,0,14.34
1449,20:28:37:274,3,Severe_Damage,L3_S3,-1800,1122,14872,-188,26,-119,0,4.34
1450,20:28:37:284,3,Severe_Damage,L3_S3,-1768,1070,14902,-189,26,-124,0,34.34
1451,20:28:37:294,3,Severe_Damage,L3_S3,-1704,1116,14880,-188,24,-121,0,12.34
1452,20:28:37:304,3,Severe_Damage,L3_S3,-1750,1098,14952,-188,27,-125,0,84.34
1453,20:28:37:314,3,Severe_Damage,L3_S3,-1764,1060,14940,-190,26,-123,0,72.34
1454,20:28:37:324,3,Severe_Damage,L3_S3,-1752,1108,14864,-190,25,-117,0,-3.66
1455,20:28:37:334,3,Severe_Damage,L3_S3,-1774,1122,14878,-185,34,-118,0,10.34
1456,20:28:37:344,3,Severe_Damage,L3_S3,-1732,1106,14946,-188,32,-128,0,78.34
1457,20:28:37:354,3,Severe_Damage,L3_S3,-1764,1114,14840,-187,36,-125,0,-27.66
1458,20:28:37:364,3,Severe_Damage,L3_S3,-1742,1144,14902,-188,32,-124,0,34.34
1459,20:28:37:374,3,Severe_Damage,L3_S3,-1736,1130,14866,-194,23,-125,0,-1.66
1460,20:28:37:384,3,Severe_Damage,L3_S3,-1766,1128,14844,-194,26,-122,0,-23.66
1461,20:28:37:394,3,Severe_Damage,L3_S3,-1764,1072,14858,-189,27,-119,0,-9.66
1462,20:28:37:404,3,Severe_Damage,L3_S3,-1732,1122,14840,-198,26,-121,0,-27.66
1463,20:28:37:414,3,Severe_Damage,L3_S3,-1754,1134,14868,-187,35,-125,0,0.34
1464,20:28:37:424,3,Severe_Damage,L3_S3,-1762,1086,14854,-188,37,-129,0,-13.66
1465,20:28:37:434,3,Severe_Damage,L3_S3,-1754,1090,14858,-183,32,-126,0,-9.66
1466,20:28:37:444,3,Severe_Damage,L3_S3,-1760,1122,14802,-192,30,-121,0,-65.66
1467,20:28:37:454,3,Severe_Damage,L3_S3,-1778,1112,14828,-194,30,-122,0,-39.66
1468,20:28:37:464,3,Severe_Damage,L3_S3,-1744,1112,14864,-193,26,-117,0,-3.66
1469,20:28:37:474,3,Severe_Damage,L3_S3,-1764,1128,14888,-188,34,-119,0,20.34
1470,20:28:37:484,3,Severe_Damage,L3_S3,-1788,1088,14844,-192,27,-117,0,-23.66
1471,20:28:37:494,3,Severe_Damage,L3_S3,-1754,1096,14816,-191,35,-123,0,-51.66
1472,20:28:37:504,3,Severe_Damage,L3_S3,-1782,1134,14846,-186,29,-121,0,-21.66
1473,20:28:37:514,3,Severe_Damage,L3_S3,-1800,1124,14890,-193,28,-122,0,22.34
1474,20:28:37:524,3,Severe_Damage,L3_S3,-1780,1110,14878,-193,34,-126,0,10.34
1475,20:28:37:534,3,Severe_Damage,L3_S3,-1756,1100,14850,-194,31,-122,0,-17.66
1476,20:28:37:544,3,Severe_Damage,L3_S3,-1742,1122,14838,-190,31,-120,0,-29.66
1477,20:28:37:554,3,Severe_Damage,L3_S3,-1758,1134,14902,-190,31,-125,0,34.34
1478,20:28:37:564,3,Severe_Damage,L3_S3,-1766,1126,14828,-197,30,-117,0,-39.66
1479,20:28:37:574,3,Severe_Damage,L3_S3,-1748,1092,14886,-190,34,-120,0,18.34
1480,20:28:37:584,3,Severe_Damage,L3_S3,-1786,1130,14870,-190,31,-122,0,2.34
1481,20:28:37:594,3,Severe_Damage,L3_S3,-1734,1074,14864,-195,28,-124,0,-3.66
1482,20:28:37:604,3,Severe_Damage,L3_S3,-1768,1100,14870,-192,23,-121,0,2.34
1483,20:28:37:614,3,Severe_Damage,L3_S3,-1738,1100,14820,-194,33,-117,0,-47.66
1484,20:28:37:624,3,Severe_Damage,L3_S3,-1718,1052,14836,-193,29,-122,0,-31.66
1485,20:28:37:634,3,Severe_Damage,L3_S3,-1746,1164,14792,-196,25,-117,0,-75.66
1486,20:28:37:644,3,Severe_Damage,L3_S3,-1794,1106,14910,-190,32,-126,0,42.34
1487,20:28:37:654,3,Severe_Damage,L3_S3,-1778,1148,14846,-189,26,-115,0,-21.66
1488,20:28:37:664,3,Severe_Damage,L3_S3,-1786,1106,14874,-186,28,-126,0,6.34
1489,20:28:37:674,3,Severe_Damage,L3_S3,-1776,1126,14834,-195,30,-125,0,-33.66
1490,20:28:37:684,3,Severe_Damage,L3_S3,-1756,1100,14896,-193,30,-125,0,28.34
1491,20:28:37:695,3,Severe_Damage,L3_S3,-1778,1072,14938,-196,34,-126,0,70.34
1492,20:28:37:704,3,Severe_Damage,L3_S3,-1774,1092,14842,-191,26,-121,0,-25.66
1493,20:28:37:714,3,Severe_Damage,L3_S3,-1766,1108,14876,-188,34,-122,0,8.34
1494,20:28:37:724,3,Severe_Damage,L3_S3,-1714,1128,14800,-190,24,-120,0,-67.66
1495,20:28:37:734,3,Severe_Damage,L3_S3,-1778,1178,14892,-181,28,-118,0,24.34
1496,20:28:37:744,3,Severe_Damage,L3_S3,-1762,1122,14868,-192,29,-127,0,0.34
1497,20:28:37:754,3,Severe_Damage,L3_S3,-1804,1102,14800,-187,21,-125,0,-67.66
1498,20:28:37:764,3,Severe_Damage,L3_S3,-1792,1100,14826,-190,29,-129,0,-41.66
1499,20:28:37:774,3,Severe_Damage,L3_S3,-1780,1118,14844,-192,23,-122,0,-23.66
1500,20:28:37:784,3,Severe_Damage,L3_S3,-1774,1100,14818,-188,36,-129,0,-49.66
1501,20:28:37:794,3,Severe_Damage,L3_S3,-1790,1096,14806,-188,33,-117,0,-61.66
1502,20:28:37:805,3,Severe_Damage,L3_S3,-1816,1086,14818,-185,29,-113,0,-49.66
1503,20:28:37:814,3,Severe_Damage,L3_S3,-1744,1112,14868,-190,29,-124,0,0.34
1504,20:28:37:824,3,Severe_Damage,L3_S3,-1758,1128,14818,-197,32,-121,0,-49.66
1505,20:28:37:834,3,Severe_Damage,L3_S3,-1758,1130,14878,-194,31,-116,0,10.34
1506,20:28:37:844,3,Severe_Damage,L3_S3,-1824,1166,14934,-195,33,-121,0,66.34
1507,20:28:37:854,3,Severe_Damage,L3_S3,-1776,1126,14850,-192,28,-122,0,-17.66
1508,20:28:37:864,3,Severe_Damage,L3_S3,-1742,1118,14918,-190,36,-122,0,50.34
1509,20:28:37:874,3,Severe_Damage,L3_S3,-1778,1136,14810,-189,24,-122,0,-57.66
1510,20:28:37:884,3,Severe_Damage,L3_S3,-1778,1108,14856,-185,32,-125,0,-11.66
1511,20:28:37:894,3,Severe_Damage,L3_S3,-1766,1080,14838,-185,28,-125,0,-29.66
1512,20:28:37:904,3,Severe_Damage,L3_S3,-1730,1100,14858,-189,30,-122,0,-9.66
1513,20:28:37:914,3,Severe_Damage,L3_S3,-1754,1138,14840,-191,34,-120,0,-27.66
1514,20:28:37:924,3,Severe_Damage,L3_S3,-1750,1112,14906,-190,30,-125,0,38.34
1515,20:28:37:934,3,Severe_Damage,L3_S3,-1742,1110,14818,-190,32,-130,0,-49.66
1516,20:28:37:944,3,Severe_Damage,L3_S3,-1762,1132,14856,-191,24,-123,0,-11.66
1517,20:28:37:954,3,Severe_Damage,L3_S3,-1766,1148,14882,-188,34,-122,0,14.34
1518,20:28:37:964,3,Severe_Damage,L3_S3,-1764,1080,14834,-188,27,-120,0,-33.66
1519,20:28:37:974,3,Severe_Damage,L3_S3,-1776,1120,14848,-186,22,-118,0,-19.66
1520,20:28:37:984,3,Severe_Damage,L3_S3,-1762,1116,14828,-187,37,-126,0,-39.66
1521,20:28:37:994,3,Severe_Damage,L3_S3,-1774,1146,14810,-190,27,-128,0,-57.66
1522,20:28:38:004,3,Severe_Damage,L3_S3,-1730,1116,14972,-189,27,-130,0,104.34
1523,20:28:38:014,3,Severe_Damage,L3_S3,-1776,1144,14836,-194,31,-130,0,-31.66
1524,20:28:38:024,3,Severe_Damage,L3_S3,-1784,1090,14812,-192,22,-122,0,-55.66
1525,20:28:38:034,3,Severe_Damage,L3_S3,-1806,1108,14866,-189,32,-123,0,-1.66
1526,20:28:38:044,3,Severe_Damage,L3_S3,-1788,1112,14900,-190,24,-115,0,32.34
1527,20:28:38:054,3,Severe_Damage,L3_S3,-1760,1128,14916,-192,26,-117,0,48.34
1528,20:28:38:064,3,Severe_Damage,L3_S3,-1750,1060,14888,-189,29,-127,0,20.34
1529,20:28:38:074,3,Severe_Damage,L3_S3,-1738,1106,14824,-187,26,-124,0,-43.66
1530,20:28:38:084,3,Severe_Damage,L3_S3,-1780,1088,14880,-186,34,-125,0,12.34
1531,20:28:38:094,3,Severe_Damage,L3_S3,-1748,1114,14892,-193,25,-128,0,24.34
1532,20:28:38:105,3,Severe_Damage,L3_S3,-1802,1104,14864,-189,34,-122,0,-3.66
1533,20:28:38:114,3,Severe_Damage,L3_S3,-1752,1080,14834,-194,31,-126,0,-33.66
1534,20:28:38:124,3,Severe_Damage,L3_S3,-1748,1144,14858,-190,34,-124,0,-9.66
1535,20:28:38:134,3,Severe_Damage,L3_S3,-1758,1170,14838,-190,34,-127,0,-29.66
1536,20:28:38:144,3,Severe_Damage,L3_S3,-1744,1144,14872,-193,32,-125,0,4.34
1537,20:28:38:154,3,Severe_Damage,L3_S3,-1770,1128,14930,-189,27,-118,0,62.34
1538,20:28:38:164,3,Severe_Damage,L3_S3,-1738,1110,14852,-187,25,-120,0,-15.66
1539,20:28:38:174,3,Severe_Damage,L3_S3,-1722,1144,14808,-191,29,-124,0,-59.66
1540,20:28:38:184,3,Severe_Damage,L3_S3,-1750,1112,14842,-188,32,-117,0,-25.66
1541,20:28:38:194,3,Severe_Damage,L3_S3,-1762,1102,14886,-194,31,-123,0,18.34
1542,20:28:38:205,3,Severe_Damage,L3_S3,-1790,1096,14848,-191,30,-122,0,-19.66
1543,20:28:38:214,3,Severe_Damage,L3_S3,-1742,1104,14880,-191,33,-123,0,12.34
1544,20:28:38:224,3,Severe_Damage,L3_S3,-1768,1132,14870,-192,34,-124,0,2.34
1545,20:28:38:234,3,Severe_Damage,L3_S3,-1820,1092,14902,-195,30,-119,0,34.34
1546,20:28:38:244,3,Severe_Damage,L3_S3,-1746,1110,14862,-195,29,-124,0,-5.66
1547,20:28:38:254,3,Severe_Damage,L3_S3,-1812,1094,14890,-192,31,-112,0,22.34
1548,20:28:38:265,3,Severe_Damage,L3_S3,-1722,1112,14884,-193,30,-123,0,16.34
1549,20:28:38:274,3,Severe_Damage,L3_S3,-1762,1088,14882,-197,28,-125,0,14.34
1550,20:28:38:284,3,Severe_Damage,L3_S3,-1722,1126,14878,-194,29,-120,0,10.34
1551,20:28:38:294,3,Severe_Damage,L3_S3,-1818,1104,14846,-197,23,-118,0,-21.66
1552,20:28:38:304,3,Severe_Damage,L3_S3,-1786,1092,14864,-191,30,-122,0,-3.66
1553,20:28:38:314,3,Severe_Damage,L3_S3,-1762,1090,14856,-195,29,-119,0,-11.66
1554,20:28:38:324,3,Severe_Damage,L3_S3,-1720,1170,14850,-193,33,-115,0,-17.66
1555,20:28:38:334,3,Severe_Damage,L3_S3,-1772,1098,14832,-194,31,-119,0,-35.66
1556,20:28:38:345,3,Severe_Damage,L3_S3,-1798,1090,14826,-190,23,-114,0,-41.66
1557,20:28:38:354,3,Severe_Damage,L3_S3,-1724,1102,14796,-193,27,-117,0,-71.66
1558,20:28:38:364,3,Severe_Damage,L3_S3,-1778,1118,14820,-194,23,-121,0,-47.66
1559,20:28:38:374,3,Severe_Damage,L3_S3,-1766,1110,14896,-191,28,-123,0,28.34
1560,20:28:38:384,3,Severe_Damage,L3_S3,-1776,1150,14874,-190,26,-125,0,6.34
1561,20:28:38:395,3,Severe_Damage,L3_S3,-1764,1116,14888,-193,22,-127,0,20.34
1562,20:28:38:404,3,Severe_Damage,L3_S3,-1792,1098,14854,-196,27,-120,0,-13.66
1563,20:28:38:414,3,Severe_Damage,L3_S3,-1782,1104,14934,-188,27,-120,0,66.34
1564,20:28:38:424,3,Severe_Damage,L3_S3,-1734,1060,14902,-187,32,-128,0,34.34
1565,20:28:38:434,3,Severe_Damage,L3_S3,-1756,1072,14904,-188,32,-122,0,36.34
1566,20:28:38:444,3,Severe_Damage,L3_S3,-1742,1094,14852,-189,30,-124,0,-15.66
1567,20:28:38:454,3,Severe_Damage,L3_S3,-1738,1136,14874,-191,25,-121,0,6.34
1568,20:28:38:464,3,Severe_Damage,L3_S3,-1746,1084,14914,-194,34,-127,0,46.34
1569,20:28:38:474,3,Severe_Damage,L3_S3,-1734,1138,14904,-192,26,-124,0,36.34
1570,20:28:38:485,3,Severe_Damage,L3_S3,-1746,1080,14854,-190,35,-123,0,-13.66
1571,20:28:38:495,3,Severe_Damage,L3_S3,-1760,1080,14862,-188,28,-127,0,-5.66
1572,20:28:38:504,3,Severe_Damage,L3_S3,-1790,1136,14862,-189,27,-126,0,-5.66
1573,20:28:38:514,3,Severe_Damage,L3_S3,-1760,1094,14890,-193,28,-125,0,22.34
1574,20:28:38:524,3,Severe_Damage,L3_S3,-1778,1086,14910,-195,22,-126,0,42.34
1575,20:28:38:534,3,Severe_Damage,L3_S3,-1806,1098,14884,-190,22,-123,0,16.34
1576,20:28:38:545,3,Severe_Damage,L3_S3,-1758,1168,14898,-190,28,-128,0,30.34
1577,20:28:38:555,3,Severe_Damage,L3_S3,-1766,1106,14836,-194,20,-116,0,-31.66
1578,20:28:38:565,3,Severe_Damage,L3_S3,-1714,1130,14848,-191,32,-123,0,-19.66
1579,20:28:38:574,3,Severe_Damage,L3_S3,-1766,1088,14890,-191,26,-126,0,22.34
1580,20:28:38:584,3,Severe_Damage,L3_S3,-1754,1090,14908,-194,30,-120,0,40.34
1581,20:28:38:594,3,Severe_Damage,L3_S3,-1682,1080,14952,-191,31,-123,0,84.34
1582,20:28:38:605,3,Severe_Damage,L3_S3,-1708,1098,14878,-193,28,-125,0,10.34
1583,20:28:38:614,3,Severe_Damage,L3_S3,-1762,1100,14890,-189,35,-126,0,22.34
1584,20:28:38:624,3,Severe_Damage,L3_S3,-1806,1100,14838,-193,27,-129,0,-29.66
1585,20:28:38:634,3,Severe_Damage,L3_S3,-1798,1104,14838,-191,30,-124,0,-29.66
1586,20:28:38:644,3,Severe_Damage,L3_S3,-1758,1122,14864,-187,32,-121,0,-3.66
1587,20:28:38:654,3,Severe_Damage,L3_S3,-1744,1104,14832,-194,25,-123,0,-35.66
1588,20:28:38:664,3,Severe_Damage,L3_S3,-1724,1120,14888,-195,34,-120,0,20.34
1589,20:28:38:674,3,Severe_Damage,L3_S3,-1740,1154,14858,-193,35,-118,0,-9.66
1590,20:28:38:685,3,Severe_Damage,L3_S3,-1812,1098,14888,-193,29,-119,0,20.34
1591,20:28:38:695,3,Severe_Damage,L3_S3,-1736,1110,14906,-186,32,-117,0,38.34
1592,20:28:38:705,3,Severe_Damage,L3_S3,-1758,1104,14876,-188,23,-119,0,8.34
1593,20:28:38:715,3,Severe_Damage,L3_S3,-1782,1106,14946,-188,37,-122,0,78.34
1594,20:28:38:725,3,Severe_Damage,L3_S3,-1812,1090,14796,-185,18,-130,0,-71.66
1595,20:28:38:735,3,Severe_Damage,L3_S3,-1790,1158,14826,-192,29,-122,0,-41.66
1596,20:28:38:745,3,Severe_Damage,L3_S3,-1810,1060,14862,-190,31,-119,0,-5.66
1597,20:28:38:755,3,Severe_Damage,L3_S3,-1802,1124,14916,-188,32,-120,0,48.34
1598,20:28:38:765,3,Severe_Damage,L3_S3,-1722,1134,14892,-188,37,-120,0,24.34
1599,20:28:38:775,3,Severe_Damage,L3_S3,-1778,1104,14930,-188,29,-119,0,62.34
1600,20:28:38:785,3,Severe_Damage,L3_S3,-1742,1072,14892,-190,31,-118,0,24.34
1601,20:28:38:795,3,Severe_Damage,L3_S3,-1816,1094,14820,-194,28,-120,0,-47.66
1602,20:28:38:805,3,Severe_Damage,L3_S3,-1756,1118,14796,-193,29,-119,0,-71.66
1603,20:28:38:815,3,Severe_Damage,L3_S3,-1780,1106,14854,-191,29,-121,0,-13.66
1604,20:28:38:825,3,Severe_Damage,L3_S3,-1718,1124,14860,-187,27,-123,0,-7.66
1605,20:28:38:836,3,Severe_Damage,L3_S3,-1784,1076,14806,-191,31,-119,0,-61.66
1606,20:28:38:845,3,Severe_Damage,L3_S3,-1832,1070,14850,-185,25,-122,0,-17.66
1607,20:28:38:855,3,Severe_Damage,L3_S3,-1760,1102,14838,-190,34,-124,0,-29.66
1608,20:28:38:865,3,Severe_Damage,L3_S3,-1766,1142,14894,-196,35,-124,0,26.34
1609,20:28:38:875,3,Severe_Damage,L3_S3,-1716,1126,14838,-193,28,-124,0,-29.66
1610,20:28:38:885,3,Severe_Damage,L3_S3,-1778,1092,14834,-193,34,-114,0,-33.66
1611,20:28:38:895,3,Severe_Damage,L3_S3,-1814,1136,14926,-195,25,-115,0,58.34
1612,20:28:38:905,3,Severe_Damage,L3_S3,-1802,1120,14828,-187,28,-120,0,-39.66
1613,20:28:38:915,3,Severe_Damage,L3_S3,-1814,1154,14876,-195,26,-120,0,8.34
1614,20:28:38:925,3,Severe_Damage,L3_S3,-1744,1122,14806,-189,35,-124,0,-61.66
1615,20:28:38:935,3,Severe_Damage,L3_S3,-1778,1118,14834,-194,27,-123,0,-33.66
1616,20:28:38:945,3,Severe_Damage,L3_S3,-1784,1166,14876,-188,28,-126,0,8.34
1617,20:28:38:955,3,Severe_Damage,L3_S3,-1812,1152,14904,-186,28,-114,0,36.34
1618,20:28:38:965,3,Severe_Damage,L3_S3,-1810,1118,14884,-186,21,-119,0,16.34
1619,20:28:38:975,3,Severe_Damage,L3_S3,-1762,1106,14850,-191,23,-119,0,-17.66
1620,20:28:38:985,3,Severe_Damage,L3_S3,-1746,1120,14860,-188,29,-118,0,-7.66
1621,20:28:38:995,3,Severe_Damage,L3_S3,-1788,1112,14844,-191,23,-121,0,-23.66
1622,20:28:39:005,3,Severe_Damage,L3_S3,-1782,1122,14920,-189,28,-126,0,52.34
1623,20:28:39:015,3,Severe_Damage,L3_S3,-1778,1128,14856,-188,25,-119,0,-11.66
1624,20:28:39:025,3,Severe_Damage,L3_S3,-1794,1080,14878,-193,33,-123,0,10.34
1625,20:28:39:035,3,Severe_Damage,L3_S3,-1772,1118,14814,-193,27,-120,0,-53.66
1626,20:28:39:045,3,Severe_Damage,L3_S3,-1762,1114,14812,-194,30,-120,0,-55.66
1627,20:28:39:055,3,Severe_Damage,L3_S3,-1752,1072,14888,-189,28,-117,0,20.34
1628,20:28:39:065,3,Severe_Damage,L3_S3,-1770,1096,14892,-195,31,-120,0,24.34
1629,20:28:39:075,3,Severe_Damage,L3_S3,-1736,1094,14886,-190,36,-118,0,18.34
1630,20:28:39:085,3,Severe_Damage,L3_S3,-1740,1120,14944,-193,27,-121,0,76.34
1631,20:28:39:095,3,Severe_Damage,L3_S3,-1724,1132,14850,-194,22,-129,0,-17.66
1632,20:28:39:105,3,Severe_Damage,L3_S3,-1748,1134,14886,-198,32,-129,0,18.34
1633,20:28:39:115,3,Severe_Damage,L3_S3,-1790,1102,14842,-196,34,-127,0,-25.66
1634,20:28:39:125,3,Severe_Damage,L3_S3,-1776,1136,14874,-193,30,-125,0,6.34
1635,20:28:39:135,3,Severe_Damage,L3_S3,-1790,1088,14834,-190,35,-123,0,-33.66
1636,20:28:39:145,3,Severe_Damage,L3_S3,-1780,1086,14868,-194,30,-114,0,0.34
1637,20:28:39:155,3,Severe_Damage,L3_S3,-1796,1138,14880,-187,28,-120,0,12.34
1638,20:28:39:165,3,Severe_Damage,L3_S3,-1724,1126,14844,-189,27,-120,0,-23.66
1639,20:28:39:175,3,Severe_Damage,L3_S3,-1750,1148,14918,-194,30,-119,0,50.34
1640,20:28:39:185,3,Severe_Damage,L3_S3,-1710,1112,14960,-188,22,-119,0,92.34
1641,20:28:39:195,3,Severe_Damage,L3_S3,-1750,1096,14934,-188,28,-121,0,66.34
1642,20:28:39:205,3,Severe_Damage,L3_S3,-1736,1136,14864,-198,22,-115,0,-3.66
1643,20:28:39:215,3,Severe_Damage,L3_S3,-1742,1102,14846,-194,28,-130,0,-21.66
1644,20:28:39:225,3,Severe_Damage,L3_S3,-1798,1100,14858,-195,26,-120,0,-9.66
1645,20:28:39:235,3,Severe_Damage,L3_S3,-1762,1088,14868,-196,37,-126,0,0.34
1646,20:28:39:245,3,Severe_Damage,L3_S3,-1738,1080,14840,-193,29,-119,0,-27.66
1647,20:28:39:255,3,Severe_Damage,L3_S3,-1784,1076,14882,-189,28,-127,0,14.34
1648,20:28:39:265,3,Severe_Damage,L3_S3,-1762,1110,14830,-191,30,-125,0,-37.66
1649,20:28:39:275,3,Severe_Damage,L3_S3,-1776,1096,14846,-189,28,-128,0,-21.66
1650,20:28:39:285,3,Severe_Damage,L3_S3,-1728,1128,14832,-187,32,-123,0,-35.66
1651,20:28:39:295,3,Severe_Damage,L3_S3,-1740,1164,14902,-192,28,-119,0,34.34
1652,20:28:39:305,3,Severe_Damage,L3_S3,-1790,1142,14832,-194,29,-116,0,-35.66
1653,20:28:39:315,3,Severe_Damage,L3_S3,-1744,1132,14860,-192,19,-128,0,-7.66
1654,20:28:39:325,3,Severe_Damage,L3_S3,-1784,1092,14868,-188,24,-121,0,0.34
1655,20:28:39:335,3,Severe_Damage,L3_S3,-1730,1130,14826,-183,33,-127,0,-41.66
1656,20:28:39:345,3,Severe_Damage,L3_S3,-1770,1074,14914,-186,28,-120,0,46.34
1657,20:28:39:355,3,Severe_Damage,L3_S3,-1842,1114,14884,-195,31,-123,0,16.34
1658,20:28:39:365,3,Severe_Damage,L3_S3,-1748,1100,14848,-191,34,-118,0,-19.66
1659,20:28:39:375,3,Severe_Damage,L3_S3,-1764,1126,14912,-189,24,-114,0,44.34
1660,20:28:39:385,3,Severe_Damage,L3_S3,-1774,1114,14878,-185,34,-127,0,10.34
1661,20:28:39:395,3,Severe_Damage,L3_S3,-1788,1092,14854,-188,34,-118,0,-13.66
1662,20:28:39:405,3,Severe_Damage,L3_S3,-1796,1172,14902,-186,31,-115,0,34.34
1663,20:28:39:415,3,Severe_Damage,L3_S3,-1734,1136,14864,-187,33,-130,0,-3.66
1664,20:28:39:425,3,Severe_Damage,L3_S3,-1740,1122,14912,-187,33,-120,0,44.34
1665,20:28:39:435,3,Severe_Damage,L3_S3,-1748,1174,14908,-190,32,-123,0,40.34
1666,20:28:39:445,3,Severe_Damage,L3_S3,-1734,1108,14902,-192,31,-125,0,34.34
1667,20:28:39:455,3,Severe_Damage,L3_S3,-1760,1120,14892,-194,27,-119,0,24.34
1668,20:28:39:465,3,Severe_Damage,L3_S3,-1718,1132,14864,-192,27,-121,0,-3.66
1669,20:28:39:475,3,Severe_Damage,L3_S3,-1774,1158,14852,-193,26,-124,0,-15.66
1670,20:28:39:485,3,Severe_Damage,L3_S3,-1764,1112,14834,-189,35,-124,0,-33.66
1671,20:28:39:495,3,Severe_Damage,L3_S3,-1798,1112,14872,-189,27,-118,0,4.34
1672,20:28:39:505,3,Severe_Damage,L3_S3,-1784,1108,14852,-189,32,-125,0,-15.66
1673,20:28:39:515,3,Severe_Damage,L3_S3,-1790,1124,14852,-194,29,-125,0,-15.66
1674,20:28:39:525,3,Severe_Damage,L3_S3,-1790,1144,14868,-192,34,-122,0,0.34
1675,20:28:39:535,3,Severe_Damage,L3_S3,-1778,1122,14868,-193,30,-120,0,0.34
1676,20:28:39:545,3,Severe_Damage,L3_S3,-1766,1120,14914,-189,32,-125,0,46.34
1677,20:28:39:555,3,Severe_Damage,L3_S3,-1806,1112,14884,-188,32,-122,0,16.34
1678,20:28:39:565,3,Severe_Damage,L3_S3,-1770,1140,14862,-195,30,-122,0,-5.66
1679,20:28:39:575,3,Severe_Damage,L3_S3,-1784,1128,14816,-188,28,-121,0,-51.66
1680,20:28:39:585,3,Severe_Damage,L3_S3,-1794,1082,14878,-194,32,-121,0,10.34
1681,20:28:39:595,3,Severe_Damage,L3_S3,-1760,1110,14848,-191,29,-126,0,-19.66
1682,20:28:39:605,3,Severe_Damage,L3_S3,-1744,1148,14920,-193,27,-123,0,52.34
1683,20:28:39:615,3,Severe_Damage,L3_S3,-1748,1112,14844,-195,33,-121,0,-23.66
1684,20:28:39:625,3,Severe_Damage,L3_S3,-1780,1104,14914,-188,38,-123,0,46.34
1685,20:28:39:635,3,Severe_Damage,L3_S3,-1792,1110,14796,-191,28,-129,0,-71.66
1686,20:28:39:645,3,Severe_Damage,L3_S3,-1770,1098,14784,-191,28,-127,0,-83.66
1687,20:28:39:655,3,Severe_Damage,L3_S3,-1720,1088,14872,-193,27,-128,0,4.34
1688,20:28:39:665,3,Severe_Damage,L3_S3,-1752,1112,14882,-188,25,-122,0,14.34
1689,20:28:39:675,3,Severe_Damage,L3_S3,-1758,1120,14840,-189,32,-123,0,-27.66
1690,20:28:39:685,3,Severe_Damage,L3_S3,-1772,1098,14886,-191,24,-125,0,18.34
1691,20:28:39:695,3,Severe_Damage,L3_S3,-1770,1084,14862,-185,23,-124,0,-5.66
1692,20:28:39:705,3,Severe_Damage,L3_S3,-1730,1092,14876,-192,26,-127,0,8.34
1693,20:28:39:715,3,Severe_Damage,L3_S3,-1746,1118,14892,-191,26,-121,0,24.34
1694,20:28:39:725,3,Severe_Damage,L3_S3,-1744,1116,14902,-193,30,-122,0,34.34
1695,20:28:39:735,3,Severe_Damage,L3_S3,-1814,1120,14884,-187,32,-128,0,16.34
1696,20:28:39:745,3,Severe_Damage,L3_S3,-1830,1116,14846,-191,29,-125,0,-21.66
1697,20:28:39:755,3,Severe_Damage,L3_S3,-1754,1112,14864,-192,30,-127,0,-3.66
1698,20:28:39:765,3,Severe_Damage,L3_S3,-1760,1096,14900,-191,22,-121,0,32.34
1699,20:28:39:775,3,Severe_Damage,L3_S3,-1776,1088,14840,-194,31,-126,0,-27.66
1700,20:28:39:785,3,Severe_Damage,L3_S3,-1792,1102,14840,-196,30,-123,0,-27.66
1701,20:28:39:795,3,Severe_Damage,L3_S3,-1738,1058,14844,-193,30,-124,0,-23.66
1702,20:28:39:805,3,Severe_Damage,L3_S3,-1784,1112,14864,-191,24,-124,0,-3.66
1703,20:28:39:815,3,Severe_Damage,L3_S3,-1772,1132,14842,-191,33,-128,0,-25.66
1704,20:28:39:825,3,Severe_Damage,L3_S3,-1772,1082,14966,-188,30,-129,0,98.34
1705,20:28:39:835,3,Severe_Damage,L3_S3,-1812,1084,14836,-187,24,-126,0,-31.66
1706,20:28:39:845,3,Severe_Damage,L3_S3,-1746,1110,14902,-189,31,-122,0,34.34
1707,20:28:39:855,3,Severe_Damage,L3_S3,-1746,1096,14846,-187,26,-124,0,-21.66
1708,20:28:39:865,3,Severe_Damage,L3_S3,-1770,1080,14892,-187,33,-121,0,24.34
1709,20:28:39:875,3,Severe_Damage,L3_S3,-1778,1086,14854,-190,31,-127,0,-13.66
1710,20:28:39:885,3,Severe_Damage,L3_S3,-1782,1116,14914,-190,30,-121,0,46.34
1711,20:28:39:895,3,Severe_Damage,L3_S3,-1788,1084,14878,-190,34,-123,0,10.34
1712,20:28:39:905,3,Severe_Damage,L3_S3,-1720,1110,14868,-195,33,-115,0,0.34
1713,20:28:39:915,3,Severe_Damage,L3_S3,-1732,1114,14842,-189,32,-121,0,-25.66
1714,20:28:39:925,3,Severe_Damage,L3_S3,-1736,1134,14782,-188,31,-126,0,-85.66
1715,20:28:39:935,3,Severe_Damage,L3_S3,-1746,1122,14844,-193,24,-127,0,-23.66
1716,20:28:39:945,3,Severe_Damage,L3_S3,-1784,1122,14842,-187,36,-127,0,-25.66
1717,20:28:39:955,3,Severe_Damage,L3_S3,-1744,1144,14908,-191,26,-123,0,40.34
1718,20:28:39:965,3,Severe_Damage,L3_S3,-1784,1108,14846,-191,29,-125,0,-21.66
1719,20:28:39:975,3,Severe_Damage,L3_S3,-1752,1088,14836,-190,29,-123,0,-31.66
1720,20:28:39:985,3,Severe_Damage,L3_S3,-1782,1108,14832,-189,37,-121,0,-35.66
1721,20:28:39:995,3,Severe_Damage,L3_S3,-1798,1102,14856,-187,29,-121,0,-11.66
1722,20:28:40:005,3,Severe_Damage,L3_S3,-1778,1132,14808,-198,36,-124,0,-59.66
1723,20:28:40:015,3,Severe_Damage,L3_S3,-1816,1104,14866,-193,33,-121,0,-1.66
1724,20:28:40:025,3,Severe_Damage,L3_S3,-1798,1128,14856,-188,35,-119,0,-11.66
1725,20:28:40:035,3,Severe_Damage,L3_S3,-1748,1094,14918,-186,30,-123,0,50.34
1726,20:28:40:045,3,Severe_Damage,L3_S3,-1738,1092,14862,-187,34,-121,0,-5.66
1727,20:28:40:055,3,Severe_Damage,L3_S3,-1724,1102,14846,-190,35,-122,0,-21.66
1728,20:28:40:065,3,Severe_Damage,L3_S3,-1728,1128,14906,-194,29,-122,0,38.34
1729,20:28:40:075,3,Severe_Damage,L3_S3,-1744,1124,14838,-191,27,-120,0,-29.66
1730,20:28:40:085,3,Severe_Damage,L3_S3,-1726,1134,14860,-192,22,-118,0,-7.66
1731,20:28:40:095,3,Severe_Damage,L3_S3,-1770,1150,14902,-187,26,-122,0,34.34
1732,20:28:40:105,3,Severe_Damage,L3_S3,-1754,1140,14824,-192,30,-126,0,-43.66
1733,20:28:40:115,3,Severe_Damage,L3_S3,-1726,1112,14856,-189,22,-124,0,-11.66
1734,20:28:40:125,3,Severe_Damage,L3_S3,-1696,1104,14818,-195,19,-123,0,-49.66
1735,20:28:40:135,3,Severe_Damage,L3_S3,-1804,1130,14846,-190,23,-126,0,-21.66
1736,20:28:40:145,3,Severe_Damage,L3_S3,-1786,1154,14882,-195,30,-126,0,14.34
1737,20:28:40:155,3,Severe_Damage,L3_S3,-1804,1130,14902,-189,33,-121,0,34.34
1738,20:28:40:165,3,Severe_Damage,L3_S3,-1742,1154,14852,-185,33,-128,0,-15.66
1739,20:28:40:175,3,Severe_Damage,L3_S3,-1778,1158,14836,-187,30,-119,0,-31.66
1740,20:28:40:185,3,Severe_Damage,L3_S3,-1718,1112,14832,-186,31,-125,0,-35.66
1741,20:28:40:195,3,Severe_Damage,L3_S3,-1764,1090,14806,-193,33,-122,0,-61.66
1742,20:28:40:205,3,Severe_Damage,L3_S3,-1750,1114,14816,-192,30,-127,0,-51.66
1743,20:28:40:215,3,Severe_Damage,L3_S3,-1760,1130,14788,-188,33,-127,0,-79.66
1744,20:28:40:225,3,Severe_Damage,L3_S3,-1824,1112,14826,-185,25,-125,0,-41.66
1745,20:28:40:235,3,Severe_Damage,L3_S3,-1732,1090,14796,-183,31,-120,0,-71.66
1746,20:28:40:245,3,Severe_Damage,L3_S3,-1764,1122,14814,-153,33,-109,0,-53.66
1747,20:28:40:255,3,Severe_Damage,L3_S3,-1768,1128,14840,-141,21,-113,0,-27.66
1748,20:28:40:265,3,Severe_Damage,L3_S3,-1772,1128,14916,-121,34,-109,0,48.34
1749,20:28:40:275,3,Severe_Damage,L3_S3,-1792,1124,14892,-140,26,-110,0,24.34
1750,20:28:40:285,3,Severe_Damage,L3_S3,-1796,1166,14870,-145,32,-111,0,2.34
1751,20:28:40:295,3,Severe_Damage,L3_S3,-1770,1136,14974,-169,31,-121,0,106.34
1752,20:28:40:305,3,Severe_Damage,L3_S3,-1740,1118,14916,-188,21,-120,0,48.34
1753,20:28:40:315,3,Severe_Damage,L3_S3,-1774,1132,14912,-201,19,-127,0,44.34
1754,20:28:40:325,3,Severe_Damage,L3_S3,-1760,1108,14890,-217,22,-122,0,22.34
1755,20:28:40:335,3,Severe_Damage,L3_S3,-1786,1126,14938,-221,38,-134,0,70.34
1756,20:28:40:345,3,Severe_Damage,L3_S3,-1806,1078,14990,-238,31,-131,0,122.34
1757,20:28:40:355,3,Severe_Damage,L3_S3,-1758,1110,14874,-244,30,-130,0,6.34
1758,20:28:40:365,3,Severe_Damage,L3_S3,-1718,1114,14788,-251,38,-126,0,-79.66
1759,20:28:40:375,3,Severe_Damage,L3_S3,-1794,1116,14928,-257,26,-123,0,60.34
1760,20:28:40:385,3,Severe_Damage,L3_S3,32767,-9726,-32768,151,-401,-79,1,-47635.66
1761,20:28:40:395,3,Severe_Damage,L3_S3,-10200,9796,12068,14900,6679,1553,1,-2799.66
1762,20:28:40:406,3,Severe_Damage,L3_S3,-6024,5118,16414,11290,-11774,2781,1,1546.34
1763,20:28:40:415,3,Severe_Damage,L3_S3,-6958,626,32767,14856,7647,1132,1,17899.34
1764,20:28:40:426,3,Severe_Damage,L3_S3,-4134,10728,21766,10990,-2117,1836,1,6898.34
1765,20:28:40:436,3,Severe_Damage,L3_S3,-6408,-1534,32767,1187,-2935,919,1,17899.34
1766,20:28:40:445,3,Severe_Damage,L3_S3,-658,10682,23580,3915,5582,-609,1,8712.34
1767,20:28:40:456,3,Severe_Damage,L3_S3,-3748,-4230,32767,-10617,-3967,-909,1,17899.34
1768,20:28:40:465,3,Severe_Damage,L3_S3,112,6386,-10652,-3422,2635,-838,1,-25519.66
1769,20:28:40:476,3,Severe_Damage,L3_S3,4808,-8268,32767,-14837,-169,-3186,1,17899.34
1770,20:28:40:485,3,Severe_Damage,L3_S3,-12634,11700,5554,-7250,-3777,90,1,-9313.66
1771,20:28:40:496,3,Severe_Damage,L3_S3,9346,-4638,25848,-17268,2349,-4207,1,10980.34
1772,20:28:40:505,3,Severe_Damage,L3_S3,-13192,5998,7602,-9971,-641,-664,1,-7265.66
1773,20:28:40:516,3,Severe_Damage,L3_S3,6550,-3494,11856,-16318,-2368,-2949,1,-3011.66
1774,20:28:40:525,3,Severe_Damage,L3_S3,-1628,2898,4346,-8656,2922,-1753,1,-10521.66
1775,20:28:40:536,3,Severe_Damage,L3_S3,-3720,-3070,5474,-10302,-3798,-1025,1,-9393.66
1776,20:28:40:545,3,Severe_Damage,L3_S3,6314,-144,3354,-3484,3495,-1643,1,-11513.66
1777,20:28:40:555,3,Severe_Damage,L3_S3,-7066,-1336,1622,-1527,-3696,809,1,-13245.66
1778,20:28:40:565,3,Severe_Damage,L3_S3,6782,-1516,6936,3470,3591,-670,1,-7931.66
1779,20:28:40:575,3,Severe_Damage,L3_S3,-4970,576,3662,7002,-2792,1814,1,-11205.66
1780,20:28:40:585,3,Severe_Damage,L3_S3,588,-858,11354,9391,2572,875,1,-3513.66
1781,20:28:40:595,3,Severe_Damage,L3_S3,-244,2400,11506,12510,-430,1826,1,-3361.66
1782,20:28:40:605,3,Severe_Damage,L3_S3,-5440,648,16104,11817,-483,2146,1,1236.34
1783,20:28:40:615,3,Severe_Damage,L3_S3,2032,3688,19970,13266,2885,1142,1,5102.34
1784,20:28:40:625,3,Severe_Damage,L3_S3,-7392,1990,21792,9934,-2665,2364,1,6924.34
1785,20:28:40:635,3,Severe_Damage,L3_S3,-224,4266,24362,9041,2386,614,1,9494.34
1786,20:28:40:645,3,Severe_Damage,L3_S3,-3596,3000,26506,4549,190,726,1,11638.34
1787,20:28:40:655,3,Severe_Damage,L3_S3,-5440,3958,24564,1495,-2130,621,1,9696.34
1788,20:28:40:665,3,Severe_Damage,L3_S3,778,3430,26754,-2567,3250,-1342,0,11886.34
1789,20:28:40:676,3,Severe_Damage,L3_S3,-7376,3142,22266,-6180,-2640,-274,1,7398.34
1790,20:28:40:685,3,Severe_Damage,L3_S3,-696,2810,21342,-9095,608,-1873,1,6474.34
1791,20:28:40:696,3,Severe_Damage,L3_S3,-1196,2278,17996,-11189,471,-1941,1,3128.34
1792,20:28:40:706,3,Severe_Damage,L3_S3,-6200,1300,13794,-12563,-1954,-1590,1,-1073.66
1793,20:28:40:716,3,Severe_Damage,L3_S3,4466,1166,12196,-12120,1184,-2633,1,-2671.66
1794,20:28:40:726,3,Severe_Damage,L3_S3,-6314,-84,7282,-11354,-1676,-1182,1,-7585.66
1795,20:28:40:735,3,Severe_Damage,L3_S3,3716,-592,7038,-8872,741,-2012,1,-7829.66
1796,20:28:40:745,3,Severe_Damage,L3_S3,-2020,-642,3928,-6010,-1090,-670,1,-10939.66
1797,20:28:40:755,3,Severe_Damage,L3_S3,-664,-1206,4342,-2630,637,-587,1,-10525.66
1798,20:28:40:765,3,Severe_Damage,L3_S3,2396,-824,4792,1339,-265,-47,1,-10075.66
1799,20:28:40:775,3,Severe_Damage,L3_S3,-4252,-706,5576,4473,-31,964,0,-9291.66
1800,20:28:40:785,3,Severe_Damage,L3_S3,3370,292,9092,7937,1179,639,1,-5775.66
1801,20:28:40:796,3,Severe_Damage,L3_S3,-4872,560,10490,9799,-1030,1940,0,-4377.66
1802,20:28:40:805,3,Severe_Damage,L3_S3,1064,1536,15042,11389,1820,1212,0,174.34
1803,20:28:40:815,3,Severe_Damage,L3_S3,-3402,2008,17100,11473,-479,1950,0,2232.34
1804,20:28:40:825,3,Severe_Damage,L3_S3,-3018,2566,20368,10529,315,1538,0,5500.34
1805,20:28:40:835,3,Severe_Damage,L3_S3,-1136,3206,23164,8920,1442,996,0,8296.34
1806,20:28:40:845,3,Severe_Damage,L3_S3,-5620,3024,23790,5857,-1389,1277,0,8922.34
1807,20:28:40:855,3,Severe_Damage,L3_S3,-1236,3592,25526,3006,1597,-59,0,10658.34
1808,20:28:40:865,3,Severe_Damage,L3_S3,-4146,3174,24610,-766,-537,-2,0,9742.34
1809,20:28:40:876,3,Severe_Damage,L3_S3,-3662,3118,23290,-4068,-519,-641,0,8422.34
1810,20:28:40:886,3,Severe_Damage,L3_S3,-984,3004,21942,-6959,1115,-1503,0,7074.34
1811,20:28:40:896,3,Severe_Damage,L3_S3,-4672,2156,18382,-9600,-1643,-1178,1,3514.34
1812,20:28:40:905,3,Severe_Damage,L3_S3,36,1926,16358,-10767,686,-2104,0,1490.34
1813,20:28:40:916,3,Severe_Damage,L3_S3,-2416,1044,12794,-11442,-814,-1683,0,-2073.66
1814,20:28:40:925,3,Severe_Damage,L3_S3,-1342,492,9996,-10774,-378,-1757,1,-4871.66
1815,20:28:40:935,3,Severe_Damage,L3_S3,976,-64,8072,-9198,-19,-1660,0,-6795.66
1816,20:28:40:945,3,Severe_Damage,L3_S3,-2920,-692,5660,-6908,-600,-901,1,-9207.66
1817,20:28:40:955,3,Severe_Damage,L3_S3,2638,-682,5760,-3763,329,-977,1,-9107.66
1818,20:28:40:965,3,Severe_Damage,L3_S3,-2900,-916,4822,-656,-534,117,1,-10045.66
1819,20:28:40:975,3,Severe_Damage,L3_S3,1530,-506,6614,2837,685,85,0,-8253.66
1820,20:28:40:985,3,Severe_Damage,L3_S3,-1526,-206,7782,5727,-332,952,1,-7085.66
1821,20:28:40:995,3,Severe_Damage,L3_S3,-1394,526,10242,8177,565,1132,1,-4625.66
1822,20:28:41:005,3,Severe_Damage,L3_S3,-232,1082,13298,9826,409,1326,0,-1569.66
1823,20:28:41:016,3,Severe_Damage,L3_S3,-3624,1548,15650,10352,-135,1717,0,782.34
1824,20:28:41:025,3,Severe_Damage,L3_S3,-594,2338,19250,10218,1106,1218,0,4382.34
1825,20:28:41:035,3,Severe_Damage,L3_S3,-3948,2582,20766,8744,-437,1514,1,5898.34
1826,20:28:41:045,3,Severe_Damage,L3_S3,-2440,2998,23050,6727,627,823,0,8182.34
1827,20:28:41:055,3,Severe_Damage,L3_S3,-2832,3170,23960,4000,455,484,0,9092.34
1828,20:28:41:065,3,Severe_Damage,L3_S3,-4150,3054,23808,779,-617,211,0,8940.34
1829,20:28:41:075,3,Severe_Damage,L3_S3,-1814,3152,23618,-2191,962,-691,0,8750.34
1830,20:28:41:086,3,Severe_Damage,L3_S3,-3698,2710,21604,-5296,-723,-718,0,6736.34
1831,20:28:41:095,3,Severe_Damage,L3_S3,-2202,2468,19680,-7613,57,-1353,0,4812.34
1832,20:28:41:106,3,Severe_Damage,L3_S3,-1616,1922,17242,-9401,21,-1617,0,2374.34
1833,20:28:41:116,3,Severe_Damage,L3_S3,-2818,1374,14100,-10257,-789,-1522,0,-767.66
1834,20:28:41:125,3,Severe_Damage,L3_S3,70,850,12028,-10104,240,-1857,0,-2839.66
1835,20:28:41:135,3,Severe_Damage,L3_S3,-2216,96,9136,-9189,-803,-1320,0,-5731.66
1836,20:28:41:145,3,Severe_Damage,L3_S3,304,-148,7698,-7244,89,-1354,1,-7169.66
1837,20:28:41:155,3,Severe_Damage,L3_S3,-776,-660,6352,-4836,-410,-760,0,-8515.66
1838,20:28:41:165,3,Severe_Damage,L3_S3,-692,-654,5926,-1911,27,-382,1,-8941.66
1839,20:28:41:175,3,Severe_Damage,L3_S3,432,-528,6672,1121,52,6,1,-8195.66
1840,20:28:41:185,3,Severe_Damage,L3_S3,-1888,-296,7488,3936,-40,638,1,-7379.66
1841,20:28:41:195,3,Severe_Damage,L3_S3,382,296,10008,6510,521,749,0,-4859.66
1842,20:28:41:205,3,Severe_Damage,L3_S3,-2424,726,11814,8209,-100,1333,0,-3053.66
1843,20:28:41:216,3,Severe_Damage,L3_S3,-910,1366,14874,9299,644,1219,0,6.34
1844,20:28:41:225,3,Severe_Damage,L3_S3,-2310,1808,17222,9365,187,1406,1,2354.34
1845,20:28:41:235,3,Severe_Damage,L3_S3,-2686,2354,19510,8602,193,1266,1,4642.34
1846,20:28:41:245,3,Severe_Damage,L3_S3,-2042,2652,21626,7054,663,887,0,6758.34
1847,20:28:41:255,3,Severe_Damage,L3_S3,-3752,2844,22470,4726,-239,789,0,7602.34
1848,20:28:41:266,3,Severe_Damage,L3_S3,-2364,2984,23342,2125,552,106,0,8474.34
1849,20:28:41:275,3,Severe_Damage,L3_S3,-3206,2942,22922,-792,-67,-162,0,8054.34
1850,20:28:41:286,3,Severe_Damage,L3_S3,-3002,2692,21826,-3568,-194,-617,0,6958.34
1851,20:28:41:296,3,Severe_Damage,L3_S3,-2012,2498,20300,-5944,311,-1122,1,5432.34
1852,20:28:41:306,3,Severe_Damage,L3_S3,-3008,2004,17872,-7944,-618,-1203,0,3004.34
1853,20:28:41:316,3,Severe_Damage,L3_S3,-1262,1606,15730,-9003,38,-1602,0,862.34
1854,20:28:41:326,3,Severe_Damage,L3_S3,-1818,1002,12952,-9351,-413,-1487,1,-1915.66
1855,20:28:41:336,3,Severe_Damage,L3_S3,-1196,496,10786,-8808,-321,-1452,0,-4081.66
1856,20:28:41:345,3,Severe_Damage,L3_S3,-354,2,9056,-7464,-149,-1284,0,-5811.66
1857,20:28:41:356,3,Severe_Damage,L3_S3,-1324,-352,7458,-5495,-333,-855,0,-7409.66
1858,20:28:41:365,3,Severe_Damage,L3_S3,364,-460,7078,-2954,85,-651,0,-7789.66
1859,20:28:41:376,3,Severe_Damage,L3_S3,-1360,-456,6780,-303,-184,-38,0,-8087.66
1860,20:28:41:385,3,Severe_Damage,L3_S3,-76,-210,7926,2445,260,209,1,-6941.66
1861,20:28:41:395,3,Severe_Damage,L3_S3,-1110,12,9286,4836,26,696,0,-5581.66
1862,20:28:41:406,3,Severe_Damage,L3_S3,-1352,614,11230,6815,313,956,0,-3637.66
1863,20:28:41:416,3,Severe_Damage,L3_S3,-1130,1102,13714,8052,330,1119,0,-1153.66
1864,20:28:41:425,3,Severe_Damage,L3_S3,-2478,1492,15874,8498,156,1296,0,1006.34
1865,20:28:41:436,3,Severe_Damage,L3_S3,-1640,2054,18272,8226,559,1098,0,3404.34
1866,20:28:41:445,3,Severe_Damage,L3_S3,-2974,2348,20026,7055,61,1079,0,5158.34
1867,20:28:41:455,3,Severe_Damage,L3_S3,-2558,2590,21548,5299,316,687,0,6680.34
1868,20:28:41:465,3,Severe_Damage,L3_S3,-2760,2736,22324,3025,249,358,0,7456.34
1869,20:28:41:475,3,Severe_Damage,L3_S3,-3238,2740,22232,452,-126,36,0,7364.34
1870,20:28:41:486,3,Severe_Damage,L3_S3,-2350,2678,21868,-2113,282,-504,0,7000.34
1871,20:28:41:496,3,Severe_Damage,L3_S3,-2978,2462,20314,-4495,-259,-727,0,5446.34
1872,20:28:41:506,3,Severe_Damage,L3_S3,-2124,2124,18620,-6450,-59,-1121,0,3752.34
1873,20:28:41:516,3,Severe_Damage,L3_S3,-1934,1710,16542,-7825,-152,-1312,0,1674.34
1874,20:28:41:526,3,Severe_Damage,L3_S3,-1882,1206,14300,-8464,-417,-1353,0,-567.66
1875,20:28:41:536,3,Severe_Damage,L3_S3,-948,760,12168,-8285,-49,-1438,1,-2699.66
1876,20:28:41:546,3,Severe_Damage,L3_S3,-1444,296,10044,-7424,-433,-1173,1,-4823.66
1877,20:28:41:555,3,Severe_Damage,L3_S3,-484,-78,8836,-5849,-80,-1045,0,-6031.66
1878,20:28:41:565,3,Severe_Damage,L3_S3,-896,-316,7776,-3771,-176,-644,0,-7091.66
1879,20:28:41:575,3,Severe_Damage,L3_S3,-602,-346,7596,-1378,-31,-310,0,-7271.66
1880,20:28:41:585,3,Severe_Damage,L3_S3,-510,-212,8088,1113,92,58,0,-6779.66
1881,20:28:41:595,3,Severe_Damage,L3_S3,-1232,14,9168,3408,70,467,0,-5699.66
1882,20:28:41:605,3,Severe_Damage,L3_S3,-658,418,11026,5438,306,687,0,-3841.66
1883,20:28:41:615,3,Severe_Damage,L3_S3,-1836,834,12682,6852,162,1014,0,-2185.66
1884,20:28:41:626,3,Severe_Damage,L3_S3,-1412,1308,14956,7601,348,1041,0,88.34
1885,20:28:41:636,3,Severe_Damage,L3_S3,-2122,1750,16988,7630,273,1096,0,2120.34
1886,20:28:41:646,3,Severe_Damage,L3_S3,-2416,2106,18880,6916,210,984,0,4012.34
1887,20:28:41:656,3,Severe_Damage,L3_S3,-2410,2422,20516,5589,344,735,0,5648.34
1888,20:28:41:665,3,Severe_Damage,L3_S3,-2994,2536,21348,3647,13,522,0,6480.34
1889,20:28:41:676,3,Severe_Damage,L3_S3,-2590,2656,21762,1458,232,97,0,6894.34
1890,20:28:41:686,3,Severe_Damage,L3_S3,-2854,2530,21444,-941,-32,-215,0,6576.34
1891,20:28:41:696,3,Severe_Damage,L3_S3,-2600,2414,20480,-3177,-98,-580,0,5612.34
1892,20:28:41:706,3,Severe_Damage,L3_S3,-2210,2166,19082,-5125,29,-921,0,4214.34
1893,20:28:41:716,3,Severe_Damage,L3_S3,-2342,1828,17098,-6646,-300,-1083,0,2230.34
1894,20:28:41:726,3,Severe_Damage,L3_S3,-1630,1330,15374,-7541,-116,-1296,0,506.34
1895,20:28:41:736,3,Severe_Damage,L3_S3,-1634,988,13142,-7674,-269,-1254,0,-1725.66
1896,20:28:41:746,3,Severe_Damage,L3_S3,-1166,530,11342,-7184,-220,-1207,0,-3525.66
1897,20:28:41:756,3,Severe_Damage,L3_S3,-880,182,9854,-5990,-162,-1027,0,-5013.66
1898,20:28:41:766,3,Severe_Damage,L3_S3,-1020,-148,8760,-4329,-187,-736,0,-6107.66
1899,20:28:41:775,3,Severe_Damage,L3_S3,-498,-182,8386,-2216,45,-470,0,-6481.66
1900,20:28:41:785,3,Severe_Damage,L3_S3,-1030,-180,8386,6,-50,-56,0,-6481.66
1901,20:28:41:796,3,Severe_Damage,L3_S3,-676,-20,9276,2207,176,222,0,-5591.66
1902,20:28:41:806,3,Severe_Damage,L3_S3,-1188,268,10478,4150,129,566,0,-4389.66
1903,20:28:41:815,3,Severe_Damage,L3_S3,-1290,688,12112,5704,232,781,0,-2755.66
1904,20:28:41:826,3,Severe_Damage,L3_S3,-1528,1132,14002,6675,308,926,0,-865.66
1905,20:28:41:836,3,Severe_Damage,L3_S3,-1964,1442,16026,6931,167,996,0,1158.34
1906,20:28:41:846,3,Severe_Damage,L3_S3,-2116,1888,17938,6622,374,903,0,3070.34
1907,20:28:41:856,3,Severe_Damage,L3_S3,-2544,2174,19308,5635,127,803,0,4440.34
1908,20:28:41:866,3,Severe_Damage,L3_S3,-2508,2298,20492,4096,204,529,0,5624.34
1909,20:28:41:876,3,Severe_Damage,L3_S3,-2690,2474,21066,2184,127,250,0,6198.34
1910,20:28:41:886,3,Severe_Damage,L3_S3,-2718,2428,21004,53,-21,-68,0,6136.34
1911,20:28:41:896,3,Severe_Damage,L3_S3,-2442,2428,20426,-2019,66,-425,0,5558.34
1912,20:28:41:906,3,Severe_Damage,L3_S3,-2554,2112,19266,-3967,-146,-679,1,4398.34
1913,20:28:41:916,3,Severe_Damage,L3_S3,-2070,1894,17772,-5503,-92,-962,0,2904.34
1914,20:28:41:926,3,Severe_Damage,L3_S3,-1922,1498,15928,-6573,-166,-1110,0,1060.34
1915,20:28:41:936,3,Severe_Damage,L3_S3,-1644,1104,14126,-7026,-251,-1175,0,-741.66
1916,20:28:41:946,3,Severe_Damage,L3_S3,-1258,788,12420,-6769,-123,-1162,0,-2447.66
1917,20:28:41:956,3,Severe_Damage,L3_S3,-1264,366,10766,-5995,-229,-1000,0,-4101.66
1918,20:28:41:965,3,Severe_Damage,L3_S3,-770,96,9734,-4620,-99,-826,0,-5133.66
1919,20:28:41:976,3,Severe_Damage,L3_S3,-942,-112,9052,-2883,-88,-527,0,-5815.66
1920,20:28:41:985,3,Severe_Damage,L3_S3,-828,-140,8984,-881,11,-240,0,-5883.66
1921,20:28:41:995,3,Severe_Damage,L3_S3,-916,20,9364,1159,63,80,0,-5503.66
1922,20:28:42:006,3,Severe_Damage,L3_S3,-1192,204,10410,3016,122,380,0,-4457.66
1923,20:28:42:016,3,Severe_Damage,L3_S3,-1128,586,11764,4632,206,599,0,-3103.66
1924,20:28:42:026,3,Severe_Damage,L3_S3,-1632,910,13422,5724,200,804,0,-1445.66
1925,20:28:42:036,3,Severe_Damage,L3_S3,-1658,1284,15238,6254,256,860,0,370.34
1926,20:28:42:046,3,Severe_Damage,L3_S3,-2006,1606,16958,6178,218,866,0,2090.34
1927,20:28:42:056,3,Severe_Damage,L3_S3,-2310,1926,18424,5530,224,766,0,3556.34
1928,20:28:42:066,3,Severe_Damage,L3_S3,-2368,2188,19524,4356,182,575,0,4656.34
1929,20:28:42:076,3,Severe_Damage,L3_S3,-2654,2312,20298,2706,83,343,0,5430.34
1930,20:28:42:086,3,Severe_Damage,L3_S3,-2534,2366,20522,871,128,36,0,5654.34
1931,20:28:42:096,3,Severe_Damage,L3_S3,-2556,2250,20204,-1081,2,-256,0,5336.34
1932,20:28:42:106,3,Severe_Damage,L3_S3,-2378,2126,19314,-2903,-48,-538,0,4446.34
1933,20:28:42:116,3,Severe_Damage,L3_S3,-2198,1900,18070,-4474,-42,-791,0,3202.34
1934,20:28:42:126,3,Severe_Damage,L3_S3,-2046,1608,16494,-5613,-178,-953,0,1626.34
1935,20:28:42:136,3,Severe_Damage,L3_S3,-1728,1214,15008,-6305,-133,-1077,0,140.34
1936,20:28:42:146,3,Severe_Damage,L3_S3,-1502,894,13230,-6312,-219,-1055,0,-1637.66
1937,20:28:42:156,3,Severe_Damage,L3_S3,-1258,540,11720,-5812,-139,-994,0,-3147.66
1938,20:28:42:166,3,Severe_Damage,L3_S3,-1082,314,10532,-4766,-150,-831,0,-4335.66
1939,20:28:42:176,3,Severe_Damage,L3_S3,-896,36,9844,-3349,-118,-606,0,-5023.66
1940,20:28:42:185,3,Severe_Damage,L3_S3,-904,50,9528,-1565,0,-337,0,-5339.66
1941,20:28:42:195,3,Severe_Damage,L3_S3,-968,-12,9640,247,2,-54,0,-5227.66
1942,20:28:42:206,3,Severe_Damage,L3_S3,-1040,202,10350,2050,133,218,0,-4517.66
1943,20:28:42:216,3,Severe_Damage,L3_S3,-1224,438,11492,3595,130,466,0,-3375.66
1944,20:28:42:226,3,Severe_Damage,L3_S3,-1376,810,12828,4835,203,650,0,-2039.66
1945,20:28:42:236,3,Severe_Damage,L3_S3,-1630,1120,14466,5497,218,748,0,-401.66
1946,20:28:42:246,3,Severe_Damage,L3_S3,-1910,1410,16034,5687,198,794,0,1166.34
1947,20:28:42:256,3,Severe_Damage,L3_S3,-2094,1744,17548,5300,244,725,0,2680.34
1948,20:28:42:266,3,Severe_Damage,L3_S3,-2358,1962,18714,4419,165,598,0,3846.34
1949,20:28:42:276,3,Severe_Damage,L3_S3,-2424,2174,19572,3094,148,380,0,4704.34
1950,20:28:42:286,3,Severe_Damage,L3_S3,-2556,2218,19962,1473,87,141,0,5094.34
1951,20:28:42:296,3,Severe_Damage,L3_S3,-2542,2176,19840,-274,28,-133,0,4972.34
1952,20:28:42:306,3,Severe_Damage,L3_S3,-2350,2082,19282,-1997,-4,-412,0,4414.34
1953,20:28:42:316,3,Severe_Damage,L3_S3,-2332,1964,18330,-3535,-84,-636,0,3462.34
1954,20:28:42:326,3,Severe_Damage,L3_S3,-2038,1696,16966,-4747,-86,-838,0,2098.34
1955,20:28:42:336,3,Severe_Damage,L3_S3,-1940,1452,15494,-5514,-133,-938,0,626.34
1956,20:28:42:346,3,Severe_Damage,L3_S3,-1606,924,14082,-5846,-190,-1001,0,-785.66
1957,20:28:42:356,3,Severe_Damage,L3_S3,-1372,816,12544,-5487,-127,-941,0,-2323.66
1958,20:28:42:366,3,Severe_Damage,L3_S3,-1232,380,11410,-4804,-148,-825,0,-3457.66
1959,20:28:42:376,3,Severe_Damage,L3_S3,-988,282,10406,-3587,-106,-658,0,-4461.66
1960,20:28:42:386,3,Severe_Damage,L3_S3,-1078,98,10044,-2128,-22,-419,0,-4823.66
1961,20:28:42:395,3,Severe_Damage,L3_S3,-900,102,10002,-430,5,-164,0,-4865.66
1962,20:28:42:406,3,Severe_Damage,L3_S3,-1144,222,10506,1207,79,91,0,-4361.66
1963,20:28:42:416,3,Severe_Damage,L3_S3,-1202,448,11368,2722,116,333,0,-3499.66
1964,20:28:42:426,3,Severe_Damage,L3_S3,-1368,714,12556,3953,176,511,0,-2311.66
1965,20:28:42:436,3,Severe_Damage,L3_S3,-1614,1002,13926,4787,191,656,0,-941.66
1966,20:28:42:446,3,Severe_Damage,L3_S3,-1776,1262,15402,5126,227,700,0,534.34
1967,20:28:42:456,3,Severe_Damage,L3_S3,-2044,1578,16832,4968,165,688,0,1964.34
1968,20:28:42:466,3,Severe_Damage,L3_S3,-2268,1794,18008,4348,234,577,0,3140.34
1969,20:28:42:476,3,Severe_Damage,L3_S3,-2242,2004,18898,3296,111,413,0,4030.34
1970,20:28:42:486,3,Severe_Damage,L3_S3,-2518,2132,19436,1904,82,207,0,4568.34
1971,20:28:42:496,3,Severe_Damage,L3_S3,-2374,2136,19558,376,74,-43,0,4690.34
1972,20:28:42:506,3,Severe_Damage,L3_S3,-2450,2038,19170,-1233,-30,-284,0,4302.34
1973,20:28:42:516,3,Severe_Damage,L3_S3,-2246,1922,18412,-2688,-25,-513,0,3544.34
1974,20:28:42:526,3,Severe_Damage,L3_S3,-2066,1662,17338,-3933,-69,-704,0,2470.34
1975,20:28:42:536,3,Severe_Damage,L3_S3,-1856,1472,16038,-4783,-132,-821,0,1170.34
1976,20:28:42:546,3,Severe_Damage,L3_S3,-1670,1160,14712,-5249,-114,-908,0,-155.66
1977,20:28:42:556,3,Severe_Damage,L3_S3,-1522,878,13314,-5182,-179,-887,0,-1553.66
1978,20:28:42:566,3,Severe_Damage,L3_S3,-1324,562,12120,-4636,-69,-815,0,-2747.66
1979,20:28:42:576,3,Severe_Damage,L3_S3,-1160,346,11092,-3719,-140,-670,0,-3775.66
1980,20:28:42:586,3,Severe_Damage,L3_S3,-1088,170,10606,-2490,-56,-477,0,-4261.66
1981,20:28:42:596,3,Severe_Damage,L3_S3,-1042,214,10406,-990,22,-250,0,-4461.66
1982,20:28:42:605,3,Severe_Damage,L3_S3,-1066,202,10718,500,-8,-7,0,-4149.66
1983,20:28:42:616,3,Severe_Damage,L3_S3,-1192,390,11414,1947,127,206,0,-3453.66
1984,20:28:42:626,3,Severe_Damage,L3_S3,-1386,580,12366,3156,109,402,0,-2501.66
1985,20:28:42:636,3,Severe_Damage,L3_S3,-1502,876,13550,4053,149,534,0,-1317.66
1986,20:28:42:646,3,Severe_Damage,L3_S3,-1776,1236,14856,4571,217,615,0,-11.66
1987,20:28:42:656,3,Severe_Damage,L3_S3,-1924,1410,16182,4565,137,617,0,1314.34
1988,20:28:42:666,3,Severe_Damage,L3_S3,-2132,1778,17270,4180,177,556,0,2402.34
1989,20:28:42:676,3,Severe_Damage,L3_S3,-2270,1836,18318,3332,160,423,0,3450.34
1990,20:28:42:686,3,Severe_Damage,L3_S3,-2332,1990,18730,2238,99,254,0,3862.34
1991,20:28:42:696,3,Severe_Damage,L3_S3,-2364,1976,19116,822,59,36,0,4248.34
1992,20:28:42:706,3,Severe_Damage,L3_S3,-2352,2026,18820,-570,28,-181,0,3952.34
1993,20:28:42:716,3,Severe_Damage,L3_S3,-2258,1836,18394,-1993,-24,-399,0,3526.34
1994,20:28:42:726,3,Severe_Damage,L3_S3,-2124,1736,17428,-3158,-64,-576,0,2560.34
1995,20:28:42:736,3,Severe_Damage,L3_S3,-1942,1480,16378,-4093,-63,-725,0,1510.34
1996,20:28:42:746,3,Severe_Damage,L3_S3,-1802,1278,15036,-4616,-120,-803,0,168.34
1997,20:28:42:756,3,Severe_Damage,L3_S3,-1512,926,13968,-4791,-140,-841,0,-899.66
1998,20:28:42:766,3,Severe_Damage,L3_S3,-1420,732,12700,-4383,-76,-768,0,-2167.66
1999,20:28:42:776,3,Severe_Damage,L3_S3,-1258,458,11736,-3745,-110,-664,0,-3131.66
2000,20:28:42:786,3,Severe_Damage,L3_S3,-1142,326,11238,-2673,-62,-505,0,-3629.66
2001,20:28:42:796,3,Severe_Damage,L3_S3,-1120,286,10910,-1446,-15,-307,0,-3957.66
2002,20:28:42:806,3,Severe_Damage,L3_S3,-1124,330,10982,-43,40,-105,0,-3885.66
2003,20:28:42:816,3,Severe_Damage,L3_S3,-1214,398,11424,1258,63,103,0,-3443.66
2004,20:28:42:826,3,Severe_Damage,L3_S3,-1328,580,12210,2465,122,282,0,-2657.66
2005,20:28:42:836,3,Severe_Damage,L3_S3,-1456,812,13248,3376,128,426,0,-1619.66
2006,20:28:42:846,3,Severe_Damage,L3_S3,-1650,1042,14466,3948,151,523,0,-401.66
2007,20:28:42:856,3,Severe_Damage,L3_S3,-1878,1330,15576,4186,196,553,0,708.34
2008,20:28:42:866,3,Severe_Damage,L3_S3,-2014,1426,16738,3890,129,518,0,1870.34
2009,20:28:42:876,3,Severe_Damage,L3_S3,-2160,1754,17610,3332,147,426,0,2742.34
2010,20:28:42:886,3,Severe_Damage,L3_S3,-2258,1814,18326,2346,121,268,0,3458.34
2011,20:28:42:896,3,Severe_Damage,L3_S3,-2326,1928,18490,1237,58,103,0,3622.34
2012,20:28:42:906,3,Severe_Damage,L3_S3,-2292,1870,18630,-115,50,-115,0,3762.34
2013,20:28:42:916,3,Severe_Damage,L3_S3,-2284,1856,18108,-1341,-12,-294,0,3240.34
2014,20:28:42:926,3,Severe_Damage,L3_S3,-2146,1694,17478,-2540,-37,-487,0,2610.34
2015,20:28:42:936,3,Severe_Damage,L3_S3,-1970,1530,16546,-3428,-57,-618,0,1678.34
2016,20:28:42:946,3,Severe_Damage,L3_S3,-1832,1300,15504,-4066,-72,-712,0,636.34
2017,20:28:42:956,3,Severe_Damage,L3_S3,-1622,1110,14350,-4307,-103,-758,0,-517.66
2018,20:28:42:966,3,Severe_Damage,L3_S3,-1444,836,13336,-4183,-118,-744,0,-1531.66
2019,20:28:42:976,3,Severe_Damage,L3_S3,-1386,586,12406,-3613,-35,-658,0,-2461.66
2020,20:28:42:986,3,Severe_Damage,L3_S3,-1208,496,11698,-2801,-94,-525,0,-3169.66
2021,20:28:42:996,3,Severe_Damage,L3_S3,-1156,388,11404,-1736,-8,-362,0,-3463.66
2022,20:28:43:006,3,Severe_Damage,L3_S3,-1180,378,11250,-503,31,-172,0,-3617.66
2023,20:28:43:016,3,Severe_Damage,L3_S3,-1228,438,11662,706,42,19,0,-3205.66
2024,20:28:43:026,3,Severe_Damage,L3_S3,-1358,580,12104,1849,109,193,0,-2763.66
2025,20:28:43:036,3,Severe_Damage,L3_S3,-1460,744,13080,2757,102,337,0,-1787.66
2026,20:28:43:046,3,Severe_Damage,L3_S3,-1634,1002,14004,3410,136,427,0,-863.66
2027,20:28:43:056,3,Severe_Damage,L3_S3,-1754,1170,15210,3690,144,483,0,342.34
2028,20:28:43:066,3,Severe_Damage,L3_S3,-1990,1456,16092,3656,170,473,0,1224.34
2029,20:28:43:076,3,Severe_Damage,L3_S3,-1988,1618,17142,3154,92,398,0,2274.34
2030,20:28:43:086,3,Severe_Damage,L3_S3,-2280,1722,17758,2434,138,280,0,2890.34
2031,20:28:43:096,3,Severe_Damage,L3_S3,-2190,1798,18226,1439,47,129,0,3358.34
2032,20:28:43:106,3,Severe_Damage,L3_S3,-2284,1834,18242,313,50,-41,0,3374.34
2033,20:28:43:116,3,Severe_Damage,L3_S3,-2218,1774,18036,-867,17,-226,0,3168.34
2034,20:28:43:126,3,Severe_Damage,L3_S3,-2154,1656,17526,-1952,-23,-393,0,2658.34
2035,20:28:43:136,3,Severe_Damage,L3_S3,-1986,1588,16710,-2868,-35,-530,0,1842.34
2036,20:28:43:146,3,Severe_Damage,L3_S3,-1830,1334,15738,-3529,-60,-641,0,870.34
2037,20:28:43:156,3,Severe_Damage,L3_S3,-1772,1180,14692,-3847,-80,-693,0,-175.66
2038,20:28:43:166,3,Severe_Damage,L3_S3,-1538,868,13846,-3883,-113,-696,0,-1021.66
2039,20:28:43:176,3,Severe_Damage,L3_S3,-1464,746,12860,-3459,-52,-630,0,-2007.66
2040,20:28:43:186,3,Severe_Damage,L3_S3,-1376,590,12212,-2838,-48,-534,1,-2655.66
2041,20:28:43:196,3,Severe_Damage,L3_S3,-1206,530,11706,-1892,-51,-388,0,-3161.66
2042,20:28:43:206,3,Severe_Damage,L3_S3,-1270,400,11678,-874,21,-235,0,-3189.66
2043,20:28:43:216,3,Severe_Damage,L3_S3,-1240,496,11740,290,44,-52,0,-3127.66
2044,20:28:43:226,3,Severe_Damage,L3_S3,-1336,542,12298,1306,64,110,0,-2569.66
2045,20:28:43:236,3,Severe_Damage,L3_S3,-1456,716,13046,2228,116,253,0,-1821.66
2046,20:28:43:246,3,Severe_Damage,L3_S3,-1550,924,13880,2889,99,353,0,-987.66
2047,20:28:43:256,3,Severe_Damage,L3_S3,-1768,1138,14852,3258,144,407,0,-15.66
2048,20:28:43:266,3,Severe_Damage,L3_S3,-1992,1468,16716,3004,123,378,0,1848.34
2049,20:28:43:276,3,Severe_Damage,L3_S3,-2112,1652,17314,2420,89,287,0,2446.34
2050,20:28:43:286,3,Severe_Damage,L3_S3,-2154,1704,17800,1582,97,152,0,2932.34
2051,20:28:43:296,3,Severe_Damage,L3_S3,-2182,1774,17916,629,58,8,0,3048.34
2052,20:28:43:306,3,Severe_Damage,L3_S3,-2166,1696,17848,-481,14,-169,0,2980.34
2053,20:28:43:316,3,Severe_Damage,L3_S3,-2098,1720,17374,-1458,8,-324,0,2506.34
2054,20:28:43:326,3,Severe_Damage,L3_S3,-2040,1502,16816,-2370,-38,-455,0,1948.34
2055,20:28:43:336,3,Severe_Damage,L3_S3,-1928,1432,15950,-3019,-38,-562,0,1082.34
2056,20:28:43:346,3,Severe_Damage,L3_S3,-1726,1186,15114,-3430,-64,-624,0,246.34
2057,20:28:43:356,3,Severe_Damage,L3_S3,-1654,1046,14098,-3519,-69,-638,0,-769.66
2058,20:28:43:366,3,Severe_Damage,L3_S3,-1442,760,13386,-3328,-101,-612,0,-1481.66
2059,20:28:43:376,3,Severe_Damage,L3_S3,-1388,690,12632,-2754,-7,-514,0,-2235.66
2060,20:28:43:386,3,Severe_Damage,L3_S3,-1254,546,12134,-2039,-55,-407,0,-2733.66
2061,20:28:43:396,3,Severe_Damage,L3_S3,-1304,440,11954,-1108,7,-269,0,-2913.66
2062,20:28:43:406,3,Severe_Damage,L3_S3,-1286,504,12002,-97,30,-116,0,-2865.66
2063,20:28:43:416,3,Severe_Damage,L3_S3,-1304,550,12324,874,54,46,1,-2543.66
2064,20:28:43:426,3,Severe_Damage,L3_S3,-1504,740,12884,1743,96,181,0,-1983.66
2065,20:28:43:436,3,Severe_Damage,L3_S3,-1494,910,13664,2413,99,281,0,-1203.66
2066,20:28:43:446,3,Severe_Damage,L3_S3,-1684,1046,14536,2844,124,348,0,-331.66
2067,20:28:43:456,3,Severe_Damage,L3_S3,-1786,1226,15508,2966,116,371,0,640.34
2068,20:28:43:466,3,Severe_Damage,L3_S3,-1962,1466,16176,2852,160,352,0,1308.34
2069,20:28:43:476,3,Severe_Damage,L3_S3,-2008,1506,16996,2322,80,267,0,2128.34
2070,20:28:43:486,3,Severe_Damage,L3_S3,-2174,1662,17392,1681,90,171,0,2524.34
2071,20:28:43:496,3,Severe_Damage,L3_S3,-2118,1652,17694,797,74,31,0,2826.34
2072,20:28:43:506,3,Severe_Damage,L3_S3,-2200,1726,17512,-101,23,-104,0,2644.34
2073,20:28:43:516,3,Severe_Damage,L3_S3,-2048,1582,17366,-1091,7,-267,0,2498.34
2074,20:28:43:526,3,Severe_Damage,L3_S3,-2036,1528,16800,-1886,-18,-384,0,1932.34
2075,20:28:43:536,3,Severe_Damage,L3_S3,-1954,1374,16176,-2601,-45,-495,0,1308.34
2076,20:28:43:546,3,Severe_Damage,L3_S3,-1802,1222,15314,-3013,-36,-565,0,446.34
2077,20:28:43:556,3,Severe_Damage,L3_S3,-1664,1082,14446,-3197,-73,-588,0,-421.66
2078,20:28:43:566,3,Severe_Damage,L3_S3,-1546,910,13648,-3095,-55,-574,0,-1219.66
2079,20:28:43:576,3,Severe_Damage,L3_S3,-1428,734,13024,-2691,-56,-509,0,-1843.66
2080,20:28:43:586,3,Severe_Damage,L3_S3,-1442,638,12492,-2061,0,-412,0,-2375.66
2081,20:28:43:596,3,Severe_Damage,L3_S3,-1334,584,12286,-1266,-31,-280,0,-2581.66
2082,20:28:43:607,3,Severe_Damage,L3_S3,-1300,522,12324,-420,19,-154,0,-2543.66
2083,20:28:43:616,3,Severe_Damage,L3_S3,-1400,682,12420,534,68,-8,0,-2447.66
2084,20:28:43:626,3,Severe_Damage,L3_S3,-1426,656,12994,1302,44,113,0,-1873.66
2085,20:28:43:636,3,Severe_Damage,L3_S3,-1596,852,13580,2014,114,218,0,-1287.66
2086,20:28:43:646,3,Severe_Damage,L3_S3,-1610,1000,14314,2432,85,281,0,-553.66
2087,20:28:43:656,3,Severe_Damage,L3_S3,-1778,1194,15080,2661,110,320,0,212.34
2088,20:28:43:666,3,Severe_Damage,L3_S3,-1918,1324,15942,2572,116,307,0,1074.34
2089,20:28:43:676,3,Severe_Damage,L3_S3,-1988,1494,16498,2279,109,264,0,1630.34
2090,20:28:43:686,3,Severe_Damage,L3_S3,-2038,1568,17012,1651,48,163,0,2144.34
2091,20:28:43:696,3,Severe_Damage,L3_S3,-2190,1634,17318,962,91,60,0,2450.34
2092,20:28:43:706,3,Severe_Damage,L3_S3,-2068,1648,17400,120,25,-77,0,2532.34
2093,20:28:43:716,3,Severe_Damage,L3_S3,-2152,1624,17142,-712,21,-199,0,2274.34
2094,20:28:43:726,3,Severe_Damage,L3_S3,-1990,1522,16718,-1542,-8,-333,0,1850.34
2095,20:28:43:736,3,Severe_Damage,L3_S3,-1910,1410,16156,-2172,-27,-428,0,1288.34
2096,20:28:43:746,3,Severe_Damage,L3_S3,-1902,1280,15456,-2657,-21,-506,0,588.34
2097,20:28:43:756,3,Severe_Damage,L3_S3,-1688,1122,14720,-2860,-56,-526,0,-147.66
2098,20:28:43:766,3,Severe_Damage,L3_S3,-1622,968,14022,-2844,-40,-531,0,-845.66
2099,20:28:43:776,3,Severe_Damage,L3_S3,-1466,738,13398,-2579,-61,-492,0,-1469.66
2100,20:28:43:786,3,Severe_Damage,L3_S3,-1394,708,12824,-2061,-32,-413,0,-2043.66
2101,20:28:43:796,3,Severe_Damage,L3_S3,-1420,636,12534,-1376,32,-313,0,-2333.66
2102,20:28:43:806,3,Severe_Damage,L3_S3,-1366,650,12490,-598,-12,-188,0,-2377.66
2103,20:28:43:816,3,Severe_Damage,L3_S3,-1466,648,12698,196,72,-62,0,-2169.66
2104,20:28:43:826,3,Severe_Damage,L3_S3,-1508,764,12900,987,57,61,0,-1967.66
2105,20:28:43:836,3,Severe_Damage,L3_S3,-1468,824,13560,1604,63,159,0,-1307.66
2106,20:28:43:846,3,Severe_Damage,L3_S3,-1650,1012,14180,2094,98,236,0,-687.66
2107,20:28:43:856,3,Severe_Damage,L3_S3,-1718,1110,14950,2327,88,271,0,82.34
2108,20:28:43:866,3,Severe_Damage,L3_S3,-1842,1260,15586,2339,100,273,0,718.34
2109,20:28:43:876,3,Severe_Damage,L3_S3,-1924,1356,16218,2103,88,237,0,1350.34
2110,20:28:43:886,3,Severe_Damage,L3_S3,-2032,1550,16626,1686,103,171,0,1758.34
2111,20:28:43:896,3,Severe_Damage,L3_S3,-2014,1538,16990,1008,26,66,0,2122.34
2112,20:28:43:906,3,Severe_Damage,L3_S3,-2108,1622,17200,316,77,-44,0,2332.34
2113,20:28:43:916,3,Severe_Damage,L3_S3,-1992,1598,16982,-467,11,-163,0,2114.34
2114,20:28:43:927,3,Severe_Damage,L3_S3,-2040,1498,16720,-1205,-8,-272,0,1852.34
2115,20:28:43:937,3,Severe_Damage,L3_S3,-1942,1418,16230,-1830,-4,-375,0,1362.34
2116,20:28:43:947,3,Severe_Damage,L3_S3,-1856,1262,15576,-2312,-49,-451,0,708.34
2117,20:28:43:956,3,Severe_Damage,L3_S3,-1740,1138,14942,-2572,-23,-492,0,74.34
2118,20:28:43:967,3,Severe_Damage,L3_S3,-1630,1056,14230,-2610,-35,-491,0,-637.66
2119,20:28:43:977,3,Severe_Damage,L3_S3,-1568,914,13738,-2408,-32,-463,0,-1129.66
2120,20:28:43:987,3,Severe_Damage,L3_S3,-1458,812,13134,-2016,-31,-413,0,-1733.66
2121,20:28:43:997,3,Severe_Damage,L3_S3,-1438,686,12900,-1477,-29,-320,0,-1967.66
2122,20:28:44:006,3,Severe_Damage,L3_S3,-1430,714,12710,-706,45,-212,0,-2157.66
2123,20:28:44:016,3,Severe_Damage,L3_S3,-1306,682,12802,-60,-7,-96,0,-2065.66
2124,20:28:44:026,3,Severe_Damage,L3_S3,-1504,784,13120,698,94,16,0,-1747.66
2125,20:28:44:036,3,Severe_Damage,L3_S3,-1468,828,13572,1274,64,100,0,-1295.66
2126,20:28:44:046,3,Severe_Damage,L3_S3,-1622,988,14042,1771,63,190,0,-825.66
2127,20:28:44:056,3,Severe_Damage,L3_S3,-1718,1086,14740,2024,113,215,0,-127.66
2128,20:28:44:066,3,Severe_Damage,L3_S3,-1758,1222,15338,2099,63,231,0,470.34
2129,20:28:44:076,3,Severe_Damage,L3_S3,-1914,1354,15892,1935,98,205,0,1024.34
2130,20:28:44:086,3,Severe_Damage,L3_S3,-1962,1448,16316,1618,105,158,0,1448.34
2131,20:28:44:096,3,Severe_Damage,L3_S3,-2050,1500,16710,1058,51,77,0,1842.34
2132,20:28:44:110,3,Severe_Damage,L3_S3,-2000,1582,16854,433,43,-28,0,1986.34
2133,20:28:44:116,3,Severe_Damage,L3_S3,-2074,1502,16840,-260,39,-128,0,1972.34
2134,20:28:44:126,3,Severe_Damage,L3_S3,-2000,1564,16650,-906,-1,-238,0,1782.34
2135,20:28:44:136,3,Severe_Damage,L3_S3,-1924,1428,16298,-1527,-2,-331,0,1430.34
2136,20:28:44:147,3,Severe_Damage,L3_S3,-1888,1288,15700,-1977,-18,-396,0,832.34
2137,20:28:44:157,3,Severe_Damage,L3_S3,-1744,1194,15026,-2277,-29,-444,0,158.34
2138,20:28:44:167,3,Severe_Damage,L3_S3,-1694,1040,14488,-2365,-27,-459,0,-379.66
2139,20:28:44:177,3,Severe_Damage,L3_S3,-1610,902,13942,-2241,-34,-435,0,-925.66
2140,20:28:44:186,3,Severe_Damage,L3_S3,-1538,802,13522,-1927,-17,-394,0,-1345.66
2141,20:28:44:196,3,Severe_Damage,L3_S3,-1474,764,13130,-1469,-7,-317,0,-1737.66
2142,20:28:44:206,3,Severe_Damage,L3_S3,-1444,692,13042,-888,-19,-231,0,-1825.66
2143,20:28:44:216,3,Severe_Damage,L3_S3,-1472,732,12966,-184,72,-122,0,-1901.66
2144,20:28:44:226,3,Severe_Damage,L3_S3,-1394,770,13216,402,-5,-26,0,-1651.66
2145,20:28:44:236,3,Severe_Damage,L3_S3,-1544,842,13564,1015,105,71,0,-1303.66
2146,20:28:44:246,3,Severe_Damage,L3_S3,-1566,972,14028,1454,58,136,0,-839.66
2147,20:28:44:256,3,Severe_Damage,L3_S3,-1704,1038,14646,1762,69,185,0,-221.66
2148,20:28:44:266,3,Severe_Damage,L3_S3,-1740,1220,15180,1864,116,198,0,312.34
2149,20:28:44:276,3,Severe_Damage,L3_S3,-1818,1292,15732,1775,62,185,0,864.34
2150,20:28:44:286,3,Severe_Damage,L3_S3,-1932,1378,16168,1497,98,136,0,1300.34
2151,20:28:44:296,3,Severe_Damage,L3_S3,-1962,1406,16524,1062,63,70,0,1656.34
2152,20:28:44:306,3,Severe_Damage,L3_S3,-2114,1570,16586,558,71,-10,0,1718.34
2153,20:28:44:316,3,Severe_Damage,L3_S3,-1978,1454,16668,-129,4,-112,0,1800.34
2154,20:28:44:326,3,Severe_Damage,L3_S3,-2040,1488,16448,-669,48,-195,0,1580.34
2155,20:28:44:337,3,Severe_Damage,L3_S3,-1826,1356,16226,-1267,-18,-298,0,1358.34
2156,20:28:44:347,3,Severe_Damage,L3_S3,-1896,1302,15762,-1695,4,-351,0,894.34
2157,20:28:44:357,3,Severe_Damage,L3_S3,-1784,1228,15184,-2003,-7,-399,0,316.34
2158,20:28:44:367,3,Severe_Damage,L3_S3,-1658,1068,14674,-2124,-38,-416,0,-193.66
2159,20:28:44:377,3,Severe_Damage,L3_S3,-1652,1010,14146,-2064,-15,-410,0,-721.66
2160,20:28:44:387,3,Severe_Damage,L3_S3,-1520,862,13754,-1827,-25,-377,0,-1113.66
2161,20:28:44:396,3,Severe_Damage,L3_S3,-1514,818,13344,-1431,-5,-317,0,-1523.66
2162,20:28:44:406,3,Severe_Damage,L3_S3,-1460,722,13346,-972,-31,-240,0,-1521.66
2163,20:28:44:416,3,Severe_Damage,L3_S3,-1528,778,13148,-323,42,-141,0,-1719.66
2164,20:28:44:426,3,Severe_Damage,L3_S3,-1474,716,13344,197,26,-69,0,-1523.66
2165,20:28:44:436,3,Severe_Damage,L3_S3,-1506,924,13560,769,49,24,0,-1307.66
2166,20:28:44:446,3,Severe_Damage,L3_S3,-1602,902,14082,1172,85,82,0,-785.66
2167,20:28:44:456,3,Severe_Damage,L3_S3,-1660,1114,14462,1509,55,137,0,-405.66
2168,20:28:44:466,3,Severe_Damage,L3_S3,-1764,1118,15046,1618,80,147,0,178.34
2169,20:28:44:477,3,Severe_Damage,L3_S3,-1808,1244,15492,1595,84,155,0,624.34
2170,20:28:44:486,3,Severe_Damage,L3_S3,-1900,1312,15998,1376,60,119,0,1130.34
2171,20:28:44:496,3,Severe_Damage,L3_S3,-1954,1412,16228,1029,76,62,0,1360.34
2172,20:28:44:506,3,Severe_Damage,L3_S3,-1970,1412,16540,553,46,-3,0,1672.34
2173,20:28:44:516,3,Severe_Damage,L3_S3,-1970,1442,16468,55,57,-82,0,1600.34
2174,20:28:44:527,3,Severe_Damage,L3_S3,-1928,1388,16404,-541,-6,-177,0,1536.34
2175,20:28:44:537,3,Severe_Damage,L3_S3,-1930,1428,16014,-1014,2,-244,0,1146.34
2176,20:28:44:547,3,Severe_Damage,L3_S3,-1858,1272,15730,-1473,6,-324,0,862.34
2177,20:28:44:557,3,Severe_Damage,L3_S3,-1760,1270,15218,-1737,-30,-359,0,350.34
2178,20:28:44:567,3,Severe_Damage,L3_S3,-1802,1098,14812,-1918,0,-392,0,-55.66
2179,20:28:44:577,3,Severe_Damage,L3_S3,-1624,990,14308,-1862,-48,-376,0,-559.66
2180,20:28:44:587,3,Severe_Damage,L3_S3,-1652,918,13946,-1713,-3,-362,0,-921.66
2181,20:28:44:597,3,Severe_Damage,L3_S3,-1500,862,13568,-1374,-2,-306,0,-1299.66
2182,20:28:44:606,3,Severe_Damage,L3_S3,-1540,862,13410,-955,5,-243,0,-1457.66
2183,20:28:44:616,3,Severe_Damage,L3_S3,-1528,740,13442,-488,22,-164,0,-1425.66
2184,20:28:44:626,3,Severe_Damage,L3_S3,-1496,880,13454,99,41,-83,0,-1413.66
2185,20:28:44:636,3,Severe_Damage,L3_S3,-1524,850,13750,517,41,-10,0,-1117.66
2186,20:28:44:647,3,Severe_Damage,L3_S3,-1634,1016,14024,982,77,60,0,-843.66
2187,20:28:44:656,3,Severe_Damage,L3_S3,-1598,998,14494,1236,58,98,0,-373.66
2188,20:28:44:666,3,Severe_Damage,L3_S3,-1704,1116,14926,1419,74,131,0,58.34
2189,20:28:44:676,3,Severe_Damage,L3_S3,-1836,1198,15426,1399,70,124,0,558.34
2190,20:28:44:686,3,Severe_Damage,L3_S3,-1824,1298,15760,1265,65,102,0,892.34
2191,20:28:44:696,3,Severe_Damage,L3_S3,-1950,1352,16062,964,73,59,0,1194.34
2192,20:28:44:706,3,Severe_Damage,L3_S3,-1920,1396,16300,570,38,-1,0,1432.34
2193,20:28:44:716,3,Severe_Damage,L3_S3,-1962,1458,16278,108,42,-70,0,1410.34
2194,20:28:44:727,3,Severe_Damage,L3_S3,-1966,1384,16188,-388,24,-151,0,1320.34
2195,20:28:44:737,3,Severe_Damage,L3_S3,-1916,1354,16034,-850,13,-222,0,1166.34
2196,20:28:44:747,3,Severe_Damage,L3_S3,-1832,1280,15740,-1254,3,-291,0,872.34
2197,20:28:44:757,3,Severe_Damage,L3_S3,-1784,1240,15362,-1546,-21,-329,0,494.34
2198,20:28:44:767,3,Severe_Damage,L3_S3,-1746,1096,14872,-1715,-7,-361,0,4.34
2199,20:28:44:777,3,Severe_Damage,L3_S3,-1704,1024,14474,-1721,-11,-366,0,-393.66
2200,20:28:44:787,3,Severe_Damage,L3_S3,-1586,976,14016,-1595,-21,-342,0,-851.66
2201,20:28:44:797,3,Severe_Damage,L3_S3,-1572,918,13704,-1319,5,-300,0,-1163.66
2202,20:28:44:806,3,Severe_Damage,L3_S3,-1530,838,13554,-949,-7,-244,0,-1313.66
2203,20:28:44:816,3,Severe_Damage,L3_S3,-1492,806,13532,-508,30,-170,0,-1335.66
2204,20:28:44:826,3,Severe_Damage,L3_S3,-1564,820,13512,-42,32,-96,0,-1355.66
2205,20:28:44:836,3,Severe_Damage,L3_S3,-1514,882,13754,409,47,-39,0,-1113.66
2206,20:28:44:846,3,Severe_Damage,L3_S3,-1604,918,14060,796,57,24,0,-807.66
2207,20:28:44:856,3,Severe_Damage,L3_S3,-1628,1024,14452,1083,64,69,0,-415.66
2208,20:28:44:867,3,Severe_Damage,L3_S3,-1728,1096,14898,1245,68,101,0,30.34
2209,20:28:44:877,3,Severe_Damage,L3_S3,-1824,1208,15296,1275,71,109,0,428.34
2210,20:28:44:886,3,Severe_Damage,L3_S3,-1762,1298,15534,1160,51,87,0,666.34
2211,20:28:44:896,3,Severe_Damage,L3_S3,-1886,1316,15908,907,73,46,0,1040.34
2212,20:28:44:906,3,Severe_Damage,L3_S3,-1936,1376,16066,564,44,-3,0,1198.34
2213,20:28:44:917,3,Severe_Damage,L3_S3,-1948,1380,16242,142,49,-69,0,1374.34
2214,20:28:44:927,3,Severe_Damage,L3_S3,-1906,1382,16030,-299,25,-139,0,1162.34
2215,20:28:44:937,3,Severe_Damage,L3_S3,-1888,1346,15998,-730,14,-210,0,1130.34
2216,20:28:44:947,3,Severe_Damage,L3_S3,-1836,1308,15664,-1106,3,-268,0,796.34
2217,20:28:44:957,3,Severe_Damage,L3_S3,-1804,1182,15340,-1388,3,-310,0,472.34
2218,20:28:44:967,3,Severe_Damage,L3_S3,-1754,1138,15002,-1563,-7,-332,0,134.34
2219,20:28:44:977,3,Severe_Damage,L3_S3,-1652,1030,14528,-1592,-18,-341,0,-339.66
2220,20:28:44:987,3,Severe_Damage,L3_S3,-1660,952,14198,-1488,-9,-328,0,-669.66
2221,20:28:44:997,3,Severe_Damage,L3_S3,-1590,918,13914,-1259,-1,-285,0,-953.66
2222,20:28:45:006,3,Severe_Damage,L3_S3,-1554,838,13704,-936,9,-234,0,-1163.66
2223,20:28:45:017,3,Severe_Damage,L3_S3,-1566,874,13608,-547,34,-176,0,-1259.66
2224,20:28:45:027,3,Severe_Damage,L3_S3,-1580,882,13666,-121,35,-115,0,-1201.66
2225,20:28:45:036,3,Severe_Damage,L3_S3,-1550,918,13840,293,38,-45,0,-1027.66
2226,20:28:45:046,3,Severe_Damage,L3_S3,-1630,918,14066,659,57,11,0,-801.66
2227,20:28:45:057,3,Severe_Damage,L3_S3,-1670,972,14454,928,49,58,0,-413.66
2228,20:28:45:067,3,Severe_Damage,L3_S3,-1682,1096,14750,1101,65,83,0,-117.66
2229,20:28:45:077,3,Severe_Damage,L3_S3,-1778,1200,15176,1140,65,85,0,308.34
2230,20:28:45:087,3,Severe_Damage,L3_S3,-1796,1292,15522,1055,63,68,0,654.34
2231,20:28:45:096,3,Severe_Damage,L3_S3,-1860,1328,15792,848,61,35,0,924.34
2232,20:28:45:107,3,Severe_Damage,L3_S3,-1954,1324,16022,543,48,-12,0,1154.34
2233,20:28:45:116,3,Severe_Damage,L3_S3,-1900,1346,16052,173,38,-71,0,1184.34
2234,20:28:45:127,3,Severe_Damage,L3_S3,-1932,1372,16062,-232,28,-130,0,1194.34
2235,20:28:45:137,3,Severe_Damage,L3_S3,-1912,1344,15868,-620,18,-188,0,1000.34
2236,20:28:45:147,3,Severe_Damage,L3_S3,-1852,1268,15648,-976,12,-249,0,780.34
2237,20:28:45:157,3,Severe_Damage,L3_S3,-1806,1210,15390,-1246,1,-276,0,522.34
2238,20:28:45:167,3,Severe_Damage,L3_S3,-1694,1112,14962,-1413,11,-313,0,94.34
2239,20:28:45:177,3,Severe_Damage,L3_S3,-1680,1056,14616,-1473,-5,-314,0,-251.66
2240,20:28:45:187,3,Severe_Damage,L3_S3,-1620,998,14298,-1388,-3,-307,0,-569.66
2241,20:28:45:197,3,Severe_Damage,L3_S3,-1576,946,14070,-1203,5,-278,0,-797.66
2242,20:28:45:206,3,Severe_Damage,L3_S3,-1572,914,13832,-923,4,-237,0,-1035.66
2243,20:28:45:217,3,Severe_Damage,L3_S3,-1566,820,13754,-574,39,-188,0,-1113.66
2244,20:28:45:227,3,Severe_Damage,L3_S3,-1554,910,13768,-190,15,-119,0,-1099.66
2245,20:28:45:236,3,Severe_Damage,L3_S3,-1590,926,13886,189,53,-68,0,-981.66
2246,20:28:45:246,3,Severe_Damage,L3_S3,-1580,942,14074,529,45,-6,0,-793.66
2247,20:28:45:257,3,Severe_Damage,L3_S3,-1658,982,14390,796,50,27,0,-477.66
2248,20:28:45:266,3,Severe_Damage,L3_S3,-1736,1110,14720,963,72,57,0,-147.66
2249,20:28:45:277,3,Severe_Damage,L3_S3,-1780,1148,15034,1019,55,68,0,166.34
2250,20:28:45:287,3,Severe_Damage,L3_S3,-1816,1198,15412,964,62,53,0,544.34
2251,20:28:45:296,3,Severe_Damage,L3_S3,-1868,1230,15710,786,55,30,0,842.34
2252,20:28:45:307,3,Severe_Damage,L3_S3,-1876,1304,15842,528,49,-10,0,974.34
2253,20:28:45:317,3,Severe_Damage,L3_S3,-1898,1380,15888,206,40,-58,0,1020.34
2254,20:28:45:327,3,Severe_Damage,L3_S3,-1868,1328,15890,-160,28,-123,0,1022.34
2255,20:28:45:337,3,Severe_Damage,L3_S3,-1838,1338,15844,-529,23,-173,0,976.34
2256,20:28:45:347,3,Severe_Damage,L3_S3,-1864,1238,15644,-851,8,-229,0,776.34
2257,20:28:45:357,3,Severe_Damage,L3_S3,-1824,1176,15340,-1114,3,-270,0,472.34
2258,20:28:45:367,3,Severe_Damage,L3_S3,-1742,1124,15008,-1279,-8,-294,0,140.34
2259,20:28:45:377,3,Severe_Damage,L3_S3,-1686,1010,14760,-1346,5,-309,0,-107.66
2260,20:28:45:387,3,Severe_Damage,L3_S3,-1684,1024,14474,-1301,-15,-294,0,-393.66
2261,20:28:45:397,3,Severe_Damage,L3_S3,-1610,958,14136,-1137,4,-274,0,-731.66
2262,20:28:45:407,3,Severe_Damage,L3_S3,-1630,962,13990,-905,11,-233,0,-877.66
2263,20:28:45:417,3,Severe_Damage,L3_S3,-1544,892,13846,-584,12,-178,0,-1021.66
2264,20:28:45:427,3,Severe_Damage,L3_S3,-1604,912,13902,-244,37,-131,0,-965.66
2265,20:28:45:437,3,Severe_Damage,L3_S3,-1584,910,13972,103,24,-71,0,-895.66
2266,20:28:45:447,3,Severe_Damage,L3_S3,-1610,950,14110,417,44,-32,0,-757.66
2267,20:28:45:457,3,Severe_Damage,L3_S3,-1634,1024,14436,671,61,7,0,-431.66
2268,20:28:45:467,3,Severe_Damage,L3_S3,-1708,1066,14702,843,49,38,0,-165.66
2269,20:28:45:477,3,Severe_Damage,L3_S3,-1752,1176,14936,910,63,42,0,68.34
2270,20:28:45:487,3,Severe_Damage,L3_S3,-1816,1256,15300,871,48,47,0,432.34
2271,20:28:45:497,3,Severe_Damage,L3_S3,-1812,1236,15560,731,54,16,0,692.34
2272,20:28:45:507,3,Severe_Damage,L3_S3,-1792,1268,15732,502,39,-17,0,864.34
2273,20:28:45:517,3,Severe_Damage,L3_S3,-1904,1328,15824,208,38,-64,0,956.34
2274,20:28:45:527,3,Severe_Damage,L3_S3,-1854,1250,15922,-109,35,-114,0,1054.34
2275,20:28:45:537,3,Severe_Damage,L3_S3,-1830,1316,15722,-445,10,-165,0,854.34
2276,20:28:45:547,3,Severe_Damage,L3_S3,-1828,1244,15600,-753,22,-216,0,732.34
2277,20:28:45:557,3,Severe_Damage,L3_S3,-1792,1198,15352,-1005,-2,-250,0,484.34
2278,20:28:45:567,3,Severe_Damage,L3_S3,-1824,1160,15022,-1169,-2,-272,0,154.34
2279,20:28:45:577,3,Severe_Damage,L3_S3,-1758,1046,14822,-1236,7,-282,0,-45.66
2280,20:28:45:587,3,Severe_Damage,L3_S3,-1710,1008,14420,-1212,-9,-275,0,-447.66
2281,20:28:45:597,3,Severe_Damage,L3_S3,-1628,992,14202,-1082,13,-268,0,-665.66
2282,20:28:45:607,3,Severe_Damage,L3_S3,-1614,938,14130,-874,8,-226,0,-737.66
2283,20:28:45:617,3,Severe_Damage,L3_S3,-1610,968,13916,-599,22,-185,0,-951.66
2284,20:28:45:627,3,Severe_Damage,L3_S3,-1556,918,13894,-287,40,-145,0,-973.66
2285,20:28:45:637,3,Severe_Damage,L3_S3,-1614,942,14028,31,28,-86,0,-839.66
2286,20:28:45:647,3,Severe_Damage,L3_S3,-1636,962,14154,324,52,-43,0,-713.66
2287,20:28:45:657,3,Severe_Damage,L3_S3,-1660,1000,14352,568,45,-5,0,-515.66
2288,20:28:45:667,3,Severe_Damage,L3_S3,-1710,1050,14632,734,59,17,0,-235.66
2289,20:28:45:677,3,Severe_Damage,L3_S3,-1732,1128,14940,799,60,31,0,72.34
2290,20:28:45:687,3,Severe_Damage,L3_S3,-1760,1202,15174,784,53,29,0,306.34
2291,20:28:45:697,3,Severe_Damage,L3_S3,-1836,1226,15518,670,56,9,0,650.34
2292,20:28:45:707,3,Severe_Damage,L3_S3,-1864,1286,15678,476,49,-21,0,810.34
2293,20:28:45:717,3,Severe_Damage,L3_S3,-1858,1294,15708,221,45,-55,0,840.34
2294,20:28:45:727,3,Severe_Damage,L3_S3,-1898,1318,15734,-83,41,-103,0,866.34
2295,20:28:45:737,3,Severe_Damage,L3_S3,-1830,1258,15730,-388,22,-153,0,862.34
2296,20:28:45:747,3,Severe_Damage,L3_S3,-1862,1262,15560,-662,18,-192,0,692.34
2297,20:28:45:757,3,Severe_Damage,L3_S3,-1848,1222,15268,-901,8,-234,0,400.34
2298,20:28:45:767,3,Severe_Damage,L3_S3,-1754,1136,15052,-1059,5,-255,0,184.34
2299,20:28:45:777,3,Severe_Damage,L3_S3,-1734,1116,14838,-1137,1,-269,0,-29.66
2300,20:28:45:787,3,Severe_Damage,L3_S3,-1678,1068,14556,-1129,7,-270,0,-311.66
2301,20:28:45:797,3,Severe_Damage,L3_S3,-1634,1000,14284,-1016,-9,-247,0,-583.66
2302,20:28:45:807,3,Severe_Damage,L3_S3,-1594,912,14240,-835,17,-223,0,-627.66
2303,20:28:45:817,3,Severe_Damage,L3_S3,-1528,928,14012,-591,18,-184,0,-855.66
2304,20:28:45:827,3,Severe_Damage,L3_S3,-1582,934,14004,-319,20,-140,0,-863.66
2305,20:28:45:837,3,Severe_Damage,L3_S3,-1582,952,14142,-26,40,-101,0,-725.66
2306,20:28:45:847,3,Severe_Damage,L3_S3,-1638,990,14230,237,34,-50,0,-637.66
2307,20:28:45:857,3,Severe_Damage,L3_S3,-1668,1054,14418,471,60,-25,0,-449.66
2308,20:28:45:867,3,Severe_Damage,L3_S3,-1696,1102,14648,632,46,4,0,-219.66
2309,20:28:45:877,3,Severe_Damage,L3_S3,-1720,1166,14924,712,48,25,0,56.34
2310,20:28:45:887,3,Severe_Damage,L3_S3,-1760,1190,15206,699,52,19,0,338.34
2311,20:28:45:897,3,Severe_Damage,L3_S3,-1820,1204,15358,609,51,1,0,490.34
2312,20:28:45:907,3,Severe_Damage,L3_S3,-1848,1294,15534,439,52,-29,0,666.34
2313,20:28:45:917,3,Severe_Damage,L3_S3,-1820,1288,15676,206,31,-60,0,808.34
2314,20:28:45:927,3,Severe_Damage,L3_S3,-1880,1252,15700,-60,44,-97,0,832.34
2315,20:28:45:937,3,Severe_Damage,L3_S3,-1862,1230,15694,-324,14,-143,0,826.34
2316,20:28:45:947,3,Severe_Damage,L3_S3,-1808,1280,15518,-591,17,-187,0,650.34
2317,20:28:45:957,3,Severe_Damage,L3_S3,-1740,1224,15266,-811,22,-219,0,398.34
2318,20:28:45:967,3,Severe_Damage,L3_S3,-1744,1172,15114,-970,-3,-241,0,246.34
2319,20:28:45:977,3,Severe_Damage,L3_S3,-1788,1070,14846,-1049,12,-252,0,-21.66
2320,20:28:45:987,3,Severe_Damage,L3_S3,-1650,1094,14628,-1049,7,-262,0,-239.66
2321,20:28:45:997,3,Severe_Damage,L3_S3,-1666,1040,14384,-961,14,-242,0,-483.66
2322,20:28:46:007,3,Severe_Damage,L3_S3,-1620,1000,14178,-805,10,-217,0,-689.66
2323,20:28:46:017,3,Severe_Damage,L3_S3,-1598,946,14164,-586,18,-187,0,-703.66
2324,20:28:46:027,3,Severe_Damage,L3_S3,-1578,972,14058,-332,20,-145,0,-809.66
2325,20:28:46:037,3,Severe_Damage,L3_S3,-1612,964,14176,-69,35,-108,0,-691.66
2326,20:28:46:047,3,Severe_Damage,L3_S3,-1670,932,14296,177,40,-65,0,-571.66
2327,20:28:46:057,3,Severe_Damage,L3_S3,-1686,1040,14472,389,51,-33,0,-395.66
2328,20:28:46:067,3,Severe_Damage,L3_S3,-1680,1032,14642,544,46,-10,0,-225.66
2329,20:28:46:077,3,Severe_Damage,L3_S3,-1756,1120,14924,626,52,1,0,56.34
2330,20:28:46:087,3,Severe_Damage,L3_S3,-1736,1184,15112,625,53,5,0,244.34
2331,20:28:46:097,3,Severe_Damage,L3_S3,-1804,1230,15336,552,47,-5,0,468.34
2332,20:28:46:107,3,Severe_Damage,L3_S3,-1842,1200,15528,401,48,-24,0,660.34
2333,20:28:46:117,3,Severe_Damage,L3_S3,-1832,1294,15622,201,40,-60,0,754.34
2334,20:28:46:127,3,Severe_Damage,L3_S3,-1826,1256,15594,-35,26,-99,0,726.34
2335,20:28:46:137,3,Severe_Damage,L3_S3,-1842,1244,15550,-294,46,-141,0,682.34
2336,20:28:46:147,3,Severe_Damage,L3_S3,-1806,1250,15506,-533,10,-179,0,638.34
2337,20:28:46:157,3,Severe_Damage,L3_S3,-1834,1210,15330,-738,23,-208,0,462.34
2338,20:28:46:167,3,Severe_Damage,L3_S3,-1758,1134,15128,-887,5,-228,0,260.34
2339,20:28:46:177,3,Severe_Damage,L3_S3,-1716,1118,14916,-964,0,-240,0,48.34
2340,20:28:46:187,3,Severe_Damage,L3_S3,-1694,1086,14642,-973,12,-245,0,-225.66
2341,20:28:46:197,3,Severe_Damage,L3_S3,-1660,1032,14470,-906,11,-239,0,-397.66
2342,20:28:46:207,3,Severe_Damage,L3_S3,-1594,974,14316,-769,7,-210,0,-551.66
2343,20:28:46:217,3,Severe_Damage,L3_S3,-1606,964,14236,-578,19,-188,0,-631.66
2344,20:28:46:227,3,Severe_Damage,L3_S3,-1632,922,14190,-346,23,-152,0,-677.66
2345,20:28:46:237,3,Severe_Damage,L3_S3,-1660,930,14174,-109,30,-107,0,-693.66
2346,20:28:46:247,3,Severe_Damage,L3_S3,-1654,1000,14392,114,47,-81,0,-475.66
2347,20:28:46:257,3,Severe_Damage,L3_S3,-1670,972,14512,316,43,-46,0,-355.66
2348,20:28:46:267,3,Severe_Damage,L3_S3,-1754,1030,14698,464,57,-26,0,-169.66
2349,20:28:46:277,3,Severe_Damage,L3_S3,-1700,1096,14832,547,45,-15,0,-35.66
2350,20:28:46:287,3,Severe_Damage,L3_S3,-1754,1166,14972,552,50,-3,0,104.34
2351,20:28:46:297,3,Severe_Damage,L3_S3,-1782,1208,15278,497,55,-16,0,410.34
2352,20:28:46:307,3,Severe_Damage,L3_S3,-1864,1266,15436,366,37,-36,0,568.34
2353,20:28:46:317,3,Severe_Damage,L3_S3,-1840,1252,15480,186,40,-64,0,612.34
2354,20:28:46:327,3,Severe_Damage,L3_S3,-1834,1248,15558,-27,22,-98,0,690.34
2355,20:28:46:337,3,Severe_Damage,L3_S3,-1874,1246,15512,-250,25,-128,0,644.34
2356,20:28:46:347,3,Severe_Damage,L3_S3,-1786,1246,15400,-478,16,-169,0,532.34
2357,20:28:46:357,3,Severe_Damage,L3_S3,-1790,1234,15302,-670,18,-192,0,434.34
2358,20:28:46:367,3,Severe_Damage,L3_S3,-1744,1150,15082,-810,16,-217,0,214.34
2359,20:28:46:377,3,Severe_Damage,L3_S3,-1712,1152,14930,-891,4,-227,0,62.34
2360,20:28:46:387,3,Severe_Damage,L3_S3,-1738,1100,14680,-901,3,-233,0,-187.66
2361,20:28:46:397,3,Severe_Damage,L3_S3,-1696,978,14520,-845,5,-226,0,-347.66
2362,20:28:46:407,3,Severe_Damage,L3_S3,-1670,1008,14330,-737,12,-209,0,-537.66
2363,20:28:46:417,3,Severe_Damage,L3_S3,-1610,982,14230,-562,22,-184,0,-637.66
2364,20:28:46:427,3,Severe_Damage,L3_S3,-1640,958,14242,-375,24,-147,0,-625.66
2365,20:28:46:437,3,Severe_Damage,L3_S3,-1628,998,14244,-139,41,-120,0,-623.66
2366,20:28:46:447,3,Severe_Damage,L3_S3,-1680,1020,14390,62,41,-84,0,-477.66
2367,20:28:46:457,3,Severe_Damage,L3_S3,-1628,1026,14510,250,47,-48,0,-357.66
2368,20:28:46:467,3,Severe_Damage,L3_S3,-1714,1044,14614,389,42,-34,0,-253.66
2369,20:28:46:477,3,Severe_Damage,L3_S3,-1758,1112,14834,472,44,-17,0,-33.66
2370,20:28:46:487,3,Severe_Damage,L3_S3,-1764,1104,15084,488,48,-13,0,216.34
2371,20:28:46:497,3,Severe_Damage,L3_S3,-1812,1142,15198,436,43,-25,0,330.34
2372,20:28:46:507,3,Severe_Damage,L3_S3,-1782,1148,15336,325,41,-38,0,468.34
2373,20:28:46:517,3,Severe_Damage,L3_S3,-1812,1204,15454,171,43,-70,0,586.34
2374,20:28:46:527,3,Severe_Damage,L3_S3,-1838,1200,15470,-19,26,-102,0,602.34
2375,20:28:46:537,3,Severe_Damage,L3_S3,-1814,1194,15486,-224,32,-130,0,618.34
2376,20:28:46:547,3,Severe_Damage,L3_S3,-1808,1210,15314,-426,26,-152,0,446.34
2377,20:28:46:557,3,Severe_Damage,L3_S3,-1814,1208,15278,-602,21,-188,0,410.34
2378,20:28:46:567,3,Severe_Damage,L3_S3,-1726,1150,15100,-737,10,-209,0,232.34
2379,20:28:46:577,3,Severe_Damage,L3_S3,-1756,1036,14916,-818,6,-215,0,48.34
2380,20:28:46:587,3,Severe_Damage,L3_S3,-1722,1098,14770,-839,18,-221,0,-97.66
2381,20:28:46:597,3,Severe_Damage,L3_S3,-1704,1030,14510,-807,0,-215,0,-357.66
2382,20:28:46:607,3,Severe_Damage,L3_S3,-1684,980,14436,-704,27,-204,0,-431.66
2383,20:28:46:617,3,Severe_Damage,L3_S3,-1630,988,14388,-552,13,-175,0,-479.66
2384,20:28:46:627,3,Severe_Damage,L3_S3,-1644,1030,14286,-367,31,-145,0,-581.66
2385,20:28:46:637,3,Severe_Damage,L3_S3,-1624,970,14290,-171,22,-123,0,-577.66
2386,20:28:46:647,3,Severe_Damage,L3_S3,-1672,1006,14328,27,30,-92,0,-539.66
2387,20:28:46:657,3,Severe_Damage,L3_S3,-1656,998,14558,193,45,-67,0,-309.66
2388,20:28:46:667,3,Severe_Damage,L3_S3,-1688,1014,14596,319,42,-40,0,-271.66
2389,20:28:46:677,3,Severe_Damage,L3_S3,-1764,1076,14874,402,49,-37,0,6.34
2390,20:28:46:687,3,Severe_Damage,L3_S3,-1762,1162,14998,428,50,-37,0,130.34
2391,20:28:46:697,3,Severe_Damage,L3_S3,-1800,1164,15202,387,44,-30,0,334.34
2392,20:28:46:707,3,Severe_Damage,L3_S3,-1736,1220,15310,302,52,-48,0,442.34
2393,20:28:46:717,3,Severe_Damage,L3_S3,-1810,1258,15402,155,32,-67,0,534.34
2394,20:28:46:727,3,Severe_Damage,L3_S3,-1828,1206,15464,-20,39,-99,0,596.34
2395,20:28:46:737,3,Severe_Damage,L3_S3,-1752,1224,15412,-199,29,-124,0,544.34
2396,20:28:46:747,3,Severe_Damage,L3_S3,-1842,1236,15318,-392,23,-151,0,450.34
2397,20:28:46:757,3,Severe_Damage,L3_S3,-1760,1168,15234,-552,23,-172,0,366.34
2398,20:28:46:767,3,Severe_Damage,L3_S3,-1790,1174,15102,-683,13,-190,0,234.34
2399,20:28:46:777,3,Severe_Damage,L3_S3,-1738,1092,14886,-759,16,-208,0,18.34
2400,20:28:46:787,3,Severe_Damage,L3_S3,-1710,1080,14798,-782,20,-212,0,-69.66
2401,20:28:46:797,3,Severe_Damage,L3_S3,-1682,1082,14586,-747,13,-205,0,-281.66
2402,20:28:46:807,3,Severe_Damage,L3_S3,-1644,1012,14504,-667,21,-196,0,-363.66
2403,20:28:46:817,3,Severe_Damage,L3_S3,-1640,972,14374,-527,17,-180,0,-493.66
2404,20:28:46:827,3,Severe_Damage,L3_S3,-1648,1004,14390,-369,31,-150,0,-477.66
2405,20:28:46:837,3,Severe_Damage,L3_S3,-1646,974,14336,-189,33,-122,0,-531.66
2406,20:28:46:847,3,Severe_Damage,L3_S3,-1666,1024,14376,-20,26,-97,0,-491.66
2407,20:28:46:857,3,Severe_Damage,L3_S3,-1712,998,14502,145,43,-71,0,-365.66
2408,20:28:46:867,3,Severe_Damage,L3_S3,-1680,1064,14658,267,37,-51,0,-209.66
2409,20:28:46:877,3,Severe_Damage,L3_S3,-1748,1106,14794,351,52,-36,0,-73.66
2410,20:28:46:887,3,Severe_Damage,L3_S3,-1712,1118,15036,376,40,-31,0,168.34
2411,20:28:46:897,3,Severe_Damage,L3_S3,-1734,1146,15124,346,51,-37,0,256.34
2412,20:28:46:907,3,Severe_Damage,L3_S3,-1836,1198,15146,261,37,-51,0,278.34
2413,20:28:46:917,3,Severe_Damage,L3_S3,-1758,1176,15370,140,38,-78,0,502.34
2414,20:28:46:927,3,Severe_Damage,L3_S3,-1830,1194,15360,-16,37,-97,0,492.34
2415,20:28:46:937,3,Severe_Damage,L3_S3,-1802,1218,15426,-184,33,-124,0,558.34
2416,20:28:46:947,3,Severe_Damage,L3_S3,-1804,1210,15348,-354,24,-150,0,480.34
2417,20:28:46:957,3,Severe_Damage,L3_S3,-1812,1156,15222,-508,22,-172,0,354.34
2418,20:28:46:967,3,Severe_Damage,L3_S3,-1754,1126,15218,-629,19,-190,0,350.34
2419,20:28:46:977,3,Severe_Damage,L3_S3,-1790,1086,14850,-706,16,-200,0,-17.66
2420,20:28:46:987,3,Severe_Damage,L3_S3,-1734,1068,14798,-728,13,-206,0,-69.66
2421,20:28:46:997,3,Severe_Damage,L3_S3,-1710,1058,14656,-703,18,-204,0,-211.66
2422,20:28:47:007,3,Severe_Damage,L3_S3,-1758,1010,14506,-632,7,-184,0,-361.66
2423,20:28:47:017,3,Severe_Damage,L3_S3,-1628,1010,14462,-515,15,-175,0,-405.66
2424,20:28:47:027,3,Severe_Damage,L3_S3,-1694,1008,14418,-367,18,-150,0,-449.66
2425,20:28:47:037,3,Severe_Damage,L3_S3,-1690,1016,14328,-205,30,-119,0,-539.66
2426,20:28:47:047,3,Severe_Damage,L3_S3,-1642,1060,14416,-42,34,-95,0,-451.66
2427,20:28:47:057,3,Severe_Damage,L3_S3,-1722,1052,14562,106,42,-77,0,-305.66
2428,20:28:47:067,3,Severe_Damage,L3_S3,-1698,1018,14622,225,50,-67,0,-245.66
2429,20:28:47:077,3,Severe_Damage,L3_S3,-1694,1118,14850,294,36,-45,0,-17.66
2430,20:28:47:087,3,Severe_Damage,L3_S3,-1716,1140,14976,328,55,-40,0,108.34
2431,20:28:47:097,3,Severe_Damage,L3_S3,-1780,1156,15116,303,39,-50,0,248.34
2432,20:28:47:107,3,Severe_Damage,L3_S3,-1818,1214,15226,232,43,-54,0,358.34
2433,20:28:47:117,3,Severe_Damage,L3_S3,-1812,1170,15278,124,44,-76,0,410.34
2434,20:28:47:127,3,Severe_Damage,L3_S3,-1824,1248,15356,-19,32,-99,0,488.34
2435,20:28:47:137,3,Severe_Damage,L3_S3,-1818,1212,15342,-174,31,-123,0,474.34
2436,20:28:47:147,3,Severe_Damage,L3_S3,-1716,1214,15332,-331,24,-141,0,464.34
2437,20:28:47:157,3,Severe_Damage,L3_S3,-1792,1208,15196,-469,20,-163,0,328.34
2438,20:28:47:167,3,Severe_Damage,L3_S3,-1732,1152,15088,-578,17,-183,0,220.34
2439,20:28:47:177,3,Severe_Damage,L3_S3,-1726,1144,14958,-656,8,-194,0,90.34
2440,20:28:47:187,3,Severe_Damage,L3_S3,-1720,1112,14820,-684,12,-196,0,-47.66
2441,20:28:47:197,3,Severe_Damage,L3_S3,-1678,1090,14702,-662,14,-191,0,-165.66
2442,20:28:47:207,3,Severe_Damage,L3_S3,-1684,1082,14570,-602,19,-188,0,-297.66
2443,20:28:47:217,3,Severe_Damage,L3_S3,-1656,1006,14490,-496,23,-169,0,-377.66
2444,20:28:47:227,3,Severe_Damage,L3_S3,-1618,1032,14420,-359,17,-148,0,-447.66
2445,20:28:47:237,3,Severe_Damage,L3_S3,-1714,1010,14466,-214,29,-125,0,-401.66
2446,20:28:47:247,3,Severe_Damage,L3_S3,-1668,1014,14514,-67,33,-100,0,-353.66
2447,20:28:47:257,3,Severe_Damage,L3_S3,-1656,1048,14556,70,32,-80,0,-311.66
2448,20:28:47:267,3,Severe_Damage,L3_S3,-1716,1032,14650,180,38,-64,0,-217.66
2449,20:28:47:277,3,Severe_Damage,L3_S3,-1682,1104,14802,246,36,-55,0,-65.66
2450,20:28:47:287,3,Severe_Damage,L3_S3,-1768,1126,14952,274,41,-50,0,84.34
2451,20:28:47:297,3,Severe_Damage,L3_S3,-1730,1104,15032,263,47,-57,0,164.34
2452,20:28:47:307,3,Severe_Damage,L3_S3,-1796,1146,15172,200,40,-67,0,304.34
2453,20:28:47:317,3,Severe_Damage,L3_S3,-1794,1228,15170,109,40,-87,0,302.34
2454,20:28:47:327,3,Severe_Damage,L3_S3,-1762,1194,15220,-19,30,-99,0,352.34
2455,20:28:47:337,3,Severe_Damage,L3_S3,-1808,1180,15306,-158,33,-120,0,438.34
2456,20:28:47:348,3,Severe_Damage,L3_S3,-1804,1152,15222,-299,16,-138,0,354.34
2457,20:28:47:357,3,Severe_Damage,L3_S3,-1752,1200,15210,-430,20,-151,0,342.34
2458,20:28:47:367,3,Severe_Damage,L3_S3,-1710,1126,15060,-537,15,-174,0,192.34
2459,20:28:47:378,3,Severe_Damage,L3_S3,-1738,1188,14968,-604,20,-188,0,100.34
2460,20:28:47:388,3,Severe_Damage,L3_S3,-1718,1128,14878,-641,20,-190,0,10.34
2461,20:28:47:398,3,Severe_Damage,L3_S3,-1738,1048,14732,-623,16,-193,0,-135.66
2462,20:28:47:407,3,Severe_Damage,L3_S3,-1660,1068,14610,-576,25,-180,0,-257.66
2463,20:28:47:417,3,Severe_Damage,L3_S3,-1722,1044,14522,-481,21,-162,0,-345.66
2464,20:28:47:428,3,Severe_Damage,L3_S3,-1694,1082,14470,-351,27,-146,0,-397.66
2465,20:28:47:438,3,Severe_Damage,L3_S3,-1660,1056,14566,-224,29,-132,0,-301.66
2466,20:28:47:447,3,Severe_Damage,L3_S3,-1666,1048,14564,-87,27,-105,0,-303.66
2467,20:28:47:457,3,Severe_Damage,L3_S3,-1662,1082,14600,32,34,-90,0,-267.66
2468,20:28:47:467,3,Severe_Damage,L3_S3,-1704,1028,14688,136,40,-81,0,-179.66
2469,20:28:47:477,3,Severe_Damage,L3_S3,-1738,1078,14808,204,43,-69,0,-59.66
2470,20:28:47:487,3,Severe_Damage,L3_S3,-1764,1148,14882,240,44,-61,0,14.34
2471,20:28:47:497,3,Severe_Damage,L3_S3,-1748,1136,15052,221,41,-60,0,184.34
2472,20:28:47:507,3,Severe_Damage,L3_S3,-1776,1156,15098,173,47,-68,0,230.34
2473,20:28:47:517,3,Severe_Damage,L3_S3,-1770,1196,15142,87,37,-79,0,274.34
2474,20:28:47:527,3,Severe_Damage,L3_S3,-1810,1194,15264,-27,30,-96,0,396.34
2475,20:28:47:537,3,Severe_Damage,L3_S3,-1750,1214,15282,-149,29,-113,0,414.34
2476,20:28:47:547,3,Severe_Damage,L3_S3,-1784,1192,15250,-277,25,-134,0,382.34
2477,20:28:47:557,3,Severe_Damage,L3_S3,-1830,1212,15168,-402,30,-155,0,300.34
2478,20:28:47:567,3,Severe_Damage,L3_S3,-1748,1180,15106,-503,18,-168,0,238.34
2479,20:28:47:577,3,Severe_Damage,L3_S3,-1712,1138,14970,-568,15,-179,0,102.34
2480,20:28:47:588,3,Severe_Damage,L3_S3,-1714,1100,14838,-602,12,-185,0,-29.66
2481,20:28:47:598,3,Severe_Damage,L3_S3,-1686,1098,14724,-599,14,-184,0,-143.66
2482,20:28:47:608,3,Severe_Damage,L3_S3,-1712,1034,14556,-545,26,-175,0,-311.66
2483,20:28:47:617,3,Severe_Damage,L3_S3,-1656,1084,14532,-462,21,-162,0,-335.66
2484,20:28:47:628,3,Severe_Damage,L3_S3,-1686,1028,14490,-356,30,-147,0,-377.66
2485,20:28:47:637,3,Severe_Damage,L3_S3,-1684,1064,14530,-234,22,-133,0,-337.66
2486,20:28:47:647,3,Severe_Damage,L3_S3,-1700,1050,14570,-109,36,-112,0,-297.66
2487,20:28:47:657,3,Severe_Damage,L3_S3,-1664,1000,14582,4,34,-100,0,-285.66
2488,20:28:47:667,3,Severe_Damage,L3_S3,-1732,1068,14696,101,38,-77,0,-171.66
2489,20:28:47:677,3,Severe_Damage,L3_S3,-1732,1120,14796,169,42,-61,0,-71.66
2490,20:28:47:688,3,Severe_Damage,L3_S3,-1696,1136,14918,194,43,-53,0,50.34
2491,20:28:47:697,3,Severe_Damage,L3_S3,-1734,1140,15032,191,42,-56,0,164.34
2492,20:28:47:707,3,Severe_Damage,L3_S3,-1788,1190,15026,150,42,-65,0,158.34
2493,20:28:47:717,3,Severe_Damage,L3_S3,-1740,1198,15148,72,29,-82,0,280.34
2494,20:28:47:727,3,Severe_Damage,L3_S3,-1768,1204,15218,-30,32,-99,0,350.34
2495,20:28:47:737,3,Severe_Damage,L3_S3,-1796,1182,15230,-143,29,-114,0,362.34
2496,20:28:47:747,3,Severe_Damage,L3_S3,-1778,1154,15216,-262,25,-129,0,348.34
2497,20:28:47:757,3,Severe_Damage,L3_S3,-1780,1182,15150,-372,30,-151,0,282.34
2498,20:28:47:767,3,Severe_Damage,L3_S3,-1758,1134,15048,-470,17,-166,0,180.34
2499,20:28:47:778,3,Severe_Damage,L3_S3,-1756,1110,14924,-533,16,-175,0,56.34
2500,20:28:47:788,3,Severe_Damage,L3_S3,-1770,1092,14906,-562,18,-183,0,38.34
2501,20:28:47:798,3,Severe_Damage,L3_S3,-1766,1080,14720,-557,17,-185,0,-147.66
2502,20:28:47:808,3,Severe_Damage,L3_S3,-1740,1080,14646,-515,19,-172,0,-221.66
2503,20:28:47:818,3,Severe_Damage,L3_S3,-1740,1062,14608,-446,25,-172,0,-259.66
2504,20:28:47:828,3,Severe_Damage,L3_S3,-1724,1058,14586,-353,24,-146,0,-281.66
2505,20:28:47:838,3,Severe_Damage,L3_S3,-1664,1050,14468,-242,27,-124,0,-399.66
2506,20:28:47:848,3,Severe_Damage,L3_S3,-1616,1036,14586,-135,34,-112,0,-281.66
2507,20:28:47:857,3,Severe_Damage,L3_S3,-1716,1066,14596,-20,32,-92,0,-271.66
2508,20:28:47:867,3,Severe_Damage,L3_S3,-1676,1094,14788,71,36,-81,0,-79.66
2509,20:28:47:877,3,Severe_Damage,L3_S3,-1728,1106,14784,130,35,-67,0,-83.66
2510,20:28:47:887,3,Severe_Damage,L3_S3,-1750,1080,14892,155,37,-65,0,24.34
2511,20:28:47:897,3,Severe_Damage,L3_S3,-1768,1148,14926,160,42,-70,0,58.34
2512,20:28:47:907,3,Severe_Damage,L3_S3,-1808,1150,15066,119,38,-71,0,198.34
2513,20:28:47:917,3,Severe_Damage,L3_S3,-1762,1206,15136,53,36,-88,0,268.34
2514,20:28:47:927,3,Severe_Damage,L3_S3,-1808,1212,15168,-38,32,-97,0,300.34
2515,20:28:47:938,3,Severe_Damage,L3_S3,-1730,1238,15156,-147,28,-114,0,288.34
2516,20:28:47:948,3,Severe_Damage,L3_S3,-1784,1164,15188,-251,27,-130,0,320.34
2517,20:28:47:958,3,Severe_Damage,L3_S3,-1794,1156,15090,-357,21,-146,0,222.34
2518,20:28:47:968,3,Severe_Damage,L3_S3,-1778,1134,15006,-430,25,-160,0,138.34
2519,20:28:47:978,3,Severe_Damage,L3_S3,-1770,1098,14952,-498,17,-169,0,84.34
2520,20:28:47:988,3,Severe_Damage,L3_S3,-1700,1102,14902,-524,25,-178,0,34.34
2521,20:28:47:998,3,Severe_Damage,L3_S3,-1688,1098,14804,-534,20,-174,0,-63.66
2522,20:28:48:008,3,Severe_Damage,L3_S3,-1686,1080,14692,-495,20,-163,0,-175.66
2523,20:28:48:018,3,Severe_Damage,L3_S3,-1714,1044,14688,-434,26,-159,0,-179.66
2524,20:28:48:028,3,Severe_Damage,L3_S3,-1708,1004,14636,-343,31,-145,0,-231.66
2525,20:28:48:038,3,Severe_Damage,L3_S3,-1670,1052,14558,-244,31,-132,0,-309.66
2526,20:28:48:048,3,Severe_Damage,L3_S3,-1688,1050,14582,-134,28,-116,0,-285.66
2527,20:28:48:057,3,Severe_Damage,L3_S3,-1720,1068,14622,-42,31,-95,0,-245.66
2528,20:28:48:067,3,Severe_Damage,L3_S3,-1716,1072,14706,41,37,-82,0,-161.66
2529,20:28:48:077,3,Severe_Damage,L3_S3,-1766,1078,14762,93,40,-81,0,-105.66
2530,20:28:48:087,3,Severe_Damage,L3_S3,-1752,1108,14866,128,45,-77,0,-1.66
2531,20:28:48:097,3,Severe_Damage,L3_S3,-1760,1158,14978,127,33,-70,0,110.34
2532,20:28:48:107,3,Severe_Damage,L3_S3,-1754,1180,15092,98,42,-77,0,224.34
2533,20:28:48:117,3,Severe_Damage,L3_S3,-1770,1134,15140,42,38,-87,0,272.34
2534,20:28:48:128,3,Severe_Damage,L3_S3,-1776,1132,15094,-39,30,-100,0,226.34
2535,20:28:48:138,3,Severe_Damage,L3_S3,-1794,1168,15104,-137,30,-110,0,236.34
2536,20:28:48:148,3,Severe_Damage,L3_S3,-1756,1168,15154,-235,20,-129,0,286.34
2537,20:28:48:158,3,Severe_Damage,L3_S3,-1774,1144,15148,-332,22,-141,0,280.34
2538,20:28:48:168,3,Severe_Damage,L3_S3,-1752,1178,15002,-413,22,-162,0,134.34
2539,20:28:48:178,3,Severe_Damage,L3_S3,-1738,1156,14962,-463,16,-169,0,94.34
2540,20:28:48:188,3,Severe_Damage,L3_S3,-1704,1148,14932,-504,30,-168,0,64.34
2541,20:28:48:198,3,Severe_Damage,L3_S3,-1720,1072,14790,-498,18,-167,0,-77.66
2542,20:28:48:208,3,Severe_Damage,L3_S3,-1696,1076,14692,-477,20,-166,0,-175.66
2543,20:28:48:218,3,Severe_Damage,L3_S3,-1734,1054,14602,-413,16,-156,0,-265.66
2544,20:28:48:228,3,Severe_Damage,L3_S3,-1690,1014,14572,-336,26,-147,0,-295.66
2545,20:28:48:238,3,Severe_Damage,L3_S3,-1684,1072,14576,-245,26,-130,0,-291.66
2546,20:28:48:248,3,Severe_Damage,L3_S3,-1704,1046,14570,-149,29,-115,0,-297.66
2547,20:28:48:258,3,Severe_Damage,L3_S3,-1680,1062,14694,-58,35,-106,0,-173.66
2548,20:28:48:268,3,Severe_Damage,L3_S3,-1670,1052,14718,14,35,-93,0,-149.66
2549,20:28:48:278,3,Severe_Damage,L3_S3,-1720,1100,14784,73,41,-87,0,-83.66
2550,20:28:48:288,3,Severe_Damage,L3_S3,-1678,1104,14852,103,38,-77,0,-15.66
2551,20:28:48:298,3,Severe_Damage,L3_S3,-1794,1150,14932,110,34,-78,0,64.34
2552,20:28:48:307,3,Severe_Damage,L3_S3,-1764,1106,14966,84,40,-87,0,98.34
2553,20:28:48:317,3,Severe_Damage,L3_S3,-1796,1118,15068,33,38,-91,0,200.34
2554,20:28:48:328,3,Severe_Damage,L3_S3,-1772,1154,15132,-137,38,-121,0,264.34
2555,20:28:48:338,3,Severe_Damage,L3_S3,-1768,1166,15054,-228,30,-133,0,186.34
2556,20:28:48:348,3,Severe_Damage,L3_S3,-1770,1154,15058,-311,33,-145,0,190.34
2557,20:28:48:358,3,Severe_Damage,L3_S3,-1796,1146,14972,-392,21,-149,0,104.34
2558,20:28:48:368,3,Severe_Damage,L3_S3,-1750,1120,14908,-443,33,-167,0,40.34
2559,20:28:48:378,3,Severe_Damage,L3_S3,-1758,1056,14926,-478,9,-162,0,58.34
2560,20:28:48:388,3,Severe_Damage,L3_S3,-1718,1062,14758,-475,22,-164,0,-109.66
2561,20:28:48:398,3,Severe_Damage,L3_S3,-1668,1062,14728,-449,20,-167,0,-139.66
2562,20:28:48:408,3,Severe_Damage,L3_S3,-1732,1020,14616,-404,16,-156,0,-251.66
2563,20:28:48:418,3,Severe_Damage,L3_S3,-1630,1078,14592,-326,28,-145,0,-275.66
2564,20:28:48:428,3,Severe_Damage,L3_S3,-1694,1094,14552,-249,17,-129,0,-315.66
2565,20:28:48:438,3,Severe_Damage,L3_S3,-1696,1040,14626,-152,26,-120,0,-241.66
2566,20:28:48:448,3,Severe_Damage,L3_S3,-1678,1072,14742,-81,31,-102,0,-125.66
2567,20:28:48:457,3,Severe_Damage,L3_S3,-1696,1106,14704,-8,38,-88,0,-163.66
2568,20:28:48:467,3,Severe_Damage,L3_S3,-1682,1086,14812,44,37,-87,0,-55.66
2569,20:28:48:478,3,Severe_Damage,L3_S3,-1734,1150,14872,83,36,-77,0,4.34
2570,20:28:48:487,3,Severe_Damage,L3_S3,-1742,1152,14946,75,40,-81,0,78.34
2571,20:28:48:498,3,Severe_Damage,L3_S3,-1744,1110,14974,54,39,-83,0,106.34
2572,20:28:48:507,3,Severe_Damage,L3_S3,-1816,1140,15054,6,37,-94,0,186.34
2573,20:28:48:518,3,Severe_Damage,L3_S3,-1800,1154,15128,-50,35,-98,0,260.34
2574,20:28:48:528,3,Severe_Damage,L3_S3,-1766,1166,15128,-138,31,-116,0,260.34
2575,20:28:48:538,3,Severe_Damage,L3_S3,-1772,1218,15130,-213,30,-127,0,262.34
2576,20:28:48:548,3,Severe_Damage,L3_S3,-1788,1176,15082,-297,24,-135,0,214.34
2577,20:28:48:558,3,Severe_Damage,L3_S3,-1812,1114,14960,-367,25,-144,0,92.34
2578,20:28:48:568,3,Severe_Damage,L3_S3,-1762,1130,14992,-419,15,-149,0,124.34
2579,20:28:48:578,3,Severe_Damage,L3_S3,-1766,1102,14882,-445,18,-166,0,14.34
2580,20:28:48:588,3,Severe_Damage,L3_S3,-1740,1114,14838,-454,26,-167,0,-29.66
2581,20:28:48:598,3,Severe_Damage,L3_S3,-1696,1044,14774,-431,24,-159,0,-93.66
2582,20:28:48:608,3,Severe_Damage,L3_S3,-1722,1088,14714,-385,21,-154,0,-153.66
2583,20:28:48:618,3,Severe_Damage,L3_S3,-1732,1106,14618,-332,29,-142,0,-249.66
2584,20:28:48:628,3,Severe_Damage,L3_S3,-1688,1110,14666,-248,27,-129,0,-201.66
2585,20:28:48:638,3,Severe_Damage,L3_S3,-1720,1050,14660,-172,31,-119,0,-207.66
2586,20:28:48:648,3,Severe_Damage,L3_S3,-1738,1044,14662,-96,27,-109,0,-205.66
2587,20:28:48:658,3,Severe_Damage,L3_S3,-1694,1052,14672,-32,41,-93,0,-195.66
2588,20:28:48:668,3,Severe_Damage,L3_S3,-1742,1108,14798,23,29,-88,0,-69.66
2589,20:28:48:678,3,Severe_Damage,L3_S3,-1718,1112,14882,56,26,-80,0,14.34
2590,20:28:48:688,3,Severe_Damage,L3_S3,-1758,1180,14904,57,30,-78,0,36.34
2591,20:28:48:698,3,Severe_Damage,L3_S3,-1776,1154,14914,40,32,-85,0,46.34
2592,20:28:48:708,3,Severe_Damage,L3_S3,-1740,1172,15068,1,41,-100,0,200.34
2593,20:28:48:718,3,Severe_Damage,L3_S3,-1772,1166,15022,-65,29,-111,0,154.34
2594,20:28:48:728,3,Severe_Damage,L3_S3,-1746,1142,15100,-132,34,-117,0,232.34
2595,20:28:48:738,3,Severe_Damage,L3_S3,-1814,1130,15130,-214,29,-131,0,262.34
2596,20:28:48:748,3,Severe_Damage,L3_S3,-1840,1132,15026,-279,24,-134,0,158.34
2597,20:28:48:758,3,Severe_Damage,L3_S3,-1702,1084,14926,-349,30,-151,0,58.34
2598,20:28:48:768,3,Severe_Damage,L3_S3,-1786,1118,14972,-395,16,-147,0,104.34
2599,20:28:48:778,3,Severe_Damage,L3_S3,-1694,1134,14854,-430,24,-159,0,-13.66
2600,20:28:48:788,3,Severe_Damage,L3_S3,-1716,1068,14820,-430,26,-161,0,-47.66
2601,20:28:48:798,3,Severe_Damage,L3_S3,-1698,1086,14740,-416,22,-155,0,-127.66
2602,20:28:48:808,3,Severe_Damage,L3_S3,-1654,1048,14690,-374,32,-151,0,-177.66
2603,20:28:48:818,3,Severe_Damage,L3_S3,-1710,1080,14706,-322,19,-136,0,-161.66
2604,20:28:48:828,3,Severe_Damage,L3_S3,-1680,1076,14622,-248,40,-136,0,-245.66
2605,20:28:48:838,3,Severe_Damage,L3_S3,-1698,1100,14670,-176,29,-122,0,-197.66
2606,20:28:48:848,3,Severe_Damage,L3_S3,-1712,1080,14734,-101,33,-116,0,-133.66
2607,20:28:48:858,3,Severe_Damage,L3_S3,-1740,1056,14696,-45,33,-97,0,-171.66
2608,20:28:48:868,3,Severe_Damage,L3_S3,-1758,1088,14788,-1,37,-87,0,-79.66
2609,20:28:48:878,3,Severe_Damage,L3_S3,-1740,1118,14832,28,42,-94,0,-35.66
2610,20:28:48:888,3,Severe_Damage,L3_S3,-1766,1084,14984,39,33,-92,0,116.34
2611,20:28:48:898,3,Severe_Damage,L3_S3,-1778,1112,14994,19,31,-96,0,126.34
2612,20:28:48:908,3,Severe_Damage,L3_S3,-1752,1152,14996,-17,40,-99,0,128.34
2613,20:28:48:918,3,Severe_Damage,L3_S3,-1706,1134,15086,-72,33,-106,0,218.34
2614,20:28:48:928,3,Severe_Damage,L3_S3,-1748,1132,15012,-132,40,-112,0,144.34
2615,20:28:48:938,3,Severe_Damage,L3_S3,-1796,1168,15012,-199,25,-121,0,144.34
2616,20:28:48:948,3,Severe_Damage,L3_S3,-1762,1156,15008,-273,27,-135,0,140.34
2617,20:28:48:958,3,Severe_Damage,L3_S3,-1740,1132,15034,-333,24,-142,0,166.34
2618,20:28:48:968,3,Severe_Damage,L3_S3,-1742,1110,14948,-383,21,-148,0,80.34
2619,20:28:48:978,3,Severe_Damage,L3_S3,-1730,1134,14862,-402,24,-146,0,-5.66
2620,20:28:48:988,3,Severe_Damage,L3_S3,-1718,1094,14826,-411,15,-155,0,-41.66
2621,20:28:48:998,3,Severe_Damage,L3_S3,-1732,1056,14802,-399,29,-155,0,-65.66
2622,20:28:49:008,3,Severe_Damage,L3_S3,-1748,1048,14680,-368,15,-147,0,-187.66
2623,20:28:49:018,3,Severe_Damage,L3_S3,-1710,1066,14696,-306,24,-149,0,-171.66
2624,20:28:49:028,3,Severe_Damage,L3_S3,-1708,1048,14686,-251,21,-136,0,-181.66
2625,20:28:49:038,3,Severe_Damage,L3_S3,-1666,1072,14642,-185,27,-120,0,-225.66
2626,20:28:49:048,3,Severe_Damage,L3_S3,-1762,1062,14708,-120,34,-114,0,-159.66
2627,20:28:49:058,3,Severe_Damage,L3_S3,-1740,1098,14762,-57,33,-98,0,-105.66
2628,20:28:49:068,3,Severe_Damage,L3_S3,-1700,1104,14810,-17,40,-98,0,-57.66
2629,20:28:49:078,3,Severe_Damage,L3_S3,-1690,1116,14866,11,32,-91,0,-1.66
2630,20:28:49:088,3,Severe_Damage,L3_S3,-1720,1100,14954,13,32,-90,0,86.34
2631,20:28:49:098,3,Severe_Damage,L3_S3,-1744,1136,14956,-1,33,-94,0,88.34
2632,20:28:49:108,3,Severe_Damage,L3_S3,-1754,1164,14962,-34,35,-95,0,94.34
2633,20:28:49:118,3,Severe_Damage,L3_S3,-1700,1176,15038,-76,39,-107,0,170.34
2634,20:28:49:128,3,Severe_Damage,L3_S3,-1786,1144,15048,-137,27,-113,0,180.34
2635,20:28:49:138,3,Severe_Damage,L3_S3,-1758,1166,15098,-194,30,-124,0,230.34
2636,20:28:49:148,3,Severe_Damage,L3_S3,-1740,1192,14992,-256,26,-129,0,124.34
2637,20:28:49:158,3,Severe_Damage,L3_S3,-1758,1130,14960,-310,19,-138,0,92.34
2638,20:28:49:168,3,Severe_Damage,L3_S3,-1702,1062,14944,-355,25,-151,0,76.34
2639,20:28:49:178,3,Severe_Damage,L3_S3,-1734,1112,14898,-389,19,-154,0,30.34
2640,20:28:49:188,3,Severe_Damage,L3_S3,-1702,1100,14870,-389,23,-153,0,2.34
2641,20:28:49:198,3,Severe_Damage,L3_S3,-1676,1074,14818,-388,14,-156,0,-49.66
2642,20:28:49:208,3,Severe_Damage,L3_S3,-1684,1092,14694,-352,25,-154,0,-173.66
2643,20:28:49:218,3,Severe_Damage,L3_S3,-1660,1084,14674,-307,26,-147,0,-193.66
2644,20:28:49:228,3,Severe_Damage,L3_S3,-1686,1098,14690,-249,26,-125,0,-177.66
2645,20:28:49:238,3,Severe_Damage,L3_S3,-1668,1096,14764,-196,33,-122,0,-103.66
2646,20:28:49:248,3,Severe_Damage,L3_S3,-1690,1054,14706,-133,31,-118,0,-161.66
2647,20:28:49:258,3,Severe_Damage,L3_S3,-1704,1070,14806,-80,32,-103,0,-61.66
2648,20:28:49:268,3,Severe_Damage,L3_S3,-1676,1102,14858,-29,35,-99,0,-9.66
2649,20:28:49:278,3,Severe_Damage,L3_S3,-1716,1096,14848,-11,25,-96,0,-19.66
2650,20:28:49:288,3,Severe_Damage,L3_S3,-1718,1146,14892,1,45,-87,0,24.34
2651,20:28:49:298,3,Severe_Damage,L3_S3,-1770,1132,14930,-10,28,-93,0,62.34
2652,20:28:49:308,3,Severe_Damage,L3_S3,-1758,1152,15042,-37,39,-99,0,174.34
2653,20:28:49:318,3,Severe_Damage,L3_S3,-1760,1168,15010,-88,33,-100,0,142.34
2654,20:28:49:328,3,Severe_Damage,L3_S3,-1760,1092,15040,-137,35,-112,0,172.34
2655,20:28:49:338,3,Severe_Damage,L3_S3,-1760,1114,15072,-196,32,-115,0,204.34
2656,20:28:49:348,3,Severe_Damage,L3_S3,-1748,1152,15008,-245,28,-134,0,140.34
2657,20:28:49:358,3,Severe_Damage,L3_S3,-1734,1168,14988,-297,28,-134,0,120.34
2658,20:28:49:368,3,Severe_Damage,L3_S3,-1754,1166,14988,-342,23,-145,0,120.34
2659,20:28:49:378,3,Severe_Damage,L3_S3,-1736,1158,14860,-361,26,-155,0,-7.66
2660,20:28:49:388,3,Severe_Damage,L3_S3,-1742,1120,14864,-374,30,-148,0,-3.66
2661,20:28:49:398,3,Severe_Damage,L3_S3,-1742,1072,14784,-365,23,-147,0,-83.66
2662,20:28:49:408,3,Severe_Damage,L3_S3,-1678,1092,14778,-336,23,-148,0,-89.66
2663,20:28:49:418,3,Severe_Damage,L3_S3,-1716,1042,14732,-295,21,-136,0,-135.66
2664,20:28:49:428,3,Severe_Damage,L3_S3,-1734,1058,14716,-250,25,-129,0,-151.66
2665,20:28:49:438,3,Severe_Damage,L3_S3,-1740,1098,14722,-196,30,-124,0,-145.66
2666,20:28:49:448,3,Severe_Damage,L3_S3,-1720,1060,14808,-138,28,-113,0,-59.66
2667,20:28:49:458,3,Severe_Damage,L3_S3,-1718,1096,14790,-88,30,-102,0,-77.66
2668,20:28:49:468,3,Severe_Damage,L3_S3,-1736,1062,14840,-50,25,-91,0,-27.66
2669,20:28:49:478,3,Severe_Damage,L3_S3,-1714,1072,14840,-27,43,-97,0,-27.66
2670,20:28:49:488,3,Severe_Damage,L3_S3,-1730,1066,14926,-21,37,-98,0,58.34
2671,20:28:49:498,3,Severe_Damage,L3_S3,-1742,1134,14868,-28,44,-95,0,0.34
2672,20:28:49:508,3,Severe_Damage,L3_S3,-1712,1142,14974,-54,35,-104,0,106.34
2673,20:28:49:518,3,Severe_Damage,L3_S3,-1752,1112,14978,-89,31,-107,0,110.34
2674,20:28:49:528,3,Severe_Damage,L3_S3,-1792,1182,14980,-138,42,-116,0,112.34
2675,20:28:49:538,3,Severe_Damage,L3_S3,-1762,1152,14942,-188,20,-120,0,74.34
2676,20:28:49:548,3,Severe_Damage,L3_S3,-1750,1144,15014,-232,32,-134,0,146.34
2677,20:28:49:558,3,Severe_Damage,L3_S3,-1770,1156,15034,-292,22,-136,0,166.34
2678,20:28:49:568,3,Severe_Damage,L3_S3,-1746,1176,14956,-319,24,-138,0,88.34
2679,20:28:49:578,3,Severe_Damage,L3_S3,-1752,1100,14916,-354,39,-151,0,48.34
2680,20:28:49:588,3,Severe_Damage,L3_S3,-1754,1086,14858,-358,30,-147,0,-9.66
2681,20:28:49:599,3,Severe_Damage,L3_S3,-1726,1118,14822,-353,37,-148,0,-45.66
2682,20:28:49:608,3,Severe_Damage,L3_S3,-1764,1062,14812,-332,24,-149,0,-55.66
2683,20:28:49:618,3,Severe_Damage,L3_S3,-1714,1142,14756,-297,30,-138,0,-111.66
2684,20:28:49:628,3,Severe_Damage,L3_S3,-1644,1064,14704,-241,30,-128,0,-163.66
2685,20:28:49:638,3,Severe_Damage,L3_S3,-1726,1068,14654,-196,26,-116,0,-213.66
2686,20:28:49:648,3,Severe_Damage,L3_S3,-1706,1102,14710,-145,35,-116,0,-157.66
2687,20:28:49:658,3,Severe_Damage,L3_S3,-1698,1092,14782,-109,31,-107,0,-85.66
2688,20:28:49:668,3,Severe_Damage,L3_S3,-1692,1100,14822,-66,33,-98,0,-45.66
2689,20:28:49:678,3,Severe_Damage,L3_S3,-1710,1088,14864,-44,35,-98,0,-3.66
2690,20:28:49:688,3,Severe_Damage,L3_S3,-1700,1122,14884,-33,32,-100,0,16.34
2691,20:28:49:698,3,Severe_Damage,L3_S3,-1772,1112,14912,-31,34,-103,0,44.34
2692,20:28:49:708,3,Severe_Damage,L3_S3,-1774,1112,14970,-57,32,-105,0,102.34
2693,20:28:49:718,3,Severe_Damage,L3_S3,-1756,1176,15038,-98,33,-106,0,170.34
2694,20:28:49:728,3,Severe_Damage,L3_S3,-1802,1188,15014,-128,38,-111,0,146.34
2695,20:28:49:738,3,Severe_Damage,L3_S3,-1792,1120,15008,-188,27,-118,0,140.34
2696,20:28:49:748,3,Severe_Damage,L3_S3,-1730,1100,14988,-232,32,-134,0,120.34
2697,20:28:49:758,3,Severe_Damage,L3_S3,-1756,1118,15006,-274,30,-137,0,138.34
2698,20:28:49:768,3,Severe_Damage,L3_S3,-1714,1122,14934,-310,28,-141,0,66.34
2699,20:28:49:778,3,Severe_Damage,L3_S3,-1768,1130,14810,-336,20,-140,0,-57.66
2700,20:28:49:788,3,Severe_Damage,L3_S3,-1706,1144,14854,-342,24,-152,0,-13.66
2701,20:28:49:798,3,Severe_Damage,L3_S3,-1730,1098,14788,-336,24,-145,0,-79.66
2702,20:28:49:808,3,Severe_Damage,L3_S3,-1686,1034,14780,-314,31,-143,0,-87.66
2703,20:28:49:818,3,Severe_Damage,L3_S3,-1748,1090,14708,-284,38,-137,0,-159.66
2704,20:28:49:828,3,Severe_Damage,L3_S3,-1714,1114,14752,-247,29,-132,0,-115.66
2705,20:28:49:838,3,Severe_Damage,L3_S3,-1720,1054,14724,-191,31,-129,0,-143.66
2706,20:28:49:848,3,Severe_Damage,L3_S3,-1704,1082,14672,-159,34,-119,0,-195.66
2707,20:28:49:858,3,Severe_Damage,L3_S3,-1680,1070,14706,-111,31,-111,0,-161.66
2708,20:28:49:868,3,Severe_Damage,L3_S3,-1716,1098,14802,-79,34,-101,0,-65.66
2709,20:28:49:878,3,Severe_Damage,L3_S3,-1750,1150,14852,-52,31,-98,0,-15.66
2710,20:28:49:888,3,Severe_Damage,L3_S3,-1730,1126,14828,-44,38,-103,0,-39.66
2711,20:28:49:898,3,Severe_Damage,L3_S3,-1762,1166,14904,-57,27,-103,0,36.34
2712,20:28:49:908,3,Severe_Damage,L3_S3,-1746,1094,14898,-68,36,-108,0,30.34
2713,20:28:49:918,3,Severe_Damage,L3_S3,-1736,1146,14994,-97,39,-114,0,126.34
2714,20:28:49:928,3,Severe_Damage,L3_S3,-1770,1166,15062,-138,33,-112,0,194.34
2715,20:28:49:938,3,Severe_Damage,L3_S3,-1732,1128,15046,-181,34,-119,0,178.34
2716,20:28:49:948,3,Severe_Damage,L3_S3,-1748,1156,14990,-228,21,-130,0,122.34
2717,20:28:49:958,3,Severe_Damage,L3_S3,-1728,1100,14948,-268,29,-135,0,80.34
2718,20:28:49:968,3,Severe_Damage,L3_S3,-1728,1104,14936,-297,22,-142,0,68.34
2719,20:28:49:978,3,Severe_Damage,L3_S3,-1772,1128,14946,-322,16,-140,0,78.34
2720,20:28:49:988,3,Severe_Damage,L3_S3,-1666,1082,14776,-330,28,-149,0,-91.66
2721,20:28:49:998,3,Severe_Damage,L3_S3,-1710,1100,14878,-326,25,-145,0,10.34
2722,20:28:50:008,3,Severe_Damage,L3_S3,-1686,1076,14762,-310,27,-140,0,-105.66
2723,20:28:50:018,3,Severe_Damage,L3_S3,-1716,1066,14698,-284,25,-135,0,-169.66
2724,20:28:50:028,3,Severe_Damage,L3_S3,-1686,1096,14716,-241,23,-125,0,-151.66
2725,20:28:50:038,3,Severe_Damage,L3_S3,-1686,1116,14728,-197,39,-131,0,-139.66
2726,20:28:50:048,3,Severe_Damage,L3_S3,-1728,1120,14750,-161,27,-118,0,-117.66
2727,20:28:50:058,3,Severe_Damage,L3_S3,-1754,1106,14830,-127,33,-106,0,-37.66
2728,20:28:50:068,3,Severe_Damage,L3_S3,-1748,1102,14856,-82,29,-103,0,-11.66
2729,20:28:50:078,3,Severe_Damage,L3_S3,-1738,1086,14862,-73,29,-104,0,-5.66
2730,20:28:50:088,3,Severe_Damage,L3_S3,-1772,1070,14922,-56,34,-101,0,54.34
2731,20:28:50:098,3,Severe_Damage,L3_S3,-1738,1140,14946,-60,32,-107,0,78.34
2732,20:28:50:108,3,Severe_Damage,L3_S3,-1728,1154,14922,-80,38,-106,0,54.34
2733,20:28:50:118,3,Severe_Damage,L3_S3,-1732,1120,14966,-108,31,-109,0,98.34
2734,20:28:50:128,3,Severe_Damage,L3_S3,-1766,1160,14976,-139,29,-122,0,108.34
2735,20:28:50:138,3,Severe_Damage,L3_S3,-1804,1114,15024,-184,33,-119,0,156.34
2736,20:28:50:148,3,Severe_Damage,L3_S3,-1714,1110,14996,-216,29,-130,0,128.34
2737,20:28:50:159,3,Severe_Damage,L3_S3,-1782,1138,15012,-262,29,-135,0,144.34
2738,20:28:50:168,3,Severe_Damage,L3_S3,-1772,1110,14894,-287,28,-135,0,26.34
2739,20:28:50:178,3,Severe_Damage,L3_S3,-1702,1088,14892,-309,24,-148,0,24.34
2740,20:28:50:188,3,Severe_Damage,L3_S3,-1736,1090,14838,-316,22,-142,0,-29.66
2741,20:28:50:198,3,Severe_Damage,L3_S3,-1710,1126,14848,-311,30,-137,0,-19.66
2742,20:28:50:208,3,Severe_Damage,L3_S3,-1714,1146,14780,-302,16,-139,0,-87.66
2743,20:28:50:218,3,Severe_Damage,L3_S3,-1706,1076,14756,-271,26,-138,0,-111.66
2744,20:28:50:228,3,Severe_Damage,L3_S3,-1726,1090,14788,-240,31,-129,0,-79.66
2745,20:28:50:238,3,Severe_Damage,L3_S3,-1710,1062,14718,-206,29,-120,0,-149.66
2746,20:28:50:248,3,Severe_Damage,L3_S3,-1698,1046,14720,-161,37,-120,0,-147.66
2747,20:28:50:258,3,Severe_Damage,L3_S3,-1762,1084,14740,-133,21,-104,0,-127.66
2748,20:28:50:269,3,Severe_Damage,L3_S3,-1716,1072,14850,-100,40,-105,0,-17.66
2749,20:28:50:278,3,Severe_Damage,L3_S3,-1734,1082,14874,-72,37,-105,0,6.34
2750,20:28:50:288,3,Severe_Damage,L3_S3,-1786,1094,14894,-71,37,-92,0,26.34
2751,20:28:50:298,3,Severe_Damage,L3_S3,-1726,1154,14978,-69,36,-107,0,110.34
2752,20:28:50:308,3,Severe_Damage,L3_S3,-1762,1178,14924,-87,29,-111,0,56.34
2753,20:28:50:318,3,Severe_Damage,L3_S3,-1736,1136,14994,-115,35,-113,0,126.34
2754,20:28:50:328,3,Severe_Damage,L3_S3,-1702,1142,15048,-141,35,-111,0,180.34
2755,20:28:50:338,3,Severe_Damage,L3_S3,-1758,1184,15006,-172,32,-117,0,138.34
2756,20:28:50:348,3,Severe_Damage,L3_S3,-1718,1124,14962,-218,35,-126,0,94.34
2757,20:28:50:358,3,Severe_Damage,L3_S3,-1766,1126,14986,-251,27,-131,0,118.34
2758,20:28:50:368,3,Severe_Damage,L3_S3,-1752,1172,14924,-280,33,-137,0,56.34
2759,20:28:50:378,3,Severe_Damage,L3_S3,-1692,1102,14834,-297,23,-139,0,-33.66
2760,20:28:50:388,3,Severe_Damage,L3_S3,-1728,1138,14844,-310,26,-134,0,-23.66
2761,20:28:50:398,3,Severe_Damage,L3_S3,-1752,1090,14804,-302,29,-143,0,-63.66
2762,20:28:50:408,3,Severe_Damage,L3_S3,-1688,1106,14752,-299,23,-138,0,-115.66
2763,20:28:50:418,3,Severe_Damage,L3_S3,-1700,1058,14820,-271,28,-140,0,-47.66
2764,20:28:50:428,3,Severe_Damage,L3_S3,-1662,1090,14748,-244,30,-129,0,-119.66
2765,20:28:50:439,3,Severe_Damage,L3_S3,-1740,1034,14730,-206,27,-118,0,-137.66
2766,20:28:50:448,3,Severe_Damage,L3_S3,-1662,1120,14764,-165,33,-118,0,-103.66
2767,20:28:50:459,3,Severe_Damage,L3_S3,-1682,1082,14810,-136,26,-117,0,-57.66
2768,20:28:50:468,3,Severe_Damage,L3_S3,-1758,1098,14868,-110,37,-110,0,0.34
2769,20:28:50:478,3,Severe_Damage,L3_S3,-1704,1048,14852,-85,37,-103,0,-15.66
2770,20:28:50:489,3,Severe_Damage,L3_S3,-1768,1098,14846,-84,30,-105,0,-21.66
2771,20:28:50:498,3,Severe_Damage,L3_S3,-1752,1100,14912,-77,39,-103,0,44.34
2772,20:28:50:508,3,Severe_Damage,L3_S3,-1706,1110,14922,-95,25,-109,0,54.34
2773,20:28:50:518,3,Severe_Damage,L3_S3,-1698,1134,14934,-118,31,-110,0,66.34
2774,20:28:50:528,3,Severe_Damage,L3_S3,-1734,1134,14876,-149,28,-118,0,8.34
2775,20:28:50:539,3,Severe_Damage,L3_S3,-1762,1118,14926,-176,25,-120,0,58.34
2776,20:28:50:549,3,Severe_Damage,L3_S3,-1746,1088,14940,-210,35,-119,0,72.34
2777,20:28:50:558,3,Severe_Damage,L3_S3,-1774,1176,14964,-240,22,-136,0,96.34
2778,20:28:50:568,3,Severe_Damage,L3_S3,-1802,1168,14962,-269,21,-143,0,94.34
2779,20:28:50:578,3,Severe_Damage,L3_S3,-1696,1138,14952,-295,25,-136,0,84.34
2780,20:28:50:589,3,Severe_Damage,L3_S3,-1740,1096,14904,-299,31,-139,0,36.34
2781,20:28:50:598,3,Severe_Damage,L3_S3,-1734,1086,14784,-296,28,-137,0,-83.66
2782,20:28:50:608,3,Severe_Damage,L3_S3,-1708,1088,14766,-286,21,-138,0,-101.66
2783,20:28:50:618,3,Severe_Damage,L3_S3,-1754,1108,14760,-269,28,-128,0,-107.66
2784,20:28:50:628,3,Severe_Damage,L3_S3,-1678,1090,14740,-239,27,-126,0,-127.66
2785,20:28:50:638,3,Severe_Damage,L3_S3,-1734,1042,14770,-201,31,-118,0,-97.66
2786,20:28:50:649,3,Severe_Damage,L3_S3,-1748,1084,14796,-172,27,-125,0,-71.66
2787,20:28:50:659,3,Severe_Damage,L3_S3,-1752,1088,14804,-142,35,-121,0,-63.66
2788,20:28:50:668,3,Severe_Damage,L3_S3,-1738,1094,14836,-112,27,-114,0,-31.66
2789,20:28:50:678,3,Severe_Damage,L3_S3,-1714,1068,14830,-99,34,-105,0,-37.66
2790,20:28:50:688,3,Severe_Damage,L3_S3,-1758,1116,14884,-88,30,-102,0,16.34
2791,20:28:50:698,3,Severe_Damage,L3_S3,-1776,1140,14886,-93,30,-101,0,18.34
2792,20:28:50:709,3,Severe_Damage,L3_S3,-1718,1102,14942,-105,36,-110,0,74.34
2793,20:28:50:719,3,Severe_Damage,L3_S3,-1722,1140,14902,-123,27,-112,0,34.34
2794,20:28:50:728,3,Severe_Damage,L3_S3,-1736,1110,14906,-149,35,-116,0,38.34
2795,20:28:50:739,3,Severe_Damage,L3_S3,-1704,1112,14940,-176,27,-125,0,72.34
2796,20:28:50:749,3,Severe_Damage,L3_S3,-1738,1146,14868,-213,34,-122,0,0.34
2797,20:28:50:759,3,Severe_Damage,L3_S3,-1710,1094,14914,-233,24,-131,0,46.34
2798,20:28:50:769,3,Severe_Damage,L3_S3,-1710,1156,14896,-264,22,-135,0,28.34
2799,20:28:50:779,3,Severe_Damage,L3_S3,-1736,1106,14912,-278,30,-133,0,44.34
2800,20:28:50:789,3,Severe_Damage,L3_S3,-1714,1096,14954,-293,25,-133,0,86.34
2801,20:28:50:799,3,Severe_Damage,L3_S3,-1770,1082,14798,-288,26,-141,0,-69.66
2802,20:28:50:809,3,Severe_Damage,L3_S3,-1712,1088,14846,-275,29,-136,0,-21.66
2803,20:28:50:819,3,Severe_Damage,L3_S3,-1750,1058,14800,-259,29,-133,0,-67.66
2804,20:28:50:829,3,Severe_Damage,L3_S3,-1690,1076,14790,-235,32,-127,0,-77.66
2805,20:28:50:839,3,Severe_Damage,L3_S3,-1708,1090,14830,-205,25,-124,0,-37.66
2806,20:28:50:849,3,Severe_Damage,L3_S3,-1732,1064,14722,-176,32,-120,0,-145.66
2807,20:28:50:859,3,Severe_Damage,L3_S3,-1752,1090,14796,-144,36,-117,0,-71.66
2808,20:28:50:869,3,Severe_Damage,L3_S3,-1736,1074,14780,-126,36,-119,0,-87.66
2809,20:28:50:879,3,Severe_Damage,L3_S3,-1758,1116,14846,-106,34,-116,0,-21.66
2810,20:28:50:888,3,Severe_Damage,L3_S3,-1746,1060,14864,-97,32,-115,0,-3.66
2811,20:28:50:899,3,Severe_Damage,L3_S3,-1740,1136,14890,-105,24,-111,0,22.34
2812,20:28:50:909,3,Severe_Damage,L3_S3,-1734,1122,14922,-112,30,-109,0,54.34
2813,20:28:50:919,3,Severe_Damage,L3_S3,-1744,1104,14944,-128,28,-115,0,76.34
2814,20:28:50:929,3,Severe_Damage,L3_S3,-1736,1126,14910,-152,23,-115,0,42.34
2815,20:28:50:939,3,Severe_Damage,L3_S3,-1744,1160,14958,-176,24,-120,0,90.34
2816,20:28:50:949,3,Severe_Damage,L3_S3,-1726,1134,15042,-203,23,-126,0,174.34
2817,20:28:50:959,3,Severe_Damage,L3_S3,-1684,1090,14930,-228,26,-127,0,62.34
2818,20:28:50:969,3,Severe_Damage,L3_S3,-1742,1096,14906,-251,29,-140,0,38.34
2819,20:28:50:979,3,Severe_Damage,L3_S3,-1722,1118,14914,-269,27,-136,0,46.34
2820,20:28:50:989,3,Severe_Damage,L3_S3,-1742,1122,14862,-279,27,-131,0,-5.66
2821,20:28:50:999,3,Severe_Damage,L3_S3,-1744,1070,14854,-281,23,-132,0,-13.66
2822,20:28:51:009,3,Severe_Damage,L3_S3,-1718,1030,14808,-273,21,-131,0,-59.66
2823,20:28:51:019,3,Severe_Damage,L3_S3,-1698,1126,14778,-249,28,-132,0,-89.66
2824,20:28:51:029,3,Severe_Damage,L3_S3,-1724,1114,14770,-232,27,-130,0,-97.66
2825,20:28:51:039,3,Severe_Damage,L3_S3,-1720,1094,14762,-201,31,-121,0,-105.66
2826,20:28:51:049,3,Severe_Damage,L3_S3,-1742,1050,14846,-168,32,-123,0,-21.66
2827,20:28:51:059,3,Severe_Damage,L3_S3,-1724,1118,14790,-153,27,-117,0,-77.66
2828,20:28:51:069,3,Severe_Damage,L3_S3,-1722,1148,14848,-133,28,-107,0,-19.66
2829,20:28:51:079,3,Severe_Damage,L3_S3,-1744,1118,14818,-119,29,-111,0,-49.66
2830,20:28:51:089,3,Severe_Damage,L3_S3,-1762,1090,14854,-110,24,-109,0,-13.66
2831,20:28:51:099,3,Severe_Damage,L3_S3,-1722,1140,14934,-105,30,-111,0,66.34
2832,20:28:51:109,3,Severe_Damage,L3_S3,-1732,1124,14880,-113,31,-109,0,12.34
2833,20:28:51:119,3,Severe_Damage,L3_S3,-1750,1086,14930,-130,34,-117,0,62.34
2834,20:28:51:129,3,Severe_Damage,L3_S3,-1746,1074,14932,-153,36,-108,0,64.34
2835,20:28:51:139,3,Severe_Damage,L3_S3,-1728,1124,15016,-176,33,-121,0,148.34
2836,20:28:51:149,3,Severe_Damage,L3_S3,-1746,1098,14944,-205,33,-122,0,76.34
2837,20:28:51:159,3,Severe_Damage,L3_S3,-1762,1098,14876,-226,31,-124,0,8.34
2838,20:28:51:169,3,Severe_Damage,L3_S3,-1742,1114,14970,-250,24,-138,0,102.34
2839,20:28:51:179,3,Severe_Damage,L3_S3,-1734,1080,14992,-270,31,-136,0,124.34
2840,20:28:51:189,3,Severe_Damage,L3_S3,-1734,1104,14828,-277,26,-141,0,-39.66
2841,20:28:51:199,3,Severe_Damage,L3_S3,-1720,1120,14786,-275,34,-142,0,-81.66
2842,20:28:51:209,3,Severe_Damage,L3_S3,-1788,1108,14830,-268,24,-137,0,-37.66
2843,20:28:51:219,3,Severe_Damage,L3_S3,-1726,1072,14818,-252,28,-136,0,-49.66
2844,20:28:51:229,3,Severe_Damage,L3_S3,-1732,1070,14758,-227,25,-134,0,-109.66
2845,20:28:51:239,3,Severe_Damage,L3_S3,-1732,1070,14794,-211,25,-126,0,-73.66
2846,20:28:51:249,3,Severe_Damage,L3_S3,-1742,1098,14790,-184,33,-118,0,-77.66
2847,20:28:51:259,3,Severe_Damage,L3_S3,-1680,1110,14864,-159,30,-122,0,-3.66
2848,20:28:51:269,3,Severe_Damage,L3_S3,-1684,1064,14904,-138,31,-118,0,36.34
2849,20:28:51:279,3,Severe_Damage,L3_S3,-1676,1102,14844,-122,32,-113,0,-23.66
2850,20:28:51:289,3,Severe_Damage,L3_S3,-1778,1100,14858,-115,32,-108,0,-9.66
2851,20:28:51:299,3,Severe_Damage,L3_S3,-1700,1096,14902,-115,33,-106,0,34.34
2852,20:28:51:309,3,Severe_Damage,L3_S3,-1732,1120,14918,-121,31,-108,0,50.34
2853,20:28:51:319,3,Severe_Damage,L3_S3,-1736,1092,14868,-130,28,-121,0,0.34
2854,20:28:51:329,3,Severe_Damage,L3_S3,-1746,1118,14928,-154,30,-116,0,60.34
2855,20:28:51:339,3,Severe_Damage,L3_S3,-1722,1150,14918,-178,30,-122,0,50.34
2856,20:28:51:349,3,Severe_Damage,L3_S3,-1780,1084,14994,-197,31,-124,0,126.34
2857,20:28:51:359,3,Severe_Damage,L3_S3,-1788,1096,14922,-224,27,-124,0,54.34
2858,20:28:51:369,3,Severe_Damage,L3_S3,-1746,1116,14902,-248,33,-134,0,34.34
2859,20:28:51:379,3,Severe_Damage,L3_S3,-1704,1126,14932,-259,26,-130,0,64.34
2860,20:28:51:389,3,Severe_Damage,L3_S3,-1720,1100,14818,-263,29,-136,0,-49.66
2861,20:28:51:399,3,Severe_Damage,L3_S3,-1728,1106,14872,-263,33,-136,0,4.34
2862,20:28:51:409,3,Severe_Damage,L3_S3,-1730,1110,14836,-263,29,-139,0,-31.66
2863,20:28:51:419,3,Severe_Damage,L3_S3,-1712,1112,14852,-246,30,-131,0,-15.66
2864,20:28:51:429,3,Severe_Damage,L3_S3,-1692,1096,14810,-230,26,-131,0,-57.66
2865,20:28:51:439,3,Severe_Damage,L3_S3,-1720,1130,14784,-211,31,-129,0,-83.66
2866,20:28:51:449,3,Severe_Damage,L3_S3,-1668,1112,14850,-185,38,-117,0,-17.66
2867,20:28:51:459,3,Severe_Damage,L3_S3,-1724,1100,14790,-162,25,-118,0,-77.66
2868,20:28:51:469,3,Severe_Damage,L3_S3,-1754,1056,14800,-141,19,-116,0,-67.66
2869,20:28:51:479,3,Severe_Damage,L3_S3,-1680,1104,14786,-119,29,-113,0,-81.66
2870,20:28:51:489,3,Severe_Damage,L3_S3,-1722,1146,14862,-117,31,-110,0,-5.66
2871,20:28:51:499,3,Severe_Damage,L3_S3,-1732,1138,14898,-118,34,-108,0,30.34
2872,20:28:51:509,3,Severe_Damage,L3_S3,-1780,1150,14872,-127,32,-113,0,4.34
2873,20:28:51:519,3,Severe_Damage,L3_S3,-1714,1090,14952,-139,32,-109,0,84.34
2874,20:28:51:529,3,Severe_Damage,L3_S3,-1786,1116,15014,-153,32,-117,0,146.34
2875,20:28:51:539,3,Severe_Damage,L3_S3,-1746,1116,14932,-169,33,-123,0,64.34
2876,20:28:51:549,3,Severe_Damage,L3_S3,-1772,1156,14954,-191,21,-129,0,86.34
2877,20:28:51:559,3,Severe_Damage,L3_S3,-1704,1094,14928,-213,34,-129,0,60.34
2878,20:28:51:569,3,Severe_Damage,L3_S3,-1758,1148,14878,-235,21,-121,0,10.34
2879,20:28:51:579,3,Severe_Damage,L3_S3,-1706,1124,14920,-248,30,-138,0,52.34
2880,20:28:51:589,3,Severe_Damage,L3_S3,-1748,1144,14902,-258,24,-133,0,34.34
2881,20:28:51:599,3,Severe_Damage,L3_S3,-1708,1110,14808,-262,25,-131,0,-59.66
2882,20:28:51:609,3,Severe_Damage,L3_S3,-1688,1136,14786,-255,29,-134,0,-81.66
2883,20:28:51:619,3,Severe_Damage,L3_S3,-1724,1116,14782,-241,31,-133,0,-85.66
2884,20:28:51:629,3,Severe_Damage,L3_S3,-1732,1128,14838,-230,31,-129,0,-29.66
2885,20:28:51:639,3,Severe_Damage,L3_S3,-1728,1112,14778,-212,32,-127,0,-89.66
2886,20:28:51:649,3,Severe_Damage,L3_S3,-1764,1134,14760,-192,28,-121,0,-107.66
2887,20:28:51:659,3,Severe_Damage,L3_S3,-1704,1132,14802,-162,41,-121,0,-65.66
2888,20:28:51:669,3,Severe_Damage,L3_S3,-1720,1074,14872,-145,30,-116,0,4.34
2889,20:28:51:679,3,Severe_Damage,L3_S3,-1738,1080,14852,-138,38,-117,0,-15.66
2890,20:28:51:689,3,Severe_Damage,L3_S3,-1698,1064,14894,-128,27,-113,0,26.34
2891,20:28:51:699,3,Severe_Damage,L3_S3,-1718,1148,14906,-124,24,-111,0,38.34
2892,20:28:51:709,3,Severe_Damage,L3_S3,-1770,1130,14946,-131,32,-113,0,78.34
2893,20:28:51:719,3,Severe_Damage,L3_S3,-1708,1104,14950,-141,29,-117,0,82.34
2894,20:28:51:729,3,Severe_Damage,L3_S3,-1750,1148,14942,-156,35,-121,0,74.34
2895,20:28:51:739,3,Severe_Damage,L3_S3,-1792,1124,14916,-182,24,-125,0,48.34
2896,20:28:51:749,3,Severe_Damage,L3_S3,-1770,1128,14834,-201,33,-124,0,-33.66
2897,20:28:51:759,3,Severe_Damage,L3_S3,-1726,1154,14870,-219,32,-126,0,2.34
2898,20:28:51:769,3,Severe_Damage,L3_S3,-1768,1148,14892,-228,29,-125,0,24.34
2899,20:28:51:779,3,Severe_Damage,L3_S3,-1752,1118,14960,-247,29,-135,0,92.34
2900,20:28:51:789,3,Severe_Damage,L3_S3,-1770,1100,14828,-247,25,-134,0,-39.66
2901,20:28:51:799,3,Severe_Damage,L3_S3,-1714,1054,14836,-252,24,-134,0,-31.66
2902,20:28:51:809,3,Severe_Damage,L3_S3,-1746,1128,14816,-248,34,-129,0,-51.66
2903,20:28:51:819,3,Severe_Damage,L3_S3,-1702,1110,14802,-241,28,-128,0,-65.66
2904,20:28:51:829,3,Severe_Damage,L3_S3,-1718,1114,14794,-224,33,-119,0,-73.66
2905,20:28:51:839,3,Severe_Damage,L3_S3,-1716,1100,14854,-209,27,-124,0,-13.66
2906,20:28:51:849,3,Severe_Damage,L3_S3,-1668,1108,14854,-191,33,-126,0,-13.66
2907,20:28:51:859,3,Severe_Damage,L3_S3,-1744,1098,14762,-168,26,-118,0,-105.66
2908,20:28:51:869,3,Severe_Damage,L3_S3,-1726,1112,14748,-155,31,-124,0,-119.66
2909,20:28:51:879,3,Severe_Damage,L3_S3,-1708,1120,14840,-140,30,-117,0,-27.66
2910,20:28:51:889,3,Severe_Damage,L3_S3,-1726,1100,14864,-130,33,-108,0,-3.66
2911,20:28:51:899,3,Severe_Damage,L3_S3,-1732,1082,14878,-132,31,-117,0,10.34
2912,20:28:51:909,3,Severe_Damage,L3_S3,-1780,1122,14942,-142,30,-115,0,74.34
2913,20:28:51:919,3,Severe_Damage,L3_S3,-1754,1100,14980,-147,34,-116,0,112.34
2914,20:28:51:929,3,Severe_Damage,L3_S3,-1712,1090,14916,-159,30,-114,0,48.34
2915,20:28:51:939,3,Severe_Damage,L3_S3,-1772,1122,14952,-178,28,-122,0,84.34
2916,20:28:51:949,3,Severe_Damage,L3_S3,-1714,1128,14950,-199,32,-119,0,82.34
2917,20:28:51:959,3,Severe_Damage,L3_S3,-1730,1088,14900,-217,22,-118,0,32.34
2918,20:28:51:969,3,Severe_Damage,L3_S3,-1736,1078,14870,-235,30,-128,0,2.34
2919,20:28:51:979,3,Severe_Damage,L3_S3,-1750,1106,14930,-244,30,-133,0,62.34
2920,20:28:51:989,3,Severe_Damage,L3_S3,-1736,1130,14822,-249,25,-128,0,-45.66
2921,20:28:51:999,3,Severe_Damage,L3_S3,-1716,1098,14890,-250,36,-132,0,22.34
2922,20:28:52:009,3,Severe_Damage,L3_S3,-1736,1078,14814,-248,19,-123,0,-53.66
2923,20:28:52:019,3,Severe_Damage,L3_S3,-1754,1074,14792,-241,31,-129,0,-75.66
2924,20:28:52:029,3,Severe_Damage,L3_S3,-1686,1130,14770,-231,31,-122,0,-97.66
2925,20:28:52:039,3,Severe_Damage,L3_S3,-1742,1086,14844,-210,33,-127,0,-23.66
2926,20:28:52:049,3,Severe_Damage,L3_S3,-1748,1108,14828,-191,27,-131,0,-39.66
2927,20:28:52:059,3,Severe_Damage,L3_S3,-1748,1088,14826,-171,25,-119,0,-41.66
2928,20:28:52:069,3,Severe_Damage,L3_S3,-1694,1118,14876,-153,34,-123,0,8.34
2929,20:28:52:079,3,Severe_Damage,L3_S3,-1738,1090,14862,-142,25,-118,0,-5.66
2930,20:28:52:089,3,Severe_Damage,L3_S3,-1746,1078,14860,-136,28,-111,0,-7.66
2931,20:28:52:099,3,Severe_Damage,L3_S3,-1776,1126,14892,-138,29,-115,0,24.34
2932,20:28:52:109,3,Severe_Damage,L3_S3,-1748,1128,14874,-140,24,-114,0,6.34
2933,20:28:52:119,3,Severe_Damage,L3_S3,-1750,1150,14916,-146,39,-120,0,48.34
2934,20:28:52:129,3,Severe_Damage,L3_S3,-1740,1080,14920,-156,22,-117,0,52.34
2935,20:28:52:139,3,Severe_Damage,L3_S3,-1774,1122,14950,-174,34,-127,0,82.34
2936,20:28:52:149,3,Severe_Damage,L3_S3,-1762,1106,14934,-188,27,-124,0,66.34
2937,20:28:52:159,3,Severe_Damage,L3_S3,-1712,1120,14866,-207,29,-118,0,-1.66
2938,20:28:52:169,3,Severe_Damage,L3_S3,-1742,1148,14964,-221,20,-122,0,96.34
2939,20:28:52:179,3,Severe_Damage,L3_S3,-1692,1116,14916,-236,27,-130,0,48.34
2940,20:28:52:189,3,Severe_Damage,L3_S3,-1714,1100,14878,-242,32,-133,0,10.34
2941,20:28:52:199,3,Severe_Damage,L3_S3,-1758,1104,14888,-245,31,-137,0,20.34
2942,20:28:52:209,3,Severe_Damage,L3_S3,-1796,1124,14884,-247,27,-133,0,16.34
2943,20:28:52:219,3,Severe_Damage,L3_S3,-1728,1114,14820,-233,36,-134,0,-47.66
2944,20:28:52:229,3,Severe_Damage,L3_S3,-1708,1042,14890,-215,29,-132,0,22.34
2945,20:28:52:239,3,Severe_Damage,L3_S3,-1732,1124,14846,-207,27,-123,0,-21.66
2946,20:28:52:249,3,Severe_Damage,L3_S3,-1744,1080,14840,-190,29,-124,0,-27.66
2947,20:28:52:259,3,Severe_Damage,L3_S3,-1722,1134,14840,-174,32,-122,0,-27.66
2948,20:28:52:269,3,Severe_Damage,L3_S3,-1758,1112,14818,-158,31,-114,0,-49.66
2949,20:28:52:279,3,Severe_Damage,L3_S3,-1748,1142,14856,-150,29,-119,0,-11.66
2950,20:28:52:289,3,Severe_Damage,L3_S3,-1724,1134,14866,-135,30,-121,0,-1.66
2951,20:28:52:299,3,Severe_Damage,L3_S3,-1758,1138,14864,-137,25,-115,0,-3.66
2952,20:28:52:309,3,Severe_Damage,L3_S3,-1730,1084,14912,-139,33,-111,0,44.34
2953,20:28:52:319,3,Severe_Damage,L3_S3,-1768,1132,15018,-151,20,-106,0,150.34
2954,20:28:52:329,3,Severe_Damage,L3_S3,-1744,1164,14922,-163,34,-121,0,54.34
2955,20:28:52:339,3,Severe_Damage,L3_S3,-1752,1144,14932,-176,30,-120,0,64.34
2956,20:28:52:349,3,Severe_Damage,L3_S3,-1732,1106,14936,-187,35,-118,0,68.34
2957,20:28:52:359,3,Severe_Damage,L3_S3,-1752,1124,14902,-205,28,-121,0,34.34
2958,20:28:52:369,3,Severe_Damage,L3_S3,-1746,1124,14874,-217,30,-132,0,6.34
2959,20:28:52:379,3,Severe_Damage,L3_S3,-1712,1106,14962,-225,28,-129,0,94.34
2960,20:28:52:389,3,Severe_Damage,L3_S3,-1742,1140,14926,-239,28,-131,0,58.34
2961,20:28:52:399,3,Severe_Damage,L3_S3,-1728,1098,14922,-240,20,-125,0,54.34
2962,20:28:52:409,3,Severe_Damage,L3_S3,-1708,1094,14868,-237,29,-127,0,0.34
2963,20:28:52:419,3,Severe_Damage,L3_S3,-1760,1100,14794,-235,24,-125,0,-73.66
2964,20:28:52:429,3,Severe_Damage,L3_S3,-1702,1106,14856,-225,33,-122,0,-11.66
2965,20:28:52:439,3,Severe_Damage,L3_S3,-1708,1120,14848,-203,33,-125,0,-19.66
2966,20:28:52:449,3,Severe_Damage,L3_S3,-1728,1084,14830,-188,32,-121,0,-37.66
2967,20:28:52:459,3,Severe_Damage,L3_S3,-1720,1050,14810,-176,35,-118,0,-57.66
2968,20:28:52:469,3,Severe_Damage,L3_S3,-1726,1106,14848,-164,27,-120,0,-19.66
2969,20:28:52:479,3,Severe_Damage,L3_S3,-1780,1120,14840,-154,33,-113,0,-27.66
2970,20:28:52:489,3,Severe_Damage,L3_S3,-1754,1122,14912,-154,31,-117,0,44.34
2971,20:28:52:499,3,Severe_Damage,L3_S3,-1770,1078,14864,-148,38,-114,0,-3.66
2972,20:28:52:509,3,Severe_Damage,L3_S3,-1718,1094,14870,-145,33,-117,0,2.34
2973,20:28:52:519,3,Severe_Damage,L3_S3,-1718,1154,14864,-149,21,-115,0,-3.66
2974,20:28:52:529,3,Severe_Damage,L3_S3,-1750,1140,14910,-168,33,-121,0,42.34
2975,20:28:52:539,3,Severe_Damage,L3_S3,-1734,1126,14898,-176,30,-119,0,30.34
2976,20:28:52:549,3,Severe_Damage,L3_S3,-1768,1120,14902,-186,29,-119,0,34.34
2977,20:28:52:559,3,Severe_Damage,L3_S3,-1814,1142,14908,-200,35,-122,0,40.34
2978,20:28:52:569,3,Severe_Damage,L3_S3,-1726,1098,14824,-222,19,-124,0,-43.66
2979,20:28:52:579,3,Severe_Damage,L3_S3,-1738,1126,14850,-224,29,-130,0,-17.66
2980,20:28:52:589,3,Severe_Damage,L3_S3,-1724,1108,14858,-231,29,-131,0,-9.66
2981,20:28:52:599,3,Severe_Damage,L3_S3,-1728,1090,14880,-236,24,-130,0,12.34
2982,20:28:52:610,3,Severe_Damage,L3_S3,-1780,1128,14890,-232,25,-125,0,22.34
2983,20:28:52:619,3,Severe_Damage,L3_S3,-1716,1070,14766,-231,26,-126,0,-101.66
2984,20:28:52:629,3,Severe_Damage,L3_S3,-1716,1140,14792,-214,25,-125,0,-75.66
2985,20:28:52:639,3,Severe_Damage,L3_S3,-1700,1100,14828,-203,33,-123,0,-39.66
2986,20:28:52:649,3,Severe_Damage,L3_S3,-1732,1112,14840,-195,30,-117,0,-27.66
2987,20:28:52:660,3,Severe_Damage,L3_S3,-1748,1134,14862,-177,32,-119,0,-5.66
2988,20:28:52:669,3,Severe_Damage,L3_S3,-1720,1054,14952,-165,31,-117,0,84.34
2989,20:28:52:679,3,Severe_Damage,L3_S3,-1742,1136,14830,-160,27,-113,0,-37.66
2990,20:28:52:689,3,Severe_Damage,L3_S3,-1706,1112,14924,-149,30,-122,0,56.34
2991,20:28:52:699,3,Severe_Damage,L3_S3,-1710,1136,14894,-152,27,-113,0,26.34
2992,20:28:52:709,3,Severe_Damage,L3_S3,-1734,1118,14922,-153,32,-118,0,54.34
2993,20:28:52:719,3,Severe_Damage,L3_S3,-1722,1138,14942,-163,25,-120,0,74.34
2994,20:28:52:729,3,Severe_Damage,L3_S3,-1714,1118,14936,-166,30,-120,0,68.34
2995,20:28:52:739,3,Severe_Damage,L3_S3,-1762,1168,14916,-176,35,-120,0,48.34
2996,20:28:52:749,3,Severe_Damage,L3_S3,-1714,1086,14940,-183,33,-126,0,72.34
2997,20:28:52:759,3,Severe_Damage,L3_S3,-1692,1144,14884,-202,26,-128,0,16.34
2998,20:28:52:769,3,Severe_Damage,L3_S3,-1734,1150,14908,-212,32,-119,0,40.34
2999,20:28:52:779,3,Severe_Damage,L3_S3,-1748,1118,15022,-231,27,-119,0,154.34
3000,20:28:52:789,3,Severe_Damage,L3_S3,-1688,1124,14894,-229,35,-126,0,26.34
3001,20:28:52:799,3,Severe_Damage,L3_S3,-1694,1106,14866,-239,27,-127,0,-1.66
3002,20:28:52:809,3,Severe_Damage,L3_S3,-1740,1130,14900,-224,29,-128,0,32.34
3003,20:28:52:819,3,Severe_Damage,L3_S3,-1732,1114,14850,-226,29,-125,0,-17.66
3004,20:28:52:829,3,Severe_Damage,L3_S3,-1722,1070,14804,-213,32,-121,0,-63.66
3005,20:28:52:839,3,Severe_Damage,L3_S3,-1724,1112,14868,-205,28,-127,0,0.34
3006,20:28:52:849,3,Severe_Damage,L3_S3,-1722,1108,14832,-196,25,-124,0,-35.66
3007,20:28:52:859,3,Severe_Damage,L3_S3,-1768,1108,14812,-192,29,-118,0,-55.66
3008,20:28:52:869,3,Severe_Damage,L3_S3,-1676,1078,14862,-178,30,-118,0,-5.66
3009,20:28:52:879,3,Severe_Damage,L3_S3,-1736,1146,14850,-166,31,-118,0,-17.66
3010,20:28:52:889,3,Severe_Damage,L3_S3,-1722,1118,14908,-156,29,-110,0,40.34
3011,20:28:52:899,3,Severe_Damage,L3_S3,-1718,1108,14886,-155,24,-118,0,18.34
3012,20:28:52:909,3,Severe_Damage,L3_S3,-1750,1118,14926,-154,27,-116,0,58.34
3013,20:28:52:919,3,Severe_Damage,L3_S3,-1768,1114,14942,-165,27,-117,0,74.34
3014,20:28:52:929,3,Severe_Damage,L3_S3,-1756,1094,14932,-172,21,-114,0,64.34
3015,20:28:52:939,3,Severe_Damage,L3_S3,-1754,1138,14932,-180,29,-120,0,64.34
3016,20:28:52:949,3,Severe_Damage,L3_S3,-1726,1090,14898,-191,29,-126,0,30.34
3017,20:28:52:959,3,Severe_Damage,L3_S3,-1766,1136,14890,-196,28,-117,0,22.34
3018,20:28:52:970,3,Severe_Damage,L3_S3,-1748,1118,14856,-206,24,-124,0,-11.66
3019,20:28:52:979,3,Severe_Damage,L3_S3,-1714,1152,14866,-217,21,-128,0,-1.66
3020,20:28:52:989,3,Severe_Damage,L3_S3,-1720,1114,14914,-231,21,-125,0,46.34
3021,20:28:52:999,3,Severe_Damage,L3_S3,-1722,1112,14828,-226,35,-130,0,-39.66
3022,20:28:53:009,3,Severe_Damage,L3_S3,-1720,1106,14872,-230,29,-127,0,4.34
3023,20:28:53:019,3,Severe_Damage,L3_S3,-1742,1108,14844,-220,32,-132,0,-23.66
3024,20:28:53:029,3,Severe_Damage,L3_S3,-1676,1104,14834,-209,32,-130,0,-33.66
3025,20:28:53:039,3,Severe_Damage,L3_S3,-1726,1128,14794,-201,32,-122,0,-73.66
3026,20:28:53:049,3,Severe_Damage,L3_S3,-1720,1132,14802,-192,32,-115,0,-65.66
3027,20:28:53:059,3,Severe_Damage,L3_S3,-1708,1120,14856,-181,32,-120,0,-11.66
3028,20:28:53:069,3,Severe_Damage,L3_S3,-1772,1130,14834,-173,22,-118,0,-33.66
3029,20:28:53:079,3,Severe_Damage,L3_S3,-1704,1134,14888,-165,34,-117,0,20.34
3030,20:28:53:089,3,Severe_Damage,L3_S3,-1718,1102,14822,-158,25,-120,0,-45.66
3031,20:28:53:099,3,Severe_Damage,L3_S3,-1694,1130,14926,-159,28,-119,0,58.34
3032,20:28:53:109,3,Severe_Damage,L3_S3,-1642,1132,14886,-155,32,-113,0,18.34
3033,20:28:53:119,3,Severe_Damage,L3_S3,-1748,1100,14870,-160,29,-117,0,2.34
3034,20:28:53:129,3,Severe_Damage,L3_S3,-1724,1120,14900,-168,34,-115,0,32.34
3035,20:28:53:139,3,Severe_Damage,L3_S3,-1698,1134,14948,-183,28,-118,0,80.34
3036,20:28:53:149,3,Severe_Damage,L3_S3,-1726,1074,14906,-186,29,-126,0,38.34
3037,20:28:53:159,3,Severe_Damage,L3_S3,-1708,1134,14970,-202,28,-127,0,102.34
3038,20:28:53:169,3,Severe_Damage,L3_S3,-1804,1114,14944,-213,21,-123,0,76.34
3039,20:28:53:179,3,Severe_Damage,L3_S3,-1706,1146,14920,-220,35,-131,0,52.34
3040,20:28:53:189,3,Severe_Damage,L3_S3,-1726,1078,14926,-229,25,-128,0,58.34
3041,20:28:53:199,3,Severe_Damage,L3_S3,-1748,1098,14940,-227,34,-131,0,72.34
3042,20:28:53:210,3,Severe_Damage,L3_S3,-1720,1128,14900,-231,29,-137,0,32.34
3043,20:28:53:219,3,Severe_Damage,L3_S3,-1786,1104,14834,-222,24,-133,0,-33.66
3044,20:28:53:229,3,Severe_Damage,L3_S3,-1716,1110,14822,-216,34,-125,0,-45.66
3045,20:28:53:240,3,Severe_Damage,L3_S3,-1690,1126,14756,-210,19,-118,0,-111.66
3046,20:28:53:249,3,Severe_Damage,L3_S3,-1730,1080,14832,-196,34,-126,0,-35.66
3047,20:28:53:259,3,Severe_Damage,L3_S3,-1722,1098,14828,-182,29,-131,0,-39.66
3048,20:28:53:269,3,Severe_Damage,L3_S3,-1788,1102,14824,-173,34,-124,0,-43.66
3049,20:28:53:279,3,Severe_Damage,L3_S3,-1722,1060,14852,-171,33,-126,0,-15.66
3050,20:28:53:290,3,Severe_Damage,L3_S3,-1732,1156,14942,-160,28,-119,0,74.34
3051,20:28:53:299,3,Severe_Damage,L3_S3,-1724,1116,14862,-155,28,-119,0,-5.66
3052,20:28:53:310,3,Severe_Damage,L3_S3,-1694,1104,14934,-170,32,-112,0,66.34
3053,20:28:53:320,3,Severe_Damage,L3_S3,-1764,1136,14892,-167,32,-116,0,24.34
3054,20:28:53:330,3,Severe_Damage,L3_S3,-1754,1140,14902,-180,25,-116,0,34.34
3055,20:28:53:340,3,Severe_Damage,L3_S3,-1766,1120,14854,-189,42,-126,0,-13.66
3056,20:28:53:350,3,Severe_Damage,L3_S3,-1788,1110,14856,-196,23,-122,0,-11.66
3057,20:28:53:360,3,Severe_Damage,L3_S3,-1736,1082,14898,-210,32,-125,0,30.34
3058,20:28:53:370,3,Severe_Damage,L3_S3,-1714,1124,14918,-212,26,-130,0,50.34
3059,20:28:53:380,3,Severe_Damage,L3_S3,-1732,1068,14908,-216,25,-124,0,40.34
3060,20:28:53:389,3,Severe_Damage,L3_S3,-1734,1108,14862,-222,29,-132,0,-5.66
3061,20:28:53:399,3,Severe_Damage,L3_S3,-1708,1078,14878,-221,29,-130,0,10.34
3062,20:28:53:410,3,Severe_Damage,L3_S3,-1736,1116,14860,-216,29,-128,0,-7.66
3063,20:28:53:419,3,Severe_Damage,L3_S3,-1770,1104,14820,-211,28,-121,0,-47.66
3064,20:28:53:430,3,Severe_Damage,L3_S3,-1760,1102,14856,-207,26,-125,0,-11.66
3065,20:28:53:440,3,Severe_Damage,L3_S3,-1726,1102,14862,-196,22,-127,0,-5.66
3066,20:28:53:450,3,Severe_Damage,L3_S3,-1706,1114,14826,-185,25,-122,0,-41.66
3067,20:28:53:460,3,Severe_Damage,L3_S3,-1750,1086,14882,-179,31,-125,0,14.34
3068,20:28:53:470,3,Severe_Damage,L3_S3,-1770,1096,14896,-168,24,-116,0,28.34
3069,20:28:53:480,3,Severe_Damage,L3_S3,-1750,1104,14884,-161,29,-114,0,16.34
3070,20:28:53:490,3,Severe_Damage,L3_S3,-1746,1090,14862,-165,34,-112,0,-5.66
3071,20:28:53:500,3,Severe_Damage,L3_S3,-1754,1060,14860,-164,32,-117,0,-7.66
3072,20:28:53:510,3,Severe_Damage,L3_S3,-1674,1104,14806,-166,35,-126,0,-61.66
3073,20:28:53:520,3,Severe_Damage,L3_S3,-1756,1138,14880,-175,31,-116,0,12.34
3074,20:28:53:530,3,Severe_Damage,L3_S3,-1734,1154,14922,-177,38,-120,0,54.34
3075,20:28:53:540,3,Severe_Damage,L3_S3,-1730,1134,14876,-188,32,-122,0,8.34
3076,20:28:53:550,3,Severe_Damage,L3_S3,-1774,1108,14892,-194,27,-127,0,24.34
3077,20:28:53:560,3,Severe_Damage,L3_S3,-1744,1094,14948,-200,25,-131,0,80.34
3078,20:28:53:570,3,Severe_Damage,L3_S3,-1748,1134,14908,-212,24,-123,0,40.34
3079,20:28:53:580,3,Severe_Damage,L3_S3,-1740,1102,14866,-218,31,-124,0,-1.66
3080,20:28:53:590,3,Severe_Damage,L3_S3,-1700,1112,14884,-221,26,-122,0,16.34
3081,20:28:53:600,3,Severe_Damage,L3_S3,-1756,1154,14846,-222,27,-124,0,-21.66
3082,20:28:53:610,3,Severe_Damage,L3_S3,-1698,1098,14918,-214,34,-131,0,50.34
3083,20:28:53:620,3,Severe_Damage,L3_S3,-1702,1144,14858,-208,21,-124,0,-9.66
3084,20:28:53:630,3,Severe_Damage,L3_S3,-1726,1120,14868,-203,35,-128,0,0.34
3085,20:28:53:640,3,Severe_Damage,L3_S3,-1742,1098,14820,-196,26,-119,0,-47.66
3086,20:28:53:650,3,Severe_Damage,L3_S3,-1732,1132,14908,-185,33,-121,0,40.34
3087,20:28:53:660,3,Severe_Damage,L3_S3,-1694,1084,14876,-175,32,-123,0,8.34
3088,20:28:53:670,3,Severe_Damage,L3_S3,-1730,1098,14840,-172,25,-119,0,-27.66
3089,20:28:53:680,3,Severe_Damage,L3_S3,-1754,1130,14888,-160,39,-118,0,20.34
3090,20:28:53:690,3,Severe_Damage,L3_S3,-1720,1128,14866,-167,26,-112,0,-1.66
3091,20:28:53:700,3,Severe_Damage,L3_S3,-1752,1094,14898,-167,35,-113,0,30.34
3092,20:28:53:710,3,Severe_Damage,L3_S3,-1728,1122,14840,-170,32,-119,0,-27.66
3093,20:28:53:720,3,Severe_Damage,L3_S3,-1708,1110,14952,-176,30,-123,0,84.34
3094,20:28:53:730,3,Severe_Damage,L3_S3,-1766,1082,14898,-183,30,-123,0,30.34
3095,20:28:53:740,3,Severe_Damage,L3_S3,-1704,1140,14888,-192,28,-126,0,20.34
3096,20:28:53:750,3,Severe_Damage,L3_S3,-1762,1120,14898,-202,26,-120,0,30.34
3097,20:28:53:760,3,Severe_Damage,L3_S3,-1768,1092,14868,-206,26,-125,0,0.34
3098,20:28:53:770,3,Severe_Damage,L3_S3,-1748,1164,14870,-215,26,-126,0,2.34
3099,20:28:53:780,3,Severe_Damage,L3_S3,-1766,1100,14854,-219,27,-125,0,-13.66
3100,20:28:53:790,3,Severe_Damage,L3_S3,-1772,1084,14854,-220,20,-126,0,-13.66
3101,20:28:53:800,3,Severe_Damage,L3_S3,-1738,1164,14884,-218,29,-126,0,16.34
3102,20:28:53:810,3,Severe_Damage,L3_S3,-1714,1104,14874,-216,20,-121,0,6.34
3103,20:28:53:820,3,Severe_Damage,L3_S3,-1766,1134,14836,-216,25,-131,0,-31.66
3104,20:28:53:830,3,Severe_Damage,L3_S3,-1738,1166,14848,-202,26,-126,0,-19.66
3105,20:28:53:840,3,Severe_Damage,L3_S3,-1700,1142,14804,-195,27,-125,0,-63.66
3106,20:28:53:850,3,Severe_Damage,L3_S3,-1764,1124,14820,-191,28,-128,0,-47.66
3107,20:28:53:860,3,Severe_Damage,L3_S3,-1712,1100,14892,-182,31,-120,0,24.34
3108,20:28:53:870,3,Severe_Damage,L3_S3,-1756,1112,14838,-174,32,-122,0,-29.66
3109,20:28:53:880,3,Severe_Damage,L3_S3,-1746,1128,14830,-175,28,-118,0,-37.66
3110,20:28:53:890,3,Severe_Damage,L3_S3,-1714,1064,14896,-164,32,-122,0,28.34
3111,20:28:53:900,3,Severe_Damage,L3_S3,-1714,1052,14874,-170,28,-118,0,6.34
3112,20:28:53:910,3,Severe_Damage,L3_S3,-1760,1098,14850,-169,28,-125,0,-17.66
3113,20:28:53:920,3,Severe_Damage,L3_S3,-1754,1102,14908,-175,31,-124,0,40.34
3114,20:28:53:930,3,Severe_Damage,L3_S3,-1776,1104,14854,-178,34,-125,0,-13.66
3115,20:28:53:940,3,Severe_Damage,L3_S3,-1756,1118,14916,-186,29,-128,0,48.34
3116,20:28:53:950,3,Severe_Damage,L3_S3,-1730,1130,14880,-193,31,-123,0,12.34
3117,20:28:53:960,3,Severe_Damage,L3_S3,-1752,1106,14874,-203,34,-124,0,6.34
3118,20:28:53:970,3,Severe_Damage,L3_S3,-1758,1116,14934,-208,21,-127,0,66.34
3119,20:28:53:980,3,Severe_Damage,L3_S3,-1740,1118,14866,-223,22,-129,0,-1.66
3120,20:28:53:990,3,Severe_Damage,L3_S3,-1786,1090,14908,-216,34,-123,0,40.34
3121,20:28:54:000,3,Severe_Damage,L3_S3,-1736,1128,14856,-222,24,-124,0,-11.66
3122,20:28:54:010,3,Severe_Damage,L3_S3,-1734,1068,14862,-213,34,-127,0,-5.66
3123,20:28:54:020,3,Severe_Damage,L3_S3,-1732,1114,14908,-211,29,-131,0,40.34
3124,20:28:54:030,3,Severe_Damage,L3_S3,-1726,1110,14828,-200,27,-123,0,-39.66
3125,20:28:54:040,3,Severe_Damage,L3_S3,-1726,1084,14890,-197,32,-125,0,22.34
3126,20:28:54:050,3,Severe_Damage,L3_S3,-1702,1112,14888,-187,31,-124,0,20.34
3127,20:28:54:060,3,Severe_Damage,L3_S3,-1748,1088,14840,-180,33,-118,0,-27.66
3128,20:28:54:070,3,Severe_Damage,L3_S3,-1696,1122,14856,-173,39,-121,0,-11.66
3129,20:28:54:080,3,Severe_Damage,L3_S3,-1726,1130,14870,-170,17,-118,0,2.34
3130,20:28:54:090,3,Severe_Damage,L3_S3,-1724,1046,14898,-170,33,-120,0,30.34
3131,20:28:54:100,3,Severe_Damage,L3_S3,-1706,1076,14854,-170,28,-117,0,-13.66
3132,20:28:54:110,3,Severe_Damage,L3_S3,-1746,1120,14920,-174,33,-121,0,52.34
3133,20:28:54:120,3,Severe_Damage,L3_S3,-1744,1118,14928,-170,34,-127,0,60.34
3134,20:28:54:130,3,Severe_Damage,L3_S3,-1728,1150,14860,-181,29,-132,0,-7.66
3135,20:28:54:140,3,Severe_Damage,L3_S3,-1762,1132,14926,-185,32,-130,0,58.34
3136,20:28:54:150,3,Severe_Damage,L3_S3,-1722,1138,14944,-193,34,-125,0,76.34
3137,20:28:54:160,3,Severe_Damage,L3_S3,-1776,1106,14928,-198,30,-125,0,60.34
3138,20:28:54:170,3,Severe_Damage,L3_S3,-1728,1110,14860,-205,23,-122,0,-7.66
3139,20:28:54:180,3,Severe_Damage,L3_S3,-1772,1120,14854,-209,34,-128,0,-13.66
3140,20:28:54:190,3,Severe_Damage,L3_S3,-1784,1132,14828,-216,32,-126,0,-39.66
3141,20:28:54:200,3,Severe_Damage,L3_S3,-1744,1128,14824,-211,22,-126,0,-43.66
3142,20:28:54:210,3,Severe_Damage,L3_S3,-1698,1120,14828,-205,38,-128,0,-39.66
3143,20:28:54:220,3,Severe_Damage,L3_S3,-1734,1074,14834,-209,30,-131,0,-33.66
3144,20:28:54:230,3,Severe_Damage,L3_S3,-1712,1144,14870,-210,31,-123,0,2.34
3145,20:28:54:240,3,Severe_Damage,L3_S3,-1726,1122,14928,-199,29,-120,0,60.34
3146,20:28:54:250,3,Severe_Damage,L3_S3,-1726,1112,14824,-190,23,-126,0,-43.66
3147,20:28:54:260,3,Severe_Damage,L3_S3,-1758,1148,14844,-179,29,-117,0,-23.66
3148,20:28:54:270,3,Severe_Damage,L3_S3,-1754,1112,14822,-175,26,-120,0,-45.66
3149,20:28:54:280,3,Severe_Damage,L3_S3,-1724,1088,14874,-170,33,-120,0,6.34
3150,20:28:54:290,3,Severe_Damage,L3_S3,-1750,1134,14890,-169,22,-120,0,22.34
3151,20:28:54:300,3,Severe_Damage,L3_S3,-1736,1106,14884,-167,30,-121,0,16.34
3152,20:28:54:310,3,Severe_Damage,L3_S3,-1784,1080,14950,-178,36,-119,0,82.34
3153,20:28:54:320,3,Severe_Damage,L3_S3,-1764,1078,14924,-181,31,-118,0,56.34
3154,20:28:54:330,3,Severe_Damage,L3_S3,-1708,1092,14898,-181,34,-119,0,30.34
3155,20:28:54:340,3,Severe_Damage,L3_S3,-1754,1118,14930,-189,32,-116,0,62.34
3156,20:28:54:350,3,Severe_Damage,L3_S3,-1752,1146,14888,-193,32,-122,0,20.34
3157,20:28:54:360,3,Severe_Damage,L3_S3,-1702,1154,14880,-199,30,-127,0,12.34
3158,20:28:54:370,3,Severe_Damage,L3_S3,-1772,1132,14866,-204,23,-124,0,-1.66
3159,20:28:54:380,3,Severe_Damage,L3_S3,-1730,1104,14914,-214,25,-128,0,46.34
3160,20:28:54:390,3,Severe_Damage,L3_S3,-1690,1096,14842,-209,26,-128,0,-25.66
3161,20:28:54:400,3,Severe_Damage,L3_S3,-1766,1118,14792,-219,33,-126,0,-75.66
3162,20:28:54:410,3,Severe_Damage,L3_S3,-1746,1112,14846,-206,33,-121,0,-21.66
3163,20:28:54:420,3,Severe_Damage,L3_S3,-1740,1052,14860,-203,27,-126,0,-7.66
3164,20:28:54:430,3,Severe_Damage,L3_S3,-1752,1112,14844,-200,37,-129,0,-23.66
3165,20:28:54:440,3,Severe_Damage,L3_S3,-1770,1086,14838,-198,27,-122,0,-29.66
3166,20:28:54:450,3,Severe_Damage,L3_S3,-1726,1104,14850,-186,36,-123,0,-17.66
3167,20:28:54:460,3,Severe_Damage,L3_S3,-1668,1094,14858,-187,19,-123,0,-9.66
3168,20:28:54:470,3,Severe_Damage,L3_S3,-1718,1136,14870,-174,24,-124,0,2.34
3169,20:28:54:480,3,Severe_Damage,L3_S3,-1734,1094,14866,-180,43,-119,0,-1.66
3170,20:28:54:490,3,Severe_Damage,L3_S3,-1710,1066,14890,-170,27,-116,0,22.34
3171,20:28:54:500,3,Severe_Damage,L3_S3,-1726,1062,14846,-174,40,-108,0,-21.66
3172,20:28:54:510,3,Severe_Damage,L3_S3,-1742,1126,14858,-171,33,-118,0,-9.66
3173,20:28:54:520,3,Severe_Damage,L3_S3,-1772,1116,14848,-179,28,-118,0,-19.66
3174,20:28:54:530,3,Severe_Damage,L3_S3,-1728,1124,14916,-179,33,-116,0,48.34
3175,20:28:54:540,3,Severe_Damage,L3_S3,-1762,1106,14862,-186,25,-122,0,-5.66
3176,20:28:54:550,3,Severe_Damage,L3_S3,-1746,1126,14872,-196,34,-123,0,4.34
3177,20:28:54:560,3,Severe_Damage,L3_S3,-1756,1100,14864,-201,33,-119,0,-3.66
3178,20:28:54:570,3,Severe_Damage,L3_S3,-1726,1126,14970,-208,32,-121,0,102.34
3179,20:28:54:580,3,Severe_Damage,L3_S3,-1704,1108,14886,-204,31,-122,0,18.34
3180,20:28:54:590,3,Severe_Damage,L3_S3,-1742,1158,14900,-211,28,-121,0,32.34
3181,20:28:54:600,3,Severe_Damage,L3_S3,-1714,1084,14916,-207,25,-118,0,48.34
3182,20:28:54:610,3,Severe_Damage,L3_S3,-1736,1110,14894,-213,26,-127,0,26.34
3183,20:28:54:620,3,Severe_Damage,L3_S3,-1708,1104,14872,-204,24,-118,0,4.34
3184,20:28:54:630,3,Severe_Damage,L3_S3,-1706,1104,14862,-201,25,-119,0,-5.66
3185,20:28:54:640,3,Severe_Damage,L3_S3,-1724,1090,14858,-191,32,-125,0,-9.66
3186,20:28:54:650,3,Severe_Damage,L3_S3,-1712,1092,14870,-192,26,-125,0,2.34
3187,20:28:54:660,3,Severe_Damage,L3_S3,-1702,1130,14836,-182,27,-122,0,-31.66
3188,20:28:54:670,3,Severe_Damage,L3_S3,-1726,1066,14796,-181,36,-122,0,-71.66
3189,20:28:54:680,3,Severe_Damage,L3_S3,-1768,1124,14850,-173,32,-118,0,-17.66
3190,20:28:54:690,3,Severe_Damage,L3_S3,-1708,1154,14814,-182,27,-125,0,-53.66
3191,20:28:54:700,3,Severe_Damage,L3_S3,-1724,1148,14884,-177,30,-120,0,16.34
3192,20:28:54:710,3,Severe_Damage,L3_S3,-1720,1142,14870,-174,27,-123,0,2.34
3193,20:28:54:720,3,Severe_Damage,L3_S3,-1722,1156,14936,-177,32,-122,0,68.34
3194,20:28:54:730,3,Severe_Damage,L3_S3,-1758,1126,14808,-182,28,-113,0,-59.66
3195,20:28:54:740,3,Severe_Damage,L3_S3,-1702,1080,14868,-185,32,-123,0,0.34
3196,20:28:54:750,3,Severe_Damage,L3_S3,-1762,1068,14858,-198,21,-119,0,-9.66
3197,20:28:54:760,3,Severe_Damage,L3_S3,-1722,1110,14908,-199,32,-120,0,40.34
3198,20:28:54:770,3,Severe_Damage,L3_S3,-1688,1154,14894,-200,18,-121,0,26.34
3199,20:28:54:780,3,Severe_Damage,L3_S3,-1706,1128,14908,-207,33,-118,0,40.34
3200,20:28:54:790,3,Severe_Damage,L3_S3,-1700,1116,14854,-212,29,-126,0,-13.66
3201,20:28:54:800,3,Severe_Damage,L3_S3,-1712,1098,14850,-212,27,-125,0,-17.66
3202,20:28:54:810,3,Severe_Damage,L3_S3,-1762,1098,14866,-206,35,-118,0,-1.66
3203,20:28:54:820,3,Severe_Damage,L3_S3,-1740,1106,14928,-205,37,-126,0,60.34
3204,20:28:54:830,3,Severe_Damage,L3_S3,-1756,1086,14830,-204,29,-119,0,-37.66
3205,20:28:54:840,3,Severe_Damage,L3_S3,-1726,1132,14876,-195,33,-128,0,8.34
3206,20:28:54:850,3,Severe_Damage,L3_S3,-1768,1108,14820,-192,22,-122,0,-47.66
3207,20:28:54:860,3,Severe_Damage,L3_S3,-1756,1108,14894,-188,29,-115,0,26.34
3208,20:28:54:870,3,Severe_Damage,L3_S3,-1726,1076,14840,-181,29,-121,0,-27.66
3209,20:28:54:880,3,Severe_Damage,L3_S3,-1740,1102,14854,-183,26,-122,0,-13.66
3210,20:28:54:890,3,Severe_Damage,L3_S3,-1730,1086,14868,-172,38,-122,0,0.34
3211,20:28:54:900,3,Severe_Damage,L3_S3,-1716,1100,14918,-184,22,-124,0,50.34
3212,20:28:54:910,3,Severe_Damage,L3_S3,-1726,1134,14854,-178,33,-121,0,-13.66
3213,20:28:54:920,3,Severe_Damage,L3_S3,-1738,1148,14844,-184,26,-125,0,-23.66
3214,20:28:54:930,3,Severe_Damage,L3_S3,-1728,1116,14872,-185,34,-123,0,4.34
3215,20:28:54:940,3,Severe_Damage,L3_S3,-1708,1084,14866,-193,27,-121,0,-1.66
3216,20:28:54:950,3,Severe_Damage,L3_S3,-1698,1104,14966,-187,25,-122,0,98.34
3217,20:28:54:960,3,Severe_Damage,L3_S3,-1714,1088,14910,-201,34,-120,0,42.34
3218,20:28:54:970,3,Severe_Damage,L3_S3,-1736,1112,14852,-198,26,-124,0,-15.66
3219,20:28:54:980,3,Severe_Damage,L3_S3,-1770,1100,14904,-208,29,-127,0,36.34
3220,20:28:54:990,3,Severe_Damage,L3_S3,-1706,1128,14920,-204,32,-123,0,52.34
3221,20:28:55:000,3,Severe_Damage,L3_S3,-1758,1110,14914,-206,28,-126,0,46.34
3222,20:28:55:010,3,Severe_Damage,L3_S3,-1744,1134,14876,-209,23,-120,0,8.34
3223,20:28:55:020,3,Severe_Damage,L3_S3,-1726,1114,14880,-206,22,-119,0,12.34
3224,20:28:55:030,3,Severe_Damage,L3_S3,-1740,1116,14798,-199,34,-121,0,-69.66
3225,20:28:55:040,3,Severe_Damage,L3_S3,-1746,1106,14792,-197,31,-122,0,-75.66
3226,20:28:55:050,3,Severe_Damage,L3_S3,-1680,1078,14908,-194,29,-126,0,40.34
3227,20:28:55:060,3,Severe_Damage,L3_S3,-1756,1098,14854,-187,23,-121,0,-13.66
3228,20:28:55:070,3,Severe_Damage,L3_S3,-1714,1108,14890,-187,30,-121,0,22.34
3229,20:28:55:080,3,Severe_Damage,L3_S3,-1678,1134,14862,-177,29,-120,0,-5.66
3230,20:28:55:090,3,Severe_Damage,L3_S3,-1758,1078,14864,-177,28,-122,0,-3.66
3231,20:28:55:100,3,Severe_Damage,L3_S3,-1742,1074,14974,-180,25,-117,0,106.34
3232,20:28:55:110,3,Severe_Damage,L3_S3,-1738,1076,14938,-185,23,-113,0,70.34
3233,20:28:55:120,3,Severe_Damage,L3_S3,-1716,1164,14894,-178,29,-123,0,26.34
3234,20:28:55:130,3,Severe_Damage,L3_S3,-1714,1114,14868,-185,35,-123,0,0.34
3235,20:28:55:140,3,Severe_Damage,L3_S3,-1796,1144,14834,-186,25,-125,0,-33.66
3236,20:28:55:150,3,Severe_Damage,L3_S3,-1730,1124,14838,-183,31,-123,0,-29.66
3237,20:28:55:160,3,Severe_Damage,L3_S3,-1786,1120,14748,-165,32,-122,0,-119.66
3238,20:28:55:171,3,Severe_Damage,L3_S3,-1674,1118,14810,-150,29,-120,0,-57.66
3239,20:28:55:180,3,Severe_Damage,L3_S3,-1722,1096,14876,-139,41,-118,0,8.34
3240,20:28:55:190,3,Severe_Damage,L3_S3,-1750,1122,14864,-141,15,-107,0,-3.66
3241,20:28:55:200,3,Severe_Damage,L3_S3,-1722,1114,14960,-148,37,-113,0,92.34
3242,20:28:55:210,3,Severe_Damage,L3_S3,-1748,1110,14942,-157,38,-115,0,74.34
3243,20:28:55:220,3,Severe_Damage,L3_S3,-1714,1132,14940,-166,36,-118,0,72.34
3244,20:28:55:230,3,Severe_Damage,L3_S3,-1710,1126,14792,-181,37,-118,0,-75.66
3245,20:28:55:240,3,Severe_Damage,L3_S3,-1706,1092,14890,-188,6,-124,0,22.34
3246,20:28:55:250,3,Severe_Damage,L3_S3,-1780,1104,14892,-174,51,-130,0,24.34
3247,20:28:55:260,3,Severe_Damage,L3_S3,-1748,1138,14914,-196,-1,-117,0,46.34
3248,20:28:55:271,3,Severe_Damage,L3_S3,-1688,1146,14884,-192,50,-122,0,16.34
3249,20:28:55:280,3,Severe_Damage,L3_S3,-1814,1088,14918,-218,22,-126,0,50.34
3250,20:28:55:290,3,Severe_Damage,L3_S3,-1704,1160,14850,-237,31,-128,0,-17.66
3251,20:28:55:301,3,Severe_Damage,L3_S3,-12986,-10360,-6052,-243,70,-124,1,-20919.66
3252,20:28:55:311,3,Severe_Damage,L3_S3,-10860,3878,7066,7606,-4751,1041,1,-7801.66
3253,20:28:55:321,3,Severe_Damage,L3_S3,-2594,14818,-7016,12899,4326,542,1,-21883.66
3254,20:28:55:330,3,Severe_Damage,L3_S3,-350,-11652,32767,6036,295,720,1,17899.34
3255,20:28:55:341,3,Severe_Damage,L3_S3,-7288,16282,9312,15991,1701,2773,1,-5555.66
3256,20:28:55:350,3,Severe_Damage,L3_S3,1972,-2410,32767,1492,-1310,13,1,17899.34
3257,20:28:55:360,3,Severe_Damage,L3_S3,-9434,6160,25882,5546,2034,1032,1,11014.34
3258,20:28:55:371,3,Severe_Damage,L3_S3,-394,4260,25646,-5188,-1703,-845,1,10778.34
3259,20:28:55:381,3,Severe_Damage,L3_S3,-3190,3192,26730,-5320,1242,-1056,1,11862.34
3260,20:28:55:391,3,Severe_Damage,L3_S3,-912,3546,21582,-11271,-1249,-1806,1,6714.34
3261,20:28:55:401,3,Severe_Damage,L3_S3,-3904,2128,18516,-13064,871,-2220,1,3648.34
3262,20:28:55:411,3,Severe_Damage,L3_S3,-1476,2862,14316,-14022,-1156,-2234,1,-551.66
3263,20:28:55:420,3,Severe_Damage,L3_S3,28,-692,12102,-15233,-335,-2475,0,-2765.66
3264,20:28:55:430,3,Severe_Damage,L3_S3,-2408,1864,5498,-12477,67,-2045,1,-9369.66
3265,20:28:55:441,3,Severe_Damage,L3_S3,1256,-2238,6844,-11581,-1216,-1796,1,-8023.66
3266,20:28:55:450,3,Severe_Damage,L3_S3,-310,114,1484,-6666,657,-1134,0,-13383.66
3267,20:28:55:460,3,Severe_Damage,L3_S3,-164,-2354,3190,-3989,-733,-602,1,-11677.66
3268,20:28:55:470,3,Severe_Damage,L3_S3,966,-634,2670,1461,383,35,1,-12197.66
3269,20:28:55:480,3,Severe_Damage,L3_S3,-840,-1088,4484,4799,51,693,1,-10383.66
3270,20:28:55:490,3,Severe_Damage,L3_S3,-290,-192,6974,8850,419,1206,1,-7893.66
3271,20:28:55:501,3,Severe_Damage,L3_S3,-808,942,10200,11538,225,1698,1,-4667.66
3272,20:28:55:511,3,Severe_Damage,L3_S3,-1896,1084,14214,12948,534,1954,1,-653.66
3273,20:28:55:520,3,Severe_Damage,L3_S3,-2372,2726,17164,13728,678,1986,1,2296.34
3274,20:28:55:531,3,Severe_Damage,L3_S3,-2308,2386,21616,12342,-109,1882,1,6748.34
3275,20:28:55:541,3,Severe_Damage,L3_S3,-3380,3774,23226,10825,855,1542,1,8358.34
3276,20:28:55:550,3,Severe_Damage,L3_S3,-3920,3164,26410,7184,133,1129,1,11542.34
3277,20:28:55:560,3,Severe_Damage,L3_S3,-3402,4136,26210,4013,-4,623,1,11342.34
3278,20:28:55:570,3,Severe_Damage,L3_S3,-3286,3568,26826,-535,318,-238,0,11958.34
3279,20:28:55:581,3,Severe_Damage,L3_S3,-3838,3580,24966,-4166,-144,-693,1,10098.34
3280,20:28:55:591,3,Severe_Damage,L3_S3,-2546,3234,22928,-7968,-150,-1363,1,8060.34
3281,20:28:55:601,3,Severe_Damage,L3_S3,-2784,2740,19956,-10758,-151,-1779,1,5088.34
3282,20:28:55:611,3,Severe_Damage,L3_S3,-2108,2092,16390,-12559,-590,-2003,0,1522.34
3283,20:28:55:621,3,Severe_Damage,L3_S3,-1122,1238,13130,-13260,-202,-2203,0,-1737.66
3284,20:28:55:631,3,Severe_Damage,L3_S3,-1410,628,9486,-12710,-577,-2000,0,-5381.66
3285,20:28:55:641,3,Severe_Damage,L3_S3,-114,-292,6978,-11051,-319,-1832,1,-7889.66
3286,20:28:55:651,3,Severe_Damage,L3_S3,-426,-718,4594,-8266,-265,-1347,1,-10273.66
3287,20:28:55:660,3,Severe_Damage,L3_S3,-26,-1212,3698,-4947,-214,-849,1,-11169.66
3288,20:28:55:670,3,Severe_Damage,L3_S3,188,-1110,3612,-1002,41,-269,0,-11255.66
3289,20:28:55:680,3,Severe_Damage,L3_S3,-476,-964,4498,2798,53,369,1,-10369.66
3290,20:28:55:690,3,Severe_Damage,L3_S3,-108,-396,6510,6464,349,856,1,-8357.66
3291,20:28:55:700,3,Severe_Damage,L3_S3,-1204,254,9076,9300,185,1386,0,-5791.66
3292,20:28:55:711,3,Severe_Damage,L3_S3,-1136,1022,12408,11337,520,1606,0,-2459.66
3293,20:28:55:721,3,Severe_Damage,L3_S3,-1956,1784,15720,12257,368,1814,0,852.34
3294,20:28:55:731,3,Severe_Damage,L3_S3,-2394,2350,19104,11959,375,1754,0,4236.34
3295,20:28:55:741,3,Severe_Damage,L3_S3,-2656,2968,21904,10620,477,1525,0,7036.34
3296,20:28:55:751,3,Severe_Damage,L3_S3,-3258,3218,24112,8202,137,1222,0,9244.34
3297,20:28:55:760,3,Severe_Damage,L3_S3,-3206,3530,25364,5116,365,664,0,10496.34
3298,20:28:55:771,3,Severe_Damage,L3_S3,-3436,3528,25668,1465,85,149,0,10800.34
3299,20:28:55:781,3,Severe_Damage,L3_S3,-3342,3404,24888,-2216,9,-437,0,10020.34
3300,20:28:55:791,3,Severe_Damage,L3_S3,-2834,3138,23370,-5691,33,-1013,0,8502.34
3301,20:28:55:801,3,Severe_Damage,L3_S3,-2896,2762,20684,-8655,-280,-1399,0,5816.34
3302,20:28:55:811,3,Severe_Damage,L3_S3,-2062,2200,17904,-10812,-229,-1799,0,3036.34
3303,20:28:55:821,3,Severe_Damage,L3_S3,-1762,1518,14628,-11891,-338,-1931,0,-239.66
3304,20:28:55:831,3,Severe_Damage,L3_S3,-1322,902,11476,-11953,-402,-1936,0,-3391.66
3305,20:28:55:841,3,Severe_Damage,L3_S3,-614,140,8706,-10889,-370,-1790,1,-6161.66
3306,20:28:55:851,3,Severe_Damage,L3_S3,-662,-350,6436,-8828,-332,-1428,1,-8431.66
3307,20:28:55:860,3,Severe_Damage,L3_S3,6,-802,5096,-6005,-178,-1037,1,-9771.66
3308,20:28:55:870,3,Severe_Damage,L3_S3,-374,-918,4488,-2658,-138,-476,1,-10379.66
3309,20:28:55:880,3,Severe_Damage,L3_S3,-96,-846,4992,899,92,29,0,-9875.66
3310,20:28:55:890,3,Severe_Damage,L3_S3,-482,-512,6382,4321,99,582,0,-8485.66
3311,20:28:55:900,3,Severe_Damage,L3_S3,-846,-6,8564,7273,294,1028,0,-6303.66
3312,20:28:55:910,3,Severe_Damage,L3_S3,-1096,670,11220,9514,307,1369,1,-3647.66
3313,20:28:55:921,3,Severe_Damage,L3_S3,-1792,1312,14132,10804,351,1591,0,-735.66
3314,20:28:55:931,3,Severe_Damage,L3_S3,-2000,1980,17272,11100,426,1604,1,2404.34
3315,20:28:55:941,3,Severe_Damage,L3_S3,-2620,2552,20036,10290,287,1522,0,5168.34
3316,20:28:55:951,3,Severe_Damage,L3_S3,-2776,2924,22358,8560,367,1218,0,7490.34
3317,20:28:55:960,3,Severe_Damage,L3_S3,-3066,3182,23978,5999,288,839,0,9110.34
3318,20:28:55:971,3,Severe_Damage,L3_S3,-3330,3336,24634,2913,134,378,0,9766.34
3319,20:28:55:980,3,Severe_Damage,L3_S3,-3090,3236,24452,-448,138,-180,0,9584.34
3320,20:28:55:991,3,Severe_Damage,L3_S3,-3142,3066,23310,-3744,-41,-663,0,8442.34
3321,20:28:56:001,3,Severe_Damage,L3_S3,-2734,2786,21308,-6648,-91,-1137,0,6440.34
3322,20:28:56:011,3,Severe_Damage,L3_S3,-2338,2268,18900,-9003,-179,-1504,0,4032.34
3323,20:28:56:021,3,Severe_Damage,L3_S3,-2074,1780,16040,-10425,-338,-1699,0,1172.34
3324,20:28:56:031,3,Severe_Damage,L3_S3,-1384,1132,13204,-10956,-282,-1813,0,-1663.66
3325,20:28:56:041,3,Severe_Damage,L3_S3,-1214,532,10360,-10439,-408,-1685,0,-4507.66
3326,20:28:56:051,3,Severe_Damage,L3_S3,-568,-70,8142,-9010,-293,-1492,0,-6725.66
3327,20:28:56:061,3,Severe_Damage,L3_S3,-452,-454,6460,-6713,-219,-1130,1,-8407.66
3328,20:28:56:071,3,Severe_Damage,L3_S3,-350,-770,5664,-3904,-164,-699,0,-9203.66
3329,20:28:56:080,3,Severe_Damage,L3_S3,-212,-734,5548,-704,4,-212,0,-9319.66
3330,20:28:56:090,3,Severe_Damage,L3_S3,-542,-558,6426,2456,51,300,1,-8441.66
3331,20:28:56:101,3,Severe_Damage,L3_S3,-528,-164,8082,5389,218,721,0,-6785.66
3332,20:28:56:110,3,Severe_Damage,L3_S3,-1134,422,10328,7747,243,1116,1,-4539.66
3333,20:28:56:120,3,Severe_Damage,L3_S3,-1342,962,13028,9330,316,1340,0,-1839.66
3334,20:28:56:131,3,Severe_Damage,L3_S3,-1888,1580,15796,10030,357,1455,0,928.34
3335,20:28:56:141,3,Severe_Damage,L3_S3,-2302,2172,18518,9748,333,1422,0,3650.34
3336,20:28:56:151,3,Severe_Damage,L3_S3,-2568,2562,20814,8582,366,1226,0,5946.34
3337,20:28:56:160,3,Severe_Damage,L3_S3,-2956,2840,22492,6569,238,936,0,7624.34
3338,20:28:56:170,3,Severe_Damage,L3_S3,-3022,3024,23570,3980,219,514,0,8702.34
3339,20:28:56:180,3,Severe_Damage,L3_S3,-3080,3086,23702,1004,114,64,1,8834.34
3340,20:28:56:191,3,Severe_Damage,L3_S3,-3056,2928,23114,-2044,19,-405,0,8246.34
3341,20:28:56:201,3,Severe_Damage,L3_S3,-2744,2742,21642,-4869,-1,-862,0,6774.34
3342,20:28:56:211,3,Severe_Damage,L3_S3,-2554,2426,19484,-7234,-163,-1207,0,4616.34
3343,20:28:56:221,3,Severe_Damage,L3_S3,-2126,1866,17272,-9011,-229,-1500,0,2404.34
3344,20:28:56:231,3,Severe_Damage,L3_S3,-1642,1400,14524,-9798,-301,-1607,1,-343.66
3345,20:28:56:241,3,Severe_Damage,L3_S3,-1348,728,11962,-9815,-304,-1612,0,-2905.66
3346,20:28:56:251,3,Severe_Damage,L3_S3,-930,292,9672,-8853,-303,-1470,0,-5195.66
3347,20:28:56:261,3,Severe_Damage,L3_S3,-686,-268,7890,-7158,-265,-1188,0,-6977.66
3348,20:28:56:271,3,Severe_Damage,L3_S3,-520,-492,6712,-4761,-113,-831,0,-8155.66
3349,20:28:56:281,3,Severe_Damage,L3_S3,-468,-612,6322,-2025,-116,-397,0,-8545.66
3350,20:28:56:290,3,Severe_Damage,L3_S3,-474,-508,6782,897,76,32,0,-8085.66
3351,20:28:56:300,3,Severe_Damage,L3_S3,-670,-246,7928,3664,118,475,0,-6939.66
3352,20:28:56:310,3,Severe_Damage,L3_S3,-920,198,9758,6084,205,841,1,-5109.66
3353,20:28:56:321,3,Severe_Damage,L3_S3,-1378,740,12024,7872,319,1119,0,-2843.66
3354,20:28:56:331,3,Severe_Damage,L3_S3,-1662,1290,14498,8868,264,1290,0,-369.66
3355,20:28:56:341,3,Severe_Damage,L3_S3,-2028,1802,17054,9032,398,1295,0,2186.34
3356,20:28:56:351,3,Severe_Damage,L3_S3,-2416,2244,19320,8335,258,1208,0,4452.34
3357,20:28:56:361,3,Severe_Damage,L3_S3,-2692,2620,21136,6850,273,961,0,6268.34
3358,20:28:56:371,3,Severe_Damage,L3_S3,-2874,2812,22412,4708,220,637,0,7544.34
3359,20:28:56:381,3,Severe_Damage,L3_S3,-3020,2858,22962,2137,115,244,0,8094.34
3360,20:28:56:391,3,Severe_Damage,L3_S3,-2852,2900,22646,-604,98,-195,0,7778.34
3361,20:28:56:401,3,Severe_Damage,L3_S3,-2808,2654,21692,-3313,-57,-598,0,6824.34
3362,20:28:56:411,3,Severe_Damage,L3_S3,-2538,2400,20106,-5647,-91,-980,0,5238.34
3363,20:28:56:421,3,Severe_Damage,L3_S3,-2202,2028,17940,-7508,-145,-1264,0,3072.34
3364,20:28:56:431,3,Severe_Damage,L3_S3,-1920,1498,15716,-8705,-281,-1437,0,848.34
3365,20:28:56:441,3,Severe_Damage,L3_S3,-1478,1044,13210,-8963,-221,-1484,0,-1657.66
3366,20:28:56:451,3,Severe_Damage,L3_S3,-1148,480,11100,-8544,-294,-1407,0,-3767.66
3367,20:28:56:461,3,Severe_Damage,L3_S3,-894,104,9268,-7260,-247,-1214,1,-5599.66
3368,20:28:56:471,3,Severe_Damage,L3_S3,-608,-296,7982,-5379,-177,-923,0,-6885.66
3369,20:28:56:481,3,Severe_Damage,L3_S3,-620,-408,7220,-2994,-73,-552,0,-7647.66
3370,20:28:56:490,3,Severe_Damage,L3_S3,-510,-452,7308,-400,2,-161,0,-7559.66
3371,20:28:56:500,3,Severe_Damage,L3_S3,-736,-204,8056,2202,89,255,0,-6811.66
3372,20:28:56:510,3,Severe_Damage,L3_S3,-870,56,9554,4548,185,605,1,-5313.66
3373,20:28:56:521,3,Severe_Damage,L3_S3,-1230,566,11308,6484,248,913,0,-3559.66
3374,20:28:56:531,3,Severe_Damage,L3_S3,-1540,1018,13548,7680,276,1093,0,-1319.66
3375,20:28:56:541,3,Severe_Damage,L3_S3,-1856,1514,15838,8199,301,1173,0,970.34
3376,20:28:56:551,3,Severe_Damage,L3_S3,-2202,1964,17966,7900,284,1133,0,3098.34
3377,20:28:56:561,3,Severe_Damage,L3_S3,-2484,2306,19854,6877,264,970,0,4986.34
3378,20:28:56:571,3,Severe_Damage,L3_S3,-2710,2518,21304,5153,194,712,0,6436.34
3379,20:28:56:581,3,Severe_Damage,L3_S3,-2860,2720,22054,3016,167,370,0,7186.34
3380,20:28:56:591,3,Severe_Damage,L3_S3,-2840,2666,22114,539,57,-10,0,7246.34
3381,20:28:56:601,3,Severe_Damage,L3_S3,-2786,2616,21604,-1949,-12,-390,0,6736.34
3382,20:28:56:611,3,Severe_Damage,L3_S3,-2500,2424,20322,-4229,-67,-750,0,5454.34
3383,20:28:56:621,3,Severe_Damage,L3_S3,-2292,2072,18560,-6140,-123,-1044,0,3692.34
3384,20:28:56:631,3,Severe_Damage,L3_S3,-2014,1698,16592,-7504,-195,-1257,0,1724.34
3385,20:28:56:641,3,Severe_Damage,L3_S3,-1630,1176,14432,-8149,-250,-1352,0,-435.66
3386,20:28:56:651,3,Severe_Damage,L3_S3,-1380,718,12316,-8003,-213,-1340,0,-2551.66
3387,20:28:56:661,3,Severe_Damage,L3_S3,-1038,360,10446,-7191,-246,-1208,0,-4421.66
3388,20:28:56:671,3,Severe_Damage,L3_S3,-858,-44,9002,-5714,-176,-973,0,-5865.66
3389,20:28:56:681,3,Severe_Damage,L3_S3,-706,-212,8110,-3722,-74,-671,0,-6757.66
3390,20:28:56:691,3,Severe_Damage,L3_S3,-696,-356,7988,-1428,-33,-312,0,-6879.66
3391,20:28:56:700,3,Severe_Damage,L3_S3,-740,-264,8358,960,72,45,0,-6509.66
3392,20:28:56:710,3,Severe_Damage,L3_S3,-900,-24,9386,3200,130,400,0,-5481.66
3393,20:28:56:721,3,Severe_Damage,L3_S3,-1116,362,10848,5138,193,700,0,-4019.66
3394,20:28:56:731,3,Severe_Damage,L3_S3,-1426,860,12738,6565,280,918,0,-2129.66
3395,20:28:56:741,3,Severe_Damage,L3_S3,-1694,1286,14858,7277,235,1033,0,-9.66
3396,20:28:56:751,3,Severe_Damage,L3_S3,-2132,1762,16820,7346,299,1042,0,1952.34
3397,20:28:56:761,3,Severe_Damage,L3_S3,-2296,2026,18710,6693,249,944,0,3842.34
3398,20:28:56:771,3,Severe_Damage,L3_S3,-2562,2382,20162,5416,199,749,0,5294.34
3399,20:28:56:781,3,Severe_Damage,L3_S3,-2696,2472,21150,3597,166,459,0,6282.34
3400,20:28:56:791,3,Severe_Damage,L3_S3,-2760,2540,21440,1474,61,138,0,6572.34
3401,20:28:56:801,3,Severe_Damage,L3_S3,-2682,2462,21294,-814,43,-229,0,6426.34
3402,20:28:56:811,3,Severe_Damage,L3_S3,-2560,2342,20346,-2989,-43,-561,0,5478.34
3403,20:28:56:821,3,Severe_Damage,L3_S3,-2382,2140,18922,-4892,-89,-851,0,4054.34
3404,20:28:56:831,3,Severe_Damage,L3_S3,-2092,1788,17184,-6342,-139,-1081,0,2316.34
3405,20:28:56:841,3,Severe_Damage,L3_S3,-1858,1334,15290,-7258,-225,-1214,0,422.34
3406,20:28:56:851,3,Severe_Damage,L3_S3,-1462,982,13270,-7376,-188,-1241,0,-1597.66
3407,20:28:56:861,3,Severe_Damage,L3_S3,-1248,514,11544,-6939,-204,-1166,0,-3323.66
3408,20:28:56:871,3,Severe_Damage,L3_S3,-996,230,10006,-5816,-159,-992,0,-4861.66
3409,20:28:56:881,3,Severe_Damage,L3_S3,-792,-54,9046,-4225,-121,-748,0,-5821.66
3410,20:28:56:891,3,Severe_Damage,L3_S3,-800,-194,8584,-2211,-23,-434,0,-6283.66
3411,20:28:56:900,3,Severe_Damage,L3_S3,-786,-160,8736,-74,19,-111,0,-6131.66
3412,20:28:56:910,3,Severe_Damage,L3_S3,-882,16,9356,2042,95,225,0,-5511.66
3413,20:28:56:921,3,Severe_Damage,L3_S3,-1152,276,10622,3938,169,511,0,-4245.66
3414,20:28:56:931,3,Severe_Damage,L3_S3,-1280,612,12196,5436,189,739,0,-2671.66
3415,20:28:56:941,3,Severe_Damage,L3_S3,-1676,1154,13928,6409,284,898,0,-939.66
3416,20:28:56:951,3,Severe_Damage,L3_S3,-1874,1426,15916,6668,199,943,0,1048.34
3417,20:28:56:961,3,Severe_Damage,L3_S3,-2276,1848,17680,6375,275,897,0,2812.34
3418,20:28:56:971,3,Severe_Damage,L3_S3,-2376,2128,19172,5441,189,749,0,4304.34
3419,20:28:56:981,3,Severe_Damage,L3_S3,-2586,2256,20190,3995,151,530,0,5322.34
3420,20:28:56:991,3,Severe_Damage,L3_S3,-2672,2410,20840,2141,107,238,0,5972.34
3421,20:28:57:001,3,Severe_Damage,L3_S3,-2632,2438,20852,126,52,-76,0,5984.34
3422,20:28:57:011,3,Severe_Damage,L3_S3,-2556,2284,20232,-1915,-18,-392,0,5364.34
3423,20:28:57:021,3,Severe_Damage,L3_S3,-2400,2102,19220,-3761,-64,-671,0,4352.34
3424,20:28:57:031,3,Severe_Damage,L3_S3,-2168,1828,17648,-5268,-114,-906,0,2780.34
3425,20:28:57:041,3,Severe_Damage,L3_S3,-1894,1532,15962,-6303,-156,-1075,0,1094.34
3426,20:28:57:051,3,Severe_Damage,L3_S3,-1648,1066,14314,-6767,-190,-1142,0,-553.66
3427,20:28:57:061,3,Severe_Damage,L3_S3,-1374,760,12506,-6517,-168,-1101,0,-2361.66
3428,20:28:57:071,3,Severe_Damage,L3_S3,-1098,418,11008,-5783,-172,-995,0,-3859.66
3429,20:28:57:081,3,Severe_Damage,L3_S3,-1006,168,9902,-4491,-141,-776,0,-4965.66
3430,20:28:57:091,3,Severe_Damage,L3_S3,-886,-4,9252,-2818,-55,-527,0,-5615.66
3431,20:28:57:101,3,Severe_Damage,L3_S3,-910,-46,9232,-893,4,-229,0,-5635.66
3432,20:28:57:110,3,Severe_Damage,L3_S3,-944,74,9652,1057,73,67,0,-5215.66
3433,20:28:57:121,3,Severe_Damage,L3_S3,-1088,262,10474,2863,125,349,0,-4393.66
3434,20:28:57:131,3,Severe_Damage,L3_S3,-1232,574,11812,4394,170,587,1,-3055.66
3435,20:28:57:141,3,Severe_Damage,L3_S3,-1532,962,13404,5491,232,751,0,-1463.66
3436,20:28:57:151,3,Severe_Damage,L3_S3,-1788,1296,15178,5971,187,831,0,310.34
3437,20:28:57:161,3,Severe_Damage,L3_S3,-1988,1676,16776,5943,232,818,0,1908.34
3438,20:28:57:171,3,Severe_Damage,L3_S3,-2274,1920,18236,5305,215,733,0,3368.34
3439,20:28:57:181,3,Severe_Damage,L3_S3,-2426,2158,19362,4193,153,557,0,4494.34
3440,20:28:57:191,3,Severe_Damage,L3_S3,-2534,2254,20130,2627,126,310,0,5262.34
3441,20:28:57:201,3,Severe_Damage,L3_S3,-2604,2346,20280,856,45,43,0,5412.34
3442,20:28:57:211,3,Severe_Damage,L3_S3,-2510,2206,19958,-1016,21,-254,0,5090.34
3443,20:28:57:221,3,Severe_Damage,L3_S3,-2428,2126,19174,-2770,-56,-521,0,4306.34
3444,20:28:57:231,3,Severe_Damage,L3_S3,-2244,1800,17972,-4276,-69,-762,0,3104.34
3445,20:28:57:241,3,Severe_Damage,L3_S3,-1956,1598,16418,-5384,-109,-927,0,1550.34
3446,20:28:57:251,3,Severe_Damage,L3_S3,-1736,1216,14998,-6054,-157,-1024,0,130.34
3447,20:28:57:261,3,Severe_Damage,L3_S3,-1446,930,13316,-6061,-164,-1034,0,-1551.66
3448,20:28:57:271,3,Severe_Damage,L3_S3,-1282,598,11910,-5586,-132,-952,0,-2957.66
3449,20:28:57:281,3,Severe_Damage,L3_S3,-1060,318,10762,-4592,-132,-808,0,-4105.66
3450,20:28:57:291,3,Severe_Damage,L3_S3,-944,84,10032,-3226,-76,-595,0,-4835.66
3451,20:28:57:301,3,Severe_Damage,L3_S3,-934,100,9664,-1525,-1,-331,0,-5203.66
3452,20:28:57:310,3,Severe_Damage,L3_S3,-930,104,9906,221,27,-66,0,-4961.66
3453,20:28:57:321,3,Severe_Damage,L3_S3,-1112,258,10524,1953,106,205,0,-4343.66
3454,20:28:57:331,3,Severe_Damage,L3_S3,-1250,454,11678,3433,141,438,0,-3189.66
3455,20:28:57:341,3,Severe_Damage,L3_S3,-1410,796,12938,4619,182,619,0,-1929.66
3456,20:28:57:351,3,Severe_Damage,L3_S3,-1688,1110,14496,5254,198,718,0,-371.66
3457,20:28:57:361,3,Severe_Damage,L3_S3,-1918,1410,16050,5442,200,750,0,1182.34
3458,20:28:57:371,3,Severe_Damage,L3_S3,-2156,1716,17412,5064,198,696,0,2544.34
3459,20:28:57:381,3,Severe_Damage,L3_S3,-2342,1948,18522,4220,167,566,0,3654.34
3460,20:28:57:391,3,Severe_Damage,L3_S3,-2406,2108,19392,2954,113,367,0,4524.34
3461,20:28:57:401,3,Severe_Damage,L3_S3,-2450,2196,19734,1399,87,125,0,4866.34
3462,20:28:57:411,3,Severe_Damage,L3_S3,-2524,2130,19602,-264,38,-132,0,4734.34
3463,20:28:57:421,3,Severe_Damage,L3_S3,-2344,2020,19164,-1926,-27,-390,0,4296.34
3464,20:28:57:431,3,Severe_Damage,L3_S3,-2252,1860,18190,-3371,-51,-616,0,3322.34
3465,20:28:57:441,3,Severe_Damage,L3_S3,-2080,1656,16998,-4550,-85,-804,0,2130.34
3466,20:28:57:451,3,Severe_Damage,L3_S3,-1812,1458,15460,-5275,-122,-904,0,592.34
3467,20:28:57:461,3,Severe_Damage,L3_S3,-1588,994,14126,-5594,-156,-958,0,-741.66
3468,20:28:57:471,3,Severe_Damage,L3_S3,-1414,754,12628,-5246,-102,-909,0,-2239.66
3469,20:28:57:481,3,Severe_Damage,L3_S3,-1206,434,11492,-4591,-131,-803,0,-3375.66
3470,20:28:57:491,3,Severe_Damage,L3_S3,-1114,248,10658,-3425,-78,-622,0,-4209.66
3471,20:28:57:501,3,Severe_Damage,L3_S3,-1054,154,10246,-2025,-16,-414,0,-4621.66
3472,20:28:57:511,3,Severe_Damage,L3_S3,-1040,194,10302,-416,18,-162,0,-4565.66
3473,20:28:57:521,3,Severe_Damage,L3_S3,-1078,288,10680,1152,87,79,0,-4187.66
3474,20:28:57:531,3,Severe_Damage,L3_S3,-1218,454,11540,2590,113,303,0,-3327.66
3475,20:28:57:541,3,Severe_Damage,L3_S3,-1420,742,12648,3767,147,487,0,-2219.66
3476,20:28:57:551,3,Severe_Damage,L3_S3,-1612,1040,13948,4579,194,612,0,-919.66
3477,20:28:57:561,3,Severe_Damage,L3_S3,-1840,1250,15422,4871,161,663,0,554.34
3478,20:28:57:571,3,Severe_Damage,L3_S3,-1990,1558,16684,4742,177,645,0,1816.34
3479,20:28:57:581,3,Severe_Damage,L3_S3,-2226,1800,17848,4124,175,553,0,2980.34
3480,20:28:57:591,3,Severe_Damage,L3_S3,-2336,2002,18692,3127,116,390,0,3824.34
3481,20:28:57:601,3,Severe_Damage,L3_S3,-2406,2042,19306,1786,85,181,0,4438.34
3482,20:28:57:611,3,Severe_Damage,L3_S3,-2380,2136,19222,330,45,-43,0,4354.34
3483,20:28:57:621,3,Severe_Damage,L3_S3,-2390,2006,18996,-1215,1,-279,0,4128.34
3484,20:28:57:631,3,Severe_Damage,L3_S3,-2222,1848,18216,-2595,-34,-487,0,3348.34
3485,20:28:57:641,3,Severe_Damage,L3_S3,-2120,1674,17106,-3768,-67,-680,0,2238.34
3486,20:28:57:651,3,Severe_Damage,L3_S3,-1884,1442,15924,-4582,-96,-803,0,1056.34
3487,20:28:57:661,3,Severe_Damage,L3_S3,-1714,1134,14620,-5008,-99,-867,0,-247.66
3488,20:28:57:671,3,Severe_Damage,L3_S3,-1466,824,13424,-4956,-148,-862,0,-1443.66
3489,20:28:57:681,3,Severe_Damage,L3_S3,-1350,626,12150,-4407,-63,-766,0,-2717.66
3490,20:28:57:691,3,Severe_Damage,L3_S3,-1164,418,11356,-3544,-120,-629,0,-3511.66
3491,20:28:57:701,3,Severe_Damage,L3_S3,-1106,258,10816,-2338,-39,-455,0,-4051.66
3492,20:28:57:711,3,Severe_Damage,L3_S3,-1106,270,10634,-931,20,-240,0,-4233.66
3493,20:28:57:721,3,Severe_Damage,L3_S3,-1154,318,10910,505,31,-14,0,-3957.66
3494,20:28:57:731,3,Severe_Damage,L3_S3,-1222,458,11480,1873,108,198,0,-3387.66
3495,20:28:57:741,3,Severe_Damage,L3_S3,-1368,604,12476,3029,116,380,0,-2391.66
3496,20:28:57:751,3,Severe_Damage,L3_S3,-1508,862,13566,3874,150,507,0,-1301.66
3497,20:28:57:761,3,Severe_Damage,L3_S3,-1758,1232,14846,4356,193,585,0,-21.66
3498,20:28:57:771,3,Severe_Damage,L3_S3,-1944,1430,16190,4334,146,580,0,1322.34
3499,20:28:57:781,3,Severe_Damage,L3_S3,-2094,1626,17234,3960,152,516,0,2366.34
3500,20:28:57:791,3,Severe_Damage,L3_S3,-2212,1782,18134,3149,137,388,0,3266.34
3501,20:28:57:801,3,Severe_Damage,L3_S3,-2318,1942,18624,2084,79,231,0,3756.34
3502,20:28:57:811,3,Severe_Damage,L3_S3,-2336,1934,18924,741,64,14,0,4056.34
3503,20:28:57:821,3,Severe_Damage,L3_S3,-2328,1990,18638,-591,8,-178,0,3770.34
3504,20:28:57:831,3,Severe_Damage,L3_S3,-2182,1790,18196,-1948,-29,-393,0,3328.34
3505,20:28:57:841,3,Severe_Damage,L3_S3,-2104,1732,17276,-3050,-37,-564,0,2408.34
3506,20:28:57:851,3,Severe_Damage,L3_S3,-1958,1474,16228,-3939,-72,-705,0,1360.34
3507,20:28:57:861,3,Severe_Damage,L3_S3,-1748,1234,15056,-4417,-79,-781,0,188.34
3508,20:28:57:871,3,Severe_Damage,L3_S3,-1594,910,13926,-4579,-135,-795,0,-941.66
3509,20:28:57:881,3,Severe_Damage,L3_S3,-1414,778,12704,-4177,-60,-744,0,-2163.66
3510,20:28:57:891,3,Severe_Damage,L3_S3,-1212,506,11870,-3547,-83,-641,0,-2997.66
3511,20:28:57:901,3,Severe_Damage,L3_S3,-1200,450,11334,-2523,-67,-479,0,-3533.66
3512,20:28:57:911,3,Severe_Damage,L3_S3,-1178,348,11100,-1344,12,-305,0,-3767.66
3513,20:28:57:921,3,Severe_Damage,L3_S3,-1202,404,11088,-5,40,-87,0,-3779.66
3514,20:28:57:931,3,Severe_Damage,L3_S3,-1220,440,11660,1238,75,96,0,-3207.66
3515,20:28:57:941,3,Severe_Damage,L3_S3,-1408,612,12460,2379,115,273,0,-2407.66
3516,20:28:57:951,3,Severe_Damage,L3_S3,-1498,810,13462,3241,111,413,0,-1405.66
3517,20:28:57:961,3,Severe_Damage,L3_S3,-1642,1024,14518,3773,154,498,0,-349.66
3518,20:28:57:971,3,Severe_Damage,L3_S3,-1856,1300,15620,3965,166,531,0,752.34
3519,20:28:57:981,3,Severe_Damage,L3_S3,-2028,1484,16690,3702,148,481,0,1822.34
3520,20:28:57:991,3,Severe_Damage,L3_S3,-2132,1734,17546,3114,103,392,0,2678.34
3521,20:28:58:001,3,Severe_Damage,L3_S3,-2230,1766,18226,2193,123,245,0,3358.34
3522,20:28:58:011,3,Severe_Damage,L3_S3,-2318,1942,18408,1120,71,80,0,3540.34
3523,20:28:58:021,3,Severe_Damage,L3_S3,-2230,1800,18482,-172,5,-120,0,3614.34
3524,20:28:58:031,3,Severe_Damage,L3_S3,-2326,1846,18008,-1335,27,-308,0,3140.34
3525,20:28:58:041,3,Severe_Damage,L3_S3,-2090,1658,17380,-2469,-69,-473,0,2512.34
3526,20:28:58:051,3,Severe_Damage,L3_S3,-2014,1494,16438,-3305,-38,-609,0,1570.34
3527,20:28:58:061,3,Severe_Damage,L3_S3,-1810,1230,15390,-3901,-65,-698,0,522.34
3528,20:28:58:072,3,Severe_Damage,L3_S3,-1624,1100,14286,-4120,-108,-738,0,-581.66
3529,20:28:58:081,3,Severe_Damage,L3_S3,-1484,844,13348,-3968,-94,-708,0,-1519.66
3530,20:28:58:091,3,Severe_Damage,L3_S3,-1372,618,12440,-3428,-49,-625,0,-2427.66
3531,20:28:58:101,3,Severe_Damage,L3_S3,-1280,512,11750,-2631,-76,-499,0,-3117.66
3532,20:28:58:111,3,Severe_Damage,L3_S3,-1194,388,11512,-1610,-9,-342,0,-3355.66
3533,20:28:58:121,3,Severe_Damage,L3_S3,-1224,444,11478,-422,24,-155,0,-3389.66
3534,20:28:58:131,3,Severe_Damage,L3_S3,-1276,444,11800,722,49,17,0,-3067.66
3535,20:28:58:141,3,Severe_Damage,L3_S3,-1366,608,12376,1808,95,184,0,-2491.66
3536,20:28:58:151,3,Severe_Damage,L3_S3,-1446,782,13160,2654,97,319,0,-1707.66
3537,20:28:58:161,3,Severe_Damage,L3_S3,-1652,1020,14200,3263,139,411,0,-667.66
3538,20:28:58:171,3,Severe_Damage,L3_S3,-1764,1222,15200,3509,131,451,0,332.34
3539,20:28:58:181,3,Severe_Damage,L3_S3,-2000,1460,16044,3474,161,445,0,1176.34
3540,20:28:58:191,3,Severe_Damage,L3_S3,-2000,1510,17038,2960,77,372,0,2170.34
3541,20:28:58:201,3,Severe_Damage,L3_S3,-2224,1754,17666,2286,136,260,0,2798.34
3542,20:28:58:211,3,Severe_Damage,L3_S3,-2152,1806,18154,1300,60,103,0,3286.34
3543,20:28:58:221,3,Severe_Damage,L3_S3,-2278,1816,18154,243,51,-50,0,3286.34
3544,20:28:58:231,3,Severe_Damage,L3_S3,-2158,1740,17940,-902,1,-231,0,3072.34
3545,20:28:58:241,3,Severe_Damage,L3_S3,-2110,1668,17354,-1912,-15,-386,0,2486.34
3546,20:28:58:252,3,Severe_Damage,L3_S3,-1986,1494,16566,-2789,-38,-528,0,1698.34
3547,20:28:58:261,3,Severe_Damage,L3_S3,-1712,1134,14710,-3697,-54,-658,0,-157.66
3548,20:28:58:271,3,Severe_Damage,L3_S3,-1540,954,13726,-3673,-97,-662,0,-1141.66
3549,20:28:58:281,3,Severe_Damage,L3_S3,-1444,714,12976,-3331,-93,-610,0,-1891.66
3550,20:28:58:291,3,Severe_Damage,L3_S3,-1372,624,12270,-2628,3,-505,0,-2597.66
3551,20:28:58:301,3,Severe_Damage,L3_S3,-1244,490,11856,-1783,-73,-371,0,-3011.66
3552,20:28:58:311,3,Severe_Damage,L3_S3,-1244,440,11838,-771,37,-221,0,-3029.66
3553,20:28:58:321,3,Severe_Damage,L3_S3,-1288,542,11858,312,41,-51,0,-3009.66
3554,20:28:58:331,3,Severe_Damage,L3_S3,-1372,564,12456,1297,63,102,0,-2411.66
3555,20:28:58:341,3,Severe_Damage,L3_S3,-1460,770,13064,2158,104,242,0,-1803.66
3556,20:28:58:351,3,Severe_Damage,L3_S3,-1582,930,13998,2762,94,330,0,-869.66
3557,20:28:58:361,3,Severe_Damage,L3_S3,-1732,1168,14894,3116,135,385,0,26.34
3558,20:28:58:371,3,Severe_Damage,L3_S3,-1854,1310,15856,3136,131,394,0,988.34
3559,20:28:58:381,3,Severe_Damage,L3_S3,-1966,1524,16518,2875,129,351,0,1650.34
3560,20:28:58:391,3,Severe_Damage,L3_S3,-2092,1616,17320,2234,55,264,0,2452.34
3561,20:28:58:401,3,Severe_Damage,L3_S3,-2226,1660,17700,1462,105,134,0,2832.34
3562,20:28:58:411,3,Severe_Damage,L3_S3,-2180,1776,17762,508,30,-12,0,2894.34
3563,20:28:58:421,3,Severe_Damage,L3_S3,-2214,1672,17632,-506,31,-172,0,2764.34
3564,20:28:58:431,3,Severe_Damage,L3_S3,-2106,1638,17276,-1468,-4,-322,0,2408.34
3565,20:28:58:441,3,Severe_Damage,L3_S3,-1980,1484,16638,-2310,-42,-448,0,1770.34
3566,20:28:58:451,3,Severe_Damage,L3_S3,-1892,1406,15820,-2922,-32,-543,0,952.34
3567,20:28:58:461,3,Severe_Damage,L3_S3,-1744,1128,15080,-3296,-53,-609,0,212.34
3568,20:28:58:471,3,Severe_Damage,L3_S3,-1610,986,14112,-3346,-72,-611,0,-755.66
3569,20:28:58:481,3,Severe_Damage,L3_S3,-1506,822,13272,-3142,-62,-580,0,-1595.66
3570,20:28:58:491,3,Severe_Damage,L3_S3,-1344,700,12724,-2632,-59,-502,0,-2143.66
3571,20:28:58:501,3,Severe_Damage,L3_S3,-1384,590,12282,-1858,19,-387,0,-2585.66
3572,20:28:58:511,3,Severe_Damage,L3_S3,-1298,546,12034,-999,-28,-246,0,-2833.66
3573,20:28:58:521,3,Severe_Damage,L3_S3,-1330,536,12176,-44,54,-103,0,-2691.66
3574,20:28:58:531,3,Severe_Damage,L3_S3,-1406,610,12488,882,56,48,0,-2379.66
3575,20:28:58:541,3,Severe_Damage,L3_S3,-1396,730,13008,1710,83,174,0,-1859.66
3576,20:28:58:551,3,Severe_Damage,L3_S3,-1582,878,13824,2332,96,263,0,-1043.66
3577,20:28:58:562,3,Severe_Damage,L3_S3,-1692,1062,14568,2722,107,330,0,-299.66
3578,20:28:58:571,3,Severe_Damage,L3_S3,-1808,1300,15450,2823,113,347,0,582.34
3579,20:28:58:581,3,Severe_Damage,L3_S3,-1936,1378,16246,2645,127,316,0,1378.34
3580,20:28:58:591,3,Severe_Damage,L3_S3,-2066,1552,16814,2224,112,253,0,1946.34
3581,20:28:58:601,3,Severe_Damage,L3_S3,-2058,1592,17266,1494,38,139,0,2398.34
3582,20:28:58:611,3,Severe_Damage,L3_S3,-2154,1660,17582,706,79,18,0,2714.34
3583,20:28:58:621,3,Severe_Damage,L3_S3,-2132,1684,17460,-201,16,-126,0,2592.34
3584,20:28:58:632,3,Severe_Damage,L3_S3,-2118,1598,17116,-1092,-6,-255,0,2248.34
3585,20:28:58:641,3,Severe_Damage,L3_S3,-2018,1496,16660,-1882,-7,-387,0,1792.34
3586,20:28:58:652,3,Severe_Damage,L3_S3,-1914,1410,16018,-2515,-45,-479,0,1150.34
3587,20:28:58:662,3,Severe_Damage,L3_S3,-1800,1256,15200,-2916,-21,-537,0,332.34
3588,20:28:58:672,3,Severe_Damage,L3_S3,-1664,1018,14434,-3050,-62,-561,0,-433.66
3589,20:28:58:681,3,Severe_Damage,L3_S3,-1556,880,13648,-2916,-34,-550,0,-1219.66
3590,20:28:58:691,3,Severe_Damage,L3_S3,-1406,782,12982,-2517,-37,-483,0,-1885.66
3591,20:28:58:702,3,Severe_Damage,L3_S3,-1340,576,12666,-1972,-62,-391,0,-2201.66
3592,20:28:58:711,3,Severe_Damage,L3_S3,-1468,652,12334,-1104,52,-263,0,-2533.66
3593,20:28:58:721,3,Severe_Damage,L3_S3,-1322,552,12394,-333,-11,-145,0,-2473.66
3594,20:28:58:731,3,Severe_Damage,L3_S3,-1418,672,12564,574,73,-3,0,-2303.66
3595,20:28:58:741,3,Severe_Damage,L3_S3,-1412,714,13112,1298,79,97,0,-1755.66
3596,20:28:58:751,3,Severe_Damage,L3_S3,-1544,894,13678,1948,63,210,0,-1189.66
3597,20:28:58:762,3,Severe_Damage,L3_S3,-1672,1040,14486,2334,132,257,0,-381.66
3598,20:28:58:772,3,Severe_Damage,L3_S3,-1746,1180,15174,2524,85,293,0,306.34
3599,20:28:58:781,3,Severe_Damage,L3_S3,-1912,1382,16014,2413,112,278,0,1146.34
3600,20:28:58:791,3,Severe_Damage,L3_S3,-1996,1464,16474,2124,121,230,0,1606.34
3601,20:28:58:801,3,Severe_Damage,L3_S3,-2050,1494,17020,1519,48,148,0,2152.34
3602,20:28:58:811,3,Severe_Damage,L3_S3,-2138,1622,17204,828,70,36,0,2336.34
3603,20:28:58:821,3,Severe_Damage,L3_S3,-2050,1600,17234,21,31,-88,0,2366.34
3604,20:28:58:832,3,Severe_Damage,L3_S3,-2124,1572,17010,-774,8,-212,0,2142.34
3605,20:28:58:842,3,Severe_Damage,L3_S3,-2000,1510,16726,-1528,-6,-334,0,1858.34
3606,20:28:58:852,3,Severe_Damage,L3_S3,-1920,1402,16064,-2127,-28,-422,0,1196.34
3607,20:28:58:862,3,Severe_Damage,L3_S3,-1848,1258,15350,-2564,-24,-494,0,482.34
3608,20:28:58:872,3,Severe_Damage,L3_S3,-1646,1066,14666,-2747,-45,-519,0,-201.66
3609,20:28:58:882,3,Severe_Damage,L3_S3,-1616,980,13978,-2691,-34,-514,0,-889.66
3610,20:28:58:892,3,Severe_Damage,L3_S3,-1478,838,13460,-2399,-35,-467,0,-1407.66
3611,20:28:58:902,3,Severe_Damage,L3_S3,-1456,760,12902,-1897,-20,-384,0,-1965.66
3612,20:28:58:912,3,Severe_Damage,L3_S3,-1284,560,12842,-1301,-34,-298,0,-2025.66
3613,20:28:58:922,3,Severe_Damage,L3_S3,-1560,674,12552,-455,106,-167,0,-2315.66
3614,20:28:58:931,3,Severe_Damage,L3_S3,-1314,656,12860,234,-30,-58,0,-2007.66
3615,20:28:58:941,3,Severe_Damage,L3_S3,-1524,830,13034,1010,111,63,0,-1833.66
3616,20:28:58:951,3,Severe_Damage,L3_S3,-1538,886,13590,1560,64,156,0,-1277.66
3617,20:28:58:961,3,Severe_Damage,L3_S3,-1612,1020,14232,2018,74,221,0,-635.66
3618,20:28:58:972,3,Severe_Damage,L3_S3,-1790,1142,15072,2194,118,240,0,204.34
3619,20:28:58:981,3,Severe_Damage,L3_S3,-1834,1292,15550,2195,81,240,0,682.34
3620,20:28:58:992,3,Severe_Damage,L3_S3,-1932,1390,16216,1949,101,204,0,1348.34
3621,20:28:59:001,3,Severe_Damage,L3_S3,-2046,1518,16606,1531,96,147,0,1738.34
3622,20:28:59:011,3,Severe_Damage,L3_S3,-2016,1528,16946,880,16,42,0,2078.34
3623,20:28:59:021,3,Severe_Damage,L3_S3,-2098,1518,17040,212,85,-59,0,2172.34
3624,20:28:59:032,3,Severe_Damage,L3_S3,-1988,1554,16856,-529,-11,-176,0,1988.34
3625,20:28:59:042,3,Severe_Damage,L3_S3,-2010,1468,16556,-1220,16,-273,0,1688.34
3626,20:28:59:052,3,Severe_Damage,L3_S3,-1932,1410,16084,-1790,-17,-373,0,1216.34
3627,20:28:59:062,3,Severe_Damage,L3_S3,-1814,1252,15496,-2242,-40,-437,0,628.34
3628,20:28:59:072,3,Severe_Damage,L3_S3,-1738,1162,14844,-2451,-19,-475,0,-23.66
3629,20:28:59:082,3,Severe_Damage,L3_S3,-1630,994,14308,-2469,-42,-475,0,-559.66
3630,20:28:59:092,3,Severe_Damage,L3_S3,-1574,892,13686,-2249,-38,-437,0,-1181.66
3631,20:28:59:102,3,Severe_Damage,L3_S3,-1514,816,13162,-1856,-6,-386,0,-1705.66
3632,20:28:59:111,3,Severe_Damage,L3_S3,-1474,774,12888,-1299,3,-295,0,-1979.66
3633,20:28:59:122,3,Severe_Damage,L3_S3,-1398,648,13012,-690,-11,-201,0,-1855.66
3634,20:28:59:132,3,Severe_Damage,L3_S3,-1534,748,12904,80,64,-79,0,-1963.66
3635,20:28:59:142,3,Severe_Damage,L3_S3,-1472,788,13276,679,26,16,0,-1591.66
3636,20:28:59:151,3,Severe_Damage,L3_S3,-1562,902,13604,1283,78,106,0,-1263.66
3637,20:28:59:161,3,Severe_Damage,L3_S3,-1614,972,14244,1679,87,161,0,-623.66
3638,20:28:59:172,3,Severe_Damage,L3_S3,-1678,1092,14826,1943,81,210,0,-41.66
3639,20:28:59:182,3,Severe_Damage,L3_S3,-1876,1218,15438,1952,100,215,0,570.34
3640,20:28:59:192,3,Severe_Damage,L3_S3,-1850,1356,15960,1803,72,196,0,1092.34
3641,20:28:59:202,3,Severe_Damage,L3_S3,-2004,1452,16328,1463,96,133,0,1460.34
3642,20:28:59:212,3,Severe_Damage,L3_S3,-2010,1472,16638,914,36,52,0,1770.34
3643,20:28:59:222,3,Severe_Damage,L3_S3,-2034,1560,16830,332,48,-41,0,1962.34
3644,20:28:59:232,3,Severe_Damage,L3_S3,-1982,1508,16714,-343,41,-150,0,1846.34
3645,20:28:59:242,3,Severe_Damage,L3_S3,-1924,1498,16474,-939,-20,-239,0,1606.34
3646,20:28:59:252,3,Severe_Damage,L3_S3,-1940,1362,16058,-1523,15,-329,0,1190.34
3647,20:28:59:262,3,Severe_Damage,L3_S3,-1776,1324,15480,-1917,-31,-389,0,612.34
3648,20:28:59:272,3,Severe_Damage,L3_S3,-1734,1184,15036,-2197,-16,-431,0,168.34
3649,20:28:59:282,3,Severe_Damage,L3_S3,-1672,1060,14488,-2231,-30,-444,0,-379.66
3650,20:28:59:292,3,Severe_Damage,L3_S3,-1552,898,13936,-2106,-40,-421,0,-931.66
3651,20:28:59:302,3,Severe_Damage,L3_S3,-1504,864,13482,-1774,2,-369,0,-1385.66
3652,20:28:59:312,3,Severe_Damage,L3_S3,-1452,750,13216,-1314,-19,-292,0,-1651.66
3653,20:28:59:322,3,Severe_Damage,L3_S3,-1434,752,13030,-743,40,-211,0,-1837.66
3654,20:28:59:332,3,Severe_Damage,L3_S3,-1436,726,13190,-151,15,-115,0,-1677.66
3655,20:28:59:342,3,Severe_Damage,L3_S3,-1488,824,13272,492,47,-11,0,-1595.66
3656,20:28:59:351,3,Severe_Damage,L3_S3,-1548,796,13682,995,80,55,0,-1185.66
3657,20:28:59:362,3,Severe_Damage,L3_S3,-1620,988,14136,1427,41,130,0,-731.66
3658,20:28:59:372,3,Severe_Damage,L3_S3,-1688,1064,14680,1661,114,163,0,-187.66
3659,20:28:59:382,3,Severe_Damage,L3_S3,-1758,1168,15256,1756,54,188,0,388.34
3660,20:28:59:392,3,Severe_Damage,L3_S3,-1836,1234,15742,1626,87,168,0,874.34
3661,20:28:59:402,3,Severe_Damage,L3_S3,-1924,1390,16162,1360,76,120,0,1294.34
3662,20:28:59:411,3,Severe_Damage,L3_S3,-1948,1410,16422,929,53,56,0,1554.34
3663,20:28:59:422,3,Severe_Damage,L3_S3,-1994,1378,16558,396,65,-33,0,1690.34
3664,20:28:59:432,3,Severe_Damage,L3_S3,-1980,1462,16526,-179,3,-116,0,1658.34
3665,20:28:59:442,3,Severe_Damage,L3_S3,-1986,1394,16340,-755,44,-216,0,1472.34
3666,20:28:59:452,3,Severe_Damage,L3_S3,-1874,1392,16032,-1254,-27,-290,0,1164.34
3667,20:28:59:462,3,Severe_Damage,L3_S3,-1868,1246,15560,-1685,-2,-353,0,692.34
3668,20:28:59:472,3,Severe_Damage,L3_S3,-1732,1192,15030,-1920,-13,-391,0,162.34
3669,20:28:59:482,3,Severe_Damage,L3_S3,-1712,1024,14614,-2034,-32,-403,0,-253.66
3670,20:28:59:492,3,Severe_Damage,L3_S3,-1608,990,14092,-1927,-14,-395,0,-775.66
3671,20:28:59:502,3,Severe_Damage,L3_S3,-1572,828,13724,-1695,-12,-356,0,-1143.66
3672,20:28:59:512,3,Severe_Damage,L3_S3,-1546,796,13442,-1297,-1,-293,0,-1425.66
3673,20:28:59:522,3,Severe_Damage,L3_S3,-1446,794,13276,-802,20,-211,0,-1591.66
3674,20:28:59:532,3,Severe_Damage,L3_S3,-1550,796,13346,-266,28,-131,0,-1521.66
3675,20:28:59:541,3,Severe_Damage,L3_S3,-1450,786,13436,301,51,-49,0,-1431.66
3676,20:28:59:551,3,Severe_Damage,L3_S3,-1572,878,13698,782,57,30,0,-1169.66
3677,20:28:59:562,3,Severe_Damage,L3_S3,-1596,980,14170,1187,79,98,0,-697.66
3678,20:28:59:572,3,Severe_Damage,L3_S3,-1622,1048,14586,1449,68,135,0,-281.66
3679,20:28:59:582,3,Severe_Damage,L3_S3,-1786,1172,15062,1548,87,155,0,194.34
3680,20:28:59:592,3,Severe_Damage,L3_S3,-1834,1228,15538,1487,71,144,0,670.34
3681,20:28:59:602,3,Severe_Damage,L3_S3,-1892,1304,15978,1259,60,112,0,1110.34
3682,20:28:59:612,3,Severe_Damage,L3_S3,-1926,1374,16242,895,63,46,0,1374.34
3683,20:28:59:622,3,Severe_Damage,L3_S3,-1940,1444,16368,436,45,-16,0,1500.34
3684,20:28:59:632,3,Severe_Damage,L3_S3,-1990,1474,16388,-80,25,-99,0,1520.34
3685,20:28:59:642,3,Severe_Damage,L3_S3,-1890,1448,16258,-604,26,-192,0,1390.34
3686,20:28:59:652,3,Severe_Damage,L3_S3,-1962,1342,15966,-1095,0,-264,0,1098.34
3687,20:28:59:662,3,Severe_Damage,L3_S3,-1836,1258,15614,-1484,-9,-323,0,746.34
3688,20:28:59:672,3,Severe_Damage,L3_S3,-1750,1172,15178,-1737,-23,-363,0,310.34
3689,20:28:59:682,3,Severe_Damage,L3_S3,-1768,1118,14712,-1854,-9,-384,0,-155.66
3690,20:28:59:692,3,Severe_Damage,L3_S3,-1612,990,14278,-1801,-24,-376,0,-589.66
3691,20:28:59:702,3,Severe_Damage,L3_S3,-1622,932,13850,-1599,-6,-344,0,-1017.66
3692,20:28:59:712,3,Severe_Damage,L3_S3,-1482,814,13572,-1260,9,-289,0,-1295.66
3693,20:28:59:722,3,Severe_Damage,L3_S3,-1520,786,13432,-827,6,-222,0,-1435.66
3694,20:28:59:732,3,Severe_Damage,L3_S3,-1510,832,13412,-332,32,-144,0,-1455.66
3695,20:28:59:742,3,Severe_Damage,L3_S3,-1516,824,13518,165,36,-58,0,-1349.66
3696,20:28:59:751,3,Severe_Damage,L3_S3,-1568,896,13772,628,46,10,0,-1095.66
3697,20:28:59:762,3,Severe_Damage,L3_S3,-1654,994,14176,1009,73,60,0,-691.66
3698,20:28:59:772,3,Severe_Damage,L3_S3,-1660,1010,14564,1267,72,100,0,-303.66
3699,20:28:59:782,3,Severe_Damage,L3_S3,-1732,1162,14994,1385,75,120,0,126.34
3700,20:28:59:792,3,Severe_Damage,L3_S3,-1822,1260,15400,1354,59,119,0,532.34
3701,20:28:59:802,3,Severe_Damage,L3_S3,-1832,1272,15770,1174,73,91,0,902.34
3702,20:28:59:812,3,Severe_Damage,L3_S3,-1924,1370,16050,863,59,44,0,1182.34
3703,20:28:59:822,3,Severe_Damage,L3_S3,-1968,1372,16270,450,42,-21,0,1402.34
3704,20:28:59:832,3,Severe_Damage,L3_S3,-1940,1386,16284,-13,35,-98,0,1416.34
3705,20:28:59:842,3,Severe_Damage,L3_S3,-1940,1350,16136,-494,13,-172,0,1268.34
3706,20:28:59:852,3,Severe_Damage,L3_S3,-1872,1348,15884,-942,8,-237,0,1016.34
3707,20:28:59:862,3,Severe_Damage,L3_S3,-1922,1294,15576,-1308,-7,-292,0,708.34
3708,20:28:59:872,3,Severe_Damage,L3_S3,-1796,1194,15228,-1567,-13,-338,0,360.34
3709,20:28:59:882,3,Severe_Damage,L3_S3,-1732,1144,14802,-1694,-5,-355,0,-65.66
3710,20:28:59:892,3,Severe_Damage,L3_S3,-1700,1002,14406,-1677,-1,-348,0,-461.66
3711,20:28:59:902,3,Severe_Damage,L3_S3,-1564,956,14028,-1505,-31,-325,0,-839.66
3712,20:28:59:912,3,Severe_Damage,L3_S3,-1536,924,13722,-1223,14,-283,0,-1145.66
3713,20:28:59:922,3,Severe_Damage,L3_S3,-1498,844,13546,-842,-3,-215,0,-1321.66
3714,20:28:59:932,3,Severe_Damage,L3_S3,-1512,788,13570,-400,38,-157,0,-1297.66
3715,20:28:59:942,3,Severe_Damage,L3_S3,-1496,836,13636,55,26,-81,0,-1231.66
3716,20:28:59:952,3,Severe_Damage,L3_S3,-1574,896,13882,482,59,-14,0,-985.66
3717,20:28:59:962,3,Severe_Damage,L3_S3,-1618,952,14186,848,52,42,0,-681.66
3718,20:28:59:972,3,Severe_Damage,L3_S3,-1672,1066,14550,1105,68,75,0,-317.66
3719,20:28:59:982,3,Severe_Damage,L3_S3,-1710,1070,14946,1237,85,92,0,78.34
3720,20:28:59:992,3,Severe_Damage,L3_S3,-1784,1186,15348,1218,54,99,0,480.34
3721,20:29:00:002,3,Severe_Damage,L3_S3,-1856,1266,15648,1092,74,77,0,780.34
3722,20:29:00:012,3,Severe_Damage,L3_S3,-1854,1330,15946,815,49,35,0,1078.34
3723,20:29:00:022,3,Severe_Damage,L3_S3,-1922,1360,16112,469,56,-22,0,1244.34
3724,20:29:00:032,3,Severe_Damage,L3_S3,-1918,1358,16130,49,40,-94,0,1262.34
3725,20:29:00:042,3,Severe_Damage,L3_S3,-1894,1396,16042,-391,25,-155,0,1174.34
3726,20:29:00:052,3,Severe_Damage,L3_S3,-1874,1360,15912,-801,13,-217,0,1044.34
3727,20:29:00:062,3,Severe_Damage,L3_S3,-1780,1256,15664,-1154,-4,-275,0,796.34
3728,20:29:00:072,3,Severe_Damage,L3_S3,-1776,1166,15250,-1413,-1,-312,0,382.34
3729,20:29:00:082,3,Severe_Damage,L3_S3,-1716,1092,14814,-1548,1,-329,0,-53.66
3730,20:29:00:092,3,Severe_Damage,L3_S3,-1672,1050,14474,-1556,5,-328,0,-393.66
3731,20:29:00:102,3,Severe_Damage,L3_S3,-1578,922,14116,-1425,-14,-316,0,-751.66
3732,20:29:00:112,3,Severe_Damage,L3_S3,-1636,914,13880,-1179,9,-268,0,-987.66
3733,20:29:00:122,3,Severe_Damage,L3_S3,-1516,850,13700,-839,3,-219,0,-1167.66
3734,20:29:00:132,3,Severe_Damage,L3_S3,-1512,790,13614,-449,19,-167,0,-1253.66
3735,20:29:00:142,3,Severe_Damage,L3_S3,-1554,836,13688,-32,35,-100,0,-1179.66
3736,20:29:00:152,3,Severe_Damage,L3_S3,-1604,900,13854,370,45,-43,0,-1013.66
3737,20:29:00:162,3,Severe_Damage,L3_S3,-1634,980,14138,702,57,18,0,-729.66
3738,20:29:00:172,3,Severe_Damage,L3_S3,-1660,1090,14598,958,62,54,0,-269.66
3739,20:29:00:182,3,Severe_Damage,L3_S3,-1696,1150,14858,1089,67,79,0,-9.66
3740,20:29:00:192,3,Severe_Damage,L3_S3,-1806,1174,15236,1101,67,75,0,368.34
3741,20:29:00:202,3,Severe_Damage,L3_S3,-1798,1252,15544,990,46,64,0,676.34
3742,20:29:00:212,3,Severe_Damage,L3_S3,-1808,1328,15740,774,46,30,0,872.34
3743,20:29:00:222,3,Severe_Damage,L3_S3,-1942,1398,15966,451,50,-16,0,1098.34
3744,20:29:00:232,3,Severe_Damage,L3_S3,-1856,1398,16042,85,36,-79,0,1174.34
3745,20:29:00:242,3,Severe_Damage,L3_S3,-1936,1322,16082,-324,29,-143,0,1214.34
3746,20:29:00:252,3,Severe_Damage,L3_S3,-1872,1338,15824,-700,20,-198,0,956.34
3747,20:29:00:262,3,Severe_Damage,L3_S3,-1834,1262,15572,-1029,3,-251,0,704.34
3748,20:29:00:272,3,Severe_Damage,L3_S3,-1800,1160,15256,-1274,0,-278,0,388.34
3749,20:29:00:282,3,Severe_Damage,L3_S3,-1736,1136,14966,-1409,-8,-313,0,98.34
3750,20:29:00:292,3,Severe_Damage,L3_S3,-1692,1058,14552,-1439,15,-316,0,-315.66
3751,20:29:00:302,3,Severe_Damage,L3_S3,-1630,988,14262,-1337,-24,-291,0,-605.66
3752,20:29:00:312,3,Severe_Damage,L3_S3,-1578,918,14008,-1129,14,-273,0,-859.66
3753,20:29:00:322,3,Severe_Damage,L3_S3,-1544,896,13822,-828,-3,-222,0,-1045.66
3754,20:29:00:332,3,Severe_Damage,L3_S3,-1552,884,13738,-479,23,-171,0,-1129.66
3755,20:29:00:342,3,Severe_Damage,L3_S3,-1562,874,13862,-103,28,-110,0,-1005.66
3756,20:29:00:352,3,Severe_Damage,L3_S3,-1598,944,14036,261,32,-49,0,-831.66
3757,20:29:00:362,3,Severe_Damage,L3_S3,-1614,954,14132,583,61,-10,0,-735.66
3758,20:29:00:372,3,Severe_Damage,L3_S3,-1692,1048,14470,829,56,36,0,-397.66
3759,20:29:00:382,3,Severe_Damage,L3_S3,-1738,1074,14812,966,58,61,0,-55.66
3760,20:29:00:392,3,Severe_Damage,L3_S3,-1750,1216,15214,989,63,59,0,346.34
3761,20:29:00:402,3,Severe_Damage,L3_S3,-1782,1206,15438,907,56,50,0,570.34
3762,20:29:00:412,3,Severe_Damage,L3_S3,-1870,1276,15660,717,53,24,0,792.34
3763,20:29:00:422,3,Severe_Damage,L3_S3,-1880,1310,15838,445,49,-24,0,970.34
3764,20:29:00:432,3,Severe_Damage,L3_S3,-1944,1352,15904,106,31,-78,0,1036.34
3765,20:29:00:442,3,Severe_Damage,L3_S3,-1922,1302,15866,-250,35,-130,0,998.34
3766,20:29:00:452,3,Severe_Damage,L3_S3,-1888,1330,15754,-603,11,-183,0,886.34
3767,20:29:00:462,3,Severe_Damage,L3_S3,-1800,1262,15572,-909,10,-234,0,704.34
3768,20:29:00:472,3,Severe_Damage,L3_S3,-1798,1208,15336,-1147,9,-273,0,468.34
3769,20:29:00:482,3,Severe_Damage,L3_S3,-1742,1152,14942,-1284,-4,-293,0,74.34
3770,20:29:00:492,3,Severe_Damage,L3_S3,-1672,1038,14686,-1327,-8,-297,0,-181.66
3771,20:29:00:502,3,Severe_Damage,L3_S3,-1690,1040,14292,-1250,2,-283,0,-575.66
3772,20:29:00:512,3,Severe_Damage,L3_S3,-1610,962,14164,-1078,-3,-259,0,-703.66
3773,20:29:00:522,3,Severe_Damage,L3_S3,-1598,980,13854,-810,20,-223,0,-1013.66
3774,20:29:00:532,3,Severe_Damage,L3_S3,-1598,932,13882,-504,18,-166,0,-985.66
3775,20:29:00:542,3,Severe_Damage,L3_S3,-1572,914,13906,-156,47,-116,0,-961.66
3776,20:29:00:552,3,Severe_Damage,L3_S3,-1618,936,13974,176,37,-66,0,-893.66
3777,20:29:00:562,3,Severe_Damage,L3_S3,-1674,1012,14216,470,50,-17,0,-651.66
3778,20:29:00:572,3,Severe_Damage,L3_S3,-1644,1046,14530,705,58,20,0,-337.66
3779,20:29:00:583,3,Severe_Damage,L3_S3,-1660,1082,14768,846,67,39,0,-99.66
3780,20:29:00:592,3,Severe_Damage,L3_S3,-1800,1176,15088,886,70,46,0,220.34
3781,20:29:00:602,3,Severe_Damage,L3_S3,-1794,1268,15428,821,65,38,0,560.34
3782,20:29:00:612,3,Severe_Damage,L3_S3,-1876,1252,15638,658,57,16,0,770.34
3783,20:29:00:622,3,Severe_Damage,L3_S3,-1892,1308,15810,426,38,-25,0,942.34
3784,20:29:00:632,3,Severe_Damage,L3_S3,-1944,1312,15800,133,35,-70,0,932.34
3785,20:29:00:642,3,Severe_Damage,L3_S3,-1856,1296,15828,-198,33,-125,0,960.34
3786,20:29:00:652,3,Severe_Damage,L3_S3,-1896,1250,15750,-524,14,-172,0,882.34
3787,20:29:00:662,3,Severe_Damage,L3_S3,-1854,1220,15516,-802,15,-215,0,648.34
3788,20:29:00:672,3,Severe_Damage,L3_S3,-1790,1222,15278,-1034,0,-250,0,410.34
3789,20:29:00:682,3,Severe_Damage,L3_S3,-1772,1138,15012,-1171,9,-278,0,144.34
3790,20:29:00:692,3,Severe_Damage,L3_S3,-1724,1068,14642,-1221,2,-283,0,-225.66
3791,20:29:00:702,3,Severe_Damage,L3_S3,-1636,1014,14402,-1168,6,-275,0,-465.66
3792,20:29:00:712,3,Severe_Damage,L3_S3,-1604,990,14212,-1016,0,-250,0,-655.66
3793,20:29:00:722,3,Severe_Damage,L3_S3,-1614,932,14026,-794,19,-212,0,-841.66
3794,20:29:00:732,3,Severe_Damage,L3_S3,-1540,954,13942,-509,24,-168,0,-925.66
3795,20:29:00:742,3,Severe_Damage,L3_S3,-1592,936,14024,-203,25,-129,0,-843.66
3796,20:29:00:752,3,Severe_Damage,L3_S3,-1624,936,14106,106,49,-72,0,-761.66
3797,20:29:00:762,3,Severe_Damage,L3_S3,-1656,1022,14238,375,44,-29,0,-629.66
3798,20:29:00:772,3,Severe_Damage,L3_S3,-1696,1060,14410,596,53,-7,0,-457.66
3799,20:29:00:782,3,Severe_Damage,L3_S3,-1712,1096,14752,742,61,20,0,-115.66
3800,20:29:00:792,3,Severe_Damage,L3_S3,-1710,1186,14938,786,54,31,0,70.34
3801,20:29:00:802,3,Severe_Damage,L3_S3,-1806,1208,15312,744,49,23,0,444.34
3802,20:29:00:812,3,Severe_Damage,L3_S3,-1860,1274,15496,608,46,7,0,628.34
3803,20:29:00:822,3,Severe_Damage,L3_S3,-1814,1266,15692,400,47,-29,0,824.34
3804,20:29:00:832,3,Severe_Damage,L3_S3,-1842,1266,15808,133,30,-72,0,940.34
3805,20:29:00:842,3,Severe_Damage,L3_S3,-1912,1274,15710,-162,43,-114,0,842.34
3806,20:29:00:852,3,Severe_Damage,L3_S3,-1786,1268,15656,-455,7,-169,0,788.34
3807,20:29:00:862,3,Severe_Damage,L3_S3,-1832,1232,15442,-726,15,-198,0,574.34
3808,20:29:00:872,3,Severe_Damage,L3_S3,-1754,1234,15310,-931,14,-237,0,442.34
3809,20:29:00:882,3,Severe_Damage,L3_S3,-1712,1116,15094,-1068,2,-257,0,226.34
3810,20:29:00:892,3,Severe_Damage,L3_S3,-1744,1046,14810,-1131,14,-276,0,-57.66
3811,20:29:00:902,3,Severe_Damage,L3_S3,-1654,1056,14528,-1090,1,-269,0,-339.66
3812,20:29:00:912,3,Severe_Damage,L3_S3,-1674,976,14228,-968,14,-244,0,-639.66
3813,20:29:00:922,3,Severe_Damage,L3_S3,-1622,976,14158,-769,4,-213,0,-709.66
3814,20:29:00:932,3,Severe_Damage,L3_S3,-1562,914,14060,-519,26,-171,0,-807.66
3815,20:29:00:942,3,Severe_Damage,L3_S3,-1624,948,14056,-243,20,-127,0,-811.66
3816,20:29:00:952,3,Severe_Damage,L3_S3,-1638,956,14134,42,39,-87,0,-733.66
3817,20:29:00:962,3,Severe_Damage,L3_S3,-1650,970,14274,295,41,-48,0,-593.66
3818,20:29:00:972,3,Severe_Damage,L3_S3,-1698,1020,14462,503,57,-9,0,-405.66
3819,20:29:00:982,3,Severe_Damage,L3_S3,-1732,1124,14696,642,60,14,0,-171.66
3820,20:29:00:992,3,Severe_Damage,L3_S3,-1788,1140,15000,698,46,17,0,132.34
3821,20:29:01:002,3,Severe_Damage,L3_S3,-1760,1182,15142,669,59,11,0,274.34
3822,20:29:01:012,3,Severe_Damage,L3_S3,-1810,1208,15428,558,48,-14,0,560.34
3823,20:29:01:022,3,Severe_Damage,L3_S3,-1856,1262,15548,375,43,-40,0,680.34
3824,20:29:01:032,3,Severe_Damage,L3_S3,-1884,1264,15630,137,25,-70,0,762.34
3825,20:29:01:042,3,Severe_Damage,L3_S3,-1846,1234,15674,-130,27,-111,0,806.34
3826,20:29:01:052,3,Severe_Damage,L3_S3,-1810,1270,15588,-391,21,-153,0,720.34
3827,20:29:01:062,3,Severe_Damage,L3_S3,-1826,1240,15436,-645,15,-191,0,568.34
3828,20:29:01:072,3,Severe_Damage,L3_S3,-1790,1160,15356,-846,11,-224,0,488.34
3829,20:29:01:082,3,Severe_Damage,L3_S3,-1730,1136,15044,-985,0,-247,0,176.34
3830,20:29:01:092,3,Severe_Damage,L3_S3,-1750,1084,14836,-1036,1,-256,0,-31.66
3831,20:29:01:102,3,Severe_Damage,L3_S3,-1672,1026,14570,-1016,4,-253,0,-297.66
3832,20:29:01:112,3,Severe_Damage,L3_S3,-1680,1018,14324,-913,18,-238,0,-543.66
3833,20:29:01:122,3,Severe_Damage,L3_S3,-1638,978,14192,-749,12,-209,0,-675.66
3834,20:29:01:132,3,Severe_Damage,L3_S3,-1642,940,14138,-516,26,-176,0,-729.66
3835,20:29:01:142,3,Severe_Damage,L3_S3,-1614,950,14084,-267,23,-132,0,-783.66
3836,20:29:01:152,3,Severe_Damage,L3_S3,-1624,942,14150,-10,31,-94,0,-717.66
3837,20:29:01:162,3,Severe_Damage,L3_S3,-1628,1012,14262,223,44,-56,0,-605.66
3838,20:29:01:172,3,Severe_Damage,L3_S3,-1700,1018,14456,425,44,-28,0,-411.66
3839,20:29:01:182,3,Severe_Damage,L3_S3,-1716,1068,14670,552,54,-13,0,-197.66
3840,20:29:01:192,3,Severe_Damage,L3_S3,-1732,1112,14930,615,48,-2,0,62.34
3841,20:29:01:202,3,Severe_Damage,L3_S3,-1796,1190,15128,595,51,-6,0,260.34
3842,20:29:01:212,3,Severe_Damage,L3_S3,-1814,1214,15388,502,58,-14,0,520.34
3843,20:29:01:222,3,Severe_Damage,L3_S3,-1844,1246,15538,343,49,-45,0,670.34
3844,20:29:01:232,3,Severe_Damage,L3_S3,-1832,1282,15554,138,37,-71,0,686.34
3845,20:29:01:242,3,Severe_Damage,L3_S3,-1846,1240,15620,-97,22,-109,0,752.34
3846,20:29:01:252,3,Severe_Damage,L3_S3,-1854,1246,15608,-351,33,-144,0,740.34
3847,20:29:01:262,3,Severe_Damage,L3_S3,-1836,1218,15398,-578,16,-173,0,530.34
3848,20:29:01:272,3,Severe_Damage,L3_S3,-1752,1192,15234,-768,13,-209,0,366.34
3849,20:29:01:282,3,Severe_Damage,L3_S3,-1756,1156,15038,-897,10,-232,0,170.34
3850,20:29:01:292,3,Severe_Damage,L3_S3,-1700,1136,14820,-958,-2,-247,0,-47.66
3851,20:29:01:302,3,Severe_Damage,L3_S3,-1688,1064,14524,-948,7,-241,0,-343.66
3852,20:29:01:312,3,Severe_Damage,L3_S3,-1654,1024,14402,-860,9,-227,0,-465.66
3853,20:29:01:322,3,Severe_Damage,L3_S3,-1646,980,14278,-716,18,-201,0,-589.66
3854,20:29:01:332,3,Severe_Damage,L3_S3,-1646,1022,14178,-512,21,-175,0,-689.66
3855,20:29:01:342,3,Severe_Damage,L3_S3,-1608,956,14242,-291,23,-140,0,-625.66
3856,20:29:01:352,3,Severe_Damage,L3_S3,-1630,942,14246,-50,38,-110,0,-621.66
3857,20:29:01:362,3,Severe_Damage,L3_S3,-1646,988,14388,168,42,-69,0,-479.66
3858,20:29:01:372,3,Severe_Damage,L3_S3,-1676,1072,14558,349,52,-42,0,-309.66
3859,20:29:01:382,3,Severe_Damage,L3_S3,-1728,1052,14662,474,52,-26,0,-205.66
3860,20:29:01:392,3,Severe_Damage,L3_S3,-1744,1100,14898,543,51,-15,0,30.34
3861,20:29:01:402,3,Severe_Damage,L3_S3,-1796,1142,15104,529,50,-13,0,236.34
3862,20:29:01:412,3,Severe_Damage,L3_S3,-1744,1160,15338,451,51,-22,0,470.34
3863,20:29:01:422,3,Severe_Damage,L3_S3,-1764,1202,15444,310,44,-47,0,576.34
3864,20:29:01:432,3,Severe_Damage,L3_S3,-1820,1244,15476,120,35,-79,0,608.34
3865,20:29:01:442,3,Severe_Damage,L3_S3,-1832,1258,15500,-84,23,-105,0,632.34
3866,20:29:01:452,3,Severe_Damage,L3_S3,-1832,1196,15452,-312,30,-139,0,584.34
3867,20:29:01:462,3,Severe_Damage,L3_S3,-1828,1218,15380,-512,14,-175,0,512.34
3868,20:29:01:472,3,Severe_Damage,L3_S3,-1768,1198,15314,-701,20,-200,0,446.34
3869,20:29:01:482,3,Severe_Damage,L3_S3,-1736,1142,15030,-822,11,-219,0,162.34
3870,20:29:01:492,3,Severe_Damage,L3_S3,-1694,1096,14802,-886,10,-235,0,-65.66
3871,20:29:01:502,3,Severe_Damage,L3_S3,-1692,1048,14608,-880,17,-227,0,-259.66
3872,20:29:01:512,3,Severe_Damage,L3_S3,-1722,1022,14466,-811,7,-224,0,-401.66
3873,20:29:01:522,3,Severe_Damage,L3_S3,-1666,984,14290,-687,16,-200,0,-577.66
3874,20:29:01:532,3,Severe_Damage,L3_S3,-1630,1000,14312,-513,17,-172,0,-555.66
3875,20:29:01:542,3,Severe_Damage,L3_S3,-1620,990,14180,-305,34,-144,0,-687.66
3876,20:29:01:552,3,Severe_Damage,L3_S3,-1646,996,14294,-93,25,-104,0,-573.66
3877,20:29:01:562,3,Severe_Damage,L3_S3,-1642,1020,14368,112,50,-79,0,-499.66
3878,20:29:01:572,3,Severe_Damage,L3_S3,-1634,1038,14478,279,40,-48,0,-389.66
3879,20:29:01:582,3,Severe_Damage,L3_S3,-1704,1036,14692,400,47,-26,0,-175.66
3880,20:29:01:592,3,Severe_Damage,L3_S3,-1690,1118,14876,461,49,-15,0,8.34
3881,20:29:01:602,3,Severe_Damage,L3_S3,-1718,1116,15096,465,54,-19,0,228.34
3882,20:29:01:612,3,Severe_Damage,L3_S3,-1786,1184,15228,405,49,-33,0,360.34
3883,20:29:01:622,3,Severe_Damage,L3_S3,-1792,1198,15328,283,41,-50,0,460.34
3884,20:29:01:632,3,Severe_Damage,L3_S3,-1816,1208,15424,119,37,-74,0,556.34
3885,20:29:01:642,3,Severe_Damage,L3_S3,-1806,1208,15530,-79,33,-108,0,662.34
3886,20:29:01:653,3,Severe_Damage,L3_S3,-1814,1266,15448,-278,26,-136,0,580.34
3887,20:29:01:662,3,Severe_Damage,L3_S3,-1806,1186,15342,-467,24,-162,0,474.34
3888,20:29:01:672,3,Severe_Damage,L3_S3,-1778,1216,15222,-635,18,-192,0,354.34
3889,20:29:01:682,3,Severe_Damage,L3_S3,-1756,1146,15046,-752,23,-207,0,178.34
3890,20:29:01:692,3,Severe_Damage,L3_S3,-1694,1098,14866,-815,12,-217,0,-1.66
3891,20:29:01:702,3,Severe_Damage,L3_S3,-1746,1078,14734,-824,7,-224,0,-133.66
3892,20:29:01:712,3,Severe_Damage,L3_S3,-1692,994,14446,-757,13,-216,0,-421.66
3893,20:29:01:722,3,Severe_Damage,L3_S3,-1630,998,14432,-652,9,-195,0,-435.66
3894,20:29:01:732,3,Severe_Damage,L3_S3,-1652,1022,14360,-489,17,-163,0,-507.66
3895,20:29:01:742,3,Severe_Damage,L3_S3,-1658,990,14350,-313,22,-141,0,-517.66
3896,20:29:01:752,3,Severe_Damage,L3_S3,-1654,1006,14354,-123,33,-118,0,-513.66
3897,20:29:01:762,3,Severe_Damage,L3_S3,-1662,992,14422,62,35,-91,0,-445.66
3898,20:29:01:772,3,Severe_Damage,L3_S3,-1710,1070,14594,224,48,-67,0,-273.66
3899,20:29:01:782,3,Severe_Damage,L3_S3,-1714,1070,14706,336,34,-45,0,-161.66
3900,20:29:01:792,3,Severe_Damage,L3_S3,-1738,1132,14792,401,49,-31,0,-75.66
3901,20:29:01:802,3,Severe_Damage,L3_S3,-1728,1182,15022,410,45,-28,0,154.34
3902,20:29:01:812,3,Severe_Damage,L3_S3,-1832,1172,15214,358,43,-32,0,346.34
3903,20:29:01:822,3,Severe_Damage,L3_S3,-1834,1208,15312,256,42,-53,0,444.34
3904,20:29:01:832,3,Severe_Damage,L3_S3,-1844,1214,15400,109,34,-73,0,532.34
3905,20:29:01:842,3,Severe_Damage,L3_S3,-1838,1226,15406,-62,33,-105,0,538.34
3906,20:29:01:852,3,Severe_Damage,L3_S3,-1800,1204,15446,-251,31,-122,0,578.34
3907,20:29:01:862,3,Severe_Damage,L3_S3,-1774,1188,15312,-430,25,-164,0,444.34
3908,20:29:01:872,3,Severe_Damage,L3_S3,-1802,1154,15128,-581,16,-179,0,260.34
3909,20:29:01:882,3,Severe_Damage,L3_S3,-1724,1122,15022,-686,18,-191,0,154.34
3910,20:29:01:893,3,Severe_Damage,L3_S3,-1692,1150,14888,-762,13,-207,0,20.34
3911,20:29:01:903,3,Severe_Damage,L3_S3,-1772,1060,14698,-764,21,-213,0,-169.66
3912,20:29:01:912,3,Severe_Damage,L3_S3,-1686,1072,14538,-730,15,-210,0,-329.66
3913,20:29:01:923,3,Severe_Damage,L3_S3,-1686,1014,14496,-622,15,-185,0,-371.66
3914,20:29:01:932,3,Severe_Damage,L3_S3,-1644,968,14428,-488,20,-171,0,-439.66
3915,20:29:01:942,3,Severe_Damage,L3_S3,-1638,998,14414,-318,29,-138,0,-453.66
3916,20:29:01:953,3,Severe_Damage,L3_S3,-1654,1032,14330,-145,34,-110,0,-537.66
3917,20:29:01:962,3,Severe_Damage,L3_S3,-1666,1026,14506,27,41,-97,0,-361.66
3918,20:29:01:972,3,Severe_Damage,L3_S3,-1682,1066,14644,175,39,-63,0,-223.66
3919,20:29:01:982,3,Severe_Damage,L3_S3,-1706,1112,14762,287,50,-49,0,-105.66
3920,20:29:01:992,3,Severe_Damage,L3_S3,-1748,1118,14910,347,44,-33,0,42.34
3921,20:29:02:002,3,Severe_Damage,L3_S3,-1752,1180,15018,354,47,-37,0,150.34
3922,20:29:02:012,3,Severe_Damage,L3_S3,-1768,1186,15156,314,49,-50,0,288.34
3923,20:29:02:022,3,Severe_Damage,L3_S3,-1820,1194,15330,225,35,-58,0,462.34
3924,20:29:02:032,3,Severe_Damage,L3_S3,-1788,1240,15310,99,40,-79,0,442.34
3925,20:29:02:042,3,Severe_Damage,L3_S3,-1846,1246,15390,-60,30,-102,0,522.34
3926,20:29:02:052,3,Severe_Damage,L3_S3,-1768,1212,15352,-220,24,-129,0,484.34
3927,20:29:02:063,3,Severe_Damage,L3_S3,-1782,1216,15344,-389,27,-159,0,476.34
3928,20:29:02:072,3,Severe_Damage,L3_S3,-1816,1154,15170,-538,15,-181,0,302.34
3929,20:29:02:083,3,Severe_Damage,L3_S3,-1746,1188,15094,-642,18,-191,0,226.34
3930,20:29:02:092,3,Severe_Damage,L3_S3,-1724,1142,14964,-706,14,-199,0,96.34
3931,20:29:02:102,3,Severe_Damage,L3_S3,-1740,1092,14758,-718,12,-205,0,-109.66
3932,20:29:02:112,3,Severe_Damage,L3_S3,-1660,1022,14678,-678,16,-197,0,-189.66
3933,20:29:02:122,3,Severe_Damage,L3_S3,-1680,1042,14520,-591,18,-176,0,-347.66
3934,20:29:02:132,3,Severe_Damage,L3_S3,-1668,1022,14412,-470,27,-169,0,-455.66
3935,20:29:02:143,3,Severe_Damage,L3_S3,-1642,1026,14462,-329,27,-145,0,-405.66
3936,20:29:02:152,3,Severe_Damage,L3_S3,-1688,1034,14372,-160,31,-115,0,-495.66
3937,20:29:02:162,3,Severe_Damage,L3_S3,-1622,1010,14524,-6,32,-100,0,-343.66
3938,20:29:02:172,3,Severe_Damage,L3_S3,-1688,1038,14544,131,39,-69,0,-323.66
3939,20:29:02:182,3,Severe_Damage,L3_S3,-1740,1052,14688,231,46,-58,0,-179.66
3940,20:29:02:192,3,Severe_Damage,L3_S3,-1728,1062,14854,294,41,-49,0,-13.66
3941,20:29:02:202,3,Severe_Damage,L3_S3,-1768,1162,14964,309,40,-46,0,96.34
3942,20:29:02:213,3,Severe_Damage,L3_S3,-1790,1162,15118,278,38,-50,0,250.34
3943,20:29:02:223,3,Severe_Damage,L3_S3,-1768,1158,15242,192,40,-64,0,374.34
3944,20:29:02:232,3,Severe_Damage,L3_S3,-1798,1180,15250,82,36,-80,0,382.34
3945,20:29:02:243,3,Severe_Damage,L3_S3,-1788,1206,15316,-63,31,-110,0,448.34
3946,20:29:02:253,3,Severe_Damage,L3_S3,-1798,1190,15242,-213,26,-131,0,374.34
3947,20:29:02:263,3,Severe_Damage,L3_S3,-1792,1216,15168,-361,29,-151,0,300.34
3948,20:29:02:273,3,Severe_Damage,L3_S3,-1772,1186,15222,-491,23,-176,0,354.34
3949,20:29:02:283,3,Severe_Damage,L3_S3,-1780,1182,15008,-596,13,-186,0,140.34
3950,20:29:02:293,3,Severe_Damage,L3_S3,-1764,1124,14864,-655,25,-193,0,-3.66
3951,20:29:02:303,3,Severe_Damage,L3_S3,-1732,1076,14736,-672,13,-196,0,-131.66
3952,20:29:02:312,3,Severe_Damage,L3_S3,-1698,1016,14584,-647,9,-202,0,-283.66
3953,20:29:02:323,3,Severe_Damage,L3_S3,-1678,1044,14548,-568,16,-183,0,-319.66
3954,20:29:02:333,3,Severe_Damage,L3_S3,-1724,1044,14508,-460,19,-164,0,-359.66
3955,20:29:02:343,3,Severe_Damage,L3_S3,-1662,1008,14416,-327,29,-147,0,-451.66
3956,20:29:02:353,3,Severe_Damage,L3_S3,-1662,1014,14466,-179,30,-121,0,-401.66
3957,20:29:02:362,3,Severe_Damage,L3_S3,-1728,1060,14518,-35,37,-94,0,-349.66
3958,20:29:02:373,3,Severe_Damage,L3_S3,-1678,1036,14602,87,39,-84,0,-265.66
3959,20:29:02:383,3,Severe_Damage,L3_S3,-1766,1070,14684,191,42,-57,0,-183.66
3960,20:29:02:392,3,Severe_Damage,L3_S3,-1748,1084,14802,247,44,-57,0,-65.66
3961,20:29:02:402,3,Severe_Damage,L3_S3,-1766,1138,14966,262,40,-54,0,98.34
3962,20:29:02:412,3,Severe_Damage,L3_S3,-1720,1166,15092,236,41,-55,0,224.34
3963,20:29:02:422,3,Severe_Damage,L3_S3,-1796,1156,15232,172,40,-63,0,364.34
3964,20:29:02:432,3,Severe_Damage,L3_S3,-1776,1214,15214,68,38,-86,0,346.34
3965,20:29:02:443,3,Severe_Damage,L3_S3,-1778,1182,15340,-59,35,-106,0,472.34
3966,20:29:02:453,3,Severe_Damage,L3_S3,-1802,1218,15264,-195,25,-123,0,396.34
3967,20:29:02:463,3,Severe_Damage,L3_S3,-1762,1158,15210,-333,23,-142,0,342.34
3968,20:29:02:473,3,Severe_Damage,L3_S3,-1738,1152,15096,-453,25,-160,0,228.34
3969,20:29:02:483,3,Severe_Damage,L3_S3,-1732,1180,15068,-547,13,-178,0,200.34
3970,20:29:02:493,3,Severe_Damage,L3_S3,-1704,1154,14926,-607,17,-190,0,58.34
3971,20:29:02:503,3,Severe_Damage,L3_S3,-1730,1074,14848,-628,18,-190,0,-19.66
3972,20:29:02:513,3,Severe_Damage,L3_S3,-1740,1114,14670,-608,20,-187,0,-197.66
3973,20:29:02:523,3,Severe_Damage,L3_S3,-1636,1022,14600,-544,20,-188,0,-267.66
3974,20:29:02:533,3,Severe_Damage,L3_S3,-1672,1078,14568,-447,17,-165,0,-299.66
3975,20:29:02:543,3,Severe_Damage,L3_S3,-1644,1022,14442,-325,32,-147,0,-425.66
3976,20:29:02:553,3,Severe_Damage,L3_S3,-1738,1026,14430,-194,24,-116,0,-437.66
3977,20:29:02:563,3,Severe_Damage,L3_S3,-1666,1072,14500,-71,30,-103,0,-367.66
3978,20:29:02:572,3,Severe_Damage,L3_S3,-1672,1050,14546,60,40,-90,0,-321.66
3979,20:29:02:582,3,Severe_Damage,L3_S3,-1746,1052,14652,148,45,-71,0,-215.66
3980,20:29:02:592,3,Severe_Damage,L3_S3,-1748,1096,14822,209,36,-67,0,-45.66
3981,20:29:02:602,3,Severe_Damage,L3_S3,-1782,1120,14908,224,39,-61,0,40.34
3982,20:29:02:612,3,Severe_Damage,L3_S3,-1726,1176,15028,206,42,-52,0,160.34
3983,20:29:02:623,3,Severe_Damage,L3_S3,-1788,1148,15144,146,39,-79,0,276.34
3984,20:29:02:632,3,Severe_Damage,L3_S3,-1790,1180,15236,55,42,-84,0,368.34
3985,20:29:02:643,3,Severe_Damage,L3_S3,-1804,1204,15248,-67,40,-102,0,380.34
3986,20:29:02:653,3,Severe_Damage,L3_S3,-1802,1196,15238,-188,28,-120,0,370.34
3987,20:29:02:663,3,Severe_Damage,L3_S3,-1806,1170,15198,-321,23,-137,0,330.34
3988,20:29:02:673,3,Severe_Damage,L3_S3,-1784,1150,15084,-426,28,-157,0,216.34
3989,20:29:02:683,3,Severe_Damage,L3_S3,-1798,1108,14998,-514,25,-172,0,130.34
3990,20:29:02:693,3,Severe_Damage,L3_S3,-1720,1118,14898,-568,18,-187,0,30.34
3991,20:29:02:703,3,Severe_Damage,L3_S3,-1760,1096,14884,-595,19,-188,0,16.34
3992,20:29:02:713,3,Severe_Damage,L3_S3,-1680,1120,14678,-575,22,-182,0,-189.66
3993,20:29:02:723,3,Severe_Damage,L3_S3,-1756,1028,14658,-516,16,-172,0,-209.66
3994,20:29:02:733,3,Severe_Damage,L3_S3,-1628,1044,14500,-433,29,-164,0,-367.66
3995,20:29:02:743,3,Severe_Damage,L3_S3,-1654,1078,14510,-321,27,-145,0,-357.66
3996,20:29:02:753,3,Severe_Damage,L3_S3,-1618,1060,14522,-203,34,-131,0,-345.66
3997,20:29:02:763,3,Severe_Damage,L3_S3,-1682,1072,14562,-85,37,-110,0,-305.66
3998,20:29:02:773,3,Severe_Damage,L3_S3,-1680,1062,14628,25,37,-90,0,-239.66
3999,20:29:02:783,3,Severe_Damage,L3_S3,-1680,1108,14704,112,35,-74,0,-163.66
4000,20:29:02:793,3,Severe_Damage,L3_S3,-1724,1106,14816,165,44,-65,0,-51.66
4001,20:29:02:803,3,Severe_Damage,L3_S3,-1708,1106,14894,188,38,-61,0,26.34
4002,20:29:02:813,3,Severe_Damage,L3_S3,-1724,1140,14988,180,43,-68,0,120.34
4003,20:29:02:823,3,Severe_Damage,L3_S3,-1802,1122,15148,123,37,-74,0,280.34
4004,20:29:02:832,3,Severe_Damage,L3_S3,-1736,1156,15242,43,43,-88,0,374.34
4005,20:29:02:843,3,Severe_Damage,L3_S3,-1788,1176,15216,-61,29,-99,0,348.34
4006,20:29:02:853,3,Severe_Damage,L3_S3,-1780,1236,15212,-179,28,-121,0,344.34
4007,20:29:02:863,3,Severe_Damage,L3_S3,-1726,1140,15118,-287,20,-141,0,250.34
4008,20:29:02:873,3,Severe_Damage,L3_S3,-1768,1178,15192,-395,18,-152,0,324.34
4009,20:29:02:883,3,Severe_Damage,L3_S3,-1762,1120,15066,-482,27,-179,0,198.34
4010,20:29:02:893,3,Severe_Damage,L3_S3,-1732,1138,14874,-542,12,-181,0,6.34
4011,20:29:02:903,3,Severe_Damage,L3_S3,-1758,1084,14778,-559,17,-175,0,-89.66
4012,20:29:02:913,3,Severe_Damage,L3_S3,-1736,1066,14754,-542,21,-175,0,-113.66
4013,20:29:02:923,3,Severe_Damage,L3_S3,-1732,1062,14632,-495,22,-166,0,-235.66
4014,20:29:02:933,3,Severe_Damage,L3_S3,-1666,1032,14518,-419,30,-164,0,-349.66
4015,20:29:02:943,3,Severe_Damage,L3_S3,-1684,1070,14554,-322,27,-148,0,-313.66
4016,20:29:02:953,3,Severe_Damage,L3_S3,-1716,1070,14594,-214,32,-123,0,-273.66
4017,20:29:02:963,3,Severe_Damage,L3_S3,-1678,1094,14650,-107,31,-109,0,-217.66
4018,20:29:02:973,3,Severe_Damage,L3_S3,-1702,1048,14644,-6,39,-92,0,-223.66
4019,20:29:02:983,3,Severe_Damage,L3_S3,-1692,1094,14752,83,35,-83,0,-115.66
4020,20:29:02:993,3,Severe_Damage,L3_S3,-1722,1088,14866,139,33,-77,0,-1.66
4021,20:29:03:003,3,Severe_Damage,L3_S3,-1770,1086,14882,156,42,-72,0,14.34
4022,20:29:03:013,3,Severe_Damage,L3_S3,-1748,1164,15008,148,37,-66,0,140.34
4023,20:29:03:023,3,Severe_Damage,L3_S3,-1746,1160,15102,99,37,-73,0,234.34
4024,20:29:03:033,3,Severe_Damage,L3_S3,-1810,1192,15088,31,39,-83,0,220.34
4025,20:29:03:043,3,Severe_Damage,L3_S3,-1798,1162,15150,-66,34,-103,0,282.34
4026,20:29:03:053,3,Severe_Damage,L3_S3,-1784,1232,15168,-167,29,-115,0,300.34
4027,20:29:03:063,3,Severe_Damage,L3_S3,-1772,1194,15160,-283,27,-138,0,292.34
4028,20:29:03:073,3,Severe_Damage,L3_S3,-1766,1142,15022,-372,31,-148,0,154.34
4029,20:29:03:083,3,Severe_Damage,L3_S3,-1794,1120,15038,-446,27,-161,0,170.34
4030,20:29:03:093,3,Severe_Damage,L3_S3,-1728,1162,14962,-500,24,-172,0,94.34
4031,20:29:03:103,3,Severe_Damage,L3_S3,-1752,1104,14836,-532,18,-172,0,-31.66
4032,20:29:03:113,3,Severe_Damage,L3_S3,-1736,1058,14730,-518,19,-172,0,-137.66
4033,20:29:03:123,3,Severe_Damage,L3_S3,-1740,1060,14628,-474,22,-169,0,-239.66
4034,20:29:03:133,3,Severe_Damage,L3_S3,-1694,1066,14612,-407,24,-154,0,-255.66
4035,20:29:03:143,3,Severe_Damage,L3_S3,-1704,1020,14536,-320,26,-146,0,-331.66
4036,20:29:03:153,3,Severe_Damage,L3_S3,-1664,1078,14528,-217,27,-135,0,-339.66
4037,20:29:03:163,3,Severe_Damage,L3_S3,-1698,1026,14638,-120,36,-118,0,-229.66
4038,20:29:03:173,3,Severe_Damage,L3_S3,-1660,1056,14616,-27,39,-93,0,-251.66
4039,20:29:03:183,3,Severe_Damage,L3_S3,-1736,1088,14710,47,39,-84,0,-157.66
4040,20:29:03:193,3,Severe_Damage,L3_S3,-1710,1072,14840,105,44,-83,0,-27.66
4041,20:29:03:203,3,Severe_Damage,L3_S3,-1738,1078,14878,129,35,-69,0,10.34
4042,20:29:03:213,3,Severe_Damage,L3_S3,-1750,1110,14980,121,36,-73,0,112.34
4043,20:29:03:223,3,Severe_Damage,L3_S3,-1756,1138,15128,84,32,-82,0,260.34
4044,20:29:03:233,3,Severe_Damage,L3_S3,-1760,1108,15172,17,36,-90,0,304.34
4045,20:29:03:243,3,Severe_Damage,L3_S3,-1734,1184,15230,-72,31,-105,0,362.34
4046,20:29:03:253,3,Severe_Damage,L3_S3,-1822,1146,15146,-162,25,-121,0,278.34
4047,20:29:03:263,3,Severe_Damage,L3_S3,-1774,1124,15168,-256,32,-129,0,300.34
4048,20:29:03:273,3,Severe_Damage,L3_S3,-1740,1162,15070,-347,23,-150,0,202.34
4049,20:29:03:283,3,Severe_Damage,L3_S3,-1748,1154,14986,-428,21,-159,0,118.34
4050,20:29:03:293,3,Severe_Damage,L3_S3,-1746,1104,14930,-475,21,-169,0,62.34
4051,20:29:03:303,3,Severe_Damage,L3_S3,-1770,1074,14836,-494,18,-172,0,-31.66
4052,20:29:03:313,3,Severe_Damage,L3_S3,-1728,1048,14720,-454,23,-169,0,-147.66
4053,20:29:03:323,3,Severe_Damage,L3_S3,-1694,1066,14682,-392,25,-163,0,-185.66
4054,20:29:03:333,3,Severe_Damage,L3_S3,-1708,1038,14592,-309,27,-144,0,-275.66
4055,20:29:03:345,3,Severe_Damage,L3_S3,-1716,1064,14610,-223,33,-125,0,-257.66
4056,20:29:03:353,3,Severe_Damage,L3_S3,-1680,1010,14644,-130,28,-111,0,-223.66
4057,20:29:03:363,3,Severe_Damage,L3_S3,-1670,1052,14660,-44,25,-102,0,-207.66
4058,20:29:03:373,3,Severe_Damage,L3_S3,-1722,1060,14718,20,34,-86,0,-149.66
4059,20:29:03:383,3,Severe_Damage,L3_S3,-1716,1094,14796,76,36,-78,0,-71.66
4060,20:29:03:393,3,Severe_Damage,L3_S3,-1728,1112,14900,100,36,-79,0,32.34
4061,20:29:03:403,3,Severe_Damage,L3_S3,-1780,1158,15034,88,41,-79,0,166.34
4062,20:29:03:413,3,Severe_Damage,L3_S3,-1764,1130,15086,58,42,-87,0,218.34
4063,20:29:03:423,3,Severe_Damage,L3_S3,-1756,1150,15114,8,44,-93,0,246.34
4064,20:29:03:433,3,Severe_Damage,L3_S3,-1796,1156,15130,-68,36,-104,0,262.34
4065,20:29:03:443,3,Severe_Damage,L3_S3,-1754,1182,15090,-153,37,-119,0,222.34
4066,20:29:03:453,3,Severe_Damage,L3_S3,-1718,1150,15134,-252,24,-131,0,266.34
4067,20:29:03:463,3,Severe_Damage,L3_S3,-1770,1130,15078,-328,29,-144,0,210.34
4068,20:29:03:473,3,Severe_Damage,L3_S3,-1768,1126,15046,-400,26,-151,0,178.34
4069,20:29:03:483,3,Severe_Damage,L3_S3,-1760,1118,14940,-445,25,-160,0,72.34
4070,20:29:03:493,3,Severe_Damage,L3_S3,-1716,1106,14874,-471,24,-166,0,6.34
4071,20:29:03:503,3,Severe_Damage,L3_S3,-1724,1078,14696,-465,15,-163,0,-171.66
4072,20:29:03:513,3,Severe_Damage,L3_S3,-1720,1088,14640,-437,25,-161,0,-227.66
4073,20:29:03:523,3,Severe_Damage,L3_S3,-1688,1120,14708,-379,32,-154,0,-159.66
4074,20:29:03:533,3,Severe_Damage,L3_S3,-1698,1048,14574,-314,30,-140,0,-293.66
4075,20:29:03:543,3,Severe_Damage,L3_S3,-1654,1020,14642,-225,33,-136,0,-225.66
4076,20:29:03:553,3,Severe_Damage,L3_S3,-1704,1098,14660,-146,26,-119,0,-207.66
4077,20:29:03:563,3,Severe_Damage,L3_S3,-1712,1094,14648,-64,33,-102,0,-219.66
4078,20:29:03:573,3,Severe_Damage,L3_S3,-1718,1086,14704,1,32,-87,0,-163.66
4079,20:29:03:583,3,Severe_Damage,L3_S3,-1734,1132,14808,50,30,-79,0,-59.66
4080,20:29:03:593,3,Severe_Damage,L3_S3,-1752,1116,14916,72,38,-76,0,48.34
4081,20:29:03:603,3,Severe_Damage,L3_S3,-1752,1146,14986,68,33,-80,0,118.34
4082,20:29:03:613,3,Severe_Damage,L3_S3,-1744,1168,14974,38,31,-86,0,106.34
4083,20:29:03:623,3,Severe_Damage,L3_S3,-1732,1154,15040,-14,35,-99,0,172.34
4084,20:29:03:633,3,Severe_Damage,L3_S3,-1792,1144,15040,-80,32,-100,0,172.34
4085,20:29:03:643,3,Severe_Damage,L3_S3,-1740,1134,15028,-155,35,-123,0,160.34
4086,20:29:03:653,3,Severe_Damage,L3_S3,-1764,1138,15056,-240,22,-129,0,188.34
4087,20:29:03:663,3,Severe_Damage,L3_S3,-1730,1160,15060,-308,30,-137,0,192.34
4088,20:29:03:673,3,Severe_Damage,L3_S3,-1748,1160,15016,-377,25,-160,0,148.34
4089,20:29:03:683,3,Severe_Damage,L3_S3,-1782,1176,14942,-430,22,-154,0,74.34
4090,20:29:03:693,3,Severe_Damage,L3_S3,-1698,1094,14888,-441,26,-161,0,20.34
4091,20:29:03:703,3,Severe_Damage,L3_S3,-1710,1072,14774,-442,16,-158,0,-93.66
4092,20:29:03:713,3,Severe_Damage,L3_S3,-1792,1066,14728,-412,17,-158,0,-139.66
4093,20:29:03:723,3,Severe_Damage,L3_S3,-1696,1056,14708,-370,13,-150,0,-159.66
4094,20:29:03:733,3,Severe_Damage,L3_S3,-1696,1032,14650,-301,24,-137,0,-217.66
4095,20:29:03:743,3,Severe_Damage,L3_S3,-1664,994,14650,-234,34,-131,0,-217.66
4096,20:29:03:753,3,Severe_Damage,L3_S3,-1714,1066,14632,-153,33,-117,0,-235.66
4097,20:29:03:763,3,Severe_Damage,L3_S3,-1728,1068,14710,-79,42,-112,0,-157.66
4098,20:29:03:773,3,Severe_Damage,L3_S3,-1724,1076,14754,-16,36,-97,0,-113.66
4099,20:29:03:783,3,Severe_Damage,L3_S3,-1714,1132,14818,27,40,-83,0,-49.66
4100,20:29:03:793,3,Severe_Damage,L3_S3,-1724,1120,14878,44,35,-82,0,10.34
4101,20:29:03:803,3,Severe_Damage,L3_S3,-1702,1076,14952,45,39,-82,0,84.34
4102,20:29:03:813,3,Severe_Damage,L3_S3,-1778,1168,14960,28,31,-88,0,92.34
4103,20:29:03:823,3,Severe_Damage,L3_S3,-1790,1166,15102,-21,32,-89,0,234.34
4104,20:29:03:833,3,Severe_Damage,L3_S3,-1780,1150,15170,-79,28,-104,0,302.34
4105,20:29:03:843,3,Severe_Damage,L3_S3,-1760,1190,15066,-152,25,-109,0,198.34
4106,20:29:03:853,3,Severe_Damage,L3_S3,-1742,1134,15028,-227,32,-134,0,160.34
4107,20:29:03:863,3,Severe_Damage,L3_S3,-1788,1174,15050,-296,27,-132,0,182.34
4108,20:29:03:873,3,Severe_Damage,L3_S3,-1702,1082,14966,-349,19,-146,0,98.34
4109,20:29:03:883,3,Severe_Damage,L3_S3,-1700,1128,14932,-396,15,-155,0,64.34
4110,20:29:03:893,3,Severe_Damage,L3_S3,-1726,1138,14888,-420,15,-154,0,20.34
4111,20:29:03:903,3,Severe_Damage,L3_S3,-1774,1046,14802,-419,21,-157,0,-65.66
4112,20:29:03:913,3,Severe_Damage,L3_S3,-1732,1052,14708,-394,17,-156,0,-159.66
4113,20:29:03:923,3,Severe_Damage,L3_S3,-1718,1042,14722,-358,18,-153,0,-145.66
4114,20:29:03:933,3,Severe_Damage,L3_S3,-1720,1108,14654,-295,25,-138,0,-213.66
4115,20:29:03:943,3,Severe_Damage,L3_S3,-1694,1078,14666,-235,17,-124,0,-201.66
4116,20:29:03:953,3,Severe_Damage,L3_S3,-1640,1056,14676,-161,35,-121,0,-191.66
4117,20:29:03:963,3,Severe_Damage,L3_S3,-1756,1068,14744,-97,22,-106,0,-123.66
4118,20:29:03:973,3,Severe_Damage,L3_S3,-1692,1104,14730,-40,39,-110,0,-137.66
4119,20:29:03:983,3,Severe_Damage,L3_S3,-1720,1112,14792,0,44,-93,0,-75.66
4120,20:29:03:993,3,Severe_Damage,L3_S3,-1720,1130,14874,23,33,-86,0,6.34
4121,20:29:04:003,3,Severe_Damage,L3_S3,-1700,1154,14964,22,36,-90,0,96.34
4122,20:29:04:013,3,Severe_Damage,L3_S3,-1734,1144,14998,4,29,-97,0,130.34
4123,20:29:04:023,3,Severe_Damage,L3_S3,-1742,1148,15020,-36,30,-100,0,152.34
4124,20:29:04:033,3,Severe_Damage,L3_S3,-1744,1134,15070,-85,36,-106,0,202.34
4125,20:29:04:043,3,Severe_Damage,L3_S3,-1762,1178,14998,-147,31,-114,0,130.34
4126,20:29:04:053,3,Severe_Damage,L3_S3,-1774,1136,15088,-213,31,-125,0,220.34
4127,20:29:04:063,3,Severe_Damage,L3_S3,-1780,1154,15038,-280,22,-128,0,170.34
4128,20:29:04:073,3,Severe_Damage,L3_S3,-1756,1142,15004,-335,27,-145,0,136.34
4129,20:29:04:083,3,Severe_Damage,L3_S3,-1738,1118,14906,-380,21,-148,0,38.34
4130,20:29:04:093,3,Severe_Damage,L3_S3,-1742,1140,14864,-397,30,-155,0,-3.66
4131,20:29:04:103,3,Severe_Damage,L3_S3,-1734,1116,14776,-398,25,-154,0,-91.66
4132,20:29:04:113,3,Severe_Damage,L3_S3,-1736,1110,14772,-383,27,-160,0,-95.66
4133,20:29:04:123,3,Severe_Damage,L3_S3,-1734,1128,14758,-342,29,-148,0,-109.66
4134,20:29:04:133,3,Severe_Damage,L3_S3,-1728,1040,14688,-294,24,-146,0,-179.66
4135,20:29:04:143,3,Severe_Damage,L3_S3,-1724,1072,14680,-237,29,-128,0,-187.66
4136,20:29:04:153,3,Severe_Damage,L3_S3,-1680,1074,14692,-167,27,-119,0,-175.66
4137,20:29:04:163,3,Severe_Damage,L3_S3,-1716,1048,14682,-104,28,-105,0,-185.66
4138,20:29:04:173,3,Severe_Damage,L3_S3,-1730,1080,14796,-52,34,-101,0,-71.66
4139,20:29:04:183,3,Severe_Damage,L3_S3,-1698,1052,14828,-14,38,-98,0,-39.66
4140,20:29:04:193,3,Severe_Damage,L3_S3,-1730,1122,14882,6,31,-96,0,14.34
4141,20:29:04:203,3,Severe_Damage,L3_S3,-1748,1098,14902,6,29,-88,0,34.34
4142,20:29:04:213,3,Severe_Damage,L3_S3,-1708,1148,14976,-10,36,-89,0,108.34
4143,20:29:04:223,3,Severe_Damage,L3_S3,-1748,1172,14970,-40,37,-99,0,102.34
4144,20:29:04:233,3,Severe_Damage,L3_S3,-1762,1132,14986,-93,31,-106,0,118.34
4145,20:29:04:243,3,Severe_Damage,L3_S3,-1746,1142,15024,-152,32,-114,0,156.34
4146,20:29:04:253,3,Severe_Damage,L3_S3,-1792,1110,15044,-215,25,-124,0,176.34
4147,20:29:04:263,3,Severe_Damage,L3_S3,-1730,1124,15078,-273,36,-138,0,210.34
4148,20:29:04:273,3,Severe_Damage,L3_S3,-1734,1178,14944,-323,20,-136,0,76.34
4149,20:29:04:283,3,Severe_Damage,L3_S3,-1720,1122,14964,-360,31,-148,0,96.34
4150,20:29:04:293,3,Severe_Damage,L3_S3,-1714,1076,14854,-380,20,-153,0,-13.66
4151,20:29:04:303,3,Severe_Damage,L3_S3,-1746,1136,14794,-384,21,-151,0,-73.66
4152,20:29:04:313,3,Severe_Damage,L3_S3,-1714,1090,14800,-366,22,-148,0,-67.66
4153,20:29:04:323,3,Severe_Damage,L3_S3,-1682,1106,14728,-330,18,-146,0,-139.66
4154,20:29:04:333,3,Severe_Damage,L3_S3,-1756,1074,14716,-290,25,-141,0,-151.66
4155,20:29:04:343,3,Severe_Damage,L3_S3,-1690,1070,14660,-234,28,-129,0,-207.66
4156,20:29:04:353,3,Severe_Damage,L3_S3,-1718,1098,14672,-171,29,-118,0,-195.66
4157,20:29:04:363,3,Severe_Damage,L3_S3,-1698,1084,14708,-124,31,-115,0,-159.66
4158,20:29:04:373,3,Severe_Damage,L3_S3,-1766,1026,14746,-66,29,-107,0,-121.66
4159,20:29:04:383,3,Severe_Damage,L3_S3,-1716,1092,14824,-29,31,-101,0,-43.66
4160,20:29:04:393,3,Severe_Damage,L3_S3,-1740,1112,14904,-7,38,-94,0,36.34
4161,20:29:04:403,3,Severe_Damage,L3_S3,-1732,1140,14920,-4,41,-100,0,52.34
4162,20:29:04:413,3,Severe_Damage,L3_S3,-1786,1124,15002,-18,39,-100,0,134.34
4163,20:29:04:423,3,Severe_Damage,L3_S3,-1738,1136,14994,-52,29,-102,0,126.34
4164,20:29:04:433,3,Severe_Damage,L3_S3,-1736,1110,15032,-91,30,-104,0,164.34
4165,20:29:04:443,3,Severe_Damage,L3_S3,-1770,1156,14968,-147,23,-117,0,100.34
4166,20:29:04:453,3,Severe_Damage,L3_S3,-1774,1162,14964,-204,35,-119,0,96.34
4167,20:29:04:463,3,Severe_Damage,L3_S3,-1738,1140,14984,-256,24,-131,0,116.34
4168,20:29:04:473,3,Severe_Damage,L3_S3,-1696,1138,14970,-306,31,-145,0,102.34
4169,20:29:04:483,3,Severe_Damage,L3_S3,-1740,1128,14992,-348,28,-149,0,124.34
4170,20:29:04:493,3,Severe_Damage,L3_S3,-1726,1096,14822,-362,27,-157,0,-45.66
4171,20:29:04:503,3,Severe_Damage,L3_S3,-1756,1122,14796,-369,18,-151,0,-71.66
4172,20:29:04:513,3,Severe_Damage,L3_S3,-1736,1084,14734,-354,28,-148,0,-133.66
4173,20:29:04:523,3,Severe_Damage,L3_S3,-1706,1092,14738,-326,19,-146,0,-129.66
4174,20:29:04:533,3,Severe_Damage,L3_S3,-1666,1074,14682,-286,23,-139,0,-185.66
4175,20:29:04:543,3,Severe_Damage,L3_S3,-1722,1098,14726,-233,30,-127,0,-141.66
4176,20:29:04:554,3,Severe_Damage,L3_S3,-1676,1088,14754,-179,37,-122,0,-113.66
4177,20:29:04:563,3,Severe_Damage,L3_S3,-1730,1092,14722,-131,34,-107,0,-145.66
4178,20:29:04:573,3,Severe_Damage,L3_S3,-1698,1072,14774,-81,36,-107,0,-93.66
4179,20:29:04:583,3,Severe_Damage,L3_S3,-1730,1126,14810,-54,30,-103,0,-57.66
4180,20:29:04:594,3,Severe_Damage,L3_S3,-1752,1066,14844,-31,35,-102,0,-23.66
4181,20:29:04:603,3,Severe_Damage,L3_S3,-1760,1106,14920,-21,32,-98,0,52.34
4182,20:29:04:613,3,Severe_Damage,L3_S3,-1748,1176,14948,-30,35,-103,0,80.34
4183,20:29:04:623,3,Severe_Damage,L3_S3,-1760,1118,14954,-63,28,-105,0,86.34
4184,20:29:04:633,3,Severe_Damage,L3_S3,-1788,1108,15068,-101,30,-104,0,200.34
4185,20:29:04:643,3,Severe_Damage,L3_S3,-1746,1182,15054,-144,32,-122,0,186.34
4186,20:29:04:653,3,Severe_Damage,L3_S3,-1762,1114,15028,-198,30,-121,0,160.34
4187,20:29:04:664,3,Severe_Damage,L3_S3,-1744,1108,15006,-257,31,-134,0,138.34
4188,20:29:04:674,3,Severe_Damage,L3_S3,-1700,1128,14956,-298,28,-137,0,88.34
4189,20:29:04:683,3,Severe_Damage,L3_S3,-1760,1066,14840,-329,27,-147,0,-27.66
4190,20:29:04:693,3,Severe_Damage,L3_S3,-1714,1090,14862,-351,24,-146,0,-5.66
4191,20:29:04:703,3,Severe_Damage,L3_S3,-1754,1106,14894,-349,29,-156,0,26.34
4192,20:29:04:713,3,Severe_Damage,L3_S3,-1716,1092,14800,-348,27,-152,0,-67.66
4193,20:29:04:723,3,Severe_Damage,L3_S3,-1698,1092,14804,-318,27,-147,0,-63.66
4194,20:29:04:733,3,Severe_Damage,L3_S3,-1698,1092,14730,-278,25,-135,0,-137.66
4195,20:29:04:743,3,Severe_Damage,L3_S3,-1722,1044,14728,-229,30,-128,0,-139.66
4196,20:29:04:753,3,Severe_Damage,L3_S3,-1714,1070,14726,-184,24,-126,0,-141.66
4197,20:29:04:764,3,Severe_Damage,L3_S3,-1758,1100,14790,-135,33,-112,0,-77.66
4198,20:29:04:774,3,Severe_Damage,L3_S3,-1734,1064,14702,-92,27,-110,0,-165.66
4199,20:29:04:783,3,Severe_Damage,L3_S3,-1722,1110,14780,-60,37,-102,0,-87.66
4200,20:29:04:793,3,Severe_Damage,L3_S3,-1804,1068,14836,-40,35,-99,0,-31.66
4201,20:29:04:803,3,Severe_Damage,L3_S3,-1690,1054,14932,-39,41,-94,0,64.34
4202,20:29:04:813,3,Severe_Damage,L3_S3,-1742,1082,14972,-49,31,-95,0,104.34
4203,20:29:04:824,3,Severe_Damage,L3_S3,-1770,1110,14946,-72,36,-102,0,78.34
4204,20:29:04:833,3,Severe_Damage,L3_S3,-1756,1146,15004,-106,35,-110,0,136.34
4205,20:29:04:844,3,Severe_Damage,L3_S3,-1810,1144,15000,-150,30,-116,0,132.34
4206,20:29:04:854,3,Severe_Damage,L3_S3,-1736,1154,15014,-196,33,-119,0,146.34
4207,20:29:04:864,3,Severe_Damage,L3_S3,-1746,1126,15002,-244,21,-126,0,134.34
4208,20:29:04:874,3,Severe_Damage,L3_S3,-1764,1134,14946,-283,20,-136,0,78.34
4209,20:29:04:884,3,Severe_Damage,L3_S3,-1706,1102,14908,-321,20,-147,0,40.34
4210,20:29:04:894,3,Severe_Damage,L3_S3,-1728,1104,14830,-330,16,-139,0,-37.66
4211,20:29:04:904,3,Severe_Damage,L3_S3,-1694,1132,14884,-338,21,-144,0,16.34
4212,20:29:04:914,3,Severe_Damage,L3_S3,-1686,1074,14766,-332,26,-141,0,-101.66
4213,20:29:04:923,3,Severe_Damage,L3_S3,-1742,1134,14786,-309,27,-145,0,-81.66
4214,20:29:04:934,3,Severe_Damage,L3_S3,-1670,1102,14748,-271,32,-137,0,-119.66
4215,20:29:04:943,3,Severe_Damage,L3_S3,-1702,1108,14766,-236,28,-129,0,-101.66
4216,20:29:04:954,3,Severe_Damage,L3_S3,-1718,1092,14710,-186,33,-123,0,-157.66
4217,20:29:04:964,3,Severe_Damage,L3_S3,-1744,1084,14788,-143,22,-110,0,-79.66
4218,20:29:04:974,3,Severe_Damage,L3_S3,-1780,1116,14800,-110,38,-107,0,-67.66
4219,20:29:04:983,3,Severe_Damage,L3_S3,-1708,1092,14782,-72,34,-108,0,-85.66
4220,20:29:04:993,3,Severe_Damage,L3_S3,-1758,1136,14864,-53,36,-103,0,-3.66
4221,20:29:05:003,3,Severe_Damage,L3_S3,-1790,1130,14928,-52,32,-104,0,60.34
4222,20:29:05:014,3,Severe_Damage,L3_S3,-1740,1120,14978,-58,30,-104,0,110.34
4223,20:29:05:024,3,Severe_Damage,L3_S3,-1802,1186,15004,-78,30,-104,0,136.34
4224,20:29:05:034,3,Severe_Damage,L3_S3,-1718,1142,14992,-106,37,-109,0,124.34
4225,20:29:05:044,3,Severe_Damage,L3_S3,-1728,1150,15006,-148,27,-116,0,138.34
4226,20:29:05:054,3,Severe_Damage,L3_S3,-1728,1132,15016,-191,38,-124,0,148.34
4227,20:29:05:064,3,Severe_Damage,L3_S3,-1702,1186,14930,-234,21,-127,0,62.34
4228,20:29:05:074,3,Severe_Damage,L3_S3,-1708,1184,14952,-271,30,-138,0,84.34
4229,20:29:05:084,3,Severe_Damage,L3_S3,-1786,1128,14910,-300,22,-137,0,42.34
4230,20:29:05:094,3,Severe_Damage,L3_S3,-1704,1142,14910,-325,22,-149,0,42.34
4231,20:29:05:104,3,Severe_Damage,L3_S3,-1684,1114,14894,-327,22,-149,0,26.34
4232,20:29:05:114,3,Severe_Damage,L3_S3,-1734,1088,14774,-319,14,-141,0,-93.66
4233,20:29:05:124,3,Severe_Damage,L3_S3,-1762,1114,14856,-299,24,-131,0,-11.66
4234,20:29:05:134,3,Severe_Damage,L3_S3,-1696,1082,14832,-275,20,-134,0,-35.66
4235,20:29:05:144,3,Severe_Damage,L3_S3,-1720,1076,14776,-230,24,-133,0,-91.66
4236,20:29:05:154,3,Severe_Damage,L3_S3,-1726,1082,14718,-196,30,-124,0,-149.66
4237,20:29:05:164,3,Severe_Damage,L3_S3,-1668,1088,14752,-157,31,-118,0,-115.66
4238,20:29:05:174,3,Severe_Damage,L3_S3,-1746,1092,14762,-124,28,-111,0,-105.66
4239,20:29:05:184,3,Severe_Damage,L3_S3,-1742,1118,14830,-91,33,-110,0,-37.66
4240,20:29:05:193,3,Severe_Damage,L3_S3,-1730,1048,14888,-70,33,-102,0,20.34
4241,20:29:05:203,3,Severe_Damage,L3_S3,-1734,1114,14844,-62,30,-102,0,-23.66
4242,20:29:05:213,3,Severe_Damage,L3_S3,-1782,1112,14926,-66,31,-104,0,58.34
4243,20:29:05:223,3,Severe_Damage,L3_S3,-1768,1144,14980,-84,27,-104,0,112.34
4244,20:29:05:234,3,Severe_Damage,L3_S3,-1744,1144,14954,-117,23,-108,0,86.34
4245,20:29:05:244,3,Severe_Damage,L3_S3,-1732,1124,14992,-152,30,-113,0,124.34
4246,20:29:05:254,3,Severe_Damage,L3_S3,-1796,1114,15022,-190,14,-119,0,154.34
4247,20:29:05:264,3,Severe_Damage,L3_S3,-1728,1114,14980,-227,26,-126,0,112.34
4248,20:29:05:274,3,Severe_Damage,L3_S3,-1760,1138,14894,-262,30,-131,0,26.34
4249,20:29:05:284,3,Severe_Damage,L3_S3,-1676,1124,14934,-289,28,-136,0,66.34
4250,20:29:05:294,3,Severe_Damage,L3_S3,-1658,1146,14934,-310,33,-142,0,66.34
4251,20:29:05:304,3,Severe_Damage,L3_S3,-1752,1106,14858,-317,26,-141,0,-9.66
4252,20:29:05:314,3,Severe_Damage,L3_S3,-1718,1126,14784,-306,23,-147,0,-83.66
4253,20:29:05:324,3,Severe_Damage,L3_S3,-1774,1056,14836,-294,26,-133,0,-31.66
4254,20:29:05:334,3,Severe_Damage,L3_S3,-1726,1060,14786,-268,27,-133,0,-81.66
4255,20:29:05:344,3,Severe_Damage,L3_S3,-1684,1076,14768,-237,36,-131,0,-99.66
4256,20:29:05:354,3,Severe_Damage,L3_S3,-1690,1044,14786,-197,29,-116,0,-81.66
4257,20:29:05:364,3,Severe_Damage,L3_S3,-1722,1112,14806,-156,41,-123,0,-61.66
4258,20:29:05:374,3,Severe_Damage,L3_S3,-1720,1090,14786,-124,25,-112,0,-81.66
4259,20:29:05:384,3,Severe_Damage,L3_S3,-1716,1130,14790,-98,33,-112,0,-77.66
4260,20:29:05:394,3,Severe_Damage,L3_S3,-1718,1102,14850,-78,36,-108,0,-17.66
4261,20:29:05:404,3,Severe_Damage,L3_S3,-1742,1126,14884,-77,30,-100,0,16.34
4262,20:29:05:414,3,Severe_Damage,L3_S3,-1708,1124,14904,-77,36,-109,0,36.34
4263,20:29:05:424,3,Severe_Damage,L3_S3,-1728,1156,14924,-91,30,-110,0,56.34
4264,20:29:05:434,3,Severe_Damage,L3_S3,-1708,1122,14994,-117,39,-109,0,126.34
4265,20:29:05:444,3,Severe_Damage,L3_S3,-1742,1166,14944,-155,32,-113,0,76.34
4266,20:29:05:454,3,Severe_Damage,L3_S3,-1738,1154,14956,-187,34,-125,0,88.34
4267,20:29:05:464,3,Severe_Damage,L3_S3,-1742,1090,14990,-220,31,-128,0,122.34
4268,20:29:05:474,3,Severe_Damage,L3_S3,-1758,1114,14978,-256,26,-134,0,110.34
4269,20:29:05:484,3,Severe_Damage,L3_S3,-1782,1082,14966,-276,27,-137,0,98.34
4270,20:29:05:494,3,Severe_Damage,L3_S3,-1768,1096,14834,-299,16,-143,0,-33.66
4271,20:29:05:504,3,Severe_Damage,L3_S3,-1742,1068,14836,-308,29,-142,0,-31.66
4272,20:29:05:514,3,Severe_Damage,L3_S3,-1714,1116,14910,-304,37,-137,0,42.34
4273,20:29:05:524,3,Severe_Damage,L3_S3,-1714,1090,14804,-285,29,-133,0,-63.66
4274,20:29:05:534,3,Severe_Damage,L3_S3,-1686,1064,14760,-263,35,-135,0,-107.66
4275,20:29:05:544,3,Severe_Damage,L3_S3,-1724,1090,14774,-229,17,-128,0,-93.66
4276,20:29:05:554,3,Severe_Damage,L3_S3,-1698,1098,14816,-196,32,-118,0,-51.66
4277,20:29:05:564,3,Severe_Damage,L3_S3,-1752,1100,14842,-171,25,-123,0,-25.66
4278,20:29:05:574,3,Severe_Damage,L3_S3,-1688,1110,14792,-131,26,-113,0,-75.66
4279,20:29:05:584,3,Severe_Damage,L3_S3,-1698,1162,14880,-105,33,-116,0,12.34
4280,20:29:05:594,3,Severe_Damage,L3_S3,-1760,1114,14886,-92,26,-105,0,18.34
4281,20:29:05:604,3,Severe_Damage,L3_S3,-1714,1080,14970,-80,42,-111,0,102.34
4282,20:29:05:614,3,Severe_Damage,L3_S3,-1770,1094,14932,-87,26,-106,0,64.34
4283,20:29:05:624,3,Severe_Damage,L3_S3,-1762,1106,14902,-94,16,-107,0,34.34
4284,20:29:05:634,3,Severe_Damage,L3_S3,-1746,1138,15024,-119,30,-107,0,156.34
4285,20:29:05:644,3,Severe_Damage,L3_S3,-1684,1126,14948,-154,23,-117,0,80.34
4286,20:29:05:654,3,Severe_Damage,L3_S3,-1718,1156,15008,-183,33,-123,0,140.34
4287,20:29:05:664,3,Severe_Damage,L3_S3,-1752,1114,15012,-218,24,-123,0,144.34
4288,20:29:05:674,3,Severe_Damage,L3_S3,-1748,1120,14930,-245,30,-131,0,62.34
4289,20:29:05:684,3,Severe_Damage,L3_S3,-1750,1126,14902,-270,25,-131,0,34.34
4290,20:29:05:694,3,Severe_Damage,L3_S3,-1746,1098,14898,-287,16,-137,0,30.34
4291,20:29:05:704,3,Severe_Damage,L3_S3,-1724,1100,14914,-292,26,-143,0,46.34
4292,20:29:05:714,3,Severe_Damage,L3_S3,-1722,1138,14796,-296,30,-140,0,-71.66
4293,20:29:05:724,3,Severe_Damage,L3_S3,-1680,1102,14850,-287,33,-137,0,-17.66
4294,20:29:05:734,3,Severe_Damage,L3_S3,-1694,1138,14854,-255,25,-129,0,-13.66
4295,20:29:05:744,3,Severe_Damage,L3_S3,-1734,1114,14800,-227,32,-131,0,-67.66
4296,20:29:05:754,3,Severe_Damage,L3_S3,-1712,1070,14810,-201,33,-120,0,-57.66
4297,20:29:05:764,3,Severe_Damage,L3_S3,-1720,1094,14800,-165,28,-117,0,-67.66
4298,20:29:05:774,3,Severe_Damage,L3_S3,-1730,1130,14844,-137,34,-112,0,-23.66
4299,20:29:05:784,3,Severe_Damage,L3_S3,-1730,1128,14836,-111,27,-106,0,-31.66
4300,20:29:05:794,3,Severe_Damage,L3_S3,-1696,1128,14876,-96,31,-104,0,8.34
4301,20:29:05:804,3,Severe_Damage,L3_S3,-1754,1118,14908,-89,34,-106,0,40.34
4302,20:29:05:814,3,Severe_Damage,L3_S3,-1790,1084,14902,-95,33,-105,0,34.34
4303,20:29:05:824,3,Severe_Damage,L3_S3,-1738,1100,14952,-111,35,-113,0,84.34
4304,20:29:05:834,3,Severe_Damage,L3_S3,-1768,1078,14976,-130,33,-115,0,108.34
4305,20:29:05:844,3,Severe_Damage,L3_S3,-1736,1116,14910,-157,36,-121,0,42.34
4306,20:29:05:854,3,Severe_Damage,L3_S3,-1786,1154,14890,-185,26,-125,0,22.34
4307,20:29:05:864,3,Severe_Damage,L3_S3,-1738,1104,14976,-209,31,-132,0,108.34
4308,20:29:05:874,3,Severe_Damage,L3_S3,-1734,1100,14960,-241,31,-132,0,92.34
4309,20:29:05:884,3,Severe_Damage,L3_S3,-1700,1110,14944,-260,20,-135,0,76.34
4310,20:29:05:894,3,Severe_Damage,L3_S3,-1730,1106,14864,-283,30,-136,0,-3.66
4311,20:29:05:904,3,Severe_Damage,L3_S3,-1752,1116,14868,-289,18,-135,0,0.34
4312,20:29:05:914,3,Severe_Damage,L3_S3,-1702,1106,14836,-283,35,-133,0,-31.66
4313,20:29:05:924,3,Severe_Damage,L3_S3,-1720,1122,14866,-276,31,-132,0,-1.66
4314,20:29:05:934,3,Severe_Damage,L3_S3,-1746,1074,14784,-250,28,-124,0,-83.66
4315,20:29:05:944,3,Severe_Damage,L3_S3,-1718,1052,14722,-229,28,-132,0,-145.66
4316,20:29:05:954,3,Severe_Damage,L3_S3,-1744,1096,14822,-195,28,-124,0,-45.66
4317,20:29:05:964,3,Severe_Damage,L3_S3,-1686,1074,14796,-170,32,-123,0,-71.66
4318,20:29:05:974,3,Severe_Damage,L3_S3,-1772,1082,14836,-151,28,-118,0,-31.66
4319,20:29:05:984,3,Severe_Damage,L3_S3,-1738,1050,14830,-126,31,-110,0,-37.66
4320,20:29:05:994,3,Severe_Damage,L3_S3,-1718,1110,14848,-103,38,-103,0,-19.66
4321,20:29:06:004,3,Severe_Damage,L3_S3,-1734,1126,14870,-102,27,-107,0,2.34
4322,20:29:06:014,3,Severe_Damage,L3_S3,-1684,1086,14920,-107,34,-116,0,52.34
4323,20:29:06:024,3,Severe_Damage,L3_S3,-1756,1138,14892,-120,30,-107,0,24.34
4324,20:29:06:034,3,Severe_Damage,L3_S3,-1754,1136,14966,-134,39,-116,0,98.34
4325,20:29:06:044,3,Severe_Damage,L3_S3,-1726,1126,14922,-158,28,-119,0,54.34
4326,20:29:06:054,3,Severe_Damage,L3_S3,-1742,1146,14964,-184,30,-117,0,96.34
4327,20:29:06:064,3,Severe_Damage,L3_S3,-1708,1148,14952,-210,30,-124,0,84.34
4328,20:29:06:074,3,Severe_Damage,L3_S3,-1728,1104,14938,-232,27,-127,0,70.34
4329,20:29:06:084,3,Severe_Damage,L3_S3,-1750,1106,14882,-259,27,-126,0,14.34
4330,20:29:06:094,3,Severe_Damage,L3_S3,-1704,1110,14896,-272,26,-137,0,28.34
4331,20:29:06:104,3,Severe_Damage,L3_S3,-1778,1154,14838,-277,22,-135,0,-29.66
4332,20:29:06:114,3,Severe_Damage,L3_S3,-1732,1096,14890,-270,33,-135,0,22.34
4333,20:29:06:124,3,Severe_Damage,L3_S3,-1768,1130,14868,-265,25,-128,0,0.34
4334,20:29:06:134,3,Severe_Damage,L3_S3,-1712,1114,14822,-248,32,-124,0,-45.66
4335,20:29:06:144,3,Severe_Damage,L3_S3,-1684,1082,14868,-223,25,-130,0,0.34
4336,20:29:06:154,3,Severe_Damage,L3_S3,-1756,1046,14788,-203,27,-118,0,-79.66
4337,20:29:06:164,3,Severe_Damage,L3_S3,-1734,1118,14782,-174,33,-116,0,-85.66
4338,20:29:06:174,3,Severe_Damage,L3_S3,-1740,1094,14824,-152,27,-111,0,-43.66
4339,20:29:06:184,3,Severe_Damage,L3_S3,-1706,1142,14872,-130,35,-109,0,4.34
4340,20:29:06:194,3,Severe_Damage,L3_S3,-1670,1090,14914,-117,37,-115,0,46.34
4341,20:29:06:204,3,Severe_Damage,L3_S3,-1764,1068,14876,-105,38,-111,0,8.34
4342,20:29:06:214,3,Severe_Damage,L3_S3,-1674,1128,14924,-114,31,-112,0,56.34
4343,20:29:06:224,3,Severe_Damage,L3_S3,-1730,1146,14866,-115,32,-109,0,-1.66
4344,20:29:06:234,3,Severe_Damage,L3_S3,-1754,1142,14920,-137,30,-108,0,52.34
4345,20:29:06:244,3,Severe_Damage,L3_S3,-1748,1084,14956,-157,28,-117,0,88.34
4346,20:29:06:254,3,Severe_Damage,L3_S3,-1732,1106,14898,-186,26,-122,0,30.34
4347,20:29:06:264,3,Severe_Damage,L3_S3,-1750,1116,14942,-209,33,-126,0,74.34
4348,20:29:06:274,3,Severe_Damage,L3_S3,-1768,1142,14954,-236,18,-128,0,86.34
4349,20:29:06:284,3,Severe_Damage,L3_S3,-1766,1142,14868,-251,41,-129,0,0.34
4350,20:29:06:294,3,Severe_Damage,L3_S3,-1732,1066,14860,-269,21,-127,0,-7.66
4351,20:29:06:304,3,Severe_Damage,L3_S3,-1724,1120,14818,-270,26,-131,0,-49.66
4352,20:29:06:314,3,Severe_Damage,L3_S3,-1734,1152,14852,-269,35,-138,0,-15.66
4353,20:29:06:324,3,Severe_Damage,L3_S3,-1742,1104,14844,-264,26,-133,0,-23.66
4354,20:29:06:334,3,Severe_Damage,L3_S3,-1736,1106,14870,-249,28,-138,0,2.34
4355,20:29:06:344,3,Severe_Damage,L3_S3,-1706,1080,14810,-224,23,-129,0,-57.66
4356,20:29:06:354,3,Severe_Damage,L3_S3,-1688,1094,14796,-200,26,-123,0,-71.66
4357,20:29:06:364,3,Severe_Damage,L3_S3,-1706,1156,14798,-176,34,-122,0,-69.66
4358,20:29:06:374,3,Severe_Damage,L3_S3,-1760,1106,14784,-154,32,-119,0,-83.66
4359,20:29:06:384,3,Severe_Damage,L3_S3,-1704,1092,14842,-140,32,-106,0,-25.66
4360,20:29:06:394,3,Severe_Damage,L3_S3,-1738,1108,14876,-123,31,-116,0,8.34
4361,20:29:06:404,3,Severe_Damage,L3_S3,-1712,1068,14878,-116,36,-116,0,10.34
4362,20:29:06:414,3,Severe_Damage,L3_S3,-1728,1094,14906,-115,25,-108,0,38.34
4363,20:29:06:424,3,Severe_Damage,L3_S3,-1732,1122,14924,-125,34,-110,0,56.34
4364,20:29:06:434,3,Severe_Damage,L3_S3,-1722,1164,14924,-134,28,-114,0,56.34
4365,20:29:06:444,3,Severe_Damage,L3_S3,-1678,1118,14892,-158,27,-121,0,24.34
4366,20:29:06:454,3,Severe_Damage,L3_S3,-1716,1112,15000,-181,30,-128,0,132.34
4367,20:29:06:464,3,Severe_Damage,L3_S3,-1714,1130,14920,-205,23,-121,0,52.34
4368,20:29:06:474,3,Severe_Damage,L3_S3,-1744,1078,14840,-221,24,-128,0,-27.66
4369,20:29:06:484,3,Severe_Damage,L3_S3,-1768,1054,14928,-250,21,-133,0,60.34
4370,20:29:06:494,3,Severe_Damage,L3_S3,-1764,1072,14890,-261,26,-129,0,22.34
4371,20:29:06:504,3,Severe_Damage,L3_S3,-1722,1132,14864,-260,29,-122,0,-3.66
4372,20:29:06:514,3,Severe_Damage,L3_S3,-1704,1150,14878,-266,29,-130,0,10.34
4373,20:29:06:524,3,Severe_Damage,L3_S3,-1708,1098,14900,-257,29,-135,0,32.34
4374,20:29:06:534,3,Severe_Damage,L3_S3,-1712,1132,14940,-243,26,-135,0,72.34
4375,20:29:06:544,3,Severe_Damage,L3_S3,-1720,1088,14786,-218,27,-133,0,-81.66
4376,20:29:06:554,3,Severe_Damage,L3_S3,-1716,1114,14814,-201,30,-127,0,-53.66
4377,20:29:06:564,3,Severe_Damage,L3_S3,-1740,1154,14824,-181,24,-120,0,-43.66
4378,20:29:06:574,3,Severe_Damage,L3_S3,-1708,1134,14864,-160,42,-122,0,-3.66
4379,20:29:06:584,3,Severe_Damage,L3_S3,-1776,1114,14832,-138,28,-120,0,-35.66
4380,20:29:06:594,3,Severe_Damage,L3_S3,-1702,1168,14828,-129,33,-114,0,-39.66
4381,20:29:06:604,3,Severe_Damage,L3_S3,-1748,1094,14894,-125,27,-111,0,26.34
4382,20:29:06:614,3,Severe_Damage,L3_S3,-1702,1122,14942,-127,28,-110,0,74.34
4383,20:29:06:624,3,Severe_Damage,L3_S3,-1732,1124,14954,-128,32,-106,0,86.34
4384,20:29:06:634,3,Severe_Damage,L3_S3,-1774,1130,14960,-146,29,-113,0,92.34
4385,20:29:06:644,3,Severe_Damage,L3_S3,-1776,1130,14982,-154,35,-112,0,114.34
4386,20:29:06:654,3,Severe_Damage,L3_S3,-1762,1142,14918,-180,30,-116,0,50.34
4387,20:29:06:664,3,Severe_Damage,L3_S3,-1770,1118,14968,-203,30,-129,0,100.34
4388,20:29:06:674,3,Severe_Damage,L3_S3,-1730,1096,14878,-224,24,-119,0,10.34
4389,20:29:06:684,3,Severe_Damage,L3_S3,-1752,1098,14892,-233,26,-130,0,24.34
4390,20:29:06:694,3,Severe_Damage,L3_S3,-1716,1136,14844,-250,22,-124,0,-23.66
4391,20:29:06:704,3,Severe_Damage,L3_S3,-1696,1096,14884,-254,26,-125,0,16.34
4392,20:29:06:714,3,Severe_Damage,L3_S3,-1718,1104,14884,-260,30,-133,0,16.34
4393,20:29:06:724,3,Severe_Damage,L3_S3,-1754,1062,14842,-249,26,-137,0,-25.66
4394,20:29:06:734,3,Severe_Damage,L3_S3,-1750,1078,14776,-244,27,-134,0,-91.66
4395,20:29:06:744,3,Severe_Damage,L3_S3,-1706,1126,14786,-218,26,-131,0,-81.66
4396,20:29:06:754,3,Severe_Damage,L3_S3,-1746,1148,14802,-205,18,-129,0,-65.66
4397,20:29:06:764,3,Severe_Damage,L3_S3,-1740,1138,14888,-177,29,-121,0,20.34
4398,20:29:06:774,3,Severe_Damage,L3_S3,-1752,1082,14898,-165,27,-115,0,30.34
4399,20:29:06:784,3,Severe_Damage,L3_S3,-1694,1120,14842,-144,45,-117,0,-25.66
4400,20:29:06:794,3,Severe_Damage,L3_S3,-1668,1074,14812,-138,26,-122,0,-55.66
4401,20:29:06:804,3,Severe_Damage,L3_S3,-1716,1110,14846,-132,27,-119,0,-21.66
4402,20:29:06:814,3,Severe_Damage,L3_S3,-1752,1100,14916,-133,34,-109,0,48.34
4403,20:29:06:824,3,Severe_Damage,L3_S3,-1720,1140,14880,-137,29,-118,0,12.34
4404,20:29:06:835,3,Severe_Damage,L3_S3,-1760,1120,14880,-145,37,-119,0,12.34
4405,20:29:06:844,3,Severe_Damage,L3_S3,-1766,1104,14948,-158,30,-115,0,80.34
4406,20:29:06:854,3,Severe_Damage,L3_S3,-1764,1134,14892,-175,32,-121,0,24.34
4407,20:29:06:864,3,Severe_Damage,L3_S3,-1724,1146,14958,-194,28,-118,0,90.34
4408,20:29:06:874,3,Severe_Damage,L3_S3,-1734,1162,14968,-213,29,-123,0,100.34
4409,20:29:06:884,3,Severe_Damage,L3_S3,-1726,1114,14920,-236,24,-128,0,52.34
4410,20:29:06:894,3,Severe_Damage,L3_S3,-1752,1144,14888,-248,30,-125,0,20.34
4411,20:29:06:904,3,Severe_Damage,L3_S3,-1744,1080,14842,-251,28,-125,0,-25.66
4412,20:29:06:914,3,Severe_Damage,L3_S3,-1706,1084,14886,-251,26,-131,0,18.34
4413,20:29:06:924,3,Severe_Damage,L3_S3,-1716,1098,14882,-251,31,-126,0,14.34
4414,20:29:06:934,3,Severe_Damage,L3_S3,-1712,1120,14878,-234,29,-121,0,10.34
4415,20:29:06:944,3,Severe_Damage,L3_S3,-1718,1102,14774,-222,31,-126,0,-93.66
4416,20:29:06:954,3,Severe_Damage,L3_S3,-1698,1052,14852,-202,26,-125,0,-15.66
4417,20:29:06:964,3,Severe_Damage,L3_S3,-1706,1096,14820,-190,22,-118,0,-47.66
4418,20:29:06:974,3,Severe_Damage,L3_S3,-1724,1116,14832,-172,37,-114,0,-35.66
4419,20:29:06:984,3,Severe_Damage,L3_S3,-1714,1114,14894,-160,25,-113,0,26.34
4420,20:29:06:994,3,Severe_Damage,L3_S3,-1684,1134,14806,-145,34,-120,0,-61.66
4421,20:29:07:004,3,Severe_Damage,L3_S3,-1764,1116,14922,-135,28,-114,0,54.34
4422,20:29:07:014,3,Severe_Damage,L3_S3,-1694,1096,14962,-129,34,-110,0,94.34
4423,20:29:07:024,3,Severe_Damage,L3_S3,-1732,1112,14890,-135,36,-117,0,22.34
4424,20:29:07:034,3,Severe_Damage,L3_S3,-1740,1120,14954,-141,31,-116,0,86.34
4425,20:29:07:044,3,Severe_Damage,L3_S3,-1724,1088,14916,-155,36,-120,0,48.34
4426,20:29:07:054,3,Severe_Damage,L3_S3,-1734,1140,14944,-181,24,-120,0,76.34
4427,20:29:07:064,3,Severe_Damage,L3_S3,-1718,1162,14908,-196,27,-127,0,40.34
4428,20:29:07:074,3,Severe_Damage,L3_S3,-1684,1128,14928,-215,29,-125,0,60.34
4429,20:29:07:085,3,Severe_Damage,L3_S3,-1748,1072,14936,-224,19,-123,0,68.34
4430,20:29:07:094,3,Severe_Damage,L3_S3,-1662,1090,14940,-238,29,-132,0,72.34
4431,20:29:07:104,3,Severe_Damage,L3_S3,-1792,1094,14904,-246,17,-120,0,36.34
4432,20:29:07:114,3,Severe_Damage,L3_S3,-1722,1110,14894,-246,33,-124,0,26.34
4433,20:29:07:124,3,Severe_Damage,L3_S3,-1746,1134,14848,-241,25,-129,0,-19.66
4434,20:29:07:134,3,Severe_Damage,L3_S3,-1720,1150,14860,-236,23,-127,0,-7.66
4435,20:29:07:144,3,Severe_Damage,L3_S3,-1708,1096,14762,-222,39,-129,0,-105.66
4436,20:29:07:154,3,Severe_Damage,L3_S3,-1754,1090,14798,-204,21,-119,0,-69.66
4437,20:29:07:164,3,Severe_Damage,L3_S3,-1746,1088,14828,-184,25,-116,0,-39.66
4438,20:29:07:174,3,Severe_Damage,L3_S3,-1694,1108,14790,-168,21,-117,0,-77.66
4439,20:29:07:184,3,Severe_Damage,L3_S3,-1718,1046,14814,-152,22,-113,0,-53.66
4440,20:29:07:194,3,Severe_Damage,L3_S3,-1712,1098,14916,-146,30,-118,0,48.34
4441,20:29:07:204,3,Severe_Damage,L3_S3,-1782,1094,14890,-135,27,-113,0,22.34
4442,20:29:07:214,3,Severe_Damage,L3_S3,-1734,1098,14882,-138,30,-111,0,14.34
4443,20:29:07:224,3,Severe_Damage,L3_S3,-1732,1098,14922,-144,28,-114,0,54.34
4444,20:29:07:234,3,Severe_Damage,L3_S3,-1750,1142,14896,-153,32,-113,0,28.34
4445,20:29:07:244,3,Severe_Damage,L3_S3,-1734,1108,15022,-163,31,-123,0,154.34
4446,20:29:07:254,3,Severe_Damage,L3_S3,-1742,1102,14948,-179,26,-119,0,80.34
4447,20:29:07:264,3,Severe_Damage,L3_S3,-1764,1104,14940,-194,34,-126,0,72.34
4448,20:29:07:274,3,Severe_Damage,L3_S3,-1738,1142,14934,-205,24,-125,0,66.34
4449,20:29:07:284,3,Severe_Damage,L3_S3,-1730,1164,14892,-228,30,-133,0,24.34
4450,20:29:07:295,3,Severe_Damage,L3_S3,-1706,1080,14868,-236,26,-134,0,0.34
4451,20:29:07:304,3,Severe_Damage,L3_S3,-1712,1092,14944,-244,27,-134,0,76.34
4452,20:29:07:314,3,Severe_Damage,L3_S3,-1788,1124,14876,-242,23,-129,0,8.34
4453,20:29:07:324,3,Severe_Damage,L3_S3,-1730,1146,14820,-240,21,-128,0,-47.66
4454,20:29:07:334,3,Severe_Damage,L3_S3,-1712,1148,14844,-230,34,-127,0,-23.66
4455,20:29:07:344,3,Severe_Damage,L3_S3,-1712,1148,14818,-216,23,-129,0,-49.66
4456,20:29:07:354,3,Severe_Damage,L3_S3,-1664,1132,14766,-200,26,-123,0,-101.66
4457,20:29:07:364,3,Severe_Damage,L3_S3,-1690,1088,14844,-197,30,-120,0,-23.66
4458,20:29:07:374,3,Severe_Damage,L3_S3,-1726,1102,14850,-172,30,-119,0,-17.66
4459,20:29:07:384,3,Severe_Damage,L3_S3,-1708,1134,14840,-164,36,-117,0,-27.66
4460,20:29:07:395,3,Severe_Damage,L3_S3,-1744,1146,14812,-151,29,-118,0,-55.66
4461,20:29:07:404,3,Severe_Damage,L3_S3,-1684,1120,14868,-144,31,-115,0,0.34
4462,20:29:07:414,3,Severe_Damage,L3_S3,-1746,1088,14868,-146,28,-114,0,0.34
4463,20:29:07:424,3,Severe_Damage,L3_S3,-1750,1034,14944,-148,31,-115,0,76.34
4464,20:29:07:434,3,Severe_Damage,L3_S3,-1738,1106,14896,-151,29,-113,0,28.34
4465,20:29:07:445,3,Severe_Damage,L3_S3,-1802,1110,14926,-161,25,-115,0,58.34
4466,20:29:07:454,3,Severe_Damage,L3_S3,-1730,1116,14922,-175,33,-130,0,54.34
4467,20:29:07:464,3,Severe_Damage,L3_S3,-1766,1120,14936,-193,21,-124,0,68.34
4468,20:29:07:475,3,Severe_Damage,L3_S3,-1766,1132,14980,-206,30,-133,0,112.34
4469,20:29:07:485,3,Severe_Damage,L3_S3,-1726,1130,14842,-221,23,-127,0,-25.66
4470,20:29:07:495,3,Severe_Damage,L3_S3,-1698,1076,14880,-230,21,-126,0,12.34
4471,20:29:07:505,3,Severe_Damage,L3_S3,-1694,1094,14902,-229,28,-131,0,34.34
4472,20:29:07:514,3,Severe_Damage,L3_S3,-1722,1134,14924,-238,24,-126,0,56.34
4473,20:29:07:525,3,Severe_Damage,L3_S3,-1742,1078,14844,-229,29,-128,0,-23.66
4474,20:29:07:534,3,Severe_Damage,L3_S3,-1688,1160,14828,-232,25,-125,0,-39.66
4475,20:29:07:544,3,Severe_Damage,L3_S3,-1718,1090,14752,-219,26,-116,0,-115.66
4476,20:29:07:554,3,Severe_Damage,L3_S3,-1656,1128,14828,-206,31,-123,0,-39.66
4477,20:29:07:565,3,Severe_Damage,L3_S3,-1760,1084,14844,-185,20,-119,0,-23.66
4478,20:29:07:575,3,Severe_Damage,L3_S3,-1706,1120,14872,-175,34,-128,0,4.34
4479,20:29:07:585,3,Severe_Damage,L3_S3,-1734,1120,14828,-163,20,-125,0,-39.66
4480,20:29:07:595,3,Severe_Damage,L3_S3,-1746,1124,14852,-162,31,-119,0,-15.66
4481,20:29:07:605,3,Severe_Damage,L3_S3,-1748,1086,14860,-153,31,-120,0,-7.66
4482,20:29:07:615,3,Severe_Damage,L3_S3,-1736,1174,14934,-147,33,-113,0,66.34
4483,20:29:07:625,3,Severe_Damage,L3_S3,-1692,1120,14916,-149,39,-115,0,48.34
4484,20:29:07:635,3,Severe_Damage,L3_S3,-1696,1136,14884,-156,36,-114,0,16.34
4485,20:29:07:645,3,Severe_Damage,L3_S3,-1724,1134,14994,-165,34,-115,0,126.34
4486,20:29:07:655,3,Severe_Damage,L3_S3,-1766,1098,14892,-176,27,-124,0,24.34
4487,20:29:07:665,3,Severe_Damage,L3_S3,-1776,1128,14906,-189,27,-124,0,38.34
4488,20:29:07:675,3,Severe_Damage,L3_S3,-1740,1154,14968,-203,30,-126,0,100.34
4489,20:29:07:685,3,Severe_Damage,L3_S3,-1722,1114,14918,-219,24,-123,0,50.34
4490,20:29:07:695,3,Severe_Damage,L3_S3,-1712,1140,14936,-233,27,-123,0,68.34
4491,20:29:07:705,3,Severe_Damage,L3_S3,-1744,1156,14844,-232,29,-121,0,-23.66
4492,20:29:07:715,3,Severe_Damage,L3_S3,-1710,1070,14920,-236,27,-130,0,52.34
4493,20:29:07:725,3,Severe_Damage,L3_S3,-1732,1106,14924,-233,37,-126,0,56.34
4494,20:29:07:735,3,Severe_Damage,L3_S3,-1746,1110,14836,-227,32,-128,0,-31.66
4495,20:29:07:745,3,Severe_Damage,L3_S3,-1714,1102,14936,-217,34,-132,0,68.34
4496,20:29:07:755,3,Severe_Damage,L3_S3,-1710,1094,14838,-202,26,-124,0,-29.66
4497,20:29:07:765,3,Severe_Damage,L3_S3,-1732,1118,14822,-190,30,-127,0,-45.66
4498,20:29:07:775,3,Severe_Damage,L3_S3,-1732,1078,14868,-176,25,-121,0,0.34
4499,20:29:07:785,3,Severe_Damage,L3_S3,-1686,1060,14852,-171,34,-119,0,-15.66
4500,20:29:07:795,3,Severe_Damage,L3_S3,-1710,1124,14882,-158,35,-118,0,14.34
4501,20:29:07:805,3,Severe_Damage,L3_S3,-1782,1144,14922,-159,25,-117,0,54.34
4502,20:29:07:815,3,Severe_Damage,L3_S3,-1702,1120,14842,-152,25,-113,0,-25.66
4503,20:29:07:825,3,Severe_Damage,L3_S3,-1706,1108,14884,-162,26,-114,0,16.34
4504,20:29:07:835,3,Severe_Damage,L3_S3,-1760,1056,14882,-155,30,-116,0,14.34
4505,20:29:07:845,3,Severe_Damage,L3_S3,-1740,1120,14872,-173,30,-118,0,4.34
4506,20:29:07:855,3,Severe_Damage,L3_S3,-1774,1102,14930,-180,26,-114,0,62.34
4507,20:29:07:865,3,Severe_Damage,L3_S3,-1748,1118,14960,-189,32,-123,0,92.34
4508,20:29:07:875,3,Severe_Damage,L3_S3,-1742,1070,14914,-199,25,-126,0,46.34
4509,20:29:07:885,3,Severe_Damage,L3_S3,-1732,1106,14916,-213,31,-132,0,48.34
4510,20:29:07:895,3,Severe_Damage,L3_S3,-1724,1122,14896,-221,27,-126,0,28.34
4511,20:29:07:905,3,Severe_Damage,L3_S3,-1718,1100,14870,-230,24,-126,0,2.34
4512,20:29:07:915,3,Severe_Damage,L3_S3,-1716,1092,14852,-231,29,-135,0,-15.66
4513,20:29:07:925,3,Severe_Damage,L3_S3,-1728,1078,14842,-235,24,-132,0,-25.66
4514,20:29:07:935,3,Severe_Damage,L3_S3,-1714,1114,14828,-219,33,-130,0,-39.66
4515,20:29:07:945,3,Severe_Damage,L3_S3,-1716,1108,14820,-216,18,-124,0,-47.66
4516,20:29:07:955,3,Severe_Damage,L3_S3,-1714,1152,14814,-200,31,-125,0,-53.66
4517,20:29:07:965,3,Severe_Damage,L3_S3,-1688,1118,14798,-187,28,-123,0,-69.66
4518,20:29:07:975,3,Severe_Damage,L3_S3,-1732,1128,14826,-183,34,-118,0,-41.66
4519,20:29:07:985,3,Severe_Damage,L3_S3,-1738,1088,14876,-177,34,-120,0,8.34
4520,20:29:07:995,3,Severe_Damage,L3_S3,-1746,1102,14838,-166,34,-120,0,-29.66
4521,20:29:08:005,3,Severe_Damage,L3_S3,-1778,1070,14868,-157,35,-121,0,0.34
4522,20:29:08:015,3,Severe_Damage,L3_S3,-1698,1122,14874,-157,29,-119,0,6.34
4523,20:29:08:025,3,Severe_Damage,L3_S3,-1728,1054,14898,-152,30,-117,0,30.34
4524,20:29:08:035,3,Severe_Damage,L3_S3,-1742,1110,14856,-167,30,-116,0,-11.66
4525,20:29:08:045,3,Severe_Damage,L3_S3,-1732,1120,14906,-168,35,-122,0,38.34
4526,20:29:08:055,3,Severe_Damage,L3_S3,-1754,1132,14966,-178,28,-121,0,98.34
4527,20:29:08:065,3,Severe_Damage,L3_S3,-1724,1102,14866,-190,19,-120,0,-1.66
4528,20:29:08:075,3,Severe_Damage,L3_S3,-1720,1124,14910,-194,34,-125,0,42.34
4529,20:29:08:085,3,Severe_Damage,L3_S3,-1780,1138,14846,-211,22,-122,0,-21.66
4530,20:29:08:095,3,Severe_Damage,L3_S3,-1694,1130,14886,-221,26,-128,0,18.34
4531,20:29:08:109,3,Severe_Damage,L3_S3,-1700,1114,14876,-226,27,-127,0,8.34
4532,20:29:08:115,3,Severe_Damage,L3_S3,-1748,1128,14900,-225,28,-125,0,32.34
4533,20:29:08:125,3,Severe_Damage,L3_S3,-1684,1128,14858,-219,30,-121,0,-9.66
4534,20:29:08:135,3,Severe_Damage,L3_S3,-1740,1092,14872,-219,25,-124,0,4.34
4535,20:29:08:145,3,Severe_Damage,L3_S3,-1708,1110,14876,-210,32,-120,0,8.34
4536,20:29:08:155,3,Severe_Damage,L3_S3,-1732,1096,14854,-206,25,-121,0,-13.66
4537,20:29:08:165,3,Severe_Damage,L3_S3,-1772,1098,14842,-194,30,-121,0,-25.66
4538,20:29:08:175,3,Severe_Damage,L3_S3,-1724,1102,14852,-184,29,-128,0,-15.66
4539,20:29:08:185,3,Severe_Damage,L3_S3,-1746,1106,14832,-174,25,-119,0,-35.66
4540,20:29:08:195,3,Severe_Damage,L3_S3,-1730,1112,14840,-167,33,-122,0,-27.66
4541,20:29:08:205,3,Severe_Damage,L3_S3,-1740,1134,14814,-158,32,-119,0,-53.66
4542,20:29:08:215,3,Severe_Damage,L3_S3,-1744,1118,14868,-162,31,-123,0,0.34
4543,20:29:08:225,3,Severe_Damage,L3_S3,-1736,1118,14888,-160,30,-122,0,20.34
4544,20:29:08:235,3,Severe_Damage,L3_S3,-1728,1110,14900,-176,36,-122,0,32.34
4545,20:29:08:245,3,Severe_Damage,L3_S3,-1728,1122,14890,-181,29,-119,0,22.34
4546,20:29:08:255,3,Severe_Damage,L3_S3,-1802,1120,14888,-191,31,-117,0,20.34
4547,20:29:08:265,3,Severe_Damage,L3_S3,-1702,1114,14884,-204,26,-124,0,16.34
4548,20:29:08:275,3,Severe_Damage,L3_S3,-1700,1138,14932,-213,33,-127,0,64.34
4549,20:29:08:285,3,Severe_Damage,L3_S3,-1794,1118,14826,-215,30,-129,0,-41.66
4550,20:29:08:295,3,Severe_Damage,L3_S3,-1722,1124,14924,-223,23,-129,0,56.34
4551,20:29:08:305,3,Severe_Damage,L3_S3,-1758,1136,14898,-222,22,-123,0,30.34
4552,20:29:08:315,3,Severe_Damage,L3_S3,-1722,1102,14852,-225,30,-129,0,-15.66
4553,20:29:08:325,3,Severe_Damage,L3_S3,-1724,1130,14812,-215,26,-125,0,-55.66
4554,20:29:08:335,3,Severe_Damage,L3_S3,-1744,1098,14864,-210,23,-126,0,-3.66
4555,20:29:08:345,3,Severe_Damage,L3_S3,-1746,1144,14888,-200,35,-134,0,20.34
4556,20:29:08:355,3,Severe_Damage,L3_S3,-1798,1076,14832,-196,29,-125,0,-35.66
4557,20:29:08:365,3,Severe_Damage,L3_S3,-1756,1094,14922,-182,33,-124,0,54.34
4558,20:29:08:375,3,Severe_Damage,L3_S3,-1750,1126,14836,-178,24,-123,0,-31.66
4559,20:29:08:385,3,Severe_Damage,L3_S3,-1760,1102,14832,-168,34,-118,0,-35.66
4560,20:29:08:395,3,Severe_Damage,L3_S3,-1758,1098,14922,-163,35,-115,0,54.34
4561,20:29:08:405,3,Severe_Damage,L3_S3,-1724,1128,14880,-163,31,-114,0,12.34
4562,20:29:08:415,3,Severe_Damage,L3_S3,-1766,1120,14914,-165,37,-118,0,46.34
4563,20:29:08:425,3,Severe_Damage,L3_S3,-1656,1138,14834,-166,22,-117,0,-33.66
4564,20:29:08:435,3,Severe_Damage,L3_S3,-1712,1134,14938,-174,28,-121,0,70.34
4565,20:29:08:445,3,Severe_Damage,L3_S3,-1704,1076,14918,-180,34,-123,0,50.34
4566,20:29:08:455,3,Severe_Damage,L3_S3,-1742,1134,14938,-189,23,-123,0,70.34
4567,20:29:08:465,3,Severe_Damage,L3_S3,-1770,1082,14852,-195,28,-128,0,-15.66
4568,20:29:08:475,3,Severe_Damage,L3_S3,-1718,1078,14922,-205,22,-129,0,54.34
4569,20:29:08:485,3,Severe_Damage,L3_S3,-1744,1072,14882,-209,30,-122,0,14.34
4570,20:29:08:495,3,Severe_Damage,L3_S3,-1712,1076,14924,-227,26,-123,0,56.34
4571,20:29:08:505,3,Severe_Damage,L3_S3,-1704,1120,14882,-225,30,-125,0,14.34
4572,20:29:08:515,3,Severe_Damage,L3_S3,-1690,1124,14822,-220,27,-123,0,-45.66
4573,20:29:08:525,3,Severe_Damage,L3_S3,-1732,1076,14804,-216,33,-126,0,-63.66
4574,20:29:08:535,3,Severe_Damage,L3_S3,-1730,1110,14870,-214,25,-119,0,2.34
4575,20:29:08:545,3,Severe_Damage,L3_S3,-1720,1124,14876,-201,32,-119,0,8.34
4576,20:29:08:555,3,Severe_Damage,L3_S3,-1744,1142,14876,-187,25,-118,0,8.34
4577,20:29:08:565,3,Severe_Damage,L3_S3,-1744,1110,14894,-182,26,-120,0,26.34
4578,20:29:08:575,3,Severe_Damage,L3_S3,-1712,1106,14810,-174,33,-119,0,-57.66
4579,20:29:08:585,3,Severe_Damage,L3_S3,-1752,1100,14812,-172,27,-121,0,-55.66
4580,20:29:08:595,3,Severe_Damage,L3_S3,-1670,1066,14876,-166,28,-120,0,8.34
4581,20:29:08:605,3,Severe_Damage,L3_S3,-1696,1122,14812,-158,28,-121,0,-55.66
4582,20:29:08:615,3,Severe_Damage,L3_S3,-1772,1088,14890,-160,32,-116,0,22.34
4583,20:29:08:625,3,Severe_Damage,L3_S3,-1740,1140,14896,-166,28,-124,0,28.34
4584,20:29:08:635,3,Severe_Damage,L3_S3,-1764,1116,14890,-177,23,-120,0,22.34
4585,20:29:08:645,3,Severe_Damage,L3_S3,-1704,1104,14870,-180,27,-119,0,2.34
4586,20:29:08:655,3,Severe_Damage,L3_S3,-1732,1148,14864,-189,24,-125,0,-3.66
4587,20:29:08:665,3,Severe_Damage,L3_S3,-1726,1118,14930,-197,23,-116,0,62.34
4588,20:29:08:675,3,Severe_Damage,L3_S3,-1664,1124,14970,-199,22,-125,0,102.34
4589,20:29:08:685,3,Severe_Damage,L3_S3,-1690,1084,14852,-212,20,-123,0,-15.66
4590,20:29:08:695,3,Severe_Damage,L3_S3,-1712,1120,14954,-218,29,-126,0,86.34
4591,20:29:08:705,3,Severe_Damage,L3_S3,-1700,1120,14948,-217,18,-126,0,80.34
4592,20:29:08:715,3,Severe_Damage,L3_S3,-1718,1080,14912,-219,15,-124,0,44.34
4593,20:29:08:725,3,Severe_Damage,L3_S3,-1728,1102,14864,-219,19,-126,0,-3.66
4594,20:29:08:735,3,Severe_Damage,L3_S3,-1692,1082,14900,-211,21,-126,0,32.34
4595,20:29:08:745,3,Severe_Damage,L3_S3,-1780,1098,14810,-199,31,-117,0,-57.66
4596,20:29:08:755,3,Severe_Damage,L3_S3,-1788,1156,14894,-190,27,-125,0,26.34
4597,20:29:08:765,3,Severe_Damage,L3_S3,-1730,1160,14794,-182,22,-123,0,-73.66
4598,20:29:08:775,3,Severe_Damage,L3_S3,-1726,1098,14816,-172,26,-121,0,-51.66
4599,20:29:08:785,3,Severe_Damage,L3_S3,-1704,1128,14808,-171,19,-120,0,-59.66
4600,20:29:08:795,3,Severe_Damage,L3_S3,-1724,1072,14812,-175,34,-123,0,-55.66
4601,20:29:08:805,3,Severe_Damage,L3_S3,-1726,1120,14920,-164,28,-111,0,52.34
4602,20:29:08:815,3,Severe_Damage,L3_S3,-1724,1112,14898,-169,33,-113,0,30.34
4603,20:29:08:825,3,Severe_Damage,L3_S3,-1774,1088,14924,-169,27,-112,0,56.34
4604,20:29:08:835,3,Severe_Damage,L3_S3,-1726,1142,14868,-176,30,-119,0,0.34
4605,20:29:08:845,3,Severe_Damage,L3_S3,-1746,1124,14952,-178,27,-119,0,84.34
4606,20:29:08:855,3,Severe_Damage,L3_S3,-1706,1106,14922,-183,33,-122,0,54.34
4607,20:29:08:865,3,Severe_Damage,L3_S3,-1712,1118,14924,-193,29,-119,0,56.34
4608,20:29:08:875,3,Severe_Damage,L3_S3,-1728,1108,14940,-205,34,-130,0,72.34
4609,20:29:08:885,3,Severe_Damage,L3_S3,-1682,1140,14946,-209,26,-128,0,78.34
4610,20:29:08:895,3,Severe_Damage,L3_S3,-1710,1122,14924,-215,24,-124,0,56.34
4611,20:29:08:905,3,Severe_Damage,L3_S3,-1738,1114,14886,-215,23,-128,0,18.34
4612,20:29:08:915,3,Severe_Damage,L3_S3,-1698,1124,14898,-215,26,-131,0,30.34
4613,20:29:08:925,3,Severe_Damage,L3_S3,-1716,1092,14898,-217,34,-128,0,30.34
4614,20:29:08:935,3,Severe_Damage,L3_S3,-1726,1064,14874,-210,30,-120,0,6.34
4615,20:29:08:945,3,Severe_Damage,L3_S3,-1704,1132,14884,-205,24,-120,0,16.34
4616,20:29:08:955,3,Severe_Damage,L3_S3,-1704,1108,14856,-192,34,-122,0,-11.66
4617,20:29:08:965,3,Severe_Damage,L3_S3,-1736,1130,14858,-188,27,-123,0,-9.66
4618,20:29:08:975,3,Severe_Damage,L3_S3,-1738,1094,14810,-179,32,-120,0,-57.66
4619,20:29:08:985,3,Severe_Damage,L3_S3,-1704,1092,14852,-174,29,-122,0,-15.66
4620,20:29:08:995,3,Severe_Damage,L3_S3,-1766,1096,14872,-170,20,-117,0,4.34
4621,20:29:09:005,3,Severe_Damage,L3_S3,-1746,1092,14906,-169,27,-120,0,38.34
4622,20:29:09:015,3,Severe_Damage,L3_S3,-1688,1104,14936,-168,25,-123,0,68.34
4623,20:29:09:025,3,Severe_Damage,L3_S3,-1732,1114,14882,-169,20,-119,0,14.34
4624,20:29:09:035,3,Severe_Damage,L3_S3,-1728,1114,14870,-171,25,-120,0,2.34
4625,20:29:09:045,3,Severe_Damage,L3_S3,-1728,1128,14938,-185,23,-113,0,70.34
4626,20:29:09:055,3,Severe_Damage,L3_S3,-1754,1126,14886,-185,29,-120,0,18.34
4627,20:29:09:065,3,Severe_Damage,L3_S3,-1772,1126,14896,-196,27,-131,0,28.34
4628,20:29:09:075,3,Severe_Damage,L3_S3,-1746,1108,14868,-204,25,-131,0,0.34
4629,20:29:09:085,3,Severe_Damage,L3_S3,-1748,1124,14834,-210,33,-132,0,-33.66
4630,20:29:09:095,3,Severe_Damage,L3_S3,-1732,1136,14872,-210,25,-129,0,4.34
4631,20:29:09:105,3,Severe_Damage,L3_S3,-1690,1132,14874,-209,31,-131,0,6.34
4632,20:29:09:115,3,Severe_Damage,L3_S3,-1732,1088,14872,-214,24,-125,0,4.34
4633,20:29:09:125,3,Severe_Damage,L3_S3,-1714,1100,14902,-219,28,-128,0,34.34
4634,20:29:09:135,3,Severe_Damage,L3_S3,-1690,1104,14884,-207,36,-134,0,16.34
4635,20:29:09:145,3,Severe_Damage,L3_S3,-1716,1118,14878,-202,37,-128,0,10.34
4636,20:29:09:155,3,Severe_Damage,L3_S3,-1718,1096,14818,-199,29,-128,0,-49.66
4637,20:29:09:168,3,Severe_Damage,L3_S3,-1684,1090,14856,-185,25,-123,0,-11.66
4638,20:29:09:175,3,Severe_Damage,L3_S3,-1748,1146,14920,-179,28,-123,0,52.34
4639,20:29:09:185,3,Severe_Damage,L3_S3,-1760,1138,14858,-175,26,-114,0,-9.66
4640,20:29:09:195,3,Severe_Damage,L3_S3,-1704,1094,14910,-169,24,-121,0,42.34
4641,20:29:09:205,3,Severe_Damage,L3_S3,-1676,1094,14876,-171,20,-119,0,8.34
4642,20:29:09:215,3,Severe_Damage,L3_S3,-1720,1102,14910,-169,25,-129,0,42.34
4643,20:29:09:226,3,Severe_Damage,L3_S3,-1712,1100,14904,-176,24,-120,0,36.34
4644,20:29:09:235,3,Severe_Damage,L3_S3,-1748,1082,14926,-177,22,-118,0,58.34
4645,20:29:09:245,3,Severe_Damage,L3_S3,-1756,1126,14858,-187,23,-125,0,-9.66
4646,20:29:09:255,3,Severe_Damage,L3_S3,-1762,1118,14836,-190,27,-122,0,-31.66
4647,20:29:09:265,3,Severe_Damage,L3_S3,-1696,1128,14864,-194,27,-122,0,-3.66
4648,20:29:09:275,3,Severe_Damage,L3_S3,-1730,1120,14842,-203,28,-121,0,-25.66
4649,20:29:09:285,3,Severe_Damage,L3_S3,-1746,1080,14944,-208,23,-121,0,76.34
4650,20:29:09:295,3,Severe_Damage,L3_S3,-1678,1094,14852,-206,26,-133,0,-15.66
4651,20:29:09:305,3,Severe_Damage,L3_S3,-1764,1116,14858,-214,24,-126,0,-9.66
4652,20:29:09:315,3,Severe_Damage,L3_S3,-1668,1108,14860,-213,30,-128,0,-7.66
4653,20:29:09:325,3,Severe_Damage,L3_S3,-1746,1114,14956,-208,22,-126,0,88.34
4654,20:29:09:335,3,Severe_Damage,L3_S3,-1766,1094,14896,-201,27,-123,0,28.34
4655,20:29:09:345,3,Severe_Damage,L3_S3,-1720,1128,14906,-199,27,-125,0,38.34
4656,20:29:09:355,3,Severe_Damage,L3_S3,-1744,1118,14846,-197,21,-120,0,-21.66
4657,20:29:09:365,3,Severe_Damage,L3_S3,-1728,1106,14808,-191,28,-120,0,-59.66
4658,20:29:09:375,3,Severe_Damage,L3_S3,-1742,1120,14836,-179,29,-132,0,-31.66
4659,20:29:09:385,3,Severe_Damage,L3_S3,-1702,1084,14882,-183,31,-124,0,14.34
4660,20:29:09:395,3,Severe_Damage,L3_S3,-1690,1050,14868,-176,29,-116,0,0.34
4661,20:29:09:405,3,Severe_Damage,L3_S3,-1706,1082,14868,-170,28,-124,0,0.34
4662,20:29:09:415,3,Severe_Damage,L3_S3,-1748,1112,14938,-173,29,-121,0,70.34
4663,20:29:09:425,3,Severe_Damage,L3_S3,-1740,1140,14926,-178,29,-123,0,58.34
4664,20:29:09:435,3,Severe_Damage,L3_S3,-1710,1082,14910,-183,25,-120,0,42.34
4665,20:29:09:445,3,Severe_Damage,L3_S3,-1730,1096,14956,-181,26,-120,0,88.34
4666,20:29:09:455,3,Severe_Damage,L3_S3,-1746,1086,14904,-192,24,-124,0,36.34
4667,20:29:09:465,3,Severe_Damage,L3_S3,-1726,1116,14846,-199,26,-125,0,-21.66
4668,20:29:09:475,3,Severe_Damage,L3_S3,-1714,1106,14872,-203,27,-121,0,4.34
4669,20:29:09:485,3,Severe_Damage,L3_S3,-1734,1142,14914,-209,30,-123,0,46.34
4670,20:29:09:495,3,Severe_Damage,L3_S3,-1734,1112,14854,-206,24,-122,0,-13.66
4671,20:29:09:505,3,Severe_Damage,L3_S3,-1774,1126,14874,-209,29,-128,0,6.34
4672,20:29:09:515,3,Severe_Damage,L3_S3,-1726,1128,14916,-213,23,-129,0,48.34
4673,20:29:09:525,3,Severe_Damage,L3_S3,-1712,1082,14868,-208,32,-128,0,0.34
4674,20:29:09:535,3,Severe_Damage,L3_S3,-1748,1092,14828,-205,33,-124,0,-39.66
4675,20:29:09:545,3,Severe_Damage,L3_S3,-1718,1114,14896,-198,26,-122,0,28.34
4676,20:29:09:555,3,Severe_Damage,L3_S3,-1712,1098,14846,-194,27,-124,0,-21.66
4677,20:29:09:565,3,Severe_Damage,L3_S3,-1738,1092,14840,-192,23,-114,0,-27.66
4678,20:29:09:575,3,Severe_Damage,L3_S3,-1716,1060,14846,-179,25,-123,0,-21.66
4679,20:29:09:585,3,Severe_Damage,L3_S3,-1706,1118,14838,-178,33,-121,0,-29.66
4680,20:29:09:595,3,Severe_Damage,L3_S3,-1730,1090,14894,-177,27,-119,0,26.34
4681,20:29:09:605,3,Severe_Damage,L3_S3,-1730,1128,14874,-168,38,-123,0,6.34
4682,20:29:09:615,3,Severe_Damage,L3_S3,-1742,1142,14884,-173,28,-121,0,16.34
4683,20:29:09:625,3,Severe_Damage,L3_S3,-1690,1090,14884,-178,30,-118,0,16.34
4684,20:29:09:635,3,Severe_Damage,L3_S3,-1720,1104,14878,-179,24,-121,0,10.34
4685,20:29:09:645,3,Severe_Damage,L3_S3,-1724,1118,14866,-181,30,-117,0,-1.66
4686,20:29:09:655,3,Severe_Damage,L3_S3,-1738,1110,14832,-190,29,-126,0,-35.66
4687,20:29:09:665,3,Severe_Damage,L3_S3,-1738,1108,14818,-191,22,-128,0,-49.66
4688,20:29:09:675,3,Severe_Damage,L3_S3,-1712,1110,14900,-195,31,-120,0,32.34
4689,20:29:09:685,3,Severe_Damage,L3_S3,-1740,1110,14868,-203,23,-125,0,0.34
4690,20:29:09:695,3,Severe_Damage,L3_S3,-1778,1138,14906,-203,30,-123,0,38.34
4691,20:29:09:705,3,Severe_Damage,L3_S3,-1680,1144,14882,-205,26,-122,0,14.34
4692,20:29:09:715,3,Severe_Damage,L3_S3,-1718,1140,14846,-212,25,-124,0,-21.66
4693,20:29:09:725,3,Severe_Damage,L3_S3,-1728,1158,14930,-209,27,-119,0,62.34
4694,20:29:09:735,3,Severe_Damage,L3_S3,-1712,1126,14804,-202,31,-120,0,-63.66
4695,20:29:09:745,3,Severe_Damage,L3_S3,-1760,1136,14908,-205,26,-127,0,40.34
4696,20:29:09:756,3,Severe_Damage,L3_S3,-1730,1116,14860,-200,32,-119,0,-7.66
4697,20:29:09:766,3,Severe_Damage,L3_S3,-1736,1126,14894,-198,31,-125,0,26.34
4698,20:29:09:775,3,Severe_Damage,L3_S3,-1754,1094,14832,-186,29,-121,0,-35.66
4699,20:29:09:785,3,Severe_Damage,L3_S3,-1730,1104,14838,-176,28,-122,0,-29.66
4700,20:29:09:795,3,Severe_Damage,L3_S3,-1758,1100,14898,-180,35,-124,0,30.34
4701,20:29:09:805,3,Severe_Damage,L3_S3,-1738,1078,14884,-178,35,-119,0,16.34
4702,20:29:09:815,3,Severe_Damage,L3_S3,-1722,1142,14830,-179,35,-112,0,-37.66
4703,20:29:09:825,3,Severe_Damage,L3_S3,-1724,1096,14892,-174,31,-114,0,24.34
4704,20:29:09:835,3,Severe_Damage,L3_S3,-1674,1108,14964,-177,27,-117,0,96.34
4705,20:29:09:845,3,Severe_Damage,L3_S3,-1744,1122,14906,-178,25,-118,0,38.34
4706,20:29:09:856,3,Severe_Damage,L3_S3,-1718,1096,14934,-187,32,-124,0,66.34
4707,20:29:09:866,3,Severe_Damage,L3_S3,-1704,1134,14928,-192,25,-125,0,60.34
4708,20:29:09:875,3,Severe_Damage,L3_S3,-1730,1160,14870,-197,30,-125,0,2.34
4709,20:29:09:885,3,Severe_Damage,L3_S3,-1724,1116,14736,-208,29,-127,0,-131.66
4710,20:29:09:895,3,Severe_Damage,L3_S3,-1742,1146,14886,-207,33,-124,0,18.34
4711,20:29:09:905,3,Severe_Damage,L3_S3,-1744,1114,14864,-206,31,-126,0,-3.66
4712,20:29:09:915,3,Severe_Damage,L3_S3,-1704,1084,14798,-207,29,-124,0,-69.66
4713,20:29:09:925,3,Severe_Damage,L3_S3,-1718,1108,14868,-205,38,-124,0,0.34
4714,20:29:09:936,3,Severe_Damage,L3_S3,-1714,1118,14908,-197,30,-123,0,40.34
4715,20:29:09:946,3,Severe_Damage,L3_S3,-1688,1096,14844,-198,30,-125,0,-23.66
4716,20:29:09:955,3,Severe_Damage,L3_S3,-1748,1076,14836,-189,32,-123,0,-31.66
4717,20:29:09:966,3,Severe_Damage,L3_S3,-1692,1072,14946,-187,31,-125,0,78.34
4718,20:29:09:975,3,Severe_Damage,L3_S3,-1732,1076,14848,-184,30,-124,0,-19.66
4719,20:29:09:985,3,Severe_Damage,L3_S3,-1716,1118,14942,-185,28,-120,0,74.34
4720,20:29:09:996,3,Severe_Damage,L3_S3,-1750,1142,14948,-178,25,-118,0,80.34
4721,20:29:10:005,3,Severe_Damage,L3_S3,-1708,1140,14914,-179,43,-119,0,46.34
4722,20:29:10:016,3,Severe_Damage,L3_S3,-1740,1106,14904,-183,35,-125,0,36.34
4723,20:29:10:026,3,Severe_Damage,L3_S3,-1708,1082,14866,-180,34,-123,0,-1.66
4724,20:29:10:036,3,Severe_Damage,L3_S3,-1724,1088,14838,-176,26,-120,0,-29.66
4725,20:29:10:046,3,Severe_Damage,L3_S3,-1736,1064,14884,-189,30,-129,0,16.34
4726,20:29:10:056,3,Severe_Damage,L3_S3,-1700,1070,14878,-191,23,-126,0,10.34
4727,20:29:10:065,3,Severe_Damage,L3_S3,-1756,1090,14970,-194,29,-129,0,102.34
4728,20:29:10:076,3,Severe_Damage,L3_S3,-1734,1102,14880,-202,31,-120,0,12.34
4729,20:29:10:086,3,Severe_Damage,L3_S3,-1702,1070,14910,-202,28,-122,0,42.34
4730,20:29:10:096,3,Severe_Damage,L3_S3,-1696,1086,14862,-203,36,-127,0,-5.66
4731,20:29:10:109,3,Severe_Damage,L3_S3,-1738,1162,14918,-204,25,-126,0,50.34
4732,20:29:10:115,3,Severe_Damage,L3_S3,-1726,1126,14940,-205,28,-123,0,72.34
4733,20:29:10:125,3,Severe_Damage,L3_S3,-1804,1114,14836,-203,30,-123,0,-31.66
4734,20:29:10:135,3,Severe_Damage,L3_S3,-1738,1148,14860,-208,24,-122,0,-7.66
4735,20:29:10:146,3,Severe_Damage,L3_S3,-1712,1140,14922,-196,28,-117,0,54.34
4736,20:29:10:156,3,Severe_Damage,L3_S3,-1790,1078,14850,-192,23,-109,0,-17.66
4737,20:29:10:166,3,Severe_Damage,L3_S3,-1678,1084,14900,-183,39,-121,0,32.34
4738,20:29:10:176,3,Severe_Damage,L3_S3,-1778,1084,14912,-184,26,-121,0,44.34
4739,20:29:10:186,3,Severe_Damage,L3_S3,-1716,1132,14820,-181,32,-124,0,-47.66
4740,20:29:10:196,3,Severe_Damage,L3_S3,-1728,1162,14884,-189,31,-127,0,16.34
4741,20:29:10:206,3,Severe_Damage,L3_S3,-1728,1108,14834,-179,22,-124,0,-33.66
4742,20:29:10:216,3,Severe_Damage,L3_S3,-1722,1108,14816,-185,33,-129,0,-51.66
4743,20:29:10:226,3,Severe_Damage,L3_S3,-1770,1090,14888,-182,26,-118,0,20.34
4744,20:29:10:236,3,Severe_Damage,L3_S3,-1762,1082,14844,-183,32,-124,0,-23.66
4745,20:29:10:245,3,Severe_Damage,L3_S3,-1738,1096,14844,-186,22,-126,0,-23.66
4746,20:29:10:256,3,Severe_Damage,L3_S3,-1732,1114,14718,-164,43,-123,0,-149.66
4747,20:29:10:266,3,Severe_Damage,L3_S3,-1744,1118,14824,-172,19,-120,0,-43.66
4748,20:29:10:276,3,Severe_Damage,L3_S3,-1776,1126,14908,-137,32,-118,0,40.34
4749,20:29:10:286,3,Severe_Damage,L3_S3,-1762,1096,14938,-151,33,-120,0,70.34
4750,20:29:10:296,3,Severe_Damage,L3_S3,-1764,1122,14878,-151,34,-114,0,10.34
4751,20:29:10:306,3,Severe_Damage,L3_S3,-1738,1134,14878,-180,31,-118,0,10.34
4752,20:29:10:316,3,Severe_Damage,L3_S3,-1694,1138,14882,-190,22,-121,0,14.34
4753,20:29:10:326,3,Severe_Damage,L3_S3,-1694,1124,14842,-201,-14,-128,0,-25.66
4754,20:29:10:336,3,Severe_Damage,L3_S3,-1834,1102,14920,-205,49,-120,0,52.34
4755,20:29:10:346,3,Severe_Damage,L3_S3,-1664,1142,14838,-197,27,-118,0,-29.66
4756,20:29:10:356,3,Severe_Damage,L3_S3,-1676,1094,14924,-215,42,-129,0,56.34
4757,20:29:10:366,3,Severe_Damage,L3_S3,-1790,1076,14878,-214,50,-130,0,10.34
4758,20:29:10:375,3,Severe_Damage,L3_S3,-1688,1144,14822,-196,3,-129,0,-45.66
4759,20:29:10:386,3,Severe_Damage,L3_S3,-1780,1094,14888,-218,48,-126,0,20.34
4760,20:29:10:396,3,Severe_Damage,L3_S3,-1742,1128,14822,-203,64,-119,0,-45.66
4761,20:29:10:406,3,Severe_Damage,L3_S3,-1648,1104,14806,-208,-16,-128,1,-61.66
4762,20:29:10:416,3,Severe_Damage,L3_S3,-916,26266,-30370,15164,-8638,2778,1,-45237.66
4763,20:29:10:426,3,Severe_Damage,L3_S3,-4898,-25010,32767,-1628,9485,-1561,1,17899.34
4764,20:29:10:436,3,Severe_Damage,L3_S3,-4676,23946,-4408,24640,1181,3813,1,-19275.66
4765,20:29:10:446,3,Severe_Damage,L3_S3,-2640,-2278,31418,4014,-6122,859,1,16550.34
4766,20:29:10:456,3,Severe_Damage,L3_S3,-9588,-1032,27212,11237,7888,547,1,12344.34
4767,20:29:10:466,3,Severe_Damage,L3_S3,-2270,9418,20922,3857,-4889,1221,1,6054.34
4768,20:29:10:476,3,Severe_Damage,L3_S3,-3096,-796,32767,-1301,1642,-485,1,17899.34
4769,20:29:10:486,3,Severe_Damage,L3_S3,-1064,6684,25246,-3270,1962,-1159,1,10378.34
4770,20:29:10:496,3,Severe_Damage,L3_S3,-7040,2256,26212,-10956,-2827,-1108,1,11344.34
4771,20:29:10:506,3,Severe_Damage,L3_S3,-2688,5322,21520,-11478,2131,-2456,1,6652.34
4772,20:29:10:516,3,Severe_Damage,L3_S3,-446,580,20120,-17177,-1736,-2610,1,5252.34
4773,20:29:10:526,3,Severe_Damage,L3_S3,-5152,3868,10670,-15853,-299,-2359,1,-4197.66
4774,20:29:10:536,3,Severe_Damage,L3_S3,4234,-700,12234,-17650,-62,-3294,1,-2633.66
4775,20:29:10:546,3,Severe_Damage,L3_S3,-5546,716,3166,-14284,-1192,-1676,1,-11701.66
4776,20:29:10:556,3,Severe_Damage,L3_S3,4632,-1458,3770,-12188,575,-2526,1,-11097.66
4777,20:29:10:566,3,Severe_Damage,L3_S3,-2474,-1534,-32,-7395,-1469,-741,1,-14899.66
4778,20:29:10:576,3,Severe_Damage,L3_S3,1656,-1602,346,-2841,1399,-925,1,-14521.66
4779,20:29:10:586,3,Severe_Damage,L3_S3,828,-1842,1278,2279,-1349,459,1,-13589.66
4780,20:29:10:596,3,Severe_Damage,L3_S3,-1806,-532,2728,7164,1437,1007,1,-12139.66
4781,20:29:10:606,3,Severe_Damage,L3_S3,2450,-418,7114,11011,-306,1392,1,-7753.66
4782,20:29:10:616,3,Severe_Damage,L3_S3,-4140,1192,9440,14186,375,2385,1,-5427.66
4783,20:29:10:626,3,Severe_Damage,L3_S3,868,1658,15650,15523,1417,1900,1,782.34
4784,20:29:10:636,3,Severe_Damage,L3_S3,-4588,2900,18230,15869,-809,2725,1,3362.34
4785,20:29:10:646,3,Severe_Damage,L3_S3,-1342,3374,23294,14294,1400,1831,1,8426.34
4786,20:29:10:656,3,Severe_Damage,L3_S3,-3804,3912,25984,11766,488,1769,1,11116.34
4787,20:29:10:666,3,Severe_Damage,L3_S3,-5194,4192,27574,7797,-821,1364,1,12706.34
4788,20:29:10:676,3,Severe_Damage,L3_S3,-1600,4370,29394,3483,1630,60,1,14526.34
4789,20:29:10:686,3,Severe_Damage,L3_S3,-5682,4246,27696,-1473,-935,45,0,12828.34
4790,20:29:10:696,3,Severe_Damage,L3_S3,-2988,3774,26664,-6073,-14,-1107,0,11796.34
4791,20:29:10:706,3,Severe_Damage,L3_S3,-2248,3812,23526,-9887,645,-1799,0,8658.34
4792,20:29:10:716,3,Severe_Damage,L3_S3,-4258,2538,19886,-13428,-1610,-1856,0,5018.34
4793,20:29:10:726,3,Severe_Damage,L3_S3,58,2534,15996,-14759,646,-2687,0,1128.34
4794,20:29:10:736,3,Severe_Damage,L3_S3,-2834,880,11734,-15715,-1091,-2289,0,-3133.66
4795,20:29:10:746,3,Severe_Damage,L3_S3,-86,406,8006,-14433,-285,-2402,1,-6861.66
4796,20:29:10:756,3,Severe_Damage,L3_S3,418,-430,4866,-12355,-438,-1994,1,-10001.66
4797,20:29:10:766,3,Severe_Damage,L3_S3,-1630,-1334,2414,-8939,-300,-1338,1,-12453.66
4798,20:29:10:776,3,Severe_Damage,L3_S3,2778,-1330,1784,-4695,-119,-1016,1,-13083.66
4799,20:29:10:786,3,Severe_Damage,L3_S3,-2330,-1548,1332,-316,-174,113,1,-13535.66
4800,20:29:10:796,3,Severe_Damage,L3_S3,2356,-972,3582,4415,488,330,1,-11285.66
4801,20:29:10:806,3,Severe_Damage,L3_S3,-1920,-522,5336,8293,-191,1386,0,-9531.66
4802,20:29:10:816,3,Severe_Damage,L3_S3,-10,458,9112,11597,852,1538,0,-5755.66
4803,20:29:10:826,3,Severe_Damage,L3_S3,-1394,1342,12772,13665,183,2058,0,-2095.66
4804,20:29:10:836,3,Severe_Damage,L3_S3,-2714,2066,16606,14383,352,2183,0,1738.34
4805,20:29:10:846,3,Severe_Damage,L3_S3,-1444,2908,20816,13912,955,1876,0,5948.34
4806,20:29:10:856,3,Severe_Damage,L3_S3,-4356,3328,23452,11863,-294,1965,0,8584.34
4807,20:29:10:866,3,Severe_Damage,L3_S3,-2538,3796,26210,9044,907,1125,0,11342.34
4808,20:29:10:876,3,Severe_Damage,L3_S3,-3702,3894,27426,5127,154,748,0,12558.34
4809,20:29:10:886,3,Severe_Damage,L3_S3,-4304,3900,27224,850,-264,133,0,12356.34
4810,20:29:10:896,3,Severe_Damage,L3_S3,-2542,3800,26596,-3396,739,-810,0,11728.34
4811,20:29:10:906,3,Severe_Damage,L3_S3,-3996,3492,23960,-7441,-678,-1066,0,9092.34
4812,20:29:10:916,3,Severe_Damage,L3_S3,-2322,3004,21338,-10697,38,-1843,0,6470.34
4813,20:29:10:926,3,Severe_Damage,L3_S3,-1982,2482,17592,-12931,-222,-2120,0,2724.34
4814,20:29:10:936,3,Severe_Damage,L3_S3,-2358,1510,13756,-14065,-770,-2163,0,-1111.66
4815,20:29:10:946,3,Severe_Damage,L3_S3,22,808,10404,-13731,-50,-2361,0,-4463.66
4816,20:29:10:956,3,Severe_Damage,L3_S3,-1686,-160,6950,-12385,-826,-1838,0,-7917.66
4817,20:29:10:966,3,Severe_Damage,L3_S3,750,-646,4776,-9639,-21,-1689,0,-10091.66
4818,20:29:10:976,3,Severe_Damage,L3_S3,-460,-1216,3110,-6322,-500,-969,0,-11757.66
4819,20:29:10:986,3,Severe_Damage,L3_S3,142,-1278,2816,-2255,87,-474,0,-12051.66
4820,20:29:10:996,3,Severe_Damage,L3_S3,480,-1094,3570,1884,-87,178,0,-11297.66
4821,20:29:11:006,3,Severe_Damage,L3_S3,-1068,-694,5180,5783,202,853,0,-9687.66
4822,20:29:11:016,3,Severe_Damage,L3_S3,216,112,8062,9169,421,1219,1,-6805.66
4823,20:29:11:026,3,Severe_Damage,L3_S3,-2054,820,11024,11503,63,1791,0,-3843.66
4824,20:29:11:036,3,Severe_Damage,L3_S3,-984,1654,14960,12884,752,1763,0,92.34
4825,20:29:11:046,3,Severe_Damage,L3_S3,-2654,2338,18240,12916,157,1973,0,3372.34
4826,20:29:11:056,3,Severe_Damage,L3_S3,-2734,2932,21480,11779,454,1707,0,6612.34
4827,20:29:11:066,3,Severe_Damage,L3_S3,-2724,3342,24164,9572,598,1323,0,9296.34
4828,20:29:11:076,3,Severe_Damage,L3_S3,-3926,3568,25516,6397,-97,996,0,10648.34
4829,20:29:11:086,3,Severe_Damage,L3_S3,-2894,3702,26464,2740,580,215,0,11596.34
4830,20:29:11:096,3,Severe_Damage,L3_S3,-3722,3592,25712,-1223,-28,-226,0,10844.34
4831,20:29:11:106,3,Severe_Damage,L3_S3,-3262,3316,24288,-5020,-94,-853,0,9420.34
4832,20:29:11:116,3,Severe_Damage,L3_S3,-2486,3098,21974,-8259,247,-1450,0,7106.34
4833,20:29:11:126,3,Severe_Damage,L3_S3,-2922,2382,18974,-10945,-650,-1683,0,4106.34
4834,20:29:11:136,3,Severe_Damage,L3_S3,-1406,1870,15736,-12308,-73,-2071,0,868.34
4835,20:29:11:146,3,Severe_Damage,L3_S3,-1644,1012,12266,-12776,-495,-2022,1,-2601.66
4836,20:29:11:156,3,Severe_Damage,L3_S3,-906,366,9142,-11934,-469,-1926,1,-5725.66
4837,20:29:11:166,3,Severe_Damage,L3_S3,-114,-308,6744,-10084,-290,-1673,0,-8123.66
4838,20:29:11:176,3,Severe_Damage,L3_S3,-824,-834,4704,-7303,-383,-1142,1,-10163.66
4839,20:29:11:186,3,Severe_Damage,L3_S3,686,-1022,4080,-3874,-90,-754,0,-10787.66
4840,20:29:11:196,3,Severe_Damage,L3_S3,-740,-1070,4030,-185,-174,-37,0,-10837.66
4841,20:29:11:206,3,Severe_Damage,L3_S3,238,-750,5490,3546,227,388,0,-9377.66
4842,20:29:11:216,3,Severe_Damage,L3_S3,-902,-220,7310,6827,83,993,0,-7557.66
4843,20:29:11:226,3,Severe_Damage,L3_S3,-926,490,10164,9451,342,1337,0,-4703.66
4844,20:29:11:236,3,Severe_Damage,L3_S3,-1262,1186,13256,11153,393,1597,0,-1611.66
4845,20:29:11:246,3,Severe_Damage,L3_S3,-2326,1874,16328,11751,252,1763,0,1460.34
4846,20:29:11:256,3,Severe_Damage,L3_S3,-1964,2516,19590,11287,586,1572,0,4722.34
4847,20:29:11:266,3,Severe_Damage,L3_S3,-3176,2878,22018,9686,187,1463,0,7150.34
4848,20:29:11:277,3,Severe_Damage,L3_S3,-2920,3234,24108,7263,411,988,0,9240.34
4849,20:29:11:286,3,Severe_Damage,L3_S3,-3214,3440,25140,4128,318,530,0,10272.34
4850,20:29:11:296,3,Severe_Damage,L3_S3,-3526,3446,25020,605,-19,38,0,10152.34
4851,20:29:11:306,3,Severe_Damage,L3_S3,-2834,3270,24318,-2880,305,-612,0,9450.34
4852,20:29:11:316,3,Severe_Damage,L3_S3,-3106,2946,22376,-6145,-182,-1004,0,7508.34
4853,20:29:11:326,3,Severe_Damage,L3_S3,-2484,2592,19984,-8795,-115,-1467,0,5116.34
4854,20:29:11:337,3,Severe_Damage,L3_S3,-1972,2024,17124,-10646,-217,-1758,0,2256.34
4855,20:29:11:347,3,Severe_Damage,L3_S3,-1918,1356,13928,-11473,-440,-1824,0,-939.66
4856,20:29:11:356,3,Severe_Damage,L3_S3,-778,746,11178,-11282,-259,-1875,0,-3689.66
4857,20:29:11:366,3,Severe_Damage,L3_S3,-1082,8,8436,-10072,-501,-1578,0,-6431.66
4858,20:29:11:376,3,Severe_Damage,L3_S3,-248,-450,6502,-7889,-205,-1339,0,-8365.66
4859,20:29:11:386,3,Severe_Damage,L3_S3,-356,-806,5286,-5089,-284,-859,0,-9581.66
4860,20:29:11:396,3,Severe_Damage,L3_S3,-320,-882,4940,-1808,-91,-367,0,-9927.66
4861,20:29:11:406,3,Severe_Damage,L3_S3,-122,-710,5728,1568,26,129,0,-9139.66
4862,20:29:11:416,3,Severe_Damage,L3_S3,-846,-336,7068,4765,104,665,0,-7799.66
4863,20:29:11:426,3,Severe_Damage,L3_S3,-596,198,9390,7468,305,1013,0,-5477.66
4864,20:29:11:436,3,Severe_Damage,L3_S3,-1484,876,11916,9403,187,1387,0,-2951.66
4865,20:29:11:446,3,Severe_Damage,L3_S3,-1542,1346,14948,10447,436,1483,0,80.34
4866,20:29:11:456,3,Severe_Damage,L3_S3,-2214,2042,17768,10495,311,1537,0,2900.34
4867,20:29:11:469,3,Severe_Damage,L3_S3,-2540,2542,20344,9524,305,1376,0,5476.34
4868,20:29:11:476,3,Severe_Damage,L3_S3,-2716,2938,22432,7694,427,1061,0,7564.34
4869,20:29:11:486,3,Severe_Damage,L3_S3,-3216,3114,23674,5093,151,724,0,8806.34
4870,20:29:11:496,3,Severe_Damage,L3_S3,-3016,3198,24240,2097,292,201,0,9372.34
4871,20:29:11:506,3,Severe_Damage,L3_S3,-3120,3122,23794,-1123,89,-254,0,8926.34
4872,20:29:11:516,3,Severe_Damage,L3_S3,-2916,2944,22558,-4205,-20,-736,0,7690.34
4873,20:29:11:526,3,Severe_Damage,L3_S3,-2500,2600,20468,-6846,20,-1174,0,5600.34
4874,20:29:11:536,3,Severe_Damage,L3_S3,-2404,2068,18196,-8963,-300,-1463,0,3328.34
4875,20:29:11:546,3,Severe_Damage,L3_S3,-1704,1632,15456,-10104,-243,-1679,0,588.34
4876,20:29:11:556,3,Severe_Damage,L3_S3,-1490,950,12728,-10408,-316,-1692,0,-2139.66
4877,20:29:11:567,3,Severe_Damage,L3_S3,-1054,434,10060,-9708,-376,-1583,0,-4807.66
4878,20:29:11:576,3,Severe_Damage,L3_S3,-526,-180,8134,-8183,-290,-1364,0,-6733.66
4879,20:29:11:586,3,Severe_Damage,L3_S3,-644,-436,6580,-5858,-230,-976,0,-8287.66
4880,20:29:11:596,3,Severe_Damage,L3_S3,-166,-710,6048,-3100,-138,-582,0,-8819.66
4881,20:29:11:606,3,Severe_Damage,L3_S3,-606,-634,6132,-47,-62,-80,0,-8735.66
4882,20:29:11:616,3,Severe_Damage,L3_S3,-486,-436,7236,2936,82,343,0,-7631.66
4883,20:29:11:626,3,Severe_Damage,L3_S3,-828,52,8878,5628,156,781,0,-5989.66
4884,20:29:11:636,3,Severe_Damage,L3_S3,-1098,590,11036,7735,248,1092,0,-3831.66
4885,20:29:11:646,3,Severe_Damage,L3_S3,-1452,1154,13710,9060,300,1280,0,-1157.66
4886,20:29:11:656,3,Severe_Damage,L3_S3,-2110,1696,16262,9536,318,1386,0,1394.34
4887,20:29:11:666,3,Severe_Damage,L3_S3,-2106,2204,18698,9095,358,1286,0,3830.34
4888,20:29:11:676,3,Severe_Damage,L3_S3,-2734,2578,20886,7789,273,1123,0,6018.34
4889,20:29:11:686,3,Severe_Damage,L3_S3,-2806,2820,22384,5745,289,792,0,7516.34
4890,20:29:11:696,3,Severe_Damage,L3_S3,-2932,2946,23110,3200,233,399,0,8242.34
4891,20:29:11:706,3,Severe_Damage,L3_S3,-3108,2944,23196,324,89,-34,0,8328.34
4892,20:29:11:716,3,Severe_Damage,L3_S3,-2810,2902,22428,-2517,110,-503,0,7560.34
4893,20:29:11:726,3,Severe_Damage,L3_S3,-2734,2550,20912,-5158,-65,-874,0,6044.34
4894,20:29:11:736,3,Severe_Damage,L3_S3,-2356,2266,18856,-7264,-113,-1217,0,3988.34
4895,20:29:11:746,3,Severe_Damage,L3_S3,-1920,1734,16622,-8800,-221,-1454,0,1754.34
4896,20:29:11:756,3,Severe_Damage,L3_S3,-1682,1308,13960,-9349,-313,-1521,0,-907.66
4897,20:29:11:766,3,Severe_Damage,L3_S3,-1134,672,11790,-9202,-252,-1526,0,-3077.66
4898,20:29:11:776,3,Severe_Damage,L3_S3,-1020,208,9532,-8114,-349,-1328,0,-5335.66
4899,20:29:11:786,3,Severe_Damage,L3_S3,-556,-226,8022,-6365,-221,-1085,0,-6845.66
4900,20:29:11:796,3,Severe_Damage,L3_S3,-566,-444,7036,-4005,-151,-704,0,-7831.66
4901,20:29:11:806,3,Severe_Damage,L3_S3,-494,-506,6862,-1351,-90,-301,0,-8005.66
4902,20:29:11:816,3,Severe_Damage,L3_S3,-478,-360,7302,1404,57,118,0,-7565.66
4903,20:29:11:826,3,Severe_Damage,L3_S3,-876,-80,8650,3964,83,526,0,-6217.66
4904,20:29:11:836,3,Severe_Damage,L3_S3,-924,382,10518,6175,243,840,0,-4349.66
4905,20:29:11:846,3,Severe_Damage,L3_S3,-1510,830,12666,7681,241,1098,0,-2201.66
4906,20:29:11:856,3,Severe_Damage,L3_S3,-1646,1446,15038,8500,287,1203,0,170.34
4907,20:29:11:866,3,Severe_Damage,L3_S3,-2132,1796,17404,8454,329,1211,0,2536.34
4908,20:29:11:876,3,Severe_Damage,L3_S3,-2472,2252,19422,7645,261,1088,0,4554.34
4909,20:29:11:886,3,Severe_Damage,L3_S3,-2610,2490,21144,6083,293,835,0,6276.34
4910,20:29:11:896,3,Severe_Damage,L3_S3,-2918,2744,22124,3967,184,533,0,7256.34
4911,20:29:11:906,3,Severe_Damage,L3_S3,-2826,2796,22500,1480,164,126,0,7632.34
4912,20:29:11:916,3,Severe_Damage,L3_S3,-2904,2722,22102,-1132,63,-262,0,7234.34
4913,20:29:11:927,3,Severe_Damage,L3_S3,-2714,2516,21094,-3625,-24,-648,0,6226.34
4914,20:29:11:936,3,Severe_Damage,L3_S3,-2376,2218,19390,-5762,-59,-992,0,4522.34
4915,20:29:11:946,3,Severe_Damage,L3_S3,-2176,1900,17286,-7393,-196,-1229,0,2418.34
4916,20:29:11:956,3,Severe_Damage,L3_S3,-1722,1352,15212,-8362,-239,-1390,0,344.34
4917,20:29:11:966,3,Severe_Damage,L3_S3,-1508,936,12876,-8449,-242,-1388,0,-1991.66
4918,20:29:11:976,3,Severe_Damage,L3_S3,-1084,482,10890,-7886,-277,-1302,0,-3977.66
4919,20:29:11:986,3,Severe_Damage,L3_S3,-832,48,9262,-6556,-217,-1106,0,-5605.66
4920,20:29:11:996,3,Severe_Damage,L3_S3,-644,-208,8118,-4645,-155,-803,0,-6749.66
4921,20:29:12:006,3,Severe_Damage,L3_S3,-604,-396,7708,-2344,-41,-451,0,-7159.66
4922,20:29:12:016,3,Severe_Damage,L3_S3,-702,-294,7718,134,-9,-63,0,-7149.66
4923,20:29:12:026,3,Severe_Damage,L3_S3,-750,-136,8710,2544,123,294,0,-6157.66
4924,20:29:12:036,3,Severe_Damage,L3_S3,-1068,172,10138,4703,157,637,0,-4729.66
4925,20:29:12:046,3,Severe_Damage,L3_S3,-1296,686,11882,6403,253,891,0,-2985.66
4926,20:29:12:056,3,Severe_Damage,L3_S3,-1546,1092,14072,7402,266,1047,0,-795.66
4927,20:29:12:066,3,Severe_Damage,L3_S3,-1980,1548,16184,7728,287,1100,0,1316.34
4928,20:29:12:076,3,Severe_Damage,L3_S3,-2142,2014,18258,7307,303,1032,0,3390.34
4929,20:29:12:086,3,Severe_Damage,L3_S3,-2560,2308,19908,6188,217,876,0,5040.34
4930,20:29:12:096,3,Severe_Damage,L3_S3,-2664,2472,21212,4457,193,600,0,6344.34
4931,20:29:12:106,3,Severe_Damage,L3_S3,-2778,2602,21684,2370,157,274,0,6816.34
4932,20:29:12:116,3,Severe_Damage,L3_S3,-2766,2624,21664,-3,26,-89,0,6796.34
4933,20:29:12:126,3,Severe_Damage,L3_S3,-2632,2448,20948,-2321,23,-460,0,6080.34
4934,20:29:12:136,3,Severe_Damage,L3_S3,-2482,2264,19630,-4413,-94,-771,0,4762.34
4935,20:29:12:147,3,Severe_Damage,L3_S3,-2236,1928,17888,-6123,-123,-1031,0,3020.34
4936,20:29:12:157,3,Severe_Damage,L3_S3,-1910,1568,16076,-7279,-191,-1217,0,1208.34
4937,20:29:12:166,3,Severe_Damage,L3_S3,-1576,1128,13908,-7724,-261,-1285,0,-959.66
4938,20:29:12:176,3,Severe_Damage,L3_S3,-1286,704,12010,-7444,-172,-1253,0,-2857.66
4939,20:29:12:186,3,Severe_Damage,L3_S3,-1046,346,10334,-6563,-243,-1094,0,-4533.66
4940,20:29:12:196,3,Severe_Damage,L3_S3,-776,-36,9160,-5040,-148,-872,0,-5707.66
4941,20:29:12:206,3,Severe_Damage,L3_S3,-762,-170,8494,-3089,-58,-569,0,-6373.66
4942,20:29:12:216,3,Severe_Damage,L3_S3,-716,-228,8362,-887,-20,-229,0,-6505.66
4943,20:29:12:226,3,Severe_Damage,L3_S3,-746,-54,8856,1363,83,111,0,-6011.66
4944,20:29:12:236,3,Severe_Damage,L3_S3,-1008,150,9954,3416,138,442,0,-4913.66
4945,20:29:12:246,3,Severe_Damage,L3_S3,-1058,476,11482,5165,189,694,0,-3385.66
4946,20:29:12:256,3,Severe_Damage,L3_S3,-1532,990,13280,6377,273,895,0,-1587.66
4947,20:29:12:266,3,Severe_Damage,L3_S3,-1750,1326,15354,6909,225,973,0,486.34
4948,20:29:12:276,3,Severe_Damage,L3_S3,-2090,1750,17124,6859,282,963,0,2256.34
4949,20:29:12:286,3,Severe_Damage,L3_S3,-2408,2050,18846,6072,216,844,0,3978.34
4950,20:29:12:296,3,Severe_Damage,L3_S3,-2490,2314,20072,4790,194,642,0,5204.34
4951,20:29:12:306,3,Severe_Damage,L3_S3,-2646,2394,20920,2965,124,371,0,6052.34
4952,20:29:12:316,3,Severe_Damage,L3_S3,-2676,2544,21176,936,84,62,0,6308.34
4953,20:29:12:326,3,Severe_Damage,L3_S3,-2590,2398,20774,-1234,4,-278,0,5906.34
4954,20:29:12:336,3,Severe_Damage,L3_S3,-2476,2252,19756,-3227,-54,-591,0,4888.34
4955,20:29:12:346,3,Severe_Damage,L3_S3,-2234,2034,18406,-4944,-91,-853,0,3538.34
4956,20:29:12:357,3,Severe_Damage,L3_S3,-2038,1692,16710,-6216,-140,-1052,0,1842.34
4957,20:29:12:367,3,Severe_Damage,L3_S3,-1716,1248,14958,-6953,-210,-1163,0,90.34
4958,20:29:12:376,3,Severe_Damage,L3_S3,-1480,920,12970,-6924,-168,-1154,0,-1897.66
4959,20:29:12:386,3,Severe_Damage,L3_S3,-1190,430,11392,-6387,-182,-1072,0,-3475.66
4960,20:29:12:396,3,Severe_Damage,L3_S3,-1032,200,10130,-5217,-157,-887,0,-4737.66
4961,20:29:12:406,3,Severe_Damage,L3_S3,-852,-70,9292,-3627,-88,-647,0,-5575.66
4962,20:29:12:416,3,Severe_Damage,L3_S3,-862,-70,8926,-1675,-16,-344,0,-5941.66
4963,20:29:12:426,3,Severe_Damage,L3_S3,-900,-82,9154,340,49,-48,0,-5713.66
4964,20:29:12:436,3,Severe_Damage,L3_S3,-956,112,9924,2307,105,256,0,-4943.66
4965,20:29:12:446,3,Severe_Damage,L3_S3,-1110,398,11156,4017,157,528,0,-3711.66
4966,20:29:12:456,3,Severe_Damage,L3_S3,-1394,758,12748,5364,220,735,0,-2119.66
4967,20:29:12:466,3,Severe_Damage,L3_S3,-1718,1152,14456,6108,241,853,0,-411.66
4968,20:29:12:476,3,Severe_Damage,L3_S3,-1920,1546,16244,6269,194,879,0,1376.34
4969,20:29:12:486,3,Severe_Damage,L3_S3,-2194,1798,17890,5836,258,803,0,3022.34
4970,20:29:12:496,3,Severe_Damage,L3_S3,-2328,2106,19152,4881,159,665,0,4284.34
4971,20:29:12:506,3,Severe_Damage,L3_S3,-2466,2216,20114,3389,133,429,0,5246.34
4972,20:29:12:516,3,Severe_Damage,L3_S3,-2632,2380,20446,1625,95,161,0,5578.34
4973,20:29:12:526,3,Severe_Damage,L3_S3,-2574,2310,20446,-323,14,-142,0,5578.34
4974,20:29:12:536,3,Severe_Damage,L3_S3,-2518,2206,19702,-2196,-13,-433,0,4834.34
4975,20:29:12:547,3,Severe_Damage,L3_S3,-2260,2008,18588,-3891,-101,-687,0,3720.34
4976,20:29:12:557,3,Severe_Damage,L3_S3,-2130,1694,17230,-5214,-86,-898,0,2362.34
4977,20:29:12:567,3,Severe_Damage,L3_S3,-1824,1454,15510,-6069,-144,-1029,0,642.34
4978,20:29:12:577,3,Severe_Damage,L3_S3,-1624,1024,13990,-6402,-202,-1075,0,-877.66
4979,20:29:12:587,3,Severe_Damage,L3_S3,-1426,726,12300,-6025,-110,-1027,0,-2567.66
4980,20:29:12:596,3,Severe_Damage,L3_S3,-1096,370,11014,-5249,-178,-892,0,-3853.66
4981,20:29:12:606,3,Severe_Damage,L3_S3,-956,96,10020,-3924,-91,-691,0,-4847.66
4982,20:29:12:616,3,Severe_Damage,L3_S3,-914,14,9542,-2294,-36,-445,0,-5325.66
4983,20:29:12:626,3,Severe_Damage,L3_S3,-918,32,9482,-450,9,-160,0,-5385.66
4984,20:29:12:636,3,Severe_Damage,L3_S3,-970,172,10122,1370,93,114,0,-4745.66
4985,20:29:12:646,3,Severe_Damage,L3_S3,-1158,354,11062,3015,123,373,0,-3805.66
4986,20:29:12:656,3,Severe_Damage,L3_S3,-1336,634,12274,4394,180,583,0,-2593.66
4987,20:29:12:666,3,Severe_Damage,L3_S3,-1610,998,13836,5290,202,730,0,-1031.66
4988,20:29:12:676,3,Severe_Damage,L3_S3,-1764,1308,15440,5651,177,778,0,572.34
4989,20:29:12:686,3,Severe_Damage,L3_S3,-2036,1644,17034,5493,226,754,0,2166.34
4990,20:29:12:696,3,Severe_Damage,L3_S3,-2296,1872,18356,4798,180,655,0,3488.34
4991,20:29:12:707,3,Severe_Damage,L3_S3,-2400,2092,19298,3641,129,469,0,4430.34
4992,20:29:12:716,3,Severe_Damage,L3_S3,-2524,2202,19886,2119,109,238,0,5018.34
4993,20:29:12:726,3,Severe_Damage,L3_S3,-2476,2228,20014,406,27,-31,0,5146.34
4994,20:29:12:736,3,Severe_Damage,L3_S3,-2404,2118,19650,-1336,21,-304,0,4782.34
4995,20:29:12:747,3,Severe_Damage,L3_S3,-2308,2018,18750,-2949,-73,-551,0,3882.34
4996,20:29:12:757,3,Severe_Damage,L3_S3,-2120,1786,17474,-4306,-65,-761,0,2606.34
4997,20:29:12:767,3,Severe_Damage,L3_S3,-1944,1544,16000,-5241,-109,-894,0,1132.34
4998,20:29:12:777,3,Severe_Damage,L3_S3,-1660,1112,14638,-5779,-164,-987,0,-229.66
4999,20:29:12:787,3,Severe_Damage,L3_S3,-1452,890,13080,-5642,-122,-968,0,-1787.66
5000,20:29:12:797,3,Severe_Damage,L3_S3,-1288,446,11806,-5111,-136,-884,0,-3061.66
5001,20:29:12:807,3,Severe_Damage,L3_S3,-1128,340,10736,-4060,-123,-721,0,-4131.66
5002,20:29:12:817,3,Severe_Damage,L3_S3,-1058,116,10238,-2733,-45,-513,0,-4629.66
5003,20:29:12:826,3,Severe_Damage,L3_S3,-990,162,9990,-1078,-5,-254,0,-4877.66
5004,20:29:12:836,3,Severe_Damage,L3_S3,-1012,182,10346,553,50,-8,0,-4521.66
5005,20:29:12:846,3,Severe_Damage,L3_S3,-1158,330,11018,2154,105,240,0,-3849.66
5006,20:29:12:856,3,Severe_Damage,L3_S3,-1258,562,12146,3485,137,439,0,-2721.66
5007,20:29:12:866,3,Severe_Damage,L3_S3,-1514,856,13340,4502,182,603,0,-1527.66
5008,20:29:12:876,3,Severe_Damage,L3_S3,-1648,1140,14844,5001,168,676,0,-23.66
5009,20:29:12:886,3,Severe_Damage,L3_S3,-1958,1502,16184,5079,190,692,0,1316.34
5010,20:29:12:897,3,Severe_Damage,L3_S3,-2122,1700,17554,4612,171,606,0,2686.34
5011,20:29:12:906,3,Severe_Damage,L3_S3,-2306,1924,18550,3711,130,480,0,3682.34
5012,20:29:12:916,3,Severe_Damage,L3_S3,-2416,2038,19188,2459,122,285,0,4320.34
5013,20:29:12:926,3,Severe_Damage,L3_S3,-2378,2080,19392,971,57,58,0,4524.34
5014,20:29:12:937,3,Severe_Damage,L3_S3,-2392,2134,19320,-621,25,-186,0,4452.34
5015,20:29:12:947,3,Severe_Damage,L3_S3,-2286,1936,18682,-2144,-24,-430,0,3814.34
5016,20:29:12:957,3,Severe_Damage,L3_S3,-2164,1818,17704,-3465,-66,-622,0,2836.34
5017,20:29:12:967,3,Severe_Damage,L3_S3,-1972,1518,16504,-4476,-72,-788,0,1636.34
5018,20:29:12:977,3,Severe_Damage,L3_S3,-1758,1268,15164,-5083,-120,-872,0,296.34
5019,20:29:12:987,3,Severe_Damage,L3_S3,-1562,938,13894,-5249,-153,-893,0,-973.66
5020,20:29:12:997,3,Severe_Damage,L3_S3,-1308,730,12420,-4840,-78,-837,0,-2447.66
5021,20:29:13:007,3,Severe_Damage,L3_S3,-1178,442,11464,-4116,-137,-727,0,-3403.66
5022,20:29:13:017,3,Severe_Damage,L3_S3,-1142,292,10800,-2964,-58,-548,0,-4067.66
5023,20:29:13:027,3,Severe_Damage,L3_S3,-1110,208,10506,-1582,-4,-343,0,-4361.66
5024,20:29:13:037,3,Severe_Damage,L3_S3,-1096,230,10508,-69,24,-101,0,-4359.66
5025,20:29:13:047,3,Severe_Damage,L3_S3,-1134,358,11050,1398,103,119,0,-3817.66
5026,20:29:13:057,3,Severe_Damage,L3_S3,-1330,550,11938,2708,106,326,0,-2929.66
5027,20:29:13:066,3,Severe_Damage,L3_S3,-1384,742,13034,3739,141,484,0,-1833.66
5028,20:29:13:076,3,Severe_Damage,L3_S3,-1678,1082,14396,4396,182,585,0,-471.66
5029,20:29:13:086,3,Severe_Damage,L3_S3,-1886,1360,15692,4589,161,617,0,824.34
5030,20:29:13:096,3,Severe_Damage,L3_S3,-1998,1604,16960,4344,151,573,0,2092.34
5031,20:29:13:106,3,Severe_Damage,L3_S3,-2244,1766,17960,3688,170,474,0,3092.34
5032,20:29:13:116,3,Severe_Damage,L3_S3,-2254,1982,18644,2665,96,318,0,3776.34
5033,20:29:13:126,3,Severe_Damage,L3_S3,-2360,1992,19030,1360,86,120,0,4162.34
5034,20:29:13:136,3,Severe_Damage,L3_S3,-2296,1984,18938,-32,37,-98,0,4070.34
5035,20:29:13:147,3,Severe_Damage,L3_S3,-2264,1890,18642,-1466,-10,-316,0,3774.34
5036,20:29:13:157,3,Severe_Damage,L3_S3,-2150,1766,17780,-2720,-32,-512,0,2912.34
5037,20:29:13:167,3,Severe_Damage,L3_S3,-1980,1598,16814,-3763,-61,-678,0,1946.34
5038,20:29:13:177,3,Severe_Damage,L3_S3,-1834,1352,15632,-4431,-92,-772,0,764.34
5039,20:29:13:187,3,Severe_Damage,L3_S3,-1600,1058,14406,-4766,-110,-822,0,-461.66
5040,20:29:13:197,3,Severe_Damage,L3_S3,-1436,826,13192,-4572,-117,-788,0,-1675.66
5041,20:29:13:207,3,Severe_Damage,L3_S3,-1194,424,11312,-3081,-95,-565,0,-3555.66
5042,20:29:13:217,3,Severe_Damage,L3_S3,-1160,282,10988,-1940,-32,-388,0,-3879.66
5043,20:29:13:226,3,Severe_Damage,L3_S3,-1130,340,10898,-560,42,-184,0,-3969.66
5044,20:29:13:236,3,Severe_Damage,L3_S3,-1150,332,11208,760,31,24,0,-3659.66
5045,20:29:13:246,3,Severe_Damage,L3_S3,-1250,494,11892,2031,122,212,0,-2975.66
5046,20:29:13:257,3,Severe_Damage,L3_S3,-1412,726,12804,3042,108,374,0,-2063.66
5047,20:29:13:267,3,Severe_Damage,L3_S3,-1634,948,13978,3760,144,485,0,-889.66
5048,20:29:13:277,3,Severe_Damage,L3_S3,-1720,1228,15166,4108,167,533,0,298.34
5049,20:29:13:287,3,Severe_Damage,L3_S3,-2000,1440,16362,4022,144,531,0,1494.34
5050,20:29:13:297,3,Severe_Damage,L3_S3,-2070,1676,17290,3555,125,456,0,2422.34
5051,20:29:13:307,3,Severe_Damage,L3_S3,-2248,1760,18212,2724,124,328,0,3344.34
5052,20:29:13:316,3,Severe_Damage,L3_S3,-2326,1980,18456,1682,74,165,0,3588.34
5053,20:29:13:326,3,Severe_Damage,L3_S3,-2272,1842,18686,379,49,-38,0,3818.34
5054,20:29:13:336,3,Severe_Damage,L3_S3,-2308,1874,18272,-866,8,-222,0,3404.34
5055,20:29:13:347,3,Severe_Damage,L3_S3,-2142,1726,17844,-2112,-23,-420,0,2976.34
5056,20:29:13:357,3,Severe_Damage,L3_S3,-2068,1624,16894,-3093,-37,-568,0,2026.34
5057,20:29:13:367,3,Severe_Damage,L3_S3,-1892,1336,15894,-3859,-67,-677,0,1026.34
5058,20:29:13:377,3,Severe_Damage,L3_S3,-1680,1196,14768,-4227,-84,-743,0,-99.66
5059,20:29:13:387,3,Severe_Damage,L3_S3,-1560,852,13682,-4267,-117,-748,0,-1185.66
5060,20:29:13:397,3,Severe_Damage,L3_S3,-1356,696,12684,-3823,-47,-681,0,-2183.66
5061,20:29:13:407,3,Severe_Damage,L3_S3,-1264,566,11908,-3140,-91,-572,0,-2959.66
5062,20:29:13:417,3,Severe_Damage,L3_S3,-1244,398,11504,-2144,-24,-418,0,-3363.66
5063,20:29:13:427,3,Severe_Damage,L3_S3,-1166,352,11324,-962,13,-242,0,-3543.66
5064,20:29:13:436,3,Severe_Damage,L3_S3,-1232,404,11454,257,45,-54,0,-3413.66
5065,20:29:13:447,3,Severe_Damage,L3_S3,-1314,490,11948,1432,84,125,0,-2919.66
5066,20:29:13:457,3,Severe_Damage,L3_S3,-1462,670,12720,2430,109,287,0,-2147.66
5067,20:29:13:467,3,Severe_Damage,L3_S3,-1496,934,13734,3185,111,395,0,-1133.66
5068,20:29:13:477,3,Severe_Damage,L3_S3,-1704,1148,14806,3602,140,454,0,-61.66
5069,20:29:13:487,3,Severe_Damage,L3_S3,-1838,1352,15760,3699,155,476,0,892.34
5070,20:29:13:497,3,Severe_Damage,L3_S3,-2016,1520,16858,3360,131,427,0,1990.34
5071,20:29:13:507,3,Severe_Damage,L3_S3,-2164,1710,17542,2727,104,331,0,2674.34
5072,20:29:13:517,3,Severe_Damage,L3_S3,-2246,1794,18084,1813,104,178,0,3216.34
5073,20:29:13:527,3,Severe_Damage,L3_S3,-2172,1914,18262,759,47,22,0,3394.34
5074,20:29:13:537,3,Severe_Damage,L3_S3,-2258,1802,18164,-444,19,-161,0,3296.34
5075,20:29:13:547,3,Severe_Damage,L3_S3,-2174,1716,17732,-1533,-2,-329,0,2864.34
5076,20:29:13:557,3,Severe_Damage,L3_S3,-2038,1596,17090,-2546,-47,-481,0,2222.34
5077,20:29:13:567,3,Severe_Damage,L3_S3,-1976,1426,16112,-3293,-36,-605,0,1244.34
5078,20:29:13:577,3,Severe_Damage,L3_S3,-1714,1228,15112,-3754,-86,-669,0,244.34
5079,20:29:13:587,3,Severe_Damage,L3_S3,-1594,960,14168,-3908,-82,-696,0,-699.66
5080,20:29:13:597,3,Severe_Damage,L3_S3,-1478,884,13182,-3620,-74,-648,0,-1685.66
5081,20:29:13:607,3,Severe_Damage,L3_S3,-1362,618,12532,-3100,-52,-576,0,-2335.66
5082,20:29:13:617,3,Severe_Damage,L3_S3,-1246,526,11822,-2249,-38,-437,0,-3045.66
5083,20:29:13:627,3,Severe_Damage,L3_S3,-1196,378,11736,-1284,-13,-288,0,-3131.66
5084,20:29:13:637,3,Severe_Damage,L3_S3,-1242,484,11620,-132,54,-112,0,-3247.66
5085,20:29:13:647,3,Severe_Damage,L3_S3,-1320,484,12070,905,39,49,0,-2797.66
5086,20:29:13:657,3,Severe_Damage,L3_S3,-1416,662,12632,1911,107,207,0,-2235.66
5087,20:29:13:667,3,Severe_Damage,L3_S3,-1476,858,13576,2648,97,319,0,-1291.66
5088,20:29:13:677,3,Severe_Damage,L3_S3,-1614,1054,14400,3144,123,391,0,-467.66
5089,20:29:13:687,3,Severe_Damage,L3_S3,-1730,1234,15436,3300,131,411,0,568.34
5090,20:29:13:697,3,Severe_Damage,L3_S3,-1984,1510,16230,3176,139,398,0,1362.34
5091,20:29:13:707,3,Severe_Damage,L3_S3,-1938,1558,17138,2625,88,307,0,2270.34
5092,20:29:13:717,3,Severe_Damage,L3_S3,-2198,1718,17612,1936,110,209,0,2744.34
5093,20:29:13:727,3,Severe_Damage,L3_S3,-2114,1756,17906,972,42,54,0,3038.34
5094,20:29:13:737,3,Severe_Damage,L3_S3,-2196,1810,17886,-44,42,-94,0,3018.34
5095,20:29:13:747,3,Severe_Damage,L3_S3,-2128,1724,17598,-1112,3,-260,0,2730.34
5096,20:29:13:757,3,Severe_Damage,L3_S3,-2048,1614,17138,-2021,-21,-404,0,2270.34
5097,20:29:13:767,3,Severe_Damage,L3_S3,-1898,1440,16228,-2789,-36,-525,0,1360.34
5098,20:29:13:777,3,Severe_Damage,L3_S3,-1748,1294,15426,-3292,-62,-595,0,558.34
5099,20:29:13:787,3,Severe_Damage,L3_S3,-1668,1128,14418,-3498,-28,-633,0,-449.66
5100,20:29:13:797,3,Severe_Damage,L3_S3,-1512,894,13722,-3430,-120,-618,0,-1145.66
5101,20:29:13:807,3,Severe_Damage,L3_S3,-1386,756,12868,-2969,-34,-551,0,-1999.66
5102,20:29:13:817,3,Severe_Damage,L3_S3,-1352,542,12374,-2322,-17,-453,0,-2493.66
5103,20:29:13:827,3,Severe_Damage,L3_S3,-1238,560,11984,-1438,-41,-303,0,-2883.66
5104,20:29:13:837,3,Severe_Damage,L3_S3,-1270,498,11998,-507,41,-166,0,-2869.66
5105,20:29:13:847,3,Severe_Damage,L3_S3,-1338,614,12204,529,48,-4,0,-2663.66
5106,20:29:13:857,3,Severe_Damage,L3_S3,-1348,614,12756,1404,68,122,0,-2111.66
5107,20:29:13:867,3,Severe_Damage,L3_S3,-1518,822,13326,2185,114,249,0,-1541.66
5108,20:29:13:877,3,Severe_Damage,L3_S3,-1614,1010,14282,2694,89,326,0,-585.66
5109,20:29:13:887,3,Severe_Damage,L3_S3,-1768,1196,15144,2945,133,362,0,276.34
5110,20:29:13:897,3,Severe_Damage,L3_S3,-1900,1340,16028,2886,127,351,0,1160.34
5111,20:29:13:907,3,Severe_Damage,L3_S3,-2012,1500,16626,2566,119,298,0,1758.34
5112,20:29:13:917,3,Severe_Damage,L3_S3,-2026,1610,17242,1924,65,204,0,2374.34
5113,20:29:13:927,3,Severe_Damage,L3_S3,-2158,1670,17580,1134,86,80,0,2712.34
5114,20:29:13:937,3,Severe_Damage,L3_S3,-2076,1734,17616,241,38,-59,0,2748.34
5115,20:29:13:947,3,Severe_Damage,L3_S3,-2066,1634,17458,-716,18,-206,0,2590.34
5116,20:29:13:957,3,Severe_Damage,L3_S3,-2034,1638,17014,-1587,-3,-342,0,2146.34
5117,20:29:13:967,3,Severe_Damage,L3_S3,-1928,1468,16398,-2345,-43,-456,0,1530.34
5118,20:29:13:977,3,Severe_Damage,L3_S3,-1828,1312,15592,-2860,-39,-532,0,724.34
5119,20:29:13:987,3,Severe_Damage,L3_S3,-1768,1096,14730,-3149,-47,-575,0,-137.66
5120,20:29:13:997,3,Severe_Damage,L3_S3,-1570,946,13940,-3118,-62,-576,0,-927.66
5121,20:29:14:007,3,Severe_Damage,L3_S3,-1506,762,13354,-2888,-68,-534,0,-1513.66
5122,20:29:14:017,3,Severe_Damage,L3_S3,-1348,702,12680,-2280,-17,-443,0,-2187.66
5123,20:29:14:027,3,Severe_Damage,L3_S3,-1368,518,12354,-1590,-12,-339,0,-2513.66
5124,20:29:14:037,3,Severe_Damage,L3_S3,-1306,568,12244,-708,5,-197,0,-2623.66
5125,20:29:14:047,3,Severe_Damage,L3_S3,-1308,552,12428,141,44,-76,0,-2439.66
5126,20:29:14:057,3,Severe_Damage,L3_S3,-1410,688,12746,1043,64,66,0,-2121.66
5127,20:29:14:067,3,Severe_Damage,L3_S3,-1514,800,13420,1741,79,171,0,-1447.66
5128,20:29:14:077,3,Severe_Damage,L3_S3,-1612,1010,14016,2298,92,264,0,-851.66
5129,20:29:14:087,3,Severe_Damage,L3_S3,-1680,1120,14858,2572,104,306,0,-9.66
5130,20:29:14:097,3,Severe_Damage,L3_S3,-1798,1290,15594,2620,104,313,0,726.34
5131,20:29:14:107,3,Severe_Damage,L3_S3,-1934,1372,16308,2366,99,273,0,1440.34
5132,20:29:14:117,3,Severe_Damage,L3_S3,-2032,1554,16800,1956,115,205,0,1932.34
5133,20:29:14:127,3,Severe_Damage,L3_S3,-2056,1600,17268,1202,33,92,0,2400.34
5134,20:29:14:137,3,Severe_Damage,L3_S3,-2112,1662,17324,448,73,-28,0,2456.34
5135,20:29:14:147,3,Severe_Damage,L3_S3,-2032,1622,17288,-424,8,-154,0,2420.34
5136,20:29:14:157,3,Severe_Damage,L3_S3,-2058,1584,16872,-1224,-8,-274,0,2004.34
5137,20:29:14:167,3,Severe_Damage,L3_S3,-1938,1470,16394,-1943,-7,-392,0,1526.34
5138,20:29:14:177,3,Severe_Damage,L3_S3,-1818,1316,15736,-2483,-52,-476,0,868.34
5139,20:29:14:187,3,Severe_Damage,L3_S3,-1762,1186,15010,-2800,-9,-522,0,142.34
5140,20:29:14:197,3,Severe_Damage,L3_S3,-1568,984,14230,-2860,-71,-528,0,-637.66
5141,20:29:14:207,3,Severe_Damage,L3_S3,-1562,860,13582,-2670,-33,-500,0,-1285.66
5142,20:29:14:217,3,Severe_Damage,L3_S3,-1436,712,13096,-2276,-39,-442,0,-1771.66
5143,20:29:14:227,3,Severe_Damage,L3_S3,-1282,682,12702,-1639,-39,-343,0,-2165.66
5144,20:29:14:237,3,Severe_Damage,L3_S3,-1362,636,12516,-889,54,-240,0,-2351.66
5145,20:29:14:247,3,Severe_Damage,L3_S3,-1314,660,12556,-100,-10,-109,0,-2311.66
5146,20:29:14:257,3,Severe_Damage,L3_S3,-1456,698,12916,680,82,16,0,-1951.66
5147,20:29:14:267,3,Severe_Damage,L3_S3,-1446,788,13296,1387,66,122,0,-1571.66
5148,20:29:14:277,3,Severe_Damage,L3_S3,-1572,940,13996,1910,72,203,0,-871.66
5149,20:29:14:287,3,Severe_Damage,L3_S3,-1652,1054,14688,2246,124,249,0,-179.66
5150,20:29:14:297,3,Severe_Damage,L3_S3,-1720,1236,15432,2342,72,270,0,564.34
5151,20:29:14:307,3,Severe_Damage,L3_S3,-1888,1388,16024,2194,118,237,0,1156.34
5152,20:29:14:317,3,Severe_Damage,L3_S3,-1968,1428,16502,1835,78,190,0,1634.34
5153,20:29:14:327,3,Severe_Damage,L3_S3,-2058,1580,16896,1300,77,116,0,2028.34
5154,20:29:14:337,3,Severe_Damage,L3_S3,-1966,1550,17134,552,22,-6,0,2266.34
5155,20:29:14:347,3,Severe_Damage,L3_S3,-2110,1586,17098,-158,55,-115,0,2230.34
5156,20:29:14:357,3,Severe_Damage,L3_S3,-1998,1544,16850,-927,-13,-240,0,1982.34
5157,20:29:14:367,3,Severe_Damage,L3_S3,-1900,1410,16340,-1595,-6,-335,0,1472.34
5158,20:29:14:377,3,Severe_Damage,L3_S3,-1850,1352,15866,-2126,-19,-418,0,998.34
5159,20:29:14:387,3,Severe_Damage,L3_S3,-1738,1200,15174,-2474,-33,-467,0,306.34
5160,20:29:14:397,3,Severe_Damage,L3_S3,-1710,1056,14512,-2585,-47,-492,0,-355.66
5161,20:29:14:407,3,Severe_Damage,L3_S3,-1538,948,13896,-2483,-33,-484,0,-971.66
5162,20:29:14:417,3,Severe_Damage,L3_S3,-1536,794,13188,-2156,-34,-419,0,-1679.66
5163,20:29:14:427,3,Severe_Damage,L3_S3,-1414,658,13044,-1698,-49,-356,0,-1823.66
5164,20:29:14:437,3,Severe_Damage,L3_S3,-1424,706,12812,-996,41,-246,0,-2055.66
5165,20:29:14:447,3,Severe_Damage,L3_S3,-1430,642,12774,-318,7,-148,0,-2093.66
5166,20:29:14:457,3,Severe_Damage,L3_S3,-1372,736,12958,426,40,-35,0,-1909.66
5167,20:29:14:467,3,Severe_Damage,L3_S3,-1570,788,13406,1040,78,70,0,-1461.66
5168,20:29:14:477,3,Severe_Damage,L3_S3,-1534,942,13820,1594,60,148,0,-1047.66
5169,20:29:14:487,3,Severe_Damage,L3_S3,-1658,1036,14504,1917,91,207,0,-363.66
5170,20:29:14:497,3,Severe_Damage,L3_S3,-1746,1158,15150,2079,95,226,0,282.34
5171,20:29:14:507,3,Severe_Damage,L3_S3,-1814,1304,15828,1997,88,217,0,960.34
5172,20:29:14:517,3,Severe_Damage,L3_S3,-1950,1394,16224,1724,87,172,0,1356.34
5173,20:29:14:527,3,Severe_Damage,L3_S3,-2010,1524,16560,1305,88,107,0,1692.34
5174,20:29:14:537,3,Severe_Damage,L3_S3,-1966,1502,16866,649,34,13,0,1998.34
5175,20:29:14:547,3,Severe_Damage,L3_S3,-2088,1520,16804,19,54,-87,0,1936.34
5176,20:29:14:557,3,Severe_Damage,L3_S3,-1940,1500,16726,-678,11,-201,0,1858.34
5177,20:29:14:567,3,Severe_Damage,L3_S3,-1980,1434,16352,-1283,1,-289,0,1484.34
5178,20:29:14:577,3,Severe_Damage,L3_S3,-1862,1338,15920,-1817,-8,-373,0,1052.34
5179,20:29:14:587,3,Severe_Damage,L3_S3,-1778,1240,15296,-2160,-31,-431,0,428.34
5180,20:29:14:598,3,Severe_Damage,L3_S3,-1740,1076,14712,-2335,-21,-455,0,-155.66
5181,20:29:14:607,3,Severe_Damage,L3_S3,-1572,962,14098,-2281,-39,-438,0,-769.66
5182,20:29:14:617,3,Severe_Damage,L3_S3,-1508,892,13600,-2051,-17,-403,0,-1267.66
5183,20:29:14:627,3,Severe_Damage,L3_S3,-1504,792,13166,-1629,-10,-344,0,-1701.66
5184,20:29:14:637,3,Severe_Damage,L3_S3,-1418,676,13084,-1135,-24,-266,0,-1783.66
5185,20:29:14:647,3,Severe_Damage,L3_S3,-1486,766,12960,-430,58,-156,0,-1907.66
5186,20:29:14:657,3,Severe_Damage,L3_S3,-1408,716,13250,151,17,-68,0,-1617.66
5187,20:29:14:667,3,Severe_Damage,L3_S3,-1472,874,13422,795,59,32,0,-1445.66
5188,20:29:14:677,3,Severe_Damage,L3_S3,-1538,878,13932,1255,86,94,0,-935.66
5189,20:29:14:687,3,Severe_Damage,L3_S3,-1594,1004,14336,1656,52,159,0,-531.66
5190,20:29:14:697,3,Severe_Damage,L3_S3,-1736,1162,15002,1796,115,183,0,134.34
5191,20:29:14:707,3,Severe_Damage,L3_S3,-1806,1254,15532,1814,78,188,0,664.34
5192,20:29:14:717,3,Severe_Damage,L3_S3,-1910,1296,15974,1591,77,153,0,1106.34
5193,20:29:14:727,3,Severe_Damage,L3_S3,-1964,1404,16380,1235,82,97,0,1512.34
5194,20:29:14:737,3,Severe_Damage,L3_S3,-1980,1506,16570,751,51,24,0,1702.34
5195,20:29:14:747,3,Severe_Damage,L3_S3,-1968,1450,16638,123,24,-73,0,1770.34
5196,20:29:14:757,3,Severe_Damage,L3_S3,-1984,1466,16454,-453,55,-163,0,1586.34
5197,20:29:14:767,3,Severe_Damage,L3_S3,-1852,1406,16250,-1034,-16,-255,0,1382.34
5198,20:29:14:777,3,Severe_Damage,L3_S3,-1856,1330,15934,-1532,2,-324,0,1066.34
5199,20:29:14:787,3,Severe_Damage,L3_S3,-1830,1182,15390,-1878,-15,-382,0,522.34
5200,20:29:14:797,3,Severe_Damage,L3_S3,-1732,1120,14844,-2087,-19,-417,0,-23.66
5201,20:29:14:807,3,Severe_Damage,L3_S3,-1666,1086,14348,-2082,-23,-416,0,-519.66
5202,20:29:14:817,3,Severe_Damage,L3_S3,-1550,850,13886,-1919,-17,-391,0,-981.66
5203,20:29:14:827,3,Severe_Damage,L3_S3,-1508,862,13510,-1577,-11,-339,0,-1357.66
5204,20:29:14:837,3,Severe_Damage,L3_S3,-1532,790,13228,-1120,-13,-261,0,-1639.66
5205,20:29:14:847,3,Severe_Damage,L3_S3,-1420,702,13318,-604,8,-188,0,-1549.66
5206,20:29:14:857,3,Severe_Damage,L3_S3,-1574,866,13228,33,74,-85,0,-1639.66
5207,20:29:14:867,3,Severe_Damage,L3_S3,-1488,824,13540,530,25,-19,0,-1327.66
5208,20:29:14:877,3,Severe_Damage,L3_S3,-1646,948,13780,1042,81,64,0,-1087.66
5209,20:29:14:887,3,Severe_Damage,L3_S3,-1632,988,14274,1356,64,109,0,-593.66
5210,20:29:14:897,3,Severe_Damage,L3_S3,-1692,1152,14750,1595,71,150,0,-117.66
5211,20:29:14:907,3,Severe_Damage,L3_S3,-1772,1240,15326,1593,83,145,0,458.34
5212,20:29:14:917,3,Severe_Damage,L3_S3,-1858,1326,15788,1472,61,127,0,920.34
5213,20:29:14:927,3,Severe_Damage,L3_S3,-1944,1350,16148,1156,74,87,0,1280.34
5214,20:29:14:937,3,Severe_Damage,L3_S3,-1918,1414,16388,744,63,25,0,1520.34
5215,20:29:14:947,3,Severe_Damage,L3_S3,-1976,1500,16358,265,56,-51,0,1490.34
5216,20:29:14:957,3,Severe_Damage,L3_S3,-1906,1396,16476,-345,-1,-144,0,1608.34
5217,20:29:14:967,3,Severe_Damage,L3_S3,-1964,1418,16144,-793,44,-211,0,1276.34
5218,20:29:14:977,3,Severe_Damage,L3_S3,-1786,1286,15954,-1322,-18,-294,0,1086.34
5219,20:29:14:987,3,Severe_Damage,L3_S3,-1888,1286,15360,-1624,-3,-338,0,492.34
5220,20:29:14:997,3,Severe_Damage,L3_S3,-1744,1128,14982,-1871,-13,-384,0,114.34
5221,20:29:15:007,3,Severe_Damage,L3_S3,-1662,1052,14526,-1883,-26,-384,0,-341.66
5222,20:29:15:017,3,Severe_Damage,L3_S3,-1604,956,13994,-1788,-22,-365,0,-873.66
5223,20:29:15:027,3,Severe_Damage,L3_S3,-1512,878,13700,-1506,-9,-326,0,-1167.66
5224,20:29:15:037,3,Severe_Damage,L3_S3,-1534,818,13508,-1120,15,-266,0,-1359.66
5225,20:29:15:047,3,Severe_Damage,L3_S3,-1466,782,13412,-640,8,-192,0,-1455.66
5226,20:29:15:057,3,Severe_Damage,L3_S3,-1500,838,13430,-118,37,-106,0,-1437.66
5227,20:29:15:067,3,Severe_Damage,L3_S3,-1570,868,13696,371,45,-37,0,-1171.66
5228,20:29:15:077,3,Severe_Damage,L3_S3,-1504,932,13874,817,56,38,0,-993.66
5229,20:29:15:087,3,Severe_Damage,L3_S3,-1612,1010,14272,1161,68,91,0,-595.66
5230,20:29:15:097,3,Severe_Damage,L3_S3,-1632,1068,14722,1379,68,124,0,-145.66
5231,20:29:15:107,3,Severe_Damage,L3_S3,-1760,1170,15210,1438,67,130,0,342.34
5232,20:29:15:117,3,Severe_Damage,L3_S3,-1812,1278,15642,1335,70,110,0,774.34
5233,20:29:15:127,3,Severe_Damage,L3_S3,-1876,1336,15938,1092,54,77,0,1070.34
5234,20:29:15:137,3,Severe_Damage,L3_S3,-1894,1394,16170,725,53,19,0,1302.34
5235,20:29:15:147,3,Severe_Damage,L3_S3,-1936,1420,16298,284,46,-47,0,1430.34
5236,20:29:15:157,3,Severe_Damage,L3_S3,-1940,1444,16328,-211,21,-125,0,1460.34
5237,20:29:15:167,3,Severe_Damage,L3_S3,-1946,1422,16078,-688,19,-200,0,1210.34
5238,20:29:15:177,3,Severe_Damage,L3_S3,-1892,1312,15836,-1130,2,-264,0,968.34
5239,20:29:15:187,3,Severe_Damage,L3_S3,-1810,1264,15494,-1464,-9,-318,0,626.34
5240,20:29:15:197,3,Severe_Damage,L3_S3,-1730,1138,15022,-1670,-9,-347,0,154.34
5241,20:29:15:207,3,Severe_Damage,L3_S3,-1716,1040,14656,-1742,0,-369,0,-211.66
5242,20:29:15:217,3,Severe_Damage,L3_S3,-1612,954,14182,-1658,-31,-351,0,-685.66
5243,20:29:15:227,3,Severe_Damage,L3_S3,-1588,898,13834,-1435,11,-312,0,-1033.66
5244,20:29:15:237,3,Severe_Damage,L3_S3,-1524,856,13666,-1100,0,-261,0,-1201.66
5245,20:29:15:247,3,Severe_Damage,L3_S3,-1494,860,13572,-681,22,-198,0,-1295.66
5246,20:29:15:257,3,Severe_Damage,L3_S3,-1564,828,13518,-219,36,-128,0,-1349.66
5247,20:29:15:267,3,Severe_Damage,L3_S3,-1500,902,13664,245,40,-57,0,-1203.66
5248,20:29:15:277,3,Severe_Damage,L3_S3,-1570,904,13936,659,56,12,0,-931.66
5249,20:29:15:287,3,Severe_Damage,L3_S3,-1588,992,14296,988,66,59,0,-571.66
5250,20:29:15:297,3,Severe_Damage,L3_S3,-1734,1038,14716,1206,72,95,0,-151.66
5251,20:29:15:307,3,Severe_Damage,L3_S3,-1774,1148,15098,1285,73,97,0,230.34
5252,20:29:15:317,3,Severe_Damage,L3_S3,-1744,1190,15520,1220,53,100,0,652.34
5253,20:29:15:327,3,Severe_Damage,L3_S3,-1898,1290,15794,1025,79,69,0,926.34
5254,20:29:15:337,3,Severe_Damage,L3_S3,-1896,1308,16000,709,45,23,0,1132.34
5255,20:29:15:347,3,Severe_Damage,L3_S3,-1988,1412,16138,312,44,-47,0,1270.34
5256,20:29:15:357,3,Severe_Damage,L3_S3,-1918,1372,16170,-127,33,-112,0,1302.34
5257,20:29:15:367,3,Severe_Damage,L3_S3,-1882,1328,16046,-571,9,-175,0,1178.34
5258,20:29:15:377,3,Severe_Damage,L3_S3,-1858,1320,15822,-978,14,-239,0,954.34
5259,20:29:15:387,3,Severe_Damage,L3_S3,-1850,1230,15448,-1301,-5,-295,0,580.34
5260,20:29:15:397,3,Severe_Damage,L3_S3,-1806,1164,15150,-1507,-8,-330,0,282.34
5261,20:29:15:407,3,Severe_Damage,L3_S3,-1600,1074,14762,-1600,1,-341,0,-105.66
5262,20:29:15:417,3,Severe_Damage,L3_S3,-1674,1036,14330,-1547,8,-333,0,-537.66
5263,20:29:15:427,3,Severe_Damage,L3_S3,-1570,986,14020,-1368,-23,-298,0,-847.66
5264,20:29:15:437,3,Severe_Damage,L3_S3,-1584,820,13770,-1081,13,-255,0,-1097.66
5265,20:29:15:447,3,Severe_Damage,L3_S3,-1530,866,13652,-714,1,-199,0,-1215.66
5266,20:29:15:457,3,Severe_Damage,L3_S3,-1486,840,13584,-285,29,-143,0,-1283.66
5267,20:29:15:467,3,Severe_Damage,L3_S3,-1542,856,13778,143,45,-76,0,-1089.66
5268,20:29:15:477,3,Severe_Damage,L3_S3,-1628,918,14016,531,51,-13,0,-851.66
5269,20:29:15:487,3,Severe_Damage,L3_S3,-1672,1036,14294,849,61,40,0,-573.66
5270,20:29:15:497,3,Severe_Damage,L3_S3,-1710,1056,14674,1058,59,73,0,-193.66
5271,20:29:15:507,3,Severe_Damage,L3_S3,-1768,1166,15002,1152,76,85,0,134.34
5272,20:29:15:517,3,Severe_Damage,L3_S3,-1820,1230,15370,1102,62,76,0,502.34
5273,20:29:15:527,3,Severe_Damage,L3_S3,-1830,1284,15636,946,66,57,0,768.34
5274,20:29:15:537,3,Severe_Damage,L3_S3,-1854,1378,15950,674,36,9,0,1082.34
5275,20:29:15:547,3,Severe_Damage,L3_S3,-1954,1394,16046,320,60,-33,0,1178.34
5276,20:29:15:557,3,Severe_Damage,L3_S3,-1868,1380,16064,-77,27,-100,0,1196.34
5277,20:29:15:567,3,Severe_Damage,L3_S3,-1896,1352,15970,-483,18,-164,0,1102.34
5278,20:29:15:578,3,Severe_Damage,L3_S3,-1814,1272,15794,-854,18,-221,0,926.34
5279,20:29:15:587,3,Severe_Damage,L3_S3,-1818,1218,15454,-1160,-9,-268,0,586.34
5280,20:29:15:598,3,Severe_Damage,L3_S3,-1686,1200,15112,-1368,-8,-295,0,244.34
5281,20:29:15:607,3,Severe_Damage,L3_S3,-1668,1092,14796,-1462,0,-325,0,-71.66
5282,20:29:15:617,3,Severe_Damage,L3_S3,-1644,1014,14390,-1440,11,-320,0,-477.66
5283,20:29:15:627,3,Severe_Damage,L3_S3,-1634,942,14094,-1290,-6,-288,0,-773.66
5284,20:29:15:637,3,Severe_Damage,L3_S3,-1622,910,13972,-1041,5,-251,0,-895.66
5285,20:29:15:647,3,Severe_Damage,L3_S3,-1524,888,13826,-707,12,-195,0,-1041.66
5286,20:29:15:657,3,Severe_Damage,L3_S3,-1544,882,13782,-336,23,-146,0,-1085.66
5287,20:29:15:667,3,Severe_Damage,L3_S3,-1560,864,13780,52,49,-87,0,-1087.66
5288,20:29:15:677,3,Severe_Damage,L3_S3,-1552,968,14034,411,42,-29,0,-833.66
5289,20:29:15:687,3,Severe_Damage,L3_S3,-1630,972,14336,711,63,21,0,-531.66
5290,20:29:15:697,3,Severe_Damage,L3_S3,-1670,1064,14578,923,65,46,0,-289.66
5291,20:29:15:707,3,Severe_Damage,L3_S3,-1742,1130,14916,1024,68,67,0,48.34
5292,20:29:15:717,3,Severe_Damage,L3_S3,-1768,1222,15260,1007,64,63,0,392.34
5293,20:29:15:727,3,Severe_Damage,L3_S3,-1800,1250,15604,871,55,42,0,736.34
5294,20:29:15:737,3,Severe_Damage,L3_S3,-1844,1322,15766,640,43,9,0,898.34
5295,20:29:15:747,3,Severe_Damage,L3_S3,-1924,1308,15922,325,61,-40,0,1054.34
5296,20:29:15:757,3,Severe_Damage,L3_S3,-1914,1362,15902,-29,15,-92,0,1034.34
5297,20:29:15:768,3,Severe_Damage,L3_S3,-1860,1292,15880,-404,34,-152,0,1012.34
5298,20:29:15:777,3,Severe_Damage,L3_S3,-1876,1290,15704,-751,18,-205,0,836.34
5299,20:29:15:788,3,Severe_Damage,L3_S3,-1826,1230,15474,-1038,-3,-254,0,606.34
5300,20:29:15:798,3,Severe_Damage,L3_S3,-1760,1166,15106,-1239,4,-287,0,238.34
5301,20:29:15:808,3,Severe_Damage,L3_S3,-1662,1104,14896,-1348,-15,-298,0,28.34
5302,20:29:15:818,3,Severe_Damage,L3_S3,-1656,1060,14530,-1339,15,-298,0,-337.66
5303,20:29:15:828,3,Severe_Damage,L3_S3,-1618,974,14252,-1223,-14,-279,0,-615.66
5304,20:29:15:837,3,Severe_Damage,L3_S3,-1598,918,14022,-1005,7,-257,0,-845.66
5305,20:29:15:847,3,Severe_Damage,L3_S3,-1542,904,13900,-707,11,-204,0,-967.66
5306,20:29:15:857,3,Severe_Damage,L3_S3,-1566,916,13802,-370,14,-151,0,-1065.66
5307,20:29:15:867,3,Severe_Damage,L3_S3,-1590,854,13932,-19,40,-96,0,-935.66
5308,20:29:15:877,3,Severe_Damage,L3_S3,-1600,958,14080,311,36,-43,0,-787.66
5309,20:29:15:887,3,Severe_Damage,L3_S3,-1608,1018,14246,603,59,-4,0,-621.66
5310,20:29:15:897,3,Severe_Damage,L3_S3,-1660,1040,14588,805,56,31,0,-279.66
5311,20:29:15:907,3,Severe_Damage,L3_S3,-1720,1118,14904,906,57,46,0,36.34
5312,20:29:15:917,3,Severe_Damage,L3_S3,-1726,1200,15192,908,65,50,0,324.34
5313,20:29:15:927,3,Severe_Damage,L3_S3,-1804,1234,15506,799,46,34,0,638.34
5314,20:29:15:937,3,Severe_Damage,L3_S3,-1846,1282,15672,604,46,-4,0,804.34
5315,20:29:15:947,3,Severe_Damage,L3_S3,-1856,1320,15770,326,61,-46,0,902.34
5316,20:29:15:957,3,Severe_Damage,L3_S3,-1898,1356,15810,6,26,-93,0,942.34
5317,20:29:15:968,3,Severe_Damage,L3_S3,-1856,1290,15826,-337,37,-144,0,958.34
5318,20:29:15:978,3,Severe_Damage,L3_S3,-1836,1242,15692,-655,18,-190,0,824.34
5319,20:29:15:987,3,Severe_Damage,L3_S3,-1812,1246,15418,-921,8,-235,0,550.34
5320,20:29:15:998,3,Severe_Damage,L3_S3,-1720,1182,15178,-1120,8,-257,0,310.34
5321,20:29:16:008,3,Severe_Damage,L3_S3,-1722,1112,14896,-1227,-8,-283,0,28.34
5322,20:29:16:018,3,Severe_Damage,L3_S3,-1666,1064,14522,-1232,10,-291,0,-345.66
5323,20:29:16:028,3,Severe_Damage,L3_S3,-1624,1006,14382,-1148,1,-274,0,-485.66
5324,20:29:16:037,3,Severe_Damage,L3_S3,-1544,952,14096,-959,14,-237,0,-771.66
5325,20:29:16:047,3,Severe_Damage,L3_S3,-1608,916,13992,-699,19,-196,0,-875.66
5326,20:29:16:057,3,Severe_Damage,L3_S3,-1554,926,13926,-403,25,-152,0,-941.66
5327,20:29:16:067,3,Severe_Damage,L3_S3,-1610,928,13970,-78,38,-103,0,-897.66
5328,20:29:16:077,3,Severe_Damage,L3_S3,-1544,1004,14096,229,35,-61,0,-771.66
5329,20:29:16:087,3,Severe_Damage,L3_S3,-1648,1002,14324,488,51,-20,0,-543.66
5330,20:29:16:097,3,Severe_Damage,L3_S3,-1678,1056,14526,683,53,18,0,-341.66
5331,20:29:16:111,3,Severe_Damage,L3_S3,-1730,1136,14838,792,62,34,0,-29.66
5332,20:29:16:117,3,Severe_Damage,L3_S3,-1796,1160,15030,811,61,34,0,162.34
5333,20:29:16:127,3,Severe_Damage,L3_S3,-1764,1178,15410,724,60,21,0,542.34
5334,20:29:16:137,3,Severe_Damage,L3_S3,-1846,1260,15534,558,46,-2,0,666.34
5335,20:29:16:147,3,Severe_Damage,L3_S3,-1812,1256,15706,316,28,-50,0,838.34
5336,20:29:16:158,3,Severe_Damage,L3_S3,-1836,1334,15758,29,50,-93,0,890.34
5337,20:29:16:168,3,Severe_Damage,L3_S3,-1876,1292,15664,-278,11,-135,0,796.34
5338,20:29:16:178,3,Severe_Damage,L3_S3,-1804,1264,15576,-572,22,-185,0,708.34
5339,20:29:16:188,3,Severe_Damage,L3_S3,-1826,1258,15400,-830,6,-217,0,532.34
5340,20:29:16:198,3,Severe_Damage,L3_S3,-1770,1184,15204,-1014,5,-246,0,336.34
5341,20:29:16:208,3,Severe_Damage,L3_S3,-1690,1144,14840,-1126,6,-274,0,-27.66
5342,20:29:16:218,3,Severe_Damage,L3_S3,-1692,1040,14650,-1150,-6,-268,0,-217.66
5343,20:29:16:228,3,Severe_Damage,L3_S3,-1620,1018,14380,-1071,21,-259,0,-487.66
5344,20:29:16:237,3,Severe_Damage,L3_S3,-1616,992,14226,-920,-6,-229,0,-641.66
5345,20:29:16:248,3,Severe_Damage,L3_S3,-1606,952,14108,-691,22,-199,0,-759.66
5346,20:29:16:258,3,Severe_Damage,L3_S3,-1590,940,14000,-415,18,-154,0,-867.66
5347,20:29:16:268,3,Severe_Damage,L3_S3,-1590,964,14110,-126,18,-112,0,-757.66
5348,20:29:16:277,3,Severe_Damage,L3_S3,-1578,950,14104,153,52,-72,0,-763.66
5349,20:29:16:287,3,Severe_Damage,L3_S3,-1624,978,14260,401,39,-27,0,-607.66
5350,20:29:16:297,3,Severe_Damage,L3_S3,-1658,1024,14520,589,65,-3,0,-347.66
5351,20:29:16:308,3,Severe_Damage,L3_S3,-1732,1112,14768,694,58,14,0,-99.66
5352,20:29:16:317,3,Severe_Damage,L3_S3,-1760,1138,15066,720,47,25,0,198.34
5353,20:29:16:327,3,Severe_Damage,L3_S3,-1792,1236,15342,659,60,11,0,474.34
5354,20:29:16:337,3,Severe_Damage,L3_S3,-1818,1214,15532,509,44,-11,0,664.34
5355,20:29:16:347,3,Severe_Damage,L3_S3,-1852,1276,15648,298,45,-47,0,780.34
5356,20:29:16:357,3,Severe_Damage,L3_S3,-1886,1256,15646,41,28,-85,0,778.34
5357,20:29:16:368,3,Severe_Damage,L3_S3,-1824,1288,15728,-234,29,-128,0,860.34
5358,20:29:16:378,3,Severe_Damage,L3_S3,-1868,1288,15558,-509,24,-164,0,690.34
5359,20:29:16:388,3,Severe_Damage,L3_S3,-1778,1196,15382,-745,13,-207,0,514.34
5360,20:29:16:398,3,Severe_Damage,L3_S3,-1740,1230,15182,-925,2,-237,0,314.34
5361,20:29:16:408,3,Severe_Damage,L3_S3,-1708,1142,14938,-1031,8,-256,0,70.34
5362,20:29:16:418,3,Severe_Damage,L3_S3,-1650,1070,14648,-1060,-4,-259,0,-219.66
5363,20:29:16:428,3,Severe_Damage,L3_S3,-1660,1046,14448,-1009,1,-248,0,-419.66
5364,20:29:16:438,3,Severe_Damage,L3_S3,-1560,1002,14290,-876,11,-226,0,-577.66
5365,20:29:16:448,3,Severe_Damage,L3_S3,-1636,1012,14170,-677,29,-190,0,-697.66
5366,20:29:16:458,3,Severe_Damage,L3_S3,-1572,970,14120,-432,12,-155,0,-747.66
5367,20:29:16:468,3,Severe_Damage,L3_S3,-1646,958,14086,-170,36,-113,0,-781.66
5368,20:29:16:477,3,Severe_Damage,L3_S3,-1608,986,14190,85,33,-78,0,-677.66
5369,20:29:16:488,3,Severe_Damage,L3_S3,-1640,1032,14326,316,43,-46,0,-541.66
5370,20:29:16:497,3,Severe_Damage,L3_S3,-1682,1048,14560,497,55,-18,0,-307.66
5371,20:29:16:507,3,Severe_Damage,L3_S3,-1754,1106,14848,610,51,2,0,-19.66
5372,20:29:16:517,3,Severe_Damage,L3_S3,-1732,1138,15062,641,50,1,0,194.34
5373,20:29:16:528,3,Severe_Damage,L3_S3,-1768,1174,15270,590,51,-5,0,402.34
5374,20:29:16:538,3,Severe_Damage,L3_S3,-1828,1202,15404,465,45,-21,0,536.34
5375,20:29:16:548,3,Severe_Damage,L3_S3,-1788,1282,15552,285,33,-50,0,684.34
5376,20:29:16:558,3,Severe_Damage,L3_S3,-1820,1298,15562,51,44,-94,0,694.34
5377,20:29:16:568,3,Severe_Damage,L3_S3,-1814,1258,15638,-194,22,-117,0,770.34
5378,20:29:16:578,3,Severe_Damage,L3_S3,-1816,1240,15502,-445,21,-161,0,634.34
5379,20:29:16:588,3,Severe_Damage,L3_S3,-1838,1186,15364,-663,21,-187,0,496.34
5380,20:29:16:598,3,Severe_Damage,L3_S3,-1738,1162,15202,-836,4,-221,0,334.34
5381,20:29:16:608,3,Severe_Damage,L3_S3,-1734,1124,14924,-948,15,-237,0,56.34
5382,20:29:16:618,3,Severe_Damage,L3_S3,-1680,1114,14694,-980,5,-249,0,-173.66
5383,20:29:16:628,3,Severe_Damage,L3_S3,-1702,1054,14524,-938,3,-241,0,-343.66
5384,20:29:16:638,3,Severe_Damage,L3_S3,-1608,990,14328,-831,12,-218,0,-539.66
5385,20:29:16:648,3,Severe_Damage,L3_S3,-1664,976,14202,-655,21,-191,0,-665.66
5386,20:29:16:658,3,Severe_Damage,L3_S3,-1596,1018,14180,-439,14,-155,0,-687.66
5387,20:29:16:668,3,Severe_Damage,L3_S3,-1640,942,14244,-192,42,-130,0,-623.66
5388,20:29:16:677,3,Severe_Damage,L3_S3,-1626,960,14276,38,26,-91,0,-591.66
5389,20:29:16:688,3,Severe_Damage,L3_S3,-1648,1046,14400,251,46,-54,0,-467.66
5390,20:29:16:698,3,Severe_Damage,L3_S3,-1740,1042,14582,412,45,-22,0,-285.66
5391,20:29:16:707,3,Severe_Damage,L3_S3,-1694,1078,14750,527,52,-2,0,-117.66
5392,20:29:16:718,3,Severe_Damage,L3_S3,-1728,1154,14980,560,47,-4,0,112.34
5393,20:29:16:728,3,Severe_Damage,L3_S3,-1766,1182,15162,524,43,-9,0,294.34
5394,20:29:16:738,3,Severe_Damage,L3_S3,-1806,1236,15342,414,48,-23,0,474.34
5395,20:29:16:748,3,Severe_Damage,L3_S3,-1806,1214,15510,261,42,-48,0,642.34
5396,20:29:16:757,3,Severe_Damage,L3_S3,-1816,1282,15608,58,19,-82,0,740.34
5397,20:29:16:768,3,Severe_Damage,L3_S3,-1872,1266,15598,-159,43,-111,0,730.34
5398,20:29:16:778,3,Severe_Damage,L3_S3,-1766,1226,15448,-396,10,-153,0,580.34
5399,20:29:16:788,3,Severe_Damage,L3_S3,-1794,1214,15314,-599,21,-185,0,446.34
5400,20:29:16:798,3,Severe_Damage,L3_S3,-1722,1184,15208,-766,10,-214,0,340.34
5401,20:29:16:808,3,Severe_Damage,L3_S3,-1780,1156,14974,-868,0,-227,0,106.34
5402,20:29:16:818,3,Severe_Damage,L3_S3,-1718,1052,14890,-912,3,-230,0,22.34
5403,20:29:16:828,3,Severe_Damage,L3_S3,-1668,1072,14550,-877,4,-231,0,-317.66
5404,20:29:16:838,3,Severe_Damage,L3_S3,-1630,988,14366,-789,3,-218,0,-501.66
5405,20:29:16:848,3,Severe_Damage,L3_S3,-1648,1006,14332,-632,22,-196,0,-535.66
5406,20:29:16:858,3,Severe_Damage,L3_S3,-1660,994,14274,-440,29,-151,0,-593.66
5407,20:29:16:868,3,Severe_Damage,L3_S3,-1624,958,14250,-225,21,-124,0,-617.66
5408,20:29:16:878,3,Severe_Damage,L3_S3,-1646,1010,14318,-7,42,-94,0,-549.66
5409,20:29:16:888,3,Severe_Damage,L3_S3,-1668,986,14404,185,30,-60,0,-463.66
5410,20:29:16:898,3,Severe_Damage,L3_S3,-1706,1042,14550,351,39,-38,0,-317.66
5411,20:29:16:908,3,Severe_Damage,L3_S3,-1686,1142,14828,449,49,-28,0,-39.66
5412,20:29:16:918,3,Severe_Damage,L3_S3,-1704,1120,14958,491,43,-16,0,90.34
5413,20:29:16:928,3,Severe_Damage,L3_S3,-1672,1194,15198,467,54,-24,0,330.34
5414,20:29:16:938,3,Severe_Damage,L3_S3,-1792,1192,15294,380,43,-29,0,426.34
5415,20:29:16:948,3,Severe_Damage,L3_S3,-1796,1176,15404,240,35,-59,0,536.34
5416,20:29:16:958,3,Severe_Damage,L3_S3,-1770,1190,15440,60,31,-77,0,572.34
5417,20:29:16:968,3,Severe_Damage,L3_S3,-1870,1202,15480,-144,39,-112,0,612.34
5418,20:29:16:978,3,Severe_Damage,L3_S3,-1814,1236,15436,-352,26,-149,0,568.34
5419,20:29:16:988,3,Severe_Damage,L3_S3,-1826,1218,15332,-550,23,-176,0,464.34
5420,20:29:16:998,3,Severe_Damage,L3_S3,-1746,1172,15260,-688,15,-204,0,392.34
5421,20:29:17:008,3,Severe_Damage,L3_S3,-1704,1160,15004,-794,-3,-217,0,136.34
5422,20:29:17:018,3,Severe_Damage,L3_S3,-1742,1114,14856,-842,20,-222,0,-11.66
5423,20:29:17:028,3,Severe_Damage,L3_S3,-1694,1054,14624,-823,11,-216,0,-243.66
5424,20:29:17:038,3,Severe_Damage,L3_S3,-1674,1076,14538,-744,17,-202,0,-329.66
5425,20:29:17:048,3,Severe_Damage,L3_S3,-1680,996,14328,-615,16,-192,0,-539.66
5426,20:29:17:058,3,Severe_Damage,L3_S3,-1598,1002,14322,-443,13,-160,0,-545.66
5427,20:29:17:068,3,Severe_Damage,L3_S3,-1596,1012,14264,-248,28,-124,0,-603.66
5428,20:29:17:078,3,Severe_Damage,L3_S3,-1630,984,14386,-51,29,-95,0,-481.66
5429,20:29:17:088,3,Severe_Damage,L3_S3,-1686,1032,14464,129,30,-65,0,-403.66
5430,20:29:17:098,3,Severe_Damage,L3_S3,-1698,1080,14590,281,52,-50,0,-277.66
5431,20:29:17:111,3,Severe_Damage,L3_S3,-1684,1070,14772,388,42,-35,0,-95.66
5432,20:29:17:118,3,Severe_Damage,L3_S3,-1734,1130,14906,425,43,-32,0,38.34
5433,20:29:17:128,3,Severe_Damage,L3_S3,-1740,1164,15138,413,47,-30,0,270.34
5434,20:29:17:138,3,Severe_Damage,L3_S3,-1720,1150,15178,339,46,-36,0,310.34
5435,20:29:17:148,3,Severe_Damage,L3_S3,-1812,1204,15350,216,40,-58,0,482.34
5436,20:29:17:158,3,Severe_Damage,L3_S3,-1782,1228,15404,50,34,-84,0,536.34
5437,20:29:17:168,3,Severe_Damage,L3_S3,-1818,1234,15426,-129,35,-112,0,558.34
5438,20:29:17:178,3,Severe_Damage,L3_S3,-1794,1196,15386,-315,22,-142,0,518.34
5439,20:29:17:188,3,Severe_Damage,L3_S3,-1818,1188,15248,-500,16,-169,0,380.34
5440,20:29:17:198,3,Severe_Damage,L3_S3,-1736,1134,15184,-639,9,-189,0,316.34
5441,20:29:17:208,3,Severe_Damage,L3_S3,-1760,1124,15016,-729,17,-208,0,148.34
5442,20:29:17:218,3,Severe_Damage,L3_S3,-1740,1132,14848,-775,12,-210,0,-19.66
5443,20:29:17:228,3,Severe_Damage,L3_S3,-1694,1058,14654,-763,10,-212,0,-213.66
5444,20:29:17:238,3,Severe_Damage,L3_S3,-1630,1006,14488,-697,12,-204,0,-379.66
5445,20:29:17:248,3,Severe_Damage,L3_S3,-1658,1028,14432,-581,10,-182,0,-435.66
5446,20:29:17:258,3,Severe_Damage,L3_S3,-1648,1002,14408,-435,22,-163,0,-459.66
5447,20:29:17:268,3,Severe_Damage,L3_S3,-1648,1018,14358,-262,28,-133,0,-509.66
5448,20:29:17:278,3,Severe_Damage,L3_S3,-1648,998,14392,-76,34,-107,0,-475.66
5449,20:29:17:288,3,Severe_Damage,L3_S3,-1666,1020,14414,88,37,-79,0,-453.66
5450,20:29:17:298,3,Severe_Damage,L3_S3,-1650,1044,14622,232,36,-55,0,-245.66
5451,20:29:17:308,3,Severe_Damage,L3_S3,-1696,1102,14770,328,46,-46,0,-97.66
5452,20:29:17:318,3,Severe_Damage,L3_S3,-1756,1116,14936,368,43,-36,0,68.34
5453,20:29:17:328,3,Severe_Damage,L3_S3,-1770,1126,15082,363,46,-39,0,214.34
5454,20:29:17:338,3,Severe_Damage,L3_S3,-1748,1200,15192,299,37,-41,0,324.34
5455,20:29:17:348,3,Severe_Damage,L3_S3,-1770,1190,15306,196,34,-54,0,438.34
5456,20:29:17:358,3,Severe_Damage,L3_S3,-1752,1218,15418,50,30,-83,0,550.34
5457,20:29:17:368,3,Severe_Damage,L3_S3,-1814,1210,15340,-122,34,-107,0,472.34
5458,20:29:17:378,3,Severe_Damage,L3_S3,-1800,1244,15358,-299,21,-136,0,490.34
5459,20:29:17:388,3,Severe_Damage,L3_S3,-1780,1220,15222,-452,21,-158,0,354.34
5460,20:29:17:398,3,Severe_Damage,L3_S3,-1746,1250,15084,-587,18,-178,0,216.34
5461,20:29:17:408,3,Severe_Damage,L3_S3,-1768,1128,15072,-677,17,-199,0,204.34
5462,20:29:17:418,3,Severe_Damage,L3_S3,-1700,1086,14792,-720,8,-212,0,-75.66
5463,20:29:17:428,3,Severe_Damage,L3_S3,-1712,1076,14730,-727,6,-207,0,-137.66
5464,20:29:17:438,3,Severe_Damage,L3_S3,-1646,1058,14510,-663,17,-197,0,-357.66
5465,20:29:17:448,3,Severe_Damage,L3_S3,-1664,1012,14490,-561,17,-183,0,-377.66
5466,20:29:17:458,3,Severe_Damage,L3_S3,-1634,1054,14368,-427,27,-164,0,-499.66
5467,20:29:17:468,3,Severe_Damage,L3_S3,-1660,1024,14372,-272,27,-125,0,-495.66
5468,20:29:17:478,3,Severe_Damage,L3_S3,-1702,1020,14464,-104,30,-110,0,-403.66
5469,20:29:17:488,3,Severe_Damage,L3_S3,-1682,1020,14516,54,36,-90,0,-351.66
5470,20:29:17:498,3,Severe_Damage,L3_S3,-1646,1090,14588,182,43,-61,0,-279.66
5471,20:29:17:508,3,Severe_Damage,L3_S3,-1722,1092,14694,271,39,-51,0,-173.66
5472,20:29:17:518,3,Severe_Damage,L3_S3,-1690,1124,14926,323,47,-50,0,58.34
5473,20:29:17:528,3,Severe_Damage,L3_S3,-1768,1162,15022,311,43,-46,0,154.34
5474,20:29:17:538,3,Severe_Damage,L3_S3,-1758,1182,15140,269,49,-52,0,272.34
5475,20:29:17:548,3,Severe_Damage,L3_S3,-1790,1218,15322,166,36,-71,0,454.34
5476,20:29:17:558,3,Severe_Damage,L3_S3,-1800,1234,15258,39,31,-85,0,390.34
5477,20:29:17:568,3,Severe_Damage,L3_S3,-1758,1220,15314,-113,31,-112,0,446.34
5478,20:29:17:578,3,Severe_Damage,L3_S3,-1780,1260,15272,-263,35,-134,0,404.34
5479,20:29:17:588,3,Severe_Damage,L3_S3,-1788,1196,15244,-416,25,-162,0,376.34
5480,20:29:17:598,3,Severe_Damage,L3_S3,-1764,1168,15172,-541,31,-184,0,304.34
5481,20:29:17:608,3,Severe_Damage,L3_S3,-1752,1102,14922,-641,15,-190,0,54.34
5482,20:29:17:618,3,Severe_Damage,L3_S3,-1694,1132,14818,-683,19,-196,0,-49.66
5483,20:29:17:628,3,Severe_Damage,L3_S3,-1696,1094,14764,-678,17,-193,0,-103.66
5484,20:29:17:638,3,Severe_Damage,L3_S3,-1680,1022,14580,-627,10,-186,0,-287.66
5485,20:29:17:648,3,Severe_Damage,L3_S3,-1660,1034,14552,-541,20,-186,0,-315.66
5486,20:29:17:658,3,Severe_Damage,L3_S3,-1658,1024,14452,-418,24,-155,0,-415.66
5487,20:29:17:668,3,Severe_Damage,L3_S3,-1648,972,14462,-275,36,-142,0,-405.66
5488,20:29:17:678,3,Severe_Damage,L3_S3,-1678,992,14462,-122,30,-108,0,-405.66
5489,20:29:17:688,3,Severe_Damage,L3_S3,-1686,1042,14572,20,36,-87,0,-295.66
5490,20:29:17:698,3,Severe_Damage,L3_S3,-1642,1074,14572,136,40,-75,0,-295.66
5491,20:29:17:708,3,Severe_Damage,L3_S3,-1756,1082,14706,225,49,-57,0,-161.66
5492,20:29:17:718,3,Severe_Damage,L3_S3,-1740,1114,14890,277,43,-55,0,22.34
5493,20:29:17:728,3,Severe_Damage,L3_S3,-1776,1142,14996,274,44,-52,0,128.34
5494,20:29:17:738,3,Severe_Damage,L3_S3,-1784,1158,15088,228,44,-59,0,220.34
5495,20:29:17:748,3,Severe_Damage,L3_S3,-1796,1158,15212,149,50,-70,0,344.34
5496,20:29:17:758,3,Severe_Damage,L3_S3,-1774,1200,15272,32,32,-82,0,404.34
5497,20:29:17:768,3,Severe_Damage,L3_S3,-1760,1196,15328,-103,34,-108,0,460.34
5498,20:29:17:778,3,Severe_Damage,L3_S3,-1800,1198,15334,-247,27,-128,0,466.34
5499,20:29:17:788,3,Severe_Damage,L3_S3,-1784,1186,15200,-386,26,-145,0,332.34
5500,20:29:17:798,3,Severe_Damage,L3_S3,-1728,1130,15094,-504,20,-174,0,226.34
5501,20:29:17:808,3,Severe_Damage,L3_S3,-1726,1158,14998,-588,19,-183,0,130.34
5502,20:29:17:818,3,Severe_Damage,L3_S3,-1716,1086,14858,-634,20,-188,0,-9.66
5503,20:29:17:828,3,Severe_Damage,L3_S3,-1688,1100,14776,-639,14,-186,0,-91.66
5504,20:29:17:838,3,Severe_Damage,L3_S3,-1666,1044,14666,-597,23,-186,0,-201.66
5505,20:29:17:848,3,Severe_Damage,L3_S3,-1668,1044,14634,-519,24,-174,0,-233.66
5506,20:29:17:858,3,Severe_Damage,L3_S3,-1656,1000,14496,-407,21,-158,0,-371.66
5507,20:29:17:868,3,Severe_Damage,L3_S3,-1712,1030,14424,-282,30,-133,0,-443.66
5508,20:29:17:878,3,Severe_Damage,L3_S3,-1620,1006,14530,-133,34,-117,0,-337.66
5509,20:29:17:888,3,Severe_Damage,L3_S3,-1670,1042,14578,-11,35,-95,0,-289.66
5510,20:29:17:898,3,Severe_Damage,L3_S3,-1672,1046,14642,110,50,-79,0,-225.66
5511,20:29:17:908,3,Severe_Damage,L3_S3,-1696,1106,14800,179,42,-66,0,-67.66
5512,20:29:17:918,3,Severe_Damage,L3_S3,-1734,1120,14804,236,49,-59,0,-63.66
5513,20:29:17:928,3,Severe_Damage,L3_S3,-1706,1106,14986,238,40,-62,0,118.34
5514,20:29:17:938,3,Severe_Damage,L3_S3,-1736,1176,15134,209,42,-65,0,266.34
5515,20:29:17:948,3,Severe_Damage,L3_S3,-1742,1150,15196,122,35,-71,0,328.34
5516,20:29:17:958,3,Severe_Damage,L3_S3,-1760,1236,15242,24,36,-85,0,374.34
5517,20:29:17:968,3,Severe_Damage,L3_S3,-1834,1180,15314,-111,28,-108,0,446.34
5518,20:29:17:978,3,Severe_Damage,L3_S3,-1838,1206,15222,-232,33,-130,0,354.34
5519,20:29:17:988,3,Severe_Damage,L3_S3,-1778,1210,15216,-356,25,-149,0,348.34
5520,20:29:17:998,3,Severe_Damage,L3_S3,-1766,1178,15114,-462,23,-163,0,246.34
5521,20:29:18:008,3,Severe_Damage,L3_S3,-1730,1152,15004,-552,24,-179,0,136.34
5522,20:29:18:018,3,Severe_Damage,L3_S3,-1700,1082,14876,-588,18,-182,0,8.34
5523,20:29:18:028,3,Severe_Damage,L3_S3,-1706,1110,14792,-597,16,-183,0,-75.66
5524,20:29:18:038,3,Severe_Damage,L3_S3,-1668,1072,14694,-562,20,-187,0,-173.66
5525,20:29:18:048,3,Severe_Damage,L3_S3,-1744,1042,14552,-492,14,-171,0,-315.66
5526,20:29:18:058,3,Severe_Damage,L3_S3,-1652,1028,14470,-402,28,-159,0,-397.66
5527,20:29:18:068,3,Severe_Damage,L3_S3,-1746,1034,14474,-285,18,-135,0,-393.66
5528,20:29:18:078,3,Severe_Damage,L3_S3,-1688,1032,14536,-154,43,-122,0,-331.66
5529,20:29:18:088,3,Severe_Damage,L3_S3,-1698,1034,14508,-40,30,-99,0,-359.66
5530,20:29:18:098,3,Severe_Damage,L3_S3,-1694,1040,14638,72,45,-83,0,-229.66
5531,20:29:18:108,3,Severe_Damage,L3_S3,-1626,1098,14800,144,37,-73,0,-67.66
5532,20:29:18:118,3,Severe_Damage,L3_S3,-1788,1150,14862,192,36,-63,0,-5.66
5533,20:29:18:128,3,Severe_Damage,L3_S3,-1710,1126,14994,203,45,-63,0,126.34
5534,20:29:18:138,3,Severe_Damage,L3_S3,-1758,1106,15058,169,27,-63,0,190.34
5535,20:29:18:148,3,Severe_Damage,L3_S3,-1770,1190,15148,111,33,-73,0,280.34
5536,20:29:18:158,3,Severe_Damage,L3_S3,-1692,1150,15238,12,36,-102,0,370.34
5537,20:29:18:168,3,Severe_Damage,L3_S3,-1742,1242,15282,-108,22,-103,0,414.34
5538,20:29:18:178,3,Severe_Damage,L3_S3,-1716,1198,15194,-220,33,-131,0,326.34
5539,20:29:18:188,3,Severe_Damage,L3_S3,-1758,1182,15194,-331,17,-133,0,326.34
5540,20:29:18:198,3,Severe_Damage,L3_S3,-1710,1180,15050,-439,29,-164,0,182.34
5541,20:29:18:208,3,Severe_Damage,L3_S3,-1742,1122,14912,-556,15,-173,0,44.34
5542,20:29:18:218,3,Severe_Damage,L3_S3,-1728,1108,14804,-563,26,-182,0,-63.66
5543,20:29:18:228,3,Severe_Damage,L3_S3,-1770,1036,14694,-533,8,-175,0,-173.66
5544,20:29:18:238,3,Severe_Damage,L3_S3,-1702,1032,14586,-474,34,-170,0,-281.66
5545,20:29:18:248,3,Severe_Damage,L3_S3,-1702,1082,14594,-389,25,-146,0,-273.66
5546,20:29:18:258,3,Severe_Damage,L3_S3,-1702,1022,14576,-286,31,-138,0,-291.66
5547,20:29:18:268,3,Severe_Damage,L3_S3,-1684,1040,14552,-172,29,-119,0,-315.66
5548,20:29:18:278,3,Severe_Damage,L3_S3,-1668,1002,14612,-63,35,-95,0,-255.66
5549,20:29:18:288,3,Severe_Damage,L3_S3,-1724,1062,14660,38,42,-86,0,-207.66
5550,20:29:18:298,3,Severe_Damage,L3_S3,-1720,1070,14756,109,39,-72,0,-111.66
5551,20:29:18:308,3,Severe_Damage,L3_S3,-1690,1102,14850,154,41,-67,0,-17.66
5552,20:29:18:318,3,Severe_Damage,L3_S3,-1696,1138,14908,164,49,-64,0,40.34
5553,20:29:18:328,3,Severe_Damage,L3_S3,-1732,1178,15058,147,35,-68,0,190.34
5554,20:29:18:338,3,Severe_Damage,L3_S3,-1722,1224,15152,86,45,-80,0,284.34
5555,20:29:18:348,3,Severe_Damage,L3_S3,-1808,1174,15158,3,33,-94,0,290.34
5556,20:29:18:358,3,Severe_Damage,L3_S3,-1754,1178,15132,-96,42,-111,0,264.34
5557,20:29:18:368,3,Severe_Damage,L3_S3,-1802,1188,15230,-211,24,-125,0,362.34
5558,20:29:18:378,3,Severe_Damage,L3_S3,-1736,1134,15202,-318,21,-140,0,334.34
5559,20:29:18:388,3,Severe_Damage,L3_S3,-1738,1128,15068,-410,25,-146,0,200.34
5560,20:29:18:398,3,Severe_Damage,L3_S3,-1772,1194,14982,-489,17,-160,0,114.34
5561,20:29:18:408,3,Severe_Damage,L3_S3,-1744,1104,14898,-524,31,-179,0,30.34
5562,20:29:18:418,3,Severe_Damage,L3_S3,-1736,1104,14832,-541,23,-174,0,-35.66
5563,20:29:18:428,3,Severe_Damage,L3_S3,-1682,1062,14736,-511,26,-172,0,-131.66
5564,20:29:18:438,3,Severe_Damage,L3_S3,-1640,1054,14616,-459,27,-166,0,-251.66
5565,20:29:18:448,3,Severe_Damage,L3_S3,-1682,1056,14550,-378,19,-148,0,-317.66
5566,20:29:18:458,3,Severe_Damage,L3_S3,-1654,1030,14532,-283,26,-141,0,-335.66
5567,20:29:18:468,3,Severe_Damage,L3_S3,-1636,1024,14574,-178,19,-116,0,-293.66
5568,20:29:18:478,3,Severe_Damage,L3_S3,-1668,1094,14644,-76,40,-103,0,-223.66
5569,20:29:18:488,3,Severe_Damage,L3_S3,-1662,1050,14642,9,42,-88,0,-225.66
5570,20:29:18:498,3,Severe_Damage,L3_S3,-1670,1102,14776,81,34,-78,0,-91.66
5571,20:29:18:508,3,Severe_Damage,L3_S3,-1712,1112,14838,130,52,-75,0,-29.66
5572,20:29:18:518,3,Severe_Damage,L3_S3,-1718,1116,14918,130,28,-71,0,50.34
5573,20:29:18:528,3,Severe_Damage,L3_S3,-1726,1130,14946,111,48,-81,0,78.34
5574,20:29:18:538,3,Severe_Damage,L3_S3,-1752,1144,15092,68,30,-83,0,224.34
5575,20:29:18:548,3,Severe_Damage,L3_S3,-1762,1186,15182,-7,35,-89,0,314.34
5576,20:29:18:558,3,Severe_Damage,L3_S3,-1772,1184,15150,-97,36,-105,0,282.34
5577,20:29:18:568,3,Severe_Damage,L3_S3,-1776,1126,15196,-196,25,-122,0,328.34
5578,20:29:18:578,3,Severe_Damage,L3_S3,-1750,1212,15114,-294,29,-143,0,246.34
5579,20:29:18:588,3,Severe_Damage,L3_S3,-1712,1126,15082,-383,26,-154,0,214.34
5580,20:29:18:598,3,Severe_Damage,L3_S3,-1742,1134,14982,-453,20,-163,0,114.34
5581,20:29:18:608,3,Severe_Damage,L3_S3,-1690,1102,14870,-489,23,-177,0,2.34
5582,20:29:18:618,3,Severe_Damage,L3_S3,-1698,1130,14800,-503,12,-175,0,-67.66
5583,20:29:18:628,3,Severe_Damage,L3_S3,-1736,1062,14714,-489,20,-162,0,-153.66
5584,20:29:18:638,3,Severe_Damage,L3_S3,-1690,1078,14666,-439,14,-156,0,-201.66
5585,20:29:18:648,3,Severe_Damage,L3_S3,-1674,1030,14586,-375,25,-147,0,-281.66
5586,20:29:18:658,3,Severe_Damage,L3_S3,-1682,1076,14626,-283,28,-130,0,-241.66
5587,20:29:18:668,3,Severe_Damage,L3_S3,-1664,1050,14620,-191,28,-121,0,-247.66
5588,20:29:18:678,3,Severe_Damage,L3_S3,-1718,1078,14672,-95,36,-104,0,-195.66
5589,20:29:18:688,3,Severe_Damage,L3_S3,-1684,1042,14726,-14,33,-101,0,-141.66
5590,20:29:18:699,3,Severe_Damage,L3_S3,-1694,1118,14754,51,42,-88,0,-113.66
5591,20:29:18:708,3,Severe_Damage,L3_S3,-1700,1110,14794,94,38,-80,0,-73.66
5592,20:29:18:718,3,Severe_Damage,L3_S3,-1732,1100,14892,108,37,-74,0,24.34
5593,20:29:18:728,3,Severe_Damage,L3_S3,-1780,1126,15038,93,33,-88,0,170.34
5594,20:29:18:738,3,Severe_Damage,L3_S3,-1740,1160,15046,48,34,-94,0,178.34
5595,20:29:18:748,3,Severe_Damage,L3_S3,-1720,1182,15152,-23,33,-96,0,284.34
5596,20:29:18:758,3,Severe_Damage,L3_S3,-1808,1166,15120,-98,32,-106,0,252.34
5597,20:29:18:768,3,Severe_Damage,L3_S3,-1740,1170,15118,-183,34,-119,0,250.34
5598,20:29:18:779,3,Severe_Damage,L3_S3,-1774,1180,15100,-281,31,-130,0,232.34
5599,20:29:18:788,3,Severe_Damage,L3_S3,-1742,1144,15082,-359,30,-154,0,214.34
5600,20:29:18:798,3,Severe_Damage,L3_S3,-1678,1122,15052,-424,28,-157,0,184.34
5601,20:29:18:808,3,Severe_Damage,L3_S3,-1720,1092,14876,-466,22,-159,0,8.34
5602,20:29:18:819,3,Severe_Damage,L3_S3,-1680,1088,14848,-480,30,-174,0,-19.66
5603,20:29:18:829,3,Severe_Damage,L3_S3,-1726,1082,14818,-457,19,-163,0,-49.66
5604,20:29:18:838,3,Severe_Damage,L3_S3,-1686,1052,14658,-422,24,-159,0,-209.66
5605,20:29:18:849,3,Severe_Damage,L3_S3,-1714,1046,14646,-360,29,-145,0,-221.66
5606,20:29:18:859,3,Severe_Damage,L3_S3,-1662,1058,14610,-278,31,-134,0,-257.66
5607,20:29:18:869,3,Severe_Damage,L3_S3,-1676,994,14598,-193,36,-127,0,-269.66
5608,20:29:18:879,3,Severe_Damage,L3_S3,-1658,1114,14650,-112,27,-111,0,-217.66
5609,20:29:18:888,3,Severe_Damage,L3_S3,-1732,1102,14746,-34,34,-95,0,-121.66
5610,20:29:18:898,3,Severe_Damage,L3_S3,-1656,1076,14792,26,33,-90,0,-75.66
5611,20:29:18:908,3,Severe_Damage,L3_S3,-1720,1076,14840,67,36,-78,0,-27.66
5612,20:29:18:918,3,Severe_Damage,L3_S3,-1696,1128,14948,77,37,-79,0,80.34
5613,20:29:18:928,3,Severe_Damage,L3_S3,-1742,1148,14990,68,36,-78,0,122.34
5614,20:29:18:938,3,Severe_Damage,L3_S3,-1814,1124,15108,21,43,-77,0,240.34
5615,20:29:18:948,3,Severe_Damage,L3_S3,-1736,1142,15104,-27,38,-93,0,236.34
5616,20:29:18:959,3,Severe_Damage,L3_S3,-1786,1154,15064,-102,39,-105,0,196.34
5617,20:29:18:969,3,Severe_Damage,L3_S3,-1794,1152,15052,-179,31,-129,0,184.34
5618,20:29:18:979,3,Severe_Damage,L3_S3,-1760,1128,15092,-267,21,-137,0,224.34
5619,20:29:18:989,3,Severe_Damage,L3_S3,-1764,1112,15096,-338,23,-141,0,228.34
5620,20:29:18:999,3,Severe_Damage,L3_S3,-1726,1122,15026,-398,21,-156,0,158.34
5621,20:29:19:009,3,Severe_Damage,L3_S3,-1706,1072,14892,-440,29,-157,0,24.34
5622,20:29:19:019,3,Severe_Damage,L3_S3,-1724,1132,14774,-451,20,-160,0,-93.66
5623,20:29:19:029,3,Severe_Damage,L3_S3,-1688,1076,14748,-442,24,-165,0,-119.66
5624,20:29:19:039,3,Severe_Damage,L3_S3,-1708,1030,14632,-406,16,-156,0,-235.66
5625,20:29:19:049,3,Severe_Damage,L3_S3,-1668,1016,14680,-353,20,-144,0,-187.66
5626,20:29:19:059,3,Severe_Damage,L3_S3,-1692,1088,14670,-279,19,-134,0,-197.66
5627,20:29:19:069,3,Severe_Damage,L3_S3,-1718,1072,14662,-205,21,-123,0,-205.66
5628,20:29:19:079,3,Severe_Damage,L3_S3,-1670,1044,14656,-127,28,-114,0,-211.66
5629,20:29:19:088,3,Severe_Damage,L3_S3,-1652,1030,14726,-52,33,-98,0,-141.66
5630,20:29:19:098,3,Severe_Damage,L3_S3,-1698,1052,14708,7,34,-96,0,-159.66
5631,20:29:19:108,3,Severe_Damage,L3_S3,-1672,1130,14890,37,33,-92,0,22.34
5632,20:29:19:118,3,Severe_Damage,L3_S3,-1724,1118,14954,57,32,-83,0,86.34
5633,20:29:19:128,3,Severe_Damage,L3_S3,-1738,1072,14946,45,35,-93,0,78.34
5634,20:29:19:138,3,Severe_Damage,L3_S3,-1736,1138,14994,16,34,-85,0,126.34
5635,20:29:19:148,3,Severe_Damage,L3_S3,-1768,1186,15104,-39,38,-94,0,236.34
5636,20:29:19:159,3,Severe_Damage,L3_S3,-1720,1110,15066,-107,30,-107,0,198.34
5637,20:29:19:169,3,Severe_Damage,L3_S3,-1778,1200,15084,-181,28,-121,0,216.34
5638,20:29:19:179,3,Severe_Damage,L3_S3,-1736,1108,15012,-255,25,-132,0,144.34
5639,20:29:19:189,3,Severe_Damage,L3_S3,-1754,1158,15038,-323,17,-142,0,170.34
5640,20:29:19:199,3,Severe_Damage,L3_S3,-1750,1170,14988,-377,21,-146,0,120.34
5641,20:29:19:209,3,Severe_Damage,L3_S3,-1718,1116,14908,-416,26,-156,0,40.34
5642,20:29:19:219,3,Severe_Damage,L3_S3,-1708,1132,14868,-430,22,-159,0,0.34
5643,20:29:19:229,3,Severe_Damage,L3_S3,-1710,1120,14820,-422,25,-158,0,-47.66
5644,20:29:19:239,3,Severe_Damage,L3_S3,-1668,1082,14748,-395,20,-148,0,-119.66
5645,20:29:19:249,3,Severe_Damage,L3_S3,-1678,1116,14716,-341,27,-137,0,-151.66
5646,20:29:19:259,3,Severe_Damage,L3_S3,-1646,1078,14716,-275,31,-137,0,-151.66
5647,20:29:19:269,3,Severe_Damage,L3_S3,-1664,1072,14650,-207,26,-124,0,-217.66
5648,20:29:19:279,3,Severe_Damage,L3_S3,-1690,1052,14686,-135,31,-111,0,-181.66
5649,20:29:19:289,3,Severe_Damage,L3_S3,-1688,1084,14704,-63,24,-103,0,-163.66
5650,20:29:19:298,3,Severe_Damage,L3_S3,-1730,1044,14760,-16,34,-94,0,-107.66
5651,20:29:19:308,3,Severe_Damage,L3_S3,-1710,1134,14814,20,32,-89,0,-53.66
5652,20:29:19:318,3,Severe_Damage,L3_S3,-1766,1134,14914,33,39,-87,0,46.34
5653,20:29:19:329,3,Severe_Damage,L3_S3,-1764,1128,14954,25,34,-86,0,86.34
5654,20:29:19:338,3,Severe_Damage,L3_S3,-1750,1102,15054,0,37,-88,0,186.34
5655,20:29:19:349,3,Severe_Damage,L3_S3,-1778,1144,15082,-43,28,-101,0,214.34
5656,20:29:19:359,3,Severe_Damage,L3_S3,-1780,1116,15092,-107,34,-108,0,224.34
5657,20:29:19:369,3,Severe_Damage,L3_S3,-1786,1166,15102,-177,30,-124,0,234.34
5658,20:29:19:379,3,Severe_Damage,L3_S3,-1718,1136,15048,-241,31,-137,0,180.34
5659,20:29:19:389,3,Severe_Damage,L3_S3,-1722,1108,15020,-306,28,-144,0,152.34
5660,20:29:19:399,3,Severe_Damage,L3_S3,-1768,1158,15042,-362,24,-148,0,174.34
5661,20:29:19:409,3,Severe_Damage,L3_S3,-1738,1148,14912,-394,24,-154,0,44.34
5662,20:29:19:419,3,Severe_Damage,L3_S3,-1698,1152,14820,-409,24,-153,0,-47.66
5663,20:29:19:429,3,Severe_Damage,L3_S3,-1706,1066,14794,-402,24,-155,0,-73.66
5664,20:29:19:439,3,Severe_Damage,L3_S3,-1666,1038,14710,-377,23,-161,0,-157.66
5665,20:29:19:449,3,Severe_Damage,L3_S3,-1726,1032,14652,-332,30,-145,0,-215.66
5666,20:29:19:459,3,Severe_Damage,L3_S3,-1690,1062,14634,-277,27,-137,0,-233.66
5667,20:29:19:469,3,Severe_Damage,L3_S3,-1676,1038,14680,-215,27,-130,0,-187.66
5668,20:29:19:479,3,Severe_Damage,L3_S3,-1670,1044,14754,-142,30,-124,0,-113.66
5669,20:29:19:489,3,Severe_Damage,L3_S3,-1688,1082,14724,-83,32,-108,0,-143.66
5670,20:29:19:499,3,Severe_Damage,L3_S3,-1728,1110,14766,-32,30,-96,0,-101.66
5671,20:29:19:509,3,Severe_Damage,L3_S3,-1740,1122,14870,6,38,-93,0,2.34
5672,20:29:19:518,3,Severe_Damage,L3_S3,-1714,1144,14892,22,29,-90,0,24.34
5673,20:29:19:528,3,Severe_Damage,L3_S3,-1750,1124,14988,16,31,-93,0,120.34
5674,20:29:19:539,3,Severe_Damage,L3_S3,-1716,1136,14910,-10,33,-97,0,42.34
5675,20:29:19:549,3,Severe_Damage,L3_S3,-1776,1166,15050,-50,27,-110,0,182.34
5676,20:29:19:559,3,Severe_Damage,L3_S3,-1724,1156,15034,-107,32,-112,0,166.34
5677,20:29:19:569,3,Severe_Damage,L3_S3,-1746,1130,15080,-170,31,-118,0,212.34
5678,20:29:19:579,3,Severe_Damage,L3_S3,-1732,1140,15144,-235,22,-126,0,276.34
5679,20:29:19:589,3,Severe_Damage,L3_S3,-1748,1138,15038,-296,22,-143,0,170.34
5680,20:29:19:599,3,Severe_Damage,L3_S3,-1724,1148,15014,-342,19,-148,0,146.34
5681,20:29:19:609,3,Severe_Damage,L3_S3,-1694,1152,14878,-376,33,-154,0,10.34
5682,20:29:19:619,3,Severe_Damage,L3_S3,-1700,1066,14852,-386,23,-156,0,-15.66
5683,20:29:19:629,3,Severe_Damage,L3_S3,-1668,1124,14796,-390,25,-153,0,-71.66
5684,20:29:19:639,3,Severe_Damage,L3_S3,-1714,1092,14798,-362,28,-150,0,-69.66
5685,20:29:19:649,3,Severe_Damage,L3_S3,-1766,1076,14742,-324,27,-148,0,-125.66
5686,20:29:19:659,3,Severe_Damage,L3_S3,-1680,1110,14738,-275,22,-142,0,-129.66
5687,20:29:19:669,3,Severe_Damage,L3_S3,-1686,1098,14760,-207,36,-128,0,-107.66
5688,20:29:19:679,3,Severe_Damage,L3_S3,-1660,1064,14732,-151,31,-117,0,-135.66
5689,20:29:19:689,3,Severe_Damage,L3_S3,-1688,1102,14732,-102,36,-108,0,-135.66
5690,20:29:19:699,3,Severe_Damage,L3_S3,-1734,1074,14772,-55,35,-104,0,-95.66
5691,20:29:19:709,3,Severe_Damage,L3_S3,-1728,1104,14830,-17,34,-100,0,-37.66
5692,20:29:19:719,3,Severe_Damage,L3_S3,-1700,1114,14898,-6,38,-97,0,30.34
5693,20:29:19:729,3,Severe_Damage,L3_S3,-1738,1122,14940,-8,39,-90,0,72.34
5694,20:29:19:739,3,Severe_Damage,L3_S3,-1720,1150,14962,-23,37,-98,0,94.34
5695,20:29:19:749,3,Severe_Damage,L3_S3,-1750,1134,15072,-56,35,-108,0,204.34
5696,20:29:19:759,3,Severe_Damage,L3_S3,-1750,1174,15054,-113,34,-116,0,186.34
5697,20:29:19:769,3,Severe_Damage,L3_S3,-1766,1170,15122,-166,33,-118,0,254.34
5698,20:29:19:779,3,Severe_Damage,L3_S3,-1744,1122,15034,-225,35,-125,0,166.34
5699,20:29:19:789,3,Severe_Damage,L3_S3,-1742,1122,14944,-282,28,-131,0,76.34
5700,20:29:19:799,3,Severe_Damage,L3_S3,-1724,1112,14942,-327,29,-140,0,74.34
5701,20:29:19:809,3,Severe_Damage,L3_S3,-1782,1146,14930,-357,24,-146,0,62.34
5702,20:29:19:819,3,Severe_Damage,L3_S3,-1694,1110,14762,-374,26,-152,0,-105.66
5703,20:29:19:829,3,Severe_Damage,L3_S3,-1708,1076,14806,-374,19,-142,0,-61.66
5704,20:29:19:839,3,Severe_Damage,L3_S3,-1680,1116,14734,-352,27,-142,0,-133.66
5705,20:29:19:849,3,Severe_Damage,L3_S3,-1630,1076,14748,-314,23,-142,0,-119.66
5706,20:29:19:859,3,Severe_Damage,L3_S3,-1690,1084,14712,-273,27,-134,0,-155.66
5707,20:29:19:869,3,Severe_Damage,L3_S3,-1728,1066,14706,-218,25,-116,0,-161.66
5708,20:29:19:879,3,Severe_Damage,L3_S3,-1648,1070,14730,-165,29,-115,0,-137.66
5709,20:29:19:889,3,Severe_Damage,L3_S3,-1676,1104,14730,-109,28,-109,0,-137.66
5710,20:29:19:899,3,Severe_Damage,L3_S3,-1716,1068,14864,-59,36,-105,0,-3.66
5711,20:29:19:909,3,Severe_Damage,L3_S3,-1718,1134,14886,-33,33,-96,0,18.34
5712,20:29:19:919,3,Severe_Damage,L3_S3,-1712,1108,14898,-19,37,-98,0,30.34
5713,20:29:19:929,3,Severe_Damage,L3_S3,-1764,1126,14904,-21,36,-104,0,36.34
5714,20:29:19:939,3,Severe_Damage,L3_S3,-1766,1114,15058,-42,37,-99,0,190.34
5715,20:29:19:949,3,Severe_Damage,L3_S3,-1756,1104,15012,-79,36,-98,0,144.34
5716,20:29:19:959,3,Severe_Damage,L3_S3,-1748,1158,15040,-118,31,-112,0,172.34
5717,20:29:19:969,3,Severe_Damage,L3_S3,-1756,1116,15064,-164,39,-118,0,196.34
5718,20:29:19:979,3,Severe_Damage,L3_S3,-1696,1106,15016,-216,23,-124,0,148.34
5719,20:29:19:989,3,Severe_Damage,L3_S3,-1724,1132,14992,-279,24,-132,0,124.34
5720,20:29:19:999,3,Severe_Damage,L3_S3,-1730,1158,15010,-308,23,-143,0,142.34
5721,20:29:20:009,3,Severe_Damage,L3_S3,-1678,1122,14912,-344,18,-142,0,44.34
5722,20:29:20:019,3,Severe_Damage,L3_S3,-1712,1122,14814,-355,28,-147,0,-53.66
5723,20:29:20:029,3,Severe_Damage,L3_S3,-1688,1124,14800,-356,24,-150,0,-67.66
5724,20:29:20:039,3,Severe_Damage,L3_S3,-1672,1130,14750,-340,24,-142,0,-117.66
5725,20:29:20:049,3,Severe_Damage,L3_S3,-1684,1074,14758,-306,27,-136,0,-109.66
5726,20:29:20:059,3,Severe_Damage,L3_S3,-1692,1054,14718,-267,22,-128,0,-149.66
5727,20:29:20:069,3,Severe_Damage,L3_S3,-1686,1084,14756,-217,29,-127,0,-111.66
5728,20:29:20:079,3,Severe_Damage,L3_S3,-1710,1072,14720,-171,33,-120,0,-147.66
5729,20:29:20:089,3,Severe_Damage,L3_S3,-1726,1074,14784,-116,40,-113,0,-83.66
5730,20:29:20:099,3,Severe_Damage,L3_S3,-1674,1118,14754,-82,33,-108,0,-113.66
5731,20:29:20:109,3,Severe_Damage,L3_S3,-1656,1052,14848,-50,39,-106,0,-19.66
5732,20:29:20:119,3,Severe_Damage,L3_S3,-1710,1136,14862,-39,31,-99,0,-5.66
5733,20:29:20:129,3,Severe_Damage,L3_S3,-1722,1092,14908,-31,36,-102,0,40.34
5734,20:29:20:139,3,Severe_Damage,L3_S3,-1716,1144,14948,-47,31,-101,0,80.34
5735,20:29:20:149,3,Severe_Damage,L3_S3,-1722,1140,15018,-80,30,-104,0,150.34
5736,20:29:20:159,3,Severe_Damage,L3_S3,-1760,1152,15008,-124,31,-114,0,140.34
5737,20:29:20:169,3,Severe_Damage,L3_S3,-1750,1104,14954,-167,26,-120,0,86.34
5738,20:29:20:179,3,Severe_Damage,L3_S3,-1730,1146,15086,-216,20,-121,0,218.34
5739,20:29:20:189,3,Severe_Damage,L3_S3,-1716,1088,15024,-252,22,-139,0,156.34
5740,20:29:20:199,3,Severe_Damage,L3_S3,-1752,1112,14980,-295,21,-139,0,112.34
5741,20:29:20:209,3,Severe_Damage,L3_S3,-1698,1124,14878,-326,22,-145,0,10.34
5742,20:29:20:219,3,Severe_Damage,L3_S3,-1726,1084,14880,-343,24,-145,0,12.34
5743,20:29:20:229,3,Severe_Damage,L3_S3,-1708,1090,14846,-340,26,-144,0,-21.66
5744,20:29:20:239,3,Severe_Damage,L3_S3,-1712,1092,14822,-327,29,-141,0,-45.66
5745,20:29:20:249,3,Severe_Damage,L3_S3,-1716,1110,14770,-299,23,-135,0,-97.66
5746,20:29:20:259,3,Severe_Damage,L3_S3,-1682,1074,14758,-259,26,-128,0,-109.66
5747,20:29:20:269,3,Severe_Damage,L3_S3,-1668,1096,14702,-217,35,-129,0,-165.66
5748,20:29:20:279,3,Severe_Damage,L3_S3,-1736,1114,14762,-169,31,-126,0,-105.66
5749,20:29:20:289,3,Severe_Damage,L3_S3,-1722,1072,14818,-130,31,-116,0,-49.66
5750,20:29:20:299,3,Severe_Damage,L3_S3,-1706,1110,14784,-93,35,-109,0,-83.66
5751,20:29:20:309,3,Severe_Damage,L3_S3,-1718,1094,14872,-63,34,-107,0,4.34
5752,20:29:20:319,3,Severe_Damage,L3_S3,-1748,1072,14828,-52,31,-109,0,-39.66
5753,20:29:20:329,3,Severe_Damage,L3_S3,-1766,1132,14942,-50,32,-102,0,74.34
5754,20:29:20:339,3,Severe_Damage,L3_S3,-1740,1124,14974,-66,34,-106,0,106.34
5755,20:29:20:349,3,Severe_Damage,L3_S3,-1758,1122,15016,-89,27,-103,0,148.34
5756,20:29:20:359,3,Severe_Damage,L3_S3,-1732,1146,14982,-123,32,-108,0,114.34
5757,20:29:20:369,3,Severe_Damage,L3_S3,-1694,1118,15024,-168,30,-118,0,156.34
5758,20:29:20:379,3,Severe_Damage,L3_S3,-1746,1166,15046,-210,25,-120,0,178.34
5759,20:29:20:389,3,Severe_Damage,L3_S3,-1722,1132,14954,-244,27,-125,0,86.34
5760,20:29:20:399,3,Severe_Damage,L3_S3,-1718,1188,14986,-287,22,-140,0,118.34
5761,20:29:20:409,3,Severe_Damage,L3_S3,-1752,1124,14900,-308,24,-141,0,32.34
5762,20:29:20:419,3,Severe_Damage,L3_S3,-1718,1104,14858,-328,30,-146,0,-9.66
5763,20:29:20:429,3,Severe_Damage,L3_S3,-1688,1084,14772,-335,31,-148,0,-95.66
5764,20:29:20:439,3,Severe_Damage,L3_S3,-1724,1114,14798,-318,30,-143,0,-69.66
5765,20:29:20:449,3,Severe_Damage,L3_S3,-1718,1104,14796,-297,22,-136,0,-71.66
5766,20:29:20:459,3,Severe_Damage,L3_S3,-1694,1072,14776,-260,29,-133,0,-91.66
5767,20:29:20:469,3,Severe_Damage,L3_S3,-1678,1094,14716,-222,28,-127,0,-151.66
5768,20:29:20:479,3,Severe_Damage,L3_S3,-1686,1110,14758,-182,35,-116,0,-109.66
5769,20:29:20:489,3,Severe_Damage,L3_S3,-1744,1104,14766,-137,30,-117,0,-101.66
5770,20:29:20:499,3,Severe_Damage,L3_S3,-1712,1078,14818,-99,27,-110,0,-49.66
5771,20:29:20:509,3,Severe_Damage,L3_S3,-1704,1094,14856,-74,33,-101,0,-11.66
5772,20:29:20:519,3,Severe_Damage,L3_S3,-1736,1124,14838,-64,34,-104,0,-29.66
5773,20:29:20:529,3,Severe_Damage,L3_S3,-1712,1088,14866,-59,33,-99,0,-1.66
5774,20:29:20:539,3,Severe_Damage,L3_S3,-1740,1136,14892,-71,43,-103,0,24.34
5775,20:29:20:549,3,Severe_Damage,L3_S3,-1694,1108,14994,-96,31,-107,0,126.34
5776,20:29:20:559,3,Severe_Damage,L3_S3,-1792,1174,14974,-128,24,-109,0,106.34
5777,20:29:20:569,3,Severe_Damage,L3_S3,-1768,1116,15016,-161,31,-115,0,148.34
5778,20:29:20:579,3,Severe_Damage,L3_S3,-1710,1156,14964,-208,23,-121,0,96.34
5779,20:29:20:589,3,Severe_Damage,L3_S3,-1684,1136,14916,-242,27,-133,0,48.34
5780,20:29:20:599,3,Severe_Damage,L3_S3,-1748,1166,15004,-276,24,-138,0,136.34
5781,20:29:20:609,3,Severe_Damage,L3_S3,-1692,1146,14934,-302,27,-139,0,66.34
5782,20:29:20:619,3,Severe_Damage,L3_S3,-1728,1080,14840,-317,26,-142,0,-27.66
5783,20:29:20:629,3,Severe_Damage,L3_S3,-1744,1106,14846,-319,26,-145,0,-21.66
5784,20:29:20:639,3,Severe_Damage,L3_S3,-1728,1114,14788,-313,21,-140,0,-79.66
5785,20:29:20:649,3,Severe_Damage,L3_S3,-1716,1150,14776,-282,33,-135,0,-91.66
5786,20:29:20:659,3,Severe_Damage,L3_S3,-1696,1072,14826,-258,27,-126,0,-41.66
5787,20:29:20:669,3,Severe_Damage,L3_S3,-1708,1068,14772,-218,30,-120,0,-95.66
5788,20:29:20:679,3,Severe_Damage,L3_S3,-1688,1090,14782,-182,30,-118,0,-85.66
5789,20:29:20:689,3,Severe_Damage,L3_S3,-1760,1060,14742,-144,26,-116,0,-125.66
5790,20:29:20:699,3,Severe_Damage,L3_S3,-1696,1118,14844,-109,38,-111,0,-23.66
5791,20:29:20:709,3,Severe_Damage,L3_S3,-1698,1114,14860,-84,32,-105,0,-7.66
5792,20:29:20:719,3,Severe_Damage,L3_S3,-1752,1134,14836,-74,38,-94,0,-31.66
5793,20:29:20:729,3,Severe_Damage,L3_S3,-1714,1136,14910,-71,28,-98,0,42.34
5794,20:29:20:739,3,Severe_Damage,L3_S3,-1752,1108,14998,-89,34,-104,0,130.34
5795,20:29:20:749,3,Severe_Damage,L3_S3,-1730,1122,15002,-100,39,-116,0,134.34
5796,20:29:20:759,3,Severe_Damage,L3_S3,-1770,1148,14996,-130,34,-116,0,128.34
5797,20:29:20:769,3,Severe_Damage,L3_S3,-1718,1112,15012,-164,37,-107,0,144.34
5798,20:29:20:779,3,Severe_Damage,L3_S3,-1738,1136,14986,-203,29,-116,0,118.34
5799,20:29:20:789,3,Severe_Damage,L3_S3,-1786,1150,14970,-241,29,-132,0,102.34
5800,20:29:20:799,3,Severe_Damage,L3_S3,-1760,1150,14924,-263,32,-134,0,56.34
5801,20:29:20:809,3,Severe_Damage,L3_S3,-1710,1124,14850,-291,23,-133,0,-17.66
5802,20:29:20:819,3,Severe_Damage,L3_S3,-1734,1088,14890,-308,33,-142,0,22.34
5803,20:29:20:829,3,Severe_Damage,L3_S3,-1734,1116,14850,-304,28,-142,0,-17.66
5804,20:29:20:839,3,Severe_Damage,L3_S3,-1694,1120,14794,-296,32,-140,0,-73.66
5805,20:29:20:849,3,Severe_Damage,L3_S3,-1734,1054,14796,-280,26,-132,0,-71.66
5806,20:29:20:859,3,Severe_Damage,L3_S3,-1688,1074,14810,-250,24,-129,0,-57.66
5807,20:29:20:869,3,Severe_Damage,L3_S3,-1726,1106,14840,-220,22,-122,0,-27.66
5808,20:29:20:879,3,Severe_Damage,L3_S3,-1726,1036,14784,-186,34,-122,0,-83.66
5809,20:29:20:889,3,Severe_Damage,L3_S3,-1676,1092,14798,-157,29,-118,0,-69.66
5810,20:29:20:899,3,Severe_Damage,L3_S3,-1702,1172,14838,-113,31,-110,0,-29.66
5811,20:29:20:909,3,Severe_Damage,L3_S3,-1722,1166,14858,-94,33,-107,0,-9.66
5812,20:29:20:919,3,Severe_Damage,L3_S3,-1682,1136,14824,-89,30,-109,0,-43.66
5813,20:29:20:929,3,Severe_Damage,L3_S3,-1700,1110,14950,-74,28,-104,0,82.34
5814,20:29:20:939,3,Severe_Damage,L3_S3,-1714,1158,14916,-90,32,-107,0,48.34
5815,20:29:20:949,3,Severe_Damage,L3_S3,-1728,1114,15050,-108,34,-109,0,182.34
5816,20:29:20:959,3,Severe_Damage,L3_S3,-1726,1100,14998,-130,35,-116,0,130.34
5817,20:29:20:969,3,Severe_Damage,L3_S3,-1766,1172,14960,-162,30,-118,0,92.34
5818,20:29:20:979,3,Severe_Damage,L3_S3,-1778,1104,14982,-201,28,-135,0,114.34
5819,20:29:20:989,3,Severe_Damage,L3_S3,-1716,1110,14922,-235,35,-132,0,54.34
5820,20:29:20:999,3,Severe_Damage,L3_S3,-1734,1130,14944,-263,24,-136,0,76.34
5821,20:29:21:009,3,Severe_Damage,L3_S3,-1724,1150,14888,-282,30,-137,0,20.34
5822,20:29:21:019,3,Severe_Damage,L3_S3,-1728,1132,14834,-296,20,-137,0,-33.66
5823,20:29:21:029,3,Severe_Damage,L3_S3,-1726,1098,14808,-306,27,-135,0,-59.66
5824,20:29:21:039,3,Severe_Damage,L3_S3,-1718,1068,14828,-292,24,-132,0,-39.66
5825,20:29:21:049,3,Severe_Damage,L3_S3,-1758,1078,14738,-275,23,-133,0,-129.66
5826,20:29:21:059,3,Severe_Damage,L3_S3,-1672,1054,14732,-252,28,-136,0,-135.66
5827,20:29:21:069,3,Severe_Damage,L3_S3,-1710,1080,14836,-224,30,-132,0,-31.66
5828,20:29:21:079,3,Severe_Damage,L3_S3,-1716,1078,14762,-180,34,-118,0,-105.66
5829,20:29:21:089,3,Severe_Damage,L3_S3,-1722,1062,14854,-154,34,-118,0,-13.66
5830,20:29:21:099,3,Severe_Damage,L3_S3,-1740,1072,14808,-124,29,-112,0,-59.66
5831,20:29:21:109,3,Severe_Damage,L3_S3,-1744,1106,14860,-105,33,-111,0,-7.66
5832,20:29:21:119,3,Severe_Damage,L3_S3,-1696,1080,14838,-95,30,-99,0,-29.66
5833,20:29:21:129,3,Severe_Damage,L3_S3,-1736,1152,14834,-89,34,-109,0,-33.66
5834,20:29:21:139,3,Severe_Damage,L3_S3,-1728,1112,14926,-102,33,-108,0,58.34
5835,20:29:21:149,3,Severe_Damage,L3_S3,-1766,1128,14946,-108,38,-104,0,78.34
5836,20:29:21:159,3,Severe_Damage,L3_S3,-1780,1114,14968,-136,30,-114,0,100.34
5837,20:29:21:169,3,Severe_Damage,L3_S3,-1728,1146,14942,-158,25,-120,0,74.34
5838,20:29:21:180,3,Severe_Damage,L3_S3,-1720,1120,14936,-199,24,-126,0,68.34
5839,20:29:21:190,3,Severe_Damage,L3_S3,-1700,1090,14914,-223,26,-127,0,46.34
5840,20:29:21:199,3,Severe_Damage,L3_S3,-1746,1148,14934,-253,27,-131,0,66.34
5841,20:29:21:209,3,Severe_Damage,L3_S3,-1720,1102,14894,-271,26,-132,0,26.34
5842,20:29:21:219,3,Severe_Damage,L3_S3,-1722,1102,14868,-288,27,-142,0,0.34
5843,20:29:21:229,3,Severe_Damage,L3_S3,-1712,1064,14870,-288,26,-132,0,2.34
5844,20:29:21:240,3,Severe_Damage,L3_S3,-1686,1086,14792,-280,28,-141,0,-75.66
5845,20:29:21:249,3,Severe_Damage,L3_S3,-1690,1090,14832,-271,25,-140,0,-35.66
5846,20:29:21:259,3,Severe_Damage,L3_S3,-1734,1070,14756,-245,29,-132,0,-111.66
5847,20:29:21:269,3,Severe_Damage,L3_S3,-1674,1050,14786,-216,22,-127,0,-81.66
5848,20:29:21:279,3,Severe_Damage,L3_S3,-1736,1102,14802,-193,35,-118,0,-65.66
5849,20:29:21:289,3,Severe_Damage,L3_S3,-1732,1044,14796,-159,32,-115,0,-71.66
5850,20:29:21:299,3,Severe_Damage,L3_S3,-1736,1094,14814,-133,33,-119,0,-53.66
5851,20:29:21:310,3,Severe_Damage,L3_S3,-1776,1110,14820,-119,34,-114,0,-47.66
5852,20:29:21:319,3,Severe_Damage,L3_S3,-1664,1118,14888,-103,34,-115,0,20.34
5853,20:29:21:329,3,Severe_Damage,L3_S3,-1746,1128,14808,-101,30,-115,0,-59.66
5854,20:29:21:339,3,Severe_Damage,L3_S3,-1688,1058,14916,-103,35,-113,0,48.34
5855,20:29:21:349,3,Severe_Damage,L3_S3,-1670,1160,14914,-115,26,-111,0,46.34
5856,20:29:21:359,3,Severe_Damage,L3_S3,-1774,1158,14996,-140,28,-111,0,128.34
5857,20:29:21:369,3,Severe_Damage,L3_S3,-1716,1120,14984,-166,30,-116,0,116.34
5858,20:29:21:379,3,Severe_Damage,L3_S3,-1730,1096,14964,-201,30,-126,0,96.34
5859,20:29:21:390,3,Severe_Damage,L3_S3,-1776,1138,14934,-222,30,-130,0,66.34
5860,20:29:21:399,3,Severe_Damage,L3_S3,-1698,1120,14916,-246,25,-133,0,48.34
5861,20:29:21:409,3,Severe_Damage,L3_S3,-1752,1122,14866,-267,26,-125,0,-1.66
5862,20:29:21:419,3,Severe_Damage,L3_S3,-1722,1114,14840,-273,32,-137,0,-27.66
5863,20:29:21:429,3,Severe_Damage,L3_S3,-1728,1118,14842,-277,30,-137,0,-25.66
5864,20:29:21:439,3,Severe_Damage,L3_S3,-1700,1082,14806,-274,31,-135,0,-61.66
5865,20:29:21:449,3,Severe_Damage,L3_S3,-1716,1082,14812,-261,30,-137,0,-55.66
5866,20:29:21:459,3,Severe_Damage,L3_S3,-1688,1082,14770,-246,20,-133,0,-97.66
5867,20:29:21:469,3,Severe_Damage,L3_S3,-1736,1066,14814,-217,34,-130,0,-53.66
5868,20:29:21:479,3,Severe_Damage,L3_S3,-1750,1126,14754,-187,26,-127,0,-113.66
5869,20:29:21:490,3,Severe_Damage,L3_S3,-1742,1096,14832,-160,32,-119,0,-35.66
5870,20:29:21:500,3,Severe_Damage,L3_S3,-1730,1092,14830,-140,22,-112,0,-37.66
5871,20:29:21:509,3,Severe_Damage,L3_S3,-1722,1118,14844,-123,32,-109,0,-23.66
5872,20:29:21:519,3,Severe_Damage,L3_S3,-1716,1076,14892,-109,29,-109,0,24.34
5873,20:29:21:529,3,Severe_Damage,L3_S3,-1678,1108,14876,-108,35,-112,0,8.34
5874,20:29:21:540,3,Severe_Damage,L3_S3,-1772,1108,14886,-112,35,-102,0,18.34
5875,20:29:21:549,3,Severe_Damage,L3_S3,-1742,1134,14952,-114,39,-115,0,84.34
5876,20:29:21:559,3,Severe_Damage,L3_S3,-1732,1110,14976,-145,38,-114,0,108.34
5877,20:29:21:569,3,Severe_Damage,L3_S3,-1706,1104,14972,-168,40,-116,0,104.34
5878,20:29:21:579,3,Severe_Damage,L3_S3,-1712,1194,14996,-196,30,-119,0,128.34
5879,20:29:21:589,3,Severe_Damage,L3_S3,-1744,1100,14952,-219,30,-123,0,84.34
5880,20:29:21:599,3,Severe_Damage,L3_S3,-1720,1092,14906,-240,29,-129,0,38.34
5881,20:29:21:609,3,Severe_Damage,L3_S3,-1730,1122,14940,-258,34,-132,0,72.34
5882,20:29:21:620,3,Severe_Damage,L3_S3,-1726,1082,14882,-266,29,-133,0,14.34
5883,20:29:21:630,3,Severe_Damage,L3_S3,-1724,1094,14872,-268,36,-130,0,4.34
5884,20:29:21:640,3,Severe_Damage,L3_S3,-1742,1086,14880,-263,24,-133,0,12.34
5885,20:29:21:650,3,Severe_Damage,L3_S3,-1702,1086,14814,-259,30,-132,0,-53.66
5886,20:29:21:660,3,Severe_Damage,L3_S3,-1738,1088,14788,-242,20,-133,0,-79.66
5887,20:29:21:670,3,Severe_Damage,L3_S3,-1724,1124,14856,-219,34,-123,0,-11.66
5888,20:29:21:680,3,Severe_Damage,L3_S3,-1722,1110,14856,-193,37,-121,0,-11.66
5889,20:29:21:690,3,Severe_Damage,L3_S3,-1678,1106,14832,-171,31,-119,0,-35.66
5890,20:29:21:700,3,Severe_Damage,L3_S3,-1682,1100,14810,-144,36,-109,0,-57.66
5891,20:29:21:710,3,Severe_Damage,L3_S3,-1698,1094,14814,-132,30,-111,0,-53.66
5892,20:29:21:720,3,Severe_Damage,L3_S3,-1722,1108,14856,-120,40,-106,0,-11.66
5893,20:29:21:730,3,Severe_Damage,L3_S3,-1686,1096,14916,-120,28,-107,0,48.34
5894,20:29:21:740,3,Severe_Damage,L3_S3,-1730,1150,14874,-116,36,-111,0,6.34
5895,20:29:21:750,3,Severe_Damage,L3_S3,-1750,1142,14932,-129,32,-112,0,64.34
5896,20:29:21:760,3,Severe_Damage,L3_S3,-1722,1108,14936,-146,30,-120,0,68.34
5897,20:29:21:770,3,Severe_Damage,L3_S3,-1726,1138,14968,-167,20,-116,0,100.34
5898,20:29:21:780,3,Severe_Damage,L3_S3,-1696,1116,15022,-189,35,-123,0,154.34
5899,20:29:21:790,3,Severe_Damage,L3_S3,-1738,1118,14884,-218,25,-125,0,16.34
5900,20:29:21:800,3,Severe_Damage,L3_S3,-1708,1164,14938,-234,33,-127,0,70.34
5901,20:29:21:810,3,Severe_Damage,L3_S3,-1706,1120,14888,-255,23,-130,0,20.34
5902,20:29:21:820,3,Severe_Damage,L3_S3,-1724,1128,14878,-265,30,-135,0,10.34
5903,20:29:21:830,3,Severe_Damage,L3_S3,-1752,1106,14896,-266,24,-131,0,28.34
5904,20:29:21:840,3,Severe_Damage,L3_S3,-1736,1072,14908,-263,26,-133,0,40.34
5905,20:29:21:850,3,Severe_Damage,L3_S3,-1704,1064,14836,-249,28,-133,0,-31.66
5906,20:29:21:860,3,Severe_Damage,L3_S3,-1682,1088,14850,-235,27,-134,0,-17.66
5907,20:29:21:870,3,Severe_Damage,L3_S3,-1724,1098,14780,-216,23,-130,0,-87.66
5908,20:29:21:880,3,Severe_Damage,L3_S3,-1752,1076,14842,-192,26,-124,0,-25.66
5909,20:29:21:890,3,Severe_Damage,L3_S3,-1766,1074,14860,-168,27,-119,0,-7.66
5910,20:29:21:900,3,Severe_Damage,L3_S3,-1708,1118,14874,-154,37,-120,0,6.34
5911,20:29:21:910,3,Severe_Damage,L3_S3,-1742,1066,14866,-134,29,-117,0,-1.66
5912,20:29:21:920,3,Severe_Damage,L3_S3,-1698,1084,14866,-125,32,-113,0,-1.66
5913,20:29:21:930,3,Severe_Damage,L3_S3,-1766,1086,14956,-117,34,-114,0,88.34
5914,20:29:21:940,3,Severe_Damage,L3_S3,-1726,1140,14916,-126,32,-116,0,48.34
5915,20:29:21:950,3,Severe_Damage,L3_S3,-1726,1158,14942,-130,27,-120,0,74.34
5916,20:29:21:960,3,Severe_Damage,L3_S3,-1706,1158,14956,-151,31,-119,0,88.34
5917,20:29:21:970,3,Severe_Damage,L3_S3,-1688,1150,14926,-165,28,-118,0,58.34
5918,20:29:21:980,3,Severe_Damage,L3_S3,-1746,1132,14904,-193,23,-122,0,36.34
5919,20:29:21:990,3,Severe_Damage,L3_S3,-1754,1122,14904,-211,28,-130,0,36.34
5920,20:29:22:000,3,Severe_Damage,L3_S3,-1798,1074,14918,-231,23,-130,0,50.34
5921,20:29:22:010,3,Severe_Damage,L3_S3,-1754,1066,14968,-238,32,-126,0,100.34
5922,20:29:22:020,3,Severe_Damage,L3_S3,-1638,1092,14900,-256,23,-132,0,32.34
5923,20:29:22:030,3,Severe_Damage,L3_S3,-1690,1086,14832,-254,22,-133,0,-35.66
5924,20:29:22:040,3,Severe_Damage,L3_S3,-1684,1114,14814,-258,23,-133,0,-53.66
5925,20:29:22:050,3,Severe_Damage,L3_S3,-1698,1092,14802,-248,31,-134,0,-65.66
5926,20:29:22:060,3,Severe_Damage,L3_S3,-1690,1052,14872,-235,18,-124,0,4.34
5927,20:29:22:070,3,Severe_Damage,L3_S3,-1708,1094,14816,-208,28,-122,0,-51.66
5928,20:29:22:080,3,Severe_Damage,L3_S3,-1748,1100,14754,-197,27,-121,0,-113.66
5929,20:29:22:090,3,Severe_Damage,L3_S3,-1682,1116,14828,-171,37,-122,0,-39.66
5930,20:29:22:100,3,Severe_Damage,L3_S3,-1716,1110,14768,-156,27,-116,0,-99.66
5931,20:29:22:110,3,Severe_Damage,L3_S3,-1740,1090,14796,-136,33,-114,0,-71.66
5932,20:29:22:120,3,Severe_Damage,L3_S3,-1726,1092,14804,-130,31,-121,0,-63.66
5933,20:29:22:130,3,Severe_Damage,L3_S3,-1728,1114,14878,-129,31,-114,0,10.34
5934,20:29:22:140,3,Severe_Damage,L3_S3,-1692,1096,14896,-134,33,-122,0,28.34
5935,20:29:22:150,3,Severe_Damage,L3_S3,-1688,1140,14858,-140,29,-114,0,-9.66
5936,20:29:22:160,3,Severe_Damage,L3_S3,-1754,1098,14892,-149,32,-114,0,24.34
5937,20:29:22:170,3,Severe_Damage,L3_S3,-1730,1094,15024,-171,25,-122,0,156.34
5938,20:29:22:180,3,Severe_Damage,L3_S3,-1732,1112,14900,-185,25,-116,0,32.34
5939,20:29:22:190,3,Severe_Damage,L3_S3,-1658,1062,14870,-215,26,-128,0,2.34
5940,20:29:22:200,3,Severe_Damage,L3_S3,-1722,1148,14928,-222,32,-128,0,60.34
5941,20:29:22:210,3,Severe_Damage,L3_S3,-1708,1122,14902,-241,33,-124,0,34.34
5942,20:29:22:220,3,Severe_Damage,L3_S3,-1730,1074,14896,-246,32,-132,0,28.34
5943,20:29:22:230,3,Severe_Damage,L3_S3,-1746,1102,14880,-260,24,-133,0,12.34
5944,20:29:22:240,3,Severe_Damage,L3_S3,-1744,1100,14840,-246,27,-129,0,-27.66
5945,20:29:22:250,3,Severe_Damage,L3_S3,-1682,1066,14848,-252,20,-132,0,-19.66
5946,20:29:22:260,3,Severe_Damage,L3_S3,-1720,1112,14824,-235,29,-134,0,-43.66
5947,20:29:22:270,3,Severe_Damage,L3_S3,-1740,1082,14820,-213,30,-128,0,-47.66
5948,20:29:22:280,3,Severe_Damage,L3_S3,-1680,1132,14820,-197,28,-124,0,-47.66
5949,20:29:22:290,3,Severe_Damage,L3_S3,-1702,1108,14872,-179,31,-112,0,4.34
5950,20:29:22:300,3,Severe_Damage,L3_S3,-1700,1082,14824,-160,34,-121,0,-43.66
5951,20:29:22:310,3,Severe_Damage,L3_S3,-1732,1078,14874,-152,27,-118,0,6.34
5952,20:29:22:320,3,Severe_Damage,L3_S3,-1692,1086,14868,-135,34,-110,0,0.34
5953,20:29:22:330,3,Severe_Damage,L3_S3,-1708,1132,14970,-132,29,-110,0,102.34
5954,20:29:22:340,3,Severe_Damage,L3_S3,-1758,1102,14886,-136,36,-106,0,18.34
5955,20:29:22:350,3,Severe_Damage,L3_S3,-1726,1116,14884,-144,31,-113,0,16.34
5956,20:29:22:360,3,Severe_Damage,L3_S3,-1738,1160,14922,-154,27,-113,0,54.34
5957,20:29:22:370,3,Severe_Damage,L3_S3,-1750,1112,14936,-167,35,-118,0,68.34
5958,20:29:22:380,3,Severe_Damage,L3_S3,-1736,1104,14912,-184,32,-119,0,44.34
5959,20:29:22:390,3,Severe_Damage,L3_S3,-1754,1132,14978,-205,27,-116,0,110.34
5960,20:29:22:400,3,Severe_Damage,L3_S3,-1722,1104,14956,-223,28,-126,0,88.34
5961,20:29:22:410,3,Severe_Damage,L3_S3,-1732,1116,14944,-237,23,-129,0,76.34
5962,20:29:22:420,3,Severe_Damage,L3_S3,-1690,1082,14964,-250,34,-135,0,96.34
5963,20:29:22:430,3,Severe_Damage,L3_S3,-1728,1108,14886,-249,25,-131,0,18.34
5964,20:29:22:440,3,Severe_Damage,L3_S3,-1754,1116,14894,-251,24,-128,0,26.34
5965,20:29:22:450,3,Severe_Damage,L3_S3,-1664,1122,14842,-237,30,-128,0,-25.66
5966,20:29:22:460,3,Severe_Damage,L3_S3,-1726,1146,14826,-228,25,-130,0,-41.66
5967,20:29:22:470,3,Severe_Damage,L3_S3,-1736,1106,14794,-215,31,-128,0,-73.66
5968,20:29:22:480,3,Severe_Damage,L3_S3,-1680,1096,14826,-202,28,-124,0,-41.66
5969,20:29:22:490,3,Severe_Damage,L3_S3,-1712,1086,14844,-175,38,-122,0,-23.66
5970,20:29:22:500,3,Severe_Damage,L3_S3,-1710,1078,14958,-161,31,-119,0,90.34
5971,20:29:22:510,3,Severe_Damage,L3_S3,-1714,1130,14824,-146,29,-109,0,-43.66
5972,20:29:22:520,3,Severe_Damage,L3_S3,-1720,1080,14904,-142,30,-116,0,36.34
5973,20:29:22:530,3,Severe_Damage,L3_S3,-1706,1118,14894,-133,30,-112,0,26.34
5974,20:29:22:540,3,Severe_Damage,L3_S3,-1682,1128,14850,-141,35,-107,0,-17.66
5975,20:29:22:550,3,Severe_Damage,L3_S3,-1734,1096,14894,-148,35,-114,0,26.34
5976,20:29:22:560,3,Severe_Damage,L3_S3,-1686,1114,14908,-159,31,-119,0,40.34
5977,20:29:22:570,3,Severe_Damage,L3_S3,-1728,1066,14932,-164,28,-128,0,64.34
5978,20:29:22:580,3,Severe_Damage,L3_S3,-1710,1134,14896,-188,27,-122,0,28.34
5979,20:29:22:590,3,Severe_Damage,L3_S3,-1720,1130,14892,-205,27,-125,0,24.34
5980,20:29:22:600,3,Severe_Damage,L3_S3,-1728,1122,14948,-215,32,-125,0,80.34
5981,20:29:22:610,3,Severe_Damage,L3_S3,-1728,1138,14880,-233,25,-123,0,12.34
5982,20:29:22:620,3,Severe_Damage,L3_S3,-1754,1066,14840,-238,30,-126,0,-27.66
5983,20:29:22:630,3,Severe_Damage,L3_S3,-1738,1090,14868,-245,30,-132,0,0.34
5984,20:29:22:640,3,Severe_Damage,L3_S3,-1704,1108,14832,-241,20,-125,0,-35.66
5985,20:29:22:650,3,Severe_Damage,L3_S3,-1678,1078,14868,-234,27,-121,0,0.34
5986,20:29:22:660,3,Severe_Damage,L3_S3,-1670,1034,14786,-227,23,-123,0,-81.66
5987,20:29:22:670,3,Severe_Damage,L3_S3,-1702,1080,14848,-211,21,-118,0,-19.66
5988,20:29:22:680,3,Severe_Damage,L3_S3,-1714,1024,14790,-198,23,-126,0,-77.66
5989,20:29:22:690,3,Severe_Damage,L3_S3,-1680,1090,14846,-180,31,-116,0,-21.66
5990,20:29:22:700,3,Severe_Damage,L3_S3,-1736,1108,14790,-160,33,-120,0,-77.66
5991,20:29:22:710,3,Severe_Damage,L3_S3,-1652,1116,14880,-155,28,-120,0,12.34
5992,20:29:22:720,3,Severe_Damage,L3_S3,-1722,1138,14854,-147,37,-108,0,-13.66
5993,20:29:22:730,3,Severe_Damage,L3_S3,-1754,1084,14890,-148,33,-113,0,22.34
5994,20:29:22:740,3,Severe_Damage,L3_S3,-1736,1088,14908,-142,33,-111,0,40.34
5995,20:29:22:750,3,Severe_Damage,L3_S3,-1722,1108,14954,-155,33,-121,0,86.34
5996,20:29:22:760,3,Severe_Damage,L3_S3,-1728,1126,14880,-159,33,-119,0,12.34
5997,20:29:22:770,3,Severe_Damage,L3_S3,-1746,1092,14882,-174,32,-120,0,14.34
5998,20:29:22:780,3,Severe_Damage,L3_S3,-1682,1092,14954,-185,37,-124,0,86.34
5999,20:29:22:790,3,Severe_Damage,L3_S3,-1684,1108,14974,-201,31,-125,0,106.34
6000,20:29:22:800,3,Severe_Damage,L3_S3,-1776,1128,14912,-212,29,-130,0,44.34
6001,20:29:22:810,3,Severe_Damage,L3_S3,-1730,1094,14874,-232,19,-132,0,6.34
6002,20:29:22:820,3,Severe_Damage,L3_S3,-1702,1124,14886,-240,30,-123,0,18.34
6003,20:29:22:830,3,Severe_Damage,L3_S3,-1740,1098,14824,-241,34,-132,0,-43.66
6004,20:29:22:840,3,Severe_Damage,L3_S3,-1732,1074,14932,-239,16,-126,0,64.34
6005,20:29:22:850,3,Severe_Damage,L3_S3,-1740,1092,14912,-233,29,-129,0,44.34
6006,20:29:22:860,3,Severe_Damage,L3_S3,-1748,1108,14800,-223,38,-126,0,-67.66
6007,20:29:22:870,3,Severe_Damage,L3_S3,-1768,1072,14796,-218,29,-120,0,-71.66
6008,20:29:22:880,3,Severe_Damage,L3_S3,-1714,1100,14806,-203,33,-123,0,-61.66
6009,20:29:22:890,3,Severe_Damage,L3_S3,-1660,1088,14828,-184,27,-122,0,-39.66
6010,20:29:22:900,3,Severe_Damage,L3_S3,-1734,1060,14810,-176,26,-119,0,-57.66
6011,20:29:22:910,3,Severe_Damage,L3_S3,-1730,1070,14864,-157,37,-115,0,-3.66
6012,20:29:22:920,3,Severe_Damage,L3_S3,-1674,1146,14882,-153,29,-112,0,14.34
6013,20:29:22:930,3,Severe_Damage,L3_S3,-1690,1086,14838,-146,28,-118,0,-29.66
6014,20:29:22:940,3,Severe_Damage,L3_S3,-1722,1086,14840,-142,33,-114,0,-27.66
6015,20:29:22:950,3,Severe_Damage,L3_S3,-1694,1098,14896,-144,34,-114,0,28.34
6016,20:29:22:960,3,Severe_Damage,L3_S3,-1690,1118,14938,-163,23,-115,0,70.34
6017,20:29:22:970,3,Severe_Damage,L3_S3,-1718,1144,14892,-169,35,-112,0,24.34
6018,20:29:22:980,3,Severe_Damage,L3_S3,-1732,1078,14940,-189,32,-122,0,72.34
6019,20:29:22:990,3,Severe_Damage,L3_S3,-1758,1124,14902,-195,28,-124,0,34.34
6020,20:29:23:000,3,Severe_Damage,L3_S3,-1712,1094,14908,-213,24,-128,0,40.34
6021,20:29:23:010,3,Severe_Damage,L3_S3,-1674,1146,14892,-225,29,-130,0,24.34
6022,20:29:23:020,3,Severe_Damage,L3_S3,-1744,1098,14862,-230,22,-133,0,-5.66
6023,20:29:23:030,3,Severe_Damage,L3_S3,-1724,1086,14840,-233,29,-135,0,-27.66
6024,20:29:23:040,3,Severe_Damage,L3_S3,-1714,1100,14870,-233,28,-130,0,2.34
6025,20:29:23:050,3,Severe_Damage,L3_S3,-1700,1140,14796,-236,28,-126,0,-71.66
6026,20:29:23:060,3,Severe_Damage,L3_S3,-1716,1096,14876,-225,25,-125,0,8.34
6027,20:29:23:070,3,Severe_Damage,L3_S3,-1696,1122,14840,-212,36,-133,0,-27.66
6028,20:29:23:080,3,Severe_Damage,L3_S3,-1728,1092,14846,-198,26,-123,0,-21.66
6029,20:29:23:090,3,Severe_Damage,L3_S3,-1694,1108,14862,-179,23,-122,0,-5.66
6030,20:29:23:100,3,Severe_Damage,L3_S3,-1722,1108,14848,-173,26,-123,0,-19.66
6031,20:29:23:110,3,Severe_Damage,L3_S3,-1704,1090,14872,-161,26,-125,0,4.34
6032,20:29:23:120,3,Severe_Damage,L3_S3,-1748,1108,14884,-154,34,-116,0,16.34
6033,20:29:23:130,3,Severe_Damage,L3_S3,-1718,1122,14868,-149,32,-111,0,0.34
6034,20:29:23:140,3,Severe_Damage,L3_S3,-1722,1132,14910,-154,30,-120,0,42.34
6035,20:29:23:150,3,Severe_Damage,L3_S3,-1760,1114,14868,-163,28,-110,0,0.34
6036,20:29:23:160,3,Severe_Damage,L3_S3,-1714,1110,14856,-170,37,-123,0,-11.66
6037,20:29:23:170,3,Severe_Damage,L3_S3,-1718,1130,14882,-189,30,-117,0,14.34
6038,20:29:23:180,3,Severe_Damage,L3_S3,-1722,1132,14904,-197,32,-124,0,36.34
6039,20:29:23:190,3,Severe_Damage,L3_S3,-1682,1082,14936,-211,27,-120,0,68.34
6040,20:29:23:200,3,Severe_Damage,L3_S3,-1752,1084,14900,-225,23,-123,0,32.34
6041,20:29:23:210,3,Severe_Damage,L3_S3,-1702,1110,14918,-220,28,-134,0,50.34
6042,20:29:23:220,3,Severe_Damage,L3_S3,-1710,1102,14910,-230,26,-133,0,42.34
6043,20:29:23:230,3,Severe_Damage,L3_S3,-1688,1076,14828,-226,29,-128,0,-39.66
6044,20:29:23:240,3,Severe_Damage,L3_S3,-1692,1130,14858,-226,25,-133,0,-9.66
6045,20:29:23:250,3,Severe_Damage,L3_S3,-1700,1150,14796,-220,34,-122,0,-71.66
6046,20:29:23:260,3,Severe_Damage,L3_S3,-1702,1094,14870,-219,32,-129,0,2.34
6047,20:29:23:270,3,Severe_Damage,L3_S3,-1754,1112,14854,-198,29,-126,0,-13.66
6048,20:29:23:280,3,Severe_Damage,L3_S3,-1740,1082,14890,-186,24,-119,0,22.34
6049,20:29:23:290,3,Severe_Damage,L3_S3,-1726,1106,14876,-175,37,-121,0,8.34
6050,20:29:23:300,3,Severe_Damage,L3_S3,-1732,1080,14866,-167,30,-117,0,-1.66
6051,20:29:23:310,3,Severe_Damage,L3_S3,-1724,1190,14898,-160,32,-123,0,30.34
6052,20:29:23:320,3,Severe_Damage,L3_S3,-1738,1118,14868,-161,31,-122,0,0.34
6053,20:29:23:330,3,Severe_Damage,L3_S3,-1694,1094,14914,-154,27,-111,0,46.34
6054,20:29:23:340,3,Severe_Damage,L3_S3,-1724,1116,14862,-159,30,-114,0,-5.66
6055,20:29:23:350,3,Severe_Damage,L3_S3,-1720,1154,14926,-168,23,-124,0,58.34
6056,20:29:23:360,3,Severe_Damage,L3_S3,-1746,1128,14916,-169,25,-122,0,48.34
6057,20:29:23:370,3,Severe_Damage,L3_S3,-1722,1100,14904,-184,29,-129,0,36.34
6058,20:29:23:380,3,Severe_Damage,L3_S3,-1730,1076,14938,-198,20,-126,0,70.34
6059,20:29:23:390,3,Severe_Damage,L3_S3,-1742,1120,14922,-201,29,-127,0,54.34
6060,20:29:23:401,3,Severe_Damage,L3_S3,-1728,1084,14906,-218,31,-127,0,38.34
6061,20:29:23:410,3,Severe_Damage,L3_S3,-1738,1164,14888,-226,31,-121,0,20.34
6062,20:29:23:420,3,Severe_Damage,L3_S3,-1670,1120,14832,-226,26,-126,0,-35.66
6063,20:29:23:430,3,Severe_Damage,L3_S3,-1732,1114,14860,-231,29,-124,0,-7.66
6064,20:29:23:440,3,Severe_Damage,L3_S3,-1710,1120,14878,-219,26,-128,0,10.34
6065,20:29:23:450,3,Severe_Damage,L3_S3,-1758,1118,14854,-222,26,-121,0,-13.66
6066,20:29:23:460,3,Severe_Damage,L3_S3,-1704,1098,14818,-210,30,-124,0,-49.66
6067,20:29:23:470,3,Severe_Damage,L3_S3,-1706,1078,14880,-202,37,-122,0,12.34
6068,20:29:23:480,3,Severe_Damage,L3_S3,-1706,1128,14880,-188,30,-125,0,12.34
6069,20:29:23:490,3,Severe_Damage,L3_S3,-1696,1140,14836,-178,28,-125,0,-31.66
6070,20:29:23:500,3,Severe_Damage,L3_S3,-1712,1122,14830,-171,28,-118,0,-37.66
6071,20:29:23:510,3,Severe_Damage,L3_S3,-1760,1102,14808,-166,36,-121,0,-59.66
6072,20:29:23:520,3,Severe_Damage,L3_S3,-1684,1126,14832,-153,30,-120,0,-35.66
6073,20:29:23:530,3,Severe_Damage,L3_S3,-1768,1098,14876,-162,27,-109,0,8.34
6074,20:29:23:540,3,Severe_Damage,L3_S3,-1694,1096,14848,-163,33,-113,0,-19.66
6075,20:29:23:550,3,Severe_Damage,L3_S3,-1728,1116,14926,-173,24,-125,0,58.34
6076,20:29:23:560,3,Severe_Damage,L3_S3,-1716,1134,14892,-175,34,-117,0,24.34
6077,20:29:23:570,3,Severe_Damage,L3_S3,-1746,1140,14958,-184,26,-125,0,90.34
6078,20:29:23:580,3,Severe_Damage,L3_S3,-1684,1124,14870,-196,28,-124,0,2.34
6079,20:29:23:590,3,Severe_Damage,L3_S3,-1762,1112,14870,-211,29,-121,0,2.34
6080,20:29:23:600,3,Severe_Damage,L3_S3,-1732,1140,14924,-214,34,-131,0,56.34
6081,20:29:23:610,3,Severe_Damage,L3_S3,-1718,1082,14880,-218,30,-125,0,12.34
6082,20:29:23:620,3,Severe_Damage,L3_S3,-1718,1150,14894,-224,29,-129,0,26.34
6083,20:29:23:630,3,Severe_Damage,L3_S3,-1704,1128,14834,-229,32,-131,0,-33.66
6084,20:29:23:640,3,Severe_Damage,L3_S3,-1692,1128,14832,-229,22,-127,0,-35.66
6085,20:29:23:650,3,Severe_Damage,L3_S3,-1716,1134,14818,-217,24,-127,0,-49.66
6086,20:29:23:660,3,Severe_Damage,L3_S3,-1658,1118,14874,-213,33,-130,0,6.34
6087,20:29:23:670,3,Severe_Damage,L3_S3,-1730,1092,14820,-204,25,-121,0,-47.66
6088,20:29:23:680,3,Severe_Damage,L3_S3,-1732,1086,14790,-196,29,-122,0,-77.66
6089,20:29:23:690,3,Severe_Damage,L3_S3,-1692,1064,14858,-181,26,-124,0,-9.66
6090,20:29:23:700,3,Severe_Damage,L3_S3,-1698,1092,14946,-165,34,-123,0,78.34
6091,20:29:23:710,3,Severe_Damage,L3_S3,-1736,1120,14916,-163,32,-117,0,48.34
6092,20:29:23:720,3,Severe_Damage,L3_S3,-1718,1076,14860,-163,24,-123,0,-7.66
6093,20:29:23:730,3,Severe_Damage,L3_S3,-1728,1174,14914,-161,29,-125,0,46.34
6094,20:29:23:740,3,Severe_Damage,L3_S3,-1714,1142,14906,-161,26,-123,0,38.34
6095,20:29:23:750,3,Severe_Damage,L3_S3,-1760,1100,14870,-166,34,-119,0,2.34
6096,20:29:23:760,3,Severe_Damage,L3_S3,-1738,1086,14868,-171,30,-120,0,0.34
6097,20:29:23:770,3,Severe_Damage,L3_S3,-1732,1116,14820,-187,30,-121,0,-47.66
6098,20:29:23:780,3,Severe_Damage,L3_S3,-1736,1078,14908,-196,28,-128,0,40.34
6099,20:29:23:790,3,Severe_Damage,L3_S3,-1694,1132,14886,-211,23,-122,0,18.34
6100,20:29:23:800,3,Severe_Damage,L3_S3,-1740,1108,14918,-216,26,-125,0,50.34
6101,20:29:23:810,3,Severe_Damage,L3_S3,-1662,1124,14932,-217,29,-132,0,64.34
6102,20:29:23:820,3,Severe_Damage,L3_S3,-1710,1132,14958,-223,25,-130,0,90.34
6103,20:29:23:830,3,Severe_Damage,L3_S3,-1696,1102,14864,-223,26,-131,0,-3.66
6104,20:29:23:840,3,Severe_Damage,L3_S3,-1754,1096,14854,-218,21,-124,0,-13.66
6105,20:29:23:850,3,Severe_Damage,L3_S3,-1684,1080,14856,-222,26,-131,0,-11.66
6106,20:29:23:860,3,Severe_Damage,L3_S3,-1714,1102,14828,-208,26,-130,0,-39.66
6107,20:29:23:870,3,Severe_Damage,L3_S3,-1746,1110,14818,-205,27,-126,0,-49.66
6108,20:29:23:880,3,Severe_Damage,L3_S3,-1716,1076,14898,-182,30,-125,0,30.34
6109,20:29:23:890,3,Severe_Damage,L3_S3,-1746,1086,14900,-186,22,-117,0,32.34
6110,20:29:23:900,3,Severe_Damage,L3_S3,-1684,1138,14854,-174,32,-124,0,-13.66
6111,20:29:23:910,3,Severe_Damage,L3_S3,-1678,1114,14824,-169,24,-121,0,-43.66
6112,20:29:23:920,3,Severe_Damage,L3_S3,-1696,1130,14800,-164,32,-122,0,-67.66
6113,20:29:23:931,3,Severe_Damage,L3_S3,-1744,1068,14908,-171,30,-119,0,40.34
6114,20:29:23:940,3,Severe_Damage,L3_S3,-1726,1146,14914,-163,20,-121,0,46.34
6115,20:29:23:950,3,Severe_Damage,L3_S3,-1726,1142,14870,-170,33,-118,0,2.34
6116,20:29:23:960,3,Severe_Damage,L3_S3,-1790,1096,14886,-171,32,-120,0,18.34
6117,20:29:23:970,3,Severe_Damage,L3_S3,-1728,1108,14908,-185,29,-122,0,40.34
6118,20:29:23:980,3,Severe_Damage,L3_S3,-1704,1086,14904,-193,29,-119,0,36.34
6119,20:29:23:991,3,Severe_Damage,L3_S3,-1716,1078,14966,-198,31,-122,0,98.34
6120,20:29:24:001,3,Severe_Damage,L3_S3,-1716,1106,14922,-211,33,-123,0,54.34
6121,20:29:24:010,3,Severe_Damage,L3_S3,-1744,1140,14960,-220,15,-128,0,92.34
6122,20:29:24:020,3,Severe_Damage,L3_S3,-1678,1070,14888,-219,29,-128,0,20.34
6123,20:29:24:030,3,Severe_Damage,L3_S3,-1706,1058,14896,-220,22,-122,0,28.34
6124,20:29:24:041,3,Severe_Damage,L3_S3,-1682,1098,14886,-218,30,-127,0,18.34
6125,20:29:24:050,3,Severe_Damage,L3_S3,-1680,1074,14888,-213,19,-118,0,20.34
6126,20:29:24:061,3,Severe_Damage,L3_S3,-1668,1122,14860,-204,37,-125,0,-7.66
6127,20:29:24:071,3,Severe_Damage,L3_S3,-1702,1084,14808,-198,36,-120,0,-59.66
6128,20:29:24:080,3,Severe_Damage,L3_S3,-1724,1106,14862,-193,24,-116,0,-5.66
6129,20:29:24:090,3,Severe_Damage,L3_S3,-1698,1120,14898,-181,33,-122,0,30.34
6130,20:29:24:100,3,Severe_Damage,L3_S3,-1734,1082,14926,-177,31,-119,0,58.34
6131,20:29:24:110,3,Severe_Damage,L3_S3,-1720,1116,14876,-173,33,-118,0,8.34
6132,20:29:24:121,3,Severe_Damage,L3_S3,-1688,1100,14894,-161,30,-120,0,26.34
6133,20:29:24:130,3,Severe_Damage,L3_S3,-1746,1080,14892,-163,25,-116,0,24.34
6134,20:29:24:141,3,Severe_Damage,L3_S3,-1708,1122,14918,-168,36,-120,0,50.34
6135,20:29:24:151,3,Severe_Damage,L3_S3,-1776,1080,14844,-173,29,-113,0,-23.66
6136,20:29:24:161,3,Severe_Damage,L3_S3,-1696,1082,14898,-179,31,-119,0,30.34
6137,20:29:24:171,3,Severe_Damage,L3_S3,-1696,1114,14904,-186,28,-125,0,36.34
6138,20:29:24:181,3,Severe_Damage,L3_S3,-1758,1118,14868,-200,30,-122,0,0.34
6139,20:29:24:191,3,Severe_Damage,L3_S3,-1748,1096,14878,-199,36,-124,0,10.34
6140,20:29:24:201,3,Severe_Damage,L3_S3,-1724,1064,14918,-209,26,-126,0,50.34
6141,20:29:24:211,3,Severe_Damage,L3_S3,-1682,1130,14894,-212,27,-129,0,26.34
6142,20:29:24:221,3,Severe_Damage,L3_S3,-1710,1088,14826,-213,27,-125,0,-41.66
6143,20:29:24:231,3,Severe_Damage,L3_S3,-1768,1094,14888,-221,27,-126,0,20.34
6144,20:29:24:241,3,Severe_Damage,L3_S3,-1708,1102,14928,-217,27,-125,0,60.34
6145,20:29:24:251,3,Severe_Damage,L3_S3,-1734,1126,14826,-210,31,-126,0,-41.66
6146,20:29:24:261,3,Severe_Damage,L3_S3,-1732,1066,14842,-205,36,-130,0,-25.66
6147,20:29:24:271,3,Severe_Damage,L3_S3,-1718,1122,14816,-202,32,-128,0,-51.66
6148,20:29:24:281,3,Severe_Damage,L3_S3,-1704,1138,14866,-191,31,-124,0,-1.66
6149,20:29:24:291,3,Severe_Damage,L3_S3,-1690,1128,14920,-185,33,-123,0,52.34
6150,20:29:24:301,3,Severe_Damage,L3_S3,-1742,1090,14766,-178,23,-122,0,-101.66
6151,20:29:24:311,3,Severe_Damage,L3_S3,-1690,1100,14804,-179,29,-122,0,-63.66
6152,20:29:24:321,3,Severe_Damage,L3_S3,-1724,1100,14894,-173,27,-130,0,26.34
6153,20:29:24:331,3,Severe_Damage,L3_S3,-1706,1078,14842,-177,28,-118,0,-25.66
6154,20:29:24:341,3,Severe_Damage,L3_S3,-1700,1106,14894,-167,29,-114,0,26.34
6155,20:29:24:351,3,Severe_Damage,L3_S3,-1670,1056,14904,-178,26,-121,0,36.34
6156,20:29:24:361,3,Severe_Damage,L3_S3,-1714,1140,14904,-177,32,-119,0,36.34
6157,20:29:24:371,3,Severe_Damage,L3_S3,-1678,1142,14924,-189,27,-125,0,56.34
6158,20:29:24:381,3,Severe_Damage,L3_S3,-1690,1100,14928,-190,32,-127,0,60.34
6159,20:29:24:391,3,Severe_Damage,L3_S3,-1726,1092,14988,-203,30,-120,0,120.34
6160,20:29:24:401,3,Severe_Damage,L3_S3,-1668,1088,14892,-203,24,-121,0,24.34
6161,20:29:24:411,3,Severe_Damage,L3_S3,-1728,1154,14844,-215,31,-124,0,-23.66
6162,20:29:24:421,3,Severe_Damage,L3_S3,-1742,1080,14872,-211,32,-121,0,4.34
6163,20:29:24:431,3,Severe_Damage,L3_S3,-1666,1116,14926,-218,42,-132,0,58.34
6164,20:29:24:441,3,Severe_Damage,L3_S3,-1760,1122,14890,-209,25,-123,0,22.34
6165,20:29:24:451,3,Severe_Damage,L3_S3,-1712,1116,14838,-209,27,-124,0,-29.66
6166,20:29:24:461,3,Severe_Damage,L3_S3,-1714,1122,14848,-203,30,-120,0,-19.66
6167,20:29:24:471,3,Severe_Damage,L3_S3,-1724,1104,14872,-201,29,-127,0,4.34
6168,20:29:24:481,3,Severe_Damage,L3_S3,-1716,1088,14830,-193,33,-122,0,-37.66
6169,20:29:24:491,3,Severe_Damage,L3_S3,-1738,1126,14862,-182,23,-121,0,-5.66
6170,20:29:24:501,3,Severe_Damage,L3_S3,-1678,1084,14904,-175,35,-125,0,36.34
6171,20:29:24:511,3,Severe_Damage,L3_S3,-1740,1136,14874,-170,25,-121,0,6.34
6172,20:29:24:521,3,Severe_Damage,L3_S3,-1710,1124,14862,-166,36,-123,0,-5.66
6173,20:29:24:531,3,Severe_Damage,L3_S3,-1740,1118,14912,-166,29,-123,0,44.34
6174,20:29:24:541,3,Severe_Damage,L3_S3,-1724,1066,14870,-173,27,-122,0,2.34
6175,20:29:24:551,3,Severe_Damage,L3_S3,-1712,1126,14888,-175,33,-126,0,20.34
6176,20:29:24:561,3,Severe_Damage,L3_S3,-1710,1122,14858,-180,21,-125,0,-9.66
6177,20:29:24:571,3,Severe_Damage,L3_S3,-1716,1086,14856,-182,41,-133,0,-11.66
6178,20:29:24:581,3,Severe_Damage,L3_S3,-1730,1118,14918,-194,31,-128,0,50.34
6179,20:29:24:591,3,Severe_Damage,L3_S3,-1728,1122,14852,-200,23,-127,0,-15.66
6180,20:29:24:601,3,Severe_Damage,L3_S3,-1708,1136,14892,-206,33,-126,0,24.34
6181,20:29:24:611,3,Severe_Damage,L3_S3,-1770,1106,14942,-207,27,-125,0,74.34
6182,20:29:24:621,3,Severe_Damage,L3_S3,-1732,1114,14870,-211,35,-133,0,2.34
6183,20:29:24:631,3,Severe_Damage,L3_S3,-1698,1126,14794,-202,19,-127,0,-73.66
6184,20:29:24:641,3,Severe_Damage,L3_S3,-1732,1080,14894,-212,23,-121,0,26.34
6185,20:29:24:651,3,Severe_Damage,L3_S3,-1706,1146,14842,-201,31,-122,0,-25.66
6186,20:29:24:661,3,Severe_Damage,L3_S3,-1700,1092,14840,-199,29,-124,0,-27.66
6187,20:29:24:671,3,Severe_Damage,L3_S3,-1724,1064,14896,-194,34,-122,0,28.34
6188,20:29:24:681,3,Severe_Damage,L3_S3,-1692,1110,14818,-193,22,-121,0,-49.66
6189,20:29:24:691,3,Severe_Damage,L3_S3,-1718,1098,14866,-182,29,-123,0,-1.66
6190,20:29:24:701,3,Severe_Damage,L3_S3,-1710,1108,14918,-183,22,-120,0,50.34
6191,20:29:24:711,3,Severe_Damage,L3_S3,-1724,1124,14904,-178,27,-115,0,36.34
6192,20:29:24:721,3,Severe_Damage,L3_S3,-1746,1104,14886,-169,28,-115,0,18.34
6193,20:29:24:731,3,Severe_Damage,L3_S3,-1696,1128,14866,-167,27,-121,0,-1.66
6194,20:29:24:741,3,Severe_Damage,L3_S3,-1712,1148,14858,-178,27,-125,0,-9.66
6195,20:29:24:751,3,Severe_Damage,L3_S3,-1706,1128,14880,-172,38,-119,0,12.34
6196,20:29:24:761,3,Severe_Damage,L3_S3,-1716,1134,14918,-186,30,-123,0,50.34
6197,20:29:24:771,3,Severe_Damage,L3_S3,-1704,1090,14916,-185,35,-119,0,48.34
6198,20:29:24:781,3,Severe_Damage,L3_S3,-1682,1116,14876,-189,31,-124,0,8.34
6199,20:29:24:791,3,Severe_Damage,L3_S3,-1752,1120,14910,-197,31,-124,0,42.34
6200,20:29:24:801,3,Severe_Damage,L3_S3,-1720,1132,14896,-208,25,-122,0,28.34
6201,20:29:24:811,3,Severe_Damage,L3_S3,-1690,1122,14916,-208,24,-130,0,48.34
6202,20:29:24:821,3,Severe_Damage,L3_S3,-1752,1084,14886,-213,27,-122,0,18.34
6203,20:29:24:831,3,Severe_Damage,L3_S3,-1700,1084,14834,-211,32,-125,0,-33.66
6204,20:29:24:841,3,Severe_Damage,L3_S3,-1686,1130,14902,-209,32,-120,0,34.34
6205,20:29:24:851,3,Severe_Damage,L3_S3,-1722,1108,14872,-211,21,-118,0,4.34
6206,20:29:24:861,3,Severe_Damage,L3_S3,-1756,1056,14842,-197,36,-123,0,-25.66
6207,20:29:24:871,3,Severe_Damage,L3_S3,-1718,1116,14896,-200,24,-126,0,28.34
6208,20:29:24:881,3,Severe_Damage,L3_S3,-1752,1116,14834,-183,32,-124,0,-33.66
6209,20:29:24:891,3,Severe_Damage,L3_S3,-1748,1078,14894,-188,36,-125,0,26.34
6210,20:29:24:901,3,Severe_Damage,L3_S3,-1742,1118,14840,-179,27,-125,0,-27.66
6211,20:29:24:911,3,Severe_Damage,L3_S3,-1692,1100,14838,-179,31,-123,0,-29.66
6212,20:29:24:921,3,Severe_Damage,L3_S3,-1726,1096,14906,-176,22,-121,0,38.34
6213,20:29:24:931,3,Severe_Damage,L3_S3,-1714,1146,14890,-172,30,-121,0,22.34
6214,20:29:24:941,3,Severe_Damage,L3_S3,-1710,1094,14868,-168,26,-120,0,0.34
6215,20:29:24:951,3,Severe_Damage,L3_S3,-1738,1138,15006,-176,27,-120,0,138.34
6216,20:29:24:961,3,Severe_Damage,L3_S3,-1752,1130,14874,-182,34,-118,0,6.34
6217,20:29:24:971,3,Severe_Damage,L3_S3,-1720,1112,14858,-177,28,-121,0,-9.66
6218,20:29:24:981,3,Severe_Damage,L3_S3,-1704,1096,14930,-186,31,-119,0,62.34
6219,20:29:24:991,3,Severe_Damage,L3_S3,-1674,1124,14898,-193,33,-126,0,30.34
6220,20:29:25:001,3,Severe_Damage,L3_S3,-1710,1090,14906,-203,33,-116,0,38.34
6221,20:29:25:011,3,Severe_Damage,L3_S3,-1704,1134,14904,-201,31,-125,0,36.34
6222,20:29:25:021,3,Severe_Damage,L3_S3,-1708,1128,14884,-210,21,-122,0,16.34
6223,20:29:25:031,3,Severe_Damage,L3_S3,-1716,1142,14848,-212,31,-125,0,-19.66
6224,20:29:25:041,3,Severe_Damage,L3_S3,-1722,1106,14804,-215,34,-124,0,-63.66
6225,20:29:25:051,3,Severe_Damage,L3_S3,-1724,1104,14854,-212,26,-120,0,-13.66
6226,20:29:25:061,3,Severe_Damage,L3_S3,-1726,1106,14822,-199,29,-129,0,-45.66
6227,20:29:25:071,3,Severe_Damage,L3_S3,-1704,1096,14864,-194,25,-124,0,-3.66
6228,20:29:25:081,3,Severe_Damage,L3_S3,-1726,1110,14862,-196,38,-127,0,-5.66
6229,20:29:25:091,3,Severe_Damage,L3_S3,-1706,1084,14854,-187,31,-124,0,-13.66
6230,20:29:25:101,3,Severe_Damage,L3_S3,-1694,1104,14838,-188,32,-119,0,-29.66
6231,20:29:25:111,3,Severe_Damage,L3_S3,-1700,1080,14848,-179,30,-111,0,-19.66
6232,20:29:25:121,3,Severe_Damage,L3_S3,-1720,1086,14884,-180,36,-114,0,16.34
6233,20:29:25:131,3,Severe_Damage,L3_S3,-1680,1116,14882,-176,33,-118,0,14.34
6234,20:29:25:141,3,Severe_Damage,L3_S3,-1772,1100,14862,-180,29,-117,0,-5.66
6235,20:29:25:151,3,Severe_Damage,L3_S3,-1690,1108,14902,-178,28,-120,0,34.34
6236,20:29:25:161,3,Severe_Damage,L3_S3,-1736,1118,14894,-178,27,-119,0,26.34
6237,20:29:25:171,3,Severe_Damage,L3_S3,-1698,1094,14842,-181,40,-118,0,-25.66
6238,20:29:25:181,3,Severe_Damage,L3_S3,-1724,1132,14886,-194,24,-125,0,18.34
6239,20:29:25:191,3,Severe_Damage,L3_S3,-1744,1092,14904,-196,22,-117,0,36.34
6240,20:29:25:201,3,Severe_Damage,L3_S3,-1704,1030,14764,-194,26,-121,0,-103.66
6241,20:29:25:211,3,Severe_Damage,L3_S3,-1702,1076,14768,-148,24,-117,0,-99.66
6242,20:29:25:221,3,Severe_Damage,L3_S3,-1670,1078,14880,-157,35,-116,0,12.34
6243,20:29:25:231,3,Severe_Damage,L3_S3,-1760,1098,14898,-115,46,-109,0,30.34
6244,20:29:25:241,3,Severe_Damage,L3_S3,-1756,1138,14872,-128,20,-116,0,4.34
6245,20:29:25:251,3,Severe_Damage,L3_S3,-1666,1134,14932,-141,40,-117,0,64.34
6246,20:29:25:261,3,Severe_Damage,L3_S3,-1788,1148,14944,-154,35,-112,0,76.34
6247,20:29:25:271,3,Severe_Damage,L3_S3,-1686,1118,14900,-173,24,-119,0,32.34
6248,20:29:25:281,3,Severe_Damage,L3_S3,-1730,1176,14892,-194,33,-119,0,24.34
6249,20:29:25:291,3,Severe_Damage,L3_S3,-1702,1092,15018,-217,25,-125,0,150.34
6250,20:29:25:301,3,Severe_Damage,L3_S3,-1648,1114,14996,-233,30,-130,0,128.34
6251,20:29:25:311,3,Severe_Damage,L3_S3,-1728,1162,14880,-257,28,-130,0,12.34
6252,20:29:25:321,3,Severe_Damage,L3_S3,-1578,1084,14726,-259,25,-138,0,-141.66
6253,20:29:25:331,3,Severe_Damage,L3_S3,-1776,1106,14814,-221,80,-136,0,-53.66
6254,20:29:25:341,3,Severe_Damage,L3_S3,-1674,1028,14834,-228,-13,-119,0,-33.66
6255,20:29:25:351,3,Severe_Damage,L3_S3,-72,-32768,-32768,1351,-127,-87,1,-47635.66
6256,20:29:25:362,3,Severe_Damage,L3_S3,-24026,-20260,32767,13265,-130,2313,1,17899.34
6257,20:29:25:371,3,Severe_Damage,L3_S3,8182,19472,-910,16661,1062,1693,1,-15777.66
6258,20:29:25:381,3,Severe_Damage,L3_S3,-3780,-8964,32767,8576,-846,1543,1,17899.34
6259,20:29:25:391,3,Severe_Damage,L3_S3,-9422,13554,18826,16091,1201,2346,1,3958.34
6260,20:29:25:401,3,Severe_Damage,L3_S3,88,-3682,32767,-3438,428,-1037,1,17899.34
6261,20:29:25:411,3,Severe_Damage,L3_S3,-10574,11580,19278,6659,-345,1385,1,4410.34
6262,20:29:25:421,3,Severe_Damage,L3_S3,2936,-5496,32767,-11103,-424,-2242,1,17899.34
6263,20:29:25:431,3,Severe_Damage,L3_S3,-6468,9462,18156,-5194,1719,-800,1,3288.34
6264,20:29:25:441,3,Severe_Damage,L3_S3,1442,50,26552,-15352,-2913,-2367,1,11684.34
6265,20:29:25:451,3,Severe_Damage,L3_S3,-6430,3960,17036,-13095,2908,-2344,1,2168.34
6266,20:29:25:462,3,Severe_Damage,L3_S3,-140,1154,10254,-17314,-3088,-2615,1,-4613.66
6267,20:29:25:471,3,Severe_Damage,L3_S3,-850,154,11012,-15120,2057,-2697,1,-3855.66
6268,20:29:25:481,3,Severe_Damage,L3_S3,726,890,4072,-13818,-2822,-1968,1,-10795.66
6269,20:29:25:491,3,Severe_Damage,L3_S3,-888,-2362,4972,-11021,1619,-2038,1,-9895.66
6270,20:29:25:501,3,Severe_Damage,L3_S3,596,248,678,-6118,-1796,-851,1,-14189.66
6271,20:29:25:511,3,Severe_Damage,L3_S3,316,-3080,2488,-3150,737,-598,1,-12379.66
6272,20:29:25:521,3,Severe_Damage,L3_S3,730,28,1304,3007,46,196,1,-13563.66
6273,20:29:25:531,3,Severe_Damage,L3_S3,-1844,-1904,5168,5887,5,967,1,-9699.66
6274,20:29:25:541,3,Severe_Damage,L3_S3,1944,988,6854,10846,542,1340,1,-8013.66
6275,20:29:25:551,3,Severe_Damage,L3_S3,-3640,326,11298,12388,149,2011,1,-3569.66
6276,20:29:25:561,3,Severe_Damage,L3_S3,-58,2144,15054,14555,659,1968,1,186.34
6277,20:29:25:571,3,Severe_Damage,L3_S3,-2668,2536,18706,14078,502,2155,1,3838.34
6278,20:29:25:581,3,Severe_Damage,L3_S3,-2888,3054,22436,12883,-25,1932,1,7568.34
6279,20:29:25:591,3,Severe_Damage,L3_S3,-2510,3786,25360,10504,1175,1348,1,10492.34
6280,20:29:25:601,3,Severe_Damage,L3_S3,-5246,3676,26580,6723,-396,1157,1,11712.34
6281,20:29:25:611,3,Severe_Damage,L3_S3,-2428,4120,27540,2923,308,201,1,12672.34
6282,20:29:25:621,3,Severe_Damage,L3_S3,-3574,3808,27064,-1652,372,-347,1,12196.34
6283,20:29:25:631,3,Severe_Damage,L3_S3,-4770,3596,24896,-5749,-549,-882,1,10028.34
6284,20:29:25:641,3,Severe_Damage,L3_S3,-1142,3392,22734,-9290,237,-1723,1,7866.34
6285,20:29:25:652,3,Severe_Damage,L3_S3,-3660,2604,18940,-12183,-693,-1810,1,4072.34
6286,20:29:25:662,3,Severe_Damage,L3_S3,-1550,1940,15704,-13723,-179,-2299,0,836.34
6287,20:29:25:671,3,Severe_Damage,L3_S3,-966,1084,11840,-14028,-479,-2253,1,-3027.66
6288,20:29:25:681,3,Severe_Damage,L3_S3,-1426,130,8414,-13169,-594,-2054,0,-6453.66
6289,20:29:25:691,3,Severe_Damage,L3_S3,672,-346,5868,-10961,-175,-1871,1,-8999.66
6290,20:29:25:701,3,Severe_Damage,L3_S3,-1234,-1130,3406,-7884,-511,-1173,0,-11461.66
6291,20:29:25:711,3,Severe_Damage,L3_S3,1354,-1306,3150,-4069,61,-845,1,-11717.66
6292,20:29:25:721,3,Severe_Damage,L3_S3,-1100,-1126,2780,81,-119,40,1,-12087.66
6293,20:29:25:731,3,Severe_Damage,L3_S3,710,-1022,4602,4122,258,441,1,-10265.66
6294,20:29:25:741,3,Severe_Damage,L3_S3,-756,-112,6576,7833,197,1147,1,-8291.66
6295,20:29:25:751,3,Severe_Damage,L3_S3,-1152,380,9752,10595,384,1541,0,-5115.66
6296,20:29:25:761,3,Severe_Damage,L3_S3,-802,1360,13352,12516,579,1758,0,-1515.66
6297,20:29:25:771,3,Severe_Damage,L3_S3,-2890,2084,16580,13010,129,2027,0,1712.34
6298,20:29:25:781,3,Severe_Damage,L3_S3,-1642,2626,20460,12511,788,1701,0,5592.34
6299,20:29:25:791,3,Severe_Damage,L3_S3,-3538,3180,22984,10638,140,1645,0,8116.34
6300,20:29:25:801,3,Severe_Damage,L3_S3,-3184,3520,25130,7894,278,1117,0,10262.34
6301,20:29:25:811,3,Severe_Damage,L3_S3,-3106,3632,26244,4439,576,519,0,11376.34
6302,20:29:25:821,3,Severe_Damage,L3_S3,-4010,3620,26054,450,-336,100,1,11186.34
6303,20:29:25:831,3,Severe_Damage,L3_S3,-2786,3520,25236,-3365,373,-721,0,10368.34
6304,20:29:25:842,3,Severe_Damage,L3_S3,-3202,3196,23088,-6975,-191,-1132,0,8220.34
6305,20:29:25:852,3,Severe_Damage,L3_S3,-2704,2738,20310,-9922,-368,-1604,0,5442.34
6306,20:29:25:862,3,Severe_Damage,L3_S3,-1552,2158,17360,-11876,-11,-2016,0,2492.34
6307,20:29:25:872,3,Severe_Damage,L3_S3,-2288,1398,13600,-12797,-693,-1971,0,-1267.66
6308,20:29:25:881,3,Severe_Damage,L3_S3,-512,748,10632,-12448,-193,-2108,0,-4235.66
6309,20:29:25:891,3,Severe_Damage,L3_S3,-940,-158,7544,-11097,-549,-1744,1,-7323.66
6310,20:29:25:901,3,Severe_Damage,L3_S3,-266,-568,5454,-8620,-218,-1428,0,-9413.66
6311,20:29:25:911,3,Severe_Damage,L3_S3,174,-1036,4290,-5459,-234,-942,0,-10577.66
6312,20:29:25:921,3,Severe_Damage,L3_S3,-528,-1140,3764,-1824,-119,-320,1,-11103.66
6313,20:29:25:931,3,Severe_Damage,L3_S3,358,-832,4776,1967,171,147,0,-10091.66
6314,20:29:25:941,3,Severe_Damage,L3_S3,-1026,-488,6182,5475,29,816,0,-8685.66
6315,20:29:25:951,3,Severe_Damage,L3_S3,-184,134,8922,8466,444,1131,0,-5945.66
6316,20:29:25:961,3,Severe_Damage,L3_S3,-1642,826,11700,10578,192,1592,0,-3167.66
6317,20:29:25:971,3,Severe_Damage,L3_S3,-1598,1548,15100,11672,473,1664,0,232.34
6318,20:29:25:981,3,Severe_Damage,L3_S3,-2132,2300,18316,11693,413,1692,0,3448.34
6319,20:29:25:991,3,Severe_Damage,L3_S3,-2908,2690,20964,10530,243,1566,0,6096.34
6320,20:29:26:001,3,Severe_Damage,L3_S3,-2640,3198,23396,8495,587,1148,1,8528.34
6321,20:29:26:011,3,Severe_Damage,L3_S3,-3500,3374,24698,5544,42,833,0,9830.34
6322,20:29:26:021,3,Severe_Damage,L3_S3,-3094,3428,25296,2203,279,201,0,10428.34
6323,20:29:26:031,3,Severe_Damage,L3_S3,-3142,3354,24790,-1376,160,-321,0,9922.34
6324,20:29:26:041,3,Severe_Damage,L3_S3,-3324,3118,23284,-4827,-203,-789,0,8416.34
6325,20:29:26:051,3,Severe_Damage,L3_S3,-2306,2800,21064,-7722,129,-1359,0,6196.34
6326,20:29:26:062,3,Severe_Damage,L3_S3,-2572,2262,18370,-10044,-402,-1599,0,3502.34
6327,20:29:26:072,3,Severe_Damage,L3_S3,-1740,1674,15312,-11276,-279,-1853,1,444.34
6328,20:29:26:082,3,Severe_Damage,L3_S3,-1214,940,12332,-11573,-355,-1887,1,-2535.66
6329,20:29:26:091,3,Severe_Damage,L3_S3,-1252,278,9496,-10775,-427,-1721,0,-5371.66
6330,20:29:26:101,3,Severe_Damage,L3_S3,-32,-258,7328,-8989,-267,-1525,0,-7539.66
6331,20:29:26:111,3,Severe_Damage,L3_S3,-798,-654,5486,-6434,-330,-1030,0,-9381.66
6332,20:29:26:121,3,Severe_Damage,L3_S3,172,-918,5068,-3284,-61,-640,0,-9799.66
6333,20:29:26:131,3,Severe_Damage,L3_S3,-428,-806,5160,96,-108,-51,0,-9707.66
6334,20:29:26:141,3,Severe_Damage,L3_S3,-330,-478,6306,3425,152,418,0,-8561.66
6335,20:29:26:151,3,Severe_Damage,L3_S3,-648,-114,8230,6408,182,890,0,-6637.66
6336,20:29:26:161,3,Severe_Damage,L3_S3,-1260,534,10724,8716,235,1269,0,-4143.66
6337,20:29:26:171,3,Severe_Damage,L3_S3,-1258,1112,13750,10171,425,1427,0,-1117.66
6338,20:29:26:181,3,Severe_Damage,L3_S3,-2258,1838,16456,10661,271,1591,0,1588.34
6339,20:29:26:191,3,Severe_Damage,L3_S3,-2158,2322,19382,10131,452,1437,0,4514.34
6340,20:29:26:202,3,Severe_Damage,L3_S3,-2888,2842,21564,8662,311,1264,0,6696.34
6341,20:29:26:211,3,Severe_Damage,L3_S3,-3064,2994,23338,6326,241,886,0,8470.34
6342,20:29:26:221,3,Severe_Damage,L3_S3,-3042,3194,24170,3507,341,414,0,9302.34
6343,20:29:26:231,3,Severe_Damage,L3_S3,-3264,3108,24138,270,5,-25,0,9270.34
6344,20:29:26:241,3,Severe_Damage,L3_S3,-2936,3088,23274,-2884,163,-568,0,8406.34
6345,20:29:26:251,3,Severe_Damage,L3_S3,-2786,2678,21596,-5805,-78,-986,0,6728.34
6346,20:29:26:262,3,Severe_Damage,L3_S3,-2460,2404,19238,-8160,-199,-1349,0,4370.34
6347,20:29:26:272,3,Severe_Damage,L3_S3,-1828,1850,16736,-9805,-206,-1630,0,1868.34
6348,20:29:26:282,3,Severe_Damage,L3_S3,-1804,1306,13744,-10445,-379,-1674,0,-1123.66
6349,20:29:26:292,3,Severe_Damage,L3_S3,-1044,656,11204,-10206,-276,-1689,0,-3663.66
6350,20:29:26:301,3,Severe_Damage,L3_S3,-972,62,8850,-9021,-396,-1457,0,-6017.66
6351,20:29:26:312,3,Severe_Damage,L3_S3,-524,-320,7194,-7003,-226,-1175,0,-7673.66
6352,20:29:26:321,3,Severe_Damage,L3_S3,-324,-610,6164,-4398,-186,-765,1,-8703.66
6353,20:29:26:331,3,Severe_Damage,L3_S3,-530,-672,5860,-1402,-80,-289,0,-9007.66
6354,20:29:26:341,3,Severe_Damage,L3_S3,-292,-558,6600,1655,50,145,1,-8267.66
6355,20:29:26:351,3,Severe_Damage,L3_S3,-858,-186,7902,4538,108,624,0,-6965.66
6356,20:29:26:361,3,Severe_Damage,L3_S3,-834,324,9970,6954,292,949,0,-4897.66
6357,20:29:26:371,3,Severe_Damage,L3_S3,-1482,794,12452,8630,229,1243,0,-2415.66
6358,20:29:26:381,3,Severe_Damage,L3_S3,-1702,1456,15128,9518,366,1356,0,260.34
6359,20:29:26:392,3,Severe_Damage,L3_S3,-2136,1998,17724,9459,355,1355,0,2856.34
6360,20:29:26:401,3,Severe_Damage,L3_S3,-2592,2400,20028,8527,270,1232,0,5160.34
6361,20:29:26:411,3,Severe_Damage,L3_S3,-2666,2716,21892,6783,366,936,0,7024.34
6362,20:29:26:421,3,Severe_Damage,L3_S3,-3066,2888,22958,4391,163,605,0,8090.34
6363,20:29:26:431,3,Severe_Damage,L3_S3,-2958,3016,23426,1624,202,144,0,8558.34
6364,20:29:26:441,3,Severe_Damage,L3_S3,-2964,2928,22876,-1293,93,-296,0,8008.34
6365,20:29:26:451,3,Severe_Damage,L3_S3,-2876,2698,21790,-4080,-65,-711,0,6922.34
6366,20:29:26:462,3,Severe_Damage,L3_S3,-2388,2440,19898,-6432,-23,-1109,0,5030.34
6367,20:29:26:472,3,Severe_Damage,L3_S3,-2266,1950,17582,-8300,-265,-1358,0,2714.34
6368,20:29:26:482,3,Severe_Damage,L3_S3,-1728,1452,15106,-9274,-258,-1537,0,238.34
6369,20:29:26:492,3,Severe_Damage,L3_S3,-1412,910,12676,-9452,-269,-1555,0,-2191.66
6370,20:29:26:502,3,Severe_Damage,L3_S3,-1126,450,10322,-8752,-336,-1428,1,-4545.66
6371,20:29:26:511,3,Severe_Damage,L3_S3,-576,-90,8672,-7294,-241,-1222,0,-6195.66
6372,20:29:26:521,3,Severe_Damage,L3_S3,-774,-350,7214,-5123,-198,-853,0,-7653.66
6373,20:29:26:531,3,Severe_Damage,L3_S3,-328,-534,6840,-2580,-80,-504,0,-8027.66
6374,20:29:26:541,3,Severe_Damage,L3_S3,-664,-452,6914,207,-3,-50,0,-7953.66
6375,20:29:26:551,3,Severe_Damage,L3_S3,-616,-252,7978,2890,86,344,0,-6889.66
6376,20:29:26:561,3,Severe_Damage,L3_S3,-830,102,9560,5301,185,715,0,-5307.66
6377,20:29:26:571,3,Severe_Damage,L3_S3,-1370,614,11556,7171,251,1018,0,-3311.66
6378,20:29:26:581,3,Severe_Damage,L3_S3,-1408,1164,13946,8311,294,1167,0,-921.66
6379,20:29:26:591,3,Severe_Damage,L3_S3,-2070,1642,16368,8638,301,1254,0,1500.34
6380,20:29:26:601,3,Severe_Damage,L3_S3,-2218,2052,18618,8185,331,1155,1,3750.34
6381,20:29:26:612,3,Severe_Damage,L3_S3,-2592,2408,20506,6921,257,980,0,5638.34
6382,20:29:26:622,3,Severe_Damage,L3_S3,-2848,2702,21820,5012,226,684,0,6952.34
6383,20:29:26:631,3,Severe_Damage,L3_S3,-2844,2788,22538,2638,206,302,0,7670.34
6384,20:29:26:641,3,Severe_Damage,L3_S3,-2934,2756,22442,26,49,-76,0,7574.34
6385,20:29:26:652,3,Severe_Damage,L3_S3,-2738,2578,21678,-2576,44,-498,0,6810.34
6386,20:29:26:661,3,Severe_Damage,L3_S3,-2560,2444,20214,-4896,-79,-850,0,5346.34
6387,20:29:26:672,3,Severe_Damage,L3_S3,-2280,2088,18282,-6806,-156,-1142,0,3414.34
6388,20:29:26:682,3,Severe_Damage,L3_S3,-1934,1604,16258,-8127,-205,-1352,0,1390.34
6389,20:29:26:692,3,Severe_Damage,L3_S3,-1682,1160,13912,-8567,-291,-1403,0,-955.66
6390,20:29:26:702,3,Severe_Damage,L3_S3,-1204,640,11818,-8324,-208,-1385,0,-3049.66
6391,20:29:26:712,3,Severe_Damage,L3_S3,-1042,264,9906,-7279,-283,-1193,0,-4961.66
6392,20:29:26:721,3,Severe_Damage,L3_S3,-668,-144,8486,-5630,-192,-961,0,-6381.66
6393,20:29:26:731,3,Severe_Damage,L3_S3,-668,-362,7662,-3422,-70,-617,0,-7205.66
6394,20:29:26:741,3,Severe_Damage,L3_S3,-612,-370,7612,-990,-62,-246,0,-7255.66
6395,20:29:26:751,3,Severe_Damage,L3_S3,-682,-230,8126,1521,120,128,0,-6741.66
6396,20:29:26:761,3,Severe_Damage,L3_S3,-960,6,9412,3815,113,499,0,-5455.66
6397,20:29:26:771,3,Severe_Damage,L3_S3,-1006,474,11098,5791,229,791,0,-3769.66
6398,20:29:26:781,3,Severe_Damage,L3_S3,-1578,872,13080,7088,258,1005,0,-1787.66
6399,20:29:26:792,3,Severe_Damage,L3_S3,-1692,1406,15216,7762,270,1097,1,348.34
6400,20:29:26:802,3,Severe_Damage,L3_S3,-2104,1786,17394,7647,323,1083,0,2526.34
6401,20:29:26:811,3,Severe_Damage,L3_S3,-2410,2172,19204,6857,242,967,0,4336.34
6402,20:29:26:821,3,Severe_Damage,L3_S3,-2540,2368,20802,5335,228,722,0,5934.34
6403,20:29:26:831,3,Severe_Damage,L3_S3,-2848,2598,21484,3400,161,439,0,6616.34
6404,20:29:26:841,3,Severe_Damage,L3_S3,-2692,2622,21868,1066,76,61,0,7000.34
6405,20:29:26:852,3,Severe_Damage,L3_S3,-2792,2626,21338,-1284,30,-295,0,6470.34
6406,20:29:26:862,3,Severe_Damage,L3_S3,-2582,2376,20348,-3573,-84,-641,0,5480.34
6407,20:29:26:872,3,Severe_Damage,L3_S3,-2316,2096,18756,-5448,-77,-937,0,3888.34
6408,20:29:26:882,3,Severe_Damage,L3_S3,-2092,1744,16902,-6907,-188,-1151,0,2034.34
6409,20:29:26:892,3,Severe_Damage,L3_S3,-1680,1274,14934,-7711,-217,-1288,0,66.34
6410,20:29:26:902,3,Severe_Damage,L3_S3,-1460,910,12908,-7704,-204,-1275,0,-1959.66
6411,20:29:26:912,3,Severe_Damage,L3_S3,-1106,456,11062,-7127,-243,-1190,0,-3805.66
6412,20:29:26:921,3,Severe_Damage,L3_S3,-910,114,9548,-5828,-161,-998,0,-5319.66
6413,20:29:26:932,3,Severe_Damage,L3_S3,-730,-200,8590,-4064,-121,-706,0,-6277.66
6414,20:29:26:941,3,Severe_Damage,L3_S3,-644,-272,8258,-1898,-5,-390,0,-6609.66
6415,20:29:26:951,3,Severe_Damage,L3_S3,-718,-114,8480,359,15,-28,0,-6387.66
6416,20:29:26:961,3,Severe_Damage,L3_S3,-874,-10,9384,2549,136,297,0,-5483.66
6417,20:29:26:971,3,Severe_Damage,L3_S3,-1072,308,10754,4478,160,591,0,-4113.66
6418,20:29:26:981,3,Severe_Damage,L3_S3,-1348,744,12460,5974,246,824,0,-2407.66
6419,20:29:26:992,3,Severe_Damage,L3_S3,-1632,1118,14414,6825,267,950,0,-453.66
6420,20:29:27:001,3,Severe_Damage,L3_S3,-1934,1584,16334,7040,238,991,0,1466.34
6421,20:29:27:012,3,Severe_Damage,L3_S3,-2218,1888,18186,6559,288,911,0,3318.34
6422,20:29:27:021,3,Severe_Damage,L3_S3,-2418,2228,19604,5499,185,765,0,4736.34
6423,20:29:27:031,3,Severe_Damage,L3_S3,-2592,2382,20720,3850,159,503,0,5852.34
6424,20:29:27:041,3,Severe_Damage,L3_S3,-2644,2514,21070,1920,107,205,0,6202.34
6425,20:29:27:051,3,Severe_Damage,L3_S3,-2642,2392,21148,-280,15,-136,0,6280.34
6426,20:29:27:061,3,Severe_Damage,L3_S3,-2582,2366,20344,-2359,0,-460,0,5476.34
6427,20:29:27:072,3,Severe_Damage,L3_S3,-2392,2126,19120,-4276,-106,-753,0,4252.34
6428,20:29:27:082,3,Severe_Damage,L3_S3,-2124,1858,17502,-5750,-109,-992,0,2634.34
6429,20:29:27:092,3,Severe_Damage,L3_S3,-1884,1432,15826,-6787,-177,-1139,0,958.34
6430,20:29:27:102,3,Severe_Damage,L3_S3,-1556,1072,13816,-7068,-212,-1181,0,-1051.66
6431,20:29:27:112,3,Severe_Damage,L3_S3,-1318,668,12042,-6772,-161,-1140,0,-2825.66
6432,20:29:27:122,3,Severe_Damage,L3_S3,-1096,282,10656,-5860,-188,-988,0,-4211.66
6433,20:29:27:131,3,Severe_Damage,L3_S3,-858,38,9550,-4434,-123,-774,1,-5317.66
6434,20:29:27:141,3,Severe_Damage,L3_S3,-894,-88,8996,-2602,-37,-488,0,-5871.66
6435,20:29:27:151,3,Severe_Damage,L3_S3,-800,-118,8926,-570,18,-182,0,-5941.66
6436,20:29:27:161,3,Severe_Damage,L3_S3,-878,38,9440,1459,74,129,0,-5427.66
6437,20:29:27:171,3,Severe_Damage,L3_S3,-1156,276,10560,3322,142,420,0,-4307.66
6438,20:29:27:181,3,Severe_Damage,L3_S3,-1220,526,12044,4868,180,646,0,-2823.66
6439,20:29:27:193,3,Severe_Damage,L3_S3,-1636,998,13594,5929,249,821,0,-1273.66
6440,20:29:27:201,3,Severe_Damage,L3_S3,-1718,1304,15496,6314,199,877,0,628.34
6441,20:29:27:212,3,Severe_Damage,L3_S3,-2128,1706,17208,6188,248,864,0,2340.34
6442,20:29:27:222,3,Severe_Damage,L3_S3,-2308,2016,18708,5412,194,737,0,3840.34
6443,20:29:27:232,3,Severe_Damage,L3_S3,-2438,2232,19798,4176,158,555,0,4930.34
6444,20:29:27:241,3,Severe_Damage,L3_S3,-2592,2366,20444,2471,91,295,0,5576.34
6445,20:29:27:251,3,Severe_Damage,L3_S3,-2544,2332,20558,579,72,-5,0,5690.34
6446,20:29:27:262,3,Severe_Damage,L3_S3,-2492,2254,20128,-1381,7,-307,0,5260.34
6447,20:29:27:272,3,Severe_Damage,L3_S3,-2376,2100,19214,-3191,-63,-582,0,4346.34
6448,20:29:27:282,3,Severe_Damage,L3_S3,-2184,1848,17868,-4714,-73,-827,0,3000.34
6449,20:29:27:292,3,Severe_Damage,L3_S3,-1986,1564,16316,-5810,-144,-985,0,1448.34
6450,20:29:27:302,3,Severe_Damage,L3_S3,-1640,1140,14718,-6421,-173,-1073,0,-149.66
6451,20:29:27:312,3,Severe_Damage,L3_S3,-1484,892,12934,-6306,-145,-1065,0,-1933.66
6452,20:29:27:322,3,Severe_Damage,L3_S3,-1188,488,11516,-5749,-171,-981,0,-3351.66
6453,20:29:27:332,3,Severe_Damage,L3_S3,-1036,246,10404,-4604,-120,-804,0,-4463.66
6454,20:29:27:342,3,Severe_Damage,L3_S3,-952,0,9644,-3115,-70,-569,0,-5223.66
6455,20:29:27:351,3,Severe_Damage,L3_S3,-854,18,9412,-1292,2,-300,0,-5455.66
6456,20:29:27:361,3,Severe_Damage,L3_S3,-936,62,9648,555,50,-4,0,-5219.66
6457,20:29:27:371,3,Severe_Damage,L3_S3,-1036,246,10476,2330,113,261,0,-4391.66
6458,20:29:27:381,3,Severe_Damage,L3_S3,-1244,510,11660,3859,151,498,0,-3207.66
6459,20:29:27:391,3,Severe_Damage,L3_S3,-1514,838,13040,5023,205,679,0,-1827.66
6460,20:29:27:402,3,Severe_Damage,L3_S3,-1684,1148,14742,5620,207,764,0,-125.66
6461,20:29:27:412,3,Severe_Damage,L3_S3,-1942,1512,16366,5704,197,791,0,1498.34
6462,20:29:27:422,3,Severe_Damage,L3_S3,-2140,1792,17762,5236,217,711,0,2894.34
6463,20:29:27:432,3,Severe_Damage,L3_S3,-2400,2010,18974,4270,148,570,0,4106.34
6464,20:29:27:442,3,Severe_Damage,L3_S3,-2468,2170,19712,2883,130,353,0,4844.34
6465,20:29:27:451,3,Severe_Damage,L3_S3,-2488,2194,20126,1204,66,95,0,5258.34
6466,20:29:27:462,3,Severe_Damage,L3_S3,-2546,2232,19862,-542,37,-172,0,4994.34
6467,20:29:27:472,3,Severe_Damage,L3_S3,-2338,2040,19262,-2279,-37,-449,0,4394.34
6468,20:29:27:482,3,Severe_Damage,L3_S3,-2254,1892,18110,-3756,-60,-670,0,3242.34
6469,20:29:27:492,3,Severe_Damage,L3_S3,-1968,1622,16780,-4934,-105,-858,0,1912.34
6470,20:29:27:502,3,Severe_Damage,L3_S3,-1806,1366,15242,-5641,-138,-958,0,374.34
6471,20:29:27:512,3,Severe_Damage,L3_S3,-1550,972,13812,-5868,-166,-999,0,-1055.66
6472,20:29:27:522,3,Severe_Damage,L3_S3,-1322,678,12328,-5444,-109,-929,0,-2539.66
6473,20:29:27:532,3,Severe_Damage,L3_S3,-1172,392,11132,-4660,-142,-807,0,-3735.66
6474,20:29:27:542,3,Severe_Damage,L3_S3,-988,210,10402,-3403,-80,-622,0,-4465.66
6475,20:29:27:552,3,Severe_Damage,L3_S3,-990,164,9970,-1874,-24,-374,0,-4897.66
6476,20:29:27:562,3,Severe_Damage,L3_S3,-948,92,10090,-189,21,-127,0,-4777.66
6477,20:29:27:572,3,Severe_Damage,L3_S3,-1070,254,10640,1470,88,131,0,-4227.66
6478,20:29:27:582,3,Severe_Damage,L3_S3,-1186,440,11572,2939,123,359,0,-3295.66
6479,20:29:27:592,3,Severe_Damage,L3_S3,-1366,774,12756,4162,170,538,0,-2111.66
6480,20:29:27:602,3,Severe_Damage,L3_S3,-1626,1060,14166,4887,183,659,0,-701.66
6481,20:29:27:612,3,Severe_Damage,L3_S3,-1832,1366,15592,5180,185,704,1,724.34
6482,20:29:27:622,3,Severe_Damage,L3_S3,-2022,1616,17036,4941,199,665,0,2168.34
6483,20:29:27:632,3,Severe_Damage,L3_S3,-2192,1868,18176,4231,148,559,0,3308.34
6484,20:29:27:642,3,Severe_Damage,L3_S3,-2272,2028,19014,3106,129,382,0,4146.34
6485,20:29:27:652,3,Severe_Damage,L3_S3,-2416,2130,19480,1695,79,173,0,4612.34
6486,20:29:27:661,3,Severe_Damage,L3_S3,-2432,2058,19454,109,45,-74,0,4586.34
6487,20:29:27:672,3,Severe_Damage,L3_S3,-2380,2042,19084,-1481,-3,-324,0,4216.34
6488,20:29:27:682,3,Severe_Damage,L3_S3,-2232,1868,18228,-2918,-39,-542,0,3360.34
6489,20:29:27:692,3,Severe_Damage,L3_S3,-2120,1676,17084,-4098,-76,-727,0,2216.34
6490,20:29:27:702,3,Severe_Damage,L3_S3,-1884,1390,15672,-4906,-108,-848,0,804.34
6491,20:29:27:712,3,Severe_Damage,L3_S3,-1660,1028,14470,-5314,-130,-921,0,-397.66
6492,20:29:27:722,3,Severe_Damage,L3_S3,-1386,838,13000,-5110,-135,-880,0,-1867.66
6493,20:29:27:732,3,Severe_Damage,L3_S3,-1324,504,11908,-4570,-93,-801,0,-2959.66
6494,20:29:27:742,3,Severe_Damage,L3_S3,-1158,370,10990,-3532,-106,-642,0,-3877.66
6495,20:29:27:752,3,Severe_Damage,L3_S3,-1032,196,10574,-2291,-37,-442,0,-4293.66
6496,20:29:27:762,3,Severe_Damage,L3_S3,-1086,234,10358,-747,19,-202,0,-4509.66
6497,20:29:27:772,3,Severe_Damage,L3_S3,-1040,240,10806,736,38,20,0,-4061.66
6498,20:29:27:782,3,Severe_Damage,L3_S3,-1194,496,11470,2167,125,249,0,-3397.66
6499,20:29:27:792,3,Severe_Damage,L3_S3,-1364,666,12516,3343,125,425,0,-2351.66
6500,20:29:27:802,3,Severe_Damage,L3_S3,-1562,920,13794,4184,165,548,0,-1073.66
6501,20:29:27:812,3,Severe_Damage,L3_S3,-1790,1220,15010,4630,205,621,0,142.34
6502,20:29:27:822,3,Severe_Damage,L3_S3,-1904,1432,16374,4545,125,610,0,1506.34
6503,20:29:27:832,3,Severe_Damage,L3_S3,-2142,1742,17424,4103,194,538,0,2556.34
6504,20:29:27:842,3,Severe_Damage,L3_S3,-2236,1838,18344,3201,95,404,0,3476.34
6505,20:29:27:852,3,Severe_Damage,L3_S3,-2370,1946,18878,2020,106,217,0,4010.34
6506,20:29:27:862,3,Severe_Damage,L3_S3,-2326,2008,19074,612,47,11,0,4206.34
6507,20:29:27:872,3,Severe_Damage,L3_S3,-2388,2000,18914,-822,17,-222,0,4046.34
6508,20:29:27:882,3,Severe_Damage,L3_S3,-2238,1856,18288,-2199,-24,-429,0,3420.34
6509,20:29:27:892,3,Severe_Damage,L3_S3,-2036,1696,17290,-3358,-58,-610,0,2422.34
6510,20:29:27:902,3,Severe_Damage,L3_S3,-1956,1474,16100,-4223,-86,-744,0,1232.34
6511,20:29:27:912,3,Severe_Damage,L3_S3,-1748,1210,14914,-4702,-96,-819,0,46.34
6512,20:29:27:922,3,Severe_Damage,L3_S3,-1496,850,13786,-4795,-147,-831,0,-1081.66
6513,20:29:27:932,3,Severe_Damage,L3_S3,-1390,724,12522,-4333,-78,-759,0,-2345.66
6514,20:29:27:942,3,Severe_Damage,L3_S3,-1184,488,11666,-3612,-84,-650,0,-3201.66
6515,20:29:27:952,3,Severe_Damage,L3_S3,-1150,322,11092,-2503,-71,-476,0,-3775.66
6516,20:29:27:962,3,Severe_Damage,L3_S3,-1094,302,10828,-1229,20,-284,0,-4039.66
6517,20:29:27:972,3,Severe_Damage,L3_S3,-1134,334,10978,173,35,-73,0,-3889.66
6518,20:29:27:982,3,Severe_Damage,L3_S3,-1198,442,11556,1475,86,124,0,-3311.66
6519,20:29:27:992,3,Severe_Damage,L3_S3,-1364,646,12354,2640,120,316,1,-2513.66
6520,20:29:28:002,3,Severe_Damage,L3_S3,-1498,866,13522,3514,119,451,0,-1345.66
6521,20:29:28:012,3,Severe_Damage,L3_S3,-1680,1076,14624,4033,170,526,0,-243.66
6522,20:29:28:022,3,Severe_Damage,L3_S3,-1926,1398,15708,4195,178,551,0,840.34
6523,20:29:28:032,3,Severe_Damage,L3_S3,-1956,1514,16970,3833,114,496,0,2102.34
6524,20:29:28:042,3,Severe_Damage,L3_S3,-2218,1780,17786,3213,162,403,0,2918.34
6525,20:29:28:052,3,Severe_Damage,L3_S3,-2172,1836,18474,2193,65,247,0,3606.34
6526,20:29:28:062,3,Severe_Damage,L3_S3,-2340,1930,18662,1025,94,70,0,3794.34
6527,20:29:28:072,3,Severe_Damage,L3_S3,-2250,1896,18536,-305,7,-142,0,3668.34
6528,20:29:28:082,3,Severe_Damage,L3_S3,-2214,1776,18178,-1567,5,-333,0,3310.34
6529,20:29:28:092,3,Severe_Damage,L3_S3,-2136,1668,17374,-2698,-46,-504,0,2506.34
6530,20:29:28:102,3,Severe_Damage,L3_S3,-1922,1436,16386,-3590,-56,-646,0,1518.34
6531,20:29:28:112,3,Severe_Damage,L3_S3,-1638,972,14310,-4381,-105,-765,0,-557.66
6532,20:29:28:122,3,Severe_Damage,L3_S3,-1374,870,13050,-4071,-82,-720,0,-1817.66
6533,20:29:28:132,3,Severe_Damage,L3_S3,-1352,534,12260,-3568,-59,-644,0,-2607.66
6534,20:29:28:142,3,Severe_Damage,L3_S3,-1210,462,11484,-2626,-62,-500,0,-3383.66
6535,20:29:28:152,3,Severe_Damage,L3_S3,-1154,356,11390,-1576,-24,-337,0,-3477.66
6536,20:29:28:162,3,Severe_Damage,L3_S3,-1252,444,11282,-283,54,-137,0,-3585.66
6537,20:29:28:172,3,Severe_Damage,L3_S3,-1142,416,11670,892,44,39,0,-3197.66
6538,20:29:28:182,3,Severe_Damage,L3_S3,-1356,602,12378,2034,121,220,0,-2489.66
6539,20:29:28:192,3,Severe_Damage,L3_S3,-1398,774,13272,2906,104,357,0,-1595.66
6540,20:29:28:202,3,Severe_Damage,L3_S3,-1638,1030,14322,3498,130,445,0,-545.66
6541,20:29:28:212,3,Severe_Damage,L3_S3,-1766,1232,15426,3731,154,477,0,558.34
6542,20:29:28:222,3,Severe_Damage,L3_S3,-1990,1546,16334,3631,147,467,0,1466.34
6543,20:29:28:232,3,Severe_Damage,L3_S3,-2084,1654,17280,3080,96,387,0,2412.34
6544,20:29:28:242,3,Severe_Damage,L3_S3,-2172,1716,17942,2305,131,261,0,3074.34
6545,20:29:28:252,3,Severe_Damage,L3_S3,-2204,1886,18248,1287,61,109,0,3380.34
6546,20:29:28:262,3,Severe_Damage,L3_S3,-2210,1816,18302,122,42,-77,0,3434.34
6547,20:29:28:272,3,Severe_Damage,L3_S3,-2260,1802,17970,-1041,9,-254,0,3102.34
6548,20:29:28:282,3,Severe_Damage,L3_S3,-2116,1628,17412,-2127,-36,-417,0,2544.34
6549,20:29:28:292,3,Severe_Damage,L3_S3,-2028,1528,16558,-2997,-44,-553,0,1690.34
6550,20:29:28:302,3,Severe_Damage,L3_S3,-1872,1288,15580,-3628,-56,-657,0,712.34
6551,20:29:28:312,3,Severe_Damage,L3_S3,-1666,1144,14572,-3902,-69,-691,0,-295.66
6552,20:29:28:322,3,Severe_Damage,L3_S3,-1482,858,13660,-3863,-97,-688,0,-1207.66
6553,20:29:28:332,3,Severe_Damage,L3_S3,-1414,684,12770,-3398,-37,-614,0,-2097.66
6554,20:29:28:342,3,Severe_Damage,L3_S3,-1232,528,12070,-2713,-74,-509,0,-2797.66
6555,20:29:28:352,3,Severe_Damage,L3_S3,-1240,446,11724,-1771,-22,-365,0,-3143.66
6556,20:29:28:362,3,Severe_Damage,L3_S3,-1234,514,11600,-680,23,-200,0,-3267.66
6557,20:29:28:372,3,Severe_Damage,L3_S3,-1252,458,11860,434,39,-26,0,-3007.66
6558,20:29:28:382,3,Severe_Damage,L3_S3,-1344,660,12310,1486,92,135,1,-2557.66
6559,20:29:28:392,3,Severe_Damage,L3_S3,-1444,768,13094,2365,98,273,0,-1773.66
6560,20:29:28:402,3,Severe_Damage,L3_S3,-1550,948,14000,2996,108,372,0,-867.66
6561,20:29:28:412,3,Severe_Damage,L3_S3,-1758,1182,15014,3307,144,415,0,146.34
6562,20:29:28:422,3,Severe_Damage,L3_S3,-1928,1442,15872,3335,145,426,0,1004.34
6563,20:29:28:432,3,Severe_Damage,L3_S3,-1922,1524,16812,2941,97,357,0,1944.34
6564,20:29:28:442,3,Severe_Damage,L3_S3,-2126,1686,17354,2341,119,271,0,2486.34
6565,20:29:28:452,3,Severe_Damage,L3_S3,-2126,1732,17890,1434,76,131,0,3022.34
6566,20:29:28:462,3,Severe_Damage,L3_S3,-2238,1834,17846,469,53,-15,0,2978.34
6567,20:29:28:472,3,Severe_Damage,L3_S3,-2180,1706,17826,-646,12,-196,0,2958.34
6568,20:29:28:482,3,Severe_Damage,L3_S3,-2116,1680,17278,-1609,4,-349,0,2410.34
6569,20:29:28:492,3,Severe_Damage,L3_S3,-1982,1518,16692,-2506,-50,-471,0,1824.34
6570,20:29:28:502,3,Severe_Damage,L3_S3,-1858,1352,15854,-3120,-38,-573,0,986.34
6571,20:29:28:512,3,Severe_Damage,L3_S3,-1742,1128,14908,-3489,-58,-629,0,40.34
6572,20:29:28:522,3,Severe_Damage,L3_S3,-1614,964,14064,-3532,-64,-638,0,-803.66
6573,20:29:28:532,3,Severe_Damage,L3_S3,-1412,734,13286,-3289,-91,-599,0,-1581.66
6574,20:29:28:542,3,Severe_Damage,L3_S3,-1458,638,12462,-2661,2,-509,0,-2405.66
6575,20:29:28:552,3,Severe_Damage,L3_S3,-1272,546,12094,-1905,-48,-386,0,-2773.66
6576,20:29:28:562,3,Severe_Damage,L3_S3,-1288,498,12010,-966,-5,-235,0,-2857.66
6577,20:29:28:572,3,Severe_Damage,L3_S3,-1282,578,12082,52,50,-89,0,-2785.66
6578,20:29:28:582,3,Severe_Damage,L3_S3,-1352,580,12408,1025,49,69,0,-2459.66
6579,20:29:28:592,3,Severe_Damage,L3_S3,-1466,756,13006,1871,97,197,0,-1861.66
6580,20:29:28:602,3,Severe_Damage,L3_S3,-1482,890,13904,2513,95,300,0,-963.66
6581,20:29:28:612,3,Severe_Damage,L3_S3,-1710,1132,14758,2902,119,353,0,-109.66
6582,20:29:28:622,3,Severe_Damage,L3_S3,-1832,1222,15566,2981,123,373,0,698.34
6583,20:29:28:632,3,Severe_Damage,L3_S3,-1974,1454,16248,2811,136,338,0,1380.34
6584,20:29:28:642,3,Severe_Damage,L3_S3,-2050,1542,17108,2257,77,252,0,2240.34
6585,20:29:28:652,3,Severe_Damage,L3_S3,-2104,1654,17470,1562,103,153,0,2602.34
6586,20:29:28:662,3,Severe_Damage,L3_S3,-2162,1688,17698,676,49,13,0,2830.34
6587,20:29:28:672,3,Severe_Damage,L3_S3,-2122,1630,17546,-270,31,-135,0,2678.34
6588,20:29:28:682,3,Severe_Damage,L3_S3,-2056,1626,17256,-1209,-7,-281,0,2388.34
6589,20:29:28:692,3,Severe_Damage,L3_S3,-1970,1492,16752,-2038,-20,-416,0,1884.34
6590,20:29:28:702,3,Severe_Damage,L3_S3,-1904,1412,15938,-2664,-36,-505,0,1070.34
6591,20:29:28:712,3,Severe_Damage,L3_S3,-1720,1160,15238,-3099,-41,-574,0,370.34
6592,20:29:28:722,3,Severe_Damage,L3_S3,-1648,1054,14270,-3190,-61,-574,0,-597.66
6593,20:29:28:732,3,Severe_Damage,L3_S3,-1540,874,13500,-3071,-52,-571,0,-1367.66
6594,20:29:28:742,3,Severe_Damage,L3_S3,-1420,718,12970,-2644,-60,-503,0,-1897.66
6595,20:29:28:752,3,Severe_Damage,L3_S3,-1390,636,12470,-1940,8,-383,0,-2397.66
6596,20:29:28:762,3,Severe_Damage,L3_S3,-1280,578,12226,-1159,-26,-268,0,-2641.66
6597,20:29:28:772,3,Severe_Damage,L3_S3,-1382,608,12338,-249,36,-124,0,-2529.66
6598,20:29:28:782,3,Severe_Damage,L3_S3,-1364,614,12486,633,50,10,0,-2381.66
6599,20:29:28:792,3,Severe_Damage,L3_S3,-1428,736,13010,1459,79,138,0,-1857.66
6600,20:29:28:802,3,Severe_Damage,L3_S3,-1530,856,13696,2080,88,229,0,-1171.66
6601,20:29:28:812,3,Severe_Damage,L3_S3,-1666,1014,14482,2514,103,292,0,-385.66
6602,20:29:28:822,3,Severe_Damage,L3_S3,-1722,1182,15236,2671,105,319,0,368.34
6603,20:29:28:832,3,Severe_Damage,L3_S3,-1888,1322,16022,2552,114,301,0,1154.34
6604,20:29:28:842,3,Severe_Damage,L3_S3,-1964,1562,16544,2227,122,249,0,1676.34
6605,20:29:28:852,3,Severe_Damage,L3_S3,-2016,1556,17124,1569,48,155,0,2256.34
6606,20:29:28:862,3,Severe_Damage,L3_S3,-2124,1688,17344,851,72,38,0,2476.34
6607,20:29:28:872,3,Severe_Damage,L3_S3,-2108,1636,17458,-17,41,-97,0,2590.34
6608,20:29:28:882,3,Severe_Damage,L3_S3,-2072,1608,17124,-845,3,-221,0,2256.34
6609,20:29:28:892,3,Severe_Damage,L3_S3,-1960,1458,16700,-1655,-11,-348,0,1832.34
6610,20:29:28:902,3,Severe_Damage,L3_S3,-1900,1394,16088,-2270,-33,-434,0,1220.34
6611,20:29:28:912,3,Severe_Damage,L3_S3,-1774,1260,15346,-2726,-30,-517,0,478.34
6612,20:29:28:922,3,Severe_Damage,L3_S3,-1658,1118,14606,-2893,-41,-539,0,-261.66
6613,20:29:28:932,3,Severe_Damage,L3_S3,-1576,946,13934,-2829,-54,-526,0,-933.66
6614,20:29:28:942,3,Severe_Damage,L3_S3,-1474,874,13212,-2509,-29,-486,0,-1655.66
6615,20:29:28:952,3,Severe_Damage,L3_S3,-1366,642,12904,-2024,-62,-405,0,-1963.66
6616,20:29:28:962,3,Severe_Damage,L3_S3,-1400,688,12484,-1238,37,-280,0,-2383.66
6617,20:29:28:972,3,Severe_Damage,L3_S3,-1302,574,12540,-512,-5,-178,0,-2327.66
6618,20:29:28:982,3,Severe_Damage,L3_S3,-1442,692,12662,338,64,-34,0,-2205.66
6619,20:29:28:992,3,Severe_Damage,L3_S3,-1396,706,13014,1068,70,68,0,-1853.66
6620,20:29:29:002,3,Severe_Damage,L3_S3,-1566,890,13638,1714,59,174,0,-1229.66
6621,20:29:29:012,3,Severe_Damage,L3_S3,-1646,1048,14294,2140,106,234,0,-573.66
6622,20:29:29:022,3,Severe_Damage,L3_S3,-1718,1208,14976,2364,90,268,0,108.34
6623,20:29:29:032,3,Severe_Damage,L3_S3,-1856,1358,15682,2320,112,269,0,814.34
6624,20:29:29:042,3,Severe_Damage,L3_S3,-1936,1416,16428,2065,97,227,0,1560.34
6625,20:29:29:052,3,Severe_Damage,L3_S3,-1994,1556,16778,1629,93,161,0,1910.34
6626,20:29:29:062,3,Severe_Damage,L3_S3,-1982,1530,17054,907,31,46,0,2186.34
6627,20:29:29:072,3,Severe_Damage,L3_S3,-2118,1588,17060,221,71,-60,0,2192.34
6628,20:29:29:082,3,Severe_Damage,L3_S3,-2014,1578,16994,-590,-12,-186,0,2126.34
6629,20:29:29:092,3,Severe_Damage,L3_S3,-2024,1528,16652,-1282,6,-292,0,1784.34
6630,20:29:29:102,3,Severe_Damage,L3_S3,-1844,1390,16116,-1921,-26,-392,0,1248.34
6631,20:29:29:112,3,Severe_Damage,L3_S3,-1806,1284,15512,-2362,-33,-451,0,644.34
6632,20:29:29:122,3,Severe_Damage,L3_S3,-1684,1106,14830,-2595,-33,-497,0,-37.66
6633,20:29:29:132,3,Severe_Damage,L3_S3,-1554,974,14206,-2598,-44,-494,0,-661.66
6634,20:29:29:142,3,Severe_Damage,L3_S3,-1538,840,13570,-2363,-23,-458,0,-1297.66
6635,20:29:29:152,3,Severe_Damage,L3_S3,-1348,816,13102,-1955,-38,-402,0,-1765.66
6636,20:29:29:162,3,Severe_Damage,L3_S3,-1412,646,12920,-1387,-13,-308,0,-1947.66
6637,20:29:29:172,3,Severe_Damage,L3_S3,-1364,690,12682,-620,51,-185,0,-2185.66
6638,20:29:29:182,3,Severe_Damage,L3_S3,-1342,654,12850,48,4,-85,0,-2017.66
6639,20:29:29:192,3,Severe_Damage,L3_S3,-1468,772,13144,789,88,32,0,-1723.66
6640,20:29:29:202,3,Severe_Damage,L3_S3,-1512,846,13636,1357,65,116,0,-1231.66
6641,20:29:29:212,3,Severe_Damage,L3_S3,-1610,1006,14184,1822,82,185,0,-683.66
6642,20:29:29:222,3,Severe_Damage,L3_S3,-1726,1078,14790,2057,117,220,0,-77.66
6643,20:29:29:232,3,Severe_Damage,L3_S3,-1766,1210,15500,2107,74,227,0,632.34
6644,20:29:29:242,3,Severe_Damage,L3_S3,-1894,1390,16076,1912,104,195,0,1208.34
6645,20:29:29:252,3,Severe_Damage,L3_S3,-1938,1442,16434,1574,93,148,0,1566.34
6646,20:29:29:262,3,Severe_Damage,L3_S3,-2022,1438,16812,979,44,62,0,1944.34
6647,20:29:29:272,3,Severe_Damage,L3_S3,-2072,1538,16838,356,59,-36,0,1970.34
6648,20:29:29:282,3,Severe_Damage,L3_S3,-1944,1478,16904,-355,18,-146,0,2036.34
6649,20:29:29:292,3,Severe_Damage,L3_S3,-2004,1522,16562,-1010,12,-246,0,1694.34
6650,20:29:29:302,3,Severe_Damage,L3_S3,-1870,1372,16128,-1611,-5,-344,0,1260.34
6651,20:29:29:313,3,Severe_Damage,L3_S3,-1816,1326,15544,-2039,-23,-401,0,676.34
6652,20:29:29:323,3,Severe_Damage,L3_S3,-1748,1140,15010,-2318,-18,-451,0,142.34
6653,20:29:29:333,3,Severe_Damage,L3_S3,-1660,1044,14402,-2373,-36,-457,0,-465.66
6654,20:29:29:342,3,Severe_Damage,L3_S3,-1642,898,13826,-2222,-24,-427,0,-1041.66
6655,20:29:29:352,3,Severe_Damage,L3_S3,-1446,830,13366,-1881,-20,-383,0,-1501.66
6656,20:29:29:362,3,Severe_Damage,L3_S3,-1474,860,13084,-1404,-5,-305,0,-1783.66
6657,20:29:29:372,3,Severe_Damage,L3_S3,-1382,676,13010,-811,0,-218,0,-1857.66
6658,20:29:29:382,3,Severe_Damage,L3_S3,-1446,750,12948,-105,62,-108,0,-1919.66
6659,20:29:29:392,3,Severe_Damage,L3_S3,-1456,748,13260,492,-4,-19,0,-1607.66
6660,20:29:29:402,3,Severe_Damage,L3_S3,-1590,824,13610,1086,105,74,0,-1257.66
6661,20:29:29:412,3,Severe_Damage,L3_S3,-1616,1000,14104,1512,56,140,0,-763.66
6662,20:29:29:422,3,Severe_Damage,L3_S3,-1660,1092,14724,1788,89,189,0,-143.66
6663,20:29:29:432,3,Severe_Damage,L3_S3,-1750,1198,15234,1864,100,194,0,366.34
6664,20:29:29:442,3,Severe_Damage,L3_S3,-1860,1332,15754,1753,58,180,0,886.34
6665,20:29:29:452,3,Severe_Damage,L3_S3,-1950,1360,16178,1455,101,128,0,1310.34
6666,20:29:29:462,3,Severe_Damage,L3_S3,-1966,1508,16440,1038,52,71,0,1572.34
6667,20:29:29:472,3,Severe_Damage,L3_S3,-1978,1494,16736,423,34,-29,0,1868.34
6668,20:29:29:482,3,Severe_Damage,L3_S3,-2064,1480,16616,-152,71,-118,0,1748.34
6669,20:29:29:492,3,Severe_Damage,L3_S3,-1932,1444,16478,-783,-18,-215,0,1610.34
6670,20:29:29:502,3,Severe_Damage,L3_S3,-1942,1352,16144,-1318,18,-295,0,1276.34
6671,20:29:29:513,3,Severe_Damage,L3_S3,-1820,1276,15674,-1759,-24,-366,0,806.34
6672,20:29:29:523,3,Severe_Damage,L3_S3,-1758,1190,15128,-2046,-23,-404,0,260.34
6673,20:29:29:533,3,Severe_Damage,L3_S3,-1640,1088,14606,-2132,-19,-424,0,-261.66
6674,20:29:29:542,3,Severe_Damage,L3_S3,-1566,952,14114,-2062,-38,-410,0,-753.66
6675,20:29:29:552,3,Severe_Damage,L3_S3,-1578,898,13552,-1790,2,-366,0,-1315.66
6676,20:29:29:562,3,Severe_Damage,L3_S3,-1438,760,13322,-1388,-21,-308,0,-1545.66
6677,20:29:29:572,3,Severe_Damage,L3_S3,-1468,722,13160,-890,8,-232,0,-1707.66
6678,20:29:29:582,3,Severe_Damage,L3_S3,-1474,812,13146,-280,51,-135,0,-1721.66
6679,20:29:29:592,3,Severe_Damage,L3_S3,-1390,774,13398,295,38,-43,0,-1469.66
6680,20:29:29:602,3,Severe_Damage,L3_S3,-1582,872,13622,824,58,34,0,-1245.66
6681,20:29:29:612,3,Severe_Damage,L3_S3,-1600,944,14078,1244,88,97,0,-789.66
6682,20:29:29:622,3,Severe_Damage,L3_S3,-1644,1088,14500,1533,64,144,0,-367.66
6683,20:29:29:632,3,Severe_Damage,L3_S3,-1762,1140,15144,1643,96,162,0,276.34
6684,20:29:29:642,3,Severe_Damage,L3_S3,-1782,1278,15556,1595,77,153,0,688.34
6685,20:29:29:653,3,Severe_Damage,L3_S3,-1902,1358,15982,1357,72,118,0,1114.34
6686,20:29:29:662,3,Severe_Damage,L3_S3,-1938,1368,16374,991,79,64,0,1506.34
6687,20:29:29:672,3,Severe_Damage,L3_S3,-1978,1484,16400,532,43,-4,0,1532.34
6688,20:29:29:682,3,Severe_Damage,L3_S3,-1928,1422,16558,-70,16,-98,0,1690.34
6689,20:29:29:693,3,Severe_Damage,L3_S3,-1948,1466,16248,-564,35,-184,0,1380.34
6690,20:29:29:703,3,Severe_Damage,L3_S3,-1822,1356,16096,-1107,-27,-261,0,1228.34
6691,20:29:29:712,3,Severe_Damage,L3_S3,-1850,1290,15716,-1504,14,-321,0,848.34
6692,20:29:29:723,3,Severe_Damage,L3_S3,-1728,1182,15268,-1799,-21,-372,0,400.34
6693,20:29:29:733,3,Severe_Damage,L3_S3,-1720,1088,14758,-1926,-24,-387,0,-109.66
6694,20:29:29:743,3,Severe_Damage,L3_S3,-1592,1052,14248,-1879,-18,-379,0,-619.66
6695,20:29:29:752,3,Severe_Damage,L3_S3,-1570,928,13832,-1691,-24,-351,0,-1035.66
6696,20:29:29:762,3,Severe_Damage,L3_S3,-1576,868,13520,-1345,23,-307,0,-1347.66
6697,20:29:29:772,3,Severe_Damage,L3_S3,-1428,848,13350,-903,-15,-237,0,-1517.66
6698,20:29:29:782,3,Severe_Damage,L3_S3,-1486,838,13320,-393,50,-157,0,-1547.66
6699,20:29:29:792,3,Severe_Damage,L3_S3,-1452,788,13464,103,7,-79,0,-1403.66
6700,20:29:29:802,3,Severe_Damage,L3_S3,-1622,892,13614,648,87,12,0,-1253.66
6701,20:29:29:812,3,Severe_Damage,L3_S3,-1532,946,14078,995,44,58,0,-789.66
6702,20:29:29:822,3,Severe_Damage,L3_S3,-1726,1060,14438,1318,82,108,0,-429.66
6703,20:29:29:833,3,Severe_Damage,L3_S3,-1736,1158,14948,1430,75,128,0,80.34
6704,20:29:29:842,3,Severe_Damage,L3_S3,-1752,1220,15418,1432,72,125,0,550.34
6705,20:29:29:852,3,Severe_Damage,L3_S3,-1892,1332,15754,1247,73,92,0,886.34
6706,20:29:29:862,3,Severe_Damage,L3_S3,-1880,1388,16118,940,62,45,0,1250.34
6707,20:29:29:872,3,Severe_Damage,L3_S3,-1970,1378,16308,518,57,-11,0,1440.34
6708,20:29:29:882,3,Severe_Damage,L3_S3,-1914,1412,16360,45,39,-82,0,1492.34
6709,20:29:29:892,3,Severe_Damage,L3_S3,-1952,1410,16194,-423,25,-156,0,1326.34
6710,20:29:29:903,3,Severe_Damage,L3_S3,-1898,1314,16102,-937,-6,-238,0,1234.34
6711,20:29:29:913,3,Severe_Damage,L3_S3,-1852,1284,15690,-1287,18,-294,0,822.34
6712,20:29:29:923,3,Severe_Damage,L3_S3,-1790,1160,15294,-1598,-23,-341,0,426.34
6713,20:29:29:933,3,Severe_Damage,L3_S3,-1728,1126,14798,-1716,5,-365,0,-69.66
6714,20:29:29:943,3,Severe_Damage,L3_S3,-1598,982,14380,-1730,-21,-362,0,-487.66
6715,20:29:29:953,3,Severe_Damage,L3_S3,-1618,966,14038,-1566,-13,-329,0,-829.66
6716,20:29:29:962,3,Severe_Damage,L3_S3,-1570,954,13730,-1290,5,-287,0,-1137.66
6717,20:29:29:972,3,Severe_Damage,L3_S3,-1422,800,13518,-904,10,-232,0,-1349.66
6718,20:29:29:982,3,Severe_Damage,L3_S3,-1498,818,13516,-457,41,-158,0,-1351.66
6719,20:29:29:992,3,Severe_Damage,L3_S3,-1504,884,13532,12,26,-91,0,-1335.66
6720,20:29:30:002,3,Severe_Damage,L3_S3,-1522,818,13772,453,56,-26,0,-1095.66
6721,20:29:30:012,3,Severe_Damage,L3_S3,-1622,960,14024,834,51,41,0,-843.66
6722,20:29:30:022,3,Severe_Damage,L3_S3,-1658,1066,14458,1115,71,78,0,-409.66
6723,20:29:30:032,3,Severe_Damage,L3_S3,-1736,1158,14862,1263,65,108,0,-5.66
6724,20:29:30:042,3,Severe_Damage,L3_S3,-1780,1166,15232,1274,65,105,0,364.34
6725,20:29:30:052,3,Severe_Damage,L3_S3,-1888,1304,15674,1147,67,87,0,806.34
6726,20:29:30:062,3,Severe_Damage,L3_S3,-1916,1308,15990,885,56,47,0,1122.34
6727,20:29:30:072,3,Severe_Damage,L3_S3,-1896,1384,16122,525,51,-15,0,1254.34
6728,20:29:30:082,3,Severe_Damage,L3_S3,-1936,1388,16198,100,33,-77,0,1330.34
6729,20:29:30:092,3,Severe_Damage,L3_S3,-1878,1356,16120,-344,26,-144,0,1252.34
6730,20:29:30:102,3,Severe_Damage,L3_S3,-1912,1356,15976,-773,7,-212,0,1108.34
6731,20:29:30:112,3,Severe_Damage,L3_S3,-1854,1288,15708,-1140,1,-278,0,840.34
6732,20:29:30:123,3,Severe_Damage,L3_S3,-1740,1186,15288,-1420,-6,-312,0,420.34
6733,20:29:30:133,3,Severe_Damage,L3_S3,-1754,1128,14870,-1578,-14,-333,0,2.34
6734,20:29:30:143,3,Severe_Damage,L3_S3,-1680,1050,14508,-1591,16,-339,0,-359.66
6735,20:29:30:153,3,Severe_Damage,L3_S3,-1556,950,14174,-1481,-30,-308,0,-693.66
6736,20:29:30:163,3,Severe_Damage,L3_S3,-1576,920,13826,-1242,16,-283,0,-1041.66
6737,20:29:30:172,3,Severe_Damage,L3_S3,-1566,898,13698,-904,-1,-225,0,-1169.66
6738,20:29:30:183,3,Severe_Damage,L3_S3,-1562,858,13612,-505,15,-159,0,-1255.66
6739,20:29:30:192,3,Severe_Damage,L3_S3,-1488,866,13730,-77,42,-113,0,-1137.66
6740,20:29:30:202,3,Severe_Damage,L3_S3,-1566,886,13834,325,33,-48,0,-1033.66
6741,20:29:30:212,3,Severe_Damage,L3_S3,-1600,968,14138,688,74,13,0,-729.66
6742,20:29:30:222,3,Severe_Damage,L3_S3,-1634,992,14390,961,62,53,0,-477.66
6743,20:29:30:232,3,Severe_Damage,L3_S3,-1686,1124,14852,1112,67,76,0,-15.66
6744,20:29:30:242,3,Severe_Damage,L3_S3,-1780,1188,15254,1148,72,85,0,386.34
6745,20:29:30:253,3,Severe_Damage,L3_S3,-1856,1254,15496,1051,52,72,0,628.34
6746,20:29:30:262,3,Severe_Damage,L3_S3,-1882,1308,15812,837,60,34,0,944.34
6747,20:29:30:272,3,Severe_Damage,L3_S3,-1830,1332,16024,525,47,-8,0,1156.34
6748,20:29:30:282,3,Severe_Damage,L3_S3,-1896,1336,16070,139,43,-70,0,1202.34
6749,20:29:30:293,3,Severe_Damage,L3_S3,-1850,1374,15994,-266,30,-124,0,1126.34
6750,20:29:30:303,3,Severe_Damage,L3_S3,-1892,1350,15870,-661,3,-192,0,1002.34
6751,20:29:30:313,3,Severe_Damage,L3_S3,-1868,1314,15668,-1012,10,-254,0,800.34
6752,20:29:30:323,3,Severe_Damage,L3_S3,-1784,1204,15362,-1273,-7,-288,0,494.34
6753,20:29:30:333,3,Severe_Damage,L3_S3,-1700,1138,14952,-1435,-8,-316,0,84.34
6754,20:29:30:343,3,Severe_Damage,L3_S3,-1706,1060,14500,-1473,1,-316,0,-367.66
6755,20:29:30:353,3,Severe_Damage,L3_S3,-1604,966,14230,-1378,-22,-304,0,-637.66
6756,20:29:30:363,3,Severe_Damage,L3_S3,-1580,890,14000,-1185,16,-282,0,-867.66
6757,20:29:30:373,3,Severe_Damage,L3_S3,-1568,896,13786,-893,1,-228,0,-1081.66
6758,20:29:30:382,3,Severe_Damage,L3_S3,-1494,892,13680,-530,22,-185,0,-1187.66
6759,20:29:30:393,3,Severe_Damage,L3_S3,-1528,894,13778,-149,31,-122,0,-1089.66
6760,20:29:30:402,3,Severe_Damage,L3_S3,-1576,870,13916,238,36,-56,0,-951.66
6761,20:29:30:412,3,Severe_Damage,L3_S3,-1574,970,14114,566,52,-8,0,-753.66
6762,20:29:30:423,3,Severe_Damage,L3_S3,-1672,1016,14380,818,60,39,0,-487.66
6763,20:29:30:432,3,Severe_Damage,L3_S3,-1662,1078,14710,981,71,55,0,-157.66
6764,20:29:30:443,3,Severe_Damage,L3_S3,-1796,1132,15094,1020,67,67,0,226.34
6765,20:29:30:452,3,Severe_Damage,L3_S3,-1814,1202,15468,962,63,49,0,600.34
6766,20:29:30:463,3,Severe_Damage,L3_S3,-1822,1288,15722,774,44,23,0,854.34
6767,20:29:30:473,3,Severe_Damage,L3_S3,-1906,1320,15854,504,55,-11,0,986.34
6768,20:29:30:483,3,Severe_Damage,L3_S3,-1880,1338,16028,164,32,-71,0,1160.34
6769,20:29:30:493,3,Severe_Damage,L3_S3,-1904,1346,16026,-206,27,-124,0,1158.34
6770,20:29:30:503,3,Severe_Damage,L3_S3,-1842,1320,15886,-563,6,-180,0,1018.34
6771,20:29:30:513,3,Severe_Damage,L3_S3,-1806,1334,15594,-888,12,-233,0,726.34
6772,20:29:30:523,3,Severe_Damage,L3_S3,-1836,1260,15358,-1150,-10,-269,0,490.34
6773,20:29:30:533,3,Severe_Damage,L3_S3,-1730,1128,15054,-1306,-4,-294,0,186.34
6774,20:29:30:543,3,Severe_Damage,L3_S3,-1674,1062,14620,-1355,-9,-306,0,-247.66
6775,20:29:30:553,3,Severe_Damage,L3_S3,-1600,1024,14322,-1293,-2,-297,0,-545.66
6776,20:29:30:563,3,Severe_Damage,L3_S3,-1576,884,14114,-1126,-5,-264,0,-753.66
6777,20:29:30:573,3,Severe_Damage,L3_S3,-1560,974,13934,-872,7,-225,0,-933.66
6778,20:29:30:583,3,Severe_Damage,L3_S3,-1608,930,13900,-558,15,-174,0,-967.66
6779,20:29:30:593,3,Severe_Damage,L3_S3,-1518,934,13850,-205,25,-125,0,-1017.66
6780,20:29:30:602,3,Severe_Damage,L3_S3,-1580,956,13934,146,39,-67,0,-933.66
6781,20:29:30:612,3,Severe_Damage,L3_S3,-1626,950,14110,450,48,-24,0,-757.66
6782,20:29:30:622,3,Severe_Damage,L3_S3,-1628,996,14430,704,55,12,0,-437.66
6783,20:29:30:632,3,Severe_Damage,L3_S3,-1690,1096,14794,861,64,36,0,-73.66
6784,20:29:30:643,3,Severe_Damage,L3_S3,-1716,1114,15090,916,65,46,0,222.34
6785,20:29:30:652,3,Severe_Damage,L3_S3,-1768,1204,15400,867,62,47,0,532.34
6786,20:29:30:662,3,Severe_Damage,L3_S3,-1796,1240,15584,720,53,18,0,716.34
6787,20:29:30:673,3,Severe_Damage,L3_S3,-1876,1270,15768,475,57,-19,0,900.34
6788,20:29:30:683,3,Severe_Damage,L3_S3,-1884,1330,15814,183,23,-66,0,946.34
6789,20:29:30:693,3,Severe_Damage,L3_S3,-1858,1274,15878,-154,44,-123,0,1010.34
6790,20:29:30:703,3,Severe_Damage,L3_S3,-1900,1308,15726,-478,29,-167,0,858.34
6791,20:29:30:713,3,Severe_Damage,L3_S3,-1834,1304,15596,-784,9,-214,0,728.34
6792,20:29:30:723,3,Severe_Damage,L3_S3,-1796,1222,15358,-1023,15,-254,0,490.34
6793,20:29:30:733,3,Severe_Damage,L3_S3,-1726,1144,15062,-1183,-1,-279,0,194.34
6794,20:29:30:743,3,Severe_Damage,L3_S3,-1706,1074,14732,-1247,10,-292,0,-135.66
6795,20:29:30:753,3,Severe_Damage,L3_S3,-1674,1034,14468,-1218,-4,-277,0,-399.66
6796,20:29:30:763,3,Severe_Damage,L3_S3,-1634,1014,14192,-1077,10,-261,0,-675.66
6797,20:29:30:773,3,Severe_Damage,L3_S3,-1574,962,14006,-851,19,-225,0,-861.66
6798,20:29:30:783,3,Severe_Damage,L3_S3,-1532,850,13980,-575,12,-180,0,-887.66
6799,20:29:30:793,3,Severe_Damage,L3_S3,-1602,918,13882,-256,32,-131,0,-985.66
6800,20:29:30:802,3,Severe_Damage,L3_S3,-1578,922,14046,60,31,-85,0,-821.66
6801,20:29:30:812,3,Severe_Damage,L3_S3,-1652,962,14258,351,47,-42,0,-609.66
6802,20:29:30:823,3,Severe_Damage,L3_S3,-1636,1022,14352,588,60,-4,0,-515.66
6803,20:29:30:832,3,Severe_Damage,L3_S3,-1716,1096,14676,747,53,29,0,-191.66
6804,20:29:30:842,3,Severe_Damage,L3_S3,-1744,1138,14940,817,63,37,0,72.34
6805,20:29:30:852,3,Severe_Damage,L3_S3,-1790,1160,15232,783,52,30,0,364.34
6806,20:29:30:863,3,Severe_Damage,L3_S3,-1846,1272,15528,656,53,15,0,660.34
6807,20:29:30:873,3,Severe_Damage,L3_S3,-1806,1326,15648,450,40,-25,0,780.34
6808,20:29:30:883,3,Severe_Damage,L3_S3,-1866,1344,15766,188,54,-62,0,898.34
6809,20:29:30:893,3,Severe_Damage,L3_S3,-1868,1274,15676,-111,15,-108,0,808.34
6810,20:29:30:903,3,Severe_Damage,L3_S3,-1854,1272,15670,-417,35,-153,0,802.34
6811,20:29:30:913,3,Severe_Damage,L3_S3,-1814,1298,15556,-696,12,-200,0,688.34
6812,20:29:30:923,3,Severe_Damage,L3_S3,-1774,1204,15340,-919,7,-239,0,472.34
6813,20:29:30:933,3,Severe_Damage,L3_S3,-1736,1138,15018,-1085,7,-262,0,150.34
6814,20:29:30:943,3,Severe_Damage,L3_S3,-1652,1078,14782,-1147,6,-269,0,-85.66
6815,20:29:30:953,3,Severe_Damage,L3_S3,-1676,1100,14586,-1131,16,-268,0,-281.66
6816,20:29:30:963,3,Severe_Damage,L3_S3,-1638,978,14358,-1014,2,-252,0,-509.66
6817,20:29:30:973,3,Severe_Damage,L3_S3,-1618,958,14206,-829,5,-225,0,-661.66
6818,20:29:30:983,3,Severe_Damage,L3_S3,-1576,936,14052,-579,16,-185,0,-815.66
6819,20:29:30:993,3,Severe_Damage,L3_S3,-1566,886,14080,-289,32,-141,0,-787.66
6820,20:29:31:002,3,Severe_Damage,L3_S3,-1600,944,14100,5,42,-94,0,-767.66
6821,20:29:31:013,3,Severe_Damage,L3_S3,-1620,972,14218,271,38,-50,0,-649.66
6822,20:29:31:023,3,Severe_Damage,L3_S3,-1624,1036,14432,490,56,-20,0,-435.66
6823,20:29:31:032,3,Severe_Damage,L3_S3,-1636,1088,14610,652,54,3,0,-257.66
6824,20:29:31:042,3,Severe_Damage,L3_S3,-1766,1150,14882,719,53,17,0,14.34
6825,20:29:31:053,3,Severe_Damage,L3_S3,-1768,1170,15138,706,59,16,0,270.34
6826,20:29:31:062,3,Severe_Damage,L3_S3,-1800,1260,15396,606,53,5,0,528.34
6827,20:29:31:073,3,Severe_Damage,L3_S3,-1796,1262,15590,428,45,-23,0,722.34
6828,20:29:31:083,3,Severe_Damage,L3_S3,-1834,1292,15704,191,32,-62,0,836.34
6829,20:29:31:093,3,Severe_Damage,L3_S3,-1852,1276,15664,-76,38,-103,0,796.34
6830,20:29:31:103,3,Severe_Damage,L3_S3,-1844,1262,15616,-362,17,-150,0,748.34
6831,20:29:31:113,3,Severe_Damage,L3_S3,-1832,1210,15552,-616,16,-182,0,684.34
6832,20:29:31:123,3,Severe_Damage,L3_S3,-1756,1192,15288,-838,9,-218,0,420.34
6833,20:29:31:133,3,Severe_Damage,L3_S3,-1752,1186,15134,-985,5,-244,0,266.34
6834,20:29:31:143,3,Severe_Damage,L3_S3,-1660,1110,14852,-1060,-2,-256,0,-15.66
6835,20:29:31:153,3,Severe_Damage,L3_S3,-1686,1064,14568,-1056,12,-252,0,-299.66
6836,20:29:31:163,3,Severe_Damage,L3_S3,-1644,984,14404,-951,8,-241,0,-463.66
6837,20:29:31:173,3,Severe_Damage,L3_S3,-1662,996,14240,-793,18,-219,0,-627.66
6838,20:29:31:183,3,Severe_Damage,L3_S3,-1616,1002,14068,-566,11,-174,0,-799.66
6839,20:29:31:193,3,Severe_Damage,L3_S3,-1566,928,14124,-311,35,-146,0,-743.66
6840,20:29:31:203,3,Severe_Damage,L3_S3,-1594,950,14142,-51,26,-105,0,-725.66
6841,20:29:31:213,3,Severe_Damage,L3_S3,-1652,992,14286,195,44,-66,0,-581.66
6842,20:29:31:223,3,Severe_Damage,L3_S3,-1634,1036,14468,407,49,-20,0,-399.66
6843,20:29:31:233,3,Severe_Damage,L3_S3,-1682,1100,14690,557,50,-4,0,-177.66
6844,20:29:31:243,3,Severe_Damage,L3_S3,-1692,1118,14916,627,55,0,0,48.34
6845,20:29:31:253,3,Severe_Damage,L3_S3,-1766,1144,15146,631,44,0,0,278.34
6846,20:29:31:263,3,Severe_Damage,L3_S3,-1740,1226,15368,546,48,-21,0,500.34
6847,20:29:31:273,3,Severe_Damage,L3_S3,-1806,1234,15462,389,42,-35,0,594.34
6848,20:29:31:283,3,Severe_Damage,L3_S3,-1828,1274,15532,184,36,-68,0,664.34
6849,20:29:31:293,3,Severe_Damage,L3_S3,-1818,1258,15624,-54,49,-102,0,756.34
6850,20:29:31:303,3,Severe_Damage,L3_S3,-1810,1272,15530,-306,17,-139,0,662.34
6851,20:29:31:313,3,Severe_Damage,L3_S3,-1768,1238,15498,-548,29,-184,0,630.34
6852,20:29:31:323,3,Severe_Damage,L3_S3,-1810,1188,15336,-751,12,-201,0,468.34
6853,20:29:31:333,3,Severe_Damage,L3_S3,-1734,1148,15048,-895,11,-231,0,180.34
6854,20:29:31:343,3,Severe_Damage,L3_S3,-1724,1114,14906,-974,20,-249,0,38.34
6855,20:29:31:353,3,Severe_Damage,L3_S3,-1718,1070,14548,-972,-5,-242,0,-319.66
6856,20:29:31:363,3,Severe_Damage,L3_S3,-1622,1044,14436,-903,19,-242,0,-431.66
6857,20:29:31:373,3,Severe_Damage,L3_S3,-1728,1022,14290,-760,8,-203,0,-577.66
6858,20:29:31:383,3,Severe_Damage,L3_S3,-1574,996,14120,-562,39,-177,0,-747.66
6859,20:29:31:393,3,Severe_Damage,L3_S3,-1620,1026,14202,-330,10,-143,0,-665.66
6860,20:29:31:403,3,Severe_Damage,L3_S3,-1634,1000,14194,-95,44,-111,0,-673.66
6861,20:29:31:413,3,Severe_Damage,L3_S3,-1626,968,14402,132,37,-82,0,-465.66
6862,20:29:31:423,3,Severe_Damage,L3_S3,-1672,1010,14516,324,37,-42,0,-351.66
6863,20:29:31:433,3,Severe_Damage,L3_S3,-1672,1106,14744,475,56,-20,0,-123.66
6864,20:29:31:443,3,Severe_Damage,L3_S3,-1746,1094,14920,551,42,-5,0,52.34
6865,20:29:31:453,3,Severe_Damage,L3_S3,-1722,1124,15032,557,62,-15,0,164.34
6866,20:29:31:463,3,Severe_Damage,L3_S3,-1732,1178,15260,495,46,-18,0,392.34
6867,20:29:31:473,3,Severe_Damage,L3_S3,-1794,1234,15402,358,38,-29,0,534.34
6868,20:29:31:483,3,Severe_Damage,L3_S3,-1824,1250,15456,180,32,-65,0,588.34
6869,20:29:31:493,3,Severe_Damage,L3_S3,-1828,1258,15532,-43,35,-101,0,664.34
6870,20:29:31:503,3,Severe_Damage,L3_S3,-1806,1272,15502,-269,24,-143,0,634.34
6871,20:29:31:513,3,Severe_Damage,L3_S3,-1828,1250,15412,-490,18,-168,0,544.34
6872,20:29:31:523,3,Severe_Damage,L3_S3,-1808,1158,15290,-677,8,-196,0,422.34
6873,20:29:31:533,3,Severe_Damage,L3_S3,-1782,1150,15120,-811,15,-211,0,252.34
6874,20:29:31:543,3,Severe_Damage,L3_S3,-1716,1108,14856,-893,8,-227,0,-11.66
6875,20:29:31:553,3,Severe_Damage,L3_S3,-1690,1088,14720,-905,8,-233,0,-147.66
6876,20:29:31:563,3,Severe_Damage,L3_S3,-1642,1048,14534,-850,4,-224,0,-333.66
6877,20:29:31:573,3,Severe_Damage,L3_S3,-1618,1038,14300,-730,16,-208,0,-567.66
6878,20:29:31:583,3,Severe_Damage,L3_S3,-1646,982,14312,-552,14,-170,0,-555.66
6879,20:29:31:593,3,Severe_Damage,L3_S3,-1650,968,14196,-347,27,-149,0,-671.66
6880,20:29:31:603,3,Severe_Damage,L3_S3,-1620,1006,14184,-129,40,-108,0,-683.66
6881,20:29:31:613,3,Severe_Damage,L3_S3,-1636,992,14354,77,35,-77,0,-513.66
6882,20:29:31:623,3,Severe_Damage,L3_S3,-1658,1046,14486,260,49,-54,0,-381.66
6883,20:29:31:633,3,Severe_Damage,L3_S3,-1654,1022,14658,395,45,-36,0,-209.66
6884,20:29:31:643,3,Severe_Damage,L3_S3,-1676,1062,14790,474,48,-21,0,-77.66
6885,20:29:31:653,3,Severe_Damage,L3_S3,-1718,1114,15026,486,49,-18,0,158.34
6886,20:29:31:663,3,Severe_Damage,L3_S3,-1768,1188,15250,445,43,-23,0,382.34
6887,20:29:31:673,3,Severe_Damage,L3_S3,-1766,1190,15364,326,54,-49,0,496.34
6888,20:29:31:683,3,Severe_Damage,L3_S3,-1798,1218,15406,163,33,-69,0,538.34
6889,20:29:31:693,3,Severe_Damage,L3_S3,-1760,1220,15488,-33,40,-102,0,620.34
6890,20:29:31:703,3,Severe_Damage,L3_S3,-1826,1206,15464,-240,28,-124,0,596.34
6891,20:29:31:713,3,Severe_Damage,L3_S3,-1790,1228,15362,-442,17,-161,0,494.34
6892,20:29:31:723,3,Severe_Damage,L3_S3,-1764,1206,15182,-626,20,-187,0,314.34
6893,20:29:31:733,3,Severe_Damage,L3_S3,-1778,1202,15040,-758,10,-205,0,172.34
6894,20:29:31:743,3,Severe_Damage,L3_S3,-1714,1142,14902,-828,17,-222,0,34.34
6895,20:29:31:753,3,Severe_Damage,L3_S3,-1696,1072,14734,-849,5,-225,0,-133.66
6896,20:29:31:763,3,Severe_Damage,L3_S3,-1676,1048,14524,-791,11,-218,0,-343.66
6897,20:29:31:773,3,Severe_Damage,L3_S3,-1578,1012,14414,-682,15,-200,0,-453.66
6898,20:29:31:783,3,Severe_Damage,L3_S3,-1596,998,14312,-538,11,-171,0,-555.66
6899,20:29:31:793,3,Severe_Damage,L3_S3,-1620,980,14272,-351,22,-144,0,-595.66
6900,20:29:31:803,3,Severe_Damage,L3_S3,-1634,974,14314,-159,29,-113,0,-553.66
6901,20:29:31:813,3,Severe_Damage,L3_S3,-1660,1016,14340,38,37,-87,0,-527.66
6902,20:29:31:823,3,Severe_Damage,L3_S3,-1634,1056,14534,204,40,-61,0,-333.66
6903,20:29:31:833,3,Severe_Damage,L3_S3,-1706,1030,14652,341,36,-38,0,-215.66
6904,20:29:31:843,3,Severe_Damage,L3_S3,-1664,1130,14808,417,53,-38,0,-59.66
6905,20:29:31:853,3,Severe_Damage,L3_S3,-1766,1184,15032,431,33,-28,0,164.34
6906,20:29:31:863,3,Severe_Damage,L3_S3,-1796,1146,15166,391,54,-29,0,298.34
6907,20:29:31:873,3,Severe_Damage,L3_S3,-1760,1200,15308,294,37,-45,0,440.34
6908,20:29:31:883,3,Severe_Damage,L3_S3,-1826,1204,15372,144,36,-75,0,504.34
6909,20:29:31:893,3,Severe_Damage,L3_S3,-1774,1250,15424,-33,34,-99,0,556.34
6910,20:29:31:903,3,Severe_Damage,L3_S3,-1800,1238,15422,-223,22,-122,0,554.34
6911,20:29:31:913,3,Severe_Damage,L3_S3,-1766,1194,15300,-396,26,-153,0,432.34
6912,20:29:31:923,3,Severe_Damage,L3_S3,-1784,1198,15258,-563,15,-178,0,390.34
6913,20:29:31:933,3,Severe_Damage,L3_S3,-1782,1170,15058,-695,14,-195,0,190.34
6914,20:29:31:943,3,Severe_Damage,L3_S3,-1702,1164,14896,-768,24,-212,0,28.34
6915,20:29:31:953,3,Severe_Damage,L3_S3,-1708,1066,14690,-786,11,-214,0,-177.66
6916,20:29:31:963,3,Severe_Damage,L3_S3,-1698,1072,14592,-749,17,-209,0,-275.66
6917,20:29:31:973,3,Severe_Damage,L3_S3,-1614,992,14484,-654,10,-197,0,-383.66
6918,20:29:31:983,3,Severe_Damage,L3_S3,-1616,942,14386,-519,21,-178,0,-481.66
6919,20:29:31:993,3,Severe_Damage,L3_S3,-1732,998,14458,-356,19,-151,0,-409.66
6920,20:29:32:003,3,Severe_Damage,L3_S3,-1646,1012,14362,-173,26,-125,0,-505.66
6921,20:29:32:013,3,Severe_Damage,L3_S3,-1626,1058,14386,2,42,-92,0,-481.66
6922,20:29:32:023,3,Severe_Damage,L3_S3,-1676,1058,14512,160,37,-68,0,-355.66
6923,20:29:32:033,3,Severe_Damage,L3_S3,-1716,1092,14662,280,47,-48,0,-205.66
6924,20:29:32:043,3,Severe_Damage,L3_S3,-1708,1126,14796,352,43,-34,0,-71.66
6925,20:29:32:053,3,Severe_Damage,L3_S3,-1760,1086,15010,378,43,-40,0,142.34
6926,20:29:32:063,3,Severe_Damage,L3_S3,-1792,1160,15164,344,40,-50,0,296.34
6927,20:29:32:073,3,Severe_Damage,L3_S3,-1778,1198,15248,263,44,-48,0,380.34
6928,20:29:32:083,3,Severe_Damage,L3_S3,-1788,1220,15342,133,37,-79,0,474.34
6929,20:29:32:093,3,Severe_Damage,L3_S3,-1772,1188,15362,-30,30,-95,0,494.34
6930,20:29:32:103,3,Severe_Damage,L3_S3,-1768,1224,15392,-197,31,-128,0,524.34
6931,20:29:32:113,3,Severe_Damage,L3_S3,-1800,1196,15334,-374,25,-157,0,466.34
6932,20:29:32:123,3,Severe_Damage,L3_S3,-1816,1168,15260,-520,18,-175,0,392.34
6933,20:29:32:133,3,Severe_Damage,L3_S3,-1702,1174,15070,-638,19,-199,0,202.34
6934,20:29:32:143,3,Severe_Damage,L3_S3,-1738,1100,14928,-716,10,-197,0,60.34
6935,20:29:32:153,3,Severe_Damage,L3_S3,-1694,1080,14786,-734,18,-204,0,-81.66
6936,20:29:32:163,3,Severe_Damage,L3_S3,-1710,1060,14604,-706,6,-201,0,-263.66
6937,20:29:32:173,3,Severe_Damage,L3_S3,-1638,1090,14554,-631,13,-194,0,-313.66
6938,20:29:32:183,3,Severe_Damage,L3_S3,-1626,1020,14438,-510,25,-178,0,-429.66
6939,20:29:32:193,3,Severe_Damage,L3_S3,-1680,1006,14396,-360,17,-155,0,-471.66
6940,20:29:32:203,3,Severe_Damage,L3_S3,-1664,1018,14402,-188,33,-128,0,-465.66
6941,20:29:32:213,3,Severe_Damage,L3_S3,-1660,1016,14472,-30,29,-100,0,-395.66
6942,20:29:32:223,3,Severe_Damage,L3_S3,-1686,1048,14600,122,42,-68,0,-267.66
6943,20:29:32:233,3,Severe_Damage,L3_S3,-1694,1116,14726,231,46,-54,0,-141.66
6944,20:29:32:243,3,Severe_Damage,L3_S3,-1760,1102,14820,302,45,-43,0,-47.66
6945,20:29:32:253,3,Severe_Damage,L3_S3,-1730,1140,14938,327,50,-47,0,70.34
6946,20:29:32:263,3,Severe_Damage,L3_S3,-1732,1174,15100,300,40,-50,0,232.34
6947,20:29:32:273,3,Severe_Damage,L3_S3,-1726,1198,15248,229,41,-56,0,380.34
6948,20:29:32:283,3,Severe_Damage,L3_S3,-1770,1208,15364,118,37,-72,0,496.34
6949,20:29:32:293,3,Severe_Damage,L3_S3,-1822,1248,15336,-28,29,-98,0,468.34
6950,20:29:32:303,3,Severe_Damage,L3_S3,-1792,1198,15284,-181,35,-118,0,416.34
6951,20:29:32:313,3,Severe_Damage,L3_S3,-1780,1196,15246,-340,20,-149,0,378.34
6952,20:29:32:323,3,Severe_Damage,L3_S3,-1800,1208,15174,-475,25,-170,0,306.34
6953,20:29:32:333,3,Severe_Damage,L3_S3,-1714,1188,15120,-588,13,-188,0,252.34
6954,20:29:32:343,3,Severe_Damage,L3_S3,-1738,1122,14986,-660,16,-201,0,118.34
6955,20:29:32:353,3,Severe_Damage,L3_S3,-1740,1084,14746,-689,16,-203,0,-121.66
6956,20:29:32:363,3,Severe_Damage,L3_S3,-1676,1074,14702,-662,16,-197,0,-165.66
6957,20:29:32:373,3,Severe_Damage,L3_S3,-1690,1082,14554,-602,20,-181,0,-313.66
6958,20:29:32:383,3,Severe_Damage,L3_S3,-1620,978,14476,-487,29,-165,0,-391.66
6959,20:29:32:393,3,Severe_Damage,L3_S3,-1658,996,14406,-359,23,-147,0,-461.66
6960,20:29:32:403,3,Severe_Damage,L3_S3,-1692,1020,14404,-212,36,-126,0,-463.66
6961,20:29:32:413,3,Severe_Damage,L3_S3,-1658,1070,14472,-58,38,-94,0,-395.66
6962,20:29:32:423,3,Severe_Damage,L3_S3,-1664,1044,14566,78,42,-74,0,-301.66
6963,20:29:32:433,3,Severe_Damage,L3_S3,-1726,1066,14734,187,39,-61,0,-133.66
6964,20:29:32:443,3,Severe_Damage,L3_S3,-1728,1082,14854,257,47,-53,0,-13.66
6965,20:29:32:453,3,Severe_Damage,L3_S3,-1734,1080,14920,285,38,-55,0,52.34
6966,20:29:32:463,3,Severe_Damage,L3_S3,-1732,1200,14986,262,42,-57,0,118.34
6967,20:29:32:473,3,Severe_Damage,L3_S3,-1762,1198,15238,197,47,-61,0,370.34
6968,20:29:32:483,3,Severe_Damage,L3_S3,-1796,1154,15264,98,34,-78,0,396.34
6969,20:29:32:493,3,Severe_Damage,L3_S3,-1752,1210,15294,-28,39,-102,0,426.34
6970,20:29:32:503,3,Severe_Damage,L3_S3,-1810,1158,15294,-176,28,-120,0,426.34
6971,20:29:32:513,3,Severe_Damage,L3_S3,-1756,1180,15242,-310,29,-142,0,374.34
6972,20:29:32:523,3,Severe_Damage,L3_S3,-1770,1180,15226,-446,24,-161,0,358.34
6973,20:29:32:533,3,Severe_Damage,L3_S3,-1744,1196,15084,-551,13,-168,0,216.34
6974,20:29:32:543,3,Severe_Damage,L3_S3,-1686,1136,14992,-618,21,-190,0,124.34
6975,20:29:32:554,3,Severe_Damage,L3_S3,-1732,1090,14772,-646,15,-189,0,-95.66
6976,20:29:32:563,3,Severe_Damage,L3_S3,-1704,1076,14658,-630,18,-188,0,-209.66
6977,20:29:32:573,3,Severe_Damage,L3_S3,-1672,1028,14628,-565,21,-178,0,-239.66
6978,20:29:32:583,3,Severe_Damage,L3_S3,-1670,1022,14538,-480,19,-164,0,-329.66
6979,20:29:32:593,3,Severe_Damage,L3_S3,-1608,1016,14458,-357,28,-152,0,-409.66
6980,20:29:32:603,3,Severe_Damage,L3_S3,-1706,1012,14418,-218,22,-122,0,-449.66
6981,20:29:32:613,3,Severe_Damage,L3_S3,-1658,1032,14510,-75,35,-102,0,-357.66
6982,20:29:32:623,3,Severe_Damage,L3_S3,-1662,1080,14600,45,27,-86,0,-267.66
6983,20:29:32:633,3,Severe_Damage,L3_S3,-1680,1056,14722,143,39,-68,0,-145.66
6984,20:29:32:643,3,Severe_Damage,L3_S3,-1700,1082,14776,211,34,-58,0,-91.66
6985,20:29:32:653,3,Severe_Damage,L3_S3,-1756,1132,14970,237,42,-53,0,102.34
6986,20:29:32:663,3,Severe_Damage,L3_S3,-1782,1146,15036,225,47,-59,0,168.34
6987,20:29:32:673,3,Severe_Damage,L3_S3,-1782,1166,15186,170,36,-67,0,318.34
6988,20:29:32:683,3,Severe_Damage,L3_S3,-1774,1170,15230,91,39,-76,0,362.34
6989,20:29:32:693,3,Severe_Damage,L3_S3,-1808,1198,15300,-34,38,-103,0,432.34
6990,20:29:32:703,3,Severe_Damage,L3_S3,-1768,1180,15264,-164,33,-125,0,396.34
6991,20:29:32:713,3,Severe_Damage,L3_S3,-1784,1186,15190,-292,30,-136,0,322.34
6992,20:29:32:723,3,Severe_Damage,L3_S3,-1790,1160,15140,-410,19,-157,0,272.34
6993,20:29:32:733,3,Severe_Damage,L3_S3,-1748,1128,15026,-512,16,-181,0,158.34
6994,20:29:32:743,3,Severe_Damage,L3_S3,-1756,1110,14912,-574,13,-184,0,44.34
6995,20:29:32:753,3,Severe_Damage,L3_S3,-1688,1072,14874,-612,14,-188,0,6.34
6996,20:29:32:763,3,Severe_Damage,L3_S3,-1696,1050,14748,-596,21,-182,0,-119.66
6997,20:29:32:773,3,Severe_Damage,L3_S3,-1702,1072,14632,-541,21,-178,0,-235.66
6998,20:29:32:783,3,Severe_Damage,L3_S3,-1640,1054,14574,-459,27,-166,0,-293.66
6999,20:29:32:793,3,Severe_Damage,L3_S3,-1664,1036,14514,-351,24,-147,0,-353.66
7000,20:29:32:803,3,Severe_Damage,L3_S3,-1616,1050,14550,-228,29,-127,0,-317.66
7001,20:29:32:813,3,Severe_Damage,L3_S3,-1634,988,14532,-102,30,-104,0,-335.66
7002,20:29:32:823,3,Severe_Damage,L3_S3,-1696,1070,14620,14,36,-92,0,-247.66
7003,20:29:32:833,3,Severe_Damage,L3_S3,-1676,1048,14712,104,40,-75,0,-155.66
7004,20:29:32:843,3,Severe_Damage,L3_S3,-1750,1086,14780,171,41,-64,0,-87.66
7005,20:29:32:853,3,Severe_Damage,L3_S3,-1702,1112,14914,205,41,-65,0,46.34
7006,20:29:32:863,3,Severe_Damage,L3_S3,-1746,1138,14980,194,40,-62,0,112.34
7007,20:29:32:873,3,Severe_Damage,L3_S3,-1766,1148,15140,149,38,-67,0,272.34
7008,20:29:32:883,3,Severe_Damage,L3_S3,-1744,1146,15210,71,36,-76,0,342.34
7009,20:29:32:893,3,Severe_Damage,L3_S3,-1764,1204,15154,-37,27,-92,0,286.34
7010,20:29:32:903,3,Severe_Damage,L3_S3,-1732,1164,15226,-152,35,-119,0,358.34
7011,20:29:32:913,3,Severe_Damage,L3_S3,-1740,1170,15200,-277,22,-135,0,332.34
7012,20:29:32:923,3,Severe_Damage,L3_S3,-1726,1150,15174,-391,27,-152,0,306.34
7013,20:29:32:933,3,Severe_Damage,L3_S3,-1712,1144,15004,-482,22,-164,0,136.34
7014,20:29:32:943,3,Severe_Damage,L3_S3,-1760,1166,14942,-539,19,-174,0,74.34
7015,20:29:32:953,3,Severe_Damage,L3_S3,-1726,1100,14926,-565,29,-176,0,58.34
7016,20:29:32:964,3,Severe_Damage,L3_S3,-1678,1074,14732,-567,17,-172,0,-135.66
7017,20:29:32:973,3,Severe_Damage,L3_S3,-1698,1082,14626,-518,24,-170,0,-241.66
7018,20:29:32:984,3,Severe_Damage,L3_S3,-1650,1080,14580,-445,28,-160,0,-287.66
7019,20:29:32:993,3,Severe_Damage,L3_S3,-1672,1050,14532,-348,20,-145,0,-335.66
7020,20:29:33:003,3,Severe_Damage,L3_S3,-1656,998,14520,-239,32,-132,0,-347.66
7021,20:29:33:013,3,Severe_Damage,L3_S3,-1692,1004,14566,-116,28,-115,0,-301.66
7022,20:29:33:023,3,Severe_Damage,L3_S3,-1712,1048,14638,-18,34,-94,0,-229.66
7023,20:29:33:033,3,Severe_Damage,L3_S3,-1702,1104,14684,79,42,-89,0,-183.66
7024,20:29:33:043,3,Severe_Damage,L3_S3,-1718,1108,14808,140,34,-72,0,-59.66
7025,20:29:33:053,3,Severe_Damage,L3_S3,-1746,1150,14920,169,39,-66,0,52.34
7026,20:29:33:063,3,Severe_Damage,L3_S3,-1772,1124,15010,159,33,-70,0,142.34
7027,20:29:33:073,3,Severe_Damage,L3_S3,-1730,1210,15140,127,43,-71,0,272.34
7028,20:29:33:083,3,Severe_Damage,L3_S3,-1804,1162,15192,55,29,-79,0,324.34
7029,20:29:33:093,3,Severe_Damage,L3_S3,-1778,1164,15154,-42,32,-99,0,286.34
7030,20:29:33:103,3,Severe_Damage,L3_S3,-1786,1204,15188,-151,29,-119,0,320.34
7031,20:29:33:113,3,Severe_Damage,L3_S3,-1788,1196,15130,-262,26,-138,0,262.34
7032,20:29:33:123,3,Severe_Damage,L3_S3,-1748,1184,15130,-360,29,-153,0,262.34
7033,20:29:33:133,3,Severe_Damage,L3_S3,-1730,1126,14984,-444,24,-164,0,116.34
7034,20:29:33:143,3,Severe_Damage,L3_S3,-1764,1112,14984,-504,23,-174,0,116.34
7035,20:29:33:153,3,Severe_Damage,L3_S3,-1742,1088,14830,-533,21,-172,0,-37.66
7036,20:29:33:164,3,Severe_Damage,L3_S3,-1682,1072,14660,-498,28,-166,0,-207.66
7037,20:29:33:173,3,Severe_Damage,L3_S3,-1676,1058,14626,-427,22,-154,0,-241.66
7038,20:29:33:183,3,Severe_Damage,L3_S3,-1662,1070,14616,-345,29,-135,0,-251.66
7039,20:29:33:194,3,Severe_Damage,L3_S3,-1698,1120,14538,-245,28,-133,0,-329.66
7040,20:29:33:204,3,Severe_Damage,L3_S3,-1664,1060,14564,-136,36,-121,0,-303.66
7041,20:29:33:213,3,Severe_Damage,L3_S3,-1706,1070,14652,-34,40,-101,0,-215.66
7042,20:29:33:223,3,Severe_Damage,L3_S3,-1704,1074,14684,46,42,-88,0,-183.66
7043,20:29:33:233,3,Severe_Damage,L3_S3,-1710,1090,14792,108,40,-74,0,-75.66
7044,20:29:33:243,3,Severe_Damage,L3_S3,-1732,1106,14856,134,36,-72,0,-11.66
7045,20:29:33:253,3,Severe_Damage,L3_S3,-1714,1154,14958,136,45,-74,0,90.34
7046,20:29:33:263,3,Severe_Damage,L3_S3,-1738,1158,15120,96,33,-72,0,252.34
7047,20:29:33:273,3,Severe_Damage,L3_S3,-1758,1124,15056,40,40,-90,0,188.34
7048,20:29:33:283,3,Severe_Damage,L3_S3,-1744,1148,15202,-47,34,-99,0,334.34
7049,20:29:33:294,3,Severe_Damage,L3_S3,-1762,1162,15212,-144,30,-111,0,344.34
7050,20:29:33:304,3,Severe_Damage,L3_S3,-1740,1176,15188,-241,33,-127,0,320.34
7051,20:29:33:313,3,Severe_Damage,L3_S3,-1736,1162,15072,-339,27,-141,0,204.34
7052,20:29:33:324,3,Severe_Damage,L3_S3,-1732,1146,15004,-425,23,-158,0,136.34
7053,20:29:33:334,3,Severe_Damage,L3_S3,-1682,1110,15018,-475,24,-169,0,150.34
7054,20:29:33:344,3,Severe_Damage,L3_S3,-1772,1096,14866,-506,15,-167,0,-1.66
7055,20:29:33:354,3,Severe_Damage,L3_S3,-1728,1052,14708,-502,25,-173,0,-159.66
7056,20:29:33:364,3,Severe_Damage,L3_S3,-1666,1084,14714,-473,16,-170,0,-153.66
7057,20:29:33:374,3,Severe_Damage,L3_S3,-1692,1046,14652,-417,31,-154,0,-215.66
7058,20:29:33:384,3,Severe_Damage,L3_S3,-1682,1052,14598,-339,21,-137,0,-269.66
7059,20:29:33:394,3,Severe_Damage,L3_S3,-1672,1022,14586,-242,22,-125,0,-281.66
7060,20:29:33:404,3,Severe_Damage,L3_S3,-1726,1042,14632,-147,30,-115,0,-235.66
7061,20:29:33:413,3,Severe_Damage,L3_S3,-1670,1090,14690,-58,22,-98,0,-177.66
7062,20:29:33:423,3,Severe_Damage,L3_S3,-1730,1062,14762,26,35,-90,0,-105.66
7063,20:29:33:433,3,Severe_Damage,L3_S3,-1698,1132,14760,77,35,-84,0,-107.66
7064,20:29:33:444,3,Severe_Damage,L3_S3,-1716,1170,14874,104,33,-78,0,6.34
7065,20:29:33:453,3,Severe_Damage,L3_S3,-1746,1136,14950,111,43,-77,0,82.34
7066,20:29:33:463,3,Severe_Damage,L3_S3,-1756,1160,15000,76,31,-79,0,132.34
7067,20:29:33:473,3,Severe_Damage,L3_S3,-1766,1132,15096,24,35,-86,0,228.34
7068,20:29:33:484,3,Severe_Damage,L3_S3,-1726,1118,15154,-53,37,-103,0,286.34
7069,20:29:33:494,3,Severe_Damage,L3_S3,-1750,1204,15110,-145,27,-116,0,242.34
7070,20:29:33:504,3,Severe_Damage,L3_S3,-1746,1150,15114,-237,26,-131,0,246.34
7071,20:29:33:514,3,Severe_Damage,L3_S3,-1740,1166,15058,-322,15,-144,0,190.34
7072,20:29:33:524,3,Severe_Damage,L3_S3,-1786,1156,15066,-393,24,-153,0,198.34
7073,20:29:33:534,3,Severe_Damage,L3_S3,-1694,1142,14924,-444,18,-166,0,56.34
7074,20:29:33:544,3,Severe_Damage,L3_S3,-1706,1128,14866,-474,25,-161,0,-1.66
7075,20:29:33:554,3,Severe_Damage,L3_S3,-1714,1132,14802,-474,23,-159,0,-65.66
7076,20:29:33:564,3,Severe_Damage,L3_S3,-1682,1128,14782,-451,19,-166,0,-85.66
7077,20:29:33:574,3,Severe_Damage,L3_S3,-1704,1108,14636,-400,24,-157,0,-231.66
7078,20:29:33:584,3,Severe_Damage,L3_S3,-1626,1070,14680,-326,33,-150,0,-187.66
7079,20:29:33:594,3,Severe_Damage,L3_S3,-1688,1060,14674,-239,26,-132,0,-193.66
7080,20:29:33:604,3,Severe_Damage,L3_S3,-1696,1092,14672,-158,28,-115,0,-195.66
7081,20:29:33:614,3,Severe_Damage,L3_S3,-1662,1090,14664,-71,36,-111,0,-203.66
7082,20:29:33:623,3,Severe_Damage,L3_S3,-1724,1096,14730,1,35,-92,0,-137.66
7083,20:29:33:633,3,Severe_Damage,L3_S3,-1708,1088,14828,55,40,-82,0,-39.66
7084,20:29:33:643,3,Severe_Damage,L3_S3,-1720,1110,14916,86,39,-84,0,48.34
7085,20:29:33:653,3,Severe_Damage,L3_S3,-1708,1108,14930,86,37,-80,0,62.34
7086,20:29:33:663,3,Severe_Damage,L3_S3,-1714,1148,14926,57,40,-84,0,58.34
7087,20:29:33:673,3,Severe_Damage,L3_S3,-1782,1112,15004,5,30,-90,0,136.34
7088,20:29:33:683,3,Severe_Damage,L3_S3,-1740,1174,15058,-60,34,-99,0,190.34
7089,20:29:33:694,3,Severe_Damage,L3_S3,-1762,1166,15102,-137,29,-114,0,234.34
7090,20:29:33:704,3,Severe_Damage,L3_S3,-1758,1126,15120,-227,28,-127,0,252.34
7091,20:29:33:714,3,Severe_Damage,L3_S3,-1766,1144,15046,-300,33,-138,0,178.34
7092,20:29:33:724,3,Severe_Damage,L3_S3,-1766,1142,15054,-370,29,-149,0,186.34
7093,20:29:33:734,3,Severe_Damage,L3_S3,-1748,1186,14886,-421,29,-157,0,18.34
7094,20:29:33:744,3,Severe_Damage,L3_S3,-1710,1084,14894,-458,25,-164,0,26.34
7095,20:29:33:754,3,Severe_Damage,L3_S3,-1724,1074,14800,-457,25,-164,0,-67.66
7096,20:29:33:764,3,Severe_Damage,L3_S3,-1728,1064,14802,-428,20,-159,0,-65.66
7097,20:29:33:774,3,Severe_Damage,L3_S3,-1686,1086,14660,-386,31,-156,0,-207.66
7098,20:29:33:784,3,Severe_Damage,L3_S3,-1708,1046,14640,-324,29,-144,0,-227.66
7099,20:29:33:794,3,Severe_Damage,L3_S3,-1684,1038,14670,-247,26,-132,0,-197.66
7100,20:29:33:804,3,Severe_Damage,L3_S3,-1640,1082,14680,-165,27,-116,0,-187.66
7101,20:29:33:814,3,Severe_Damage,L3_S3,-1734,1072,14710,-83,34,-105,0,-157.66
7102,20:29:33:824,3,Severe_Damage,L3_S3,-1648,1096,14718,-17,32,-93,0,-149.66
7103,20:29:33:833,3,Severe_Damage,L3_S3,-1712,1100,14866,33,32,-85,0,-1.66
7104,20:29:33:843,3,Severe_Damage,L3_S3,-1706,1080,14830,62,39,-80,0,-37.66
7105,20:29:33:853,3,Severe_Damage,L3_S3,-1702,1120,14980,60,39,-76,0,112.34
7106,20:29:33:863,3,Severe_Damage,L3_S3,-1752,1136,14958,35,28,-83,0,90.34
7107,20:29:33:873,3,Severe_Damage,L3_S3,-1726,1176,15042,-5,37,-93,0,174.34
7108,20:29:33:884,3,Severe_Damage,L3_S3,-1788,1132,15130,-66,19,-103,0,262.34
7109,20:29:33:894,3,Severe_Damage,L3_S3,-1790,1156,15116,-140,34,-117,0,248.34
7110,20:29:33:904,3,Severe_Damage,L3_S3,-1754,1146,15074,-215,20,-125,0,206.34
7111,20:29:33:914,3,Severe_Damage,L3_S3,-1754,1124,15092,-292,27,-136,0,224.34
7112,20:29:33:924,3,Severe_Damage,L3_S3,-1724,1158,15038,-347,30,-147,0,170.34
7113,20:29:33:934,3,Severe_Damage,L3_S3,-1704,1156,14966,-399,17,-152,0,98.34
7114,20:29:33:944,3,Severe_Damage,L3_S3,-1706,1102,14886,-428,24,-159,0,18.34
7115,20:29:33:954,3,Severe_Damage,L3_S3,-1742,1086,14784,-438,18,-160,0,-83.66
7116,20:29:33:964,3,Severe_Damage,L3_S3,-1724,1110,14798,-407,27,-153,0,-69.66
7117,20:29:33:974,3,Severe_Damage,L3_S3,-1632,1058,14694,-373,25,-147,0,-173.66
7118,20:29:33:984,3,Severe_Damage,L3_S3,-1686,1096,14694,-315,26,-134,0,-173.66
7119,20:29:33:994,3,Severe_Damage,L3_S3,-1672,1060,14642,-247,32,-124,0,-225.66
7120,20:29:34:004,3,Severe_Damage,L3_S3,-1736,1088,14716,-169,30,-119,0,-151.66
7121,20:29:34:014,3,Severe_Damage,L3_S3,-1656,1034,14654,-101,36,-111,0,-213.66
7122,20:29:34:024,3,Severe_Damage,L3_S3,-1678,1054,14778,-38,33,-98,0,-89.66
7123,20:29:34:034,3,Severe_Damage,L3_S3,-1716,1130,14818,1,40,-90,0,-49.66
7124,20:29:34:044,3,Severe_Damage,L3_S3,-1748,1098,14844,35,36,-90,0,-23.66
7125,20:29:34:054,3,Severe_Damage,L3_S3,-1724,1096,14882,45,36,-83,0,14.34
7126,20:29:34:064,3,Severe_Damage,L3_S3,-1712,1140,14932,18,39,-98,0,64.34
7127,20:29:34:074,3,Severe_Damage,L3_S3,-1758,1130,15074,-19,35,-97,0,206.34
7128,20:29:34:084,3,Severe_Damage,L3_S3,-1748,1168,15110,-73,34,-102,0,242.34
7129,20:29:34:094,3,Severe_Damage,L3_S3,-1770,1156,15084,-134,27,-114,0,216.34
7130,20:29:34:104,3,Severe_Damage,L3_S3,-1750,1168,15122,-211,34,-128,0,254.34
7131,20:29:34:114,3,Severe_Damage,L3_S3,-1762,1162,15094,-271,27,-132,0,226.34
7132,20:29:34:124,3,Severe_Damage,L3_S3,-1724,1102,14958,-331,21,-146,0,90.34
7133,20:29:34:134,3,Severe_Damage,L3_S3,-1680,1126,15012,-379,24,-148,0,144.34
7134,20:29:34:144,3,Severe_Damage,L3_S3,-1750,1132,14896,-405,17,-152,0,28.34
7135,20:29:34:154,3,Severe_Damage,L3_S3,-1706,1100,14798,-408,22,-162,0,-69.66
7136,20:29:34:164,3,Severe_Damage,L3_S3,-1682,1078,14776,-400,23,-151,0,-91.66
7137,20:29:34:174,3,Severe_Damage,L3_S3,-1726,1076,14718,-361,25,-153,0,-149.66
7138,20:29:34:184,3,Severe_Damage,L3_S3,-1704,1118,14722,-315,30,-145,0,-145.66
7139,20:29:34:194,3,Severe_Damage,L3_S3,-1750,1082,14692,-249,26,-126,0,-175.66
7140,20:29:34:204,3,Severe_Damage,L3_S3,-1684,1108,14654,-184,36,-126,0,-213.66
7141,20:29:34:214,3,Severe_Damage,L3_S3,-1708,1044,14696,-114,36,-114,0,-171.66
7142,20:29:34:224,3,Severe_Damage,L3_S3,-1700,1072,14690,-60,45,-104,0,-177.66
7143,20:29:34:234,3,Severe_Damage,L3_S3,-1718,1094,14760,-14,41,-91,0,-107.66
7144,20:29:34:244,3,Severe_Damage,L3_S3,-1714,1124,14866,11,38,-90,0,-1.66
7145,20:29:34:254,3,Severe_Damage,L3_S3,-1700,1090,14974,22,38,-91,0,106.34
7146,20:29:34:264,3,Severe_Damage,L3_S3,-1766,1156,14952,3,31,-90,0,84.34
7147,20:29:34:274,3,Severe_Damage,L3_S3,-1792,1128,15036,-27,43,-89,0,168.34
7148,20:29:34:284,3,Severe_Damage,L3_S3,-1736,1146,15058,-79,31,-102,0,190.34
7149,20:29:34:294,3,Severe_Damage,L3_S3,-1762,1142,14962,-132,27,-112,0,94.34
7150,20:29:34:304,3,Severe_Damage,L3_S3,-1718,1096,14990,-202,29,-125,0,122.34
7151,20:29:34:314,3,Severe_Damage,L3_S3,-1770,1162,15044,-271,25,-135,0,176.34
7152,20:29:34:324,3,Severe_Damage,L3_S3,-1718,1188,15042,-316,21,-137,0,174.34
7153,20:29:34:334,3,Severe_Damage,L3_S3,-1732,1130,14996,-365,25,-148,0,128.34
7154,20:29:34:344,3,Severe_Damage,L3_S3,-1732,1120,14806,-390,16,-149,0,-61.66
7155,20:29:34:354,3,Severe_Damage,L3_S3,-1720,1084,14786,-392,29,-152,0,-81.66
7156,20:29:34:364,3,Severe_Damage,L3_S3,-1686,1116,14778,-381,16,-145,0,-89.66
7157,20:29:34:374,3,Severe_Damage,L3_S3,-1734,1082,14754,-352,22,-146,0,-113.66
7158,20:29:34:384,3,Severe_Damage,L3_S3,-1722,1106,14714,-299,25,-138,0,-153.66
7159,20:29:34:394,3,Severe_Damage,L3_S3,-1702,1100,14712,-252,22,-130,0,-155.66
7160,20:29:34:404,3,Severe_Damage,L3_S3,-1694,1080,14676,-178,35,-120,0,-191.66
7161,20:29:34:414,3,Severe_Damage,L3_S3,-1680,1074,14714,-126,28,-119,0,-153.66
7162,20:29:34:424,3,Severe_Damage,L3_S3,-1716,1090,14788,-65,30,-105,0,-79.66
7163,20:29:34:434,3,Severe_Damage,L3_S3,-1686,1120,14802,-32,35,-101,0,-65.66
7164,20:29:34:444,3,Severe_Damage,L3_S3,-1696,1110,14844,-6,28,-92,0,-23.66
7165,20:29:34:454,3,Severe_Damage,L3_S3,-1762,1136,14930,2,40,-90,0,62.34
7166,20:29:34:464,3,Severe_Damage,L3_S3,-1748,1108,14924,-9,38,-96,0,56.34
7167,20:29:34:474,3,Severe_Damage,L3_S3,-1766,1150,15028,-45,38,-98,0,160.34
7168,20:29:34:484,3,Severe_Damage,L3_S3,-1756,1152,14992,-77,37,-104,0,124.34
7169,20:29:34:494,3,Severe_Damage,L3_S3,-1726,1140,15046,-139,31,-115,0,178.34
7170,20:29:34:504,3,Severe_Damage,L3_S3,-1740,1146,15000,-187,32,-127,0,132.34
7171,20:29:34:514,3,Severe_Damage,L3_S3,-1718,1100,14984,-249,20,-131,0,116.34
7172,20:29:34:524,3,Severe_Damage,L3_S3,-1764,1152,14984,-301,23,-138,0,116.34
7173,20:29:34:534,3,Severe_Damage,L3_S3,-1726,1148,14960,-340,28,-147,0,92.34
7174,20:29:34:544,3,Severe_Damage,L3_S3,-1706,1138,14946,-362,26,-154,0,78.34
7175,20:29:34:554,3,Severe_Damage,L3_S3,-1722,1104,14798,-374,26,-153,0,-69.66
7176,20:29:34:564,3,Severe_Damage,L3_S3,-1716,1054,14794,-362,24,-151,0,-73.66
7177,20:29:34:574,3,Severe_Damage,L3_S3,-1680,1036,14800,-341,17,-144,0,-67.66
7178,20:29:34:584,3,Severe_Damage,L3_S3,-1676,1120,14734,-300,28,-144,0,-133.66
7179,20:29:34:594,3,Severe_Damage,L3_S3,-1708,1074,14748,-249,27,-132,0,-119.66
7180,20:29:34:604,3,Severe_Damage,L3_S3,-1664,1056,14758,-191,25,-119,0,-109.66
7181,20:29:34:614,3,Severe_Damage,L3_S3,-1696,1050,14674,-130,40,-112,0,-193.66
7182,20:29:34:624,3,Severe_Damage,L3_S3,-1728,1064,14738,-85,38,-104,0,-129.66
7183,20:29:34:634,3,Severe_Damage,L3_S3,-1730,1086,14764,-48,32,-97,0,-103.66
7184,20:29:34:644,3,Severe_Damage,L3_S3,-1672,1122,14854,-24,34,-95,0,-13.66
7185,20:29:34:654,3,Severe_Damage,L3_S3,-1770,1122,14942,-21,30,-94,0,74.34
7186,20:29:34:664,3,Severe_Damage,L3_S3,-1756,1084,14966,-26,32,-94,0,98.34
7187,20:29:34:674,3,Severe_Damage,L3_S3,-1700,1118,14942,-49,35,-99,0,74.34
7188,20:29:34:684,3,Severe_Damage,L3_S3,-1696,1114,15010,-94,29,-109,0,142.34
7189,20:29:34:694,3,Severe_Damage,L3_S3,-1772,1188,15034,-130,34,-117,0,166.34
7190,20:29:34:704,3,Severe_Damage,L3_S3,-1690,1106,14966,-194,27,-123,0,98.34
7191,20:29:34:714,3,Severe_Damage,L3_S3,-1674,1150,15044,-240,31,-130,0,176.34
7192,20:29:34:724,3,Severe_Damage,L3_S3,-1756,1098,14970,-297,30,-139,0,102.34
7193,20:29:34:734,3,Severe_Damage,L3_S3,-1756,1148,14936,-327,25,-151,0,68.34
7194,20:29:34:744,3,Severe_Damage,L3_S3,-1738,1136,14946,-351,22,-147,0,78.34
7195,20:29:34:754,3,Severe_Damage,L3_S3,-1704,1114,14784,-357,24,-149,0,-83.66
7196,20:29:34:764,3,Severe_Damage,L3_S3,-1730,1102,14838,-353,17,-156,0,-29.66
7197,20:29:34:774,3,Severe_Damage,L3_S3,-1686,1050,14852,-325,22,-146,0,-15.66
7198,20:29:34:784,3,Severe_Damage,L3_S3,-1718,1068,14730,-292,29,-131,0,-137.66
7199,20:29:34:794,3,Severe_Damage,L3_S3,-1708,1100,14690,-241,37,-132,0,-177.66
7200,20:29:34:804,3,Severe_Damage,L3_S3,-1706,1058,14794,-197,29,-121,0,-73.66
7201,20:29:34:814,3,Severe_Damage,L3_S3,-1680,1076,14734,-140,32,-121,0,-133.66
7202,20:29:34:824,3,Severe_Damage,L3_S3,-1662,1098,14770,-100,36,-107,0,-97.66
7203,20:29:34:834,3,Severe_Damage,L3_S3,-1714,1092,14818,-63,34,-100,0,-49.66
7204,20:29:34:844,3,Severe_Damage,L3_S3,-1736,1142,14858,-39,34,-95,0,-9.66
7205,20:29:34:854,3,Severe_Damage,L3_S3,-1738,1166,14968,-30,40,-92,0,100.34
7206,20:29:34:864,3,Severe_Damage,L3_S3,-1712,1086,14950,-38,34,-98,0,82.34
7207,20:29:34:874,3,Severe_Damage,L3_S3,-1734,1148,14976,-59,32,-108,0,108.34
7208,20:29:34:884,3,Severe_Damage,L3_S3,-1748,1140,14942,-96,28,-105,0,74.34
7209,20:29:34:894,3,Severe_Damage,L3_S3,-1764,1144,14970,-142,35,-115,0,102.34
7210,20:29:34:904,3,Severe_Damage,L3_S3,-1726,1154,15004,-189,27,-126,0,136.34
7211,20:29:34:914,3,Severe_Damage,L3_S3,-1762,1164,15010,-237,26,-131,0,142.34
7212,20:29:34:924,3,Severe_Damage,L3_S3,-1760,1102,14922,-277,26,-137,0,54.34
7213,20:29:34:934,3,Severe_Damage,L3_S3,-1646,1106,14920,-317,28,-150,0,52.34
7214,20:29:34:944,3,Severe_Damage,L3_S3,-1724,1098,14842,-341,27,-148,0,-25.66
7215,20:29:34:954,3,Severe_Damage,L3_S3,-1720,1124,14816,-352,24,-148,0,-51.66
7216,20:29:34:964,3,Severe_Damage,L3_S3,-1710,1144,14812,-343,21,-146,0,-55.66
7217,20:29:34:974,3,Severe_Damage,L3_S3,-1688,1100,14766,-320,32,-140,0,-101.66
7218,20:29:34:984,3,Severe_Damage,L3_S3,-1702,1072,14772,-286,22,-132,0,-95.66
7219,20:29:34:994,3,Severe_Damage,L3_S3,-1698,1066,14748,-246,27,-132,0,-119.66
7220,20:29:35:004,3,Severe_Damage,L3_S3,-1692,1072,14744,-198,28,-125,0,-123.66
7221,20:29:35:014,3,Severe_Damage,L3_S3,-1738,1076,14718,-153,29,-114,0,-149.66
7222,20:29:35:024,3,Severe_Damage,L3_S3,-1658,1038,14826,-108,35,-113,0,-41.66
7223,20:29:35:034,3,Severe_Damage,L3_S3,-1694,1086,14836,-76,33,-106,0,-31.66
7224,20:29:35:044,3,Severe_Damage,L3_S3,-1710,1124,14854,-53,36,-104,0,-13.66
7225,20:29:35:054,3,Severe_Damage,L3_S3,-1714,1116,14890,-46,30,-102,0,22.34
7226,20:29:35:064,3,Severe_Damage,L3_S3,-1760,1102,14882,-53,34,-105,0,14.34
7227,20:29:35:074,3,Severe_Damage,L3_S3,-1756,1120,14950,-71,33,-102,0,82.34
7228,20:29:35:084,3,Severe_Damage,L3_S3,-1730,1096,15008,-100,30,-104,0,140.34
7229,20:29:35:094,3,Severe_Damage,L3_S3,-1716,1104,15058,-140,30,-111,0,190.34
7230,20:29:35:104,3,Severe_Damage,L3_S3,-1712,1134,15020,-183,32,-123,0,152.34
7231,20:29:35:114,3,Severe_Damage,L3_S3,-1728,1128,15010,-233,26,-131,0,142.34
7232,20:29:35:124,3,Severe_Damage,L3_S3,-1748,1060,14912,-269,36,-137,0,44.34
7233,20:29:35:134,3,Severe_Damage,L3_S3,-1742,1140,14898,-302,20,-136,0,30.34
7234,20:29:35:144,3,Severe_Damage,L3_S3,-1726,1084,14916,-326,29,-144,0,48.34
7235,20:29:35:154,3,Severe_Damage,L3_S3,-1702,1092,14852,-331,30,-143,0,-15.66
7236,20:29:35:164,3,Severe_Damage,L3_S3,-1674,1060,14810,-325,29,-145,0,-57.66
7237,20:29:35:174,3,Severe_Damage,L3_S3,-1682,1066,14858,-307,29,-145,0,-9.66
7238,20:29:35:184,3,Severe_Damage,L3_S3,-1690,1102,14720,-275,27,-140,0,-147.66
7239,20:29:35:194,3,Severe_Damage,L3_S3,-1660,1020,14726,-242,28,-125,0,-141.66
7240,20:29:35:204,3,Severe_Damage,L3_S3,-1676,1064,14796,-198,35,-122,0,-71.66
7241,20:29:35:214,3,Severe_Damage,L3_S3,-1680,1066,14746,-155,27,-120,0,-121.66
7242,20:29:35:224,3,Severe_Damage,L3_S3,-1696,1110,14806,-125,34,-113,0,-61.66
7243,20:29:35:234,3,Severe_Damage,L3_S3,-1736,1054,14772,-86,33,-100,0,-95.66
7244,20:29:35:244,3,Severe_Damage,L3_S3,-1692,1118,14772,-69,32,-97,0,-95.66
7245,20:29:35:254,3,Severe_Damage,L3_S3,-1744,1114,14810,-54,32,-100,0,-57.66
7246,20:29:35:264,3,Severe_Damage,L3_S3,-1774,1132,14880,-58,29,-104,0,12.34
7247,20:29:35:274,3,Severe_Damage,L3_S3,-1720,1122,14946,-74,30,-107,0,78.34
7248,20:29:35:284,3,Severe_Damage,L3_S3,-1726,1152,14958,-107,25,-109,0,90.34
7249,20:29:35:294,3,Severe_Damage,L3_S3,-1724,1160,15004,-140,32,-111,0,136.34
7250,20:29:35:304,3,Severe_Damage,L3_S3,-1740,1110,14984,-188,27,-115,0,116.34
7251,20:29:35:314,3,Severe_Damage,L3_S3,-1760,1088,14960,-223,34,-125,0,92.34
7252,20:29:35:324,3,Severe_Damage,L3_S3,-1724,1114,14980,-262,26,-136,0,112.34
7253,20:29:35:334,3,Severe_Damage,L3_S3,-1724,1160,14946,-292,25,-138,0,78.34
7254,20:29:35:344,3,Severe_Damage,L3_S3,-1728,1118,14866,-315,32,-135,0,-1.66
7255,20:29:35:354,3,Severe_Damage,L3_S3,-1724,1120,14810,-323,26,-135,0,-57.66
7256,20:29:35:364,3,Severe_Damage,L3_S3,-1694,1108,14854,-315,29,-140,0,-13.66
7257,20:29:35:374,3,Severe_Damage,L3_S3,-1702,1064,14752,-301,37,-137,0,-115.66
7258,20:29:35:384,3,Severe_Damage,L3_S3,-1704,1086,14774,-281,28,-130,0,-93.66
7259,20:29:35:394,3,Severe_Damage,L3_S3,-1650,1070,14776,-247,31,-131,0,-91.66
7260,20:29:35:404,3,Severe_Damage,L3_S3,-1704,1116,14726,-202,25,-121,0,-141.66
7261,20:29:35:414,3,Severe_Damage,L3_S3,-1702,1092,14776,-157,32,-119,0,-91.66
7262,20:29:35:424,3,Severe_Damage,L3_S3,-1722,1098,14820,-122,26,-104,0,-47.66
7263,20:29:35:434,3,Severe_Damage,L3_S3,-1706,1108,14824,-91,28,-105,0,-43.66
7264,20:29:35:444,3,Severe_Damage,L3_S3,-1658,1100,14850,-76,36,-105,0,-17.66
7265,20:29:35:454,3,Severe_Damage,L3_S3,-1760,1142,14930,-75,31,-100,0,62.34
7266,20:29:35:464,3,Severe_Damage,L3_S3,-1714,1112,14948,-74,37,-106,0,80.34
7267,20:29:35:474,3,Severe_Damage,L3_S3,-1724,1136,14956,-86,30,-98,0,88.34
7268,20:29:35:484,3,Severe_Damage,L3_S3,-1770,1152,14938,-112,28,-115,0,70.34
7269,20:29:35:494,3,Severe_Damage,L3_S3,-1696,1158,15024,-147,36,-122,0,156.34
7270,20:29:35:504,3,Severe_Damage,L3_S3,-1704,1096,14996,-183,26,-117,0,128.34
7271,20:29:35:514,3,Severe_Damage,L3_S3,-1712,1146,14984,-220,35,-126,0,116.34
7272,20:29:35:524,3,Severe_Damage,L3_S3,-1740,1134,14914,-259,22,-133,0,46.34
7273,20:29:35:534,3,Severe_Damage,L3_S3,-1750,1092,14964,-285,26,-132,0,96.34
7274,20:29:35:544,3,Severe_Damage,L3_S3,-1708,1128,14924,-302,30,-138,0,56.34
7275,20:29:35:554,3,Severe_Damage,L3_S3,-1754,1148,14864,-316,26,-133,0,-3.66
7276,20:29:35:564,3,Severe_Damage,L3_S3,-1682,1094,14858,-308,32,-136,0,-9.66
7277,20:29:35:574,3,Severe_Damage,L3_S3,-1712,1086,14822,-293,23,-132,0,-45.66
7278,20:29:35:584,3,Severe_Damage,L3_S3,-1678,1124,14820,-269,33,-137,0,-47.66
7279,20:29:35:594,3,Severe_Damage,L3_S3,-1710,1084,14734,-243,21,-133,0,-133.66
7280,20:29:35:604,3,Severe_Damage,L3_S3,-1726,1112,14814,-202,32,-132,0,-53.66
7281,20:29:35:614,3,Severe_Damage,L3_S3,-1740,1100,14742,-168,35,-123,0,-125.66
7282,20:29:35:624,3,Severe_Damage,L3_S3,-1716,1076,14814,-135,28,-117,0,-53.66
7283,20:29:35:634,3,Severe_Damage,L3_S3,-1748,1080,14826,-104,37,-116,0,-41.66
7284,20:29:35:644,3,Severe_Damage,L3_S3,-1658,1108,14866,-92,27,-98,0,-1.66
7285,20:29:35:654,3,Severe_Damage,L3_S3,-1714,1092,14906,-76,30,-96,0,38.34
7286,20:29:35:664,3,Severe_Damage,L3_S3,-1740,1110,14912,-81,35,-102,0,44.34
7287,20:29:35:674,3,Severe_Damage,L3_S3,-1744,1160,14906,-99,38,-104,0,38.34
7288,20:29:35:684,3,Severe_Damage,L3_S3,-1760,1136,15042,-122,35,-110,0,174.34
7289,20:29:35:694,3,Severe_Damage,L3_S3,-1748,1126,14934,-150,27,-115,0,66.34
7290,20:29:35:705,3,Severe_Damage,L3_S3,-1722,1154,14946,-182,34,-127,0,78.34
7291,20:29:35:714,3,Severe_Damage,L3_S3,-1742,1174,14974,-216,22,-124,0,106.34
7292,20:29:35:725,3,Severe_Damage,L3_S3,-1690,1102,14906,-247,29,-131,0,38.34
7293,20:29:35:735,3,Severe_Damage,L3_S3,-1676,1104,14934,-267,22,-127,0,66.34
7294,20:29:35:744,3,Severe_Damage,L3_S3,-1712,1120,14868,-288,26,-141,0,0.34
7295,20:29:35:754,3,Severe_Damage,L3_S3,-1714,1102,14886,-298,28,-137,0,18.34
7296,20:29:35:764,3,Severe_Damage,L3_S3,-1734,1116,14824,-296,25,-138,0,-43.66
7297,20:29:35:774,3,Severe_Damage,L3_S3,-1702,1106,14754,-281,36,-134,0,-113.66
7298,20:29:35:785,3,Severe_Damage,L3_S3,-1688,1110,14830,-262,27,-136,0,-37.66
7299,20:29:35:795,3,Severe_Damage,L3_S3,-1698,1116,14766,-235,35,-132,0,-101.66
7300,20:29:35:805,3,Severe_Damage,L3_S3,-1674,1100,14812,-206,31,-129,0,-55.66
7301,20:29:35:814,3,Severe_Damage,L3_S3,-1700,1122,14744,-174,26,-115,0,-123.66
7302,20:29:35:825,3,Severe_Damage,L3_S3,-1710,1080,14780,-137,28,-120,0,-87.66
7303,20:29:35:834,3,Severe_Damage,L3_S3,-1744,1092,14842,-110,26,-108,0,-25.66
7304,20:29:35:844,3,Severe_Damage,L3_S3,-1708,1142,14884,-98,35,-100,0,16.34
7305,20:29:35:854,3,Severe_Damage,L3_S3,-1696,1080,14950,-91,35,-98,0,82.34
7306,20:29:35:864,3,Severe_Damage,L3_S3,-1688,1088,14898,-90,29,-101,0,30.34
7307,20:29:35:874,3,Severe_Damage,L3_S3,-1730,1112,14870,-94,39,-114,0,2.34
7308,20:29:35:885,3,Severe_Damage,L3_S3,-1766,1192,14886,-114,25,-117,0,18.34
7309,20:29:35:895,3,Severe_Damage,L3_S3,-1716,1164,14988,-145,32,-118,0,120.34
7310,20:29:35:904,3,Severe_Damage,L3_S3,-1716,1118,14912,-177,29,-119,0,44.34
7311,20:29:35:915,3,Severe_Damage,L3_S3,-1736,1126,14978,-212,34,-120,0,110.34
7312,20:29:35:925,3,Severe_Damage,L3_S3,-1716,1134,14948,-240,22,-132,0,80.34
7313,20:29:35:935,3,Severe_Damage,L3_S3,-1670,1102,14970,-260,25,-133,0,102.34
7314,20:29:35:945,3,Severe_Damage,L3_S3,-1738,1110,14918,-284,30,-126,0,50.34
7315,20:29:35:954,3,Severe_Damage,L3_S3,-1696,1100,14852,-291,28,-135,0,-15.66
7316,20:29:35:964,3,Severe_Damage,L3_S3,-1692,1102,14788,-294,29,-138,0,-79.66
7317,20:29:35:974,3,Severe_Damage,L3_S3,-1706,1094,14712,-278,29,-130,0,-155.66
7318,20:29:35:985,3,Severe_Damage,L3_S3,-1716,1106,14800,-261,23,-131,0,-67.66
7319,20:29:35:995,3,Severe_Damage,L3_S3,-1714,1132,14810,-238,25,-136,0,-57.66
7320,20:29:36:005,3,Severe_Damage,L3_S3,-1722,1096,14810,-207,22,-130,0,-57.66
7321,20:29:36:015,3,Severe_Damage,L3_S3,-1730,1142,14812,-180,29,-122,0,-55.66
7322,20:29:36:025,3,Severe_Damage,L3_S3,-1718,1078,14786,-147,32,-115,0,-81.66
7323,20:29:36:035,3,Severe_Damage,L3_S3,-1686,1096,14884,-122,29,-107,0,16.34
7324,20:29:36:044,3,Severe_Damage,L3_S3,-1686,1108,14878,-104,36,-109,0,10.34
7325,20:29:36:055,3,Severe_Damage,L3_S3,-1758,1122,14852,-98,33,-103,0,-15.66
7326,20:29:36:065,3,Severe_Damage,L3_S3,-1750,1152,14858,-98,26,-105,0,-9.66
7327,20:29:36:075,3,Severe_Damage,L3_S3,-1750,1168,14960,-105,27,-101,0,92.34
7328,20:29:36:085,3,Severe_Damage,L3_S3,-1738,1150,14952,-129,34,-114,0,84.34
7329,20:29:36:095,3,Severe_Damage,L3_S3,-1722,1108,14986,-152,29,-113,0,118.34
7330,20:29:36:105,3,Severe_Damage,L3_S3,-1758,1134,14970,-174,23,-122,0,102.34
7331,20:29:36:115,3,Severe_Damage,L3_S3,-1704,1098,14930,-205,30,-131,0,62.34
7332,20:29:36:125,3,Severe_Damage,L3_S3,-1710,1120,14972,-237,31,-128,0,104.34
7333,20:29:36:135,3,Severe_Damage,L3_S3,-1694,1116,14846,-256,30,-135,0,-21.66
7334,20:29:36:145,3,Severe_Damage,L3_S3,-1698,1134,14874,-270,29,-142,0,6.34
7335,20:29:36:155,3,Severe_Damage,L3_S3,-1730,1110,14802,-281,23,-134,0,-65.66
7336,20:29:36:165,3,Severe_Damage,L3_S3,-1704,1132,14848,-285,33,-136,0,-19.66
7337,20:29:36:175,3,Severe_Damage,L3_S3,-1774,1142,14966,-272,23,-140,0,98.34
7338,20:29:36:185,3,Severe_Damage,L3_S3,-1732,1064,14850,-253,33,-142,0,-17.66
7339,20:29:36:195,3,Severe_Damage,L3_S3,-1710,1058,14816,-234,25,-131,0,-51.66
7340,20:29:36:205,3,Severe_Damage,L3_S3,-1754,1084,14812,-208,29,-126,0,-55.66
7341,20:29:36:215,3,Severe_Damage,L3_S3,-1704,1080,14850,-174,27,-124,0,-17.66
7342,20:29:36:225,3,Severe_Damage,L3_S3,-1698,1096,14792,-150,26,-117,0,-75.66
7343,20:29:36:235,3,Severe_Damage,L3_S3,-1694,1088,14812,-126,40,-113,0,-55.66
7344,20:29:36:245,3,Severe_Damage,L3_S3,-1730,1098,14834,-112,23,-108,0,-33.66
7345,20:29:36:255,3,Severe_Damage,L3_S3,-1690,1120,14844,-102,35,-110,0,-23.66
7346,20:29:36:265,3,Severe_Damage,L3_S3,-1702,1104,14914,-107,32,-113,0,46.34
7347,20:29:36:275,3,Severe_Damage,L3_S3,-1748,1134,14920,-113,28,-112,0,52.34
7348,20:29:36:285,3,Severe_Damage,L3_S3,-1766,1108,14998,-132,37,-115,0,130.34
7349,20:29:36:295,3,Severe_Damage,L3_S3,-1704,1152,14994,-152,26,-118,0,126.34
7350,20:29:36:305,3,Severe_Damage,L3_S3,-1684,1130,14916,-176,31,-123,0,48.34
7351,20:29:36:315,3,Severe_Damage,L3_S3,-1714,1098,14964,-201,28,-124,0,96.34
7352,20:29:36:325,3,Severe_Damage,L3_S3,-1728,1122,14954,-228,31,-132,0,86.34
7353,20:29:36:335,3,Severe_Damage,L3_S3,-1724,1108,14926,-244,28,-133,0,58.34
7354,20:29:36:345,3,Severe_Damage,L3_S3,-1708,1086,14896,-264,23,-133,0,28.34
7355,20:29:36:355,3,Severe_Damage,L3_S3,-1704,1098,14910,-279,28,-134,0,42.34
7356,20:29:36:365,3,Severe_Damage,L3_S3,-1732,1066,14852,-275,17,-134,0,-15.66
7357,20:29:36:375,3,Severe_Damage,L3_S3,-1654,1114,14826,-266,27,-133,0,-41.66
7358,20:29:36:385,3,Severe_Damage,L3_S3,-1696,1086,14802,-251,25,-132,0,-65.66
7359,20:29:36:395,3,Severe_Damage,L3_S3,-1660,1096,14858,-235,27,-132,0,-9.66
7360,20:29:36:405,3,Severe_Damage,L3_S3,-1740,1102,14732,-205,34,-128,0,-135.66
7361,20:29:36:415,3,Severe_Damage,L3_S3,-1696,1114,14796,-180,42,-124,0,-71.66
7362,20:29:36:425,3,Severe_Damage,L3_S3,-1668,1092,14864,-158,36,-115,0,-3.66
7363,20:29:36:435,3,Severe_Damage,L3_S3,-1712,1080,14836,-137,32,-115,0,-31.66
7364,20:29:36:445,3,Severe_Damage,L3_S3,-1678,1094,14920,-123,26,-115,0,52.34
7365,20:29:36:455,3,Severe_Damage,L3_S3,-1692,1120,14878,-115,26,-110,0,10.34
7366,20:29:36:465,3,Severe_Damage,L3_S3,-1752,1120,14902,-119,34,-114,0,34.34
7367,20:29:36:475,3,Severe_Damage,L3_S3,-1688,1094,14926,-119,35,-117,0,58.34
7368,20:29:36:485,3,Severe_Damage,L3_S3,-1710,1082,14938,-136,31,-117,0,70.34
7369,20:29:36:495,3,Severe_Damage,L3_S3,-1718,1118,14914,-151,36,-111,0,46.34
7370,20:29:36:505,3,Severe_Damage,L3_S3,-1724,1118,14900,-175,33,-117,0,32.34
7371,20:29:36:515,3,Severe_Damage,L3_S3,-1714,1162,14938,-202,21,-116,0,70.34
7372,20:29:36:525,3,Severe_Damage,L3_S3,-1732,1140,14898,-218,28,-129,0,30.34
7373,20:29:36:535,3,Severe_Damage,L3_S3,-1724,1112,14902,-242,28,-131,0,34.34
7374,20:29:36:545,3,Severe_Damage,L3_S3,-1708,1132,14836,-250,28,-132,0,-31.66
7375,20:29:36:555,3,Severe_Damage,L3_S3,-1696,1120,14906,-269,21,-131,0,38.34
7376,20:29:36:565,3,Severe_Damage,L3_S3,-1744,1104,14860,-267,27,-131,0,-7.66
7377,20:29:36:575,3,Severe_Damage,L3_S3,-1700,1112,14828,-262,29,-136,0,-39.66
7378,20:29:36:585,3,Severe_Damage,L3_S3,-1698,1096,14866,-250,31,-124,0,-1.66
7379,20:29:36:595,3,Severe_Damage,L3_S3,-1728,1114,14790,-236,32,-124,0,-77.66
7380,20:29:36:605,3,Severe_Damage,L3_S3,-1666,1106,14748,-212,29,-127,0,-119.66
7381,20:29:36:615,3,Severe_Damage,L3_S3,-1760,1112,14754,-181,25,-118,0,-113.66
7382,20:29:36:625,3,Severe_Damage,L3_S3,-1690,1082,14758,-163,29,-121,0,-109.66
7383,20:29:36:635,3,Severe_Damage,L3_S3,-1762,1084,14880,-141,26,-114,0,12.34
7384,20:29:36:645,3,Severe_Damage,L3_S3,-1728,1092,14834,-131,35,-112,0,-33.66
7385,20:29:36:655,3,Severe_Damage,L3_S3,-1722,1134,14836,-123,33,-109,0,-31.66
7386,20:29:36:665,3,Severe_Damage,L3_S3,-1704,1098,14848,-117,33,-107,0,-19.66
7387,20:29:36:675,3,Severe_Damage,L3_S3,-1682,1112,14906,-123,35,-106,0,38.34
7388,20:29:36:685,3,Severe_Damage,L3_S3,-1780,1130,14832,-135,25,-113,0,-35.66
7389,20:29:36:695,3,Severe_Damage,L3_S3,-1752,1150,14906,-153,30,-116,0,38.34
7390,20:29:36:705,3,Severe_Damage,L3_S3,-1718,1116,14894,-175,20,-118,0,26.34
7391,20:29:36:715,3,Severe_Damage,L3_S3,-1734,1130,14872,-199,27,-118,0,4.34
7392,20:29:36:725,3,Severe_Damage,L3_S3,-1678,1098,14956,-221,32,-124,0,88.34
7393,20:29:36:735,3,Severe_Damage,L3_S3,-1736,1082,14876,-239,26,-122,0,8.34
7394,20:29:36:745,3,Severe_Damage,L3_S3,-1734,1120,14920,-255,31,-132,0,52.34
7395,20:29:36:755,3,Severe_Damage,L3_S3,-1738,1114,14828,-260,18,-133,0,-39.66
7396,20:29:36:765,3,Severe_Damage,L3_S3,-1676,1116,14874,-268,25,-127,0,6.34
7397,20:29:36:775,3,Severe_Damage,L3_S3,-1740,1080,14844,-256,27,-131,0,-23.66
7398,20:29:36:785,3,Severe_Damage,L3_S3,-1760,1074,14838,-244,25,-126,0,-29.66
7399,20:29:36:795,3,Severe_Damage,L3_S3,-1724,1100,14742,-226,24,-125,0,-125.66
7400,20:29:36:805,3,Severe_Damage,L3_S3,-1720,1056,14762,-212,27,-129,0,-105.66
7401,20:29:36:815,3,Severe_Damage,L3_S3,-1692,1086,14760,-183,33,-124,0,-107.66
7402,20:29:36:825,3,Severe_Damage,L3_S3,-1748,1064,14874,-164,20,-120,0,6.34
7403,20:29:36:835,3,Severe_Damage,L3_S3,-1732,1132,14906,-146,28,-116,0,38.34
7404,20:29:36:845,3,Severe_Damage,L3_S3,-1726,1126,14842,-137,28,-113,0,-25.66
7405,20:29:36:855,3,Severe_Damage,L3_S3,-1696,1108,14802,-125,30,-109,0,-65.66
7406,20:29:36:865,3,Severe_Damage,L3_S3,-1732,1126,14924,-123,30,-108,0,56.34
7407,20:29:36:875,3,Severe_Damage,L3_S3,-1720,1118,14900,-132,35,-113,0,32.34
7408,20:29:36:885,3,Severe_Damage,L3_S3,-1704,1094,14934,-141,35,-121,0,66.34
7409,20:29:36:895,3,Severe_Damage,L3_S3,-1710,1170,14958,-153,34,-115,0,90.34
7410,20:29:36:905,3,Severe_Damage,L3_S3,-1708,1078,14934,-179,30,-119,0,66.34
7411,20:29:36:915,3,Severe_Damage,L3_S3,-1680,1094,14890,-205,35,-120,0,22.34
7412,20:29:36:925,3,Severe_Damage,L3_S3,-1710,1140,14920,-221,35,-124,0,52.34
7413,20:29:36:935,3,Severe_Damage,L3_S3,-1706,1164,14952,-227,32,-136,0,84.34
7414,20:29:36:945,3,Severe_Damage,L3_S3,-1732,1144,14870,-248,28,-139,0,2.34
7415,20:29:36:955,3,Severe_Damage,L3_S3,-1684,1070,14888,-253,33,-140,0,20.34
7416,20:29:36:965,3,Severe_Damage,L3_S3,-1726,1100,14858,-252,31,-134,0,-9.66
7417,20:29:36:975,3,Severe_Damage,L3_S3,-1732,1106,14834,-244,29,-136,0,-33.66
7418,20:29:36:985,3,Severe_Damage,L3_S3,-1686,1072,14826,-237,33,-132,0,-41.66
7419,20:29:36:995,3,Severe_Damage,L3_S3,-1716,1120,14816,-224,25,-125,0,-51.66
7420,20:29:37:005,3,Severe_Damage,L3_S3,-1728,1040,14818,-209,27,-121,0,-49.66
7421,20:29:37:015,3,Severe_Damage,L3_S3,-1724,1102,14842,-197,21,-118,0,-25.66
7422,20:29:37:025,3,Severe_Damage,L3_S3,-1690,1100,14842,-171,28,-117,0,-25.66
7423,20:29:37:035,3,Severe_Damage,L3_S3,-1740,1056,14920,-154,30,-116,0,52.34
7424,20:29:37:045,3,Severe_Damage,L3_S3,-1684,1078,14830,-141,36,-112,0,-37.66
7425,20:29:37:055,3,Severe_Damage,L3_S3,-1712,1130,14850,-132,34,-112,0,-17.66
7426,20:29:37:065,3,Severe_Damage,L3_S3,-1702,1114,14882,-130,25,-106,0,14.34
7427,20:29:37:075,3,Severe_Damage,L3_S3,-1708,1118,14904,-133,33,-107,0,36.34
7428,20:29:37:085,3,Severe_Damage,L3_S3,-1704,1130,14926,-144,35,-123,0,58.34
7429,20:29:37:095,3,Severe_Damage,L3_S3,-1714,1134,14912,-163,28,-119,0,44.34
7430,20:29:37:105,3,Severe_Damage,L3_S3,-1752,1146,14928,-177,32,-120,0,60.34
7431,20:29:37:115,3,Severe_Damage,L3_S3,-1748,1130,14856,-192,25,-126,0,-11.66
7432,20:29:37:125,3,Severe_Damage,L3_S3,-1730,1132,14880,-217,26,-116,0,12.34
7433,20:29:37:135,3,Severe_Damage,L3_S3,-1712,1096,14940,-224,31,-121,0,72.34
7434,20:29:37:145,3,Severe_Damage,L3_S3,-1712,1142,14928,-239,28,-130,0,60.34
7435,20:29:37:155,3,Severe_Damage,L3_S3,-1714,1102,14886,-246,29,-128,0,18.34
7436,20:29:37:165,3,Severe_Damage,L3_S3,-1732,1060,14886,-250,31,-131,0,18.34
7437,20:29:37:175,3,Severe_Damage,L3_S3,-1732,1078,14814,-247,26,-131,0,-53.66
7438,20:29:37:185,3,Severe_Damage,L3_S3,-1670,1054,14892,-231,26,-131,0,24.34
7439,20:29:37:195,3,Severe_Damage,L3_S3,-1696,1110,14806,-220,30,-126,0,-61.66
7440,20:29:37:205,3,Severe_Damage,L3_S3,-1734,1136,14790,-206,35,-130,0,-77.66
7441,20:29:37:215,3,Severe_Damage,L3_S3,-1680,1118,14886,-186,34,-130,0,18.34
7442,20:29:37:225,3,Severe_Damage,L3_S3,-1686,1090,14796,-169,33,-113,0,-71.66
7443,20:29:37:235,3,Severe_Damage,L3_S3,-1682,1080,14938,-155,27,-111,0,70.34
7444,20:29:37:245,3,Severe_Damage,L3_S3,-1712,1100,14846,-145,25,-119,0,-21.66
7445,20:29:37:255,3,Severe_Damage,L3_S3,-1720,1122,14830,-137,35,-118,0,-37.66
7446,20:29:37:265,3,Severe_Damage,L3_S3,-1692,1040,14892,-134,35,-118,0,24.34
7447,20:29:37:275,3,Severe_Damage,L3_S3,-1714,1104,14858,-135,30,-121,0,-9.66
7448,20:29:37:285,3,Severe_Damage,L3_S3,-1720,1090,14936,-142,26,-117,0,68.34
7449,20:29:37:295,3,Severe_Damage,L3_S3,-1714,1166,14902,-161,38,-122,0,34.34
7450,20:29:37:305,3,Severe_Damage,L3_S3,-1744,1160,14898,-188,33,-126,0,30.34
7451,20:29:37:315,3,Severe_Damage,L3_S3,-1788,1122,14996,-197,34,-129,0,128.34
7452,20:29:37:325,3,Severe_Damage,L3_S3,-1714,1124,14902,-216,30,-128,0,34.34
7453,20:29:37:335,3,Severe_Damage,L3_S3,-1742,1174,14966,-220,30,-129,0,98.34
7454,20:29:37:345,3,Severe_Damage,L3_S3,-1726,1126,14848,-233,30,-135,0,-19.66
7455,20:29:37:355,3,Severe_Damage,L3_S3,-1720,1132,14894,-245,24,-138,0,26.34
7456,20:29:37:365,3,Severe_Damage,L3_S3,-1682,1074,14886,-250,26,-132,0,18.34
7457,20:29:37:375,3,Severe_Damage,L3_S3,-1724,1084,14850,-243,34,-136,0,-17.66
7458,20:29:37:385,3,Severe_Damage,L3_S3,-1654,1142,14828,-233,29,-126,0,-39.66
7459,20:29:37:395,3,Severe_Damage,L3_S3,-1730,1084,14792,-223,29,-132,0,-75.66
7460,20:29:37:405,3,Severe_Damage,L3_S3,-1706,1064,14830,-212,20,-128,0,-37.66
7461,20:29:37:415,3,Severe_Damage,L3_S3,-1710,1100,14826,-189,31,-128,0,-41.66
7462,20:29:37:425,3,Severe_Damage,L3_S3,-1726,1084,14810,-174,23,-119,0,-57.66
7463,20:29:37:435,3,Severe_Damage,L3_S3,-1738,1102,14820,-157,32,-121,0,-47.66
7464,20:29:37:445,3,Severe_Damage,L3_S3,-1710,1070,14894,-152,31,-117,0,26.34
7465,20:29:37:455,3,Severe_Damage,L3_S3,-1714,1098,14786,-142,27,-116,0,-81.66
7466,20:29:37:465,3,Severe_Damage,L3_S3,-1682,1082,14902,-142,35,-119,0,34.34
7467,20:29:37:475,3,Severe_Damage,L3_S3,-1730,1108,14894,-139,33,-118,0,26.34
7468,20:29:37:485,3,Severe_Damage,L3_S3,-1784,1154,14922,-145,31,-119,0,54.34
7469,20:29:37:495,3,Severe_Damage,L3_S3,-1742,1104,14976,-160,32,-115,0,108.34
7470,20:29:37:505,3,Severe_Damage,L3_S3,-1734,1102,14862,-182,30,-114,0,-5.66
7471,20:29:37:515,3,Severe_Damage,L3_S3,-1698,1110,14910,-195,33,-125,0,42.34
7472,20:29:37:525,3,Severe_Damage,L3_S3,-1688,1138,14914,-206,33,-123,0,46.34
7473,20:29:37:535,3,Severe_Damage,L3_S3,-1708,1128,14858,-223,27,-118,0,-9.66
7474,20:29:37:545,3,Severe_Damage,L3_S3,-1720,1096,14924,-231,25,-124,0,56.34
7475,20:29:37:555,3,Severe_Damage,L3_S3,-1718,1104,14872,-235,23,-126,0,4.34
7476,20:29:37:565,3,Severe_Damage,L3_S3,-1752,1152,14938,-237,32,-121,0,70.34
7477,20:29:37:575,3,Severe_Damage,L3_S3,-1678,1122,14862,-236,24,-124,0,-5.66
7478,20:29:37:585,3,Severe_Damage,L3_S3,-1664,1086,14864,-230,28,-121,0,-3.66
7479,20:29:37:595,3,Severe_Damage,L3_S3,-1668,1098,14858,-221,31,-127,0,-9.66
7480,20:29:37:605,3,Severe_Damage,L3_S3,-1690,1094,14794,-207,32,-124,0,-73.66
7481,20:29:37:615,3,Severe_Damage,L3_S3,-1742,1076,14824,-195,27,-122,0,-43.66
7482,20:29:37:625,3,Severe_Damage,L3_S3,-1696,1118,14806,-172,32,-122,0,-61.66
7483,20:29:37:635,3,Severe_Damage,L3_S3,-1716,1106,14846,-161,34,-124,0,-21.66
7484,20:29:37:645,3,Severe_Damage,L3_S3,-1674,1104,14922,-151,39,-122,0,54.34
7485,20:29:37:655,3,Severe_Damage,L3_S3,-1692,1102,14854,-146,24,-121,0,-13.66
7486,20:29:37:665,3,Severe_Damage,L3_S3,-1758,1170,14916,-147,36,-114,0,48.34
7487,20:29:37:675,3,Severe_Damage,L3_S3,-1758,1112,14918,-145,32,-114,0,50.34
7488,20:29:37:685,3,Severe_Damage,L3_S3,-1702,1138,14972,-153,39,-113,0,104.34
7489,20:29:37:695,3,Severe_Damage,L3_S3,-1732,1140,14954,-161,37,-113,0,86.34
7490,20:29:37:705,3,Severe_Damage,L3_S3,-1718,1130,14952,-179,30,-116,0,84.34
7491,20:29:37:715,3,Severe_Damage,L3_S3,-1726,1088,14938,-189,24,-120,0,70.34
7492,20:29:37:725,3,Severe_Damage,L3_S3,-1736,1136,14910,-210,34,-126,0,42.34
7493,20:29:37:735,3,Severe_Damage,L3_S3,-1686,1112,14886,-214,31,-126,0,18.34
7494,20:29:37:745,3,Severe_Damage,L3_S3,-1708,1136,14890,-231,28,-127,0,22.34
7495,20:29:37:755,3,Severe_Damage,L3_S3,-1652,1118,14864,-231,36,-133,0,-3.66
7496,20:29:37:765,3,Severe_Damage,L3_S3,-1748,1116,14886,-236,27,-131,0,18.34
7497,20:29:37:775,3,Severe_Damage,L3_S3,-1746,1102,14902,-226,36,-130,0,34.34
7498,20:29:37:785,3,Severe_Damage,L3_S3,-1666,1130,14858,-229,23,-128,0,-9.66
7499,20:29:37:795,3,Severe_Damage,L3_S3,-1730,1080,14822,-218,27,-128,0,-45.66
7500,20:29:37:805,3,Severe_Damage,L3_S3,-1742,1120,14872,-208,35,-126,0,4.34
7501,20:29:37:815,3,Severe_Damage,L3_S3,-1670,1086,14814,-193,30,-126,0,-53.66
7502,20:29:37:825,3,Severe_Damage,L3_S3,-1760,1078,14796,-176,29,-122,0,-71.66
7503,20:29:37:835,3,Severe_Damage,L3_S3,-1668,1040,14822,-166,36,-126,0,-45.66
7504,20:29:37:845,3,Severe_Damage,L3_S3,-1718,1104,14838,-157,23,-113,0,-29.66
7505,20:29:37:855,3,Severe_Damage,L3_S3,-1698,1076,14852,-154,38,-116,0,-15.66
7506,20:29:37:865,3,Severe_Damage,L3_S3,-1706,1108,14840,-141,25,-117,0,-27.66
7507,20:29:37:875,3,Severe_Damage,L3_S3,-1756,1088,14860,-151,29,-113,0,-7.66
7508,20:29:37:885,3,Severe_Damage,L3_S3,-1696,1108,14864,-151,25,-116,0,-3.66
7509,20:29:37:895,3,Severe_Damage,L3_S3,-1676,1124,14900,-165,24,-120,0,32.34
7510,20:29:37:905,3,Severe_Damage,L3_S3,-1672,1118,14942,-175,32,-124,0,74.34
7511,20:29:37:915,3,Severe_Damage,L3_S3,-1714,1092,14912,-199,22,-116,0,44.34
7512,20:29:37:925,3,Severe_Damage,L3_S3,-1724,1120,14924,-204,29,-123,0,56.34
7513,20:29:37:935,3,Severe_Damage,L3_S3,-1718,1058,14910,-217,28,-125,0,42.34
7514,20:29:37:945,3,Severe_Damage,L3_S3,-1698,1086,14870,-222,24,-124,0,2.34
7515,20:29:37:955,3,Severe_Damage,L3_S3,-1654,1092,14862,-229,32,-131,0,-5.66
7516,20:29:37:965,3,Severe_Damage,L3_S3,-1702,1112,14868,-228,27,-132,0,0.34
7517,20:29:37:975,3,Severe_Damage,L3_S3,-1710,1090,14832,-233,28,-129,0,-35.66
7518,20:29:37:985,3,Severe_Damage,L3_S3,-1714,1092,14868,-226,26,-128,0,0.34
7519,20:29:37:995,3,Severe_Damage,L3_S3,-1710,1130,14832,-222,26,-133,0,-35.66
7520,20:29:38:005,3,Severe_Damage,L3_S3,-1700,1116,14822,-203,31,-125,0,-45.66
7521,20:29:38:015,3,Severe_Damage,L3_S3,-1670,1098,14848,-190,28,-121,0,-19.66
7522,20:29:38:025,3,Severe_Damage,L3_S3,-1724,1120,14900,-176,33,-119,0,32.34
7523,20:29:38:035,3,Severe_Damage,L3_S3,-1722,1128,14832,-165,24,-121,0,-35.66
7524,20:29:38:045,3,Severe_Damage,L3_S3,-1742,1078,14904,-158,35,-119,0,36.34
7525,20:29:38:055,3,Severe_Damage,L3_S3,-1716,1118,14876,-154,30,-118,0,8.34
7526,20:29:38:065,3,Severe_Damage,L3_S3,-1724,1118,14878,-156,28,-112,0,10.34
7527,20:29:38:075,3,Severe_Damage,L3_S3,-1702,1076,14906,-154,27,-123,0,38.34
7528,20:29:38:085,3,Severe_Damage,L3_S3,-1734,1120,14864,-168,24,-118,0,-3.66
7529,20:29:38:095,3,Severe_Damage,L3_S3,-1756,1164,14862,-178,40,-122,0,-5.66
7530,20:29:38:105,3,Severe_Damage,L3_S3,-1716,1106,14906,-189,35,-119,0,38.34
7531,20:29:38:115,3,Severe_Damage,L3_S3,-1684,1132,14912,-202,35,-136,0,44.34
7532,20:29:38:125,3,Severe_Damage,L3_S3,-1758,1120,14906,-215,29,-132,0,38.34
7533,20:29:38:135,3,Severe_Damage,L3_S3,-1674,1118,14920,-220,29,-129,0,52.34
7534,20:29:38:145,3,Severe_Damage,L3_S3,-1726,1122,14908,-221,33,-126,0,40.34
7535,20:29:38:155,3,Severe_Damage,L3_S3,-1720,1098,14932,-234,29,-127,0,64.34
7536,20:29:38:165,3,Severe_Damage,L3_S3,-1700,1146,14860,-227,24,-128,0,-7.66
7537,20:29:38:175,3,Severe_Damage,L3_S3,-1736,1102,14862,-220,28,-126,0,-5.66
7538,20:29:38:185,3,Severe_Damage,L3_S3,-1724,1014,14838,-218,32,-129,0,-29.66
7539,20:29:38:195,3,Severe_Damage,L3_S3,-1762,1104,14874,-210,29,-125,0,6.34
7540,20:29:38:205,3,Severe_Damage,L3_S3,-1722,1108,14854,-194,35,-123,0,-13.66
7541,20:29:38:215,3,Severe_Damage,L3_S3,-1688,1116,14882,-183,33,-121,0,14.34
7542,20:29:38:225,3,Severe_Damage,L3_S3,-1724,1102,14860,-174,26,-119,0,-7.66
7543,20:29:38:235,3,Severe_Damage,L3_S3,-1682,1102,14884,-169,34,-121,0,16.34
7544,20:29:38:245,3,Severe_Damage,L3_S3,-1728,1098,14904,-150,28,-112,0,36.34
7545,20:29:38:256,3,Severe_Damage,L3_S3,-1736,1136,14892,-156,35,-115,0,24.34
7546,20:29:38:266,3,Severe_Damage,L3_S3,-1688,1170,14928,-155,30,-111,0,60.34
7547,20:29:38:276,3,Severe_Damage,L3_S3,-1720,1092,14898,-170,26,-111,0,30.34
7548,20:29:38:285,3,Severe_Damage,L3_S3,-1728,1122,14920,-165,38,-122,0,52.34
7549,20:29:38:295,3,Severe_Damage,L3_S3,-1728,1124,14920,-187,23,-121,0,52.34
7550,20:29:38:305,3,Severe_Damage,L3_S3,-1658,1116,14906,-190,34,-122,0,38.34
7551,20:29:38:315,3,Severe_Damage,L3_S3,-1712,1066,14974,-202,26,-122,0,106.34
7552,20:29:38:325,3,Severe_Damage,L3_S3,-1742,1116,14916,-205,29,-122,0,48.34
7553,20:29:38:335,3,Severe_Damage,L3_S3,-1734,1102,14882,-220,29,-134,0,14.34
7554,20:29:38:346,3,Severe_Damage,L3_S3,-1726,1096,14912,-222,17,-127,0,44.34
7555,20:29:38:356,3,Severe_Damage,L3_S3,-1740,1128,14836,-231,28,-125,0,-31.66
7556,20:29:38:365,3,Severe_Damage,L3_S3,-1710,1112,14874,-226,27,-129,0,6.34
7557,20:29:38:376,3,Severe_Damage,L3_S3,-1720,1126,14836,-214,34,-121,0,-31.66
7558,20:29:38:386,3,Severe_Damage,L3_S3,-1676,1160,14858,-203,33,-121,0,-9.66
7559,20:29:38:396,3,Severe_Damage,L3_S3,-1708,1136,14836,-203,22,-123,0,-31.66
7560,20:29:38:406,3,Severe_Damage,L3_S3,-1678,1104,14800,-192,34,-123,0,-67.66
7561,20:29:38:416,3,Severe_Damage,L3_S3,-1728,1100,14874,-182,22,-130,0,6.34
7562,20:29:38:426,3,Severe_Damage,L3_S3,-1684,1112,14884,-174,36,-117,0,16.34
7563,20:29:38:436,3,Severe_Damage,L3_S3,-1730,1126,14868,-169,36,-117,0,0.34
7564,20:29:38:446,3,Severe_Damage,L3_S3,-1682,1118,14854,-157,43,-113,0,-13.66
7565,20:29:38:456,3,Severe_Damage,L3_S3,-1760,1118,14910,-154,31,-117,0,42.34
7566,20:29:38:466,3,Severe_Damage,L3_S3,-1716,1158,14932,-154,29,-121,0,64.34
7567,20:29:38:476,3,Severe_Damage,L3_S3,-1662,1130,14842,-163,36,-115,0,-25.66
7568,20:29:38:486,3,Severe_Damage,L3_S3,-1744,1114,14898,-166,33,-115,0,30.34
7569,20:29:38:496,3,Severe_Damage,L3_S3,-1728,1112,14888,-174,28,-121,0,20.34
7570,20:29:38:506,3,Severe_Damage,L3_S3,-1752,1104,14882,-190,22,-117,0,14.34
7571,20:29:38:516,3,Severe_Damage,L3_S3,-1712,1094,14878,-193,32,-122,0,10.34
7572,20:29:38:526,3,Severe_Damage,L3_S3,-1692,1130,14928,-207,30,-125,0,60.34
7573,20:29:38:536,3,Severe_Damage,L3_S3,-1748,1138,14860,-219,33,-123,0,-7.66
7574,20:29:38:546,3,Severe_Damage,L3_S3,-1762,1154,14880,-219,26,-120,0,12.34
7575,20:29:38:556,3,Severe_Damage,L3_S3,-1790,1094,14852,-225,28,-124,0,-15.66
7576,20:29:38:566,3,Severe_Damage,L3_S3,-1690,1098,14932,-231,26,-132,0,64.34
7577,20:29:38:576,3,Severe_Damage,L3_S3,-1684,1110,14898,-218,35,-127,0,30.34
7578,20:29:38:586,3,Severe_Damage,L3_S3,-1716,1116,14836,-210,28,-120,0,-31.66
7579,20:29:38:596,3,Severe_Damage,L3_S3,-1660,1114,14840,-205,35,-123,0,-27.66
7580,20:29:38:606,3,Severe_Damage,L3_S3,-1722,1102,14830,-196,25,-115,0,-37.66
7581,20:29:38:616,3,Severe_Damage,L3_S3,-1724,1130,14810,-188,37,-126,0,-57.66
7582,20:29:38:626,3,Severe_Damage,L3_S3,-1696,1140,14838,-180,33,-119,0,-29.66
7583,20:29:38:636,3,Severe_Damage,L3_S3,-1736,1062,14916,-167,34,-118,0,48.34
7584,20:29:38:646,3,Severe_Damage,L3_S3,-1716,1100,14996,-164,30,-125,0,128.34
7585,20:29:38:656,3,Severe_Damage,L3_S3,-1692,1056,14936,-166,23,-116,0,68.34
7586,20:29:38:666,3,Severe_Damage,L3_S3,-1746,1080,14856,-164,27,-112,0,-11.66
7587,20:29:38:676,3,Severe_Damage,L3_S3,-1704,1134,14850,-168,30,-113,0,-17.66
7588,20:29:38:686,3,Severe_Damage,L3_S3,-1734,1090,14922,-176,29,-118,0,54.34
7589,20:29:38:696,3,Severe_Damage,L3_S3,-1714,1074,14834,-177,29,-122,0,-33.66
7590,20:29:38:706,3,Severe_Damage,L3_S3,-1732,1150,14886,-188,20,-118,0,18.34
7591,20:29:38:716,3,Severe_Damage,L3_S3,-1772,1130,14944,-198,33,-120,0,76.34
7592,20:29:38:726,3,Severe_Damage,L3_S3,-1692,1088,14910,-202,30,-123,0,42.34
7593,20:29:38:736,3,Severe_Damage,L3_S3,-1712,1096,14914,-217,22,-125,0,46.34
7594,20:29:38:746,3,Severe_Damage,L3_S3,-1680,1142,14894,-222,37,-133,0,26.34
7595,20:29:38:756,3,Severe_Damage,L3_S3,-1674,1094,14820,-224,29,-121,0,-47.66
7596,20:29:38:766,3,Severe_Damage,L3_S3,-1692,1122,14916,-212,35,-132,0,48.34
7597,20:29:38:776,3,Severe_Damage,L3_S3,-1800,1110,14794,-217,20,-123,0,-73.66
7598,20:29:38:786,3,Severe_Damage,L3_S3,-1706,1076,14796,-207,32,-125,0,-71.66
7599,20:29:38:796,3,Severe_Damage,L3_S3,-1696,1078,14890,-207,32,-135,0,22.34
7600,20:29:38:806,3,Severe_Damage,L3_S3,-1748,1140,14890,-195,26,-124,0,22.34
7601,20:29:38:816,3,Severe_Damage,L3_S3,-1736,1066,14816,-186,36,-126,0,-51.66
7602,20:29:38:826,3,Severe_Damage,L3_S3,-1710,1104,14862,-171,29,-117,0,-5.66
7603,20:29:38:836,3,Severe_Damage,L3_S3,-1724,1122,14876,-173,27,-122,0,8.34
7604,20:29:38:846,3,Severe_Damage,L3_S3,-1754,1098,14910,-156,32,-113,0,42.34
7605,20:29:38:856,3,Severe_Damage,L3_S3,-1754,1146,14858,-168,34,-121,0,-9.66
7606,20:29:38:866,3,Severe_Damage,L3_S3,-1706,1110,14946,-168,31,-119,0,78.34
7607,20:29:38:876,3,Severe_Damage,L3_S3,-1736,1122,14878,-171,32,-113,0,10.34
7608,20:29:38:886,3,Severe_Damage,L3_S3,-1714,1120,14908,-170,29,-119,0,40.34
7609,20:29:38:896,3,Severe_Damage,L3_S3,-1718,1144,14876,-183,30,-124,0,8.34
7610,20:29:38:906,3,Severe_Damage,L3_S3,-1720,1086,14884,-186,31,-124,0,16.34
7611,20:29:38:916,3,Severe_Damage,L3_S3,-1724,1124,14862,-200,27,-122,0,-5.66
7612,20:29:38:926,3,Severe_Damage,L3_S3,-1696,1126,14900,-200,29,-129,0,32.34
7613,20:29:38:936,3,Severe_Damage,L3_S3,-1682,1120,14962,-215,35,-121,0,94.34
7614,20:29:38:946,3,Severe_Damage,L3_S3,-1698,1102,14824,-218,27,-123,0,-43.66
7615,20:29:38:956,3,Severe_Damage,L3_S3,-1728,1110,14876,-212,33,-126,0,8.34
7616,20:29:38:966,3,Severe_Damage,L3_S3,-1716,1102,14902,-224,34,-119,0,34.34
7617,20:29:38:976,3,Severe_Damage,L3_S3,-1718,1068,14936,-208,29,-121,0,68.34
7618,20:29:38:986,3,Severe_Damage,L3_S3,-1726,1160,14850,-212,31,-127,0,-17.66
7619,20:29:38:996,3,Severe_Damage,L3_S3,-1710,1080,14882,-196,25,-120,0,14.34
7620,20:29:39:006,3,Severe_Damage,L3_S3,-1658,1102,14804,-199,34,-129,0,-63.66
7621,20:29:39:016,3,Severe_Damage,L3_S3,-1768,1088,14804,-186,30,-124,0,-63.66
7622,20:29:39:026,3,Severe_Damage,L3_S3,-1744,1104,14844,-180,26,-122,0,-23.66
7623,20:29:39:036,3,Severe_Damage,L3_S3,-1696,1142,14872,-171,27,-125,0,4.34
7624,20:29:39:046,3,Severe_Damage,L3_S3,-1756,1116,14870,-172,25,-118,0,2.34
7625,20:29:39:056,3,Severe_Damage,L3_S3,-1740,1104,14860,-163,31,-121,0,-7.66
7626,20:29:39:066,3,Severe_Damage,L3_S3,-1700,1088,14902,-172,26,-119,0,34.34
7627,20:29:39:076,3,Severe_Damage,L3_S3,-1772,1110,14836,-168,31,-118,0,-31.66
7628,20:29:39:086,3,Severe_Damage,L3_S3,-1748,1120,14902,-174,28,-121,0,34.34
7629,20:29:39:096,3,Severe_Damage,L3_S3,-1742,1090,14858,-184,31,-118,0,-9.66
7630,20:29:39:106,3,Severe_Damage,L3_S3,-1718,1116,14876,-182,32,-122,0,8.34
7631,20:29:39:116,3,Severe_Damage,L3_S3,-1738,1108,14902,-196,34,-129,0,34.34
7632,20:29:39:126,3,Severe_Damage,L3_S3,-1726,1116,14884,-205,36,-126,0,16.34
7633,20:29:39:136,3,Severe_Damage,L3_S3,-1674,1126,14982,-208,31,-130,0,114.34
7634,20:29:39:146,3,Severe_Damage,L3_S3,-1724,1108,14890,-210,24,-119,0,22.34
7635,20:29:39:156,3,Severe_Damage,L3_S3,-1682,1116,14906,-214,32,-123,0,38.34
7636,20:29:39:166,3,Severe_Damage,L3_S3,-1672,1130,14840,-218,20,-120,0,-27.66
7637,20:29:39:176,3,Severe_Damage,L3_S3,-1720,1126,14858,-215,27,-129,0,-9.66
7638,20:29:39:186,3,Severe_Damage,L3_S3,-1706,1122,14822,-213,24,-124,0,-45.66
7639,20:29:39:196,3,Severe_Damage,L3_S3,-1738,1096,14848,-198,28,-126,0,-19.66
7640,20:29:39:206,3,Severe_Damage,L3_S3,-1696,1108,14838,-194,28,-128,0,-29.66
7641,20:29:39:216,3,Severe_Damage,L3_S3,-1702,1080,14856,-191,22,-128,0,-11.66
7642,20:29:39:226,3,Severe_Damage,L3_S3,-1722,1060,14830,-179,31,-119,0,-37.66
7643,20:29:39:236,3,Severe_Damage,L3_S3,-1720,1132,14866,-170,31,-117,0,-1.66
7644,20:29:39:246,3,Severe_Damage,L3_S3,-1784,1102,14924,-170,27,-124,0,56.34
7645,20:29:39:256,3,Severe_Damage,L3_S3,-1720,1122,14906,-170,25,-128,0,38.34
7646,20:29:39:266,3,Severe_Damage,L3_S3,-1704,1090,14848,-168,27,-123,0,-19.66
7647,20:29:39:276,3,Severe_Damage,L3_S3,-1726,1104,14920,-169,24,-121,0,52.34
7648,20:29:39:286,3,Severe_Damage,L3_S3,-1728,1110,14906,-170,24,-117,0,38.34
7649,20:29:39:296,3,Severe_Damage,L3_S3,-1690,1118,14860,-182,30,-128,0,-7.66
7650,20:29:39:306,3,Severe_Damage,L3_S3,-1708,1140,14894,-183,33,-119,0,26.34
7651,20:29:39:316,3,Severe_Damage,L3_S3,-1698,1084,14928,-205,29,-123,0,60.34
7652,20:29:39:326,3,Severe_Damage,L3_S3,-1740,1150,14844,-205,36,-120,0,-23.66
7653,20:29:39:336,3,Severe_Damage,L3_S3,-1704,1062,14882,-212,13,-124,0,14.34
7654,20:29:39:346,3,Severe_Damage,L3_S3,-1682,1116,14886,-217,30,-128,0,18.34
7655,20:29:39:356,3,Severe_Damage,L3_S3,-1784,1116,14878,-211,27,-125,0,10.34
7656,20:29:39:366,3,Severe_Damage,L3_S3,-1686,1114,14930,-215,39,-130,0,62.34
7657,20:29:39:376,3,Severe_Damage,L3_S3,-1758,1114,14866,-212,24,-122,0,-1.66
7658,20:29:39:386,3,Severe_Damage,L3_S3,-1690,1110,14886,-212,33,-128,0,18.34
7659,20:29:39:396,3,Severe_Damage,L3_S3,-1680,1066,14834,-198,31,-125,0,-33.66
7660,20:29:39:406,3,Severe_Damage,L3_S3,-1718,1070,14862,-197,21,-117,0,-5.66
7661,20:29:39:416,3,Severe_Damage,L3_S3,-1702,1098,14856,-190,30,-121,0,-11.66
7662,20:29:39:426,3,Severe_Damage,L3_S3,-1752,1062,14840,-186,30,-118,0,-27.66
7663,20:29:39:436,3,Severe_Damage,L3_S3,-1764,1136,14822,-179,27,-122,0,-45.66
7664,20:29:39:446,3,Severe_Damage,L3_S3,-1718,1108,14880,-175,29,-124,0,12.34
7665,20:29:39:456,3,Severe_Damage,L3_S3,-1738,1096,14898,-170,32,-114,0,30.34
7666,20:29:39:466,3,Severe_Damage,L3_S3,-1706,1156,14908,-170,29,-120,0,40.34
7667,20:29:39:476,3,Severe_Damage,L3_S3,-1690,1124,14890,-168,24,-111,0,22.34
7668,20:29:39:486,3,Severe_Damage,L3_S3,-1690,1098,14898,-178,36,-113,0,30.34
7669,20:29:39:496,3,Severe_Damage,L3_S3,-1716,1096,14900,-174,34,-117,0,32.34
7670,20:29:39:506,3,Severe_Damage,L3_S3,-1712,1142,14942,-187,34,-123,0,74.34
7671,20:29:39:516,3,Severe_Damage,L3_S3,-1674,1072,14920,-187,32,-128,0,52.34
7672,20:29:39:526,3,Severe_Damage,L3_S3,-1700,1124,14906,-200,15,-123,0,38.34
7673,20:29:39:536,3,Severe_Damage,L3_S3,-1716,1128,14830,-201,35,-131,0,-37.66
7674,20:29:39:546,3,Severe_Damage,L3_S3,-1676,1100,14926,-210,18,-126,0,58.34
7675,20:29:39:556,3,Severe_Damage,L3_S3,-1716,1106,14922,-205,28,-127,0,54.34
7676,20:29:39:566,3,Severe_Damage,L3_S3,-1702,1094,14886,-213,35,-123,0,18.34
7677,20:29:39:576,3,Severe_Damage,L3_S3,-1764,1116,14858,-208,25,-126,0,-9.66
7678,20:29:39:586,3,Severe_Damage,L3_S3,-1698,1126,14858,-204,27,-123,0,-9.66
7679,20:29:39:596,3,Severe_Damage,L3_S3,-1766,1142,14812,-205,27,-123,0,-55.66
7680,20:29:39:606,3,Severe_Damage,L3_S3,-1696,1116,14856,-196,30,-130,0,-11.66
7681,20:29:39:616,3,Severe_Damage,L3_S3,-1722,1122,14846,-190,31,-122,0,-21.66
7682,20:29:39:626,3,Severe_Damage,L3_S3,-1682,1108,14768,-187,32,-125,0,-99.66
7683,20:29:39:636,3,Severe_Damage,L3_S3,-1702,1100,14914,-185,34,-119,0,46.34
7684,20:29:39:646,3,Severe_Damage,L3_S3,-1782,1110,14868,-179,24,-116,0,0.34
7685,20:29:39:656,3,Severe_Damage,L3_S3,-1670,1098,14954,-174,32,-120,0,86.34
7686,20:29:39:666,3,Severe_Damage,L3_S3,-1746,1146,14952,-171,17,-112,0,84.34
7687,20:29:39:676,3,Severe_Damage,L3_S3,-1656,1166,14858,-169,37,-123,0,-9.66
7688,20:29:39:686,3,Severe_Damage,L3_S3,-1684,1118,14844,-174,30,-125,0,-23.66
7689,20:29:39:696,3,Severe_Damage,L3_S3,-1744,1088,14912,-182,28,-124,0,44.34
7690,20:29:39:706,3,Severe_Damage,L3_S3,-1706,1136,14914,-189,39,-123,0,46.34
7691,20:29:39:716,3,Severe_Damage,L3_S3,-1732,1084,14908,-193,16,-124,0,40.34
7692,20:29:39:726,3,Severe_Damage,L3_S3,-1690,1106,14888,-197,34,-128,0,20.34
7693,20:29:39:736,3,Severe_Damage,L3_S3,-1708,1134,14902,-204,31,-123,0,34.34
7694,20:29:39:746,3,Severe_Damage,L3_S3,-1736,1114,14858,-204,27,-116,0,-9.66
7695,20:29:39:756,3,Severe_Damage,L3_S3,-1662,1122,14946,-216,28,-125,0,78.34
7696,20:29:39:766,3,Severe_Damage,L3_S3,-1710,1126,14880,-209,14,-114,0,12.34
7697,20:29:39:776,3,Severe_Damage,L3_S3,-1710,1096,14844,-207,34,-129,0,-23.66
7698,20:29:39:786,3,Severe_Damage,L3_S3,-1706,1114,14842,-210,25,-116,0,-25.66
7699,20:29:39:796,3,Severe_Damage,L3_S3,-1694,1084,14848,-204,22,-123,0,-19.66
7700,20:29:39:806,3,Severe_Damage,L3_S3,-1638,1098,14870,-192,42,-124,0,2.34
7701,20:29:39:816,3,Severe_Damage,L3_S3,-1738,1112,14890,-193,17,-115,0,22.34
7702,20:29:39:826,3,Severe_Damage,L3_S3,-1692,1084,14856,-177,43,-130,0,-11.66
7703,20:29:39:836,3,Severe_Damage,L3_S3,-1710,1088,14786,-182,21,-121,0,-81.66
7704,20:29:39:846,3,Severe_Damage,L3_S3,-1688,1112,14856,-181,34,-123,0,-11.66
7705,20:29:39:856,3,Severe_Damage,L3_S3,-1642,1126,14916,-174,39,-122,0,48.34
7706,20:29:39:866,3,Severe_Damage,L3_S3,-1744,1090,14844,-180,27,-118,0,-23.66
7707,20:29:39:876,3,Severe_Damage,L3_S3,-1768,1134,14882,-174,40,-120,0,14.34
7708,20:29:39:886,3,Severe_Damage,L3_S3,-1706,1080,14888,-190,22,-116,0,20.34
7709,20:29:39:896,3,Severe_Damage,L3_S3,-1720,1084,14870,-180,38,-119,0,2.34
7710,20:29:39:906,3,Severe_Damage,L3_S3,-1694,1066,14880,-195,25,-131,0,12.34
7711,20:29:39:916,3,Severe_Damage,L3_S3,-1746,1114,14862,-187,32,-125,0,-5.66
7712,20:29:39:926,3,Severe_Damage,L3_S3,-1686,1108,14848,-202,35,-129,0,-19.66
7713,20:29:39:936,3,Severe_Damage,L3_S3,-1754,1098,14872,-201,25,-121,0,4.34
7714,20:29:39:946,3,Severe_Damage,L3_S3,-1716,1148,14852,-209,45,-129,0,-15.66
7715,20:29:39:956,3,Severe_Damage,L3_S3,-1702,1112,14852,-199,19,-131,0,-15.66
7716,20:29:39:966,3,Severe_Damage,L3_S3,-1750,1126,14892,-208,25,-131,0,24.34
7717,20:29:39:976,3,Severe_Damage,L3_S3,-1692,1084,14896,-205,34,-128,0,28.34
7718,20:29:39:986,3,Severe_Damage,L3_S3,-1668,1082,14874,-207,19,-123,0,6.34
7719,20:29:39:996,3,Severe_Damage,L3_S3,-1702,1076,14816,-196,36,-129,0,-51.66
7720,20:29:40:006,3,Severe_Damage,L3_S3,-1708,1096,14840,-196,22,-122,0,-27.66
7721,20:29:40:016,3,Severe_Damage,L3_S3,-1668,1126,14876,-188,35,-125,0,8.34
7722,20:29:40:026,3,Severe_Damage,L3_S3,-1772,1066,14874,-187,27,-118,0,6.34
7723,20:29:40:036,3,Severe_Damage,L3_S3,-1776,1108,14854,-181,27,-119,0,-13.66
7724,20:29:40:046,3,Severe_Damage,L3_S3,-1718,1104,14868,-180,39,-120,0,0.34
7725,20:29:40:056,3,Severe_Damage,L3_S3,-1752,1128,14892,-178,27,-114,0,24.34
7726,20:29:40:066,3,Severe_Damage,L3_S3,-1710,1104,14876,-175,26,-116,0,8.34
7727,20:29:40:076,3,Severe_Damage,L3_S3,-1722,1138,14888,-176,29,-116,0,20.34
7728,20:29:40:086,3,Severe_Damage,L3_S3,-1732,1108,14882,-178,28,-117,0,14.34
7729,20:29:40:096,3,Severe_Damage,L3_S3,-1692,1128,14922,-184,36,-123,0,54.34
7730,20:29:40:106,3,Severe_Damage,L3_S3,-1762,1118,14882,-189,29,-118,0,14.34
7731,20:29:40:116,3,Severe_Damage,L3_S3,-1716,1122,14920,-192,28,-124,0,52.34
7732,20:29:40:126,3,Severe_Damage,L3_S3,-1730,1100,14882,-198,15,-125,0,14.34
7733,20:29:40:136,3,Severe_Damage,L3_S3,-1696,1134,14906,-199,36,-124,0,38.34
7734,20:29:40:146,3,Severe_Damage,L3_S3,-1714,1118,14878,-203,24,-124,0,10.34
7735,20:29:40:156,3,Severe_Damage,L3_S3,-1748,1080,14894,-212,23,-127,0,26.34
7736,20:29:40:166,3,Severe_Damage,L3_S3,-1686,1090,14884,-203,37,-127,0,16.34
7737,20:29:40:176,3,Severe_Damage,L3_S3,-1680,1104,14908,-210,21,-119,0,40.34
7738,20:29:40:186,3,Severe_Damage,L3_S3,-1736,1078,14834,-202,23,-129,0,-33.66
7739,20:29:40:196,3,Severe_Damage,L3_S3,-1650,1112,14856,-204,34,-130,0,-11.66
7740,20:29:40:206,3,Severe_Damage,L3_S3,-1706,1116,14878,-196,22,-116,0,10.34
7741,20:29:40:216,3,Severe_Damage,L3_S3,-1632,1096,14836,-188,42,-125,0,-31.66
7742,20:29:40:226,3,Severe_Damage,L3_S3,-1716,1164,14822,-182,22,-123,0,-45.66
7743,20:29:40:236,3,Severe_Damage,L3_S3,-1716,1108,14898,-180,35,-127,0,30.34
7744,20:29:40:246,3,Severe_Damage,L3_S3,-1658,1108,14888,-181,26,-124,0,20.34
7745,20:29:40:256,3,Severe_Damage,L3_S3,-1744,1136,14898,-175,24,-117,0,30.34
7746,20:29:40:266,3,Severe_Damage,L3_S3,-1692,1094,14862,-171,41,-120,0,-5.66
7747,20:29:40:276,3,Severe_Damage,L3_S3,-1734,1130,14912,-183,18,-119,0,44.34
7748,20:29:40:286,3,Severe_Damage,L3_S3,-1726,1100,14918,-180,39,-123,0,50.34
7749,20:29:40:296,3,Severe_Damage,L3_S3,-1674,1112,14882,-186,25,-122,0,14.34
7750,20:29:40:306,3,Severe_Damage,L3_S3,-1774,1112,14786,-190,24,-118,0,-81.66
7751,20:29:40:316,3,Severe_Damage,L3_S3,-1656,1140,14912,-188,45,-129,0,44.34
7752,20:29:40:326,3,Severe_Damage,L3_S3,-1746,1112,14846,-193,20,-114,0,-21.66
7753,20:29:40:336,3,Severe_Damage,L3_S3,-1694,1058,14738,-189,37,-131,0,-129.66
7754,20:29:40:347,3,Severe_Damage,L3_S3,-1662,1182,14632,-124,19,-116,0,-235.66
7755,20:29:40:356,3,Severe_Damage,L3_S3,-1690,1050,14894,-172,38,-127,0,26.34
7756,20:29:40:366,3,Severe_Damage,L3_S3,-1768,1126,14928,-78,54,-114,0,60.34
7757,20:29:40:376,3,Severe_Damage,L3_S3,-1686,1098,14932,-139,-7,-109,0,64.34
7758,20:29:40:386,3,Severe_Damage,L3_S3,-1726,1116,14986,-121,68,-113,0,118.34
7759,20:29:40:396,3,Severe_Damage,L3_S3,-1740,1166,14988,-156,19,-112,0,120.34
7760,20:29:40:406,3,Severe_Damage,L3_S3,-1776,1130,14956,-187,26,-115,0,88.34
7761,20:29:40:416,3,Severe_Damage,L3_S3,-1738,1132,14954,-210,48,-132,0,86.34
7762,20:29:40:426,3,Severe_Damage,L3_S3,-1650,1072,14992,-264,-26,-130,0,124.34
7763,20:29:40:436,3,Severe_Damage,L3_S3,-1744,1164,14850,-248,73,-132,0,-17.66
7764,20:29:40:446,3,Severe_Damage,L3_S3,-1662,1076,14886,-289,-50,-127,0,18.34
7765,20:29:40:457,3,Severe_Damage,L3_S3,-1750,1140,14746,-224,118,-133,0,-121.66
7766,20:29:40:467,3,Severe_Damage,L3_S3,-1722,1086,14724,-245,53,-136,0,-143.66
7767,20:29:40:476,3,Severe_Damage,L3_S3,-1614,1140,14756,-178,7,-122,0,-111.66
7768,20:29:40:486,3,Severe_Damage,L3_S3,-1778,1088,14842,-193,56,-119,1,-25.66
7769,20:29:40:497,3,Severe_Damage,L3_S3,-10382,9240,-11910,5800,-11496,1274,1,-26777.66
7770,20:29:40:507,3,Severe_Damage,L3_S3,-16688,-11946,27896,3663,13781,-753,1,13028.34
7771,20:29:40:517,3,Severe_Damage,L3_S3,-8312,17926,2340,17945,-239,2656,1,-12527.66
7772,20:29:40:527,3,Severe_Damage,L3_S3,-3950,-3418,30718,3203,-4568,1139,1,15850.34
7773,20:29:40:537,3,Severe_Damage,L3_S3,-5296,4530,27920,11741,8708,311,1,13052.34
7774,20:29:40:547,3,Severe_Damage,L3_S3,-1596,6742,21126,1598,-7292,1358,1,6258.34
7775,20:29:40:556,3,Severe_Damage,L3_S3,-6448,72,32020,-619,3382,-674,1,17152.34
7776,20:29:40:567,3,Severe_Damage,L3_S3,-1670,6566,18630,-3181,1104,-1217,1,3762.34
7777,20:29:40:577,3,Severe_Damage,L3_S3,1150,176,18312,-8380,-6187,-573,1,3444.34
7778,20:29:40:587,3,Severe_Damage,L3_S3,-4562,4428,17834,-6961,6599,-2000,1,2966.34
7779,20:29:40:597,3,Severe_Damage,L3_S3,-934,-506,19318,-11295,-3836,-1194,1,4450.34
7780,20:29:40:607,3,Severe_Damage,L3_S3,-4312,4344,11132,-8720,1832,-1559,1,-3735.66
7781,20:29:40:617,3,Severe_Damage,L3_S3,4052,-1228,14312,-11322,245,-2321,1,-555.66
7782,20:29:40:627,3,Severe_Damage,L3_S3,-6820,1684,7200,-8333,-1775,-608,1,-7667.66
7783,20:29:40:637,3,Severe_Damage,L3_S3,5104,-484,11208,-8020,738,-1947,1,-3659.66
7784,20:29:40:647,3,Severe_Damage,L3_S3,-5420,-342,6932,-5097,-925,-320,1,-7935.66
7785,20:29:40:656,3,Severe_Damage,L3_S3,2066,0,7136,-3020,449,-911,0,-7731.66
7786,20:29:40:666,3,Severe_Damage,L3_S3,-624,-942,7776,-413,-236,-53,0,-7091.66
7787,20:29:40:676,3,Severe_Damage,L3_S3,-3106,260,7082,2432,33,447,0,-7785.66
7788,20:29:40:686,3,Severe_Damage,L3_S3,3368,-270,10608,4537,653,224,0,-4259.66
7789,20:29:40:697,3,Severe_Damage,L3_S3,-6212,820,9986,6705,-590,1476,0,-4881.66
7790,20:29:40:706,3,Severe_Damage,L3_S3,3194,688,14974,7680,1327,537,0,106.34
7791,20:29:40:717,3,Severe_Damage,L3_S3,-5332,1870,14682,8457,-591,1680,0,-185.66
7792,20:29:40:727,3,Severe_Damage,L3_S3,-728,1592,18856,7751,587,883,0,3988.34
7793,20:29:40:737,3,Severe_Damage,L3_S3,-1988,2714,19852,7206,826,962,0,4984.34
7794,20:29:40:747,3,Severe_Damage,L3_S3,-4826,2222,21050,4847,-1203,1022,0,6182.34
7795,20:29:40:757,3,Severe_Damage,L3_S3,-124,2970,22700,3279,1915,-79,0,7832.34
7796,20:29:40:767,3,Severe_Damage,L3_S3,-5028,2654,21650,228,-1371,382,0,6782.34
7797,20:29:40:777,3,Severe_Damage,L3_S3,-1858,2536,21778,-1924,540,-603,0,6910.34
7798,20:29:40:787,3,Severe_Damage,L3_S3,-2104,2568,20470,-4332,470,-859,0,5602.34
7799,20:29:40:797,3,Severe_Damage,L3_S3,-3980,1906,18130,-6432,-1499,-756,1,3262.34
7800,20:29:40:807,3,Severe_Damage,L3_S3,264,1950,17022,-7441,1430,-1689,0,2154.34
7801,20:29:40:817,3,Severe_Damage,L3_S3,-3750,1006,13934,-8449,-1567,-1002,0,-933.66
7802,20:29:40:826,3,Severe_Damage,L3_S3,6,950,12376,-7962,539,-1586,1,-2491.66
7803,20:29:40:837,3,Severe_Damage,L3_S3,-1172,172,10370,-7344,-467,-1154,0,-4497.66
7804,20:29:40:847,3,Severe_Damage,L3_S3,-2034,-16,8516,-5701,-366,-867,0,-6351.66
7805,20:29:40:856,3,Severe_Damage,L3_S3,1624,-196,8512,-3664,352,-915,0,-6355.66
7806,20:29:40:866,3,Severe_Damage,L3_S3,-3690,-500,7330,-1489,-636,17,1,-7537.66
7807,20:29:40:876,3,Severe_Damage,L3_S3,2204,-86,8756,1184,778,-268,0,-6111.66
7808,20:29:40:886,3,Severe_Damage,L3_S3,-3142,-122,8930,3215,-537,709,1,-5937.66
7809,20:29:40:896,3,Severe_Damage,L3_S3,68,552,11004,5351,713,536,0,-3863.66
7810,20:29:40:906,3,Severe_Damage,L3_S3,-1286,820,12852,6649,102,970,0,-2015.66
7811,20:29:40:917,3,Severe_Damage,L3_S3,-2940,1298,14574,7379,-18,1169,0,-293.66
7812,20:29:40:926,3,Severe_Damage,L3_S3,-150,1712,17446,7499,968,812,0,2578.34
7813,20:29:40:937,3,Severe_Damage,L3_S3,-4406,2024,18350,6692,-637,1258,0,3482.34
7814,20:29:40:947,3,Severe_Damage,L3_S3,-1002,2372,20642,5505,973,487,0,5774.34
7815,20:29:40:957,3,Severe_Damage,L3_S3,-3344,2500,21066,3569,-146,594,0,6198.34
7816,20:29:40:967,3,Severe_Damage,L3_S3,-3180,2568,21504,1379,-231,170,0,6636.34
7817,20:29:40:977,3,Severe_Damage,L3_S3,-1464,2588,21656,-810,812,-428,1,6788.34
7818,20:29:40:987,3,Severe_Damage,L3_S3,-4134,2292,20076,-3190,-999,-309,0,5208.34
7819,20:29:40:997,3,Severe_Damage,L3_S3,-1076,2194,19282,-4923,650,-1093,1,4414.34
7820,20:29:41:007,3,Severe_Damage,L3_S3,-2750,1806,17018,-6502,-453,-983,0,2150.34
7821,20:29:41:017,3,Severe_Damage,L3_S3,-2000,1292,15336,-7397,-368,-1227,0,468.34
7822,20:29:41:027,3,Severe_Damage,L3_S3,-522,1106,13406,-7416,256,-1369,0,-1461.66
7823,20:29:41:037,3,Severe_Damage,L3_S3,-2646,416,11116,-7108,-802,-988,0,-3751.66
7824,20:29:41:047,3,Severe_Damage,L3_S3,614,302,10258,-5772,400,-1214,0,-4609.66
7825,20:29:41:057,3,Severe_Damage,L3_S3,-2156,-142,8732,-4295,-580,-567,0,-6135.66
7826,20:29:41:066,3,Severe_Damage,L3_S3,26,-170,8666,-2154,286,-551,0,-6201.66
7827,20:29:41:076,3,Severe_Damage,L3_S3,-870,-104,8546,-22,-113,-55,0,-6321.66
7828,20:29:41:086,3,Severe_Damage,L3_S3,-1478,-62,9228,2109,48,273,1,-5639.66
7829,20:29:41:096,3,Severe_Damage,L3_S3,16,382,10788,4108,408,413,0,-4079.66
7830,20:29:41:107,3,Severe_Damage,L3_S3,-2788,592,11978,5482,-177,930,0,-2889.66
7831,20:29:41:116,3,Severe_Damage,L3_S3,-274,1168,14310,6556,717,736,0,-557.66
7832,20:29:41:127,3,Severe_Damage,L3_S3,-2844,1376,15898,6724,-150,1103,0,1030.34
7833,20:29:41:137,3,Severe_Damage,L3_S3,-1854,1882,17854,6496,439,842,1,2986.34
7834,20:29:41:147,3,Severe_Damage,L3_S3,-2066,2162,19348,5496,306,735,0,4480.34
7835,20:29:41:157,3,Severe_Damage,L3_S3,-3406,2272,20154,3965,-248,652,0,5286.34
7836,20:29:41:167,3,Severe_Damage,L3_S3,-1590,2498,21134,2180,644,86,0,6266.34
7837,20:29:41:176,3,Severe_Damage,L3_S3,-3518,2344,20694,12,-407,64,0,5826.34
7838,20:29:41:187,3,Severe_Damage,L3_S3,-2190,2390,20450,-1973,186,-481,1,5582.34
7839,20:29:41:197,3,Severe_Damage,L3_S3,-2252,2158,19210,-3853,33,-707,0,4342.34
7840,20:29:41:207,3,Severe_Damage,L3_S3,-2832,1852,17452,-5413,-484,-834,1,2584.34
7841,20:29:41:217,3,Severe_Damage,L3_S3,-1040,1514,16166,-6398,298,-1227,0,1298.34
7842,20:29:41:227,3,Severe_Damage,L3_S3,-2484,1102,13956,-6868,-589,-1017,1,-911.66
7843,20:29:41:237,3,Severe_Damage,L3_S3,-752,740,12582,-6614,105,-1217,0,-2285.66
7844,20:29:41:247,3,Severe_Damage,L3_S3,-1276,374,10852,-5828,-268,-954,0,-4015.66
7845,20:29:41:257,3,Severe_Damage,L3_S3,-1150,68,9716,-4551,-176,-777,0,-5151.66
7846,20:29:41:266,3,Severe_Damage,L3_S3,-262,20,9296,-2752,121,-591,0,-5571.66
7847,20:29:41:277,3,Severe_Damage,L3_S3,-1692,-108,8912,-912,-245,-130,0,-5955.66
7848,20:29:41:286,3,Severe_Damage,L3_S3,-2,116,9700,1183,366,-30,1,-5167.66
7849,20:29:41:297,3,Severe_Damage,L3_S3,-1834,168,10370,2918,-128,459,0,-4497.66
7850,20:29:41:307,3,Severe_Damage,L3_S3,-798,608,11930,4524,364,526,0,-2937.66
7851,20:29:41:317,3,Severe_Damage,L3_S3,-1654,940,13370,5584,172,798,0,-1497.66
7852,20:29:41:327,3,Severe_Damage,L3_S3,-2058,1250,15056,6071,98,885,0,188.34
7853,20:29:41:337,3,Severe_Damage,L3_S3,-1468,1700,17050,6049,450,776,0,2182.34
7854,20:29:41:347,3,Severe_Damage,L3_S3,-2918,1848,18192,5331,-85,839,0,3324.34
7855,20:29:41:357,3,Severe_Damage,L3_S3,-1860,2154,19534,4258,422,481,0,4666.34
7856,20:29:41:367,3,Severe_Damage,L3_S3,-2844,2264,20078,2603,-25,362,0,5210.34
7857,20:29:41:376,3,Severe_Damage,L3_S3,-2710,2324,20388,813,8,37,0,5520.34
7858,20:29:41:387,3,Severe_Damage,L3_S3,-2148,2262,20156,-1068,221,-312,0,5288.34
7859,20:29:41:397,3,Severe_Damage,L3_S3,-2912,2058,19072,-2874,-358,-450,0,4204.34
7860,20:29:41:407,3,Severe_Damage,L3_S3,-1762,1874,18150,-4351,190,-860,0,3282.34
7861,20:29:41:417,3,Severe_Damage,L3_S3,-2362,1584,16398,-5518,-262,-891,0,1530.34
7862,20:29:41:427,3,Severe_Damage,L3_S3,-1648,1180,14954,-6154,-158,-1062,0,86.34
7863,20:29:41:437,3,Severe_Damage,L3_S3,-1352,970,13258,-6125,-34,-1065,0,-1609.66
7864,20:29:41:447,3,Severe_Damage,L3_S3,-1618,500,11726,-5686,-351,-924,0,-3141.66
7865,20:29:41:457,3,Severe_Damage,L3_S3,-578,340,10776,-4601,74,-881,1,-4091.66
7866,20:29:41:467,3,Severe_Damage,L3_S3,-1518,50,9850,-3246,-245,-534,1,-5017.66
7867,20:29:41:477,3,Severe_Damage,L3_S3,-562,78,9718,-1481,122,-380,1,-5149.66
7868,20:29:41:486,3,Severe_Damage,L3_S3,-1130,68,9772,277,-24,-25,0,-5095.66
7869,20:29:41:497,3,Severe_Damage,L3_S3,-1136,198,10526,2015,99,219,1,-4341.66
7870,20:29:41:506,3,Severe_Damage,L3_S3,-968,542,11666,3556,212,424,1,-3201.66
7871,20:29:41:516,3,Severe_Damage,L3_S3,-1786,754,12952,4648,24,679,1,-1915.66
7872,20:29:41:527,3,Severe_Damage,L3_S3,-1318,1210,14544,5435,411,681,0,-323.66
7873,20:29:41:537,3,Severe_Damage,L3_S3,-2208,1380,16084,5463,13,810,0,1216.34
7874,20:29:41:547,3,Severe_Damage,L3_S3,-1992,1792,17586,5161,297,675,0,2718.34
7875,20:29:41:557,3,Severe_Damage,L3_S3,-2276,1952,18808,4233,186,560,0,3940.34
7876,20:29:41:567,3,Severe_Damage,L3_S3,-2688,2158,19416,2975,-10,411,0,4548.34
7877,20:29:41:577,3,Severe_Damage,L3_S3,-2154,2170,20006,1386,252,64,0,5138.34
7878,20:29:41:587,3,Severe_Damage,L3_S3,-2836,2184,19690,-317,-136,-89,0,4822.34
7879,20:29:41:597,3,Severe_Damage,L3_S3,-2200,2052,19192,-1989,84,-434,0,4324.34
7880,20:29:41:607,3,Severe_Damage,L3_S3,-2256,1872,18104,-3456,-66,-621,0,3236.34
7881,20:29:41:617,3,Severe_Damage,L3_S3,-2216,1690,16880,-4652,-183,-785,0,2012.34
7882,20:29:41:627,3,Severe_Damage,L3_S3,-1540,1368,15562,-5389,15,-969,0,694.34
7883,20:29:41:637,3,Severe_Damage,L3_S3,-1910,1014,13968,-5657,-296,-920,0,-899.66
7884,20:29:41:647,3,Severe_Damage,L3_S3,-1142,686,12696,-5350,-4,-959,0,-2171.66
7885,20:29:41:657,3,Severe_Damage,L3_S3,-1296,472,11406,-4611,-188,-784,0,-3461.66
7886,20:29:41:667,3,Severe_Damage,L3_S3,-1098,236,10600,-3471,-85,-633,0,-4267.66
7887,20:29:41:677,3,Severe_Damage,L3_S3,-878,188,10152,-1984,28,-413,0,-4715.66
7888,20:29:41:687,3,Severe_Damage,L3_S3,-1222,134,10160,-405,-72,-131,0,-4707.66
7889,20:29:41:696,3,Severe_Damage,L3_S3,-900,276,10628,1237,182,54,0,-4239.66
7890,20:29:41:707,3,Severe_Damage,L3_S3,-1492,368,11472,2660,14,358,0,-3395.66
7891,20:29:41:717,3,Severe_Damage,L3_S3,-1194,724,12694,3868,230,477,0,-2173.66
7892,20:29:41:727,3,Severe_Damage,L3_S3,-1672,958,14130,4628,160,634,0,-737.66
7893,20:29:41:737,3,Severe_Damage,L3_S3,-1896,1380,15368,5015,184,692,1,500.34
7894,20:29:41:747,3,Severe_Damage,L3_S3,-1846,1538,16912,4771,196,623,0,2044.34
7895,20:29:41:757,3,Severe_Damage,L3_S3,-2504,1850,17904,4184,94,592,0,3036.34
7896,20:29:41:767,3,Severe_Damage,L3_S3,-2072,1942,18900,3136,208,360,0,4032.34
7897,20:29:41:777,3,Severe_Damage,L3_S3,-2648,2020,19238,1810,41,213,0,4370.34
7898,20:29:41:787,3,Severe_Damage,L3_S3,-2384,2064,19380,285,44,-54,0,4512.34
7899,20:29:41:797,3,Severe_Damage,L3_S3,-2300,1990,19022,-1254,56,-301,0,4154.34
7900,20:29:41:807,3,Severe_Damage,L3_S3,-2438,1858,18190,-2680,-134,-478,0,3322.34
7901,20:29:41:817,3,Severe_Damage,L3_S3,-1878,1642,17244,-3829,25,-726,0,2376.34
7902,20:29:41:827,3,Severe_Damage,L3_S3,-2124,1450,15778,-4679,-135,-794,0,910.34
7903,20:29:41:837,3,Severe_Damage,L3_S3,-1598,1108,14654,-5115,-123,-900,0,-213.66
7904,20:29:41:847,3,Severe_Damage,L3_S3,-1476,888,13226,-4981,-72,-865,0,-1641.66
7905,20:29:41:857,3,Severe_Damage,L3_S3,-1418,536,12200,-4503,-157,-780,0,-2667.66
7906,20:29:41:867,3,Severe_Damage,L3_S3,-996,454,11194,-3537,-27,-669,0,-3673.66
7907,20:29:41:877,3,Severe_Damage,L3_S3,-1270,226,10740,-2385,-106,-446,0,-4127.66
7908,20:29:41:887,3,Severe_Damage,L3_S3,-914,288,10560,-899,92,-258,0,-4307.66
7909,20:29:41:897,3,Severe_Damage,L3_S3,-1236,244,10894,525,-17,0,0,-3973.66
7910,20:29:41:907,3,Severe_Damage,L3_S3,-1238,454,11512,1941,137,198,1,-3355.66
7911,20:29:41:917,3,Severe_Damage,L3_S3,-1326,630,12448,3105,135,376,0,-2419.66
7912,20:29:41:927,3,Severe_Damage,L3_S3,-1688,896,13618,3951,103,538,0,-1249.66
7913,20:29:41:937,3,Severe_Damage,L3_S3,-1608,1250,14952,4448,260,579,0,84.34
7914,20:29:41:947,3,Severe_Damage,L3_S3,-2100,1402,16142,4408,87,611,0,1274.34
7915,20:29:41:957,3,Severe_Damage,L3_S3,-2040,1722,17308,4021,192,518,0,2440.34
7916,20:29:41:967,3,Severe_Damage,L3_S3,-2218,1788,18288,3173,127,399,0,3420.34
7917,20:29:41:977,3,Severe_Damage,L3_S3,-2402,1984,18678,2104,54,247,0,3810.34
7918,20:29:41:987,3,Severe_Damage,L3_S3,-2240,1928,19006,733,109,2,0,4138.34
7919,20:29:41:997,3,Severe_Damage,L3_S3,-2516,1950,18724,-629,-37,-172,0,3856.34
7920,20:29:42:007,3,Severe_Damage,L3_S3,-2172,1832,18254,-1992,20,-428,0,3386.34
7921,20:29:42:017,3,Severe_Damage,L3_S3,-2160,1664,17326,-3127,-66,-571,1,2458.34
7922,20:29:42:027,3,Severe_Damage,L3_S3,-1996,1434,16222,-4022,-88,-717,1,1354.34
7923,20:29:42:037,3,Severe_Damage,L3_S3,-1710,1242,14966,-4509,-52,-806,0,98.34
7924,20:29:42:047,3,Severe_Damage,L3_S3,-1630,876,13826,-4657,-172,-799,0,-1041.66
7925,20:29:42:057,3,Severe_Damage,L3_S3,-1310,750,12710,-4245,-25,-769,0,-2157.66
7926,20:29:42:067,3,Severe_Damage,L3_S3,-1310,464,11800,-3594,-118,-632,0,-3067.66
7927,20:29:42:077,3,Severe_Damage,L3_S3,-1136,386,11258,-2553,-41,-493,0,-3609.66
7928,20:29:42:087,3,Severe_Damage,L3_S3,-1066,318,11038,-1327,-7,-296,1,-3829.66
7929,20:29:42:097,3,Severe_Damage,L3_S3,-1296,294,11056,6,37,-85,0,-3811.66
7930,20:29:42:107,3,Severe_Damage,L3_S3,-1096,486,11580,1296,79,92,0,-3287.66
7931,20:29:42:117,3,Severe_Damage,L3_S3,-1470,630,12326,2431,94,289,0,-2541.66
7932,20:29:42:127,3,Severe_Damage,L3_S3,-1412,864,13356,3327,144,403,0,-1511.66
7933,20:29:42:137,3,Severe_Damage,L3_S3,-1670,1052,14446,3863,130,508,1,-421.66
7934,20:29:42:147,3,Severe_Damage,L3_S3,-1864,1382,15610,4048,169,540,0,742.34
7935,20:29:42:157,3,Severe_Damage,L3_S3,-1884,1548,16780,3758,127,488,0,1912.34
7936,20:29:42:167,3,Severe_Damage,L3_S3,-2236,1628,17688,3156,118,409,0,2820.34
7937,20:29:42:177,3,Severe_Damage,L3_S3,-2148,1858,18214,2252,140,240,0,3346.34
7938,20:29:42:187,3,Severe_Damage,L3_S3,-2366,1884,18560,1078,30,88,1,3692.34
7939,20:29:42:197,3,Severe_Damage,L3_S3,-2252,1890,18468,-147,53,-123,0,3600.34
7940,20:29:42:207,3,Severe_Damage,L3_S3,-2200,1786,18112,-1420,-14,-316,0,3244.34
7941,20:29:42:217,3,Severe_Damage,L3_S3,-2254,1660,17358,-2501,-57,-479,0,2490.34
7942,20:29:42:227,3,Severe_Damage,L3_S3,-1860,1464,16490,-3405,-30,-635,0,1622.34
7943,20:29:42:237,3,Severe_Damage,L3_S3,-1922,1284,15418,-3976,-90,-694,0,550.34
7944,20:29:42:247,3,Severe_Damage,L3_S3,-1554,1058,14334,-4214,-86,-755,1,-533.66
7945,20:29:42:257,3,Severe_Damage,L3_S3,-1484,848,13290,-4044,-115,-715,0,-1577.66
7946,20:29:42:267,3,Severe_Damage,L3_S3,-1400,606,12478,-3495,-35,-637,0,-2389.66
7947,20:29:42:277,3,Severe_Damage,L3_S3,-1134,458,11696,-2656,-62,-516,0,-3171.66
7948,20:29:42:287,3,Severe_Damage,L3_S3,-1256,362,11416,-1634,-31,-339,0,-3451.66
7949,20:29:42:297,3,Severe_Damage,L3_S3,-1174,418,11410,-412,63,-174,0,-3457.66
7950,20:29:42:307,3,Severe_Damage,L3_S3,-1266,428,11696,757,22,30,1,-3171.66
7951,20:29:42:317,3,Severe_Damage,L3_S3,-1354,584,12418,1854,118,187,1,-2449.66
7952,20:29:42:327,3,Severe_Damage,L3_S3,-1460,736,13178,2737,116,336,0,-1689.66
7953,20:29:42:337,3,Severe_Damage,L3_S3,-1628,976,14136,3339,104,431,0,-731.66
7954,20:29:42:347,3,Severe_Damage,L3_S3,-1780,1208,15288,3631,204,459,0,420.34
7955,20:29:42:357,3,Severe_Damage,L3_S3,-1968,1478,16228,3508,94,453,0,1360.34
7956,20:29:42:367,3,Severe_Damage,L3_S3,-2026,1592,17060,3055,141,367,0,2192.34
7957,20:29:42:377,3,Severe_Damage,L3_S3,-2226,1674,17754,2305,103,264,0,2886.34
7958,20:29:42:387,3,Severe_Damage,L3_S3,-2222,1846,18084,1358,56,122,0,3216.34
7959,20:29:42:397,3,Severe_Damage,L3_S3,-2230,1754,18260,203,62,-70,0,3392.34
7960,20:29:42:407,3,Severe_Damage,L3_S3,-2256,1780,17946,-911,-9,-226,0,3078.34
7961,20:29:42:417,3,Severe_Damage,L3_S3,-2074,1658,17424,-1987,-15,-414,0,2556.34
7962,20:29:42:427,3,Severe_Damage,L3_S3,-2042,1560,16558,-2841,-45,-535,0,1690.34
7963,20:29:42:437,3,Severe_Damage,L3_S3,-1862,1336,15672,-3482,-62,-631,0,804.34
7964,20:29:42:447,3,Severe_Damage,L3_S3,-1670,1156,14700,-3766,-52,-684,0,-167.66
7965,20:29:42:457,3,Severe_Damage,L3_S3,-1576,878,13812,-3786,-109,-680,0,-1055.66
7966,20:29:42:467,3,Severe_Damage,L3_S3,-1418,796,12806,-3340,-48,-619,0,-2061.66
7967,20:29:42:477,3,Severe_Damage,L3_S3,-1414,582,12224,-2709,-47,-511,0,-2643.66
7968,20:29:42:487,3,Severe_Damage,L3_S3,-1240,530,11786,-1791,-40,-375,1,-3081.66
7969,20:29:42:497,3,Severe_Damage,L3_S3,-1242,440,11666,-786,24,-214,0,-3201.66
7970,20:29:42:507,3,Severe_Damage,L3_S3,-1318,554,11904,338,53,-36,0,-2963.66
7971,20:29:42:517,3,Severe_Damage,L3_S3,-1288,640,12414,1338,73,107,0,-2453.66
7972,20:29:42:527,3,Severe_Damage,L3_S3,-1542,738,13052,2219,107,256,0,-1815.66
7973,20:29:42:537,3,Severe_Damage,L3_S3,-1556,932,13982,2844,108,346,0,-885.66
7974,20:29:42:547,3,Severe_Damage,L3_S3,-1794,1152,14918,3179,123,408,0,50.34
7975,20:29:42:557,3,Severe_Damage,L3_S3,-1878,1356,15792,3248,147,406,0,924.34
7976,20:29:42:567,3,Severe_Damage,L3_S3,-1914,1488,16652,2886,95,352,0,1784.34
7977,20:29:42:577,3,Severe_Damage,L3_S3,-2146,1654,17258,2315,110,276,0,2390.34
7978,20:29:42:587,3,Severe_Damage,L3_S3,-2094,1680,17862,1463,97,126,0,2994.34
7979,20:29:42:597,3,Severe_Damage,L3_S3,-2276,1828,17810,545,37,-5,0,2942.34
7980,20:29:42:607,3,Severe_Damage,L3_S3,-2126,1728,17822,-535,20,-181,0,2954.34
7981,20:29:42:617,3,Severe_Damage,L3_S3,-2092,1682,17252,-1489,-2,-319,0,2384.34
7982,20:29:42:627,3,Severe_Damage,L3_S3,-2038,1488,16640,-2371,-57,-456,0,1772.34
7983,20:29:42:637,3,Severe_Damage,L3_S3,-1876,1362,15846,-2978,-22,-562,0,978.34
7984,20:29:42:647,3,Severe_Damage,L3_S3,-1812,1180,14984,-3375,-72,-612,0,116.34
7985,20:29:42:657,3,Severe_Damage,L3_S3,-1590,1020,14020,-3428,-54,-631,0,-847.66
7986,20:29:42:667,3,Severe_Damage,L3_S3,-1484,784,13358,-3236,-100,-587,0,-1509.66
7987,20:29:42:677,3,Severe_Damage,L3_S3,-1450,682,12574,-2648,-1,-504,0,-2293.66
7988,20:29:42:687,3,Severe_Damage,L3_S3,-1258,554,12154,-1923,-29,-394,0,-2713.66
7989,20:29:42:697,3,Severe_Damage,L3_S3,-1336,452,11980,-1028,-4,-249,0,-2887.66
7990,20:29:42:707,3,Severe_Damage,L3_S3,-1226,550,12020,-32,60,-105,0,-2847.66
7991,20:29:42:717,3,Severe_Damage,L3_S3,-1394,596,12478,909,45,53,0,-2389.66
7992,20:29:42:727,3,Severe_Damage,L3_S3,-1472,724,13006,1754,105,174,0,-1861.66
7993,20:29:42:737,3,Severe_Damage,L3_S3,-1504,860,13790,2392,102,274,0,-1077.66
7994,20:29:42:747,3,Severe_Damage,L3_S3,-1802,1078,14616,2794,113,344,0,-251.66
7995,20:29:42:757,3,Severe_Damage,L3_S3,-1772,1148,15504,2884,122,353,0,636.34
7996,20:29:42:767,3,Severe_Damage,L3_S3,-1998,1466,16120,2762,119,337,0,1252.34
7997,20:29:42:777,3,Severe_Damage,L3_S3,-1938,1496,16942,2220,69,249,0,2074.34
7998,20:29:42:787,3,Severe_Damage,L3_S3,-2192,1656,17350,1589,109,161,0,2482.34
7999,20:29:42:797,3,Severe_Damage,L3_S3,-2118,1680,17574,706,47,19,1,2706.34
8000,20:29:42:807,3,Severe_Damage,L3_S3,-2178,1688,17494,-167,39,-122,0,2626.34
8001,20:29:42:818,3,Severe_Damage,L3_S3,-2084,1614,17208,-1121,-20,-262,0,2340.34
8002,20:29:42:827,3,Severe_Damage,L3_S3,-2048,1536,16738,-1909,-12,-393,0,1870.34
8003,20:29:42:837,3,Severe_Damage,L3_S3,-1956,1366,15998,-2558,-48,-486,0,1130.34
8004,20:29:42:847,3,Severe_Damage,L3_S3,-1746,1216,15296,-2984,-44,-564,1,428.34
8005,20:29:42:857,3,Severe_Damage,L3_S3,-1732,1088,14330,-3111,-26,-573,0,-537.66
8006,20:29:42:867,3,Severe_Damage,L3_S3,-1502,892,13618,-3008,-95,-564,0,-1249.66
8007,20:29:42:877,3,Severe_Damage,L3_S3,-1460,750,13030,-2604,-36,-505,0,-1837.66
8008,20:29:42:887,3,Severe_Damage,L3_S3,-1374,620,12602,-1960,4,-401,0,-2265.66
8009,20:29:42:897,3,Severe_Damage,L3_S3,-1270,610,12306,-1184,-27,-273,1,-2561.66
8010,20:29:42:907,3,Severe_Damage,L3_S3,-1346,600,12340,-336,55,-141,0,-2527.66
8011,20:29:42:917,3,Severe_Damage,L3_S3,-1364,646,12600,553,36,-12,0,-2267.66
8012,20:29:42:927,3,Severe_Damage,L3_S3,-1448,722,12966,1340,78,117,0,-1901.66
8013,20:29:42:937,3,Severe_Damage,L3_S3,-1634,868,13712,1977,88,216,0,-1155.66
8014,20:29:42:947,3,Severe_Damage,L3_S3,-1634,1036,14406,2412,99,269,0,-461.66
8015,20:29:42:957,3,Severe_Damage,L3_S3,-1772,1228,15272,2582,107,307,0,404.34
8016,20:29:42:967,3,Severe_Damage,L3_S3,-1872,1354,15982,2497,112,296,0,1114.34
8017,20:29:42:977,3,Severe_Damage,L3_S3,-2018,1532,17032,1566,44,150,0,2164.34
8018,20:29:42:987,3,Severe_Damage,L3_S3,-2114,1624,17228,883,102,39,0,2360.34
8019,20:29:42:997,3,Severe_Damage,L3_S3,-2088,1644,17248,48,13,-85,0,2380.34
8020,20:29:43:007,3,Severe_Damage,L3_S3,-2064,1556,17060,-775,19,-212,0,2192.34
8021,20:29:43:017,3,Severe_Damage,L3_S3,-1980,1492,16678,-1533,-10,-330,0,1810.34
8022,20:29:43:027,3,Severe_Damage,L3_S3,-1960,1362,16104,-2181,-42,-430,0,1236.34
8023,20:29:43:037,3,Severe_Damage,L3_S3,-1782,1264,15352,-2610,-19,-505,0,484.34
8024,20:29:43:047,3,Severe_Damage,L3_S3,-1692,1048,14662,-2829,-47,-535,0,-205.66
8025,20:29:43:057,3,Severe_Damage,L3_S3,-1596,976,13950,-2758,-43,-519,0,-917.66
8026,20:29:43:067,3,Severe_Damage,L3_S3,-1486,812,13334,-2489,-48,-482,0,-1533.66
8027,20:29:43:077,3,Severe_Damage,L3_S3,-1414,720,12936,-1996,-42,-395,0,-1931.66
8028,20:29:43:087,3,Severe_Damage,L3_S3,-1392,690,12598,-1272,35,-292,0,-2269.66
8029,20:29:43:097,3,Severe_Damage,L3_S3,-1392,620,12552,-559,-20,-171,0,-2315.66
8030,20:29:43:107,3,Severe_Damage,L3_S3,-1432,664,12684,272,94,-54,0,-2183.66
8031,20:29:43:117,3,Severe_Damage,L3_S3,-1464,720,13114,989,41,59,0,-1753.66
8032,20:29:43:127,3,Severe_Damage,L3_S3,-1578,858,13640,1626,80,166,0,-1227.66
8033,20:29:43:137,3,Severe_Damage,L3_S3,-1638,982,14254,2058,97,227,0,-613.66
8034,20:29:43:147,3,Severe_Damage,L3_S3,-1722,1126,14896,2289,85,261,0,28.34
8035,20:29:43:157,3,Severe_Damage,L3_S3,-1866,1300,15674,2262,120,253,0,806.34
8036,20:29:43:167,3,Severe_Damage,L3_S3,-1864,1370,16248,2012,70,222,0,1380.34
8037,20:29:43:177,3,Severe_Damage,L3_S3,-2022,1604,16602,1614,117,159,0,1734.34
8038,20:29:43:187,3,Severe_Damage,L3_S3,-1976,1490,17060,918,28,47,0,2192.34
8039,20:29:43:197,3,Severe_Damage,L3_S3,-2080,1610,16962,250,54,-54,0,2094.34
8040,20:29:43:207,3,Severe_Damage,L3_S3,-2028,1512,16966,-535,32,-181,0,2098.34
8041,20:29:43:217,3,Severe_Damage,L3_S3,-2036,1516,16628,-1206,-8,-275,0,1760.34
8042,20:29:43:227,3,Severe_Damage,L3_S3,-1908,1316,16148,-1856,-7,-378,0,1280.34
8043,20:29:43:238,3,Severe_Damage,L3_S3,-1876,1258,15488,-2254,-32,-446,0,620.34
8044,20:29:43:248,3,Severe_Damage,L3_S3,-1720,1070,14884,-2538,-21,-492,0,16.34
8045,20:29:43:257,3,Severe_Damage,L3_S3,-1562,982,14228,-2516,-46,-482,0,-639.66
8046,20:29:43:267,3,Severe_Damage,L3_S3,-1570,882,13632,-2336,-31,-451,0,-1235.66
8047,20:29:43:277,3,Severe_Damage,L3_S3,-1406,768,13196,-1943,-42,-407,0,-1671.66
8048,20:29:43:287,3,Severe_Damage,L3_S3,-1514,760,12866,-1370,1,-308,0,-2001.66
8049,20:29:43:297,3,Severe_Damage,L3_S3,-1410,692,12752,-688,34,-199,0,-2115.66
8050,20:29:43:307,3,Severe_Damage,L3_S3,-1428,714,12896,6,11,-98,0,-1971.66
8051,20:29:43:317,3,Severe_Damage,L3_S3,-1486,740,13136,704,91,9,0,-1731.66
8052,20:29:43:327,3,Severe_Damage,L3_S3,-1450,874,13544,1285,57,102,0,-1323.66
8053,20:29:43:337,3,Severe_Damage,L3_S3,-1708,966,14244,1734,83,182,0,-623.66
8054,20:29:43:348,3,Severe_Damage,L3_S3,-1728,1114,14776,1994,101,220,0,-91.66
8055,20:29:43:357,3,Severe_Damage,L3_S3,-1814,1204,15364,2027,71,233,0,496.34
8056,20:29:43:367,3,Severe_Damage,L3_S3,-1910,1374,16022,1868,95,194,0,1154.34
8057,20:29:43:377,3,Severe_Damage,L3_S3,-1930,1392,16468,1503,73,140,0,1600.34
8058,20:29:43:387,3,Severe_Damage,L3_S3,-2106,1578,16560,1047,88,72,0,1692.34
8059,20:29:43:397,3,Severe_Damage,L3_S3,-1946,1462,16848,328,19,-46,0,1980.34
8060,20:29:43:407,3,Severe_Damage,L3_S3,-2088,1622,16720,-270,48,-132,0,1852.34
8061,20:29:43:417,3,Severe_Damage,L3_S3,-1944,1412,16586,-973,-13,-242,0,1718.34
8062,20:29:43:427,3,Severe_Damage,L3_S3,-1996,1410,16086,-1502,-2,-325,0,1218.34
8063,20:29:43:438,3,Severe_Damage,L3_S3,-1846,1260,15626,-1982,-33,-404,0,758.34
8064,20:29:43:448,3,Severe_Damage,L3_S3,-1762,1150,14984,-2222,-17,-447,0,116.34
8065,20:29:43:458,3,Severe_Damage,L3_S3,-1728,1010,14434,-2311,-38,-447,0,-433.66
8066,20:29:43:468,3,Severe_Damage,L3_S3,-1576,964,13896,-2169,-25,-427,0,-971.66
8067,20:29:43:478,3,Severe_Damage,L3_S3,-1548,862,13420,-1847,-25,-383,0,-1447.66
8068,20:29:43:487,3,Severe_Damage,L3_S3,-1396,708,13274,-1429,-47,-314,0,-1593.66
8069,20:29:43:497,3,Severe_Damage,L3_S3,-1570,760,12966,-770,81,-221,0,-1901.66
8070,20:29:43:507,3,Severe_Damage,L3_S3,-1338,728,13116,-200,-25,-122,0,-1751.66
8071,20:29:43:517,3,Severe_Damage,L3_S3,-1562,804,13228,468,79,-18,0,-1639.66
8072,20:29:43:527,3,Severe_Damage,L3_S3,-1530,828,13618,990,62,60,0,-1249.66
8073,20:29:43:537,3,Severe_Damage,L3_S3,-1586,996,14094,1449,49,133,0,-773.66
8074,20:29:43:547,3,Severe_Damage,L3_S3,-1734,1032,14696,1705,112,166,0,-171.66
8075,20:29:43:557,3,Severe_Damage,L3_S3,-1768,1182,15194,1812,68,191,0,326.34
8076,20:29:43:567,3,Severe_Damage,L3_S3,-1910,1294,15714,1700,94,166,0,846.34
8077,20:29:43:577,3,Severe_Damage,L3_S3,-1950,1370,16144,1419,70,130,0,1276.34
8078,20:29:43:587,3,Severe_Damage,L3_S3,-2012,1434,16510,1006,67,58,0,1642.34
8079,20:29:43:597,3,Severe_Damage,L3_S3,-2004,1524,16594,490,56,-13,0,1726.34
8080,20:29:43:607,3,Severe_Damage,L3_S3,-1964,1428,16580,-167,6,-116,0,1712.34
8081,20:29:43:617,3,Severe_Damage,L3_S3,-1964,1468,16408,-719,52,-214,0,1540.34
8082,20:29:43:628,3,Severe_Damage,L3_S3,-1876,1422,16092,-1251,-20,-294,0,1224.34
8083,20:29:43:638,3,Severe_Damage,L3_S3,-1848,1262,15676,-1684,-11,-351,0,808.34
8084,20:29:43:648,3,Severe_Damage,L3_S3,-1764,1200,15088,-1958,-2,-409,0,220.34
8085,20:29:43:658,3,Severe_Damage,L3_S3,-1736,1106,14658,-2088,-22,-419,0,-209.66
8086,20:29:43:668,3,Severe_Damage,L3_S3,-1582,1020,14098,-1996,-16,-405,0,-769.66
8087,20:29:43:678,3,Severe_Damage,L3_S3,-1598,880,13724,-1764,-14,-362,0,-1143.66
8088,20:29:43:688,3,Severe_Damage,L3_S3,-1504,830,13292,-1364,-14,-300,0,-1575.66
8089,20:29:43:697,3,Severe_Damage,L3_S3,-1484,698,13290,-907,-8,-231,0,-1577.66
8090,20:29:43:707,3,Severe_Damage,L3_S3,-1516,762,13176,-281,59,-139,0,-1691.66
8091,20:29:43:717,3,Severe_Damage,L3_S3,-1490,768,13414,220,-1,-58,0,-1453.66
8092,20:29:43:727,3,Severe_Damage,L3_S3,-1620,898,13620,776,76,33,0,-1247.66
8093,20:29:43:737,3,Severe_Damage,L3_S3,-1554,950,14078,1165,64,84,0,-789.66
8094,20:29:43:747,3,Severe_Damage,L3_S3,-1652,1066,14458,1468,66,134,0,-409.66
8095,20:29:43:758,3,Severe_Damage,L3_S3,-1764,1124,15088,1577,107,150,0,220.34
8096,20:29:43:767,3,Severe_Damage,L3_S3,-1838,1250,15496,1536,61,147,0,628.34
8097,20:29:43:777,3,Severe_Damage,L3_S3,-1920,1398,15882,1325,89,104,0,1014.34
8098,20:29:43:787,3,Severe_Damage,L3_S3,-1952,1422,16294,966,57,51,0,1426.34
8099,20:29:43:797,3,Severe_Damage,L3_S3,-2028,1396,16464,516,52,-9,0,1596.34
8100,20:29:43:807,3,Severe_Damage,L3_S3,-1962,1494,16400,19,37,-87,0,1532.34
8101,20:29:43:818,3,Severe_Damage,L3_S3,-1964,1412,16376,-570,8,-184,0,1508.34
8102,20:29:43:828,3,Severe_Damage,L3_S3,-1932,1330,16008,-1024,26,-253,0,1140.34
8103,20:29:43:838,3,Severe_Damage,L3_S3,-1834,1338,15636,-1431,-15,-316,0,768.34
8104,20:29:43:848,3,Severe_Damage,L3_S3,-1788,1160,15208,-1729,-11,-364,0,340.34
8105,20:29:43:858,3,Severe_Damage,L3_S3,-1736,1120,14752,-1842,2,-386,0,-115.66
8106,20:29:43:868,3,Severe_Damage,L3_S3,-1636,980,14400,-1847,-34,-371,0,-467.66
8107,20:29:43:878,3,Severe_Damage,L3_S3,-1602,936,13936,-1639,10,-352,0,-931.66
8108,20:29:43:888,3,Severe_Damage,L3_S3,-1556,828,13570,-1337,-12,-301,0,-1297.66
8109,20:29:43:897,3,Severe_Damage,L3_S3,-1568,874,13378,-901,17,-226,0,-1489.66
8110,20:29:43:907,3,Severe_Damage,L3_S3,-1446,780,13424,-448,6,-160,0,-1443.66
8111,20:29:43:917,3,Severe_Damage,L3_S3,-1542,810,13430,114,56,-74,0,-1437.66
8112,20:29:43:927,3,Severe_Damage,L3_S3,-1550,890,13782,537,48,-14,0,-1085.66
8113,20:29:43:937,3,Severe_Damage,L3_S3,-1630,988,13986,958,62,55,0,-881.66
8114,20:29:43:947,3,Severe_Damage,L3_S3,-1688,1022,14508,1218,83,93,0,-359.66
8115,20:29:43:957,3,Severe_Damage,L3_S3,-1678,1104,14932,1375,53,118,0,64.34
8116,20:29:43:968,3,Severe_Damage,L3_S3,-1806,1180,15412,1359,85,119,0,544.34
8117,20:29:43:977,3,Severe_Damage,L3_S3,-1792,1356,15732,1208,66,93,0,864.34
8118,20:29:43:987,3,Severe_Damage,L3_S3,-1904,1332,16078,910,54,44,0,1210.34
8119,20:29:43:997,3,Severe_Damage,L3_S3,-1906,1384,16254,523,54,-13,0,1386.34
8120,20:29:44:007,3,Severe_Damage,L3_S3,-1930,1388,16328,69,31,-81,0,1460.34
8121,20:29:44:018,3,Severe_Damage,L3_S3,-1980,1364,16186,-396,29,-154,0,1318.34
8122,20:29:44:028,3,Severe_Damage,L3_S3,-1900,1350,15934,-873,-1,-225,0,1066.34
8123,20:29:44:038,3,Severe_Damage,L3_S3,-1908,1316,15674,-1238,4,-284,0,806.34
8124,20:29:44:048,3,Severe_Damage,L3_S3,-1742,1192,15340,-1518,-15,-327,0,472.34
8125,20:29:44:058,3,Severe_Damage,L3_S3,-1750,1184,14794,-1648,-12,-344,0,-73.66
8126,20:29:44:068,3,Severe_Damage,L3_S3,-1656,1062,14452,-1670,7,-351,0,-415.66
8127,20:29:44:078,3,Severe_Damage,L3_S3,-1574,948,14066,-1524,-36,-325,0,-801.66
8128,20:29:44:088,3,Severe_Damage,L3_S3,-1590,878,13778,-1270,5,-290,0,-1089.66
8129,20:29:44:097,3,Severe_Damage,L3_S3,-1516,818,13624,-902,1,-236,0,-1243.66
8130,20:29:44:110,3,Severe_Damage,L3_S3,-1584,888,13532,-472,11,-161,0,-1335.66
8131,20:29:44:117,3,Severe_Damage,L3_S3,-1522,826,13622,-18,42,-97,0,-1245.66
8132,20:29:44:127,3,Severe_Damage,L3_S3,-1604,866,13730,420,40,-27,0,-1137.66
8133,20:29:44:137,3,Severe_Damage,L3_S3,-1572,908,14104,777,63,26,0,-763.66
8134,20:29:44:150,3,Severe_Damage,L3_S3,-1648,1046,14440,1055,71,68,0,-427.66
8135,20:29:44:157,3,Severe_Damage,L3_S3,-1734,1116,14904,1195,56,93,0,36.34
8136,20:29:44:167,3,Severe_Damage,L3_S3,-1766,1196,15312,1216,90,89,0,444.34
8137,20:29:44:177,3,Severe_Damage,L3_S3,-1880,1260,15622,1091,61,80,0,754.34
8138,20:29:44:187,3,Severe_Damage,L3_S3,-1888,1322,15890,846,63,33,0,1022.34
8139,20:29:44:197,3,Severe_Damage,L3_S3,-1896,1420,16066,517,50,-15,0,1198.34
8140,20:29:44:207,3,Severe_Damage,L3_S3,-1936,1390,16172,94,37,-78,0,1304.34
8141,20:29:44:218,3,Severe_Damage,L3_S3,-1950,1322,16018,-319,32,-139,0,1150.34
8142,20:29:44:228,3,Severe_Damage,L3_S3,-1930,1374,15912,-746,8,-205,0,1044.34
8143,20:29:44:238,3,Severe_Damage,L3_S3,-1834,1270,15568,-1087,3,-259,0,700.34
8144,20:29:44:248,3,Severe_Damage,L3_S3,-1758,1238,15278,-1362,-14,-301,0,410.34
8145,20:29:44:258,3,Severe_Damage,L3_S3,-1710,1156,14844,-1506,-19,-329,0,-23.66
8146,20:29:44:268,3,Severe_Damage,L3_S3,-1732,1048,14526,-1543,2,-337,0,-341.66
8147,20:29:44:278,3,Severe_Damage,L3_S3,-1626,986,14186,-1428,-8,-312,0,-681.66
8148,20:29:44:288,3,Severe_Damage,L3_S3,-1630,924,13930,-1212,-2,-275,0,-937.66
8149,20:29:44:297,3,Severe_Damage,L3_S3,-1592,920,13738,-879,4,-226,0,-1129.66
8150,20:29:44:308,3,Severe_Damage,L3_S3,-1544,858,13638,-510,11,-172,0,-1229.66
8151,20:29:44:318,3,Severe_Damage,L3_S3,-1530,848,13736,-93,39,-104,0,-1131.66
8152,20:29:44:327,3,Severe_Damage,L3_S3,-1626,894,13946,291,35,-45,0,-921.66
8153,20:29:44:337,3,Severe_Damage,L3_S3,-1646,960,14120,650,57,2,0,-747.66
8154,20:29:44:347,3,Severe_Damage,L3_S3,-1604,1016,14430,909,53,50,0,-437.66
8155,20:29:44:358,3,Severe_Damage,L3_S3,-1732,1108,14766,1062,76,74,0,-101.66
8156,20:29:44:368,3,Severe_Damage,L3_S3,-1804,1150,15198,1093,70,76,0,330.34
8157,20:29:44:378,3,Severe_Damage,L3_S3,-1870,1198,15524,1002,62,62,0,656.34
8158,20:29:44:387,3,Severe_Damage,L3_S3,-1888,1280,15754,792,63,27,0,886.34
8159,20:29:44:397,3,Severe_Damage,L3_S3,-1868,1352,15928,498,36,-23,0,1060.34
8160,20:29:44:407,3,Severe_Damage,L3_S3,-1892,1408,16024,132,47,-75,0,1156.34
8161,20:29:44:418,3,Severe_Damage,L3_S3,-1948,1356,15978,-262,18,-131,0,1110.34
8162,20:29:44:428,3,Severe_Damage,L3_S3,-1886,1310,15870,-630,21,-195,0,1002.34
8163,20:29:44:438,3,Severe_Damage,L3_S3,-1856,1256,15624,-968,6,-242,0,756.34
8164,20:29:44:448,3,Severe_Damage,L3_S3,-1790,1230,15288,-1222,-5,-281,0,420.34
8165,20:29:44:458,3,Severe_Damage,L3_S3,-1704,1144,14968,-1384,-11,-309,0,100.34
8166,20:29:44:468,3,Severe_Damage,L3_S3,-1738,1080,14630,-1422,-13,-304,0,-237.66
8167,20:29:44:478,3,Severe_Damage,L3_S3,-1626,992,14288,-1341,-1,-300,0,-579.66
8168,20:29:44:488,3,Severe_Damage,L3_S3,-1586,932,14092,-1148,-11,-271,0,-775.66
8169,20:29:44:498,3,Severe_Damage,L3_S3,-1574,928,13816,-864,13,-232,0,-1051.66
8170,20:29:44:508,3,Severe_Damage,L3_S3,-1536,888,13780,-523,25,-181,0,-1087.66
8171,20:29:44:518,3,Severe_Damage,L3_S3,-1586,904,13796,-154,34,-121,0,-1071.66
8172,20:29:44:528,3,Severe_Damage,L3_S3,-1572,892,13930,216,48,-65,0,-937.66
8173,20:29:44:537,3,Severe_Damage,L3_S3,-1642,922,14092,534,45,-17,0,-775.66
8174,20:29:44:547,3,Severe_Damage,L3_S3,-1678,974,14498,784,61,24,0,-369.66
8175,20:29:44:557,3,Severe_Damage,L3_S3,-1710,1086,14740,932,65,48,0,-127.66
8176,20:29:44:567,3,Severe_Damage,L3_S3,-1780,1132,15164,977,65,62,0,296.34
8177,20:29:44:577,3,Severe_Damage,L3_S3,-1776,1248,15376,914,60,46,0,508.34
8178,20:29:44:587,3,Severe_Damage,L3_S3,-1858,1292,15662,737,56,15,0,794.34
8179,20:29:44:598,3,Severe_Damage,L3_S3,-1872,1302,15840,472,39,-21,0,972.34
8180,20:29:44:608,3,Severe_Damage,L3_S3,-1904,1326,15898,154,52,-69,0,1030.34
8181,20:29:44:618,3,Severe_Damage,L3_S3,-1862,1338,15892,-205,23,-117,0,1024.34
8182,20:29:44:628,3,Severe_Damage,L3_S3,-1904,1290,15764,-554,29,-174,0,896.34
8183,20:29:44:638,3,Severe_Damage,L3_S3,-1830,1208,15546,-864,0,-227,0,678.34
8184,20:29:44:648,3,Severe_Damage,L3_S3,-1772,1176,15254,-1109,0,-268,0,386.34
8185,20:29:44:658,3,Severe_Damage,L3_S3,-1734,1108,15014,-1258,4,-296,0,146.34
8186,20:29:44:668,3,Severe_Damage,L3_S3,-1648,1080,14682,-1309,-1,-297,0,-185.66
8187,20:29:44:678,3,Severe_Damage,L3_S3,-1670,1016,14302,-1239,18,-288,0,-565.66
8188,20:29:44:688,3,Severe_Damage,L3_S3,-1616,992,14112,-1084,-16,-263,0,-755.66
8189,20:29:44:698,3,Severe_Damage,L3_S3,-1614,904,14020,-833,26,-222,0,-847.66
8190,20:29:44:708,3,Severe_Damage,L3_S3,-1580,886,13928,-543,13,-180,0,-939.66
8191,20:29:44:718,3,Severe_Damage,L3_S3,-1556,906,13930,-198,28,-122,0,-937.66
8192,20:29:44:728,3,Severe_Damage,L3_S3,-1580,954,13964,125,44,-74,0,-903.66
8193,20:29:44:738,3,Severe_Damage,L3_S3,-1596,976,14236,437,47,-20,0,-631.66
8194,20:29:44:747,3,Severe_Damage,L3_S3,-1642,998,14432,665,60,9,0,-435.66
8195,20:29:44:758,3,Severe_Damage,L3_S3,-1728,1102,14724,824,55,27,0,-143.66
8196,20:29:44:768,3,Severe_Damage,L3_S3,-1732,1178,15008,869,58,41,0,140.34
8197,20:29:44:778,3,Severe_Damage,L3_S3,-1808,1214,15328,825,63,33,0,460.34
8198,20:29:44:788,3,Severe_Damage,L3_S3,-1830,1244,15548,677,64,10,0,680.34
8199,20:29:44:798,3,Severe_Damage,L3_S3,-1900,1290,15758,450,54,-22,0,890.34
8200,20:29:44:808,3,Severe_Damage,L3_S3,-1876,1324,15804,161,19,-66,0,936.34
8201,20:29:44:818,3,Severe_Damage,L3_S3,-1900,1314,15794,-159,47,-118,0,926.34
8202,20:29:44:828,3,Severe_Damage,L3_S3,-1882,1290,15670,-477,-5,-167,0,802.34
8203,20:29:44:838,3,Severe_Damage,L3_S3,-1862,1258,15556,-768,15,-211,0,688.34
8204,20:29:44:848,3,Severe_Damage,L3_S3,-1810,1222,15222,-992,5,-248,0,354.34
8205,20:29:44:858,3,Severe_Damage,L3_S3,-1738,1152,15004,-1147,-10,-274,0,136.34
8206,20:29:44:868,3,Severe_Damage,L3_S3,-1736,1120,14768,-1207,13,-280,0,-99.66
8207,20:29:44:878,3,Severe_Damage,L3_S3,-1714,1060,14480,-1171,5,-277,0,-387.66
8208,20:29:44:888,3,Severe_Damage,L3_S3,-1630,1010,14262,-1024,11,-257,0,-605.66
8209,20:29:44:898,3,Severe_Damage,L3_S3,-1646,922,14050,-818,8,-216,0,-817.66
8210,20:29:44:908,3,Severe_Damage,L3_S3,-1570,930,13916,-541,12,-172,0,-951.66
8211,20:29:44:918,3,Severe_Damage,L3_S3,-1594,934,13952,-248,29,-131,0,-915.66
8212,20:29:44:928,3,Severe_Damage,L3_S3,-1634,922,14046,62,39,-82,0,-821.66
8213,20:29:44:938,3,Severe_Damage,L3_S3,-1662,986,14224,342,46,-43,0,-643.66
8214,20:29:44:948,3,Severe_Damage,L3_S3,-1726,1032,14448,568,49,-4,0,-419.66
8215,20:29:44:958,3,Severe_Damage,L3_S3,-1696,1082,14738,712,51,18,0,-129.66
8216,20:29:44:968,3,Severe_Damage,L3_S3,-1736,1142,15036,783,56,26,0,168.34
8217,20:29:44:978,3,Severe_Damage,L3_S3,-1790,1172,15286,744,55,20,0,418.34
8218,20:29:44:988,3,Severe_Damage,L3_S3,-1786,1256,15488,620,54,6,0,620.34
8219,20:29:44:998,3,Severe_Damage,L3_S3,-1824,1334,15720,414,47,-22,0,852.34
8220,20:29:45:008,3,Severe_Damage,L3_S3,-1826,1264,15702,165,30,-62,0,834.34
8221,20:29:45:018,3,Severe_Damage,L3_S3,-1898,1270,15706,-133,52,-118,0,838.34
8222,20:29:45:028,3,Severe_Damage,L3_S3,-1834,1250,15606,-416,10,-158,0,738.34
8223,20:29:45:038,3,Severe_Damage,L3_S3,-1810,1234,15504,-686,24,-201,0,636.34
8224,20:29:45:048,3,Severe_Damage,L3_S3,-1770,1180,15240,-904,-1,-237,0,372.34
8225,20:29:45:058,3,Severe_Damage,L3_S3,-1724,1118,15046,-1048,-10,-256,0,178.34
8226,20:29:45:068,3,Severe_Damage,L3_S3,-1708,1102,14774,-1112,16,-264,0,-93.66
8227,20:29:45:078,3,Severe_Damage,L3_S3,-1686,1034,14522,-1086,2,-256,0,-345.66
8228,20:29:45:088,3,Severe_Damage,L3_S3,-1712,1004,14310,-972,32,-243,0,-557.66
8229,20:29:45:098,3,Severe_Damage,L3_S3,-1620,964,14144,-788,3,-215,0,-723.66
8230,20:29:45:109,3,Severe_Damage,L3_S3,-1628,924,14080,-550,34,-177,0,-787.66
8231,20:29:45:118,3,Severe_Damage,L3_S3,-1624,936,14040,-276,24,-134,0,-827.66
8232,20:29:45:128,3,Severe_Damage,L3_S3,-1642,988,14086,3,46,-96,0,-781.66
8233,20:29:45:138,3,Severe_Damage,L3_S3,-1670,962,14276,261,44,-56,0,-591.66
8234,20:29:45:148,3,Severe_Damage,L3_S3,-1668,1012,14422,472,47,-22,0,-445.66
8235,20:29:45:158,3,Severe_Damage,L3_S3,-1692,1052,14662,621,62,-3,0,-205.66
8236,20:29:45:168,3,Severe_Damage,L3_S3,-1732,1088,14934,679,54,17,0,66.34
8237,20:29:45:178,3,Severe_Damage,L3_S3,-1740,1186,15130,667,58,12,0,262.34
8238,20:29:45:188,3,Severe_Damage,L3_S3,-1848,1202,15388,561,48,-6,0,520.34
8239,20:29:45:198,3,Severe_Damage,L3_S3,-1872,1294,15492,394,43,-29,0,624.34
8240,20:29:45:208,3,Severe_Damage,L3_S3,-1886,1286,15560,157,43,-68,0,692.34
8241,20:29:45:218,3,Severe_Damage,L3_S3,-1820,1328,15664,-94,23,-107,0,796.34
8242,20:29:45:228,3,Severe_Damage,L3_S3,-1864,1234,15606,-364,34,-150,0,738.34
8243,20:29:45:238,3,Severe_Damage,L3_S3,-1834,1202,15518,-601,4,-182,0,650.34
8244,20:29:45:248,3,Severe_Damage,L3_S3,-1806,1166,15290,-815,16,-219,0,422.34
8245,20:29:45:258,3,Severe_Damage,L3_S3,-1750,1168,15032,-955,8,-239,0,164.34
8246,20:29:45:268,3,Severe_Damage,L3_S3,-1756,1110,14844,-1024,-8,-253,0,-23.66
8247,20:29:45:278,3,Severe_Damage,L3_S3,-1688,1070,14628,-1009,20,-252,0,-239.66
8248,20:29:45:288,3,Severe_Damage,L3_S3,-1718,1008,14390,-920,14,-232,0,-477.66
8249,20:29:45:298,3,Severe_Damage,L3_S3,-1652,940,14188,-756,6,-212,0,-679.66
8250,20:29:45:308,3,Severe_Damage,L3_S3,-1640,992,14180,-545,26,-175,0,-687.66
8251,20:29:45:318,3,Severe_Damage,L3_S3,-1632,980,14086,-299,22,-143,0,-781.66
8252,20:29:45:328,3,Severe_Damage,L3_S3,-1560,922,14252,-43,34,-111,0,-615.66
8253,20:29:45:338,3,Severe_Damage,L3_S3,-1664,990,14336,201,39,-69,0,-531.66
8254,20:29:45:348,3,Severe_Damage,L3_S3,-1666,1012,14488,396,46,-35,0,-379.66
8255,20:29:45:358,3,Severe_Damage,L3_S3,-1706,1050,14718,527,51,-12,0,-149.66
8256,20:29:45:368,3,Severe_Damage,L3_S3,-1768,1070,14880,601,51,-1,0,12.34
8257,20:29:45:378,3,Severe_Damage,L3_S3,-1730,1152,15144,591,57,-9,0,276.34
8258,20:29:45:388,3,Severe_Damage,L3_S3,-1820,1208,15392,509,48,-18,0,524.34
8259,20:29:45:398,3,Severe_Damage,L3_S3,-1814,1216,15522,355,51,-45,0,654.34
8260,20:29:45:408,3,Severe_Damage,L3_S3,-1826,1236,15550,153,38,-64,0,682.34
8261,20:29:45:418,3,Severe_Damage,L3_S3,-1876,1308,15588,-81,32,-99,0,720.34
8262,20:29:45:428,3,Severe_Damage,L3_S3,-1820,1240,15506,-321,20,-146,0,638.34
8263,20:29:45:438,3,Severe_Damage,L3_S3,-1788,1232,15358,-554,22,-175,0,490.34
8264,20:29:45:448,3,Severe_Damage,L3_S3,-1784,1204,15222,-736,19,-213,0,354.34
8265,20:29:45:458,3,Severe_Damage,L3_S3,-1756,1174,14988,-879,10,-225,0,120.34
8266,20:29:45:468,3,Severe_Damage,L3_S3,-1776,1168,14830,-946,10,-245,0,-37.66
8267,20:29:45:478,3,Severe_Damage,L3_S3,-1726,1062,14644,-943,2,-244,0,-223.66
8268,20:29:45:488,3,Severe_Damage,L3_S3,-1644,1054,14418,-866,15,-227,0,-449.66
8269,20:29:45:498,3,Severe_Damage,L3_S3,-1616,994,14302,-723,18,-199,0,-565.66
8270,20:29:45:508,3,Severe_Damage,L3_S3,-1636,964,14160,-539,20,-174,0,-707.66
8271,20:29:45:518,3,Severe_Damage,L3_S3,-1614,998,14228,-312,31,-141,0,-639.66
8272,20:29:45:528,3,Severe_Damage,L3_S3,-1630,988,14272,-78,27,-104,0,-595.66
8273,20:29:45:538,3,Severe_Damage,L3_S3,-1616,984,14338,138,34,-65,0,-529.66
8274,20:29:45:548,3,Severe_Damage,L3_S3,-1658,1050,14506,321,44,-45,0,-361.66
8275,20:29:45:558,3,Severe_Damage,L3_S3,-1710,1084,14728,453,45,-25,0,-139.66
8276,20:29:45:568,3,Severe_Damage,L3_S3,-1758,1086,14874,527,54,-19,0,6.34
8277,20:29:45:578,3,Severe_Damage,L3_S3,-1774,1148,15130,529,43,-18,0,262.34
8278,20:29:45:588,3,Severe_Damage,L3_S3,-1764,1202,15298,458,57,-19,0,430.34
8279,20:29:45:598,3,Severe_Damage,L3_S3,-1856,1248,15424,321,38,-36,0,556.34
8280,20:29:45:608,3,Severe_Damage,L3_S3,-1800,1232,15504,149,45,-75,0,636.34
8281,20:29:45:618,3,Severe_Damage,L3_S3,-1792,1206,15528,-66,29,-102,0,660.34
8282,20:29:45:628,3,Severe_Damage,L3_S3,-1902,1248,15398,-284,29,-133,0,530.34
8283,20:29:45:638,3,Severe_Damage,L3_S3,-1814,1236,15402,-493,16,-173,0,534.34
8284,20:29:45:648,3,Severe_Damage,L3_S3,-1790,1252,15246,-672,10,-192,0,378.34
8285,20:29:45:658,3,Severe_Damage,L3_S3,-1756,1166,15022,-804,11,-217,0,154.34
8286,20:29:45:668,3,Severe_Damage,L3_S3,-1712,1180,14862,-874,10,-227,0,-5.66
8287,20:29:45:678,3,Severe_Damage,L3_S3,-1702,1108,14664,-879,11,-229,0,-203.66
8288,20:29:45:688,3,Severe_Damage,L3_S3,-1648,1054,14490,-815,20,-218,0,-377.66
8289,20:29:45:698,3,Severe_Damage,L3_S3,-1694,1018,14358,-696,19,-203,0,-509.66
8290,20:29:45:708,3,Severe_Damage,L3_S3,-1610,994,14230,-528,24,-178,0,-637.66
8291,20:29:45:718,3,Severe_Damage,L3_S3,-1658,1034,14258,-321,21,-139,0,-609.66
8292,20:29:45:728,3,Severe_Damage,L3_S3,-1686,1024,14216,-117,32,-109,0,-651.66
8293,20:29:45:738,3,Severe_Damage,L3_S3,-1666,1014,14362,87,42,-82,0,-505.66
8294,20:29:45:748,3,Severe_Damage,L3_S3,-1732,954,14530,256,39,-56,0,-337.66
8295,20:29:45:758,3,Severe_Damage,L3_S3,-1696,1048,14618,388,54,-37,0,-249.66
8296,20:29:45:768,3,Severe_Damage,L3_S3,-1738,1100,14878,459,44,-27,0,10.34
8297,20:29:45:778,3,Severe_Damage,L3_S3,-1754,1120,15086,461,50,-21,0,218.34
8298,20:29:45:788,3,Severe_Damage,L3_S3,-1772,1146,15198,411,43,-31,0,330.34
8299,20:29:45:798,3,Severe_Damage,L3_S3,-1818,1162,15256,294,29,-41,0,388.34
8300,20:29:45:808,3,Severe_Damage,L3_S3,-1830,1240,15408,141,41,-71,0,540.34
8301,20:29:45:818,3,Severe_Damage,L3_S3,-1818,1250,15492,-55,35,-106,0,624.34
8302,20:29:45:828,3,Severe_Damage,L3_S3,-1816,1224,15474,-255,30,-133,0,606.34
8303,20:29:45:838,3,Severe_Damage,L3_S3,-1792,1178,15444,-453,21,-164,0,576.34
8304,20:29:45:848,3,Severe_Damage,L3_S3,-1820,1156,15250,-609,10,-186,0,382.34
8305,20:29:45:858,3,Severe_Damage,L3_S3,-1794,1156,15064,-741,15,-201,0,196.34
8306,20:29:45:868,3,Severe_Damage,L3_S3,-1702,1160,14848,-802,14,-222,0,-19.66
8307,20:29:45:878,3,Severe_Damage,L3_S3,-1706,1062,14630,-827,10,-225,0,-237.66
8308,20:29:45:888,3,Severe_Damage,L3_S3,-1670,1018,14582,-757,17,-210,0,-285.66
8309,20:29:45:898,3,Severe_Damage,L3_S3,-1620,990,14406,-658,12,-196,0,-461.66
8310,20:29:45:908,3,Severe_Damage,L3_S3,-1648,1036,14348,-503,26,-167,0,-519.66
8311,20:29:45:918,3,Severe_Damage,L3_S3,-1660,1034,14270,-331,25,-142,0,-597.66
8312,20:29:45:928,3,Severe_Damage,L3_S3,-1654,994,14406,-139,28,-114,0,-461.66
8313,20:29:45:938,3,Severe_Damage,L3_S3,-1638,1066,14430,45,42,-79,0,-437.66
8314,20:29:45:948,3,Severe_Damage,L3_S3,-1676,1028,14522,211,48,-60,0,-345.66
8315,20:29:45:958,3,Severe_Damage,L3_S3,-1674,1044,14712,328,42,-39,0,-155.66
8316,20:29:45:968,3,Severe_Damage,L3_S3,-1716,1132,14866,397,50,-33,0,-1.66
8317,20:29:45:978,3,Severe_Damage,L3_S3,-1792,1132,14986,408,47,-27,0,118.34
8318,20:29:45:988,3,Severe_Damage,L3_S3,-1772,1168,15222,372,49,-32,0,354.34
8319,20:29:45:998,3,Severe_Damage,L3_S3,-1802,1142,15276,271,44,-53,0,408.34
8320,20:29:46:008,3,Severe_Damage,L3_S3,-1784,1224,15412,118,35,-70,0,544.34
8321,20:29:46:018,3,Severe_Damage,L3_S3,-1808,1230,15440,-48,37,-105,0,572.34
8322,20:29:46:028,3,Severe_Damage,L3_S3,-1806,1212,15384,-239,31,-123,0,516.34
8323,20:29:46:038,3,Severe_Damage,L3_S3,-1836,1198,15356,-409,19,-160,0,488.34
8324,20:29:46:048,3,Severe_Damage,L3_S3,-1810,1240,15300,-567,25,-186,0,432.34
8325,20:29:46:058,3,Severe_Damage,L3_S3,-1788,1138,15056,-683,9,-200,0,188.34
8326,20:29:46:068,3,Severe_Damage,L3_S3,-1716,1080,14878,-747,18,-218,0,10.34
8327,20:29:46:078,3,Severe_Damage,L3_S3,-1710,1154,14752,-766,14,-212,0,-115.66
8328,20:29:46:088,3,Severe_Damage,L3_S3,-1696,1044,14586,-727,15,-204,0,-281.66
8329,20:29:46:098,3,Severe_Damage,L3_S3,-1684,1054,14528,-629,19,-188,0,-339.66
8330,20:29:46:108,3,Severe_Damage,L3_S3,-1652,1062,14326,-493,18,-167,0,-541.66
8331,20:29:46:118,3,Severe_Damage,L3_S3,-1636,986,14392,-333,28,-144,0,-475.66
8332,20:29:46:128,3,Severe_Damage,L3_S3,-1620,1008,14378,-163,29,-121,0,-489.66
8333,20:29:46:138,3,Severe_Damage,L3_S3,-1692,1040,14418,8,33,-92,0,-449.66
8334,20:29:46:148,3,Severe_Damage,L3_S3,-1682,1030,14554,157,43,-66,0,-313.66
8335,20:29:46:158,3,Severe_Damage,L3_S3,-1742,1100,14682,276,39,-46,0,-185.66
8336,20:29:46:168,3,Severe_Damage,L3_S3,-1736,1136,14844,346,51,-47,0,-23.66
8337,20:29:46:178,3,Severe_Damage,L3_S3,-1714,1162,15036,356,41,-38,0,168.34
8338,20:29:46:188,3,Severe_Damage,L3_S3,-1798,1206,15102,322,43,-37,0,234.34
8339,20:29:46:198,3,Severe_Damage,L3_S3,-1820,1172,15240,233,38,-61,0,372.34
8340,20:29:46:208,3,Severe_Damage,L3_S3,-1852,1200,15362,103,36,-78,0,494.34
8341,20:29:46:218,3,Severe_Damage,L3_S3,-1824,1224,15302,-46,37,-98,0,434.34
8342,20:29:46:228,3,Severe_Damage,L3_S3,-1764,1192,15372,-213,25,-121,0,504.34
8343,20:29:46:238,3,Severe_Damage,L3_S3,-1802,1162,15246,-377,22,-151,0,378.34
8344,20:29:46:248,3,Severe_Damage,L3_S3,-1816,1150,15172,-527,17,-172,0,304.34
8345,20:29:46:258,3,Severe_Damage,L3_S3,-1764,1152,15062,-631,10,-189,0,194.34
8346,20:29:46:268,3,Severe_Damage,L3_S3,-1784,1098,14962,-694,13,-201,0,94.34
8347,20:29:46:278,3,Severe_Damage,L3_S3,-1736,1082,14780,-718,15,-205,0,-87.66
8348,20:29:46:288,3,Severe_Damage,L3_S3,-1734,1088,14622,-682,15,-203,0,-245.66
8349,20:29:46:298,3,Severe_Damage,L3_S3,-1718,1040,14488,-605,12,-186,0,-379.66
8350,20:29:46:308,3,Severe_Damage,L3_S3,-1664,1024,14500,-482,28,-173,0,-367.66
8351,20:29:46:318,3,Severe_Damage,L3_S3,-1688,980,14416,-346,23,-148,0,-451.66
8352,20:29:46:328,3,Severe_Damage,L3_S3,-1646,1004,14404,-177,31,-122,0,-463.66
8353,20:29:46:338,3,Severe_Damage,L3_S3,-1666,1044,14466,-29,25,-98,0,-401.66
8354,20:29:46:348,3,Severe_Damage,L3_S3,-1660,1070,14504,124,38,-73,0,-363.66
8355,20:29:46:358,3,Severe_Damage,L3_S3,-1732,1064,14730,226,42,-64,0,-137.66
8356,20:29:46:368,3,Severe_Damage,L3_S3,-1726,1078,14830,298,35,-42,0,-37.66
8357,20:29:46:378,3,Severe_Damage,L3_S3,-1722,1104,14990,312,49,-48,0,122.34
8358,20:29:46:388,3,Severe_Damage,L3_S3,-1772,1114,15110,286,42,-43,0,242.34
8359,20:29:46:398,3,Severe_Damage,L3_S3,-1802,1184,15232,208,50,-63,0,364.34
8360,20:29:46:408,3,Severe_Damage,L3_S3,-1768,1166,15286,91,35,-83,0,418.34
8361,20:29:46:418,3,Severe_Damage,L3_S3,-1800,1206,15400,-48,33,-110,0,532.34
8362,20:29:46:428,3,Severe_Damage,L3_S3,-1810,1202,15288,-200,29,-123,0,420.34
8363,20:29:46:438,3,Severe_Damage,L3_S3,-1808,1216,15282,-347,20,-150,0,414.34
8364,20:29:46:448,3,Severe_Damage,L3_S3,-1782,1152,15178,-475,23,-170,0,310.34
8365,20:29:46:458,3,Severe_Damage,L3_S3,-1732,1100,15046,-579,22,-183,0,178.34
8366,20:29:46:468,3,Severe_Damage,L3_S3,-1750,1100,14934,-656,18,-186,0,66.34
8367,20:29:46:478,3,Severe_Damage,L3_S3,-1682,1100,14832,-673,17,-196,0,-35.66
8368,20:29:46:488,3,Severe_Damage,L3_S3,-1704,1072,14670,-646,13,-187,0,-197.66
8369,20:29:46:498,3,Severe_Damage,L3_S3,-1746,1024,14556,-570,19,-179,0,-311.66
8370,20:29:46:508,3,Severe_Damage,L3_S3,-1650,1060,14534,-466,20,-160,0,-333.66
8371,20:29:46:518,3,Severe_Damage,L3_S3,-1660,996,14494,-332,22,-143,0,-373.66
8372,20:29:46:528,3,Severe_Damage,L3_S3,-1726,1010,14436,-186,26,-122,0,-431.66
8373,20:29:46:538,3,Severe_Damage,L3_S3,-1642,1006,14532,-44,37,-96,0,-335.66
8374,20:29:46:548,3,Severe_Damage,L3_S3,-1748,1072,14620,82,44,-84,0,-247.66
8375,20:29:46:558,3,Severe_Damage,L3_S3,-1744,1038,14708,187,38,-67,0,-159.66
8376,20:29:46:568,3,Severe_Damage,L3_S3,-1712,1070,14834,247,44,-52,0,-33.66
8377,20:29:46:578,3,Severe_Damage,L3_S3,-1794,1116,14998,269,47,-53,0,130.34
8378,20:29:46:588,3,Severe_Damage,L3_S3,-1760,1130,15076,243,46,-52,0,208.34
8379,20:29:46:598,3,Severe_Damage,L3_S3,-1792,1186,15168,184,40,-64,0,300.34
8380,20:29:46:608,3,Severe_Damage,L3_S3,-1804,1148,15200,79,34,-86,0,332.34
8381,20:29:46:618,3,Severe_Damage,L3_S3,-1778,1180,15250,-47,32,-103,0,382.34
8382,20:29:46:628,3,Severe_Damage,L3_S3,-1798,1188,15270,-187,25,-122,0,402.34
8383,20:29:46:638,3,Severe_Damage,L3_S3,-1798,1180,15192,-321,29,-143,0,324.34
8384,20:29:46:648,3,Severe_Damage,L3_S3,-1826,1162,15140,-454,20,-157,0,272.34
8385,20:29:46:658,3,Severe_Damage,L3_S3,-1780,1206,15074,-543,17,-176,0,206.34
8386,20:29:46:668,3,Severe_Damage,L3_S3,-1716,1128,14954,-602,13,-192,0,86.34
8387,20:29:46:678,3,Severe_Damage,L3_S3,-1750,1094,14790,-631,8,-194,0,-77.66
8388,20:29:46:688,3,Severe_Damage,L3_S3,-1648,1046,14646,-609,22,-189,0,-221.66
8389,20:29:46:698,3,Severe_Damage,L3_S3,-1662,1046,14592,-547,17,-180,0,-275.66
8390,20:29:46:708,3,Severe_Damage,L3_S3,-1672,1052,14534,-455,27,-164,0,-333.66
8391,20:29:46:718,3,Severe_Damage,L3_S3,-1654,1016,14494,-332,28,-144,0,-373.66
8392,20:29:46:728,3,Severe_Damage,L3_S3,-1672,1054,14504,-211,24,-122,0,-363.66
8393,20:29:46:738,3,Severe_Damage,L3_S3,-1644,1038,14498,-68,38,-104,0,-369.66
8394,20:29:46:748,3,Severe_Damage,L3_S3,-1726,1044,14614,44,26,-87,0,-253.66
8395,20:29:46:758,3,Severe_Damage,L3_S3,-1722,1110,14714,142,48,-68,0,-153.66
8396,20:29:46:768,3,Severe_Damage,L3_S3,-1720,1104,14806,204,39,-64,0,-61.66
8397,20:29:46:778,3,Severe_Damage,L3_S3,-1730,1098,14958,231,47,-61,0,90.34
8398,20:29:46:788,3,Severe_Damage,L3_S3,-1774,1128,15096,212,43,-61,0,228.34
8399,20:29:46:798,3,Severe_Damage,L3_S3,-1772,1110,15126,154,37,-66,0,258.34
8400,20:29:46:808,3,Severe_Damage,L3_S3,-1752,1168,15236,59,43,-87,0,368.34
8401,20:29:46:818,3,Severe_Damage,L3_S3,-1784,1202,15210,-52,36,-102,0,342.34
8402,20:29:46:828,3,Severe_Damage,L3_S3,-1760,1148,15296,-175,32,-124,0,428.34
8403,20:29:46:838,3,Severe_Damage,L3_S3,-1750,1138,15256,-305,26,-137,0,388.34
8404,20:29:46:848,3,Severe_Damage,L3_S3,-1788,1164,15116,-412,29,-157,0,248.34
8405,20:29:46:858,3,Severe_Damage,L3_S3,-1818,1156,14996,-510,17,-167,0,128.34
8406,20:29:46:868,3,Severe_Damage,L3_S3,-1776,1136,14932,-565,14,-181,0,64.34
8407,20:29:46:878,3,Severe_Damage,L3_S3,-1712,1124,14872,-597,14,-191,0,4.34
8408,20:29:46:889,3,Severe_Damage,L3_S3,-1692,1054,14662,-576,17,-180,0,-205.66
8409,20:29:46:899,3,Severe_Damage,L3_S3,-1660,1026,14624,-520,13,-164,0,-243.66
8410,20:29:46:908,3,Severe_Damage,L3_S3,-1702,1060,14562,-435,23,-150,0,-305.66
8411,20:29:46:919,3,Severe_Damage,L3_S3,-1660,1056,14570,-329,24,-142,0,-297.66
8412,20:29:46:929,3,Severe_Damage,L3_S3,-1626,1064,14550,-207,27,-124,0,-317.66
8413,20:29:46:939,3,Severe_Damage,L3_S3,-1684,1004,14548,-93,36,-109,0,-319.66
8414,20:29:46:948,3,Severe_Damage,L3_S3,-1714,1044,14572,18,33,-85,0,-295.66
8415,20:29:46:958,3,Severe_Damage,L3_S3,-1696,1038,14662,108,33,-80,0,-205.66
8416,20:29:46:968,3,Severe_Damage,L3_S3,-1782,1150,14784,172,36,-68,0,-83.66
8417,20:29:46:978,3,Severe_Damage,L3_S3,-1776,1142,14896,194,40,-65,0,28.34
8418,20:29:46:988,3,Severe_Damage,L3_S3,-1768,1136,14948,176,39,-66,0,80.34
8419,20:29:46:998,3,Severe_Damage,L3_S3,-1762,1138,15134,126,37,-77,0,266.34
8420,20:29:47:008,3,Severe_Damage,L3_S3,-1800,1194,15166,44,30,-84,0,298.34
8421,20:29:47:018,3,Severe_Damage,L3_S3,-1780,1180,15240,-54,36,-97,0,372.34
8422,20:29:47:028,3,Severe_Damage,L3_S3,-1778,1140,15230,-166,29,-119,0,362.34
8423,20:29:47:038,3,Severe_Damage,L3_S3,-1746,1176,15196,-285,19,-133,0,328.34
8424,20:29:47:048,3,Severe_Damage,L3_S3,-1774,1130,15192,-389,23,-150,0,324.34
8425,20:29:47:059,3,Severe_Damage,L3_S3,-1794,1124,15080,-477,21,-166,0,212.34
8426,20:29:47:069,3,Severe_Damage,L3_S3,-1746,1110,14968,-535,12,-175,0,100.34
8427,20:29:47:078,3,Severe_Damage,L3_S3,-1774,1082,14812,-553,15,-171,0,-55.66
8428,20:29:47:089,3,Severe_Damage,L3_S3,-1744,1084,14806,-546,16,-171,0,-61.66
8429,20:29:47:099,3,Severe_Damage,L3_S3,-1748,1100,14682,-496,21,-172,0,-185.66
8430,20:29:47:109,3,Severe_Damage,L3_S3,-1762,1010,14666,-428,25,-159,0,-201.66
8431,20:29:47:118,3,Severe_Damage,L3_S3,-1684,1038,14516,-334,25,-153,0,-351.66
8432,20:29:47:128,3,Severe_Damage,L3_S3,-1704,1010,14546,-222,26,-128,0,-321.66
8433,20:29:47:139,3,Severe_Damage,L3_S3,-1666,1066,14574,-111,29,-117,0,-293.66
8434,20:29:47:148,3,Severe_Damage,L3_S3,-1670,1056,14658,-10,36,-99,0,-209.66
8435,20:29:47:158,3,Severe_Damage,L3_S3,-1672,1062,14744,75,38,-73,0,-123.66
8436,20:29:47:168,3,Severe_Damage,L3_S3,-1696,1100,14800,130,40,-70,0,-67.66
8437,20:29:47:179,3,Severe_Damage,L3_S3,-1740,1114,14900,158,38,-66,0,32.34
8438,20:29:47:188,3,Severe_Damage,L3_S3,-1736,1140,15016,146,32,-68,0,148.34
8439,20:29:47:198,3,Severe_Damage,L3_S3,-1772,1164,15062,104,44,-83,0,194.34
8440,20:29:47:208,3,Severe_Damage,L3_S3,-1754,1192,15170,32,42,-96,0,302.34
8441,20:29:47:218,3,Severe_Damage,L3_S3,-1838,1182,15222,-51,36,-103,0,354.34
8442,20:29:47:229,3,Severe_Damage,L3_S3,-1760,1162,15124,-160,33,-120,0,256.34
8443,20:29:47:239,3,Severe_Damage,L3_S3,-1830,1114,15154,-262,26,-134,0,286.34
8444,20:29:47:249,3,Severe_Damage,L3_S3,-1740,1170,15118,-365,20,-153,0,250.34
8445,20:29:47:259,3,Severe_Damage,L3_S3,-1780,1146,15012,-440,19,-164,0,144.34
8446,20:29:47:269,3,Severe_Damage,L3_S3,-1758,1160,14950,-498,18,-169,0,82.34
8447,20:29:47:279,3,Severe_Damage,L3_S3,-1746,1096,14844,-524,21,-172,0,-23.66
8448,20:29:47:289,3,Severe_Damage,L3_S3,-1656,1084,14766,-518,13,-174,0,-101.66
8449,20:29:47:299,3,Severe_Damage,L3_S3,-1700,1054,14666,-478,23,-168,0,-201.66
8450,20:29:47:309,3,Severe_Damage,L3_S3,-1708,1052,14590,-415,22,-155,0,-277.66
8451,20:29:47:319,3,Severe_Damage,L3_S3,-1666,1012,14630,-323,26,-145,0,-237.66
8452,20:29:47:329,3,Severe_Damage,L3_S3,-1676,1098,14626,-223,29,-133,0,-241.66
8453,20:29:47:339,3,Severe_Damage,L3_S3,-1686,1052,14564,-124,25,-110,0,-303.66
8454,20:29:47:348,3,Severe_Damage,L3_S3,-1712,1032,14594,-25,33,-96,0,-273.66
8455,20:29:47:358,3,Severe_Damage,L3_S3,-1702,1052,14720,45,39,-92,0,-147.66
8456,20:29:47:368,3,Severe_Damage,L3_S3,-1720,1136,14818,98,34,-77,0,-49.66
8457,20:29:47:378,3,Severe_Damage,L3_S3,-1722,1102,14938,125,40,-86,0,70.34
8458,20:29:47:389,3,Severe_Damage,L3_S3,-1782,1112,15022,118,36,-72,0,154.34
8459,20:29:47:398,3,Severe_Damage,L3_S3,-1826,1136,15068,89,35,-82,0,200.34
8460,20:29:47:408,3,Severe_Damage,L3_S3,-1730,1144,15134,19,35,-101,0,266.34
8461,20:29:47:419,3,Severe_Damage,L3_S3,-1794,1176,15156,-55,29,-102,0,288.34
8462,20:29:47:429,3,Severe_Damage,L3_S3,-1776,1138,15210,-154,31,-123,0,342.34
8463,20:29:47:439,3,Severe_Damage,L3_S3,-1770,1156,15114,-255,26,-127,0,246.34
8464,20:29:47:449,3,Severe_Damage,L3_S3,-1758,1158,15088,-349,24,-136,0,220.34
8465,20:29:47:459,3,Severe_Damage,L3_S3,-1772,1166,14996,-412,24,-152,0,128.34
8466,20:29:47:469,3,Severe_Damage,L3_S3,-1784,1152,14916,-468,23,-173,0,48.34
8467,20:29:47:479,3,Severe_Damage,L3_S3,-1746,1152,14868,-489,24,-170,0,0.34
8468,20:29:47:489,3,Severe_Damage,L3_S3,-1678,1116,14792,-493,20,-169,0,-75.66
8469,20:29:47:499,3,Severe_Damage,L3_S3,-1702,1034,14648,-454,18,-157,0,-219.66
8470,20:29:47:509,3,Severe_Damage,L3_S3,-1694,1026,14664,-396,25,-153,0,-203.66
8471,20:29:47:519,3,Severe_Damage,L3_S3,-1724,1032,14576,-312,25,-139,0,-291.66
8472,20:29:47:529,3,Severe_Damage,L3_S3,-1694,1084,14636,-232,28,-128,0,-231.66
8473,20:29:47:539,3,Severe_Damage,L3_S3,-1650,1052,14634,-132,29,-111,0,-233.66
8474,20:29:47:549,3,Severe_Damage,L3_S3,-1720,1060,14644,-49,38,-101,0,-223.66
8475,20:29:47:558,3,Severe_Damage,L3_S3,-1682,1046,14762,16,40,-90,0,-105.66
8476,20:29:47:568,3,Severe_Damage,L3_S3,-1758,1124,14692,74,36,-80,0,-175.66
8477,20:29:47:578,3,Severe_Damage,L3_S3,-1738,1092,14836,98,38,-75,0,-31.66
8478,20:29:47:589,3,Severe_Damage,L3_S3,-1744,1162,14996,92,36,-76,0,128.34
8479,20:29:47:598,3,Severe_Damage,L3_S3,-1800,1140,15026,68,31,-81,0,158.34
8480,20:29:47:608,3,Severe_Damage,L3_S3,-1750,1158,15096,11,35,-92,0,228.34
8481,20:29:47:619,3,Severe_Damage,L3_S3,-1746,1216,15154,-66,31,-109,0,286.34
8482,20:29:47:629,3,Severe_Damage,L3_S3,-1780,1190,15078,-150,36,-108,0,210.34
8483,20:29:47:639,3,Severe_Damage,L3_S3,-1774,1148,15118,-238,31,-132,0,250.34
8484,20:29:47:649,3,Severe_Damage,L3_S3,-1712,1142,15050,-324,19,-147,0,182.34
8485,20:29:47:659,3,Severe_Damage,L3_S3,-1734,1130,14980,-394,18,-152,0,112.34
8486,20:29:47:669,3,Severe_Damage,L3_S3,-1716,1114,14962,-441,25,-163,0,94.34
8487,20:29:47:679,3,Severe_Damage,L3_S3,-1746,1162,14800,-468,24,-162,0,-67.66
8488,20:29:47:689,3,Severe_Damage,L3_S3,-1682,1108,14834,-467,24,-164,0,-33.66
8489,20:29:47:699,3,Severe_Damage,L3_S3,-1678,1064,14690,-437,19,-158,0,-177.66
8490,20:29:47:709,3,Severe_Damage,L3_S3,-1708,1082,14638,-386,21,-154,0,-229.66
8491,20:29:47:719,3,Severe_Damage,L3_S3,-1712,1072,14682,-312,27,-147,0,-185.66
8492,20:29:47:729,3,Severe_Damage,L3_S3,-1716,1022,14568,-239,28,-130,0,-299.66
8493,20:29:47:739,3,Severe_Damage,L3_S3,-1760,1048,14670,-148,37,-115,0,-197.66
8494,20:29:47:749,3,Severe_Damage,L3_S3,-1698,1088,14728,-69,34,-103,0,-139.66
8495,20:29:47:758,3,Severe_Damage,L3_S3,-1728,1112,14746,-1,31,-92,0,-121.66
8496,20:29:47:768,3,Severe_Damage,L3_S3,-1714,1074,14850,48,32,-88,0,-17.66
8497,20:29:47:778,3,Severe_Damage,L3_S3,-1748,1088,14890,72,37,-78,0,22.34
8498,20:29:47:788,3,Severe_Damage,L3_S3,-1766,1092,14906,76,38,-78,0,38.34
8499,20:29:47:799,3,Severe_Damage,L3_S3,-1768,1158,15072,52,35,-85,0,204.34
8500,20:29:47:809,3,Severe_Damage,L3_S3,-1806,1132,15058,-2,40,-93,0,190.34
8501,20:29:47:819,3,Severe_Damage,L3_S3,-1762,1120,15088,-73,34,-104,0,220.34
8502,20:29:47:829,3,Severe_Damage,L3_S3,-1750,1188,15092,-143,29,-117,0,224.34
8503,20:29:47:839,3,Severe_Damage,L3_S3,-1766,1156,15106,-220,32,-130,0,238.34
8504,20:29:47:849,3,Severe_Damage,L3_S3,-1760,1132,15060,-303,21,-139,0,192.34
8505,20:29:47:859,3,Severe_Damage,L3_S3,-1782,1154,15004,-364,20,-153,0,136.34
8506,20:29:47:869,3,Severe_Damage,L3_S3,-1714,1100,14892,-411,24,-165,0,24.34
8507,20:29:47:879,3,Severe_Damage,L3_S3,-1718,1138,14892,-439,24,-163,0,24.34
8508,20:29:47:889,3,Severe_Damage,L3_S3,-1724,1160,14800,-439,22,-158,0,-67.66
8509,20:29:47:899,3,Severe_Damage,L3_S3,-1668,1054,14694,-415,33,-165,0,-173.66
8510,20:29:47:909,3,Severe_Damage,L3_S3,-1720,1086,14680,-377,19,-149,0,-187.66
8511,20:29:47:919,3,Severe_Damage,L3_S3,-1676,1080,14680,-304,31,-152,0,-187.66
8512,20:29:47:929,3,Severe_Damage,L3_S3,-1718,1026,14618,-244,25,-131,0,-249.66
8513,20:29:47:939,3,Severe_Damage,L3_S3,-1686,1066,14662,-163,44,-115,0,-205.66
8514,20:29:47:949,3,Severe_Damage,L3_S3,-1722,1086,14662,-88,31,-111,0,-205.66
8515,20:29:47:959,3,Severe_Damage,L3_S3,-1696,1082,14760,-17,38,-96,0,-107.66
8516,20:29:47:969,3,Severe_Damage,L3_S3,-1738,1126,14820,27,36,-89,0,-47.66
8517,20:29:47:979,3,Severe_Damage,L3_S3,-1728,1122,14820,51,34,-88,0,-47.66
8518,20:29:47:989,3,Severe_Damage,L3_S3,-1772,1146,14916,55,39,-87,0,48.34
8519,20:29:47:999,3,Severe_Damage,L3_S3,-1734,1138,14988,27,38,-95,0,120.34
8520,20:29:48:009,3,Severe_Damage,L3_S3,-1730,1142,15026,-20,32,-98,0,158.34
8521,20:29:48:019,3,Severe_Damage,L3_S3,-1784,1150,15100,-76,35,-107,0,232.34
8522,20:29:48:029,3,Severe_Damage,L3_S3,-1786,1158,15054,-145,33,-116,0,186.34
8523,20:29:48:039,3,Severe_Damage,L3_S3,-1788,1166,15140,-217,34,-131,0,272.34
8524,20:29:48:049,3,Severe_Damage,L3_S3,-1748,1126,15026,-352,24,-146,0,158.34
8525,20:29:48:059,3,Severe_Damage,L3_S3,-1718,1132,14954,-394,27,-154,0,86.34
8526,20:29:48:069,3,Severe_Damage,L3_S3,-1754,1056,14848,-424,15,-157,0,-19.66
8527,20:29:48:079,3,Severe_Damage,L3_S3,-1662,1134,14818,-426,30,-158,0,-49.66
8528,20:29:48:089,3,Severe_Damage,L3_S3,-1732,1068,14714,-400,30,-152,0,-153.66
8529,20:29:48:099,3,Severe_Damage,L3_S3,-1708,1068,14662,-357,30,-148,0,-205.66
8530,20:29:48:109,3,Severe_Damage,L3_S3,-1728,1056,14734,-309,23,-145,0,-133.66
8531,20:29:48:119,3,Severe_Damage,L3_S3,-1760,1060,14676,-240,33,-131,0,-191.66
8532,20:29:48:129,3,Severe_Damage,L3_S3,-1726,1072,14606,-174,29,-114,0,-261.66
8533,20:29:48:139,3,Severe_Damage,L3_S3,-1718,1114,14762,-98,30,-103,0,-105.66
8534,20:29:48:149,3,Severe_Damage,L3_S3,-1730,1086,14790,-38,38,-104,0,-77.66
8535,20:29:48:159,3,Severe_Damage,L3_S3,-1712,1098,14744,6,29,-89,0,-123.66
8536,20:29:48:169,3,Severe_Damage,L3_S3,-1758,1114,14858,30,30,-91,0,-9.66
8537,20:29:48:179,3,Severe_Damage,L3_S3,-1750,1140,14960,30,40,-90,0,92.34
8538,20:29:48:189,3,Severe_Damage,L3_S3,-1754,1142,14998,8,28,-87,0,130.34
8539,20:29:48:199,3,Severe_Damage,L3_S3,-1768,1118,15056,-31,39,-100,0,188.34
8540,20:29:48:209,3,Severe_Damage,L3_S3,-1808,1150,15044,-77,27,-99,0,176.34
8541,20:29:48:219,3,Severe_Damage,L3_S3,-1804,1154,15048,-139,30,-117,0,180.34
8542,20:29:48:229,3,Severe_Damage,L3_S3,-1712,1140,15096,-206,25,-127,0,228.34
8543,20:29:48:239,3,Severe_Damage,L3_S3,-1770,1130,15042,-276,20,-135,0,174.34
8544,20:29:48:249,3,Severe_Damage,L3_S3,-1758,1160,15008,-328,29,-146,0,140.34
8545,20:29:48:259,3,Severe_Damage,L3_S3,-1772,1138,14946,-376,13,-150,0,78.34
8546,20:29:48:269,3,Severe_Damage,L3_S3,-1696,1088,14922,-398,26,-160,0,54.34
8547,20:29:48:279,3,Severe_Damage,L3_S3,-1708,1068,14830,-402,16,-154,0,-37.66
8548,20:29:48:289,3,Severe_Damage,L3_S3,-1712,1100,14776,-382,25,-149,0,-91.66
8549,20:29:48:299,3,Severe_Damage,L3_S3,-1666,1038,14810,-347,23,-152,0,-57.66
8550,20:29:48:309,3,Severe_Damage,L3_S3,-1724,1034,14668,-300,20,-141,0,-199.66
8551,20:29:48:319,3,Severe_Damage,L3_S3,-1724,1048,14718,-240,38,-131,0,-149.66
8552,20:29:48:329,3,Severe_Damage,L3_S3,-1702,1022,14662,-173,34,-119,0,-205.66
8553,20:29:48:339,3,Severe_Damage,L3_S3,-1726,1070,14672,-110,29,-108,0,-195.66
8554,20:29:48:349,3,Severe_Damage,L3_S3,-1686,1088,14700,-55,36,-101,0,-167.66
8555,20:29:48:359,3,Severe_Damage,L3_S3,-1734,1058,14774,-9,25,-89,0,-93.66
8556,20:29:48:369,3,Severe_Damage,L3_S3,-1680,1094,14884,8,42,-90,0,16.34
8557,20:29:48:379,3,Severe_Damage,L3_S3,-1744,1130,14948,14,21,-92,0,80.34
8558,20:29:48:389,3,Severe_Damage,L3_S3,-1730,1134,14980,-5,35,-91,0,112.34
8559,20:29:48:399,3,Severe_Damage,L3_S3,-1744,1154,15010,-40,37,-98,0,142.34
8560,20:29:48:409,3,Severe_Damage,L3_S3,-1744,1144,15046,-84,43,-111,0,178.34
8561,20:29:48:419,3,Severe_Damage,L3_S3,-1764,1188,15088,-149,29,-119,0,220.34
8562,20:29:48:429,3,Severe_Damage,L3_S3,-1778,1128,15022,-205,30,-123,0,154.34
8563,20:29:48:439,3,Severe_Damage,L3_S3,-1732,1122,14984,-270,23,-131,0,116.34
8564,20:29:48:449,3,Severe_Damage,L3_S3,-1740,1180,15032,-318,24,-142,0,164.34
8565,20:29:48:459,3,Severe_Damage,L3_S3,-1722,1086,14936,-357,10,-153,0,68.34
8566,20:29:48:469,3,Severe_Damage,L3_S3,-1784,1168,14866,-375,33,-147,0,-1.66
8567,20:29:48:479,3,Severe_Damage,L3_S3,-1724,1134,14768,-385,24,-151,0,-99.66
8568,20:29:48:489,3,Severe_Damage,L3_S3,-1696,1088,14768,-374,33,-153,0,-99.66
8569,20:29:48:499,3,Severe_Damage,L3_S3,-1748,1050,14750,-337,22,-144,0,-117.66
8570,20:29:48:509,3,Severe_Damage,L3_S3,-1664,1086,14672,-300,25,-138,0,-195.66
8571,20:29:48:519,3,Severe_Damage,L3_S3,-1716,1048,14704,-239,26,-130,0,-163.66
8572,20:29:48:529,3,Severe_Damage,L3_S3,-1722,1076,14662,-181,27,-120,0,-205.66
8573,20:29:48:539,3,Severe_Damage,L3_S3,-1758,1074,14702,-122,35,-113,0,-165.66
8574,20:29:48:549,3,Severe_Damage,L3_S3,-1776,1102,14784,-74,31,-108,0,-83.66
8575,20:29:48:559,3,Severe_Damage,L3_S3,-1710,1128,14758,-31,44,-101,0,-109.66
8576,20:29:48:569,3,Severe_Damage,L3_S3,-1688,1134,14772,-15,27,-92,0,-95.66
8577,20:29:48:579,3,Severe_Damage,L3_S3,-1710,1114,14898,-7,44,-97,0,30.34
8578,20:29:48:589,3,Severe_Damage,L3_S3,-1748,1120,14976,-22,26,-92,0,108.34
8579,20:29:48:599,3,Severe_Damage,L3_S3,-1766,1126,14972,-42,36,-100,0,104.34
8580,20:29:48:609,3,Severe_Damage,L3_S3,-1782,1144,15032,-93,31,-103,0,164.34
8581,20:29:48:619,3,Severe_Damage,L3_S3,-1780,1188,15060,-150,25,-111,0,192.34
8582,20:29:48:629,3,Severe_Damage,L3_S3,-1780,1190,15010,-203,30,-135,0,142.34
8583,20:29:48:639,3,Severe_Damage,L3_S3,-1768,1164,14992,-252,33,-138,0,124.34
8584,20:29:48:649,3,Severe_Damage,L3_S3,-1772,1152,14966,-301,21,-138,0,98.34
8585,20:29:48:659,3,Severe_Damage,L3_S3,-1696,1158,14944,-333,26,-149,0,76.34
8586,20:29:48:669,3,Severe_Damage,L3_S3,-1740,1090,14868,-365,20,-147,0,0.34
8587,20:29:48:679,3,Severe_Damage,L3_S3,-1684,1136,14776,-368,28,-149,0,-91.66
8588,20:29:48:689,3,Severe_Damage,L3_S3,-1732,1078,14790,-356,19,-149,0,-77.66
8589,20:29:48:699,3,Severe_Damage,L3_S3,-1754,1106,14770,-332,24,-147,0,-97.66
8590,20:29:48:709,3,Severe_Damage,L3_S3,-1734,1074,14656,-292,25,-145,0,-211.66
8591,20:29:48:719,3,Severe_Damage,L3_S3,-1702,1124,14742,-237,26,-128,0,-125.66
8592,20:29:48:729,3,Severe_Damage,L3_S3,-1680,1086,14762,-184,33,-121,0,-105.66
8593,20:29:48:739,3,Severe_Damage,L3_S3,-1704,1054,14724,-131,26,-116,0,-143.66
8594,20:29:48:749,3,Severe_Damage,L3_S3,-1734,1088,14684,-87,32,-101,0,-183.66
8595,20:29:48:759,3,Severe_Damage,L3_S3,-1732,1076,14758,-48,33,-99,0,-109.66
8596,20:29:48:769,3,Severe_Damage,L3_S3,-1728,1088,14838,-27,38,-99,0,-29.66
8597,20:29:48:779,3,Severe_Damage,L3_S3,-1742,1096,14916,-19,26,-94,0,48.34
8598,20:29:48:789,3,Severe_Damage,L3_S3,-1736,1152,14948,-27,30,-98,0,80.34
8599,20:29:48:799,3,Severe_Damage,L3_S3,-1732,1122,14992,-59,37,-101,0,124.34
8600,20:29:48:809,3,Severe_Damage,L3_S3,-1752,1170,15000,-91,35,-111,0,132.34
8601,20:29:48:819,3,Severe_Damage,L3_S3,-1762,1066,14992,-146,28,-120,0,124.34
8602,20:29:48:829,3,Severe_Damage,L3_S3,-1760,1124,15038,-195,32,-125,0,170.34
8603,20:29:48:839,3,Severe_Damage,L3_S3,-1772,1126,15036,-245,30,-135,0,168.34
8604,20:29:48:849,3,Severe_Damage,L3_S3,-1752,1124,15006,-289,26,-136,0,138.34
8605,20:29:48:859,3,Severe_Damage,L3_S3,-1734,1086,14966,-326,23,-147,0,98.34
8606,20:29:48:869,3,Severe_Damage,L3_S3,-1702,1108,14892,-347,24,-157,0,24.34
8607,20:29:48:879,3,Severe_Damage,L3_S3,-1716,1150,14816,-357,15,-147,0,-51.66
8608,20:29:48:889,3,Severe_Damage,L3_S3,-1730,1098,14812,-344,30,-146,0,-55.66
8609,20:29:48:899,3,Severe_Damage,L3_S3,-1758,1136,14694,-318,21,-145,0,-173.66
8610,20:29:48:909,3,Severe_Damage,L3_S3,-1708,1100,14750,-282,29,-135,0,-117.66
8611,20:29:48:919,3,Severe_Damage,L3_S3,-1672,1084,14770,-244,28,-132,0,-97.66
8612,20:29:48:929,3,Severe_Damage,L3_S3,-1728,1100,14776,-193,28,-120,0,-91.66
8613,20:29:48:939,3,Severe_Damage,L3_S3,-1700,1062,14848,-138,29,-115,0,-19.66
8614,20:29:48:949,3,Severe_Damage,L3_S3,-1724,1040,14782,-100,26,-110,0,-85.66
8615,20:29:48:959,3,Severe_Damage,L3_S3,-1760,1064,14796,-63,33,-106,0,-71.66
8616,20:29:48:969,3,Severe_Damage,L3_S3,-1772,1110,14892,-40,38,-102,0,24.34
8617,20:29:48:979,3,Severe_Damage,L3_S3,-1756,1136,14930,-33,35,-100,0,62.34
8618,20:29:48:989,3,Severe_Damage,L3_S3,-1722,1118,14952,-44,32,-107,0,84.34
8619,20:29:48:999,3,Severe_Damage,L3_S3,-1750,1134,14990,-68,37,-106,0,122.34
8620,20:29:49:009,3,Severe_Damage,L3_S3,-1746,1126,14986,-106,26,-114,0,118.34
8621,20:29:49:019,3,Severe_Damage,L3_S3,-1750,1122,15046,-151,32,-118,0,178.34
8622,20:29:49:029,3,Severe_Damage,L3_S3,-1750,1118,14952,-200,28,-129,0,84.34
8623,20:29:49:039,3,Severe_Damage,L3_S3,-1774,1134,14968,-239,32,-130,0,100.34
8624,20:29:49:049,3,Severe_Damage,L3_S3,-1780,1164,14962,-286,26,-132,0,94.34
8625,20:29:49:059,3,Severe_Damage,L3_S3,-1774,1106,14838,-309,32,-140,0,-29.66
8626,20:29:49:069,3,Severe_Damage,L3_S3,-1716,1106,14916,-336,18,-146,0,48.34
8627,20:29:49:079,3,Severe_Damage,L3_S3,-1760,1090,14844,-341,22,-141,0,-23.66
8628,20:29:49:089,3,Severe_Damage,L3_S3,-1710,1088,14788,-333,19,-152,0,-79.66
8629,20:29:49:099,3,Severe_Damage,L3_S3,-1688,1116,14704,-309,22,-149,0,-163.66
8630,20:29:49:109,3,Severe_Damage,L3_S3,-1700,1056,14734,-281,22,-137,0,-133.66
8631,20:29:49:119,3,Severe_Damage,L3_S3,-1636,1090,14822,-231,34,-133,0,-45.66
8632,20:29:49:129,3,Severe_Damage,L3_S3,-1672,1012,14758,-193,34,-123,0,-109.66
8633,20:29:49:139,3,Severe_Damage,L3_S3,-1702,1108,14730,-144,34,-116,0,-137.66
8634,20:29:49:149,3,Severe_Damage,L3_S3,-1722,1076,14748,-108,31,-111,0,-119.66
8635,20:29:49:159,3,Severe_Damage,L3_S3,-1708,1100,14842,-76,36,-113,0,-25.66
8636,20:29:49:169,3,Severe_Damage,L3_S3,-1748,1084,14794,-58,30,-103,0,-73.66
8637,20:29:49:179,3,Severe_Damage,L3_S3,-1748,1114,14888,-48,36,-104,0,20.34
8638,20:29:49:189,3,Severe_Damage,L3_S3,-1744,1096,14908,-54,35,-106,0,40.34
8639,20:29:49:199,3,Severe_Damage,L3_S3,-1782,1116,14980,-72,37,-110,0,112.34
8640,20:29:49:209,3,Severe_Damage,L3_S3,-1730,1106,14976,-109,28,-109,0,108.34
8641,20:29:49:219,3,Severe_Damage,L3_S3,-1752,1164,15006,-146,34,-113,0,138.34
8642,20:29:49:229,3,Severe_Damage,L3_S3,-1736,1170,14998,-187,34,-124,0,130.34
8643,20:29:49:239,3,Severe_Damage,L3_S3,-1732,1110,14968,-234,26,-128,0,100.34
8644,20:29:49:249,3,Severe_Damage,L3_S3,-1688,1116,14964,-264,21,-138,0,96.34
8645,20:29:49:259,3,Severe_Damage,L3_S3,-1800,1104,14928,-305,25,-141,0,60.34
8646,20:29:49:269,3,Severe_Damage,L3_S3,-1692,1128,14868,-319,29,-148,0,0.34
8647,20:29:49:279,3,Severe_Damage,L3_S3,-1700,1096,14772,-325,25,-141,0,-95.66
8648,20:29:49:289,3,Severe_Damage,L3_S3,-1702,1110,14780,-318,26,-142,0,-87.66
8649,20:29:49:299,3,Severe_Damage,L3_S3,-1728,1048,14792,-307,32,-140,0,-75.66
8650,20:29:49:309,3,Severe_Damage,L3_S3,-1714,1074,14778,-277,29,-138,0,-89.66
8651,20:29:49:319,3,Severe_Damage,L3_S3,-1746,1110,14766,-243,24,-130,0,-101.66
8652,20:29:49:329,3,Severe_Damage,L3_S3,-1758,1074,14800,-192,26,-126,0,-67.66
8653,20:29:49:339,3,Severe_Damage,L3_S3,-1742,1106,14722,-150,29,-122,0,-145.66
8654,20:29:49:350,3,Severe_Damage,L3_S3,-1738,1088,14810,-116,29,-112,0,-57.66
8655,20:29:49:359,3,Severe_Damage,L3_S3,-1722,1068,14804,-83,21,-105,0,-63.66
8656,20:29:49:369,3,Severe_Damage,L3_S3,-1734,1100,14806,-66,31,-108,0,-61.66
8657,20:29:49:379,3,Severe_Damage,L3_S3,-1732,1110,14890,-59,31,-103,0,22.34
8658,20:29:49:389,3,Severe_Damage,L3_S3,-1722,1126,14952,-70,35,-103,0,84.34
8659,20:29:49:400,3,Severe_Damage,L3_S3,-1720,1104,14954,-89,34,-109,0,86.34
8660,20:29:49:409,3,Severe_Damage,L3_S3,-1784,1134,14980,-108,36,-113,0,112.34
8661,20:29:49:419,3,Severe_Damage,L3_S3,-1710,1120,14972,-143,32,-115,0,104.34
8662,20:29:49:429,3,Severe_Damage,L3_S3,-1744,1132,14970,-183,29,-125,0,102.34
8663,20:29:49:439,3,Severe_Damage,L3_S3,-1704,1138,14998,-221,27,-129,0,130.34
8664,20:29:49:449,3,Severe_Damage,L3_S3,-1756,1154,14944,-262,28,-133,0,76.34
8665,20:29:49:459,3,Severe_Damage,L3_S3,-1798,1086,14920,-291,29,-140,0,52.34
8666,20:29:49:469,3,Severe_Damage,L3_S3,-1754,1088,14904,-308,24,-144,0,36.34
8667,20:29:49:479,3,Severe_Damage,L3_S3,-1740,1064,14878,-317,30,-145,0,10.34
8668,20:29:49:489,3,Severe_Damage,L3_S3,-1780,1112,14786,-320,31,-133,0,-81.66
8669,20:29:49:499,3,Severe_Damage,L3_S3,-1764,1124,14820,-291,35,-135,0,-47.66
8670,20:29:49:509,3,Severe_Damage,L3_S3,-1716,1080,14760,-274,22,-130,0,-107.66
8671,20:29:49:519,3,Severe_Damage,L3_S3,-1756,1114,14716,-227,38,-125,0,-151.66
8672,20:29:49:529,3,Severe_Damage,L3_S3,-1740,1104,14744,-202,21,-121,0,-123.66
8673,20:29:49:539,3,Severe_Damage,L3_S3,-1710,1094,14708,-152,32,-118,0,-159.66
8674,20:29:49:549,3,Severe_Damage,L3_S3,-1754,1138,14796,-125,26,-112,0,-71.66
8675,20:29:49:559,3,Severe_Damage,L3_S3,-1700,1082,14844,-93,38,-109,0,-23.66
8676,20:29:49:569,3,Severe_Damage,L3_S3,-1730,1100,14890,-84,31,-106,0,22.34
8677,20:29:49:579,3,Severe_Damage,L3_S3,-1712,1096,14882,-70,35,-106,0,14.34
8678,20:29:49:589,3,Severe_Damage,L3_S3,-1736,1118,14912,-79,37,-102,0,44.34
8679,20:29:49:599,3,Severe_Damage,L3_S3,-1724,1142,14896,-94,31,-105,0,28.34
8680,20:29:49:610,3,Severe_Damage,L3_S3,-1742,1158,15008,-118,35,-115,0,140.34
8681,20:29:49:619,3,Severe_Damage,L3_S3,-1714,1166,14986,-153,32,-121,0,118.34
8682,20:29:49:630,3,Severe_Damage,L3_S3,-1740,1112,15006,-183,29,-122,0,138.34
8683,20:29:49:640,3,Severe_Damage,L3_S3,-1760,1132,14940,-218,28,-126,0,72.34
8684,20:29:49:650,3,Severe_Damage,L3_S3,-1788,1086,14982,-251,23,-134,0,114.34
8685,20:29:49:660,3,Severe_Damage,L3_S3,-1746,1096,14888,-280,24,-135,0,20.34
8686,20:29:49:669,3,Severe_Damage,L3_S3,-1744,1112,14852,-300,23,-135,0,-15.66
8687,20:29:49:680,3,Severe_Damage,L3_S3,-1736,1080,14862,-307,28,-141,0,-5.66
8688,20:29:49:690,3,Severe_Damage,L3_S3,-1702,1128,14718,-303,30,-146,0,-149.66
8689,20:29:49:699,3,Severe_Damage,L3_S3,-1768,1082,14694,-287,23,-137,0,-173.66
8690,20:29:49:709,3,Severe_Damage,L3_S3,-1690,1076,14784,-255,26,-132,0,-83.66
8691,20:29:49:720,3,Severe_Damage,L3_S3,-1724,1110,14720,-228,27,-131,0,-147.66
8692,20:29:49:730,3,Severe_Damage,L3_S3,-1748,1094,14728,-196,25,-126,0,-139.66
8693,20:29:49:740,3,Severe_Damage,L3_S3,-1646,1142,14764,-164,32,-120,0,-103.66
8694,20:29:49:749,3,Severe_Damage,L3_S3,-1666,1152,14740,-136,31,-114,0,-127.66
8695,20:29:49:760,3,Severe_Damage,L3_S3,-1728,1074,14870,-108,36,-114,0,2.34
8696,20:29:49:769,3,Severe_Damage,L3_S3,-1744,1078,14850,-87,30,-107,0,-17.66
8697,20:29:49:779,3,Severe_Damage,L3_S3,-1784,1106,14848,-81,36,-103,0,-19.66
8698,20:29:49:789,3,Severe_Damage,L3_S3,-1734,1132,14940,-81,37,-108,0,72.34
8699,20:29:49:799,3,Severe_Damage,L3_S3,-1748,1126,14840,-99,35,-110,0,-27.66
8700,20:29:49:810,3,Severe_Damage,L3_S3,-1764,1134,14872,-121,38,-122,0,4.34
8701,20:29:49:819,3,Severe_Damage,L3_S3,-1708,1126,14992,-152,20,-124,0,124.34
8702,20:29:49:830,3,Severe_Damage,L3_S3,-1740,1160,15004,-182,30,-121,0,136.34
8703,20:29:49:840,3,Severe_Damage,L3_S3,-1776,1126,14948,-215,31,-130,0,80.34
8704,20:29:49:849,3,Severe_Damage,L3_S3,-1746,1094,14950,-247,33,-135,0,82.34
8705,20:29:49:860,3,Severe_Damage,L3_S3,-1766,1124,14930,-272,28,-128,0,62.34
8706,20:29:49:870,3,Severe_Damage,L3_S3,-1726,1078,14850,-288,29,-143,0,-17.66
8707,20:29:49:880,3,Severe_Damage,L3_S3,-1758,1116,14854,-296,27,-141,0,-13.66
8708,20:29:49:890,3,Severe_Damage,L3_S3,-1754,1042,14852,-291,30,-146,0,-15.66
8709,20:29:49:900,3,Severe_Damage,L3_S3,-1684,1098,14842,-278,27,-140,0,-25.66
8710,20:29:49:910,3,Severe_Damage,L3_S3,-1700,1104,14816,-258,30,-134,0,-51.66
8711,20:29:49:920,3,Severe_Damage,L3_S3,-1760,1108,14744,-229,35,-130,0,-123.66
8712,20:29:49:930,3,Severe_Damage,L3_S3,-1752,1108,14780,-203,28,-126,0,-87.66
8713,20:29:49:940,3,Severe_Damage,L3_S3,-1750,1082,14798,-176,31,-123,0,-69.66
8714,20:29:49:950,3,Severe_Damage,L3_S3,-1720,1090,14876,-141,34,-112,0,8.34
8715,20:29:49:960,3,Severe_Damage,L3_S3,-1738,1084,14830,-110,32,-112,0,-37.66
8716,20:29:49:970,3,Severe_Damage,L3_S3,-1698,1098,14896,-99,39,-116,0,28.34
8717,20:29:49:979,3,Severe_Damage,L3_S3,-1766,1122,14936,-87,42,-109,0,68.34
8718,20:29:49:989,3,Severe_Damage,L3_S3,-1758,1140,14952,-91,28,-106,0,84.34
8719,20:29:50:000,3,Severe_Damage,L3_S3,-1734,1102,14936,-103,36,-114,0,68.34
8720,20:29:50:010,3,Severe_Damage,L3_S3,-1822,1132,14934,-125,29,-106,0,66.34
8721,20:29:50:020,3,Severe_Damage,L3_S3,-1732,1170,14982,-150,41,-118,0,114.34
8722,20:29:50:030,3,Severe_Damage,L3_S3,-1730,1108,14958,-182,27,-123,0,90.34
8723,20:29:50:040,3,Severe_Damage,L3_S3,-1722,1170,14958,-205,32,-126,0,90.34
8724,20:29:50:050,3,Severe_Damage,L3_S3,-1748,1120,14984,-240,24,-134,0,116.34
8725,20:29:50:060,3,Severe_Damage,L3_S3,-1752,1096,14852,-259,29,-134,0,-15.66
8726,20:29:50:070,3,Severe_Damage,L3_S3,-1732,1104,14818,-278,24,-140,0,-49.66
8727,20:29:50:080,3,Severe_Damage,L3_S3,-1730,1146,14886,-286,27,-138,0,18.34
8728,20:29:50:090,3,Severe_Damage,L3_S3,-1726,1116,14832,-286,28,-131,0,-35.66
8729,20:29:50:100,3,Severe_Damage,L3_S3,-1710,1126,14808,-276,29,-138,0,-59.66
8730,20:29:50:110,3,Severe_Damage,L3_S3,-1750,1066,14774,-255,23,-120,0,-93.66
8731,20:29:50:120,3,Severe_Damage,L3_S3,-1718,1070,14776,-232,27,-129,0,-91.66
8732,20:29:50:130,3,Severe_Damage,L3_S3,-1768,1106,14810,-200,24,-127,0,-57.66
8733,20:29:50:140,3,Severe_Damage,L3_S3,-1732,1126,14830,-177,34,-120,0,-37.66
8734,20:29:50:150,3,Severe_Damage,L3_S3,-1712,1040,14796,-143,31,-119,0,-71.66
8735,20:29:50:160,3,Severe_Damage,L3_S3,-1712,1078,14874,-126,21,-113,0,6.34
8736,20:29:50:170,3,Severe_Damage,L3_S3,-1756,1118,14828,-104,37,-114,0,-39.66
8737,20:29:50:180,3,Severe_Damage,L3_S3,-1726,1126,14892,-103,26,-112,0,24.34
8738,20:29:50:190,3,Severe_Damage,L3_S3,-1760,1168,14920,-98,34,-112,0,52.34
8739,20:29:50:200,3,Severe_Damage,L3_S3,-1720,1116,14956,-120,31,-107,0,88.34
8740,20:29:50:210,3,Severe_Damage,L3_S3,-1748,1110,15008,-130,24,-112,0,140.34
8741,20:29:50:220,3,Severe_Damage,L3_S3,-1734,1120,14954,-158,35,-116,0,86.34
8742,20:29:50:230,3,Severe_Damage,L3_S3,-1740,1100,14982,-179,26,-120,0,114.34
8743,20:29:50:240,3,Severe_Damage,L3_S3,-1792,1158,14940,-207,27,-126,0,72.34
8744,20:29:50:250,3,Severe_Damage,L3_S3,-1792,1136,14950,-228,33,-133,0,82.34
8745,20:29:50:260,3,Severe_Damage,L3_S3,-1708,1114,14884,-256,24,-132,0,16.34
8746,20:29:50:270,3,Severe_Damage,L3_S3,-1752,1112,14934,-272,28,-136,0,66.34
8747,20:29:50:280,3,Severe_Damage,L3_S3,-1734,1114,14868,-280,28,-135,0,0.34
8748,20:29:50:290,3,Severe_Damage,L3_S3,-1730,1106,14826,-273,30,-148,0,-41.66
8749,20:29:50:300,3,Severe_Damage,L3_S3,-1762,1074,14788,-269,27,-138,0,-79.66
8750,20:29:50:310,3,Severe_Damage,L3_S3,-1710,1108,14862,-251,28,-128,0,-5.66
8751,20:29:50:320,3,Severe_Damage,L3_S3,-1756,1114,14800,-229,31,-131,0,-67.66
8752,20:29:50:330,3,Severe_Damage,L3_S3,-1740,1076,14722,-201,38,-123,0,-145.66
8753,20:29:50:340,3,Severe_Damage,L3_S3,-1718,1048,14758,-178,32,-117,0,-109.66
8754,20:29:50:350,3,Severe_Damage,L3_S3,-1754,1120,14806,-155,31,-116,0,-61.66
8755,20:29:50:360,3,Severe_Damage,L3_S3,-1672,1090,14820,-132,35,-111,0,-47.66
8756,20:29:50:370,3,Severe_Damage,L3_S3,-1738,1078,14900,-117,36,-108,0,32.34
8757,20:29:50:380,3,Severe_Damage,L3_S3,-1760,1182,14922,-110,25,-108,0,54.34
8758,20:29:50:390,3,Severe_Damage,L3_S3,-1706,1106,14938,-112,32,-109,0,70.34
8759,20:29:50:400,3,Severe_Damage,L3_S3,-1778,1126,14958,-118,33,-103,0,90.34
8760,20:29:50:410,3,Severe_Damage,L3_S3,-1724,1150,14892,-130,33,-112,0,24.34
8761,20:29:50:420,3,Severe_Damage,L3_S3,-1738,1112,14940,-151,29,-113,0,72.34
8762,20:29:50:430,3,Severe_Damage,L3_S3,-1730,1090,14950,-183,34,-123,0,82.34
8763,20:29:50:440,3,Severe_Damage,L3_S3,-1730,1108,14964,-201,27,-127,0,96.34
8764,20:29:50:450,3,Severe_Damage,L3_S3,-1762,1112,14918,-222,19,-128,0,50.34
8765,20:29:50:460,3,Severe_Damage,L3_S3,-1762,1164,14942,-247,26,-139,0,74.34
8766,20:29:50:470,3,Severe_Damage,L3_S3,-1764,1156,14874,-263,29,-137,0,6.34
8767,20:29:50:480,3,Severe_Damage,L3_S3,-1714,1100,14916,-265,35,-137,0,48.34
8768,20:29:50:490,3,Severe_Damage,L3_S3,-1724,1116,14910,-265,27,-140,0,42.34
8769,20:29:50:500,3,Severe_Damage,L3_S3,-1730,1100,14818,-264,31,-136,0,-49.66
8770,20:29:50:510,3,Severe_Damage,L3_S3,-1732,1104,14852,-247,21,-134,0,-15.66
8771,20:29:50:520,3,Severe_Damage,L3_S3,-1744,1106,14862,-226,25,-133,0,-5.66
8772,20:29:50:530,3,Severe_Damage,L3_S3,-1776,1076,14758,-208,22,-126,0,-109.66
8773,20:29:50:540,3,Severe_Damage,L3_S3,-1712,1098,14842,-176,24,-121,0,-25.66
8774,20:29:50:550,3,Severe_Damage,L3_S3,-1740,1130,14834,-157,28,-121,0,-33.66
8775,20:29:50:560,3,Severe_Damage,L3_S3,-1682,1102,14852,-138,34,-118,0,-15.66
8776,20:29:50:570,3,Severe_Damage,L3_S3,-1712,1078,14884,-126,28,-110,0,16.34
8777,20:29:50:580,3,Severe_Damage,L3_S3,-1764,1170,14850,-121,38,-109,0,-17.66
8778,20:29:50:590,3,Severe_Damage,L3_S3,-1734,1112,14898,-118,33,-111,0,30.34
8779,20:29:50:600,3,Severe_Damage,L3_S3,-1784,1128,14934,-128,33,-117,0,66.34
8780,20:29:50:610,3,Severe_Damage,L3_S3,-1766,1106,14916,-131,37,-116,0,48.34
8781,20:29:50:620,3,Severe_Damage,L3_S3,-1714,1146,14930,-160,23,-124,0,62.34
8782,20:29:50:630,3,Severe_Damage,L3_S3,-1786,1156,14926,-172,27,-127,0,58.34
8783,20:29:50:640,3,Severe_Damage,L3_S3,-1750,1066,14928,-209,27,-131,0,60.34
8784,20:29:50:650,3,Severe_Damage,L3_S3,-1714,1174,14918,-221,24,-129,0,50.34
8785,20:29:50:660,3,Severe_Damage,L3_S3,-1730,1122,14880,-248,29,-136,0,12.34
8786,20:29:50:670,3,Severe_Damage,L3_S3,-1734,1090,14878,-252,21,-129,0,10.34
8787,20:29:50:680,3,Severe_Damage,L3_S3,-1734,1078,14822,-261,32,-139,0,-45.66
8788,20:29:50:690,3,Severe_Damage,L3_S3,-1720,1054,14774,-262,27,-133,0,-93.66
8789,20:29:50:700,3,Severe_Damage,L3_S3,-1728,1122,14796,-251,29,-135,0,-71.66
8790,20:29:50:710,3,Severe_Damage,L3_S3,-1732,1104,14806,-241,33,-129,0,-61.66
8791,20:29:50:720,3,Severe_Damage,L3_S3,-1718,1066,14848,-229,16,-128,0,-19.66
8792,20:29:50:730,3,Severe_Damage,L3_S3,-1738,1088,14816,-199,36,-126,0,-51.66
8793,20:29:50:740,3,Severe_Damage,L3_S3,-1726,1090,14776,-185,24,-119,0,-91.66
8794,20:29:50:750,3,Severe_Damage,L3_S3,-1680,1152,14784,-157,31,-118,0,-83.66
8795,20:29:50:760,3,Severe_Damage,L3_S3,-1770,1082,14772,-142,36,-111,0,-95.66
8796,20:29:50:770,3,Severe_Damage,L3_S3,-1708,1088,14918,-127,34,-111,0,50.34
8797,20:29:50:780,3,Severe_Damage,L3_S3,-1720,1130,14818,-122,25,-110,0,-49.66
8798,20:29:50:790,3,Severe_Damage,L3_S3,-1746,1124,14872,-121,32,-113,0,4.34
8799,20:29:50:800,3,Severe_Damage,L3_S3,-1728,1088,15010,-126,32,-116,0,142.34
8800,20:29:50:810,3,Severe_Damage,L3_S3,-1748,1182,14940,-138,33,-110,0,72.34
8801,20:29:50:820,3,Severe_Damage,L3_S3,-1758,1108,14874,-150,26,-122,0,6.34
8802,20:29:50:830,3,Severe_Damage,L3_S3,-1716,1080,14996,-178,31,-121,0,128.34
8803,20:29:50:840,3,Severe_Damage,L3_S3,-1752,1140,14894,-194,28,-119,0,26.34
8804,20:29:50:850,3,Severe_Damage,L3_S3,-1738,1154,14924,-213,25,-130,0,56.34
8805,20:29:50:860,3,Severe_Damage,L3_S3,-1724,1114,14928,-239,20,-127,0,60.34
8806,20:29:50:870,3,Severe_Damage,L3_S3,-1708,1130,14892,-248,30,-127,0,24.34
8807,20:29:50:880,3,Severe_Damage,L3_S3,-1742,1134,14824,-254,23,-124,0,-43.66
8808,20:29:50:890,3,Severe_Damage,L3_S3,-1748,1098,14896,-254,30,-137,0,28.34
8809,20:29:50:900,3,Severe_Damage,L3_S3,-1734,1132,14816,-245,31,-137,0,-51.66
8810,20:29:50:910,3,Severe_Damage,L3_S3,-1762,1098,14874,-245,26,-129,0,6.34
8811,20:29:50:920,3,Severe_Damage,L3_S3,-1730,1126,14788,-226,29,-126,0,-79.66
8812,20:29:50:930,3,Severe_Damage,L3_S3,-1768,1166,14834,-206,30,-119,0,-33.66
8813,20:29:50:940,3,Severe_Damage,L3_S3,-1738,1100,14858,-181,23,-121,0,-9.66
8814,20:29:50:950,3,Severe_Damage,L3_S3,-1682,1056,14818,-168,32,-123,0,-49.66
8815,20:29:50:960,3,Severe_Damage,L3_S3,-1790,1152,14824,-151,39,-119,0,-43.66
8816,20:29:50:970,3,Severe_Damage,L3_S3,-1694,1176,14852,-135,32,-112,0,-15.66
8817,20:29:50:980,3,Severe_Damage,L3_S3,-1708,1140,14888,-125,29,-114,0,20.34
8818,20:29:50:990,3,Severe_Damage,L3_S3,-1730,1106,14874,-125,30,-112,0,6.34
8819,20:29:51:000,3,Severe_Damage,L3_S3,-1706,1096,14882,-132,29,-118,0,14.34
8820,20:29:51:010,3,Severe_Damage,L3_S3,-1706,1118,14910,-152,24,-113,0,42.34
8821,20:29:51:020,3,Severe_Damage,L3_S3,-1736,1104,14888,-164,29,-117,0,20.34
8822,20:29:51:030,3,Severe_Damage,L3_S3,-1700,1144,15002,-178,24,-126,0,134.34
8823,20:29:51:040,3,Severe_Damage,L3_S3,-1764,1164,14906,-195,30,-126,0,38.34
8824,20:29:51:050,3,Severe_Damage,L3_S3,-1756,1058,14910,-215,21,-132,0,42.34
8825,20:29:51:060,3,Severe_Damage,L3_S3,-1740,1130,14936,-232,25,-133,0,68.34
8826,20:29:51:070,3,Severe_Damage,L3_S3,-1760,1086,14880,-244,24,-128,0,12.34
8827,20:29:51:080,3,Severe_Damage,L3_S3,-1692,1108,14936,-253,24,-130,0,68.34
8828,20:29:51:090,3,Severe_Damage,L3_S3,-1738,1134,14798,-247,25,-135,0,-69.66
8829,20:29:51:100,3,Severe_Damage,L3_S3,-1724,1120,14886,-247,23,-130,0,18.34
8830,20:29:51:110,3,Severe_Damage,L3_S3,-1700,1134,14786,-233,28,-129,0,-81.66
8831,20:29:51:120,3,Severe_Damage,L3_S3,-1758,1080,14858,-226,25,-128,0,-9.66
8832,20:29:51:130,3,Severe_Damage,L3_S3,-1724,1060,14844,-201,32,-130,0,-23.66
8833,20:29:51:140,3,Severe_Damage,L3_S3,-1746,1068,14856,-191,23,-126,0,-11.66
8834,20:29:51:150,3,Severe_Damage,L3_S3,-1652,1090,14848,-165,30,-123,0,-19.66
8835,20:29:51:160,3,Severe_Damage,L3_S3,-1732,1064,14850,-158,35,-114,0,-17.66
8836,20:29:51:170,3,Severe_Damage,L3_S3,-1780,1146,14896,-137,33,-107,0,28.34
8837,20:29:51:180,3,Severe_Damage,L3_S3,-1704,1074,14900,-137,32,-120,0,32.34
8838,20:29:51:190,3,Severe_Damage,L3_S3,-1760,1114,14844,-135,30,-113,0,-23.66
8839,20:29:51:200,3,Severe_Damage,L3_S3,-1756,1142,14894,-139,33,-118,0,26.34
8840,20:29:51:210,3,Severe_Damage,L3_S3,-1834,1160,14962,-143,26,-113,0,94.34
8841,20:29:51:220,3,Severe_Damage,L3_S3,-1756,1094,14924,-162,32,-117,0,56.34
8842,20:29:51:230,3,Severe_Damage,L3_S3,-1752,1146,14886,-177,29,-124,0,18.34
8843,20:29:51:240,3,Severe_Damage,L3_S3,-1768,1136,14960,-204,28,-136,0,92.34
8844,20:29:51:250,3,Severe_Damage,L3_S3,-1726,1148,14926,-210,29,-130,0,58.34
8845,20:29:51:260,3,Severe_Damage,L3_S3,-1772,1066,14882,-231,19,-130,0,14.34
8846,20:29:51:270,3,Severe_Damage,L3_S3,-1786,1106,14912,-251,28,-127,0,44.34
8847,20:29:51:280,3,Severe_Damage,L3_S3,-1756,1078,14896,-251,30,-138,0,28.34
8848,20:29:51:290,3,Severe_Damage,L3_S3,-1772,1098,14968,-246,28,-132,0,100.34
8849,20:29:51:300,3,Severe_Damage,L3_S3,-1736,1094,14898,-248,26,-130,0,30.34
8850,20:29:51:310,3,Severe_Damage,L3_S3,-1690,1130,14874,-236,33,-133,0,6.34
8851,20:29:51:320,3,Severe_Damage,L3_S3,-1716,1134,14846,-228,27,-129,0,-21.66
8852,20:29:51:330,3,Severe_Damage,L3_S3,-1722,1108,14760,-205,31,-125,0,-107.66
8853,20:29:51:340,3,Severe_Damage,L3_S3,-1708,1082,14824,-188,23,-122,0,-43.66
8854,20:29:51:350,3,Severe_Damage,L3_S3,-1712,1086,14832,-168,36,-124,0,-35.66
8855,20:29:51:360,3,Severe_Damage,L3_S3,-1742,1080,14850,-152,28,-116,0,-17.66
8856,20:29:51:370,3,Severe_Damage,L3_S3,-1750,1118,14858,-148,30,-116,0,-9.66
8857,20:29:51:380,3,Severe_Damage,L3_S3,-1688,1110,14826,-142,32,-117,0,-41.66
8858,20:29:51:390,3,Severe_Damage,L3_S3,-1736,1136,14880,-147,34,-123,0,12.34
8859,20:29:51:400,3,Severe_Damage,L3_S3,-1700,1080,14938,-146,31,-119,0,70.34
8860,20:29:51:410,3,Severe_Damage,L3_S3,-1712,1150,14934,-153,33,-117,0,66.34
8861,20:29:51:420,3,Severe_Damage,L3_S3,-1762,1120,14880,-163,35,-116,0,12.34
8862,20:29:51:430,3,Severe_Damage,L3_S3,-1762,1122,14916,-172,30,-119,0,48.34
8863,20:29:51:440,3,Severe_Damage,L3_S3,-1736,1100,14914,-191,26,-129,0,46.34
8864,20:29:51:450,3,Severe_Damage,L3_S3,-1740,1120,14854,-213,26,-128,0,-13.66
8865,20:29:51:460,3,Severe_Damage,L3_S3,-1724,1104,14914,-222,30,-132,0,46.34
8866,20:29:51:470,3,Severe_Damage,L3_S3,-1754,1118,14918,-233,24,-127,0,50.34
8867,20:29:51:480,3,Severe_Damage,L3_S3,-1728,1102,14922,-240,31,-124,0,54.34
8868,20:29:51:490,3,Severe_Damage,L3_S3,-1704,1064,14856,-243,32,-136,0,-11.66
8869,20:29:51:501,3,Severe_Damage,L3_S3,-1714,1146,14860,-236,23,-125,0,-7.66
8870,20:29:51:510,3,Severe_Damage,L3_S3,-1780,1118,14828,-231,24,-127,0,-39.66
8871,20:29:51:520,3,Severe_Damage,L3_S3,-1704,1058,14800,-219,27,-131,0,-67.66
8872,20:29:51:530,3,Severe_Damage,L3_S3,-1726,1100,14830,-208,25,-127,0,-37.66
8873,20:29:51:540,3,Severe_Damage,L3_S3,-1690,1084,14866,-190,29,-132,0,-1.66
8874,20:29:51:550,3,Severe_Damage,L3_S3,-1732,1098,14810,-178,30,-122,0,-57.66
8875,20:29:51:560,3,Severe_Damage,L3_S3,-1744,1106,14820,-162,31,-116,0,-47.66
8876,20:29:51:570,3,Severe_Damage,L3_S3,-1724,1114,14852,-147,22,-115,0,-15.66
8877,20:29:51:580,3,Severe_Damage,L3_S3,-1754,1164,14834,-144,29,-113,0,-33.66
8878,20:29:51:590,3,Severe_Damage,L3_S3,-1758,1134,14894,-141,33,-118,0,26.34
8879,20:29:51:600,3,Severe_Damage,L3_S3,-1720,1136,14920,-151,29,-114,0,52.34
8880,20:29:51:610,3,Severe_Damage,L3_S3,-1758,1170,14956,-153,38,-119,0,88.34
8881,20:29:51:620,3,Severe_Damage,L3_S3,-1748,1130,14900,-164,31,-126,0,32.34
8882,20:29:51:630,3,Severe_Damage,L3_S3,-1812,1148,14880,-176,31,-119,0,12.34
8883,20:29:51:640,3,Severe_Damage,L3_S3,-1710,1116,14958,-197,32,-123,0,90.34
8884,20:29:51:651,3,Severe_Damage,L3_S3,-1770,1140,14892,-213,25,-125,0,24.34
8885,20:29:51:661,3,Severe_Damage,L3_S3,-1704,1122,14898,-227,25,-129,0,30.34
8886,20:29:51:670,3,Severe_Damage,L3_S3,-1700,1102,14890,-227,30,-132,0,22.34
8887,20:29:51:680,3,Severe_Damage,L3_S3,-1724,1112,14934,-238,31,-129,0,66.34
8888,20:29:51:690,3,Severe_Damage,L3_S3,-1682,1070,14872,-236,30,-124,0,4.34
8889,20:29:51:700,3,Severe_Damage,L3_S3,-1732,1160,14864,-236,31,-133,0,-3.66
8890,20:29:51:710,3,Severe_Damage,L3_S3,-1700,1096,14838,-223,31,-134,0,-29.66
8891,20:29:51:720,3,Severe_Damage,L3_S3,-1712,1100,14814,-213,28,-127,0,-53.66
8892,20:29:51:730,3,Severe_Damage,L3_S3,-1742,1120,14826,-209,32,-125,0,-41.66
8893,20:29:51:740,3,Severe_Damage,L3_S3,-1726,1076,14884,-191,31,-127,0,16.34
8894,20:29:51:750,3,Severe_Damage,L3_S3,-1752,1112,14842,-174,30,-114,0,-25.66
8895,20:29:51:760,3,Severe_Damage,L3_S3,-1702,1064,14860,-167,27,-120,0,-7.66
8896,20:29:51:770,3,Severe_Damage,L3_S3,-1778,1062,14786,-155,32,-114,0,-81.66
8897,20:29:51:780,3,Severe_Damage,L3_S3,-1728,1098,14948,-148,36,-116,0,80.34
8898,20:29:51:790,3,Severe_Damage,L3_S3,-1728,1116,14964,-147,36,-117,0,96.34
8899,20:29:51:800,3,Severe_Damage,L3_S3,-1736,1126,14916,-148,35,-118,0,48.34
8900,20:29:51:810,3,Severe_Damage,L3_S3,-1744,1168,14930,-156,32,-125,0,62.34
8901,20:29:51:821,3,Severe_Damage,L3_S3,-1730,1150,14870,-164,29,-120,0,2.34
8902,20:29:51:831,3,Severe_Damage,L3_S3,-1718,1100,14946,-177,28,-120,0,78.34
8903,20:29:51:840,3,Severe_Damage,L3_S3,-1748,1136,14936,-188,28,-120,0,68.34
8904,20:29:51:850,3,Severe_Damage,L3_S3,-1748,1132,14844,-208,35,-126,0,-23.66
8905,20:29:51:860,3,Severe_Damage,L3_S3,-1682,1112,14852,-223,27,-128,0,-15.66
8906,20:29:51:870,3,Severe_Damage,L3_S3,-1722,1116,14900,-223,36,-128,0,32.34
8907,20:29:51:880,3,Severe_Damage,L3_S3,-1774,1080,14876,-228,31,-131,0,8.34
8908,20:29:51:890,3,Severe_Damage,L3_S3,-1746,1120,14828,-237,27,-131,0,-39.66
8909,20:29:51:900,3,Severe_Damage,L3_S3,-1696,1076,14828,-228,33,-130,0,-39.66
8910,20:29:51:910,3,Severe_Damage,L3_S3,-1766,1118,14792,-228,26,-125,0,-75.66
8911,20:29:51:920,3,Severe_Damage,L3_S3,-1746,1092,14898,-219,28,-126,0,30.34
8912,20:29:51:930,3,Severe_Damage,L3_S3,-1704,1090,14830,-213,24,-125,0,-37.66
8913,20:29:51:940,3,Severe_Damage,L3_S3,-1728,1082,14830,-191,30,-120,0,-37.66
8914,20:29:51:950,3,Severe_Damage,L3_S3,-1706,1126,14884,-182,38,-116,0,16.34
8915,20:29:51:960,3,Severe_Damage,L3_S3,-1742,1062,14774,-170,32,-120,0,-93.66
8916,20:29:51:970,3,Severe_Damage,L3_S3,-1668,1132,14802,-158,34,-123,0,-65.66
8917,20:29:51:981,3,Severe_Damage,L3_S3,-1714,1130,14850,-154,32,-122,0,-17.66
8918,20:29:51:991,3,Severe_Damage,L3_S3,-1738,1112,14850,-151,27,-122,0,-17.66
8919,20:29:52:000,3,Severe_Damage,L3_S3,-1728,1108,14938,-153,31,-121,0,70.34
8920,20:29:52:011,3,Severe_Damage,L3_S3,-1720,1166,14870,-160,24,-119,0,2.34
8921,20:29:52:020,3,Severe_Damage,L3_S3,-1760,1146,14930,-167,31,-119,0,62.34
8922,20:29:52:031,3,Severe_Damage,L3_S3,-1768,1086,14868,-182,28,-123,0,0.34
8923,20:29:52:041,3,Severe_Damage,L3_S3,-1708,1114,14872,-191,41,-119,0,4.34
8924,20:29:52:050,3,Severe_Damage,L3_S3,-1728,1094,14882,-201,38,-126,0,14.34
8925,20:29:52:060,3,Severe_Damage,L3_S3,-1768,1086,14882,-213,29,-123,0,14.34
8926,20:29:52:070,3,Severe_Damage,L3_S3,-1750,1102,14850,-221,31,-129,0,-17.66
8927,20:29:52:081,3,Severe_Damage,L3_S3,-1742,1082,14894,-223,34,-133,0,26.34
8928,20:29:52:090,3,Severe_Damage,L3_S3,-1742,1120,14920,-235,21,-127,0,52.34
8929,20:29:52:100,3,Severe_Damage,L3_S3,-1736,1092,14826,-229,27,-128,0,-41.66
8930,20:29:52:110,3,Severe_Damage,L3_S3,-1762,1114,14802,-227,23,-127,0,-65.66
8931,20:29:52:120,3,Severe_Damage,L3_S3,-1720,1120,14866,-219,36,-131,0,-1.66
8932,20:29:52:131,3,Severe_Damage,L3_S3,-1740,1104,14840,-205,32,-122,0,-27.66
8933,20:29:52:141,3,Severe_Damage,L3_S3,-1706,1114,14788,-195,32,-127,0,-79.66
8934,20:29:52:151,3,Severe_Damage,L3_S3,-1756,1120,14796,-184,27,-121,0,-71.66
8935,20:29:52:161,3,Severe_Damage,L3_S3,-1718,1120,14876,-171,35,-117,0,8.34
8936,20:29:52:171,3,Severe_Damage,L3_S3,-1752,1140,14868,-165,30,-117,0,0.34
8937,20:29:52:181,3,Severe_Damage,L3_S3,-1744,1098,14850,-152,30,-120,0,-17.66
8938,20:29:52:191,3,Severe_Damage,L3_S3,-1700,1120,14916,-157,29,-120,0,48.34
8939,20:29:52:201,3,Severe_Damage,L3_S3,-1740,1096,14844,-155,26,-115,0,-23.66
8940,20:29:52:211,3,Severe_Damage,L3_S3,-1658,1068,14874,-161,26,-124,0,6.34
8941,20:29:52:221,3,Severe_Damage,L3_S3,-1728,1148,14858,-161,28,-118,0,-9.66
8942,20:29:52:231,3,Severe_Damage,L3_S3,-1734,1096,14880,-177,31,-124,0,12.34
8943,20:29:52:241,3,Severe_Damage,L3_S3,-1728,1114,14908,-185,32,-124,0,40.34
8944,20:29:52:251,3,Severe_Damage,L3_S3,-1734,1120,14914,-208,31,-131,0,46.34
8945,20:29:52:261,3,Severe_Damage,L3_S3,-1726,1118,14910,-215,34,-130,0,42.34
8946,20:29:52:271,3,Severe_Damage,L3_S3,-1750,1094,14884,-223,26,-125,0,16.34
8947,20:29:52:281,3,Severe_Damage,L3_S3,-1704,1164,14870,-226,30,-126,0,2.34
8948,20:29:52:291,3,Severe_Damage,L3_S3,-1764,1106,14908,-228,32,-136,0,40.34
8949,20:29:52:301,3,Severe_Damage,L3_S3,-1780,1098,14866,-219,25,-123,0,-1.66
8950,20:29:52:311,3,Severe_Damage,L3_S3,-1682,1104,14886,-218,31,-126,0,18.34
8951,20:29:52:321,3,Severe_Damage,L3_S3,-1780,1130,14896,-212,30,-125,0,28.34
8952,20:29:52:331,3,Severe_Damage,L3_S3,-1716,1102,14904,-212,30,-130,0,36.34
8953,20:29:52:341,3,Severe_Damage,L3_S3,-1694,1116,14842,-191,25,-127,0,-25.66
8954,20:29:52:351,3,Severe_Damage,L3_S3,-1748,1134,14858,-181,32,-116,0,-9.66
8955,20:29:52:361,3,Severe_Damage,L3_S3,-1690,1078,14836,-168,32,-126,0,-31.66
8956,20:29:52:371,3,Severe_Damage,L3_S3,-1762,1094,14858,-163,28,-123,0,-9.66
8957,20:29:52:381,3,Severe_Damage,L3_S3,-1756,1086,14886,-156,32,-116,0,18.34
8958,20:29:52:391,3,Severe_Damage,L3_S3,-1706,1144,14890,-158,25,-122,0,22.34
8959,20:29:52:401,3,Severe_Damage,L3_S3,-1756,1122,14860,-159,30,-114,0,-7.66
8960,20:29:52:411,3,Severe_Damage,L3_S3,-1724,1118,14868,-160,37,-124,0,0.34
8961,20:29:52:421,3,Severe_Damage,L3_S3,-1694,1104,14898,-167,26,-124,0,30.34
8962,20:29:52:431,3,Severe_Damage,L3_S3,-1710,1134,14900,-180,35,-117,0,32.34
8963,20:29:52:441,3,Severe_Damage,L3_S3,-1756,1106,14970,-192,29,-125,0,102.34
8964,20:29:52:451,3,Severe_Damage,L3_S3,-1718,1118,14904,-200,28,-120,0,36.34
8965,20:29:52:461,3,Severe_Damage,L3_S3,-1742,1102,14882,-203,33,-125,0,14.34
8966,20:29:52:471,3,Severe_Damage,L3_S3,-1726,1084,14914,-209,26,-128,0,46.34
8967,20:29:52:481,3,Severe_Damage,L3_S3,-1772,1108,14892,-222,27,-133,0,24.34
8968,20:29:52:491,3,Severe_Damage,L3_S3,-1792,1112,14840,-221,21,-131,0,-27.66
8969,20:29:52:501,3,Severe_Damage,L3_S3,-1746,1120,14832,-224,15,-124,0,-35.66
8970,20:29:52:511,3,Severe_Damage,L3_S3,-1732,1122,14868,-209,21,-124,0,0.34
8971,20:29:52:521,3,Severe_Damage,L3_S3,-1754,1064,14854,-209,26,-122,0,-13.66
8972,20:29:52:531,3,Severe_Damage,L3_S3,-1746,1110,14898,-207,27,-116,0,30.34
8973,20:29:52:541,3,Severe_Damage,L3_S3,-1730,1092,14844,-194,31,-119,0,-23.66
8974,20:29:52:551,3,Severe_Damage,L3_S3,-1752,1116,14776,-184,27,-121,0,-91.66
8975,20:29:52:561,3,Severe_Damage,L3_S3,-1726,1146,14840,-177,32,-116,0,-27.66
8976,20:29:52:571,3,Severe_Damage,L3_S3,-1702,1112,14844,-165,28,-120,0,-23.66
8977,20:29:52:581,3,Severe_Damage,L3_S3,-1746,1090,14942,-161,36,-119,0,74.34
8978,20:29:52:591,3,Severe_Damage,L3_S3,-1720,1068,14874,-159,37,-126,0,6.34
8979,20:29:52:601,3,Severe_Damage,L3_S3,-1756,1122,14906,-163,38,-127,0,38.34
8980,20:29:52:611,3,Severe_Damage,L3_S3,-1750,1116,14896,-164,28,-121,0,28.34
8981,20:29:52:621,3,Severe_Damage,L3_S3,-1714,1090,14904,-170,38,-124,0,36.34
8982,20:29:52:631,3,Severe_Damage,L3_S3,-1802,1098,14922,-179,35,-124,0,54.34
8983,20:29:52:641,3,Severe_Damage,L3_S3,-1732,1116,14948,-191,36,-122,0,80.34
8984,20:29:52:651,3,Severe_Damage,L3_S3,-1730,1128,14906,-197,31,-116,0,38.34
8985,20:29:52:661,3,Severe_Damage,L3_S3,-1776,1090,14886,-208,28,-120,0,18.34
8986,20:29:52:671,3,Severe_Damage,L3_S3,-1742,1096,14930,-218,24,-125,0,62.34
8987,20:29:52:681,3,Severe_Damage,L3_S3,-1738,1114,14940,-219,34,-129,0,72.34
8988,20:29:52:691,3,Severe_Damage,L3_S3,-1772,1056,14838,-225,32,-125,0,-29.66
8989,20:29:52:701,3,Severe_Damage,L3_S3,-1738,1094,14864,-222,31,-129,0,-3.66
8990,20:29:52:711,3,Severe_Damage,L3_S3,-1756,1148,14924,-228,29,-127,0,56.34
8991,20:29:52:721,3,Severe_Damage,L3_S3,-1710,1090,14868,-210,37,-136,0,0.34
8992,20:29:52:731,3,Severe_Damage,L3_S3,-1782,1098,14806,-208,23,-126,0,-61.66
8993,20:29:52:741,3,Severe_Damage,L3_S3,-1756,1112,14862,-190,32,-131,0,-5.66
8994,20:29:52:751,3,Severe_Damage,L3_S3,-1728,1152,14822,-191,25,-120,0,-45.66
8995,20:29:52:761,3,Severe_Damage,L3_S3,-1746,1136,14856,-173,25,-124,0,-11.66
8996,20:29:52:771,3,Severe_Damage,L3_S3,-1690,1106,14868,-173,29,-125,0,0.34
8997,20:29:52:781,3,Severe_Damage,L3_S3,-1674,1090,14820,-162,24,-124,0,-47.66
8998,20:29:52:791,3,Severe_Damage,L3_S3,-1704,1104,14868,-163,33,-121,0,0.34
8999,20:29:52:801,3,Severe_Damage,L3_S3,-1722,1080,14856,-159,18,-115,0,-11.66
9000,20:29:52:811,3,Severe_Damage,L3_S3,-1736,1116,14914,-166,32,-123,0,46.34
9001,20:29:52:821,3,Severe_Damage,L3_S3,-1696,1112,14854,-170,36,-118,0,-13.66
9002,20:29:52:831,3,Severe_Damage,L3_S3,-1744,1130,14908,-181,42,-121,0,40.34
9003,20:29:52:841,3,Severe_Damage,L3_S3,-1756,1110,14960,-192,29,-124,0,92.34
9004,20:29:52:851,3,Severe_Damage,L3_S3,-1688,1134,14922,-200,27,-123,0,54.34
9005,20:29:52:861,3,Severe_Damage,L3_S3,-1738,1108,14906,-207,32,-119,0,38.34
9006,20:29:52:871,3,Severe_Damage,L3_S3,-1740,1106,14944,-211,25,-128,0,76.34
9007,20:29:52:881,3,Severe_Damage,L3_S3,-1722,1094,14894,-224,31,-124,0,26.34
9008,20:29:52:891,3,Severe_Damage,L3_S3,-1728,1142,14868,-221,24,-122,0,0.34
9009,20:29:52:901,3,Severe_Damage,L3_S3,-1718,1118,14842,-216,22,-120,0,-25.66
9010,20:29:52:911,3,Severe_Damage,L3_S3,-1672,1128,14896,-212,28,-127,0,28.34
9011,20:29:52:921,3,Severe_Damage,L3_S3,-1710,1086,14830,-199,31,-130,0,-37.66
9012,20:29:52:931,3,Severe_Damage,L3_S3,-1792,1122,14828,-197,29,-122,0,-39.66
9013,20:29:52:941,3,Severe_Damage,L3_S3,-1724,1118,14850,-190,33,-122,0,-17.66
9014,20:29:52:951,3,Severe_Damage,L3_S3,-1726,1090,14824,-179,34,-123,0,-43.66
9015,20:29:52:961,3,Severe_Damage,L3_S3,-1734,1150,14870,-175,36,-118,0,2.34
9016,20:29:52:971,3,Severe_Damage,L3_S3,-1730,1126,14870,-166,31,-120,0,2.34
9017,20:29:52:981,3,Severe_Damage,L3_S3,-1708,1158,14842,-165,30,-114,0,-25.66
9018,20:29:52:991,3,Severe_Damage,L3_S3,-1708,1126,14884,-167,29,-123,0,16.34
9019,20:29:53:001,3,Severe_Damage,L3_S3,-1716,1074,14900,-167,35,-118,0,32.34
9020,20:29:53:011,3,Severe_Damage,L3_S3,-1710,1098,14824,-174,29,-123,0,-43.66
9021,20:29:53:021,3,Severe_Damage,L3_S3,-1708,1108,14924,-181,29,-121,0,56.34
9022,20:29:53:031,3,Severe_Damage,L3_S3,-1754,1188,14926,-190,23,-128,0,58.34
9023,20:29:53:041,3,Severe_Damage,L3_S3,-1768,1140,14908,-200,30,-130,0,40.34
9024,20:29:53:051,3,Severe_Damage,L3_S3,-1742,1136,14886,-205,23,-129,0,18.34
9025,20:29:53:061,3,Severe_Damage,L3_S3,-1756,1110,14912,-216,24,-128,0,44.34
9026,20:29:53:071,3,Severe_Damage,L3_S3,-1762,1108,14828,-215,25,-126,0,-39.66
9027,20:29:53:081,3,Severe_Damage,L3_S3,-1738,1092,14850,-216,26,-128,0,-17.66
9028,20:29:53:091,3,Severe_Damage,L3_S3,-1736,1132,14890,-218,34,-135,0,22.34
9029,20:29:53:101,3,Severe_Damage,L3_S3,-1714,1046,14922,-212,15,-127,0,54.34
9030,20:29:53:111,3,Severe_Damage,L3_S3,-1788,1162,14832,-206,29,-127,0,-35.66
9031,20:29:53:121,3,Severe_Damage,L3_S3,-1732,1080,14850,-204,34,-130,0,-17.66
9032,20:29:53:131,3,Severe_Damage,L3_S3,-1728,1098,14812,-201,25,-125,0,-55.66
9033,20:29:53:141,3,Severe_Damage,L3_S3,-1736,1092,14882,-189,30,-126,0,14.34
9034,20:29:53:151,3,Severe_Damage,L3_S3,-1724,1082,14862,-184,27,-127,0,-5.66
9035,20:29:53:161,3,Severe_Damage,L3_S3,-1738,1142,14880,-171,32,-124,0,12.34
9036,20:29:53:171,3,Severe_Damage,L3_S3,-1708,1064,14910,-168,35,-124,0,42.34
9037,20:29:53:181,3,Severe_Damage,L3_S3,-1768,1128,14828,-163,25,-117,0,-39.66
9038,20:29:53:191,3,Severe_Damage,L3_S3,-1726,1130,14904,-167,37,-124,0,36.34
9039,20:29:53:201,3,Severe_Damage,L3_S3,-1740,1084,14948,-159,33,-123,0,80.34
9040,20:29:53:211,3,Severe_Damage,L3_S3,-1714,1088,14906,-179,29,-121,0,38.34
9041,20:29:53:221,3,Severe_Damage,L3_S3,-1736,1078,14914,-175,35,-121,0,46.34
9042,20:29:53:231,3,Severe_Damage,L3_S3,-1756,1116,14928,-187,33,-121,0,60.34
9043,20:29:53:241,3,Severe_Damage,L3_S3,-1748,1124,14896,-189,34,-119,0,28.34
9044,20:29:53:251,3,Severe_Damage,L3_S3,-1736,1118,14888,-205,23,-125,0,20.34
9045,20:29:53:261,3,Severe_Damage,L3_S3,-1726,1166,14932,-204,32,-127,0,64.34
9046,20:29:53:271,3,Severe_Damage,L3_S3,-1772,1106,14922,-208,33,-131,0,54.34
9047,20:29:53:281,3,Severe_Damage,L3_S3,-1706,1106,14828,-211,22,-130,0,-39.66
9048,20:29:53:291,3,Severe_Damage,L3_S3,-1748,1146,14884,-210,27,-123,0,16.34
9049,20:29:53:301,3,Severe_Damage,L3_S3,-1752,1086,14808,-213,32,-125,0,-59.66
9050,20:29:53:311,3,Severe_Damage,L3_S3,-1760,1080,14902,-209,31,-121,0,34.34
9051,20:29:53:321,3,Severe_Damage,L3_S3,-1728,1124,14888,-201,32,-126,0,20.34
9052,20:29:53:331,3,Severe_Damage,L3_S3,-1740,1082,14886,-193,25,-123,0,18.34
9053,20:29:53:341,3,Severe_Damage,L3_S3,-1752,1128,14892,-188,31,-122,0,24.34
9054,20:29:53:351,3,Severe_Damage,L3_S3,-1722,1112,14888,-178,28,-119,0,20.34
9055,20:29:53:361,3,Severe_Damage,L3_S3,-1738,1110,14966,-174,29,-121,0,98.34
9056,20:29:53:371,3,Severe_Damage,L3_S3,-1760,1132,14854,-173,28,-119,0,-13.66
9057,20:29:53:381,3,Severe_Damage,L3_S3,-1746,1124,14876,-167,33,-122,0,8.34
9058,20:29:53:391,3,Severe_Damage,L3_S3,-1724,1124,14870,-170,28,-117,0,2.34
9059,20:29:53:401,3,Severe_Damage,L3_S3,-1766,1058,14896,-175,24,-119,0,28.34
9060,20:29:53:411,3,Severe_Damage,L3_S3,-1696,1098,14942,-176,27,-125,0,74.34
9061,20:29:53:421,3,Severe_Damage,L3_S3,-1744,1160,14910,-183,30,-118,0,42.34
9062,20:29:53:431,3,Severe_Damage,L3_S3,-1718,1070,14848,-180,40,-123,0,-19.66
9063,20:29:53:441,3,Severe_Damage,L3_S3,-1696,1104,14926,-192,33,-130,0,58.34
9064,20:29:53:451,3,Severe_Damage,L3_S3,-1762,1156,14860,-197,33,-127,0,-7.66
9065,20:29:53:461,3,Severe_Damage,L3_S3,-1750,1116,14914,-206,29,-122,0,46.34
9066,20:29:53:471,3,Severe_Damage,L3_S3,-1760,1076,14926,-208,32,-124,0,58.34
9067,20:29:53:481,3,Severe_Damage,L3_S3,-1740,1124,14934,-219,33,-126,0,66.34
9068,20:29:53:491,3,Severe_Damage,L3_S3,-1706,1086,14832,-207,27,-123,0,-35.66
9069,20:29:53:501,3,Severe_Damage,L3_S3,-1750,1088,14854,-213,31,-127,0,-13.66
9070,20:29:53:511,3,Severe_Damage,L3_S3,-1732,1130,14902,-202,32,-130,0,34.34
9071,20:29:53:521,3,Severe_Damage,L3_S3,-1708,1118,14870,-203,18,-120,0,2.34
9072,20:29:53:531,3,Severe_Damage,L3_S3,-1708,1126,14856,-193,37,-122,0,-11.66
9073,20:29:53:541,3,Severe_Damage,L3_S3,-1686,1056,14826,-192,32,-121,0,-41.66
9074,20:29:53:551,3,Severe_Damage,L3_S3,-1780,1134,14874,-180,29,-123,0,6.34
9075,20:29:53:561,3,Severe_Damage,L3_S3,-1730,1080,14770,-177,30,-118,0,-97.66
9076,20:29:53:571,3,Severe_Damage,L3_S3,-1714,1106,14848,-171,29,-125,0,-19.66
9077,20:29:53:581,3,Severe_Damage,L3_S3,-1704,1090,14860,-174,31,-120,0,-7.66
9078,20:29:53:591,3,Severe_Damage,L3_S3,-1698,1110,14996,-169,32,-121,0,128.34
9079,20:29:53:601,3,Severe_Damage,L3_S3,-1766,1180,14834,-172,28,-112,0,-33.66
9080,20:29:53:611,3,Severe_Damage,L3_S3,-1686,1130,14924,-183,31,-121,0,56.34
9081,20:29:53:621,3,Severe_Damage,L3_S3,-1700,1124,14836,-180,25,-125,0,-31.66
9082,20:29:53:631,3,Severe_Damage,L3_S3,-1680,1122,14906,-184,29,-123,0,38.34
9083,20:29:53:641,3,Severe_Damage,L3_S3,-1714,1098,14890,-194,34,-123,0,22.34
9084,20:29:53:651,3,Severe_Damage,L3_S3,-1728,1124,14888,-204,30,-131,0,20.34
9085,20:29:53:661,3,Severe_Damage,L3_S3,-1702,1104,14888,-204,31,-130,0,20.34
9086,20:29:53:671,3,Severe_Damage,L3_S3,-1696,1124,14886,-209,26,-131,0,18.34
9087,20:29:53:681,3,Severe_Damage,L3_S3,-1746,1054,14926,-204,29,-128,0,58.34
9088,20:29:53:691,3,Severe_Damage,L3_S3,-1714,1124,14896,-210,27,-132,0,28.34
9089,20:29:53:701,3,Severe_Damage,L3_S3,-1706,1108,14888,-214,29,-128,0,20.34
9090,20:29:53:711,3,Severe_Damage,L3_S3,-1752,1070,14820,-201,34,-124,0,-47.66
9091,20:29:53:721,3,Severe_Damage,L3_S3,-1734,1110,14872,-197,29,-128,0,4.34
9092,20:29:53:731,3,Severe_Damage,L3_S3,-1730,1122,14836,-195,30,-123,0,-31.66
9093,20:29:53:741,3,Severe_Damage,L3_S3,-1708,1070,14782,-193,35,-120,0,-85.66
9094,20:29:53:751,3,Severe_Damage,L3_S3,-1740,1094,14824,-187,29,-119,0,-43.66
9095,20:29:53:761,3,Severe_Damage,L3_S3,-1742,1060,14892,-172,37,-127,0,24.34
9096,20:29:53:771,3,Severe_Damage,L3_S3,-1774,1132,14842,-167,23,-121,0,-25.66
9097,20:29:53:781,3,Severe_Damage,L3_S3,-1768,1064,14878,-169,29,-114,0,10.34
9098,20:29:53:791,3,Severe_Damage,L3_S3,-1728,1116,14920,-177,30,-120,0,52.34
9099,20:29:53:801,3,Severe_Damage,L3_S3,-1750,1094,14930,-176,35,-122,0,62.34
9100,20:29:53:811,3,Severe_Damage,L3_S3,-1742,1074,14872,-175,30,-116,0,4.34
9101,20:29:53:821,3,Severe_Damage,L3_S3,-1716,1092,14862,-184,34,-126,0,-5.66
9102,20:29:53:831,3,Severe_Damage,L3_S3,-1768,1094,14878,-187,32,-124,0,10.34
9103,20:29:53:841,3,Severe_Damage,L3_S3,-1684,1086,14870,-188,35,-128,0,2.34
9104,20:29:53:851,3,Severe_Damage,L3_S3,-1730,1116,14880,-198,27,-120,0,12.34
9105,20:29:53:861,3,Severe_Damage,L3_S3,-1760,1110,14870,-202,31,-124,0,2.34
9106,20:29:53:871,3,Severe_Damage,L3_S3,-1712,1110,14894,-205,29,-127,0,26.34
9107,20:29:53:881,3,Severe_Damage,L3_S3,-1754,1136,14880,-209,28,-128,0,12.34
9108,20:29:53:891,3,Severe_Damage,L3_S3,-1768,1138,14850,-206,26,-122,0,-17.66
9109,20:29:53:901,3,Severe_Damage,L3_S3,-1726,1144,14852,-208,29,-122,0,-15.66
9110,20:29:53:911,3,Severe_Damage,L3_S3,-1762,1120,14792,-203,31,-120,0,-75.66
9111,20:29:53:921,3,Severe_Damage,L3_S3,-1764,1032,14850,-193,26,-129,0,-17.66
9112,20:29:53:931,3,Severe_Damage,L3_S3,-1738,1134,14976,-194,30,-123,0,108.34
9113,20:29:53:941,3,Severe_Damage,L3_S3,-1786,1138,14888,-190,33,-126,0,20.34
9114,20:29:53:951,3,Severe_Damage,L3_S3,-1740,1112,14810,-184,24,-119,0,-57.66
9115,20:29:53:961,3,Severe_Damage,L3_S3,-1716,1116,14832,-178,33,-125,0,-35.66
9116,20:29:53:971,3,Severe_Damage,L3_S3,-1744,1066,14884,-175,26,-119,0,16.34
9117,20:29:53:981,3,Severe_Damage,L3_S3,-1776,1156,14888,-171,32,-123,0,20.34
9118,20:29:53:991,3,Severe_Damage,L3_S3,-1758,1146,14842,-176,33,-117,0,-25.66
9119,20:29:54:001,3,Severe_Damage,L3_S3,-1744,1100,14868,-176,29,-116,0,0.34
9120,20:29:54:011,3,Severe_Damage,L3_S3,-1764,1138,14864,-180,39,-118,0,-3.66
9121,20:29:54:021,3,Severe_Damage,L3_S3,-1784,1124,14928,-181,26,-119,0,60.34
9122,20:29:54:031,3,Severe_Damage,L3_S3,-1756,1156,14850,-183,31,-121,0,-17.66
9123,20:29:54:041,3,Severe_Damage,L3_S3,-1764,1134,14840,-197,25,-119,0,-27.66
9124,20:29:54:051,3,Severe_Damage,L3_S3,-1762,1096,14900,-194,25,-122,0,32.34
9125,20:29:54:061,3,Severe_Damage,L3_S3,-1774,1134,14906,-206,23,-125,0,38.34
9126,20:29:54:071,3,Severe_Damage,L3_S3,-1720,1078,14918,-210,30,-121,0,50.34
9127,20:29:54:081,3,Severe_Damage,L3_S3,-1700,1106,14892,-209,34,-121,0,24.34
9128,20:29:54:091,3,Severe_Damage,L3_S3,-1716,1070,14770,-211,26,-123,0,-97.66
9129,20:29:54:101,3,Severe_Damage,L3_S3,-1750,1098,14880,-204,29,-122,0,12.34
9130,20:29:54:111,3,Severe_Damage,L3_S3,-1776,1098,14874,-207,32,-130,0,6.34
9131,20:29:54:121,3,Severe_Damage,L3_S3,-1800,1080,14848,-204,25,-128,0,-19.66
9132,20:29:54:131,3,Severe_Damage,L3_S3,-1720,1108,14868,-197,30,-125,0,0.34
9133,20:29:54:141,3,Severe_Damage,L3_S3,-1778,1136,14866,-190,27,-120,0,-1.66
9134,20:29:54:151,3,Severe_Damage,L3_S3,-1758,1114,14930,-180,36,-120,0,62.34
9135,20:29:54:161,3,Severe_Damage,L3_S3,-1764,1134,14860,-177,26,-120,0,-7.66
9136,20:29:54:171,3,Severe_Damage,L3_S3,-1770,1110,14824,-176,33,-120,0,-43.66
9137,20:29:54:181,3,Severe_Damage,L3_S3,-1664,1148,14864,-169,33,-114,0,-3.66
9138,20:29:54:191,3,Severe_Damage,L3_S3,-1708,1118,14898,-174,27,-119,0,30.34
9139,20:29:54:201,3,Severe_Damage,L3_S3,-1700,1098,14860,-176,32,-121,0,-7.66
9140,20:29:54:211,3,Severe_Damage,L3_S3,-1754,1088,14900,-183,28,-116,0,32.34
9141,20:29:54:221,3,Severe_Damage,L3_S3,-1752,1130,14914,-187,30,-121,0,46.34
9142,20:29:54:231,3,Severe_Damage,L3_S3,-1716,1120,14862,-197,30,-126,0,-5.66
9143,20:29:54:241,3,Severe_Damage,L3_S3,-1776,1126,14920,-192,23,-124,0,52.34
9144,20:29:54:251,3,Severe_Damage,L3_S3,-1726,1126,14844,-193,27,-122,0,-23.66
9145,20:29:54:261,3,Severe_Damage,L3_S3,-1726,1082,14862,-202,25,-121,0,-5.66
9146,20:29:54:271,3,Severe_Damage,L3_S3,-1720,1126,14882,-203,27,-124,0,14.34
9147,20:29:54:281,3,Severe_Damage,L3_S3,-1726,1132,14798,-204,43,-135,0,-69.66
9148,20:29:54:291,3,Severe_Damage,L3_S3,-1728,1138,14852,-211,23,-128,0,-15.66
9149,20:29:54:301,3,Severe_Damage,L3_S3,-1732,1118,14924,-207,33,-126,0,56.34
9150,20:29:54:312,3,Severe_Damage,L3_S3,-1742,1148,14898,-209,20,-124,0,30.34
9151,20:29:54:322,3,Severe_Damage,L3_S3,-1778,1078,14920,-197,28,-131,0,52.34
9152,20:29:54:331,3,Severe_Damage,L3_S3,-1750,1112,14904,-194,27,-119,0,36.34
9153,20:29:54:341,3,Severe_Damage,L3_S3,-1726,1128,14912,-189,27,-124,0,44.34
9154,20:29:54:352,3,Severe_Damage,L3_S3,-1746,1118,14860,-180,34,-126,0,-7.66
9155,20:29:54:361,3,Severe_Damage,L3_S3,-1690,1112,14876,-179,32,-114,0,8.34
9156,20:29:54:371,3,Severe_Damage,L3_S3,-1726,1058,14846,-182,32,-110,0,-21.66
9157,20:29:54:381,3,Severe_Damage,L3_S3,-1728,1058,14848,-182,31,-116,0,-19.66
9158,20:29:54:391,3,Severe_Damage,L3_S3,-1776,1110,14920,-171,29,-120,0,52.34
9159,20:29:54:401,3,Severe_Damage,L3_S3,-1756,1128,14910,-178,31,-122,0,42.34
9160,20:29:54:411,3,Severe_Damage,L3_S3,-1774,1080,14832,-179,24,-124,0,-35.66
9161,20:29:54:421,3,Severe_Damage,L3_S3,-1752,1110,14834,-182,36,-124,0,-33.66
9162,20:29:54:431,3,Severe_Damage,L3_S3,-1682,1134,14824,-185,35,-127,0,-43.66
9163,20:29:54:441,3,Severe_Damage,L3_S3,-1714,1098,14870,-196,29,-123,0,2.34
9164,20:29:54:452,3,Severe_Damage,L3_S3,-1724,1090,14830,-197,26,-123,0,-37.66
9165,20:29:54:462,3,Severe_Damage,L3_S3,-1734,1108,14842,-200,26,-123,0,-25.66
9166,20:29:54:471,3,Severe_Damage,L3_S3,-1750,1120,14958,-203,34,-126,0,90.34
9167,20:29:54:481,3,Severe_Damage,L3_S3,-1744,1096,14898,-211,25,-131,0,30.34
9168,20:29:54:491,3,Severe_Damage,L3_S3,-1648,1076,14902,-203,32,-123,0,34.34
9169,20:29:54:501,3,Severe_Damage,L3_S3,-1750,1118,14826,-205,29,-121,0,-41.66
9170,20:29:54:512,3,Severe_Damage,L3_S3,-1742,1094,14864,-202,29,-125,0,-3.66
9171,20:29:54:522,3,Severe_Damage,L3_S3,-1746,1090,14862,-201,30,-124,0,-5.66
9172,20:29:54:532,3,Severe_Damage,L3_S3,-1718,1098,14886,-195,29,-130,0,18.34
9173,20:29:54:542,3,Severe_Damage,L3_S3,-1698,1132,14802,-185,25,-124,0,-65.66
9174,20:29:54:552,3,Severe_Damage,L3_S3,-1746,1128,14842,-187,26,-117,0,-25.66
9175,20:29:54:562,3,Severe_Damage,L3_S3,-1726,1118,14958,-185,30,-122,0,90.34
9176,20:29:54:572,3,Severe_Damage,L3_S3,-1718,1104,14902,-179,37,-121,0,34.34
9177,20:29:54:582,3,Severe_Damage,L3_S3,-1776,1130,14864,-177,34,-118,0,-3.66
9178,20:29:54:592,3,Severe_Damage,L3_S3,-1712,1108,14878,-181,29,-121,0,10.34
9179,20:29:54:602,3,Severe_Damage,L3_S3,-1698,1088,14872,-182,29,-121,0,4.34
9180,20:29:54:612,3,Severe_Damage,L3_S3,-1682,1108,14838,-179,37,-124,0,-29.66
9181,20:29:54:622,3,Severe_Damage,L3_S3,-1760,1110,14850,-186,26,-122,0,-17.66
9182,20:29:54:632,3,Severe_Damage,L3_S3,-1742,1134,14946,-187,23,-127,0,78.34
9183,20:29:54:642,3,Severe_Damage,L3_S3,-1712,1098,14876,-195,25,-125,0,8.34
9184,20:29:54:652,3,Severe_Damage,L3_S3,-1756,1140,14890,-194,33,-130,0,22.34
9185,20:29:54:662,3,Severe_Damage,L3_S3,-1756,1134,14928,-196,31,-121,0,60.34
9186,20:29:54:672,3,Severe_Damage,L3_S3,-1702,1102,14836,-198,34,-123,0,-31.66
9187,20:29:54:682,3,Severe_Damage,L3_S3,-1732,1118,14864,-199,32,-124,0,-3.66
9188,20:29:54:692,3,Severe_Damage,L3_S3,-1734,1056,14886,-206,31,-131,0,18.34
9189,20:29:54:702,3,Severe_Damage,L3_S3,-1700,1114,14928,-200,33,-126,0,60.34
9190,20:29:54:712,3,Severe_Damage,L3_S3,-1730,1096,14870,-197,26,-122,0,2.34
9191,20:29:54:722,3,Severe_Damage,L3_S3,-1756,1124,14906,-198,31,-126,0,38.34
9192,20:29:54:732,3,Severe_Damage,L3_S3,-1766,1158,14910,-193,27,-125,0,42.34
9193,20:29:54:742,3,Severe_Damage,L3_S3,-1762,1106,14844,-191,32,-123,0,-23.66
9194,20:29:54:752,3,Severe_Damage,L3_S3,-1708,1116,14926,-187,27,-123,0,58.34
9195,20:29:54:762,3,Severe_Damage,L3_S3,-1732,1128,14896,-184,30,-122,0,28.34
9196,20:29:54:772,3,Severe_Damage,L3_S3,-1700,1094,14880,-181,27,-119,0,12.34
9197,20:29:54:782,3,Severe_Damage,L3_S3,-1726,1146,14876,-182,30,-118,0,8.34
9198,20:29:54:792,3,Severe_Damage,L3_S3,-1730,1108,14774,-181,17,-120,0,-93.66
9199,20:29:54:802,3,Severe_Damage,L3_S3,-1692,1104,14878,-177,25,-117,0,10.34
9200,20:29:54:812,3,Severe_Damage,L3_S3,-1728,1122,14870,-184,22,-120,0,2.34
9201,20:29:54:822,3,Severe_Damage,L3_S3,-1714,1128,14838,-180,38,-120,0,-29.66
9202,20:29:54:832,3,Severe_Damage,L3_S3,-1730,1128,14910,-185,27,-123,0,42.34
9203,20:29:54:842,3,Severe_Damage,L3_S3,-1712,1094,14908,-189,31,-122,0,40.34
9204,20:29:54:852,3,Severe_Damage,L3_S3,-1748,1170,14908,-197,25,-126,0,40.34
9205,20:29:54:862,3,Severe_Damage,L3_S3,-1706,1094,14872,-200,26,-123,0,4.34
9206,20:29:54:872,3,Severe_Damage,L3_S3,-1724,1138,14822,-200,32,-123,0,-45.66
9207,20:29:54:882,3,Severe_Damage,L3_S3,-1754,1156,14832,-204,24,-119,0,-35.66
9208,20:29:54:892,3,Severe_Damage,L3_S3,-1752,1098,14888,-200,26,-128,0,20.34
9209,20:29:54:902,3,Severe_Damage,L3_S3,-1730,1112,14886,-198,30,-126,0,18.34
9210,20:29:54:912,3,Severe_Damage,L3_S3,-1770,1124,14852,-200,27,-120,0,-15.66
9211,20:29:54:922,3,Severe_Damage,L3_S3,-1732,1112,14846,-199,37,-119,0,-21.66
9212,20:29:54:932,3,Severe_Damage,L3_S3,-1724,1074,14840,-192,28,-120,0,-27.66
9213,20:29:54:942,3,Severe_Damage,L3_S3,-1722,1136,14800,-192,27,-121,0,-67.66
9214,20:29:54:952,3,Severe_Damage,L3_S3,-1700,1100,14840,-189,30,-121,0,-27.66
9215,20:29:54:962,3,Severe_Damage,L3_S3,-1726,1098,14940,-190,26,-124,0,72.34
9216,20:29:54:972,3,Severe_Damage,L3_S3,-1718,1110,14930,-187,27,-129,0,62.34
9217,20:29:54:982,3,Severe_Damage,L3_S3,-1746,1112,14870,-182,24,-123,0,2.34
9218,20:29:54:992,3,Severe_Damage,L3_S3,-1746,1152,14884,-181,26,-121,0,16.34
9219,20:29:55:002,3,Severe_Damage,L3_S3,-1752,1164,14918,-175,32,-121,0,50.34
9220,20:29:55:012,3,Severe_Damage,L3_S3,-1764,1140,14922,-181,34,-116,0,54.34
9221,20:29:55:022,3,Severe_Damage,L3_S3,-1688,1136,14912,-185,25,-124,0,44.34
9222,20:29:55:032,3,Severe_Damage,L3_S3,-1720,1144,14924,-186,28,-127,0,56.34
9223,20:29:55:042,3,Severe_Damage,L3_S3,-1744,1098,14872,-196,29,-125,0,4.34
9224,20:29:55:052,3,Severe_Damage,L3_S3,-1756,1134,14878,-196,39,-124,0,10.34
9225,20:29:55:062,3,Severe_Damage,L3_S3,-1752,1118,14840,-195,29,-122,0,-27.66
9226,20:29:55:072,3,Severe_Damage,L3_S3,-1668,1096,14872,-197,32,-124,0,4.34
9227,20:29:55:082,3,Severe_Damage,L3_S3,-1688,1080,14858,-200,34,-120,0,-9.66
9228,20:29:55:092,3,Severe_Damage,L3_S3,-1772,1140,14878,-205,25,-121,0,10.34
9229,20:29:55:102,3,Severe_Damage,L3_S3,-1732,1114,14798,-204,29,-119,0,-69.66
9230,20:29:55:112,3,Severe_Damage,L3_S3,-1684,1100,14854,-198,32,-128,0,-13.66
9231,20:29:55:122,3,Severe_Damage,L3_S3,-1772,1120,14846,-198,27,-117,0,-21.66
9232,20:29:55:132,3,Severe_Damage,L3_S3,-1730,1094,14902,-199,30,-125,0,34.34
9233,20:29:55:142,3,Severe_Damage,L3_S3,-1714,1090,14850,-189,23,-129,0,-17.66
9234,20:29:55:152,3,Severe_Damage,L3_S3,-1738,1120,14828,-188,31,-125,0,-39.66
9235,20:29:55:162,3,Severe_Damage,L3_S3,-1720,1122,14874,-185,28,-128,0,6.34
9236,20:29:55:172,3,Severe_Damage,L3_S3,-1768,1130,14874,-183,30,-125,0,6.34
9237,20:29:55:182,3,Severe_Damage,L3_S3,-1800,1092,14878,-179,29,-127,0,10.34
9238,20:29:55:192,3,Severe_Damage,L3_S3,-1700,1060,14910,-184,32,-121,0,42.34
9239,20:29:55:202,3,Severe_Damage,L3_S3,-1752,1118,14830,-184,33,-128,0,-37.66
9240,20:29:55:212,3,Severe_Damage,L3_S3,-1708,1130,14878,-182,33,-129,0,10.34
9241,20:29:55:222,3,Severe_Damage,L3_S3,-1778,1132,14866,-185,27,-124,0,-1.66
9242,20:29:55:232,3,Severe_Damage,L3_S3,-1710,1150,14806,-189,38,-122,0,-61.66
9243,20:29:55:242,3,Severe_Damage,L3_S3,-1738,1168,14888,-196,33,-126,0,20.34
9244,20:29:55:252,3,Severe_Damage,L3_S3,-1772,1088,14866,-198,36,-120,0,-1.66
9245,20:29:55:262,3,Severe_Damage,L3_S3,-1736,1090,14846,-192,28,-126,0,-21.66
9246,20:29:55:272,3,Severe_Damage,L3_S3,-1758,1134,14832,-196,23,-121,0,-35.66
9247,20:29:55:282,3,Severe_Damage,L3_S3,-1732,1116,14886,-197,35,-121,0,18.34
9248,20:29:55:292,3,Severe_Damage,L3_S3,-1746,1108,14896,-200,21,-129,0,28.34
9249,20:29:55:302,3,Severe_Damage,L3_S3,-1762,1168,14904,-201,35,-131,0,36.34
9250,20:29:55:312,3,Severe_Damage,L3_S3,-1772,1094,14862,-203,23,-125,0,-5.66
9251,20:29:55:322,3,Severe_Damage,L3_S3,-1710,1124,14830,-200,29,-119,0,-37.66
9252,20:29:55:332,3,Severe_Damage,L3_S3,-1736,1100,14904,-198,32,-120,0,36.34
9253,20:29:55:342,3,Severe_Damage,L3_S3,-1750,1114,14794,-192,24,-122,0,-73.66
9254,20:29:55:352,3,Severe_Damage,L3_S3,-1748,1120,14896,-194,28,-123,0,28.34
9255,20:29:55:362,3,Severe_Damage,L3_S3,-1752,1146,14784,-185,32,-119,0,-83.66
9256,20:29:55:372,3,Severe_Damage,L3_S3,-1706,1102,14866,-185,27,-122,0,-1.66
9257,20:29:55:382,3,Severe_Damage,L3_S3,-1756,1084,14858,-178,27,-125,0,-9.66
9258,20:29:55:392,3,Severe_Damage,L3_S3,-1746,1088,14810,-182,33,-121,0,-57.66
9259,20:29:55:402,3,Severe_Damage,L3_S3,-1750,1156,14922,-177,36,-121,0,54.34
9260,20:29:55:412,3,Severe_Damage,L3_S3,-1778,1100,14884,-176,26,-120,0,16.34
9261,20:29:55:422,3,Severe_Damage,L3_S3,-1694,1138,14858,-177,31,-119,0,-9.66
9262,20:29:55:432,3,Severe_Damage,L3_S3,-1730,1100,14854,-186,31,-116,0,-13.66
9263,20:29:55:442,3,Severe_Damage,L3_S3,-1744,1080,14938,-188,34,-127,0,70.34
9264,20:29:55:452,3,Severe_Damage,L3_S3,-1762,1108,14904,-190,31,-120,0,36.34
9265,20:29:55:462,3,Severe_Damage,L3_S3,-1714,1084,14792,-192,25,-121,0,-75.66
9266,20:29:55:472,3,Severe_Damage,L3_S3,-1712,1126,14746,-154,37,-113,0,-121.66
9267,20:29:55:482,3,Severe_Damage,L3_S3,-1746,1084,14894,-166,27,-121,0,26.34
9268,20:29:55:492,3,Severe_Damage,L3_S3,-1744,1146,14748,-125,35,-116,0,-119.66
9269,20:29:55:502,3,Severe_Damage,L3_S3,-1760,1140,14870,-157,26,-113,0,2.34
9270,20:29:55:512,3,Severe_Damage,L3_S3,-1744,1106,14904,-140,29,-119,0,36.34
9271,20:29:55:522,3,Severe_Damage,L3_S3,-1784,1120,14912,-176,18,-120,0,44.34
9272,20:29:55:532,3,Severe_Damage,L3_S3,-1778,1122,14924,-186,31,-123,0,56.34
9273,20:29:55:542,3,Severe_Damage,L3_S3,-1688,1162,14862,-201,26,-123,0,-5.66
9274,20:29:55:552,3,Severe_Damage,L3_S3,-1686,1104,14870,-212,30,-131,0,2.34
9275,20:29:55:562,3,Severe_Damage,L3_S3,-1766,1128,14896,-219,34,-126,0,28.34
9276,20:29:55:572,3,Severe_Damage,L3_S3,-1764,1158,14918,-237,31,-129,0,50.34
9277,20:29:55:582,3,Severe_Damage,L3_S3,-1750,1142,14814,-242,38,-130,0,-53.66
9278,20:29:55:592,3,Severe_Damage,L3_S3,-1636,1108,14766,-223,18,-126,0,-101.66
9279,20:29:55:602,3,Severe_Damage,L3_S3,-1778,1116,14794,-194,49,-122,0,-73.66
9280,20:29:55:612,3,Severe_Damage,L3_S3,-1732,1100,14762,-166,3,-117,0,-105.66
9281,20:29:55:622,3,Severe_Damage,L3_S3,-1596,1116,14686,-137,59,-121,1,-181.66
9282,20:29:55:632,3,Severe_Damage,L3_S3,-768,3768,-10054,980,-1274,-206,1,-24921.66
9283,20:29:55:642,3,Severe_Damage,L3_S3,-19462,1928,17186,7391,2319,1378,1,2318.34
9284,20:29:55:652,3,Severe_Damage,L3_S3,-4628,-1778,14700,10858,3261,1016,1,-167.66
9285,20:29:55:662,3,Severe_Damage,L3_S3,222,13500,4974,13146,-6291,3055,1,-9893.66
9286,20:29:55:672,3,Severe_Damage,L3_S3,-1480,1894,29386,7738,3782,689,1,14518.34
9287,20:29:55:682,3,Severe_Damage,L3_S3,-7856,864,32767,8786,1337,1159,1,17899.34
9288,20:29:55:693,3,Severe_Damage,L3_S3,-2828,10574,19044,3707,-2837,1092,1,4176.34
9289,20:29:55:702,3,Severe_Damage,L3_S3,-1596,-1764,32767,-3518,2544,-1305,1,17899.34
9290,20:29:55:712,3,Severe_Damage,L3_S3,-8524,8834,19916,-4210,-387,-422,1,5048.34
9291,20:29:55:722,3,Severe_Damage,L3_S3,1478,36,27166,-13156,-2092,-2156,1,12298.34
9292,20:29:55:733,3,Severe_Damage,L3_S3,-5452,5936,17750,-11113,3128,-2155,1,2882.34
9293,20:29:55:743,3,Severe_Damage,L3_S3,-978,-1044,17628,-17888,-4073,-2403,1,2760.34
9294,20:29:55:752,3,Severe_Damage,L3_S3,-1328,4004,8876,-13891,2643,-2691,1,-5991.66
9295,20:29:55:762,3,Severe_Damage,L3_S3,-138,-1874,9862,-16369,-2842,-2345,1,-5005.66
9296,20:29:55:772,3,Severe_Damage,L3_S3,-1540,376,2978,-11409,1409,-1978,1,-11889.66
9297,20:29:55:782,3,Severe_Damage,L3_S3,2694,-1270,2592,-9385,-1460,-1600,1,-12275.66
9298,20:29:55:792,3,Severe_Damage,L3_S3,-2818,-2284,1688,-4617,466,-604,1,-13179.66
9299,20:29:55:802,3,Severe_Damage,L3_S3,3466,-356,836,403,36,-340,1,-14031.66
9300,20:29:55:812,3,Severe_Damage,L3_S3,-2440,-2330,3728,4123,-412,904,1,-11139.66
9301,20:29:55:822,3,Severe_Damage,L3_S3,1292,730,5128,9358,1432,977,1,-9739.66
9302,20:29:55:832,3,Severe_Damage,L3_S3,-1480,-538,9480,11376,-943,1960,1,-5387.66
9303,20:29:55:842,3,Severe_Damage,L3_S3,-1768,2140,12406,14547,1660,1993,0,-2461.66
9304,20:29:55:852,3,Severe_Damage,L3_S3,-926,1652,17762,14354,-129,2153,0,2894.34
9305,20:29:55:862,3,Severe_Damage,L3_S3,-4542,3320,19836,14350,277,2332,0,4968.34
9306,20:29:55:872,3,Severe_Damage,L3_S3,-1094,3276,24892,11922,1212,1455,0,10024.34
9307,20:29:55:882,3,Severe_Damage,L3_S3,-5282,3964,25748,9058,-583,1654,0,10880.34
9308,20:29:55:892,3,Severe_Damage,L3_S3,-2980,4042,27848,4977,654,495,0,12980.34
9309,20:29:55:902,3,Severe_Damage,L3_S3,-3340,3908,28030,700,424,-33,0,13162.34
9310,20:29:55:913,3,Severe_Damage,L3_S3,-4830,3946,25894,-3801,-1005,-443,0,11026.34
9311,20:29:55:922,3,Severe_Damage,L3_S3,-1770,3452,24850,-7761,993,-1617,0,9982.34
9312,20:29:55:933,3,Severe_Damage,L3_S3,-3954,3188,20520,-11055,-966,-1609,0,5652.34
9313,20:29:55:943,3,Severe_Damage,L3_S3,-1606,2150,17816,-13471,-316,-2279,0,2948.34
9314,20:29:55:952,3,Severe_Damage,L3_S3,-1250,1822,13572,-14212,-43,-2382,0,-1295.66
9315,20:29:55:962,3,Severe_Damage,L3_S3,-2236,370,9852,-14267,-1114,-2142,0,-5015.66
9316,20:29:55:972,3,Severe_Damage,L3_S3,1206,104,6922,-12351,191,-2237,0,-7945.66
9317,20:29:55:982,3,Severe_Damage,L3_S3,-1926,-950,3976,-9901,-843,-1401,1,-10891.66
9318,20:29:55:992,3,Severe_Damage,L3_S3,1624,-1140,3124,-6098,196,-1228,0,-11743.66
9319,20:29:56:002,3,Severe_Damage,L3_S3,-718,-1382,2308,-2130,-430,-282,1,-12559.66
9320,20:29:56:012,3,Severe_Damage,L3_S3,98,-1212,3488,2181,431,182,1,-11379.66
9321,20:29:56:022,3,Severe_Damage,L3_S3,258,-524,5200,6239,62,845,0,-9667.66
9322,20:29:56:032,3,Severe_Damage,L3_S3,-1764,-152,7868,9460,320,1463,0,-6999.66
9323,20:29:56:042,3,Severe_Damage,L3_S3,230,1032,11516,12092,723,1626,0,-3351.66
9324,20:29:56:052,3,Severe_Damage,L3_S3,-3148,1584,14828,13102,-11,2147,0,-39.66
9325,20:29:56:062,3,Severe_Damage,L3_S3,-1392,2574,18804,13359,967,1814,1,3936.34
9326,20:29:56:072,3,Severe_Damage,L3_S3,-3096,2934,21880,11931,128,1863,0,7012.34
9327,20:29:56:082,3,Severe_Damage,L3_S3,-3582,3460,24214,9671,268,1438,0,9346.34
9328,20:29:56:092,3,Severe_Damage,L3_S3,-2652,3724,26308,6412,718,775,0,11440.34
9329,20:29:56:102,3,Severe_Damage,L3_S3,-4494,3742,26414,2517,-456,480,0,11546.34
9330,20:29:56:112,3,Severe_Damage,L3_S3,-2824,3694,26302,-1461,459,-463,0,11434.34
9331,20:29:56:122,3,Severe_Damage,L3_S3,-3332,3418,24486,-5376,-123,-902,0,9618.34
9332,20:29:56:132,3,Severe_Damage,L3_S3,-3386,3062,21756,-8739,-521,-1387,0,6888.34
9333,20:29:56:143,3,Severe_Damage,L3_S3,-1554,2422,19200,-11303,190,-2013,0,4332.34
9334,20:29:56:153,3,Severe_Damage,L3_S3,-2740,1892,15140,-12784,-879,-1945,0,272.34
9335,20:29:56:163,3,Severe_Damage,L3_S3,-736,1056,12198,-13084,-106,-2245,0,-2669.66
9336,20:29:56:172,3,Severe_Damage,L3_S3,-980,282,8724,-12202,-578,-1947,0,-6143.66
9337,20:29:56:182,3,Severe_Damage,L3_S3,-682,-450,6234,-10253,-319,-1674,0,-8633.66
9338,20:29:56:192,3,Severe_Damage,L3_S3,534,-810,4410,-7265,-159,-1280,0,-10457.66
9339,20:29:56:202,3,Severe_Damage,L3_S3,-956,-1152,3436,-3819,-255,-586,0,-11431.66
9340,20:29:56:212,3,Severe_Damage,L3_S3,932,-1008,4010,129,235,-190,0,-10857.66
9341,20:29:56:222,3,Severe_Damage,L3_S3,-1176,-728,4936,3864,-65,622,0,-9931.66
9342,20:29:56:232,3,Severe_Damage,L3_S3,130,-168,7542,7275,507,940,0,-7325.66
9343,20:29:56:242,3,Severe_Damage,L3_S3,-1432,562,10072,9927,167,1513,0,-4795.66
9344,20:29:56:252,3,Severe_Damage,L3_S3,-1484,1222,13348,11567,463,1690,0,-1519.66
9345,20:29:56:262,3,Severe_Damage,L3_S3,-1740,1982,16750,12210,540,1774,0,1882.34
9346,20:29:56:272,3,Severe_Damage,L3_S3,-2976,2496,19776,11506,112,1790,0,4908.34
9347,20:29:56:282,3,Severe_Damage,L3_S3,-2370,3076,22640,9958,716,1365,0,7772.34
9348,20:29:56:292,3,Severe_Damage,L3_S3,-3620,3268,24388,7254,8,1126,0,9520.34
9349,20:29:56:302,3,Severe_Damage,L3_S3,-3324,3498,25410,4067,261,512,0,10542.34
9350,20:29:56:312,3,Severe_Damage,L3_S3,-3104,3482,25576,403,265,-74,0,10708.34
9351,20:29:56:322,3,Severe_Damage,L3_S3,-3712,3296,24344,-3261,-308,-517,0,9476.34
9352,20:29:56:332,3,Severe_Damage,L3_S3,-2516,3046,22568,-6509,207,-1206,0,7700.34
9353,20:29:56:343,3,Severe_Damage,L3_S3,-2876,2548,19882,-9292,-365,-1499,0,5014.34
9354,20:29:56:353,3,Severe_Damage,L3_S3,-2072,2048,16968,-11095,-346,-1836,0,2100.34
9355,20:29:56:363,3,Severe_Damage,L3_S3,-1326,1368,13922,-11899,-198,-1993,0,-945.66
9356,20:29:56:373,3,Severe_Damage,L3_S3,-1642,658,10620,-11640,-586,-1841,0,-4247.66
9357,20:29:56:382,3,Severe_Damage,L3_S3,-58,-52,8216,-10275,-186,-1762,0,-6651.66
9358,20:29:56:393,3,Severe_Damage,L3_S3,-976,-518,5990,-8018,-401,-1271,0,-8877.66
9359,20:29:56:402,3,Severe_Damage,L3_S3,192,-846,4988,-5031,-80,-922,0,-9879.66
9360,20:29:56:412,3,Severe_Damage,L3_S3,-310,-970,4586,-1635,-122,-322,0,-10281.66
9361,20:29:56:422,3,Severe_Damage,L3_S3,-418,-782,5362,1863,125,193,0,-9505.66
9362,20:29:56:432,3,Severe_Damage,L3_S3,-152,-330,7014,5189,187,679,0,-7853.66
9363,20:29:56:442,3,Severe_Damage,L3_S3,-1352,200,9218,7890,218,1175,0,-5649.66
9364,20:29:56:452,3,Severe_Damage,L3_S3,-850,888,12200,9911,456,1384,0,-2667.66
9365,20:29:56:462,3,Severe_Damage,L3_S3,-2128,1458,15014,10853,228,1659,0,146.34
9366,20:29:56:473,3,Severe_Damage,L3_S3,-2058,2134,18184,10877,498,1561,0,3316.34
9367,20:29:56:482,3,Severe_Damage,L3_S3,-2624,2584,20698,9797,318,1442,0,5830.34
9368,20:29:56:492,3,Severe_Damage,L3_S3,-3168,2934,22818,7808,218,1149,0,7950.34
9369,20:29:56:502,3,Severe_Damage,L3_S3,-2888,3246,24242,5133,415,656,0,9374.34
9370,20:29:56:512,3,Severe_Damage,L3_S3,-3512,3288,24574,1928,-43,264,0,9706.34
9371,20:29:56:522,3,Severe_Damage,L3_S3,-3008,3198,24124,-1357,155,-347,0,9256.34
9372,20:29:56:533,3,Severe_Damage,L3_S3,-2956,2952,22798,-4590,-13,-823,0,7930.34
9373,20:29:56:543,3,Severe_Damage,L3_S3,-2882,2642,20530,-7298,-242,-1210,0,5662.34
9374,20:29:56:553,3,Severe_Damage,L3_S3,-1966,2132,18174,-9412,-90,-1612,0,3306.34
9375,20:29:56:563,3,Severe_Damage,L3_S3,-2146,1614,15136,-10558,-434,-1692,0,268.34
9376,20:29:56:573,3,Severe_Damage,L3_S3,-1212,966,12564,-10810,-261,-1809,0,-2303.66
9377,20:29:56:583,3,Severe_Damage,L3_S3,-1018,384,9714,-10015,-372,-1635,0,-5153.66
9378,20:29:56:593,3,Severe_Damage,L3_S3,-720,-220,7662,-8367,-304,-1384,0,-7205.66
9379,20:29:56:602,3,Severe_Damage,L3_S3,-206,-540,6324,-5899,-146,-1030,0,-8543.66
9380,20:29:56:612,3,Severe_Damage,L3_S3,-620,-732,5566,-3001,-172,-524,0,-9301.66
9381,20:29:56:622,3,Severe_Damage,L3_S3,-2,-726,5892,190,94,-104,0,-8975.66
9382,20:29:56:632,3,Severe_Damage,L3_S3,-802,-410,6852,3277,46,452,0,-8015.66
9383,20:29:56:642,3,Severe_Damage,L3_S3,-706,52,8778,6046,297,813,0,-6089.66
9384,20:29:56:652,3,Severe_Damage,L3_S3,-1238,598,11054,8208,237,1190,0,-3813.66
9385,20:29:56:662,3,Severe_Damage,L3_S3,-1654,1158,13746,9508,327,1394,0,-1121.66
9386,20:29:56:672,3,Severe_Damage,L3_S3,-1866,1758,16546,9970,414,1443,0,1678.34
9387,20:29:56:682,3,Severe_Damage,L3_S3,-2572,2220,18992,9408,222,1400,0,4124.34
9388,20:29:56:693,3,Severe_Damage,L3_S3,-2566,2672,21278,8027,402,1127,0,6410.34
9389,20:29:56:702,3,Severe_Damage,L3_S3,-3044,2872,22850,5813,168,831,0,7982.34
9390,20:29:56:712,3,Severe_Damage,L3_S3,-3132,3084,23554,3147,177,399,0,8686.34
9391,20:29:56:722,3,Severe_Damage,L3_S3,-2952,2996,23566,139,135,-90,0,8698.34
9392,20:29:56:733,3,Severe_Damage,L3_S3,-3086,2894,22626,-2840,-100,-516,0,7758.34
9393,20:29:56:742,3,Severe_Damage,L3_S3,-2594,2650,21078,-5541,8,-991,0,6210.34
9394,20:29:56:753,3,Severe_Damage,L3_S3,-2516,2230,18854,-7724,-191,-1288,0,3986.34
9395,20:29:56:763,3,Severe_Damage,L3_S3,-1942,1706,16512,-9249,-283,-1547,0,1644.34
9396,20:29:56:773,3,Severe_Damage,L3_S3,-1536,1264,13842,-9782,-226,-1635,0,-1025.66
9397,20:29:56:783,3,Severe_Damage,L3_S3,-1318,662,11284,-9548,-369,-1563,0,-3583.66
9398,20:29:56:792,3,Severe_Damage,L3_S3,-726,134,9214,-8373,-234,-1418,0,-5653.66
9399,20:29:56:803,3,Severe_Damage,L3_S3,-722,-312,7522,-6480,-258,-1087,0,-7345.66
9400,20:29:56:812,3,Severe_Damage,L3_S3,-464,-534,6652,-3993,-88,-724,0,-8215.66
9401,20:29:56:822,3,Severe_Damage,L3_S3,-442,-568,6462,-1191,-59,-268,0,-8405.66
9402,20:29:56:832,3,Severe_Damage,L3_S3,-600,-426,7176,1679,89,171,0,-7691.66
9403,20:29:56:842,3,Severe_Damage,L3_S3,-626,-112,8450,4358,189,570,0,-6417.66
9404,20:29:56:852,3,Severe_Damage,L3_S3,-1180,360,10354,6603,197,948,0,-4513.66
9405,20:29:56:862,3,Severe_Damage,L3_S3,-1282,868,12742,8156,358,1152,0,-2125.66
9406,20:29:56:873,3,Severe_Damage,L3_S3,-1922,1462,15196,8927,258,1317,0,328.34
9407,20:29:56:883,3,Severe_Damage,L3_S3,-2146,1884,17796,8838,373,1277,0,2928.34
9408,20:29:56:892,3,Severe_Damage,L3_S3,-2512,2368,19834,7937,294,1145,0,4966.34
9409,20:29:56:902,3,Severe_Damage,L3_S3,-2854,2654,21514,6234,205,889,0,6646.34
9410,20:29:56:912,3,Severe_Damage,L3_S3,-2874,2832,22490,4005,243,509,0,7622.34
9411,20:29:56:922,3,Severe_Damage,L3_S3,-3066,2830,22828,1344,34,133,0,7960.34
9412,20:29:56:933,3,Severe_Damage,L3_S3,-2904,2788,22452,-1366,51,-324,0,7584.34
9413,20:29:56:943,3,Severe_Damage,L3_S3,-2728,2608,21302,-3972,-52,-714,0,6434.34
9414,20:29:56:953,3,Severe_Damage,L3_S3,-2512,2290,19416,-6171,-157,-1047,0,4548.34
9415,20:29:56:963,3,Severe_Damage,L3_S3,-2032,1916,17360,-7859,-148,-1342,0,2492.34
9416,20:29:56:973,3,Severe_Damage,L3_S3,-1828,1406,14996,-8790,-316,-1452,0,128.34
9417,20:29:56:983,3,Severe_Damage,L3_S3,-1412,900,12628,-8853,-203,-1493,0,-2239.66
9418,20:29:56:993,3,Severe_Damage,L3_S3,-1066,402,10508,-8188,-285,-1370,0,-4359.66
9419,20:29:57:003,3,Severe_Damage,L3_S3,-854,-64,8860,-6754,-225,-1137,0,-6007.66
9420,20:29:57:013,3,Severe_Damage,L3_S3,-562,-294,7716,-4708,-103,-835,0,-7151.66
9421,20:29:57:022,3,Severe_Damage,L3_S3,-668,-460,7290,-2281,-86,-431,0,-7577.66
9422,20:29:57:032,3,Severe_Damage,L3_S3,-500,-360,7558,345,76,-51,0,-7309.66
9423,20:29:57:042,3,Severe_Damage,L3_S3,-806,-140,8454,2859,93,362,0,-6413.66
9424,20:29:57:052,3,Severe_Damage,L3_S3,-972,154,10024,5107,228,696,0,-4843.66
9425,20:29:57:062,3,Severe_Damage,L3_S3,-1314,670,11908,6829,267,968,0,-2959.66
9426,20:29:57:073,3,Severe_Damage,L3_S3,-1638,1156,14196,7840,256,1131,0,-671.66
9427,20:29:57:083,3,Severe_Damage,L3_S3,-1984,1654,16464,8123,352,1170,0,1596.34
9428,20:29:57:093,3,Severe_Damage,L3_S3,-2372,2034,18500,7636,241,1110,0,3632.34
9429,20:29:57:102,3,Severe_Damage,L3_S3,-2514,2364,20278,6396,256,896,0,5410.34
9430,20:29:57:112,3,Severe_Damage,L3_S3,-2836,2610,21402,4578,173,627,0,6534.34
9431,20:29:57:122,3,Severe_Damage,L3_S3,-2870,2664,22124,2305,108,271,0,7256.34
9432,20:29:57:133,3,Severe_Damage,L3_S3,-2862,2718,21968,-137,87,-120,0,7100.34
9433,20:29:57:143,3,Severe_Damage,L3_S3,-2746,2502,21276,-2615,-73,-492,0,6408.34
9434,20:29:57:153,3,Severe_Damage,L3_S3,-2448,2364,19766,-4746,-59,-841,0,4898.34
9435,20:29:57:163,3,Severe_Damage,L3_S3,-2288,2000,18000,-6535,-157,-1110,0,3132.34
9436,20:29:57:173,3,Severe_Damage,L3_S3,-1906,1548,16046,-7720,-235,-1294,0,1178.34
9437,20:29:57:183,3,Severe_Damage,L3_S3,-1548,1106,13800,-8094,-212,-1355,0,-1067.66
9438,20:29:57:193,3,Severe_Damage,L3_S3,-1326,622,11806,-7805,-235,-1300,0,-3061.66
9439,20:29:57:203,3,Severe_Damage,L3_S3,-1000,280,9996,-6776,-199,-1148,0,-4871.66
9440,20:29:57:213,3,Severe_Damage,L3_S3,-868,-96,8846,-5189,-166,-899,0,-6021.66
9441,20:29:57:223,3,Severe_Damage,L3_S3,-660,-190,8078,-3075,-33,-579,0,-6789.66
9442,20:29:57:232,3,Severe_Damage,L3_S3,-686,-316,8022,-769,-16,-216,0,-6845.66
9443,20:29:57:242,3,Severe_Damage,L3_S3,-838,-108,8580,1596,103,151,0,-6287.66
9444,20:29:57:252,3,Severe_Damage,L3_S3,-946,144,9792,3743,161,483,0,-5075.66
9445,20:29:57:262,3,Severe_Damage,L3_S3,-1192,526,11380,5561,213,778,0,-3487.66
9446,20:29:57:273,3,Severe_Damage,L3_S3,-1498,962,13374,6775,283,958,0,-1493.66
9447,20:29:57:283,3,Severe_Damage,L3_S3,-1844,1358,15460,7317,223,1054,0,592.34
9448,20:29:57:293,3,Severe_Damage,L3_S3,-2142,1784,17364,7180,290,1020,0,2496.34
9449,20:29:57:303,3,Severe_Damage,L3_S3,-2388,2110,19094,6341,216,892,0,4226.34
9450,20:29:57:313,3,Severe_Damage,L3_S3,-2662,2360,20406,4929,182,674,0,5538.34
9451,20:29:57:323,3,Severe_Damage,L3_S3,-2666,2502,21246,3009,152,371,0,6378.34
9452,20:29:57:332,3,Severe_Damage,L3_S3,-2766,2516,21402,826,49,43,0,6534.34
9453,20:29:57:343,3,Severe_Damage,L3_S3,-2712,2476,21022,-1425,20,-315,0,6154.34
9454,20:29:57:353,3,Severe_Damage,L3_S3,-2542,2254,19932,-3514,-80,-640,0,5064.34
9455,20:29:57:363,3,Severe_Damage,L3_S3,-2320,2016,18456,-5297,-107,-914,0,3588.34
9456,20:29:57:373,3,Severe_Damage,L3_S3,-2002,1670,16680,-6598,-145,-1124,0,1812.34
9457,20:29:57:383,3,Severe_Damage,L3_S3,-1770,1162,14756,-7334,-225,-1238,0,-111.66
9458,20:29:57:394,3,Severe_Damage,L3_S3,-1520,900,12782,-7249,-161,-1225,0,-2085.66
9459,20:29:57:403,3,Severe_Damage,L3_S3,-1114,416,11094,-6649,-211,-1138,0,-3773.66
9460,20:29:57:413,3,Severe_Damage,L3_S3,-980,150,9736,-5385,-149,-933,0,-5131.66
9461,20:29:57:422,3,Severe_Damage,L3_S3,-798,-92,8962,-3676,-74,-671,0,-5905.66
9462,20:29:57:433,3,Severe_Damage,L3_S3,-800,-156,8636,-1622,-21,-341,0,-6231.66
9463,20:29:57:442,3,Severe_Damage,L3_S3,-824,-102,8838,521,63,-17,0,-6029.66
9464,20:29:57:452,3,Severe_Damage,L3_S3,-950,56,9810,2563,98,304,0,-5057.66
9465,20:29:57:463,3,Severe_Damage,L3_S3,-1094,370,11072,4363,177,584,0,-3795.66
9466,20:29:57:473,3,Severe_Damage,L3_S3,-1458,754,12688,5719,241,794,0,-2179.66
9467,20:29:57:483,3,Severe_Damage,L3_S3,-1706,1156,14558,6463,220,918,0,-309.66
9468,20:29:57:493,3,Severe_Damage,L3_S3,-1952,1564,16424,6615,248,933,0,1556.34
9469,20:29:57:503,3,Severe_Damage,L3_S3,-2264,1848,18094,6109,235,863,0,3226.34
9470,20:29:57:513,3,Severe_Damage,L3_S3,-2444,2234,19448,5071,183,699,0,4580.34
9471,20:29:57:523,3,Severe_Damage,L3_S3,-2628,2316,20418,3464,138,452,0,5550.34
9472,20:29:57:533,3,Severe_Damage,L3_S3,-2708,2450,20746,1597,90,156,0,5878.34
9473,20:29:57:543,3,Severe_Damage,L3_S3,-2608,2366,20686,-459,23,-165,0,5818.34
9474,20:29:57:553,3,Severe_Damage,L3_S3,-2556,2218,19910,-2429,-30,-472,0,5042.34
9475,20:29:57:563,3,Severe_Damage,L3_S3,-2320,2032,18684,-4185,-96,-748,0,3816.34
9476,20:29:57:573,3,Severe_Damage,L3_S3,-2144,1702,17268,-5554,-102,-958,0,2400.34
9477,20:29:57:583,3,Severe_Damage,L3_S3,-1790,1408,15498,-6440,-169,-1092,0,630.34
9478,20:29:57:593,3,Severe_Damage,L3_S3,-1548,1010,13726,-6703,-188,-1133,0,-1141.66
9479,20:29:57:603,3,Severe_Damage,L3_S3,-1410,682,12030,-6313,-136,-1076,0,-2837.66
9480,20:29:57:613,3,Severe_Damage,L3_S3,-1070,306,10692,-5431,-169,-946,0,-4175.66
9481,20:29:57:623,3,Severe_Damage,L3_S3,-1002,28,9762,-4027,-102,-719,0,-5105.66
9482,20:29:57:633,3,Severe_Damage,L3_S3,-884,18,9228,-2288,-31,-447,0,-5639.66
9483,20:29:57:642,3,Severe_Damage,L3_S3,-956,-52,9262,-363,7,-145,0,-5605.66
9484,20:29:57:652,3,Severe_Damage,L3_S3,-968,90,9810,1559,101,141,0,-5057.66
9485,20:29:57:663,3,Severe_Damage,L3_S3,-1138,308,10870,3280,130,414,0,-3997.66
9486,20:29:57:673,3,Severe_Damage,L3_S3,-1304,656,12238,4717,195,643,0,-2629.66
9487,20:29:57:683,3,Severe_Damage,L3_S3,-1586,986,13870,5621,219,777,0,-997.66
9488,20:29:57:693,3,Severe_Damage,L3_S3,-1864,1316,15574,5976,193,842,0,706.34
9489,20:29:57:703,3,Severe_Damage,L3_S3,-2094,1674,17236,5770,229,803,0,2368.34
9490,20:29:57:713,3,Severe_Damage,L3_S3,-2364,1970,18572,5006,203,693,0,3704.34
9491,20:29:57:723,3,Severe_Damage,L3_S3,-2476,2170,19584,3765,125,497,0,4716.34
9492,20:29:57:733,3,Severe_Damage,L3_S3,-2596,2244,20214,2134,116,236,0,5346.34
9493,20:29:57:743,3,Severe_Damage,L3_S3,-2618,2300,20198,338,41,-38,0,5330.34
9494,20:29:57:753,3,Severe_Damage,L3_S3,-2450,2174,19774,-1508,1,-326,0,4906.34
9495,20:29:57:763,3,Severe_Damage,L3_S3,-2342,2004,18788,-3177,-53,-592,0,3920.34
9496,20:29:57:773,3,Severe_Damage,L3_S3,-2166,1770,17600,-4588,-92,-816,0,2732.34
9497,20:29:57:783,3,Severe_Damage,L3_S3,-1944,1564,16052,-5548,-91,-969,0,1184.34
9498,20:29:57:793,3,Severe_Damage,L3_S3,-1680,1068,14568,-6085,-196,-1042,0,-299.66
9499,20:29:57:803,3,Severe_Damage,L3_S3,-1196,470,11598,-5335,-163,-921,0,-3269.66
9500,20:29:57:813,3,Severe_Damage,L3_S3,-1094,330,10540,-4199,-117,-743,0,-4327.66
9501,20:29:57:823,3,Severe_Damage,L3_S3,-1014,46,9874,-2773,-38,-526,0,-4993.66
9502,20:29:57:833,3,Severe_Damage,L3_S3,-946,28,9676,-1037,-2,-249,0,-5191.66
9503,20:29:57:842,3,Severe_Damage,L3_S3,-1022,128,10076,699,63,16,0,-4791.66
9504,20:29:57:853,3,Severe_Damage,L3_S3,-1156,300,10862,2357,111,274,0,-4005.66
9505,20:29:57:863,3,Severe_Damage,L3_S3,-1328,572,12058,3765,143,493,0,-2809.66
9506,20:29:57:873,3,Severe_Damage,L3_S3,-1544,886,13424,4790,193,652,0,-1443.66
9507,20:29:57:883,3,Severe_Damage,L3_S3,-1766,1242,14894,5305,182,732,0,26.34
9508,20:29:57:893,3,Severe_Damage,L3_S3,-2032,1468,16408,5344,215,742,0,1540.34
9509,20:29:57:903,3,Severe_Damage,L3_S3,-2184,1778,17668,4839,181,664,0,2800.34
9510,20:29:57:913,3,Severe_Damage,L3_S3,-2364,2030,18792,3868,151,515,0,3924.34
9511,20:29:57:923,3,Severe_Damage,L3_S3,-2450,2090,19492,2513,117,298,0,4624.34
9512,20:29:57:932,3,Severe_Damage,L3_S3,-2480,2170,19742,949,55,52,0,4874.34
9513,20:29:57:943,3,Severe_Damage,L3_S3,-2504,2064,19542,-742,25,-200,0,4674.34
9514,20:29:57:953,3,Severe_Damage,L3_S3,-2358,2000,18796,-2319,-36,-450,0,3928.34
9515,20:29:57:963,3,Severe_Damage,L3_S3,-2220,1800,17748,-3705,-76,-667,0,2880.34
9516,20:29:57:973,3,Severe_Damage,L3_S3,-1942,1534,16490,-4743,-90,-835,0,1622.34
9517,20:29:57:983,3,Severe_Damage,L3_S3,-1770,1222,15090,-5378,-125,-937,0,222.34
9518,20:29:57:993,3,Severe_Damage,L3_S3,-1572,966,13592,-5498,-158,-955,0,-1275.66
9519,20:29:58:003,3,Severe_Damage,L3_S3,-1410,694,12292,-5073,-84,-879,0,-2575.66
9520,20:29:58:013,3,Severe_Damage,L3_S3,-1154,440,11208,-4264,-145,-752,0,-3659.66
9521,20:29:58:023,3,Severe_Damage,L3_S3,-1076,190,10554,-3048,-51,-577,0,-4313.66
9522,20:29:58:033,3,Severe_Damage,L3_S3,-1008,148,10246,-1571,-4,-344,0,-4621.66
9523,20:29:58:042,3,Severe_Damage,L3_S3,-1046,156,10348,10,20,-95,0,-4519.66
9524,20:29:58:053,3,Severe_Damage,L3_S3,-1160,324,10858,1555,105,143,0,-4009.66
9525,20:29:58:063,3,Severe_Damage,L3_S3,-1222,558,11876,2915,119,356,0,-2991.66
9526,20:29:58:073,3,Severe_Damage,L3_S3,-1428,784,12982,3982,151,528,0,-1885.66
9527,20:29:58:083,3,Severe_Damage,L3_S3,-1668,1060,14396,4661,199,630,0,-471.66
9528,20:29:58:093,3,Severe_Damage,L3_S3,-1882,1372,15718,4853,177,662,0,850.34
9529,20:29:58:103,3,Severe_Damage,L3_S3,-2000,1624,16998,4554,160,620,0,2130.34
9530,20:29:58:113,3,Severe_Damage,L3_S3,-2302,1804,18084,3844,181,510,0,3216.34
9531,20:29:58:123,3,Severe_Damage,L3_S3,-2370,2018,18844,2758,86,343,0,3976.34
9532,20:29:58:133,3,Severe_Damage,L3_S3,-2440,2004,19310,1374,89,121,0,4442.34
9533,20:29:58:143,3,Severe_Damage,L3_S3,-2434,2062,19236,-83,29,-107,0,4368.34
9534,20:29:58:153,3,Severe_Damage,L3_S3,-2376,1872,18798,-1612,-23,-340,0,3930.34
9535,20:29:58:163,3,Severe_Damage,L3_S3,-2210,1802,17868,-2918,-41,-550,0,3000.34
9536,20:29:58:173,3,Severe_Damage,L3_S3,-2024,1636,16804,-4001,-81,-717,0,1936.34
9537,20:29:58:183,3,Severe_Damage,L3_S3,-1840,1364,15454,-4678,-85,-829,0,586.34
9538,20:29:58:193,3,Severe_Damage,L3_S3,-1638,1026,14292,-5021,-139,-873,0,-575.66
9539,20:29:58:203,3,Severe_Damage,L3_S3,-1482,842,12958,-4766,-110,-831,0,-1909.66
9540,20:29:58:213,3,Severe_Damage,L3_S3,-1334,500,11974,-4193,-75,-751,0,-2893.66
9541,20:29:58:223,3,Severe_Damage,L3_S3,-1150,416,11014,-3181,-102,-580,0,-3853.66
9542,20:29:58:233,3,Severe_Damage,L3_S3,-1124,192,10766,-1974,-2,-403,0,-4101.66
9543,20:29:58:243,3,Severe_Damage,L3_S3,-1142,238,10666,-514,34,-172,0,-4201.66
9544,20:29:58:253,3,Severe_Damage,L3_S3,-1138,306,11090,862,43,40,0,-3777.66
9545,20:29:58:263,3,Severe_Damage,L3_S3,-1296,518,11820,2206,126,251,0,-3047.66
9546,20:29:58:273,3,Severe_Damage,L3_S3,-1430,762,12796,3261,109,414,0,-2071.66
9547,20:29:58:283,3,Severe_Damage,L3_S3,-1604,986,13986,4004,173,528,0,-881.66
9548,20:29:58:293,3,Severe_Damage,L3_S3,-1852,1262,15208,4351,176,584,0,340.34
9549,20:29:58:303,3,Severe_Damage,L3_S3,-1968,1490,16440,4229,156,565,0,1572.34
9550,20:29:58:313,3,Severe_Damage,L3_S3,-2156,1702,17400,3742,145,496,0,2532.34
9551,20:29:58:323,3,Severe_Damage,L3_S3,-2218,1824,18328,2835,121,345,0,3460.34
9552,20:29:58:333,3,Severe_Damage,L3_S3,-2424,2028,18624,1733,90,178,0,3756.34
9553,20:29:58:343,3,Severe_Damage,L3_S3,-2338,1912,18932,350,36,-38,0,4064.34
9554,20:29:58:353,3,Severe_Damage,L3_S3,-2298,1904,18528,-952,24,-243,0,3660.34
9555,20:29:58:363,3,Severe_Damage,L3_S3,-2228,1726,17988,-2263,-36,-437,0,3120.34
9556,20:29:58:373,3,Severe_Damage,L3_S3,-2020,1646,16956,-3288,-40,-606,0,2088.34
9557,20:29:58:383,3,Severe_Damage,L3_S3,-1950,1366,15932,-4083,-78,-732,0,1064.34
9558,20:29:58:393,3,Severe_Damage,L3_S3,-1762,1194,14668,-4451,-82,-793,0,-199.66
9559,20:29:58:403,3,Severe_Damage,L3_S3,-1478,818,13628,-4485,-132,-798,0,-1239.66
9560,20:29:58:413,3,Severe_Damage,L3_S3,-1448,692,12484,-3990,-65,-713,0,-2383.66
9561,20:29:58:423,3,Severe_Damage,L3_S3,-1180,506,11738,-3270,-83,-604,0,-3129.66
9562,20:29:58:433,3,Severe_Damage,L3_S3,-1198,394,11282,-2201,-59,-427,0,-3585.66
9563,20:29:58:443,3,Severe_Damage,L3_S3,-1134,362,11020,-964,33,-242,0,-3847.66
9564,20:29:58:453,3,Severe_Damage,L3_S3,-1224,342,11282,341,26,-37,0,-3585.66
9565,20:29:58:463,3,Severe_Damage,L3_S3,-1316,480,11840,1560,93,151,0,-3027.66
9566,20:29:58:473,3,Severe_Damage,L3_S3,-1370,718,12654,2615,118,309,0,-2213.66
9567,20:29:58:483,3,Severe_Damage,L3_S3,-1584,916,13694,3392,108,437,0,-1173.66
9568,20:29:58:493,3,Severe_Damage,L3_S3,-1766,1090,14898,3815,181,497,0,30.34
9569,20:29:58:503,3,Severe_Damage,L3_S3,-1994,1460,15792,3924,151,524,0,924.34
9570,20:29:58:513,3,Severe_Damage,L3_S3,-1984,1522,16934,3503,109,450,0,2066.34
9571,20:29:58:523,3,Severe_Damage,L3_S3,-2228,1782,17702,2896,163,350,0,2834.34
9572,20:29:58:533,3,Severe_Damage,L3_S3,-2220,1774,18284,1870,39,203,0,3416.34
9573,20:29:58:543,3,Severe_Damage,L3_S3,-2310,1920,18426,773,96,22,0,3558.34
9574,20:29:58:553,3,Severe_Damage,L3_S3,-2258,1860,18328,-492,-4,-166,0,3460.34
9575,20:29:58:563,3,Severe_Damage,L3_S3,-2246,1796,17822,-1658,-7,-351,0,2954.34
9576,20:29:58:573,3,Severe_Damage,L3_S3,-2118,1624,17104,-2689,-38,-517,0,2236.34
9577,20:29:58:583,3,Severe_Damage,L3_S3,-1902,1420,16126,-3484,-73,-635,0,1258.34
9578,20:29:58:593,3,Severe_Damage,L3_S3,-1800,1238,15072,-3951,-62,-708,0,204.34
9579,20:29:58:603,3,Severe_Damage,L3_S3,-1656,892,14114,-4120,-93,-743,0,-753.66
9580,20:29:58:613,3,Severe_Damage,L3_S3,-1432,838,13020,-3788,-97,-682,0,-1847.66
9581,20:29:58:623,3,Severe_Damage,L3_S3,-1388,522,12332,-3231,-33,-594,0,-2535.66
9582,20:29:58:633,3,Severe_Damage,L3_S3,-1256,512,11644,-2325,-66,-448,0,-3223.66
9583,20:29:58:643,3,Severe_Damage,L3_S3,-1174,386,11502,-1303,0,-301,0,-3365.66
9584,20:29:58:653,3,Severe_Damage,L3_S3,-1234,404,11486,-94,48,-106,0,-3381.66
9585,20:29:58:663,3,Severe_Damage,L3_S3,-1246,468,11918,1012,49,65,0,-2949.66
9586,20:29:58:673,3,Severe_Damage,L3_S3,-1436,630,12592,2047,115,225,0,-2275.66
9587,20:29:58:683,3,Severe_Damage,L3_S3,-1516,854,13402,2829,102,354,0,-1465.66
9588,20:29:58:693,3,Severe_Damage,L3_S3,-1726,1078,14414,3334,143,428,0,-453.66
9589,20:29:58:703,3,Severe_Damage,L3_S3,-1832,1228,15574,3489,130,455,0,706.34
9590,20:29:58:713,3,Severe_Damage,L3_S3,-2004,1486,16390,3361,155,430,0,1522.34
9591,20:29:58:723,3,Severe_Damage,L3_S3,-2044,1626,17248,2774,82,337,0,2380.34
9592,20:29:58:733,3,Severe_Damage,L3_S3,-2206,1732,17852,2011,114,220,0,2984.34
9593,20:29:58:743,3,Severe_Damage,L3_S3,-2162,1802,18052,1018,57,63,0,3184.34
9594,20:29:58:753,3,Severe_Damage,L3_S3,-2230,1768,18068,-82,35,-110,0,3200.34
9595,20:29:58:763,3,Severe_Damage,L3_S3,-2192,1724,17732,-1171,9,-272,0,2864.34
9596,20:29:58:773,3,Severe_Damage,L3_S3,-2082,1560,17102,-2175,-37,-428,0,2234.34
9597,20:29:58:783,3,Severe_Damage,L3_S3,-1974,1498,16258,-2939,-44,-556,0,1390.34
9598,20:29:58:793,3,Severe_Damage,L3_S3,-1852,1262,15402,-3488,-66,-641,0,534.34
9599,20:29:58:803,3,Severe_Damage,L3_S3,-1730,1118,14342,-3673,-45,-666,0,-525.66
9600,20:29:58:814,3,Severe_Damage,L3_S3,-1470,836,13596,-3612,-107,-662,0,-1271.66
9601,20:29:58:823,3,Severe_Damage,L3_S3,-1442,760,12760,-3098,-40,-568,0,-2107.66
9602,20:29:58:833,3,Severe_Damage,L3_S3,-1330,544,12210,-2432,-12,-474,0,-2657.66
9603,20:29:58:843,3,Severe_Damage,L3_S3,-1298,516,11846,-1483,-52,-313,0,-3021.66
9604,20:29:58:853,3,Severe_Damage,L3_S3,-1286,492,11882,-487,57,-178,0,-2985.66
9605,20:29:58:863,3,Severe_Damage,L3_S3,-1292,558,12052,600,47,0,0,-2815.66
9606,20:29:58:873,3,Severe_Damage,L3_S3,-1374,674,12634,1525,71,143,0,-2233.66
9607,20:29:58:883,3,Severe_Damage,L3_S3,-1518,834,13378,2335,119,273,0,-1489.66
9608,20:29:58:893,3,Severe_Damage,L3_S3,-1650,994,14238,2862,95,350,0,-629.66
9609,20:29:58:903,3,Severe_Damage,L3_S3,-1714,1228,15142,3114,138,387,0,274.34
9610,20:29:58:913,3,Severe_Damage,L3_S3,-1922,1408,15964,3074,132,394,0,1096.34
9611,20:29:58:923,3,Severe_Damage,L3_S3,-2042,1530,16816,2674,108,326,0,1948.34
9612,20:29:58:933,3,Severe_Damage,L3_S3,-2156,1640,17352,2036,85,224,0,2484.34
9613,20:29:58:943,3,Severe_Damage,L3_S3,-2198,1684,17710,1165,65,88,0,2842.34
9614,20:29:58:953,3,Severe_Damage,L3_S3,-2166,1792,17682,254,42,-54,0,2814.34
9615,20:29:58:963,3,Severe_Damage,L3_S3,-2136,1672,17548,-785,-7,-216,0,2680.34
9616,20:29:58:973,3,Severe_Damage,L3_S3,-2160,1674,17058,-1685,7,-354,0,2190.34
9617,20:29:58:983,3,Severe_Damage,L3_S3,-1966,1426,16442,-2489,-52,-485,0,1574.34
9618,20:29:58:993,3,Severe_Damage,L3_S3,-1884,1378,15656,-3013,-28,-566,0,788.34
9619,20:29:59:003,3,Severe_Damage,L3_S3,-1756,1112,14838,-3310,-50,-604,0,-29.66
9620,20:29:59:013,3,Severe_Damage,L3_S3,-1628,1004,13856,-3291,-81,-601,0,-1011.66
9621,20:29:59:023,3,Severe_Damage,L3_S3,-1440,718,13206,-3029,-79,-567,0,-1661.66
9622,20:29:59:033,3,Severe_Damage,L3_S3,-1502,662,12568,-2379,-4,-461,0,-2299.66
9623,20:29:59:043,3,Severe_Damage,L3_S3,-1224,570,12236,-1657,-36,-349,0,-2631.66
9624,20:29:59:053,3,Severe_Damage,L3_S3,-1420,526,12124,-724,23,-197,0,-2743.66
9625,20:29:59:063,3,Severe_Damage,L3_S3,-1288,570,12256,197,42,-61,0,-2611.66
9626,20:29:59:073,3,Severe_Damage,L3_S3,-1434,672,12744,1124,67,82,0,-2123.66
9627,20:29:59:083,3,Severe_Damage,L3_S3,-1516,734,13292,1874,93,196,0,-1575.66
9628,20:29:59:093,3,Severe_Damage,L3_S3,-1604,918,14078,2443,92,295,0,-789.66
9629,20:29:59:103,3,Severe_Damage,L3_S3,-1748,1102,14948,2743,120,337,0,80.34
9630,20:29:59:113,3,Severe_Damage,L3_S3,-1820,1266,15690,2762,117,332,0,822.34
9631,20:29:59:123,3,Severe_Damage,L3_S3,-2048,1510,16280,2566,134,306,0,1412.34
9632,20:29:59:133,3,Severe_Damage,L3_S3,-2008,1470,17012,1969,56,213,0,2144.34
9633,20:29:59:143,3,Severe_Damage,L3_S3,-2200,1706,17362,1323,100,120,0,2494.34
9634,20:29:59:153,3,Severe_Damage,L3_S3,-2108,1592,17536,433,32,-29,0,2668.34
9635,20:29:59:163,3,Severe_Damage,L3_S3,-2110,1718,17360,-414,23,-158,0,2492.34
9636,20:29:59:173,3,Severe_Damage,L3_S3,-2060,1550,17122,-1315,-19,-295,0,2254.34
9637,20:29:59:183,3,Severe_Damage,L3_S3,-1994,1466,16460,-2044,-15,-408,0,1592.34
9638,20:29:59:193,3,Severe_Damage,L3_S3,-1922,1374,15712,-2619,-48,-496,0,844.34
9639,20:29:59:203,3,Severe_Damage,L3_S3,-1706,1198,15000,-2946,-39,-552,0,132.34
9640,20:29:59:213,3,Severe_Damage,L3_S3,-1704,960,14222,-3014,-22,-565,0,-645.66
9641,20:29:59:223,3,Severe_Damage,L3_S3,-1456,816,13508,-2836,-98,-537,0,-1359.66
9642,20:29:59:233,3,Severe_Damage,L3_S3,-1518,696,12848,-2383,-6,-466,0,-2019.66
9643,20:29:59:243,3,Severe_Damage,L3_S3,-1422,632,12558,-1696,1,-361,0,-2309.66
9644,20:29:59:253,3,Severe_Damage,L3_S3,-1324,632,12450,-937,-21,-243,0,-2417.66
9645,20:29:59:263,3,Severe_Damage,L3_S3,-1404,548,12502,-86,68,-106,0,-2365.66
9646,20:29:59:273,3,Severe_Damage,L3_S3,-1396,680,12752,743,40,21,0,-2115.66
9647,20:29:59:283,3,Severe_Damage,L3_S3,-1524,784,13222,1474,85,135,0,-1645.66
9648,20:29:59:293,3,Severe_Damage,L3_S3,-1580,942,13922,2037,89,233,0,-945.66
9649,20:29:59:303,3,Severe_Damage,L3_S3,-1728,1064,14582,2393,96,285,0,-285.66
9650,20:29:59:313,3,Severe_Damage,L3_S3,-1814,1226,15366,2491,115,295,0,498.34
9651,20:29:59:323,3,Severe_Damage,L3_S3,-1902,1344,16134,2342,101,271,0,1266.34
9652,20:29:59:333,3,Severe_Damage,L3_S3,-2038,1476,16528,1978,113,218,0,1660.34
9653,20:29:59:343,3,Severe_Damage,L3_S3,-2048,1516,17026,1325,37,116,0,2158.34
9654,20:29:59:353,3,Severe_Damage,L3_S3,-2168,1586,17202,634,89,0,0,2334.34
9655,20:29:59:363,3,Severe_Damage,L3_S3,-2054,1582,17214,-187,3,-122,0,2346.34
9656,20:29:59:373,3,Severe_Damage,L3_S3,-2064,1572,17006,-964,22,-241,0,2138.34
9657,20:29:59:383,3,Severe_Damage,L3_S3,-2002,1440,16440,-1682,-19,-353,0,1572.34
9658,20:29:59:393,3,Severe_Damage,L3_S3,-1900,1382,15858,-2249,-37,-446,0,990.34
9659,20:29:59:403,3,Severe_Damage,L3_S3,-1826,1210,15216,-2603,-5,-499,0,348.34
9660,20:29:59:414,3,Severe_Damage,L3_S3,-1666,1074,14442,-2742,-75,-522,0,-425.66
9661,20:29:59:423,3,Severe_Damage,L3_S3,-1592,898,13800,-2612,-14,-503,0,-1067.66
9662,20:29:59:433,3,Severe_Damage,L3_S3,-1422,788,13198,-2291,-55,-443,0,-1669.66
9663,20:29:59:443,3,Severe_Damage,L3_S3,-1474,704,12932,-1758,-9,-365,0,-1935.66
9664,20:29:59:453,3,Severe_Damage,L3_S3,-1414,686,12658,-1034,40,-257,0,-2209.66
9665,20:29:59:463,3,Severe_Damage,L3_S3,-1412,662,12696,-327,-11,-139,0,-2171.66
9666,20:29:59:473,3,Severe_Damage,L3_S3,-1476,750,12830,460,96,-21,0,-2037.66
9667,20:29:59:483,3,Severe_Damage,L3_S3,-1480,784,13272,1124,42,78,0,-1595.66
9668,20:29:59:493,3,Severe_Damage,L3_S3,-1622,930,13796,1690,86,166,0,-1071.66
9669,20:29:59:504,3,Severe_Damage,L3_S3,-1694,1002,14502,2060,105,219,0,-365.66
9670,20:29:59:513,3,Severe_Damage,L3_S3,-1748,1148,15172,2216,74,249,0,304.34
9671,20:29:59:523,3,Severe_Damage,L3_S3,-1918,1290,15808,2132,120,230,0,940.34
9672,20:29:59:533,3,Severe_Damage,L3_S3,-1980,1402,16410,1854,71,202,0,1542.34
9673,20:29:59:543,3,Severe_Damage,L3_S3,-2038,1534,16656,1388,86,129,0,1788.34
9674,20:29:59:553,3,Severe_Damage,L3_S3,-2038,1546,16934,709,29,13,0,2066.34
9675,20:29:59:563,3,Severe_Damage,L3_S3,-2144,1594,16930,27,63,-86,0,2062.34
9676,20:29:59:573,3,Severe_Damage,L3_S3,-1974,1494,16768,-693,-3,-211,0,1900.34
9677,20:29:59:583,3,Severe_Damage,L3_S3,-2074,1432,16432,-1371,-4,-307,0,1564.34
9678,20:29:59:594,3,Severe_Damage,L3_S3,-1894,1398,15886,-1902,-21,-387,0,1018.34
9679,20:29:59:604,3,Severe_Damage,L3_S3,-1818,1188,15362,-2307,-28,-455,0,494.34
9680,20:29:59:614,3,Severe_Damage,L3_S3,-1736,1178,14680,-2455,-36,-473,0,-187.66
9681,20:29:59:624,3,Severe_Damage,L3_S3,-1620,966,14078,-2429,-33,-474,0,-789.66
9682,20:29:59:634,3,Severe_Damage,L3_S3,-1566,874,13552,-2160,-41,-428,0,-1315.66
9683,20:29:59:643,3,Severe_Damage,L3_S3,-1482,838,13070,-1729,-27,-366,0,-1797.66
9684,20:29:59:653,3,Severe_Damage,L3_S3,-1422,638,12988,-1174,-20,-277,0,-1879.66
9685,20:29:59:663,3,Severe_Damage,L3_S3,-1546,704,12870,-455,97,-167,0,-1997.66
9686,20:29:59:673,3,Severe_Damage,L3_S3,-1354,724,13060,179,-39,-66,0,-1807.66
9687,20:29:59:683,3,Severe_Damage,L3_S3,-1564,844,13288,854,115,39,0,-1579.66
9688,20:29:59:693,3,Severe_Damage,L3_S3,-1582,888,13768,1362,51,122,0,-1099.66
9689,20:29:59:703,3,Severe_Damage,L3_S3,-1676,1046,14300,1767,80,188,0,-567.66
9690,20:29:59:713,3,Severe_Damage,L3_S3,-1738,1146,15012,1937,115,209,0,144.34
9691,20:29:59:723,3,Severe_Damage,L3_S3,-1870,1308,15546,1936,69,214,0,678.34
9692,20:29:59:733,3,Severe_Damage,L3_S3,-1872,1354,16056,1715,94,175,0,1188.34
9693,20:29:59:743,3,Severe_Damage,L3_S3,-2000,1480,16508,1332,78,114,0,1640.34
9694,20:29:59:753,3,Severe_Damage,L3_S3,-2026,1548,16622,819,46,32,0,1754.34
9695,20:29:59:763,3,Severe_Damage,L3_S3,-1968,1500,16776,143,27,-77,0,1908.34
9696,20:29:59:773,3,Severe_Damage,L3_S3,-2084,1436,16670,-469,49,-170,0,1802.34
9697,20:29:59:784,3,Severe_Damage,L3_S3,-1922,1436,16398,-1089,-24,-262,0,1530.34
9698,20:29:59:793,3,Severe_Damage,L3_S3,-1950,1396,15984,-1616,6,-340,0,1116.34
9699,20:29:59:804,3,Severe_Damage,L3_S3,-1812,1300,15450,-1983,-27,-399,0,582.34
9700,20:29:59:814,3,Severe_Damage,L3_S3,-1698,1086,14900,-2207,-13,-431,0,32.34
9701,20:29:59:824,3,Severe_Damage,L3_S3,-1628,1052,14322,-2207,-37,-430,0,-545.66
9702,20:29:59:834,3,Severe_Damage,L3_S3,-1622,912,13850,-2035,-16,-415,0,-1017.66
9703,20:29:59:844,3,Severe_Damage,L3_S3,-1510,828,13372,-1665,-28,-349,0,-1495.66
9704,20:29:59:854,3,Severe_Damage,L3_S3,-1456,726,13216,-1219,-21,-283,0,-1651.66
9705,20:29:59:863,3,Severe_Damage,L3_S3,-1508,762,13110,-586,32,-179,0,-1757.66
9706,20:29:59:873,3,Severe_Damage,L3_S3,-1528,726,13154,-3,37,-87,0,-1713.66
9707,20:29:59:883,3,Severe_Damage,L3_S3,-1508,828,13356,610,46,-1,0,-1511.66
9708,20:29:59:893,3,Severe_Damage,L3_S3,-1612,778,13852,1093,92,75,0,-1015.66
9709,20:29:59:903,3,Severe_Damage,L3_S3,-1656,1040,14290,1489,53,140,0,-577.66
9710,20:29:59:913,3,Severe_Damage,L3_S3,-1760,1054,14854,1681,106,171,0,-13.66
9711,20:29:59:923,3,Severe_Damage,L3_S3,-1846,1256,15312,1730,81,175,0,444.34
9712,20:29:59:933,3,Severe_Damage,L3_S3,-1926,1282,15876,1566,82,148,0,1008.34
9713,20:29:59:943,3,Severe_Damage,L3_S3,-1938,1436,16178,1255,62,99,0,1310.34
9714,20:29:59:953,3,Severe_Damage,L3_S3,-2016,1444,16420,798,79,33,0,1552.34
9715,20:29:59:963,3,Severe_Damage,L3_S3,-1984,1478,16434,298,41,-45,0,1566.34
9716,20:29:59:973,3,Severe_Damage,L3_S3,-1996,1402,16512,-360,4,-151,0,1644.34
9717,20:29:59:983,3,Severe_Damage,L3_S3,-2096,1420,16278,-857,45,-227,0,1410.34
9718,20:29:59:994,3,Severe_Damage,L3_S3,-1848,1356,15908,-1371,-34,-307,0,1040.34
9719,20:30:00:003,3,Severe_Damage,L3_S3,-1884,1234,15500,-1732,6,-364,0,632.34
9720,20:30:00:014,3,Severe_Damage,L3_S3,-1752,1180,14944,-1946,-10,-400,0,76.34
9721,20:30:00:024,3,Severe_Damage,L3_S3,-1700,1046,14492,-2007,-30,-406,0,-375.66
9722,20:30:00:033,3,Severe_Damage,L3_S3,-1608,930,13990,-1871,0,-384,0,-877.66
9723,20:30:00:044,3,Severe_Damage,L3_S3,-1532,812,13642,-1594,-29,-338,0,-1225.66
9724,20:30:00:053,3,Severe_Damage,L3_S3,-1558,786,13314,-1167,9,-268,0,-1553.66
9725,20:30:00:063,3,Severe_Damage,L3_S3,-1492,726,13316,-711,-9,-203,0,-1551.66
9726,20:30:00:073,3,Severe_Damage,L3_S3,-1474,808,13322,-106,32,-105,0,-1545.66
9727,20:30:00:083,3,Severe_Damage,L3_S3,-1590,798,13560,397,63,-37,0,-1307.66
9728,20:30:00:093,3,Severe_Damage,L3_S3,-1566,868,13792,876,41,44,0,-1075.66
9729,20:30:00:103,3,Severe_Damage,L3_S3,-1634,966,14284,1225,101,90,0,-583.66
9730,20:30:00:113,3,Severe_Damage,L3_S3,-1724,1078,14716,1468,57,134,0,-151.66
9731,20:30:00:123,3,Severe_Damage,L3_S3,-1810,1212,15230,1507,85,143,0,362.34
9732,20:30:00:134,3,Severe_Damage,L3_S3,-1908,1268,15598,1422,83,132,0,730.34
9733,20:30:00:143,3,Severe_Damage,L3_S3,-1896,1370,16002,1155,45,93,0,1134.34
9734,20:30:00:153,3,Severe_Damage,L3_S3,-2006,1388,16224,779,72,28,0,1356.34
9735,20:30:00:163,3,Severe_Damage,L3_S3,-1954,1388,16430,306,34,-42,0,1562.34
9736,20:30:00:174,3,Severe_Damage,L3_S3,-2030,1454,16248,-167,41,-121,0,1380.34
9737,20:30:00:184,3,Severe_Damage,L3_S3,-1902,1384,16192,-734,-1,-209,0,1324.34
9738,20:30:00:194,3,Severe_Damage,L3_S3,-1952,1346,15900,-1136,20,-267,0,1032.34
9739,20:30:00:204,3,Severe_Damage,L3_S3,-1806,1254,15486,-1514,-10,-334,0,618.34
9740,20:30:00:214,3,Severe_Damage,L3_S3,-1800,1090,15084,-1730,-8,-368,0,216.34
9741,20:30:00:224,3,Severe_Damage,L3_S3,-1712,1082,14622,-1807,-13,-381,0,-245.66
9742,20:30:00:234,3,Severe_Damage,L3_S3,-1650,936,14126,-1734,-32,-361,0,-741.66
9743,20:30:00:244,3,Severe_Damage,L3_S3,-1614,900,13850,-1492,-5,-326,0,-1017.66
9744,20:30:00:254,3,Severe_Damage,L3_S3,-1534,892,13560,-1153,-4,-276,0,-1307.66
9745,20:30:00:263,3,Severe_Damage,L3_S3,-1590,816,13478,-709,15,-202,0,-1389.66
9746,20:30:00:273,3,Severe_Damage,L3_S3,-1470,792,13456,-226,35,-130,0,-1411.66
9747,20:30:00:284,3,Severe_Damage,L3_S3,-1590,900,13594,253,33,-55,0,-1273.66
9748,20:30:00:293,3,Severe_Damage,L3_S3,-1588,860,14006,687,48,9,0,-861.66
9749,20:30:00:304,3,Severe_Damage,L3_S3,-1672,1036,14278,1044,83,75,0,-589.66
9750,20:30:00:314,3,Severe_Damage,L3_S3,-1710,1066,14714,1256,51,105,0,-153.66
9751,20:30:00:324,3,Severe_Damage,L3_S3,-1778,1166,15198,1339,94,113,0,330.34
9752,20:30:00:334,3,Severe_Damage,L3_S3,-1858,1296,15478,1277,50,107,0,610.34
9753,20:30:00:343,3,Severe_Damage,L3_S3,-1930,1362,15880,1066,68,70,0,1012.34
9754,20:30:00:353,3,Severe_Damage,L3_S3,-1888,1328,16056,753,51,21,0,1188.34
9755,20:30:00:363,3,Severe_Damage,L3_S3,-1932,1372,16206,328,37,-42,0,1338.34
9756,20:30:00:374,3,Severe_Damage,L3_S3,-1954,1404,16232,-107,42,-116,0,1364.34
9757,20:30:00:384,3,Severe_Damage,L3_S3,-1922,1354,16100,-591,10,-182,0,1232.34
9758,20:30:00:394,3,Severe_Damage,L3_S3,-1902,1292,15778,-997,23,-247,0,910.34
9759,20:30:00:404,3,Severe_Damage,L3_S3,-1830,1222,15548,-1349,-9,-316,0,680.34
9760,20:30:00:414,3,Severe_Damage,L3_S3,-1818,1198,15138,-1557,0,-334,0,270.34
9761,20:30:00:424,3,Severe_Damage,L3_S3,-1724,1102,14694,-1656,0,-351,0,-173.66
9762,20:30:00:434,3,Severe_Damage,L3_S3,-1698,964,14316,-1598,-18,-341,0,-551.66
9763,20:30:00:444,3,Severe_Damage,L3_S3,-1610,912,13966,-1418,-3,-312,0,-901.66
9764,20:30:00:454,3,Severe_Damage,L3_S3,-1572,894,13730,-1107,3,-262,0,-1137.66
9765,20:30:00:464,3,Severe_Damage,L3_S3,-1594,880,13608,-720,10,-203,0,-1259.66
9766,20:30:00:474,3,Severe_Damage,L3_S3,-1560,872,13600,-291,32,-141,0,-1267.66
9767,20:30:00:483,3,Severe_Damage,L3_S3,-1536,898,13680,155,36,-67,0,-1187.66
9768,20:30:00:493,3,Severe_Damage,L3_S3,-1626,892,13966,557,58,-8,0,-901.66
9769,20:30:00:503,3,Severe_Damage,L3_S3,-1638,954,14224,888,60,40,0,-643.66
9770,20:30:00:514,3,Severe_Damage,L3_S3,-1766,1022,14656,1098,66,82,0,-211.66
9771,20:30:00:523,3,Severe_Damage,L3_S3,-1764,1188,15022,1200,86,94,0,154.34
9772,20:30:00:533,3,Severe_Damage,L3_S3,-1832,1196,15394,1155,62,88,0,526.34
9773,20:30:00:543,3,Severe_Damage,L3_S3,-1926,1292,15670,989,73,57,0,802.34
9774,20:30:00:553,3,Severe_Damage,L3_S3,-1872,1388,15916,708,34,17,0,1048.34
9775,20:30:00:564,3,Severe_Damage,L3_S3,-2012,1366,16120,344,64,-40,0,1252.34
9776,20:30:00:574,3,Severe_Damage,L3_S3,-1978,1340,16094,-68,14,-104,0,1226.34
9777,20:30:00:584,3,Severe_Damage,L3_S3,-1918,1342,15950,-493,26,-169,0,1082.34
9778,20:30:00:594,3,Severe_Damage,L3_S3,-1880,1352,15758,-877,10,-227,0,890.34
9779,20:30:00:604,3,Severe_Damage,L3_S3,-1830,1222,15486,-1189,-9,-271,0,618.34
9780,20:30:00:614,3,Severe_Damage,L3_S3,-1828,1184,15116,-1408,-3,-311,0,248.34
9781,20:30:00:624,3,Severe_Damage,L3_S3,-1694,1130,14762,-1515,-5,-336,0,-105.66
9782,20:30:00:634,3,Severe_Damage,L3_S3,-1738,982,14420,-1490,11,-325,0,-447.66
9783,20:30:00:644,3,Severe_Damage,L3_S3,-1590,942,14106,-1330,-18,-301,0,-761.66
9784,20:30:00:654,3,Severe_Damage,L3_S3,-1622,912,13844,-1075,9,-257,0,-1023.66
9785,20:30:00:664,3,Severe_Damage,L3_S3,-1550,892,13688,-731,4,-206,0,-1179.66
9786,20:30:00:674,3,Severe_Damage,L3_S3,-1558,854,13666,-341,23,-144,0,-1201.66
9787,20:30:00:683,3,Severe_Damage,L3_S3,-1556,906,13766,59,36,-81,0,-1101.66
9788,20:30:00:694,3,Severe_Damage,L3_S3,-1594,898,13932,437,41,-24,0,-935.66
9789,20:30:00:703,3,Severe_Damage,L3_S3,-1628,1018,14282,740,60,21,0,-585.66
9790,20:30:00:713,3,Severe_Damage,L3_S3,-1702,1068,14586,964,63,60,0,-281.66
9791,20:30:00:724,3,Severe_Damage,L3_S3,-1776,1144,14890,1068,71,77,0,22.34
9792,20:30:00:734,3,Severe_Damage,L3_S3,-1822,1130,15302,1046,68,69,0,434.34
9793,20:30:00:743,3,Severe_Damage,L3_S3,-1880,1288,15596,905,64,52,0,728.34
9794,20:30:00:753,3,Severe_Damage,L3_S3,-1940,1326,15816,671,57,13,0,948.34
9795,20:30:00:764,3,Severe_Damage,L3_S3,-1910,1294,15968,348,24,-41,0,1100.34
9796,20:30:00:774,3,Severe_Damage,L3_S3,-1950,1370,15946,-28,61,-100,0,1078.34
9797,20:30:00:784,3,Severe_Damage,L3_S3,-1858,1336,15846,-411,3,-158,0,978.34
9798,20:30:00:794,3,Severe_Damage,L3_S3,-1952,1272,15742,-772,29,-212,0,874.34
9799,20:30:00:804,3,Severe_Damage,L3_S3,-1816,1262,15520,-1072,3,-255,0,652.34
9800,20:30:00:814,3,Severe_Damage,L3_S3,-1740,1182,15176,-1282,-4,-287,0,308.34
9801,20:30:00:824,3,Severe_Damage,L3_S3,-1712,1100,14804,-1388,2,-309,0,-63.66
9802,20:30:00:834,3,Severe_Damage,L3_S3,-1720,1038,14606,-1387,6,-314,0,-261.66
9803,20:30:00:844,3,Severe_Damage,L3_S3,-1590,1002,14176,-1257,-17,-295,0,-691.66
9804,20:30:00:854,3,Severe_Damage,L3_S3,-1650,942,13982,-1032,17,-260,0,-885.66
9805,20:30:00:864,3,Severe_Damage,L3_S3,-1520,884,13776,-725,2,-205,0,-1091.66
9806,20:30:00:874,3,Severe_Damage,L3_S3,-1564,954,13760,-377,30,-154,0,-1107.66
9807,20:30:00:883,3,Severe_Damage,L3_S3,-1682,872,13848,-9,34,-91,0,-1019.66
9808,20:30:00:894,3,Severe_Damage,L3_S3,-1646,910,13996,337,48,-39,0,-871.66
9809,20:30:00:904,3,Severe_Damage,L3_S3,-1706,926,14288,620,51,2,0,-579.66
9810,20:30:00:914,3,Severe_Damage,L3_S3,-1668,1028,14506,835,61,39,0,-361.66
9811,20:30:00:924,3,Severe_Damage,L3_S3,-1732,1102,14898,945,59,63,0,30.34
9812,20:30:00:934,3,Severe_Damage,L3_S3,-1832,1158,15256,937,66,59,0,388.34
9813,20:30:00:944,3,Severe_Damage,L3_S3,-1872,1192,15436,839,54,34,0,568.34
9814,20:30:00:953,3,Severe_Damage,L3_S3,-1858,1310,15742,625,53,-3,0,874.34
9815,20:30:00:964,3,Severe_Damage,L3_S3,-1850,1348,15808,341,37,-38,0,940.34
9816,20:30:00:973,3,Severe_Damage,L3_S3,-1890,1314,15854,7,42,-87,0,986.34
9817,20:30:00:984,3,Severe_Damage,L3_S3,-1870,1322,15744,-337,25,-140,0,876.34
9818,20:30:00:994,3,Severe_Damage,L3_S3,-1864,1258,15626,-671,25,-200,0,758.34
9819,20:30:01:004,3,Severe_Damage,L3_S3,-1814,1224,15396,-951,6,-239,0,528.34
9820,20:30:01:014,3,Severe_Damage,L3_S3,-1772,1178,15124,-1164,-4,-278,0,256.34
9821,20:30:01:024,3,Severe_Damage,L3_S3,-1764,1148,14878,-1268,9,-294,0,10.34
9822,20:30:01:034,3,Severe_Damage,L3_S3,-1674,1078,14562,-1278,0,-286,0,-305.66
9823,20:30:01:044,3,Severe_Damage,L3_S3,-1644,1026,14284,-1175,8,-276,0,-583.66
9824,20:30:01:054,3,Severe_Damage,L3_S3,-1618,932,14128,-990,6,-244,0,-739.66
9825,20:30:01:064,3,Severe_Damage,L3_S3,-1602,946,13926,-717,16,-204,0,-941.66
9826,20:30:01:074,3,Severe_Damage,L3_S3,-1590,886,13894,-407,22,-154,0,-973.66
9827,20:30:01:084,3,Severe_Damage,L3_S3,-1612,890,13906,-73,41,-104,0,-961.66
9828,20:30:01:094,3,Severe_Damage,L3_S3,-1606,960,14116,245,48,-58,0,-751.66
9829,20:30:01:104,3,Severe_Damage,L3_S3,-1720,1002,14292,519,52,-6,0,-575.66
9830,20:30:01:114,3,Severe_Damage,L3_S3,-1708,1054,14534,724,47,26,0,-333.66
9831,20:30:01:124,3,Severe_Damage,L3_S3,-1738,1144,14890,829,60,31,0,22.34
9832,20:30:01:134,3,Severe_Damage,L3_S3,-1850,1166,15096,841,57,38,0,228.34
9833,20:30:01:144,3,Severe_Damage,L3_S3,-1814,1236,15378,756,63,19,0,510.34
9834,20:30:01:154,3,Severe_Damage,L3_S3,-1882,1278,15614,581,53,0,0,746.34
9835,20:30:01:164,3,Severe_Damage,L3_S3,-1902,1238,15780,331,50,-43,0,912.34
9836,20:30:01:174,3,Severe_Damage,L3_S3,-1834,1346,15748,34,15,-86,0,880.34
9837,20:30:01:184,3,Severe_Damage,L3_S3,-1946,1288,15754,-291,48,-136,0,886.34
9838,20:30:01:194,3,Severe_Damage,L3_S3,-1856,1268,15630,-587,0,-181,0,762.34
9839,20:30:01:204,3,Severe_Damage,L3_S3,-1884,1268,15430,-855,19,-225,0,562.34
9840,20:30:01:214,3,Severe_Damage,L3_S3,-1842,1164,15186,-1047,9,-254,0,318.34
9841,20:30:01:224,3,Severe_Damage,L3_S3,-1748,1068,14880,-1175,-5,-275,0,12.34
9842,20:30:01:234,3,Severe_Damage,L3_S3,-1686,1086,14626,-1186,15,-277,0,-241.66
9843,20:30:01:244,3,Severe_Damage,L3_S3,-1636,1022,14374,-1108,-15,-269,0,-493.66
9844,20:30:01:254,3,Severe_Damage,L3_S3,-1624,972,14168,-936,16,-237,0,-699.66
9845,20:30:01:264,3,Severe_Damage,L3_S3,-1598,970,14036,-706,10,-201,0,-831.66
9846,20:30:01:274,3,Severe_Damage,L3_S3,-1594,924,13948,-426,22,-157,0,-919.66
9847,20:30:01:284,3,Severe_Damage,L3_S3,-1656,932,13924,-124,32,-115,0,-943.66
9848,20:30:01:294,3,Severe_Damage,L3_S3,-1650,992,14116,173,39,-64,0,-751.66
9849,20:30:01:304,3,Severe_Damage,L3_S3,-1630,974,14332,422,56,-30,0,-535.66
9850,20:30:01:314,3,Severe_Damage,L3_S3,-1664,1078,14524,616,54,1,0,-343.66
9851,20:30:01:324,3,Severe_Damage,L3_S3,-1750,1100,14762,736,55,22,0,-105.66
9852,20:30:01:334,3,Severe_Damage,L3_S3,-1738,1178,15048,753,59,24,0,180.34
9853,20:30:01:344,3,Severe_Damage,L3_S3,-1838,1184,15332,689,51,17,0,464.34
9854,20:30:01:354,3,Severe_Damage,L3_S3,-1830,1240,15562,541,58,-15,0,694.34
9855,20:30:01:364,3,Severe_Damage,L3_S3,-1906,1258,15662,316,40,-43,0,794.34
9856,20:30:01:374,3,Severe_Damage,L3_S3,-1838,1306,15754,51,34,-92,0,886.34
9857,20:30:01:384,3,Severe_Damage,L3_S3,-1864,1274,15620,-241,40,-131,0,752.34
9858,20:30:01:394,3,Severe_Damage,L3_S3,-1852,1262,15556,-526,9,-173,0,688.34
9859,20:30:01:404,3,Severe_Damage,L3_S3,-1796,1252,15440,-768,17,-217,0,572.34
9860,20:30:01:414,3,Severe_Damage,L3_S3,-1812,1166,15200,-957,6,-244,0,332.34
9861,20:30:01:424,3,Severe_Damage,L3_S3,-1804,1140,14964,-1071,6,-265,0,96.34
9862,20:30:01:434,3,Severe_Damage,L3_S3,-1700,1064,14726,-1100,4,-266,0,-141.66
9863,20:30:01:444,3,Severe_Damage,L3_S3,-1718,980,14458,-1038,6,-256,0,-409.66
9864,20:30:01:454,3,Severe_Damage,L3_S3,-1638,954,14284,-893,3,-236,0,-583.66
9865,20:30:01:464,3,Severe_Damage,L3_S3,-1632,984,14134,-688,29,-201,0,-733.66
9866,20:30:01:474,3,Severe_Damage,L3_S3,-1662,930,14056,-438,19,-169,0,-811.66
9867,20:30:01:484,3,Severe_Damage,L3_S3,-1656,1014,14112,-162,28,-120,0,-755.66
9868,20:30:01:494,3,Severe_Damage,L3_S3,-1666,978,14256,101,37,-78,0,-611.66
9869,20:30:01:504,3,Severe_Damage,L3_S3,-1644,980,14310,343,43,-37,0,-557.66
9870,20:30:01:514,3,Severe_Damage,L3_S3,-1676,1074,14614,523,44,-6,0,-253.66
9871,20:30:01:524,3,Severe_Damage,L3_S3,-1734,1072,14818,640,56,10,0,-49.66
9872,20:30:01:534,3,Severe_Damage,L3_S3,-1754,1140,15026,670,56,10,0,158.34
9873,20:30:01:544,3,Severe_Damage,L3_S3,-1796,1146,15304,616,55,5,0,436.34
9874,20:30:01:554,3,Severe_Damage,L3_S3,-1812,1204,15418,488,55,-15,0,550.34
9875,20:30:01:564,3,Severe_Damage,L3_S3,-1862,1244,15634,292,47,-44,0,766.34
9876,20:30:01:574,3,Severe_Damage,L3_S3,-1862,1268,15676,57,37,-80,0,808.34
9877,20:30:01:584,3,Severe_Damage,L3_S3,-1868,1286,15638,-202,32,-122,0,770.34
9878,20:30:01:594,3,Severe_Damage,L3_S3,-1826,1254,15580,-454,13,-162,0,712.34
9879,20:30:01:604,3,Severe_Damage,L3_S3,-1808,1208,15402,-686,31,-202,0,534.34
9880,20:30:01:614,3,Severe_Damage,L3_S3,-1766,1174,15208,-864,-3,-226,0,340.34
9881,20:30:01:624,3,Severe_Damage,L3_S3,-1758,1122,14942,-974,12,-244,0,74.34
9882,20:30:01:634,3,Severe_Damage,L3_S3,-1746,1072,14764,-1011,18,-253,0,-103.66
9883,20:30:01:644,3,Severe_Damage,L3_S3,-1666,1016,14452,-963,12,-248,0,-415.66
9884,20:30:01:654,3,Severe_Damage,L3_S3,-1676,958,14314,-844,23,-235,0,-553.66
9885,20:30:01:664,3,Severe_Damage,L3_S3,-1638,956,14238,-664,-1,-199,0,-629.66
9886,20:30:01:674,3,Severe_Damage,L3_S3,-1660,944,14172,-441,31,-161,0,-695.66
9887,20:30:01:684,3,Severe_Damage,L3_S3,-1636,944,14142,-193,29,-124,0,-725.66
9888,20:30:01:694,3,Severe_Damage,L3_S3,-1628,974,14264,49,32,-86,0,-603.66
9889,20:30:01:704,3,Severe_Damage,L3_S3,-1706,1012,14400,270,48,-54,0,-467.66
9890,20:30:01:714,3,Severe_Damage,L3_S3,-1666,1070,14572,441,39,-31,0,-295.66
9891,20:30:01:724,3,Severe_Damage,L3_S3,-1726,1140,14782,553,62,-4,0,-85.66
9892,20:30:01:734,3,Severe_Damage,L3_S3,-1752,1156,14974,593,50,-1,0,106.34
9893,20:30:01:744,3,Severe_Damage,L3_S3,-1806,1194,15216,554,55,-4,0,348.34
9894,20:30:01:754,3,Severe_Damage,L3_S3,-1826,1218,15358,442,53,-28,0,490.34
9895,20:30:01:764,3,Severe_Damage,L3_S3,-1806,1240,15536,272,32,-56,0,668.34
9896,20:30:01:774,3,Severe_Damage,L3_S3,-1880,1244,15580,59,41,-87,0,712.34
9897,20:30:01:784,3,Severe_Damage,L3_S3,-1812,1238,15650,-175,28,-127,0,782.34
9898,20:30:01:794,3,Severe_Damage,L3_S3,-1804,1192,15552,-414,33,-159,0,684.34
9899,20:30:01:804,3,Severe_Damage,L3_S3,-1822,1192,15372,-627,17,-185,0,504.34
9900,20:30:01:814,3,Severe_Damage,L3_S3,-1800,1222,15162,-795,14,-219,0,294.34
9901,20:30:01:824,3,Severe_Damage,L3_S3,-1764,1154,15010,-903,10,-241,0,142.34
9902,20:30:01:834,3,Severe_Damage,L3_S3,-1786,1078,14692,-941,10,-242,0,-175.66
9903,20:30:01:844,3,Severe_Damage,L3_S3,-1670,1002,14510,-905,12,-229,0,-357.66
9904,20:30:01:854,3,Severe_Damage,L3_S3,-1682,1062,14382,-808,10,-221,0,-485.66
9905,20:30:01:864,3,Severe_Damage,L3_S3,-1648,1024,14318,-643,18,-194,0,-549.66
9906,20:30:01:874,3,Severe_Damage,L3_S3,-1662,952,14284,-448,23,-158,0,-583.66
9907,20:30:01:884,3,Severe_Damage,L3_S3,-1680,1004,14184,-215,30,-128,0,-683.66
9908,20:30:01:894,3,Severe_Damage,L3_S3,-1634,992,14254,7,30,-94,0,-613.66
9909,20:30:01:904,3,Severe_Damage,L3_S3,-1692,996,14358,215,41,-64,0,-509.66
9910,20:30:01:914,3,Severe_Damage,L3_S3,-1670,1072,14586,374,58,-42,0,-281.66
9911,20:30:01:924,3,Severe_Damage,L3_S3,-1740,1086,14778,484,52,-18,0,-89.66
9912,20:30:01:934,3,Severe_Damage,L3_S3,-1816,1124,14966,520,57,-18,0,98.34
9913,20:30:01:944,3,Severe_Damage,L3_S3,-1802,1144,15132,501,51,-18,0,264.34
9914,20:30:01:954,3,Severe_Damage,L3_S3,-1814,1238,15330,398,51,-31,0,462.34
9915,20:30:01:964,3,Severe_Damage,L3_S3,-1858,1256,15360,251,52,-51,0,492.34
9916,20:30:01:974,3,Severe_Damage,L3_S3,-1862,1276,15490,60,36,-85,0,622.34
9917,20:30:01:984,3,Severe_Damage,L3_S3,-1894,1238,15502,-155,27,-116,0,634.34
9918,20:30:01:994,3,Severe_Damage,L3_S3,-1878,1228,15372,-372,21,-153,0,504.34
9919,20:30:02:004,3,Severe_Damage,L3_S3,-1804,1198,15316,-569,14,-177,0,448.34
9920,20:30:02:014,3,Severe_Damage,L3_S3,-1818,1200,15106,-731,21,-207,0,238.34
9921,20:30:02:024,3,Severe_Damage,L3_S3,-1764,1156,14982,-824,11,-229,0,114.34
9922,20:30:02:034,3,Severe_Damage,L3_S3,-1738,1092,14774,-871,9,-226,0,-93.66
9923,20:30:02:044,3,Severe_Damage,L3_S3,-1708,1030,14592,-850,17,-233,0,-275.66
9924,20:30:02:054,3,Severe_Damage,L3_S3,-1674,1020,14472,-761,9,-214,0,-395.66
9925,20:30:02:064,3,Severe_Damage,L3_S3,-1676,1034,14286,-610,16,-195,0,-581.66
9926,20:30:02:074,3,Severe_Damage,L3_S3,-1642,1032,14194,-439,20,-171,0,-673.66
9927,20:30:02:084,3,Severe_Damage,L3_S3,-1652,1006,14226,-232,26,-128,0,-641.66
9928,20:30:02:094,3,Severe_Damage,L3_S3,-1684,990,14346,-26,35,-98,0,-521.66
9929,20:30:02:104,3,Severe_Damage,L3_S3,-1712,1000,14404,161,40,-67,0,-463.66
9930,20:30:02:114,3,Severe_Damage,L3_S3,-1704,1038,14542,310,40,-45,0,-325.66
9931,20:30:02:124,3,Severe_Damage,L3_S3,-1752,1074,14780,412,52,-30,0,-87.66
9932,20:30:02:134,3,Severe_Damage,L3_S3,-1754,1132,14912,456,46,-26,0,44.34
9933,20:30:02:144,3,Severe_Damage,L3_S3,-1784,1142,15106,440,47,-31,0,238.34
9934,20:30:02:154,3,Severe_Damage,L3_S3,-1780,1266,15274,360,34,-38,0,406.34
9935,20:30:02:164,3,Severe_Damage,L3_S3,-1854,1266,15344,229,46,-54,0,476.34
9936,20:30:02:174,3,Severe_Damage,L3_S3,-1852,1240,15404,53,36,-81,0,536.34
9937,20:30:02:184,3,Severe_Damage,L3_S3,-1852,1258,15476,-139,30,-113,0,608.34
9938,20:30:02:194,3,Severe_Damage,L3_S3,-1828,1212,15384,-341,20,-145,0,516.34
9939,20:30:02:204,3,Severe_Damage,L3_S3,-1788,1216,15266,-517,19,-180,0,398.34
9940,20:30:02:214,3,Severe_Damage,L3_S3,-1804,1154,15174,-669,10,-197,0,306.34
9941,20:30:02:224,3,Severe_Damage,L3_S3,-1712,1094,15012,-765,12,-214,0,144.34
9942,20:30:02:235,3,Severe_Damage,L3_S3,-1688,1124,14812,-811,16,-219,0,-55.66
9943,20:30:02:244,3,Severe_Damage,L3_S3,-1696,1082,14610,-795,19,-212,0,-257.66
9944,20:30:02:254,3,Severe_Damage,L3_S3,-1664,992,14514,-725,20,-205,0,-353.66
9945,20:30:02:264,3,Severe_Damage,L3_S3,-1684,1044,14366,-597,11,-182,0,-501.66
9946,20:30:02:274,3,Severe_Damage,L3_S3,-1718,1014,14334,-431,29,-160,0,-533.66
9947,20:30:02:284,3,Severe_Damage,L3_S3,-1704,1000,14366,-250,31,-134,0,-501.66
9948,20:30:02:294,3,Severe_Damage,L3_S3,-1668,994,14386,-60,32,-108,0,-481.66
9949,20:30:02:304,3,Severe_Damage,L3_S3,-1672,1062,14502,121,40,-80,0,-365.66
9950,20:30:02:314,3,Severe_Damage,L3_S3,-1746,1040,14556,259,40,-49,0,-311.66
9951,20:30:02:324,3,Severe_Damage,L3_S3,-1742,1104,14730,361,44,-35,0,-137.66
9952,20:30:02:334,3,Severe_Damage,L3_S3,-1750,1100,14988,396,47,-28,0,120.34
9953,20:30:02:344,3,Severe_Damage,L3_S3,-1784,1136,15096,386,47,-35,0,228.34
9954,20:30:02:354,3,Severe_Damage,L3_S3,-1780,1214,15234,316,46,-51,0,366.34
9955,20:30:02:364,3,Severe_Damage,L3_S3,-1848,1204,15358,196,37,-61,0,490.34
9956,20:30:02:374,3,Severe_Damage,L3_S3,-1788,1222,15436,43,42,-83,0,568.34
9957,20:30:02:384,3,Severe_Damage,L3_S3,-1820,1182,15398,-134,30,-104,0,530.34
9958,20:30:02:394,3,Severe_Damage,L3_S3,-1818,1182,15392,-311,29,-135,0,524.34
9959,20:30:02:404,3,Severe_Damage,L3_S3,-1810,1186,15182,-477,15,-164,0,314.34
9960,20:30:02:414,3,Severe_Damage,L3_S3,-1810,1152,15168,-616,12,-193,0,300.34
9961,20:30:02:424,3,Severe_Damage,L3_S3,-1744,1114,14978,-713,19,-204,0,110.34
9962,20:30:02:434,3,Severe_Damage,L3_S3,-1734,1140,14828,-758,18,-210,0,-39.66
9963,20:30:02:444,3,Severe_Damage,L3_S3,-1670,1064,14734,-749,20,-214,0,-133.66
9964,20:30:02:454,3,Severe_Damage,L3_S3,-1648,1076,14556,-685,17,-203,0,-311.66
9965,20:30:02:464,3,Severe_Damage,L3_S3,-1710,1012,14420,-571,21,-181,0,-447.66
9966,20:30:02:474,3,Severe_Damage,L3_S3,-1660,1032,14426,-422,21,-157,0,-441.66
9967,20:30:02:484,3,Severe_Damage,L3_S3,-1648,978,14418,-259,24,-132,0,-449.66
9968,20:30:02:494,3,Severe_Damage,L3_S3,-1654,1026,14388,-84,34,-105,0,-479.66
9969,20:30:02:504,3,Severe_Damage,L3_S3,-1714,1040,14546,78,33,-85,0,-321.66
9970,20:30:02:514,3,Severe_Damage,L3_S3,-1664,1064,14604,208,41,-63,0,-263.66
9971,20:30:02:524,3,Severe_Damage,L3_S3,-1720,1104,14726,303,41,-42,0,-141.66
9972,20:30:02:534,3,Severe_Damage,L3_S3,-1756,1096,14918,344,45,-38,0,50.34
9973,20:30:02:544,3,Severe_Damage,L3_S3,-1814,1122,15086,340,48,-39,0,218.34
9974,20:30:02:554,3,Severe_Damage,L3_S3,-1782,1168,15186,286,40,-46,0,318.34
9975,20:30:02:564,3,Severe_Damage,L3_S3,-1802,1186,15260,184,38,-66,0,392.34
9976,20:30:02:574,3,Severe_Damage,L3_S3,-1838,1190,15326,44,36,-88,0,458.34
9977,20:30:02:584,3,Severe_Damage,L3_S3,-1794,1212,15376,-124,37,-111,0,508.34
9978,20:30:02:594,3,Severe_Damage,L3_S3,-1832,1240,15356,-280,27,-139,0,488.34
9979,20:30:02:604,3,Severe_Damage,L3_S3,-1794,1156,15228,-435,26,-163,0,360.34
9980,20:30:02:614,3,Severe_Damage,L3_S3,-1750,1178,15114,-566,23,-182,0,246.34
9981,20:30:02:624,3,Severe_Damage,L3_S3,-1806,1120,15008,-662,14,-192,0,140.34
9982,20:30:02:634,3,Severe_Damage,L3_S3,-1764,1090,14888,-706,16,-205,0,20.34
9983,20:30:02:644,3,Severe_Damage,L3_S3,-1738,1094,14708,-702,17,-206,0,-159.66
9984,20:30:02:654,3,Severe_Damage,L3_S3,-1726,1056,14602,-647,18,-191,0,-265.66
9985,20:30:02:664,3,Severe_Damage,L3_S3,-1680,1014,14450,-556,13,-178,0,-417.66
9986,20:30:02:674,3,Severe_Damage,L3_S3,-1676,1018,14448,-417,18,-156,0,-419.66
9987,20:30:02:685,3,Severe_Damage,L3_S3,-1658,1028,14416,-271,27,-134,0,-451.66
9988,20:30:02:694,3,Severe_Damage,L3_S3,-1670,1030,14438,-111,30,-107,0,-429.66
9989,20:30:02:704,3,Severe_Damage,L3_S3,-1740,1024,14534,33,38,-85,0,-333.66
9990,20:30:02:714,3,Severe_Damage,L3_S3,-1704,1018,14640,167,50,-65,0,-227.66
9991,20:30:02:724,3,Severe_Damage,L3_S3,-1768,1120,14732,256,47,-49,0,-135.66
9992,20:30:02:734,3,Severe_Damage,L3_S3,-1788,1144,14914,304,50,-47,0,46.34
9993,20:30:02:744,3,Severe_Damage,L3_S3,-1820,1146,15048,294,36,-50,0,180.34
9994,20:30:02:754,3,Severe_Damage,L3_S3,-1820,1192,15126,244,35,-54,0,258.34
9995,20:30:02:764,3,Severe_Damage,L3_S3,-1796,1170,15246,157,39,-70,0,378.34
9996,20:30:02:774,3,Severe_Damage,L3_S3,-1796,1218,15334,37,38,-91,0,466.34
9997,20:30:02:784,3,Severe_Damage,L3_S3,-1782,1196,15376,-116,33,-106,0,508.34
9998,20:30:02:795,3,Severe_Damage,L3_S3,-1796,1206,15306,-262,28,-135,0,438.34
9999,20:30:02:804,3,Severe_Damage,L3_S3,-1810,1190,15282,-403,18,-153,0,414.34
10000,20:30:02:814,3,Severe_Damage,L3_S3,-1748,1216,15072,-520,18,-174,0,204.34
10001,20:30:02:824,3,Severe_Damage,L3_S3,-1776,1098,14810,-657,18,-195,0,-57.66
10002,20:30:02:834,3,Severe_Damage,L3_S3,-1684,1098,14748,-662,15,-193,0,-119.66
10003,20:30:02:845,3,Severe_Damage,L3_S3,-1762,1082,14634,-620,13,-188,0,-233.66
10004,20:30:02:854,3,Severe_Damage,L3_S3,-1708,1042,14488,-529,15,-173,0,-379.66
10005,20:30:02:864,3,Severe_Damage,L3_S3,-1718,978,14456,-412,23,-154,0,-411.66
10006,20:30:02:874,3,Severe_Damage,L3_S3,-1704,1028,14460,-284,26,-139,0,-407.66
10007,20:30:02:885,3,Severe_Damage,L3_S3,-1682,1044,14422,-133,39,-117,0,-445.66
10008,20:30:02:894,3,Severe_Damage,L3_S3,-1676,1070,14504,8,38,-89,0,-363.66
10009,20:30:02:904,3,Severe_Damage,L3_S3,-1724,1030,14644,128,48,-78,0,-223.66
10010,20:30:02:914,3,Severe_Damage,L3_S3,-1750,1116,14794,209,40,-66,0,-73.66
10011,20:30:02:924,3,Severe_Damage,L3_S3,-1764,1104,14894,257,41,-50,0,26.34
10012,20:30:02:934,3,Severe_Damage,L3_S3,-1740,1142,14994,252,40,-52,0,126.34
10013,20:30:02:944,3,Severe_Damage,L3_S3,-1786,1132,15106,211,43,-58,0,238.34
10014,20:30:02:954,3,Severe_Damage,L3_S3,-1852,1180,15234,134,41,-70,0,366.34
10015,20:30:02:964,3,Severe_Damage,L3_S3,-1812,1182,15224,25,39,-91,0,356.34
10016,20:30:02:975,3,Severe_Damage,L3_S3,-1818,1224,15272,-114,38,-104,0,404.34
10017,20:30:02:985,3,Severe_Damage,L3_S3,-1814,1242,15226,-244,30,-129,0,358.34
10018,20:30:02:995,3,Severe_Damage,L3_S3,-1818,1206,15276,-376,27,-154,0,408.34
10019,20:30:03:005,3,Severe_Damage,L3_S3,-1792,1140,15096,-482,20,-170,0,228.34
10020,20:30:03:015,3,Severe_Damage,L3_S3,-1782,1160,15000,-571,19,-186,0,132.34
10021,20:30:03:025,3,Severe_Damage,L3_S3,-1762,1110,14940,-612,25,-194,0,72.34
10022,20:30:03:035,3,Severe_Damage,L3_S3,-1754,1064,14714,-612,17,-197,0,-153.66
10023,20:30:03:045,3,Severe_Damage,L3_S3,-1692,1052,14616,-577,12,-186,0,-251.66
10024,20:30:03:055,3,Severe_Damage,L3_S3,-1748,1072,14554,-507,21,-175,0,-313.66
10025,20:30:03:065,3,Severe_Damage,L3_S3,-1760,1018,14466,-404,25,-162,0,-401.66
10026,20:30:03:075,3,Severe_Damage,L3_S3,-1710,1038,14488,-282,33,-143,0,-379.66
10027,20:30:03:085,3,Severe_Damage,L3_S3,-1712,1090,14498,-151,29,-113,0,-369.66
10028,20:30:03:094,3,Severe_Damage,L3_S3,-1686,1056,14510,-23,34,-92,0,-357.66
10029,20:30:03:104,3,Severe_Damage,L3_S3,-1742,1054,14706,91,37,-77,0,-161.66
10030,20:30:03:114,3,Severe_Damage,L3_S3,-1690,1064,14792,170,36,-66,0,-75.66
10031,20:30:03:124,3,Severe_Damage,L3_S3,-1728,1104,14908,211,41,-66,0,40.34
10032,20:30:03:135,3,Severe_Damage,L3_S3,-1752,1124,14918,219,46,-62,0,50.34
10033,20:30:03:144,3,Severe_Damage,L3_S3,-1770,1174,15042,190,39,-66,0,174.34
10034,20:30:03:154,3,Severe_Damage,L3_S3,-1824,1152,15146,110,30,-79,0,278.34
10035,20:30:03:164,3,Severe_Damage,L3_S3,-1804,1204,15304,17,42,-90,0,436.34
10036,20:30:03:175,3,Severe_Damage,L3_S3,-1766,1176,15218,-106,33,-108,0,350.34
10037,20:30:03:185,3,Severe_Damage,L3_S3,-1838,1188,15180,-229,30,-122,0,312.34
10038,20:30:03:195,3,Severe_Damage,L3_S3,-1754,1180,15144,-347,27,-144,0,276.34
10039,20:30:03:205,3,Severe_Damage,L3_S3,-1784,1168,15082,-454,16,-161,0,214.34
10040,20:30:03:215,3,Severe_Damage,L3_S3,-1782,1146,14996,-526,19,-176,0,128.34
10041,20:30:03:225,3,Severe_Damage,L3_S3,-1750,1110,14870,-577,17,-175,0,2.34
10042,20:30:03:235,3,Severe_Damage,L3_S3,-1754,1132,14788,-582,12,-185,0,-79.66
10043,20:30:03:245,3,Severe_Damage,L3_S3,-1716,1054,14626,-552,19,-174,0,-241.66
10044,20:30:03:255,3,Severe_Damage,L3_S3,-1706,1040,14568,-487,14,-162,0,-299.66
10045,20:30:03:265,3,Severe_Damage,L3_S3,-1688,996,14560,-395,27,-161,0,-307.66
10046,20:30:03:275,3,Severe_Damage,L3_S3,-1676,1034,14494,-283,18,-136,0,-373.66
10047,20:30:03:285,3,Severe_Damage,L3_S3,-1730,1060,14592,-159,29,-123,0,-275.66
10048,20:30:03:295,3,Severe_Damage,L3_S3,-1716,1056,14548,-42,36,-99,0,-319.66
10049,20:30:03:304,3,Severe_Damage,L3_S3,-1718,1080,14640,60,37,-82,0,-227.66
10050,20:30:03:315,3,Severe_Damage,L3_S3,-1732,1008,14734,134,34,-71,0,-133.66
10051,20:30:03:325,3,Severe_Damage,L3_S3,-1718,1134,14898,186,41,-53,0,30.34
10052,20:30:03:335,3,Severe_Damage,L3_S3,-1768,1144,14902,182,50,-64,0,34.34
10053,20:30:03:345,3,Severe_Damage,L3_S3,-1782,1150,15066,154,50,-72,0,198.34
10054,20:30:03:355,3,Severe_Damage,L3_S3,-1852,1128,15126,96,36,-81,0,258.34
10055,20:30:03:364,3,Severe_Damage,L3_S3,-1816,1168,15154,6,37,-98,0,286.34
10056,20:30:03:375,3,Severe_Damage,L3_S3,-1828,1182,15212,-96,27,-109,0,344.34
10057,20:30:03:385,3,Severe_Damage,L3_S3,-1792,1176,15252,-214,29,-131,0,384.34
10058,20:30:03:395,3,Severe_Damage,L3_S3,-1768,1174,15160,-324,24,-145,0,292.34
10059,20:30:03:405,3,Severe_Damage,L3_S3,-1804,1168,15016,-423,24,-165,0,148.34
10060,20:30:03:415,3,Severe_Damage,L3_S3,-1750,1160,15024,-495,21,-170,0,156.34
10061,20:30:03:425,3,Severe_Damage,L3_S3,-1718,1100,14956,-541,23,-178,0,88.34
10062,20:30:03:435,3,Severe_Damage,L3_S3,-1762,1104,14816,-555,21,-177,0,-51.66
10063,20:30:03:445,3,Severe_Damage,L3_S3,-1742,1042,14678,-527,23,-173,0,-189.66
10064,20:30:03:455,3,Severe_Damage,L3_S3,-1700,1060,14670,-469,18,-165,0,-197.66
10065,20:30:03:465,3,Severe_Damage,L3_S3,-1706,1086,14546,-378,31,-149,0,-321.66
10066,20:30:03:475,3,Severe_Damage,L3_S3,-1724,998,14568,-283,32,-142,0,-299.66
10067,20:30:03:485,3,Severe_Damage,L3_S3,-1724,1038,14570,-175,32,-127,0,-297.66
10068,20:30:03:495,3,Severe_Damage,L3_S3,-1694,1072,14634,-67,24,-99,0,-233.66
10069,20:30:03:505,3,Severe_Damage,L3_S3,-1716,1084,14614,32,37,-88,0,-253.66
10070,20:30:03:515,3,Severe_Damage,L3_S3,-1700,1140,14724,96,35,-78,0,-143.66
10071,20:30:03:525,3,Severe_Damage,L3_S3,-1718,1078,14854,142,40,-76,0,-13.66
10072,20:30:03:535,3,Severe_Damage,L3_S3,-1704,1144,14926,159,44,-66,0,58.34
10073,20:30:03:545,3,Severe_Damage,L3_S3,-1772,1090,15052,129,37,-74,0,184.34
10074,20:30:03:555,3,Severe_Damage,L3_S3,-1756,1118,15130,81,45,-82,0,262.34
10075,20:30:03:565,3,Severe_Damage,L3_S3,-1794,1174,15114,-3,32,-92,0,246.34
10076,20:30:03:575,3,Severe_Damage,L3_S3,-1808,1164,15188,-101,37,-114,0,320.34
10077,20:30:03:585,3,Severe_Damage,L3_S3,-1800,1166,15134,-201,29,-130,0,266.34
10078,20:30:03:595,3,Severe_Damage,L3_S3,-1820,1140,15124,-307,29,-140,0,256.34
10079,20:30:03:605,3,Severe_Damage,L3_S3,-1774,1160,15050,-396,22,-160,0,182.34
10080,20:30:03:615,3,Severe_Damage,L3_S3,-1798,1184,15052,-466,20,-164,0,184.34
10081,20:30:03:625,3,Severe_Damage,L3_S3,-1786,1124,14914,-506,18,-174,0,46.34
10082,20:30:03:635,3,Severe_Damage,L3_S3,-1740,1056,14810,-517,17,-174,0,-57.66
10083,20:30:03:645,3,Severe_Damage,L3_S3,-1780,1054,14732,-501,22,-173,0,-135.66
10084,20:30:03:655,3,Severe_Damage,L3_S3,-1706,1088,14656,-450,22,-164,0,-211.66
10085,20:30:03:665,3,Severe_Damage,L3_S3,-1710,1088,14536,-375,28,-148,0,-331.66
10086,20:30:03:675,3,Severe_Damage,L3_S3,-1672,1056,14548,-279,30,-139,0,-319.66
10087,20:30:03:685,3,Severe_Damage,L3_S3,-1688,1080,14588,-186,35,-129,0,-279.66
10088,20:30:03:695,3,Severe_Damage,L3_S3,-1732,1078,14600,-82,40,-100,0,-267.66
10089,20:30:03:705,3,Severe_Damage,L3_S3,-1716,1078,14678,2,33,-89,0,-189.66
10090,20:30:03:715,3,Severe_Damage,L3_S3,-1684,1104,14702,69,34,-84,0,-165.66
10091,20:30:03:725,3,Severe_Damage,L3_S3,-1724,1142,14800,113,37,-75,0,-67.66
10092,20:30:03:735,3,Severe_Damage,L3_S3,-1792,1094,14970,128,43,-82,0,102.34
10093,20:30:03:745,3,Severe_Damage,L3_S3,-1766,1160,15024,113,45,-83,0,156.34
10094,20:30:03:755,3,Severe_Damage,L3_S3,-1786,1188,15050,64,40,-83,0,182.34
10095,20:30:03:765,3,Severe_Damage,L3_S3,-1782,1176,15152,-6,32,-94,0,284.34
10096,20:30:03:775,3,Severe_Damage,L3_S3,-1750,1152,15164,-98,33,-110,0,296.34
10097,20:30:03:785,3,Severe_Damage,L3_S3,-1798,1216,15138,-193,35,-129,0,270.34
10098,20:30:03:795,3,Severe_Damage,L3_S3,-1804,1142,15150,-291,29,-134,0,282.34
10099,20:30:03:805,3,Severe_Damage,L3_S3,-1822,1174,15072,-373,25,-150,0,204.34
10100,20:30:03:815,3,Severe_Damage,L3_S3,-1740,1158,14968,-436,16,-166,0,100.34
10101,20:30:03:825,3,Severe_Damage,L3_S3,-1712,1114,14914,-479,23,-171,0,46.34
10102,20:30:03:835,3,Severe_Damage,L3_S3,-1716,1084,14822,-491,26,-175,0,-45.66
10103,20:30:03:845,3,Severe_Damage,L3_S3,-1728,1084,14714,-472,19,-169,0,-153.66
10104,20:30:03:855,3,Severe_Damage,L3_S3,-1714,1016,14654,-425,15,-163,0,-213.66
10105,20:30:03:865,3,Severe_Damage,L3_S3,-1696,1034,14616,-360,25,-149,0,-251.66
10106,20:30:03:875,3,Severe_Damage,L3_S3,-1770,1058,14624,-287,35,-131,0,-243.66
10107,20:30:03:885,3,Severe_Damage,L3_S3,-1690,1070,14598,-196,36,-127,0,-269.66
10108,20:30:03:895,3,Severe_Damage,L3_S3,-1744,1100,14642,-101,38,-102,0,-225.66
10109,20:30:03:905,3,Severe_Damage,L3_S3,-1718,1062,14706,-18,36,-96,0,-161.66
10110,20:30:03:915,3,Severe_Damage,L3_S3,-1700,1166,14760,43,41,-82,0,-107.66
10111,20:30:03:925,3,Severe_Damage,L3_S3,-1700,1104,14862,81,39,-75,0,-5.66
10112,20:30:03:935,3,Severe_Damage,L3_S3,-1810,1122,14844,100,39,-78,0,-23.66
10113,20:30:03:945,3,Severe_Damage,L3_S3,-1742,1134,14950,88,35,-87,0,82.34
10114,20:30:03:955,3,Severe_Damage,L3_S3,-1768,1164,15098,45,36,-85,0,230.34
10115,20:30:03:965,3,Severe_Damage,L3_S3,-1756,1172,15092,-21,39,-96,0,224.34
10116,20:30:03:975,3,Severe_Damage,L3_S3,-1776,1156,15110,-100,32,-108,0,242.34
10117,20:30:03:985,3,Severe_Damage,L3_S3,-1782,1152,15128,-190,31,-122,0,260.34
10118,20:30:03:995,3,Severe_Damage,L3_S3,-1814,1154,15142,-279,30,-136,0,274.34
10119,20:30:04:005,3,Severe_Damage,L3_S3,-1806,1174,15056,-357,23,-151,0,188.34
10120,20:30:04:016,3,Severe_Damage,L3_S3,-1762,1136,15002,-418,25,-158,0,134.34
10121,20:30:04:025,3,Severe_Damage,L3_S3,-1796,1104,14878,-454,27,-163,0,10.34
10122,20:30:04:035,3,Severe_Damage,L3_S3,-1720,1082,14852,-462,20,-166,0,-15.66
10123,20:30:04:045,3,Severe_Damage,L3_S3,-1716,1128,14816,-454,23,-168,0,-51.66
10124,20:30:04:055,3,Severe_Damage,L3_S3,-1726,1052,14666,-414,24,-153,0,-201.66
10125,20:30:04:065,3,Severe_Damage,L3_S3,-1698,1062,14614,-350,23,-143,0,-253.66
10126,20:30:04:075,3,Severe_Damage,L3_S3,-1734,1050,14622,-278,29,-133,0,-245.66
10127,20:30:04:085,3,Severe_Damage,L3_S3,-1708,1056,14564,-194,34,-125,0,-303.66
10128,20:30:04:095,3,Severe_Damage,L3_S3,-1694,1094,14630,-115,30,-114,0,-237.66
10129,20:30:04:105,3,Severe_Damage,L3_S3,-1692,1088,14654,-38,33,-96,0,-213.66
10130,20:30:04:115,3,Severe_Damage,L3_S3,-1692,1092,14768,17,37,-88,0,-99.66
10131,20:30:04:125,3,Severe_Damage,L3_S3,-1780,1122,14898,55,35,-82,0,30.34
10132,20:30:04:135,3,Severe_Damage,L3_S3,-1768,1132,14934,71,39,-79,0,66.34
10133,20:30:04:145,3,Severe_Damage,L3_S3,-1744,1164,15026,57,24,-87,0,158.34
10134,20:30:04:155,3,Severe_Damage,L3_S3,-1766,1144,15072,23,37,-84,0,204.34
10135,20:30:04:165,3,Severe_Damage,L3_S3,-1800,1190,15080,-29,36,-99,0,212.34
10136,20:30:04:175,3,Severe_Damage,L3_S3,-1778,1120,15102,-107,32,-109,0,234.34
10137,20:30:04:185,3,Severe_Damage,L3_S3,-1856,1184,15118,-186,24,-118,0,250.34
10138,20:30:04:195,3,Severe_Damage,L3_S3,-1776,1184,15100,-264,35,-132,0,232.34
10139,20:30:04:205,3,Severe_Damage,L3_S3,-1798,1184,15034,-333,24,-143,0,166.34
10140,20:30:04:215,3,Severe_Damage,L3_S3,-1768,1152,14944,-392,22,-159,0,76.34
10141,20:30:04:225,3,Severe_Damage,L3_S3,-1790,1098,14884,-430,26,-161,0,16.34
10142,20:30:04:235,3,Severe_Damage,L3_S3,-1766,1106,14802,-442,23,-163,0,-65.66
10143,20:30:04:245,3,Severe_Damage,L3_S3,-1762,1076,14682,-431,25,-166,0,-185.66
10144,20:30:04:255,3,Severe_Damage,L3_S3,-1700,1066,14718,-404,26,-156,0,-149.66
10145,20:30:04:265,3,Severe_Damage,L3_S3,-1710,1080,14666,-352,31,-143,0,-201.66
10146,20:30:04:275,3,Severe_Damage,L3_S3,-1728,1044,14604,-276,28,-134,0,-263.66
10147,20:30:04:285,3,Severe_Damage,L3_S3,-1710,1042,14678,-201,28,-120,0,-189.66
10148,20:30:04:295,3,Severe_Damage,L3_S3,-1692,1068,14658,-125,24,-110,0,-209.66
10149,20:30:04:305,3,Severe_Damage,L3_S3,-1708,1094,14746,-54,32,-102,0,-121.66
10150,20:30:04:315,3,Severe_Damage,L3_S3,-1744,1094,14824,-1,36,-88,0,-43.66
10151,20:30:04:325,3,Severe_Damage,L3_S3,-1744,1062,14794,35,40,-80,0,-73.66
10152,20:30:04:335,3,Severe_Damage,L3_S3,-1748,1128,14892,49,36,-84,0,24.34
10153,20:30:04:345,3,Severe_Damage,L3_S3,-1756,1158,14998,41,38,-85,0,130.34
10154,20:30:04:355,3,Severe_Damage,L3_S3,-1762,1166,15020,8,33,-91,0,152.34
10155,20:30:04:365,3,Severe_Damage,L3_S3,-1750,1162,15024,-44,36,-99,0,156.34
10156,20:30:04:375,3,Severe_Damage,L3_S3,-1782,1134,15104,-105,32,-115,0,236.34
10157,20:30:04:385,3,Severe_Damage,L3_S3,-1760,1166,15126,-174,33,-124,0,258.34
10158,20:30:04:395,3,Severe_Damage,L3_S3,-1810,1160,15098,-245,29,-127,0,230.34
10159,20:30:04:405,3,Severe_Damage,L3_S3,-1728,1162,14956,-313,34,-140,0,88.34
10160,20:30:04:415,3,Severe_Damage,L3_S3,-1752,1142,14984,-370,29,-150,0,116.34
10161,20:30:04:425,3,Severe_Damage,L3_S3,-1718,1108,14876,-415,20,-154,0,8.34
10162,20:30:04:435,3,Severe_Damage,L3_S3,-1748,1156,14850,-424,23,-160,0,-17.66
10163,20:30:04:445,3,Severe_Damage,L3_S3,-1720,1110,14790,-415,33,-160,0,-77.66
10164,20:30:04:455,3,Severe_Damage,L3_S3,-1702,1088,14762,-386,35,-154,0,-105.66
10165,20:30:04:465,3,Severe_Damage,L3_S3,-1732,1048,14702,-338,30,-151,0,-165.66
10166,20:30:04:475,3,Severe_Damage,L3_S3,-1692,994,14530,-275,26,-135,0,-337.66
10167,20:30:04:485,3,Severe_Damage,L3_S3,-1696,1052,14620,-209,27,-126,0,-247.66
10168,20:30:04:495,3,Severe_Damage,L3_S3,-1726,1030,14734,-138,20,-110,0,-133.66
10169,20:30:04:505,3,Severe_Damage,L3_S3,-1706,1106,14726,-70,36,-98,0,-141.66
10170,20:30:04:515,3,Severe_Damage,L3_S3,-1724,1072,14754,-21,36,-89,0,-113.66
10171,20:30:04:525,3,Severe_Damage,L3_S3,-1712,1112,14828,11,28,-88,0,-39.66
10172,20:30:04:535,3,Severe_Damage,L3_S3,-1782,1102,14882,23,34,-99,0,14.34
10173,20:30:04:545,3,Severe_Damage,L3_S3,-1762,1130,14986,10,31,-84,0,118.34
10174,20:30:04:555,3,Severe_Damage,L3_S3,-1784,1168,15010,-7,43,-102,0,142.34
10175,20:30:04:565,3,Severe_Damage,L3_S3,-1782,1110,14974,-57,28,-100,0,106.34
10176,20:30:04:575,3,Severe_Damage,L3_S3,-1772,1206,15070,-109,27,-110,0,202.34
10177,20:30:04:585,3,Severe_Damage,L3_S3,-1736,1164,15008,-184,32,-118,0,140.34
10178,20:30:04:595,3,Severe_Damage,L3_S3,-1804,1138,15024,-237,22,-129,0,156.34
10179,20:30:04:605,3,Severe_Damage,L3_S3,-1804,1118,15042,-306,31,-136,0,174.34
10180,20:30:04:615,3,Severe_Damage,L3_S3,-1702,1172,15050,-355,28,-152,0,182.34
10181,20:30:04:625,3,Severe_Damage,L3_S3,-1768,1152,14898,-390,24,-156,0,30.34
10182,20:30:04:635,3,Severe_Damage,L3_S3,-1706,1080,14872,-401,31,-160,0,4.34
10183,20:30:04:645,3,Severe_Damage,L3_S3,-1772,1102,14716,-397,22,-154,0,-151.66
10184,20:30:04:655,3,Severe_Damage,L3_S3,-1762,1074,14716,-369,35,-157,0,-151.66
10185,20:30:04:666,3,Severe_Damage,L3_S3,-1670,1126,14756,-329,23,-144,0,-111.66
10186,20:30:04:675,3,Severe_Damage,L3_S3,-1692,1064,14672,-279,25,-141,0,-195.66
10187,20:30:04:685,3,Severe_Damage,L3_S3,-1726,1074,14708,-210,32,-130,0,-159.66
10188,20:30:04:695,3,Severe_Damage,L3_S3,-1726,1038,14758,-143,28,-117,0,-109.66
10189,20:30:04:705,3,Severe_Damage,L3_S3,-1710,1072,14740,-86,27,-112,0,-127.66
10190,20:30:04:715,3,Severe_Damage,L3_S3,-1756,1058,14764,-44,27,-100,0,-103.66
10191,20:30:04:725,3,Severe_Damage,L3_S3,-1708,1104,14848,-9,25,-97,0,-19.66
10192,20:30:04:735,3,Severe_Damage,L3_S3,-1732,1126,14924,8,35,-93,0,56.34
10193,20:30:04:745,3,Severe_Damage,L3_S3,-1740,1118,14940,10,38,-95,0,72.34
10194,20:30:04:755,3,Severe_Damage,L3_S3,-1762,1144,14962,-18,34,-88,0,94.34
10195,20:30:04:765,3,Severe_Damage,L3_S3,-1762,1160,14982,-56,34,-92,0,114.34
10196,20:30:04:775,3,Severe_Damage,L3_S3,-1772,1182,15000,-111,27,-107,0,132.34
10197,20:30:04:785,3,Severe_Damage,L3_S3,-1784,1160,15090,-166,25,-123,0,222.34
10198,20:30:04:795,3,Severe_Damage,L3_S3,-1758,1090,15048,-227,31,-132,0,180.34
10199,20:30:04:805,3,Severe_Damage,L3_S3,-1724,1150,14964,-284,31,-141,0,96.34
10200,20:30:04:815,3,Severe_Damage,L3_S3,-1762,1152,15038,-337,22,-147,0,170.34
10201,20:30:04:825,3,Severe_Damage,L3_S3,-1742,1100,14870,-366,31,-150,0,2.34
10202,20:30:04:835,3,Severe_Damage,L3_S3,-1746,1116,14826,-383,18,-149,0,-41.66
10203,20:30:04:845,3,Severe_Damage,L3_S3,-1744,1096,14814,-372,27,-159,0,-53.66
10204,20:30:04:856,3,Severe_Damage,L3_S3,-1756,1094,14728,-360,20,-155,0,-139.66
10205,20:30:04:866,3,Severe_Damage,L3_S3,-1730,1078,14678,-320,23,-145,0,-189.66
10206,20:30:04:875,3,Severe_Damage,L3_S3,-1710,1126,14718,-268,30,-137,0,-149.66
10207,20:30:04:885,3,Severe_Damage,L3_S3,-1760,1066,14740,-209,27,-128,0,-127.66
10208,20:30:04:895,3,Severe_Damage,L3_S3,-1698,1080,14778,-155,32,-118,0,-89.66
10209,20:30:04:905,3,Severe_Damage,L3_S3,-1738,1094,14776,-100,33,-102,0,-91.66
10210,20:30:04:915,3,Severe_Damage,L3_S3,-1766,1078,14784,-55,34,-108,0,-83.66
10211,20:30:04:925,3,Severe_Damage,L3_S3,-1724,1112,14884,-24,36,-100,0,16.34
10212,20:30:04:935,3,Severe_Damage,L3_S3,-1778,1106,14930,-6,34,-90,0,62.34
10213,20:30:04:945,3,Severe_Damage,L3_S3,-1786,1160,14994,-18,39,-94,0,126.34
10214,20:30:04:955,3,Severe_Damage,L3_S3,-1798,1152,15030,-35,34,-93,0,162.34
10215,20:30:04:965,3,Severe_Damage,L3_S3,-1774,1116,14974,-69,31,-107,0,106.34
10216,20:30:04:976,3,Severe_Damage,L3_S3,-1794,1188,15004,-112,28,-107,0,136.34
10217,20:30:04:985,3,Severe_Damage,L3_S3,-1766,1150,14994,-168,36,-116,0,126.34
10218,20:30:04:995,3,Severe_Damage,L3_S3,-1736,1190,15040,-220,34,-126,0,172.34
10219,20:30:05:006,3,Severe_Damage,L3_S3,-1798,1142,14974,-280,23,-139,0,106.34
10220,20:30:05:016,3,Severe_Damage,L3_S3,-1710,1162,15054,-320,32,-140,0,186.34
10221,20:30:05:028,3,Severe_Damage,L3_S3,-1756,1118,14902,-354,27,-146,0,34.34
10222,20:30:05:035,3,Severe_Damage,L3_S3,-1760,1086,14852,-366,34,-148,0,-15.66
10223,20:30:05:045,3,Severe_Damage,L3_S3,-1728,1048,14854,-360,30,-150,0,-13.66
10224,20:30:05:056,3,Severe_Damage,L3_S3,-1746,1126,14772,-343,31,-146,0,-95.66
10225,20:30:05:066,3,Severe_Damage,L3_S3,-1712,1036,14730,-313,30,-144,0,-137.66
10226,20:30:05:076,3,Severe_Damage,L3_S3,-1736,1090,14716,-274,28,-135,0,-151.66
10227,20:30:05:086,3,Severe_Damage,L3_S3,-1678,1084,14676,-218,27,-129,0,-191.66
10228,20:30:05:096,3,Severe_Damage,L3_S3,-1716,1104,14728,-158,33,-119,0,-139.66
10229,20:30:05:106,3,Severe_Damage,L3_S3,-1732,1088,14706,-118,36,-111,0,-161.66
10230,20:30:05:115,3,Severe_Damage,L3_S3,-1734,1134,14824,-65,39,-102,0,-43.66
10231,20:30:05:125,3,Severe_Damage,L3_S3,-1768,1114,14844,-46,31,-93,0,-23.66
10232,20:30:05:135,3,Severe_Damage,L3_S3,-1716,1144,14900,-28,40,-100,0,32.34
10233,20:30:05:145,3,Severe_Damage,L3_S3,-1722,1112,14930,-25,33,-97,0,62.34
10234,20:30:05:155,3,Severe_Damage,L3_S3,-1742,1110,14966,-48,36,-106,0,98.34
10235,20:30:05:165,3,Severe_Damage,L3_S3,-1800,1142,14986,-76,33,-108,0,118.34
10236,20:30:05:176,3,Severe_Damage,L3_S3,-1794,1130,15024,-116,36,-111,0,156.34
10237,20:30:05:186,3,Severe_Damage,L3_S3,-1804,1122,15006,-168,26,-124,0,138.34
10238,20:30:05:196,3,Severe_Damage,L3_S3,-1720,1192,15070,-218,30,-123,0,202.34
10239,20:30:05:206,3,Severe_Damage,L3_S3,-1730,1158,14968,-259,28,-144,0,100.34
10240,20:30:05:216,3,Severe_Damage,L3_S3,-1754,1100,14970,-308,24,-146,0,102.34
10241,20:30:05:226,3,Severe_Damage,L3_S3,-1764,1110,14980,-335,20,-145,0,112.34
10242,20:30:05:236,3,Severe_Damage,L3_S3,-1756,1126,14824,-354,27,-150,0,-43.66
10243,20:30:05:246,3,Severe_Damage,L3_S3,-1760,1066,14852,-349,26,-149,0,-15.66
10244,20:30:05:256,3,Severe_Damage,L3_S3,-1714,1068,14786,-329,23,-148,0,-81.66
10245,20:30:05:266,3,Severe_Damage,L3_S3,-1724,1062,14752,-299,28,-136,0,-115.66
10246,20:30:05:276,3,Severe_Damage,L3_S3,-1738,1056,14744,-262,30,-134,0,-123.66
10247,20:30:05:286,3,Severe_Damage,L3_S3,-1716,1084,14706,-212,25,-125,0,-161.66
10248,20:30:05:296,3,Severe_Damage,L3_S3,-1712,1114,14680,-168,33,-119,0,-187.66
10249,20:30:05:306,3,Severe_Damage,L3_S3,-1696,1080,14760,-118,32,-119,0,-107.66
10250,20:30:05:316,3,Severe_Damage,L3_S3,-1706,1090,14790,-85,32,-103,0,-77.66
10251,20:30:05:326,3,Severe_Damage,L3_S3,-1670,1054,14898,-51,41,-103,0,30.34
10252,20:30:05:336,3,Severe_Damage,L3_S3,-1774,1098,14848,-42,31,-102,0,-19.66
10253,20:30:05:346,3,Severe_Damage,L3_S3,-1818,1106,14922,-40,40,-101,0,54.34
10254,20:30:05:356,3,Severe_Damage,L3_S3,-1754,1082,14960,-48,39,-102,0,92.34
10255,20:30:05:366,3,Severe_Damage,L3_S3,-1798,1106,15004,-80,38,-104,0,136.34
10256,20:30:05:376,3,Severe_Damage,L3_S3,-1766,1144,15026,-121,33,-113,0,158.34
10257,20:30:05:386,3,Severe_Damage,L3_S3,-1752,1120,15090,-165,26,-119,0,222.34
10258,20:30:05:396,3,Severe_Damage,L3_S3,-1788,1170,15072,-210,28,-119,0,204.34
10259,20:30:05:406,3,Severe_Damage,L3_S3,-1788,1138,14998,-254,36,-129,0,130.34
10260,20:30:05:416,3,Severe_Damage,L3_S3,-1770,1166,14964,-289,22,-134,0,96.34
10261,20:30:05:426,3,Severe_Damage,L3_S3,-1708,1116,14902,-320,29,-150,0,34.34
10262,20:30:05:436,3,Severe_Damage,L3_S3,-1724,1090,14860,-337,21,-150,0,-7.66
10263,20:30:05:446,3,Severe_Damage,L3_S3,-1786,1100,14850,-344,24,-146,0,-17.66
10264,20:30:05:456,3,Severe_Damage,L3_S3,-1752,1048,14764,-318,31,-145,0,-103.66
10265,20:30:05:466,3,Severe_Damage,L3_S3,-1780,1114,14730,-301,24,-139,0,-137.66
10266,20:30:05:476,3,Severe_Damage,L3_S3,-1712,1102,14768,-258,28,-137,0,-99.66
10267,20:30:05:486,3,Severe_Damage,L3_S3,-1750,1098,14710,-217,27,-132,0,-157.66
10268,20:30:05:496,3,Severe_Damage,L3_S3,-1692,1120,14752,-171,30,-120,0,-115.66
10269,20:30:05:506,3,Severe_Damage,L3_S3,-1714,1050,14848,-130,28,-113,0,-19.66
10270,20:30:05:516,3,Severe_Damage,L3_S3,-1800,1082,14782,-96,33,-103,0,-85.66
10271,20:30:05:526,3,Severe_Damage,L3_S3,-1806,1114,14800,-69,39,-103,0,-67.66
10272,20:30:05:536,3,Severe_Damage,L3_S3,-1738,1124,14876,-49,31,-100,0,8.34
10273,20:30:05:546,3,Severe_Damage,L3_S3,-1780,1080,14860,-58,39,-102,0,-7.66
10274,20:30:05:556,3,Severe_Damage,L3_S3,-1798,1126,14864,-60,39,-103,0,-3.66
10275,20:30:05:566,3,Severe_Damage,L3_S3,-1756,1156,14984,-90,34,-105,0,116.34
10276,20:30:05:576,3,Severe_Damage,L3_S3,-1718,1138,14988,-123,39,-109,0,120.34
10277,20:30:05:586,3,Severe_Damage,L3_S3,-1772,1086,15092,-170,27,-114,0,224.34
10278,20:30:05:596,3,Severe_Damage,L3_S3,-1752,1164,14944,-205,29,-121,0,76.34
10279,20:30:05:606,3,Severe_Damage,L3_S3,-1774,1146,14940,-244,25,-125,0,72.34
10280,20:30:05:616,3,Severe_Damage,L3_S3,-1746,1138,14948,-282,23,-130,0,80.34
10281,20:30:05:626,3,Severe_Damage,L3_S3,-1752,1118,14892,-310,24,-134,0,24.34
10282,20:30:05:636,3,Severe_Damage,L3_S3,-1764,1086,14836,-326,31,-141,0,-31.66
10283,20:30:05:646,3,Severe_Damage,L3_S3,-1780,1078,14846,-322,24,-144,0,-21.66
10284,20:30:05:656,3,Severe_Damage,L3_S3,-1738,1048,14826,-313,20,-146,0,-41.66
10285,20:30:05:666,3,Severe_Damage,L3_S3,-1730,1042,14738,-287,28,-141,0,-129.66
10286,20:30:05:676,3,Severe_Damage,L3_S3,-1718,1128,14736,-263,34,-133,0,-131.66
10287,20:30:05:686,3,Severe_Damage,L3_S3,-1784,1066,14690,-217,30,-129,0,-177.66
10288,20:30:05:696,3,Severe_Damage,L3_S3,-1748,1108,14740,-178,32,-127,0,-127.66
10289,20:30:05:706,3,Severe_Damage,L3_S3,-1716,1076,14790,-141,33,-118,0,-77.66
10290,20:30:05:716,3,Severe_Damage,L3_S3,-1696,1114,14776,-108,30,-110,0,-91.66
10291,20:30:05:726,3,Severe_Damage,L3_S3,-1756,1092,14736,-78,29,-106,0,-131.66
10292,20:30:05:736,3,Severe_Damage,L3_S3,-1706,1088,14834,-66,34,-103,0,-33.66
10293,20:30:05:746,3,Severe_Damage,L3_S3,-1774,1116,14926,-62,33,-106,0,58.34
10294,20:30:05:756,3,Severe_Damage,L3_S3,-1802,1108,14958,-78,31,-107,0,90.34
10295,20:30:05:766,3,Severe_Damage,L3_S3,-1808,1180,14964,-93,35,-107,0,96.34
10296,20:30:05:776,3,Severe_Damage,L3_S3,-1728,1122,14998,-124,27,-111,0,130.34
10297,20:30:05:786,3,Severe_Damage,L3_S3,-1798,1154,14962,-159,29,-127,0,94.34
10298,20:30:05:796,3,Severe_Damage,L3_S3,-1760,1154,14962,-202,31,-128,0,94.34
10299,20:30:05:806,3,Severe_Damage,L3_S3,-1772,1166,15012,-241,32,-134,0,144.34
10300,20:30:05:816,3,Severe_Damage,L3_S3,-1732,1132,14998,-277,25,-140,0,130.34
10301,20:30:05:826,3,Severe_Damage,L3_S3,-1752,1166,14886,-293,33,-141,0,18.34
10302,20:30:05:836,3,Severe_Damage,L3_S3,-1744,1140,14856,-309,20,-142,0,-11.66
10303,20:30:05:846,3,Severe_Damage,L3_S3,-1720,1100,14826,-313,28,-145,0,-41.66
10304,20:30:05:856,3,Severe_Damage,L3_S3,-1784,1052,14838,-310,27,-144,0,-29.66
10305,20:30:05:866,3,Severe_Damage,L3_S3,-1742,1110,14784,-285,33,-142,0,-83.66
10306,20:30:05:876,3,Severe_Damage,L3_S3,-1724,1100,14686,-253,22,-132,0,-181.66
10307,20:30:05:886,3,Severe_Damage,L3_S3,-1734,1090,14776,-214,37,-125,0,-91.66
10308,20:30:05:896,3,Severe_Damage,L3_S3,-1702,1076,14808,-181,34,-120,0,-59.66
10309,20:30:05:906,3,Severe_Damage,L3_S3,-1726,1122,14782,-144,36,-114,0,-85.66
10310,20:30:05:916,3,Severe_Damage,L3_S3,-1752,1128,14786,-112,31,-105,0,-81.66
10311,20:30:05:926,3,Severe_Damage,L3_S3,-1746,1102,14858,-98,32,-107,0,-9.66
10312,20:30:05:936,3,Severe_Damage,L3_S3,-1706,1112,14868,-80,33,-100,0,0.34
10313,20:30:05:946,3,Severe_Damage,L3_S3,-1750,1110,14878,-76,39,-113,0,10.34
10314,20:30:05:956,3,Severe_Damage,L3_S3,-1756,1170,14910,-81,34,-111,0,42.34
10315,20:30:05:966,3,Severe_Damage,L3_S3,-1736,1138,14970,-104,33,-113,0,102.34
10316,20:30:05:976,3,Severe_Damage,L3_S3,-1746,1122,14906,-129,32,-118,0,38.34
10317,20:30:05:986,3,Severe_Damage,L3_S3,-1758,1160,14952,-169,29,-117,0,84.34
10318,20:30:05:996,3,Severe_Damage,L3_S3,-1750,1108,15018,-203,27,-124,0,150.34
10319,20:30:06:006,3,Severe_Damage,L3_S3,-1766,1146,14946,-237,30,-129,0,78.34
10320,20:30:06:016,3,Severe_Damage,L3_S3,-1756,1142,14896,-265,29,-136,0,28.34
10321,20:30:06:026,3,Severe_Damage,L3_S3,-1758,1130,14870,-284,26,-134,0,2.34
10322,20:30:06:036,3,Severe_Damage,L3_S3,-1712,1110,14840,-298,21,-137,0,-27.66
10323,20:30:06:046,3,Severe_Damage,L3_S3,-1742,1088,14814,-307,26,-139,0,-53.66
10324,20:30:06:056,3,Severe_Damage,L3_S3,-1768,1068,14886,-293,26,-139,0,18.34
10325,20:30:06:066,3,Severe_Damage,L3_S3,-1742,1100,14746,-276,26,-136,0,-121.66
10326,20:30:06:076,3,Severe_Damage,L3_S3,-1748,1126,14740,-251,36,-138,0,-127.66
10327,20:30:06:086,3,Severe_Damage,L3_S3,-1740,1154,14794,-216,27,-122,0,-73.66
10328,20:30:06:096,3,Severe_Damage,L3_S3,-1724,1114,14762,-184,31,-121,0,-105.66
10329,20:30:06:106,3,Severe_Damage,L3_S3,-1750,1102,14754,-156,29,-117,0,-113.66
10330,20:30:06:116,3,Severe_Damage,L3_S3,-1756,1146,14842,-125,31,-114,0,-25.66
10331,20:30:06:126,3,Severe_Damage,L3_S3,-1714,1066,14822,-99,35,-113,0,-45.66
10332,20:30:06:136,3,Severe_Damage,L3_S3,-1732,1094,14816,-82,35,-102,0,-51.66
10333,20:30:06:146,3,Severe_Damage,L3_S3,-1734,1096,14838,-85,28,-110,0,-29.66
10334,20:30:06:156,3,Severe_Damage,L3_S3,-1762,1080,14950,-92,32,-115,0,82.34
10335,20:30:06:166,3,Severe_Damage,L3_S3,-1784,1170,15002,-106,24,-109,0,134.34
10336,20:30:06:176,3,Severe_Damage,L3_S3,-1736,1140,14948,-132,31,-115,0,80.34
10337,20:30:06:186,3,Severe_Damage,L3_S3,-1742,1136,14928,-164,32,-112,0,60.34
10338,20:30:06:196,3,Severe_Damage,L3_S3,-1754,1148,14982,-193,34,-121,0,114.34
10339,20:30:06:206,3,Severe_Damage,L3_S3,-1758,1120,14974,-225,29,-132,0,106.34
10340,20:30:06:216,3,Severe_Damage,L3_S3,-1784,1148,14908,-254,23,-124,0,40.34
10341,20:30:06:226,3,Severe_Damage,L3_S3,-1732,1126,14896,-273,27,-132,0,28.34
10342,20:30:06:236,3,Severe_Damage,L3_S3,-1722,1090,14896,-291,25,-135,0,28.34
10343,20:30:06:247,3,Severe_Damage,L3_S3,-1776,1082,14824,-289,28,-140,0,-43.66
10344,20:30:06:256,3,Severe_Damage,L3_S3,-1730,1116,14874,-285,22,-142,0,6.34
10345,20:30:06:266,3,Severe_Damage,L3_S3,-1812,1120,14830,-269,29,-135,0,-37.66
10346,20:30:06:276,3,Severe_Damage,L3_S3,-1760,1084,14752,-246,30,-131,0,-115.66
10347,20:30:06:286,3,Severe_Damage,L3_S3,-1682,1080,14798,-222,30,-124,0,-69.66
10348,20:30:06:296,3,Severe_Damage,L3_S3,-1750,1116,14788,-192,29,-121,0,-79.66
10349,20:30:06:306,3,Severe_Damage,L3_S3,-1658,1054,14792,-155,28,-115,0,-75.66
10350,20:30:06:316,3,Severe_Damage,L3_S3,-1704,1112,14834,-133,27,-110,0,-33.66
10351,20:30:06:326,3,Severe_Damage,L3_S3,-1764,1120,14890,-107,32,-107,0,22.34
10352,20:30:06:336,3,Severe_Damage,L3_S3,-1702,1044,14926,-98,30,-102,0,58.34
10353,20:30:06:346,3,Severe_Damage,L3_S3,-1744,1122,14810,-93,38,-109,0,-57.66
10354,20:30:06:356,3,Severe_Damage,L3_S3,-1794,1136,14906,-100,31,-104,0,38.34
10355,20:30:06:366,3,Severe_Damage,L3_S3,-1736,1106,14906,-114,35,-114,0,38.34
10356,20:30:06:376,3,Severe_Damage,L3_S3,-1786,1146,14920,-134,33,-116,0,52.34
10357,20:30:06:386,3,Severe_Damage,L3_S3,-1752,1102,14896,-160,33,-120,0,28.34
10358,20:30:06:396,3,Severe_Damage,L3_S3,-1750,1170,14890,-195,22,-121,0,22.34
10359,20:30:06:406,3,Severe_Damage,L3_S3,-1760,1116,14904,-222,31,-126,0,36.34
10360,20:30:06:416,3,Severe_Damage,L3_S3,-1722,1092,14934,-250,20,-128,0,66.34
10361,20:30:06:426,3,Severe_Damage,L3_S3,-1734,1094,14938,-270,25,-135,0,70.34
10362,20:30:06:436,3,Severe_Damage,L3_S3,-1742,1112,14898,-273,26,-142,0,30.34
10363,20:30:06:446,3,Severe_Damage,L3_S3,-1752,1056,14788,-286,24,-137,0,-79.66
10364,20:30:06:456,3,Severe_Damage,L3_S3,-1730,1132,14800,-281,28,-138,0,-67.66
10365,20:30:06:466,3,Severe_Damage,L3_S3,-1700,1120,14836,-271,23,-136,0,-31.66
10366,20:30:06:476,3,Severe_Damage,L3_S3,-1744,1140,14826,-243,26,-129,0,-41.66
10367,20:30:06:486,3,Severe_Damage,L3_S3,-1724,1100,14778,-221,27,-130,0,-89.66
10368,20:30:06:496,3,Severe_Damage,L3_S3,-1750,1092,14780,-193,29,-122,0,-87.66
10369,20:30:06:506,3,Severe_Damage,L3_S3,-1744,1080,14828,-163,31,-119,0,-39.66
10370,20:30:06:516,3,Severe_Damage,L3_S3,-1744,1098,14778,-138,35,-116,0,-89.66
10371,20:30:06:526,3,Severe_Damage,L3_S3,-1764,1114,14970,-119,30,-110,0,102.34
10372,20:30:06:536,3,Severe_Damage,L3_S3,-1798,1088,14840,-101,34,-109,0,-27.66
10373,20:30:06:546,3,Severe_Damage,L3_S3,-1746,1112,14888,-98,31,-114,0,20.34
10374,20:30:06:556,3,Severe_Damage,L3_S3,-1762,1114,14904,-103,37,-109,0,36.34
10375,20:30:06:566,3,Severe_Damage,L3_S3,-1760,1120,14930,-116,31,-115,0,62.34
10376,20:30:06:576,3,Severe_Damage,L3_S3,-1740,1122,14940,-139,32,-117,0,72.34
10377,20:30:06:586,3,Severe_Damage,L3_S3,-1754,1126,15014,-159,23,-126,0,146.34
10378,20:30:06:596,3,Severe_Damage,L3_S3,-1772,1134,14952,-187,29,-125,0,84.34
10379,20:30:06:606,3,Severe_Damage,L3_S3,-1724,1110,14892,-220,29,-129,0,24.34
10380,20:30:06:616,3,Severe_Damage,L3_S3,-1754,1146,14950,-243,30,-130,0,82.34
10381,20:30:06:626,3,Severe_Damage,L3_S3,-1720,1104,14878,-264,30,-137,0,10.34
10382,20:30:06:637,3,Severe_Damage,L3_S3,-1748,1110,14890,-275,28,-143,0,22.34
10383,20:30:06:646,3,Severe_Damage,L3_S3,-1762,1106,14908,-274,24,-140,0,40.34
10384,20:30:06:656,3,Severe_Damage,L3_S3,-1736,1088,14788,-275,25,-136,0,-79.66
10385,20:30:06:666,3,Severe_Damage,L3_S3,-1718,1094,14788,-259,40,-133,0,-79.66
10386,20:30:06:676,3,Severe_Damage,L3_S3,-1708,1098,14840,-247,28,-138,0,-27.66
10387,20:30:06:686,3,Severe_Damage,L3_S3,-1754,1082,14768,-217,24,-134,0,-99.66
10388,20:30:06:696,3,Severe_Damage,L3_S3,-1688,1056,14748,-199,25,-129,0,-119.66
10389,20:30:06:706,3,Severe_Damage,L3_S3,-1744,1080,14778,-160,30,-118,0,-89.66
10390,20:30:06:716,3,Severe_Damage,L3_S3,-1736,1062,14844,-147,36,-121,0,-23.66
10391,20:30:06:727,3,Severe_Damage,L3_S3,-1726,1110,14858,-125,30,-115,0,-9.66
10392,20:30:06:737,3,Severe_Damage,L3_S3,-1794,1116,14854,-115,32,-109,0,-13.66
10393,20:30:06:747,3,Severe_Damage,L3_S3,-1738,1132,14892,-108,31,-118,0,24.34
10394,20:30:06:756,3,Severe_Damage,L3_S3,-1772,1126,14926,-118,28,-109,0,58.34
10395,20:30:06:767,3,Severe_Damage,L3_S3,-1706,1162,15006,-125,38,-117,0,138.34
10396,20:30:06:776,3,Severe_Damage,L3_S3,-1764,1126,14918,-148,24,-113,0,50.34
10397,20:30:06:787,3,Severe_Damage,L3_S3,-1762,1148,14890,-156,39,-113,0,22.34
10398,20:30:06:796,3,Severe_Damage,L3_S3,-1734,1142,14950,-191,30,-113,0,82.34
10399,20:30:06:806,3,Severe_Damage,L3_S3,-1756,1146,14998,-218,20,-125,0,130.34
10400,20:30:06:817,3,Severe_Damage,L3_S3,-1728,1166,14942,-239,26,-130,0,74.34
10401,20:30:06:827,3,Severe_Damage,L3_S3,-1722,1144,14836,-259,28,-136,0,-31.66
10402,20:30:06:837,3,Severe_Damage,L3_S3,-1756,1128,14856,-265,24,-138,0,-11.66
10403,20:30:06:847,3,Severe_Damage,L3_S3,-1774,1088,14892,-266,35,-135,0,24.34
10404,20:30:06:857,3,Severe_Damage,L3_S3,-1746,1110,14878,-262,25,-135,0,10.34
10405,20:30:06:867,3,Severe_Damage,L3_S3,-1730,1158,14824,-251,32,-128,0,-43.66
10406,20:30:06:876,3,Severe_Damage,L3_S3,-1744,1102,14884,-246,24,-131,0,16.34
10407,20:30:06:887,3,Severe_Damage,L3_S3,-1760,1106,14796,-220,24,-130,0,-71.66
10408,20:30:06:897,3,Severe_Damage,L3_S3,-1830,1102,14808,-196,26,-123,0,-59.66
10409,20:30:06:907,3,Severe_Damage,L3_S3,-1762,1122,14770,-175,31,-120,0,-97.66
10410,20:30:06:917,3,Severe_Damage,L3_S3,-1796,1138,14756,-149,33,-113,0,-111.66
10411,20:30:06:927,3,Severe_Damage,L3_S3,-1786,1064,14918,-136,30,-106,0,50.34
10412,20:30:06:937,3,Severe_Damage,L3_S3,-1736,1112,14792,-123,34,-116,0,-75.66
10413,20:30:06:947,3,Severe_Damage,L3_S3,-1738,1102,14886,-114,37,-116,0,18.34
10414,20:30:06:957,3,Severe_Damage,L3_S3,-1768,1086,14962,-117,37,-116,0,94.34
10415,20:30:06:967,3,Severe_Damage,L3_S3,-1774,1148,14920,-132,29,-110,0,52.34
10416,20:30:06:977,3,Severe_Damage,L3_S3,-1706,1104,14916,-142,37,-119,0,48.34
10417,20:30:06:987,3,Severe_Damage,L3_S3,-1804,1080,14936,-169,32,-118,0,68.34
10418,20:30:06:997,3,Severe_Damage,L3_S3,-1778,1104,14952,-187,24,-124,0,84.34
10419,20:30:07:007,3,Severe_Damage,L3_S3,-1760,1132,14876,-212,27,-126,0,8.34
10420,20:30:07:017,3,Severe_Damage,L3_S3,-1764,1130,14936,-232,26,-127,0,68.34
10421,20:30:07:027,3,Severe_Damage,L3_S3,-1746,1094,14868,-247,25,-137,0,0.34
10422,20:30:07:037,3,Severe_Damage,L3_S3,-1800,1150,14850,-253,33,-129,0,-17.66
10423,20:30:07:047,3,Severe_Damage,L3_S3,-1754,1148,14822,-262,30,-137,0,-45.66
10424,20:30:07:057,3,Severe_Damage,L3_S3,-1732,1064,14822,-261,29,-137,0,-45.66
10425,20:30:07:067,3,Severe_Damage,L3_S3,-1746,1048,14810,-253,19,-127,0,-57.66
10426,20:30:07:077,3,Severe_Damage,L3_S3,-1730,1038,14800,-239,32,-130,0,-67.66
10427,20:30:07:087,3,Severe_Damage,L3_S3,-1714,1078,14836,-224,28,-132,0,-31.66
10428,20:30:07:097,3,Severe_Damage,L3_S3,-1776,1128,14832,-195,25,-122,0,-35.66
10429,20:30:07:107,3,Severe_Damage,L3_S3,-1716,1086,14854,-173,33,-117,0,-13.66
10430,20:30:07:117,3,Severe_Damage,L3_S3,-1728,1082,14764,-157,32,-113,0,-103.66
10431,20:30:07:127,3,Severe_Damage,L3_S3,-1754,1108,14864,-138,32,-113,0,-3.66
10432,20:30:07:137,3,Severe_Damage,L3_S3,-1752,1114,14922,-133,32,-118,0,54.34
10433,20:30:07:147,3,Severe_Damage,L3_S3,-1780,1138,14840,-128,27,-112,0,-27.66
10434,20:30:07:157,3,Severe_Damage,L3_S3,-1720,1116,14914,-125,41,-112,0,46.34
10435,20:30:07:167,3,Severe_Damage,L3_S3,-1764,1112,14962,-132,26,-114,0,94.34
10436,20:30:07:177,3,Severe_Damage,L3_S3,-1720,1116,14976,-152,30,-118,0,108.34
10437,20:30:07:187,3,Severe_Damage,L3_S3,-1746,1098,14946,-163,31,-120,0,78.34
10438,20:30:07:197,3,Severe_Damage,L3_S3,-1786,1110,14946,-197,32,-123,0,78.34
10439,20:30:07:207,3,Severe_Damage,L3_S3,-1736,1106,14974,-206,33,-122,0,106.34
10440,20:30:07:217,3,Severe_Damage,L3_S3,-1756,1138,15014,-229,28,-127,0,146.34
10441,20:30:07:227,3,Severe_Damage,L3_S3,-1756,1136,14916,-240,25,-133,0,48.34
10442,20:30:07:237,3,Severe_Damage,L3_S3,-1760,1120,14870,-256,26,-135,0,2.34
10443,20:30:07:247,3,Severe_Damage,L3_S3,-1742,1156,14794,-259,23,-136,0,-73.66
10444,20:30:07:257,3,Severe_Damage,L3_S3,-1770,1050,14800,-251,27,-134,0,-67.66
10445,20:30:07:267,3,Severe_Damage,L3_S3,-1730,1080,14876,-248,26,-134,0,8.34
10446,20:30:07:277,3,Severe_Damage,L3_S3,-1758,1112,14772,-233,35,-134,0,-95.66
10447,20:30:07:287,3,Severe_Damage,L3_S3,-1738,1058,14806,-213,36,-129,0,-61.66
10448,20:30:07:297,3,Severe_Damage,L3_S3,-1730,1090,14896,-196,29,-123,0,28.34
10449,20:30:07:307,3,Severe_Damage,L3_S3,-1748,1078,14810,-182,35,-121,0,-57.66
10450,20:30:07:317,3,Severe_Damage,L3_S3,-1746,1086,14860,-156,38,-113,0,-7.66
10451,20:30:07:327,3,Severe_Damage,L3_S3,-1778,1112,14908,-140,31,-113,0,40.34
10452,20:30:07:337,3,Severe_Damage,L3_S3,-1768,1162,14918,-126,32,-118,0,50.34
10453,20:30:07:347,3,Severe_Damage,L3_S3,-1744,1126,14960,-132,34,-118,0,92.34
10454,20:30:07:357,3,Severe_Damage,L3_S3,-1750,1110,14956,-126,31,-115,0,88.34
10455,20:30:07:367,3,Severe_Damage,L3_S3,-1728,1118,14946,-135,49,-113,0,78.34
10456,20:30:07:377,3,Severe_Damage,L3_S3,-1738,1150,14938,-149,36,-118,0,70.34
10457,20:30:07:387,3,Severe_Damage,L3_S3,-1702,1118,14946,-171,34,-122,0,78.34
10458,20:30:07:397,3,Severe_Damage,L3_S3,-1728,1136,14938,-182,32,-120,0,70.34
10459,20:30:07:407,3,Severe_Damage,L3_S3,-1734,1152,14952,-203,33,-125,0,84.34
10460,20:30:07:417,3,Severe_Damage,L3_S3,-1772,1112,14876,-238,27,-133,0,8.34
10461,20:30:07:427,3,Severe_Damage,L3_S3,-1758,1108,14892,-243,24,-133,0,24.34
10462,20:30:07:437,3,Severe_Damage,L3_S3,-1750,1114,14840,-252,28,-131,0,-27.66
10463,20:30:07:447,3,Severe_Damage,L3_S3,-1754,1112,14890,-255,29,-134,0,22.34
10464,20:30:07:457,3,Severe_Damage,L3_S3,-1746,1146,14848,-247,27,-132,0,-19.66
10465,20:30:07:467,3,Severe_Damage,L3_S3,-1776,1090,14864,-233,27,-125,0,-3.66
10466,20:30:07:477,3,Severe_Damage,L3_S3,-1754,1138,14810,-213,23,-129,0,-57.66
10467,20:30:07:487,3,Severe_Damage,L3_S3,-1738,1140,14790,-196,32,-123,0,-77.66
10468,20:30:07:497,3,Severe_Damage,L3_S3,-1740,1144,14824,-179,27,-122,0,-43.66
10469,20:30:07:507,3,Severe_Damage,L3_S3,-1726,1106,14854,-158,30,-120,0,-13.66
10470,20:30:07:517,3,Severe_Damage,L3_S3,-1780,1116,14792,-150,28,-112,0,-75.66
10471,20:30:07:527,3,Severe_Damage,L3_S3,-1726,1102,14810,-135,41,-118,0,-57.66
10472,20:30:07:537,3,Severe_Damage,L3_S3,-1758,1080,14892,-136,29,-110,0,24.34
10473,20:30:07:547,3,Severe_Damage,L3_S3,-1786,1120,14928,-136,34,-106,0,60.34
10474,20:30:07:557,3,Severe_Damage,L3_S3,-1736,1146,14878,-138,33,-110,0,10.34
10475,20:30:07:567,3,Severe_Damage,L3_S3,-1744,1132,14966,-155,27,-117,0,98.34
10476,20:30:07:577,3,Severe_Damage,L3_S3,-1784,1118,14910,-165,32,-120,0,42.34
10477,20:30:07:587,3,Severe_Damage,L3_S3,-1742,1138,14962,-185,32,-126,0,94.34
10478,20:30:07:597,3,Severe_Damage,L3_S3,-1776,1120,14892,-204,25,-127,0,24.34
10479,20:30:07:607,3,Severe_Damage,L3_S3,-1750,1070,14870,-216,33,-128,0,2.34
10480,20:30:07:617,3,Severe_Damage,L3_S3,-1756,1136,14920,-226,33,-135,0,52.34
10481,20:30:07:627,3,Severe_Damage,L3_S3,-1788,1130,14882,-245,27,-131,0,14.34
10482,20:30:07:637,3,Severe_Damage,L3_S3,-1728,1112,14848,-247,25,-128,0,-19.66
10483,20:30:07:647,3,Severe_Damage,L3_S3,-1692,1126,14878,-249,33,-133,0,10.34
10484,20:30:07:657,3,Severe_Damage,L3_S3,-1750,1108,14878,-240,34,-128,0,10.34
10485,20:30:07:667,3,Severe_Damage,L3_S3,-1754,1084,14832,-232,28,-128,0,-35.66
10486,20:30:07:677,3,Severe_Damage,L3_S3,-1788,1094,14816,-214,26,-124,0,-51.66
10487,20:30:07:687,3,Severe_Damage,L3_S3,-1736,1046,14890,-198,28,-129,0,22.34
10488,20:30:07:697,3,Severe_Damage,L3_S3,-1760,1132,14820,-181,27,-125,0,-47.66
10489,20:30:07:707,3,Severe_Damage,L3_S3,-1716,1024,14846,-165,31,-122,0,-21.66
10490,20:30:07:717,3,Severe_Damage,L3_S3,-1764,1098,14850,-148,33,-113,0,-17.66
10491,20:30:07:727,3,Severe_Damage,L3_S3,-1704,1088,14868,-143,33,-113,0,0.34
10492,20:30:07:737,3,Severe_Damage,L3_S3,-1750,1104,14918,-139,31,-116,0,50.34
10493,20:30:07:747,3,Severe_Damage,L3_S3,-1710,1128,14898,-136,29,-113,0,30.34
10494,20:30:07:757,3,Severe_Damage,L3_S3,-1712,1138,14898,-143,28,-114,0,30.34
10495,20:30:07:767,3,Severe_Damage,L3_S3,-1712,1106,14940,-156,30,-120,0,72.34
10496,20:30:07:777,3,Severe_Damage,L3_S3,-1748,1158,14912,-172,32,-125,0,44.34
10497,20:30:07:787,3,Severe_Damage,L3_S3,-1752,1106,14968,-183,28,-124,0,100.34
10498,20:30:07:797,3,Severe_Damage,L3_S3,-1770,1100,14926,-204,31,-129,0,58.34
10499,20:30:07:807,3,Severe_Damage,L3_S3,-1778,1160,14920,-216,25,-127,0,52.34
10500,20:30:07:817,3,Severe_Damage,L3_S3,-1774,1086,14990,-234,34,-129,0,122.34
10501,20:30:07:827,3,Severe_Damage,L3_S3,-1746,1120,14922,-239,30,-128,0,54.34
10502,20:30:07:837,3,Severe_Damage,L3_S3,-1768,1096,14898,-245,26,-132,0,30.34
10503,20:30:07:847,3,Severe_Damage,L3_S3,-1742,1034,14852,-241,28,-137,0,-15.66
10504,20:30:07:857,3,Severe_Damage,L3_S3,-1756,1082,14852,-242,31,-131,0,-15.66
10505,20:30:07:867,3,Severe_Damage,L3_S3,-1762,1122,14778,-223,26,-127,0,-89.66
10506,20:30:07:877,3,Severe_Damage,L3_S3,-1806,1112,14832,-214,34,-132,0,-35.66
10507,20:30:07:887,3,Severe_Damage,L3_S3,-1736,1060,14794,-198,32,-127,0,-73.66
10508,20:30:07:897,3,Severe_Damage,L3_S3,-1708,1082,14820,-183,28,-121,0,-47.66
10509,20:30:07:907,3,Severe_Damage,L3_S3,-1750,1072,14784,-164,27,-116,0,-83.66
10510,20:30:07:917,3,Severe_Damage,L3_S3,-1752,1104,14880,-157,31,-113,0,12.34
10511,20:30:07:927,3,Severe_Damage,L3_S3,-1768,1136,14876,-143,34,-110,0,8.34
10512,20:30:07:937,3,Severe_Damage,L3_S3,-1720,1122,14880,-143,30,-113,0,12.34
10513,20:30:07:947,3,Severe_Damage,L3_S3,-1746,1138,14898,-141,32,-117,0,30.34
10514,20:30:07:957,3,Severe_Damage,L3_S3,-1768,1120,14874,-154,29,-114,0,6.34
10515,20:30:07:967,3,Severe_Damage,L3_S3,-1764,1162,14948,-158,29,-115,0,80.34
10516,20:30:07:977,3,Severe_Damage,L3_S3,-1776,1136,14892,-173,29,-114,0,24.34
10517,20:30:07:987,3,Severe_Damage,L3_S3,-1776,1116,14950,-179,27,-119,0,82.34
10518,20:30:07:997,3,Severe_Damage,L3_S3,-1732,1104,15002,-195,31,-116,0,134.34
10519,20:30:08:007,3,Severe_Damage,L3_S3,-1776,1078,14940,-212,29,-119,0,72.34
10520,20:30:08:017,3,Severe_Damage,L3_S3,-1770,1126,14886,-224,29,-123,0,18.34
10521,20:30:08:027,3,Severe_Damage,L3_S3,-1754,1092,14878,-238,26,-130,0,10.34
10522,20:30:08:037,3,Severe_Damage,L3_S3,-1750,1114,14846,-237,22,-126,0,-21.66
10523,20:30:08:047,3,Severe_Damage,L3_S3,-1758,1086,14822,-232,29,-129,0,-45.66
10524,20:30:08:057,3,Severe_Damage,L3_S3,-1754,1078,14892,-235,29,-125,0,24.34
10525,20:30:08:067,3,Severe_Damage,L3_S3,-1758,1100,14920,-225,30,-131,0,52.34
10526,20:30:08:077,3,Severe_Damage,L3_S3,-1758,1120,14804,-214,30,-126,0,-63.66
10527,20:30:08:087,3,Severe_Damage,L3_S3,-1742,1126,14818,-198,30,-123,0,-49.66
10528,20:30:08:097,3,Severe_Damage,L3_S3,-1720,1054,14810,-187,21,-131,0,-57.66
10529,20:30:08:110,3,Severe_Damage,L3_S3,-1700,1096,14858,-178,26,-120,0,-9.66
10530,20:30:08:117,3,Severe_Damage,L3_S3,-1750,1088,14870,-157,24,-115,0,2.34
10531,20:30:08:127,3,Severe_Damage,L3_S3,-1710,1096,14900,-149,31,-119,0,32.34
10532,20:30:08:137,3,Severe_Damage,L3_S3,-1774,1122,14926,-151,26,-113,0,58.34
10533,20:30:08:147,3,Severe_Damage,L3_S3,-1770,1120,14886,-145,32,-114,0,18.34
10534,20:30:08:157,3,Severe_Damage,L3_S3,-1782,1098,14852,-150,31,-113,0,-15.66
10535,20:30:08:168,3,Severe_Damage,L3_S3,-1732,1142,14938,-162,34,-121,0,70.34
10536,20:30:08:177,3,Severe_Damage,L3_S3,-1766,1098,14962,-169,30,-128,0,94.34
10537,20:30:08:187,3,Severe_Damage,L3_S3,-1750,1124,14896,-187,31,-123,0,28.34
10538,20:30:08:197,3,Severe_Damage,L3_S3,-1790,1132,14816,-195,31,-119,0,-51.66
10539,20:30:08:207,3,Severe_Damage,L3_S3,-1750,1114,14912,-215,31,-127,0,44.34
10540,20:30:08:217,3,Severe_Damage,L3_S3,-1796,1116,14904,-223,30,-129,0,36.34
10541,20:30:08:227,3,Severe_Damage,L3_S3,-1766,1090,14856,-229,28,-131,0,-11.66
10542,20:30:08:237,3,Severe_Damage,L3_S3,-1770,1110,14780,-240,28,-122,0,-87.66
10543,20:30:08:247,3,Severe_Damage,L3_S3,-1774,1116,14824,-233,29,-127,0,-43.66
10544,20:30:08:257,3,Severe_Damage,L3_S3,-1722,1094,14830,-225,26,-132,0,-37.66
10545,20:30:08:267,3,Severe_Damage,L3_S3,-1742,1094,14870,-224,27,-118,0,2.34
10546,20:30:08:277,3,Severe_Damage,L3_S3,-1722,1086,14850,-208,26,-125,0,-17.66
10547,20:30:08:287,3,Severe_Damage,L3_S3,-1770,1098,14772,-196,27,-124,0,-95.66
10548,20:30:08:297,3,Severe_Damage,L3_S3,-1786,1104,14832,-183,34,-117,0,-35.66
10549,20:30:08:307,3,Severe_Damage,L3_S3,-1770,1110,14806,-177,35,-118,0,-61.66
10550,20:30:08:317,3,Severe_Damage,L3_S3,-1728,1102,14862,-171,23,-126,0,-5.66
10551,20:30:08:327,3,Severe_Damage,L3_S3,-1764,1106,14842,-153,24,-121,0,-25.66
10552,20:30:08:337,3,Severe_Damage,L3_S3,-1794,1084,14906,-151,35,-121,0,38.34
10553,20:30:08:348,3,Severe_Damage,L3_S3,-1766,1136,14860,-147,22,-114,0,-7.66
10554,20:30:08:357,3,Severe_Damage,L3_S3,-1736,1124,14878,-157,35,-116,0,10.34
10555,20:30:08:367,3,Severe_Damage,L3_S3,-1764,1076,14896,-164,30,-120,0,28.34
10556,20:30:08:377,3,Severe_Damage,L3_S3,-1768,1094,14946,-172,31,-122,0,78.34
10557,20:30:08:388,3,Severe_Damage,L3_S3,-1766,1082,14872,-186,29,-120,0,4.34
10558,20:30:08:397,3,Severe_Damage,L3_S3,-1738,1120,14918,-200,27,-121,0,50.34
10559,20:30:08:407,3,Severe_Damage,L3_S3,-1740,1096,14950,-202,25,-131,0,82.34
10560,20:30:08:418,3,Severe_Damage,L3_S3,-1740,1126,14990,-219,26,-129,0,122.34
10561,20:30:08:428,3,Severe_Damage,L3_S3,-1780,1134,14832,-226,31,-128,0,-35.66
10562,20:30:08:437,3,Severe_Damage,L3_S3,-1742,1108,14882,-228,40,-133,0,14.34
10563,20:30:08:447,3,Severe_Damage,L3_S3,-1734,1110,14888,-235,26,-128,0,20.34
10564,20:30:08:458,3,Severe_Damage,L3_S3,-1752,1074,14922,-224,27,-132,0,54.34
10565,20:30:08:467,3,Severe_Damage,L3_S3,-1760,1090,14858,-212,30,-134,0,-9.66
10566,20:30:08:477,3,Severe_Damage,L3_S3,-1736,1090,14788,-208,25,-128,0,-79.66
10567,20:30:08:488,3,Severe_Damage,L3_S3,-1714,1130,14812,-196,30,-125,0,-55.66
10568,20:30:08:498,3,Severe_Damage,L3_S3,-1822,1146,14776,-188,34,-114,0,-91.66
10569,20:30:08:508,3,Severe_Damage,L3_S3,-1744,1072,14824,-173,30,-121,0,-43.66
10570,20:30:08:518,3,Severe_Damage,L3_S3,-1756,1116,14872,-164,28,-121,0,4.34
10571,20:30:08:528,3,Severe_Damage,L3_S3,-1728,1168,14800,-158,36,-119,0,-67.66
10572,20:30:08:538,3,Severe_Damage,L3_S3,-1752,1098,14840,-161,32,-121,0,-27.66
10573,20:30:08:548,3,Severe_Damage,L3_S3,-1766,1104,14848,-150,29,-120,0,-19.66
10574,20:30:08:558,3,Severe_Damage,L3_S3,-1798,1112,14860,-154,30,-114,0,-7.66
10575,20:30:08:568,3,Severe_Damage,L3_S3,-1784,1112,14886,-161,23,-118,0,18.34
10576,20:30:08:578,3,Severe_Damage,L3_S3,-1802,1186,14918,-168,32,-116,0,50.34
10577,20:30:08:588,3,Severe_Damage,L3_S3,-1740,1108,14906,-183,29,-120,0,38.34
10578,20:30:08:598,3,Severe_Damage,L3_S3,-1716,1120,14956,-201,29,-119,0,88.34
10579,20:30:08:608,3,Severe_Damage,L3_S3,-1730,1126,14922,-204,34,-129,0,54.34
10580,20:30:08:618,3,Severe_Damage,L3_S3,-1744,1070,14926,-211,24,-127,0,58.34
10581,20:30:08:628,3,Severe_Damage,L3_S3,-1734,1144,14900,-224,29,-125,0,32.34
10582,20:30:08:638,3,Severe_Damage,L3_S3,-1704,1102,14848,-225,29,-128,0,-19.66
10583,20:30:08:648,3,Severe_Damage,L3_S3,-1756,1088,14926,-227,38,-132,0,58.34
10584,20:30:08:658,3,Severe_Damage,L3_S3,-1752,1118,14878,-225,29,-131,0,10.34
10585,20:30:08:668,3,Severe_Damage,L3_S3,-1754,1102,14894,-217,33,-125,0,26.34
10586,20:30:08:678,3,Severe_Damage,L3_S3,-1688,1068,14832,-209,31,-125,0,-35.66
10587,20:30:08:688,3,Severe_Damage,L3_S3,-1718,1114,14838,-196,32,-124,0,-29.66
10588,20:30:08:698,3,Severe_Damage,L3_S3,-1700,1122,14844,-189,29,-125,0,-23.66
10589,20:30:08:708,3,Severe_Damage,L3_S3,-1726,1130,14854,-175,27,-118,0,-13.66
10590,20:30:08:718,3,Severe_Damage,L3_S3,-1706,1060,14862,-163,27,-115,0,-5.66
10591,20:30:08:728,3,Severe_Damage,L3_S3,-1746,1072,14862,-165,28,-120,0,-5.66
10592,20:30:08:738,3,Severe_Damage,L3_S3,-1762,1122,14862,-156,27,-116,0,-5.66
10593,20:30:08:748,3,Severe_Damage,L3_S3,-1700,1168,14838,-161,34,-121,0,-29.66
10594,20:30:08:758,3,Severe_Damage,L3_S3,-1764,1122,14864,-162,40,-118,0,-3.66
10595,20:30:08:768,3,Severe_Damage,L3_S3,-1770,1134,14858,-167,30,-126,0,-9.66
10596,20:30:08:778,3,Severe_Damage,L3_S3,-1766,1138,14842,-177,27,-124,0,-25.66
10597,20:30:08:788,3,Severe_Damage,L3_S3,-1744,1130,14910,-181,27,-122,0,42.34
10598,20:30:08:798,3,Severe_Damage,L3_S3,-1744,1118,14884,-187,30,-121,0,16.34
10599,20:30:08:808,3,Severe_Damage,L3_S3,-1770,1098,14912,-201,25,-116,0,44.34
10600,20:30:08:818,3,Severe_Damage,L3_S3,-1738,1116,14870,-213,37,-127,0,2.34
10601,20:30:08:828,3,Severe_Damage,L3_S3,-1746,1138,14874,-222,29,-124,0,6.34
10602,20:30:08:838,3,Severe_Damage,L3_S3,-1724,1160,14880,-221,33,-125,0,12.34
10603,20:30:08:848,3,Severe_Damage,L3_S3,-1770,1102,14946,-219,27,-129,0,78.34
10604,20:30:08:858,3,Severe_Damage,L3_S3,-1790,1108,14856,-217,27,-129,0,-11.66
10605,20:30:08:868,3,Severe_Damage,L3_S3,-1756,1076,14864,-212,32,-124,0,-3.66
10606,20:30:08:878,3,Severe_Damage,L3_S3,-1744,1080,14844,-201,29,-129,0,-23.66
10607,20:30:08:888,3,Severe_Damage,L3_S3,-1740,1132,14844,-198,24,-132,0,-23.66
10608,20:30:08:898,3,Severe_Damage,L3_S3,-1722,1076,14858,-186,30,-128,0,-9.66
10609,20:30:08:908,3,Severe_Damage,L3_S3,-1702,1088,14822,-181,33,-117,0,-45.66
10610,20:30:08:918,3,Severe_Damage,L3_S3,-1756,1134,14922,-172,32,-118,0,54.34
10611,20:30:08:928,3,Severe_Damage,L3_S3,-1766,1110,14886,-161,24,-120,0,18.34
10612,20:30:08:938,3,Severe_Damage,L3_S3,-1798,1108,14870,-155,38,-123,0,2.34
10613,20:30:08:948,3,Severe_Damage,L3_S3,-1806,1112,14870,-165,34,-120,0,2.34
10614,20:30:08:958,3,Severe_Damage,L3_S3,-1756,1158,14912,-167,30,-123,0,44.34
10615,20:30:08:968,3,Severe_Damage,L3_S3,-1744,1162,14840,-169,35,-119,0,-27.66
10616,20:30:08:978,3,Severe_Damage,L3_S3,-1766,1158,14866,-176,29,-124,0,-1.66
10617,20:30:08:988,3,Severe_Damage,L3_S3,-1714,1100,14862,-184,25,-118,0,-5.66
10618,20:30:08:998,3,Severe_Damage,L3_S3,-1736,1102,14882,-199,24,-122,0,14.34
10619,20:30:09:008,3,Severe_Damage,L3_S3,-1762,1092,14906,-202,27,-128,0,38.34
10620,20:30:09:018,3,Severe_Damage,L3_S3,-1772,1102,14948,-217,25,-123,0,80.34
10621,20:30:09:028,3,Severe_Damage,L3_S3,-1750,1112,14844,-219,30,-126,0,-23.66
10622,20:30:09:038,3,Severe_Damage,L3_S3,-1736,1114,14828,-219,25,-133,0,-39.66
10623,20:30:09:048,3,Severe_Damage,L3_S3,-1742,1078,14868,-217,33,-128,0,0.34
10624,20:30:09:058,3,Severe_Damage,L3_S3,-1728,1112,14814,-220,21,-135,0,-53.66
10625,20:30:09:068,3,Severe_Damage,L3_S3,-1768,1132,14888,-215,21,-129,0,20.34
10626,20:30:09:078,3,Severe_Damage,L3_S3,-1716,1116,14754,-204,32,-129,0,-113.66
10627,20:30:09:088,3,Severe_Damage,L3_S3,-1704,1090,14816,-206,30,-115,0,-51.66
10628,20:30:09:098,3,Severe_Damage,L3_S3,-1730,1080,14836,-192,32,-122,0,-31.66
10629,20:30:09:108,3,Severe_Damage,L3_S3,-1750,1130,14790,-178,33,-116,0,-77.66
10630,20:30:09:118,3,Severe_Damage,L3_S3,-1788,1076,14832,-170,26,-115,0,-35.66
10631,20:30:09:128,3,Severe_Damage,L3_S3,-1766,1096,14768,-165,29,-118,0,-99.66
10632,20:30:09:138,3,Severe_Damage,L3_S3,-1776,1084,14844,-164,28,-115,0,-23.66
10633,20:30:09:148,3,Severe_Damage,L3_S3,-1772,1114,14892,-160,30,-117,0,24.34
10634,20:30:09:158,3,Severe_Damage,L3_S3,-1740,1070,14886,-162,22,-126,0,18.34
10635,20:30:09:168,3,Severe_Damage,L3_S3,-1746,1122,14894,-168,22,-123,0,26.34
10636,20:30:09:178,3,Severe_Damage,L3_S3,-1732,1128,14896,-172,35,-123,0,28.34
10637,20:30:09:188,3,Severe_Damage,L3_S3,-1734,1118,14868,-181,29,-122,0,0.34
10638,20:30:09:198,3,Severe_Damage,L3_S3,-1772,1112,14848,-190,33,-115,0,-19.66
10639,20:30:09:208,3,Severe_Damage,L3_S3,-1732,1144,14864,-208,24,-128,0,-3.66
10640,20:30:09:218,3,Severe_Damage,L3_S3,-1746,1130,14888,-205,26,-121,0,20.34
10641,20:30:09:228,3,Severe_Damage,L3_S3,-1744,1100,14862,-218,29,-120,0,-5.66
10642,20:30:09:238,3,Severe_Damage,L3_S3,-1754,1130,14908,-220,28,-124,0,40.34
10643,20:30:09:248,3,Severe_Damage,L3_S3,-1748,1168,14896,-221,31,-127,0,28.34
10644,20:30:09:258,3,Severe_Damage,L3_S3,-1780,1122,14888,-216,26,-131,0,20.34
10645,20:30:09:268,3,Severe_Damage,L3_S3,-1762,1138,14874,-211,29,-128,0,6.34
10646,20:30:09:278,3,Severe_Damage,L3_S3,-1750,1080,14864,-209,33,-127,0,-3.66
10647,20:30:09:288,3,Severe_Damage,L3_S3,-1782,1060,14864,-200,30,-123,0,-3.66
10648,20:30:09:298,3,Severe_Damage,L3_S3,-1778,1132,14848,-189,31,-127,0,-19.66
10649,20:30:09:308,3,Severe_Damage,L3_S3,-1734,1110,14824,-173,24,-125,0,-43.66
10650,20:30:09:318,3,Severe_Damage,L3_S3,-1750,1102,14806,-172,29,-118,0,-61.66
10651,20:30:09:328,3,Severe_Damage,L3_S3,-1714,1154,14834,-174,36,-118,0,-33.66
10652,20:30:09:338,3,Severe_Damage,L3_S3,-1778,1110,14796,-166,36,-117,0,-71.66
10653,20:30:09:348,3,Severe_Damage,L3_S3,-1788,1166,14886,-167,30,-114,0,18.34
10654,20:30:09:358,3,Severe_Damage,L3_S3,-1746,1092,14930,-164,28,-113,0,62.34
10655,20:30:09:368,3,Severe_Damage,L3_S3,-1734,1116,14920,-176,25,-119,0,52.34
10656,20:30:09:378,3,Severe_Damage,L3_S3,-1754,1076,14948,-180,34,-116,0,80.34
10657,20:30:09:388,3,Severe_Damage,L3_S3,-1784,1108,14894,-196,26,-121,0,26.34
10658,20:30:09:398,3,Severe_Damage,L3_S3,-1778,1120,14902,-195,30,-120,0,34.34
10659,20:30:09:408,3,Severe_Damage,L3_S3,-1754,1106,14940,-202,31,-118,0,72.34
10660,20:30:09:418,3,Severe_Damage,L3_S3,-1750,1072,14824,-203,26,-126,0,-43.66
10661,20:30:09:428,3,Severe_Damage,L3_S3,-1782,1110,14862,-214,26,-124,0,-5.66
10662,20:30:09:438,3,Severe_Damage,L3_S3,-1742,1072,14912,-219,23,-124,0,44.34
10663,20:30:09:448,3,Severe_Damage,L3_S3,-1728,1076,14906,-220,28,-124,0,38.34
10664,20:30:09:458,3,Severe_Damage,L3_S3,-1742,1088,14852,-215,26,-132,0,-15.66
10665,20:30:09:468,3,Severe_Damage,L3_S3,-1736,1064,14910,-207,25,-127,0,42.34
10666,20:30:09:478,3,Severe_Damage,L3_S3,-1724,1132,14918,-203,30,-130,0,50.34
10667,20:30:09:488,3,Severe_Damage,L3_S3,-1720,1090,14808,-199,32,-126,0,-59.66
10668,20:30:09:498,3,Severe_Damage,L3_S3,-1720,1126,14858,-192,30,-124,0,-9.66
10669,20:30:09:508,3,Severe_Damage,L3_S3,-1724,1160,14880,-183,34,-120,0,12.34
10670,20:30:09:518,3,Severe_Damage,L3_S3,-1760,1102,14874,-176,38,-123,0,6.34
10671,20:30:09:528,3,Severe_Damage,L3_S3,-1750,1116,14838,-169,35,-120,0,-29.66
10672,20:30:09:538,3,Severe_Damage,L3_S3,-1728,1082,14884,-165,33,-121,0,16.34
10673,20:30:09:548,3,Severe_Damage,L3_S3,-1738,1090,14814,-165,34,-122,0,-53.66
10674,20:30:09:558,3,Severe_Damage,L3_S3,-1788,1092,14834,-162,28,-113,0,-33.66
10675,20:30:09:568,3,Severe_Damage,L3_S3,-1740,1134,14912,-172,31,-124,0,44.34
10676,20:30:09:578,3,Severe_Damage,L3_S3,-1742,1092,14870,-172,22,-116,0,2.34
10677,20:30:09:588,3,Severe_Damage,L3_S3,-1728,1096,14912,-185,33,-128,0,44.34
10678,20:30:09:598,3,Severe_Damage,L3_S3,-1790,1104,14844,-196,25,-123,0,-23.66
10679,20:30:09:608,3,Severe_Damage,L3_S3,-1732,1138,14896,-196,36,-130,0,28.34
10680,20:30:09:618,3,Severe_Damage,L3_S3,-1724,1116,14918,-207,29,-118,0,50.34
10681,20:30:09:628,3,Severe_Damage,L3_S3,-1746,1114,14870,-211,30,-117,0,2.34
10682,20:30:09:638,3,Severe_Damage,L3_S3,-1766,1088,14870,-212,26,-128,0,2.34
10683,20:30:09:648,3,Severe_Damage,L3_S3,-1734,1146,14832,-217,24,-126,0,-35.66
10684,20:30:09:658,3,Severe_Damage,L3_S3,-1756,1098,14914,-216,28,-128,0,46.34
10685,20:30:09:668,3,Severe_Damage,L3_S3,-1706,1096,14856,-205,21,-121,0,-11.66
10686,20:30:09:678,3,Severe_Damage,L3_S3,-1760,1138,14948,-205,30,-122,0,80.34
10687,20:30:09:688,3,Severe_Damage,L3_S3,-1806,1114,14896,-201,29,-125,0,28.34
10688,20:30:09:698,3,Severe_Damage,L3_S3,-1734,1104,14868,-195,25,-123,0,0.34
10689,20:30:09:709,3,Severe_Damage,L3_S3,-1770,1112,14848,-188,28,-123,0,-19.66
10690,20:30:09:718,3,Severe_Damage,L3_S3,-1774,1054,14804,-175,31,-122,0,-63.66
10691,20:30:09:728,3,Severe_Damage,L3_S3,-1768,1152,14860,-172,29,-117,0,-7.66
10692,20:30:09:738,3,Severe_Damage,L3_S3,-1762,1082,14834,-164,33,-121,0,-33.66
10693,20:30:09:749,3,Severe_Damage,L3_S3,-1750,1068,14932,-174,25,-129,0,64.34
10694,20:30:09:758,3,Severe_Damage,L3_S3,-1766,1082,14840,-164,30,-122,0,-27.66
10695,20:30:09:768,3,Severe_Damage,L3_S3,-1764,1078,14842,-171,24,-121,0,-25.66
10696,20:30:09:778,3,Severe_Damage,L3_S3,-1756,1106,14900,-172,29,-122,0,32.34
10697,20:30:09:788,3,Severe_Damage,L3_S3,-1736,1122,14876,-182,28,-117,0,8.34
10698,20:30:09:798,3,Severe_Damage,L3_S3,-1688,1086,14936,-197,32,-126,0,68.34
10699,20:30:09:808,3,Severe_Damage,L3_S3,-1796,1134,14878,-211,25,-125,0,10.34
10700,20:30:09:818,3,Severe_Damage,L3_S3,-1732,1124,14918,-205,28,-127,0,50.34
10701,20:30:09:828,3,Severe_Damage,L3_S3,-1764,1140,14920,-207,28,-130,0,52.34
10702,20:30:09:838,3,Severe_Damage,L3_S3,-1722,1086,14868,-210,24,-121,0,0.34
10703,20:30:09:848,3,Severe_Damage,L3_S3,-1732,1100,14896,-216,27,-126,0,28.34
10704,20:30:09:858,3,Severe_Damage,L3_S3,-1720,1126,14838,-203,28,-130,0,-29.66
10705,20:30:09:868,3,Severe_Damage,L3_S3,-1708,1062,14844,-205,28,-125,0,-23.66
10706,20:30:09:878,3,Severe_Damage,L3_S3,-1764,1102,14858,-200,37,-123,0,-9.66
10707,20:30:09:888,3,Severe_Damage,L3_S3,-1718,1112,14854,-199,20,-124,0,-13.66
10708,20:30:09:898,3,Severe_Damage,L3_S3,-1708,1132,14848,-188,34,-130,0,-19.66
10709,20:30:09:908,3,Severe_Damage,L3_S3,-1790,1112,14836,-189,24,-123,0,-31.66
10710,20:30:09:918,3,Severe_Damage,L3_S3,-1800,1096,14860,-177,33,-119,0,-7.66
10711,20:30:09:928,3,Severe_Damage,L3_S3,-1712,1134,14856,-175,34,-117,0,-11.66
10712,20:30:09:938,3,Severe_Damage,L3_S3,-1794,1120,14824,-171,29,-119,0,-43.66
10713,20:30:09:948,3,Severe_Damage,L3_S3,-1756,1084,14872,-170,32,-116,0,4.34
10714,20:30:09:958,3,Severe_Damage,L3_S3,-1728,1156,14930,-172,30,-114,0,62.34
10715,20:30:09:968,3,Severe_Damage,L3_S3,-1754,1108,14880,-171,32,-125,0,12.34
10716,20:30:09:979,3,Severe_Damage,L3_S3,-1726,1112,14890,-181,31,-125,0,22.34
10717,20:30:09:989,3,Severe_Damage,L3_S3,-1764,1120,14860,-178,39,-119,0,-7.66
10718,20:30:09:998,3,Severe_Damage,L3_S3,-1730,1118,14856,-188,35,-125,0,-11.66
10719,20:30:10:009,3,Severe_Damage,L3_S3,-1744,1104,14894,-197,28,-131,0,26.34
10720,20:30:10:019,3,Severe_Damage,L3_S3,-1800,1088,14874,-201,28,-119,0,6.34
10721,20:30:10:028,3,Severe_Damage,L3_S3,-1768,1114,14834,-209,29,-121,0,-33.66
10722,20:30:10:038,3,Severe_Damage,L3_S3,-1732,1104,14858,-217,24,-128,0,-9.66
10723,20:30:10:048,3,Severe_Damage,L3_S3,-1764,1096,14858,-210,31,-125,0,-9.66
10724,20:30:10:058,3,Severe_Damage,L3_S3,-1740,1092,14862,-207,30,-130,0,-5.66
10725,20:30:10:068,3,Severe_Damage,L3_S3,-1718,1086,14848,-207,33,-125,0,-19.66
10726,20:30:10:078,3,Severe_Damage,L3_S3,-1728,1120,14866,-201,26,-127,0,-1.66
10727,20:30:10:088,3,Severe_Damage,L3_S3,-1754,1062,14872,-192,31,-126,0,4.34
10728,20:30:10:099,3,Severe_Damage,L3_S3,-1734,1122,14794,-186,33,-118,0,-73.66
10729,20:30:10:109,3,Severe_Damage,L3_S3,-1722,1112,14906,-185,31,-120,0,38.34
10730,20:30:10:118,3,Severe_Damage,L3_S3,-1768,1124,14874,-185,29,-119,0,6.34
10731,20:30:10:128,3,Severe_Damage,L3_S3,-1748,1104,14862,-174,26,-119,0,-5.66
10732,20:30:10:139,3,Severe_Damage,L3_S3,-1748,1132,14920,-167,27,-117,0,52.34
10733,20:30:10:149,3,Severe_Damage,L3_S3,-1730,1106,14868,-175,30,-117,0,0.34
10734,20:30:10:159,3,Severe_Damage,L3_S3,-1718,1112,14884,-174,30,-125,0,16.34
10735,20:30:10:169,3,Severe_Damage,L3_S3,-1738,1122,14828,-179,28,-116,0,-39.66
10736,20:30:10:179,3,Severe_Damage,L3_S3,-1746,1116,14860,-180,22,-117,0,-7.66
10737,20:30:10:189,3,Severe_Damage,L3_S3,-1728,1098,14912,-177,31,-121,0,44.34
10738,20:30:10:199,3,Severe_Damage,L3_S3,-1730,1098,14926,-190,26,-115,0,58.34
10739,20:30:10:209,3,Severe_Damage,L3_S3,-1736,1098,14756,-185,27,-112,0,-111.66
10740,20:30:10:219,3,Severe_Damage,L3_S3,-1710,1106,14794,-167,24,-111,0,-73.66
10741,20:30:10:229,3,Severe_Damage,L3_S3,-1772,1130,14870,-153,36,-113,0,2.34
10742,20:30:10:239,3,Severe_Damage,L3_S3,-1746,1090,14816,-145,29,-122,0,-51.66
10743,20:30:10:249,3,Severe_Damage,L3_S3,-1742,1120,14836,-154,34,-114,0,-31.66
10744,20:30:10:259,3,Severe_Damage,L3_S3,-1782,1136,14870,-166,35,-118,0,2.34
10745,20:30:10:269,3,Severe_Damage,L3_S3,-1772,1092,14946,-176,35,-116,0,78.34
10746,20:30:10:279,3,Severe_Damage,L3_S3,-1796,1134,14844,-192,34,-129,0,-23.66
10747,20:30:10:289,3,Severe_Damage,L3_S3,-1748,1072,14856,-208,30,-125,0,-11.66
10748,20:30:10:299,3,Severe_Damage,L3_S3,-1782,1148,14884,-219,31,-125,0,16.34
10749,20:30:10:309,3,Severe_Damage,L3_S3,-1758,1140,14852,-220,38,-128,0,-15.66
10750,20:30:10:319,3,Severe_Damage,L3_S3,-1764,1098,14884,-228,29,-130,0,16.34
10751,20:30:10:329,3,Severe_Damage,L3_S3,-1748,1154,14888,-227,34,-132,0,20.34
10752,20:30:10:339,3,Severe_Damage,L3_S3,-1694,1074,14668,-218,20,-126,0,-199.66
10753,20:30:10:349,3,Severe_Damage,L3_S3,-1728,1070,14724,-187,36,-122,0,-143.66
10754,20:30:10:359,3,Severe_Damage,L3_S3,-1802,1134,14814,-166,41,-119,0,-53.66
10755,20:30:10:369,3,Severe_Damage,L3_S3,-1752,1082,14872,-144,30,-114,0,4.34
10756,20:30:10:379,3,Severe_Damage,L3_S3,-1740,1078,14850,-118,38,-106,1,-17.66
10757,20:30:10:389,3,Severe_Damage,L3_S3,1238,32767,-32768,16720,-9667,3313,1,-47635.66
10758,20:30:10:399,3,Severe_Damage,L3_S3,-3568,-26886,32767,-4284,11070,-1666,1,17899.34
10759,20:30:10:409,3,Severe_Damage,L3_S3,-6152,23966,-2188,24017,467,4350,1,-17055.66
10760,20:30:10:419,3,Severe_Damage,L3_S3,-882,-1498,31398,605,-5491,489,1,16530.34
10761,20:30:10:429,3,Severe_Damage,L3_S3,5970,2688,4188,13227,6111,683,1,-10679.66
10762,20:30:10:439,3,Severe_Damage,L3_S3,-14260,2282,28656,728,-3953,1307,1,13788.34
10763,20:30:10:449,3,Severe_Damage,L3_S3,-4142,1920,32767,3617,3601,-468,1,17899.34
10764,20:30:10:459,3,Severe_Damage,L3_S3,2826,9252,22766,-3274,-859,-734,1,7898.34
10765,20:30:10:469,3,Severe_Damage,L3_S3,-10784,-168,30338,-9547,-2209,-667,1,15470.34
10766,20:30:10:479,3,Severe_Damage,L3_S3,292,7196,20606,-9971,3719,-2728,1,5738.34
10767,20:30:10:489,3,Severe_Damage,L3_S3,-2404,-570,20292,-17348,-3927,-1994,1,5424.34
10768,20:30:10:499,3,Severe_Damage,L3_S3,-1126,5420,11732,-14285,1406,-2614,1,-3135.66
10769,20:30:10:509,3,Severe_Damage,L3_S3,3370,-2472,14074,-18408,-864,-3286,1,-793.66
10770,20:30:10:520,3,Severe_Damage,L3_S3,-9388,2532,1788,-13312,-345,-1541,1,-13079.66
10771,20:30:10:529,3,Severe_Damage,L3_S3,11076,-2490,6706,-13157,-566,-3028,1,-8161.66
10772,20:30:10:539,3,Severe_Damage,L3_S3,-9964,-688,-1326,-7339,-240,-316,1,-16193.66
10773,20:30:10:549,3,Severe_Damage,L3_S3,7748,-2052,1950,-3896,416,-1496,1,-12917.66
10774,20:30:10:559,3,Severe_Damage,L3_S3,-4098,-1464,468,1798,-851,725,1,-14399.66
10775,20:30:10:569,3,Severe_Damage,L3_S3,2314,-974,3364,5979,1108,457,1,-11503.66
10776,20:30:10:579,3,Severe_Damage,L3_S3,-192,-126,6354,10494,-25,1535,1,-8513.66
10777,20:30:10:589,3,Severe_Damage,L3_S3,-3436,680,9296,13111,24,2163,1,-5571.66
10778,20:30:10:599,3,Severe_Damage,L3_S3,2422,1848,14946,15327,1752,1782,1,78.34
10779,20:30:10:609,3,Severe_Damage,L3_S3,-7082,2328,17126,15187,-1174,2901,1,2258.34
10780,20:30:10:619,3,Severe_Damage,L3_S3,1410,3352,22936,14473,1830,1579,1,8068.34
10781,20:30:10:629,3,Severe_Damage,L3_S3,-5292,3750,24958,11818,12,2050,1,10090.34
10782,20:30:10:639,3,Severe_Damage,L3_S3,-5230,3954,27112,8202,-498,1375,1,12244.34
10783,20:30:10:649,3,Severe_Damage,L3_S3,-132,4360,29112,4218,1858,54,1,14244.34
10784,20:30:10:659,3,Severe_Damage,L3_S3,-7216,4016,27306,-859,-1708,375,1,12438.34
10785,20:30:10:669,3,Severe_Damage,L3_S3,-1866,3976,26862,-5103,915,-1183,1,11994.34
10786,20:30:10:679,3,Severe_Damage,L3_S3,-2566,3712,23726,-9168,169,-1506,0,8858.34
10787,20:30:10:689,3,Severe_Damage,L3_S3,-5140,2736,19988,-12639,-1612,-1708,0,5120.34
10788,20:30:10:699,3,Severe_Damage,L3_S3,1268,2466,17104,-14198,1177,-2785,0,2236.34
10789,20:30:10:709,3,Severe_Damage,L3_S3,-4252,1006,11958,-15328,-1791,-2025,0,-2909.66
10790,20:30:10:719,3,Severe_Damage,L3_S3,1014,716,9086,-14278,371,-2598,0,-5781.66
10791,20:30:10:729,3,Severe_Damage,L3_S3,-668,-556,5348,-12485,-872,-1894,0,-9519.66
10792,20:30:10:739,3,Severe_Damage,L3_S3,-1234,-1106,3056,-9260,-73,-1474,1,-11811.66
10793,20:30:10:749,3,Severe_Damage,L3_S3,2662,-1222,2300,-5253,-203,-1078,0,-12567.66
10794,20:30:10:759,3,Severe_Damage,L3_S3,-2954,-1704,1660,-1030,-205,34,1,-13207.66
10795,20:30:10:769,3,Severe_Damage,L3_S3,3360,-900,3768,3647,518,129,1,-11099.66
10796,20:30:10:779,3,Severe_Damage,L3_S3,-3244,-742,4918,7452,-389,1410,0,-9949.66
10797,20:30:10:789,3,Severe_Damage,L3_S3,1528,378,9076,10908,1076,1281,1,-5791.66
10798,20:30:10:799,3,Severe_Damage,L3_S3,-2596,1158,11904,13024,-161,2123,0,-2963.66
10799,20:30:10:809,3,Severe_Damage,L3_S3,-1802,1848,16170,13975,627,2009,0,1302.34
10800,20:30:10:819,3,Severe_Damage,L3_S3,-1482,2872,20066,13741,888,1912,0,5198.34
10801,20:30:10:829,3,Severe_Damage,L3_S3,-4722,3150,22666,11860,-575,2045,0,7798.34
10802,20:30:10:839,3,Severe_Damage,L3_S3,-1620,3720,25776,9404,1476,1030,0,10908.34
10803,20:30:10:849,3,Severe_Damage,L3_S3,-4532,3794,26704,5527,-479,999,0,11836.34
10804,20:30:10:859,3,Severe_Damage,L3_S3,-3764,3910,27022,1550,78,140,0,12154.34
10805,20:30:10:869,3,Severe_Damage,L3_S3,-2410,3804,26590,-2662,922,-726,0,11722.34
10806,20:30:10:879,3,Severe_Damage,L3_S3,-4654,3390,23838,-6716,-1212,-833,0,8970.34
10807,20:30:10:889,3,Severe_Damage,L3_S3,-1592,3102,21808,-9863,709,-1888,0,6940.34
10808,20:30:10:899,3,Severe_Damage,L3_S3,-2710,2380,17976,-12431,-678,-1915,0,3108.34
10809,20:30:10:909,3,Severe_Damage,L3_S3,-2284,1654,14340,-13548,-574,-2153,0,-527.66
10810,20:30:10:919,3,Severe_Damage,L3_S3,230,904,11228,-13522,53,-2369,0,-3639.66
10811,20:30:10:929,3,Severe_Damage,L3_S3,-2532,-20,7368,-12381,-1039,-1768,1,-7499.66
10812,20:30:10:939,3,Severe_Damage,L3_S3,1776,-568,5594,-9846,211,-1863,0,-9273.66
10813,20:30:10:949,3,Severe_Damage,L3_S3,-1690,-1070,3240,-6737,-761,-905,0,-11627.66
10814,20:30:10:959,3,Severe_Damage,L3_S3,1042,-1140,3286,-2837,276,-689,0,-11581.66
10815,20:30:10:969,3,Severe_Damage,L3_S3,-44,-1190,3586,1193,-338,160,0,-11281.66
10816,20:30:10:979,3,Severe_Damage,L3_S3,-1010,-630,5124,5040,356,707,0,-9743.66
10817,20:30:10:989,3,Severe_Damage,L3_S3,566,-28,7856,8464,305,1114,0,-7011.66
10818,20:30:10:999,3,Severe_Damage,L3_S3,-2436,652,10452,10862,16,1753,1,-4415.66
10819,20:30:11:009,3,Severe_Damage,L3_S3,-368,1538,14550,12428,950,1639,0,-317.66
10820,20:30:11:019,3,Severe_Damage,L3_S3,-3128,2150,17498,12608,-155,2044,0,2630.34
10821,20:30:11:029,3,Severe_Damage,L3_S3,-2216,2842,21068,11737,785,1610,0,6200.34
10822,20:30:11:039,3,Severe_Damage,L3_S3,-2920,3170,23550,9697,419,1416,0,8682.34
10823,20:30:11:049,3,Severe_Damage,L3_S3,-3878,3480,25018,6754,-112,1065,0,10150.34
10824,20:30:11:059,3,Severe_Damage,L3_S3,-2458,3618,26266,3283,866,241,0,11398.34
10825,20:30:11:069,3,Severe_Damage,L3_S3,-4140,3538,25450,-574,-271,-37,0,10582.34
10826,20:30:11:079,3,Severe_Damage,L3_S3,-2894,3408,24448,-4299,26,-814,0,9580.34
10827,20:30:11:089,3,Severe_Damage,L3_S3,-2776,3060,22206,-7550,414,-1331,0,7338.34
10828,20:30:11:099,3,Severe_Damage,L3_S3,-3042,2446,19292,-10293,-877,-1572,0,4424.34
10829,20:30:11:109,3,Severe_Damage,L3_S3,-1266,1984,16362,-11763,209,-2063,0,1494.34
10830,20:30:11:119,3,Severe_Damage,L3_S3,-2084,1066,12782,-12473,-711,-1931,0,-2085.66
10831,20:30:11:129,3,Severe_Damage,L3_S3,-654,540,10000,-11814,-319,-1979,0,-4867.66
10832,20:30:11:139,3,Severe_Damage,L3_S3,-480,-206,7296,-10181,-418,-1660,0,-7571.66
10833,20:30:11:149,3,Severe_Damage,L3_S3,-852,-768,5312,-7628,-346,-1225,0,-9555.66
10834,20:30:11:159,3,Severe_Damage,L3_S3,670,-906,4508,-4345,-163,-833,0,-10359.66
10835,20:30:11:169,3,Severe_Damage,L3_S3,-1074,-1096,4220,-844,-209,-119,0,-10647.66
10836,20:30:11:179,3,Severe_Damage,L3_S3,548,-640,5532,2875,248,243,0,-9335.66
10837,20:30:11:189,3,Severe_Damage,L3_S3,-1204,-320,7122,6064,-64,930,1,-7745.66
10838,20:30:11:199,3,Severe_Damage,L3_S3,-544,394,9758,8821,444,1213,1,-5109.66
10839,20:30:11:209,3,Severe_Damage,L3_S3,-1484,1022,12746,10592,258,1568,0,-2121.66
10840,20:30:11:219,3,Severe_Damage,L3_S3,-2120,1684,15802,11370,313,1693,0,934.34
10841,20:30:11:229,3,Severe_Damage,L3_S3,-1934,2356,18986,11120,585,1563,0,4118.34
10842,20:30:11:239,3,Severe_Damage,L3_S3,-3242,2750,21352,9719,111,1505,0,6484.34
10843,20:30:11:249,3,Severe_Damage,L3_S3,-2638,3172,23582,7533,591,995,0,8714.34
10844,20:30:11:259,3,Severe_Damage,L3_S3,-3376,3254,24584,4541,183,652,0,9716.34
10845,20:30:11:269,3,Severe_Damage,L3_S3,-3408,3358,24894,1218,114,117,0,10026.34
10846,20:30:11:279,3,Severe_Damage,L3_S3,-2782,3266,24236,-2216,382,-509,0,9368.34
10847,20:30:11:289,3,Severe_Damage,L3_S3,-3336,2962,22460,-5436,-275,-861,0,7592.34
10848,20:30:11:299,3,Severe_Damage,L3_S3,-2278,2578,20322,-8098,93,-1427,0,5454.34
10849,20:30:11:309,3,Severe_Damage,L3_S3,-2314,2034,17476,-10077,-299,-1641,0,2608.34
10850,20:30:11:319,3,Severe_Damage,L3_S3,-1862,1490,14520,-11046,-366,-1794,0,-347.66
10851,20:30:11:329,3,Severe_Damage,L3_S3,-890,868,11792,-11048,-236,-1866,0,-3075.66
10852,20:30:11:339,3,Severe_Damage,L3_S3,-1350,164,9068,-10062,-549,-1582,0,-5799.66
10853,20:30:11:349,3,Severe_Damage,L3_S3,-38,-284,7160,-8086,-174,-1399,0,-7707.66
10854,20:30:11:359,3,Severe_Damage,L3_S3,-748,-688,5668,-5484,-387,-881,0,-9199.66
10855,20:30:11:369,3,Severe_Damage,L3_S3,-16,-722,5366,-2347,-74,-485,0,-9501.66
10856,20:30:11:379,3,Severe_Damage,L3_S3,-346,-774,5664,907,-80,65,0,-9203.66
10857,20:30:11:389,3,Severe_Damage,L3_S3,-786,-408,7042,4066,108,540,0,-7825.66
10858,20:30:11:399,3,Severe_Damage,L3_S3,-504,62,9148,6796,253,912,0,-5719.66
10859,20:30:11:409,3,Severe_Damage,L3_S3,-1620,726,11496,8816,134,1323,0,-3371.66
10860,20:30:11:419,3,Severe_Damage,L3_S3,-1262,1358,14468,10007,497,1400,0,-399.66
10861,20:30:11:429,3,Severe_Damage,L3_S3,-2396,1918,17128,10201,214,1536,0,2260.34
10862,20:30:11:439,3,Severe_Damage,L3_S3,-2426,2434,19710,9468,411,1351,0,4842.34
10863,20:30:11:449,3,Severe_Damage,L3_S3,-2666,2748,21846,7832,386,1103,0,6978.34
10864,20:30:11:459,3,Severe_Damage,L3_S3,-3202,2996,23248,5422,141,782,0,8380.34
10865,20:30:11:469,3,Severe_Damage,L3_S3,-2898,3124,23922,2620,440,257,0,9054.34
10866,20:30:11:479,3,Severe_Damage,L3_S3,-3240,3046,23634,-539,-9,-141,0,8766.34
10867,20:30:11:489,3,Severe_Damage,L3_S3,-2906,2858,22586,-3536,117,-661,0,7718.34
10868,20:30:11:499,3,Severe_Damage,L3_S3,-2538,2628,20808,-6204,41,-1077,0,5940.34
10869,20:30:11:509,3,Severe_Damage,L3_S3,-2566,2226,18418,-8341,-287,-1357,0,3550.34
10870,20:30:11:519,3,Severe_Damage,L3_S3,-1624,1670,16026,-9657,-135,-1638,0,1158.34
10871,20:30:11:529,3,Severe_Damage,L3_S3,-1712,1124,13202,-10083,-404,-1624,0,-1665.66
10872,20:30:11:539,3,Severe_Damage,L3_S3,-1044,534,10774,-9603,-296,-1601,0,-4093.66
10873,20:30:11:549,3,Severe_Damage,L3_S3,-724,-38,8690,-8257,-346,-1367,0,-6177.66
10874,20:30:11:559,3,Severe_Damage,L3_S3,-718,-342,7140,-6146,-275,-1024,0,-7727.66
10875,20:30:11:569,3,Severe_Damage,L3_S3,-174,-626,6460,-3522,-141,-665,0,-8407.66
10876,20:30:11:579,3,Severe_Damage,L3_S3,-728,-614,6312,-612,-153,-152,0,-8555.66
10877,20:30:11:589,3,Severe_Damage,L3_S3,-224,-390,7206,2311,100,225,0,-7661.66
10878,20:30:11:599,3,Severe_Damage,L3_S3,-992,-44,8694,4962,76,697,0,-6173.66
10879,20:30:11:609,3,Severe_Damage,L3_S3,-964,518,10742,7149,260,997,0,-4125.66
10880,20:30:11:619,3,Severe_Damage,L3_S3,-1478,986,13180,8567,263,1241,0,-1687.66
10881,20:30:11:629,3,Severe_Damage,L3_S3,-1942,1566,15724,9193,298,1340,0,856.34
10882,20:30:11:639,3,Severe_Damage,L3_S3,-2048,2072,18274,8924,393,1264,0,3406.34
10883,20:30:11:649,3,Severe_Damage,L3_S3,-2736,2378,20258,7813,240,1150,0,5390.34
10884,20:30:11:659,3,Severe_Damage,L3_S3,-2638,2716,22030,5979,367,805,0,7162.34
10885,20:30:11:669,3,Severe_Damage,L3_S3,-3002,2858,22768,3553,199,463,0,7900.34
10886,20:30:11:679,3,Severe_Damage,L3_S3,-3022,2906,22964,856,144,36,0,8096.34
10887,20:30:11:689,3,Severe_Damage,L3_S3,-2786,2754,22374,-1931,165,-419,0,7506.34
10888,20:30:11:699,3,Severe_Damage,L3_S3,-2904,2550,20980,-4525,-82,-776,0,6112.34
10889,20:30:11:709,3,Severe_Damage,L3_S3,-2288,2242,19218,-6676,-30,-1156,0,4350.34
10890,20:30:11:719,3,Severe_Damage,L3_S3,-2160,1816,16940,-8261,-229,-1374,0,2072.34
10891,20:30:11:730,3,Severe_Damage,L3_S3,-1758,1318,14546,-9026,-301,-1495,0,-321.66
10892,20:30:11:739,3,Severe_Damage,L3_S3,-1250,816,12156,-8957,-230,-1493,0,-2711.66
10893,20:30:11:749,3,Severe_Damage,L3_S3,-1166,280,10006,-8111,-360,-1325,0,-4861.66
10894,20:30:11:759,3,Severe_Damage,L3_S3,-568,-136,8504,-6521,-218,-1119,0,-6363.66
10895,20:30:11:769,3,Severe_Damage,L3_S3,-746,-328,7442,-4336,-201,-741,0,-7425.66
10896,20:30:11:779,3,Severe_Damage,L3_S3,-374,-462,7166,-1820,-81,-379,0,-7701.66
10897,20:30:11:789,3,Severe_Damage,L3_S3,-668,-368,7490,860,-18,46,0,-7377.66
10898,20:30:11:799,3,Severe_Damage,L3_S3,-782,-162,8642,3343,80,420,0,-6225.66
10899,20:30:11:809,3,Severe_Damage,L3_S3,-952,312,10206,5582,214,757,0,-4661.66
10900,20:30:11:819,3,Severe_Damage,L3_S3,-1506,744,12264,7162,195,1029,0,-2603.66
10901,20:30:11:829,3,Severe_Damage,L3_S3,-1508,1258,14628,8109,317,1151,0,-239.66
10902,20:30:11:839,3,Severe_Damage,L3_S3,-2162,1662,16918,8199,295,1191,0,2050.34
10903,20:30:11:849,3,Severe_Damage,L3_S3,-2344,2204,18902,7596,302,1081,0,4034.34
10904,20:30:11:859,3,Severe_Damage,L3_S3,-2558,2428,20624,6190,293,854,0,5756.34
10905,20:30:11:869,3,Severe_Damage,L3_S3,-2910,2656,21708,4263,186,579,0,6840.34
10906,20:30:11:879,3,Severe_Damage,L3_S3,-2740,2686,22230,1898,218,188,0,7362.34
10907,20:30:11:889,3,Severe_Damage,L3_S3,-2960,2692,21944,-597,73,-176,0,7076.34
10908,20:30:11:899,3,Severe_Damage,L3_S3,-2710,2512,21094,-3063,35,-579,0,6226.34
10909,20:30:11:909,3,Severe_Damage,L3_S3,-2462,2296,19576,-5172,-31,-908,0,4708.34
10910,20:30:11:920,3,Severe_Damage,L3_S3,-2300,1960,17610,-6873,-182,-1154,0,2742.34
10911,20:30:11:930,3,Severe_Damage,L3_S3,-1760,1422,15704,-7942,-203,-1339,0,836.34
10912,20:30:11:939,3,Severe_Damage,L3_S3,-1594,1074,13378,-8176,-260,-1347,0,-1489.66
10913,20:30:11:949,3,Severe_Damage,L3_S3,-1106,538,11488,-7785,-253,-1299,0,-3379.66
10914,20:30:11:959,3,Severe_Damage,L3_S3,-936,204,9656,-6608,-243,-1104,0,-5211.66
10915,20:30:11:969,3,Severe_Damage,L3_S3,-728,-132,8568,-4907,-201,-844,0,-6299.66
10916,20:30:11:979,3,Severe_Damage,L3_S3,-648,-240,7938,-2714,-68,-525,0,-6929.66
10917,20:30:11:989,3,Severe_Damage,L3_S3,-764,-304,7994,-368,-55,-143,0,-6873.66
10918,20:30:11:999,3,Severe_Damage,L3_S3,-706,-106,8752,2007,87,208,0,-6115.66
10919,20:30:12:009,3,Severe_Damage,L3_S3,-1076,142,10026,4123,114,554,0,-4841.66
10920,20:30:12:019,3,Severe_Damage,L3_S3,-1226,600,11658,5871,223,811,0,-3209.66
10921,20:30:12:029,3,Severe_Damage,L3_S3,-1548,1054,13626,6978,252,987,0,-1241.66
10922,20:30:12:039,3,Severe_Damage,L3_S3,-1884,1466,15766,7417,253,1060,0,898.34
10923,20:30:12:050,3,Severe_Damage,L3_S3,-2420,2174,19386,6212,205,885,0,4518.34
10924,20:30:12:059,3,Severe_Damage,L3_S3,-2590,2432,20660,4672,254,626,0,5792.34
10925,20:30:12:069,3,Severe_Damage,L3_S3,-2776,2564,21374,2702,153,329,0,6506.34
10926,20:30:12:079,3,Severe_Damage,L3_S3,-2766,2562,21448,467,88,-20,0,6580.34
10927,20:30:12:089,3,Severe_Damage,L3_S3,-2638,2472,20912,-1787,78,-379,0,6044.34
10928,20:30:12:099,3,Severe_Damage,L3_S3,-2498,2240,19804,-3886,-88,-685,0,4936.34
10929,20:30:12:109,3,Severe_Damage,L3_S3,-2234,1946,18248,-5579,-64,-966,0,3380.34
10930,20:30:12:120,3,Severe_Damage,L3_S3,-2082,1630,16364,-6818,-185,-1145,0,1496.34
10931,20:30:12:130,3,Severe_Damage,L3_S3,-1670,1150,14508,-7424,-250,-1239,0,-359.66
10932,20:30:12:139,3,Severe_Damage,L3_S3,-1360,854,12534,-7243,-164,-1222,0,-2333.66
10933,20:30:12:150,3,Severe_Damage,L3_S3,-1172,370,10874,-6539,-266,-1098,0,-3993.66
10934,20:30:12:159,3,Severe_Damage,L3_S3,-834,62,9666,-5174,-161,-896,0,-5201.66
10935,20:30:12:169,3,Severe_Damage,L3_S3,-888,-106,8802,-3391,-115,-607,0,-6065.66
10936,20:30:12:179,3,Severe_Damage,L3_S3,-734,-142,8592,-1288,-13,-294,0,-6275.66
10937,20:30:12:189,3,Severe_Damage,L3_S3,-842,-28,8898,859,29,42,0,-5969.66
10938,20:30:12:199,3,Severe_Damage,L3_S3,-1018,144,9860,2879,114,364,0,-5007.66
10939,20:30:12:209,3,Severe_Damage,L3_S3,-1096,436,11250,4636,174,619,0,-3617.66
10940,20:30:12:219,3,Severe_Damage,L3_S3,-1492,862,12910,5927,225,834,0,-1957.66
10941,20:30:12:229,3,Severe_Damage,L3_S3,-1648,1218,14884,6572,248,911,0,16.34
10942,20:30:12:239,3,Severe_Damage,L3_S3,-2066,1626,16688,6626,242,939,0,1820.34
10943,20:30:12:249,3,Severe_Damage,L3_S3,-2272,1914,18414,6011,263,827,0,3546.34
10944,20:30:12:259,3,Severe_Damage,L3_S3,-2474,2238,19668,4897,207,666,0,4800.34
10945,20:30:12:269,3,Severe_Damage,L3_S3,-2612,2338,20508,3203,136,407,0,5640.34
10946,20:30:12:279,3,Severe_Damage,L3_S3,-2616,2432,20824,1312,124,106,0,5956.34
10947,20:30:12:289,3,Severe_Damage,L3_S3,-2634,2380,20620,-770,17,-212,0,5752.34
10948,20:30:12:300,3,Severe_Damage,L3_S3,-2516,2266,19852,-2722,-39,-525,0,4984.34
10949,20:30:12:309,3,Severe_Damage,L3_S3,-2300,2010,18540,-4442,-82,-791,0,3672.34
10950,20:30:12:320,3,Severe_Damage,L3_S3,-2120,1722,16928,-5750,-142,-977,0,2060.34
10951,20:30:12:330,3,Severe_Damage,L3_S3,-1748,1362,15254,-6558,-172,-1119,0,386.34
10952,20:30:12:340,3,Severe_Damage,L3_S3,-1490,988,13518,-6721,-218,-1124,0,-1349.66
10953,20:30:12:350,3,Severe_Damage,L3_S3,-1312,610,11904,-6268,-147,-1066,0,-2963.66
10954,20:30:12:359,3,Severe_Damage,L3_S3,-1076,320,10508,-5279,-191,-901,0,-4359.66
10955,20:30:12:369,3,Severe_Damage,L3_S3,-966,54,9662,-3831,-101,-684,0,-5205.66
10956,20:30:12:379,3,Severe_Damage,L3_S3,-832,-84,9180,-2011,-27,-402,0,-5687.66
10957,20:30:12:389,3,Severe_Damage,L3_S3,-914,-78,9296,-82,22,-98,0,-5571.66
10958,20:30:12:399,3,Severe_Damage,L3_S3,-924,122,9958,1834,104,181,0,-4909.66
10959,20:30:12:409,3,Severe_Damage,L3_S3,-1178,392,11044,3529,135,452,0,-3823.66
10960,20:30:12:419,3,Severe_Damage,L3_S3,-1306,698,12478,4910,207,661,0,-2389.66
10961,20:30:12:429,3,Severe_Damage,L3_S3,-1658,1064,14160,5742,233,798,0,-707.66
10962,20:30:12:439,3,Severe_Damage,L3_S3,-1796,1444,15876,6019,208,851,0,1008.34
10963,20:30:12:449,3,Severe_Damage,L3_S3,-2060,1742,17492,5721,243,784,0,2624.34
10964,20:30:12:459,3,Severe_Damage,L3_S3,-2354,2004,18744,4894,192,663,0,3876.34
10965,20:30:12:469,3,Severe_Damage,L3_S3,-2456,2182,19758,3585,146,457,0,4890.34
10966,20:30:12:479,3,Severe_Damage,L3_S3,-2612,2238,20238,1915,101,200,0,5370.34
10967,20:30:12:489,3,Severe_Damage,L3_S3,-2504,2270,20226,85,23,-73,0,5358.34
10968,20:30:12:499,3,Severe_Damage,L3_S3,-2506,2162,19686,-1756,6,-363,0,4818.34
10969,20:30:12:510,3,Severe_Damage,L3_S3,-2354,1982,18676,-3417,-97,-615,0,3808.34
10970,20:30:12:520,3,Severe_Damage,L3_S3,-2060,1742,17444,-4780,-89,-843,0,2576.34
10971,20:30:12:530,3,Severe_Damage,L3_S3,-1984,1496,15822,-5690,-129,-981,0,954.34
10972,20:30:12:540,3,Severe_Damage,L3_S3,-1646,1050,14354,-6145,-206,-1047,0,-513.66
10973,20:30:12:550,3,Severe_Damage,L3_S3,-1386,764,12664,-5882,-119,-1009,0,-2203.66
10974,20:30:12:560,3,Severe_Damage,L3_S3,-1188,452,11432,-5254,-163,-899,0,-3435.66
10975,20:30:12:570,3,Severe_Damage,L3_S3,-1028,256,10350,-4043,-108,-718,0,-4517.66
10976,20:30:12:579,3,Severe_Damage,L3_S3,-964,54,9908,-2578,-47,-486,0,-4959.66
10977,20:30:12:589,3,Severe_Damage,L3_S3,-922,14,9720,-805,13,-221,0,-5147.66
10978,20:30:12:599,3,Severe_Damage,L3_S3,-968,158,10110,933,62,51,0,-4757.66
10979,20:30:12:609,3,Severe_Damage,L3_S3,-1128,300,10986,2571,122,306,0,-3881.66
10980,20:30:12:619,3,Severe_Damage,L3_S3,-1318,588,12160,3953,172,517,0,-2707.66
10981,20:30:12:629,3,Severe_Damage,L3_S3,-1576,922,13540,4927,188,681,0,-1327.66
10982,20:30:12:639,3,Severe_Damage,L3_S3,-1776,1236,15182,5372,205,742,0,314.34
10983,20:30:12:649,3,Severe_Damage,L3_S3,-1982,1534,16628,5337,203,736,0,1760.34
10984,20:30:12:659,3,Severe_Damage,L3_S3,-2184,1804,17948,4775,196,653,0,3080.34
10985,20:30:12:669,3,Severe_Damage,L3_S3,-2378,1994,18976,3744,146,495,0,4108.34
10986,20:30:12:679,3,Severe_Damage,L3_S3,-2470,2166,19524,2357,115,285,0,4656.34
10987,20:30:12:689,3,Severe_Damage,L3_S3,-2490,2188,19810,740,65,24,0,4942.34
10988,20:30:12:699,3,Severe_Damage,L3_S3,-2426,2134,19504,-941,15,-239,0,4636.34
10989,20:30:12:710,3,Severe_Damage,L3_S3,-2320,2024,18802,-2521,-44,-485,0,3934.34
10990,20:30:12:720,3,Severe_Damage,L3_S3,-2174,1740,17694,-3879,-68,-692,0,2826.34
10991,20:30:12:730,3,Severe_Damage,L3_S3,-1950,1534,16264,-4878,-91,-849,0,1396.34
10992,20:30:12:740,3,Severe_Damage,L3_S3,-1684,1212,14850,-5458,-142,-946,0,-17.66
10993,20:30:12:750,3,Severe_Damage,L3_S3,-1492,890,13582,-5513,-156,-948,0,-1285.66
10994,20:30:12:759,3,Severe_Damage,L3_S3,-1340,620,12212,-5032,-97,-869,0,-2655.66
10995,20:30:12:770,3,Severe_Damage,L3_S3,-1182,404,11146,-4156,-139,-737,0,-3721.66
10996,20:30:12:780,3,Severe_Damage,L3_S3,-1118,156,10484,-2916,-59,-549,0,-4383.66
10997,20:30:12:789,3,Severe_Damage,L3_S3,-1060,174,10158,-1394,-3,-312,0,-4709.66
10998,20:30:12:799,3,Severe_Damage,L3_S3,-1010,162,10402,190,19,-60,0,-4465.66
10999,20:30:12:810,3,Severe_Damage,L3_S3,-1150,356,10904,1748,106,173,0,-3963.66
11000,20:30:12:819,3,Severe_Damage,L3_S3,-1270,518,11998,3075,114,375,0,-2869.66
11001,20:30:12:829,3,Severe_Damage,L3_S3,-1432,796,13166,4142,167,540,0,-1701.66
11002,20:30:12:840,3,Severe_Damage,L3_S3,-1718,1070,14544,4721,185,639,0,-323.66
11003,20:30:12:850,3,Severe_Damage,L3_S3,-1838,1432,15928,4882,174,670,0,1060.34
11004,20:30:12:860,3,Severe_Damage,L3_S3,-2094,1644,17220,4534,192,616,0,2352.34
11005,20:30:12:869,3,Severe_Damage,L3_S3,-2242,1882,18178,3784,135,491,0,3310.34
11006,20:30:12:879,3,Severe_Damage,L3_S3,-2352,2020,18878,2622,124,324,0,4010.34
11007,20:30:12:889,3,Severe_Damage,L3_S3,-2362,2118,19236,1245,84,112,0,4368.34
11008,20:30:12:899,3,Severe_Damage,L3_S3,-2398,2006,19170,-274,32,-135,0,4302.34
11009,20:30:12:910,3,Severe_Damage,L3_S3,-2270,1958,18636,-1767,-10,-372,0,3768.34
11010,20:30:12:920,3,Severe_Damage,L3_S3,-2224,1812,17874,-3084,-57,-573,0,3006.34
11011,20:30:12:930,3,Severe_Damage,L3_S3,-1962,1558,16586,-4115,-74,-731,0,1718.34
11012,20:30:12:940,3,Severe_Damage,L3_S3,-1830,1292,15382,-4782,-90,-832,0,514.34
11013,20:30:12:950,3,Severe_Damage,L3_S3,-1598,964,14228,-5052,-137,-875,0,-639.66
11014,20:30:12:960,3,Severe_Damage,L3_S3,-1382,802,12834,-4751,-106,-829,0,-2033.66
11015,20:30:12:970,3,Severe_Damage,L3_S3,-1298,474,11902,-4138,-100,-736,0,-2965.66
11016,20:30:12:980,3,Severe_Damage,L3_S3,-1168,356,11098,-3086,-87,-567,0,-3769.66
11017,20:30:12:990,3,Severe_Damage,L3_S3,-1108,260,10734,-1845,-12,-380,0,-4133.66
11018,20:30:12:999,3,Severe_Damage,L3_S3,-1134,272,10696,-373,21,-147,0,-4171.66
11019,20:30:13:009,3,Severe_Damage,L3_S3,-1100,328,11096,1019,57,63,0,-3771.66
11020,20:30:13:019,3,Severe_Damage,L3_S3,-1274,512,11804,2336,119,270,0,-3063.66
11021,20:30:13:029,3,Severe_Damage,L3_S3,-1392,726,12872,3379,115,422,0,-1995.66
11022,20:30:13:039,3,Severe_Damage,L3_S3,-1574,950,14096,4077,168,541,0,-771.66
11023,20:30:13:050,3,Severe_Damage,L3_S3,-1812,1302,15266,4408,182,592,0,398.34
11024,20:30:13:060,3,Severe_Damage,L3_S3,-1944,1470,16644,4197,134,554,0,1776.34
11025,20:30:13:070,3,Severe_Damage,L3_S3,-2182,1704,17548,3706,177,478,0,2680.34
11026,20:30:13:080,3,Severe_Damage,L3_S3,-2214,1782,18414,2751,101,332,0,3546.34
11027,20:30:13:090,3,Severe_Damage,L3_S3,-2372,2042,18758,1619,101,157,0,3890.34
11028,20:30:13:099,3,Severe_Damage,L3_S3,-2282,1960,18838,233,36,-54,0,3970.34
11029,20:30:13:109,3,Severe_Damage,L3_S3,-2298,1920,18488,-1101,9,-252,0,3620.34
11030,20:30:13:120,3,Severe_Damage,L3_S3,-2218,1782,17852,-2381,-41,-455,0,2984.34
11031,20:30:13:130,3,Severe_Damage,L3_S3,-2046,1586,16926,-3405,-60,-622,0,2058.34
11032,20:30:13:140,3,Severe_Damage,L3_S3,-1894,1396,15796,-4145,-78,-730,0,928.34
11033,20:30:13:150,3,Severe_Damage,L3_S3,-1708,1138,14596,-4512,-93,-792,0,-271.66
11034,20:30:13:160,3,Severe_Damage,L3_S3,-1504,880,13476,-4477,-120,-787,0,-1391.66
11035,20:30:13:170,3,Severe_Damage,L3_S3,-1396,678,12466,-3967,-54,-706,0,-2401.66
11036,20:30:13:180,3,Severe_Damage,L3_S3,-1214,500,11654,-3188,-93,-589,0,-3213.66
11037,20:30:13:190,3,Severe_Damage,L3_S3,-1148,338,11188,-2109,-51,-420,0,-3679.66
11038,20:30:13:199,3,Severe_Damage,L3_S3,-1198,336,11086,-845,22,-227,0,-3781.66
11039,20:30:13:209,3,Severe_Damage,L3_S3,-1136,364,11290,451,21,-24,0,-3577.66
11040,20:30:13:219,3,Severe_Damage,L3_S3,-1326,482,11884,1667,98,162,0,-2983.66
11041,20:30:13:229,3,Severe_Damage,L3_S3,-1402,674,12758,2711,108,325,0,-2109.66
11042,20:30:13:240,3,Severe_Damage,L3_S3,-1582,884,13746,3466,135,444,0,-1121.66
11043,20:30:13:250,3,Severe_Damage,L3_S3,-1720,1136,14992,3855,175,508,0,124.34
11044,20:30:13:260,3,Severe_Damage,L3_S3,-1920,1436,16010,3922,159,520,0,1142.34
11045,20:30:13:270,3,Severe_Damage,L3_S3,-1988,1544,17032,3489,117,450,0,2164.34
11046,20:30:13:280,3,Severe_Damage,L3_S3,-2256,1758,17788,2815,144,350,0,2920.34
11047,20:30:13:290,3,Severe_Damage,L3_S3,-2248,1836,18366,1820,80,187,0,3498.34
11048,20:30:13:299,3,Severe_Damage,L3_S3,-2294,1862,18468,660,65,10,0,3600.34
11049,20:30:13:310,3,Severe_Damage,L3_S3,-2220,1872,18300,-584,18,-184,0,3432.34
11050,20:30:13:320,3,Severe_Damage,L3_S3,-2200,1734,17806,-1771,-11,-374,0,2938.34
11051,20:30:13:330,3,Severe_Damage,L3_S3,-2102,1604,16994,-2774,-44,-527,0,2126.34
11052,20:30:13:340,3,Severe_Damage,L3_S3,-1924,1400,16104,-3553,-72,-652,0,1236.34
11053,20:30:13:350,3,Severe_Damage,L3_S3,-1770,1220,14954,-3981,-63,-712,0,86.34
11054,20:30:13:360,3,Severe_Damage,L3_S3,-1596,916,14034,-4131,-98,-732,0,-833.66
11055,20:30:13:370,3,Severe_Damage,L3_S3,-1422,814,12898,-3763,-88,-672,0,-1969.66
11056,20:30:13:380,3,Severe_Damage,L3_S3,-1374,592,12262,-3192,-49,-583,0,-2605.66
11057,20:30:13:390,3,Severe_Damage,L3_S3,-1208,502,11678,-2258,-66,-435,0,-3189.66
11058,20:30:13:400,3,Severe_Damage,L3_S3,-1186,428,11488,-1218,-8,-284,0,-3379.66
11059,20:30:13:409,3,Severe_Damage,L3_S3,-1282,456,11530,-4,51,-94,0,-3337.66
11060,20:30:13:419,3,Severe_Damage,L3_S3,-1212,498,11974,1095,44,77,0,-2893.66
11061,20:30:13:430,3,Severe_Damage,L3_S3,-1458,694,12618,2123,121,236,0,-2249.66
11062,20:30:13:440,3,Severe_Damage,L3_S3,-1482,856,13534,2885,97,349,0,-1333.66
11063,20:30:13:450,3,Severe_Damage,L3_S3,-1730,1056,14534,3364,144,420,0,-333.66
11064,20:30:13:460,3,Severe_Damage,L3_S3,-1866,1228,15558,3513,153,447,0,690.34
11065,20:30:13:470,3,Severe_Damage,L3_S3,-1942,1492,16484,3313,132,423,0,1616.34
11066,20:30:13:480,3,Severe_Damage,L3_S3,-2136,1632,17208,2752,114,330,0,2340.34
11067,20:30:13:490,3,Severe_Damage,L3_S3,-2230,1748,17892,1943,98,205,0,3024.34
11068,20:30:13:499,3,Severe_Damage,L3_S3,-2242,1814,18068,959,64,54,0,3200.34
11069,20:30:13:510,3,Severe_Damage,L3_S3,-2212,1744,18072,-172,37,-122,0,3204.34
11070,20:30:13:520,3,Severe_Damage,L3_S3,-2188,1738,17740,-1231,7,-284,0,2872.34
11071,20:30:13:530,3,Severe_Damage,L3_S3,-2070,1566,17156,-2245,-46,-439,0,2288.34
11072,20:30:13:540,3,Severe_Damage,L3_S3,-1912,1436,16292,-2982,-40,-559,0,1424.34
11073,20:30:13:550,3,Severe_Damage,L3_S3,-1830,1216,15374,-3528,-61,-645,0,506.34
11074,20:30:13:560,3,Severe_Damage,L3_S3,-1690,1118,14354,-3687,-61,-660,0,-513.66
11075,20:30:13:570,3,Severe_Damage,L3_S3,-1510,804,13436,-3596,-87,-642,0,-1431.66
11076,20:30:13:580,3,Severe_Damage,L3_S3,-1362,688,12686,-3074,-57,-565,0,-2181.66
11077,20:30:13:590,3,Severe_Damage,L3_S3,-1414,526,12134,-2366,-20,-460,0,-2733.66
11078,20:30:13:600,3,Severe_Damage,L3_S3,-1210,532,11802,-1427,-43,-307,0,-3065.66
11079,20:30:13:610,3,Severe_Damage,L3_S3,-1244,468,11872,-423,32,-156,0,-2995.66
11080,20:30:13:619,3,Severe_Damage,L3_S3,-1322,530,12102,662,71,10,0,-2765.66
11081,20:30:13:630,3,Severe_Damage,L3_S3,-1374,590,12736,1580,68,156,0,-2131.66
11082,20:30:13:640,3,Severe_Damage,L3_S3,-1540,860,13462,2381,129,278,0,-1405.66
11083,20:30:13:650,3,Severe_Damage,L3_S3,-1582,996,14278,2894,100,352,0,-589.66
11084,20:30:13:660,3,Severe_Damage,L3_S3,-1744,1240,15250,3123,134,381,0,382.34
11085,20:30:13:670,3,Severe_Damage,L3_S3,-1942,1434,16038,3062,140,379,0,1170.34
11086,20:30:13:680,3,Severe_Damage,L3_S3,-2004,1490,16832,2643,96,320,0,1964.34
11087,20:30:13:690,3,Severe_Damage,L3_S3,-2156,1716,17366,2005,105,220,0,2498.34
11088,20:30:13:700,3,Severe_Damage,L3_S3,-2138,1718,17762,1111,69,82,0,2894.34
11089,20:30:13:710,3,Severe_Damage,L3_S3,-2170,1754,17674,187,42,-59,0,2806.34
11090,20:30:13:720,3,Severe_Damage,L3_S3,-2108,1712,17600,-838,9,-225,0,2732.34
11091,20:30:13:730,3,Severe_Damage,L3_S3,-2068,1620,17070,-1733,-7,-364,0,2202.34
11092,20:30:13:740,3,Severe_Damage,L3_S3,-1944,1444,16376,-2531,-45,-484,0,1508.34
11093,20:30:13:750,3,Severe_Damage,L3_S3,-1822,1312,15562,-3038,-38,-563,0,694.34
11094,20:30:13:760,3,Severe_Damage,L3_S3,-1732,1100,14748,-3332,-44,-611,0,-119.66
11095,20:30:13:770,3,Severe_Damage,L3_S3,-1576,972,13840,-3271,-65,-599,0,-1027.66
11096,20:30:13:780,3,Severe_Damage,L3_S3,-1462,672,13194,-3008,-73,-554,0,-1673.66
11097,20:30:13:790,3,Severe_Damage,L3_S3,-1400,692,12492,-2344,-16,-454,0,-2375.66
11098,20:30:13:800,3,Severe_Damage,L3_S3,-1336,560,12206,-1596,-27,-346,0,-2661.66
11099,20:30:13:810,3,Severe_Damage,L3_S3,-1356,600,12070,-661,16,-196,0,-2797.66
11100,20:30:13:819,3,Severe_Damage,L3_S3,-1362,522,12300,251,43,-61,0,-2567.66
11101,20:30:13:830,3,Severe_Damage,L3_S3,-1388,664,12700,1164,60,89,0,-2167.66
11102,20:30:13:840,3,Severe_Damage,L3_S3,-1490,798,13304,1905,96,204,0,-1563.66
11103,20:30:13:850,3,Severe_Damage,L3_S3,-1568,980,14070,2467,89,290,0,-797.66
11104,20:30:13:860,3,Severe_Damage,L3_S3,-1726,1150,14910,2755,122,335,0,42.34
11105,20:30:13:870,3,Severe_Damage,L3_S3,-1856,1320,15714,2762,108,331,0,846.34
11106,20:30:13:880,3,Severe_Damage,L3_S3,-1978,1418,16516,2489,97,284,0,1648.34
11107,20:30:13:890,3,Severe_Damage,L3_S3,-2090,1656,16926,2025,119,223,0,2058.34
11108,20:30:13:900,3,Severe_Damage,L3_S3,-2054,1620,17340,1217,21,95,0,2472.34
11109,20:30:13:910,3,Severe_Damage,L3_S3,-2168,1684,17426,421,86,-32,0,2558.34
11110,20:30:13:920,3,Severe_Damage,L3_S3,-2084,1608,17368,-506,-3,-165,0,2500.34
11111,20:30:13:930,3,Severe_Damage,L3_S3,-2030,1592,16962,-1337,2,-295,0,2094.34
11112,20:30:13:940,3,Severe_Damage,L3_S3,-1946,1420,16476,-2095,-17,-422,0,1608.34
11113,20:30:13:950,3,Severe_Damage,L3_S3,-1840,1356,15724,-2633,-51,-501,0,856.34
11114,20:30:13:960,3,Severe_Damage,L3_S3,-1762,1120,14920,-2957,-10,-564,0,52.34
11115,20:30:13:970,3,Severe_Damage,L3_S3,-1640,990,14186,-2995,-81,-548,0,-681.66
11116,20:30:13:980,3,Severe_Damage,L3_S3,-1598,860,13512,-2784,-23,-526,0,-1355.66
11117,20:30:13:990,3,Severe_Damage,L3_S3,-1364,638,12990,-2378,-71,-464,0,-1877.66
11118,20:30:14:000,3,Severe_Damage,L3_S3,-1378,664,12528,-1632,14,-340,0,-2339.66
11119,20:30:14:010,3,Severe_Damage,L3_S3,-1254,546,12420,-899,7,-237,0,-2447.66
11120,20:30:14:020,3,Severe_Damage,L3_S3,-1368,668,12446,-14,22,-87,0,-2421.66
11121,20:30:14:030,3,Severe_Damage,L3_S3,-1426,672,12876,774,77,23,0,-1991.66
11122,20:30:14:040,3,Severe_Damage,L3_S3,-1526,808,13300,1529,62,149,0,-1567.66
11123,20:30:14:050,3,Severe_Damage,L3_S3,-1540,910,13886,2058,88,227,0,-981.66
11124,20:30:14:060,3,Severe_Damage,L3_S3,-1692,1104,14718,2407,109,274,0,-149.66
11125,20:30:14:070,3,Severe_Damage,L3_S3,-1828,1234,15418,2479,92,294,0,550.34
11126,20:30:14:080,3,Severe_Damage,L3_S3,-1902,1390,16150,2301,119,263,0,1282.34
11127,20:30:14:090,3,Severe_Damage,L3_S3,-2054,1456,16594,1923,87,211,0,1726.34
11128,20:30:14:100,3,Severe_Damage,L3_S3,-2066,1556,16976,1321,75,114,0,2108.34
11129,20:30:14:110,3,Severe_Damage,L3_S3,-2068,1576,17190,549,30,-10,0,2322.34
11130,20:30:14:120,3,Severe_Damage,L3_S3,-2206,1612,17166,-230,65,-127,0,2298.34
11131,20:30:14:130,3,Severe_Damage,L3_S3,-2008,1558,16918,-1006,-20,-248,0,2050.34
11132,20:30:14:140,3,Severe_Damage,L3_S3,-1962,1412,16524,-1726,-2,-361,0,1656.34
11133,20:30:14:150,3,Severe_Damage,L3_S3,-1896,1392,15806,-2249,-33,-446,0,938.34
11134,20:30:14:160,3,Severe_Damage,L3_S3,-1792,1192,15254,-2621,-30,-507,0,386.34
11135,20:30:14:170,3,Severe_Damage,L3_S3,-1638,1068,14430,-2717,-38,-515,0,-437.66
11136,20:30:14:180,3,Severe_Damage,L3_S3,-1578,930,13808,-2601,-35,-500,0,-1059.66
11137,20:30:14:190,3,Severe_Damage,L3_S3,-1514,858,13190,-2226,-30,-438,0,-1677.66
11138,20:30:14:200,3,Severe_Damage,L3_S3,-1366,646,12948,-1757,-40,-368,0,-1919.66
11139,20:30:14:210,3,Severe_Damage,L3_S3,-1424,704,12610,-966,44,-244,0,-2257.66
11140,20:30:14:220,3,Severe_Damage,L3_S3,-1338,602,12698,-297,-8,-141,0,-2169.66
11141,20:30:14:230,3,Severe_Damage,L3_S3,-1472,762,12890,513,68,-12,0,-1977.66
11142,20:30:14:240,3,Severe_Damage,L3_S3,-1448,802,13360,1141,70,85,0,-1507.66
11143,20:30:14:250,3,Severe_Damage,L3_S3,-1578,948,13864,1725,66,182,0,-1003.66
11144,20:30:14:260,3,Severe_Damage,L3_S3,-1648,1066,14570,2050,107,224,0,-297.66
11145,20:30:14:270,3,Severe_Damage,L3_S3,-1808,1182,15220,2212,88,252,0,352.34
11146,20:30:14:280,3,Severe_Damage,L3_S3,-1896,1308,15866,2106,104,237,0,998.34
11147,20:30:14:290,3,Severe_Damage,L3_S3,-1926,1410,16370,1808,82,184,0,1502.34
11148,20:30:14:300,3,Severe_Damage,L3_S3,-2068,1546,16604,1357,85,130,0,1736.34
11149,20:30:14:310,3,Severe_Damage,L3_S3,-1982,1538,16984,659,25,15,0,2116.34
11150,20:30:14:320,3,Severe_Damage,L3_S3,-2042,1580,16926,-12,54,-89,0,2058.34
11151,20:30:14:330,3,Severe_Damage,L3_S3,-2024,1438,16780,-747,2,-207,0,1912.34
11152,20:30:14:340,3,Severe_Damage,L3_S3,-1998,1418,16440,-1384,-6,-306,0,1572.34
11153,20:30:14:350,3,Severe_Damage,L3_S3,-1916,1314,15904,-1944,-14,-401,0,1036.34
11154,20:30:14:360,3,Severe_Damage,L3_S3,-1822,1188,15250,-2282,-22,-450,0,382.34
11155,20:30:14:370,3,Severe_Damage,L3_S3,-1700,1070,14684,-2459,-24,-477,0,-183.66
11156,20:30:14:380,3,Severe_Damage,L3_S3,-1614,962,14010,-2392,-30,-470,0,-857.66
11157,20:30:14:390,3,Severe_Damage,L3_S3,-1528,846,13484,-2129,-29,-425,0,-1383.66
11158,20:30:14:400,3,Severe_Damage,L3_S3,-1476,786,13090,-1681,-10,-358,0,-1777.66
11159,20:30:14:410,3,Severe_Damage,L3_S3,-1450,654,12990,-1151,-12,-270,0,-1877.66
11160,20:30:14:420,3,Severe_Damage,L3_S3,-1458,742,12788,-399,37,-151,0,-2079.66
11161,20:30:14:430,3,Severe_Damage,L3_S3,-1446,718,13104,211,41,-54,0,-1763.66
11162,20:30:14:440,3,Severe_Damage,L3_S3,-1500,858,13374,892,58,45,0,-1493.66
11163,20:30:14:450,3,Severe_Damage,L3_S3,-1544,856,13876,1372,90,111,0,-991.66
11164,20:30:14:460,3,Severe_Damage,L3_S3,-1682,1030,14376,1770,57,181,0,-491.66
11165,20:30:14:470,3,Severe_Damage,L3_S3,-1752,1120,15028,1918,100,202,0,160.34
11166,20:30:14:480,3,Severe_Damage,L3_S3,-1816,1272,15560,1918,85,200,0,692.34
11167,20:30:14:490,3,Severe_Damage,L3_S3,-1970,1366,16114,1676,78,167,0,1246.34
11168,20:30:14:500,3,Severe_Damage,L3_S3,-1888,1464,16502,1296,83,101,0,1634.34
11169,20:30:14:510,3,Severe_Damage,L3_S3,-2072,1532,16608,767,43,29,0,1740.34
11170,20:30:14:520,3,Severe_Damage,L3_S3,-1996,1522,16774,105,34,-76,0,1906.34
11171,20:30:14:530,3,Severe_Damage,L3_S3,-2016,1506,16612,-511,33,-173,0,1744.34
11172,20:30:14:540,3,Severe_Damage,L3_S3,-1944,1416,16320,-1108,-16,-266,0,1452.34
11173,20:30:14:550,3,Severe_Damage,L3_S3,-1884,1300,15880,-1628,0,-344,0,1012.34
11174,20:30:14:560,3,Severe_Damage,L3_S3,-1824,1220,15360,-1988,-30,-397,0,492.34
11175,20:30:14:570,3,Severe_Damage,L3_S3,-1758,1118,14790,-2195,-12,-434,0,-77.66
11176,20:30:14:580,3,Severe_Damage,L3_S3,-1634,1084,14198,-2187,-36,-429,0,-669.66
11177,20:30:14:590,3,Severe_Damage,L3_S3,-1518,888,13736,-2001,-30,-399,0,-1131.66
11178,20:30:14:600,3,Severe_Damage,L3_S3,-1462,794,13420,-1630,0,-345,0,-1447.66
11179,20:30:14:610,3,Severe_Damage,L3_S3,-1502,766,13196,-1147,6,-266,0,-1671.66
11180,20:30:14:620,3,Severe_Damage,L3_S3,-1368,666,13184,-598,-16,-194,0,-1683.66
11181,20:30:14:630,3,Severe_Damage,L3_S3,-1546,786,13182,67,76,-83,0,-1685.66
11182,20:30:14:640,3,Severe_Damage,L3_S3,-1508,766,13492,601,27,-2,0,-1375.66
11183,20:30:14:650,3,Severe_Damage,L3_S3,-1598,874,13726,1137,74,86,0,-1141.66
11184,20:30:14:660,3,Severe_Damage,L3_S3,-1614,994,14400,1461,79,139,0,-467.66
11185,20:30:14:670,3,Severe_Damage,L3_S3,-1740,1154,14852,1698,65,172,0,-15.66
11186,20:30:14:680,3,Severe_Damage,L3_S3,-1834,1220,15350,1698,95,159,0,482.34
11187,20:30:14:690,3,Severe_Damage,L3_S3,-1878,1322,15790,1552,62,149,0,922.34
11188,20:30:14:700,3,Severe_Damage,L3_S3,-1948,1376,16296,1212,80,92,0,1428.34
11189,20:30:14:710,3,Severe_Damage,L3_S3,-1992,1454,16502,764,53,28,0,1634.34
11190,20:30:14:720,3,Severe_Damage,L3_S3,-2034,1552,16460,261,48,-47,0,1592.34
11191,20:30:14:730,3,Severe_Damage,L3_S3,-1932,1434,16534,-377,4,-147,0,1666.34
11192,20:30:14:740,3,Severe_Damage,L3_S3,-1976,1432,16228,-885,26,-223,0,1360.34
11193,20:30:14:750,3,Severe_Damage,L3_S3,-1838,1332,15916,-1388,-24,-303,0,1048.34
11194,20:30:14:760,3,Severe_Damage,L3_S3,-1810,1252,15438,-1722,-6,-357,0,570.34
11195,20:30:14:770,3,Severe_Damage,L3_S3,-1704,1152,14950,-1952,-22,-391,0,82.34
11196,20:30:14:780,3,Severe_Damage,L3_S3,-1730,1036,14502,-1981,1,-408,0,-365.66
11197,20:30:14:790,3,Severe_Damage,L3_S3,-1614,958,13998,-1848,-42,-382,0,-869.66
11198,20:30:14:800,3,Severe_Damage,L3_S3,-1526,850,13662,-1566,4,-329,0,-1205.66
11199,20:30:14:810,3,Severe_Damage,L3_S3,-1474,842,13364,-1141,13,-269,0,-1503.66
11200,20:30:14:820,3,Severe_Damage,L3_S3,-1530,794,13228,-647,6,-194,0,-1639.66
11201,20:30:14:830,3,Severe_Damage,L3_S3,-1486,746,13370,-122,21,-110,0,-1497.66
11202,20:30:14:840,3,Severe_Damage,L3_S3,-1602,858,13558,448,72,-26,0,-1309.66
11203,20:30:14:850,3,Severe_Damage,L3_S3,-1524,884,13892,867,53,37,0,-975.66
11204,20:30:14:860,3,Severe_Damage,L3_S3,-1672,1032,14228,1252,76,104,0,-639.66
11205,20:30:14:870,3,Severe_Damage,L3_S3,-1688,1078,14736,1433,67,137,0,-131.66
11206,20:30:14:880,3,Severe_Damage,L3_S3,-1812,1228,15214,1522,73,145,0,346.34
11207,20:30:14:890,3,Severe_Damage,L3_S3,-1860,1260,15688,1389,76,120,0,820.34
11208,20:30:14:900,3,Severe_Damage,L3_S3,-1908,1352,16028,1144,65,82,0,1160.34
11209,20:30:14:910,3,Severe_Damage,L3_S3,-1970,1402,16272,747,54,19,0,1404.34
11210,20:30:14:920,3,Severe_Damage,L3_S3,-1910,1456,16398,293,41,-44,0,1530.34
11211,20:30:14:930,3,Severe_Damage,L3_S3,-1950,1412,16326,-225,25,-120,0,1458.34
11212,20:30:14:940,3,Severe_Damage,L3_S3,-1946,1344,16170,-727,11,-197,0,1302.34
11213,20:30:14:950,3,Severe_Damage,L3_S3,-1876,1334,15906,-1168,-1,-266,0,1038.34
11214,20:30:14:960,3,Severe_Damage,L3_S3,-1774,1196,15478,-1536,-15,-326,0,610.34
11215,20:30:14:970,3,Severe_Damage,L3_S3,-1714,1134,15058,-1732,-12,-361,0,190.34
11216,20:30:14:980,3,Severe_Damage,L3_S3,-1680,1038,14596,-1800,-12,-362,0,-271.66
11217,20:30:14:990,3,Severe_Damage,L3_S3,-1606,948,14168,-1711,-22,-350,0,-699.66
11218,20:30:15:000,3,Severe_Damage,L3_S3,-1584,884,13888,-1477,-1,-317,0,-979.66
11219,20:30:15:010,3,Severe_Damage,L3_S3,-1488,852,13550,-1125,-3,-270,0,-1317.66
11220,20:30:15:020,3,Severe_Damage,L3_S3,-1482,830,13452,-682,22,-198,0,-1415.66
11221,20:30:15:030,3,Severe_Damage,L3_S3,-1534,864,13466,-193,28,-120,0,-1401.66
11222,20:30:15:040,3,Severe_Damage,L3_S3,-1500,842,13606,285,41,-51,0,-1261.66
11223,20:30:15:050,3,Severe_Damage,L3_S3,-1604,930,13968,719,55,20,0,-899.66
11224,20:30:15:060,3,Severe_Damage,L3_S3,-1628,1034,14262,1059,69,68,0,-605.66
11225,20:30:15:070,3,Severe_Damage,L3_S3,-1696,1046,14680,1272,72,103,0,-187.66
11226,20:30:15:080,3,Severe_Damage,L3_S3,-1796,1174,15148,1342,64,127,0,280.34
11227,20:30:15:090,3,Severe_Damage,L3_S3,-1816,1282,15552,1268,78,103,0,684.34
11228,20:30:15:100,3,Severe_Damage,L3_S3,-1936,1294,15846,1058,54,76,0,978.34
11229,20:30:15:110,3,Severe_Damage,L3_S3,-1910,1362,16034,723,62,18,0,1166.34
11230,20:30:15:120,3,Severe_Damage,L3_S3,-1932,1396,16170,307,43,-49,0,1302.34
11231,20:30:15:130,3,Severe_Damage,L3_S3,-1962,1368,16266,-153,37,-114,0,1398.34
11232,20:30:15:140,3,Severe_Damage,L3_S3,-1894,1382,16052,-615,23,-193,0,1184.34
11233,20:30:15:150,3,Severe_Damage,L3_S3,-1880,1274,15802,-1022,0,-245,0,934.34
11234,20:30:15:160,3,Severe_Damage,L3_S3,-1826,1296,15480,-1354,5,-299,0,612.34
11235,20:30:15:171,3,Severe_Damage,L3_S3,-1736,1170,14992,-1572,-19,-337,0,124.34
11236,20:30:15:180,3,Severe_Damage,L3_S3,-1724,1098,14664,-1658,4,-341,0,-203.66
11237,20:30:15:190,3,Severe_Damage,L3_S3,-1648,980,14298,-1593,-15,-343,0,-569.66
11238,20:30:15:200,3,Severe_Damage,L3_S3,-1580,940,13950,-1404,-18,-308,0,-917.66
11239,20:30:15:210,3,Severe_Damage,L3_S3,-1540,868,13694,-1089,6,-264,0,-1173.66
11240,20:30:15:220,3,Severe_Damage,L3_S3,-1522,834,13498,-705,5,-199,0,-1369.66
11241,20:30:15:230,3,Severe_Damage,L3_S3,-1534,902,13576,-268,36,-135,0,-1291.66
11242,20:30:15:240,3,Severe_Damage,L3_S3,-1548,924,13758,173,38,-71,0,-1109.66
11243,20:30:15:250,3,Severe_Damage,L3_S3,-1628,924,13990,582,53,-3,0,-877.66
11244,20:30:15:260,3,Severe_Damage,L3_S3,-1660,976,14248,899,68,47,0,-619.66
11245,20:30:15:270,3,Severe_Damage,L3_S3,-1700,1080,14688,1117,67,85,0,-179.66
11246,20:30:15:280,3,Severe_Damage,L3_S3,-1780,1128,15060,1198,74,100,0,192.34
11247,20:30:15:290,3,Severe_Damage,L3_S3,-1784,1230,15398,1148,75,92,0,530.34
11248,20:30:15:300,3,Severe_Damage,L3_S3,-1920,1220,15712,980,63,62,0,844.34
11249,20:30:15:310,3,Severe_Damage,L3_S3,-1854,1286,15964,697,37,14,0,1096.34
11250,20:30:15:320,3,Severe_Damage,L3_S3,-1926,1346,16128,319,61,-40,0,1260.34
11251,20:30:15:330,3,Severe_Damage,L3_S3,-1896,1380,16116,-92,17,-106,0,1248.34
11252,20:30:15:340,3,Severe_Damage,L3_S3,-1884,1386,15992,-513,22,-168,0,1124.34
11253,20:30:15:350,3,Severe_Damage,L3_S3,-1872,1328,15810,-893,10,-231,0,942.34
11254,20:30:15:360,3,Severe_Damage,L3_S3,-1822,1304,15422,-1217,-8,-276,0,554.34
11255,20:30:15:370,3,Severe_Damage,L3_S3,-1740,1202,15150,-1422,-4,-310,0,282.34
11256,20:30:15:380,3,Severe_Damage,L3_S3,-1738,1092,14776,-1516,-3,-331,0,-91.66
11257,20:30:15:390,3,Severe_Damage,L3_S3,-1662,1020,14422,-1479,3,-326,0,-445.66
11258,20:30:15:400,3,Severe_Damage,L3_S3,-1586,964,14102,-1321,-14,-298,0,-765.66
11259,20:30:15:410,3,Severe_Damage,L3_S3,-1624,910,13856,-1059,14,-261,0,-1011.66
11260,20:30:15:420,3,Severe_Damage,L3_S3,-1544,836,13678,-713,3,-206,0,-1189.66
11261,20:30:15:430,3,Severe_Damage,L3_S3,-1512,834,13738,-325,28,-146,0,-1129.66
11262,20:30:15:440,3,Severe_Damage,L3_S3,-1606,902,13798,76,45,-80,0,-1069.66
11263,20:30:15:450,3,Severe_Damage,L3_S3,-1574,922,13968,454,53,-14,0,-899.66
11264,20:30:15:460,3,Severe_Damage,L3_S3,-1670,974,14238,760,63,36,0,-629.66
11265,20:30:15:470,3,Severe_Damage,L3_S3,-1680,1026,14632,970,69,57,0,-235.66
11266,20:30:15:480,3,Severe_Damage,L3_S3,-1740,1128,14900,1069,74,68,0,32.34
11267,20:30:15:490,3,Severe_Damage,L3_S3,-1820,1196,15322,1044,61,66,0,454.34
11268,20:30:15:500,3,Severe_Damage,L3_S3,-1810,1240,15594,902,62,51,0,726.34
11269,20:30:15:510,3,Severe_Damage,L3_S3,-1890,1342,15830,658,37,16,0,962.34
11270,20:30:15:520,3,Severe_Damage,L3_S3,-1918,1322,15990,334,57,-39,0,1122.34
11271,20:30:15:530,3,Severe_Damage,L3_S3,-1888,1316,15942,-40,22,-92,0,1074.34
11272,20:30:15:540,3,Severe_Damage,L3_S3,-1854,1366,15880,-429,34,-158,0,1012.34
11273,20:30:15:550,3,Severe_Damage,L3_S3,-1832,1306,15738,-777,10,-219,0,870.34
11274,20:30:15:561,3,Severe_Damage,L3_S3,-1838,1260,15458,-1073,-12,-255,0,590.34
11275,20:30:15:570,3,Severe_Damage,L3_S3,-1834,1170,15142,-1286,9,-288,0,274.34
11276,20:30:15:581,3,Severe_Damage,L3_S3,-1724,1112,14784,-1389,-4,-305,0,-83.66
11277,20:30:15:590,3,Severe_Damage,L3_S3,-1734,1050,14464,-1377,1,-309,0,-403.66
11278,20:30:15:600,3,Severe_Damage,L3_S3,-1564,986,14250,-1246,-14,-293,0,-617.66
11279,20:30:15:610,3,Severe_Damage,L3_S3,-1652,970,13942,-1016,8,-248,0,-925.66
11280,20:30:15:620,3,Severe_Damage,L3_S3,-1508,912,13836,-716,13,-205,0,-1031.66
11281,20:30:15:630,3,Severe_Damage,L3_S3,-1586,914,13806,-356,20,-153,0,-1061.66
11282,20:30:15:640,3,Severe_Damage,L3_S3,-1624,924,13932,3,41,-92,0,-935.66
11283,20:30:15:650,3,Severe_Damage,L3_S3,-1614,936,14082,351,46,-42,0,-785.66
11284,20:30:15:660,3,Severe_Damage,L3_S3,-1656,996,14322,639,49,6,0,-545.66
11285,20:30:15:670,3,Severe_Damage,L3_S3,-1672,1068,14568,847,64,40,0,-299.66
11286,20:30:15:680,3,Severe_Damage,L3_S3,-1722,1094,14950,945,60,58,0,82.34
11287,20:30:15:690,3,Severe_Damage,L3_S3,-1794,1232,15216,943,68,62,0,348.34
11288,20:30:15:700,3,Severe_Damage,L3_S3,-1832,1254,15524,826,59,38,0,656.34
11289,20:30:15:710,3,Severe_Damage,L3_S3,-1844,1312,15714,619,43,3,0,846.34
11290,20:30:15:720,3,Severe_Damage,L3_S3,-1894,1280,15876,327,49,-42,0,1008.34
11291,20:30:15:730,3,Severe_Damage,L3_S3,-1874,1326,15874,-7,32,-93,0,1006.34
11292,20:30:15:740,3,Severe_Damage,L3_S3,-1920,1328,15880,-354,31,-145,0,1012.34
11293,20:30:15:750,3,Severe_Damage,L3_S3,-1862,1264,15668,-681,16,-197,0,800.34
11294,20:30:15:760,3,Severe_Damage,L3_S3,-1824,1240,15456,-964,5,-239,0,588.34
11295,20:30:15:770,3,Severe_Damage,L3_S3,-1754,1180,15168,-1166,3,-275,0,300.34
11296,20:30:15:780,3,Severe_Damage,L3_S3,-1744,1120,14936,-1276,-3,-292,0,68.34
11297,20:30:15:790,3,Severe_Damage,L3_S3,-1696,1030,14598,-1274,7,-292,0,-269.66
11298,20:30:15:800,3,Severe_Damage,L3_S3,-1692,1012,14292,-1173,-1,-267,0,-575.66
11299,20:30:15:810,3,Severe_Damage,L3_S3,-1568,942,14082,-973,4,-241,0,-785.66
11300,20:30:15:820,3,Severe_Damage,L3_S3,-1626,930,13892,-701,17,-209,0,-975.66
11301,20:30:15:830,3,Severe_Damage,L3_S3,-1608,880,13918,-392,17,-154,0,-949.66
11302,20:30:15:840,3,Severe_Damage,L3_S3,-1540,926,13976,-56,32,-103,0,-891.66
11303,20:30:15:850,3,Severe_Damage,L3_S3,-1602,946,14092,255,39,-54,0,-775.66
11304,20:30:15:860,3,Severe_Damage,L3_S3,-1648,1046,14314,524,55,-13,0,-553.66
11305,20:30:15:870,3,Severe_Damage,L3_S3,-1670,1028,14594,726,61,17,0,-273.66
11306,20:30:15:880,3,Severe_Damage,L3_S3,-1760,1094,14808,836,64,34,0,-59.66
11307,20:30:15:890,3,Severe_Damage,L3_S3,-1754,1188,15196,847,67,39,0,328.34
11308,20:30:15:900,3,Severe_Damage,L3_S3,-1804,1240,15418,755,50,27,0,550.34
11309,20:30:15:910,3,Severe_Damage,L3_S3,-1852,1220,15660,576,51,-8,0,792.34
11310,20:30:15:920,3,Severe_Damage,L3_S3,-1884,1276,15880,324,34,-41,0,1012.34
11311,20:30:15:930,3,Severe_Damage,L3_S3,-1866,1290,15896,29,38,-89,0,1028.34
11312,20:30:15:940,3,Severe_Damage,L3_S3,-1804,1280,15790,-298,23,-144,0,922.34
11313,20:30:15:950,3,Severe_Damage,L3_S3,-1852,1280,15650,-604,18,-183,0,782.34
11314,20:30:15:960,3,Severe_Damage,L3_S3,-1800,1262,15404,-855,15,-226,0,536.34
11315,20:30:15:970,3,Severe_Damage,L3_S3,-1768,1196,15146,-1053,1,-261,0,278.34
11316,20:30:15:980,3,Severe_Damage,L3_S3,-1766,1116,14936,-1160,9,-270,0,68.34
11317,20:30:15:990,3,Severe_Damage,L3_S3,-1688,998,14658,-1188,2,-275,0,-209.66
11318,20:30:16:001,3,Severe_Damage,L3_S3,-1708,1012,14392,-1100,12,-263,0,-475.66
11319,20:30:16:010,3,Severe_Damage,L3_S3,-1600,934,14176,-936,-7,-235,0,-691.66
11320,20:30:16:020,3,Severe_Damage,L3_S3,-1628,912,14044,-698,20,-195,0,-823.66
11321,20:30:16:030,3,Severe_Damage,L3_S3,-1604,888,13966,-411,16,-152,0,-901.66
11322,20:30:16:040,3,Severe_Damage,L3_S3,-1552,942,14014,-111,31,-111,0,-853.66
11323,20:30:16:050,3,Severe_Damage,L3_S3,-1622,960,14140,176,42,-65,0,-727.66
11324,20:30:16:060,3,Severe_Damage,L3_S3,-1634,968,14300,433,53,-28,0,-567.66
11325,20:30:16:070,3,Severe_Damage,L3_S3,-1706,1024,14556,624,48,4,0,-311.66
11326,20:30:16:080,3,Severe_Damage,L3_S3,-1732,1076,14866,735,64,20,0,-1.66
11327,20:30:16:090,3,Severe_Damage,L3_S3,-1750,1128,15094,759,57,28,0,226.34
11328,20:30:16:100,3,Severe_Damage,L3_S3,-1788,1198,15334,686,59,11,0,466.34
11329,20:30:16:110,3,Severe_Damage,L3_S3,-1836,1252,15512,532,55,-18,0,644.34
11330,20:30:16:120,3,Severe_Damage,L3_S3,-1886,1290,15610,308,40,-46,0,742.34
11331,20:30:16:130,3,Severe_Damage,L3_S3,-1826,1250,15690,45,27,-88,0,822.34
11332,20:30:16:140,3,Severe_Damage,L3_S3,-1900,1282,15674,-251,42,-133,0,806.34
11333,20:30:16:151,3,Severe_Damage,L3_S3,-1844,1260,15588,-521,12,-171,0,720.34
11334,20:30:16:160,3,Severe_Damage,L3_S3,-1792,1232,15378,-775,20,-210,0,510.34
11335,20:30:16:170,3,Severe_Damage,L3_S3,-1786,1206,15116,-954,5,-239,0,248.34
11336,20:30:16:181,3,Severe_Damage,L3_S3,-1718,1084,14958,-1071,3,-256,0,90.34
11337,20:30:16:191,3,Severe_Damage,L3_S3,-1764,1062,14750,-1091,15,-261,0,-117.66
11338,20:30:16:201,3,Severe_Damage,L3_S3,-1666,1028,14398,-1033,11,-251,0,-469.66
11339,20:30:16:210,3,Severe_Damage,L3_S3,-1610,970,14220,-890,0,-227,0,-647.66
11340,20:30:16:220,3,Severe_Damage,L3_S3,-1666,962,14182,-684,22,-203,0,-685.66
11341,20:30:16:230,3,Severe_Damage,L3_S3,-1606,920,14078,-428,14,-157,0,-789.66
11342,20:30:16:240,3,Severe_Damage,L3_S3,-1644,932,14026,-160,25,-110,0,-841.66
11343,20:30:16:250,3,Severe_Damage,L3_S3,-1608,976,14150,112,47,-73,0,-717.66
11344,20:30:16:260,3,Severe_Damage,L3_S3,-1620,1036,14332,349,33,-30,0,-535.66
11345,20:30:16:270,3,Severe_Damage,L3_S3,-1642,1080,14552,535,57,-11,0,-315.66
11346,20:30:16:280,3,Severe_Damage,L3_S3,-1760,1156,14764,645,50,10,0,-103.66
11347,20:30:16:291,3,Severe_Damage,L3_S3,-1766,1100,14994,675,53,15,0,126.34
11348,20:30:16:300,3,Severe_Damage,L3_S3,-1772,1210,15252,616,61,5,0,384.34
11349,20:30:16:310,3,Severe_Damage,L3_S3,-1806,1214,15422,483,52,-13,0,554.34
11350,20:30:16:320,3,Severe_Damage,L3_S3,-1828,1238,15582,294,40,-41,0,714.34
11351,20:30:16:330,3,Severe_Damage,L3_S3,-1850,1298,15684,59,23,-82,0,816.34
11352,20:30:16:341,3,Severe_Damage,L3_S3,-1888,1292,15640,-207,39,-128,0,772.34
11353,20:30:16:351,3,Severe_Damage,L3_S3,-1778,1260,15550,-462,15,-168,0,682.34
11354,20:30:16:361,3,Severe_Damage,L3_S3,-1782,1244,15380,-695,15,-201,0,512.34
11355,20:30:16:371,3,Severe_Damage,L3_S3,-1790,1182,15132,-870,11,-230,0,264.34
11356,20:30:16:381,3,Severe_Damage,L3_S3,-1698,1164,14910,-980,-4,-235,0,42.34
11357,20:30:16:391,3,Severe_Damage,L3_S3,-1760,1102,14794,-1012,15,-257,0,-73.66
11358,20:30:16:401,3,Severe_Damage,L3_S3,-1632,1052,14458,-969,6,-241,0,-409.66
11359,20:30:16:411,3,Severe_Damage,L3_S3,-1642,1008,14336,-845,4,-225,0,-531.66
11360,20:30:16:421,3,Severe_Damage,L3_S3,-1662,1002,14260,-657,21,-196,0,-607.66
11361,20:30:16:431,3,Severe_Damage,L3_S3,-1606,932,14156,-439,20,-164,0,-711.66
11362,20:30:16:441,3,Severe_Damage,L3_S3,-1626,950,14140,-195,29,-121,0,-727.66
11363,20:30:16:450,3,Severe_Damage,L3_S3,-1638,986,14250,59,46,-82,0,-617.66
11364,20:30:16:460,3,Severe_Damage,L3_S3,-1662,1038,14328,271,37,-46,0,-539.66
11365,20:30:16:470,3,Severe_Damage,L3_S3,-1706,1064,14546,447,48,-23,0,-321.66
11366,20:30:16:480,3,Severe_Damage,L3_S3,-1718,1080,14774,556,49,-3,0,-93.66
11367,20:30:16:491,3,Severe_Damage,L3_S3,-1740,1172,14980,594,44,4,0,112.34
11368,20:30:16:500,3,Severe_Damage,L3_S3,-1798,1204,15234,555,59,-6,0,366.34
11369,20:30:16:510,3,Severe_Damage,L3_S3,-1830,1264,15362,435,46,-24,0,494.34
11370,20:30:16:520,3,Severe_Damage,L3_S3,-1832,1268,15482,270,52,-47,0,614.34
11371,20:30:16:530,3,Severe_Damage,L3_S3,-1828,1262,15522,60,36,-87,0,654.34
11372,20:30:16:541,3,Severe_Damage,L3_S3,-1842,1234,15490,-183,35,-119,0,622.34
11373,20:30:16:551,3,Severe_Damage,L3_S3,-1828,1204,15412,-415,19,-157,0,544.34
11374,20:30:16:561,3,Severe_Damage,L3_S3,-1772,1230,15384,-623,16,-188,0,516.34
11375,20:30:16:571,3,Severe_Damage,L3_S3,-1834,1210,15124,-793,5,-212,0,256.34
11376,20:30:16:581,3,Severe_Damage,L3_S3,-1742,1128,15010,-898,12,-237,0,142.34
11377,20:30:16:591,3,Severe_Damage,L3_S3,-1738,1078,14684,-941,15,-242,0,-183.66
11378,20:30:16:601,3,Severe_Damage,L3_S3,-1696,1074,14542,-904,13,-239,0,-325.66
11379,20:30:16:611,3,Severe_Damage,L3_S3,-1702,1044,14472,-799,14,-221,0,-395.66
11380,20:30:16:621,3,Severe_Damage,L3_S3,-1646,1028,14232,-650,8,-192,0,-635.66
11381,20:30:16:631,3,Severe_Damage,L3_S3,-1652,994,14182,-442,31,-161,0,-685.66
11382,20:30:16:641,3,Severe_Damage,L3_S3,-1580,994,14178,-218,24,-135,0,-689.66
11383,20:30:16:650,3,Severe_Damage,L3_S3,-1662,966,14268,10,33,-92,0,-599.66
11384,20:30:16:660,3,Severe_Damage,L3_S3,-1644,976,14472,213,52,-60,0,-395.66
11385,20:30:16:670,3,Severe_Damage,L3_S3,-1664,1046,14570,371,45,-28,0,-297.66
11386,20:30:16:681,3,Severe_Damage,L3_S3,-1672,1070,14776,486,53,-21,0,-91.66
11387,20:30:16:690,3,Severe_Damage,L3_S3,-1736,1178,14942,525,51,-11,0,74.34
11388,20:30:16:700,3,Severe_Damage,L3_S3,-1800,1176,15134,490,52,-12,0,266.34
11389,20:30:16:710,3,Severe_Damage,L3_S3,-1826,1210,15332,397,57,-28,0,464.34
11390,20:30:16:721,3,Severe_Damage,L3_S3,-1836,1224,15460,250,36,-51,0,592.34
11391,20:30:16:730,3,Severe_Damage,L3_S3,-1802,1248,15456,56,45,-89,0,588.34
11392,20:30:16:741,3,Severe_Damage,L3_S3,-1854,1214,15488,-158,22,-113,0,620.34
11393,20:30:16:751,3,Severe_Damage,L3_S3,-1838,1200,15498,-372,23,-152,0,630.34
11394,20:30:16:761,3,Severe_Damage,L3_S3,-1780,1194,15372,-567,14,-186,0,504.34
11395,20:30:16:771,3,Severe_Damage,L3_S3,-1800,1202,15116,-725,9,-207,0,248.34
11396,20:30:16:781,3,Severe_Damage,L3_S3,-1748,1140,14966,-834,14,-223,0,98.34
11397,20:30:16:791,3,Severe_Damage,L3_S3,-1722,1124,14750,-873,10,-228,0,-117.66
11398,20:30:16:801,3,Severe_Damage,L3_S3,-1730,1052,14584,-851,15,-228,0,-283.66
11399,20:30:16:811,3,Severe_Damage,L3_S3,-1630,1020,14448,-761,14,-215,0,-419.66
11400,20:30:16:821,3,Severe_Damage,L3_S3,-1646,996,14312,-621,13,-186,0,-555.66
11401,20:30:16:831,3,Severe_Damage,L3_S3,-1670,970,14272,-439,25,-163,0,-595.66
11402,20:30:16:841,3,Severe_Damage,L3_S3,-1670,982,14282,-240,20,-129,0,-585.66
11403,20:30:16:851,3,Severe_Damage,L3_S3,-1636,1048,14372,-27,43,-95,0,-495.66
11404,20:30:16:861,3,Severe_Damage,L3_S3,-1684,1002,14398,155,35,-65,0,-469.66
11405,20:30:16:871,3,Severe_Damage,L3_S3,-1714,1030,14542,313,45,-54,0,-325.66
11406,20:30:16:881,3,Severe_Damage,L3_S3,-1724,1052,14714,419,46,-29,0,-153.66
11407,20:30:16:891,3,Severe_Damage,L3_S3,-1712,1164,15026,461,42,-25,0,158.34
11408,20:30:16:901,3,Severe_Damage,L3_S3,-1818,1170,15084,442,54,-22,0,216.34
11409,20:30:16:911,3,Severe_Damage,L3_S3,-1752,1224,15344,354,52,-38,0,476.34
11410,20:30:16:921,3,Severe_Damage,L3_S3,-1820,1198,15368,229,48,-58,0,500.34
11411,20:30:16:931,3,Severe_Damage,L3_S3,-1782,1216,15416,53,35,-82,0,548.34
11412,20:30:16:941,3,Severe_Damage,L3_S3,-1784,1268,15434,-131,38,-118,0,566.34
11413,20:30:16:951,3,Severe_Damage,L3_S3,-1842,1222,15402,-336,28,-146,0,534.34
11414,20:30:16:961,3,Severe_Damage,L3_S3,-1792,1192,15292,-514,19,-177,0,424.34
11415,20:30:16:971,3,Severe_Damage,L3_S3,-1762,1184,15146,-670,17,-201,0,278.34
11416,20:30:16:981,3,Severe_Damage,L3_S3,-1778,1138,15018,-758,19,-210,0,150.34
11417,20:30:16:991,3,Severe_Damage,L3_S3,-1714,1142,14842,-813,16,-217,0,-25.66
11418,20:30:17:001,3,Severe_Damage,L3_S3,-1696,1066,14582,-792,14,-214,0,-285.66
11419,20:30:17:011,3,Severe_Damage,L3_S3,-1662,1072,14484,-725,15,-201,0,-383.66
11420,20:30:17:021,3,Severe_Damage,L3_S3,-1634,998,14390,-595,21,-187,0,-477.66
11421,20:30:17:031,3,Severe_Damage,L3_S3,-1620,1028,14398,-439,28,-162,0,-469.66
11422,20:30:17:041,3,Severe_Damage,L3_S3,-1668,988,14344,-256,31,-134,0,-523.66
11423,20:30:17:051,3,Severe_Damage,L3_S3,-1628,1024,14358,-60,33,-102,0,-509.66
11424,20:30:17:061,3,Severe_Damage,L3_S3,-1670,1032,14440,113,38,-72,0,-427.66
11425,20:30:17:071,3,Severe_Damage,L3_S3,-1730,1016,14616,252,42,-57,0,-251.66
11426,20:30:17:081,3,Severe_Damage,L3_S3,-1760,1054,14794,353,45,-37,0,-73.66
11427,20:30:17:091,3,Severe_Damage,L3_S3,-1718,1118,15054,387,48,-32,0,186.34
11428,20:30:17:101,3,Severe_Damage,L3_S3,-1756,1188,15212,320,49,-44,0,344.34
11429,20:30:17:111,3,Severe_Damage,L3_S3,-1750,1202,15292,202,47,-62,0,424.34
11430,20:30:17:121,3,Severe_Damage,L3_S3,-1808,1214,15366,52,38,-83,0,498.34
11431,20:30:17:131,3,Severe_Damage,L3_S3,-1814,1236,15428,-126,35,-105,0,560.34
11432,20:30:17:141,3,Severe_Damage,L3_S3,-1800,1180,15350,-303,23,-135,0,482.34
11433,20:30:17:151,3,Severe_Damage,L3_S3,-1812,1220,15268,-476,17,-170,0,400.34
11434,20:30:17:161,3,Severe_Damage,L3_S3,-1732,1196,15164,-612,20,-193,0,296.34
11435,20:30:17:171,3,Severe_Damage,L3_S3,-1738,1112,14966,-703,15,-206,0,98.34
11436,20:30:17:181,3,Severe_Damage,L3_S3,-1716,1070,14836,-748,18,-210,0,-31.66
11437,20:30:17:191,3,Severe_Damage,L3_S3,-1700,1074,14720,-747,14,-213,0,-147.66
11438,20:30:17:201,3,Severe_Damage,L3_S3,-1728,1100,14558,-685,15,-197,0,-309.66
11439,20:30:17:211,3,Severe_Damage,L3_S3,-1634,1074,14448,-569,28,-187,0,-419.66
11440,20:30:17:221,3,Severe_Damage,L3_S3,-1716,1034,14386,-428,25,-155,0,-481.66
11441,20:30:17:231,3,Severe_Damage,L3_S3,-1680,984,14396,-261,30,-133,0,-471.66
11442,20:30:17:241,3,Severe_Damage,L3_S3,-1654,1024,14398,-89,33,-117,0,-469.66
11443,20:30:17:251,3,Severe_Damage,L3_S3,-1746,1038,14520,69,38,-82,0,-347.66
11444,20:30:17:261,3,Severe_Damage,L3_S3,-1698,1014,14650,205,47,-66,0,-217.66
11445,20:30:17:271,3,Severe_Damage,L3_S3,-1692,1086,14742,301,44,-50,0,-125.66
11446,20:30:17:281,3,Severe_Damage,L3_S3,-1690,1100,14914,344,49,-40,0,46.34
11447,20:30:17:291,3,Severe_Damage,L3_S3,-1770,1092,15034,338,41,-35,0,166.34
11448,20:30:17:301,3,Severe_Damage,L3_S3,-1814,1152,15114,289,48,-46,0,246.34
11449,20:30:17:311,3,Severe_Damage,L3_S3,-1832,1230,15264,176,46,-61,0,396.34
11450,20:30:17:321,3,Severe_Damage,L3_S3,-1808,1248,15284,35,41,-84,0,416.34
11451,20:30:17:331,3,Severe_Damage,L3_S3,-1790,1190,15292,-118,31,-109,0,424.34
11452,20:30:17:341,3,Severe_Damage,L3_S3,-1804,1190,15314,-282,23,-138,0,446.34
11453,20:30:17:351,3,Severe_Damage,L3_S3,-1824,1248,15268,-437,24,-159,0,400.34
11454,20:30:17:361,3,Severe_Damage,L3_S3,-1780,1192,15128,-571,17,-182,0,260.34
11455,20:30:17:371,3,Severe_Damage,L3_S3,-1716,1122,15030,-660,18,-193,0,162.34
11456,20:30:17:381,3,Severe_Damage,L3_S3,-1766,1098,14802,-702,18,-201,0,-65.66
11457,20:30:17:391,3,Severe_Damage,L3_S3,-1742,1096,14718,-699,16,-206,0,-149.66
11458,20:30:17:401,3,Severe_Damage,L3_S3,-1678,1064,14630,-645,22,-191,0,-237.66
11459,20:30:17:411,3,Severe_Damage,L3_S3,-1690,1064,14504,-547,22,-174,0,-363.66
11460,20:30:17:421,3,Severe_Damage,L3_S3,-1628,1008,14406,-424,25,-159,0,-461.66
11461,20:30:17:431,3,Severe_Damage,L3_S3,-1682,1060,14410,-267,37,-138,0,-457.66
11462,20:30:17:441,3,Severe_Damage,L3_S3,-1676,1022,14446,-117,34,-114,0,-421.66
11463,20:30:17:451,3,Severe_Damage,L3_S3,-1626,1030,14548,37,41,-80,0,-319.66
11464,20:30:17:461,3,Severe_Damage,L3_S3,-1686,1058,14600,154,35,-63,0,-267.66
11465,20:30:17:471,3,Severe_Damage,L3_S3,-1740,1088,14718,246,43,-56,0,-149.66
11466,20:30:17:481,3,Severe_Damage,L3_S3,-1734,1120,14846,293,41,-45,0,-21.66
11467,20:30:17:491,3,Severe_Damage,L3_S3,-1782,1106,15010,299,50,-51,0,142.34
11468,20:30:17:501,3,Severe_Damage,L3_S3,-1762,1202,15106,243,45,-62,0,238.34
11469,20:30:17:511,3,Severe_Damage,L3_S3,-1824,1192,15216,155,33,-66,0,348.34
11470,20:30:17:521,3,Severe_Damage,L3_S3,-1780,1232,15318,32,37,-90,0,450.34
11471,20:30:17:531,3,Severe_Damage,L3_S3,-1852,1222,15314,-112,38,-111,0,446.34
11472,20:30:17:541,3,Severe_Damage,L3_S3,-1812,1192,15274,-264,29,-135,0,406.34
11473,20:30:17:551,3,Severe_Damage,L3_S3,-1736,1248,15248,-403,28,-151,0,380.34
11474,20:30:17:561,3,Severe_Damage,L3_S3,-1736,1146,15130,-521,14,-160,0,262.34
11475,20:30:17:571,3,Severe_Damage,L3_S3,-1728,1130,15024,-608,26,-189,0,156.34
11476,20:30:17:581,3,Severe_Damage,L3_S3,-1748,1110,14852,-658,13,-194,0,-15.66
11477,20:30:17:591,3,Severe_Damage,L3_S3,-1674,1064,14724,-659,20,-205,0,-143.66
11478,20:30:17:601,3,Severe_Damage,L3_S3,-1688,1050,14566,-621,14,-190,0,-301.66
11479,20:30:17:611,3,Severe_Damage,L3_S3,-1686,1046,14554,-528,15,-160,0,-313.66
11480,20:30:17:621,3,Severe_Damage,L3_S3,-1654,1046,14480,-407,20,-155,0,-387.66
11481,20:30:17:631,3,Severe_Damage,L3_S3,-1678,1046,14450,-279,19,-140,0,-417.66
11482,20:30:17:641,3,Severe_Damage,L3_S3,-1634,1042,14454,-128,39,-117,0,-413.66
11483,20:30:17:651,3,Severe_Damage,L3_S3,-1660,1038,14536,6,36,-91,0,-331.66
11484,20:30:17:661,3,Severe_Damage,L3_S3,-1680,1064,14612,128,37,-77,0,-255.66
11485,20:30:17:671,3,Severe_Damage,L3_S3,-1656,1086,14680,215,42,-65,0,-187.66
11486,20:30:17:681,3,Severe_Damage,L3_S3,-1718,1076,14852,255,39,-54,0,-15.66
11487,20:30:17:691,3,Severe_Damage,L3_S3,-1732,1166,14980,251,46,-59,0,112.34
11488,20:30:17:701,3,Severe_Damage,L3_S3,-1750,1132,15094,214,39,-57,0,226.34
11489,20:30:17:711,3,Severe_Damage,L3_S3,-1832,1206,15262,137,38,-66,0,394.34
11490,20:30:17:721,3,Severe_Damage,L3_S3,-1768,1136,15266,29,37,-88,0,398.34
11491,20:30:17:731,3,Severe_Damage,L3_S3,-1738,1202,15268,-100,37,-108,0,400.34
11492,20:30:17:741,3,Severe_Damage,L3_S3,-1782,1208,15224,-237,33,-131,0,356.34
11493,20:30:17:751,3,Severe_Damage,L3_S3,-1792,1144,15172,-378,17,-148,0,304.34
11494,20:30:17:761,3,Severe_Damage,L3_S3,-1716,1158,15168,-485,31,-167,0,300.34
11495,20:30:17:771,3,Severe_Damage,L3_S3,-1798,1150,14974,-567,17,-179,0,106.34
11496,20:30:17:781,3,Severe_Damage,L3_S3,-1744,1108,14910,-614,22,-190,0,42.34
11497,20:30:17:791,3,Severe_Damage,L3_S3,-1704,1044,14814,-621,13,-192,0,-53.66
11498,20:30:17:801,3,Severe_Damage,L3_S3,-1696,1048,14686,-584,13,-182,0,-181.66
11499,20:30:17:811,3,Severe_Damage,L3_S3,-1640,1058,14648,-510,15,-171,0,-219.66
11500,20:30:17:821,3,Severe_Damage,L3_S3,-1688,1054,14510,-401,25,-158,0,-357.66
11501,20:30:17:831,3,Severe_Damage,L3_S3,-1658,1056,14472,-283,23,-134,0,-395.66
11502,20:30:17:841,3,Severe_Damage,L3_S3,-1708,1038,14536,-147,25,-111,0,-331.66
11503,20:30:17:851,3,Severe_Damage,L3_S3,-1720,1042,14534,-18,34,-90,0,-333.66
11504,20:30:17:861,3,Severe_Damage,L3_S3,-1688,1066,14712,86,43,-82,0,-155.66
11505,20:30:17:871,3,Severe_Damage,L3_S3,-1720,1060,14770,163,35,-65,0,-97.66
11506,20:30:17:881,3,Severe_Damage,L3_S3,-1708,1082,14898,209,49,-68,0,30.34
11507,20:30:17:891,3,Severe_Damage,L3_S3,-1748,1130,14950,216,37,-58,0,82.34
11508,20:30:17:901,3,Severe_Damage,L3_S3,-1742,1128,15124,181,37,-65,0,256.34
11509,20:30:17:911,3,Severe_Damage,L3_S3,-1804,1192,15222,114,44,-73,0,354.34
11510,20:30:17:921,3,Severe_Damage,L3_S3,-1762,1206,15212,15,34,-89,0,344.34
11511,20:30:17:931,3,Severe_Damage,L3_S3,-1724,1220,15276,-98,40,-113,0,408.34
11512,20:30:17:941,3,Severe_Damage,L3_S3,-1762,1202,15186,-225,26,-127,0,318.34
11513,20:30:17:951,3,Severe_Damage,L3_S3,-1760,1118,15188,-342,35,-148,0,320.34
11514,20:30:17:961,3,Severe_Damage,L3_S3,-1730,1172,15076,-450,21,-162,0,208.34
11515,20:30:17:971,3,Severe_Damage,L3_S3,-1772,1134,14996,-532,23,-168,0,128.34
11516,20:30:17:981,3,Severe_Damage,L3_S3,-1740,1106,14874,-577,25,-183,0,6.34
11517,20:30:17:991,3,Severe_Damage,L3_S3,-1734,1054,14748,-586,13,-177,0,-119.66
11518,20:30:18:001,3,Severe_Damage,L3_S3,-1708,1126,14706,-550,22,-176,0,-161.66
11519,20:30:18:011,3,Severe_Damage,L3_S3,-1660,1038,14606,-485,20,-166,0,-261.66
11520,20:30:18:021,3,Severe_Damage,L3_S3,-1692,1058,14508,-397,19,-149,0,-359.66
11521,20:30:18:031,3,Severe_Damage,L3_S3,-1698,1052,14532,-284,26,-131,0,-335.66
11522,20:30:18:041,3,Severe_Damage,L3_S3,-1636,1030,14556,-166,20,-109,0,-311.66
11523,20:30:18:051,3,Severe_Damage,L3_S3,-1640,1078,14588,-50,33,-99,0,-279.66
11524,20:30:18:061,3,Severe_Damage,L3_S3,-1674,1048,14630,54,31,-80,0,-237.66
11525,20:30:18:071,3,Severe_Damage,L3_S3,-1718,1108,14826,129,45,-72,0,-41.66
11526,20:30:18:081,3,Severe_Damage,L3_S3,-1714,1102,14898,176,45,-66,0,30.34
11527,20:30:18:091,3,Severe_Damage,L3_S3,-1738,1126,14978,183,38,-61,0,110.34
11528,20:30:18:101,3,Severe_Damage,L3_S3,-1772,1120,15058,157,45,-69,0,190.34
11529,20:30:18:111,3,Severe_Damage,L3_S3,-1750,1148,15094,93,38,-81,0,226.34
11530,20:30:18:121,3,Severe_Damage,L3_S3,-1802,1176,15170,12,35,-97,0,302.34
11531,20:30:18:131,3,Severe_Damage,L3_S3,-1780,1174,15196,-98,29,-103,0,328.34
11532,20:30:18:141,3,Severe_Damage,L3_S3,-1760,1178,15178,-212,28,-121,0,310.34
11533,20:30:18:151,3,Severe_Damage,L3_S3,-1806,1148,15164,-326,30,-145,0,296.34
11534,20:30:18:161,3,Severe_Damage,L3_S3,-1806,1136,15078,-421,24,-149,0,210.34
11535,20:30:18:171,3,Severe_Damage,L3_S3,-1698,1158,15022,-501,22,-169,0,154.34
11536,20:30:18:181,3,Severe_Damage,L3_S3,-1772,1108,14932,-536,15,-178,0,64.34
11537,20:30:18:191,3,Severe_Damage,L3_S3,-1696,1078,14778,-553,16,-177,0,-89.66
11538,20:30:18:201,3,Severe_Damage,L3_S3,-1706,1080,14730,-523,22,-169,0,-137.66
11539,20:30:18:211,3,Severe_Damage,L3_S3,-1710,1022,14556,-468,21,-162,0,-311.66
11540,20:30:18:221,3,Severe_Damage,L3_S3,-1682,1076,14582,-386,30,-156,0,-285.66
11541,20:30:18:231,3,Severe_Damage,L3_S3,-1750,1062,14634,-283,26,-135,0,-233.66
11542,20:30:18:241,3,Severe_Damage,L3_S3,-1690,1054,14570,-170,30,-124,0,-297.66
11543,20:30:18:251,3,Severe_Damage,L3_S3,-1710,1098,14578,-64,30,-103,0,-289.66
11544,20:30:18:261,3,Severe_Damage,L3_S3,-1732,1094,14606,27,39,-87,0,-261.66
11545,20:30:18:271,3,Severe_Damage,L3_S3,-1662,1060,14798,98,37,-76,0,-69.66
11546,20:30:18:281,3,Severe_Damage,L3_S3,-1726,1118,14858,145,37,-71,0,-9.66
11547,20:30:18:291,3,Severe_Damage,L3_S3,-1758,1138,14856,151,44,-77,0,-11.66
11548,20:30:18:301,3,Severe_Damage,L3_S3,-1778,1148,15000,127,37,-71,0,132.34
11549,20:30:18:311,3,Severe_Damage,L3_S3,-1752,1148,15108,83,38,-79,0,240.34
11550,20:30:18:321,3,Severe_Damage,L3_S3,-1766,1132,15208,-4,41,-90,0,340.34
11551,20:30:18:331,3,Severe_Damage,L3_S3,-1794,1202,15244,-102,24,-103,0,376.34
11552,20:30:18:341,3,Severe_Damage,L3_S3,-1794,1182,15236,-202,41,-121,0,368.34
11553,20:30:18:351,3,Severe_Damage,L3_S3,-1754,1152,15136,-308,18,-134,0,268.34
11554,20:30:18:361,3,Severe_Damage,L3_S3,-1764,1198,15064,-393,26,-155,0,196.34
11555,20:30:18:371,3,Severe_Damage,L3_S3,-1714,1118,15024,-470,18,-169,0,156.34
11556,20:30:18:381,3,Severe_Damage,L3_S3,-1736,1102,14894,-508,21,-173,0,26.34
11557,20:30:18:391,3,Severe_Damage,L3_S3,-1716,1068,14844,-519,23,-177,0,-23.66
11558,20:30:18:401,3,Severe_Damage,L3_S3,-1700,1052,14766,-501,18,-171,0,-101.66
11559,20:30:18:411,3,Severe_Damage,L3_S3,-1692,1044,14666,-447,26,-168,0,-201.66
11560,20:30:18:421,3,Severe_Damage,L3_S3,-1670,1024,14548,-378,16,-154,0,-319.66
11561,20:30:18:431,3,Severe_Damage,L3_S3,-1674,1034,14520,-283,23,-141,0,-347.66
11562,20:30:18:441,3,Severe_Damage,L3_S3,-1692,1016,14586,-179,25,-121,0,-281.66
11563,20:30:18:451,3,Severe_Damage,L3_S3,-1688,1008,14616,-89,36,-103,0,-251.66
11564,20:30:18:461,3,Severe_Damage,L3_S3,-1710,1084,14702,0,31,-89,0,-165.66
11565,20:30:18:471,3,Severe_Damage,L3_S3,-1708,1134,14748,66,34,-80,0,-119.66
11566,20:30:18:481,3,Severe_Damage,L3_S3,-1748,1100,14876,109,41,-77,0,8.34
11567,20:30:18:491,3,Severe_Damage,L3_S3,-1722,1124,14948,119,41,-76,0,80.34
11568,20:30:18:501,3,Severe_Damage,L3_S3,-1764,1144,15040,100,43,-76,0,172.34
11569,20:30:18:511,3,Severe_Damage,L3_S3,-1744,1158,15142,55,38,-87,0,274.34
11570,20:30:18:521,3,Severe_Damage,L3_S3,-1772,1152,15212,-13,31,-100,0,344.34
11571,20:30:18:531,3,Severe_Damage,L3_S3,-1788,1164,15206,-98,36,-109,0,338.34
11572,20:30:18:541,3,Severe_Damage,L3_S3,-1764,1156,15118,-193,27,-122,0,250.34
11573,20:30:18:552,3,Severe_Damage,L3_S3,-1724,1194,15180,-286,30,-141,0,312.34
11574,20:30:18:561,3,Severe_Damage,L3_S3,-1734,1148,15084,-376,17,-151,0,216.34
11575,20:30:18:571,3,Severe_Damage,L3_S3,-1738,1156,14972,-441,31,-167,0,104.34
11576,20:30:18:581,3,Severe_Damage,L3_S3,-1754,1104,14958,-479,23,-173,0,90.34
11577,20:30:18:591,3,Severe_Damage,L3_S3,-1714,1086,14914,-494,18,-168,0,46.34
11578,20:30:18:602,3,Severe_Damage,L3_S3,-1716,1060,14744,-472,23,-171,0,-123.66
11579,20:30:18:611,3,Severe_Damage,L3_S3,-1722,1060,14616,-434,19,-155,0,-251.66
11580,20:30:18:621,3,Severe_Damage,L3_S3,-1700,1050,14620,-371,22,-154,0,-247.66
11581,20:30:18:632,3,Severe_Damage,L3_S3,-1704,1062,14582,-290,28,-140,0,-285.66
11582,20:30:18:642,3,Severe_Damage,L3_S3,-1734,1022,14544,-194,31,-126,0,-323.66
11583,20:30:18:652,3,Severe_Damage,L3_S3,-1690,1132,14586,-103,32,-106,0,-281.66
11584,20:30:18:661,3,Severe_Damage,L3_S3,-1726,1110,14718,-21,30,-93,0,-149.66
11585,20:30:18:671,3,Severe_Damage,L3_S3,-1712,1098,14774,42,38,-90,0,-93.66
11586,20:30:18:681,3,Severe_Damage,L3_S3,-1684,1092,14844,83,40,-83,0,-23.66
11587,20:30:18:691,3,Severe_Damage,L3_S3,-1750,1120,14868,91,41,-72,0,0.34
11588,20:30:18:701,3,Severe_Damage,L3_S3,-1732,1132,14992,85,44,-77,0,124.34
11589,20:30:18:711,3,Severe_Damage,L3_S3,-1758,1146,15070,38,37,-85,0,202.34
11590,20:30:18:721,3,Severe_Damage,L3_S3,-1738,1134,15130,-24,37,-101,0,262.34
11591,20:30:18:732,3,Severe_Damage,L3_S3,-1748,1170,15072,-103,27,-115,0,204.34
11592,20:30:18:742,3,Severe_Damage,L3_S3,-1788,1114,15126,-189,26,-130,0,258.34
11593,20:30:18:751,3,Severe_Damage,L3_S3,-1766,1148,15134,-272,28,-135,0,266.34
11594,20:30:18:762,3,Severe_Damage,L3_S3,-1778,1166,15062,-352,25,-146,0,194.34
11595,20:30:18:772,3,Severe_Damage,L3_S3,-1798,1150,14920,-413,24,-155,0,52.34
11596,20:30:18:782,3,Severe_Damage,L3_S3,-1730,1090,14894,-453,24,-164,0,26.34
11597,20:30:18:792,3,Severe_Damage,L3_S3,-1738,1122,14804,-467,24,-161,0,-63.66
11598,20:30:18:802,3,Severe_Damage,L3_S3,-1702,1074,14722,-452,29,-162,0,-145.66
11599,20:30:18:812,3,Severe_Damage,L3_S3,-1680,1058,14624,-413,27,-156,0,-243.66
11600,20:30:18:822,3,Severe_Damage,L3_S3,-1680,1002,14638,-360,29,-147,0,-229.66
11601,20:30:18:832,3,Severe_Damage,L3_S3,-1672,1072,14618,-286,31,-142,0,-249.66
11602,20:30:18:842,3,Severe_Damage,L3_S3,-1740,1042,14608,-200,34,-126,0,-259.66
11603,20:30:18:852,3,Severe_Damage,L3_S3,-1664,1076,14678,-120,30,-108,0,-189.66
11604,20:30:18:862,3,Severe_Damage,L3_S3,-1694,1060,14736,-46,23,-98,0,-131.66
11605,20:30:18:871,3,Severe_Damage,L3_S3,-1746,1114,14772,21,33,-86,0,-95.66
11606,20:30:18:881,3,Severe_Damage,L3_S3,-1732,1102,14806,58,36,-91,0,-61.66
11607,20:30:18:891,3,Severe_Damage,L3_S3,-1760,1128,14928,66,39,-85,0,60.34
11608,20:30:18:901,3,Severe_Damage,L3_S3,-1730,1152,14990,64,43,-86,0,122.34
11609,20:30:18:911,3,Severe_Damage,L3_S3,-1758,1148,15082,25,35,-91,0,214.34
11610,20:30:18:921,3,Severe_Damage,L3_S3,-1716,1184,15044,-37,38,-99,0,176.34
11611,20:30:18:932,3,Severe_Damage,L3_S3,-1770,1166,15078,-103,34,-107,0,210.34
11612,20:30:18:942,3,Severe_Damage,L3_S3,-1784,1146,15080,-179,31,-117,0,212.34
11613,20:30:18:952,3,Severe_Damage,L3_S3,-1770,1124,15066,-257,35,-138,0,198.34
11614,20:30:18:962,3,Severe_Damage,L3_S3,-1722,1170,15142,-331,23,-145,0,274.34
11615,20:30:18:972,3,Severe_Damage,L3_S3,-1742,1164,15000,-391,25,-154,0,132.34
11616,20:30:18:982,3,Severe_Damage,L3_S3,-1756,1144,14896,-423,22,-157,0,28.34
11617,20:30:18:992,3,Severe_Damage,L3_S3,-1754,1128,14770,-440,23,-165,0,-97.66
11618,20:30:19:002,3,Severe_Damage,L3_S3,-1722,1088,14808,-436,22,-154,0,-59.66
11619,20:30:19:012,3,Severe_Damage,L3_S3,-1698,1088,14788,-399,28,-151,0,-79.66
11620,20:30:19:022,3,Severe_Damage,L3_S3,-1714,1072,14714,-345,22,-151,0,-153.66
11621,20:30:19:032,3,Severe_Damage,L3_S3,-1704,1082,14692,-277,26,-134,0,-175.66
11622,20:30:19:042,3,Severe_Damage,L3_S3,-1726,1064,14680,-207,28,-125,0,-187.66
11623,20:30:19:052,3,Severe_Damage,L3_S3,-1706,1066,14680,-132,33,-115,0,-187.66
11624,20:30:19:062,3,Severe_Damage,L3_S3,-1714,1054,14648,-61,29,-103,0,-219.66
11625,20:30:19:071,3,Severe_Damage,L3_S3,-1752,1108,14810,-4,36,-94,0,-57.66
11626,20:30:19:081,3,Severe_Damage,L3_S3,-1750,1102,14790,40,33,-88,0,-77.66
11627,20:30:19:092,3,Severe_Damage,L3_S3,-1740,1110,14904,49,38,-88,0,36.34
11628,20:30:19:101,3,Severe_Damage,L3_S3,-1770,1144,14964,41,35,-91,0,96.34
11629,20:30:19:111,3,Severe_Damage,L3_S3,-1742,1136,15028,5,30,-95,0,160.34
11630,20:30:19:122,3,Severe_Damage,L3_S3,-1718,1178,15010,-31,39,-92,0,142.34
11631,20:30:19:132,3,Severe_Damage,L3_S3,-1760,1168,15152,-102,33,-109,0,284.34
11632,20:30:19:142,3,Severe_Damage,L3_S3,-1758,1170,15078,-169,31,-117,0,210.34
11633,20:30:19:152,3,Severe_Damage,L3_S3,-1740,1132,15068,-247,35,-137,0,200.34
11634,20:30:19:162,3,Severe_Damage,L3_S3,-1776,1126,15026,-310,30,-139,0,158.34
11635,20:30:19:172,3,Severe_Damage,L3_S3,-1734,1146,14998,-368,27,-146,0,130.34
11636,20:30:19:182,3,Severe_Damage,L3_S3,-1796,1086,14868,-407,23,-157,0,0.34
11637,20:30:19:192,3,Severe_Damage,L3_S3,-1734,1068,14854,-420,23,-154,0,-13.66
11638,20:30:19:202,3,Severe_Damage,L3_S3,-1754,1140,14762,-410,24,-150,0,-105.66
11639,20:30:19:212,3,Severe_Damage,L3_S3,-1760,1056,14744,-379,28,-149,0,-123.66
11640,20:30:19:222,3,Severe_Damage,L3_S3,-1732,1040,14690,-335,25,-152,0,-177.66
11641,20:30:19:232,3,Severe_Damage,L3_S3,-1742,1080,14672,-277,23,-134,0,-195.66
11642,20:30:19:242,3,Severe_Damage,L3_S3,-1728,1074,14628,-209,39,-131,0,-239.66
11643,20:30:19:252,3,Severe_Damage,L3_S3,-1734,1108,14644,-141,33,-106,0,-223.66
11644,20:30:19:262,3,Severe_Damage,L3_S3,-1722,1104,14738,-76,42,-98,0,-129.66
11645,20:30:19:272,3,Severe_Damage,L3_S3,-1754,1082,14818,-24,36,-96,0,-49.66
11646,20:30:19:281,3,Severe_Damage,L3_S3,-1738,1076,14808,6,38,-96,0,-59.66
11647,20:30:19:292,3,Severe_Damage,L3_S3,-1752,1116,14942,24,35,-95,0,74.34
11648,20:30:19:301,3,Severe_Damage,L3_S3,-1728,1148,15010,20,26,-83,0,142.34
11649,20:30:19:311,3,Severe_Damage,L3_S3,-1708,1106,15056,-1,42,-88,0,188.34
11650,20:30:19:322,3,Severe_Damage,L3_S3,-1732,1154,15036,-48,39,-100,0,168.34
11651,20:30:19:332,3,Severe_Damage,L3_S3,-1754,1148,15032,-111,33,-102,0,164.34
11652,20:30:19:342,3,Severe_Damage,L3_S3,-1760,1130,15056,-170,37,-110,0,188.34
11653,20:30:19:352,3,Severe_Damage,L3_S3,-1724,1150,15122,-243,22,-125,0,254.34
11654,20:30:19:362,3,Severe_Damage,L3_S3,-1728,1202,14998,-296,24,-140,0,130.34
11655,20:30:19:372,3,Severe_Damage,L3_S3,-1692,1108,14988,-347,28,-142,0,120.34
11656,20:30:19:382,3,Severe_Damage,L3_S3,-1752,1134,14852,-382,25,-152,0,-15.66
11657,20:30:19:392,3,Severe_Damage,L3_S3,-1716,1100,14890,-397,31,-156,0,22.34
11658,20:30:19:402,3,Severe_Damage,L3_S3,-1706,1094,14892,-399,26,-152,0,24.34
11659,20:30:19:412,3,Severe_Damage,L3_S3,-1716,1086,14732,-373,26,-152,0,-135.66
11660,20:30:19:422,3,Severe_Damage,L3_S3,-1680,1090,14716,-327,19,-147,0,-151.66
11661,20:30:19:432,3,Severe_Damage,L3_S3,-1698,1106,14748,-269,35,-136,0,-119.66
11662,20:30:19:442,3,Severe_Damage,L3_S3,-1712,1070,14708,-213,34,-126,0,-159.66
11663,20:30:19:452,3,Severe_Damage,L3_S3,-1722,1040,14788,-150,30,-112,0,-79.66
11664,20:30:19:462,3,Severe_Damage,L3_S3,-1692,1068,14758,-89,33,-107,0,-109.66
11665,20:30:19:472,3,Severe_Damage,L3_S3,-1714,1080,14742,-40,33,-99,0,-125.66
11666,20:30:19:482,3,Severe_Damage,L3_S3,-1726,1122,14826,-15,38,-91,0,-41.66
11667,20:30:19:492,3,Severe_Damage,L3_S3,-1772,1120,14924,1,39,-96,0,56.34
11668,20:30:19:502,3,Severe_Damage,L3_S3,-1698,1130,14946,8,33,-94,0,78.34
11669,20:30:19:512,3,Severe_Damage,L3_S3,-1762,1138,15000,-18,37,-94,0,132.34
11670,20:30:19:522,3,Severe_Damage,L3_S3,-1726,1156,15014,-59,29,-101,0,146.34
11671,20:30:19:532,3,Severe_Damage,L3_S3,-1770,1132,15044,-114,38,-111,0,176.34
11672,20:30:19:542,3,Severe_Damage,L3_S3,-1772,1166,15060,-171,30,-116,0,192.34
11673,20:30:19:552,3,Severe_Damage,L3_S3,-1758,1136,15004,-229,28,-123,0,136.34
11674,20:30:19:562,3,Severe_Damage,L3_S3,-1734,1112,14966,-286,18,-138,0,98.34
11675,20:30:19:572,3,Severe_Damage,L3_S3,-1762,1132,14912,-330,28,-148,0,44.34
11676,20:30:19:582,3,Severe_Damage,L3_S3,-1734,1120,14906,-365,27,-147,0,38.34
11677,20:30:19:592,3,Severe_Damage,L3_S3,-1732,1062,14898,-377,23,-151,0,30.34
11678,20:30:19:602,3,Severe_Damage,L3_S3,-1688,1110,14838,-378,29,-152,0,-29.66
11679,20:30:19:612,3,Severe_Damage,L3_S3,-1716,1134,14794,-356,23,-145,0,-73.66
11680,20:30:19:622,3,Severe_Damage,L3_S3,-1724,1068,14712,-323,22,-143,0,-155.66
11681,20:30:19:632,3,Severe_Damage,L3_S3,-1696,1076,14706,-273,28,-135,0,-161.66
11682,20:30:19:642,3,Severe_Damage,L3_S3,-1758,1096,14688,-214,21,-121,0,-179.66
11683,20:30:19:652,3,Severe_Damage,L3_S3,-1654,1082,14752,-160,31,-121,0,-115.66
11684,20:30:19:662,3,Severe_Damage,L3_S3,-1692,1090,14736,-108,27,-107,0,-131.66
11685,20:30:19:672,3,Severe_Damage,L3_S3,-1746,1094,14766,-54,29,-98,0,-101.66
11686,20:30:19:682,3,Severe_Damage,L3_S3,-1754,1104,14878,-27,33,-96,0,10.34
11687,20:30:19:692,3,Severe_Damage,L3_S3,-1698,1146,14852,-14,33,-91,0,-15.66
11688,20:30:19:702,3,Severe_Damage,L3_S3,-1736,1116,14990,-13,42,-96,0,122.34
11689,20:30:19:712,3,Severe_Damage,L3_S3,-1740,1118,15002,-35,24,-97,0,134.34
11690,20:30:19:722,3,Severe_Damage,L3_S3,-1752,1158,14954,-66,44,-105,0,86.34
11691,20:30:19:732,3,Severe_Damage,L3_S3,-1776,1114,14996,-112,35,-105,0,128.34
11692,20:30:19:742,3,Severe_Damage,L3_S3,-1802,1168,15030,-169,24,-115,0,162.34
11693,20:30:19:752,3,Severe_Damage,L3_S3,-1784,1150,15076,-226,34,-129,0,208.34
11694,20:30:19:762,3,Severe_Damage,L3_S3,-1784,1170,14968,-273,23,-136,0,100.34
11695,20:30:19:772,3,Severe_Damage,L3_S3,-1728,1142,14894,-313,23,-144,0,26.34
11696,20:30:19:782,3,Severe_Damage,L3_S3,-1726,1084,14904,-349,19,-143,0,36.34
11697,20:30:19:792,3,Severe_Damage,L3_S3,-1736,1142,14814,-364,21,-138,0,-53.66
11698,20:30:19:802,3,Severe_Damage,L3_S3,-1698,1090,14798,-362,29,-145,0,-69.66
11699,20:30:19:812,3,Severe_Damage,L3_S3,-1684,1086,14736,-341,25,-144,0,-131.66
11700,20:30:19:822,3,Severe_Damage,L3_S3,-1736,1102,14766,-311,39,-143,0,-101.66
11701,20:30:19:832,3,Severe_Damage,L3_S3,-1692,1044,14712,-272,25,-132,0,-155.66
11702,20:30:19:842,3,Severe_Damage,L3_S3,-1734,1104,14722,-224,29,-131,0,-145.66
11703,20:30:19:852,3,Severe_Damage,L3_S3,-1704,1096,14678,-161,30,-120,0,-189.66
11704,20:30:19:862,3,Severe_Damage,L3_S3,-1696,1122,14782,-115,30,-119,0,-85.66
11705,20:30:19:872,3,Severe_Damage,L3_S3,-1714,1106,14786,-64,35,-108,0,-81.66
11706,20:30:19:882,3,Severe_Damage,L3_S3,-1716,1102,14812,-41,29,-101,0,-55.66
11707,20:30:19:892,3,Severe_Damage,L3_S3,-1766,1130,14882,-23,39,-97,0,14.34
11708,20:30:19:902,3,Severe_Damage,L3_S3,-1798,1156,14994,-29,37,-97,0,126.34
11709,20:30:19:912,3,Severe_Damage,L3_S3,-1732,1182,14970,-42,38,-98,0,102.34
11710,20:30:19:922,3,Severe_Damage,L3_S3,-1728,1182,15022,-72,39,-101,0,154.34
11711,20:30:19:932,3,Severe_Damage,L3_S3,-1764,1120,15008,-118,33,-99,0,140.34
11712,20:30:19:942,3,Severe_Damage,L3_S3,-1748,1140,14998,-169,32,-125,0,130.34
11713,20:30:19:952,3,Severe_Damage,L3_S3,-1770,1158,14968,-215,24,-124,0,100.34
11714,20:30:19:962,3,Severe_Damage,L3_S3,-1688,1122,14994,-262,28,-136,0,126.34
11715,20:30:19:972,3,Severe_Damage,L3_S3,-1766,1140,14958,-302,26,-140,0,90.34
11716,20:30:19:982,3,Severe_Damage,L3_S3,-1730,1078,14830,-329,21,-145,0,-37.66
11717,20:30:19:992,3,Severe_Damage,L3_S3,-1690,1094,14906,-349,31,-150,0,38.34
11718,20:30:20:002,3,Severe_Damage,L3_S3,-1748,1100,14874,-348,22,-140,0,6.34
11719,20:30:20:012,3,Severe_Damage,L3_S3,-1764,1106,14808,-333,25,-144,0,-59.66
11720,20:30:20:022,3,Severe_Damage,L3_S3,-1704,1104,14730,-303,27,-138,0,-137.66
11721,20:30:20:032,3,Severe_Damage,L3_S3,-1744,1062,14718,-263,25,-134,0,-149.66
11722,20:30:20:042,3,Severe_Damage,L3_S3,-1714,1070,14756,-212,20,-126,0,-111.66
11723,20:30:20:052,3,Severe_Damage,L3_S3,-1712,1064,14714,-171,31,-124,0,-153.66
11724,20:30:20:062,3,Severe_Damage,L3_S3,-1680,1082,14726,-120,40,-113,0,-141.66
11725,20:30:20:072,3,Severe_Damage,L3_S3,-1716,1126,14778,-82,34,-107,0,-89.66
11726,20:30:20:082,3,Severe_Damage,L3_S3,-1652,1128,14842,-62,31,-102,0,-25.66
11727,20:30:20:092,3,Severe_Damage,L3_S3,-1684,1124,14886,-42,38,-101,0,18.34
11728,20:30:20:102,3,Severe_Damage,L3_S3,-1766,1170,14912,-43,29,-100,0,44.34
11729,20:30:20:112,3,Severe_Damage,L3_S3,-1754,1126,14972,-51,38,-103,0,104.34
11730,20:30:20:122,3,Severe_Damage,L3_S3,-1738,1132,15060,-80,32,-102,0,192.34
11731,20:30:20:132,3,Severe_Damage,L3_S3,-1770,1102,15024,-114,35,-107,0,156.34
11732,20:30:20:142,3,Severe_Damage,L3_S3,-1710,1142,14994,-163,33,-116,0,126.34
11733,20:30:20:152,3,Severe_Damage,L3_S3,-1776,1116,15038,-210,26,-123,0,170.34
11734,20:30:20:162,3,Severe_Damage,L3_S3,-1756,1136,14978,-251,28,-137,0,110.34
11735,20:30:20:172,3,Severe_Damage,L3_S3,-1760,1110,14974,-290,24,-137,0,106.34
11736,20:30:20:182,3,Severe_Damage,L3_S3,-1698,1132,14942,-319,22,-141,0,74.34
11737,20:30:20:192,3,Severe_Damage,L3_S3,-1726,1076,14920,-336,27,-147,0,52.34
11738,20:30:20:202,3,Severe_Damage,L3_S3,-1756,1100,14796,-336,28,-142,0,-71.66
11739,20:30:20:212,3,Severe_Damage,L3_S3,-1692,1084,14838,-321,34,-136,0,-29.66
11740,20:30:20:222,3,Severe_Damage,L3_S3,-1716,1094,14780,-295,29,-133,0,-87.66
11741,20:30:20:232,3,Severe_Damage,L3_S3,-1718,1116,14708,-261,28,-131,0,-159.66
11742,20:30:20:242,3,Severe_Damage,L3_S3,-1668,1070,14716,-218,21,-123,0,-151.66
11743,20:30:20:252,3,Severe_Damage,L3_S3,-1728,1112,14750,-176,26,-120,0,-117.66
11744,20:30:20:262,3,Severe_Damage,L3_S3,-1698,1074,14804,-131,33,-116,0,-63.66
11745,20:30:20:272,3,Severe_Damage,L3_S3,-1716,1114,14798,-93,24,-106,0,-69.66
11746,20:30:20:282,3,Severe_Damage,L3_S3,-1702,1120,14812,-72,40,-106,0,-55.66
11747,20:30:20:292,3,Severe_Damage,L3_S3,-1724,1102,14850,-59,28,-99,0,-17.66
11748,20:30:20:302,3,Severe_Damage,L3_S3,-1734,1114,14936,-55,37,-101,0,68.34
11749,20:30:20:312,3,Severe_Damage,L3_S3,-1766,1152,14924,-66,32,-107,0,56.34
11750,20:30:20:322,3,Severe_Damage,L3_S3,-1760,1122,15008,-88,29,-101,0,140.34
11751,20:30:20:332,3,Severe_Damage,L3_S3,-1772,1130,15070,-120,33,-112,0,202.34
11752,20:30:20:342,3,Severe_Damage,L3_S3,-1744,1132,15040,-166,34,-119,0,172.34
11753,20:30:20:352,3,Severe_Damage,L3_S3,-1732,1164,15000,-207,33,-122,0,132.34
11754,20:30:20:362,3,Severe_Damage,L3_S3,-1744,1138,14994,-249,29,-124,0,126.34
11755,20:30:20:372,3,Severe_Damage,L3_S3,-1746,1124,14950,-278,26,-131,0,82.34
11756,20:30:20:383,3,Severe_Damage,L3_S3,-1724,1156,14994,-310,26,-141,0,126.34
11757,20:30:20:392,3,Severe_Damage,L3_S3,-1822,1104,14886,-314,25,-140,0,18.34
11758,20:30:20:402,3,Severe_Damage,L3_S3,-1704,1090,14802,-322,28,-141,0,-65.66
11759,20:30:20:412,3,Severe_Damage,L3_S3,-1692,1124,14860,-315,29,-134,0,-7.66
11760,20:30:20:422,3,Severe_Damage,L3_S3,-1700,1130,14810,-293,27,-135,0,-57.66
11761,20:30:20:432,3,Severe_Damage,L3_S3,-1730,1110,14798,-263,33,-130,0,-69.66
11762,20:30:20:442,3,Severe_Damage,L3_S3,-1744,1074,14784,-220,32,-123,0,-83.66
11763,20:30:20:452,3,Severe_Damage,L3_S3,-1690,1102,14832,-175,39,-122,0,-35.66
11764,20:30:20:462,3,Severe_Damage,L3_S3,-1724,1076,14790,-141,20,-111,0,-77.66
11765,20:30:20:472,3,Severe_Damage,L3_S3,-1736,1114,14792,-98,38,-111,0,-75.66
11766,20:30:20:483,3,Severe_Damage,L3_S3,-1716,1148,14864,-86,32,-104,0,-3.66
11767,20:30:20:492,3,Severe_Damage,L3_S3,-1750,1106,14886,-63,36,-104,0,18.34
11768,20:30:20:502,3,Severe_Damage,L3_S3,-1746,1080,14912,-60,34,-95,0,44.34
11769,20:30:20:512,3,Severe_Damage,L3_S3,-1764,1134,14986,-79,26,-98,0,118.34
11770,20:30:20:522,3,Severe_Damage,L3_S3,-1762,1124,14960,-98,29,-108,0,92.34
11771,20:30:20:532,3,Severe_Damage,L3_S3,-1690,1130,15004,-124,26,-116,0,136.34
11772,20:30:20:542,3,Severe_Damage,L3_S3,-1788,1166,14888,-167,32,-115,0,20.34
11773,20:30:20:552,3,Severe_Damage,L3_S3,-1734,1156,14956,-201,33,-127,0,88.34
11774,20:30:20:562,3,Severe_Damage,L3_S3,-1758,1150,14948,-235,22,-125,0,80.34
11775,20:30:20:572,3,Severe_Damage,L3_S3,-1738,1092,15008,-272,26,-133,0,140.34
11776,20:30:20:582,3,Severe_Damage,L3_S3,-1698,1130,14870,-295,28,-138,0,2.34
11777,20:30:20:592,3,Severe_Damage,L3_S3,-1756,1098,14846,-316,30,-144,0,-21.66
11778,20:30:20:602,3,Severe_Damage,L3_S3,-1708,1090,14856,-313,27,-139,0,-11.66
11779,20:30:20:612,3,Severe_Damage,L3_S3,-1722,1092,14798,-297,25,-143,0,-69.66
11780,20:30:20:623,3,Severe_Damage,L3_S3,-1706,1102,14870,-284,36,-138,0,2.34
11781,20:30:20:632,3,Severe_Damage,L3_S3,-1686,1124,14754,-256,28,-128,0,-113.66
11782,20:30:20:642,3,Severe_Damage,L3_S3,-1758,1130,14852,-227,21,-128,0,-15.66
11783,20:30:20:652,3,Severe_Damage,L3_S3,-1680,1118,14770,-185,33,-122,0,-97.66
11784,20:30:20:663,3,Severe_Damage,L3_S3,-1796,1080,14826,-147,25,-113,0,-41.66
11785,20:30:20:673,3,Severe_Damage,L3_S3,-1742,1106,14766,-109,38,-117,0,-101.66
11786,20:30:20:683,3,Severe_Damage,L3_S3,-1762,1104,14848,-97,29,-102,0,-19.66
11787,20:30:20:692,3,Severe_Damage,L3_S3,-1724,1094,14928,-87,39,-103,0,60.34
11788,20:30:20:702,3,Severe_Damage,L3_S3,-1706,1180,14992,-74,37,-102,0,124.34
11789,20:30:20:712,3,Severe_Damage,L3_S3,-1778,1098,14946,-87,23,-106,0,78.34
11790,20:30:20:722,3,Severe_Damage,L3_S3,-1706,1146,14932,-99,37,-111,0,64.34
11791,20:30:20:733,3,Severe_Damage,L3_S3,-1746,1126,14974,-124,24,-109,0,106.34
11792,20:30:20:743,3,Severe_Damage,L3_S3,-1724,1154,15034,-166,31,-119,0,166.34
11793,20:30:20:753,3,Severe_Damage,L3_S3,-1738,1158,14938,-199,24,-118,0,70.34
11794,20:30:20:763,3,Severe_Damage,L3_S3,-1782,1124,14894,-237,27,-131,0,26.34
11795,20:30:20:773,3,Severe_Damage,L3_S3,-1752,1126,14940,-265,31,-135,0,72.34
11796,20:30:20:783,3,Severe_Damage,L3_S3,-1784,1160,14904,-285,24,-136,0,36.34
11797,20:30:20:793,3,Severe_Damage,L3_S3,-1748,1144,14844,-296,32,-147,0,-23.66
11798,20:30:20:803,3,Severe_Damage,L3_S3,-1720,1108,14830,-304,25,-141,0,-37.66
11799,20:30:20:813,3,Severe_Damage,L3_S3,-1682,1036,14808,-299,25,-145,0,-59.66
11800,20:30:20:823,3,Severe_Damage,L3_S3,-1718,1092,14764,-275,34,-133,0,-103.66
11801,20:30:20:833,3,Severe_Damage,L3_S3,-1740,1082,14778,-250,25,-123,0,-89.66
11802,20:30:20:843,3,Severe_Damage,L3_S3,-1700,1092,14760,-221,37,-126,0,-107.66
11803,20:30:20:853,3,Severe_Damage,L3_S3,-1710,1102,14814,-187,17,-121,0,-53.66
11804,20:30:20:863,3,Severe_Damage,L3_S3,-1718,1078,14822,-154,33,-116,0,-45.66
11805,20:30:20:873,3,Severe_Damage,L3_S3,-1758,1076,14802,-119,27,-107,0,-65.66
11806,20:30:20:883,3,Severe_Damage,L3_S3,-1692,1142,14818,-97,32,-107,0,-49.66
11807,20:30:20:893,3,Severe_Damage,L3_S3,-1758,1108,14888,-87,29,-101,0,20.34
11808,20:30:20:903,3,Severe_Damage,L3_S3,-1734,1116,14852,-93,29,-102,0,-15.66
11809,20:30:20:913,3,Severe_Damage,L3_S3,-1726,1114,14862,-91,40,-106,0,-5.66
11810,20:30:20:923,3,Severe_Damage,L3_S3,-1740,1128,14936,-107,33,-107,0,68.34
11811,20:30:20:933,3,Severe_Damage,L3_S3,-1740,1166,14974,-128,33,-111,0,106.34
11812,20:30:20:943,3,Severe_Damage,L3_S3,-1806,1132,14960,-161,40,-115,0,92.34
11813,20:30:20:953,3,Severe_Damage,L3_S3,-1792,1146,14956,-194,30,-124,0,88.34
11814,20:30:20:963,3,Severe_Damage,L3_S3,-1748,1112,14962,-225,28,-131,0,94.34
11815,20:30:20:973,3,Severe_Damage,L3_S3,-1738,1108,14894,-258,27,-131,0,26.34
11816,20:30:20:983,3,Severe_Damage,L3_S3,-1732,1096,14876,-272,29,-131,0,8.34
11817,20:30:20:993,3,Severe_Damage,L3_S3,-1724,1086,14824,-285,26,-136,0,-43.66
11818,20:30:21:003,3,Severe_Damage,L3_S3,-1720,1134,14806,-296,20,-133,0,-61.66
11819,20:30:21:013,3,Severe_Damage,L3_S3,-1710,1106,14838,-287,32,-137,0,-29.66
11820,20:30:21:023,3,Severe_Damage,L3_S3,-1748,1126,14826,-270,19,-135,0,-41.66
11821,20:30:21:033,3,Severe_Damage,L3_S3,-1718,1050,14850,-243,31,-134,0,-17.66
11822,20:30:21:043,3,Severe_Damage,L3_S3,-1704,1044,14798,-222,30,-122,0,-69.66
11823,20:30:21:053,3,Severe_Damage,L3_S3,-1680,1070,14770,-196,30,-114,0,-97.66
11824,20:30:21:063,3,Severe_Damage,L3_S3,-1766,1094,14802,-157,31,-120,0,-65.66
11825,20:30:21:073,3,Severe_Damage,L3_S3,-1724,1060,14824,-131,32,-115,0,-43.66
11826,20:30:21:083,3,Severe_Damage,L3_S3,-1742,1110,14870,-106,29,-105,0,2.34
11827,20:30:21:093,3,Severe_Damage,L3_S3,-1700,1124,14850,-97,32,-111,0,-17.66
11828,20:30:21:103,3,Severe_Damage,L3_S3,-1786,1126,14866,-92,34,-109,0,-1.66
11829,20:30:21:113,3,Severe_Damage,L3_S3,-1760,1110,14852,-95,40,-111,0,-15.66
11830,20:30:21:123,3,Severe_Damage,L3_S3,-1750,1098,14894,-115,29,-105,0,26.34
11831,20:30:21:133,3,Severe_Damage,L3_S3,-1744,1130,14972,-141,31,-114,0,104.34
11832,20:30:21:143,3,Severe_Damage,L3_S3,-1742,1140,15002,-167,29,-120,0,134.34
11833,20:30:21:153,3,Severe_Damage,L3_S3,-1718,1150,14992,-194,20,-126,0,124.34
11834,20:30:21:163,3,Severe_Damage,L3_S3,-1738,1124,14984,-224,30,-130,0,116.34
11835,20:30:21:173,3,Severe_Damage,L3_S3,-1762,1126,14950,-252,22,-137,0,82.34
11836,20:30:21:183,3,Severe_Damage,L3_S3,-1770,1148,14964,-268,30,-139,0,96.34
11837,20:30:21:193,3,Severe_Damage,L3_S3,-1750,1110,14884,-279,32,-130,0,16.34
11838,20:30:21:203,3,Severe_Damage,L3_S3,-1748,1114,14868,-287,29,-133,0,0.34
11839,20:30:21:213,3,Severe_Damage,L3_S3,-1698,1060,14862,-282,27,-137,0,-5.66
11840,20:30:21:223,3,Severe_Damage,L3_S3,-1684,1066,14786,-265,34,-128,0,-81.66
11841,20:30:21:233,3,Severe_Damage,L3_S3,-1720,1032,14770,-247,29,-122,0,-97.66
11842,20:30:21:243,3,Severe_Damage,L3_S3,-1726,1084,14754,-218,35,-125,0,-113.66
11843,20:30:21:253,3,Severe_Damage,L3_S3,-1710,1112,14726,-193,31,-125,0,-141.66
11844,20:30:21:263,3,Severe_Damage,L3_S3,-1714,1068,14808,-168,32,-115,0,-59.66
11845,20:30:21:273,3,Severe_Damage,L3_S3,-1724,1090,14834,-139,34,-108,0,-33.66
11846,20:30:21:283,3,Severe_Damage,L3_S3,-1762,1060,14876,-122,29,-107,0,8.34
11847,20:30:21:293,3,Severe_Damage,L3_S3,-1736,1110,14832,-109,33,-111,0,-35.66
11848,20:30:21:303,3,Severe_Damage,L3_S3,-1744,1128,14892,-100,30,-111,0,24.34
11849,20:30:21:313,3,Severe_Damage,L3_S3,-1776,1150,14870,-104,24,-107,0,2.34
11850,20:30:21:323,3,Severe_Damage,L3_S3,-1658,1136,14994,-119,30,-115,0,126.34
11851,20:30:21:333,3,Severe_Damage,L3_S3,-1766,1106,14998,-139,35,-113,0,130.34
11852,20:30:21:343,3,Severe_Damage,L3_S3,-1704,1150,14902,-167,36,-119,0,34.34
11853,20:30:21:353,3,Severe_Damage,L3_S3,-1754,1158,15012,-189,29,-122,0,144.34
11854,20:30:21:363,3,Severe_Damage,L3_S3,-1728,1142,14956,-221,31,-124,0,88.34
11855,20:30:21:373,3,Severe_Damage,L3_S3,-1748,1108,14898,-240,30,-129,0,30.34
11856,20:30:21:383,3,Severe_Damage,L3_S3,-1732,1098,14920,-256,29,-131,0,52.34
11857,20:30:21:393,3,Severe_Damage,L3_S3,-1776,1106,14884,-273,29,-138,0,16.34
11858,20:30:21:403,3,Severe_Damage,L3_S3,-1698,1148,14836,-277,28,-144,0,-31.66
11859,20:30:21:413,3,Severe_Damage,L3_S3,-1760,1102,14844,-274,26,-130,0,-23.66
11860,20:30:21:423,3,Severe_Damage,L3_S3,-1784,1114,14822,-261,27,-129,0,-45.66
11861,20:30:21:433,3,Severe_Damage,L3_S3,-1720,1136,14830,-246,28,-122,0,-37.66
11862,20:30:21:443,3,Severe_Damage,L3_S3,-1754,1132,14808,-221,22,-129,0,-59.66
11863,20:30:21:453,3,Severe_Damage,L3_S3,-1734,1066,14862,-188,27,-128,0,-5.66
11864,20:30:21:463,3,Severe_Damage,L3_S3,-1716,1146,14756,-166,28,-123,0,-111.66
11865,20:30:21:473,3,Severe_Damage,L3_S3,-1712,1086,14800,-144,39,-120,0,-67.66
11866,20:30:21:483,3,Severe_Damage,L3_S3,-1694,1118,14860,-125,33,-118,0,-7.66
11867,20:30:21:493,3,Severe_Damage,L3_S3,-1758,1152,14862,-113,34,-108,0,-5.66
11868,20:30:21:503,3,Severe_Damage,L3_S3,-1740,1134,14892,-110,25,-111,0,24.34
11869,20:30:21:513,3,Severe_Damage,L3_S3,-1734,1152,14934,-111,30,-107,0,66.34
11870,20:30:21:523,3,Severe_Damage,L3_S3,-1740,1102,14934,-127,29,-106,0,66.34
11871,20:30:21:533,3,Severe_Damage,L3_S3,-1710,1140,14954,-142,31,-115,0,86.34
11872,20:30:21:543,3,Severe_Damage,L3_S3,-1784,1098,14894,-171,23,-119,0,26.34
11873,20:30:21:553,3,Severe_Damage,L3_S3,-1746,1136,14998,-187,27,-121,0,130.34
11874,20:30:21:563,3,Severe_Damage,L3_S3,-1732,1142,14914,-214,19,-123,0,46.34
11875,20:30:21:573,3,Severe_Damage,L3_S3,-1746,1114,14836,-232,26,-139,0,-31.66
11876,20:30:21:583,3,Severe_Damage,L3_S3,-1702,1096,14872,-247,29,-132,0,4.34
11877,20:30:21:593,3,Severe_Damage,L3_S3,-1756,1114,14862,-267,26,-138,0,-5.66
11878,20:30:21:603,3,Severe_Damage,L3_S3,-1738,1158,14856,-264,23,-129,0,-11.66
11879,20:30:21:613,3,Severe_Damage,L3_S3,-1716,1102,14854,-269,23,-131,0,-13.66
11880,20:30:21:623,3,Severe_Damage,L3_S3,-1764,1116,14760,-257,27,-126,0,-107.66
11881,20:30:21:633,3,Severe_Damage,L3_S3,-1708,1058,14740,-238,25,-130,0,-127.66
11882,20:30:21:643,3,Severe_Damage,L3_S3,-1752,1092,14806,-220,27,-130,0,-61.66
11883,20:30:21:653,3,Severe_Damage,L3_S3,-1684,1118,14750,-194,30,-123,0,-117.66
11884,20:30:21:663,3,Severe_Damage,L3_S3,-1700,1116,14806,-166,26,-123,0,-61.66
11885,20:30:21:673,3,Severe_Damage,L3_S3,-1698,1086,14808,-151,21,-118,0,-59.66
11886,20:30:21:683,3,Severe_Damage,L3_S3,-1696,1082,14826,-127,34,-109,0,-41.66
11887,20:30:21:693,3,Severe_Damage,L3_S3,-1742,1138,14852,-126,31,-111,0,-15.66
11888,20:30:21:703,3,Severe_Damage,L3_S3,-1748,1128,14932,-115,34,-111,0,64.34
11889,20:30:21:713,3,Severe_Damage,L3_S3,-1722,1134,15008,-123,21,-110,0,140.34
11890,20:30:21:723,3,Severe_Damage,L3_S3,-1764,1162,14908,-122,30,-108,0,40.34
11891,20:30:21:733,3,Severe_Damage,L3_S3,-1714,1114,14952,-148,26,-113,0,84.34
11892,20:30:21:743,3,Severe_Damage,L3_S3,-1802,1110,14916,-187,24,-119,0,48.34
11893,20:30:21:753,3,Severe_Damage,L3_S3,-1740,1158,14906,-208,32,-129,0,38.34
11894,20:30:21:763,3,Severe_Damage,L3_S3,-1756,1126,14980,-237,22,-132,0,112.34
11895,20:30:21:773,3,Severe_Damage,L3_S3,-1736,1132,14920,-246,34,-134,0,52.34
11896,20:30:21:783,3,Severe_Damage,L3_S3,-1736,1106,14862,-256,25,-123,0,-5.66
11897,20:30:21:793,3,Severe_Damage,L3_S3,-1714,1132,14858,-260,28,-133,0,-9.66
11898,20:30:21:803,3,Severe_Damage,L3_S3,-1708,1104,14786,-264,27,-129,0,-81.66
11899,20:30:21:813,3,Severe_Damage,L3_S3,-1710,1114,14816,-253,25,-130,0,-51.66
11900,20:30:21:823,3,Severe_Damage,L3_S3,-1760,1100,14788,-240,36,-129,0,-79.66
11901,20:30:21:833,3,Severe_Damage,L3_S3,-1704,1066,14808,-217,32,-130,0,-59.66
11902,20:30:21:843,3,Severe_Damage,L3_S3,-1714,1110,14864,-194,30,-122,0,-3.66
11903,20:30:21:853,3,Severe_Damage,L3_S3,-1714,1126,14840,-177,38,-122,0,-27.66
11904,20:30:21:863,3,Severe_Damage,L3_S3,-1760,1116,14766,-154,24,-119,0,-101.66
11905,20:30:21:873,3,Severe_Damage,L3_S3,-1726,1126,14822,-137,36,-111,0,-45.66
11906,20:30:21:883,3,Severe_Damage,L3_S3,-1714,1074,14850,-133,26,-111,0,-17.66
11907,20:30:21:893,3,Severe_Damage,L3_S3,-1680,1122,14912,-124,31,-112,0,44.34
11908,20:30:21:903,3,Severe_Damage,L3_S3,-1726,1092,14840,-125,25,-107,0,-27.66
11909,20:30:21:913,3,Severe_Damage,L3_S3,-1708,1112,14834,-141,31,-113,0,-33.66
11910,20:30:21:923,3,Severe_Damage,L3_S3,-1812,1168,14848,-154,31,-118,0,-19.66
11911,20:30:21:933,3,Severe_Damage,L3_S3,-1758,1194,14948,-168,26,-124,0,80.34
11912,20:30:21:943,3,Severe_Damage,L3_S3,-1768,1126,14962,-185,26,-124,0,94.34
11913,20:30:21:953,3,Severe_Damage,L3_S3,-1774,1132,14938,-206,27,-122,0,70.34
11914,20:30:21:963,3,Severe_Damage,L3_S3,-1776,1064,14980,-221,39,-125,0,112.34
11915,20:30:21:973,3,Severe_Damage,L3_S3,-1738,1114,14934,-247,16,-127,0,66.34
11916,20:30:21:983,3,Severe_Damage,L3_S3,-1718,1134,14856,-252,29,-129,0,-11.66
11917,20:30:21:993,3,Severe_Damage,L3_S3,-1756,1080,14812,-252,24,-132,0,-55.66
11918,20:30:22:003,3,Severe_Damage,L3_S3,-1742,1114,14822,-251,34,-141,0,-45.66
11919,20:30:22:013,3,Severe_Damage,L3_S3,-1712,1088,14832,-246,27,-133,0,-35.66
11920,20:30:22:023,3,Severe_Damage,L3_S3,-1752,1086,14844,-230,27,-125,0,-23.66
11921,20:30:22:033,3,Severe_Damage,L3_S3,-1720,1072,14750,-209,30,-127,0,-117.66
11922,20:30:22:043,3,Severe_Damage,L3_S3,-1686,1102,14872,-189,28,-121,0,4.34
11923,20:30:22:053,3,Severe_Damage,L3_S3,-1746,1088,14776,-173,35,-120,0,-91.66
11924,20:30:22:063,3,Severe_Damage,L3_S3,-1644,1146,14932,-161,31,-126,0,64.34
11925,20:30:22:073,3,Severe_Damage,L3_S3,-1780,1118,14852,-142,32,-112,0,-15.66
11926,20:30:22:083,3,Severe_Damage,L3_S3,-1738,1066,14874,-128,30,-114,0,6.34
11927,20:30:22:093,3,Severe_Damage,L3_S3,-1772,1090,14898,-129,30,-112,0,30.34
11928,20:30:22:103,3,Severe_Damage,L3_S3,-1724,1116,14876,-129,36,-109,0,8.34
11929,20:30:22:113,3,Severe_Damage,L3_S3,-1764,1086,14994,-133,30,-116,0,126.34
11930,20:30:22:123,3,Severe_Damage,L3_S3,-1796,1102,14974,-155,33,-116,0,106.34
11931,20:30:22:133,3,Severe_Damage,L3_S3,-1736,1086,14886,-165,31,-122,0,18.34
11932,20:30:22:143,3,Severe_Damage,L3_S3,-1740,1122,14974,-189,29,-121,0,106.34
11933,20:30:22:153,3,Severe_Damage,L3_S3,-1742,1146,14918,-211,26,-122,0,50.34
11934,20:30:22:163,3,Severe_Damage,L3_S3,-1706,1132,14900,-224,29,-127,0,32.34
11935,20:30:22:173,3,Severe_Damage,L3_S3,-1714,1112,14900,-241,27,-130,0,32.34
11936,20:30:22:183,3,Severe_Damage,L3_S3,-1740,1090,14868,-246,37,-136,0,0.34
11937,20:30:22:193,3,Severe_Damage,L3_S3,-1714,1098,14814,-243,29,-136,0,-53.66
11938,20:30:22:203,3,Severe_Damage,L3_S3,-1740,1102,14838,-247,25,-132,0,-29.66
11939,20:30:22:214,3,Severe_Damage,L3_S3,-1702,1106,14860,-234,36,-131,0,-7.66
11940,20:30:22:223,3,Severe_Damage,L3_S3,-1724,1108,14836,-228,21,-128,0,-31.66
11941,20:30:22:234,3,Severe_Damage,L3_S3,-1742,1074,14804,-208,34,-120,0,-63.66
11942,20:30:22:243,3,Severe_Damage,L3_S3,-1738,1090,14894,-200,25,-122,0,26.34
11943,20:30:22:253,3,Severe_Damage,L3_S3,-1752,1042,14836,-181,28,-116,0,-31.66
11944,20:30:22:264,3,Severe_Damage,L3_S3,-1742,1102,14816,-161,34,-114,0,-51.66
11945,20:30:22:274,3,Severe_Damage,L3_S3,-1712,1106,14836,-144,28,-116,0,-31.66
11946,20:30:22:283,3,Severe_Damage,L3_S3,-1732,1092,14862,-143,33,-112,0,-5.66
11947,20:30:22:294,3,Severe_Damage,L3_S3,-1696,1134,14886,-136,40,-114,0,18.34
11948,20:30:22:303,3,Severe_Damage,L3_S3,-1714,1092,14930,-140,32,-116,0,62.34
11949,20:30:22:314,3,Severe_Damage,L3_S3,-1754,1100,14908,-138,32,-109,0,40.34
11950,20:30:22:324,3,Severe_Damage,L3_S3,-1746,1120,14886,-145,29,-117,0,18.34
11951,20:30:22:333,3,Severe_Damage,L3_S3,-1750,1120,14942,-164,32,-115,0,74.34
11952,20:30:22:343,3,Severe_Damage,L3_S3,-1746,1122,14916,-183,37,-129,0,48.34
11953,20:30:22:353,3,Severe_Damage,L3_S3,-1762,1174,14920,-204,29,-123,0,52.34
11954,20:30:22:364,3,Severe_Damage,L3_S3,-1780,1126,14864,-215,23,-121,0,-3.66
11955,20:30:22:373,3,Severe_Damage,L3_S3,-1730,1066,14888,-235,27,-133,0,20.34
11956,20:30:22:384,3,Severe_Damage,L3_S3,-1754,1128,14830,-238,14,-132,0,-37.66
11957,20:30:22:394,3,Severe_Damage,L3_S3,-1700,1130,14854,-249,23,-131,0,-13.66
11958,20:30:22:404,3,Severe_Damage,L3_S3,-1744,1094,14832,-244,26,-134,0,-35.66
11959,20:30:22:413,3,Severe_Damage,L3_S3,-1758,1118,14832,-239,27,-130,0,-35.66
11960,20:30:22:424,3,Severe_Damage,L3_S3,-1712,1104,14770,-226,35,-126,0,-97.66
11961,20:30:22:434,3,Severe_Damage,L3_S3,-1734,1114,14828,-219,28,-123,0,-39.66
11962,20:30:22:444,3,Severe_Damage,L3_S3,-1730,1132,14850,-201,31,-131,0,-17.66
11963,20:30:22:454,3,Severe_Damage,L3_S3,-1746,1088,14782,-185,28,-124,0,-85.66
11964,20:30:22:464,3,Severe_Damage,L3_S3,-1776,1104,14854,-168,29,-115,0,-13.66
11965,20:30:22:474,3,Severe_Damage,L3_S3,-1720,1148,14876,-150,31,-109,0,8.34
11966,20:30:22:484,3,Severe_Damage,L3_S3,-1724,1090,14900,-142,29,-108,0,32.34
11967,20:30:22:494,3,Severe_Damage,L3_S3,-1750,1136,14810,-141,39,-112,0,-57.66
11968,20:30:22:504,3,Severe_Damage,L3_S3,-1762,1168,14868,-144,33,-111,0,0.34
11969,20:30:22:514,3,Severe_Damage,L3_S3,-1758,1120,14930,-149,22,-107,0,62.34
11970,20:30:22:524,3,Severe_Damage,L3_S3,-1706,1104,14994,-155,30,-127,0,126.34
11971,20:30:22:534,3,Severe_Damage,L3_S3,-1758,1144,14912,-171,19,-121,0,44.34
11972,20:30:22:544,3,Severe_Damage,L3_S3,-1708,1108,14972,-182,33,-127,0,104.34
11973,20:30:22:554,3,Severe_Damage,L3_S3,-1720,1090,14900,-205,20,-124,0,32.34
11974,20:30:22:564,3,Severe_Damage,L3_S3,-1760,1142,14958,-220,22,-125,0,90.34
11975,20:30:22:574,3,Severe_Damage,L3_S3,-1760,1098,14934,-231,29,-130,0,66.34
11976,20:30:22:584,3,Severe_Damage,L3_S3,-1746,1098,14892,-237,27,-125,0,24.34
11977,20:30:22:594,3,Severe_Damage,L3_S3,-1744,1170,14882,-241,25,-124,0,14.34
11978,20:30:22:604,3,Severe_Damage,L3_S3,-1708,1118,14864,-242,33,-123,0,-3.66
11979,20:30:22:614,3,Severe_Damage,L3_S3,-1742,1126,14834,-233,30,-124,0,-33.66
11980,20:30:22:624,3,Severe_Damage,L3_S3,-1744,1134,14850,-225,31,-123,0,-17.66
11981,20:30:22:634,3,Severe_Damage,L3_S3,-1686,1080,14786,-219,25,-125,0,-81.66
11982,20:30:22:644,3,Severe_Damage,L3_S3,-1716,1154,14838,-202,30,-124,0,-29.66
11983,20:30:22:654,3,Severe_Damage,L3_S3,-1716,1068,14794,-183,30,-126,0,-73.66
11984,20:30:22:664,3,Severe_Damage,L3_S3,-1746,1084,14850,-167,26,-126,0,-17.66
11985,20:30:22:674,3,Severe_Damage,L3_S3,-1748,1062,14870,-155,36,-120,0,2.34
11986,20:30:22:684,3,Severe_Damage,L3_S3,-1746,1128,14874,-152,28,-121,0,6.34
11987,20:30:22:694,3,Severe_Damage,L3_S3,-1744,1110,14922,-146,36,-116,0,54.34
11988,20:30:22:704,3,Severe_Damage,L3_S3,-1704,1134,14886,-151,29,-117,0,18.34
11989,20:30:22:714,3,Severe_Damage,L3_S3,-1742,1174,14884,-147,29,-112,0,16.34
11990,20:30:22:724,3,Severe_Damage,L3_S3,-1742,1124,14840,-163,28,-111,0,-27.66
11991,20:30:22:734,3,Severe_Damage,L3_S3,-1738,1138,14936,-173,32,-118,0,68.34
11992,20:30:22:744,3,Severe_Damage,L3_S3,-1704,1118,14934,-187,29,-124,0,66.34
11993,20:30:22:754,3,Severe_Damage,L3_S3,-1728,1130,14898,-194,33,-121,0,30.34
11994,20:30:22:764,3,Severe_Damage,L3_S3,-1754,1048,14904,-214,29,-127,0,36.34
11995,20:30:22:774,3,Severe_Damage,L3_S3,-1734,1122,14874,-225,25,-132,0,6.34
11996,20:30:22:784,3,Severe_Damage,L3_S3,-1754,1098,14964,-233,29,-133,0,96.34
11997,20:30:22:794,3,Severe_Damage,L3_S3,-1738,1128,14846,-229,28,-130,0,-21.66
11998,20:30:22:804,3,Severe_Damage,L3_S3,-1706,1110,14844,-228,25,-126,0,-23.66
11999,20:30:22:814,3,Severe_Damage,L3_S3,-1754,1060,14834,-235,26,-130,0,-33.66
12000,20:30:22:824,3,Severe_Damage,L3_S3,-1768,1100,14810,-220,24,-122,0,-57.66
12001,20:30:22:834,3,Severe_Damage,L3_S3,-1710,1072,14914,-214,28,-128,0,46.34
12002,20:30:22:844,3,Severe_Damage,L3_S3,-1734,1166,14796,-201,24,-122,0,-71.66
12003,20:30:22:854,3,Severe_Damage,L3_S3,-1682,1150,14786,-192,34,-119,0,-81.66
12004,20:30:22:864,3,Severe_Damage,L3_S3,-1704,1106,14824,-170,33,-123,0,-43.66
12005,20:30:22:874,3,Severe_Damage,L3_S3,-1794,1090,14864,-159,28,-121,0,-3.66
12006,20:30:22:884,3,Severe_Damage,L3_S3,-1732,1070,14880,-146,36,-120,0,12.34
12007,20:30:22:894,3,Severe_Damage,L3_S3,-1782,1124,14832,-148,24,-117,0,-35.66
12008,20:30:22:904,3,Severe_Damage,L3_S3,-1698,1122,14866,-145,35,-116,0,-1.66
12009,20:30:22:914,3,Severe_Damage,L3_S3,-1742,1158,14858,-154,27,-116,0,-9.66
12010,20:30:22:924,3,Severe_Damage,L3_S3,-1744,1106,14928,-160,24,-122,0,60.34
12011,20:30:22:934,3,Severe_Damage,L3_S3,-1756,1128,14888,-174,35,-117,0,20.34
12012,20:30:22:944,3,Severe_Damage,L3_S3,-1726,1106,14906,-183,32,-118,0,38.34
12013,20:30:22:954,3,Severe_Damage,L3_S3,-1768,1126,14892,-195,29,-125,0,24.34
12014,20:30:22:964,3,Severe_Damage,L3_S3,-1780,1090,14956,-205,30,-126,0,88.34
12015,20:30:22:974,3,Severe_Damage,L3_S3,-1790,1090,14916,-217,24,-131,0,48.34
12016,20:30:22:984,3,Severe_Damage,L3_S3,-1702,1108,14886,-223,36,-129,0,18.34
12017,20:30:22:994,3,Severe_Damage,L3_S3,-1718,1110,14886,-229,28,-126,0,18.34
12018,20:30:23:004,3,Severe_Damage,L3_S3,-1738,1090,14828,-232,31,-133,0,-39.66
12019,20:30:23:014,3,Severe_Damage,L3_S3,-1754,1118,14880,-226,24,-128,0,12.34
12020,20:30:23:024,3,Severe_Damage,L3_S3,-1752,1124,14806,-220,31,-126,0,-61.66
12021,20:30:23:034,3,Severe_Damage,L3_S3,-1800,1064,14812,-212,27,-132,0,-55.66
12022,20:30:23:044,3,Severe_Damage,L3_S3,-1700,1080,14850,-197,30,-127,0,-17.66
12023,20:30:23:054,3,Severe_Damage,L3_S3,-1766,1102,14752,-184,29,-120,0,-115.66
12024,20:30:23:064,3,Severe_Damage,L3_S3,-1708,1076,14898,-177,27,-116,0,30.34
12025,20:30:23:074,3,Severe_Damage,L3_S3,-1758,1116,14820,-159,33,-114,0,-47.66
12026,20:30:23:084,3,Severe_Damage,L3_S3,-1722,1122,14824,-156,34,-109,0,-43.66
12027,20:30:23:094,3,Severe_Damage,L3_S3,-1734,1152,14902,-151,30,-107,0,34.34
12028,20:30:23:104,3,Severe_Damage,L3_S3,-1740,1152,14876,-151,33,-111,0,8.34
12029,20:30:23:114,3,Severe_Damage,L3_S3,-1798,1120,14818,-153,28,-120,0,-49.66
12030,20:30:23:124,3,Severe_Damage,L3_S3,-1730,1084,14900,-162,35,-112,0,32.34
12031,20:30:23:134,3,Severe_Damage,L3_S3,-1704,1126,14954,-171,35,-116,0,86.34
12032,20:30:23:144,3,Severe_Damage,L3_S3,-1754,1102,14838,-187,38,-124,0,-29.66
12033,20:30:23:154,3,Severe_Damage,L3_S3,-1770,1118,14914,-193,36,-123,0,46.34
12034,20:30:23:164,3,Severe_Damage,L3_S3,-1746,1108,14892,-201,33,-132,0,24.34
12035,20:30:23:174,3,Severe_Damage,L3_S3,-1714,1134,14884,-215,31,-127,0,16.34
12036,20:30:23:184,3,Severe_Damage,L3_S3,-1784,1136,14920,-223,23,-126,0,52.34
12037,20:30:23:194,3,Severe_Damage,L3_S3,-1704,1104,14852,-225,32,-134,0,-15.66
12038,20:30:23:204,3,Severe_Damage,L3_S3,-1724,1094,14856,-232,24,-127,0,-11.66
12039,20:30:23:214,3,Severe_Damage,L3_S3,-1720,1110,14870,-224,34,-125,0,2.34
12040,20:30:23:224,3,Severe_Damage,L3_S3,-1682,1124,14768,-221,30,-122,0,-99.66
12041,20:30:23:234,3,Severe_Damage,L3_S3,-1696,1112,14822,-217,25,-119,0,-45.66
12042,20:30:23:244,3,Severe_Damage,L3_S3,-1736,1116,14862,-197,24,-122,0,-5.66
12043,20:30:23:254,3,Severe_Damage,L3_S3,-1768,1154,14862,-191,28,-119,0,-5.66
12044,20:30:23:264,3,Severe_Damage,L3_S3,-1714,1054,14866,-173,27,-126,0,-1.66
12045,20:30:23:274,3,Severe_Damage,L3_S3,-1740,1114,14864,-166,23,-122,0,-3.66
12046,20:30:23:284,3,Severe_Damage,L3_S3,-1750,1092,14838,-163,22,-116,0,-29.66
12047,20:30:23:294,3,Severe_Damage,L3_S3,-1660,1128,14846,-155,33,-123,0,-21.66
12048,20:30:23:304,3,Severe_Damage,L3_S3,-1722,1068,14820,-157,33,-119,0,-47.66
12049,20:30:23:314,3,Severe_Damage,L3_S3,-1754,1112,14888,-164,27,-111,0,20.34
12050,20:30:23:324,3,Severe_Damage,L3_S3,-1728,1136,14882,-168,26,-116,0,14.34
12051,20:30:23:334,3,Severe_Damage,L3_S3,-1772,1146,14966,-181,24,-122,0,98.34
12052,20:30:23:344,3,Severe_Damage,L3_S3,-1732,1108,14856,-188,31,-125,0,-11.66
12053,20:30:23:354,3,Severe_Damage,L3_S3,-1688,1116,14956,-195,24,-128,0,88.34
12054,20:30:23:364,3,Severe_Damage,L3_S3,-1732,1190,14890,-205,28,-125,0,22.34
12055,20:30:23:374,3,Severe_Damage,L3_S3,-1716,1098,14904,-217,29,-127,0,36.34
12056,20:30:23:384,3,Severe_Damage,L3_S3,-1730,1126,14906,-226,29,-123,0,38.34
12057,20:30:23:394,3,Severe_Damage,L3_S3,-1748,1132,14888,-226,31,-127,0,20.34
12058,20:30:23:404,3,Severe_Damage,L3_S3,-1702,1132,14782,-227,32,-126,0,-85.66
12059,20:30:23:414,3,Severe_Damage,L3_S3,-1736,1128,14874,-229,32,-131,0,6.34
12060,20:30:23:424,3,Severe_Damage,L3_S3,-1718,1090,14866,-212,35,-132,0,-1.66
12061,20:30:23:434,3,Severe_Damage,L3_S3,-1718,1080,14848,-209,29,-129,0,-19.66
12062,20:30:23:444,3,Severe_Damage,L3_S3,-1710,1072,14796,-198,27,-125,0,-71.66
12063,20:30:23:454,3,Severe_Damage,L3_S3,-1724,1104,14800,-193,26,-120,0,-67.66
12064,20:30:23:464,3,Severe_Damage,L3_S3,-1768,1112,14784,-175,33,-123,0,-83.66
12065,20:30:23:474,3,Severe_Damage,L3_S3,-1694,1070,14782,-171,31,-121,0,-85.66
12066,20:30:23:484,3,Severe_Damage,L3_S3,-1732,1144,14830,-167,30,-119,0,-37.66
12067,20:30:23:494,3,Severe_Damage,L3_S3,-1738,1094,14828,-162,27,-123,0,-39.66
12068,20:30:23:504,3,Severe_Damage,L3_S3,-1760,1072,14908,-155,33,-118,0,40.34
12069,20:30:23:514,3,Severe_Damage,L3_S3,-1756,1112,14906,-167,32,-117,0,38.34
12070,20:30:23:524,3,Severe_Damage,L3_S3,-1742,1128,14866,-163,34,-122,0,-1.66
12071,20:30:23:534,3,Severe_Damage,L3_S3,-1716,1156,14914,-167,25,-120,0,46.34
12072,20:30:23:544,3,Severe_Damage,L3_S3,-1754,1120,14954,-181,32,-117,0,86.34
12073,20:30:23:554,3,Severe_Damage,L3_S3,-1770,1158,14950,-192,27,-126,0,82.34
12074,20:30:23:564,3,Severe_Damage,L3_S3,-1760,1142,14848,-206,36,-122,0,-19.66
12075,20:30:23:574,3,Severe_Damage,L3_S3,-1756,1154,14862,-202,31,-127,0,-5.66
12076,20:30:23:584,3,Severe_Damage,L3_S3,-1726,1114,14912,-214,26,-129,0,44.34
12077,20:30:23:594,3,Severe_Damage,L3_S3,-1714,1060,14858,-217,25,-124,0,-9.66
12078,20:30:23:604,3,Severe_Damage,L3_S3,-1704,1070,14950,-220,27,-127,0,82.34
12079,20:30:23:614,3,Severe_Damage,L3_S3,-1724,1140,14876,-221,22,-124,0,8.34
12080,20:30:23:624,3,Severe_Damage,L3_S3,-1728,1136,14854,-218,31,-128,0,-13.66
12081,20:30:23:634,3,Severe_Damage,L3_S3,-1712,1090,14860,-210,25,-129,0,-7.66
12082,20:30:23:644,3,Severe_Damage,L3_S3,-1766,1070,14796,-196,29,-129,0,-71.66
12083,20:30:23:654,3,Severe_Damage,L3_S3,-1698,1128,14786,-185,28,-124,0,-81.66
12084,20:30:23:664,3,Severe_Damage,L3_S3,-1728,1164,14916,-179,27,-115,0,48.34
12085,20:30:23:674,3,Severe_Damage,L3_S3,-1728,1036,14842,-173,34,-127,0,-25.66
12086,20:30:23:684,3,Severe_Damage,L3_S3,-1740,1096,14856,-165,31,-121,0,-11.66
12087,20:30:23:694,3,Severe_Damage,L3_S3,-1738,1136,14886,-162,30,-114,0,18.34
12088,20:30:23:704,3,Severe_Damage,L3_S3,-1732,1090,14846,-162,30,-125,0,-21.66
12089,20:30:23:714,3,Severe_Damage,L3_S3,-1770,1114,14858,-163,31,-120,0,-9.66
12090,20:30:23:724,3,Severe_Damage,L3_S3,-1728,1120,14932,-168,32,-119,0,64.34
12091,20:30:23:734,3,Severe_Damage,L3_S3,-1776,1102,15008,-175,28,-126,0,140.34
12092,20:30:23:744,3,Severe_Damage,L3_S3,-1760,1122,14924,-187,32,-118,0,56.34
12093,20:30:23:754,3,Severe_Damage,L3_S3,-1710,1100,14888,-198,32,-126,0,20.34
12094,20:30:23:764,3,Severe_Damage,L3_S3,-1748,1120,14962,-199,25,-120,0,94.34
12095,20:30:23:774,3,Severe_Damage,L3_S3,-1730,1148,14910,-215,29,-117,0,42.34
12096,20:30:23:784,3,Severe_Damage,L3_S3,-1738,1126,14868,-214,30,-126,0,0.34
12097,20:30:23:794,3,Severe_Damage,L3_S3,-1712,1098,14888,-216,34,-127,0,20.34
12098,20:30:23:804,3,Severe_Damage,L3_S3,-1740,1080,14862,-219,33,-123,0,-5.66
12099,20:30:23:814,3,Severe_Damage,L3_S3,-1708,1152,14858,-224,25,-125,0,-9.66
12100,20:30:23:824,3,Severe_Damage,L3_S3,-1754,1116,14888,-216,29,-126,0,20.34
12101,20:30:23:835,3,Severe_Damage,L3_S3,-1784,1122,14784,-213,26,-122,0,-83.66
12102,20:30:23:844,3,Severe_Damage,L3_S3,-1734,1110,14854,-197,32,-118,0,-13.66
12103,20:30:23:854,3,Severe_Damage,L3_S3,-1730,1114,14828,-190,30,-126,0,-39.66
12104,20:30:23:864,3,Severe_Damage,L3_S3,-1722,1102,14828,-176,33,-117,0,-39.66
12105,20:30:23:874,3,Severe_Damage,L3_S3,-1736,1140,14876,-172,31,-116,0,8.34
12106,20:30:23:884,3,Severe_Damage,L3_S3,-1718,1114,14898,-161,30,-120,0,30.34
12107,20:30:23:894,3,Severe_Damage,L3_S3,-1732,1130,14838,-161,26,-118,0,-29.66
12108,20:30:23:904,3,Severe_Damage,L3_S3,-1750,1120,14906,-162,31,-119,0,38.34
12109,20:30:23:914,3,Severe_Damage,L3_S3,-1712,1118,14868,-168,24,-110,0,0.34
12110,20:30:23:924,3,Severe_Damage,L3_S3,-1722,1136,14922,-163,27,-113,0,54.34
12111,20:30:23:934,3,Severe_Damage,L3_S3,-1684,1118,14914,-178,25,-123,0,46.34
12112,20:30:23:945,3,Severe_Damage,L3_S3,-1710,1142,14944,-179,30,-117,0,76.34
12113,20:30:23:954,3,Severe_Damage,L3_S3,-1766,1110,14952,-186,27,-115,0,84.34
12114,20:30:23:964,3,Severe_Damage,L3_S3,-1740,1092,14892,-202,29,-130,0,24.34
12115,20:30:23:975,3,Severe_Damage,L3_S3,-1734,1094,14926,-211,19,-125,0,58.34
12116,20:30:23:985,3,Severe_Damage,L3_S3,-1724,1146,14858,-211,33,-125,0,-9.66
12117,20:30:23:995,3,Severe_Damage,L3_S3,-1702,1104,14954,-218,24,-121,0,86.34
12118,20:30:24:005,3,Severe_Damage,L3_S3,-1770,1122,14896,-220,32,-123,0,28.34
12119,20:30:24:015,3,Severe_Damage,L3_S3,-1738,1094,14872,-220,32,-126,0,4.34
12120,20:30:24:025,3,Severe_Damage,L3_S3,-1758,1112,14858,-214,29,-128,0,-9.66
12121,20:30:24:035,3,Severe_Damage,L3_S3,-1778,1130,14826,-204,27,-133,0,-41.66
12122,20:30:24:045,3,Severe_Damage,L3_S3,-1702,1036,14860,-204,28,-128,0,-7.66
12123,20:30:24:055,3,Severe_Damage,L3_S3,-1740,1126,14846,-190,25,-121,0,-21.66
12124,20:30:24:065,3,Severe_Damage,L3_S3,-1750,1096,14906,-179,33,-127,0,38.34
12125,20:30:24:075,3,Severe_Damage,L3_S3,-1760,1132,14932,-170,28,-116,0,64.34
12126,20:30:24:085,3,Severe_Damage,L3_S3,-1744,1098,14898,-168,33,-120,0,30.34
12127,20:30:24:095,3,Severe_Damage,L3_S3,-1746,1134,14898,-162,30,-116,0,30.34
12128,20:30:24:105,3,Severe_Damage,L3_S3,-1758,1128,14904,-170,23,-116,0,36.34
12129,20:30:24:115,3,Severe_Damage,L3_S3,-1700,1134,14842,-166,33,-121,0,-25.66
12130,20:30:24:125,3,Severe_Damage,L3_S3,-1770,1098,14862,-170,21,-121,0,-5.66
12131,20:30:24:135,3,Severe_Damage,L3_S3,-1752,1128,14832,-171,39,-118,0,-35.66
12132,20:30:24:145,3,Severe_Damage,L3_S3,-1744,1144,14892,-183,26,-122,0,24.34
12133,20:30:24:155,3,Severe_Damage,L3_S3,-1756,1134,14908,-190,30,-124,0,40.34
12134,20:30:24:165,3,Severe_Damage,L3_S3,-1766,1142,14870,-201,26,-124,0,2.34
12135,20:30:24:175,3,Severe_Damage,L3_S3,-1722,1052,14864,-204,31,-127,0,-3.66
12136,20:30:24:185,3,Severe_Damage,L3_S3,-1738,1102,14944,-208,36,-130,0,76.34
12137,20:30:24:195,3,Severe_Damage,L3_S3,-1752,1150,14906,-209,31,-127,0,38.34
12138,20:30:24:205,3,Severe_Damage,L3_S3,-1758,1132,14864,-219,30,-127,0,-3.66
12139,20:30:24:215,3,Severe_Damage,L3_S3,-1746,1138,14862,-212,27,-131,0,-5.66
12140,20:30:24:225,3,Severe_Damage,L3_S3,-1714,1124,14834,-214,32,-129,0,-33.66
12141,20:30:24:235,3,Severe_Damage,L3_S3,-1748,1154,14842,-208,29,-123,0,-25.66
12142,20:30:24:245,3,Severe_Damage,L3_S3,-1726,1118,14884,-201,27,-124,0,16.34
12143,20:30:24:255,3,Severe_Damage,L3_S3,-1732,1104,14900,-191,33,-128,0,32.34
12144,20:30:24:265,3,Severe_Damage,L3_S3,-1760,1184,14864,-182,29,-120,0,-3.66
12145,20:30:24:275,3,Severe_Damage,L3_S3,-1736,1118,14856,-177,41,-119,0,-11.66
12146,20:30:24:285,3,Severe_Damage,L3_S3,-1734,1112,14878,-170,31,-114,0,10.34
12147,20:30:24:295,3,Severe_Damage,L3_S3,-1756,1122,14888,-170,29,-120,0,20.34
12148,20:30:24:305,3,Severe_Damage,L3_S3,-1726,1102,14904,-166,33,-118,0,36.34
12149,20:30:24:315,3,Severe_Damage,L3_S3,-1760,1082,14896,-172,30,-120,0,28.34
12150,20:30:24:325,3,Severe_Damage,L3_S3,-1728,1126,14886,-165,30,-120,0,18.34
12151,20:30:24:335,3,Severe_Damage,L3_S3,-1716,1144,14866,-181,30,-125,0,-1.66
12152,20:30:24:345,3,Severe_Damage,L3_S3,-1754,1102,14930,-181,39,-128,0,62.34
12153,20:30:24:355,3,Severe_Damage,L3_S3,-1750,1098,14944,-199,32,-128,0,76.34
12154,20:30:24:365,3,Severe_Damage,L3_S3,-1742,1110,14930,-202,32,-117,0,62.34
