sample_id,timestamp,damage_level,damage_label,session,ax,ay,az,gx,gy,gz,sw420,az_zeroed
158,20:10:26:913,2,Moderate_Damage,L2_S3,-1824,1116,14826,-197,35,-111,0,-40.8
159,20:10:26:923,2,Moderate_Damage,L2_S3,-1876,1128,14912,-200,29,-111,0,45.2
160,20:10:26:933,2,Moderate_Damage,L2_S3,-1812,1098,14878,-201,25,-109,0,11.2
161,20:10:26:943,2,Moderate_Damage,L2_S3,-1832,1080,14820,-198,28,-113,0,-46.8
162,20:10:26:953,2,Moderate_Damage,L2_S3,-1828,1116,14858,-195,30,-117,0,-8.8
163,20:10:26:963,2,Moderate_Damage,L2_S3,-1800,1156,14852,-195,32,-117,0,-14.8
164,20:10:26:973,2,Moderate_Damage,L2_S3,-1846,1116,14810,-196,25,-113,0,-56.8
165,20:10:26:983,2,Moderate_Damage,L2_S3,-1774,1110,14822,-190,29,-112,0,-44.8
166,20:10:26:993,2,Moderate_Damage,L2_S3,-1820,1144,14838,-189,22,-111,0,-28.8
167,20:10:27:003,2,Moderate_Damage,L2_S3,-1794,1132,14776,-190,28,-113,0,-90.8
168,20:10:27:013,2,Moderate_Damage,L2_S3,-1802,1110,14824,-190,31,-118,0,-42.8
169,20:10:27:023,2,Moderate_Damage,L2_S3,-1856,1130,14844,-187,33,-109,0,-22.8
170,20:10:27:033,2,Moderate_Damage,L2_S3,-1826,1116,14862,-182,32,-116,0,-4.8
171,20:10:27:043,2,Moderate_Damage,L2_S3,-1810,1122,14844,-184,28,-116,0,-22.8
172,20:10:27:053,2,Moderate_Damage,L2_S3,-1776,1178,14884,-191,30,-110,0,17.2
173,20:10:27:063,2,Moderate_Damage,L2_S3,-1810,1112,14862,-187,38,-106,0,-4.8
174,20:10:27:073,2,Moderate_Damage,L2_S3,-1838,1100,14882,-187,25,-112,0,15.2
175,20:10:27:083,2,Moderate_Damage,L2_S3,-1838,1116,14858,-186,28,-117,0,-8.8
176,20:10:27:093,2,Moderate_Damage,L2_S3,-1812,1162,14858,-192,19,-120,0,-8.8
177,20:10:27:103,2,Moderate_Damage,L2_S3,-1800,1094,14856,-201,35,-117,0,-10.8
178,20:10:27:113,2,Moderate_Damage,L2_S3,-1794,1120,14872,-202,22,-118,0,5.2
179,20:10:27:123,2,Moderate_Damage,L2_S3,-1844,1108,14872,-199,21,-116,0,5.2
180,20:10:27:133,2,Moderate_Damage,L2_S3,-1860,1100,14828,-199,30,-119,0,-38.8
181,20:10:27:143,2,Moderate_Damage,L2_S3,-1846,1124,14890,-205,32,-115,0,23.2
182,20:10:27:153,2,Moderate_Damage,L2_S3,-1866,1118,14812,-198,32,-117,0,-54.8
183,20:10:27:163,2,Moderate_Damage,L2_S3,-1786,1132,14860,-199,33,-126,0,-6.8
184,20:10:27:173,2,Moderate_Damage,L2_S3,-1820,1134,14888,-196,34,-122,0,21.2
185,20:10:27:183,2,Moderate_Damage,L2_S3,-1826,1130,14832,-194,36,-121,0,-34.8
186,20:10:27:193,2,Moderate_Damage,L2_S3,-1808,1120,14878,-193,28,-113,0,11.2
187,20:10:27:203,2,Moderate_Damage,L2_S3,-1828,1124,14834,-195,34,-114,0,-32.8
188,20:10:27:213,2,Moderate_Damage,L2_S3,-1818,1152,14886,-186,31,-114,0,19.2
189,20:10:27:223,2,Moderate_Damage,L2_S3,-1808,1150,14818,-187,31,-118,0,-48.8
190,20:10:27:233,2,Moderate_Damage,L2_S3,-1790,1122,14886,-183,36,-111,0,19.2
191,20:10:27:243,2,Moderate_Damage,L2_S3,-1810,1044,14998,-182,30,-114,0,131.2
192,20:10:27:253,2,Moderate_Damage,L2_S3,-1850,1098,14836,-185,29,-110,0,-30.8
193,20:10:27:263,2,Moderate_Damage,L2_S3,-1814,1132,14874,-188,31,-113,0,7.2
194,20:10:27:273,2,Moderate_Damage,L2_S3,-1834,1112,14842,-188,30,-124,0,-24.8
195,20:10:27:283,2,Moderate_Damage,L2_S3,-1834,1114,14828,-194,30,-109,0,-38.8
196,20:10:27:293,2,Moderate_Damage,L2_S3,-1788,1128,14882,-189,32,-118,0,15.2
197,20:10:27:303,2,Moderate_Damage,L2_S3,-1816,1110,14854,-198,29,-108,0,-12.8
198,20:10:27:313,2,Moderate_Damage,L2_S3,-1794,1126,14954,-194,37,-114,0,87.2
199,20:10:27:323,2,Moderate_Damage,L2_S3,-1866,1132,14782,-200,24,-115,0,-84.8
200,20:10:27:333,2,Moderate_Damage,L2_S3,-1796,1114,14818,-194,28,-114,0,-48.8
201,20:10:27:343,2,Moderate_Damage,L2_S3,-1780,1124,14824,-194,25,-116,0,-42.8
202,20:10:27:353,2,Moderate_Damage,L2_S3,-1810,1158,14826,-199,31,-112,0,-40.8
203,20:10:27:363,2,Moderate_Damage,L2_S3,-1836,1162,14896,-201,31,-116,0,29.2
204,20:10:27:373,2,Moderate_Damage,L2_S3,-1820,1080,14830,-195,35,-109,0,-36.8
205,20:10:27:383,2,Moderate_Damage,L2_S3,-1868,1134,14800,-197,30,-107,0,-66.8
206,20:10:27:393,2,Moderate_Damage,L2_S3,-1790,1112,14912,-198,36,-116,0,45.2
207,20:10:27:403,2,Moderate_Damage,L2_S3,-1836,1136,14816,-187,27,-110,0,-50.8
208,20:10:27:413,2,Moderate_Damage,L2_S3,-1810,1102,14904,-184,33,-115,0,37.2
209,20:10:27:423,2,Moderate_Damage,L2_S3,-1832,1114,14868,-186,32,-113,0,1.2
210,20:10:27:433,2,Moderate_Damage,L2_S3,-1824,1098,14848,-184,27,-115,0,-18.8
211,20:10:27:443,2,Moderate_Damage,L2_S3,-1816,1102,14834,-180,35,-112,0,-32.8
212,20:10:27:453,2,Moderate_Damage,L2_S3,-1826,1120,14822,-193,35,-114,0,-44.8
213,20:10:27:463,2,Moderate_Damage,L2_S3,-1822,1132,14882,-182,30,-108,0,15.2
214,20:10:27:473,2,Moderate_Damage,L2_S3,-1810,1118,14868,-187,40,-113,0,1.2
215,20:10:27:483,2,Moderate_Damage,L2_S3,-1788,1116,14888,-185,28,-119,0,21.2
216,20:10:27:493,2,Moderate_Damage,L2_S3,-1796,1102,14888,-193,25,-123,0,21.2
217,20:10:27:503,2,Moderate_Damage,L2_S3,-1818,1102,14938,-193,32,-115,0,71.2
218,20:10:27:513,2,Moderate_Damage,L2_S3,-1836,1114,14836,-195,21,-111,0,-30.8
219,20:10:27:524,2,Moderate_Damage,L2_S3,-1790,1132,14858,-196,29,-110,0,-8.8
220,20:10:27:533,2,Moderate_Damage,L2_S3,-1818,1114,14856,-200,30,-112,0,-10.8
221,20:10:27:543,2,Moderate_Damage,L2_S3,-1830,1138,14878,-200,29,-116,0,11.2
222,20:10:27:553,2,Moderate_Damage,L2_S3,-1826,1130,14894,-204,30,-117,0,27.2
223,20:10:27:563,2,Moderate_Damage,L2_S3,-1868,1160,14838,-195,30,-119,0,-28.8
224,20:10:27:573,2,Moderate_Damage,L2_S3,-1796,1096,14904,-193,30,-118,0,37.2
225,20:10:27:583,2,Moderate_Damage,L2_S3,-1826,1106,14880,-189,29,-119,0,13.2
226,20:10:27:593,2,Moderate_Damage,L2_S3,-1842,1114,14906,-187,23,-116,0,39.2
227,20:10:27:603,2,Moderate_Damage,L2_S3,-1824,1102,14818,-190,30,-116,0,-48.8
228,20:10:27:613,2,Moderate_Damage,L2_S3,-1824,1124,14822,-190,24,-108,0,-44.8
229,20:10:27:623,2,Moderate_Damage,L2_S3,-1778,1116,14836,-182,31,-117,0,-30.8
230,20:10:27:633,2,Moderate_Damage,L2_S3,-1784,1142,14810,-189,25,-109,0,-56.8
231,20:10:27:643,2,Moderate_Damage,L2_S3,-1832,1090,14856,-189,31,-115,0,-10.8
232,20:10:27:653,2,Moderate_Damage,L2_S3,-1818,1132,14802,-189,31,-117,0,-64.8
233,20:10:27:663,2,Moderate_Damage,L2_S3,-1796,1122,14838,-190,33,-113,0,-28.8
234,20:10:27:673,2,Moderate_Damage,L2_S3,-1796,1080,14830,-189,31,-114,0,-36.8
235,20:10:27:683,2,Moderate_Damage,L2_S3,-1806,1090,14918,-195,21,-114,0,51.2
236,20:10:27:693,2,Moderate_Damage,L2_S3,-1850,1124,14888,-193,34,-115,0,21.2
237,20:10:27:703,2,Moderate_Damage,L2_S3,-1802,1098,14890,-192,24,-114,0,23.2
238,20:10:27:713,2,Moderate_Damage,L2_S3,-1842,1114,14880,-195,27,-115,0,13.2
239,20:10:27:723,2,Moderate_Damage,L2_S3,-1814,1160,14882,-193,36,-116,0,15.2
240,20:10:27:733,2,Moderate_Damage,L2_S3,-1858,1112,14826,-198,30,-107,0,-40.8
241,20:10:27:743,2,Moderate_Damage,L2_S3,-1820,1174,14866,-193,24,-123,0,-0.8
242,20:10:27:753,2,Moderate_Damage,L2_S3,-1802,1172,14840,-198,27,-122,0,-26.8
243,20:10:27:763,2,Moderate_Damage,L2_S3,-1846,1080,14882,-198,23,-119,0,15.2
244,20:10:27:773,2,Moderate_Damage,L2_S3,-1824,1122,14868,-193,31,-110,0,1.2
245,20:10:27:783,2,Moderate_Damage,L2_S3,-1856,1134,14824,-198,34,-107,0,-42.8
246,20:10:27:793,2,Moderate_Damage,L2_S3,-1824,1100,14824,-194,28,-117,0,-42.8
247,20:10:27:803,2,Moderate_Damage,L2_S3,-1812,1118,14864,-195,30,-118,0,-2.8
248,20:10:27:813,2,Moderate_Damage,L2_S3,-1860,1118,14830,-195,24,-112,0,-36.8
249,20:10:27:823,2,Moderate_Damage,L2_S3,-1794,1098,14852,-196,28,-114,0,-14.8
250,20:10:27:833,2,Moderate_Damage,L2_S3,-1850,1176,14894,-188,39,-108,0,27.2
251,20:10:27:843,2,Moderate_Damage,L2_S3,-1788,1144,14810,-184,32,-107,0,-56.8
252,20:10:27:854,2,Moderate_Damage,L2_S3,-1854,1114,14828,-181,28,-112,0,-38.8
253,20:10:27:864,2,Moderate_Damage,L2_S3,-1866,1146,14910,-185,32,-109,0,43.2
254,20:10:27:873,2,Moderate_Damage,L2_S3,-1846,1118,14884,-181,29,-114,0,17.2
255,20:10:27:883,2,Moderate_Damage,L2_S3,-1808,1098,14868,-189,25,-117,0,1.2
256,20:10:27:893,2,Moderate_Damage,L2_S3,-1806,1102,14862,-191,32,-112,0,-4.8
257,20:10:27:903,2,Moderate_Damage,L2_S3,-1812,1094,14862,-195,27,-115,0,-4.8
258,20:10:27:913,2,Moderate_Damage,L2_S3,-1796,1128,14942,-194,26,-122,0,75.2
259,20:10:27:923,2,Moderate_Damage,L2_S3,-1816,1130,14858,-196,22,-121,0,-8.8
260,20:10:27:933,2,Moderate_Damage,L2_S3,-1826,1140,14852,-195,31,-122,0,-14.8
261,20:10:27:943,2,Moderate_Damage,L2_S3,-1816,1076,14820,-200,30,-111,0,-46.8
262,20:10:27:953,2,Moderate_Damage,L2_S3,-1788,1104,14854,-197,31,-112,0,-12.8
263,20:10:27:963,2,Moderate_Damage,L2_S3,-1802,1134,14906,-195,31,-113,0,39.2
264,20:10:27:973,2,Moderate_Damage,L2_S3,-1822,1170,14856,-201,22,-114,0,-10.8
265,20:10:27:983,2,Moderate_Damage,L2_S3,-1830,1106,14886,-196,28,-121,0,19.2
266,20:10:27:993,2,Moderate_Damage,L2_S3,-1786,1114,14856,-198,22,-111,0,-10.8
267,20:10:28:003,2,Moderate_Damage,L2_S3,-1864,1146,14892,-188,28,-117,0,25.2
268,20:10:28:013,2,Moderate_Damage,L2_S3,-1842,1164,14858,-185,25,-112,0,-8.8
269,20:10:28:023,2,Moderate_Damage,L2_S3,-1872,1128,14864,-187,24,-111,0,-2.8
270,20:10:28:033,2,Moderate_Damage,L2_S3,-1824,1084,14974,-189,35,-112,0,107.2
271,20:10:28:043,2,Moderate_Damage,L2_S3,-1796,1098,14936,-184,26,-113,0,69.2
272,20:10:28:053,2,Moderate_Damage,L2_S3,-1886,1126,14882,-192,24,-113,0,15.2
273,20:10:28:064,2,Moderate_Damage,L2_S3,-1776,1122,14914,-193,25,-113,0,47.2
274,20:10:28:073,2,Moderate_Damage,L2_S3,-1810,1130,14916,-192,23,-110,0,49.2
275,20:10:28:083,2,Moderate_Damage,L2_S3,-1774,1066,14888,-188,39,-111,0,21.2
276,20:10:28:093,2,Moderate_Damage,L2_S3,-1804,1120,14854,-189,22,-120,0,-12.8
277,20:10:28:103,2,Moderate_Damage,L2_S3,-1798,1076,14856,-187,41,-119,0,-10.8
278,20:10:28:113,2,Moderate_Damage,L2_S3,-1794,1094,14882,-190,37,-114,0,15.2
279,20:10:28:123,2,Moderate_Damage,L2_S3,-1848,1122,14874,-200,27,-107,0,7.2
280,20:10:28:133,2,Moderate_Damage,L2_S3,-1804,1106,14874,-196,32,-115,0,7.2
281,20:10:28:143,2,Moderate_Damage,L2_S3,-1840,1120,14862,-196,31,-115,0,-4.8
282,20:10:28:153,2,Moderate_Damage,L2_S3,-1834,1120,14898,-195,28,-116,0,31.2
283,20:10:28:163,2,Moderate_Damage,L2_S3,-1844,1102,14876,-198,35,-125,0,9.2
284,20:10:28:173,2,Moderate_Damage,L2_S3,-1820,1142,14864,-197,23,-116,0,-2.8
285,20:10:28:183,2,Moderate_Damage,L2_S3,-1794,1102,14876,-195,33,-115,0,9.2
286,20:10:28:193,2,Moderate_Damage,L2_S3,-1848,1122,14870,-194,23,-113,0,3.2
287,20:10:28:203,2,Moderate_Damage,L2_S3,-1774,1106,14912,-192,28,-117,0,45.2
288,20:10:28:213,2,Moderate_Damage,L2_S3,-1802,1138,14874,-189,28,-116,0,7.2
289,20:10:28:223,2,Moderate_Damage,L2_S3,-1860,1112,14886,-191,32,-112,0,19.2
290,20:10:28:233,2,Moderate_Damage,L2_S3,-1866,1120,14806,-190,37,-120,0,-60.8
291,20:10:28:243,2,Moderate_Damage,L2_S3,-1866,1120,14870,-188,23,-117,0,3.2
292,20:10:28:253,2,Moderate_Damage,L2_S3,-1818,1122,14902,-185,25,-117,0,35.2
293,20:10:28:263,2,Moderate_Damage,L2_S3,-1852,1096,14850,-192,24,-115,0,-16.8
294,20:10:28:273,2,Moderate_Damage,L2_S3,-1780,1146,14896,-192,29,-112,0,29.2
295,20:10:28:283,2,Moderate_Damage,L2_S3,-1810,1114,14870,-194,25,-113,0,3.2
296,20:10:28:293,2,Moderate_Damage,L2_S3,-1824,1108,14908,-193,31,-116,0,41.2
297,20:10:28:304,2,Moderate_Damage,L2_S3,-1910,1144,14892,-195,31,-112,0,25.2
298,20:10:28:313,2,Moderate_Damage,L2_S3,-1836,1036,14854,-192,28,-117,0,-12.8
299,20:10:28:323,2,Moderate_Damage,L2_S3,-1818,1106,14840,-196,29,-119,0,-26.8
300,20:10:28:333,2,Moderate_Damage,L2_S3,-1812,1128,14852,-202,31,-113,0,-14.8
301,20:10:28:343,2,Moderate_Damage,L2_S3,-1826,1142,14846,-193,27,-118,0,-20.8
302,20:10:28:353,2,Moderate_Damage,L2_S3,-1814,1124,14802,-191,27,-118,0,-64.8
303,20:10:28:363,2,Moderate_Damage,L2_S3,-1834,1112,14906,-194,25,-112,0,39.2
304,20:10:28:373,2,Moderate_Damage,L2_S3,-1792,1098,14898,-193,31,-117,0,31.2
305,20:10:28:383,2,Moderate_Damage,L2_S3,-1790,1114,14928,-195,25,-117,0,61.2
306,20:10:28:393,2,Moderate_Damage,L2_S3,-1818,1132,14858,-192,32,-113,0,-8.8
307,20:10:28:403,2,Moderate_Damage,L2_S3,-1832,1130,14950,-191,29,-115,0,83.2
308,20:10:28:414,2,Moderate_Damage,L2_S3,-1836,1088,14846,-192,28,-109,0,-20.8
309,20:10:28:423,2,Moderate_Damage,L2_S3,-1804,1116,14824,-186,29,-112,0,-42.8
310,20:10:28:433,2,Moderate_Damage,L2_S3,-1856,1098,14886,-189,28,-116,0,19.2
311,20:10:28:443,2,Moderate_Damage,L2_S3,-1860,1102,14932,-188,34,-115,0,65.2
312,20:10:28:453,2,Moderate_Damage,L2_S3,-1800,1126,14908,-190,23,-123,0,41.2
313,20:10:28:463,2,Moderate_Damage,L2_S3,-1834,1140,14916,-189,30,-116,0,49.2
314,20:10:28:473,2,Moderate_Damage,L2_S3,-1846,1106,14908,-187,32,-116,0,41.2
315,20:10:28:484,2,Moderate_Damage,L2_S3,-1846,1130,14880,-186,31,-104,0,13.2
316,20:10:28:493,2,Moderate_Damage,L2_S3,-1844,1088,14878,-193,30,-112,0,11.2
317,20:10:28:504,2,Moderate_Damage,L2_S3,-1888,1062,14868,-190,28,-116,0,1.2
318,20:10:28:513,2,Moderate_Damage,L2_S3,-1846,1110,14824,-196,24,-114,0,-42.8
319,20:10:28:523,2,Moderate_Damage,L2_S3,-1802,1100,14874,-195,33,-120,0,7.2
320,20:10:28:534,2,Moderate_Damage,L2_S3,-1852,1106,14884,-191,19,-111,0,17.2
321,20:10:28:543,2,Moderate_Damage,L2_S3,-1792,1130,14836,-195,24,-119,0,-30.8
322,20:10:28:553,2,Moderate_Damage,L2_S3,-1838,1120,14784,-194,22,-117,0,-82.8
323,20:10:28:563,2,Moderate_Damage,L2_S3,-1868,1092,14874,-197,29,-123,0,7.2
324,20:10:28:574,2,Moderate_Damage,L2_S3,-1832,1128,14824,-197,30,-118,0,-42.8
325,20:10:28:584,2,Moderate_Damage,L2_S3,-1814,1154,14832,-195,27,-113,0,-34.8
326,20:10:28:594,2,Moderate_Damage,L2_S3,-1862,1100,14880,-193,25,-112,0,13.2
327,20:10:28:603,2,Moderate_Damage,L2_S3,-1784,1088,14818,-193,28,-115,0,-48.8
328,20:10:28:613,2,Moderate_Damage,L2_S3,-1826,1092,14856,-194,26,-116,0,-10.8
329,20:10:28:623,2,Moderate_Damage,L2_S3,-1794,1126,14832,-187,30,-116,0,-34.8
330,20:10:28:633,2,Moderate_Damage,L2_S3,-1842,1152,14884,-183,26,-108,0,17.2
331,20:10:28:643,2,Moderate_Damage,L2_S3,-1862,1140,14848,-187,33,-117,0,-18.8
332,20:10:28:653,2,Moderate_Damage,L2_S3,-1828,1116,14796,-188,27,-117,0,-70.8
333,20:10:28:663,2,Moderate_Damage,L2_S3,-1834,1128,14860,-194,26,-116,0,-6.8
334,20:10:28:673,2,Moderate_Damage,L2_S3,-1878,1160,14882,-190,35,-112,0,15.2
335,20:10:28:683,2,Moderate_Damage,L2_S3,-1828,1068,14904,-192,33,-115,0,37.2
336,20:10:28:693,2,Moderate_Damage,L2_S3,-1818,1168,14850,-195,33,-113,0,-16.8
337,20:10:28:703,2,Moderate_Damage,L2_S3,-1840,1106,14858,-194,37,-112,0,-8.8
338,20:10:28:714,2,Moderate_Damage,L2_S3,-1816,1134,14870,-192,34,-115,0,3.2
339,20:10:28:723,2,Moderate_Damage,L2_S3,-1840,1090,14874,-196,26,-114,0,7.2
340,20:10:28:733,2,Moderate_Damage,L2_S3,-1796,1126,14878,-191,33,-115,0,11.2
341,20:10:28:743,2,Moderate_Damage,L2_S3,-1784,1152,14836,-198,30,-114,0,-30.8
342,20:10:28:754,2,Moderate_Damage,L2_S3,-1854,1086,14852,-191,33,-118,0,-14.8
343,20:10:28:764,2,Moderate_Damage,L2_S3,-1854,1118,14864,-194,26,-117,0,-2.8
344,20:10:28:774,2,Moderate_Damage,L2_S3,-1832,1160,14876,-192,31,-118,0,9.2
345,20:10:28:784,2,Moderate_Damage,L2_S3,-1790,1110,14832,-194,27,-116,0,-34.8
346,20:10:28:793,2,Moderate_Damage,L2_S3,-1810,1140,14868,-198,27,-109,0,1.2
347,20:10:28:803,2,Moderate_Damage,L2_S3,-1786,1096,14826,-194,35,-114,0,-40.8
348,20:10:28:813,2,Moderate_Damage,L2_S3,-1792,1106,14894,-197,31,-117,0,27.2
349,20:10:28:823,2,Moderate_Damage,L2_S3,-1842,1162,14870,-196,26,-107,0,3.2
350,20:10:28:833,2,Moderate_Damage,L2_S3,-1780,1098,14840,-191,31,-113,0,-26.8
351,20:10:28:843,2,Moderate_Damage,L2_S3,-1836,1154,14866,-187,28,-117,0,-0.8
352,20:10:28:853,2,Moderate_Damage,L2_S3,-1804,1116,14824,-187,33,-115,0,-42.8
353,20:10:28:864,2,Moderate_Damage,L2_S3,-1812,1122,14804,-191,27,-120,0,-62.8
354,20:10:28:874,2,Moderate_Damage,L2_S3,-1794,1094,14850,-189,31,-121,0,-16.8
355,20:10:28:884,2,Moderate_Damage,L2_S3,-1780,1104,14880,-191,30,-115,0,13.2
356,20:10:28:894,2,Moderate_Damage,L2_S3,-1848,1154,14828,-193,30,-117,0,-38.8
357,20:10:28:904,2,Moderate_Damage,L2_S3,-1836,1098,14858,-189,31,-112,0,-8.8
358,20:10:28:913,2,Moderate_Damage,L2_S3,-1808,1092,14876,-190,24,-119,0,9.2
359,20:10:28:923,2,Moderate_Damage,L2_S3,-1816,1092,14862,-192,27,-119,0,-4.8
360,20:10:28:933,2,Moderate_Damage,L2_S3,-1804,1096,14810,-196,33,-116,0,-56.8
361,20:10:28:943,2,Moderate_Damage,L2_S3,-1776,1142,14854,-195,29,-109,0,-12.8
362,20:10:28:954,2,Moderate_Damage,L2_S3,-1812,1110,14834,-193,30,-117,0,-32.8
363,20:10:28:963,2,Moderate_Damage,L2_S3,-1800,1114,14878,-197,26,-116,0,11.2
364,20:10:28:974,2,Moderate_Damage,L2_S3,-1832,1128,14822,-197,24,-114,0,-44.8
365,20:10:28:983,2,Moderate_Damage,L2_S3,-1818,1118,14874,-187,30,-124,0,7.2
366,20:10:28:994,2,Moderate_Damage,L2_S3,-1814,1140,14834,-191,23,-114,0,-32.8
367,20:10:29:003,2,Moderate_Damage,L2_S3,-1832,1126,14860,-196,29,-121,0,-6.8
368,20:10:29:014,2,Moderate_Damage,L2_S3,-1816,1142,14902,-192,31,-115,0,35.2
369,20:10:29:023,2,Moderate_Damage,L2_S3,-1848,1154,14868,-181,28,-115,0,1.2
370,20:10:29:033,2,Moderate_Damage,L2_S3,-1822,1132,14894,-186,28,-115,0,27.2
371,20:10:29:044,2,Moderate_Damage,L2_S3,-1808,1130,14844,-182,25,-110,0,-22.8
372,20:10:29:054,2,Moderate_Damage,L2_S3,-1858,1094,14904,-185,26,-107,0,37.2
373,20:10:29:064,2,Moderate_Damage,L2_S3,-1788,1132,14876,-186,36,-109,0,9.2
374,20:10:29:074,2,Moderate_Damage,L2_S3,-1820,1132,14846,-192,28,-109,0,-20.8
375,20:10:29:083,2,Moderate_Damage,L2_S3,-1824,1136,14924,-187,24,-115,0,57.2
376,20:10:29:094,2,Moderate_Damage,L2_S3,-1802,1084,14854,-190,22,-123,0,-12.8
377,20:10:29:103,2,Moderate_Damage,L2_S3,-1800,1116,14866,-190,27,-108,0,-0.8
378,20:10:29:113,2,Moderate_Damage,L2_S3,-1828,1100,14780,-188,33,-106,0,-86.8
379,20:10:29:123,2,Moderate_Damage,L2_S3,-1844,1140,14900,-197,23,-114,0,33.2
380,20:10:29:134,2,Moderate_Damage,L2_S3,-1866,1136,14870,-191,27,-116,0,3.2
381,20:10:29:144,2,Moderate_Damage,L2_S3,-1826,1144,14822,-193,23,-115,0,-44.8
382,20:10:29:154,2,Moderate_Damage,L2_S3,-1846,1086,14840,-189,24,-112,0,-26.8
383,20:10:29:163,2,Moderate_Damage,L2_S3,-1794,1140,14908,-196,30,-115,0,41.2
384,20:10:29:174,2,Moderate_Damage,L2_S3,-1844,1106,14890,-194,19,-111,0,23.2
385,20:10:29:184,2,Moderate_Damage,L2_S3,-1844,1114,14904,-196,30,-114,0,37.2
386,20:10:29:193,2,Moderate_Damage,L2_S3,-1768,1126,14822,-193,34,-117,0,-44.8
387,20:10:29:204,2,Moderate_Damage,L2_S3,-1796,1174,14820,-194,28,-113,0,-46.8
388,20:10:29:214,2,Moderate_Damage,L2_S3,-1826,1108,14910,-188,36,-106,0,43.2
389,20:10:29:223,2,Moderate_Damage,L2_S3,-1800,1162,14854,-185,29,-107,0,-12.8
390,20:10:29:234,2,Moderate_Damage,L2_S3,-1806,1084,14900,-187,36,-113,0,33.2
391,20:10:29:244,2,Moderate_Damage,L2_S3,-1820,1106,14876,-186,31,-111,0,9.2
392,20:10:29:254,2,Moderate_Damage,L2_S3,-1754,1116,14810,-185,30,-111,0,-56.8
393,20:10:29:264,2,Moderate_Damage,L2_S3,-1836,1126,14844,-189,30,-112,0,-22.8
394,20:10:29:274,2,Moderate_Damage,L2_S3,-1830,1108,14940,-188,25,-117,0,73.2
395,20:10:29:284,2,Moderate_Damage,L2_S3,-1834,1104,14832,-193,23,-120,0,-34.8
396,20:10:29:294,2,Moderate_Damage,L2_S3,-1868,1140,14858,-189,31,-110,0,-8.8
397,20:10:29:304,2,Moderate_Damage,L2_S3,-1808,1100,14908,-193,29,-114,0,41.2
398,20:10:29:314,2,Moderate_Damage,L2_S3,-1872,1144,14868,-190,24,-118,0,1.2
399,20:10:29:324,2,Moderate_Damage,L2_S3,-1808,1088,14902,-190,24,-121,0,35.2
400,20:10:29:334,2,Moderate_Damage,L2_S3,-1830,1120,14910,-191,32,-114,0,43.2
401,20:10:29:344,2,Moderate_Damage,L2_S3,-1858,1114,14912,-192,27,-109,0,45.2
402,20:10:29:354,2,Moderate_Damage,L2_S3,-1826,1126,14914,-194,28,-113,0,47.2
403,20:10:29:363,2,Moderate_Damage,L2_S3,-1810,1148,14884,-192,23,-112,0,17.2
404,20:10:29:374,2,Moderate_Damage,L2_S3,-1782,1136,14888,-196,28,-116,0,21.2
405,20:10:29:384,2,Moderate_Damage,L2_S3,-1834,1084,14896,-194,30,-114,0,29.2
406,20:10:29:394,2,Moderate_Damage,L2_S3,-1836,1100,14844,-193,29,-111,0,-22.8
407,20:10:29:404,2,Moderate_Damage,L2_S3,-1816,1096,14892,-192,26,-114,0,25.2
408,20:10:29:414,2,Moderate_Damage,L2_S3,-1810,1130,14898,-193,26,-113,0,31.2
409,20:10:29:424,2,Moderate_Damage,L2_S3,-1830,1132,14822,-193,32,-114,0,-44.8
410,20:10:29:434,2,Moderate_Damage,L2_S3,-1834,1094,14902,-193,31,-111,0,35.2
411,20:10:29:444,2,Moderate_Damage,L2_S3,-1828,1158,14844,-190,25,-112,0,-22.8
412,20:10:29:454,2,Moderate_Damage,L2_S3,-1800,1082,14862,-189,27,-113,0,-4.8
413,20:10:29:464,2,Moderate_Damage,L2_S3,-1778,1106,14848,-188,26,-110,0,-18.8
414,20:10:29:473,2,Moderate_Damage,L2_S3,-1798,1098,14826,-190,38,-120,0,-40.8
415,20:10:29:484,2,Moderate_Damage,L2_S3,-1766,1134,14858,-191,34,-113,0,-8.8
416,20:10:29:494,2,Moderate_Damage,L2_S3,-1860,1112,14836,-189,30,-115,0,-30.8
417,20:10:29:504,2,Moderate_Damage,L2_S3,-1832,1074,14808,-194,32,-115,0,-58.8
418,20:10:29:514,2,Moderate_Damage,L2_S3,-1874,1084,14880,-194,29,-116,0,13.2
419,20:10:29:524,2,Moderate_Damage,L2_S3,-1796,1146,14894,-193,33,-122,0,27.2
420,20:10:29:534,2,Moderate_Damage,L2_S3,-1782,1136,14770,-194,26,-115,0,-96.8
421,20:10:29:544,2,Moderate_Damage,L2_S3,-1870,1100,14870,-198,33,-117,0,3.2
422,20:10:29:554,2,Moderate_Damage,L2_S3,-1820,1156,14880,-197,32,-121,0,13.2
423,20:10:29:564,2,Moderate_Damage,L2_S3,-1818,1098,14896,-195,34,-115,0,29.2
424,20:10:29:574,2,Moderate_Damage,L2_S3,-1824,1070,14848,-191,29,-118,0,-18.8
425,20:10:29:584,2,Moderate_Damage,L2_S3,-1822,1108,14874,-192,21,-114,0,7.2
426,20:10:29:594,2,Moderate_Damage,L2_S3,-1818,1160,14904,-191,32,-115,0,37.2
427,20:10:29:604,2,Moderate_Damage,L2_S3,-1776,1092,14846,-182,33,-113,0,-20.8
428,20:10:29:614,2,Moderate_Damage,L2_S3,-1822,1106,14868,-185,24,-113,0,1.2
429,20:10:29:624,2,Moderate_Damage,L2_S3,-1794,1118,14866,-189,28,-110,0,-0.8
430,20:10:29:634,2,Moderate_Damage,L2_S3,-1806,1116,14898,-189,33,-116,0,31.2
431,20:10:29:644,2,Moderate_Damage,L2_S3,-1852,1058,14874,-196,38,-119,0,7.2
432,20:10:29:654,2,Moderate_Damage,L2_S3,-1790,1162,14856,-193,35,-114,0,-10.8
433,20:10:29:664,2,Moderate_Damage,L2_S3,-1812,1138,14840,-190,28,-107,0,-26.8
434,20:10:29:674,2,Moderate_Damage,L2_S3,-1808,1118,14876,-187,28,-113,0,9.2
435,20:10:29:684,2,Moderate_Damage,L2_S3,-1798,1100,14922,-190,33,-122,0,55.2
436,20:10:29:694,2,Moderate_Damage,L2_S3,-1806,1144,14848,-195,26,-111,0,-18.8
437,20:10:29:704,2,Moderate_Damage,L2_S3,-1836,1122,14848,-195,28,-121,0,-18.8
438,20:10:29:714,2,Moderate_Damage,L2_S3,-1836,1120,14832,-189,28,-119,0,-34.8
439,20:10:29:724,2,Moderate_Damage,L2_S3,-1836,1120,14852,-195,26,-113,0,-14.8
440,20:10:29:734,2,Moderate_Damage,L2_S3,-1834,1114,14766,-189,39,-123,0,-100.8
441,20:10:29:744,2,Moderate_Damage,L2_S3,-1838,1108,14850,-189,27,-118,0,-16.8
442,20:10:29:754,2,Moderate_Damage,L2_S3,-1810,1096,14804,-191,23,-116,0,-62.8
443,20:10:29:764,2,Moderate_Damage,L2_S3,-1790,1114,14908,-196,28,-121,0,41.2
444,20:10:29:774,2,Moderate_Damage,L2_S3,-1822,1088,14894,-197,36,-118,0,27.2
445,20:10:29:784,2,Moderate_Damage,L2_S3,-1822,1120,14838,-196,27,-113,0,-28.8
446,20:10:29:794,2,Moderate_Damage,L2_S3,-1838,1106,14854,-191,28,-119,0,-12.8
447,20:10:29:804,2,Moderate_Damage,L2_S3,-1790,1102,14818,-195,24,-120,0,-48.8
448,20:10:29:814,2,Moderate_Damage,L2_S3,-1804,1082,14902,-191,31,-116,0,35.2
449,20:10:29:824,2,Moderate_Damage,L2_S3,-1818,1138,14874,-191,22,-117,0,7.2
450,20:10:29:834,2,Moderate_Damage,L2_S3,-1810,1118,14892,-191,34,-119,0,25.2
451,20:10:29:844,2,Moderate_Damage,L2_S3,-1866,1124,14792,-191,33,-109,0,-74.8
452,20:10:29:854,2,Moderate_Damage,L2_S3,-1862,1112,14846,-191,31,-119,0,-20.8
453,20:10:29:864,2,Moderate_Damage,L2_S3,-1784,1124,14938,-190,28,-120,0,71.2
454,20:10:29:874,2,Moderate_Damage,L2_S3,-1830,1094,14832,-185,30,-125,0,-34.8
455,20:10:29:884,2,Moderate_Damage,L2_S3,-1798,1134,14812,-185,30,-116,0,-54.8
456,20:10:29:894,2,Moderate_Damage,L2_S3,-1834,1112,14804,-190,33,-118,0,-62.8
457,20:10:29:904,2,Moderate_Damage,L2_S3,-1804,1160,14806,-192,30,-111,0,-60.8
458,20:10:29:914,2,Moderate_Damage,L2_S3,-1796,1112,14830,-194,29,-119,0,-36.8
459,20:10:29:924,2,Moderate_Damage,L2_S3,-1812,1136,14868,-188,27,-116,0,1.2
460,20:10:29:934,2,Moderate_Damage,L2_S3,-1808,1126,14858,-190,32,-114,0,-8.8
461,20:10:29:944,2,Moderate_Damage,L2_S3,-1794,1142,14860,-192,32,-117,0,-6.8
462,20:10:29:954,2,Moderate_Damage,L2_S3,-1824,1132,14950,-196,30,-117,0,83.2
463,20:10:29:964,2,Moderate_Damage,L2_S3,-1862,1076,14896,-190,25,-116,0,29.2
464,20:10:29:974,2,Moderate_Damage,L2_S3,-1798,1068,14826,-196,28,-114,0,-40.8
465,20:10:29:984,2,Moderate_Damage,L2_S3,-1830,1154,14872,-194,34,-116,0,5.2
466,20:10:29:994,2,Moderate_Damage,L2_S3,-1812,1146,14802,-199,29,-124,0,-64.8
467,20:10:30:004,2,Moderate_Damage,L2_S3,-1856,1120,14844,-200,28,-122,0,-22.8
468,20:10:30:014,2,Moderate_Damage,L2_S3,-1834,1114,14842,-198,19,-118,0,-24.8
469,20:10:30:024,2,Moderate_Damage,L2_S3,-1794,1116,14882,-193,27,-111,0,15.2
470,20:10:30:034,2,Moderate_Damage,L2_S3,-1816,1122,14894,-196,21,-108,0,27.2
471,20:10:30:044,2,Moderate_Damage,L2_S3,-1846,1102,14884,-191,30,-117,0,17.2
472,20:10:30:054,2,Moderate_Damage,L2_S3,-1840,1104,14880,-195,26,-110,0,13.2
473,20:10:30:064,2,Moderate_Damage,L2_S3,-1818,1108,14858,-189,33,-111,0,-8.8
474,20:10:30:074,2,Moderate_Damage,L2_S3,-1846,1136,14846,-191,29,-104,0,-20.8
475,20:10:30:084,2,Moderate_Damage,L2_S3,-1866,1086,14890,-191,28,-114,0,23.2
476,20:10:30:094,2,Moderate_Damage,L2_S3,-1814,1146,14904,-188,26,-116,0,37.2
477,20:10:30:104,2,Moderate_Damage,L2_S3,-1828,1090,14868,-190,27,-112,0,1.2
478,20:10:30:114,2,Moderate_Damage,L2_S3,-1818,1126,14828,-189,29,-118,0,-38.8
479,20:10:30:124,2,Moderate_Damage,L2_S3,-1846,1150,14926,-192,31,-123,0,59.2
480,20:10:30:134,2,Moderate_Damage,L2_S3,-1834,1148,14930,-192,29,-115,0,63.2
481,20:10:30:144,2,Moderate_Damage,L2_S3,-1790,1110,14946,-195,28,-128,0,79.2
482,20:10:30:154,2,Moderate_Damage,L2_S3,-1824,1138,14828,-195,26,-117,0,-38.8
483,20:10:30:164,2,Moderate_Damage,L2_S3,-1802,1110,14888,-196,28,-114,0,21.2
484,20:10:30:174,2,Moderate_Damage,L2_S3,-1808,1092,14886,-196,30,-111,0,19.2
485,20:10:30:184,2,Moderate_Damage,L2_S3,-1814,1090,14836,-192,28,-118,0,-30.8
486,20:10:30:194,2,Moderate_Damage,L2_S3,-1786,1140,14942,-191,35,-113,0,75.2
487,20:10:30:204,2,Moderate_Damage,L2_S3,-1848,1168,14864,-192,26,-111,0,-2.8
488,20:10:30:214,2,Moderate_Damage,L2_S3,-1836,1092,14906,-191,29,-112,0,39.2
489,20:10:30:224,2,Moderate_Damage,L2_S3,-1788,1060,14832,-197,31,-123,0,-34.8
490,20:10:30:234,2,Moderate_Damage,L2_S3,-1806,1124,14850,-194,27,-112,0,-16.8
491,20:10:30:244,2,Moderate_Damage,L2_S3,-1802,1134,14918,-189,32,-116,0,51.2
492,20:10:30:254,2,Moderate_Damage,L2_S3,-1770,1112,14858,-188,26,-121,0,-8.8
493,20:10:30:264,2,Moderate_Damage,L2_S3,-1832,1132,14764,-193,27,-116,0,-102.8
494,20:10:30:274,2,Moderate_Damage,L2_S3,-1778,1132,14848,-189,35,-111,0,-18.8
495,20:10:30:284,2,Moderate_Damage,L2_S3,-1836,1120,14968,-194,32,-107,0,101.2
496,20:10:30:294,2,Moderate_Damage,L2_S3,-1830,1094,14888,-190,26,-118,0,21.2
497,20:10:30:304,2,Moderate_Damage,L2_S3,-1824,1122,14888,-188,22,-115,0,21.2
498,20:10:30:314,2,Moderate_Damage,L2_S3,-1876,1124,14906,-187,29,-106,0,39.2
499,20:10:30:324,2,Moderate_Damage,L2_S3,-1824,1088,14924,-193,23,-107,0,57.2
500,20:10:30:334,2,Moderate_Damage,L2_S3,-1800,1134,14938,-192,29,-117,0,71.2
501,20:10:30:344,2,Moderate_Damage,L2_S3,-1844,1128,14898,-192,27,-117,0,31.2
502,20:10:30:360,2,Moderate_Damage,L2_S3,-1804,1142,14970,-191,32,-119,0,103.2
503,20:10:30:364,2,Moderate_Damage,L2_S3,-1866,1100,14848,-201,27,-106,0,-18.8
504,20:10:30:374,2,Moderate_Damage,L2_S3,-1778,1124,14894,-195,34,-117,0,27.2
505,20:10:30:384,2,Moderate_Damage,L2_S3,-1794,1124,14812,-194,25,-115,0,-54.8
506,20:10:30:394,2,Moderate_Damage,L2_S3,-1834,1064,14856,-190,26,-110,0,-10.8
507,20:10:30:404,2,Moderate_Damage,L2_S3,-1798,1132,14904,-191,26,-110,0,37.2
508,20:10:30:414,2,Moderate_Damage,L2_S3,-1894,1124,14854,-194,31,-109,0,-12.8
509,20:10:30:424,2,Moderate_Damage,L2_S3,-1848,1142,14862,-186,37,-108,0,-4.8
510,20:10:30:434,2,Moderate_Damage,L2_S3,-1828,1148,14888,-195,27,-115,0,21.2
511,20:10:30:444,2,Moderate_Damage,L2_S3,-1850,1134,14878,-194,27,-113,0,11.2
512,20:10:30:454,2,Moderate_Damage,L2_S3,-1856,1106,14892,-186,23,-112,0,25.2
513,20:10:30:464,2,Moderate_Damage,L2_S3,-1852,1122,14842,-185,32,-119,0,-24.8
514,20:10:30:474,2,Moderate_Damage,L2_S3,-1816,1136,14822,-193,20,-119,0,-44.8
515,20:10:30:484,2,Moderate_Damage,L2_S3,-1812,1124,14884,-192,27,-116,0,17.2
516,20:10:30:494,2,Moderate_Damage,L2_S3,-1844,1126,14828,-195,32,-114,0,-38.8
517,20:10:30:504,2,Moderate_Damage,L2_S3,-1832,1150,14836,-194,28,-109,0,-30.8
518,20:10:30:514,2,Moderate_Damage,L2_S3,-1792,1138,14840,-196,39,-121,0,-26.8
519,20:10:30:524,2,Moderate_Damage,L2_S3,-1770,1122,14908,-188,31,-116,0,41.2
520,20:10:30:534,2,Moderate_Damage,L2_S3,-1862,1152,14874,-201,27,-114,0,7.2
521,20:10:30:544,2,Moderate_Damage,L2_S3,-1808,1118,14890,-193,26,-114,0,23.2
522,20:10:30:554,2,Moderate_Damage,L2_S3,-1836,1088,14836,-197,23,-113,0,-30.8
523,20:10:30:564,2,Moderate_Damage,L2_S3,-1800,1150,14872,-193,31,-114,0,5.2
524,20:10:30:574,2,Moderate_Damage,L2_S3,-1856,1122,14954,-196,15,-115,0,87.2
525,20:10:30:584,2,Moderate_Damage,L2_S3,-1778,1106,14864,-192,26,-121,0,-2.8
526,20:10:30:594,2,Moderate_Damage,L2_S3,-1790,1144,14876,-197,23,-120,0,9.2
527,20:10:30:604,2,Moderate_Damage,L2_S3,-1806,1150,14868,-191,31,-116,0,1.2
528,20:10:30:614,2,Moderate_Damage,L2_S3,-1798,1156,14850,-197,41,-113,0,-16.8
529,20:10:30:624,2,Moderate_Damage,L2_S3,-1872,1102,14856,-194,28,-118,0,-10.8
530,20:10:30:634,2,Moderate_Damage,L2_S3,-1824,1120,14816,-189,32,-119,0,-50.8
531,20:10:30:644,2,Moderate_Damage,L2_S3,-1822,1138,14896,-188,23,-113,0,29.2
532,20:10:30:654,2,Moderate_Damage,L2_S3,-1822,1154,14878,-191,24,-122,0,11.2
533,20:10:30:664,2,Moderate_Damage,L2_S3,-1778,1130,14884,-192,36,-120,0,17.2
534,20:10:30:674,2,Moderate_Damage,L2_S3,-1864,1092,14818,-189,24,-109,0,-48.8
535,20:10:30:684,2,Moderate_Damage,L2_S3,-1782,1148,14854,-185,42,-115,0,-12.8
536,20:10:30:694,2,Moderate_Damage,L2_S3,-1832,1152,14826,-189,23,-113,0,-40.8
537,20:10:30:704,2,Moderate_Damage,L2_S3,-1822,1136,14846,-187,38,-121,0,-20.8
538,20:10:30:714,2,Moderate_Damage,L2_S3,-1814,1100,14942,-187,38,-118,0,75.2
539,20:10:30:724,2,Moderate_Damage,L2_S3,-1860,1096,14856,-198,23,-108,0,-10.8
540,20:10:30:734,2,Moderate_Damage,L2_S3,-1780,1078,14858,-187,38,-116,0,-8.8
541,20:10:30:744,2,Moderate_Damage,L2_S3,-1814,1112,14830,-195,20,-112,0,-36.8
542,20:10:30:754,2,Moderate_Damage,L2_S3,-1822,1162,14860,-191,34,-113,0,-6.8
543,20:10:30:764,2,Moderate_Damage,L2_S3,-1792,1128,14940,-195,32,-113,0,73.2
544,20:10:30:774,2,Moderate_Damage,L2_S3,-1824,1158,14892,-192,31,-122,0,25.2
545,20:10:30:784,2,Moderate_Damage,L2_S3,-1782,1106,14908,-195,37,-121,0,41.2
546,20:10:30:794,2,Moderate_Damage,L2_S3,-1862,1050,14824,-196,24,-113,0,-42.8
547,20:10:30:804,2,Moderate_Damage,L2_S3,-1866,1152,14864,-195,38,-112,0,-2.8
548,20:10:30:814,2,Moderate_Damage,L2_S3,-1832,1148,14832,-195,31,-112,0,-34.8
549,20:10:30:824,2,Moderate_Damage,L2_S3,-1836,1144,14884,-189,25,-103,0,17.2
550,20:10:30:834,2,Moderate_Damage,L2_S3,-1786,1060,14854,-192,35,-112,0,-12.8
551,20:10:30:844,2,Moderate_Damage,L2_S3,-1806,1122,14886,-187,33,-117,0,19.2
552,20:10:30:854,2,Moderate_Damage,L2_S3,-1842,1110,14778,-192,22,-110,0,-88.8
553,20:10:30:864,2,Moderate_Damage,L2_S3,-1772,1124,14824,-188,34,-116,0,-42.8
554,20:10:30:874,2,Moderate_Damage,L2_S3,-1826,1186,14852,-194,28,-118,0,-14.8
555,20:10:30:884,2,Moderate_Damage,L2_S3,-1810,1138,14870,-186,26,-117,0,3.2
556,20:10:30:894,2,Moderate_Damage,L2_S3,-1778,1090,14892,-183,30,-111,0,25.2
557,20:10:30:904,2,Moderate_Damage,L2_S3,-1846,1130,14872,-189,28,-107,0,5.2
558,20:10:30:914,2,Moderate_Damage,L2_S3,-1790,1162,14894,-186,40,-113,0,27.2
559,20:10:30:924,2,Moderate_Damage,L2_S3,-1842,1084,14836,-190,28,-114,0,-30.8
560,20:10:30:934,2,Moderate_Damage,L2_S3,-1808,1130,14808,-186,28,-117,0,-58.8
561,20:10:30:944,2,Moderate_Damage,L2_S3,-1834,1118,14774,-198,31,-117,0,-92.8
562,20:10:30:954,2,Moderate_Damage,L2_S3,-1830,1098,14788,-194,28,-110,0,-78.8
563,20:10:30:964,2,Moderate_Damage,L2_S3,-1794,1166,14860,-195,35,-111,0,-6.8
564,20:10:30:974,2,Moderate_Damage,L2_S3,-1822,1124,14848,-192,29,-110,0,-18.8
565,20:10:30:984,2,Moderate_Damage,L2_S3,-1788,1122,14872,-188,30,-113,0,5.2
566,20:10:30:994,2,Moderate_Damage,L2_S3,-1812,1134,14874,-192,30,-113,0,7.2
567,20:10:31:004,2,Moderate_Damage,L2_S3,-1804,1126,14910,-192,22,-120,0,43.2
568,20:10:31:014,2,Moderate_Damage,L2_S3,-1840,1100,14880,-190,30,-115,0,13.2
569,20:10:31:024,2,Moderate_Damage,L2_S3,-1808,1142,14816,-191,27,-105,0,-50.8
570,20:10:31:034,2,Moderate_Damage,L2_S3,-1766,1152,14836,-187,45,-110,0,-30.8
571,20:10:31:044,2,Moderate_Damage,L2_S3,-1820,1080,14838,-192,26,-103,0,-28.8
572,20:10:31:054,2,Moderate_Damage,L2_S3,-1818,1136,14808,-188,30,-113,0,-58.8
573,20:10:31:064,2,Moderate_Damage,L2_S3,-1796,1106,14832,-193,35,-111,0,-34.8
574,20:10:31:074,2,Moderate_Damage,L2_S3,-1822,1112,14878,-193,26,-114,0,11.2
575,20:10:31:084,2,Moderate_Damage,L2_S3,-1824,1138,14788,-192,32,-114,0,-78.8
576,20:10:31:094,2,Moderate_Damage,L2_S3,-1820,1134,14884,-195,35,-115,0,17.2
577,20:10:31:104,2,Moderate_Damage,L2_S3,-1824,1168,14908,-191,35,-125,0,41.2
578,20:10:31:114,2,Moderate_Damage,L2_S3,-1792,1126,14854,-195,35,-121,0,-12.8
579,20:10:31:124,2,Moderate_Damage,L2_S3,-1864,1120,14820,-189,26,-110,0,-46.8
580,20:10:31:134,2,Moderate_Damage,L2_S3,-1810,1120,14856,-190,45,-114,0,-10.8
581,20:10:31:144,2,Moderate_Damage,L2_S3,-1776,1114,14876,-192,28,-108,0,9.2
582,20:10:31:154,2,Moderate_Damage,L2_S3,-1858,1120,14852,-192,33,-115,0,-14.8
583,20:10:31:164,2,Moderate_Damage,L2_S3,-1862,1164,14880,-194,36,-110,0,13.2
584,20:10:31:174,2,Moderate_Damage,L2_S3,-1840,1150,14836,-191,27,-119,0,-30.8
585,20:10:31:184,2,Moderate_Damage,L2_S3,-1788,1142,14866,-192,31,-123,0,-0.8
586,20:10:31:194,2,Moderate_Damage,L2_S3,-1844,1110,14848,-190,28,-116,0,-18.8
587,20:10:31:204,2,Moderate_Damage,L2_S3,-1856,1116,14864,-184,32,-111,0,-2.8
588,20:10:31:214,2,Moderate_Damage,L2_S3,-1816,1130,14856,-190,31,-119,0,-10.8
589,20:10:31:224,2,Moderate_Damage,L2_S3,-1832,1146,14838,-190,30,-115,0,-28.8
590,20:10:31:234,2,Moderate_Damage,L2_S3,-1830,1108,14800,-193,29,-109,0,-66.8
591,20:10:31:244,2,Moderate_Damage,L2_S3,-1782,1124,14888,-188,29,-113,0,21.2
592,20:10:31:254,2,Moderate_Damage,L2_S3,-1862,1132,14876,-189,30,-121,0,9.2
593,20:10:31:264,2,Moderate_Damage,L2_S3,-1786,1098,14864,-185,29,-115,0,-2.8
594,20:10:31:274,2,Moderate_Damage,L2_S3,-1844,1132,14800,-192,28,-113,0,-66.8
595,20:10:31:284,2,Moderate_Damage,L2_S3,-1858,1110,14862,-190,34,-115,0,-4.8
596,20:10:31:294,2,Moderate_Damage,L2_S3,-1796,1092,14824,-185,26,-113,0,-42.8
597,20:10:31:304,2,Moderate_Damage,L2_S3,-1864,1134,14866,-187,32,-113,0,-0.8
598,20:10:31:314,2,Moderate_Damage,L2_S3,-1840,1124,14898,-191,31,-116,0,31.2
599,20:10:31:324,2,Moderate_Damage,L2_S3,-1826,1104,14910,-194,29,-109,0,43.2
600,20:10:31:334,2,Moderate_Damage,L2_S3,-1862,1114,14804,-194,31,-106,0,-62.8
601,20:10:31:344,2,Moderate_Damage,L2_S3,-1792,1144,14852,-188,32,-111,0,-14.8
602,20:10:31:354,2,Moderate_Damage,L2_S3,-1802,1140,14870,-192,29,-110,0,3.2
603,20:10:31:364,2,Moderate_Damage,L2_S3,-1818,1118,14860,-196,28,-114,0,-6.8
604,20:10:31:374,2,Moderate_Damage,L2_S3,-1774,1116,14872,-193,34,-109,0,5.2
605,20:10:31:384,2,Moderate_Damage,L2_S3,-1824,1086,14910,-195,32,-118,0,43.2
606,20:10:31:394,2,Moderate_Damage,L2_S3,-1828,1098,14826,-195,32,-120,0,-40.8
607,20:10:31:404,2,Moderate_Damage,L2_S3,-1792,1114,14886,-195,29,-118,0,19.2
608,20:10:31:414,2,Moderate_Damage,L2_S3,-1852,1124,14882,-189,34,-115,0,15.2
609,20:10:31:424,2,Moderate_Damage,L2_S3,-1820,1092,14894,-186,33,-115,0,27.2
610,20:10:31:434,2,Moderate_Damage,L2_S3,-1826,1118,14918,-194,31,-111,0,51.2
611,20:10:31:444,2,Moderate_Damage,L2_S3,-1826,1082,14912,-195,39,-114,0,45.2
612,20:10:31:454,2,Moderate_Damage,L2_S3,-1792,1098,14828,-191,32,-109,0,-38.8
613,20:10:31:464,2,Moderate_Damage,L2_S3,-1816,1154,14876,-192,29,-113,0,9.2
614,20:10:31:474,2,Moderate_Damage,L2_S3,-1790,1110,14888,-191,29,-114,0,21.2
615,20:10:31:484,2,Moderate_Damage,L2_S3,-1878,1128,14846,-194,28,-112,0,-20.8
616,20:10:31:494,2,Moderate_Damage,L2_S3,-1798,1132,14914,-189,32,-120,0,47.2
617,20:10:31:504,2,Moderate_Damage,L2_S3,-1808,1100,14858,-188,29,-122,0,-8.8
618,20:10:31:515,2,Moderate_Damage,L2_S3,-1800,1054,14866,-187,31,-113,0,-0.8
619,20:10:31:524,2,Moderate_Damage,L2_S3,-1798,1136,14878,-196,31,-109,0,11.2
620,20:10:31:534,2,Moderate_Damage,L2_S3,-1818,1102,14848,-195,26,-105,0,-18.8
621,20:10:31:544,2,Moderate_Damage,L2_S3,-1790,1148,14876,-187,24,-112,0,9.2
622,20:10:31:554,2,Moderate_Damage,L2_S3,-1808,1168,14904,-189,32,-114,0,37.2
623,20:10:31:564,2,Moderate_Damage,L2_S3,-1852,1140,14866,-187,29,-117,0,-0.8
624,20:10:31:574,2,Moderate_Damage,L2_S3,-1792,1084,14830,-194,35,-120,0,-36.8
625,20:10:31:584,2,Moderate_Damage,L2_S3,-1840,1102,14854,-192,27,-117,0,-12.8
626,20:10:31:594,2,Moderate_Damage,L2_S3,-1812,1094,14894,-189,33,-120,0,27.2
627,20:10:31:604,2,Moderate_Damage,L2_S3,-1830,1114,14898,-189,37,-121,0,31.2
628,20:10:31:614,2,Moderate_Damage,L2_S3,-1816,1108,14864,-195,27,-122,0,-2.8
629,20:10:31:624,2,Moderate_Damage,L2_S3,-1790,1092,14834,-191,26,-118,0,-32.8
630,20:10:31:634,2,Moderate_Damage,L2_S3,-1848,1142,14888,-191,25,-117,0,21.2
631,20:10:31:644,2,Moderate_Damage,L2_S3,-1860,1088,14916,-186,29,-116,0,49.2
632,20:10:31:654,2,Moderate_Damage,L2_S3,-1788,1070,14856,-193,24,-116,0,-10.8
633,20:10:31:664,2,Moderate_Damage,L2_S3,-1826,1136,14870,-187,28,-109,0,3.2
634,20:10:31:674,2,Moderate_Damage,L2_S3,-1822,1102,14826,-190,28,-112,0,-40.8
635,20:10:31:684,2,Moderate_Damage,L2_S3,-1828,1132,14866,-189,29,-110,0,-0.8
636,20:10:31:694,2,Moderate_Damage,L2_S3,-1854,1130,14856,-190,30,-112,0,-10.8
637,20:10:31:704,2,Moderate_Damage,L2_S3,-1820,1098,14898,-186,33,-112,0,31.2
638,20:10:31:714,2,Moderate_Damage,L2_S3,-1842,1128,14874,-193,36,-109,0,7.2
639,20:10:31:724,2,Moderate_Damage,L2_S3,-1818,1122,14858,-191,31,-117,0,-8.8
640,20:10:31:734,2,Moderate_Damage,L2_S3,-1800,1142,14918,-192,24,-114,0,51.2
641,20:10:31:744,2,Moderate_Damage,L2_S3,-1814,1150,14884,-190,25,-109,0,17.2
642,20:10:31:754,2,Moderate_Damage,L2_S3,-1814,1134,14904,-195,19,-119,0,37.2
643,20:10:31:764,2,Moderate_Damage,L2_S3,-1832,1148,14854,-192,27,-108,0,-12.8
644,20:10:31:774,2,Moderate_Damage,L2_S3,-1826,1122,14902,-193,27,-110,0,35.2
645,20:10:31:784,2,Moderate_Damage,L2_S3,-1832,1106,14854,-191,31,-116,0,-12.8
646,20:10:31:794,2,Moderate_Damage,L2_S3,-1808,1146,14866,-192,35,-110,0,-0.8
647,20:10:31:804,2,Moderate_Damage,L2_S3,-1836,1106,14896,-189,33,-117,0,29.2
648,20:10:31:814,2,Moderate_Damage,L2_S3,-1784,1128,14864,-189,30,-116,0,-2.8
649,20:10:31:824,2,Moderate_Damage,L2_S3,-1818,1084,14918,-194,29,-113,0,51.2
650,20:10:31:834,2,Moderate_Damage,L2_S3,-1838,1116,14878,-191,24,-108,0,11.2
651,20:10:31:844,2,Moderate_Damage,L2_S3,-1872,1154,14904,-190,30,-106,0,37.2
652,20:10:31:854,2,Moderate_Damage,L2_S3,-1820,1152,14904,-192,30,-108,0,37.2
653,20:10:31:864,2,Moderate_Damage,L2_S3,-1814,1062,14874,-192,31,-113,0,7.2
654,20:10:31:874,2,Moderate_Damage,L2_S3,-1878,1110,14850,-193,23,-111,0,-16.8
655,20:10:31:884,2,Moderate_Damage,L2_S3,-1784,1128,14846,-194,34,-112,0,-20.8
656,20:10:31:894,2,Moderate_Damage,L2_S3,-1798,1088,14838,-195,27,-109,0,-28.8
657,20:10:31:904,2,Moderate_Damage,L2_S3,-1822,1088,14852,-193,27,-109,0,-14.8
658,20:10:31:914,2,Moderate_Damage,L2_S3,-1866,1184,14884,-189,26,-112,0,17.2
659,20:10:31:924,2,Moderate_Damage,L2_S3,-1822,1130,14844,-199,23,-110,0,-22.8
660,20:10:31:934,2,Moderate_Damage,L2_S3,-1810,1124,14954,-191,32,-114,0,87.2
661,20:10:31:944,2,Moderate_Damage,L2_S3,-1834,1146,14836,-194,25,-112,0,-30.8
662,20:10:31:954,2,Moderate_Damage,L2_S3,-1824,1136,14820,-191,30,-116,0,-46.8
663,20:10:31:964,2,Moderate_Damage,L2_S3,-1784,1128,14778,-192,26,-110,0,-88.8
664,20:10:31:974,2,Moderate_Damage,L2_S3,-1850,1106,14838,-190,31,-117,0,-28.8
665,20:10:31:984,2,Moderate_Damage,L2_S3,-1862,1096,14878,-193,34,-117,0,11.2
666,20:10:31:994,2,Moderate_Damage,L2_S3,-1846,1128,14920,-195,32,-121,0,53.2
667,20:10:32:004,2,Moderate_Damage,L2_S3,-1824,1126,14816,-199,33,-115,0,-50.8
668,20:10:32:014,2,Moderate_Damage,L2_S3,-1810,1072,14900,-199,29,-117,0,33.2
669,20:10:32:024,2,Moderate_Damage,L2_S3,-1824,1104,14880,-193,24,-121,0,13.2
670,20:10:32:034,2,Moderate_Damage,L2_S3,-1782,1090,14866,-186,35,-113,0,-0.8
671,20:10:32:044,2,Moderate_Damage,L2_S3,-1826,1090,14850,-192,28,-117,0,-16.8
672,20:10:32:054,2,Moderate_Damage,L2_S3,-1844,1122,14860,-193,35,-113,0,-6.8
673,20:10:32:064,2,Moderate_Damage,L2_S3,-1848,1086,14882,-195,28,-117,0,15.2
674,20:10:32:074,2,Moderate_Damage,L2_S3,-1820,1110,14876,-186,28,-113,0,9.2
675,20:10:32:084,2,Moderate_Damage,L2_S3,-1804,1146,14862,-191,28,-113,0,-4.8
676,20:10:32:094,2,Moderate_Damage,L2_S3,-1852,1140,14858,-193,29,-118,0,-8.8
677,20:10:32:104,2,Moderate_Damage,L2_S3,-1840,1132,14840,-187,29,-117,0,-26.8
678,20:10:32:114,2,Moderate_Damage,L2_S3,-1816,1120,14906,-193,30,-113,0,39.2
679,20:10:32:124,2,Moderate_Damage,L2_S3,-1848,1142,14870,-190,33,-117,0,3.2
680,20:10:32:134,2,Moderate_Damage,L2_S3,-1846,1118,14886,-193,37,-117,0,19.2
681,20:10:32:144,2,Moderate_Damage,L2_S3,-1790,1134,14864,-192,34,-121,0,-2.8
682,20:10:32:154,2,Moderate_Damage,L2_S3,-1826,1122,14902,-192,33,-109,0,35.2
683,20:10:32:164,2,Moderate_Damage,L2_S3,-1818,1100,14882,-188,31,-117,0,15.2
684,20:10:32:174,2,Moderate_Damage,L2_S3,-1802,1102,14888,-189,26,-115,0,21.2
685,20:10:32:184,2,Moderate_Damage,L2_S3,-1858,1130,14880,-192,29,-118,0,13.2
686,20:10:32:194,2,Moderate_Damage,L2_S3,-1838,1164,14868,-191,29,-114,0,1.2
687,20:10:32:204,2,Moderate_Damage,L2_S3,-1822,1142,14880,-193,31,-115,0,13.2
688,20:10:32:215,2,Moderate_Damage,L2_S3,-1848,1126,14938,-195,30,-113,0,71.2
689,20:10:32:224,2,Moderate_Damage,L2_S3,-1810,1146,14936,-188,24,-114,0,69.2
690,20:10:32:234,2,Moderate_Damage,L2_S3,-1830,1124,14830,-188,31,-115,0,-36.8
691,20:10:32:244,2,Moderate_Damage,L2_S3,-1792,1118,14812,-186,29,-114,0,-54.8
692,20:10:32:254,2,Moderate_Damage,L2_S3,-1848,1126,14892,-193,32,-114,0,25.2
693,20:10:32:264,2,Moderate_Damage,L2_S3,-1826,1110,14858,-186,23,-111,0,-8.8
694,20:10:32:274,2,Moderate_Damage,L2_S3,-1814,1122,14826,-190,27,-110,0,-40.8
695,20:10:32:284,2,Moderate_Damage,L2_S3,-1842,1102,14876,-191,31,-109,0,9.2
696,20:10:32:294,2,Moderate_Damage,L2_S3,-1804,1100,14872,-190,21,-118,0,5.2
697,20:10:32:304,2,Moderate_Damage,L2_S3,-1820,1134,14862,-194,34,-114,0,-4.8
698,20:10:32:314,2,Moderate_Damage,L2_S3,-1858,1082,14816,-189,28,-114,0,-50.8
699,20:10:32:324,2,Moderate_Damage,L2_S3,-1840,1132,14868,-193,31,-113,0,1.2
700,20:10:32:334,2,Moderate_Damage,L2_S3,-1790,1098,14902,-199,22,-114,0,35.2
701,20:10:32:344,2,Moderate_Damage,L2_S3,-1822,1152,14902,-192,34,-114,0,35.2
702,20:10:32:354,2,Moderate_Damage,L2_S3,-1812,1124,14848,-196,26,-114,0,-18.8
703,20:10:32:364,2,Moderate_Damage,L2_S3,-1826,1148,14866,-193,28,-114,0,-0.8
704,20:10:32:374,2,Moderate_Damage,L2_S3,-1808,1108,14896,-192,26,-114,0,29.2
705,20:10:32:384,2,Moderate_Damage,L2_S3,-1810,1140,14790,-195,28,-115,0,-76.8
706,20:10:32:394,2,Moderate_Damage,L2_S3,-1802,1134,14818,-194,37,-115,0,-48.8
707,20:10:32:404,2,Moderate_Damage,L2_S3,-1780,1134,14866,-195,31,-114,0,-0.8
708,20:10:32:414,2,Moderate_Damage,L2_S3,-1846,1090,14914,-189,26,-112,0,47.2
709,20:10:32:424,2,Moderate_Damage,L2_S3,-1832,1048,14860,-193,26,-112,0,-6.8
710,20:10:32:434,2,Moderate_Damage,L2_S3,-1820,1074,14880,-188,29,-107,0,13.2
711,20:10:32:444,2,Moderate_Damage,L2_S3,-1834,1142,14884,-195,30,-111,0,17.2
712,20:10:32:454,2,Moderate_Damage,L2_S3,-1768,1136,14864,-187,31,-115,0,-2.8
713,20:10:32:464,2,Moderate_Damage,L2_S3,-1822,1124,14864,-194,31,-118,0,-2.8
714,20:10:32:474,2,Moderate_Damage,L2_S3,-1818,1088,14786,-193,29,-119,0,-80.8
715,20:10:32:484,2,Moderate_Damage,L2_S3,-1814,1158,14936,-192,25,-115,0,69.2
716,20:10:32:494,2,Moderate_Damage,L2_S3,-1790,1132,14878,-189,29,-116,0,11.2
717,20:10:32:504,2,Moderate_Damage,L2_S3,-1820,1120,14832,-195,26,-116,0,-34.8
718,20:10:32:514,2,Moderate_Damage,L2_S3,-1766,1142,14826,-188,25,-111,0,-40.8
719,20:10:32:524,2,Moderate_Damage,L2_S3,-1816,1164,14862,-190,28,-123,0,-4.8
720,20:10:32:534,2,Moderate_Damage,L2_S3,-1786,1130,14844,-193,22,-113,0,-22.8
721,20:10:32:545,2,Moderate_Damage,L2_S3,-1844,1160,14840,-191,28,-116,0,-26.8
722,20:10:32:555,2,Moderate_Damage,L2_S3,-1818,1132,14890,-188,37,-112,0,23.2
723,20:10:32:564,2,Moderate_Damage,L2_S3,-1842,1106,14846,-191,29,-116,0,-20.8
724,20:10:32:574,2,Moderate_Damage,L2_S3,-1818,1146,14878,-196,41,-118,0,11.2
725,20:10:32:584,2,Moderate_Damage,L2_S3,-1818,1116,14886,-193,30,-114,0,19.2
726,20:10:32:594,2,Moderate_Damage,L2_S3,-1856,1102,14908,-198,31,-118,0,41.2
727,20:10:32:604,2,Moderate_Damage,L2_S3,-1814,1122,14786,-191,27,-115,0,-80.8
728,20:10:32:614,2,Moderate_Damage,L2_S3,-1820,1074,14830,-192,26,-114,0,-36.8
729,20:10:32:624,2,Moderate_Damage,L2_S3,-1736,1104,14826,-194,29,-112,0,-40.8
730,20:10:32:634,2,Moderate_Damage,L2_S3,-1826,1142,14848,-196,28,-112,0,-18.8
731,20:10:32:644,2,Moderate_Damage,L2_S3,-1830,1106,14846,-189,26,-108,0,-20.8
732,20:10:32:654,2,Moderate_Damage,L2_S3,-1784,1108,14826,-189,31,-117,0,-40.8
733,20:10:32:664,2,Moderate_Damage,L2_S3,-1820,1070,14868,-190,33,-120,0,1.2
734,20:10:32:674,2,Moderate_Damage,L2_S3,-1778,1154,14906,-192,31,-122,0,39.2
735,20:10:32:684,2,Moderate_Damage,L2_S3,-1800,1118,14792,-182,25,-118,0,-74.8
736,20:10:32:694,2,Moderate_Damage,L2_S3,-1848,1130,14854,-196,26,-111,0,-12.8
737,20:10:32:704,2,Moderate_Damage,L2_S3,-1804,1090,14804,-190,30,-115,0,-62.8
738,20:10:32:714,2,Moderate_Damage,L2_S3,-1850,1112,14890,-189,32,-113,0,23.2
739,20:10:32:724,2,Moderate_Damage,L2_S3,-1828,1094,14828,-187,30,-111,0,-38.8
740,20:10:32:734,2,Moderate_Damage,L2_S3,-1806,1106,14798,-195,32,-119,0,-68.8
741,20:10:32:744,2,Moderate_Damage,L2_S3,-1808,1136,14886,-187,28,-112,0,19.2
742,20:10:32:754,2,Moderate_Damage,L2_S3,-1764,1092,14802,-193,32,-112,0,-64.8
743,20:10:32:764,2,Moderate_Damage,L2_S3,-1732,1110,14850,-190,29,-115,0,-16.8
744,20:10:32:774,2,Moderate_Damage,L2_S3,-1814,1092,14874,-188,29,-124,0,7.2
745,20:10:32:784,2,Moderate_Damage,L2_S3,-1762,1094,14882,-194,34,-116,0,15.2
746,20:10:32:795,2,Moderate_Damage,L2_S3,-1834,1134,14918,-193,28,-110,0,51.2
747,20:10:32:804,2,Moderate_Damage,L2_S3,-1808,1126,14894,-195,29,-113,0,27.2
748,20:10:32:814,2,Moderate_Damage,L2_S3,-1798,1128,14826,-193,25,-118,0,-40.8
749,20:10:32:824,2,Moderate_Damage,L2_S3,-1806,1072,14758,-186,23,-121,0,-108.8
750,20:10:32:834,2,Moderate_Damage,L2_S3,-1818,1072,14846,-186,29,-116,0,-20.8
751,20:10:32:844,2,Moderate_Damage,L2_S3,-1826,1108,14870,-191,22,-114,0,3.2
752,20:10:32:854,2,Moderate_Damage,L2_S3,-1872,1106,14878,-190,28,-119,0,11.2
753,20:10:32:864,2,Moderate_Damage,L2_S3,-1756,1102,14884,-190,32,-118,0,17.2
754,20:10:32:874,2,Moderate_Damage,L2_S3,-1838,1104,14882,-191,23,-109,0,15.2
755,20:10:32:884,2,Moderate_Damage,L2_S3,-1794,1148,14828,-193,34,-111,0,-38.8
756,20:10:32:894,2,Moderate_Damage,L2_S3,-1834,1112,14894,-194,29,-111,0,27.2
757,20:10:32:904,2,Moderate_Damage,L2_S3,-1838,1132,14864,-189,32,-112,0,-2.8
758,20:10:32:914,2,Moderate_Damage,L2_S3,-1858,1142,14882,-192,25,-121,0,15.2
759,20:10:32:924,2,Moderate_Damage,L2_S3,-1826,1144,14800,-191,27,-122,0,-66.8
760,20:10:32:935,2,Moderate_Damage,L2_S3,-1788,1096,14838,-188,41,-115,0,-28.8
761,20:10:32:944,2,Moderate_Damage,L2_S3,-1844,1168,14802,-193,29,-114,0,-64.8
762,20:10:32:954,2,Moderate_Damage,L2_S3,-1836,1130,14770,-189,29,-119,0,-96.8
763,20:10:32:965,2,Moderate_Damage,L2_S3,-1836,1120,14858,-194,32,-118,0,-8.8
764,20:10:32:975,2,Moderate_Damage,L2_S3,-1834,1102,14866,-186,32,-115,0,-0.8
765,20:10:32:984,2,Moderate_Damage,L2_S3,-1838,1160,14870,-189,35,-114,0,3.2
766,20:10:32:994,2,Moderate_Damage,L2_S3,-1834,1148,14826,-186,29,-116,0,-40.8
767,20:10:33:004,2,Moderate_Damage,L2_S3,-1854,1102,14886,-197,27,-114,0,19.2
768,20:10:33:014,2,Moderate_Damage,L2_S3,-1808,1124,14858,-196,38,-116,0,-8.8
769,20:10:33:024,2,Moderate_Damage,L2_S3,-1862,1110,14882,-194,31,-110,0,15.2
770,20:10:33:034,2,Moderate_Damage,L2_S3,-1822,1096,14854,-187,36,-117,0,-12.8
771,20:10:33:044,2,Moderate_Damage,L2_S3,-1852,1122,14878,-192,28,-115,0,11.2
772,20:10:33:054,2,Moderate_Damage,L2_S3,-1822,1146,14842,-190,34,-114,0,-24.8
773,20:10:33:064,2,Moderate_Damage,L2_S3,-1854,1106,14922,-190,27,-121,0,55.2
774,20:10:33:074,2,Moderate_Damage,L2_S3,-1784,1072,14934,-193,35,-115,0,67.2
775,20:10:33:084,2,Moderate_Damage,L2_S3,-1826,1082,14810,-196,26,-112,0,-56.8
776,20:10:33:094,2,Moderate_Damage,L2_S3,-1832,1108,14866,-187,25,-109,0,-0.8
777,20:10:33:104,2,Moderate_Damage,L2_S3,-1790,1082,14830,-194,31,-116,0,-36.8
778,20:10:33:114,2,Moderate_Damage,L2_S3,-1810,1130,14850,-197,26,-117,0,-16.8
779,20:10:33:124,2,Moderate_Damage,L2_S3,-1830,1148,14888,-194,25,-114,0,21.2
780,20:10:33:134,2,Moderate_Damage,L2_S3,-1808,1150,14796,-199,27,-112,0,-70.8
781,20:10:33:144,2,Moderate_Damage,L2_S3,-1806,1156,14806,-185,31,-112,0,-60.8
782,20:10:33:154,2,Moderate_Damage,L2_S3,-1836,1096,14822,-189,27,-119,0,-44.8
783,20:10:33:164,2,Moderate_Damage,L2_S3,-1836,1148,14926,-187,30,-114,0,59.2
784,20:10:33:174,2,Moderate_Damage,L2_S3,-1806,1168,14902,-192,31,-120,0,35.2
785,20:10:33:184,2,Moderate_Damage,L2_S3,-1844,1112,14842,-189,25,-109,0,-24.8
786,20:10:33:194,2,Moderate_Damage,L2_S3,-1836,1102,14910,-194,30,-113,0,43.2
787,20:10:33:204,2,Moderate_Damage,L2_S3,-1834,1140,14880,-193,28,-106,0,13.2
788,20:10:33:214,2,Moderate_Damage,L2_S3,-1860,1112,14824,-195,30,-113,0,-42.8
789,20:10:33:224,2,Moderate_Damage,L2_S3,-1840,1112,14832,-190,26,-115,0,-34.8
790,20:10:33:234,2,Moderate_Damage,L2_S3,-1834,1104,14814,-192,30,-113,0,-52.8
791,20:10:33:244,2,Moderate_Damage,L2_S3,-1838,1116,14808,-190,35,-118,0,-58.8
792,20:10:33:255,2,Moderate_Damage,L2_S3,-1824,1074,14890,-193,27,-115,0,23.2
793,20:10:33:264,2,Moderate_Damage,L2_S3,-1842,1150,14868,-191,28,-116,0,1.2
794,20:10:33:274,2,Moderate_Damage,L2_S3,-1794,1112,14932,-193,30,-113,0,65.2
795,20:10:33:285,2,Moderate_Damage,L2_S3,-1844,1102,14858,-191,28,-118,0,-8.8
796,20:10:33:294,2,Moderate_Damage,L2_S3,-1784,1136,14854,-190,27,-116,0,-12.8
797,20:10:33:304,2,Moderate_Damage,L2_S3,-1798,1164,14898,-184,30,-109,0,31.2
798,20:10:33:314,2,Moderate_Damage,L2_S3,-1846,1092,14900,-189,21,-113,0,33.2
799,20:10:33:324,2,Moderate_Damage,L2_S3,-1814,1170,14860,-192,32,-115,0,-6.8
800,20:10:33:335,2,Moderate_Damage,L2_S3,-1874,1172,14938,-193,25,-112,0,71.2
801,20:10:33:344,2,Moderate_Damage,L2_S3,-1816,1122,14850,-188,34,-117,0,-16.8
802,20:10:33:355,2,Moderate_Damage,L2_S3,-1860,1108,14860,-193,26,-113,0,-6.8
803,20:10:33:364,2,Moderate_Damage,L2_S3,-1860,1122,14832,-191,36,-115,0,-34.8
804,20:10:33:374,2,Moderate_Damage,L2_S3,-1800,1100,14844,-189,34,-115,0,-22.8
805,20:10:33:384,2,Moderate_Damage,L2_S3,-1870,1130,14870,-193,30,-116,0,3.2
806,20:10:33:394,2,Moderate_Damage,L2_S3,-1820,1098,14910,-192,33,-116,0,43.2
807,20:10:33:404,2,Moderate_Damage,L2_S3,-1882,1078,14896,-188,29,-117,0,29.2
808,20:10:33:414,2,Moderate_Damage,L2_S3,-1820,1100,14858,-196,36,-110,0,-8.8
809,20:10:33:425,2,Moderate_Damage,L2_S3,-1834,1090,14872,-196,37,-112,0,5.2
810,20:10:33:434,2,Moderate_Damage,L2_S3,-1858,1104,14854,-189,33,-109,0,-12.8
811,20:10:33:444,2,Moderate_Damage,L2_S3,-1826,1116,14862,-194,36,-111,0,-4.8
812,20:10:33:454,2,Moderate_Damage,L2_S3,-1808,1084,14826,-194,31,-117,0,-40.8
813,20:10:33:464,2,Moderate_Damage,L2_S3,-1804,1112,14910,-190,30,-114,0,43.2
814,20:10:33:474,2,Moderate_Damage,L2_S3,-1826,1166,14940,-187,31,-115,0,73.2
815,20:10:33:484,2,Moderate_Damage,L2_S3,-1828,1150,14884,-200,24,-114,0,17.2
816,20:10:33:494,2,Moderate_Damage,L2_S3,-1830,1092,14830,-190,34,-110,0,-36.8
817,20:10:33:504,2,Moderate_Damage,L2_S3,-1790,1142,14794,-196,32,-112,0,-72.8
818,20:10:33:514,2,Moderate_Damage,L2_S3,-1834,1150,14878,-191,27,-115,0,11.2
819,20:10:33:524,2,Moderate_Damage,L2_S3,-1856,1128,14898,-196,32,-119,0,31.2
820,20:10:33:534,2,Moderate_Damage,L2_S3,-1828,1154,14956,-194,31,-115,0,89.2
821,20:10:33:544,2,Moderate_Damage,L2_S3,-1830,1148,14854,-195,30,-108,0,-12.8
822,20:10:33:555,2,Moderate_Damage,L2_S3,-1748,1140,14870,-195,38,-110,0,3.2
823,20:10:33:565,2,Moderate_Damage,L2_S3,-1832,1144,14858,-197,25,-113,0,-8.8
824,20:10:33:575,2,Moderate_Damage,L2_S3,-1804,1142,14858,-183,25,-117,0,-8.8
825,20:10:33:584,2,Moderate_Damage,L2_S3,-1828,1110,14832,-189,23,-113,0,-34.8
826,20:10:33:594,2,Moderate_Damage,L2_S3,-1876,1084,14832,-196,32,-115,0,-34.8
827,20:10:33:604,2,Moderate_Damage,L2_S3,-1820,1102,14846,-196,32,-110,0,-20.8
828,20:10:33:614,2,Moderate_Damage,L2_S3,-1822,1104,14866,-192,33,-117,0,-0.8
829,20:10:33:624,2,Moderate_Damage,L2_S3,-1792,1130,14860,-191,27,-123,0,-6.8
830,20:10:33:634,2,Moderate_Damage,L2_S3,-1840,1162,14868,-195,32,-121,0,1.2
831,20:10:33:645,2,Moderate_Damage,L2_S3,-1830,1170,14874,-193,29,-107,0,7.2
832,20:10:33:655,2,Moderate_Damage,L2_S3,-1836,1126,14774,-196,27,-115,0,-92.8
833,20:10:33:664,2,Moderate_Damage,L2_S3,-1826,1132,14820,-192,32,-119,0,-46.8
834,20:10:33:674,2,Moderate_Damage,L2_S3,-1828,1138,14880,-193,28,-113,0,13.2
835,20:10:33:684,2,Moderate_Damage,L2_S3,-1788,1134,14880,-189,26,-118,0,13.2
836,20:10:33:694,2,Moderate_Damage,L2_S3,-1834,1128,14872,-187,27,-112,0,5.2
837,20:10:33:705,2,Moderate_Damage,L2_S3,-1834,1138,14852,-185,27,-116,0,-14.8
838,20:10:33:714,2,Moderate_Damage,L2_S3,-1830,1126,14816,-193,28,-120,0,-50.8
839,20:10:33:724,2,Moderate_Damage,L2_S3,-1848,1116,14820,-195,36,-114,0,-46.8
840,20:10:33:734,2,Moderate_Damage,L2_S3,-1808,1130,14856,-194,29,-123,0,-10.8
841,20:10:33:745,2,Moderate_Damage,L2_S3,-1798,1096,14778,-194,31,-117,0,-88.8
842,20:10:33:755,2,Moderate_Damage,L2_S3,-1802,1154,14846,-193,35,-121,0,-20.8
843,20:10:33:764,2,Moderate_Damage,L2_S3,-1864,1106,14856,-186,37,-116,0,-10.8
844,20:10:33:774,2,Moderate_Damage,L2_S3,-1880,1108,14834,-190,29,-117,0,-32.8
845,20:10:33:785,2,Moderate_Damage,L2_S3,-1832,1112,14836,-191,29,-118,0,-30.8
846,20:10:33:794,2,Moderate_Damage,L2_S3,-1834,1066,14944,-200,28,-113,0,77.2
847,20:10:33:805,2,Moderate_Damage,L2_S3,-1814,1096,14834,-191,24,-115,0,-32.8
848,20:10:33:815,2,Moderate_Damage,L2_S3,-1784,1110,14864,-198,23,-114,0,-2.8
849,20:10:33:824,2,Moderate_Damage,L2_S3,-1902,1140,14784,-193,33,-116,0,-82.8
850,20:10:33:834,2,Moderate_Damage,L2_S3,-1810,1104,14892,-194,33,-112,0,25.2
851,20:10:33:845,2,Moderate_Damage,L2_S3,-1810,1144,14822,-187,37,-116,0,-44.8
852,20:10:33:855,2,Moderate_Damage,L2_S3,-1826,1132,14838,-189,28,-113,0,-28.8
853,20:10:33:865,2,Moderate_Damage,L2_S3,-1790,1160,14882,-184,31,-117,0,15.2
854,20:10:33:875,2,Moderate_Damage,L2_S3,-1880,1076,14842,-186,35,-118,0,-24.8
855,20:10:33:885,2,Moderate_Damage,L2_S3,-1836,1096,14844,-195,35,-120,0,-22.8
856,20:10:33:895,2,Moderate_Damage,L2_S3,-1788,1110,14834,-190,28,-115,0,-32.8
857,20:10:33:905,2,Moderate_Damage,L2_S3,-1764,1104,14862,-193,34,-114,0,-4.8
858,20:10:33:915,2,Moderate_Damage,L2_S3,-1818,1120,14888,-192,29,-111,0,21.2
859,20:10:33:924,2,Moderate_Damage,L2_S3,-1832,1126,14876,-197,26,-119,0,9.2
860,20:10:33:935,2,Moderate_Damage,L2_S3,-1800,1092,14854,-188,26,-120,0,-12.8
861,20:10:33:945,2,Moderate_Damage,L2_S3,-1806,1110,14920,-187,25,-119,0,53.2
862,20:10:33:955,2,Moderate_Damage,L2_S3,-1868,1078,14848,-184,35,-115,0,-18.8
863,20:10:33:965,2,Moderate_Damage,L2_S3,-1798,1090,14880,-192,23,-112,0,13.2
864,20:10:33:975,2,Moderate_Damage,L2_S3,-1824,1124,14854,-194,25,-114,0,-12.8
865,20:10:33:985,2,Moderate_Damage,L2_S3,-1836,1146,14868,-195,30,-113,0,1.2
866,20:10:33:995,2,Moderate_Damage,L2_S3,-1866,1076,14900,-196,31,-117,0,33.2
867,20:10:34:005,2,Moderate_Damage,L2_S3,-1790,1140,14866,-195,30,-115,0,-0.8
868,20:10:34:015,2,Moderate_Damage,L2_S3,-1786,1126,14820,-191,32,-114,0,-46.8
869,20:10:34:025,2,Moderate_Damage,L2_S3,-1826,1152,14954,-194,26,-111,0,87.2
870,20:10:34:035,2,Moderate_Damage,L2_S3,-1836,1154,14850,-193,33,-109,0,-16.8
871,20:10:34:045,2,Moderate_Damage,L2_S3,-1824,1170,14910,-189,30,-118,0,43.2
872,20:10:34:055,2,Moderate_Damage,L2_S3,-1844,1120,14844,-190,28,-118,0,-22.8
873,20:10:34:065,2,Moderate_Damage,L2_S3,-1776,1138,14834,-190,33,-116,0,-32.8
874,20:10:34:075,2,Moderate_Damage,L2_S3,-1770,1090,14858,-190,37,-112,0,-8.8
875,20:10:34:085,2,Moderate_Damage,L2_S3,-1854,1138,14878,-191,37,-109,0,11.2
876,20:10:34:095,2,Moderate_Damage,L2_S3,-1798,1116,14908,-191,36,-115,0,41.2
877,20:10:34:105,2,Moderate_Damage,L2_S3,-1828,1126,14886,-190,28,-111,0,19.2
878,20:10:34:115,2,Moderate_Damage,L2_S3,-1826,1068,14870,-188,29,-113,0,3.2
879,20:10:34:125,2,Moderate_Damage,L2_S3,-1810,1102,14870,-190,30,-114,0,3.2
880,20:10:34:135,2,Moderate_Damage,L2_S3,-1838,1140,14902,-188,31,-111,0,35.2
881,20:10:34:145,2,Moderate_Damage,L2_S3,-1846,1112,14854,-190,34,-109,0,-12.8
882,20:10:34:155,2,Moderate_Damage,L2_S3,-1806,1150,14880,-193,33,-115,0,13.2
883,20:10:34:165,2,Moderate_Damage,L2_S3,-1836,1126,14872,-190,27,-110,0,5.2
884,20:10:34:175,2,Moderate_Damage,L2_S3,-1818,1166,14874,-190,37,-108,0,7.2
885,20:10:34:185,2,Moderate_Damage,L2_S3,-1826,1088,14856,-190,25,-109,0,-10.8
886,20:10:34:195,2,Moderate_Damage,L2_S3,-1798,1108,14846,-192,32,-117,0,-20.8
887,20:10:34:205,2,Moderate_Damage,L2_S3,-1840,1156,14838,-194,27,-115,0,-28.8
888,20:10:34:215,2,Moderate_Damage,L2_S3,-1808,1118,14812,-194,29,-113,0,-54.8
889,20:10:34:225,2,Moderate_Damage,L2_S3,-1830,1176,14912,-190,35,-116,0,45.2
890,20:10:34:235,2,Moderate_Damage,L2_S3,-1840,1138,14880,-186,26,-110,0,13.2
891,20:10:34:245,2,Moderate_Damage,L2_S3,-1866,1072,14862,-191,32,-115,0,-4.8
892,20:10:34:255,2,Moderate_Damage,L2_S3,-1820,1128,14856,-191,23,-118,0,-10.8
893,20:10:34:265,2,Moderate_Damage,L2_S3,-1830,1110,14814,-193,30,-113,0,-52.8
894,20:10:34:275,2,Moderate_Damage,L2_S3,-1796,1134,14850,-195,31,-118,0,-16.8
895,20:10:34:285,2,Moderate_Damage,L2_S3,-1812,1118,14882,-192,27,-115,0,15.2
896,20:10:34:295,2,Moderate_Damage,L2_S3,-1836,1094,14876,-191,28,-113,0,9.2
897,20:10:34:305,2,Moderate_Damage,L2_S3,-1820,1078,14906,-196,25,-118,0,39.2
898,20:10:34:315,2,Moderate_Damage,L2_S3,-1830,1084,14876,-189,27,-111,0,9.2
899,20:10:34:325,2,Moderate_Damage,L2_S3,-1762,1122,14912,-187,35,-116,0,45.2
900,20:10:34:335,2,Moderate_Damage,L2_S3,-1862,1118,14826,-192,30,-115,0,-40.8
901,20:10:34:345,2,Moderate_Damage,L2_S3,-1826,1116,14856,-188,36,-118,0,-10.8
902,20:10:34:355,2,Moderate_Damage,L2_S3,-1814,1076,14878,-188,32,-118,0,11.2
903,20:10:34:365,2,Moderate_Damage,L2_S3,-1826,1060,14842,-191,33,-119,0,-24.8
904,20:10:34:375,2,Moderate_Damage,L2_S3,-1766,1104,14948,-189,33,-115,0,81.2
905,20:10:34:385,2,Moderate_Damage,L2_S3,-1816,1118,14864,-187,30,-112,0,-2.8
906,20:10:34:395,2,Moderate_Damage,L2_S3,-1800,1090,14804,-184,32,-119,0,-62.8
907,20:10:34:405,2,Moderate_Damage,L2_S3,-1796,1106,14820,-191,30,-117,0,-46.8
908,20:10:34:415,2,Moderate_Damage,L2_S3,-1802,1160,14840,-188,28,-108,0,-26.8
909,20:10:34:425,2,Moderate_Damage,L2_S3,-1796,1136,14940,-195,34,-122,0,73.2
910,20:10:34:435,2,Moderate_Damage,L2_S3,-1808,1122,14818,-197,30,-113,0,-48.8
911,20:10:34:445,2,Moderate_Damage,L2_S3,-1782,1114,14854,-189,22,-117,0,-12.8
912,20:10:34:455,2,Moderate_Damage,L2_S3,-1788,1092,14786,-191,28,-117,0,-80.8
913,20:10:34:465,2,Moderate_Damage,L2_S3,-1806,1090,14848,-191,32,-110,0,-18.8
914,20:10:34:475,2,Moderate_Damage,L2_S3,-1834,1072,14870,-194,29,-116,0,3.2
915,20:10:34:485,2,Moderate_Damage,L2_S3,-1812,1110,14802,-191,27,-116,0,-64.8
916,20:10:34:495,2,Moderate_Damage,L2_S3,-1864,1110,14756,-190,30,-118,0,-110.8
917,20:10:34:505,2,Moderate_Damage,L2_S3,-1836,1064,14870,-195,29,-114,0,3.2
918,20:10:34:515,2,Moderate_Damage,L2_S3,-1814,1152,14886,-200,38,-108,0,19.2
919,20:10:34:525,2,Moderate_Damage,L2_S3,-1790,1114,14832,-195,33,-111,0,-34.8
920,20:10:34:535,2,Moderate_Damage,L2_S3,-1808,1138,14838,-191,24,-111,0,-28.8
921,20:10:34:545,2,Moderate_Damage,L2_S3,-1820,1100,14880,-192,34,-113,0,13.2
922,20:10:34:555,2,Moderate_Damage,L2_S3,-1808,1124,14888,-196,34,-111,0,21.2
923,20:10:34:565,2,Moderate_Damage,L2_S3,-1778,1096,14814,-194,37,-115,0,-52.8
924,20:10:34:575,2,Moderate_Damage,L2_S3,-1790,1140,14828,-196,30,-119,0,-38.8
925,20:10:34:585,2,Moderate_Damage,L2_S3,-1814,1078,14906,-196,25,-117,0,39.2
926,20:10:34:595,2,Moderate_Damage,L2_S3,-1830,1112,14768,-189,29,-116,0,-98.8
927,20:10:34:605,2,Moderate_Damage,L2_S3,-1840,1132,14850,-191,26,-113,0,-16.8
928,20:10:34:615,2,Moderate_Damage,L2_S3,-1796,1112,14852,-194,33,-112,0,-14.8
929,20:10:34:625,2,Moderate_Damage,L2_S3,-1810,1108,14872,-187,28,-111,0,5.2
930,20:10:34:635,2,Moderate_Damage,L2_S3,-1840,1120,14874,-193,28,-111,0,7.2
931,20:10:34:645,2,Moderate_Damage,L2_S3,-1846,1120,14924,-192,28,-114,0,57.2
932,20:10:34:655,2,Moderate_Damage,L2_S3,-1814,1110,14888,-189,32,-115,0,21.2
933,20:10:34:665,2,Moderate_Damage,L2_S3,-1814,1148,14826,-191,33,-121,0,-40.8
934,20:10:34:675,2,Moderate_Damage,L2_S3,-1802,1134,14890,-190,27,-110,0,23.2
935,20:10:34:685,2,Moderate_Damage,L2_S3,-1864,1126,14872,-190,33,-110,0,5.2
936,20:10:34:695,2,Moderate_Damage,L2_S3,-1846,1116,14852,-192,31,-115,0,-14.8
937,20:10:34:705,2,Moderate_Damage,L2_S3,-1820,1122,14860,-188,37,-110,0,-6.8
938,20:10:34:715,2,Moderate_Damage,L2_S3,-1818,1118,14772,-190,32,-116,0,-94.8
939,20:10:34:725,2,Moderate_Damage,L2_S3,-1872,1148,14918,-185,25,-118,0,51.2
940,20:10:34:735,2,Moderate_Damage,L2_S3,-1798,1088,14882,-189,30,-112,0,15.2
941,20:10:34:745,2,Moderate_Damage,L2_S3,-1800,1116,14884,-187,28,-115,0,17.2
942,20:10:34:755,2,Moderate_Damage,L2_S3,-1830,1082,14852,-190,29,-111,0,-14.8
943,20:10:34:765,2,Moderate_Damage,L2_S3,-1770,1124,14862,-190,29,-114,0,-4.8
944,20:10:34:775,2,Moderate_Damage,L2_S3,-1806,1136,14890,-184,30,-113,0,23.2
945,20:10:34:785,2,Moderate_Damage,L2_S3,-1764,1086,14928,-188,30,-117,0,61.2
946,20:10:34:795,2,Moderate_Damage,L2_S3,-1796,1142,14860,-189,24,-117,0,-6.8
947,20:10:34:805,2,Moderate_Damage,L2_S3,-1832,1144,14930,-187,32,-111,0,63.2
948,20:10:34:815,2,Moderate_Damage,L2_S3,-1822,1132,14886,-194,30,-104,0,19.2
949,20:10:34:825,2,Moderate_Damage,L2_S3,-1794,1132,14862,-188,25,-112,0,-4.8
950,20:10:34:835,2,Moderate_Damage,L2_S3,-1814,1132,14890,-192,31,-112,0,23.2
951,20:10:34:845,2,Moderate_Damage,L2_S3,-1842,1122,14830,-199,33,-116,0,-36.8
952,20:10:34:855,2,Moderate_Damage,L2_S3,-1844,1120,14934,-200,31,-110,0,67.2
953,20:10:34:865,2,Moderate_Damage,L2_S3,-1824,1104,14876,-192,27,-116,0,9.2
954,20:10:34:875,2,Moderate_Damage,L2_S3,-1784,1086,14816,-190,30,-117,0,-50.8
955,20:10:34:885,2,Moderate_Damage,L2_S3,-1818,1128,14882,-195,33,-116,0,15.2
956,20:10:34:895,2,Moderate_Damage,L2_S3,-1798,1134,14868,-192,28,-119,0,1.2
957,20:10:34:905,2,Moderate_Damage,L2_S3,-1824,1150,14834,-195,28,-112,0,-32.8
958,20:10:34:915,2,Moderate_Damage,L2_S3,-1838,1130,14884,-193,28,-118,0,17.2
959,20:10:34:925,2,Moderate_Damage,L2_S3,-1826,1140,14838,-190,29,-114,0,-28.8
960,20:10:34:935,2,Moderate_Damage,L2_S3,-1820,1104,14890,-195,26,-117,0,23.2
961,20:10:34:945,2,Moderate_Damage,L2_S3,-1818,1136,14840,-192,26,-120,0,-26.8
962,20:10:34:955,2,Moderate_Damage,L2_S3,-1836,1152,14874,-191,24,-112,0,7.2
963,20:10:34:965,2,Moderate_Damage,L2_S3,-1798,1114,14922,-192,29,-108,0,55.2
964,20:10:34:975,2,Moderate_Damage,L2_S3,-1826,1092,14870,-189,33,-114,0,3.2
965,20:10:34:985,2,Moderate_Damage,L2_S3,-1800,1134,14892,-190,30,-112,0,25.2
966,20:10:34:995,2,Moderate_Damage,L2_S3,-1810,1090,14872,-191,32,-118,0,5.2
967,20:10:35:005,2,Moderate_Damage,L2_S3,-1814,1078,14864,-193,24,-108,0,-2.8
968,20:10:35:015,2,Moderate_Damage,L2_S3,-1842,1128,14842,-190,34,-116,0,-24.8
969,20:10:35:025,2,Moderate_Damage,L2_S3,-1830,1122,14866,-198,35,-113,0,-0.8
970,20:10:35:035,2,Moderate_Damage,L2_S3,-1868,1118,14922,-193,36,-120,0,55.2
971,20:10:35:045,2,Moderate_Damage,L2_S3,-1832,1172,14866,-193,28,-122,0,-0.8
972,20:10:35:055,2,Moderate_Damage,L2_S3,-1798,1092,14852,-192,23,-117,0,-14.8
973,20:10:35:065,2,Moderate_Damage,L2_S3,-1816,1134,14784,-192,24,-115,0,-82.8
974,20:10:35:075,2,Moderate_Damage,L2_S3,-1798,1138,14804,-196,30,-118,0,-62.8
975,20:10:35:085,2,Moderate_Damage,L2_S3,-1850,1060,14814,-195,24,-111,0,-52.8
976,20:10:35:095,2,Moderate_Damage,L2_S3,-1838,1136,14810,-192,33,-114,0,-56.8
977,20:10:35:105,2,Moderate_Damage,L2_S3,-1816,1082,14874,-191,29,-117,0,7.2
978,20:10:35:115,2,Moderate_Damage,L2_S3,-1838,1096,14874,-193,33,-117,0,7.2
979,20:10:35:125,2,Moderate_Damage,L2_S3,-1840,1072,14876,-191,31,-117,0,9.2
980,20:10:35:135,2,Moderate_Damage,L2_S3,-1832,1114,14836,-194,22,-120,0,-30.8
981,20:10:35:145,2,Moderate_Damage,L2_S3,-1830,1118,14852,-186,21,-110,0,-14.8
982,20:10:35:155,2,Moderate_Damage,L2_S3,-1798,1128,14862,-190,26,-113,0,-4.8
983,20:10:35:165,2,Moderate_Damage,L2_S3,-1810,1098,14810,-193,29,-119,0,-56.8
984,20:10:35:175,2,Moderate_Damage,L2_S3,-1844,1100,14840,-189,28,-113,0,-26.8
985,20:10:35:185,2,Moderate_Damage,L2_S3,-1822,1130,14862,-189,33,-108,0,-4.8
986,20:10:35:195,2,Moderate_Damage,L2_S3,-1854,1142,14884,-188,34,-111,0,17.2
987,20:10:35:205,2,Moderate_Damage,L2_S3,-1790,1138,14880,-181,31,-114,0,13.2
988,20:10:35:215,2,Moderate_Damage,L2_S3,-1824,1098,14870,-187,29,-119,0,3.2
989,20:10:35:225,2,Moderate_Damage,L2_S3,-1822,1120,14820,-193,32,-117,0,-46.8
990,20:10:35:235,2,Moderate_Damage,L2_S3,-1842,1106,14850,-194,27,-114,0,-16.8
991,20:10:35:245,2,Moderate_Damage,L2_S3,-1816,1134,14864,-187,27,-111,0,-2.8
992,20:10:35:255,2,Moderate_Damage,L2_S3,-1802,1082,14866,-193,27,-108,0,-0.8
993,20:10:35:265,2,Moderate_Damage,L2_S3,-1848,1108,14810,-192,36,-106,0,-56.8
994,20:10:35:275,2,Moderate_Damage,L2_S3,-1808,1102,14856,-190,28,-116,0,-10.8
995,20:10:35:285,2,Moderate_Damage,L2_S3,-1790,1114,14858,-188,29,-115,0,-8.8
996,20:10:35:295,2,Moderate_Damage,L2_S3,-1834,1104,14872,-190,26,-115,0,5.2
997,20:10:35:305,2,Moderate_Damage,L2_S3,-1820,1096,14836,-186,32,-108,0,-30.8
998,20:10:35:315,2,Moderate_Damage,L2_S3,-1824,1154,14808,-192,26,-107,0,-58.8
999,20:10:35:325,2,Moderate_Damage,L2_S3,-1782,1098,14876,-188,34,-115,0,9.2
1000,20:10:35:335,2,Moderate_Damage,L2_S3,-1828,1118,14866,-190,28,-122,0,-0.8
1001,20:10:35:345,2,Moderate_Damage,L2_S3,-1854,1098,14812,-192,26,-121,0,-54.8
1002,20:10:35:355,2,Moderate_Damage,L2_S3,-1846,1130,14878,-192,31,-117,0,11.2
1003,20:10:35:365,2,Moderate_Damage,L2_S3,-1836,1132,14954,-193,30,-116,0,87.2
1004,20:10:35:375,2,Moderate_Damage,L2_S3,-1786,1122,14938,-190,36,-114,0,71.2
1005,20:10:35:385,2,Moderate_Damage,L2_S3,-1792,1136,14896,-192,28,-111,0,29.2
1006,20:10:35:395,2,Moderate_Damage,L2_S3,-1862,1104,14940,-192,24,-110,0,73.2
1007,20:10:35:405,2,Moderate_Damage,L2_S3,-1802,1100,14908,-191,30,-114,0,41.2
1008,20:10:35:415,2,Moderate_Damage,L2_S3,-1808,1106,14846,-186,21,-116,0,-20.8
1009,20:10:35:425,2,Moderate_Damage,L2_S3,-1824,1150,14876,-191,30,-115,0,9.2
1010,20:10:35:435,2,Moderate_Damage,L2_S3,-1808,1168,14884,-192,25,-117,0,17.2
1011,20:10:35:445,2,Moderate_Damage,L2_S3,-1844,1116,14878,-191,31,-121,0,11.2
1012,20:10:35:455,2,Moderate_Damage,L2_S3,-1796,1118,14860,-186,23,-118,0,-6.8
1013,20:10:35:465,2,Moderate_Damage,L2_S3,-1818,1114,14922,-193,33,-121,0,55.2
1014,20:10:35:475,2,Moderate_Damage,L2_S3,-1818,1128,14848,-190,23,-121,0,-18.8
1015,20:10:35:485,2,Moderate_Damage,L2_S3,-1826,1128,14834,-193,27,-115,0,-32.8
1016,20:10:35:495,2,Moderate_Damage,L2_S3,-1850,1102,14874,-193,32,-116,0,7.2
1017,20:10:35:506,2,Moderate_Damage,L2_S3,-1824,1138,14914,-196,30,-116,0,47.2
1018,20:10:35:515,2,Moderate_Damage,L2_S3,-1820,1152,14858,-193,34,-111,0,-8.8
1019,20:10:35:525,2,Moderate_Damage,L2_S3,-1854,1124,14902,-191,29,-111,0,35.2
1020,20:10:35:535,2,Moderate_Damage,L2_S3,-1828,1100,14900,-188,35,-117,0,33.2
1021,20:10:35:545,2,Moderate_Damage,L2_S3,-1840,1138,14950,-196,28,-109,0,83.2
1022,20:10:35:555,2,Moderate_Damage,L2_S3,-1844,1120,14846,-194,34,-117,0,-20.8
1023,20:10:35:565,2,Moderate_Damage,L2_S3,-1822,1122,14858,-193,31,-111,0,-8.8
1024,20:10:35:575,2,Moderate_Damage,L2_S3,-1796,1094,14842,-191,29,-111,0,-24.8
1025,20:10:35:585,2,Moderate_Damage,L2_S3,-1776,1106,14902,-191,32,-114,0,35.2
1026,20:10:35:595,2,Moderate_Damage,L2_S3,-1806,1084,14846,-191,33,-107,0,-20.8
1027,20:10:35:605,2,Moderate_Damage,L2_S3,-1834,1134,14914,-192,30,-108,0,47.2
1028,20:10:35:615,2,Moderate_Damage,L2_S3,-1822,1136,14826,-192,30,-121,0,-40.8
1029,20:10:35:625,2,Moderate_Damage,L2_S3,-1818,1106,14866,-187,27,-122,0,-0.8
1030,20:10:35:635,2,Moderate_Damage,L2_S3,-1812,1150,14866,-186,32,-126,0,-0.8
1031,20:10:35:645,2,Moderate_Damage,L2_S3,-1826,1114,14798,-191,31,-116,0,-68.8
1032,20:10:35:655,2,Moderate_Damage,L2_S3,-1830,1104,14938,-191,32,-111,0,71.2
1033,20:10:35:665,2,Moderate_Damage,L2_S3,-1780,1098,14810,-187,30,-112,0,-56.8
1034,20:10:35:675,2,Moderate_Damage,L2_S3,-1802,1112,14856,-195,31,-116,0,-10.8
1035,20:10:35:685,2,Moderate_Damage,L2_S3,-1834,1106,14884,-191,34,-117,0,17.2
1036,20:10:35:695,2,Moderate_Damage,L2_S3,-1814,1106,14838,-197,26,-111,0,-28.8
1037,20:10:35:706,2,Moderate_Damage,L2_S3,-1808,1098,14856,-196,25,-110,0,-10.8
1038,20:10:35:715,2,Moderate_Damage,L2_S3,-1786,1116,14818,-191,24,-115,0,-48.8
1039,20:10:35:725,2,Moderate_Damage,L2_S3,-1808,1112,14870,-189,30,-118,0,3.2
1040,20:10:35:735,2,Moderate_Damage,L2_S3,-1848,1140,14896,-187,28,-119,0,29.2
1041,20:10:35:745,2,Moderate_Damage,L2_S3,-1866,1106,14846,-191,31,-121,0,-20.8
1042,20:10:35:755,2,Moderate_Damage,L2_S3,-1842,1154,14870,-197,32,-114,0,3.2
1043,20:10:35:765,2,Moderate_Damage,L2_S3,-1782,1106,14898,-193,33,-116,0,31.2
1044,20:10:35:776,2,Moderate_Damage,L2_S3,-1818,1084,14886,-198,29,-111,0,19.2
1045,20:10:35:785,2,Moderate_Damage,L2_S3,-1790,1142,14886,-190,32,-115,0,19.2
1046,20:10:35:795,2,Moderate_Damage,L2_S3,-1810,1126,14874,-195,29,-117,0,7.2
1047,20:10:35:805,2,Moderate_Damage,L2_S3,-1804,1132,14936,-191,25,-118,0,69.2
1048,20:10:35:815,2,Moderate_Damage,L2_S3,-1748,1114,14852,-192,29,-117,0,-14.8
1049,20:10:35:825,2,Moderate_Damage,L2_S3,-1816,1126,14866,-189,37,-115,0,-0.8
1050,20:10:35:835,2,Moderate_Damage,L2_S3,-1842,1128,14896,-188,25,-117,0,29.2
1051,20:10:35:845,2,Moderate_Damage,L2_S3,-1818,1088,14836,-186,31,-107,0,-30.8
1052,20:10:35:855,2,Moderate_Damage,L2_S3,-1870,1126,14790,-189,30,-112,0,-76.8
1053,20:10:35:865,2,Moderate_Damage,L2_S3,-1796,1126,14856,-193,29,-112,0,-10.8
1054,20:10:35:875,2,Moderate_Damage,L2_S3,-1864,1116,14804,-198,28,-119,0,-62.8
1055,20:10:35:885,2,Moderate_Damage,L2_S3,-1802,1090,14826,-193,31,-122,0,-40.8
1056,20:10:35:895,2,Moderate_Damage,L2_S3,-1800,1074,14880,-193,26,-109,0,13.2
1057,20:10:35:905,2,Moderate_Damage,L2_S3,-1806,1130,14790,-193,28,-112,0,-76.8
1058,20:10:35:915,2,Moderate_Damage,L2_S3,-1800,1116,14834,-188,31,-108,0,-32.8
1059,20:10:35:925,2,Moderate_Damage,L2_S3,-1808,1146,14842,-191,30,-122,0,-24.8
1060,20:10:35:935,2,Moderate_Damage,L2_S3,-1804,1130,14824,-187,31,-122,0,-42.8
1061,20:10:35:945,2,Moderate_Damage,L2_S3,-1832,1146,14854,-193,29,-111,0,-12.8
1062,20:10:35:956,2,Moderate_Damage,L2_S3,-1830,1092,14788,-192,28,-108,0,-78.8
1063,20:10:35:965,2,Moderate_Damage,L2_S3,-1826,1114,14850,-198,35,-112,0,-16.8
1064,20:10:35:975,2,Moderate_Damage,L2_S3,-1852,1154,14850,-190,36,-111,0,-16.8
1065,20:10:35:985,2,Moderate_Damage,L2_S3,-1840,1132,14828,-190,30,-114,0,-38.8
1066,20:10:35:995,2,Moderate_Damage,L2_S3,-1800,1128,14856,-190,29,-118,0,-10.8
1067,20:10:36:005,2,Moderate_Damage,L2_S3,-1808,1136,14800,-192,37,-115,0,-66.8
1068,20:10:36:015,2,Moderate_Damage,L2_S3,-1844,1120,14856,-195,33,-118,0,-10.8
1069,20:10:36:025,2,Moderate_Damage,L2_S3,-1842,1122,14844,-197,29,-117,0,-22.8
1070,20:10:36:035,2,Moderate_Damage,L2_S3,-1838,1130,14890,-192,29,-111,0,23.2
1071,20:10:36:045,2,Moderate_Damage,L2_S3,-1824,1084,14910,-194,33,-120,0,43.2
1072,20:10:36:055,2,Moderate_Damage,L2_S3,-1848,1160,14876,-187,31,-113,0,9.2
1073,20:10:36:065,2,Moderate_Damage,L2_S3,-1810,1114,14932,-189,34,-111,0,65.2
1074,20:10:36:075,2,Moderate_Damage,L2_S3,-1816,1102,14812,-187,35,-122,0,-54.8
1075,20:10:36:085,2,Moderate_Damage,L2_S3,-1786,1082,14834,-195,30,-118,0,-32.8
1076,20:10:36:095,2,Moderate_Damage,L2_S3,-1804,1134,14862,-188,26,-112,0,-4.8
1077,20:10:36:105,2,Moderate_Damage,L2_S3,-1794,1116,14856,-188,26,-120,0,-10.8
1078,20:10:36:115,2,Moderate_Damage,L2_S3,-1842,1146,14772,-193,32,-123,0,-94.8
1079,20:10:36:125,2,Moderate_Damage,L2_S3,-1818,1130,14878,-187,31,-119,0,11.2
1080,20:10:36:135,2,Moderate_Damage,L2_S3,-1818,1092,14798,-196,28,-117,0,-68.8
1081,20:10:36:145,2,Moderate_Damage,L2_S3,-1780,1142,14898,-193,29,-118,0,31.2
1082,20:10:36:155,2,Moderate_Damage,L2_S3,-1868,1130,14880,-186,32,-109,0,13.2
1083,20:10:36:165,2,Moderate_Damage,L2_S3,-1852,1084,14842,-192,33,-111,0,-24.8
1084,20:10:36:175,2,Moderate_Damage,L2_S3,-1870,1096,14850,-189,27,-112,0,-16.8
1085,20:10:36:185,2,Moderate_Damage,L2_S3,-1804,1094,14890,-195,31,-114,0,23.2
1086,20:10:36:195,2,Moderate_Damage,L2_S3,-1810,1114,14844,-190,27,-109,0,-22.8
1087,20:10:36:205,2,Moderate_Damage,L2_S3,-1808,1090,14756,-190,27,-107,0,-110.8
1088,20:10:36:215,2,Moderate_Damage,L2_S3,-1760,1090,14780,-185,35,-117,0,-86.8
1089,20:10:36:225,2,Moderate_Damage,L2_S3,-1832,1108,14782,-195,26,-117,0,-84.8
1090,20:10:36:235,2,Moderate_Damage,L2_S3,-1818,1118,14858,-189,28,-114,0,-8.8
1091,20:10:36:245,2,Moderate_Damage,L2_S3,-1804,1162,14824,-189,34,-110,0,-42.8
1092,20:10:36:255,2,Moderate_Damage,L2_S3,-1804,1152,14858,-192,28,-110,0,-8.8
1093,20:10:36:265,2,Moderate_Damage,L2_S3,-1808,1146,14806,-190,25,-115,0,-60.8
1094,20:10:36:275,2,Moderate_Damage,L2_S3,-1814,1150,14862,-193,28,-119,0,-4.8
1095,20:10:36:285,2,Moderate_Damage,L2_S3,-1830,1142,14828,-194,27,-115,0,-38.8
1096,20:10:36:295,2,Moderate_Damage,L2_S3,-1828,1118,14876,-193,35,-113,0,9.2
1097,20:10:36:305,2,Moderate_Damage,L2_S3,-1824,1066,14842,-197,29,-107,0,-24.8
1098,20:10:36:315,2,Moderate_Damage,L2_S3,-1842,1128,14832,-193,29,-119,0,-34.8
1099,20:10:36:325,2,Moderate_Damage,L2_S3,-1824,1092,14882,-191,34,-112,0,15.2
1100,20:10:36:335,2,Moderate_Damage,L2_S3,-1870,1130,14900,-191,28,-110,0,33.2
1101,20:10:36:345,2,Moderate_Damage,L2_S3,-1804,1092,14820,-191,30,-111,0,-46.8
1102,20:10:36:355,2,Moderate_Damage,L2_S3,-1842,1138,14864,-192,32,-115,0,-2.8
1103,20:10:36:365,2,Moderate_Damage,L2_S3,-1840,1102,14902,-186,31,-110,0,35.2
1104,20:10:36:375,2,Moderate_Damage,L2_S3,-1804,1110,14896,-188,32,-113,0,29.2
1105,20:10:36:385,2,Moderate_Damage,L2_S3,-1840,1120,14834,-191,30,-114,0,-32.8
1106,20:10:36:395,2,Moderate_Damage,L2_S3,-1782,1114,14902,-193,35,-122,0,35.2
1107,20:10:36:405,2,Moderate_Damage,L2_S3,-1876,1142,14852,-196,27,-115,0,-14.8
1108,20:10:36:415,2,Moderate_Damage,L2_S3,-1816,1114,14824,-195,36,-112,0,-42.8
1109,20:10:36:425,2,Moderate_Damage,L2_S3,-1852,1084,14880,-194,37,-118,0,13.2
1110,20:10:36:435,2,Moderate_Damage,L2_S3,-1848,1102,14928,-195,22,-119,0,61.2
1111,20:10:36:445,2,Moderate_Damage,L2_S3,-1812,1126,14904,-194,26,-118,0,37.2
1112,20:10:36:455,2,Moderate_Damage,L2_S3,-1822,1102,14834,-197,29,-117,0,-32.8
1113,20:10:36:465,2,Moderate_Damage,L2_S3,-1788,1140,14864,-194,29,-115,0,-2.8
1114,20:10:36:475,2,Moderate_Damage,L2_S3,-1816,1162,14868,-189,33,-114,0,1.2
1115,20:10:36:485,2,Moderate_Damage,L2_S3,-1824,1084,14868,-192,24,-106,0,1.2
1116,20:10:36:495,2,Moderate_Damage,L2_S3,-1844,1124,14876,-197,30,-113,0,9.2
1117,20:10:36:505,2,Moderate_Damage,L2_S3,-1798,1126,14864,-191,30,-114,0,-2.8
1118,20:10:36:515,2,Moderate_Damage,L2_S3,-1830,1134,14902,-192,27,-116,0,35.2
1119,20:10:36:525,2,Moderate_Damage,L2_S3,-1794,1150,14844,-186,29,-117,0,-22.8
1120,20:10:36:535,2,Moderate_Damage,L2_S3,-1818,1158,14856,-194,21,-116,0,-10.8
1121,20:10:36:545,2,Moderate_Damage,L2_S3,-1778,1124,14830,-189,27,-115,0,-36.8
1122,20:10:36:555,2,Moderate_Damage,L2_S3,-1790,1096,14952,-191,23,-114,0,85.2
1123,20:10:36:565,2,Moderate_Damage,L2_S3,-1798,1134,14874,-194,29,-119,0,7.2
1124,20:10:36:575,2,Moderate_Damage,L2_S3,-1842,1106,14836,-192,33,-114,0,-30.8
1125,20:10:36:586,2,Moderate_Damage,L2_S3,-1796,1128,14886,-189,25,-120,0,19.2
1126,20:10:36:595,2,Moderate_Damage,L2_S3,-1834,1108,14892,-190,30,-111,0,25.2
1127,20:10:36:605,2,Moderate_Damage,L2_S3,-1812,1134,14900,-191,30,-117,0,33.2
1128,20:10:36:615,2,Moderate_Damage,L2_S3,-1790,1150,14816,-196,33,-115,0,-50.8
1129,20:10:36:625,2,Moderate_Damage,L2_S3,-1810,1116,14892,-191,33,-119,0,25.2
1130,20:10:36:635,2,Moderate_Damage,L2_S3,-1814,1078,14810,-192,21,-114,0,-56.8
1131,20:10:36:645,2,Moderate_Damage,L2_S3,-1848,1124,14902,-195,32,-117,0,35.2
1132,20:10:36:655,2,Moderate_Damage,L2_S3,-1824,1104,14822,-192,30,-111,0,-44.8
1133,20:10:36:665,2,Moderate_Damage,L2_S3,-1820,1152,14804,-193,32,-114,0,-62.8
1134,20:10:36:675,2,Moderate_Damage,L2_S3,-1876,1112,14804,-188,32,-110,0,-62.8
1135,20:10:36:685,2,Moderate_Damage,L2_S3,-1810,1150,14908,-192,26,-114,0,41.2
1136,20:10:36:696,2,Moderate_Damage,L2_S3,-1870,1126,14810,-195,28,-120,0,-56.8
1137,20:10:36:705,2,Moderate_Damage,L2_S3,-1780,1074,14880,-195,24,-122,0,13.2
1138,20:10:36:716,2,Moderate_Damage,L2_S3,-1792,1092,14896,-189,30,-116,0,29.2
1139,20:10:36:726,2,Moderate_Damage,L2_S3,-1868,1110,14880,-190,25,-119,0,13.2
1140,20:10:36:736,2,Moderate_Damage,L2_S3,-1856,1120,14916,-191,29,-115,0,49.2
1141,20:10:36:746,2,Moderate_Damage,L2_S3,-1802,1104,14902,-189,28,-112,0,35.2
1142,20:10:36:756,2,Moderate_Damage,L2_S3,-1816,1156,14838,-185,33,-115,0,-28.8
1143,20:10:36:765,2,Moderate_Damage,L2_S3,-1822,1126,14884,-189,34,-113,0,17.2
1144,20:10:36:775,2,Moderate_Damage,L2_S3,-1836,1124,14888,-194,29,-117,0,21.2
1145,20:10:36:785,2,Moderate_Damage,L2_S3,-1796,1124,14866,-197,28,-118,0,-0.8
1146,20:10:36:795,2,Moderate_Damage,L2_S3,-1810,1140,14870,-186,29,-113,0,3.2
1147,20:10:36:805,2,Moderate_Damage,L2_S3,-1816,1086,14876,-191,34,-111,0,9.2
1148,20:10:36:815,2,Moderate_Damage,L2_S3,-1764,1102,14834,-189,31,-113,0,-32.8
1149,20:10:36:825,2,Moderate_Damage,L2_S3,-1796,1094,14894,-195,23,-114,0,27.2
1150,20:10:36:835,2,Moderate_Damage,L2_S3,-1826,1108,14880,-195,27,-113,0,13.2
1151,20:10:36:846,2,Moderate_Damage,L2_S3,-1846,1146,14812,-188,27,-119,0,-54.8
1152,20:10:36:856,2,Moderate_Damage,L2_S3,-1812,1070,14890,-191,29,-122,0,23.2
1153,20:10:36:866,2,Moderate_Damage,L2_S3,-1808,1124,14898,-193,27,-117,0,31.2
1154,20:10:36:875,2,Moderate_Damage,L2_S3,-1828,1120,14892,-192,24,-115,0,25.2
1155,20:10:36:886,2,Moderate_Damage,L2_S3,-1820,1122,14874,-189,31,-119,0,7.2
1156,20:10:36:896,2,Moderate_Damage,L2_S3,-1864,1134,14882,-191,33,-116,0,15.2
1157,20:10:36:906,2,Moderate_Damage,L2_S3,-1866,1128,14888,-200,34,-110,0,21.2
1158,20:10:36:915,2,Moderate_Damage,L2_S3,-1832,1114,14850,-197,34,-114,0,-16.8
1159,20:10:36:925,2,Moderate_Damage,L2_S3,-1842,1098,14856,-191,33,-115,0,-10.8
1160,20:10:36:935,2,Moderate_Damage,L2_S3,-1854,1132,14830,-200,33,-117,0,-36.8
1161,20:10:36:945,2,Moderate_Damage,L2_S3,-1864,1140,14862,-190,32,-116,0,-4.8
1162,20:10:36:955,2,Moderate_Damage,L2_S3,-1784,1102,14836,-185,31,-120,0,-30.8
1163,20:10:36:965,2,Moderate_Damage,L2_S3,-1812,1116,14814,-191,29,-116,0,-52.8
1164,20:10:36:975,2,Moderate_Damage,L2_S3,-1788,1132,14858,-190,27,-117,0,-8.8
1165,20:10:36:985,2,Moderate_Damage,L2_S3,-1818,1130,14910,-189,28,-113,0,43.2
1166,20:10:36:995,2,Moderate_Damage,L2_S3,-1810,1114,14874,-197,22,-107,0,7.2
1167,20:10:37:006,2,Moderate_Damage,L2_S3,-1804,1112,14876,-195,33,-115,0,9.2
1168,20:10:37:016,2,Moderate_Damage,L2_S3,-1838,1096,14884,-193,35,-119,0,17.2
1169,20:10:37:026,2,Moderate_Damage,L2_S3,-1776,1134,14846,-191,30,-117,0,-20.8
1170,20:10:37:036,2,Moderate_Damage,L2_S3,-1790,1166,14752,-196,33,-117,0,-114.8
1171,20:10:37:046,2,Moderate_Damage,L2_S3,-1810,1160,14916,-200,26,-116,0,49.2
1172,20:10:37:055,2,Moderate_Damage,L2_S3,-1816,1102,14856,-194,26,-117,0,-10.8
1173,20:10:37:066,2,Moderate_Damage,L2_S3,-1818,1092,14898,-200,29,-117,0,31.2
1174,20:10:37:076,2,Moderate_Damage,L2_S3,-1784,1128,14830,-195,24,-116,0,-36.8
1175,20:10:37:086,2,Moderate_Damage,L2_S3,-1856,1134,14822,-203,31,-123,0,-44.8
1176,20:10:37:096,2,Moderate_Damage,L2_S3,-1800,1108,14860,-192,28,-115,0,-6.8
1177,20:10:37:106,2,Moderate_Damage,L2_S3,-1804,1094,14878,-195,31,-115,0,11.2
1178,20:10:37:116,2,Moderate_Damage,L2_S3,-1800,1086,14884,-196,26,-115,0,17.2
1179,20:10:37:126,2,Moderate_Damage,L2_S3,-1812,1100,14870,-196,25,-112,0,3.2
1180,20:10:37:136,2,Moderate_Damage,L2_S3,-1814,1154,14892,-191,28,-119,0,25.2
1181,20:10:37:146,2,Moderate_Damage,L2_S3,-1828,1164,14876,-191,32,-118,0,9.2
1182,20:10:37:156,2,Moderate_Damage,L2_S3,-1804,1138,14878,-193,34,-113,0,11.2
1183,20:10:37:166,2,Moderate_Damage,L2_S3,-1780,1120,14812,-186,32,-115,0,-54.8
1184,20:10:37:176,2,Moderate_Damage,L2_S3,-1828,1106,14866,-192,30,-115,0,-0.8
1185,20:10:37:186,2,Moderate_Damage,L2_S3,-1800,1130,14860,-191,24,-110,0,-6.8
1186,20:10:37:196,2,Moderate_Damage,L2_S3,-1802,1148,14794,-189,30,-114,0,-72.8
1187,20:10:37:206,2,Moderate_Damage,L2_S3,-1842,1150,14824,-193,28,-121,0,-42.8
1188,20:10:37:216,2,Moderate_Damage,L2_S3,-1820,1112,14892,-190,31,-110,0,25.2
1189,20:10:37:226,2,Moderate_Damage,L2_S3,-1824,1106,14846,-190,27,-113,0,-20.8
1190,20:10:37:236,2,Moderate_Damage,L2_S3,-1828,1120,14890,-191,35,-115,0,23.2
1191,20:10:37:246,2,Moderate_Damage,L2_S3,-1798,1116,14818,-196,26,-116,0,-48.8
1192,20:10:37:256,2,Moderate_Damage,L2_S3,-1820,1126,14894,-190,27,-113,0,27.2
1193,20:10:37:266,2,Moderate_Damage,L2_S3,-1814,1122,14874,-201,33,-116,0,7.2
1194,20:10:37:276,2,Moderate_Damage,L2_S3,-1798,1084,14808,-199,36,-116,0,-58.8
1195,20:10:37:286,2,Moderate_Damage,L2_S3,-1838,1142,14842,-193,25,-103,0,-24.8
1196,20:10:37:296,2,Moderate_Damage,L2_S3,-1838,1132,14838,-190,29,-114,0,-28.8
1197,20:10:37:306,2,Moderate_Damage,L2_S3,-1864,1114,14816,-198,23,-110,0,-50.8
1198,20:10:37:316,2,Moderate_Damage,L2_S3,-1812,1108,14882,-199,33,-116,0,15.2
1199,20:10:37:326,2,Moderate_Damage,L2_S3,-1750,1126,14820,-192,31,-115,0,-46.8
1200,20:10:37:336,2,Moderate_Damage,L2_S3,-1806,1176,14870,-192,32,-113,0,3.2
1201,20:10:37:346,2,Moderate_Damage,L2_S3,-1826,1084,14912,-191,26,-113,0,45.2
1202,20:10:37:356,2,Moderate_Damage,L2_S3,-1842,1094,14916,-193,32,-116,0,49.2
1203,20:10:37:366,2,Moderate_Damage,L2_S3,-1806,1144,14842,-190,30,-112,0,-24.8
1204,20:10:37:376,2,Moderate_Damage,L2_S3,-1816,1070,14842,-189,33,-111,0,-24.8
1205,20:10:37:386,2,Moderate_Damage,L2_S3,-1792,1134,14870,-190,25,-115,0,3.2
1206,20:10:37:396,2,Moderate_Damage,L2_S3,-1794,1076,14850,-192,30,-121,0,-16.8
1207,20:10:37:406,2,Moderate_Damage,L2_S3,-1824,1090,14862,-189,27,-113,0,-4.8
1208,20:10:37:416,2,Moderate_Damage,L2_S3,-1824,1106,14888,-191,28,-105,0,21.2
1209,20:10:37:426,2,Moderate_Damage,L2_S3,-1816,1090,14806,-189,31,-117,0,-60.8
1210,20:10:37:436,2,Moderate_Damage,L2_S3,-1814,1102,14868,-194,25,-113,0,1.2
1211,20:10:37:446,2,Moderate_Damage,L2_S3,-1782,1128,14850,-192,26,-115,0,-16.8
1212,20:10:37:456,2,Moderate_Damage,L2_S3,-1784,1128,14882,-200,28,-116,0,15.2
1213,20:10:37:466,2,Moderate_Damage,L2_S3,-1858,1122,14926,-197,32,-113,0,59.2
1214,20:10:37:476,2,Moderate_Damage,L2_S3,-1802,1106,14952,-197,31,-122,0,85.2
1215,20:10:37:486,2,Moderate_Damage,L2_S3,-1844,1132,14834,-193,35,-114,0,-32.8
1216,20:10:37:496,2,Moderate_Damage,L2_S3,-1850,1102,14900,-194,34,-115,0,33.2
1217,20:10:37:506,2,Moderate_Damage,L2_S3,-1810,1126,14832,-192,33,-111,0,-34.8
1218,20:10:37:516,2,Moderate_Damage,L2_S3,-1856,1144,14880,-192,31,-111,0,13.2
1219,20:10:37:526,2,Moderate_Damage,L2_S3,-1782,1134,14880,-189,34,-118,0,13.2
1220,20:10:37:536,2,Moderate_Damage,L2_S3,-1782,1132,14814,-190,27,-113,0,-52.8
1221,20:10:37:546,2,Moderate_Damage,L2_S3,-1824,1102,14920,-184,34,-116,0,53.2
1222,20:10:37:556,2,Moderate_Damage,L2_S3,-1850,1106,14866,-194,27,-110,0,-0.8
1223,20:10:37:566,2,Moderate_Damage,L2_S3,-1834,1138,14880,-193,30,-114,0,13.2
1224,20:10:37:576,2,Moderate_Damage,L2_S3,-1826,1090,14828,-185,26,-115,0,-38.8
1225,20:10:37:586,2,Moderate_Damage,L2_S3,-1830,1118,14930,-189,34,-121,0,63.2
1226,20:10:37:596,2,Moderate_Damage,L2_S3,-1794,1104,14848,-185,35,-114,0,-18.8
1227,20:10:37:606,2,Moderate_Damage,L2_S3,-1840,1134,14878,-187,27,-111,0,11.2
1228,20:10:37:616,2,Moderate_Damage,L2_S3,-1844,1144,14886,-190,24,-114,0,19.2
1229,20:10:37:626,2,Moderate_Damage,L2_S3,-1868,1104,14922,-185,31,-114,0,55.2
1230,20:10:37:636,2,Moderate_Damage,L2_S3,-1836,1124,14910,-196,33,-110,0,43.2
1231,20:10:37:646,2,Moderate_Damage,L2_S3,-1826,1140,14898,-198,32,-112,0,31.2
1232,20:10:37:656,2,Moderate_Damage,L2_S3,-1808,1128,14836,-193,31,-116,0,-30.8
1233,20:10:37:666,2,Moderate_Damage,L2_S3,-1868,1166,14900,-201,29,-113,0,33.2
1234,20:10:37:676,2,Moderate_Damage,L2_S3,-1844,1126,14856,-198,28,-112,0,-10.8
1235,20:10:37:686,2,Moderate_Damage,L2_S3,-1766,1124,14830,-197,30,-118,0,-36.8
1236,20:10:37:696,2,Moderate_Damage,L2_S3,-1850,1150,14882,-191,41,-113,0,15.2
1237,20:10:37:706,2,Moderate_Damage,L2_S3,-1820,1108,14838,-197,36,-112,0,-28.8
1238,20:10:37:716,2,Moderate_Damage,L2_S3,-1816,1120,14908,-195,29,-116,0,41.2
1239,20:10:37:726,2,Moderate_Damage,L2_S3,-1848,1100,14904,-194,19,-117,0,37.2
1240,20:10:37:736,2,Moderate_Damage,L2_S3,-1818,1126,14862,-189,23,-117,0,-4.8
1241,20:10:37:746,2,Moderate_Damage,L2_S3,-1856,1126,14896,-192,30,-116,0,29.2
1242,20:10:37:756,2,Moderate_Damage,L2_S3,-1850,1142,14808,-183,38,-112,0,-58.8
1243,20:10:37:766,2,Moderate_Damage,L2_S3,-1816,1122,14876,-183,32,-114,0,9.2
1244,20:10:37:776,2,Moderate_Damage,L2_S3,-1818,1116,14832,-186,33,-111,0,-34.8
1245,20:10:37:786,2,Moderate_Damage,L2_S3,-1800,1082,14822,-188,18,-107,0,-44.8
1246,20:10:37:796,2,Moderate_Damage,L2_S3,-1796,1118,14922,-189,33,-113,0,55.2
1247,20:10:37:806,2,Moderate_Damage,L2_S3,-1854,1108,14888,-190,29,-112,0,21.2
1248,20:10:37:816,2,Moderate_Damage,L2_S3,-1846,1136,14834,-189,29,-117,0,-32.8
1249,20:10:37:826,2,Moderate_Damage,L2_S3,-1866,1106,14884,-195,29,-119,0,17.2
1250,20:10:37:836,2,Moderate_Damage,L2_S3,-1828,1124,14870,-190,36,-115,0,3.2
1251,20:10:37:846,2,Moderate_Damage,L2_S3,-1830,1098,14838,-193,31,-113,0,-28.8
1252,20:10:37:856,2,Moderate_Damage,L2_S3,-1844,1118,14904,-193,36,-114,0,37.2
1253,20:10:37:866,2,Moderate_Damage,L2_S3,-1856,1082,14834,-193,29,-113,0,-32.8
1254,20:10:37:876,2,Moderate_Damage,L2_S3,-1792,1084,14824,-191,27,-114,0,-42.8
1255,20:10:37:886,2,Moderate_Damage,L2_S3,-1842,1098,14800,-194,31,-117,0,-66.8
1256,20:10:37:896,2,Moderate_Damage,L2_S3,-1868,1090,14860,-195,28,-112,0,-6.8
1257,20:10:37:906,2,Moderate_Damage,L2_S3,-1796,1108,14836,-187,36,-118,0,-30.8
1258,20:10:37:916,2,Moderate_Damage,L2_S3,-1820,1146,14846,-193,28,-111,0,-20.8
1259,20:10:37:926,2,Moderate_Damage,L2_S3,-1854,1120,14808,-188,24,-113,0,-58.8
1260,20:10:37:936,2,Moderate_Damage,L2_S3,-1820,1120,14866,-187,26,-118,0,-0.8
1261,20:10:37:946,2,Moderate_Damage,L2_S3,-1806,1102,14876,-190,33,-120,0,9.2
1262,20:10:37:956,2,Moderate_Damage,L2_S3,-1798,1194,14880,-191,30,-120,0,13.2
1263,20:10:37:966,2,Moderate_Damage,L2_S3,-1808,1138,14900,-182,25,-124,0,33.2
1264,20:10:37:976,2,Moderate_Damage,L2_S3,-1856,1162,14782,-186,25,-116,0,-84.8
1265,20:10:37:986,2,Moderate_Damage,L2_S3,-1782,1148,14858,-190,22,-113,0,-8.8
1266,20:10:37:996,2,Moderate_Damage,L2_S3,-1766,1130,14882,-194,28,-118,0,15.2
1267,20:10:38:006,2,Moderate_Damage,L2_S3,-1848,1088,14836,-192,29,-111,0,-30.8
1268,20:10:38:016,2,Moderate_Damage,L2_S3,-1804,1132,14820,-195,32,-116,0,-46.8
1269,20:10:38:026,2,Moderate_Damage,L2_S3,-1818,1104,14848,-190,30,-115,0,-18.8
1270,20:10:38:036,2,Moderate_Damage,L2_S3,-1838,1106,14860,-192,30,-113,0,-6.8
1271,20:10:38:046,2,Moderate_Damage,L2_S3,-1820,1110,14792,-192,37,-112,0,-74.8
1272,20:10:38:056,2,Moderate_Damage,L2_S3,-1842,1132,14894,-193,32,-113,0,27.2
1273,20:10:38:066,2,Moderate_Damage,L2_S3,-1804,1110,14846,-194,30,-116,0,-20.8
1274,20:10:38:076,2,Moderate_Damage,L2_S3,-1798,1112,14888,-196,31,-106,0,21.2
1275,20:10:38:086,2,Moderate_Damage,L2_S3,-1830,1114,14864,-190,34,-111,0,-2.8
1276,20:10:38:096,2,Moderate_Damage,L2_S3,-1786,1122,14862,-185,34,-107,0,-4.8
1277,20:10:38:106,2,Moderate_Damage,L2_S3,-1858,1142,14904,-189,29,-111,0,37.2
1278,20:10:38:116,2,Moderate_Damage,L2_S3,-1838,1126,14852,-191,32,-117,0,-14.8
1279,20:10:38:126,2,Moderate_Damage,L2_S3,-1820,1064,14822,-195,27,-116,0,-44.8
1280,20:10:38:136,2,Moderate_Damage,L2_S3,-1840,1070,14892,-194,18,-110,0,25.2
1281,20:10:38:146,2,Moderate_Damage,L2_S3,-1774,1104,14934,-188,36,-113,0,67.2
1282,20:10:38:156,2,Moderate_Damage,L2_S3,-1824,1104,14814,-195,29,-111,0,-52.8
1283,20:10:38:166,2,Moderate_Damage,L2_S3,-1808,1120,14830,-201,28,-110,0,-36.8
1284,20:10:38:176,2,Moderate_Damage,L2_S3,-1840,1096,14854,-194,25,-116,0,-12.8
1285,20:10:38:186,2,Moderate_Damage,L2_S3,-1846,1106,14860,-191,30,-117,0,-6.8
1286,20:10:38:196,2,Moderate_Damage,L2_S3,-1800,1126,14890,-184,36,-117,0,23.2
1287,20:10:38:206,2,Moderate_Damage,L2_S3,-1836,1068,14914,-191,31,-113,0,47.2
1288,20:10:38:216,2,Moderate_Damage,L2_S3,-1824,1094,14962,-187,31,-116,0,95.2
1289,20:10:38:226,2,Moderate_Damage,L2_S3,-1834,1156,14874,-196,28,-120,0,7.2
1290,20:10:38:236,2,Moderate_Damage,L2_S3,-1808,1126,14888,-192,30,-110,0,21.2
1291,20:10:38:246,2,Moderate_Damage,L2_S3,-1804,1136,14948,-186,32,-114,0,81.2
1292,20:10:38:256,2,Moderate_Damage,L2_S3,-1816,1116,14880,-188,25,-119,0,13.2
1293,20:10:38:266,2,Moderate_Damage,L2_S3,-1842,1112,14892,-193,28,-117,0,25.2
1294,20:10:38:276,2,Moderate_Damage,L2_S3,-1856,1136,14852,-195,34,-119,0,-14.8
1295,20:10:38:286,2,Moderate_Damage,L2_S3,-1824,1098,14912,-201,30,-114,0,45.2
1296,20:10:38:296,2,Moderate_Damage,L2_S3,-1806,1172,14882,-194,33,-116,0,15.2
1297,20:10:38:306,2,Moderate_Damage,L2_S3,-1846,1124,14874,-194,26,-113,0,7.2
1298,20:10:38:317,2,Moderate_Damage,L2_S3,-1838,1154,14900,-190,38,-113,0,33.2
1299,20:10:38:326,2,Moderate_Damage,L2_S3,-1804,1150,14806,-190,33,-112,0,-60.8
1300,20:10:38:336,2,Moderate_Damage,L2_S3,-1806,1102,14922,-193,29,-105,0,55.2
1301,20:10:38:346,2,Moderate_Damage,L2_S3,-1824,1140,14904,-189,27,-114,0,37.2
1302,20:10:38:357,2,Moderate_Damage,L2_S3,-1806,1112,14888,-190,27,-115,0,21.2
1303,20:10:38:366,2,Moderate_Damage,L2_S3,-1870,1156,14826,-188,35,-123,0,-40.8
1304,20:10:38:376,2,Moderate_Damage,L2_S3,-1848,1082,14918,-196,33,-121,0,51.2
1305,20:10:38:386,2,Moderate_Damage,L2_S3,-1846,1124,14882,-197,32,-109,0,15.2
1306,20:10:38:396,2,Moderate_Damage,L2_S3,-1898,1136,14798,-192,35,-116,0,-68.8
1307,20:10:38:406,2,Moderate_Damage,L2_S3,-1792,1108,14938,-193,24,-111,0,71.2
1308,20:10:38:416,2,Moderate_Damage,L2_S3,-1808,1136,14922,-191,21,-110,0,55.2
1309,20:10:38:426,2,Moderate_Damage,L2_S3,-1812,1134,14864,-188,23,-110,0,-2.8
1310,20:10:38:436,2,Moderate_Damage,L2_S3,-1820,1150,14808,-190,34,-114,0,-58.8
1311,20:10:38:446,2,Moderate_Damage,L2_S3,-1862,1140,14820,-190,28,-115,0,-46.8
1312,20:10:38:456,2,Moderate_Damage,L2_S3,-1800,1130,14890,-194,38,-115,0,23.2
1313,20:10:38:466,2,Moderate_Damage,L2_S3,-1816,1090,14882,-190,31,-117,0,15.2
1314,20:10:38:476,2,Moderate_Damage,L2_S3,-1854,1120,14914,-193,27,-116,0,47.2
1315,20:10:38:486,2,Moderate_Damage,L2_S3,-1846,1078,14856,-194,31,-123,0,-10.8
1316,20:10:38:496,2,Moderate_Damage,L2_S3,-1836,1138,14836,-193,27,-118,0,-30.8
1317,20:10:38:506,2,Moderate_Damage,L2_S3,-1824,1128,14832,-186,37,-112,0,-34.8
1318,20:10:38:516,2,Moderate_Damage,L2_S3,-1820,1148,14952,-190,27,-111,0,85.2
1319,20:10:38:526,2,Moderate_Damage,L2_S3,-1804,1130,14798,-187,32,-117,0,-68.8
1320,20:10:38:536,2,Moderate_Damage,L2_S3,-1814,1100,14850,-193,25,-114,0,-16.8
1321,20:10:38:546,2,Moderate_Damage,L2_S3,-1816,1112,14848,-191,31,-115,0,-18.8
1322,20:10:38:556,2,Moderate_Damage,L2_S3,-1766,1116,14826,-194,32,-116,0,-40.8
1323,20:10:38:566,2,Moderate_Damage,L2_S3,-1820,1120,14818,-190,33,-116,0,-48.8
1324,20:10:38:576,2,Moderate_Damage,L2_S3,-1846,1120,14860,-199,33,-117,0,-6.8
1325,20:10:38:586,2,Moderate_Damage,L2_S3,-1800,1140,14858,-192,30,-111,0,-8.8
1326,20:10:38:596,2,Moderate_Damage,L2_S3,-1854,1120,14796,-191,20,-113,0,-70.8
1327,20:10:38:606,2,Moderate_Damage,L2_S3,-1828,1070,14868,-190,34,-114,0,1.2
1328,20:10:38:616,2,Moderate_Damage,L2_S3,-1842,1158,14910,-191,28,-111,0,43.2
1329,20:10:38:626,2,Moderate_Damage,L2_S3,-1842,1124,14920,-193,36,-119,0,53.2
1330,20:10:38:636,2,Moderate_Damage,L2_S3,-1816,1144,14846,-191,30,-112,0,-20.8
1331,20:10:38:646,2,Moderate_Damage,L2_S3,-1812,1098,14868,-200,28,-115,0,1.2
1332,20:10:38:656,2,Moderate_Damage,L2_S3,-1800,1122,14874,-193,29,-123,0,7.2
1333,20:10:38:666,2,Moderate_Damage,L2_S3,-1784,1108,14826,-192,27,-117,0,-40.8
1334,20:10:38:676,2,Moderate_Damage,L2_S3,-1854,1162,14840,-185,28,-111,0,-26.8
1335,20:10:38:686,2,Moderate_Damage,L2_S3,-1802,1122,14834,-192,30,-114,0,-32.8
1336,20:10:38:696,2,Moderate_Damage,L2_S3,-1862,1096,14858,-189,28,-114,0,-8.8
1337,20:10:38:706,2,Moderate_Damage,L2_S3,-1810,1128,14872,-193,20,-116,0,5.2
1338,20:10:38:716,2,Moderate_Damage,L2_S3,-1828,1116,14864,-195,28,-114,0,-2.8
1339,20:10:38:726,2,Moderate_Damage,L2_S3,-1782,1142,14910,-192,28,-118,0,43.2
1340,20:10:38:736,2,Moderate_Damage,L2_S3,-1812,1178,14862,-183,26,-118,0,-4.8
1341,20:10:38:746,2,Moderate_Damage,L2_S3,-1838,1142,14832,-193,24,-118,0,-34.8
1342,20:10:38:756,2,Moderate_Damage,L2_S3,-1814,1106,14796,-191,29,-121,0,-70.8
1343,20:10:38:766,2,Moderate_Damage,L2_S3,-1814,1160,14886,-193,29,-113,0,19.2
1344,20:10:38:776,2,Moderate_Damage,L2_S3,-1798,1098,14878,-196,33,-115,0,11.2
1345,20:10:38:786,2,Moderate_Damage,L2_S3,-1804,1134,14834,-198,26,-112,0,-32.8
1346,20:10:38:796,2,Moderate_Damage,L2_S3,-1850,1114,14868,-194,31,-118,0,1.2
1347,20:10:38:806,2,Moderate_Damage,L2_S3,-1846,1138,14900,-192,27,-116,0,33.2
1348,20:10:38:816,2,Moderate_Damage,L2_S3,-1852,1098,14856,-191,26,-117,0,-10.8
1349,20:10:38:826,2,Moderate_Damage,L2_S3,-1898,1118,14832,-194,28,-114,0,-34.8
1350,20:10:38:836,2,Moderate_Damage,L2_S3,-1842,1112,14888,-186,35,-118,0,21.2
1351,20:10:38:846,2,Moderate_Damage,L2_S3,-1828,1150,14840,-191,26,-110,0,-26.8
1352,20:10:38:856,2,Moderate_Damage,L2_S3,-1812,1122,14874,-195,35,-116,0,7.2
1353,20:10:38:866,2,Moderate_Damage,L2_S3,-1764,1136,14830,-193,24,-110,0,-36.8
1354,20:10:38:876,2,Moderate_Damage,L2_S3,-1824,1104,14858,-195,24,-115,0,-8.8
1355,20:10:38:886,2,Moderate_Damage,L2_S3,-1788,1140,14848,-194,28,-114,0,-18.8
1356,20:10:38:896,2,Moderate_Damage,L2_S3,-1804,1144,14874,-197,29,-117,0,7.2
1357,20:10:38:906,2,Moderate_Damage,L2_S3,-1834,1140,14852,-193,30,-117,0,-14.8
1358,20:10:38:916,2,Moderate_Damage,L2_S3,-1828,1100,14784,-192,33,-119,0,-82.8
1359,20:10:38:926,2,Moderate_Damage,L2_S3,-1832,1140,14848,-189,26,-116,0,-18.8
1360,20:10:38:936,2,Moderate_Damage,L2_S3,-1836,1140,14890,-193,28,-109,0,23.2
1361,20:10:38:946,2,Moderate_Damage,L2_S3,-1822,1132,14838,-195,28,-108,0,-28.8
1362,20:10:38:956,2,Moderate_Damage,L2_S3,-1818,1104,14856,-188,27,-115,0,-10.8
1363,20:10:38:966,2,Moderate_Damage,L2_S3,-1822,1098,14854,-184,34,-110,0,-12.8
1364,20:10:38:976,2,Moderate_Damage,L2_S3,-1818,1114,14840,-191,30,-112,0,-26.8
1365,20:10:38:986,2,Moderate_Damage,L2_S3,-1872,1128,14872,-187,34,-115,0,5.2
1366,20:10:38:996,2,Moderate_Damage,L2_S3,-1802,1104,14906,-190,32,-112,0,39.2
1367,20:10:39:006,2,Moderate_Damage,L2_S3,-1818,1086,14944,-192,34,-112,0,77.2
1368,20:10:39:016,2,Moderate_Damage,L2_S3,-1832,1126,14900,-195,31,-115,0,33.2
1369,20:10:39:026,2,Moderate_Damage,L2_S3,-1832,1084,14858,-193,35,-115,0,-8.8
1370,20:10:39:036,2,Moderate_Damage,L2_S3,-1828,1096,14890,-189,31,-113,0,23.2
1371,20:10:39:046,2,Moderate_Damage,L2_S3,-1812,1100,14930,-188,36,-115,0,63.2
1372,20:10:39:056,2,Moderate_Damage,L2_S3,-1828,1072,14884,-192,27,-116,0,17.2
1373,20:10:39:066,2,Moderate_Damage,L2_S3,-1794,1120,14878,-192,33,-115,0,11.2
1374,20:10:39:076,2,Moderate_Damage,L2_S3,-1800,1154,14828,-191,30,-108,0,-38.8
1375,20:10:39:086,2,Moderate_Damage,L2_S3,-1828,1140,14860,-189,29,-116,0,-6.8
1376,20:10:39:096,2,Moderate_Damage,L2_S3,-1790,1110,14886,-192,33,-116,0,19.2
1377,20:10:39:106,2,Moderate_Damage,L2_S3,-1816,1104,14892,-192,37,-116,0,25.2
1378,20:10:39:116,2,Moderate_Damage,L2_S3,-1854,1136,14836,-191,34,-115,0,-30.8
1379,20:10:39:126,2,Moderate_Damage,L2_S3,-1790,1120,14900,-191,38,-116,0,33.2
1380,20:10:39:136,2,Moderate_Damage,L2_S3,-1860,1102,14872,-192,29,-116,0,5.2
1381,20:10:39:146,2,Moderate_Damage,L2_S3,-1822,1094,14874,-194,31,-114,0,7.2
1382,20:10:39:156,2,Moderate_Damage,L2_S3,-1828,1096,14870,-190,36,-115,0,3.2
1383,20:10:39:166,2,Moderate_Damage,L2_S3,-1854,1116,14870,-190,31,-114,0,3.2
1384,20:10:39:176,2,Moderate_Damage,L2_S3,-1804,1132,14852,-186,29,-118,0,-14.8
1385,20:10:39:186,2,Moderate_Damage,L2_S3,-1822,1128,14880,-193,20,-114,0,13.2
1386,20:10:39:196,2,Moderate_Damage,L2_S3,-1824,1114,14840,-190,38,-114,0,-26.8
1387,20:10:39:206,2,Moderate_Damage,L2_S3,-1842,1154,14886,-194,27,-116,0,19.2
1388,20:10:39:216,2,Moderate_Damage,L2_S3,-1876,1126,14800,-189,26,-119,0,-66.8
1389,20:10:39:226,2,Moderate_Damage,L2_S3,-1804,1080,14910,-191,26,-120,0,43.2
1390,20:10:39:236,2,Moderate_Damage,L2_S3,-1794,1128,14824,-194,27,-109,0,-42.8
1391,20:10:39:246,2,Moderate_Damage,L2_S3,-1824,1140,14884,-192,28,-116,0,17.2
1392,20:10:39:256,2,Moderate_Damage,L2_S3,-1784,1112,14868,-195,27,-114,0,1.2
1393,20:10:39:266,2,Moderate_Damage,L2_S3,-1790,1128,14816,-190,29,-118,0,-50.8
1394,20:10:39:276,2,Moderate_Damage,L2_S3,-1848,1146,14814,-194,32,-119,0,-52.8
1395,20:10:39:286,2,Moderate_Damage,L2_S3,-1800,1130,14874,-197,26,-111,0,7.2
1396,20:10:39:296,2,Moderate_Damage,L2_S3,-1796,1130,14850,-192,32,-116,0,-16.8
1397,20:10:39:306,2,Moderate_Damage,L2_S3,-1812,1168,14828,-189,25,-115,0,-38.8
1398,20:10:39:316,2,Moderate_Damage,L2_S3,-1836,1180,14926,-197,28,-113,0,59.2
1399,20:10:39:326,2,Moderate_Damage,L2_S3,-1866,1136,14874,-192,26,-113,0,7.2
1400,20:10:39:336,2,Moderate_Damage,L2_S3,-1792,1174,14910,-191,26,-111,0,43.2
1401,20:10:39:346,2,Moderate_Damage,L2_S3,-1854,1116,14818,-192,24,-114,0,-48.8
1402,20:10:39:358,2,Moderate_Damage,L2_S3,-1838,1070,14892,-192,34,-120,0,25.2
1403,20:10:39:366,2,Moderate_Damage,L2_S3,-1808,1130,14806,-187,31,-119,0,-60.8
1404,20:10:39:376,2,Moderate_Damage,L2_S3,-1862,1138,14882,-186,32,-118,0,15.2
1405,20:10:39:386,2,Moderate_Damage,L2_S3,-1796,1106,14834,-190,37,-109,0,-32.8
1406,20:10:39:396,2,Moderate_Damage,L2_S3,-1826,1096,14856,-191,34,-116,0,-10.8
1407,20:10:39:406,2,Moderate_Damage,L2_S3,-1800,1142,14914,-190,28,-117,0,47.2
1408,20:10:39:416,2,Moderate_Damage,L2_S3,-1788,1126,14834,-196,24,-115,0,-32.8
1409,20:10:39:426,2,Moderate_Damage,L2_S3,-1830,1094,14848,-193,29,-112,0,-18.8
1410,20:10:39:437,2,Moderate_Damage,L2_S3,-1806,1138,14874,-189,27,-111,0,7.2
1411,20:10:39:446,2,Moderate_Damage,L2_S3,-1824,1088,14852,-189,31,-119,0,-14.8
1412,20:10:39:456,2,Moderate_Damage,L2_S3,-1762,1088,14870,-192,20,-120,0,3.2
1413,20:10:39:466,2,Moderate_Damage,L2_S3,-1804,1154,14908,-190,34,-120,0,41.2
1414,20:10:39:477,2,Moderate_Damage,L2_S3,-1820,1130,14814,-182,32,-113,0,-52.8
1415,20:10:39:486,2,Moderate_Damage,L2_S3,-1796,1146,14858,-191,38,-118,0,-8.8
1416,20:10:39:496,2,Moderate_Damage,L2_S3,-1830,1114,14804,-192,31,-116,0,-62.8
1417,20:10:39:506,2,Moderate_Damage,L2_S3,-1796,1108,14832,-194,34,-128,0,-34.8
1418,20:10:39:516,2,Moderate_Damage,L2_S3,-1862,1116,14864,-195,28,-120,0,-2.8
1419,20:10:39:526,2,Moderate_Damage,L2_S3,-1826,1142,14938,-189,30,-115,0,71.2
1420,20:10:39:536,2,Moderate_Damage,L2_S3,-1760,1120,14874,-192,27,-113,0,7.2
1421,20:10:39:546,2,Moderate_Damage,L2_S3,-1838,1064,14854,-193,28,-112,0,-12.8
1422,20:10:39:556,2,Moderate_Damage,L2_S3,-1818,1144,14794,-187,29,-119,0,-72.8
1423,20:10:39:566,2,Moderate_Damage,L2_S3,-1810,1124,14872,-200,29,-117,0,5.2
1424,20:10:39:576,2,Moderate_Damage,L2_S3,-1814,1142,14830,-195,23,-110,0,-36.8
1425,20:10:39:586,2,Moderate_Damage,L2_S3,-1790,1090,14888,-191,29,-113,0,21.2
1426,20:10:39:596,2,Moderate_Damage,L2_S3,-1834,1138,14882,-200,22,-111,0,15.2
1427,20:10:39:606,2,Moderate_Damage,L2_S3,-1854,1084,14856,-191,34,-116,0,-10.8
1428,20:10:39:617,2,Moderate_Damage,L2_S3,-1812,1056,14808,-192,24,-117,0,-58.8
1429,20:10:39:626,2,Moderate_Damage,L2_S3,-1808,1102,14870,-194,22,-117,0,3.2
1430,20:10:39:636,2,Moderate_Damage,L2_S3,-1814,1092,14884,-193,33,-117,0,17.2
1431,20:10:39:646,2,Moderate_Damage,L2_S3,-1860,1110,14860,-194,32,-116,0,-6.8
1432,20:10:39:656,2,Moderate_Damage,L2_S3,-1790,1138,14864,-189,36,-115,0,-2.8
1433,20:10:39:666,2,Moderate_Damage,L2_S3,-1846,1112,15008,-188,34,-114,0,141.2
1434,20:10:39:676,2,Moderate_Damage,L2_S3,-1828,1138,14846,-182,25,-110,0,-20.8
1435,20:10:39:686,2,Moderate_Damage,L2_S3,-1846,1098,14940,-190,34,-114,0,73.2
1436,20:10:39:696,2,Moderate_Damage,L2_S3,-1828,1122,14808,-191,26,-113,0,-58.8
1437,20:10:39:706,2,Moderate_Damage,L2_S3,-1818,1118,14816,-190,39,-113,0,-50.8
1438,20:10:39:716,2,Moderate_Damage,L2_S3,-1822,1104,14872,-186,29,-115,0,5.2
1439,20:10:39:726,2,Moderate_Damage,L2_S3,-1848,1138,14860,-186,28,-113,0,-6.8
1440,20:10:39:737,2,Moderate_Damage,L2_S3,-1828,1128,14830,-188,34,-117,0,-36.8
1441,20:10:39:746,2,Moderate_Damage,L2_S3,-1876,1080,14882,-191,35,-113,0,15.2
1442,20:10:39:757,2,Moderate_Damage,L2_S3,-1822,1078,14830,-187,36,-112,0,-36.8
1443,20:10:39:766,2,Moderate_Damage,L2_S3,-1794,1094,14856,-192,32,-113,0,-10.8
1444,20:10:39:777,2,Moderate_Damage,L2_S3,-1828,1136,14802,-189,39,-118,0,-64.8
1445,20:10:39:786,2,Moderate_Damage,L2_S3,-1830,1070,14892,-190,33,-115,0,25.2
1446,20:10:39:796,2,Moderate_Damage,L2_S3,-1810,1144,14866,-189,27,-110,0,-0.8
1447,20:10:39:807,2,Moderate_Damage,L2_S3,-1834,1128,14864,-197,25,-110,0,-2.8
1448,20:10:39:817,2,Moderate_Damage,L2_S3,-1804,1114,14806,-196,31,-117,0,-60.8
1449,20:10:39:826,2,Moderate_Damage,L2_S3,-1806,1176,14860,-193,28,-111,0,-6.8
1450,20:10:39:837,2,Moderate_Damage,L2_S3,-1838,1092,14848,-195,36,-116,0,-18.8
1451,20:10:39:847,2,Moderate_Damage,L2_S3,-1802,1078,14808,-188,35,-118,0,-58.8
1452,20:10:39:857,2,Moderate_Damage,L2_S3,-1814,1084,14872,-195,32,-115,0,5.2
1453,20:10:39:867,2,Moderate_Damage,L2_S3,-1818,1138,14906,-194,40,-115,0,39.2
1454,20:10:39:876,2,Moderate_Damage,L2_S3,-1860,1140,14868,-194,31,-121,0,1.2
1455,20:10:39:887,2,Moderate_Damage,L2_S3,-1848,1146,14884,-196,34,-114,0,17.2
1456,20:10:39:896,2,Moderate_Damage,L2_S3,-1794,1140,14822,-195,32,-115,0,-44.8
1457,20:10:39:907,2,Moderate_Damage,L2_S3,-1830,1076,14892,-187,32,-109,0,25.2
1458,20:10:39:916,2,Moderate_Damage,L2_S3,-1870,1114,14862,-188,31,-106,0,-4.8
1459,20:10:39:926,2,Moderate_Damage,L2_S3,-1848,1154,14840,-191,27,-106,0,-26.8
1460,20:10:39:936,2,Moderate_Damage,L2_S3,-1872,1158,14876,-190,24,-113,0,9.2
1461,20:10:39:946,2,Moderate_Damage,L2_S3,-1802,1078,14880,-193,32,-109,0,13.2
1462,20:10:39:956,2,Moderate_Damage,L2_S3,-1830,1114,14870,-192,30,-110,0,3.2
1463,20:10:39:967,2,Moderate_Damage,L2_S3,-1802,1078,14826,-187,40,-117,0,-40.8
1464,20:10:39:977,2,Moderate_Damage,L2_S3,-1828,1112,14848,-192,25,-114,0,-18.8
1465,20:10:39:986,2,Moderate_Damage,L2_S3,-1856,1110,14872,-192,30,-108,0,5.2
1466,20:10:39:996,2,Moderate_Damage,L2_S3,-1830,1116,14802,-192,31,-115,0,-64.8
1467,20:10:40:007,2,Moderate_Damage,L2_S3,-1848,1100,14860,-192,24,-116,0,-6.8
1468,20:10:40:016,2,Moderate_Damage,L2_S3,-1782,1114,14898,-193,28,-116,0,31.2
1469,20:10:40:027,2,Moderate_Damage,L2_S3,-1824,1102,14828,-189,26,-113,0,-38.8
1470,20:10:40:036,2,Moderate_Damage,L2_S3,-1842,1086,14862,-188,26,-116,0,-4.8
1471,20:10:40:047,2,Moderate_Damage,L2_S3,-1806,1120,14894,-191,35,-113,0,27.2
1472,20:10:40:057,2,Moderate_Damage,L2_S3,-1852,1150,14892,-195,23,-114,0,25.2
1473,20:10:40:066,2,Moderate_Damage,L2_S3,-1790,1128,14880,-189,34,-116,0,13.2
1474,20:10:40:077,2,Moderate_Damage,L2_S3,-1826,1110,14864,-191,19,-113,0,-2.8
1475,20:10:40:087,2,Moderate_Damage,L2_S3,-1862,1116,14838,-195,34,-114,0,-28.8
1476,20:10:40:097,2,Moderate_Damage,L2_S3,-1830,1134,14906,-188,30,-116,0,39.2
1477,20:10:40:107,2,Moderate_Damage,L2_S3,-1824,1112,14854,-188,36,-119,0,-12.8
1478,20:10:40:116,2,Moderate_Damage,L2_S3,-1800,1106,14862,-194,35,-116,0,-4.8
1479,20:10:40:127,2,Moderate_Damage,L2_S3,-1808,1110,14820,-192,27,-118,0,-46.8
1480,20:10:40:137,2,Moderate_Damage,L2_S3,-1832,1116,14854,-185,37,-111,0,-12.8
1481,20:10:40:147,2,Moderate_Damage,L2_S3,-1854,1164,14828,-188,39,-116,0,-38.8
1482,20:10:40:157,2,Moderate_Damage,L2_S3,-1838,1092,14784,-189,30,-114,0,-82.8
1483,20:10:40:167,2,Moderate_Damage,L2_S3,-1802,1130,14878,-188,29,-113,0,11.2
1484,20:10:40:177,2,Moderate_Damage,L2_S3,-1844,1108,14876,-189,28,-111,0,9.2
1485,20:10:40:187,2,Moderate_Damage,L2_S3,-1822,1116,14892,-189,34,-114,0,25.2
1486,20:10:40:197,2,Moderate_Damage,L2_S3,-1840,1090,14866,-190,33,-115,0,-0.8
1487,20:10:40:207,2,Moderate_Damage,L2_S3,-1836,1142,14896,-193,34,-115,0,29.2
1488,20:10:40:217,2,Moderate_Damage,L2_S3,-1824,1144,14834,-193,31,-113,0,-32.8
1489,20:10:40:227,2,Moderate_Damage,L2_S3,-1858,1094,14868,-194,29,-113,0,1.2
1490,20:10:40:237,2,Moderate_Damage,L2_S3,-1848,1154,14876,-194,30,-114,0,9.2
1491,20:10:40:247,2,Moderate_Damage,L2_S3,-1822,1122,14744,-195,30,-111,0,-122.8
1492,20:10:40:257,2,Moderate_Damage,L2_S3,-1786,1148,14830,-187,39,-115,0,-36.8
1493,20:10:40:267,2,Moderate_Damage,L2_S3,-1828,1114,14860,-190,28,-120,0,-6.8
1494,20:10:40:277,2,Moderate_Damage,L2_S3,-1754,1084,14878,-191,38,-113,0,11.2
1495,20:10:40:287,2,Moderate_Damage,L2_S3,-1796,1104,14786,-195,32,-113,0,-80.8
1496,20:10:40:297,2,Moderate_Damage,L2_S3,-1836,1170,14852,-192,28,-109,0,-14.8
1497,20:10:40:307,2,Moderate_Damage,L2_S3,-1826,1126,14794,-189,32,-111,0,-72.8
1498,20:10:40:317,2,Moderate_Damage,L2_S3,-1822,1092,14890,-188,34,-112,0,23.2
1499,20:10:40:327,2,Moderate_Damage,L2_S3,-1798,1132,14884,-193,36,-114,0,17.2
1500,20:10:40:337,2,Moderate_Damage,L2_S3,-1808,1134,14866,-196,30,-120,0,-0.8
1501,20:10:40:347,2,Moderate_Damage,L2_S3,-1832,1152,14906,-188,25,-116,0,39.2
1502,20:10:40:357,2,Moderate_Damage,L2_S3,-1790,1098,14838,-196,37,-118,0,-28.8
1503,20:10:40:367,2,Moderate_Damage,L2_S3,-1826,1092,14828,-194,34,-107,0,-38.8
1504,20:10:40:377,2,Moderate_Damage,L2_S3,-1850,1124,14918,-194,28,-112,0,51.2
1505,20:10:40:387,2,Moderate_Damage,L2_S3,-1836,1096,14842,-195,30,-111,0,-24.8
1506,20:10:40:397,2,Moderate_Damage,L2_S3,-1818,1136,14842,-199,24,-115,0,-24.8
1507,20:10:40:407,2,Moderate_Damage,L2_S3,-1814,1168,14898,-192,27,-114,0,31.2
1508,20:10:40:417,2,Moderate_Damage,L2_S3,-1862,1110,14786,-192,22,-112,0,-80.8
1509,20:10:40:427,2,Moderate_Damage,L2_S3,-1814,1106,14936,-188,27,-118,0,69.2
1510,20:10:40:437,2,Moderate_Damage,L2_S3,-1834,1110,14860,-193,31,-115,0,-6.8
1511,20:10:40:447,2,Moderate_Damage,L2_S3,-1848,1100,14768,-189,23,-119,0,-98.8
1512,20:10:40:457,2,Moderate_Damage,L2_S3,-1842,1076,14822,-193,33,-121,0,-44.8
1513,20:10:40:467,2,Moderate_Damage,L2_S3,-1828,1110,14862,-193,29,-108,0,-4.8
1514,20:10:40:477,2,Moderate_Damage,L2_S3,-1856,1156,14846,-193,33,-117,0,-20.8
1515,20:10:40:487,2,Moderate_Damage,L2_S3,-1820,1136,14854,-189,24,-120,0,-12.8
1516,20:10:40:497,2,Moderate_Damage,L2_S3,-1808,1112,14802,-194,15,-119,0,-64.8
1517,20:10:40:507,2,Moderate_Damage,L2_S3,-1776,1128,14850,-194,36,-114,0,-16.8
1518,20:10:40:517,2,Moderate_Damage,L2_S3,-1818,1118,14830,-193,21,-116,0,-36.8
1519,20:10:40:527,2,Moderate_Damage,L2_S3,-1812,1070,14846,-189,28,-117,0,-20.8
1520,20:10:40:537,2,Moderate_Damage,L2_S3,-1828,1156,14816,-192,28,-114,0,-50.8
1521,20:10:40:547,2,Moderate_Damage,L2_S3,-1806,1152,14880,-189,35,-113,0,13.2
1522,20:10:40:557,2,Moderate_Damage,L2_S3,-1862,1126,14840,-190,25,-114,0,-26.8
1523,20:10:40:567,2,Moderate_Damage,L2_S3,-1796,1128,14870,-190,32,-112,0,3.2
1524,20:10:40:577,2,Moderate_Damage,L2_S3,-1858,1100,14876,-195,27,-112,0,9.2
1525,20:10:40:587,2,Moderate_Damage,L2_S3,-1828,1096,14892,-190,36,-117,0,25.2
1526,20:10:40:597,2,Moderate_Damage,L2_S3,-1830,1112,14854,-194,32,-114,0,-12.8
1527,20:10:40:607,2,Moderate_Damage,L2_S3,-1812,1084,14862,-187,29,-119,0,-4.8
1528,20:10:40:617,2,Moderate_Damage,L2_S3,-1810,1112,14866,-189,30,-115,0,-0.8
1529,20:10:40:627,2,Moderate_Damage,L2_S3,-1874,1144,14966,-195,26,-114,0,99.2
1530,20:10:40:637,2,Moderate_Damage,L2_S3,-1852,1164,14842,-190,26,-114,0,-24.8
1531,20:10:40:647,2,Moderate_Damage,L2_S3,-1810,1138,14804,-190,29,-109,0,-62.8
1532,20:10:40:657,2,Moderate_Damage,L2_S3,-1788,1088,14876,-192,34,-115,0,9.2
1533,20:10:40:667,2,Moderate_Damage,L2_S3,-1816,1078,14826,-195,27,-114,0,-40.8
1534,20:10:40:677,2,Moderate_Damage,L2_S3,-1822,1096,14822,-191,29,-108,0,-44.8
1535,20:10:40:687,2,Moderate_Damage,L2_S3,-1838,1078,14886,-197,31,-113,0,19.2
1536,20:10:40:697,2,Moderate_Damage,L2_S3,-1778,1098,14854,-196,32,-116,0,-12.8
1537,20:10:40:707,2,Moderate_Damage,L2_S3,-1840,1084,14842,-193,33,-110,0,-24.8
1538,20:10:40:717,2,Moderate_Damage,L2_S3,-1756,1116,14920,-189,36,-115,0,53.2
1539,20:10:40:727,2,Moderate_Damage,L2_S3,-1820,1100,14838,-193,29,-116,0,-28.8
1540,20:10:40:737,2,Moderate_Damage,L2_S3,-1800,1106,14858,-189,35,-121,0,-8.8
1541,20:10:40:747,2,Moderate_Damage,L2_S3,-1830,1182,14804,-199,24,-120,0,-62.8
1542,20:10:40:757,2,Moderate_Damage,L2_S3,-1814,1144,14828,-192,25,-112,0,-38.8
1543,20:10:40:767,2,Moderate_Damage,L2_S3,-1762,1030,14818,-194,33,-110,0,-48.8
1544,20:10:40:777,2,Moderate_Damage,L2_S3,-1874,1088,14888,-191,26,-114,0,21.2
1545,20:10:40:787,2,Moderate_Damage,L2_S3,-1866,1108,14896,-193,29,-114,0,29.2
1546,20:10:40:797,2,Moderate_Damage,L2_S3,-1830,1120,14894,-194,27,-111,0,27.2
1547,20:10:40:807,2,Moderate_Damage,L2_S3,-1822,1120,14854,-200,27,-119,0,-12.8
1548,20:10:40:817,2,Moderate_Damage,L2_S3,-1814,1138,14874,-193,31,-121,0,7.2
1549,20:10:40:827,2,Moderate_Damage,L2_S3,-1788,1130,14798,-197,24,-118,0,-68.8
1550,20:10:40:837,2,Moderate_Damage,L2_S3,-1836,1122,14876,-193,30,-115,0,9.2
1551,20:10:40:847,2,Moderate_Damage,L2_S3,-1808,1128,14838,-192,25,-111,0,-28.8
1552,20:10:40:857,2,Moderate_Damage,L2_S3,-1828,1120,14908,-191,34,-112,0,41.2
1553,20:10:40:867,2,Moderate_Damage,L2_S3,-1846,1094,14854,-192,31,-114,0,-12.8
1554,20:10:40:877,2,Moderate_Damage,L2_S3,-1786,1110,14860,-194,30,-116,0,-6.8
1555,20:10:40:887,2,Moderate_Damage,L2_S3,-1830,1146,14858,-189,30,-118,0,-8.8
1556,20:10:40:897,2,Moderate_Damage,L2_S3,-1754,1146,14850,-195,32,-120,0,-16.8
1557,20:10:40:907,2,Moderate_Damage,L2_S3,-1842,1094,14824,-188,31,-107,0,-42.8
1558,20:10:40:917,2,Moderate_Damage,L2_S3,-1836,1110,14880,-194,29,-114,0,13.2
1559,20:10:40:927,2,Moderate_Damage,L2_S3,-1774,1126,14882,-196,30,-113,0,15.2
1560,20:10:40:937,2,Moderate_Damage,L2_S3,-1834,1148,14858,-187,26,-116,0,-8.8
1561,20:10:40:947,2,Moderate_Damage,L2_S3,-1798,1140,14830,-190,21,-116,0,-36.8
1562,20:10:40:957,2,Moderate_Damage,L2_S3,-1840,1128,14806,-190,27,-107,0,-60.8
1563,20:10:40:967,2,Moderate_Damage,L2_S3,-1798,1122,14854,-189,27,-117,0,-12.8
1564,20:10:40:977,2,Moderate_Damage,L2_S3,-1814,1082,14906,-193,25,-116,0,39.2
1565,20:10:40:987,2,Moderate_Damage,L2_S3,-1852,1124,14940,-190,28,-110,0,73.2
1566,20:10:40:997,2,Moderate_Damage,L2_S3,-1786,1116,14812,-193,23,-109,0,-54.8
1567,20:10:41:007,2,Moderate_Damage,L2_S3,-1838,1096,14916,-187,34,-111,0,49.2
1568,20:10:41:017,2,Moderate_Damage,L2_S3,-1886,1158,14904,-195,30,-116,0,37.2
1569,20:10:41:027,2,Moderate_Damage,L2_S3,-1822,1126,14812,-189,31,-116,0,-54.8
1570,20:10:41:037,2,Moderate_Damage,L2_S3,-1812,1140,14888,-195,31,-113,0,21.2
1571,20:10:41:047,2,Moderate_Damage,L2_S3,-1800,1156,14868,-194,35,-119,0,1.2
1572,20:10:41:057,2,Moderate_Damage,L2_S3,-1830,1134,14926,-191,22,-112,0,59.2
1573,20:10:41:067,2,Moderate_Damage,L2_S3,-1842,1120,14862,-192,30,-119,0,-4.8
1574,20:10:41:077,2,Moderate_Damage,L2_S3,-1866,1114,14910,-197,29,-112,0,43.2
1575,20:10:41:087,2,Moderate_Damage,L2_S3,-1866,1064,14824,-195,31,-108,0,-42.8
1576,20:10:41:097,2,Moderate_Damage,L2_S3,-1824,1106,14942,-189,24,-111,0,75.2
1577,20:10:41:107,2,Moderate_Damage,L2_S3,-1832,1136,14866,-192,30,-117,0,-0.8
1578,20:10:41:117,2,Moderate_Damage,L2_S3,-1804,1108,14816,-198,26,-117,0,-50.8
1579,20:10:41:128,2,Moderate_Damage,L2_S3,-1798,1124,14888,-190,27,-123,0,21.2
1580,20:10:41:137,2,Moderate_Damage,L2_S3,-1878,1156,14876,-194,28,-117,0,9.2
1581,20:10:41:147,2,Moderate_Damage,L2_S3,-1782,1130,14876,-189,33,-113,0,9.2
1582,20:10:41:157,2,Moderate_Damage,L2_S3,-1874,1104,14940,-189,25,-113,0,73.2
1583,20:10:41:167,2,Moderate_Damage,L2_S3,-1824,1126,14896,-191,20,-109,0,29.2
1584,20:10:41:177,2,Moderate_Damage,L2_S3,-1838,1200,14902,-195,26,-113,0,35.2
1585,20:10:41:187,2,Moderate_Damage,L2_S3,-1836,1082,14758,-187,34,-112,0,-108.8
1586,20:10:41:197,2,Moderate_Damage,L2_S3,-1836,1144,14840,-196,36,-113,0,-26.8
1587,20:10:41:207,2,Moderate_Damage,L2_S3,-1812,1136,14812,-196,32,-114,0,-54.8
1588,20:10:41:217,2,Moderate_Damage,L2_S3,-1814,1122,14836,-189,26,-115,0,-30.8
1589,20:10:41:227,2,Moderate_Damage,L2_S3,-1834,1092,14884,-189,27,-120,0,17.2
1590,20:10:41:237,2,Moderate_Damage,L2_S3,-1814,1114,14824,-191,29,-110,0,-42.8
1591,20:10:41:247,2,Moderate_Damage,L2_S3,-1740,1136,14868,-191,32,-116,0,1.2
1592,20:10:41:257,2,Moderate_Damage,L2_S3,-1860,1104,14850,-196,24,-112,0,-16.8
1593,20:10:41:267,2,Moderate_Damage,L2_S3,-1824,1104,14844,-191,33,-123,0,-22.8
1594,20:10:41:277,2,Moderate_Damage,L2_S3,-1816,1136,14870,-191,24,-113,0,3.2
1595,20:10:41:287,2,Moderate_Damage,L2_S3,-1824,1142,14840,-192,29,-116,0,-26.8
1596,20:10:41:297,2,Moderate_Damage,L2_S3,-1842,1180,14868,-191,32,-110,0,1.2
1597,20:10:41:307,2,Moderate_Damage,L2_S3,-1864,1104,14894,-184,27,-108,0,27.2
1598,20:10:41:317,2,Moderate_Damage,L2_S3,-1824,1120,14826,-188,33,-108,0,-40.8
1599,20:10:41:327,2,Moderate_Damage,L2_S3,-1782,1112,14882,-197,24,-114,0,15.2
1600,20:10:41:337,2,Moderate_Damage,L2_S3,-1816,1086,14862,-191,28,-112,0,-4.8
1601,20:10:41:347,2,Moderate_Damage,L2_S3,-1784,1144,14834,-192,29,-116,0,-32.8
1602,20:10:41:357,2,Moderate_Damage,L2_S3,-1844,1108,14826,-196,29,-113,0,-40.8
1603,20:10:41:367,2,Moderate_Damage,L2_S3,-1790,1126,14906,-194,33,-107,0,39.2
1604,20:10:41:377,2,Moderate_Damage,L2_S3,-1832,1120,14812,-189,26,-105,0,-54.8
1605,20:10:41:387,2,Moderate_Damage,L2_S3,-1794,1098,14806,-196,30,-115,0,-60.8
1606,20:10:41:397,2,Moderate_Damage,L2_S3,-1852,1144,14898,-195,28,-115,0,31.2
1607,20:10:41:407,2,Moderate_Damage,L2_S3,-1872,1102,14924,-193,24,-111,0,57.2
1608,20:10:41:417,2,Moderate_Damage,L2_S3,-1874,1144,14854,-190,26,-112,0,-12.8
1609,20:10:41:427,2,Moderate_Damage,L2_S3,-1772,1118,14818,-193,28,-113,0,-48.8
1610,20:10:41:437,2,Moderate_Damage,L2_S3,-1828,1176,14898,-189,34,-119,0,31.2
1611,20:10:41:447,2,Moderate_Damage,L2_S3,-1772,1138,14912,-193,36,-116,0,45.2
1612,20:10:41:457,2,Moderate_Damage,L2_S3,-1834,1092,14842,-190,29,-110,0,-24.8
1613,20:10:41:467,2,Moderate_Damage,L2_S3,-1832,1128,14828,-194,26,-109,0,-38.8
1614,20:10:41:477,2,Moderate_Damage,L2_S3,-1870,1098,14864,-187,33,-115,0,-2.8
1615,20:10:41:487,2,Moderate_Damage,L2_S3,-1860,1092,14836,-188,27,-107,0,-30.8
1616,20:10:41:497,2,Moderate_Damage,L2_S3,-1838,1074,14872,-187,29,-112,0,5.2
1617,20:10:41:507,2,Moderate_Damage,L2_S3,-1836,1102,14910,-187,31,-116,0,43.2
1618,20:10:41:517,2,Moderate_Damage,L2_S3,-1848,1120,14840,-190,25,-116,0,-26.8
1619,20:10:41:527,2,Moderate_Damage,L2_S3,-1774,1142,14842,-196,24,-118,0,-24.8
1620,20:10:41:537,2,Moderate_Damage,L2_S3,-1806,1136,14856,-195,27,-111,0,-10.8
1621,20:10:41:547,2,Moderate_Damage,L2_S3,-1836,1170,14876,-192,32,-114,0,9.2
1622,20:10:41:557,2,Moderate_Damage,L2_S3,-1794,1126,14878,-189,31,-114,0,11.2
1623,20:10:41:569,2,Moderate_Damage,L2_S3,-1836,1064,14868,-192,28,-113,0,1.2
1624,20:10:41:577,2,Moderate_Damage,L2_S3,-1788,1086,14878,-190,31,-116,0,11.2
1625,20:10:41:587,2,Moderate_Damage,L2_S3,-1866,1094,14876,-188,27,-113,0,9.2
1626,20:10:41:597,2,Moderate_Damage,L2_S3,-1800,1132,14820,-192,24,-113,0,-46.8
1627,20:10:41:607,2,Moderate_Damage,L2_S3,-1804,1112,14780,-192,22,-113,0,-86.8
1628,20:10:41:617,2,Moderate_Damage,L2_S3,-1796,1108,14870,-193,32,-115,0,3.2
1629,20:10:41:627,2,Moderate_Damage,L2_S3,-1812,1134,14898,-181,28,-123,0,31.2
1630,20:10:41:637,2,Moderate_Damage,L2_S3,-1852,1148,14862,-189,26,-117,0,-4.8
1631,20:10:41:647,2,Moderate_Damage,L2_S3,-1810,1140,14860,-189,35,-114,0,-6.8
1632,20:10:41:657,2,Moderate_Damage,L2_S3,-1822,1080,14826,-185,29,-108,0,-40.8
1633,20:10:41:667,2,Moderate_Damage,L2_S3,-1810,1132,14830,-189,35,-113,0,-36.8
1634,20:10:41:677,2,Moderate_Damage,L2_S3,-1824,1094,14834,-191,33,-115,0,-32.8
1635,20:10:41:687,2,Moderate_Damage,L2_S3,-1810,1096,14810,-198,29,-109,0,-56.8
1636,20:10:41:697,2,Moderate_Damage,L2_S3,-1840,1130,14858,-194,33,-111,0,-8.8
1637,20:10:41:707,2,Moderate_Damage,L2_S3,-1834,1128,14840,-190,27,-110,0,-26.8
1638,20:10:41:717,2,Moderate_Damage,L2_S3,-1846,1142,14824,-195,31,-112,0,-42.8
1639,20:10:41:727,2,Moderate_Damage,L2_S3,-1824,1148,14836,-193,35,-119,0,-30.8
1640,20:10:41:737,2,Moderate_Damage,L2_S3,-1826,1116,14862,-198,32,-119,0,-4.8
1641,20:10:41:747,2,Moderate_Damage,L2_S3,-1830,1106,14950,-196,35,-117,0,83.2
1642,20:10:41:757,2,Moderate_Damage,L2_S3,-1844,1142,14872,-190,26,-115,0,5.2
1643,20:10:41:767,2,Moderate_Damage,L2_S3,-1792,1090,14838,-196,27,-116,0,-28.8
1644,20:10:41:777,2,Moderate_Damage,L2_S3,-1792,1120,14866,-195,25,-118,0,-0.8
1645,20:10:41:787,2,Moderate_Damage,L2_S3,-1818,1142,14892,-195,35,-123,0,25.2
1646,20:10:41:797,2,Moderate_Damage,L2_S3,-1832,1084,14834,-192,31,-118,0,-32.8
1647,20:10:41:807,2,Moderate_Damage,L2_S3,-1828,1088,14890,-192,32,-120,0,23.2
1648,20:10:41:817,2,Moderate_Damage,L2_S3,-1780,1094,14794,-191,27,-114,0,-72.8
1649,20:10:41:827,2,Moderate_Damage,L2_S3,-1810,1120,14896,-193,32,-117,0,29.2
1650,20:10:41:837,2,Moderate_Damage,L2_S3,-1836,1138,14850,-192,31,-112,0,-16.8
1651,20:10:41:848,2,Moderate_Damage,L2_S3,-1788,1080,14876,-187,28,-111,0,9.2
1652,20:10:41:857,2,Moderate_Damage,L2_S3,-1838,1094,14874,-190,32,-117,0,7.2
1653,20:10:41:867,2,Moderate_Damage,L2_S3,-1804,1128,14894,-191,26,-117,0,27.2
1654,20:10:41:877,2,Moderate_Damage,L2_S3,-1808,1088,14822,-191,27,-115,0,-44.8
1655,20:10:41:887,2,Moderate_Damage,L2_S3,-1812,1104,14878,-194,35,-114,0,11.2
1656,20:10:41:897,2,Moderate_Damage,L2_S3,-1772,1118,14928,-199,27,-115,0,61.2
1657,20:10:41:907,2,Moderate_Damage,L2_S3,-1806,1112,14952,-192,31,-118,0,85.2
1658,20:10:41:917,2,Moderate_Damage,L2_S3,-1836,1160,14870,-190,33,-114,0,3.2
1659,20:10:41:927,2,Moderate_Damage,L2_S3,-1802,1110,14840,-192,36,-115,0,-26.8
1660,20:10:41:937,2,Moderate_Damage,L2_S3,-1798,1090,14854,-195,34,-117,0,-12.8
1661,20:10:41:947,2,Moderate_Damage,L2_S3,-1844,1096,14844,-192,32,-113,0,-22.8
1662,20:10:41:957,2,Moderate_Damage,L2_S3,-1874,1090,14914,-190,35,-116,0,47.2
1663,20:10:41:967,2,Moderate_Damage,L2_S3,-1858,1148,14882,-193,20,-122,0,15.2
1664,20:10:41:977,2,Moderate_Damage,L2_S3,-1846,1142,14858,-190,22,-116,0,-8.8
1665,20:10:41:987,2,Moderate_Damage,L2_S3,-1848,1112,14852,-189,26,-121,0,-14.8
1666,20:10:41:997,2,Moderate_Damage,L2_S3,-1838,1096,14850,-193,31,-113,0,-16.8
1667,20:10:42:007,2,Moderate_Damage,L2_S3,-1838,1160,14810,-187,30,-113,0,-56.8
1668,20:10:42:017,2,Moderate_Damage,L2_S3,-1812,1156,14848,-193,33,-115,0,-18.8
1669,20:10:42:027,2,Moderate_Damage,L2_S3,-1896,1094,14860,-194,26,-110,0,-6.8
1670,20:10:42:037,2,Moderate_Damage,L2_S3,-1784,1110,14876,-191,35,-116,0,9.2
1671,20:10:42:047,2,Moderate_Damage,L2_S3,-1856,1108,14938,-196,28,-112,0,71.2
1672,20:10:42:057,2,Moderate_Damage,L2_S3,-1814,1098,14850,-197,27,-109,0,-16.8
1673,20:10:42:067,2,Moderate_Damage,L2_S3,-1816,1110,14856,-190,29,-115,0,-10.8
1674,20:10:42:077,2,Moderate_Damage,L2_S3,-1834,1120,14798,-193,34,-114,0,-68.8
1675,20:10:42:087,2,Moderate_Damage,L2_S3,-1796,1136,14856,-193,30,-116,0,-10.8
1676,20:10:42:097,2,Moderate_Damage,L2_S3,-1752,1142,14844,-192,25,-119,0,-22.8
1677,20:10:42:107,2,Moderate_Damage,L2_S3,-1816,1098,14870,-189,26,-114,0,3.2
1678,20:10:42:117,2,Moderate_Damage,L2_S3,-1796,1134,14828,-196,31,-108,0,-38.8
1679,20:10:42:127,2,Moderate_Damage,L2_S3,-1822,1152,14812,-192,35,-115,0,-54.8
1680,20:10:42:138,2,Moderate_Damage,L2_S3,-1826,1118,14822,-194,30,-112,0,-44.8
1681,20:10:42:147,2,Moderate_Damage,L2_S3,-1836,1122,14814,-192,32,-126,0,-52.8
1682,20:10:42:157,2,Moderate_Damage,L2_S3,-1864,1130,14872,-192,32,-118,0,5.2
1683,20:10:42:167,2,Moderate_Damage,L2_S3,-1796,1104,14852,-193,29,-117,0,-14.8
1684,20:10:42:177,2,Moderate_Damage,L2_S3,-1812,1120,14912,-192,26,-116,0,45.2
1685,20:10:42:187,2,Moderate_Damage,L2_S3,-1828,1136,14862,-192,30,-111,0,-4.8
1686,20:10:42:197,2,Moderate_Damage,L2_S3,-1810,1126,14894,-196,30,-117,0,27.2
1687,20:10:42:207,2,Moderate_Damage,L2_S3,-1866,1174,14948,-193,26,-118,0,81.2
1688,20:10:42:217,2,Moderate_Damage,L2_S3,-1808,1126,14952,-190,29,-115,0,85.2
1689,20:10:42:227,2,Moderate_Damage,L2_S3,-1818,1132,14864,-188,37,-121,0,-2.8
1690,20:10:42:237,2,Moderate_Damage,L2_S3,-1826,1146,14810,-188,27,-124,0,-56.8
1691,20:10:42:247,2,Moderate_Damage,L2_S3,-1804,1132,14844,-187,32,-120,0,-22.8
1692,20:10:42:257,2,Moderate_Damage,L2_S3,-1820,1106,14884,-195,33,-119,0,17.2
1693,20:10:42:267,2,Moderate_Damage,L2_S3,-1790,1116,14874,-190,28,-115,0,7.2
1694,20:10:42:277,2,Moderate_Damage,L2_S3,-1830,1088,14846,-188,25,-113,0,-20.8
1695,20:10:42:287,2,Moderate_Damage,L2_S3,-1856,1106,14874,-189,33,-118,0,7.2
1696,20:10:42:297,2,Moderate_Damage,L2_S3,-1842,1114,14818,-188,31,-119,0,-48.8
1697,20:10:42:307,2,Moderate_Damage,L2_S3,-1792,1124,14852,-190,29,-126,0,-14.8
1698,20:10:42:317,2,Moderate_Damage,L2_S3,-1864,1114,14788,-185,28,-117,0,-78.8
1699,20:10:42:327,2,Moderate_Damage,L2_S3,-1828,1132,14932,-191,36,-113,0,65.2
1700,20:10:42:337,2,Moderate_Damage,L2_S3,-1854,1112,14856,-191,22,-117,0,-10.8
1701,20:10:42:347,2,Moderate_Damage,L2_S3,-1808,1134,14892,-189,26,-116,0,25.2
1702,20:10:42:357,2,Moderate_Damage,L2_S3,-1860,1142,14842,-195,24,-118,0,-24.8
1703,20:10:42:367,2,Moderate_Damage,L2_S3,-1884,1112,14828,-196,32,-119,0,-38.8
1704,20:10:42:377,2,Moderate_Damage,L2_S3,-1802,1122,14842,-193,31,-110,0,-24.8
1705,20:10:42:387,2,Moderate_Damage,L2_S3,-1824,1154,14910,-197,25,-108,0,43.2
1706,20:10:42:399,2,Moderate_Damage,L2_S3,-1848,1132,14844,-188,30,-119,0,-22.8
1707,20:10:42:407,2,Moderate_Damage,L2_S3,-1802,1118,14838,-191,29,-121,0,-28.8
1708,20:10:42:417,2,Moderate_Damage,L2_S3,-1848,1068,14956,-195,33,-115,0,89.2
1709,20:10:42:427,2,Moderate_Damage,L2_S3,-1816,1114,14932,-198,35,-111,0,65.2
1710,20:10:42:437,2,Moderate_Damage,L2_S3,-1856,1150,14884,-198,29,-110,0,17.2
1711,20:10:42:448,2,Moderate_Damage,L2_S3,-1838,1112,14860,-202,25,-117,0,-6.8
1712,20:10:42:457,2,Moderate_Damage,L2_S3,-1844,1114,14826,-193,28,-113,0,-40.8
1713,20:10:42:467,2,Moderate_Damage,L2_S3,-1802,1140,14886,-193,23,-112,0,19.2
1714,20:10:42:477,2,Moderate_Damage,L2_S3,-1842,1098,14826,-190,36,-121,0,-40.8
1715,20:10:42:487,2,Moderate_Damage,L2_S3,-1812,1086,14860,-195,31,-120,0,-6.8
1716,20:10:42:497,2,Moderate_Damage,L2_S3,-1828,1114,14888,-191,31,-117,0,21.2
1717,20:10:42:507,2,Moderate_Damage,L2_S3,-1814,1096,14848,-193,26,-115,0,-18.8
1718,20:10:42:517,2,Moderate_Damage,L2_S3,-1834,1102,14816,-195,24,-112,0,-50.8
1719,20:10:42:527,2,Moderate_Damage,L2_S3,-1848,1072,14874,-189,19,-110,0,7.2
1720,20:10:42:537,2,Moderate_Damage,L2_S3,-1798,1134,14834,-187,31,-113,0,-32.8
1721,20:10:42:547,2,Moderate_Damage,L2_S3,-1822,1142,14852,-188,30,-116,0,-14.8
1722,20:10:42:557,2,Moderate_Damage,L2_S3,-1784,1102,14832,-187,28,-113,0,-34.8
1723,20:10:42:567,2,Moderate_Damage,L2_S3,-1766,1138,14806,-190,25,-107,0,-60.8
1724,20:10:42:577,2,Moderate_Damage,L2_S3,-1808,1100,14846,-193,31,-109,0,-20.8
1725,20:10:42:587,2,Moderate_Damage,L2_S3,-1820,1168,14902,-194,31,-116,0,35.2
1726,20:10:42:598,2,Moderate_Damage,L2_S3,-1828,1146,14826,-192,33,-113,0,-40.8
1727,20:10:42:607,2,Moderate_Damage,L2_S3,-1824,1114,14844,-187,28,-118,0,-22.8
1728,20:10:42:618,2,Moderate_Damage,L2_S3,-1818,1150,14806,-189,26,-117,0,-60.8
1729,20:10:42:627,2,Moderate_Damage,L2_S3,-1868,1130,14824,-191,29,-116,0,-42.8
1730,20:10:42:637,2,Moderate_Damage,L2_S3,-1802,1098,14862,-188,30,-114,0,-4.8
1731,20:10:42:647,2,Moderate_Damage,L2_S3,-1864,1138,14894,-194,32,-116,0,27.2
1732,20:10:42:658,2,Moderate_Damage,L2_S3,-1804,1126,14890,-193,31,-118,0,23.2
1733,20:10:42:667,2,Moderate_Damage,L2_S3,-1828,1134,14834,-192,32,-117,0,-32.8
1734,20:10:42:677,2,Moderate_Damage,L2_S3,-1804,1108,14854,-195,33,-119,0,-12.8
1735,20:10:42:687,2,Moderate_Damage,L2_S3,-1832,1100,14852,-190,27,-112,0,-14.8
1736,20:10:42:698,2,Moderate_Damage,L2_S3,-1814,1144,14880,-197,24,-115,0,13.2
1737,20:10:42:707,2,Moderate_Damage,L2_S3,-1838,1118,14864,-188,32,-112,0,-2.8
1738,20:10:42:717,2,Moderate_Damage,L2_S3,-1830,1076,14836,-188,25,-112,0,-30.8
1739,20:10:42:727,2,Moderate_Damage,L2_S3,-1790,1090,14890,-185,34,-112,0,23.2
1740,20:10:42:738,2,Moderate_Damage,L2_S3,-1802,1134,14902,-188,26,-116,0,35.2
1741,20:10:42:747,2,Moderate_Damage,L2_S3,-1840,1150,14868,-194,28,-120,0,1.2
1742,20:10:42:757,2,Moderate_Damage,L2_S3,-1842,1114,14876,-193,31,-119,0,9.2
1743,20:10:42:767,2,Moderate_Damage,L2_S3,-1826,1134,14896,-190,30,-120,0,29.2
1744,20:10:42:777,2,Moderate_Damage,L2_S3,-1820,1114,14866,-194,31,-120,0,-0.8
1745,20:10:42:787,2,Moderate_Damage,L2_S3,-1808,1134,14850,-194,27,-118,0,-16.8
1746,20:10:42:797,2,Moderate_Damage,L2_S3,-1822,1108,14816,-188,26,-111,0,-50.8
1747,20:10:42:807,2,Moderate_Damage,L2_S3,-1848,1088,14636,-161,56,-117,0,-230.8
1748,20:10:42:817,2,Moderate_Damage,L2_S3,-1738,1088,14818,-136,4,-110,0,-48.8
1749,20:10:42:827,2,Moderate_Damage,L2_S3,-1874,1166,14844,-93,29,-103,0,-22.8
1750,20:10:42:838,2,Moderate_Damage,L2_S3,-1810,1112,14952,-117,23,-105,0,85.2
1751,20:10:42:847,2,Moderate_Damage,L2_S3,-1842,1182,14880,-87,37,-95,0,13.2
1752,20:10:42:857,2,Moderate_Damage,L2_S3,-1908,1076,14998,-147,14,-103,0,131.2
1753,20:10:42:868,2,Moderate_Damage,L2_S3,-1796,1144,14970,-150,38,-106,0,103.2
1754,20:10:42:878,2,Moderate_Damage,L2_S3,-1864,1150,14960,-197,26,-113,0,93.2
1755,20:10:42:888,2,Moderate_Damage,L2_S3,-1842,1124,14974,-215,36,-122,0,107.2
1756,20:10:42:898,2,Moderate_Damage,L2_S3,-1822,1156,14942,-248,19,-121,0,75.2
1757,20:10:42:908,2,Moderate_Damage,L2_S3,-1854,1122,14834,-274,27,-128,0,-32.8
1758,20:10:42:918,2,Moderate_Damage,L2_S3,-1728,1078,14736,-269,98,-141,0,-130.8
1759,20:10:42:928,2,Moderate_Damage,L2_S3,-1896,1080,14740,-242,-8,-116,0,-126.8
1760,20:10:42:938,2,Moderate_Damage,L2_S3,-1730,1084,14802,-198,7,-119,0,-64.8
1761,20:10:42:948,2,Moderate_Damage,L2_S3,24864,8736,-32768,7567,-3325,1117,1,-47634.8
1762,20:10:42:958,2,Moderate_Damage,L2_S3,-5038,-10984,30542,5359,2933,898,1,15675.2
1763,20:10:42:968,2,Moderate_Damage,L2_S3,-10872,13578,13880,24312,2755,3584,1,-986.8
1764,20:10:42:978,2,Moderate_Damage,L2_S3,1824,-7998,32767,2949,-3925,606,1,17900.2
1765,20:10:42:988,2,Moderate_Damage,L2_S3,-7458,15166,13880,17125,3703,2489,1,-986.8
1766,20:10:42:998,2,Moderate_Damage,L2_S3,-160,-6736,32767,-4641,-1965,-964,1,17900.2
1767,20:10:43:008,2,Moderate_Damage,L2_S3,-9898,13624,16866,3962,1452,846,1,1999.2
1768,20:10:43:018,2,Moderate_Damage,L2_S3,1680,-1492,32767,-11647,-1103,-2393,1,17900.2
1769,20:10:43:028,2,Moderate_Damage,L2_S3,-9432,6278,20274,-8413,1449,-1150,1,5407.2
1770,20:10:43:038,2,Moderate_Damage,L2_S3,3928,3360,19406,-16448,-2750,-2809,0,4539.2
1771,20:10:43:048,2,Moderate_Damage,L2_S3,-5448,704,18220,-16066,2375,-2792,1,3353.2
1772,20:10:43:058,2,Moderate_Damage,L2_S3,-1360,3078,8186,-16931,-2689,-2557,1,-6680.8
1773,20:10:43:068,2,Moderate_Damage,L2_S3,-56,-1848,9288,-16542,1284,-3028,1,-5578.8
1774,20:10:43:078,2,Moderate_Damage,L2_S3,-668,1460,1540,-12324,-1723,-1821,1,-13326.8
1775,20:10:43:088,2,Moderate_Damage,L2_S3,1370,-3510,2954,-10556,526,-1929,1,-11912.8
1776,20:10:43:098,2,Moderate_Damage,L2_S3,-912,-34,-1392,-3841,-407,-594,1,-16258.8
1777,20:10:43:108,2,Moderate_Damage,L2_S3,1376,-2932,1786,-672,-140,-186,1,-13080.8
1778,20:10:43:117,2,Moderate_Damage,L2_S3,268,-366,1296,5778,462,790,1,-13570.8
1779,20:10:43:128,2,Moderate_Damage,L2_S3,-1668,-1078,5324,8987,81,1445,1,-9542.8
1780,20:10:43:137,2,Moderate_Damage,L2_S3,850,892,8604,13364,540,1922,1,-6262.8
1781,20:10:43:148,2,Moderate_Damage,L2_S3,-3378,1222,12624,14854,425,2468,1,-2242.8
1782,20:10:43:158,2,Moderate_Damage,L2_S3,-1364,2452,17390,16070,407,2411,1,2523.2
1783,20:10:43:168,2,Moderate_Damage,L2_S3,-2914,3214,21082,15104,744,2327,1,6215.2
1784,20:10:43:178,2,Moderate_Damage,L2_S3,-3256,3626,24614,12936,-159,2064,1,9747.2
1785,20:10:43:188,2,Moderate_Damage,L2_S3,-3392,4186,27422,9778,1097,1340,1,12555.2
1786,20:10:43:198,2,Moderate_Damage,L2_S3,-5058,4122,28478,5270,-164,862,1,13611.2
1787,20:10:43:207,2,Moderate_Damage,L2_S3,-3368,4400,28576,815,15,2,1,13709.2
1788,20:10:43:218,2,Moderate_Damage,L2_S3,-3626,3900,27676,-4083,503,-811,1,12809.2
1789,20:10:43:228,2,Moderate_Damage,L2_S3,-4388,3780,24670,-8342,-563,-1323,1,9803.2
1790,20:10:43:238,2,Moderate_Damage,L2_S3,-2028,3214,21656,-11903,78,-2139,0,6789.2
1791,20:10:43:248,2,Moderate_Damage,L2_S3,-2640,2298,17652,-14356,-595,-2338,1,2785.2
1792,20:10:43:258,2,Moderate_Damage,L2_S3,-1686,1820,13446,-15428,-405,-2564,1,-1420.8
1793,20:10:43:268,2,Moderate_Damage,L2_S3,-642,808,9616,-15117,-394,-2550,1,-5250.8
1794,20:10:43:278,2,Moderate_Damage,L2_S3,-988,-310,6102,-13480,-609,-2174,1,-8764.8
1795,20:10:43:288,2,Moderate_Damage,L2_S3,604,-688,3480,-10469,-183,-1833,1,-11386.8
1796,20:10:43:298,2,Moderate_Damage,L2_S3,-388,-1544,1870,-6760,-472,-1084,1,-12996.8
1797,20:10:43:308,2,Moderate_Damage,L2_S3,906,-1448,1648,-2231,71,-520,1,-13218.8
1798,20:10:43:318,2,Moderate_Damage,L2_S3,-240,-1282,2330,2235,-131,334,1,-12536.8
1799,20:10:43:327,2,Moderate_Damage,L2_S3,-12,-760,4554,6601,308,919,1,-10312.8
1800,20:10:43:338,2,Moderate_Damage,L2_S3,-532,142,7412,10175,193,1538,0,-7454.8
1801,20:10:43:348,2,Moderate_Damage,L2_S3,-1438,838,10958,12781,383,1975,0,-3908.8
1802,20:10:43:358,2,Moderate_Damage,L2_S3,-1340,1770,15148,14202,578,2116,0,281.2
1803,20:10:43:368,2,Moderate_Damage,L2_S3,-2902,2578,18702,14165,174,2267,0,3835.2
1804,20:10:43:378,2,Moderate_Damage,L2_S3,-2604,3150,22398,12953,696,1915,0,7531.2
1805,20:10:43:388,2,Moderate_Damage,L2_S3,-3498,3570,24920,10391,277,1619,0,10053.2
1806,20:10:43:398,2,Moderate_Damage,L2_S3,-3872,3880,26644,6963,210,1058,0,11777.2
1807,20:10:43:408,2,Moderate_Damage,L2_S3,-3488,3926,27544,2901,510,302,0,12677.2
1808,20:10:43:418,2,Moderate_Damage,L2_S3,-4064,3890,26794,-1447,-117,-250,0,11927.2
1809,20:10:43:428,2,Moderate_Damage,L2_S3,-3342,3664,25252,-5558,202,-1033,0,10385.2
1810,20:10:43:438,2,Moderate_Damage,L2_S3,-3062,3306,22428,-9156,-33,-1577,0,7561.2
1811,20:10:43:448,2,Moderate_Damage,L2_S3,-2764,2626,19210,-12001,-496,-1976,0,4343.2
1812,20:10:43:458,2,Moderate_Damage,L2_S3,-1804,1962,15720,-13510,-40,-2336,0,853.2
1813,20:10:43:468,2,Moderate_Damage,L2_S3,-1482,982,12042,-14011,-641,-2280,0,-2824.8
1814,20:10:43:478,2,Moderate_Damage,L2_S3,-778,336,8586,-13028,-295,-2210,0,-6280.8
1815,20:10:43:488,2,Moderate_Damage,L2_S3,-394,-428,5762,-11020,-465,-1840,0,-9104.8
1816,20:10:43:498,2,Moderate_Damage,L2_S3,-198,-1000,3822,-7955,-334,-1347,0,-11044.8
1817,20:10:43:508,2,Moderate_Damage,L2_S3,344,-1190,2934,-4203,-194,-779,0,-11932.8
1818,20:10:43:518,2,Moderate_Damage,L2_S3,-288,-1214,3016,-140,-159,-65,0,-11850.8
1819,20:10:43:528,2,Moderate_Damage,L2_S3,218,-888,4468,3934,170,499,0,-10398.8
1820,20:10:43:538,2,Moderate_Damage,L2_S3,-800,-342,6578,7515,71,1164,0,-8288.8
1821,20:10:43:548,2,Moderate_Damage,L2_S3,-754,476,9718,10430,375,1541,0,-5148.8
1822,20:10:43:558,2,Moderate_Damage,L2_S3,-1682,1274,13060,12235,302,1893,0,-1806.8
1823,20:10:43:568,2,Moderate_Damage,L2_S3,-2138,2042,16546,12943,387,1979,0,1679.2
1824,20:10:43:578,2,Moderate_Damage,L2_S3,-2456,2646,20044,12373,458,1870,0,5177.2
1825,20:10:43:588,2,Moderate_Damage,L2_S3,-3274,3136,22732,10659,260,1650,0,7865.2
1826,20:10:43:598,2,Moderate_Damage,L2_S3,-3104,3472,24886,7975,466,1147,0,10019.2
1827,20:10:43:608,2,Moderate_Damage,L2_S3,-3756,3670,25916,4541,200,671,0,11049.2
1828,20:10:43:618,2,Moderate_Damage,L2_S3,-3554,3556,26040,722,192,15,0,11173.2
1829,20:10:43:628,2,Moderate_Damage,L2_S3,-3278,3432,25182,-3126,253,-627,0,10315.2
1830,20:10:43:638,2,Moderate_Damage,L2_S3,-3348,3172,23090,-6674,-117,-1127,0,8223.2
1831,20:10:43:648,2,Moderate_Damage,L2_S3,-2554,2768,20484,-9583,-15,-1667,0,5617.2
1832,20:10:43:658,2,Moderate_Damage,L2_S3,-2360,2158,17326,-11639,-332,-1939,0,2459.2
1833,20:10:43:668,2,Moderate_Damage,L2_S3,-1740,1482,13970,-12559,-285,-2098,0,-896.8
1834,20:10:43:678,2,Moderate_Damage,L2_S3,-1072,708,10744,-12367,-342,-2088,0,-4122.8
1835,20:10:43:688,2,Moderate_Damage,L2_S3,-976,-34,7842,-11018,-455,-1822,0,-7024.8
1836,20:10:43:698,2,Moderate_Damage,L2_S3,-126,-546,5834,-8691,-272,-1501,0,-9032.8
1837,20:10:43:708,2,Moderate_Damage,L2_S3,-384,-994,4392,-5617,-351,-945,0,-10474.8
1838,20:10:43:718,2,Moderate_Damage,L2_S3,44,-1002,4098,-2032,-61,-427,0,-10768.8
1839,20:10:43:728,2,Moderate_Damage,L2_S3,-274,-866,4666,1661,-121,201,0,-10200.8
1840,20:10:43:738,2,Moderate_Damage,L2_S3,-394,-476,6342,5144,144,730,0,-8524.8
1841,20:10:43:748,2,Moderate_Damage,L2_S3,-804,214,8696,8139,220,1208,0,-6170.8
1842,20:10:43:758,2,Moderate_Damage,L2_S3,-1396,760,11622,10248,204,1568,0,-3244.8
1843,20:10:43:768,2,Moderate_Damage,L2_S3,-1648,1556,14784,11460,434,1726,0,-82.8
1844,20:10:43:778,2,Moderate_Damage,L2_S3,-2464,2156,17888,11479,264,1780,0,3021.2
1845,20:10:43:788,2,Moderate_Damage,L2_S3,-2664,2744,20796,10503,419,1579,0,5929.2
1846,20:10:43:798,2,Moderate_Damage,L2_S3,-3086,3066,23046,8483,331,1274,0,8179.2
1847,20:10:43:808,2,Moderate_Damage,L2_S3,-3402,3322,24414,5711,248,840,0,9547.2
1848,20:10:43:818,2,Moderate_Damage,L2_S3,-3332,3368,25106,2390,314,270,0,10239.2
1849,20:10:43:828,2,Moderate_Damage,L2_S3,-3468,3332,24564,-1082,96,-239,0,9697.2
1850,20:10:43:838,2,Moderate_Damage,L2_S3,-3096,3070,23348,-4465,139,-827,0,8481.2
1851,20:10:43:848,2,Moderate_Damage,L2_S3,-2782,2806,21114,-7374,-4,-1279,0,6247.2
1852,20:10:43:858,2,Moderate_Damage,L2_S3,-2528,2268,18492,-9691,-224,-1636,0,3625.2
1853,20:10:43:868,2,Moderate_Damage,L2_S3,-1802,1680,15584,-11002,-214,-1879,0,717.2
1854,20:10:43:878,2,Moderate_Damage,L2_S3,-1606,1038,12500,-11341,-295,-1899,0,-2366.8
1855,20:10:43:888,2,Moderate_Damage,L2_S3,-978,416,9830,-10653,-338,-1800,0,-5036.8
1856,20:10:43:898,2,Moderate_Damage,L2_S3,-692,-198,7546,-8995,-343,-1520,0,-7320.8
1857,20:10:43:908,2,Moderate_Damage,L2_S3,-470,-596,5888,-6521,-263,-1127,0,-8978.8
1858,20:10:43:918,2,Moderate_Damage,L2_S3,-204,-810,5192,-3509,-225,-653,0,-9674.8
1859,20:10:43:928,2,Moderate_Damage,L2_S3,-496,-770,5286,-186,-90,-102,0,-9580.8
1860,20:10:43:938,2,Moderate_Damage,L2_S3,-312,-576,6374,3078,20,396,0,-8492.8
1861,20:10:43:948,2,Moderate_Damage,L2_S3,-854,-98,8106,6024,138,888,0,-6760.8
1862,20:10:43:958,2,Moderate_Damage,L2_S3,-1052,524,10648,8346,225,1241,0,-4218.8
1863,20:10:43:968,2,Moderate_Damage,L2_S3,-1572,1126,13358,9856,271,1488,0,-1508.8
1864,20:10:43:978,2,Moderate_Damage,L2_S3,-2038,1714,16268,10405,331,1570,0,1401.2
1865,20:10:43:988,2,Moderate_Damage,L2_S3,-2382,2322,18948,9992,333,1509,0,4081.2
1866,20:10:43:998,2,Moderate_Damage,L2_S3,-2886,2748,21236,8598,298,1308,0,6369.2
1867,20:10:44:008,2,Moderate_Damage,L2_S3,-3042,2992,22970,6440,325,941,0,8103.2
1868,20:10:44:018,2,Moderate_Damage,L2_S3,-3280,3120,23868,3646,221,500,0,9001.2
1869,20:10:44:028,2,Moderate_Damage,L2_S3,-3290,3150,23944,575,189,-4,0,9077.2
1870,20:10:44:038,2,Moderate_Damage,L2_S3,-3088,3008,23156,-2559,144,-507,0,8289.2
1871,20:10:44:048,2,Moderate_Damage,L2_S3,-2978,2760,21508,-5424,2,-951,0,6641.2
1872,20:10:44:058,2,Moderate_Damage,L2_S3,-2514,2412,19304,-7765,-38,-1352,0,4437.2
1873,20:10:44:068,2,Moderate_Damage,L2_S3,-2204,1806,16916,-9465,-242,-1606,0,2049.2
1874,20:10:44:078,2,Moderate_Damage,L2_S3,-1762,1376,14084,-10156,-259,-1719,0,-782.8
1875,20:10:44:088,2,Moderate_Damage,L2_S3,-1354,666,11608,-10025,-251,-1706,0,-3258.8
1876,20:10:44:098,2,Moderate_Damage,L2_S3,-988,220,9194,-8914,-373,-1510,0,-5672.8
1877,20:10:44:108,2,Moderate_Damage,L2_S3,-586,-324,7504,-7072,-254,-1225,0,-7362.8
1878,20:10:44:118,2,Moderate_Damage,L2_S3,-608,-558,6382,-4533,-227,-798,0,-8484.8
1879,20:10:44:128,2,Moderate_Damage,L2_S3,-370,-686,6168,-1675,-127,-359,0,-8698.8
1880,20:10:44:138,2,Moderate_Damage,L2_S3,-616,-512,6598,1326,-21,129,0,-8268.8
1881,20:10:44:148,2,Moderate_Damage,L2_S3,-680,-228,7986,4119,52,573,0,-6880.8
1882,20:10:44:158,2,Moderate_Damage,L2_S3,-1086,288,9848,6558,222,959,0,-5018.8
1883,20:10:44:168,2,Moderate_Damage,L2_S3,-1436,794,12294,8252,191,1238,0,-2572.8
1884,20:10:44:178,2,Moderate_Damage,L2_S3,-1740,1410,14776,9219,313,1383,0,-90.8
1885,20:10:44:188,2,Moderate_Damage,L2_S3,-2222,1798,17424,9230,303,1394,0,2557.2
1886,20:10:44:198,2,Moderate_Damage,L2_S3,-2562,2334,19702,8436,297,1260,0,4835.2
1887,20:10:44:208,2,Moderate_Damage,L2_S3,-2802,2624,21468,6794,304,1000,0,6601.2
1888,20:10:44:218,2,Moderate_Damage,L2_S3,-3094,2896,22646,4537,230,646,0,7779.2
1889,20:10:44:228,2,Moderate_Damage,L2_S3,-3092,2930,23104,1858,213,208,0,8237.2
1890,20:10:44:238,2,Moderate_Damage,L2_S3,-3096,2904,22758,-957,134,-241,0,7891.2
1891,20:10:44:248,2,Moderate_Damage,L2_S3,-2932,2718,21648,-3680,49,-687,0,6781.2
1892,20:10:44:258,2,Moderate_Damage,L2_S3,-2608,2370,19918,-6040,-5,-1068,0,5051.2
1893,20:10:44:268,2,Moderate_Damage,L2_S3,-2368,2002,17794,-7873,-174,-1351,0,2927.2
1894,20:10:44:279,2,Moderate_Damage,L2_S3,-1886,1512,15462,-8964,-228,-1532,0,595.2
1895,20:10:44:288,2,Moderate_Damage,L2_S3,-1538,988,12960,-9187,-245,-1561,0,-1906.8
1896,20:10:44:298,2,Moderate_Damage,L2_S3,-1134,464,10722,-8623,-308,-1468,0,-4144.8
1897,20:10:44:308,2,Moderate_Damage,L2_S3,-912,16,8940,-7265,-262,-1251,0,-5926.8
1898,20:10:44:318,2,Moderate_Damage,L2_S3,-696,-314,7604,-5254,-236,-925,0,-7262.8
1899,20:10:44:328,2,Moderate_Damage,L2_S3,-522,-510,7072,-2811,-158,-533,0,-7794.8
1900,20:10:44:338,2,Moderate_Damage,L2_S3,-642,-390,7116,-124,-39,-101,0,-7750.8
1901,20:10:44:348,2,Moderate_Damage,L2_S3,-730,-232,8018,2511,25,314,0,-6848.8
1902,20:10:44:358,2,Moderate_Damage,L2_S3,-948,136,9542,4877,119,689,0,-5324.8
1903,20:10:44:368,2,Moderate_Damage,L2_S3,-1310,616,11424,6763,216,1000,0,-3442.8
1904,20:10:44:378,2,Moderate_Damage,L2_S3,-1566,1094,13740,7927,213,1185,0,-1126.8
1905,20:10:44:388,2,Moderate_Damage,L2_S3,-2034,1590,16128,8381,314,1262,0,1261.2
1906,20:10:44:398,2,Moderate_Damage,L2_S3,-2338,1992,18266,8000,294,1200,0,3399.2
1907,20:10:44:408,2,Moderate_Damage,L2_S3,-2660,2384,20076,6871,269,1019,0,5209.2
1908,20:10:44:418,2,Moderate_Damage,L2_S3,-2874,2572,21422,5088,257,723,0,6555.2
1909,20:10:44:428,2,Moderate_Damage,L2_S3,-2934,2722,22142,2840,203,370,0,7275.2
1910,20:10:44:438,2,Moderate_Damage,L2_S3,-2994,2774,22234,330,139,-31,0,7367.2
1911,20:10:44:448,2,Moderate_Damage,L2_S3,-2888,2654,21596,-2192,70,-443,0,6729.2
1912,20:10:44:458,2,Moderate_Damage,L2_S3,-2746,2394,20250,-4490,5,-813,0,5383.2
1913,20:10:44:468,2,Moderate_Damage,L2_S3,-2366,2124,18414,-6387,-86,-1114,0,3547.2
1914,20:10:44:478,2,Moderate_Damage,L2_S3,-2062,1636,16402,-7712,-184,-1324,0,1535.2
1915,20:10:44:488,2,Moderate_Damage,L2_S3,-1714,1168,14196,-8289,-255,-1418,0,-670.8
1916,20:10:44:498,2,Moderate_Damage,L2_S3,-1430,724,12124,-8099,-223,-1397,0,-2742.8
1917,20:10:44:508,2,Moderate_Damage,L2_S3,-1062,330,10224,-7189,-287,-1240,0,-4642.8
1918,20:10:44:518,2,Moderate_Damage,L2_S3,-872,-74,8860,-5676,-191,-991,0,-6006.8
1919,20:10:44:528,2,Moderate_Damage,L2_S3,-788,-238,7954,-3602,-164,-656,0,-6912.8
1920,20:10:44:538,2,Moderate_Damage,L2_S3,-702,-338,7824,-1279,-72,-289,0,-7042.8
1921,20:10:44:548,2,Moderate_Damage,L2_S3,-774,-210,8232,1151,30,100,0,-6634.8
1922,20:10:44:558,2,Moderate_Damage,L2_S3,-936,42,9402,3404,78,453,0,-5464.8
1923,20:10:44:568,2,Moderate_Damage,L2_S3,-1192,380,10970,5334,165,769,0,-3896.8
1924,20:10:44:578,2,Moderate_Damage,L2_S3,-1572,870,12844,6730,247,987,0,-2022.8
1925,20:10:44:588,2,Moderate_Damage,L2_S3,-1746,1260,14958,7418,226,1102,0,91.2
1926,20:10:44:598,2,Moderate_Damage,L2_S3,-2230,1754,17040,7435,312,1104,0,2173.2
1927,20:10:44:608,2,Moderate_Damage,L2_S3,-2430,2106,18844,6720,259,990,0,3977.2
1928,20:10:44:618,2,Moderate_Damage,L2_S3,-2644,2378,20272,5384,239,776,0,5405.2
1929,20:10:44:628,2,Moderate_Damage,L2_S3,-2808,2534,21218,3515,196,481,0,6351.2
1930,20:10:44:638,2,Moderate_Damage,L2_S3,-2848,2556,21560,1352,149,130,0,6693.2
1931,20:10:44:648,2,Moderate_Damage,L2_S3,-2834,2564,21224,-944,62,-240,0,6357.2
1932,20:10:44:658,2,Moderate_Damage,L2_S3,-2718,2348,20300,-3137,23,-597,0,5433.2
1933,20:10:44:668,2,Moderate_Damage,L2_S3,-2448,2140,18942,-5039,-58,-902,0,4075.2
1934,20:10:44:678,2,Moderate_Damage,L2_S3,-2254,1818,17086,-6465,-132,-1123,0,2219.2
1935,20:10:44:689,2,Moderate_Damage,L2_S3,-1888,1328,15150,-7350,-223,-1271,0,283.2
1936,20:10:44:698,2,Moderate_Damage,L2_S3,-1524,988,13198,-7458,-227,-1279,0,-1668.8
1937,20:10:44:708,2,Moderate_Damage,L2_S3,-1288,462,11462,-6983,-205,-1201,0,-3404.8
1938,20:10:44:718,2,Moderate_Damage,L2_S3,-1056,170,9920,-5804,-216,-1012,0,-4946.8
1939,20:10:44:728,2,Moderate_Damage,L2_S3,-948,-134,9002,-4197,-145,-762,0,-5864.8
1940,20:10:44:738,2,Moderate_Damage,L2_S3,-836,-144,8498,-2137,-74,-433,0,-6368.8
1941,20:10:44:748,2,Moderate_Damage,L2_S3,-786,-158,8658,15,-21,-90,0,-6208.8
1942,20:10:44:758,2,Moderate_Damage,L2_S3,-972,-12,9342,2150,90,259,0,-5524.8
1943,20:10:44:768,2,Moderate_Damage,L2_S3,-1216,276,10558,4038,133,555,0,-4308.8
1944,20:10:44:778,2,Moderate_Damage,L2_S3,-1394,670,12238,5533,192,802,0,-2628.8
1945,20:10:44:788,2,Moderate_Damage,L2_S3,-1746,1084,14050,6470,264,944,0,-816.8
1946,20:10:44:798,2,Moderate_Damage,L2_S3,-1928,1482,15984,6747,202,991,0,1117.2
1947,20:10:44:809,2,Moderate_Damage,L2_S3,-2284,1886,17760,6412,299,936,0,2893.2
1948,20:10:44:818,2,Moderate_Damage,L2_S3,-2470,2110,19174,5452,204,790,0,4307.2
1949,20:10:44:828,2,Moderate_Damage,L2_S3,-2670,2354,20266,3958,184,546,0,5399.2
1950,20:10:44:838,2,Moderate_Damage,L2_S3,-2774,2412,20850,2115,151,250,0,5983.2
1951,20:10:44:848,2,Moderate_Damage,L2_S3,-2750,2470,20788,66,60,-79,0,5921.2
1952,20:10:44:858,2,Moderate_Damage,L2_S3,-2670,2298,20238,-1990,23,-407,0,5371.2
1953,20:10:44:868,2,Moderate_Damage,L2_S3,-2510,2120,19138,-3831,-53,-698,0,4271.2
1954,20:10:44:878,2,Moderate_Damage,L2_S3,-2288,1822,17610,-5347,-110,-940,0,2743.2
1955,20:10:44:889,2,Moderate_Damage,L2_S3,-2014,1486,15886,-6359,-162,-1108,0,1019.2
1956,20:10:44:899,2,Moderate_Damage,L2_S3,-1770,1072,14216,-6813,-222,-1181,0,-650.8
1957,20:10:44:908,2,Moderate_Damage,L2_S3,-1446,756,12412,-6574,-180,-1145,0,-2454.8
1958,20:10:44:918,2,Moderate_Damage,L2_S3,-1192,390,10980,-5815,-196,-1014,0,-3886.8
1959,20:10:44:928,2,Moderate_Damage,L2_S3,-1020,90,9846,-4509,-138,-802,0,-5020.8
1960,20:10:44:938,2,Moderate_Damage,L2_S3,-874,-2,9268,-2812,-83,-532,0,-5598.8
1961,20:10:44:948,2,Moderate_Damage,L2_S3,-918,-104,9130,-892,-24,-228,0,-5736.8
1962,20:10:44:958,2,Moderate_Damage,L2_S3,-958,56,9498,1090,73,81,0,-5368.8
1963,20:10:44:968,2,Moderate_Damage,L2_S3,-1130,254,10470,2889,93,379,0,-4396.8
1964,20:10:44:978,2,Moderate_Damage,L2_S3,-1270,578,11814,4437,190,612,0,-3052.8
1965,20:10:44:988,2,Moderate_Damage,L2_S3,-1650,980,13410,5544,242,795,0,-1456.8
1966,20:10:44:998,2,Moderate_Damage,L2_S3,-1782,1194,15138,6016,195,876,0,271.2
1967,20:10:45:008,2,Moderate_Damage,L2_S3,-2150,1602,16744,6002,269,872,0,1877.2
1968,20:10:45:018,2,Moderate_Damage,L2_S3,-2348,1900,18354,5343,198,778,0,3487.2
1969,20:10:45:028,2,Moderate_Damage,L2_S3,-2526,2158,19414,4237,185,587,0,4547.2
1970,20:10:45:038,2,Moderate_Damage,L2_S3,-2712,2298,20096,2658,146,339,0,5229.2
1971,20:10:45:048,2,Moderate_Damage,L2_S3,-2642,2314,20326,878,66,58,0,5459.2
1972,20:10:45:058,2,Moderate_Damage,L2_S3,-2614,2244,19998,-1000,45,-248,0,5131.2
1973,20:10:45:069,2,Moderate_Damage,L2_S3,-2556,2118,19244,-2786,-56,-526,0,4377.2
1974,20:10:45:078,2,Moderate_Damage,L2_S3,-2304,1846,18078,-4293,-60,-775,0,3211.2
1975,20:10:45:088,2,Moderate_Damage,L2_S3,-2090,1574,16476,-5423,-133,-948,0,1609.2
1976,20:10:45:099,2,Moderate_Damage,L2_S3,-1806,1302,14960,-6077,-182,-1063,0,93.2
1977,20:10:45:109,2,Moderate_Damage,L2_S3,-1560,916,13364,-6140,-165,-1068,0,-1502.8
1978,20:10:45:118,2,Moderate_Damage,L2_S3,-1378,586,11888,-5645,-181,-987,0,-2978.8
1979,20:10:45:128,2,Moderate_Damage,L2_S3,-1134,338,10672,-4657,-131,-833,0,-4194.8
1980,20:10:45:138,2,Moderate_Damage,L2_S3,-1072,86,10068,-3284,-83,-606,0,-4798.8
1981,20:10:45:148,2,Moderate_Damage,L2_S3,-998,132,9666,-1588,-16,-341,0,-5200.8
1982,20:10:45:158,2,Moderate_Damage,L2_S3,-1040,96,9844,197,19,-55,0,-5022.8
1983,20:10:45:168,2,Moderate_Damage,L2_S3,-1164,246,10454,1909,105,217,0,-4412.8
1984,20:10:45:178,2,Moderate_Damage,L2_S3,-1300,508,11530,3437,134,460,0,-3336.8
1985,20:10:45:188,2,Moderate_Damage,L2_S3,-1492,758,12908,4602,177,655,0,-1958.8
1986,20:10:45:198,2,Moderate_Damage,L2_S3,-1776,1148,14388,5325,237,771,0,-478.8
1987,20:10:45:208,2,Moderate_Damage,L2_S3,-1930,1414,16010,5467,167,790,0,1143.2
1988,20:10:45:218,2,Moderate_Damage,L2_S3,-2220,1754,17418,5138,224,739,0,2551.2
1989,20:10:45:228,2,Moderate_Damage,L2_S3,-2370,1908,18552,4293,172,600,0,3685.2
1990,20:10:45:238,2,Moderate_Damage,L2_S3,-2530,2112,19402,3033,121,403,0,4535.2
1991,20:10:45:248,2,Moderate_Damage,L2_S3,-2664,2208,19802,1493,108,148,0,4935.2
1992,20:10:45:258,2,Moderate_Damage,L2_S3,-2552,2110,19720,-217,18,-120,0,4853.2
1993,20:10:45:268,2,Moderate_Damage,L2_S3,-2528,2080,19126,-1856,2,-378,0,4259.2
1994,20:10:45:279,2,Moderate_Damage,L2_S3,-2312,1864,18224,-3377,-51,-627,0,3357.2
1995,20:10:45:289,2,Moderate_Damage,L2_S3,-2184,1676,16942,-4540,-92,-814,0,2075.2
1996,20:10:45:299,2,Moderate_Damage,L2_S3,-1934,1386,15562,-5316,-112,-934,0,695.2
1997,20:10:45:309,2,Moderate_Damage,L2_S3,-1720,1042,14118,-5609,-146,-982,0,-748.8
1998,20:10:45:319,2,Moderate_Damage,L2_S3,-1432,742,12688,-5401,-189,-950,0,-2178.8
1999,20:10:45:328,2,Moderate_Damage,L2_S3,-1354,496,11460,-4629,-65,-830,0,-3406.8
2000,20:10:45:339,2,Moderate_Damage,L2_S3,-1096,306,10698,-3552,-145,-655,0,-4168.8
2001,20:10:45:348,2,Moderate_Damage,L2_S3,-1062,134,10184,-2123,-25,-425,0,-4682.8
2002,20:10:45:358,2,Moderate_Damage,L2_S3,-1070,220,10172,-517,19,-166,0,-4694.8
2003,20:10:45:368,2,Moderate_Damage,L2_S3,-1116,224,10620,1076,61,87,0,-4246.8
2004,20:10:45:378,2,Moderate_Damage,L2_S3,-1224,422,11426,2546,110,319,0,-3440.8
2005,20:10:45:388,2,Moderate_Damage,L2_S3,-1468,706,12508,3736,144,512,0,-2358.8
2006,20:10:45:398,2,Moderate_Damage,L2_S3,-1634,992,13912,4593,194,648,0,-954.8
2007,20:10:45:408,2,Moderate_Damage,L2_S3,-1922,1256,15248,4953,201,707,0,381.2
2008,20:10:45:419,2,Moderate_Damage,L2_S3,-2042,1544,16684,4793,142,682,0,1817.2
2009,20:10:45:429,2,Moderate_Damage,L2_S3,-2330,1808,17852,4229,204,595,0,2985.2
2010,20:10:45:438,2,Moderate_Damage,L2_S3,-2416,2026,18632,3242,124,429,0,3765.2
2011,20:10:45:448,2,Moderate_Damage,L2_S3,-2532,2104,19224,1929,97,228,0,4357.2
2012,20:10:45:459,2,Moderate_Damage,L2_S3,-2522,2022,19356,425,53,-15,0,4489.2
2013,20:10:45:468,2,Moderate_Damage,L2_S3,-2464,2008,18962,-1097,10,-253,0,4095.2
2014,20:10:45:479,2,Moderate_Damage,L2_S3,-2356,1884,18312,-2544,-22,-494,0,3445.2
2015,20:10:45:489,2,Moderate_Damage,L2_S3,-2192,1738,17308,-3737,-56,-687,0,2441.2
2016,20:10:45:499,2,Moderate_Damage,L2_S3,-1984,1440,16010,-4591,-106,-820,0,1143.2
2017,20:10:45:509,2,Moderate_Damage,L2_S3,-1784,1194,14614,-5024,-112,-888,0,-252.8
2018,20:10:45:519,2,Moderate_Damage,L2_S3,-1592,792,13502,-5063,-167,-892,0,-1364.8
2019,20:10:45:529,2,Moderate_Damage,L2_S3,-1396,706,12196,-4516,-99,-808,0,-2670.8
2020,20:10:45:538,2,Moderate_Damage,L2_S3,-1228,366,11398,-3684,-77,-683,0,-3468.8
2021,20:10:45:548,2,Moderate_Damage,L2_S3,-1186,330,10730,-2464,-87,-476,0,-4136.8
2022,20:10:45:559,2,Moderate_Damage,L2_S3,-1124,176,10688,-1117,16,-277,0,-4178.8
2023,20:10:45:568,2,Moderate_Damage,L2_S3,-1234,304,10762,402,48,-24,0,-4104.8
2024,20:10:45:578,2,Moderate_Damage,L2_S3,-1254,412,11434,1762,70,193,0,-3432.8
2025,20:10:45:588,2,Moderate_Damage,L2_S3,-1442,632,12364,2979,146,391,0,-2502.8
2026,20:10:45:598,2,Moderate_Damage,L2_S3,-1532,858,13512,3855,125,528,0,-1354.8
2027,20:10:45:608,2,Moderate_Damage,L2_S3,-1872,1204,14622,4410,218,623,0,-244.8
2028,20:10:45:618,2,Moderate_Damage,L2_S3,-1986,1350,16076,4404,131,627,0,1209.2
2029,20:10:45:629,2,Moderate_Damage,L2_S3,-2160,1710,17184,4077,158,574,0,2317.2
2030,20:10:45:639,2,Moderate_Damage,L2_S3,-2296,1804,18170,3286,164,442,0,3303.2
2031,20:10:45:648,2,Moderate_Damage,L2_S3,-2370,1954,18682,2238,96,268,0,3815.2
2032,20:10:45:658,2,Moderate_Damage,L2_S3,-2432,1954,18940,902,79,53,0,4073.2
2033,20:10:45:668,2,Moderate_Damage,L2_S3,-2444,1988,18748,-447,35,-161,0,3881.2
2034,20:10:45:679,2,Moderate_Damage,L2_S3,-2320,1870,18282,-1825,-16,-376,0,3415.2
2035,20:10:45:689,2,Moderate_Damage,L2_S3,-2224,1732,17432,-2986,-28,-564,0,2565.2
2036,20:10:45:699,2,Moderate_Damage,L2_S3,-2090,1494,16488,-3907,-84,-709,0,1621.2
2037,20:10:45:709,2,Moderate_Damage,L2_S3,-1856,1238,15180,-4446,-90,-792,0,313.2
2038,20:10:45:719,2,Moderate_Damage,L2_S3,-1730,1026,13914,-4617,-119,-827,0,-952.8
2039,20:10:45:729,2,Moderate_Damage,L2_S3,-1468,728,12870,-4364,-137,-784,0,-1996.8
2040,20:10:45:739,2,Moderate_Damage,L2_S3,-1364,576,11946,-3658,-32,-677,0,-2920.8
2041,20:10:45:749,2,Moderate_Damage,L2_S3,-1222,370,11334,-2715,-95,-521,0,-3532.8
2042,20:10:45:759,2,Moderate_Damage,L2_S3,-1202,262,10940,-1514,-6,-325,0,-3926.8
2043,20:10:45:768,2,Moderate_Damage,L2_S3,-1166,326,10998,-182,30,-111,0,-3868.8
2044,20:10:45:778,2,Moderate_Damage,L2_S3,-1198,436,11504,1111,39,88,0,-3362.8
2045,20:10:45:789,2,Moderate_Damage,L2_S3,-1424,592,12188,2275,117,277,0,-2678.8
2046,20:10:45:798,2,Moderate_Damage,L2_S3,-1488,810,13206,3189,105,423,0,-1660.8
2047,20:10:45:809,2,Moderate_Damage,L2_S3,-1664,1036,14360,3790,153,522,0,-506.8
2048,20:10:45:819,2,Moderate_Damage,L2_S3,-1964,1326,15360,4059,193,564,0,493.2
2049,20:10:45:829,2,Moderate_Damage,L2_S3,-2020,1486,16562,3791,105,525,0,1695.2
2050,20:10:45:839,2,Moderate_Damage,L2_S3,-2286,1738,17396,3295,155,436,0,2529.2
2051,20:10:45:849,2,Moderate_Damage,L2_S3,-2332,1786,18166,2382,106,289,0,3299.2
2052,20:10:45:858,2,Moderate_Damage,L2_S3,-2434,1916,18436,1316,71,131,0,3569.2
2053,20:10:45:868,2,Moderate_Damage,L2_S3,-2376,1850,18582,16,55,-85,0,3715.2
2054,20:10:45:879,2,Moderate_Damage,L2_S3,-2372,1908,18192,-1172,19,-275,0,3325.2
2055,20:10:45:889,2,Moderate_Damage,L2_S3,-2222,1706,17540,-2357,-39,-465,0,2673.2
2056,20:10:45:899,2,Moderate_Damage,L2_S3,-2148,1566,16644,-3251,-34,-605,0,1777.2
2057,20:10:45:909,2,Moderate_Damage,L2_S3,-1944,1298,15546,-3902,-71,-710,0,679.2
2058,20:10:45:919,2,Moderate_Damage,L2_S3,-1780,1118,14484,-4152,-92,-748,0,-382.8
2059,20:10:45:929,2,Moderate_Damage,L2_S3,-1530,862,13500,-4123,-129,-751,0,-1366.8
2060,20:10:45:939,2,Moderate_Damage,L2_S3,-1490,742,12436,-3580,-65,-659,0,-2430.8
2061,20:10:45:949,2,Moderate_Damage,L2_S3,-1310,528,11898,-2852,-57,-547,0,-2968.8
2062,20:10:45:959,2,Moderate_Damage,L2_S3,-1266,482,11408,-1792,-40,-369,0,-3458.8
2063,20:10:45:969,2,Moderate_Damage,L2_S3,-1276,402,11406,-674,24,-197,0,-3460.8
2064,20:10:45:978,2,Moderate_Damage,L2_S3,-1326,450,11594,571,45,5,0,-3272.8
2065,20:10:45:989,2,Moderate_Damage,L2_S3,-1376,578,12196,1634,61,179,0,-2670.8
2066,20:10:45:999,2,Moderate_Damage,L2_S3,-1576,724,12956,2588,124,326,0,-1910.8
2067,20:10:46:009,2,Moderate_Damage,L2_S3,-1698,986,13976,3237,107,425,0,-890.8
2068,20:10:46:019,2,Moderate_Damage,L2_S3,-1792,1168,15026,3573,149,478,0,159.2
2069,20:10:46:029,2,Moderate_Damage,L2_S3,-2116,1416,16004,3585,184,490,0,1137.2
2070,20:10:46:039,2,Moderate_Damage,L2_S3,-2092,1516,17008,3108,69,412,0,2141.2
2071,20:10:46:049,2,Moderate_Damage,L2_S3,-2360,1790,17556,2498,157,316,0,2689.2
2072,20:10:46:059,2,Moderate_Damage,L2_S3,-2222,1804,17980,1526,68,154,0,3113.2
2073,20:10:46:068,2,Moderate_Damage,L2_S3,-2366,1834,18158,465,43,-8,0,3291.2
2074,20:10:46:079,2,Moderate_Damage,L2_S3,-2324,1798,18004,-705,25,-203,0,3137.2
2075,20:10:46:089,2,Moderate_Damage,L2_S3,-2284,1722,17480,-1741,-16,-362,0,2613.2
2076,20:10:46:099,2,Moderate_Damage,L2_S3,-2142,1598,16838,-2689,-36,-514,0,1971.2
2077,20:10:46:109,2,Moderate_Damage,L2_S3,-1956,1386,15882,-3350,-40,-628,0,1015.2
2078,20:10:46:119,2,Moderate_Damage,L2_S3,-1792,1254,14902,-3724,-93,-684,0,35.2
2079,20:10:46:129,2,Moderate_Damage,L2_S3,-1652,1000,13954,-3789,-88,-695,0,-912.8
2080,20:10:46:139,2,Moderate_Damage,L2_S3,-1398,600,12386,-2855,-55,-541,0,-2480.8
2081,20:10:46:149,2,Moderate_Damage,L2_S3,-1348,502,11824,-2017,-40,-409,0,-3042.8
2082,20:10:46:159,2,Moderate_Damage,L2_S3,-1324,490,11642,-1015,-10,-248,0,-3224.8
2083,20:10:46:168,2,Moderate_Damage,L2_S3,-1328,496,11778,90,66,-76,0,-3088.8
2084,20:10:46:178,2,Moderate_Damage,L2_S3,-1350,522,12326,1111,51,91,0,-2540.8
2085,20:10:46:189,2,Moderate_Damage,L2_S3,-1472,718,12904,2037,99,245,0,-1962.8
2086,20:10:46:199,2,Moderate_Damage,L2_S3,-1624,880,13718,2711,104,351,0,-1148.8
2087,20:10:46:209,2,Moderate_Damage,L2_S3,-1812,1082,14628,3123,122,414,0,-238.8
2088,20:10:46:219,2,Moderate_Damage,L2_S3,-1942,1296,15564,3239,155,430,0,697.2
2089,20:10:46:229,2,Moderate_Damage,L2_S3,-2116,1474,16460,3001,130,387,0,1593.2
2090,20:10:46:239,2,Moderate_Damage,L2_S3,-2144,1558,17212,2444,71,306,0,2345.2
2091,20:10:46:249,2,Moderate_Damage,L2_S3,-2288,1700,17590,1715,134,184,0,2723.2
2092,20:10:46:258,2,Moderate_Damage,L2_S3,-2276,1752,17776,763,33,38,0,2909.2
2093,20:10:46:269,2,Moderate_Damage,L2_S3,-2276,1684,17774,-282,42,-135,0,2907.2
2094,20:10:46:279,2,Moderate_Damage,L2_S3,-2218,1692,17422,-1251,26,-287,0,2555.2
2095,20:10:46:289,2,Moderate_Damage,L2_S3,-2106,1532,16930,-2166,-54,-424,0,2063.2
2096,20:10:46:299,2,Moderate_Damage,L2_S3,-2006,1472,16058,-2844,-11,-552,0,1191.2
2097,20:10:46:309,2,Moderate_Damage,L2_S3,-1874,1220,15258,-3298,-75,-617,0,391.2
2098,20:10:46:319,2,Moderate_Damage,L2_S3,-1754,1036,14294,-3434,-68,-633,0,-572.8
2099,20:10:46:329,2,Moderate_Damage,L2_S3,-1562,834,13540,-3322,-94,-617,0,-1326.8
2100,20:10:46:339,2,Moderate_Damage,L2_S3,-1538,766,12794,-2799,-42,-530,0,-2072.8
2101,20:10:46:349,2,Moderate_Damage,L2_S3,-1436,528,12352,-2144,-31,-423,0,-2514.8
2102,20:10:46:359,2,Moderate_Damage,L2_S3,-1432,550,12014,-1253,9,-287,0,-2852.8
2103,20:10:46:369,2,Moderate_Damage,L2_S3,-1346,570,12100,-311,8,-140,0,-2766.8
2104,20:10:46:378,2,Moderate_Damage,L2_S3,-1428,560,12374,680,73,20,0,-2492.8
2105,20:10:46:389,2,Moderate_Damage,L2_S3,-1468,694,12840,1532,59,157,0,-2026.8
2106,20:10:46:399,2,Moderate_Damage,L2_S3,-1588,834,13548,2233,97,270,0,-1318.8
2107,20:10:46:409,2,Moderate_Damage,L2_S3,-1784,1026,14390,2694,112,344,0,-476.8
2108,20:10:46:419,2,Moderate_Damage,L2_S3,-1852,1232,15218,2883,98,375,0,351.2
2109,20:10:46:429,2,Moderate_Damage,L2_S3,-1992,1370,15994,2795,148,361,0,1127.2
2110,20:10:46:439,2,Moderate_Damage,L2_S3,-2160,1526,16664,2408,115,302,0,1797.2
2111,20:10:46:449,2,Moderate_Damage,L2_S3,-2142,1666,17206,1752,46,196,0,2339.2
2112,20:10:46:459,2,Moderate_Damage,L2_S3,-2274,1614,17502,971,118,71,0,2635.2
2113,20:10:46:468,2,Moderate_Damage,L2_S3,-2196,1684,17592,64,17,-76,0,2725.2
2114,20:10:46:479,2,Moderate_Damage,L2_S3,-2246,1700,17226,-837,39,-221,0,2359.2
2115,20:10:46:489,2,Moderate_Damage,L2_S3,-2094,1496,16866,-1715,-18,-361,0,1999.2
2116,20:10:46:499,2,Moderate_Damage,L2_S3,-2114,1466,16204,-2376,-21,-458,0,1337.2
2117,20:10:46:509,2,Moderate_Damage,L2_S3,-1910,1262,15434,-2889,-39,-547,0,567.2
2118,20:10:46:519,2,Moderate_Damage,L2_S3,-1842,1116,14644,-3080,-49,-574,0,-222.8
2119,20:10:46:529,2,Moderate_Damage,L2_S3,-1674,962,13862,-3060,-56,-582,0,-1004.8
2120,20:10:46:539,2,Moderate_Damage,L2_S3,-1528,770,13232,-2750,-72,-521,0,-1634.8
2121,20:10:46:549,2,Moderate_Damage,L2_S3,-1532,678,12710,-2148,-12,-426,0,-2156.8
2122,20:10:46:559,2,Moderate_Damage,L2_S3,-1324,598,12380,-1446,-34,-321,0,-2486.8
2123,20:10:46:569,2,Moderate_Damage,L2_S3,-1514,574,12310,-594,49,-179,0,-2556.8
2124,20:10:46:579,2,Moderate_Damage,L2_S3,-1374,656,12450,285,23,-44,0,-2416.8
2125,20:10:46:589,2,Moderate_Damage,L2_S3,-1524,742,12832,1107,71,95,0,-2034.8
2126,20:10:46:599,2,Moderate_Damage,L2_S3,-1582,834,13496,1797,75,201,0,-1370.8
2127,20:10:46:609,2,Moderate_Damage,L2_S3,-1690,982,14178,2293,80,285,0,-688.8
2128,20:10:46:619,2,Moderate_Damage,L2_S3,-1874,1126,14952,2546,112,323,0,85.2
2129,20:10:46:629,2,Moderate_Damage,L2_S3,-1964,1284,15696,2533,97,324,0,829.2
2130,20:10:46:639,2,Moderate_Damage,L2_S3,-2070,1470,16326,2304,130,291,0,1459.2
2131,20:10:46:649,2,Moderate_Damage,L2_S3,-2126,1538,16756,1792,86,208,0,1889.2
2132,20:10:46:659,2,Moderate_Damage,L2_S3,-2122,1612,17248,1096,28,90,0,2381.2
2133,20:10:46:669,2,Moderate_Damage,L2_S3,-2258,1666,17214,329,90,-32,0,2347.2
2134,20:10:46:679,2,Moderate_Damage,L2_S3,-2136,1628,17142,-515,-13,-168,0,2275.2
2135,20:10:46:689,2,Moderate_Damage,L2_S3,-2174,1538,16822,-1307,12,-293,0,1955.2
2136,20:10:46:699,2,Moderate_Damage,L2_S3,-2002,1440,16330,-1980,-10,-406,0,1463.2
2137,20:10:46:709,2,Moderate_Damage,L2_S3,-1966,1310,15610,-2483,-45,-480,0,743.2
2138,20:10:46:719,2,Moderate_Damage,L2_S3,-1802,1160,14836,-2767,-20,-533,0,-30.8
2139,20:10:46:729,2,Moderate_Damage,L2_S3,-1712,1012,14182,-2799,-55,-536,0,-684.8
2140,20:10:46:739,2,Moderate_Damage,L2_S3,-1616,876,13532,-2602,-43,-505,0,-1334.8
2141,20:10:46:749,2,Moderate_Damage,L2_S3,-1508,720,13064,-2183,-51,-438,0,-1802.8
2142,20:10:46:759,2,Moderate_Damage,L2_S3,-1528,660,12692,-1508,2,-326,0,-2174.8
2143,20:10:46:769,2,Moderate_Damage,L2_S3,-1416,650,12556,-809,-3,-217,0,-2310.8
2144,20:10:46:779,2,Moderate_Damage,L2_S3,-1474,650,12660,-8,36,-84,0,-2206.8
2145,20:10:46:789,2,Moderate_Damage,L2_S3,-1502,722,12894,747,61,32,0,-1972.8
2146,20:10:46:799,2,Moderate_Damage,L2_S3,-1600,814,13414,1421,66,140,0,-1452.8
2147,20:10:46:809,2,Moderate_Damage,L2_S3,-1698,932,13974,1928,82,227,0,-892.8
2148,20:10:46:819,2,Moderate_Damage,L2_S3,-1770,1114,14704,2229,103,269,0,-162.8
2149,20:10:46:829,2,Moderate_Damage,L2_S3,-1922,1252,15386,2288,84,281,0,519.2
2150,20:10:46:839,2,Moderate_Damage,L2_S3,-1988,1382,16088,2128,97,246,0,1221.2
2151,20:10:46:849,2,Moderate_Damage,L2_S3,-2102,1466,16526,1738,80,191,0,1659.2
2152,20:10:46:859,2,Moderate_Damage,L2_S3,-2154,1596,16922,1217,91,108,0,2055.2
2153,20:10:46:869,2,Moderate_Damage,L2_S3,-2160,1568,17034,491,44,-8,0,2167.2
2154,20:10:46:879,2,Moderate_Damage,L2_S3,-2134,1578,16964,-244,4,-118,0,2097.2
2155,20:10:46:889,2,Moderate_Damage,L2_S3,-2148,1516,16676,-977,56,-246,0,1809.2
2156,20:10:46:899,2,Moderate_Damage,L2_S3,-2014,1494,16212,-1606,-41,-342,0,1345.2
2157,20:10:46:909,2,Moderate_Damage,L2_S3,-2044,1332,15638,-2143,5,-425,0,771.2
2158,20:10:46:919,2,Moderate_Damage,L2_S3,-1896,1242,15062,-2425,-36,-480,0,195.2
2159,20:10:46:929,2,Moderate_Damage,L2_S3,-1758,1086,14424,-2553,-54,-486,0,-442.8
2160,20:10:46:939,2,Moderate_Damage,L2_S3,-1704,966,13860,-2424,-7,-475,0,-1006.8
2161,20:10:46:949,2,Moderate_Damage,L2_S3,-1550,758,13450,-2127,-73,-422,0,-1416.8
2162,20:10:46:959,2,Moderate_Damage,L2_S3,-1494,752,12982,-1552,34,-341,0,-1884.8
2163,20:10:46:969,2,Moderate_Damage,L2_S3,-1392,670,12928,-967,-26,-239,0,-1938.8
2164,20:10:46:979,2,Moderate_Damage,L2_S3,-1552,720,12886,-242,43,-118,0,-1980.8
2165,20:10:46:989,2,Moderate_Damage,L2_S3,-1498,660,13062,435,47,-17,0,-1804.8
2166,20:10:46:999,2,Moderate_Damage,L2_S3,-1654,846,13408,1084,64,96,0,-1458.8
2167,20:10:47:009,2,Moderate_Damage,L2_S3,-1646,982,13926,1575,92,160,0,-940.8
2168,20:10:47:019,2,Moderate_Damage,L2_S3,-1738,1034,14542,1912,66,225,0,-324.8
2169,20:10:47:029,2,Moderate_Damage,L2_S3,-1870,1178,15152,2040,94,239,0,285.2
2170,20:10:47:039,2,Moderate_Damage,L2_S3,-1964,1338,15748,1957,90,227,0,881.2
2171,20:10:47:049,2,Moderate_Damage,L2_S3,-2034,1390,16220,1655,79,187,0,1353.2
2172,20:10:47:059,2,Moderate_Damage,L2_S3,-2104,1456,16618,1201,71,107,0,1751.2
2173,20:10:47:069,2,Moderate_Damage,L2_S3,-2096,1544,16806,606,51,9,0,1939.2
2174,20:10:47:079,2,Moderate_Damage,L2_S3,-2184,1634,16634,9,77,-87,0,1767.2
2175,20:10:47:089,2,Moderate_Damage,L2_S3,-2054,1446,16680,-760,-35,-211,0,1813.2
2176,20:10:47:099,2,Moderate_Damage,L2_S3,-2074,1444,16144,-1274,22,-280,0,1277.2
2177,20:10:47:109,2,Moderate_Damage,L2_S3,-1920,1290,15884,-1844,-22,-388,0,1017.2
2178,20:10:47:119,2,Moderate_Damage,L2_S3,-1926,1246,15180,-2117,-25,-413,0,313.2
2179,20:10:47:129,2,Moderate_Damage,L2_S3,-1740,1120,14650,-2310,-7,-455,0,-216.8
2180,20:10:47:139,2,Moderate_Damage,L2_S3,-1744,1026,14084,-2222,-42,-442,0,-782.8
2181,20:10:47:149,2,Moderate_Damage,L2_S3,-1514,852,13630,-2027,-36,-419,0,-1236.8
2182,20:10:47:159,2,Moderate_Damage,L2_S3,-1604,812,13204,-1564,16,-339,0,-1662.8
2183,20:10:47:169,2,Moderate_Damage,L2_S3,-1576,710,13088,-1043,-18,-253,0,-1778.8
2184,20:10:47:179,2,Moderate_Damage,L2_S3,-1528,784,13008,-416,39,-161,0,-1858.8
2185,20:10:47:189,2,Moderate_Damage,L2_S3,-1568,790,13150,203,32,-49,0,-1716.8
2186,20:10:47:199,2,Moderate_Damage,L2_S3,-1542,874,13466,792,62,34,0,-1400.8
2187,20:10:47:209,2,Moderate_Damage,L2_S3,-1654,946,13890,1281,79,116,0,-976.8
2188,20:10:47:219,2,Moderate_Damage,L2_S3,-1778,1000,14440,1621,74,174,0,-426.8
2189,20:10:47:229,2,Moderate_Damage,L2_S3,-1828,1130,15014,1793,82,203,0,147.2
2190,20:10:47:239,2,Moderate_Damage,L2_S3,-1922,1312,15458,1762,71,207,0,591.2
2191,20:10:47:249,2,Moderate_Damage,L2_S3,-2002,1382,15980,1558,85,160,0,1113.2
2192,20:10:47:259,2,Moderate_Damage,L2_S3,-2036,1472,16316,1180,61,102,0,1449.2
2193,20:10:47:269,2,Moderate_Damage,L2_S3,-2072,1462,16558,679,58,21,0,1691.2
2194,20:10:47:279,2,Moderate_Damage,L2_S3,-2104,1532,16596,101,43,-77,0,1729.2
2195,20:10:47:289,2,Moderate_Damage,L2_S3,-2104,1462,16538,-506,15,-165,0,1671.2
2196,20:10:47:299,2,Moderate_Damage,L2_S3,-1960,1452,16286,-1073,16,-257,0,1419.2
2197,20:10:47:309,2,Moderate_Damage,L2_S3,-1984,1338,15824,-1548,-6,-331,0,957.2
2198,20:10:47:319,2,Moderate_Damage,L2_S3,-1950,1228,15324,-1894,-7,-392,0,457.2
2199,20:10:47:329,2,Moderate_Damage,L2_S3,-1794,1120,14828,-2073,-18,-415,0,-38.8
2200,20:10:47:339,2,Moderate_Damage,L2_S3,-1718,1024,14328,-2079,-23,-424,0,-538.8
2201,20:10:47:349,2,Moderate_Damage,L2_S3,-1636,910,13834,-1889,-5,-395,0,-1032.8
2202,20:10:47:359,2,Moderate_Damage,L2_S3,-1586,830,13520,-1548,-16,-337,0,-1346.8
2203,20:10:47:369,2,Moderate_Damage,L2_S3,-1578,762,13196,-1075,16,-261,0,-1670.8
2204,20:10:47:379,2,Moderate_Damage,L2_S3,-1530,838,13196,-529,23,-172,0,-1670.8
2205,20:10:47:389,2,Moderate_Damage,L2_S3,-1556,806,13290,41,31,-78,0,-1576.8
2206,20:10:47:399,2,Moderate_Damage,L2_S3,-1590,858,13518,585,72,-3,0,-1348.8
2207,20:10:47:409,2,Moderate_Damage,L2_S3,-1616,898,13914,1058,54,86,0,-952.8
2208,20:10:47:419,2,Moderate_Damage,L2_S3,-1718,1038,14402,1400,71,137,0,-464.8
2209,20:10:47:429,2,Moderate_Damage,L2_S3,-1838,1128,14888,1593,73,177,0,21.2
2210,20:10:47:439,2,Moderate_Damage,L2_S3,-1872,1202,15332,1609,77,170,0,465.2
2211,20:10:47:449,2,Moderate_Damage,L2_S3,-1968,1310,15776,1453,80,146,0,909.2
2212,20:10:47:459,2,Moderate_Damage,L2_S3,-1982,1400,16176,1141,58,101,0,1309.2
2213,20:10:47:469,2,Moderate_Damage,L2_S3,-1978,1448,16428,702,65,25,0,1561.2
2214,20:10:47:479,2,Moderate_Damage,L2_S3,-2102,1454,16476,187,34,-48,0,1609.2
2215,20:10:47:489,2,Moderate_Damage,L2_S3,-2056,1424,16406,-357,31,-140,0,1539.2
2216,20:10:47:499,2,Moderate_Damage,L2_S3,-2026,1374,16186,-889,0,-215,0,1319.2
2217,20:10:47:509,2,Moderate_Damage,L2_S3,-1954,1338,15800,-1339,0,-300,0,933.2
2218,20:10:47:519,2,Moderate_Damage,L2_S3,-1892,1264,15418,-1688,-9,-359,0,551.2
2219,20:10:47:529,2,Moderate_Damage,L2_S3,-1844,1168,14900,-1882,-18,-392,0,33.2
2220,20:10:47:539,2,Moderate_Damage,L2_S3,-1702,1036,14472,-1923,-14,-399,0,-394.8
2221,20:10:47:549,2,Moderate_Damage,L2_S3,-1740,990,14030,-1787,-13,-378,0,-836.8
2222,20:10:47:559,2,Moderate_Damage,L2_S3,-1630,874,13706,-1509,-8,-323,0,-1160.8
2223,20:10:47:569,2,Moderate_Damage,L2_S3,-1572,826,13442,-1099,4,-266,0,-1424.8
2224,20:10:47:579,2,Moderate_Damage,L2_S3,-1590,826,13348,-613,10,-181,0,-1518.8
2225,20:10:47:589,2,Moderate_Damage,L2_S3,-1548,792,13350,-84,40,-101,0,-1516.8
2226,20:10:47:599,2,Moderate_Damage,L2_S3,-1666,868,13506,418,36,-13,0,-1360.8
2227,20:10:47:609,2,Moderate_Damage,L2_S3,-1560,926,13900,865,63,49,0,-966.8
2228,20:10:47:619,2,Moderate_Damage,L2_S3,-1728,968,14294,1195,67,109,0,-572.8
2229,20:10:47:629,2,Moderate_Damage,L2_S3,-1800,1132,14698,1411,68,146,0,-168.8
2230,20:10:47:639,2,Moderate_Damage,L2_S3,-1852,1184,15214,1459,90,148,0,347.2
2231,20:10:47:649,2,Moderate_Damage,L2_S3,-1968,1276,15632,1351,52,137,0,765.2
2232,20:10:47:659,2,Moderate_Damage,L2_S3,-1954,1396,16016,1097,75,86,0,1149.2
2233,20:10:47:670,2,Moderate_Damage,L2_S3,-2076,1390,16188,716,53,30,0,1321.2
2234,20:10:47:679,2,Moderate_Damage,L2_S3,-2046,1372,16292,257,42,-52,0,1425.2
2235,20:10:47:689,2,Moderate_Damage,L2_S3,-2016,1428,16326,-237,29,-134,0,1459.2
2236,20:10:47:699,2,Moderate_Damage,L2_S3,-1976,1422,16060,-718,10,-196,0,1193.2
2237,20:10:47:709,2,Moderate_Damage,L2_S3,-1954,1316,15860,-1160,13,-268,0,993.2
2238,20:10:47:719,2,Moderate_Damage,L2_S3,-1948,1244,15456,-1489,-13,-322,0,589.2
2239,20:10:47:729,2,Moderate_Damage,L2_S3,-1826,1152,14976,-1706,-2,-370,0,109.2
2240,20:10:47:739,2,Moderate_Damage,L2_S3,-1728,1022,14544,-1767,-19,-375,0,-322.8
2241,20:10:47:749,2,Moderate_Damage,L2_S3,-1716,994,14208,-1689,-8,-352,0,-658.8
2242,20:10:47:759,2,Moderate_Damage,L2_S3,-1644,914,13750,-1443,-3,-311,0,-1116.8
2243,20:10:47:769,2,Moderate_Damage,L2_S3,-1642,856,13560,-1102,1,-256,0,-1306.8
2244,20:10:47:779,2,Moderate_Damage,L2_S3,-1582,770,13492,-673,22,-195,0,-1374.8
2245,20:10:47:789,2,Moderate_Damage,L2_S3,-1590,824,13476,-199,23,-113,0,-1390.8
2246,20:10:47:799,2,Moderate_Damage,L2_S3,-1604,844,13602,271,42,-45,0,-1264.8
2247,20:10:47:809,2,Moderate_Damage,L2_S3,-1696,962,13854,693,55,26,0,-1012.8
2248,20:10:47:819,2,Moderate_Damage,L2_S3,-1752,978,14270,1022,56,79,0,-596.8
2249,20:10:47:829,2,Moderate_Damage,L2_S3,-1776,1044,14702,1239,58,113,0,-164.8
2250,20:10:47:839,2,Moderate_Damage,L2_S3,-1890,1136,15058,1312,70,128,0,191.2
2251,20:10:47:849,2,Moderate_Damage,L2_S3,-1872,1244,15430,1241,60,113,0,563.2
2252,20:10:47:859,2,Moderate_Damage,L2_S3,-1976,1320,15784,1034,60,80,0,917.2
2253,20:10:47:869,2,Moderate_Damage,L2_S3,-2024,1354,16030,711,54,30,0,1163.2
2254,20:10:47:879,2,Moderate_Damage,L2_S3,-1994,1372,16158,308,47,-34,0,1291.2
2255,20:10:47:889,2,Moderate_Damage,L2_S3,-2012,1434,16152,-142,32,-99,0,1285.2
2256,20:10:47:899,2,Moderate_Damage,L2_S3,-1946,1386,16038,-583,33,-182,0,1171.2
2257,20:10:47:909,2,Moderate_Damage,L2_S3,-1950,1320,15768,-1000,13,-248,0,901.2
2258,20:10:47:920,2,Moderate_Damage,L2_S3,-1874,1212,15426,-1323,11,-295,0,559.2
2259,20:10:47:929,2,Moderate_Damage,L2_S3,-1812,1192,15026,-1544,-2,-334,0,159.2
2260,20:10:47:940,2,Moderate_Damage,L2_S3,-1786,1094,14684,-1627,-15,-339,0,-182.8
2261,20:10:47:949,2,Moderate_Damage,L2_S3,-1702,1010,14298,-1568,1,-346,0,-568.8
2262,20:10:47:959,2,Moderate_Damage,L2_S3,-1688,964,13998,-1392,-12,-308,0,-868.8
2263,20:10:47:969,2,Moderate_Damage,L2_S3,-1632,884,13748,-1096,6,-267,0,-1118.8
2264,20:10:47:979,2,Moderate_Damage,L2_S3,-1672,846,13586,-713,16,-201,0,-1280.8
2265,20:10:47:989,2,Moderate_Damage,L2_S3,-1624,900,13610,-284,23,-137,0,-1256.8
2266,20:10:47:999,2,Moderate_Damage,L2_S3,-1618,918,13700,150,49,-65,0,-1166.8
2267,20:10:48:009,2,Moderate_Damage,L2_S3,-1704,894,13930,542,40,6,0,-936.8
2268,20:10:48:019,2,Moderate_Damage,L2_S3,-1716,970,14254,862,67,49,0,-612.8
2269,20:10:48:029,2,Moderate_Damage,L2_S3,-1784,996,14584,1085,64,90,0,-282.8
2270,20:10:48:039,2,Moderate_Damage,L2_S3,-1834,1142,15042,1180,62,103,0,175.2
2271,20:10:48:049,2,Moderate_Damage,L2_S3,-1856,1214,15356,1135,64,99,0,489.2
2272,20:10:48:059,2,Moderate_Damage,L2_S3,-1932,1294,15694,975,62,72,0,827.2
2273,20:10:48:069,2,Moderate_Damage,L2_S3,-1984,1328,15964,702,64,27,0,1097.2
2274,20:10:48:079,2,Moderate_Damage,L2_S3,-2040,1368,16080,345,29,-39,0,1213.2
2275,20:10:48:089,2,Moderate_Damage,L2_S3,-2054,1328,16064,-60,40,-96,0,1197.2
2276,20:10:48:099,2,Moderate_Damage,L2_S3,-1974,1332,15916,-473,18,-162,0,1049.2
2277,20:10:48:109,2,Moderate_Damage,L2_S3,-1986,1340,15744,-854,2,-219,0,877.2
2278,20:10:48:120,2,Moderate_Damage,L2_S3,-1890,1248,15472,-1164,14,-274,0,605.2
2279,20:10:48:129,2,Moderate_Damage,L2_S3,-1886,1190,15136,-1388,-1,-307,0,269.2
2280,20:10:48:139,2,Moderate_Damage,L2_S3,-1766,1120,14754,-1487,4,-332,0,-112.8
2281,20:10:48:149,2,Moderate_Damage,L2_S3,-1736,1064,14398,-1477,-7,-329,0,-468.8
2282,20:10:48:159,2,Moderate_Damage,L2_S3,-1718,992,14088,-1323,-7,-299,0,-778.8
2283,20:10:48:172,2,Moderate_Damage,L2_S3,-1642,902,13848,-1074,6,-258,0,-1018.8
2284,20:10:48:179,2,Moderate_Damage,L2_S3,-1644,892,13728,-737,7,-205,0,-1138.8
2285,20:10:48:189,2,Moderate_Damage,L2_S3,-1618,894,13774,-360,34,-148,0,-1092.8
2286,20:10:48:199,2,Moderate_Damage,L2_S3,-1630,890,13784,46,24,-80,0,-1082.8
2287,20:10:48:209,2,Moderate_Damage,L2_S3,-1684,902,14040,404,57,-21,0,-826.8
2288,20:10:48:219,2,Moderate_Damage,L2_S3,-1748,950,14238,717,56,29,0,-628.8
2289,20:10:48:229,2,Moderate_Damage,L2_S3,-1776,1088,14576,927,49,63,0,-290.8
2290,20:10:48:239,2,Moderate_Damage,L2_S3,-1812,1138,14928,1050,78,80,0,61.2
2291,20:10:48:249,2,Moderate_Damage,L2_S3,-1800,1170,15266,1030,46,80,0,399.2
2292,20:10:48:259,2,Moderate_Damage,L2_S3,-1902,1282,15578,915,63,55,0,711.2
2293,20:10:48:269,2,Moderate_Damage,L2_S3,-2000,1300,15816,675,46,20,0,949.2
2294,20:10:48:279,2,Moderate_Damage,L2_S3,-1972,1348,15934,373,45,-26,0,1067.2
2295,20:10:48:289,2,Moderate_Damage,L2_S3,-1976,1400,15940,0,32,-83,0,1073.2
2296,20:10:48:299,2,Moderate_Damage,L2_S3,-1994,1318,15902,-378,14,-142,0,1035.2
2297,20:10:48:309,2,Moderate_Damage,L2_S3,-1942,1248,15748,-732,16,-205,0,881.2
2298,20:10:48:319,2,Moderate_Damage,L2_S3,-1958,1244,15470,-1039,8,-250,0,603.2
2299,20:10:48:330,2,Moderate_Damage,L2_S3,-1840,1234,15238,-1255,-1,-283,0,371.2
2300,20:10:48:339,2,Moderate_Damage,L2_S3,-1814,1160,14800,-1372,5,-304,0,-66.8
2301,20:10:48:350,2,Moderate_Damage,L2_S3,-1842,1058,14510,-1372,-12,-301,0,-356.8
2302,20:10:48:359,2,Moderate_Damage,L2_S3,-1672,1012,14244,-1256,8,-294,0,-622.8
2303,20:10:48:369,2,Moderate_Damage,L2_S3,-1702,968,13976,-1045,-4,-257,0,-890.8
2304,20:10:48:379,2,Moderate_Damage,L2_S3,-1648,910,13880,-755,15,-211,0,-986.8
2305,20:10:48:389,2,Moderate_Damage,L2_S3,-1636,870,13842,-414,13,-144,0,-1024.8
2306,20:10:48:399,2,Moderate_Damage,L2_S3,-1690,912,13828,-60,24,-87,0,-1038.8
2307,20:10:48:409,2,Moderate_Damage,L2_S3,-1680,924,14050,294,51,-42,0,-816.8
2308,20:10:48:419,2,Moderate_Damage,L2_S3,-1780,1000,14290,587,52,1,0,-576.8
2309,20:10:48:429,2,Moderate_Damage,L2_S3,-1750,1068,14574,804,59,46,0,-292.8
2310,20:10:48:439,2,Moderate_Damage,L2_S3,-1858,1150,14904,923,48,67,0,37.2
2311,20:10:48:450,2,Moderate_Damage,L2_S3,-1894,1146,15190,936,62,59,0,323.2
2312,20:10:48:459,2,Moderate_Damage,L2_S3,-1888,1192,15434,835,53,45,0,567.2
2313,20:10:48:469,2,Moderate_Damage,L2_S3,-1918,1262,15686,647,55,16,0,819.2
2314,20:10:48:479,2,Moderate_Damage,L2_S3,-1978,1304,15838,377,48,-32,0,971.2
2315,20:10:48:489,2,Moderate_Damage,L2_S3,-1986,1306,15886,53,38,-82,0,1019.2
2316,20:10:48:499,2,Moderate_Damage,L2_S3,-1974,1344,15832,-295,29,-134,0,965.2
2317,20:10:48:510,2,Moderate_Damage,L2_S3,-1934,1216,15680,-619,16,-186,0,813.2
2318,20:10:48:519,2,Moderate_Damage,L2_S3,-1980,1246,15430,-908,6,-230,0,563.2
2319,20:10:48:529,2,Moderate_Damage,L2_S3,-1856,1188,15154,-1121,9,-262,0,287.2
2320,20:10:48:540,2,Moderate_Damage,L2_S3,-1820,1128,14888,-1252,8,-282,0,21.2
2321,20:10:48:550,2,Moderate_Damage,L2_S3,-1750,1066,14584,-1266,4,-289,0,-282.8
2322,20:10:48:560,2,Moderate_Damage,L2_S3,-1756,986,14310,-1188,1,-278,0,-556.8
2323,20:10:48:570,2,Moderate_Damage,L2_S3,-1666,1018,14078,-1010,13,-258,0,-788.8
2324,20:10:48:579,2,Moderate_Damage,L2_S3,-1650,946,13958,-757,9,-206,0,-908.8
2325,20:10:48:589,2,Moderate_Damage,L2_S3,-1650,876,13898,-460,31,-154,0,-968.8
2326,20:10:48:599,2,Moderate_Damage,L2_S3,-1704,920,13926,-134,29,-102,0,-940.8
2327,20:10:48:609,2,Moderate_Damage,L2_S3,-1666,930,14024,187,39,-54,0,-842.8
2328,20:10:48:619,2,Moderate_Damage,L2_S3,-1726,954,14216,463,50,-14,0,-650.8
2329,20:10:48:629,2,Moderate_Damage,L2_S3,-1818,1014,14434,674,43,16,0,-432.8
2330,20:10:48:639,2,Moderate_Damage,L2_S3,-1750,1090,14810,804,54,36,0,-56.8
2331,20:10:48:649,2,Moderate_Damage,L2_S3,-1868,1144,15024,852,45,59,0,157.2
2332,20:10:48:659,2,Moderate_Damage,L2_S3,-1808,1218,15348,757,72,29,0,481.2
2333,20:10:48:669,2,Moderate_Damage,L2_S3,-2000,1264,15514,621,35,23,0,647.2
2334,20:10:48:679,2,Moderate_Damage,L2_S3,-1880,1290,15730,377,73,-34,0,863.2
2335,20:10:48:689,2,Moderate_Damage,L2_S3,-2012,1320,15736,90,21,-61,0,869.2
2336,20:10:48:699,2,Moderate_Damage,L2_S3,-1990,1300,15736,-213,37,-120,0,869.2
2337,20:10:48:710,2,Moderate_Damage,L2_S3,-1830,1290,15688,-536,24,-178,0,821.2
2338,20:10:48:719,2,Moderate_Damage,L2_S3,-1978,1256,15368,-794,2,-201,0,501.2
2339,20:10:48:730,2,Moderate_Damage,L2_S3,-1682,1256,15260,-1016,36,-262,0,393.2
2340,20:10:48:740,2,Moderate_Damage,L2_S3,-1914,1132,14930,-1140,-30,-253,0,63.2
2341,20:10:48:750,2,Moderate_Damage,L2_S3,-1730,1072,14646,-1180,25,-287,0,-220.8
2342,20:10:48:759,2,Moderate_Damage,L2_S3,-1708,1038,14434,-1117,1,-267,0,-432.8
2343,20:10:48:770,2,Moderate_Damage,L2_S3,-1848,1020,14182,-991,-12,-227,0,-684.8
2344,20:10:48:779,2,Moderate_Damage,L2_S3,-1520,954,14052,-749,50,-229,0,-814.8
2345,20:10:48:790,2,Moderate_Damage,L2_S3,-1790,934,14008,-497,-28,-146,0,-858.8
2346,20:10:48:800,2,Moderate_Damage,L2_S3,-1566,942,14020,-182,78,-127,0,-846.8
2347,20:10:48:809,2,Moderate_Damage,L2_S3,-1754,934,14100,105,6,-60,0,-766.8
2348,20:10:48:819,2,Moderate_Damage,L2_S3,-1768,962,14296,363,51,-24,0,-570.8
2349,20:10:48:829,2,Moderate_Damage,L2_S3,-1668,1024,14510,578,72,-2,0,-356.8
2350,20:10:48:839,2,Moderate_Damage,L2_S3,-1926,1044,14706,699,16,39,0,-160.8
2351,20:10:48:849,2,Moderate_Damage,L2_S3,-1712,1174,14980,759,95,17,0,113.2
2352,20:10:48:859,2,Moderate_Damage,L2_S3,-1950,1188,15236,700,14,28,0,369.2
2353,20:10:48:870,2,Moderate_Damage,L2_S3,-1878,1280,15480,574,62,0,0,613.2
2354,20:10:48:879,2,Moderate_Damage,L2_S3,-1880,1300,15664,375,61,-30,0,797.2
2355,20:10:48:889,2,Moderate_Damage,L2_S3,-2008,1286,15664,112,9,-63,0,797.2
2356,20:10:48:900,2,Moderate_Damage,L2_S3,-1830,1324,15724,-169,62,-122,0,857.2
2357,20:10:48:910,2,Moderate_Damage,L2_S3,-1994,1266,15548,-456,-12,-149,0,681.2
2358,20:10:48:920,2,Moderate_Damage,L2_S3,-1834,1254,15388,-704,41,-214,0,521.2
2359,20:10:48:929,2,Moderate_Damage,L2_S3,-1852,1230,15266,-913,7,-237,0,399.2
2360,20:10:48:940,2,Moderate_Damage,L2_S3,-1844,1196,15016,-1049,-13,-252,0,149.2
2361,20:10:48:950,2,Moderate_Damage,L2_S3,-1770,1110,14786,-1084,37,-271,0,-80.8
2362,20:10:48:960,2,Moderate_Damage,L2_S3,-1794,1084,14472,-1063,-33,-241,0,-394.8
2363,20:10:48:969,2,Moderate_Damage,L2_S3,-1710,970,14302,-933,52,-244,0,-564.8
2364,20:10:48:980,2,Moderate_Damage,L2_S3,-1716,986,14168,-755,-11,-209,0,-698.8
2365,20:10:48:989,2,Moderate_Damage,L2_S3,-1678,924,14078,-503,29,-170,0,-788.8
2366,20:10:49:000,2,Moderate_Damage,L2_S3,-1676,956,14144,-242,35,-127,0,-722.8
2367,20:10:49:009,2,Moderate_Damage,L2_S3,-1760,966,14168,26,15,-74,0,-698.8
2368,20:10:49:019,2,Moderate_Damage,L2_S3,-1664,1028,14252,280,72,-54,0,-614.8
2369,20:10:49:029,2,Moderate_Damage,L2_S3,-1788,1024,14436,478,25,-3,0,-430.8
2370,20:10:49:039,2,Moderate_Damage,L2_S3,-1790,1080,14694,615,64,5,0,-172.8
2371,20:10:49:049,2,Moderate_Damage,L2_S3,-1826,1168,14864,674,50,16,0,-2.8
2372,20:10:49:059,2,Moderate_Damage,L2_S3,-1912,1192,15236,632,42,19,0,369.2
2373,20:10:49:069,2,Moderate_Damage,L2_S3,-1846,1244,15418,527,71,-8,0,551.2
2374,20:10:49:079,2,Moderate_Damage,L2_S3,-1994,1230,15512,353,17,-25,0,645.2
2375,20:10:49:089,2,Moderate_Damage,L2_S3,-1880,1250,15652,132,62,-77,0,785.2
2376,20:10:49:100,2,Moderate_Damage,L2_S3,-2004,1260,15582,-126,11,-100,0,715.2
2377,20:10:49:110,2,Moderate_Damage,L2_S3,-1962,1262,15578,-378,22,-151,0,711.2
2378,20:10:49:120,2,Moderate_Damage,L2_S3,-1870,1256,15412,-622,26,-185,0,545.2
2379,20:10:49:130,2,Moderate_Damage,L2_S3,-1956,1158,15196,-809,-4,-202,0,329.2
2380,20:10:49:140,2,Moderate_Damage,L2_S3,-1732,1152,15022,-949,30,-247,0,155.2
2381,20:10:49:150,2,Moderate_Damage,L2_S3,-1892,1126,14736,-1004,-5,-233,0,-130.8
2382,20:10:49:160,2,Moderate_Damage,L2_S3,-1678,1032,14552,-998,5,-252,0,-314.8
2383,20:10:49:170,2,Moderate_Damage,L2_S3,-1718,1012,14352,-897,26,-234,0,-514.8
2384,20:10:49:180,2,Moderate_Damage,L2_S3,-1778,910,14196,-740,-16,-200,0,-670.8
2385,20:10:49:190,2,Moderate_Damage,L2_S3,-1532,978,14202,-509,57,-186,0,-664.8
2386,20:10:49:200,2,Moderate_Damage,L2_S3,-1890,996,14104,-292,-18,-106,0,-762.8
2387,20:10:49:210,2,Moderate_Damage,L2_S3,-1592,986,14158,-23,70,-99,0,-708.8
2388,20:10:49:220,2,Moderate_Damage,L2_S3,-1788,1010,14234,190,19,-43,0,-632.8
2389,20:10:49:229,2,Moderate_Damage,L2_S3,-1852,984,14440,395,52,-20,0,-426.8
2390,20:10:49:240,2,Moderate_Damage,L2_S3,-1692,1044,14722,526,77,-16,0,-144.8
2391,20:10:49:249,2,Moderate_Damage,L2_S3,-1974,1126,14852,579,9,27,0,-14.8
2392,20:10:49:260,2,Moderate_Damage,L2_S3,-1750,1174,15230,578,97,-19,0,363.2
2393,20:10:49:269,2,Moderate_Damage,L2_S3,-2004,1270,15342,490,5,6,0,475.2
2394,20:10:49:280,2,Moderate_Damage,L2_S3,-1920,1224,15444,343,58,-40,0,577.2
2395,20:10:49:290,2,Moderate_Damage,L2_S3,-1824,1256,15520,151,63,-77,0,653.2
2396,20:10:49:300,2,Moderate_Damage,L2_S3,-2054,1280,15540,-100,-9,-79,0,673.2
2397,20:10:49:310,2,Moderate_Damage,L2_S3,-1764,1244,15546,-313,76,-154,0,679.2
2398,20:10:49:320,2,Moderate_Damage,L2_S3,-1992,1230,15448,-554,-29,-161,0,581.2
2399,20:10:49:330,2,Moderate_Damage,L2_S3,-1832,1234,15268,-725,44,-212,0,401.2
2400,20:10:49:340,2,Moderate_Damage,L2_S3,-1802,1180,15092,-863,8,-226,0,225.2
2401,20:10:49:350,2,Moderate_Damage,L2_S3,-1862,1106,14806,-937,-16,-228,0,-60.8
2402,20:10:49:360,2,Moderate_Damage,L2_S3,-1688,1070,14692,-928,50,-244,0,-174.8
2403,20:10:49:370,2,Moderate_Damage,L2_S3,-1856,1024,14364,-857,-33,-202,0,-502.8
2404,20:10:49:380,2,Moderate_Damage,L2_S3,-1632,982,14364,-704,60,-216,0,-502.8
2405,20:10:49:390,2,Moderate_Damage,L2_S3,-1714,956,14154,-525,-6,-166,0,-712.8
2406,20:10:49:400,2,Moderate_Damage,L2_S3,-1750,964,14140,-307,28,-138,0,-726.8
2407,20:10:49:410,2,Moderate_Damage,L2_S3,-1650,982,14262,-84,55,-106,0,-604.8
2408,20:10:49:419,2,Moderate_Damage,L2_S3,-1856,1020,14304,127,6,-51,0,-562.8
2409,20:10:49:430,2,Moderate_Damage,L2_S3,-1704,1058,14546,319,83,-51,0,-320.8
2410,20:10:49:440,2,Moderate_Damage,L2_S3,-1848,1072,14658,438,14,-10,0,-208.8
2411,20:10:49:450,2,Moderate_Damage,L2_S3,-1800,1134,14882,517,70,-12,0,15.2
2412,20:10:49:459,2,Moderate_Damage,L2_S3,-1824,1178,15112,509,35,-6,0,245.2
2413,20:10:49:470,2,Moderate_Damage,L2_S3,-1936,1208,15272,445,26,0,0,405.2
2414,20:10:49:480,2,Moderate_Damage,L2_S3,-1876,1216,15368,319,66,-39,0,501.2
2415,20:10:49:489,2,Moderate_Damage,L2_S3,-1994,1248,15440,138,4,-55,0,573.2
2416,20:10:49:500,2,Moderate_Damage,L2_S3,-1840,1232,15516,-62,61,-114,0,649.2
2417,20:10:49:510,2,Moderate_Damage,L2_S3,-1938,1246,15460,-279,16,-133,0,593.2
2418,20:10:49:520,2,Moderate_Damage,L2_S3,-1842,1222,15402,-482,18,-168,0,535.2
2419,20:10:49:530,2,Moderate_Damage,L2_S3,-1840,1218,15294,-652,38,-198,0,427.2
2420,20:10:49:540,2,Moderate_Damage,L2_S3,-1908,1122,15026,-789,-8,-207,0,159.2
2421,20:10:49:550,2,Moderate_Damage,L2_S3,-1752,1084,14950,-866,51,-233,0,83.2
2422,20:10:49:560,2,Moderate_Damage,L2_S3,-1836,1060,14678,-876,-7,-216,0,-188.8
2423,20:10:49:570,2,Moderate_Damage,L2_S3,-1704,1030,14570,-809,25,-225,0,-296.8
2424,20:10:49:580,2,Moderate_Damage,L2_S3,-1728,1014,14362,-696,18,-195,0,-504.8
2425,20:10:49:590,2,Moderate_Damage,L2_S3,-1778,986,14274,-534,-4,-161,0,-592.8
2426,20:10:49:600,2,Moderate_Damage,L2_S3,-1676,982,14162,-334,51,-148,0,-704.8
2427,20:10:49:610,2,Moderate_Damage,L2_S3,-1804,964,14232,-140,-2,-101,0,-634.8
2428,20:10:49:620,2,Moderate_Damage,L2_S3,-1686,1038,14428,72,55,-83,0,-438.8
2429,20:10:49:630,2,Moderate_Damage,L2_S3,-1754,1084,14512,236,37,-46,0,-354.8
2430,20:10:49:640,2,Moderate_Damage,L2_S3,-1750,1098,14710,369,50,-28,0,-156.8
2431,20:10:49:650,2,Moderate_Damage,L2_S3,-1732,1124,14870,443,66,-18,0,3.2
2432,20:10:49:660,2,Moderate_Damage,L2_S3,-1940,1146,15006,452,20,-5,0,139.2
2433,20:10:49:670,2,Moderate_Damage,L2_S3,-1858,1200,15164,412,67,-32,0,297.2
2434,20:10:49:680,2,Moderate_Damage,L2_S3,-1968,1208,15296,299,25,-25,0,429.2
2435,20:10:49:690,2,Moderate_Damage,L2_S3,-1876,1240,15468,141,38,-61,0,601.2
2436,20:10:49:700,2,Moderate_Damage,L2_S3,-1908,1228,15372,-40,47,-95,0,505.2
2437,20:10:49:710,2,Moderate_Damage,L2_S3,-1970,1186,15346,-245,7,-113,0,479.2
2438,20:10:49:720,2,Moderate_Damage,L2_S3,-1828,1260,15346,-420,42,-163,0,479.2
2439,20:10:49:730,2,Moderate_Damage,L2_S3,-1924,1192,15180,-600,-1,-177,0,313.2
2440,20:10:49:740,2,Moderate_Damage,L2_S3,-1800,1194,15044,-717,33,-204,0,177.2
2441,20:10:49:750,2,Moderate_Damage,L2_S3,-1796,1118,14880,-797,13,-210,0,13.2
2442,20:10:49:760,2,Moderate_Damage,L2_S3,-1864,1122,14712,-810,10,-208,0,-154.8
2443,20:10:49:770,2,Moderate_Damage,L2_S3,-1784,1080,14588,-773,23,-209,0,-278.8
2444,20:10:49:780,2,Moderate_Damage,L2_S3,-1762,1042,14418,-674,2,-191,0,-448.8
2445,20:10:49:790,2,Moderate_Damage,L2_S3,-1706,1036,14360,-523,35,-172,0,-506.8
2446,20:10:49:800,2,Moderate_Damage,L2_S3,-1768,1028,14256,-354,11,-138,0,-610.8
2447,20:10:49:810,2,Moderate_Damage,L2_S3,-1714,954,14298,-161,37,-110,0,-568.8
2448,20:10:49:820,2,Moderate_Damage,L2_S3,-1740,1008,14442,17,39,-82,0,-424.8
2449,20:10:49:830,2,Moderate_Damage,L2_S3,-1812,1024,14508,178,28,-48,0,-358.8
2450,20:10:49:840,2,Moderate_Damage,L2_S3,-1776,1056,14614,300,58,-43,0,-252.8
2451,20:10:49:850,2,Moderate_Damage,L2_S3,-1822,1116,14788,381,37,-25,0,-78.8
2452,20:10:49:860,2,Moderate_Damage,L2_S3,-1810,1116,14992,399,52,-34,0,125.2
2453,20:10:49:870,2,Moderate_Damage,L2_S3,-1886,1202,15132,373,39,-23,0,265.2
2454,20:10:49:880,2,Moderate_Damage,L2_S3,-1866,1208,15256,271,38,-42,0,389.2
2455,20:10:49:890,2,Moderate_Damage,L2_S3,-1866,1268,15316,141,45,-66,0,449.2
2456,20:10:49:900,2,Moderate_Damage,L2_S3,-1890,1240,15364,-33,20,-91,0,497.2
2457,20:10:49:910,2,Moderate_Damage,L2_S3,-1882,1222,15414,-199,37,-119,0,547.2
2458,20:10:49:920,2,Moderate_Damage,L2_S3,-1892,1190,15328,-385,12,-139,0,461.2
2459,20:10:49:930,2,Moderate_Damage,L2_S3,-1880,1192,15206,-532,24,-168,0,339.2
2460,20:10:49:940,2,Moderate_Damage,L2_S3,-1846,1184,15052,-661,26,-187,0,185.2
2461,20:10:49:950,2,Moderate_Damage,L2_S3,-1850,1148,14886,-736,10,-203,0,19.2
2462,20:10:49:960,2,Moderate_Damage,L2_S3,-1794,1096,14840,-756,17,-213,0,-26.8
2463,20:10:49:970,2,Moderate_Damage,L2_S3,-1814,1040,14598,-722,12,-200,0,-268.8
2464,20:10:49:980,2,Moderate_Damage,L2_S3,-1754,1052,14448,-649,22,-198,0,-418.8
2465,20:10:49:990,2,Moderate_Damage,L2_S3,-1740,1022,14416,-520,18,-167,0,-450.8
2466,20:10:50:000,2,Moderate_Damage,L2_S3,-1810,974,14328,-363,23,-140,0,-538.8
2467,20:10:50:010,2,Moderate_Damage,L2_S3,-1748,986,14386,-197,29,-122,0,-480.8
2468,20:10:50:020,2,Moderate_Damage,L2_S3,-1780,1062,14316,-25,15,-87,0,-550.8
2469,20:10:50:030,2,Moderate_Damage,L2_S3,-1718,1050,14542,116,45,-65,0,-324.8
2470,20:10:50:040,2,Moderate_Damage,L2_S3,-1792,1092,14632,242,26,-41,0,-234.8
2471,20:10:50:050,2,Moderate_Damage,L2_S3,-1804,1076,14844,320,44,-37,0,-22.8
2472,20:10:50:060,2,Moderate_Damage,L2_S3,-1838,1160,14886,344,42,-28,0,19.2
2473,20:10:50:070,2,Moderate_Damage,L2_S3,-1864,1184,15082,313,37,-29,0,215.2
2474,20:10:50:080,2,Moderate_Damage,L2_S3,-1892,1186,15142,248,54,-49,0,275.2
2475,20:10:50:090,2,Moderate_Damage,L2_S3,-1936,1206,15312,132,28,-68,0,445.2
2476,20:10:50:100,2,Moderate_Damage,L2_S3,-1910,1206,15340,-15,39,-90,0,473.2
2477,20:10:50:110,2,Moderate_Damage,L2_S3,-1914,1254,15340,-175,37,-121,0,473.2
2478,20:10:50:120,2,Moderate_Damage,L2_S3,-1870,1252,15324,-341,16,-135,0,457.2
2479,20:10:50:130,2,Moderate_Damage,L2_S3,-1810,1166,15162,-487,28,-167,0,295.2
2480,20:10:50:140,2,Moderate_Damage,L2_S3,-1862,1128,14980,-600,13,-179,0,113.2
2481,20:10:50:150,2,Moderate_Damage,L2_S3,-1888,1130,14928,-675,24,-199,0,61.2
2482,20:10:50:160,2,Moderate_Damage,L2_S3,-1812,1116,14758,-707,15,-199,0,-108.8
2483,20:10:50:170,2,Moderate_Damage,L2_S3,-1812,1070,14610,-689,25,-196,0,-256.8
2484,20:10:50:180,2,Moderate_Damage,L2_S3,-1742,1026,14526,-620,29,-186,0,-340.8
2485,20:10:50:190,2,Moderate_Damage,L2_S3,-1722,1022,14476,-513,13,-162,0,-390.8
2486,20:10:50:200,2,Moderate_Damage,L2_S3,-1730,1044,14392,-369,28,-142,0,-474.8
2487,20:10:50:210,2,Moderate_Damage,L2_S3,-1754,974,14420,-220,20,-118,0,-446.8
2488,20:10:50:220,2,Moderate_Damage,L2_S3,-1766,1078,14466,-63,37,-96,0,-400.8
2489,20:10:50:230,2,Moderate_Damage,L2_S3,-1774,1062,14440,77,34,-70,0,-426.8
2490,20:10:50:240,2,Moderate_Damage,L2_S3,-1780,1050,14608,187,44,-56,0,-258.8
2491,20:10:50:250,2,Moderate_Damage,L2_S3,-1818,1106,14780,267,40,-35,0,-86.8
2492,20:10:50:260,2,Moderate_Damage,L2_S3,-1794,1112,14922,294,41,-35,0,55.2
2493,20:10:50:270,2,Moderate_Damage,L2_S3,-1836,1148,15110,282,47,-38,0,243.2
2494,20:10:50:280,2,Moderate_Damage,L2_S3,-1810,1192,15176,223,42,-48,0,309.2
2495,20:10:50:290,2,Moderate_Damage,L2_S3,-1848,1192,15242,120,40,-65,0,375.2
2496,20:10:50:300,2,Moderate_Damage,L2_S3,-1888,1210,15278,-6,33,-77,0,411.2
2497,20:10:50:310,2,Moderate_Damage,L2_S3,-1882,1182,15296,-154,24,-105,0,429.2
2498,20:10:50:320,2,Moderate_Damage,L2_S3,-1866,1186,15260,-294,24,-130,0,393.2
2499,20:10:50:330,2,Moderate_Damage,L2_S3,-1846,1194,15154,-439,20,-143,0,287.2
2500,20:10:50:340,2,Moderate_Damage,L2_S3,-1802,1134,15132,-544,25,-175,0,265.2
2501,20:10:50:350,2,Moderate_Damage,L2_S3,-1816,1078,14954,-622,16,-182,0,87.2
2502,20:10:50:360,2,Moderate_Damage,L2_S3,-1784,1056,14800,-663,14,-188,0,-66.8
2503,20:10:50:370,2,Moderate_Damage,L2_S3,-1790,1112,14706,-640,25,-187,0,-160.8
2504,20:10:50:380,2,Moderate_Damage,L2_S3,-1782,1038,14530,-590,15,-175,0,-336.8
2505,20:10:50:390,2,Moderate_Damage,L2_S3,-1722,1018,14552,-492,26,-171,0,-314.8
2506,20:10:50:400,2,Moderate_Damage,L2_S3,-1780,1034,14444,-387,13,-150,0,-422.8
2507,20:10:50:410,2,Moderate_Damage,L2_S3,-1748,1058,14496,-237,32,-129,0,-370.8
2508,20:10:50:420,2,Moderate_Damage,L2_S3,-1762,1050,14464,-105,25,-103,0,-402.8
2509,20:10:50:430,2,Moderate_Damage,L2_S3,-1790,1076,14590,38,42,-83,0,-276.8
2510,20:10:50:440,2,Moderate_Damage,L2_S3,-1756,1056,14616,137,32,-67,0,-250.8
2511,20:10:50:450,2,Moderate_Damage,L2_S3,-1848,1114,14708,222,44,-51,0,-158.8
2512,20:10:50:460,2,Moderate_Damage,L2_S3,-1832,1062,14962,253,48,-50,0,95.2
2513,20:10:50:470,2,Moderate_Damage,L2_S3,-1840,1130,14964,245,32,-53,0,97.2
2514,20:10:50:480,2,Moderate_Damage,L2_S3,-1832,1196,15092,193,39,-54,0,225.2
2515,20:10:50:490,2,Moderate_Damage,L2_S3,-1868,1194,15162,112,40,-65,0,295.2
2516,20:10:50:500,2,Moderate_Damage,L2_S3,-1866,1226,15210,-6,29,-88,0,343.2
2517,20:10:50:510,2,Moderate_Damage,L2_S3,-1882,1170,15274,-139,45,-110,0,407.2
2518,20:10:50:520,2,Moderate_Damage,L2_S3,-1862,1162,15252,-273,25,-133,0,385.2
2519,20:10:50:530,2,Moderate_Damage,L2_S3,-1816,1202,15222,-401,27,-150,0,355.2
2520,20:10:50:541,2,Moderate_Damage,L2_S3,-1880,1136,15028,-498,22,-163,0,161.2
2521,20:10:50:550,2,Moderate_Damage,L2_S3,-1798,1118,14922,-577,22,-182,0,55.2
2522,20:10:50:560,2,Moderate_Damage,L2_S3,-1818,1146,14830,-613,18,-185,0,-36.8
2523,20:10:50:570,2,Moderate_Damage,L2_S3,-1788,1154,14710,-617,21,-188,0,-156.8
2524,20:10:50:580,2,Moderate_Damage,L2_S3,-1826,1064,14634,-565,21,-178,0,-232.8
2525,20:10:50:590,2,Moderate_Damage,L2_S3,-1768,1032,14510,-495,21,-168,0,-356.8
2526,20:10:50:600,2,Moderate_Damage,L2_S3,-1728,1028,14496,-387,23,-146,0,-370.8
2527,20:10:50:610,2,Moderate_Damage,L2_S3,-1784,1054,14494,-255,28,-132,0,-372.8
2528,20:10:50:620,2,Moderate_Damage,L2_S3,-1736,1054,14516,-123,28,-110,0,-350.8
2529,20:10:50:630,2,Moderate_Damage,L2_S3,-1750,1080,14562,-4,39,-88,0,-304.8
2530,20:10:50:640,2,Moderate_Damage,L2_S3,-1772,1046,14616,96,37,-72,0,-250.8
2531,20:10:50:650,2,Moderate_Damage,L2_S3,-1798,1116,14700,166,42,-62,0,-166.8
2532,20:10:50:660,2,Moderate_Damage,L2_S3,-1784,1088,14872,206,39,-52,0,5.2
2533,20:10:50:670,2,Moderate_Damage,L2_S3,-1816,1134,15014,208,37,-53,0,147.2
2534,20:10:50:680,2,Moderate_Damage,L2_S3,-1852,1166,15054,171,39,-63,0,187.2
2535,20:10:50:690,2,Moderate_Damage,L2_S3,-1884,1144,15156,96,32,-69,0,289.2
2536,20:10:50:700,2,Moderate_Damage,L2_S3,-1868,1232,15200,-6,37,-85,0,333.2
2537,20:10:50:711,2,Moderate_Damage,L2_S3,-1914,1216,15242,-126,20,-104,0,375.2
2538,20:10:50:720,2,Moderate_Damage,L2_S3,-1910,1176,15236,-243,32,-127,0,369.2
2539,20:10:50:730,2,Moderate_Damage,L2_S3,-1886,1200,15232,-362,19,-144,0,365.2
2540,20:10:50:740,2,Moderate_Damage,L2_S3,-1856,1162,15080,-457,24,-162,0,213.2
2541,20:10:50:750,2,Moderate_Damage,L2_S3,-1814,1116,15024,-529,10,-175,0,157.2
2542,20:10:50:760,2,Moderate_Damage,L2_S3,-1828,1156,14854,-569,25,-174,0,-12.8
2543,20:10:50:770,2,Moderate_Damage,L2_S3,-1800,1092,14744,-573,19,-177,0,-122.8
2544,20:10:50:780,2,Moderate_Damage,L2_S3,-1752,1016,14622,-538,27,-165,0,-244.8
2545,20:10:50:790,2,Moderate_Damage,L2_S3,-1810,1046,14574,-473,25,-162,0,-292.8
2546,20:10:50:800,2,Moderate_Damage,L2_S3,-1736,1032,14514,-376,32,-153,0,-352.8
2547,20:10:50:810,2,Moderate_Damage,L2_S3,-1758,1042,14504,-265,25,-123,0,-362.8
2548,20:10:50:820,2,Moderate_Damage,L2_S3,-1780,1022,14572,-152,40,-110,0,-294.8
2549,20:10:50:830,2,Moderate_Damage,L2_S3,-1724,1038,14538,-39,39,-89,0,-328.8
2550,20:10:50:840,2,Moderate_Damage,L2_S3,-1784,1054,14662,58,42,-80,0,-204.8
2551,20:10:50:850,2,Moderate_Damage,L2_S3,-1780,1038,14734,129,37,-70,0,-132.8
2552,20:10:50:860,2,Moderate_Damage,L2_S3,-1796,1082,14826,172,36,-64,0,-40.8
2553,20:10:50:870,2,Moderate_Damage,L2_S3,-1858,1148,14942,178,40,-63,0,75.2
2554,20:10:50:880,2,Moderate_Damage,L2_S3,-1842,1172,15124,136,38,-64,0,257.2
2555,20:10:50:890,2,Moderate_Damage,L2_S3,-1836,1172,15122,78,33,-71,0,255.2
2556,20:10:50:900,2,Moderate_Damage,L2_S3,-1876,1158,15198,-10,40,-89,0,331.2
2557,20:10:50:910,2,Moderate_Damage,L2_S3,-1858,1190,15210,-113,26,-105,0,343.2
2558,20:10:50:920,2,Moderate_Damage,L2_S3,-1824,1148,15154,-225,28,-120,0,287.2
2559,20:10:50:930,2,Moderate_Damage,L2_S3,-1876,1160,15138,-332,24,-131,0,271.2
2560,20:10:50:940,2,Moderate_Damage,L2_S3,-1806,1134,15066,-426,27,-155,0,199.2
2561,20:10:50:950,2,Moderate_Damage,L2_S3,-1838,1132,14984,-496,15,-161,0,117.2
2562,20:10:50:961,2,Moderate_Damage,L2_S3,-1792,1134,14890,-539,21,-174,0,23.2
2563,20:10:50:970,2,Moderate_Damage,L2_S3,-1764,1122,14792,-546,17,-169,0,-74.8
2564,20:10:50:980,2,Moderate_Damage,L2_S3,-1770,1076,14652,-513,21,-166,0,-214.8
2565,20:10:50:990,2,Moderate_Damage,L2_S3,-1746,1074,14608,-458,24,-161,0,-258.8
2566,20:10:51:000,2,Moderate_Damage,L2_S3,-1778,1080,14576,-367,27,-139,0,-290.8
2567,20:10:51:010,2,Moderate_Damage,L2_S3,-1776,1022,14570,-274,25,-130,0,-296.8
2568,20:10:51:020,2,Moderate_Damage,L2_S3,-1766,1064,14572,-163,29,-112,0,-294.8
2569,20:10:51:030,2,Moderate_Damage,L2_S3,-1758,1088,14578,-65,38,-99,0,-288.8
2570,20:10:51:040,2,Moderate_Damage,L2_S3,-1796,1092,14672,31,36,-81,0,-194.8
2571,20:10:51:050,2,Moderate_Damage,L2_S3,-1802,1068,14790,91,37,-73,0,-76.8
2572,20:10:51:060,2,Moderate_Damage,L2_S3,-1846,1110,14962,141,38,-64,0,95.2
2573,20:10:51:070,2,Moderate_Damage,L2_S3,-1814,1146,14934,137,40,-68,0,67.2
2574,20:10:51:080,2,Moderate_Damage,L2_S3,-1876,1162,14962,131,40,-59,0,95.2
2575,20:10:51:090,2,Moderate_Damage,L2_S3,-1826,1180,15158,62,34,-77,0,291.2
2576,20:10:51:100,2,Moderate_Damage,L2_S3,-1864,1182,15138,-10,34,-80,0,271.2
2577,20:10:51:110,2,Moderate_Damage,L2_S3,-1856,1168,15146,-111,41,-107,0,279.2
2578,20:10:51:120,2,Moderate_Damage,L2_S3,-1882,1204,15146,-208,27,-122,0,279.2
2579,20:10:51:130,2,Moderate_Damage,L2_S3,-1842,1178,15064,-312,28,-144,0,197.2
2580,20:10:51:140,2,Moderate_Damage,L2_S3,-1854,1200,15032,-395,22,-149,0,165.2
2581,20:10:51:150,2,Moderate_Damage,L2_S3,-1858,1158,14954,-462,19,-156,0,87.2
2582,20:10:51:160,2,Moderate_Damage,L2_S3,-1794,1088,14896,-498,25,-168,0,29.2
2583,20:10:51:170,2,Moderate_Damage,L2_S3,-1788,1096,14830,-510,18,-168,0,-36.8
2584,20:10:51:180,2,Moderate_Damage,L2_S3,-1814,1042,14646,-443,25,-159,0,-220.8
2585,20:10:51:190,2,Moderate_Damage,L2_S3,-1802,1082,14594,-364,27,-149,0,-272.8
2586,20:10:51:200,2,Moderate_Damage,L2_S3,-1766,1050,14628,-273,23,-134,0,-238.8
2587,20:10:51:210,2,Moderate_Damage,L2_S3,-1770,1068,14566,-176,25,-118,0,-300.8
2588,20:10:51:220,2,Moderate_Damage,L2_S3,-1800,1064,14612,-85,29,-96,0,-254.8
2589,20:10:51:230,2,Moderate_Damage,L2_S3,-1812,1106,14748,0,36,-87,0,-118.8
2590,20:10:51:240,2,Moderate_Damage,L2_S3,-1798,1152,14764,57,34,-73,0,-102.8
2591,20:10:51:250,2,Moderate_Damage,L2_S3,-1828,1110,14854,99,39,-67,0,-12.8
2592,20:10:51:260,2,Moderate_Damage,L2_S3,-1840,1112,14924,109,33,-70,0,57.2
2593,20:10:51:270,2,Moderate_Damage,L2_S3,-1890,1118,14940,97,38,-72,0,73.2
2594,20:10:51:280,2,Moderate_Damage,L2_S3,-1838,1124,15090,57,39,-80,0,223.2
2595,20:10:51:290,2,Moderate_Damage,L2_S3,-1890,1196,15142,-17,31,-87,0,275.2
2596,20:10:51:300,2,Moderate_Damage,L2_S3,-1854,1146,15094,-97,35,-105,0,227.2
2597,20:10:51:310,2,Moderate_Damage,L2_S3,-1802,1136,15176,-198,28,-120,0,309.2
2598,20:10:51:320,2,Moderate_Damage,L2_S3,-1828,1214,15066,-279,32,-132,0,199.2
2599,20:10:51:330,2,Moderate_Damage,L2_S3,-1888,1178,15084,-364,27,-152,0,217.2
2600,20:10:51:340,2,Moderate_Damage,L2_S3,-1810,1140,14902,-428,22,-157,0,35.2
2601,20:10:51:351,2,Moderate_Damage,L2_S3,-1846,1116,14900,-469,23,-164,0,33.2
2602,20:10:51:360,2,Moderate_Damage,L2_S3,-1778,1138,14806,-483,19,-159,0,-60.8
2603,20:10:51:370,2,Moderate_Damage,L2_S3,-1852,1098,14700,-470,26,-163,0,-166.8
2604,20:10:51:380,2,Moderate_Damage,L2_S3,-1792,1076,14660,-425,23,-161,0,-206.8
2605,20:10:51:390,2,Moderate_Damage,L2_S3,-1754,1062,14630,-358,21,-150,0,-236.8
2606,20:10:51:400,2,Moderate_Damage,L2_S3,-1734,1064,14622,-276,31,-128,0,-244.8
2607,20:10:51:410,2,Moderate_Damage,L2_S3,-1790,1014,14628,-194,24,-115,0,-238.8
2608,20:10:51:420,2,Moderate_Damage,L2_S3,-1804,1068,14644,-103,32,-106,0,-222.8
2609,20:10:51:430,2,Moderate_Damage,L2_S3,-1818,1068,14668,-37,29,-92,0,-198.8
2610,20:10:51:440,2,Moderate_Damage,L2_S3,-1796,1124,14746,35,37,-87,0,-120.8
2611,20:10:51:450,2,Moderate_Damage,L2_S3,-1850,1130,14852,70,39,-80,0,-14.8
2612,20:10:51:460,2,Moderate_Damage,L2_S3,-1812,1128,14974,81,36,-72,0,107.2
2613,20:10:51:470,2,Moderate_Damage,L2_S3,-1862,1168,15016,77,34,-69,0,149.2
2614,20:10:51:480,2,Moderate_Damage,L2_S3,-1830,1184,15064,41,36,-82,0,197.2
2615,20:10:51:490,2,Moderate_Damage,L2_S3,-1886,1202,15012,-23,30,-90,0,145.2
2616,20:10:51:500,2,Moderate_Damage,L2_S3,-1856,1188,15082,-97,36,-101,0,215.2
2617,20:10:51:511,2,Moderate_Damage,L2_S3,-1840,1200,15124,-186,28,-116,0,257.2
2618,20:10:51:520,2,Moderate_Damage,L2_S3,-1858,1144,15110,-265,20,-124,0,243.2
2619,20:10:51:530,2,Moderate_Damage,L2_S3,-1800,1190,15120,-344,29,-144,0,253.2
2620,20:10:51:541,2,Moderate_Damage,L2_S3,-1856,1130,14934,-400,13,-146,0,67.2
2621,20:10:51:550,2,Moderate_Damage,L2_S3,-1818,1156,14934,-444,22,-158,0,67.2
2622,20:10:51:560,2,Moderate_Damage,L2_S3,-1742,1090,14824,-446,24,-160,0,-42.8
2623,20:10:51:570,2,Moderate_Damage,L2_S3,-1804,1100,14712,-449,10,-160,0,-154.8
2624,20:10:51:580,2,Moderate_Damage,L2_S3,-1750,1048,14734,-407,30,-160,0,-132.8
2625,20:10:51:590,2,Moderate_Damage,L2_S3,-1740,1054,14712,-358,7,-150,0,-154.8
2626,20:10:51:601,2,Moderate_Damage,L2_S3,-1772,1074,14584,-285,29,-136,0,-282.8
2627,20:10:51:610,2,Moderate_Damage,L2_S3,-1826,1050,14606,-208,31,-124,0,-260.8
2628,20:10:51:620,2,Moderate_Damage,L2_S3,-1792,1046,14636,-124,25,-97,0,-230.8
2629,20:10:51:631,2,Moderate_Damage,L2_S3,-1746,1056,14710,-54,41,-92,0,-156.8
2630,20:10:51:640,2,Moderate_Damage,L2_S3,-1826,1082,14756,8,26,-80,0,-110.8
2631,20:10:51:650,2,Moderate_Damage,L2_S3,-1812,1100,14830,42,42,-81,0,-36.8
2632,20:10:51:660,2,Moderate_Damage,L2_S3,-1818,1120,14936,67,29,-69,0,69.2
2633,20:10:51:670,2,Moderate_Damage,L2_S3,-1828,1160,14994,47,37,-80,0,127.2
2634,20:10:51:680,2,Moderate_Damage,L2_S3,-1804,1140,15028,21,31,-81,0,161.2
2635,20:10:51:690,2,Moderate_Damage,L2_S3,-1880,1228,15052,-36,30,-88,0,185.2
2636,20:10:51:700,2,Moderate_Damage,L2_S3,-1766,1178,15080,-98,36,-103,0,213.2
2637,20:10:51:711,2,Moderate_Damage,L2_S3,-1902,1160,15040,-172,28,-109,0,173.2
2638,20:10:51:721,2,Moderate_Damage,L2_S3,-1822,1126,15090,-253,28,-126,0,223.2
2639,20:10:51:731,2,Moderate_Damage,L2_S3,-1868,1144,15028,-319,24,-142,0,161.2
2640,20:10:51:741,2,Moderate_Damage,L2_S3,-1836,1180,14932,-375,25,-141,0,65.2
2641,20:10:51:751,2,Moderate_Damage,L2_S3,-1822,1086,14926,-412,26,-155,0,59.2
2642,20:10:51:761,2,Moderate_Damage,L2_S3,-1840,1080,14828,-428,15,-158,0,-38.8
2643,20:10:51:771,2,Moderate_Damage,L2_S3,-1768,1080,14754,-425,32,-158,0,-112.8
2644,20:10:51:781,2,Moderate_Damage,L2_S3,-1832,1064,14752,-397,23,-148,0,-114.8
2645,20:10:51:791,2,Moderate_Damage,L2_S3,-1790,1070,14644,-342,31,-145,0,-222.8
2646,20:10:51:801,2,Moderate_Damage,L2_S3,-1766,1042,14666,-280,33,-132,0,-200.8
2647,20:10:51:811,2,Moderate_Damage,L2_S3,-1806,1094,14652,-219,30,-116,0,-214.8
2648,20:10:51:821,2,Moderate_Damage,L2_S3,-1804,1098,14656,-137,44,-110,0,-210.8
2649,20:10:51:830,2,Moderate_Damage,L2_S3,-1824,1130,14640,-75,28,-93,0,-226.8
2650,20:10:51:840,2,Moderate_Damage,L2_S3,-1818,1072,14778,-13,29,-87,0,-88.8
2651,20:10:51:850,2,Moderate_Damage,L2_S3,-1770,1108,14800,20,33,-75,0,-66.8
2652,20:10:51:860,2,Moderate_Damage,L2_S3,-1846,1076,14878,39,25,-71,0,11.2
2653,20:10:51:870,2,Moderate_Damage,L2_S3,-1808,1106,14974,37,40,-81,0,107.2
2654,20:10:51:880,2,Moderate_Damage,L2_S3,-1852,1150,15004,5,23,-76,0,137.2
2655,20:10:51:891,2,Moderate_Damage,L2_S3,-1840,1174,15018,-43,37,-88,0,151.2
2656,20:10:51:901,2,Moderate_Damage,L2_S3,-1828,1158,15062,-104,27,-103,0,195.2
2657,20:10:51:911,2,Moderate_Damage,L2_S3,-1886,1154,15066,-167,22,-112,0,199.2
2658,20:10:51:921,2,Moderate_Damage,L2_S3,-1894,1172,15062,-240,31,-122,0,195.2
2659,20:10:51:931,2,Moderate_Damage,L2_S3,-1846,1190,14980,-300,19,-133,0,113.2
2660,20:10:51:941,2,Moderate_Damage,L2_S3,-1800,1160,14946,-356,34,-150,0,79.2
2661,20:10:51:951,2,Moderate_Damage,L2_S3,-1816,1178,14940,-395,17,-147,0,73.2
2662,20:10:51:961,2,Moderate_Damage,L2_S3,-1822,1106,14766,-405,30,-156,0,-100.8
2663,20:10:51:971,2,Moderate_Damage,L2_S3,-1808,1118,14766,-410,17,-153,0,-100.8
2664,20:10:51:981,2,Moderate_Damage,L2_S3,-1778,1070,14676,-386,18,-145,0,-190.8
2665,20:10:51:991,2,Moderate_Damage,L2_S3,-1778,1102,14752,-344,29,-150,0,-114.8
2666,20:10:52:001,2,Moderate_Damage,L2_S3,-1788,1060,14634,-285,23,-134,0,-232.8
2667,20:10:52:011,2,Moderate_Damage,L2_S3,-1790,1102,14672,-223,30,-116,0,-194.8
2668,20:10:52:021,2,Moderate_Damage,L2_S3,-1758,1086,14638,-148,41,-112,0,-228.8
2669,20:10:52:031,2,Moderate_Damage,L2_S3,-1820,1064,14718,-85,31,-102,0,-148.8
2670,20:10:52:041,2,Moderate_Damage,L2_S3,-1788,1110,14794,-29,34,-91,0,-72.8
2671,20:10:52:050,2,Moderate_Damage,L2_S3,-1768,1102,14750,2,27,-82,0,-116.8
2672,20:10:52:060,2,Moderate_Damage,L2_S3,-1810,1126,14850,15,33,-77,0,-16.8
2673,20:10:52:070,2,Moderate_Damage,L2_S3,-1804,1100,14906,11,32,-82,0,39.2
2674,20:10:52:080,2,Moderate_Damage,L2_S3,-1870,1186,14940,-8,44,-84,0,73.2
2675,20:10:52:090,2,Moderate_Damage,L2_S3,-1868,1174,15092,-45,36,-96,0,225.2
2676,20:10:52:101,2,Moderate_Damage,L2_S3,-1872,1156,15010,-105,28,-103,0,143.2
2677,20:10:52:111,2,Moderate_Damage,L2_S3,-1834,1130,15028,-164,38,-106,0,161.2
2678,20:10:52:121,2,Moderate_Damage,L2_S3,-1892,1120,15072,-228,29,-115,0,205.2
2679,20:10:52:131,2,Moderate_Damage,L2_S3,-1842,1130,15026,-280,31,-128,0,159.2
2680,20:10:52:141,2,Moderate_Damage,L2_S3,-1816,1148,14944,-343,22,-141,0,77.2
2681,20:10:52:151,2,Moderate_Damage,L2_S3,-1836,1112,14924,-367,28,-153,0,57.2
2682,20:10:52:161,2,Moderate_Damage,L2_S3,-1854,1140,14838,-395,23,-153,0,-28.8
2683,20:10:52:171,2,Moderate_Damage,L2_S3,-1824,1102,14790,-388,16,-148,0,-76.8
2684,20:10:52:181,2,Moderate_Damage,L2_S3,-1762,1058,14846,-378,27,-149,0,-20.8
2685,20:10:52:191,2,Moderate_Damage,L2_S3,-1792,1088,14702,-328,19,-129,0,-164.8
2686,20:10:52:201,2,Moderate_Damage,L2_S3,-1770,1046,14710,-280,27,-134,0,-156.8
2687,20:10:52:211,2,Moderate_Damage,L2_S3,-1788,1040,14702,-217,32,-126,0,-164.8
2688,20:10:52:221,2,Moderate_Damage,L2_S3,-1796,1136,14708,-168,28,-109,0,-158.8
2689,20:10:52:231,2,Moderate_Damage,L2_S3,-1780,1046,14776,-93,51,-102,0,-90.8
2690,20:10:52:241,2,Moderate_Damage,L2_S3,-1846,1110,14756,-63,23,-91,0,-110.8
2691,20:10:52:251,2,Moderate_Damage,L2_S3,-1772,1092,14798,-10,42,-88,0,-68.8
2692,20:10:52:261,2,Moderate_Damage,L2_S3,-1764,1088,14868,-11,30,-88,0,1.2
2693,20:10:52:270,2,Moderate_Damage,L2_S3,-1882,1212,14926,6,29,-81,0,59.2
2694,20:10:52:281,2,Moderate_Damage,L2_S3,-1814,1126,14954,-19,34,-97,0,87.2
2695,20:10:52:291,2,Moderate_Damage,L2_S3,-1814,1104,15030,-59,33,-96,0,163.2
2696,20:10:52:301,2,Moderate_Damage,L2_S3,-1836,1172,14958,-101,27,-101,0,91.2
2697,20:10:52:311,2,Moderate_Damage,L2_S3,-1790,1112,15064,-156,36,-112,0,197.2
2698,20:10:52:321,2,Moderate_Damage,L2_S3,-1956,1140,15012,-223,10,-115,0,145.2
2699,20:10:52:331,2,Moderate_Damage,L2_S3,-1772,1146,15026,-277,53,-134,0,159.2
2700,20:10:52:341,2,Moderate_Damage,L2_S3,-1864,1150,14976,-322,23,-132,0,109.2
2701,20:10:52:351,2,Moderate_Damage,L2_S3,-1866,1084,14900,-355,26,-145,0,33.2
2702,20:10:52:361,2,Moderate_Damage,L2_S3,-1782,1124,14844,-368,39,-148,0,-22.8
2703,20:10:52:371,2,Moderate_Damage,L2_S3,-1840,1122,14838,-376,21,-138,0,-28.8
2704,20:10:52:381,2,Moderate_Damage,L2_S3,-1770,1100,14780,-351,36,-145,0,-86.8
2705,20:10:52:391,2,Moderate_Damage,L2_S3,-1810,1160,14694,-327,24,-137,0,-172.8
2706,20:10:52:401,2,Moderate_Damage,L2_S3,-1810,1104,14712,-276,31,-132,0,-154.8
2707,20:10:52:411,2,Moderate_Damage,L2_S3,-1770,1090,14710,-227,32,-131,0,-156.8
2708,20:10:52:421,2,Moderate_Damage,L2_S3,-1856,1122,14626,-173,17,-112,0,-240.8
2709,20:10:52:431,2,Moderate_Damage,L2_S3,-1778,1112,14712,-117,42,-111,0,-154.8
2710,20:10:52:441,2,Moderate_Damage,L2_S3,-1794,1078,14780,-72,22,-98,0,-86.8
2711,20:10:52:451,2,Moderate_Damage,L2_S3,-1806,1110,14730,-35,38,-93,0,-136.8
2712,20:10:52:461,2,Moderate_Damage,L2_S3,-1772,1086,14804,-20,33,-84,0,-62.8
2713,20:10:52:471,2,Moderate_Damage,L2_S3,-1842,1148,14870,-18,23,-78,0,3.2
2714,20:10:52:481,2,Moderate_Damage,L2_S3,-1790,1164,14970,-28,51,-86,0,103.2
2715,20:10:52:491,2,Moderate_Damage,L2_S3,-1814,1158,15022,-65,23,-94,0,155.2
2716,20:10:52:501,2,Moderate_Damage,L2_S3,-1898,1150,15020,-102,41,-107,0,153.2
2717,20:10:52:511,2,Moderate_Damage,L2_S3,-1868,1174,15110,-159,21,-116,0,243.2
2718,20:10:52:521,2,Moderate_Damage,L2_S3,-1838,1142,15034,-215,24,-110,0,167.2
2719,20:10:52:531,2,Moderate_Damage,L2_S3,-1814,1164,14952,-263,41,-129,0,85.2
2720,20:10:52:541,2,Moderate_Damage,L2_S3,-1824,1132,15032,-310,12,-139,0,165.2
2721,20:10:52:551,2,Moderate_Damage,L2_S3,-1798,1126,14936,-337,30,-136,0,69.2
2722,20:10:52:561,2,Moderate_Damage,L2_S3,-1794,1132,14866,-358,23,-139,0,-0.8
2723,20:10:52:571,2,Moderate_Damage,L2_S3,-1826,1072,14812,-361,22,-146,0,-54.8
2724,20:10:52:581,2,Moderate_Damage,L2_S3,-1822,1062,14784,-344,29,-144,0,-82.8
2725,20:10:52:591,2,Moderate_Damage,L2_S3,-1738,1084,14718,-318,19,-136,0,-148.8
2726,20:10:52:601,2,Moderate_Damage,L2_S3,-1774,1082,14698,-273,33,-127,0,-168.8
2727,20:10:52:611,2,Moderate_Damage,L2_S3,-1804,1056,14688,-227,26,-114,0,-178.8
2728,20:10:52:621,2,Moderate_Damage,L2_S3,-1752,1068,14710,-179,43,-110,0,-156.8
2729,20:10:52:631,2,Moderate_Damage,L2_S3,-1804,1102,14690,-132,28,-106,0,-176.8
2730,20:10:52:641,2,Moderate_Damage,L2_S3,-1778,1098,14810,-89,35,-95,0,-56.8
2731,20:10:52:651,2,Moderate_Damage,L2_S3,-1806,1102,14816,-51,39,-94,0,-50.8
2732,20:10:52:661,2,Moderate_Damage,L2_S3,-1816,1102,14886,-39,24,-89,0,19.2
2733,20:10:52:671,2,Moderate_Damage,L2_S3,-1850,1146,14916,-32,44,-95,0,49.2
2734,20:10:52:681,2,Moderate_Damage,L2_S3,-1824,1134,14910,-47,32,-83,0,43.2
2735,20:10:52:691,2,Moderate_Damage,L2_S3,-1796,1148,14964,-73,34,-98,0,97.2
2736,20:10:52:701,2,Moderate_Damage,L2_S3,-1846,1160,15012,-109,28,-102,0,145.2
2737,20:10:52:711,2,Moderate_Damage,L2_S3,-1864,1114,14996,-148,26,-111,0,129.2
2738,20:10:52:721,2,Moderate_Damage,L2_S3,-1826,1148,15034,-202,36,-115,0,167.2
2739,20:10:52:731,2,Moderate_Damage,L2_S3,-1834,1128,14916,-248,25,-122,0,49.2
2740,20:10:52:741,2,Moderate_Damage,L2_S3,-1796,1114,14906,-290,32,-134,0,39.2
2741,20:10:52:751,2,Moderate_Damage,L2_S3,-1818,1130,14964,-322,34,-136,0,97.2
2742,20:10:52:761,2,Moderate_Damage,L2_S3,-1800,1144,14900,-340,23,-143,0,33.2
2743,20:10:52:771,2,Moderate_Damage,L2_S3,-1758,1142,14820,-340,28,-149,0,-46.8
2744,20:10:52:781,2,Moderate_Damage,L2_S3,-1838,1048,14790,-333,19,-139,0,-76.8
2745,20:10:52:791,2,Moderate_Damage,L2_S3,-1788,1048,14776,-306,32,-136,0,-90.8
2746,20:10:52:801,2,Moderate_Damage,L2_S3,-1806,1086,14718,-273,20,-124,0,-148.8
2747,20:10:52:811,2,Moderate_Damage,L2_S3,-1830,1144,14708,-232,24,-129,0,-158.8
2748,20:10:52:821,2,Moderate_Damage,L2_S3,-1786,1100,14738,-185,26,-120,0,-128.8
2749,20:10:52:831,2,Moderate_Damage,L2_S3,-1840,1120,14792,-142,29,-104,0,-74.8
2750,20:10:52:841,2,Moderate_Damage,L2_S3,-1814,1104,14760,-98,38,-105,0,-106.8
2751,20:10:52:851,2,Moderate_Damage,L2_S3,-1816,1112,14816,-66,32,-98,0,-50.8
2752,20:10:52:861,2,Moderate_Damage,L2_S3,-1790,1110,14842,-48,36,-92,0,-24.8
2753,20:10:52:871,2,Moderate_Damage,L2_S3,-1838,1102,14888,-48,32,-94,0,21.2
2754,20:10:52:881,2,Moderate_Damage,L2_S3,-1814,1172,14924,-55,24,-92,0,57.2
2755,20:10:52:891,2,Moderate_Damage,L2_S3,-1804,1182,14952,-75,29,-98,0,85.2
2756,20:10:52:901,2,Moderate_Damage,L2_S3,-1848,1192,14994,-115,22,-107,0,127.2
2757,20:10:52:911,2,Moderate_Damage,L2_S3,-1804,1144,14966,-149,36,-117,0,99.2
2758,20:10:52:921,2,Moderate_Damage,L2_S3,-1796,1152,14946,-199,28,-120,0,79.2
2759,20:10:52:931,2,Moderate_Damage,L2_S3,-1834,1172,14972,-243,24,-120,0,105.2
2760,20:10:52:941,2,Moderate_Damage,L2_S3,-1854,1144,14960,-280,29,-132,0,93.2
2761,20:10:52:951,2,Moderate_Damage,L2_S3,-1828,1198,14946,-312,16,-134,0,79.2
2762,20:10:52:961,2,Moderate_Damage,L2_S3,-1826,1104,14930,-325,34,-147,0,63.2
2763,20:10:52:971,2,Moderate_Damage,L2_S3,-1800,1116,14942,-337,17,-137,0,75.2
2764,20:10:52:981,2,Moderate_Damage,L2_S3,-1822,1088,14762,-325,29,-135,0,-104.8
2765,20:10:52:991,2,Moderate_Damage,L2_S3,-1768,1080,14758,-304,29,-143,0,-108.8
2766,20:10:53:001,2,Moderate_Damage,L2_S3,-1780,1088,14690,-273,16,-128,0,-176.8
2767,20:10:53:011,2,Moderate_Damage,L2_S3,-1762,1066,14770,-228,35,-126,0,-96.8
2768,20:10:53:021,2,Moderate_Damage,L2_S3,-1822,1106,14724,-191,23,-116,0,-142.8
2769,20:10:53:031,2,Moderate_Damage,L2_S3,-1842,1124,14688,-151,28,-105,0,-178.8
2770,20:10:53:041,2,Moderate_Damage,L2_S3,-1834,1080,14766,-113,37,-113,0,-100.8
2771,20:10:53:051,2,Moderate_Damage,L2_S3,-1832,1134,14856,-75,21,-99,0,-10.8
2772,20:10:53:061,2,Moderate_Damage,L2_S3,-1784,1146,14820,-62,45,-108,0,-46.8
2773,20:10:53:071,2,Moderate_Damage,L2_S3,-1852,1120,14924,-57,23,-97,0,57.2
2774,20:10:53:081,2,Moderate_Damage,L2_S3,-1794,1160,14956,-63,35,-100,0,89.2
2775,20:10:53:091,2,Moderate_Damage,L2_S3,-1828,1132,14938,-80,32,-102,0,71.2
2776,20:10:53:101,2,Moderate_Damage,L2_S3,-1882,1114,14984,-120,24,-109,0,117.2
2777,20:10:53:111,2,Moderate_Damage,L2_S3,-1838,1158,15046,-152,32,-114,0,179.2
2778,20:10:53:121,2,Moderate_Damage,L2_S3,-1840,1086,14926,-190,16,-112,0,59.2
2779,20:10:53:131,2,Moderate_Damage,L2_S3,-1788,1136,14962,-234,29,-121,0,95.2
2780,20:10:53:141,2,Moderate_Damage,L2_S3,-1836,1100,14992,-270,15,-129,0,125.2
2781,20:10:53:151,2,Moderate_Damage,L2_S3,-1828,1140,14882,-292,25,-133,0,15.2
2782,20:10:53:161,2,Moderate_Damage,L2_S3,-1800,1120,14896,-315,37,-142,0,29.2
2783,20:10:53:171,2,Moderate_Damage,L2_S3,-1860,1156,14830,-320,19,-138,0,-36.8
2784,20:10:53:181,2,Moderate_Damage,L2_S3,-1790,1102,14808,-312,39,-141,0,-58.8
2785,20:10:53:191,2,Moderate_Damage,L2_S3,-1842,1084,14824,-299,22,-130,0,-42.8
2786,20:10:53:201,2,Moderate_Damage,L2_S3,-1824,1098,14750,-268,28,-125,0,-116.8
2787,20:10:53:211,2,Moderate_Damage,L2_S3,-1776,1064,14740,-236,25,-126,0,-126.8
2788,20:10:53:221,2,Moderate_Damage,L2_S3,-1784,1058,14794,-186,16,-114,0,-72.8
2789,20:10:53:231,2,Moderate_Damage,L2_S3,-1766,1106,14810,-155,38,-115,0,-56.8
2790,20:10:53:241,2,Moderate_Damage,L2_S3,-1800,1116,14788,-120,31,-107,0,-78.8
2791,20:10:53:251,2,Moderate_Damage,L2_S3,-1784,1108,14790,-98,32,-98,0,-76.8
2792,20:10:53:261,2,Moderate_Damage,L2_S3,-1816,1140,14814,-71,37,-95,0,-52.8
2793,20:10:53:271,2,Moderate_Damage,L2_S3,-1834,1100,14886,-70,21,-94,0,19.2
2794,20:10:53:281,2,Moderate_Damage,L2_S3,-1810,1110,14912,-66,49,-106,0,45.2
2795,20:10:53:291,2,Moderate_Damage,L2_S3,-1788,1144,14930,-94,25,-102,0,63.2
2796,20:10:53:301,2,Moderate_Damage,L2_S3,-1772,1138,14936,-106,36,-111,0,69.2
2797,20:10:53:311,2,Moderate_Damage,L2_S3,-1804,1130,14960,-162,21,-116,0,93.2
2798,20:10:53:321,2,Moderate_Damage,L2_S3,-1868,1174,15006,-184,23,-111,0,139.2
2799,20:10:53:331,2,Moderate_Damage,L2_S3,-1838,1140,14992,-225,31,-125,0,125.2
2800,20:10:53:341,2,Moderate_Damage,L2_S3,-1858,1124,14984,-253,17,-119,0,117.2
2801,20:10:53:351,2,Moderate_Damage,L2_S3,-1786,1136,14946,-287,39,-134,0,79.2
2802,20:10:53:361,2,Moderate_Damage,L2_S3,-1822,1084,14848,-299,18,-131,0,-18.8
2803,20:10:53:371,2,Moderate_Damage,L2_S3,-1802,1102,14856,-315,30,-133,0,-10.8
2804,20:10:53:381,2,Moderate_Damage,L2_S3,-1854,1104,14802,-307,26,-131,0,-64.8
2805,20:10:53:391,2,Moderate_Damage,L2_S3,-1806,1140,14794,-291,28,-129,0,-72.8
2806,20:10:53:401,2,Moderate_Damage,L2_S3,-1816,1134,14774,-253,30,-129,0,-92.8
2807,20:10:53:411,2,Moderate_Damage,L2_S3,-1824,1134,14768,-233,24,-120,0,-98.8
2808,20:10:53:421,2,Moderate_Damage,L2_S3,-1794,1088,14806,-191,30,-117,0,-60.8
2809,20:10:53:431,2,Moderate_Damage,L2_S3,-1782,1100,14834,-159,24,-104,0,-32.8
2810,20:10:53:441,2,Moderate_Damage,L2_S3,-1830,1130,14716,-123,23,-100,0,-150.8
2811,20:10:53:451,2,Moderate_Damage,L2_S3,-1774,1056,14786,-106,31,-99,0,-80.8
2812,20:10:53:461,2,Moderate_Damage,L2_S3,-1826,1104,14824,-86,35,-99,0,-42.8
2813,20:10:53:471,2,Moderate_Damage,L2_S3,-1820,1118,14862,-81,35,-105,0,-4.8
2814,20:10:53:481,2,Moderate_Damage,L2_S3,-1844,1150,14920,-82,37,-102,0,53.2
2815,20:10:53:491,2,Moderate_Damage,L2_S3,-1866,1106,14900,-97,37,-96,0,33.2
2816,20:10:53:501,2,Moderate_Damage,L2_S3,-1824,1184,14980,-117,37,-109,0,113.2
2817,20:10:53:511,2,Moderate_Damage,L2_S3,-1820,1162,14966,-154,26,-110,0,99.2
2818,20:10:53:521,2,Moderate_Damage,L2_S3,-1832,1130,14970,-189,34,-120,0,103.2
2819,20:10:53:531,2,Moderate_Damage,L2_S3,-1834,1132,14938,-223,21,-115,0,71.2
2820,20:10:53:541,2,Moderate_Damage,L2_S3,-1778,1122,14950,-253,31,-124,0,83.2
2821,20:10:53:551,2,Moderate_Damage,L2_S3,-1820,1140,14892,-279,26,-128,0,25.2
2822,20:10:53:561,2,Moderate_Damage,L2_S3,-1788,1098,14854,-292,21,-140,0,-12.8
2823,20:10:53:571,2,Moderate_Damage,L2_S3,-1766,1162,14848,-295,26,-138,0,-18.8
2824,20:10:53:581,2,Moderate_Damage,L2_S3,-1854,1112,14798,-297,19,-124,0,-68.8
2825,20:10:53:591,2,Moderate_Damage,L2_S3,-1778,1078,14798,-279,21,-136,0,-68.8
2826,20:10:53:601,2,Moderate_Damage,L2_S3,-1810,1104,14792,-267,23,-128,0,-74.8
2827,20:10:53:611,2,Moderate_Damage,L2_S3,-1836,1160,14768,-229,29,-121,0,-98.8
2828,20:10:53:621,2,Moderate_Damage,L2_S3,-1786,1108,14800,-202,34,-123,0,-66.8
2829,20:10:53:631,2,Moderate_Damage,L2_S3,-1774,1066,14738,-161,24,-113,0,-128.8
2830,20:10:53:641,2,Moderate_Damage,L2_S3,-1824,1120,14828,-140,36,-112,0,-38.8
2831,20:10:53:651,2,Moderate_Damage,L2_S3,-1798,1092,14798,-114,27,-101,0,-68.8
2832,20:10:53:661,2,Moderate_Damage,L2_S3,-1824,1144,14812,-92,39,-100,0,-54.8
2833,20:10:53:671,2,Moderate_Damage,L2_S3,-1794,1112,14842,-96,26,-99,0,-24.8
2834,20:10:53:681,2,Moderate_Damage,L2_S3,-1848,1110,14898,-98,31,-95,0,31.2
2835,20:10:53:691,2,Moderate_Damage,L2_S3,-1806,1108,14960,-103,34,-102,0,93.2
2836,20:10:53:701,2,Moderate_Damage,L2_S3,-1820,1080,14944,-125,21,-102,0,77.2
2837,20:10:53:711,2,Moderate_Damage,L2_S3,-1856,1170,14948,-148,39,-113,0,81.2
2838,20:10:53:721,2,Moderate_Damage,L2_S3,-1820,1172,14944,-189,22,-119,0,77.2
2839,20:10:53:731,2,Moderate_Damage,L2_S3,-1840,1158,14964,-209,33,-116,0,97.2
2840,20:10:53:741,2,Moderate_Damage,L2_S3,-1848,1136,14980,-247,28,-124,0,113.2
2841,20:10:53:751,2,Moderate_Damage,L2_S3,-1842,1122,14942,-265,18,-127,0,75.2
2842,20:10:53:761,2,Moderate_Damage,L2_S3,-1830,1096,14912,-285,30,-131,0,45.2
2843,20:10:53:771,2,Moderate_Damage,L2_S3,-1808,1104,14898,-296,28,-129,0,31.2
2844,20:10:53:781,2,Moderate_Damage,L2_S3,-1810,1124,14868,-289,29,-134,0,1.2
2845,20:10:53:791,2,Moderate_Damage,L2_S3,-1768,1096,14798,-276,36,-132,0,-68.8
2846,20:10:53:801,2,Moderate_Damage,L2_S3,-1820,1112,14732,-258,23,-124,0,-134.8
2847,20:10:53:811,2,Moderate_Damage,L2_S3,-1752,1108,14798,-239,31,-126,0,-68.8
2848,20:10:53:821,2,Moderate_Damage,L2_S3,-1822,1102,14862,-199,19,-117,0,-4.8
2849,20:10:53:831,2,Moderate_Damage,L2_S3,-1780,1106,14722,-175,36,-115,0,-144.8
2850,20:10:53:841,2,Moderate_Damage,L2_S3,-1810,1082,14776,-137,30,-112,0,-90.8
2851,20:10:53:851,2,Moderate_Damage,L2_S3,-1814,1150,14772,-122,20,-97,0,-94.8
2852,20:10:53:861,2,Moderate_Damage,L2_S3,-1840,1110,14850,-103,32,-103,0,-16.8
2853,20:10:53:871,2,Moderate_Damage,L2_S3,-1784,1112,14870,-99,28,-102,0,3.2
2854,20:10:53:881,2,Moderate_Damage,L2_S3,-1846,1102,14894,-103,40,-105,0,27.2
2855,20:10:53:891,2,Moderate_Damage,L2_S3,-1826,1126,14970,-115,28,-108,0,103.2
2856,20:10:53:901,2,Moderate_Damage,L2_S3,-1796,1118,14996,-123,30,-106,0,129.2
2857,20:10:53:911,2,Moderate_Damage,L2_S3,-1780,1154,14962,-155,32,-115,0,95.2
2858,20:10:53:921,2,Moderate_Damage,L2_S3,-1886,1106,14946,-182,27,-113,0,79.2
2859,20:10:53:931,2,Moderate_Damage,L2_S3,-1852,1076,14978,-214,42,-121,0,111.2
2860,20:10:53:941,2,Moderate_Damage,L2_S3,-1850,1118,14886,-228,25,-124,0,19.2
2861,20:10:53:951,2,Moderate_Damage,L2_S3,-1824,1100,14928,-256,33,-133,0,61.2
2862,20:10:53:961,2,Moderate_Damage,L2_S3,-1850,1108,14864,-272,24,-135,0,-2.8
2863,20:10:53:971,2,Moderate_Damage,L2_S3,-1866,1098,14810,-279,19,-134,0,-56.8
2864,20:10:53:981,2,Moderate_Damage,L2_S3,-1828,1076,14812,-281,31,-142,0,-54.8
2865,20:10:53:991,2,Moderate_Damage,L2_S3,-1834,1072,14780,-271,28,-135,0,-86.8
2866,20:10:54:001,2,Moderate_Damage,L2_S3,-1786,1124,14820,-250,29,-133,0,-46.8
2867,20:10:54:011,2,Moderate_Damage,L2_S3,-1884,1078,14816,-233,26,-122,0,-50.8
2868,20:10:54:021,2,Moderate_Damage,L2_S3,-1776,1042,14786,-206,18,-116,0,-80.8
2869,20:10:54:031,2,Moderate_Damage,L2_S3,-1820,1134,14816,-178,34,-114,0,-50.8
2870,20:10:54:041,2,Moderate_Damage,L2_S3,-1820,1112,14780,-147,23,-105,0,-86.8
2871,20:10:54:052,2,Moderate_Damage,L2_S3,-1780,1108,14778,-123,44,-108,0,-88.8
2872,20:10:54:061,2,Moderate_Damage,L2_S3,-1814,1130,14792,-111,29,-106,0,-74.8
2873,20:10:54:071,2,Moderate_Damage,L2_S3,-1852,1158,14908,-110,29,-101,0,41.2
2874,20:10:54:081,2,Moderate_Damage,L2_S3,-1822,1112,14898,-98,38,-111,0,31.2
2875,20:10:54:091,2,Moderate_Damage,L2_S3,-1824,1086,14904,-117,21,-101,0,37.2
2876,20:10:54:101,2,Moderate_Damage,L2_S3,-1862,1100,14926,-130,44,-105,0,59.2
2877,20:10:54:111,2,Moderate_Damage,L2_S3,-1796,1116,14906,-153,27,-111,0,39.2
2878,20:10:54:121,2,Moderate_Damage,L2_S3,-1860,1130,14882,-171,32,-112,0,15.2
2879,20:10:54:131,2,Moderate_Damage,L2_S3,-1824,1164,14944,-209,23,-120,0,77.2
2880,20:10:54:141,2,Moderate_Damage,L2_S3,-1852,1130,14900,-228,25,-125,0,33.2
2881,20:10:54:151,2,Moderate_Damage,L2_S3,-1856,1124,14904,-253,21,-127,0,37.2
2882,20:10:54:161,2,Moderate_Damage,L2_S3,-1820,1072,14920,-273,21,-129,0,53.2
2883,20:10:54:171,2,Moderate_Damage,L2_S3,-1796,1140,14854,-275,25,-131,0,-12.8
2884,20:10:54:181,2,Moderate_Damage,L2_S3,-1792,1140,14816,-274,20,-129,0,-50.8
2885,20:10:54:191,2,Moderate_Damage,L2_S3,-1840,1108,14852,-271,19,-128,0,-14.8
2886,20:10:54:201,2,Moderate_Damage,L2_S3,-1774,1092,14794,-252,31,-124,0,-72.8
2887,20:10:54:211,2,Moderate_Damage,L2_S3,-1846,1112,14794,-227,26,-115,0,-72.8
2888,20:10:54:222,2,Moderate_Damage,L2_S3,-1846,1112,14836,-204,24,-122,0,-30.8
2889,20:10:54:231,2,Moderate_Damage,L2_S3,-1768,1086,14832,-174,34,-122,0,-34.8
2890,20:10:54:241,2,Moderate_Damage,L2_S3,-1836,1096,14788,-156,32,-111,0,-78.8
2891,20:10:54:251,2,Moderate_Damage,L2_S3,-1808,1126,14800,-138,36,-110,0,-66.8
2892,20:10:54:261,2,Moderate_Damage,L2_S3,-1780,1122,14910,-129,28,-104,0,43.2
2893,20:10:54:272,2,Moderate_Damage,L2_S3,-1806,1124,14818,-116,32,-104,0,-48.8
2894,20:10:54:282,2,Moderate_Damage,L2_S3,-1826,1064,14924,-116,28,-100,0,57.2
2895,20:10:54:292,2,Moderate_Damage,L2_S3,-1854,1162,14840,-121,35,-104,0,-26.8
2896,20:10:54:302,2,Moderate_Damage,L2_S3,-1852,1126,14886,-139,32,-110,0,19.2
2897,20:10:54:311,2,Moderate_Damage,L2_S3,-1826,1136,14958,-151,30,-105,0,91.2
2898,20:10:54:321,2,Moderate_Damage,L2_S3,-1872,1140,14862,-178,34,-119,0,-4.8
2899,20:10:54:331,2,Moderate_Damage,L2_S3,-1784,1148,14942,-201,24,-117,0,75.2
2900,20:10:54:341,2,Moderate_Damage,L2_S3,-1824,1120,14870,-223,32,-130,0,3.2
2901,20:10:54:351,2,Moderate_Damage,L2_S3,-1782,1188,14848,-251,28,-114,0,-18.8
2902,20:10:54:361,2,Moderate_Damage,L2_S3,-1772,1040,14866,-257,28,-125,0,-0.8
2903,20:10:54:371,2,Moderate_Damage,L2_S3,-1788,1130,14876,-272,26,-128,0,9.2
2904,20:10:54:381,2,Moderate_Damage,L2_S3,-1832,1104,14838,-264,32,-131,0,-28.8
2905,20:10:54:391,2,Moderate_Damage,L2_S3,-1722,1102,14856,-267,25,-137,0,-10.8
2906,20:10:54:401,2,Moderate_Damage,L2_S3,-1824,1124,14784,-247,27,-119,0,-82.8
2907,20:10:54:411,2,Moderate_Damage,L2_S3,-1812,1094,14740,-230,29,-128,0,-126.8
2908,20:10:54:422,2,Moderate_Damage,L2_S3,-1782,1094,14758,-206,24,-117,0,-108.8
2909,20:10:54:431,2,Moderate_Damage,L2_S3,-1800,1092,14776,-186,31,-108,0,-90.8
2910,20:10:54:441,2,Moderate_Damage,L2_S3,-1794,1084,14778,-162,39,-110,0,-88.8
2911,20:10:54:451,2,Moderate_Damage,L2_S3,-1828,1132,14838,-149,27,-98,0,-28.8
2912,20:10:54:461,2,Moderate_Damage,L2_S3,-1806,1066,14832,-125,38,-104,0,-34.8
2913,20:10:54:472,2,Moderate_Damage,L2_S3,-1822,1128,14876,-126,30,-103,0,9.2
2914,20:10:54:481,2,Moderate_Damage,L2_S3,-1874,1122,14860,-116,34,-106,0,-6.8
2915,20:10:54:491,2,Moderate_Damage,L2_S3,-1778,1108,14834,-124,33,-106,0,-32.8
2916,20:10:54:501,2,Moderate_Damage,L2_S3,-1804,1096,14876,-135,33,-110,0,9.2
2917,20:10:54:511,2,Moderate_Damage,L2_S3,-1860,1146,14956,-155,39,-115,0,89.2
2918,20:10:54:521,2,Moderate_Damage,L2_S3,-1860,1172,14870,-171,24,-109,0,3.2
2919,20:10:54:532,2,Moderate_Damage,L2_S3,-1840,1146,14884,-200,38,-115,0,17.2
2920,20:10:54:541,2,Moderate_Damage,L2_S3,-1800,1120,14880,-226,26,-124,0,13.2
2921,20:10:54:551,2,Moderate_Damage,L2_S3,-1862,1118,14858,-238,25,-123,0,-8.8
2922,20:10:54:561,2,Moderate_Damage,L2_S3,-1784,1138,14838,-253,33,-132,0,-28.8
2923,20:10:54:572,2,Moderate_Damage,L2_S3,-1764,1118,14830,-260,27,-123,0,-36.8
2924,20:10:54:586,2,Moderate_Damage,L2_S3,-1800,1154,14776,-263,40,-121,0,-90.8
2925,20:10:54:591,2,Moderate_Damage,L2_S3,-1826,1122,14772,-250,27,-129,0,-94.8
2926,20:10:54:601,2,Moderate_Damage,L2_S3,-1760,1150,14800,-249,30,-128,0,-66.8
2927,20:10:54:612,2,Moderate_Damage,L2_S3,-1822,1108,14744,-227,33,-122,0,-122.8
2928,20:10:54:622,2,Moderate_Damage,L2_S3,-1796,1080,14724,-206,17,-121,0,-142.8
2929,20:10:54:632,2,Moderate_Damage,L2_S3,-1746,1110,14822,-185,27,-115,0,-44.8
2930,20:10:54:641,2,Moderate_Damage,L2_S3,-1818,1154,14806,-170,27,-106,0,-60.8
2931,20:10:54:651,2,Moderate_Damage,L2_S3,-1782,1128,14824,-148,33,-112,0,-42.8
2932,20:10:54:662,2,Moderate_Damage,L2_S3,-1838,1142,14868,-135,27,-108,0,1.2
2933,20:10:54:672,2,Moderate_Damage,L2_S3,-1814,1094,14838,-123,35,-115,0,-28.8
2934,20:10:54:682,2,Moderate_Damage,L2_S3,-1808,1088,14870,-130,29,-110,0,3.2
2935,20:10:54:692,2,Moderate_Damage,L2_S3,-1828,1118,14868,-132,34,-109,0,1.2
2936,20:10:54:701,2,Moderate_Damage,L2_S3,-1774,1074,14930,-151,32,-115,0,63.2
2937,20:10:54:711,2,Moderate_Damage,L2_S3,-1850,1124,14900,-157,33,-114,0,33.2
2938,20:10:54:721,2,Moderate_Damage,L2_S3,-1846,1108,14878,-184,27,-114,0,11.2
2939,20:10:54:731,2,Moderate_Damage,L2_S3,-1846,1078,14882,-195,29,-115,0,15.2
2940,20:10:54:742,2,Moderate_Damage,L2_S3,-1848,1146,14940,-219,25,-119,0,73.2
2941,20:10:54:752,2,Moderate_Damage,L2_S3,-1806,1108,14892,-225,38,-127,0,25.2
2942,20:10:54:762,2,Moderate_Damage,L2_S3,-1820,1142,14830,-252,22,-119,0,-36.8
2943,20:10:54:771,2,Moderate_Damage,L2_S3,-1826,1142,14848,-254,32,-128,0,-18.8
2944,20:10:54:782,2,Moderate_Damage,L2_S3,-1832,1146,14826,-258,28,-123,0,-40.8
2945,20:10:54:791,2,Moderate_Damage,L2_S3,-1856,1088,14814,-254,29,-126,0,-52.8
2946,20:10:54:801,2,Moderate_Damage,L2_S3,-1792,1122,14834,-239,28,-127,0,-32.8
2947,20:10:54:812,2,Moderate_Damage,L2_S3,-1814,1104,14806,-224,24,-125,0,-60.8
2948,20:10:54:822,2,Moderate_Damage,L2_S3,-1740,1124,14820,-210,31,-121,0,-46.8
2949,20:10:54:832,2,Moderate_Damage,L2_S3,-1782,1150,14802,-188,25,-113,0,-64.8
2950,20:10:54:842,2,Moderate_Damage,L2_S3,-1804,1104,14830,-169,31,-114,0,-36.8
2951,20:10:54:852,2,Moderate_Damage,L2_S3,-1794,1126,14848,-142,38,-116,0,-18.8
2952,20:10:54:862,2,Moderate_Damage,L2_S3,-1832,1124,14786,-136,19,-106,0,-80.8
2953,20:10:54:872,2,Moderate_Damage,L2_S3,-1814,1142,14882,-132,36,-107,0,15.2
2954,20:10:54:882,2,Moderate_Damage,L2_S3,-1832,1104,14918,-131,26,-109,0,51.2
2955,20:10:54:892,2,Moderate_Damage,L2_S3,-1870,1156,14924,-134,29,-106,0,57.2
2956,20:10:54:902,2,Moderate_Damage,L2_S3,-1798,1106,14918,-148,34,-111,0,51.2
2957,20:10:54:912,2,Moderate_Damage,L2_S3,-1790,1108,14948,-162,29,-112,0,81.2
2958,20:10:54:922,2,Moderate_Damage,L2_S3,-1864,1160,14916,-176,37,-115,0,49.2
2959,20:10:54:932,2,Moderate_Damage,L2_S3,-1792,1100,14850,-193,25,-116,0,-16.8
2960,20:10:54:942,2,Moderate_Damage,L2_S3,-1778,1208,14868,-214,36,-114,0,1.2
2961,20:10:54:952,2,Moderate_Damage,L2_S3,-1822,1126,14896,-230,27,-120,0,29.2
2962,20:10:54:962,2,Moderate_Damage,L2_S3,-1852,1108,14846,-242,24,-129,0,-20.8
2963,20:10:54:972,2,Moderate_Damage,L2_S3,-1776,1142,14858,-249,24,-124,0,-8.8
2964,20:10:54:982,2,Moderate_Damage,L2_S3,-1830,1108,14910,-247,31,-133,0,43.2
2965,20:10:54:992,2,Moderate_Damage,L2_S3,-1798,1124,14870,-248,28,-128,0,3.2
2966,20:10:55:002,2,Moderate_Damage,L2_S3,-1832,1090,14834,-239,28,-127,0,-32.8
2967,20:10:55:012,2,Moderate_Damage,L2_S3,-1768,1112,14824,-223,32,-126,0,-42.8
2968,20:10:55:022,2,Moderate_Damage,L2_S3,-1818,1142,14836,-206,28,-115,0,-30.8
2969,20:10:55:032,2,Moderate_Damage,L2_S3,-1782,1082,14798,-186,31,-120,0,-68.8
2970,20:10:55:042,2,Moderate_Damage,L2_S3,-1814,1102,14824,-178,39,-116,0,-42.8
2971,20:10:55:052,2,Moderate_Damage,L2_S3,-1756,1118,14762,-162,27,-106,0,-104.8
2972,20:10:55:062,2,Moderate_Damage,L2_S3,-1792,1116,14844,-152,31,-105,0,-22.8
2973,20:10:55:072,2,Moderate_Damage,L2_S3,-1830,1080,14922,-147,26,-97,0,55.2
2974,20:10:55:082,2,Moderate_Damage,L2_S3,-1802,1158,14912,-142,36,-103,0,45.2
2975,20:10:55:092,2,Moderate_Damage,L2_S3,-1814,1132,14832,-139,30,-106,0,-34.8
2976,20:10:55:102,2,Moderate_Damage,L2_S3,-1808,1078,14858,-146,30,-105,0,-8.8
2977,20:10:55:112,2,Moderate_Damage,L2_S3,-1832,1120,14846,-153,30,-117,0,-20.8
2978,20:10:55:122,2,Moderate_Damage,L2_S3,-1842,1142,14896,-173,23,-118,0,29.2
2979,20:10:55:132,2,Moderate_Damage,L2_S3,-1820,1152,14936,-188,35,-116,0,69.2
2980,20:10:55:142,2,Moderate_Damage,L2_S3,-1792,1064,14858,-212,25,-118,0,-8.8
2981,20:10:55:152,2,Moderate_Damage,L2_S3,-1790,1104,14922,-227,33,-122,0,55.2
2982,20:10:55:162,2,Moderate_Damage,L2_S3,-1796,1092,14856,-239,25,-127,0,-10.8
2983,20:10:55:172,2,Moderate_Damage,L2_S3,-1798,1102,14894,-248,22,-122,0,27.2
2984,20:10:55:182,2,Moderate_Damage,L2_S3,-1760,1114,14846,-247,34,-130,0,-20.8
2985,20:10:55:192,2,Moderate_Damage,L2_S3,-1860,1146,14840,-239,25,-121,0,-26.8
2986,20:10:55:202,2,Moderate_Damage,L2_S3,-1784,1120,14802,-235,38,-131,0,-64.8
2987,20:10:55:212,2,Moderate_Damage,L2_S3,-1830,1096,14746,-219,34,-124,0,-120.8
2988,20:10:55:222,2,Moderate_Damage,L2_S3,-1798,1080,14780,-202,37,-120,0,-86.8
2989,20:10:55:232,2,Moderate_Damage,L2_S3,-1778,1098,14816,-192,34,-113,0,-50.8
2990,20:10:55:242,2,Moderate_Damage,L2_S3,-1812,1152,14816,-179,29,-108,0,-50.8
2991,20:10:55:252,2,Moderate_Damage,L2_S3,-1780,1108,14792,-159,39,-116,0,-74.8
2992,20:10:55:262,2,Moderate_Damage,L2_S3,-1852,1112,14796,-151,18,-106,0,-70.8
2993,20:10:55:272,2,Moderate_Damage,L2_S3,-1768,1158,14842,-147,32,-109,0,-24.8
2994,20:10:55:282,2,Moderate_Damage,L2_S3,-1782,1098,14808,-140,33,-105,0,-58.8
2995,20:10:55:292,2,Moderate_Damage,L2_S3,-1814,1172,14844,-143,34,-104,0,-22.8
2996,20:10:55:302,2,Moderate_Damage,L2_S3,-1834,1088,14894,-149,30,-106,0,27.2
2997,20:10:55:312,2,Moderate_Damage,L2_S3,-1840,1110,14904,-162,22,-103,0,37.2
2998,20:10:55:322,2,Moderate_Damage,L2_S3,-1788,1166,14926,-175,35,-114,0,59.2
2999,20:10:55:332,2,Moderate_Damage,L2_S3,-1848,1130,14888,-194,24,-110,0,21.2
3000,20:10:55:342,2,Moderate_Damage,L2_S3,-1826,1140,14896,-207,26,-118,0,29.2
3001,20:10:55:352,2,Moderate_Damage,L2_S3,-1814,1126,14886,-221,30,-119,0,19.2
3002,20:10:55:362,2,Moderate_Damage,L2_S3,-1832,1126,14846,-235,19,-123,0,-20.8
3003,20:10:55:372,2,Moderate_Damage,L2_S3,-1808,1088,14832,-241,43,-129,0,-34.8
3004,20:10:55:382,2,Moderate_Damage,L2_S3,-1834,1040,14800,-249,23,-125,0,-66.8
3005,20:10:55:392,2,Moderate_Damage,L2_S3,-1792,1126,14870,-237,37,-134,0,3.2
3006,20:10:55:402,2,Moderate_Damage,L2_S3,-1828,1108,14830,-229,32,-122,0,-36.8
3007,20:10:55:412,2,Moderate_Damage,L2_S3,-1848,1112,14786,-216,21,-123,0,-80.8
3008,20:10:55:422,2,Moderate_Damage,L2_S3,-1802,1136,14796,-208,34,-120,0,-70.8
3009,20:10:55:432,2,Moderate_Damage,L2_S3,-1836,1108,14864,-191,24,-115,0,-2.8
3010,20:10:55:442,2,Moderate_Damage,L2_S3,-1834,1122,14844,-174,40,-115,0,-22.8
3011,20:10:55:452,2,Moderate_Damage,L2_S3,-1800,1084,14902,-170,24,-105,0,35.2
3012,20:10:55:462,2,Moderate_Damage,L2_S3,-1824,1078,14850,-159,32,-111,0,-16.8
3013,20:10:55:472,2,Moderate_Damage,L2_S3,-1774,1166,14792,-151,32,-110,0,-74.8
3014,20:10:55:482,2,Moderate_Damage,L2_S3,-1844,1114,14880,-149,27,-108,0,13.2
3015,20:10:55:492,2,Moderate_Damage,L2_S3,-1836,1150,14868,-145,41,-106,0,1.2
3016,20:10:55:502,2,Moderate_Damage,L2_S3,-1820,1138,14856,-157,21,-108,0,-10.8
3017,20:10:55:512,2,Moderate_Damage,L2_S3,-1830,1132,14894,-166,36,-115,0,27.2
3018,20:10:55:522,2,Moderate_Damage,L2_S3,-1814,1138,14948,-178,34,-117,0,81.2
3019,20:10:55:532,2,Moderate_Damage,L2_S3,-1852,1144,14948,-188,28,-114,0,81.2
3020,20:10:55:542,2,Moderate_Damage,L2_S3,-1804,1130,14908,-199,38,-125,0,41.2
3021,20:10:55:552,2,Moderate_Damage,L2_S3,-1802,1106,14972,-220,26,-117,0,105.2
3022,20:10:55:562,2,Moderate_Damage,L2_S3,-1744,1122,14832,-225,35,-120,0,-34.8
3023,20:10:55:572,2,Moderate_Damage,L2_S3,-1782,1158,14806,-237,26,-130,0,-60.8
3024,20:10:55:582,2,Moderate_Damage,L2_S3,-1844,1074,14880,-240,25,-127,0,13.2
3025,20:10:55:592,2,Moderate_Damage,L2_S3,-1824,1094,14912,-231,35,-126,0,45.2
3026,20:10:55:602,2,Moderate_Damage,L2_S3,-1810,1072,14840,-228,18,-120,0,-26.8
3027,20:10:55:612,2,Moderate_Damage,L2_S3,-1746,1160,14858,-218,33,-125,0,-8.8
3028,20:10:55:622,2,Moderate_Damage,L2_S3,-1798,1124,14840,-209,23,-118,0,-26.8
3029,20:10:55:632,2,Moderate_Damage,L2_S3,-1770,1102,14818,-192,36,-119,0,-48.8
3030,20:10:55:642,2,Moderate_Damage,L2_S3,-1784,1094,14808,-178,28,-115,0,-58.8
3031,20:10:55:652,2,Moderate_Damage,L2_S3,-1808,1154,14842,-165,25,-112,0,-24.8
3032,20:10:55:662,2,Moderate_Damage,L2_S3,-1832,1114,14818,-157,34,-113,0,-48.8
3033,20:10:55:672,2,Moderate_Damage,L2_S3,-1826,1134,14846,-150,26,-106,0,-20.8
3034,20:10:55:682,2,Moderate_Damage,L2_S3,-1790,1128,14836,-150,32,-118,0,-30.8
3035,20:10:55:692,2,Moderate_Damage,L2_S3,-1830,1130,14862,-147,26,-112,0,-4.8
3036,20:10:55:702,2,Moderate_Damage,L2_S3,-1832,1144,14942,-154,29,-109,0,75.2
3037,20:10:55:712,2,Moderate_Damage,L2_S3,-1902,1112,14902,-160,38,-116,0,35.2
3038,20:10:55:722,2,Moderate_Damage,L2_S3,-1864,1126,14888,-179,29,-113,0,21.2
3039,20:10:55:732,2,Moderate_Damage,L2_S3,-1800,1162,14964,-186,36,-124,0,97.2
3040,20:10:55:742,2,Moderate_Damage,L2_S3,-1874,1110,14848,-202,29,-122,0,-18.8
3041,20:10:55:752,2,Moderate_Damage,L2_S3,-1806,1068,14878,-221,29,-124,0,11.2
3042,20:10:55:762,2,Moderate_Damage,L2_S3,-1816,1098,14890,-229,30,-127,0,23.2
3043,20:10:55:772,2,Moderate_Damage,L2_S3,-1816,1130,14930,-225,29,-126,0,63.2
3044,20:10:55:782,2,Moderate_Damage,L2_S3,-1828,1136,14840,-233,29,-125,0,-26.8
3045,20:10:55:792,2,Moderate_Damage,L2_S3,-1814,1128,14792,-229,22,-124,0,-74.8
3046,20:10:55:802,2,Moderate_Damage,L2_S3,-1808,1080,14820,-222,27,-125,0,-46.8
3047,20:10:55:812,2,Moderate_Damage,L2_S3,-1850,1118,14874,-218,26,-121,0,7.2
3048,20:10:55:822,2,Moderate_Damage,L2_S3,-1836,1100,14818,-205,29,-117,0,-48.8
3049,20:10:55:832,2,Moderate_Damage,L2_S3,-1790,1120,14858,-199,34,-116,0,-8.8
3050,20:10:55:842,2,Moderate_Damage,L2_S3,-1842,1112,14824,-181,28,-110,0,-42.8
3051,20:10:55:852,2,Moderate_Damage,L2_S3,-1804,1078,14832,-177,29,-115,0,-34.8
3052,20:10:55:862,2,Moderate_Damage,L2_S3,-1806,1136,14898,-169,32,-108,0,31.2
3053,20:10:55:872,2,Moderate_Damage,L2_S3,-1834,1132,14830,-164,35,-111,0,-36.8
3054,20:10:55:882,2,Moderate_Damage,L2_S3,-1828,1134,14830,-154,33,-109,0,-36.8
3055,20:10:55:892,2,Moderate_Damage,L2_S3,-1810,1098,14866,-155,21,-112,0,-0.8
3056,20:10:55:902,2,Moderate_Damage,L2_S3,-1798,1174,14888,-158,34,-109,0,21.2
3057,20:10:55:912,2,Moderate_Damage,L2_S3,-1860,1164,14916,-169,32,-108,0,49.2
3058,20:10:55:922,2,Moderate_Damage,L2_S3,-1816,1108,14886,-181,35,-108,0,19.2
3059,20:10:55:932,2,Moderate_Damage,L2_S3,-1784,1146,14840,-190,34,-113,0,-26.8
3060,20:10:55:942,2,Moderate_Damage,L2_S3,-1796,1132,14834,-195,28,-116,0,-32.8
3061,20:10:55:952,2,Moderate_Damage,L2_S3,-1794,1150,14830,-210,26,-117,0,-36.8
3062,20:10:55:962,2,Moderate_Damage,L2_S3,-1828,1126,14870,-220,34,-122,0,3.2
3063,20:10:55:972,2,Moderate_Damage,L2_S3,-1828,1088,14860,-234,29,-118,0,-6.8
3064,20:10:55:982,2,Moderate_Damage,L2_S3,-1850,1076,14844,-228,34,-117,0,-22.8
3065,20:10:55:992,2,Moderate_Damage,L2_S3,-1824,1118,14816,-232,21,-127,0,-50.8
3066,20:10:56:002,2,Moderate_Damage,L2_S3,-1832,1088,14874,-222,29,-121,0,7.2
3067,20:10:56:012,2,Moderate_Damage,L2_S3,-1802,1074,14834,-218,21,-127,0,-32.8
3068,20:10:56:022,2,Moderate_Damage,L2_S3,-1786,1080,14838,-211,25,-121,0,-28.8
3069,20:10:56:032,2,Moderate_Damage,L2_S3,-1798,1118,14782,-195,19,-112,0,-84.8
3070,20:10:56:043,2,Moderate_Damage,L2_S3,-1846,1124,14820,-191,26,-115,0,-46.8
3071,20:10:56:052,2,Moderate_Damage,L2_S3,-1824,1078,14860,-175,21,-110,0,-6.8
3072,20:10:56:062,2,Moderate_Damage,L2_S3,-1800,1138,14884,-166,30,-107,0,17.2
3073,20:10:56:072,2,Moderate_Damage,L2_S3,-1808,1158,14928,-158,32,-109,0,61.2
3074,20:10:56:082,2,Moderate_Damage,L2_S3,-1796,1114,14930,-158,35,-118,0,63.2
3075,20:10:56:092,2,Moderate_Damage,L2_S3,-1814,1094,14810,-159,28,-112,0,-56.8
3076,20:10:56:102,2,Moderate_Damage,L2_S3,-1796,1112,14848,-161,24,-115,0,-18.8
3077,20:10:56:112,2,Moderate_Damage,L2_S3,-1826,1090,14840,-167,32,-112,0,-26.8
3078,20:10:56:122,2,Moderate_Damage,L2_S3,-1832,1094,14908,-178,35,-117,0,41.2
3079,20:10:56:132,2,Moderate_Damage,L2_S3,-1846,1154,14878,-186,29,-115,0,11.2
3080,20:10:56:142,2,Moderate_Damage,L2_S3,-1804,1076,14840,-199,34,-118,0,-26.8
3081,20:10:56:152,2,Moderate_Damage,L2_S3,-1834,1102,14884,-209,32,-122,0,17.2
3082,20:10:56:162,2,Moderate_Damage,L2_S3,-1834,1064,14880,-216,30,-121,0,13.2
3083,20:10:56:172,2,Moderate_Damage,L2_S3,-1832,1118,14860,-220,34,-118,0,-6.8
3084,20:10:56:182,2,Moderate_Damage,L2_S3,-1818,1110,14792,-223,35,-120,0,-74.8
3085,20:10:56:192,2,Moderate_Damage,L2_S3,-1796,1144,14850,-224,25,-123,0,-16.8
3086,20:10:56:202,2,Moderate_Damage,L2_S3,-1854,1114,14758,-212,26,-119,0,-108.8
3087,20:10:56:212,2,Moderate_Damage,L2_S3,-1812,1120,14810,-210,23,-124,0,-56.8
3088,20:10:56:222,2,Moderate_Damage,L2_S3,-1788,1126,14750,-194,26,-120,0,-116.8
3089,20:10:56:232,2,Moderate_Damage,L2_S3,-1826,1090,14816,-184,28,-119,0,-50.8
3090,20:10:56:242,2,Moderate_Damage,L2_S3,-1818,1122,14862,-177,22,-116,0,-4.8
3091,20:10:56:252,2,Moderate_Damage,L2_S3,-1816,1078,14850,-166,26,-112,0,-16.8
3092,20:10:56:262,2,Moderate_Damage,L2_S3,-1810,1116,14896,-161,30,-114,0,29.2
3093,20:10:56:272,2,Moderate_Damage,L2_S3,-1820,1150,14866,-159,32,-109,0,-0.8
3094,20:10:56:282,2,Moderate_Damage,L2_S3,-1804,1124,14836,-164,34,-112,0,-30.8
3095,20:10:56:292,2,Moderate_Damage,L2_S3,-1886,1166,14828,-159,29,-112,0,-38.8
3096,20:10:56:302,2,Moderate_Damage,L2_S3,-1812,1074,14840,-167,29,-105,0,-26.8
3097,20:10:56:312,2,Moderate_Damage,L2_S3,-1872,1152,14988,-177,24,-105,0,121.2
3098,20:10:56:322,2,Moderate_Damage,L2_S3,-1764,1118,14922,-186,30,-117,0,55.2
3099,20:10:56:332,2,Moderate_Damage,L2_S3,-1774,1098,14798,-196,23,-115,0,-68.8
3100,20:10:56:342,2,Moderate_Damage,L2_S3,-1830,1138,14644,-133,45,-111,0,-222.8
3101,20:10:56:352,2,Moderate_Damage,L2_S3,-1840,1032,14996,-178,15,-120,0,129.2
3102,20:10:56:362,2,Moderate_Damage,L2_S3,-1878,1140,14896,-97,38,-105,0,29.2
3103,20:10:56:372,2,Moderate_Damage,L2_S3,-1766,1102,14940,-171,25,-118,0,73.2
3104,20:10:56:382,2,Moderate_Damage,L2_S3,-1928,1134,14940,-147,34,-102,0,73.2
3105,20:10:56:392,2,Moderate_Damage,L2_S3,-1760,1126,14934,-197,34,-117,0,67.2
3106,20:10:56:402,2,Moderate_Damage,L2_S3,-1854,1118,14878,-208,27,-108,0,11.2
3107,20:10:56:412,2,Moderate_Damage,L2_S3,-1810,1130,14914,-239,34,-122,0,47.2
3108,20:10:56:422,2,Moderate_Damage,L2_S3,-1780,1130,14908,-251,29,-129,0,41.2
3109,20:10:56:432,2,Moderate_Damage,L2_S3,-1892,1146,14886,-267,12,-125,0,19.2
3110,20:10:56:442,2,Moderate_Damage,L2_S3,-1776,1120,14864,-260,35,-134,0,-2.8
3111,20:10:56:452,2,Moderate_Damage,L2_S3,-1872,1014,14596,-252,129,-133,0,-270.8
3112,20:10:56:462,2,Moderate_Damage,L2_S3,-1688,1164,14748,-155,-12,-111,0,-118.8
3113,20:10:56:472,2,Moderate_Damage,L2_S3,25226,-20028,-25828,-23,-69,-71,1,-40694.8
3114,20:10:56:482,2,Moderate_Damage,L2_S3,-1234,6076,8370,11266,1634,1845,1,-6496.8
3115,20:10:56:493,2,Moderate_Damage,L2_S3,3210,17634,-5250,11874,-6274,2205,1,-20116.8
3116,20:10:56:502,2,Moderate_Damage,L2_S3,232,-9304,32767,9979,6702,538,1,17900.2
3117,20:10:56:512,2,Moderate_Damage,L2_S3,-2846,13622,16368,13974,-418,2404,1,1501.2
3118,20:10:56:522,2,Moderate_Damage,L2_S3,-2738,220,32070,1487,-2638,678,1,17203.2
3119,20:10:56:532,2,Moderate_Damage,L2_S3,-5950,5420,29444,4500,4471,-140,1,14577.2
3120,20:10:56:542,2,Moderate_Damage,L2_S3,-2368,2950,27206,-7260,-3389,-643,1,12339.2
3121,20:10:56:553,2,Moderate_Damage,L2_S3,-7524,5698,22902,-5999,1449,-1169,1,8035.2
3122,20:10:56:563,2,Moderate_Damage,L2_S3,1388,574,26380,-13808,29,-2698,1,11513.2
3123,20:10:56:573,2,Moderate_Damage,L2_S3,-7494,4814,12882,-13424,-1513,-1556,1,-1984.8
3124,20:10:56:582,2,Moderate_Damage,L2_S3,3594,804,16790,-16424,655,-3371,1,1923.2
3125,20:10:56:592,2,Moderate_Damage,L2_S3,-5724,526,8826,-15107,-751,-2010,1,-6040.8
3126,20:10:56:602,2,Moderate_Damage,L2_S3,2992,516,4954,-13847,-708,-2547,1,-9912.8
3127,20:10:56:613,2,Moderate_Damage,L2_S3,-612,-1554,4846,-10845,318,-1844,1,-10020.8
3128,20:10:56:622,2,Moderate_Damage,L2_S3,-2140,-1004,526,-6834,-819,-949,1,-14340.8
3129,20:10:56:632,2,Moderate_Damage,L2_S3,5008,-1688,2140,-2477,410,-880,1,-12726.8
3130,20:10:56:642,2,Moderate_Damage,L2_S3,-5604,-1288,1388,2238,-366,763,1,-13478.8
3131,20:10:56:652,2,Moderate_Damage,L2_S3,5374,-768,5190,6641,738,432,1,-9676.8
3132,20:10:56:662,2,Moderate_Damage,L2_S3,-5144,128,6042,10308,-237,2024,1,-8824.8
3133,20:10:56:672,2,Moderate_Damage,L2_S3,1676,738,11736,12967,830,1647,1,-3130.8
3134,20:10:56:682,2,Moderate_Damage,L2_S3,-2508,2038,14480,14582,425,2361,1,-386.8
3135,20:10:56:692,2,Moderate_Damage,L2_S3,-3762,2380,18580,14303,-79,2367,1,3713.2
3136,20:10:56:706,2,Moderate_Damage,L2_S3,-20,3380,22998,13445,1575,1703,1,8131.2
3137,20:10:56:713,2,Moderate_Damage,L2_S3,-6746,3502,24480,10487,-1056,2091,1,9613.2
3138,20:10:56:722,2,Moderate_Damage,L2_S3,-1132,4026,27472,7310,1303,716,1,12605.2
3139,20:10:56:732,2,Moderate_Damage,L2_S3,-4246,4148,27590,3026,164,504,1,12723.2
3140,20:10:56:742,2,Moderate_Damage,L2_S3,-5392,3730,26814,-1520,-954,-82,0,11947.2
3141,20:10:56:752,2,Moderate_Damage,L2_S3,-978,3948,25978,-5394,1510,-1403,0,11111.2
3142,20:10:56:763,2,Moderate_Damage,L2_S3,-5294,3176,22348,-9537,-1412,-1219,0,7481.2
3143,20:10:56:773,2,Moderate_Damage,L2_S3,-1708,2780,19540,-12051,233,-2230,1,4673.2
3144,20:10:56:783,2,Moderate_Damage,L2_S3,-1250,2020,15948,-13886,-187,-2371,0,1081.2
3145,20:10:56:793,2,Moderate_Damage,L2_S3,-3470,1114,11458,-14351,-1027,-2143,0,-3408.8
3146,20:10:56:802,2,Moderate_Damage,L2_S3,2114,424,8994,-13332,289,-2563,0,-5872.8
3147,20:10:56:813,2,Moderate_Damage,L2_S3,-3376,-556,4958,-11425,-1037,-1552,0,-9908.8
3148,20:10:56:822,2,Moderate_Damage,L2_S3,2404,-836,4028,-8105,313,-1694,1,-10838.8
3149,20:10:56:833,2,Moderate_Damage,L2_S3,-1324,-1374,2290,-4428,-729,-570,1,-12576.8
3150,20:10:56:842,2,Moderate_Damage,L2_S3,334,-1274,2934,-144,461,-217,1,-11932.8
3151,20:10:56:852,2,Moderate_Damage,L2_S3,724,-898,4204,4013,-227,536,1,-10662.8
3152,20:10:56:862,2,Moderate_Damage,L2_S3,-2178,-386,6186,7657,265,1266,0,-8680.8
3153,20:10:56:872,2,Moderate_Damage,L2_S3,1134,540,9810,10739,659,1403,1,-5056.8
3154,20:10:56:883,2,Moderate_Damage,L2_S3,-3626,1140,12550,12470,-258,2175,1,-2316.8
3155,20:10:56:892,2,Moderate_Damage,L2_S3,-488,2098,16954,13345,1161,1776,0,2087.2
3156,20:10:56:903,2,Moderate_Damage,L2_S3,-3524,2630,19876,12669,-135,2128,0,5009.2
3157,20:10:56:912,2,Moderate_Damage,L2_S3,-3186,3154,22912,10965,419,1639,0,8045.2
3158,20:10:56:922,2,Moderate_Damage,L2_S3,-2516,3574,25280,8258,869,1093,0,10413.2
3159,20:10:56:933,2,Moderate_Damage,L2_S3,-4894,3592,25870,4614,-660,909,0,11003.2
3160,20:10:56:942,2,Moderate_Damage,L2_S3,-2550,3798,26692,834,975,-195,0,11825.2
3161,20:10:56:953,2,Moderate_Damage,L2_S3,-3926,3584,25304,-3227,-213,-496,0,10437.2
3162,20:10:56:963,2,Moderate_Damage,L2_S3,-3548,3210,23246,-6855,-365,-1129,0,8379.2
3163,20:10:56:973,2,Moderate_Damage,L2_S3,-1822,2990,20782,-9747,574,-1841,0,5915.2
3164,20:10:56:983,2,Moderate_Damage,L2_S3,-3440,2006,17126,-12065,-1129,-1803,1,2259.2
3165,20:10:56:993,2,Moderate_Damage,L2_S3,-642,1578,14134,-12714,255,-2325,0,-732.8
3166,20:10:57:003,2,Moderate_Damage,L2_S3,-1718,644,10538,-12724,-683,-2041,0,-4328.8
3167,20:10:57:013,2,Moderate_Damage,L2_S3,-918,-18,7700,-11305,-357,-1899,0,-7166.8
3168,20:10:57:022,2,Moderate_Damage,L2_S3,530,-548,5588,-8925,-234,-1582,1,-9278.8
3169,20:10:57:032,2,Moderate_Damage,L2_S3,-1446,-998,3932,-5818,-399,-879,1,-10934.8
3170,20:10:57:042,2,Moderate_Damage,L2_S3,1492,-1016,4020,-2046,104,-584,0,-10846.8
3171,20:10:57:052,2,Moderate_Damage,L2_S3,-1632,-1008,4188,1647,-273,342,0,-10678.8
3172,20:10:57:062,2,Moderate_Damage,L2_S3,786,-462,6356,5352,449,619,0,-8510.8
3173,20:10:57:072,2,Moderate_Damage,L2_S3,-1472,90,8330,8339,-37,1359,0,-6536.8
3174,20:10:57:083,2,Moderate_Damage,L2_S3,-1108,776,11574,10559,456,1561,0,-3292.8
3175,20:10:57:093,2,Moderate_Damage,L2_S3,-1448,1604,14878,11816,463,1768,0,11.2
3176,20:10:57:102,2,Moderate_Damage,L2_S3,-3054,2096,17882,11777,45,1914,0,3015.2
3177,20:10:57:113,2,Moderate_Damage,L2_S3,-1908,2858,21060,10881,851,1506,0,6193.2
3178,20:10:57:122,2,Moderate_Damage,L2_S3,-3834,3054,23054,8680,-83,1449,0,8187.2
3179,20:10:57:132,2,Moderate_Damage,L2_S3,-3132,3414,24804,5935,493,790,0,9937.2
3180,20:10:57:142,2,Moderate_Damage,L2_S3,-3230,3470,25398,2499,365,287,0,10531.2
3181,20:10:57:153,2,Moderate_Damage,L2_S3,-3994,3350,24788,-1157,-287,-166,0,9921.2
3182,20:10:57:163,2,Moderate_Damage,L2_S3,-2538,3240,23692,-4513,555,-958,0,8825.2
3183,20:10:57:173,2,Moderate_Damage,L2_S3,-3432,2824,21232,-7626,-397,-1224,0,6365.2
3184,20:10:57:183,2,Moderate_Damage,L2_S3,-2368,2346,18664,-9933,-142,-1727,0,3797.2
3185,20:10:57:193,2,Moderate_Damage,L2_S3,-1600,1716,15744,-11350,-182,-1947,1,877.2
3186,20:10:57:203,2,Moderate_Damage,L2_S3,-2190,1024,12368,-11690,-554,-1876,0,-2498.8
3187,20:10:57:213,2,Moderate_Damage,L2_S3,-134,450,9902,-10954,-124,-1955,0,-4964.8
3188,20:10:57:223,2,Moderate_Damage,L2_S3,-1422,-246,7168,-9301,-577,-1468,0,-7698.8
3189,20:10:57:232,2,Moderate_Damage,L2_S3,178,-600,5798,-6714,-86,-1236,0,-9068.8
3190,20:10:57:242,2,Moderate_Damage,L2_S3,-466,-884,4762,-3640,-327,-616,0,-10104.8
3191,20:10:57:252,2,Moderate_Damage,L2_S3,-378,-842,5052,-207,18,-123,0,-9814.8
3192,20:10:57:262,2,Moderate_Damage,L2_S3,16,-584,6162,3173,29,389,0,-8704.8
3193,20:10:57:272,2,Moderate_Damage,L2_S3,-1386,-162,7850,6171,98,962,1,-7016.8
3194,20:10:57:282,2,Moderate_Damage,L2_S3,-390,536,10530,8640,408,1210,0,-4336.8
3195,20:10:57:292,2,Moderate_Damage,L2_S3,-2164,1074,13228,10122,77,1617,0,-1638.8
3196,20:10:57:303,2,Moderate_Damage,L2_S3,-1658,1772,16400,10774,580,1557,1,1533.2
3197,20:10:57:313,2,Moderate_Damage,L2_S3,-2556,2308,19100,10289,214,1595,0,4233.2
3198,20:10:57:322,2,Moderate_Damage,L2_S3,-2976,2730,21370,8887,278,1352,0,6503.2
3199,20:10:57:332,2,Moderate_Damage,L2_S3,-2834,3112,23282,6683,551,917,0,8415.2
3200,20:10:57:342,2,Moderate_Damage,L2_S3,-3716,3124,24018,3768,-64,602,0,9151.2
3201,20:10:57:352,2,Moderate_Damage,L2_S3,-3024,3200,24316,637,401,-53,0,9449.2
3202,20:10:57:363,2,Moderate_Damage,L2_S3,-3254,3102,23382,-2615,39,-496,0,8515.2
3203,20:10:57:373,2,Moderate_Damage,L2_S3,-3144,2778,21680,-5577,-108,-958,0,6813.2
3204,20:10:57:383,2,Moderate_Damage,L2_S3,-2302,2524,19564,-7972,135,-1436,0,4697.2
3205,20:10:57:393,2,Moderate_Damage,L2_S3,-2546,1812,16908,-9789,-495,-1586,0,2041.2
3206,20:10:57:403,2,Moderate_Damage,L2_S3,-1350,1396,14164,-10453,-121,-1822,0,-702.8
3207,20:10:57:413,2,Moderate_Damage,L2_S3,-1456,704,11494,-10366,-365,-1729,0,-3372.8
3208,20:10:57:423,2,Moderate_Damage,L2_S3,-1000,216,9006,-9211,-363,-1552,0,-5860.8
3209,20:10:57:433,2,Moderate_Damage,L2_S3,-320,-374,7276,-7301,-237,-1276,0,-7590.8
3210,20:10:57:443,2,Moderate_Damage,L2_S3,-904,-618,6114,-4725,-285,-788,0,-8752.8
3211,20:10:57:452,2,Moderate_Damage,L2_S3,138,-676,5958,-1735,-34,-415,1,-8908.8
3212,20:10:57:462,2,Moderate_Damage,L2_S3,-924,-606,6252,1335,-112,179,1,-8614.8
3213,20:10:57:472,2,Moderate_Damage,L2_S3,-318,-240,7808,4255,177,553,0,-7058.8
3214,20:10:57:482,2,Moderate_Damage,L2_S3,-1178,268,9664,6752,139,1021,1,-5202.8
3215,20:10:57:493,2,Moderate_Damage,L2_S3,-1444,796,12220,8527,274,1273,1,-2646.8
3216,20:10:57:503,2,Moderate_Damage,L2_S3,-1590,1432,14860,9513,336,1421,0,-6.8
3217,20:10:57:513,2,Moderate_Damage,L2_S3,-2520,1864,17420,9526,229,1478,0,2553.2
3218,20:10:57:523,2,Moderate_Damage,L2_S3,-2270,2404,19908,8742,446,1270,0,5041.2
3219,20:10:57:533,2,Moderate_Damage,L2_S3,-3082,2682,21658,7020,193,1080,0,6791.2
3220,20:10:57:542,2,Moderate_Damage,L2_S3,-3026,2884,22896,4721,302,654,0,8029.2
3221,20:10:57:552,2,Moderate_Damage,L2_S3,-3040,2982,23356,1962,248,215,0,8489.2
3222,20:10:57:562,2,Moderate_Damage,L2_S3,-3310,2942,22906,-974,-8,-204,0,8039.2
3223,20:10:57:573,2,Moderate_Damage,L2_S3,-2726,2786,21932,-3757,221,-739,0,7065.2
3224,20:10:57:583,2,Moderate_Damage,L2_S3,-2826,2438,20100,-6214,-135,-1058,0,5233.2
3225,20:10:57:593,2,Moderate_Damage,L2_S3,-2274,2050,17882,-8089,-127,-1410,0,3015.2
3226,20:10:57:603,2,Moderate_Damage,L2_S3,-1820,1496,15504,-9262,-227,-1590,0,637.2
3227,20:10:57:613,2,Moderate_Damage,L2_S3,-1722,1024,12816,-9475,-332,-1578,0,-2050.8
3228,20:10:57:623,2,Moderate_Damage,L2_S3,-906,482,10738,-8904,-205,-1551,0,-4128.8
3229,20:10:57:633,2,Moderate_Damage,L2_S3,-1140,-20,8662,-7516,-377,-1249,0,-6204.8
3230,20:10:57:643,2,Moderate_Damage,L2_S3,-412,-332,7438,-5443,-154,-983,0,-7428.8
3231,20:10:57:653,2,Moderate_Damage,L2_S3,-640,-510,6768,-2922,-185,-533,0,-8098.8
3232,20:10:57:662,2,Moderate_Damage,L2_S3,-622,-468,6974,-152,-26,-111,0,-7892.8
3233,20:10:57:672,2,Moderate_Damage,L2_S3,-522,-282,7784,2583,36,310,0,-7082.8
3234,20:10:57:682,2,Moderate_Damage,L2_S3,-1180,-6,9312,4998,94,738,0,-5554.8
3235,20:10:57:693,2,Moderate_Damage,L2_S3,-1046,602,11336,7011,298,1007,0,-3530.8
3236,20:10:57:703,2,Moderate_Damage,L2_S3,-1826,1002,13624,8180,165,1249,0,-1242.8
3237,20:10:57:713,2,Moderate_Damage,L2_S3,-1894,1558,16088,8665,343,1282,0,1221.2
3238,20:10:57:723,2,Moderate_Damage,L2_S3,-2396,2014,18410,8274,305,1252,0,3543.2
3239,20:10:57:733,2,Moderate_Damage,L2_S3,-2726,2448,20178,7128,232,1066,0,5311.2
3240,20:10:57:743,2,Moderate_Damage,L2_S3,-2756,2658,21702,5297,342,735,0,6835.2
3241,20:10:57:753,2,Moderate_Damage,L2_S3,-3156,2782,22346,2967,128,409,0,7479.2
3242,20:10:57:762,2,Moderate_Damage,L2_S3,-2992,2770,22522,375,200,-53,0,7655.2
3243,20:10:57:773,2,Moderate_Damage,L2_S3,-2952,2704,21768,-2231,82,-442,0,6901.2
3244,20:10:57:783,2,Moderate_Damage,L2_S3,-2720,2408,20430,-4614,-64,-830,0,5563.2
3245,20:10:57:793,2,Moderate_Damage,L2_S3,-2318,2084,18626,-6559,-18,-1159,0,3759.2
3246,20:10:57:803,2,Moderate_Damage,L2_S3,-2270,1694,16412,-7944,-247,-1350,0,1545.2
3247,20:10:57:813,2,Moderate_Damage,L2_S3,-1588,1212,14212,-8573,-264,-1478,0,-654.8
3248,20:10:57:823,2,Moderate_Damage,L2_S3,-1520,724,11986,-8347,-231,-1415,0,-2880.8
3249,20:10:57:833,2,Moderate_Damage,L2_S3,-1046,322,10046,-7454,-306,-1276,0,-4820.8
3250,20:10:57:843,2,Moderate_Damage,L2_S3,-814,-122,8754,-5863,-204,-1033,0,-6112.8
3251,20:10:57:853,2,Moderate_Damage,L2_S3,-826,-310,7742,-3762,-177,-674,0,-7124.8
3252,20:10:57:863,2,Moderate_Damage,L2_S3,-528,-408,7648,-1340,-45,-318,0,-7218.8
3253,20:10:57:872,2,Moderate_Damage,L2_S3,-844,-204,7944,1162,-1,115,0,-6922.8
3254,20:10:57:882,2,Moderate_Damage,L2_S3,-776,16,9230,3488,96,460,0,-5636.8
3255,20:10:57:893,2,Moderate_Damage,L2_S3,-1184,332,10844,5491,156,794,0,-4022.8
3256,20:10:57:903,2,Moderate_Damage,L2_S3,-1522,884,12716,6955,256,1026,0,-2150.8
3257,20:10:57:913,2,Moderate_Damage,L2_S3,-1774,1292,14956,7656,251,1131,0,89.2
3258,20:10:57:923,2,Moderate_Damage,L2_S3,-2268,1740,17078,7679,266,1158,0,2211.2
3259,20:10:57:933,2,Moderate_Damage,L2_S3,-2326,2138,19046,6960,309,1013,0,4179.2
3260,20:10:57:943,2,Moderate_Damage,L2_S3,-2774,2346,20458,5591,210,828,0,5591.2
3261,20:10:57:953,2,Moderate_Damage,L2_S3,-2808,2592,21422,3674,223,499,0,6555.2
3262,20:10:57:963,2,Moderate_Damage,L2_S3,-2852,2658,21790,1413,157,140,0,6923.2
3263,20:10:57:973,2,Moderate_Damage,L2_S3,-2968,2576,21396,-946,44,-230,0,6529.2
3264,20:10:57:983,2,Moderate_Damage,L2_S3,-2578,2406,20528,-3203,65,-618,0,5661.2
3265,20:10:57:993,2,Moderate_Damage,L2_S3,-2592,2170,19056,-5183,-88,-903,0,4189.2
3266,20:10:58:003,2,Moderate_Damage,L2_S3,-2188,1816,17176,-6655,-119,-1167,0,2309.2
3267,20:10:58:013,2,Moderate_Damage,L2_S3,-1812,1324,15290,-7588,-228,-1310,0,423.2
3268,20:10:58:023,2,Moderate_Damage,L2_S3,-1636,978,13130,-7694,-259,-1311,0,-1736.8
3269,20:10:58:033,2,Moderate_Damage,L2_S3,-1170,536,11382,-7198,-178,-1250,0,-3484.8
3270,20:10:58:043,2,Moderate_Damage,L2_S3,-1150,166,9736,-6003,-262,-1028,0,-5130.8
3271,20:10:58:053,2,Moderate_Damage,L2_S3,-740,-120,8776,-4341,-127,-791,0,-6090.8
3272,20:10:58:063,2,Moderate_Damage,L2_S3,-840,-176,8320,-2230,-91,-436,0,-6546.8
3273,20:10:58:072,2,Moderate_Damage,L2_S3,-792,-174,8436,-8,-19,-88,0,-6430.8
3274,20:10:58:082,2,Moderate_Damage,L2_S3,-888,18,9178,2208,99,257,0,-5688.8
3275,20:10:58:093,2,Moderate_Damage,L2_S3,-1272,306,10456,4141,108,589,0,-4410.8
3276,20:10:58:103,2,Moderate_Damage,L2_S3,-1234,658,12164,5714,219,815,0,-2702.8
3277,20:10:58:113,2,Moderate_Damage,L2_S3,-1850,1062,13964,6675,240,995,1,-902.8
3278,20:10:58:123,2,Moderate_Damage,L2_S3,-1872,1482,15996,6966,221,1025,0,1129.2
3279,20:10:58:133,2,Moderate_Damage,L2_S3,-2392,1906,17832,6642,297,978,0,2965.2
3280,20:10:58:143,2,Moderate_Damage,L2_S3,-2534,2196,19336,5650,206,816,0,4469.2
3281,20:10:58:153,2,Moderate_Damage,L2_S3,-2648,2380,20508,4141,221,572,0,5641.2
3282,20:10:58:163,2,Moderate_Damage,L2_S3,-2832,2528,21004,2207,112,275,0,6137.2
3283,20:10:58:173,2,Moderate_Damage,L2_S3,-2818,2474,20942,100,93,-82,0,6075.2
3284,20:10:58:183,2,Moderate_Damage,L2_S3,-2702,2400,20462,-2014,10,-414,0,5595.2
3285,20:10:58:193,2,Moderate_Damage,L2_S3,-2572,2188,19254,-3926,-61,-718,0,4387.2
3286,20:10:58:203,2,Moderate_Damage,L2_S3,-2288,1848,17762,-5490,-81,-979,0,2895.2
3287,20:10:58:213,2,Moderate_Damage,L2_S3,-2076,1570,15892,-6541,-188,-1125,0,1025.2
3288,20:10:58:223,2,Moderate_Damage,L2_S3,-1720,1062,14200,-7042,-214,-1227,0,-666.8
3289,20:10:58:233,2,Moderate_Damage,L2_S3,-1474,782,12398,-6774,-186,-1167,0,-2468.8
3290,20:10:58:243,2,Moderate_Damage,L2_S3,-1162,382,10904,-6020,-193,-1053,0,-3962.8
3291,20:10:58:253,2,Moderate_Damage,L2_S3,-1030,118,9754,-4660,-137,-829,0,-5112.8
3292,20:10:58:263,2,Moderate_Damage,L2_S3,-918,-62,9058,-2932,-88,-552,0,-5808.8
3293,20:10:58:273,2,Moderate_Damage,L2_S3,-850,-118,8956,-921,-11,-240,0,-5910.8
3294,20:10:58:282,2,Moderate_Damage,L2_S3,-1000,-28,9372,1091,55,95,0,-5494.8
3295,20:10:58:293,2,Moderate_Damage,L2_S3,-1052,218,10328,2988,127,389,0,-4538.8
3296,20:10:58:303,2,Moderate_Damage,L2_S3,-1322,480,11676,4555,160,650,0,-3190.8
3297,20:10:58:313,2,Moderate_Damage,L2_S3,-1578,922,13318,5721,249,826,0,-1548.8
3298,20:10:58:323,2,Moderate_Damage,L2_S3,-1838,1258,15142,6223,219,909,0,275.2
3299,20:10:58:333,2,Moderate_Damage,L2_S3,-2208,1684,16748,6201,226,914,0,1881.2
3300,20:10:58:343,2,Moderate_Damage,L2_S3,-2364,1884,18394,5530,271,795,0,3527.2
3301,20:10:58:353,2,Moderate_Damage,L2_S3,-2600,2172,19468,4397,146,631,0,4601.2
3302,20:10:58:363,2,Moderate_Damage,L2_S3,-2670,2296,20250,2772,146,358,0,5383.2
3303,20:10:58:373,2,Moderate_Damage,L2_S3,-2698,2362,20476,948,92,67,0,5609.2
3304,20:10:58:383,2,Moderate_Damage,L2_S3,-2674,2256,20184,-1020,-10,-245,0,5317.2
3305,20:10:58:393,2,Moderate_Damage,L2_S3,-2496,2128,19372,-2834,-7,-554,0,4505.2
3306,20:10:58:403,2,Moderate_Damage,L2_S3,-2392,1948,18140,-4427,-99,-789,0,3273.2
3307,20:10:58:413,2,Moderate_Damage,L2_S3,-2078,1652,16534,-5574,-131,-977,0,1667.2
3308,20:10:58:423,2,Moderate_Damage,L2_S3,-1886,1314,14904,-6242,-161,-1083,0,37.2
3309,20:10:58:433,2,Moderate_Damage,L2_S3,-1558,872,13386,-6368,-234,-1097,0,-1480.8
3310,20:10:58:443,2,Moderate_Damage,L2_S3,-1354,632,11760,-5783,-100,-1016,0,-3106.8
3311,20:10:58:453,2,Moderate_Damage,L2_S3,-1122,276,10572,-4840,-190,-853,0,-4294.8
3312,20:10:58:463,2,Moderate_Damage,L2_S3,-1038,128,9792,-3379,-78,-632,0,-5074.8
3313,20:10:58:473,2,Moderate_Damage,L2_S3,-944,20,9498,-1672,-22,-361,0,-5368.8
3314,20:10:58:482,2,Moderate_Damage,L2_S3,-1012,50,9622,187,22,-60,0,-5244.8
3315,20:10:58:493,2,Moderate_Damage,L2_S3,-1074,226,10368,1957,101,216,1,-4498.8
3316,20:10:58:503,2,Moderate_Damage,L2_S3,-1300,470,11468,3540,123,487,0,-3398.8
3317,20:10:58:513,2,Moderate_Damage,L2_S3,-1436,746,12892,4734,192,661,0,-1974.8
3318,20:10:58:523,2,Moderate_Damage,L2_S3,-1758,1162,14342,5508,226,799,0,-524.8
3319,20:10:58:533,2,Moderate_Damage,L2_S3,-1958,1398,15984,5640,191,820,0,1117.2
3320,20:10:58:543,2,Moderate_Damage,L2_S3,-2310,1792,17426,5330,236,771,0,2559.2
3321,20:10:58:553,2,Moderate_Damage,L2_S3,-2384,2020,18646,4441,158,633,0,3779.2
3322,20:10:58:563,2,Moderate_Damage,L2_S3,-2542,2200,19514,3164,137,423,0,4647.2
3323,20:10:58:573,2,Moderate_Damage,L2_S3,-2608,2212,19932,1552,74,167,0,5065.2
3324,20:10:58:583,2,Moderate_Damage,L2_S3,-2592,2242,19904,-173,42,-113,0,5037.2
3325,20:10:58:593,2,Moderate_Damage,L2_S3,-2524,2070,19302,-1894,-14,-397,0,4435.2
3326,20:10:58:603,2,Moderate_Damage,L2_S3,-2366,1934,18360,-3450,-49,-642,0,3493.2
3327,20:10:58:613,2,Moderate_Damage,L2_S3,-2116,1716,17056,-4654,-87,-840,0,2189.2
3328,20:10:58:623,2,Moderate_Damage,L2_S3,-1950,1422,15558,-5469,-138,-961,0,691.2
3329,20:10:58:633,2,Moderate_Damage,L2_S3,-1698,1050,14122,-5796,-158,-1019,0,-744.8
3330,20:10:58:643,2,Moderate_Damage,L2_S3,-1436,742,12642,-5545,-166,-969,0,-2224.8
3331,20:10:58:653,2,Moderate_Damage,L2_S3,-1270,470,11424,-4804,-88,-854,0,-3442.8
3332,20:10:58:663,2,Moderate_Damage,L2_S3,-1130,292,10452,-3663,-124,-670,0,-4414.8
3333,20:10:58:673,2,Moderate_Damage,L2_S3,-1040,56,10078,-2217,-41,-440,0,-4788.8
3334,20:10:58:683,2,Moderate_Damage,L2_S3,-1076,140,9930,-536,33,-176,0,-4936.8
3335,20:10:58:693,2,Moderate_Damage,L2_S3,-1116,206,10448,1094,38,92,0,-4418.8
3336,20:10:58:703,2,Moderate_Damage,L2_S3,-1280,402,11304,2617,140,328,0,-3562.8
3337,20:10:58:713,2,Moderate_Damage,L2_S3,-1456,636,12490,3847,117,532,0,-2376.8
3338,20:10:58:723,2,Moderate_Damage,L2_S3,-1622,952,13840,4724,210,664,0,-1026.8
3339,20:10:58:733,2,Moderate_Damage,L2_S3,-1940,1290,15264,5106,205,731,0,397.2
3340,20:10:58:743,2,Moderate_Damage,L2_S3,-2108,1554,16650,4960,149,711,0,1783.2
3341,20:10:58:753,2,Moderate_Damage,L2_S3,-2290,1794,17876,4393,213,613,0,3009.2
3342,20:10:58:763,2,Moderate_Damage,L2_S3,-2492,1958,18904,3348,115,454,0,4037.2
3343,20:10:58:773,2,Moderate_Damage,L2_S3,-2504,2088,19386,2025,106,241,0,4519.2
3344,20:10:58:783,2,Moderate_Damage,L2_S3,-2560,2114,19476,466,69,-4,0,4609.2
3345,20:10:58:793,2,Moderate_Damage,L2_S3,-2570,2046,19166,-1106,-4,-260,0,4299.2
3346,20:10:58:803,2,Moderate_Damage,L2_S3,-2380,1930,18464,-2578,-2,-506,0,3597.2
3347,20:10:58:813,2,Moderate_Damage,L2_S3,-2268,1742,17344,-3830,-82,-699,0,2477.2
3348,20:10:58:823,2,Moderate_Damage,L2_S3,-1970,1440,16080,-4710,-104,-852,0,1213.2
3349,20:10:58:833,2,Moderate_Damage,L2_S3,-1788,1242,14712,-5174,-101,-915,0,-154.8
3350,20:10:58:843,2,Moderate_Damage,L2_S3,-1510,818,13510,-5212,-197,-920,0,-1356.8
3351,20:10:58:853,2,Moderate_Damage,L2_S3,-1434,674,12166,-4649,-56,-836,0,-2700.8
3352,20:10:58:863,2,Moderate_Damage,L2_S3,-1256,396,11226,-3810,-134,-690,0,-3640.8
3353,20:10:58:873,2,Moderate_Damage,L2_S3,-1184,288,10622,-2571,-47,-493,0,-4244.8
3354,20:10:58:883,2,Moderate_Damage,L2_S3,-1118,182,10486,-1154,-14,-272,0,-4380.8
3355,20:10:58:893,2,Moderate_Damage,L2_S3,-1206,286,10624,386,54,-24,0,-4242.8
3356,20:10:58:903,2,Moderate_Damage,L2_S3,-1156,412,11306,1795,75,198,0,-3560.8
3357,20:10:58:913,2,Moderate_Damage,L2_S3,-1470,642,12212,3045,125,403,0,-2654.8
3358,20:10:58:923,2,Moderate_Damage,L2_S3,-1560,876,13438,3958,142,545,0,-1428.8
3359,20:10:58:933,2,Moderate_Damage,L2_S3,-1826,1196,14620,4523,203,637,0,-246.8
3360,20:10:58:943,2,Moderate_Damage,L2_S3,-1962,1376,16018,4560,168,648,0,1151.2
3361,20:10:58:953,2,Moderate_Damage,L2_S3,-2146,1684,17166,4204,151,597,0,2299.2
3362,20:10:58:963,2,Moderate_Damage,L2_S3,-2344,1822,18102,3404,154,464,0,3235.2
3363,20:10:58:973,2,Moderate_Damage,L2_S3,-2372,1996,18712,2336,114,292,0,3845.2
3364,20:10:58:983,2,Moderate_Damage,L2_S3,-2450,1972,19032,968,55,78,0,4165.2
3365,20:10:58:993,2,Moderate_Damage,L2_S3,-2410,1952,18858,-441,50,-157,0,3991.2
3366,20:10:59:003,2,Moderate_Damage,L2_S3,-2416,1892,18358,-1841,-21,-379,0,3491.2
3367,20:10:59:013,2,Moderate_Damage,L2_S3,-2252,1734,17572,-3063,-20,-582,0,2705.2
3368,20:10:59:023,2,Moderate_Damage,L2_S3,-2060,1492,16528,-3997,-83,-726,0,1661.2
3369,20:10:59:033,2,Moderate_Damage,L2_S3,-1914,1220,15210,-4569,-97,-818,0,343.2
3370,20:10:59:043,2,Moderate_Damage,L2_S3,-1650,1034,13974,-4728,-103,-847,0,-892.8
3371,20:10:59:053,2,Moderate_Damage,L2_S3,-1468,672,12930,-4516,-182,-801,0,-1936.8
3372,20:10:59:063,2,Moderate_Damage,L2_S3,-1408,606,11830,-3749,-18,-694,0,-3036.8
3373,20:10:59:073,2,Moderate_Damage,L2_S3,-1204,360,11234,-2820,-111,-538,0,-3632.8
3374,20:10:59:083,2,Moderate_Damage,L2_S3,-1206,318,10900,-1550,-7,-332,1,-3966.8
3375,20:10:59:093,2,Moderate_Damage,L2_S3,-1174,340,11000,-223,32,-126,0,-3866.8
3376,20:10:59:103,2,Moderate_Damage,L2_S3,-1296,388,11400,1137,50,104,0,-3466.8
3377,20:10:59:113,2,Moderate_Damage,L2_S3,-1280,584,12214,2311,118,277,0,-2652.8
3378,20:10:59:123,2,Moderate_Damage,L2_S3,-1616,844,13140,3281,120,449,0,-1726.8
3379,20:10:59:133,2,Moderate_Damage,L2_S3,-1650,1014,14302,3888,155,531,0,-564.8
3380,20:10:59:143,2,Moderate_Damage,L2_S3,-1886,1352,15376,4168,197,582,0,509.2
3381,20:10:59:153,2,Moderate_Damage,L2_S3,-2078,1482,16552,3914,125,542,0,1685.2
3382,20:10:59:163,2,Moderate_Damage,L2_S3,-2220,1714,17520,3390,146,450,0,2653.2
3383,20:10:59:173,2,Moderate_Damage,L2_S3,-2362,1808,18196,2475,121,315,0,3329.2
3384,20:10:59:183,2,Moderate_Damage,L2_S3,-2420,1912,18548,1365,68,132,0,3681.2
3385,20:10:59:193,2,Moderate_Damage,L2_S3,-2434,1884,18636,50,49,-77,0,3769.2
3386,20:10:59:203,2,Moderate_Damage,L2_S3,-2350,1888,18278,-1197,5,-284,0,3411.2
3387,20:10:59:213,2,Moderate_Damage,L2_S3,-2284,1742,17622,-2390,-17,-470,0,2755.2
3388,20:10:59:223,2,Moderate_Damage,L2_S3,-2164,1528,16648,-3330,-47,-622,0,1781.2
3389,20:10:59:233,2,Moderate_Damage,L2_S3,-1984,1344,15634,-3988,-76,-730,0,767.2
3390,20:10:59:243,2,Moderate_Damage,L2_S3,-1756,1116,14508,-4268,-80,-774,0,-358.8
3391,20:10:59:253,2,Moderate_Damage,L2_S3,-1636,850,13452,-4202,-115,-763,0,-1414.8
3392,20:10:59:263,2,Moderate_Damage,L2_S3,-1380,676,12498,-3717,-92,-689,0,-2368.8
3393,20:10:59:273,2,Moderate_Damage,L2_S3,-1364,520,11786,-2898,-34,-552,0,-3080.8
3394,20:10:59:283,2,Moderate_Damage,L2_S3,-1248,366,11340,-1873,-65,-389,0,-3526.8
3395,20:10:59:293,2,Moderate_Damage,L2_S3,-1228,368,11318,-691,17,-202,0,-3548.8
3396,20:10:59:303,2,Moderate_Damage,L2_S3,-1314,486,11506,566,56,0,0,-3360.8
3397,20:10:59:313,2,Moderate_Damage,L2_S3,-1356,526,12082,1684,69,181,0,-2784.8
3398,20:10:59:323,2,Moderate_Damage,L2_S3,-1570,776,12910,2648,132,335,0,-1956.8
3399,20:10:59:333,2,Moderate_Damage,L2_S3,-1698,958,13902,3306,112,445,0,-964.8
3400,20:10:59:343,2,Moderate_Damage,L2_S3,-1796,1126,15012,3674,160,504,0,145.2
3401,20:10:59:353,2,Moderate_Damage,L2_S3,-2030,1446,15966,3666,166,506,0,1099.2
3402,20:10:59:363,2,Moderate_Damage,L2_S3,-2110,1584,17000,3214,84,434,0,2133.2
3403,20:10:59:373,2,Moderate_Damage,L2_S3,-2318,1758,17738,2565,166,319,0,2871.2
3404,20:10:59:383,2,Moderate_Damage,L2_S3,-2302,1832,18104,1594,60,163,0,3237.2
3405,20:10:59:393,2,Moderate_Damage,L2_S3,-2370,1856,18312,478,58,-7,0,3445.2
3406,20:10:59:403,2,Moderate_Damage,L2_S3,-2290,1870,18092,-692,35,-196,0,3225.2
3407,20:10:59:413,2,Moderate_Damage,L2_S3,-2250,1656,17640,-1793,-35,-368,0,2773.2
3408,20:10:59:423,2,Moderate_Damage,L2_S3,-2130,1554,16710,-2737,-15,-528,0,1843.2
3409,20:10:59:433,2,Moderate_Damage,L2_S3,-1964,1380,15916,-3437,-59,-639,0,1049.2
3410,20:10:59:443,2,Moderate_Damage,L2_S3,-1830,1156,14872,-3810,-72,-698,0,5.2
3411,20:10:59:453,2,Moderate_Damage,L2_S3,-1692,890,13844,-3847,-70,-713,0,-1022.8
3412,20:10:59:463,2,Moderate_Damage,L2_S3,-1448,698,13030,-3600,-119,-661,0,-1836.8
3413,20:10:59:473,2,Moderate_Damage,L2_S3,-1390,626,12246,-2900,-34,-550,0,-2620.8
3414,20:10:59:483,2,Moderate_Damage,L2_S3,-1382,448,11730,-2084,-31,-423,0,-3136.8
3415,20:10:59:493,2,Moderate_Damage,L2_S3,-1260,494,11544,-989,-23,-245,0,-3322.8
3416,20:10:59:503,2,Moderate_Damage,L2_S3,-1318,404,11786,42,46,-82,0,-3080.8
3417,20:10:59:513,2,Moderate_Damage,L2_S3,-1494,592,12102,1182,78,105,0,-2764.8
3418,20:10:59:523,2,Moderate_Damage,L2_S3,-1428,690,12870,2059,76,240,0,-1996.8
3419,20:10:59:533,2,Moderate_Damage,L2_S3,-1668,890,13672,2799,121,364,0,-1194.8
3420,20:10:59:543,2,Moderate_Damage,L2_S3,-1798,1036,14686,3195,117,419,0,-180.8
3421,20:10:59:553,2,Moderate_Damage,L2_S3,-1862,1348,15572,3337,155,446,0,705.2
3422,20:10:59:563,2,Moderate_Damage,L2_S3,-2172,1478,16482,3064,137,415,0,1615.2
3423,20:10:59:573,2,Moderate_Damage,L2_S3,-2114,1580,17220,2520,66,313,0,2353.2
3424,20:10:59:583,2,Moderate_Damage,L2_S3,-2300,1716,17678,1745,130,193,0,2811.2
3425,20:10:59:593,2,Moderate_Damage,L2_S3,-2282,1764,17892,798,38,42,0,3025.2
3426,20:10:59:603,2,Moderate_Damage,L2_S3,-2256,1752,17840,-281,27,-136,0,2973.2
3427,20:10:59:613,2,Moderate_Damage,L2_S3,-2280,1678,17498,-1285,26,-294,0,2631.2
3428,20:10:59:623,2,Moderate_Damage,L2_S3,-2112,1556,16910,-2208,-57,-441,0,2043.2
3429,20:10:59:633,2,Moderate_Damage,L2_S3,-2030,1442,16116,-2913,-25,-557,0,1249.2
3430,20:10:59:643,2,Moderate_Damage,L2_S3,-1856,1250,15168,-3369,-60,-628,0,301.2
3431,20:10:59:653,2,Moderate_Damage,L2_S3,-1754,992,14326,-3507,-79,-640,0,-540.8
3432,20:10:59:663,2,Moderate_Damage,L2_S3,-1600,918,13378,-3347,-52,-618,0,-1488.8
3433,20:10:59:675,2,Moderate_Damage,L2_S3,-1524,622,12834,-2942,-97,-558,0,-2032.8
3434,20:10:59:683,2,Moderate_Damage,L2_S3,-1370,650,12178,-2115,9,-426,0,-2688.8
3435,20:10:59:693,2,Moderate_Damage,L2_S3,-1264,502,12046,-1310,-35,-303,0,-2820.8
3436,20:10:59:703,2,Moderate_Damage,L2_S3,-1440,534,11948,-267,48,-132,0,-2918.8
3437,20:10:59:713,2,Moderate_Damage,L2_S3,-1318,518,12328,664,43,16,0,-2538.8
3438,20:10:59:723,2,Moderate_Damage,L2_S3,-1570,724,12758,1596,82,172,0,-2108.8
3439,20:10:59:733,2,Moderate_Damage,L2_S3,-1542,850,13520,2281,85,278,0,-1346.8
3440,20:10:59:743,2,Moderate_Damage,L2_S3,-1724,996,14398,2778,110,359,0,-468.8
3441,20:10:59:753,2,Moderate_Damage,L2_S3,-1848,1184,15252,2950,127,383,0,385.2
3442,20:10:59:763,2,Moderate_Damage,L2_S3,-1978,1372,16056,2855,122,368,0,1189.2
3443,20:10:59:773,2,Moderate_Damage,L2_S3,-2148,1526,16706,2481,137,317,0,1839.2
3444,20:10:59:783,2,Moderate_Damage,L2_S3,-2114,1604,17356,1768,50,190,0,2489.2
3445,20:10:59:793,2,Moderate_Damage,L2_S3,-2312,1734,17566,995,107,73,0,2699.2
3446,20:10:59:803,2,Moderate_Damage,L2_S3,-2192,1682,17680,46,19,-78,0,2813.2
3447,20:10:59:813,2,Moderate_Damage,L2_S3,-2244,1642,17358,-875,22,-221,0,2491.2
3448,20:10:59:823,2,Moderate_Damage,L2_S3,-2146,1540,16898,-1755,-4,-371,0,2031.2
3449,20:10:59:833,2,Moderate_Damage,L2_S3,-2056,1406,16280,-2455,-38,-490,0,1413.2
3450,20:10:59:843,2,Moderate_Damage,L2_S3,-1974,1278,15460,-2958,-41,-565,0,593.2
3451,20:10:59:853,2,Moderate_Damage,L2_S3,-1734,1108,14648,-3162,-60,-599,0,-218.8
3452,20:10:59:863,2,Moderate_Damage,L2_S3,-1676,926,13782,-3113,-62,-587,0,-1084.8
3453,20:10:59:873,2,Moderate_Damage,L2_S3,-1604,840,13134,-2776,-40,-534,0,-1732.8
3454,20:10:59:883,2,Moderate_Damage,L2_S3,-1378,592,12710,-2244,-88,-446,0,-2156.8
3455,20:10:59:893,2,Moderate_Damage,L2_S3,-1524,644,12242,-1402,49,-307,0,-2624.8
3456,20:10:59:903,2,Moderate_Damage,L2_S3,-1386,580,12244,-596,-21,-182,0,-2622.8
3457,20:10:59:913,2,Moderate_Damage,L2_S3,-1468,642,12370,346,45,-20,0,-2496.8
3458,20:10:59:923,2,Moderate_Damage,L2_S3,-1534,692,12888,1141,89,93,0,-1978.8
3459,20:10:59:933,2,Moderate_Damage,L2_S3,-1580,816,13450,1880,64,220,0,-1416.8
3460,20:10:59:943,2,Moderate_Damage,L2_S3,-1690,992,14192,2356,109,292,0,-674.8
3461,20:10:59:953,2,Moderate_Damage,L2_S3,-1836,1164,15002,2619,97,335,0,135.2
3462,20:10:59:963,2,Moderate_Damage,L2_S3,-1928,1346,15720,2593,102,329,0,853.2
3463,20:10:59:973,2,Moderate_Damage,L2_S3,-2044,1438,16378,2350,128,290,0,1511.2
3464,20:10:59:983,2,Moderate_Damage,L2_S3,-2166,1556,16898,1817,76,205,0,2031.2
3465,20:10:59:993,2,Moderate_Damage,L2_S3,-2138,1634,17270,1101,44,86,0,2403.2
3466,20:11:00:003,2,Moderate_Damage,L2_S3,-2258,1606,17400,309,94,-45,0,2533.2
3467,20:11:00:014,2,Moderate_Damage,L2_S3,-2176,1592,17218,-543,-22,-170,0,2351.2
3468,20:11:00:023,2,Moderate_Damage,L2_S3,-2190,1518,16912,-1360,34,-304,0,2045.2
3469,20:11:00:034,2,Moderate_Damage,L2_S3,-2040,1452,16302,-2050,-18,-419,0,1435.2
3470,20:11:00:044,2,Moderate_Damage,L2_S3,-1914,1268,15642,-2560,-51,-492,0,775.2
3471,20:11:00:054,2,Moderate_Damage,L2_S3,-1836,1122,14896,-2838,-27,-540,0,29.2
3472,20:11:00:064,2,Moderate_Damage,L2_S3,-1658,1004,14150,-2865,-64,-536,0,-716.8
3473,20:11:00:073,2,Moderate_Damage,L2_S3,-1552,838,13472,-2634,-23,-509,0,-1394.8
3474,20:11:00:083,2,Moderate_Damage,L2_S3,-1498,722,13056,-2213,-52,-444,0,-1810.8
3475,20:11:00:093,2,Moderate_Damage,L2_S3,-1444,650,12646,-1541,-15,-339,0,-2220.8
3476,20:11:00:103,2,Moderate_Damage,L2_S3,-1528,606,12470,-787,26,-216,0,-2396.8
3477,20:11:00:113,2,Moderate_Damage,L2_S3,-1398,650,12526,29,-1,-77,0,-2340.8
3478,20:11:00:123,2,Moderate_Damage,L2_S3,-1520,702,12914,789,83,39,0,-1952.8
3479,20:11:00:133,2,Moderate_Damage,L2_S3,-1596,818,13338,1489,63,154,0,-1528.8
3480,20:11:00:143,2,Moderate_Damage,L2_S3,-1624,928,14042,1979,86,230,0,-824.8
3481,20:11:00:154,2,Moderate_Damage,L2_S3,-1820,1088,14716,2296,103,288,0,-150.8
3482,20:11:00:163,2,Moderate_Damage,L2_S3,-1908,1246,15480,2344,89,290,0,613.2
3483,20:11:00:173,2,Moderate_Damage,L2_S3,-2034,1400,16082,2169,103,256,0,1215.2
3484,20:11:00:183,2,Moderate_Damage,L2_S3,-2130,1496,16604,1799,106,198,0,1737.2
3485,20:11:00:193,2,Moderate_Damage,L2_S3,-2174,1540,16952,1187,60,109,0,2085.2
3486,20:11:00:203,2,Moderate_Damage,L2_S3,-2170,1578,17110,480,38,-4,0,2243.2
3487,20:11:00:213,2,Moderate_Damage,L2_S3,-2152,1554,17050,-291,51,-130,0,2183.2
3488,20:11:00:224,2,Moderate_Damage,L2_S3,-2070,1546,16708,-1012,-24,-244,0,1841.2
3489,20:11:00:233,2,Moderate_Damage,L2_S3,-2046,1418,16370,-1709,4,-359,0,1503.2
3490,20:11:00:244,2,Moderate_Damage,L2_S3,-1932,1378,15718,-2189,-34,-444,0,851.2
3491,20:11:00:254,2,Moderate_Damage,L2_S3,-1814,1184,15112,-2518,-45,-490,0,245.2
3492,20:11:00:264,2,Moderate_Damage,L2_S3,-1738,1020,14422,-2603,-19,-508,0,-444.8
3493,20:11:00:274,2,Moderate_Damage,L2_S3,-1618,896,13758,-2476,-41,-483,0,-1108.8
3494,20:11:00:284,2,Moderate_Damage,L2_S3,-1628,844,13230,-2123,-18,-429,0,-1636.8
3495,20:11:00:294,2,Moderate_Damage,L2_S3,-1458,686,13024,-1630,-49,-353,0,-1842.8
3496,20:11:00:303,2,Moderate_Damage,L2_S3,-1544,730,12746,-897,35,-228,0,-2120.8
3497,20:11:00:313,2,Moderate_Damage,L2_S3,-1468,662,12828,-245,6,-122,0,-2038.8
3498,20:11:00:323,2,Moderate_Damage,L2_S3,-1586,780,12966,522,61,-3,0,-1900.8
3499,20:11:00:333,2,Moderate_Damage,L2_S3,-1554,776,13376,1119,69,91,0,-1490.8
3500,20:11:00:343,2,Moderate_Damage,L2_S3,-1660,930,13960,1660,68,175,0,-906.8
3501,20:11:00:354,2,Moderate_Damage,L2_S3,-1800,1056,14582,1971,102,227,0,-284.8
3502,20:11:00:363,2,Moderate_Damage,L2_S3,-1832,1186,15258,2109,83,254,0,391.2
3503,20:11:00:373,2,Moderate_Damage,L2_S3,-1940,1350,15802,1992,99,237,0,935.2
3504,20:11:00:383,2,Moderate_Damage,L2_S3,-2016,1478,16202,1695,74,184,0,1335.2
3505,20:11:00:393,2,Moderate_Damage,L2_S3,-2074,1518,16654,1226,77,119,0,1787.2
3506,20:11:00:403,2,Moderate_Damage,L2_S3,-2090,1536,16816,632,61,17,0,1949.2
3507,20:11:00:413,2,Moderate_Damage,L2_S3,-2082,1556,16884,-87,-5,-95,0,2017.2
3508,20:11:00:423,2,Moderate_Damage,L2_S3,-2128,1530,16712,-738,56,-206,0,1845.2
3509,20:11:00:434,2,Moderate_Damage,L2_S3,-1988,1426,16298,-1370,-29,-307,0,1431.2
3510,20:11:00:444,2,Moderate_Damage,L2_S3,-1988,1294,15822,-1874,-12,-386,0,955.2
3511,20:11:00:454,2,Moderate_Damage,L2_S3,-1874,1278,15170,-2194,-14,-433,0,303.2
3512,20:11:00:464,2,Moderate_Damage,L2_S3,-1756,1100,14638,-2359,-40,-465,0,-228.8
3513,20:11:00:474,2,Moderate_Damage,L2_S3,-1644,964,14058,-2284,-17,-453,0,-808.8
3514,20:11:00:484,2,Moderate_Damage,L2_S3,-1660,870,13534,-2041,-26,-411,0,-1332.8
3515,20:11:00:494,2,Moderate_Damage,L2_S3,-1514,674,13278,-1625,-34,-346,0,-1588.8
3516,20:11:00:504,2,Moderate_Damage,L2_S3,-1578,768,12948,-1005,25,-247,0,-1918.8
3517,20:11:00:514,2,Moderate_Damage,L2_S3,-1458,712,13038,-426,-14,-152,0,-1828.8
3518,20:11:00:523,2,Moderate_Damage,L2_S3,-1552,820,13104,260,66,-48,0,-1762.8
3519,20:11:00:533,2,Moderate_Damage,L2_S3,-1608,780,13462,830,47,46,0,-1404.8
3520,20:11:00:543,2,Moderate_Damage,L2_S3,-1638,900,13954,1350,72,135,0,-912.8
3521,20:11:00:553,2,Moderate_Damage,L2_S3,-1708,1014,14458,1683,84,182,0,-408.8
3522,20:11:00:564,2,Moderate_Damage,L2_S3,-1822,1158,14944,1853,72,215,0,77.2
3523,20:11:00:573,2,Moderate_Damage,L2_S3,-1906,1292,15578,1816,88,204,0,711.2
3524,20:11:00:584,2,Moderate_Damage,L2_S3,-2030,1344,16020,1585,72,173,0,1153.2
3525,20:11:00:594,2,Moderate_Damage,L2_S3,-2116,1440,16414,1194,72,106,0,1547.2
3526,20:11:00:603,2,Moderate_Damage,L2_S3,-2068,1528,16602,679,49,21,0,1735.2
3527,20:11:00:613,2,Moderate_Damage,L2_S3,-2072,1448,16640,73,31,-72,0,1773.2
3528,20:11:00:624,2,Moderate_Damage,L2_S3,-2170,1568,16426,-489,64,-169,0,1559.2
3529,20:11:00:634,2,Moderate_Damage,L2_S3,-1958,1336,16324,-1169,-49,-277,0,1457.2
3530,20:11:00:644,2,Moderate_Damage,L2_S3,-2102,1420,15776,-1535,42,-331,0,909.2
3531,20:11:00:654,2,Moderate_Damage,L2_S3,-1748,1196,15420,-1984,-47,-406,0,553.2
3532,20:11:00:664,2,Moderate_Damage,L2_S3,-1856,1134,14734,-2075,7,-417,0,-132.8
3533,20:11:00:674,2,Moderate_Damage,L2_S3,-1634,998,14268,-2128,-31,-439,0,-598.8
3534,20:11:00:684,2,Moderate_Damage,L2_S3,-1680,936,13732,-1892,-21,-391,0,-1134.8
3535,20:11:00:694,2,Moderate_Damage,L2_S3,-1610,790,13428,-1571,-4,-345,0,-1438.8
3536,20:11:00:704,2,Moderate_Damage,L2_S3,-1574,748,13182,-1090,-2,-263,0,-1684.8
3537,20:11:00:714,2,Moderate_Damage,L2_S3,-1556,758,13186,-539,-1,-177,0,-1680.8
3538,20:11:00:723,2,Moderate_Damage,L2_S3,-1558,794,13304,75,65,-77,0,-1562.8
3539,20:11:00:733,2,Moderate_Damage,L2_S3,-1622,802,13478,596,24,9,0,-1388.8
3540,20:11:00:743,2,Moderate_Damage,L2_S3,-1646,976,13870,1076,85,84,0,-996.8
3541,20:11:00:753,2,Moderate_Damage,L2_S3,-1788,1008,14274,1426,63,147,0,-592.8
3542,20:11:00:764,2,Moderate_Damage,L2_S3,-1800,1162,14852,1620,72,172,0,-14.8
3543,20:11:00:774,2,Moderate_Damage,L2_S3,-1870,1200,15352,1625,81,169,0,485.2
3544,20:11:00:784,2,Moderate_Damage,L2_S3,-1980,1330,15822,1470,60,150,0,955.2
3545,20:11:00:794,2,Moderate_Damage,L2_S3,-2032,1410,16178,1153,79,98,0,1311.2
3546,20:11:00:803,2,Moderate_Damage,L2_S3,-2046,1432,16428,711,38,31,0,1561.2
3547,20:11:00:813,2,Moderate_Damage,L2_S3,-2120,1470,16502,191,48,-57,0,1635.2
3548,20:11:00:824,2,Moderate_Damage,L2_S3,-2070,1506,16444,-369,23,-149,0,1577.2
3549,20:11:00:834,2,Moderate_Damage,L2_S3,-2046,1438,16162,-899,0,-231,0,1295.2
3550,20:11:00:844,2,Moderate_Damage,L2_S3,-1986,1332,15824,-1361,21,-308,0,957.2
3551,20:11:00:854,2,Moderate_Damage,L2_S3,-1918,1218,15454,-1704,-17,-354,0,587.2
3552,20:11:00:864,2,Moderate_Damage,L2_S3,-1772,1124,14954,-1900,-9,-395,0,87.2
3553,20:11:00:874,2,Moderate_Damage,L2_S3,-1790,1020,14474,-1935,-16,-399,0,-392.8
3554,20:11:00:884,2,Moderate_Damage,L2_S3,-1642,932,14026,-1798,-13,-378,0,-840.8
3555,20:11:00:894,2,Moderate_Damage,L2_S3,-1614,828,13696,-1513,-3,-330,0,-1170.8
3556,20:11:00:904,2,Moderate_Damage,L2_S3,-1610,768,13444,-1099,0,-259,0,-1422.8
3557,20:11:00:914,2,Moderate_Damage,L2_S3,-1520,778,13268,-617,30,-187,0,-1598.8
3558,20:11:00:923,2,Moderate_Damage,L2_S3,-1626,842,13334,-75,29,-94,0,-1532.8
3559,20:11:00:934,2,Moderate_Damage,L2_S3,-1590,826,13594,436,58,-20,0,-1272.8
3560,20:11:00:943,2,Moderate_Damage,L2_S3,-1628,912,13852,890,60,53,0,-1014.8
3561,20:11:00:954,2,Moderate_Damage,L2_S3,-1770,1030,14360,1214,71,107,0,-506.8
3562,20:11:00:964,2,Moderate_Damage,L2_S3,-1796,1088,14790,1430,59,135,0,-76.8
3563,20:11:00:974,2,Moderate_Damage,L2_S3,-1888,1216,15184,1474,78,149,0,317.2
3564,20:11:00:984,2,Moderate_Damage,L2_S3,-1900,1262,15608,1367,72,139,0,741.2
3565,20:11:00:994,2,Moderate_Damage,L2_S3,-1966,1350,16022,1104,65,94,0,1155.2
3566,20:11:01:003,2,Moderate_Damage,L2_S3,-1986,1366,16238,720,50,27,0,1371.2
3567,20:11:01:014,2,Moderate_Damage,L2_S3,-2026,1422,16378,252,44,-51,0,1511.2
3568,20:11:01:024,2,Moderate_Damage,L2_S3,-2040,1444,16310,-248,32,-127,0,1443.2
3569,20:11:01:034,2,Moderate_Damage,L2_S3,-2006,1456,16140,-741,24,-212,0,1273.2
3570,20:11:01:044,2,Moderate_Damage,L2_S3,-1996,1326,15808,-1170,8,-273,0,941.2
3571,20:11:01:054,2,Moderate_Damage,L2_S3,-1994,1246,15414,-1520,1,-328,0,547.2
3572,20:11:01:064,2,Moderate_Damage,L2_S3,-1836,1164,15014,-1725,-16,-366,0,147.2
3573,20:11:01:074,2,Moderate_Damage,L2_S3,-1740,1066,14532,-1781,-14,-374,0,-334.8
3574,20:11:01:084,2,Moderate_Damage,L2_S3,-1708,994,14190,-1687,-8,-353,0,-676.8
3575,20:11:01:094,2,Moderate_Damage,L2_S3,-1620,950,13780,-1457,-16,-321,0,-1086.8
3576,20:11:01:104,2,Moderate_Damage,L2_S3,-1630,866,13570,-1110,16,-262,0,-1296.8
3577,20:11:01:114,2,Moderate_Damage,L2_S3,-1590,836,13424,-667,8,-192,0,-1442.8
3578,20:11:01:124,2,Moderate_Damage,L2_S3,-1590,824,13478,-187,23,-123,0,-1388.8
3579,20:11:01:134,2,Moderate_Damage,L2_S3,-1646,844,13610,285,53,-45,0,-1256.8
3580,20:11:01:143,2,Moderate_Damage,L2_S3,-1654,906,13972,709,49,25,0,-894.8
3581,20:11:01:154,2,Moderate_Damage,L2_S3,-1726,1050,14290,1042,70,82,0,-576.8
3582,20:11:01:164,2,Moderate_Damage,L2_S3,-1754,1076,14712,1256,70,113,0,-154.8
3583,20:11:01:174,2,Moderate_Damage,L2_S3,-1812,1140,15166,1327,67,123,0,299.2
3584,20:11:01:184,2,Moderate_Damage,L2_S3,-1978,1330,15840,1032,58,79,0,973.2
3585,20:11:01:194,2,Moderate_Damage,L2_S3,-2052,1336,16094,718,57,29,0,1227.2
3586,20:11:01:204,2,Moderate_Damage,L2_S3,-2050,1442,16170,306,29,-34,0,1303.2
3587,20:11:01:214,2,Moderate_Damage,L2_S3,-1968,1430,16210,-147,43,-113,0,1343.2
3588,20:11:01:224,2,Moderate_Damage,L2_S3,-1964,1344,16102,-606,13,-178,0,1235.2
3589,20:11:01:234,2,Moderate_Damage,L2_S3,-1990,1340,15820,-1011,21,-239,0,953.2
3590,20:11:01:244,2,Moderate_Damage,L2_S3,-1902,1198,15458,-1340,-4,-296,0,591.2
3591,20:11:01:254,2,Moderate_Damage,L2_S3,-1854,1186,15038,-1552,-3,-331,0,171.2
3592,20:11:01:264,2,Moderate_Damage,L2_S3,-1740,1096,14642,-1638,-18,-344,0,-224.8
3593,20:11:01:274,2,Moderate_Damage,L2_S3,-1720,1030,14354,-1583,-3,-339,0,-512.8
3594,20:11:01:284,2,Moderate_Damage,L2_S3,-1656,922,13984,-1394,0,-315,0,-882.8
3595,20:11:01:294,2,Moderate_Damage,L2_S3,-1634,874,13812,-1088,-2,-265,0,-1054.8
3596,20:11:01:304,2,Moderate_Damage,L2_S3,-1666,836,13640,-703,19,-199,0,-1226.8
3597,20:11:01:314,2,Moderate_Damage,L2_S3,-1586,850,13576,-270,29,-138,0,-1290.8
3598,20:11:01:324,2,Moderate_Damage,L2_S3,-1616,870,13674,163,39,-67,0,-1192.8
3599,20:11:01:334,2,Moderate_Damage,L2_S3,-1662,910,13938,559,64,-3,0,-928.8
3600,20:11:01:344,2,Moderate_Damage,L2_S3,-1754,1012,14254,883,62,58,0,-612.8
3601,20:11:01:354,2,Moderate_Damage,L2_S3,-1774,1050,14598,1099,63,88,0,-268.8
3602,20:11:01:364,2,Moderate_Damage,L2_S3,-1830,1170,14984,1196,63,102,0,117.2
3603,20:11:01:374,2,Moderate_Damage,L2_S3,-1934,1212,15284,1144,60,102,0,417.2
3604,20:11:01:384,2,Moderate_Damage,L2_S3,-1914,1304,15730,980,68,66,0,863.2
3605,20:11:01:394,2,Moderate_Damage,L2_S3,-1988,1360,15984,690,55,31,0,1117.2
3606,20:11:01:404,2,Moderate_Damage,L2_S3,-1996,1378,16086,338,37,-32,0,1219.2
3607,20:11:01:414,2,Moderate_Damage,L2_S3,-1994,1390,16070,-74,36,-99,0,1203.2
3608,20:11:01:424,2,Moderate_Damage,L2_S3,-2044,1370,15970,-487,22,-163,0,1103.2
3609,20:11:01:434,2,Moderate_Damage,L2_S3,-1972,1336,15852,-883,14,-217,0,985.2
3610,20:11:01:444,2,Moderate_Damage,L2_S3,-1894,1238,15470,-1187,8,-277,0,603.2
3611,20:11:01:454,2,Moderate_Damage,L2_S3,-1826,1194,15140,-1407,-6,-310,0,273.2
3612,20:11:01:464,2,Moderate_Damage,L2_S3,-1822,1110,14742,-1504,4,-328,0,-124.8
3613,20:11:01:474,2,Moderate_Damage,L2_S3,-1768,1020,14378,-1477,-4,-321,0,-488.8
3614,20:11:01:484,2,Moderate_Damage,L2_S3,-1696,956,14042,-1327,4,-304,0,-824.8
3615,20:11:01:494,2,Moderate_Damage,L2_S3,-1658,896,13860,-1073,4,-258,0,-1006.8
3616,20:11:01:504,2,Moderate_Damage,L2_S3,-1622,892,13718,-729,22,-210,0,-1148.8
3617,20:11:01:514,2,Moderate_Damage,L2_S3,-1616,892,13628,-341,24,-139,0,-1238.8
3618,20:11:01:524,2,Moderate_Damage,L2_S3,-1640,890,13816,51,36,-73,0,-1050.8
3619,20:11:01:534,2,Moderate_Damage,L2_S3,-1660,922,14006,420,47,-18,0,-860.8
3620,20:11:01:544,2,Moderate_Damage,L2_S3,-1688,970,14292,733,57,24,0,-574.8
3621,20:11:01:554,2,Moderate_Damage,L2_S3,-1778,1070,14542,943,60,67,0,-324.8
3622,20:11:01:564,2,Moderate_Damage,L2_S3,-1824,1124,14950,1065,58,82,0,83.2
3623,20:11:01:574,2,Moderate_Damage,L2_S3,-1922,1218,15282,1046,66,82,0,415.2
3624,20:11:01:584,2,Moderate_Damage,L2_S3,-1924,1250,15586,913,51,57,0,719.2
3625,20:11:01:594,2,Moderate_Damage,L2_S3,-1926,1294,15818,675,48,23,0,951.2
3626,20:11:01:604,2,Moderate_Damage,L2_S3,-2070,1356,15914,357,49,-27,0,1047.2
3627,20:11:01:614,2,Moderate_Damage,L2_S3,-1996,1292,15918,-9,40,-83,0,1051.2
3628,20:11:01:624,2,Moderate_Damage,L2_S3,-1954,1320,15920,-389,32,-157,0,1053.2
3629,20:11:01:634,2,Moderate_Damage,L2_S3,-1950,1326,15726,-741,11,-209,0,859.2
3630,20:11:01:644,2,Moderate_Damage,L2_S3,-1894,1208,15402,-1054,16,-265,0,535.2
3631,20:11:01:654,2,Moderate_Damage,L2_S3,-1834,1202,15132,-1270,6,-292,0,265.2
3632,20:11:01:664,2,Moderate_Damage,L2_S3,-1858,1148,14820,-1379,-8,-308,0,-46.8
3633,20:11:01:674,2,Moderate_Damage,L2_S3,-1766,1030,14510,-1374,6,-302,0,-356.8
3634,20:11:01:684,2,Moderate_Damage,L2_S3,-1772,1014,14184,-1259,-2,-289,0,-682.8
3635,20:11:01:694,2,Moderate_Damage,L2_S3,-1666,964,13942,-1042,11,-261,0,-924.8
3636,20:11:01:704,2,Moderate_Damage,L2_S3,-1660,936,13820,-747,16,-202,0,-1046.8
3637,20:11:01:714,2,Moderate_Damage,L2_S3,-1606,884,13790,-398,24,-147,0,-1076.8
3638,20:11:01:724,2,Moderate_Damage,L2_S3,-1672,876,13888,-36,36,-94,0,-978.8
3639,20:11:01:734,2,Moderate_Damage,L2_S3,-1652,932,13994,314,40,-34,0,-872.8
3640,20:11:01:744,2,Moderate_Damage,L2_S3,-1744,944,14262,608,52,7,0,-604.8
3641,20:11:01:754,2,Moderate_Damage,L2_S3,-1758,1066,14514,822,55,48,0,-352.8
3642,20:11:01:764,2,Moderate_Damage,L2_S3,-1816,1092,14866,943,44,60,0,-0.8
3643,20:11:01:774,2,Moderate_Damage,L2_S3,-1920,1160,15116,952,64,64,0,249.2
3644,20:11:01:784,2,Moderate_Damage,L2_S3,-1894,1216,15468,847,41,46,0,601.2
3645,20:11:01:794,2,Moderate_Damage,L2_S3,-1932,1254,15662,647,52,11,0,795.2
3646,20:11:01:804,2,Moderate_Damage,L2_S3,-1960,1294,15848,362,42,-27,0,981.2
3647,20:11:01:814,2,Moderate_Damage,L2_S3,-1984,1336,15922,39,40,-80,0,1055.2
3648,20:11:01:824,2,Moderate_Damage,L2_S3,-1998,1314,15802,-303,30,-131,0,935.2
3649,20:11:01:834,2,Moderate_Damage,L2_S3,-1914,1310,15610,-637,20,-188,0,743.2
3650,20:11:01:844,2,Moderate_Damage,L2_S3,-1904,1278,15456,-928,6,-238,0,589.2
3651,20:11:01:854,2,Moderate_Damage,L2_S3,-1886,1152,15150,-1144,9,-272,0,283.2
3652,20:11:01:864,2,Moderate_Damage,L2_S3,-1792,1116,14890,-1260,7,-293,0,23.2
3653,20:11:01:874,2,Moderate_Damage,L2_S3,-1786,1058,14610,-1278,11,-287,0,-256.8
3654,20:11:01:884,2,Moderate_Damage,L2_S3,-1690,984,14378,-1195,0,-276,0,-488.8
3655,20:11:01:894,2,Moderate_Damage,L2_S3,-1680,974,14022,-1016,5,-251,0,-844.8
3656,20:11:01:904,2,Moderate_Damage,L2_S3,-1684,932,13960,-757,11,-210,0,-906.8
3657,20:11:01:914,2,Moderate_Damage,L2_S3,-1648,894,13968,-444,19,-152,0,-898.8
3658,20:11:01:924,2,Moderate_Damage,L2_S3,-1716,902,13944,-107,35,-103,0,-922.8
3659,20:11:01:934,2,Moderate_Damage,L2_S3,-1700,952,14024,211,42,-54,0,-842.8
3660,20:11:01:944,2,Moderate_Damage,L2_S3,-1708,1016,14212,495,50,-12,0,-654.8
3661,20:11:01:954,2,Moderate_Damage,L2_S3,-1754,1016,14540,702,58,22,0,-326.8
3662,20:11:01:964,2,Moderate_Damage,L2_S3,-1814,1112,14810,825,60,42,0,-56.8
3663,20:11:01:974,2,Moderate_Damage,L2_S3,-1872,1144,15090,848,59,51,0,223.2
3664,20:11:01:984,2,Moderate_Damage,L2_S3,-1892,1212,15350,782,62,36,0,483.2
3665,20:11:01:994,2,Moderate_Damage,L2_S3,-1924,1266,15644,605,47,15,0,777.2
3666,20:11:02:004,2,Moderate_Damage,L2_S3,-1958,1278,15704,368,45,-25,0,837.2
3667,20:11:02:014,2,Moderate_Damage,L2_S3,-1990,1306,15732,72,29,-63,0,865.2
3668,20:11:02:024,2,Moderate_Damage,L2_S3,-1964,1286,15776,-239,25,-123,0,909.2
3669,20:11:02:034,2,Moderate_Damage,L2_S3,-1926,1332,15642,-548,23,-172,0,775.2
3670,20:11:02:044,2,Moderate_Damage,L2_S3,-1898,1268,15432,-818,11,-220,0,565.2
3671,20:11:02:054,2,Moderate_Damage,L2_S3,-1854,1250,15278,-1029,17,-254,0,411.2
3672,20:11:02:064,2,Moderate_Damage,L2_S3,-1804,1142,15006,-1159,6,-274,0,139.2
3673,20:11:02:074,2,Moderate_Damage,L2_S3,-1814,1092,14622,-1184,-6,-281,0,-244.8
3674,20:11:02:084,2,Moderate_Damage,L2_S3,-1678,1028,14456,-1122,6,-268,0,-410.8
3675,20:11:02:094,2,Moderate_Damage,L2_S3,-1686,980,14204,-969,9,-238,0,-662.8
3676,20:11:02:104,2,Moderate_Damage,L2_S3,-1672,960,14058,-755,12,-209,0,-808.8
3677,20:11:02:114,2,Moderate_Damage,L2_S3,-1694,954,14040,-481,24,-164,0,-826.8
3678,20:11:02:124,2,Moderate_Damage,L2_S3,-1686,940,14070,-175,25,-115,0,-796.8
3679,20:11:02:134,2,Moderate_Damage,L2_S3,-1714,998,14122,125,51,-64,0,-744.8
3680,20:11:02:144,2,Moderate_Damage,L2_S3,-1742,992,14346,386,43,-18,0,-520.8
3681,20:11:02:154,2,Moderate_Damage,L2_S3,-1776,1044,14544,594,55,9,0,-322.8
3682,20:11:02:164,2,Moderate_Damage,L2_S3,-1786,1082,14766,717,52,27,0,-100.8
3683,20:11:02:174,2,Moderate_Damage,L2_S3,-1864,1136,15050,758,46,35,0,183.2
3684,20:11:02:184,2,Moderate_Damage,L2_S3,-1900,1198,15272,707,53,30,0,405.2
3685,20:11:02:194,2,Moderate_Damage,L2_S3,-1894,1224,15488,567,43,10,0,621.2
3686,20:11:02:204,2,Moderate_Damage,L2_S3,-1942,1296,15666,362,46,-27,0,799.2
3687,20:11:02:214,2,Moderate_Damage,L2_S3,-2012,1266,15798,104,40,-83,0,931.2
3688,20:11:02:224,2,Moderate_Damage,L2_S3,-1996,1306,15668,-186,28,-123,0,801.2
3689,20:11:02:234,2,Moderate_Damage,L2_S3,-1968,1250,15642,-470,27,-161,0,775.2
3690,20:11:02:244,2,Moderate_Damage,L2_S3,-1956,1260,15494,-726,11,-193,0,627.2
3691,20:11:02:254,2,Moderate_Damage,L2_S3,-1876,1228,15244,-929,10,-235,0,377.2
3692,20:11:02:264,2,Moderate_Damage,L2_S3,-1850,1118,14956,-1056,7,-254,0,89.2
3693,20:11:02:274,2,Moderate_Damage,L2_S3,-1828,1122,14724,-1095,3,-261,0,-142.8
3694,20:11:02:284,2,Moderate_Damage,L2_S3,-1854,1010,14418,-1055,17,-254,0,-448.8
3695,20:11:02:294,2,Moderate_Damage,L2_S3,-1650,1008,14312,-933,9,-238,0,-554.8
3696,20:11:02:304,2,Moderate_Damage,L2_S3,-1680,950,14104,-743,14,-207,0,-762.8
3697,20:11:02:314,2,Moderate_Damage,L2_S3,-1652,936,14048,-501,24,-173,0,-818.8
3698,20:11:02:324,2,Moderate_Damage,L2_S3,-1670,922,14092,-222,22,-121,0,-774.8
3699,20:11:02:334,2,Moderate_Damage,L2_S3,-1714,992,14092,47,40,-79,0,-774.8
3700,20:11:02:344,2,Moderate_Damage,L2_S3,-1726,1022,14354,297,44,-39,0,-512.8
3701,20:11:02:354,2,Moderate_Damage,L2_S3,-1760,1022,14504,493,50,-6,0,-362.8
3702,20:11:02:364,2,Moderate_Damage,L2_S3,-1810,1114,14706,622,43,14,0,-160.8
3703,20:11:02:374,2,Moderate_Damage,L2_S3,-1808,1136,14986,675,56,21,0,119.2
3704,20:11:02:384,2,Moderate_Damage,L2_S3,-1906,1172,15250,639,58,16,0,383.2
3705,20:11:02:394,2,Moderate_Damage,L2_S3,-1870,1218,15420,537,46,-8,0,553.2
3706,20:11:02:404,2,Moderate_Damage,L2_S3,-1908,1266,15562,343,45,-33,0,695.2
3707,20:11:02:414,2,Moderate_Damage,L2_S3,-1932,1286,15586,119,46,-67,0,719.2
3708,20:11:02:424,2,Moderate_Damage,L2_S3,-1918,1266,15570,-139,36,-107,0,703.2
3709,20:11:02:434,2,Moderate_Damage,L2_S3,-1918,1260,15536,-395,25,-151,0,669.2
3710,20:11:02:444,2,Moderate_Damage,L2_S3,-1912,1214,15356,-639,26,-193,0,489.2
3711,20:11:02:454,2,Moderate_Damage,L2_S3,-1878,1196,15186,-825,6,-218,0,319.2
3712,20:11:02:464,2,Moderate_Damage,L2_S3,-1852,1134,15022,-968,11,-239,0,155.2
3713,20:11:02:475,2,Moderate_Damage,L2_S3,-1822,1094,14790,-1015,7,-250,0,-76.8
3714,20:11:02:484,2,Moderate_Damage,L2_S3,-1770,1080,14634,-997,14,-248,0,-232.8
3715,20:11:02:494,2,Moderate_Damage,L2_S3,-1732,1022,14394,-896,16,-229,0,-472.8
3716,20:11:02:504,2,Moderate_Damage,L2_S3,-1686,962,14186,-727,24,-208,0,-680.8
3717,20:11:02:514,2,Moderate_Damage,L2_S3,-1700,980,14090,-514,16,-169,0,-776.8
3718,20:11:02:524,2,Moderate_Damage,L2_S3,-1716,1008,14108,-272,24,-130,0,-758.8
3719,20:11:02:534,2,Moderate_Damage,L2_S3,-1754,980,14198,-17,29,-82,0,-668.8
3720,20:11:02:544,2,Moderate_Damage,L2_S3,-1764,1032,14330,210,48,-48,0,-536.8
3721,20:11:02:554,2,Moderate_Damage,L2_S3,-1732,1026,14502,400,45,-26,0,-364.8
3722,20:11:02:564,2,Moderate_Damage,L2_S3,-1878,1078,14684,529,51,2,0,-182.8
3723,20:11:02:574,2,Moderate_Damage,L2_S3,-1870,1094,14962,590,48,8,0,95.2
3724,20:11:02:584,2,Moderate_Damage,L2_S3,-1846,1158,15166,577,45,13,0,299.2
3725,20:11:02:594,2,Moderate_Damage,L2_S3,-1850,1178,15332,488,55,-4,0,465.2
3726,20:11:02:604,2,Moderate_Damage,L2_S3,-1884,1256,15402,339,45,-32,0,535.2
3727,20:11:02:614,2,Moderate_Damage,L2_S3,-1950,1272,15538,134,38,-65,0,671.2
3728,20:11:02:624,2,Moderate_Damage,L2_S3,-1940,1254,15524,-101,29,-102,0,657.2
3729,20:11:02:634,2,Moderate_Damage,L2_S3,-1894,1226,15542,-342,22,-134,0,675.2
3730,20:11:02:644,2,Moderate_Damage,L2_S3,-1914,1244,15416,-559,17,-180,0,549.2
3731,20:11:02:654,2,Moderate_Damage,L2_S3,-1812,1170,15208,-747,18,-212,0,341.2
3732,20:11:02:664,2,Moderate_Damage,L2_S3,-1824,1160,15034,-880,4,-232,0,167.2
3733,20:11:02:674,2,Moderate_Damage,L2_S3,-1816,1072,14782,-942,16,-244,0,-84.8
3734,20:11:02:684,2,Moderate_Damage,L2_S3,-1748,1082,14538,-931,13,-236,0,-328.8
3735,20:11:02:694,2,Moderate_Damage,L2_S3,-1750,1072,14404,-845,8,-225,0,-462.8
3736,20:11:02:704,2,Moderate_Damage,L2_S3,-1746,1014,14266,-709,18,-203,0,-600.8
3737,20:11:02:714,2,Moderate_Damage,L2_S3,-1710,1000,14168,-513,15,-171,0,-698.8
3738,20:11:02:724,2,Moderate_Damage,L2_S3,-1748,980,14172,-297,26,-139,0,-694.8
3739,20:11:02:734,2,Moderate_Damage,L2_S3,-1692,980,14252,-69,33,-101,0,-614.8
3740,20:11:02:744,2,Moderate_Damage,L2_S3,-1696,996,14340,147,34,-62,0,-526.8
3741,20:11:02:754,2,Moderate_Damage,L2_S3,-1762,1002,14494,325,48,-32,0,-372.8
3742,20:11:02:764,2,Moderate_Damage,L2_S3,-1796,1038,14650,452,43,-9,0,-216.8
3743,20:11:02:774,2,Moderate_Damage,L2_S3,-1870,1086,14894,518,57,-2,0,27.2
3744,20:11:02:784,2,Moderate_Damage,L2_S3,-1840,1148,15104,511,47,2,0,237.2
3745,20:11:02:794,2,Moderate_Damage,L2_S3,-1894,1218,15236,446,52,-15,0,369.2
3746,20:11:02:804,2,Moderate_Damage,L2_S3,-1968,1214,15420,312,39,-32,0,553.2
3747,20:11:02:814,2,Moderate_Damage,L2_S3,-1898,1280,15466,138,43,-58,0,599.2
3748,20:11:02:824,2,Moderate_Damage,L2_S3,-1876,1240,15514,-77,34,-94,0,647.2
3749,20:11:02:834,2,Moderate_Damage,L2_S3,-1858,1242,15474,-287,30,-130,0,607.2
3750,20:11:02:844,2,Moderate_Damage,L2_S3,-1904,1260,15394,-493,25,-161,0,527.2
3751,20:11:02:854,2,Moderate_Damage,L2_S3,-1868,1198,15264,-675,15,-196,0,397.2
3752,20:11:02:864,2,Moderate_Damage,L2_S3,-1836,1176,15076,-797,9,-207,0,209.2
3753,20:11:02:874,2,Moderate_Damage,L2_S3,-1840,1106,14872,-861,16,-225,0,5.2
3754,20:11:02:884,2,Moderate_Damage,L2_S3,-1734,1072,14638,-867,6,-228,0,-228.8
3755,20:11:02:894,2,Moderate_Damage,L2_S3,-1764,1062,14466,-811,15,-218,0,-400.8
3756,20:11:02:904,2,Moderate_Damage,L2_S3,-1708,984,14390,-690,15,-194,0,-476.8
3757,20:11:02:914,2,Moderate_Damage,L2_S3,-1706,980,14270,-524,19,-169,0,-596.8
3758,20:11:02:924,2,Moderate_Damage,L2_S3,-1702,996,14316,-326,33,-135,0,-550.8
3759,20:11:02:934,2,Moderate_Damage,L2_S3,-1744,1034,14266,-116,32,-102,0,-600.8
3760,20:11:02:944,2,Moderate_Damage,L2_S3,-1718,1014,14364,84,35,-72,0,-502.8
3761,20:11:02:954,2,Moderate_Damage,L2_S3,-1746,1048,14444,258,44,-53,0,-422.8
3762,20:11:02:964,2,Moderate_Damage,L2_S3,-1806,1084,14640,389,45,-26,0,-226.8
3763,20:11:02:974,2,Moderate_Damage,L2_S3,-1820,1130,14868,445,44,-11,0,1.2
3764,20:11:02:984,2,Moderate_Damage,L2_S3,-1862,1152,15004,465,37,-11,0,137.2
3765,20:11:02:994,2,Moderate_Damage,L2_S3,-1866,1172,15184,400,48,-19,0,317.2
3766,20:11:03:004,2,Moderate_Damage,L2_S3,-1940,1170,15340,295,39,-40,0,473.2
3767,20:11:03:014,2,Moderate_Damage,L2_S3,-1926,1224,15404,129,37,-68,0,537.2
3768,20:11:03:024,2,Moderate_Damage,L2_S3,-1928,1246,15410,-47,36,-91,0,543.2
3769,20:11:03:034,2,Moderate_Damage,L2_S3,-1892,1250,15470,-248,29,-125,0,603.2
3770,20:11:03:044,2,Moderate_Damage,L2_S3,-1920,1242,15370,-439,27,-155,0,503.2
3771,20:11:03:054,2,Moderate_Damage,L2_S3,-1894,1198,15238,-615,14,-181,0,371.2
3772,20:11:03:064,2,Moderate_Damage,L2_S3,-1850,1148,15056,-734,12,-207,0,189.2
3773,20:11:03:074,2,Moderate_Damage,L2_S3,-1844,1126,14886,-807,18,-214,0,19.2
3774,20:11:03:085,2,Moderate_Damage,L2_S3,-1796,1110,14696,-817,20,-218,0,-170.8
3775,20:11:03:094,2,Moderate_Damage,L2_S3,-1728,1016,14536,-764,9,-213,0,-330.8
3776,20:11:03:105,2,Moderate_Damage,L2_S3,-1738,1056,14398,-659,29,-193,0,-468.8
3777,20:11:03:114,2,Moderate_Damage,L2_S3,-1706,970,14292,-511,12,-167,0,-574.8
3778,20:11:03:124,2,Moderate_Damage,L2_S3,-1722,1050,14400,-341,27,-138,0,-466.8
3779,20:11:03:135,2,Moderate_Damage,L2_S3,-1726,1014,14312,-158,30,-104,0,-554.8
3780,20:11:03:144,2,Moderate_Damage,L2_S3,-1710,1020,14418,25,30,-82,0,-448.8
3781,20:11:03:154,2,Moderate_Damage,L2_S3,-1780,1018,14462,191,38,-49,0,-404.8
3782,20:11:03:164,2,Moderate_Damage,L2_S3,-1826,1064,14722,311,38,-30,0,-144.8
3783,20:11:03:174,2,Moderate_Damage,L2_S3,-1818,1096,14822,381,49,-21,0,-44.8
3784,20:11:03:184,2,Moderate_Damage,L2_S3,-1842,1104,14904,400,47,-19,0,37.2
3785,20:11:03:194,2,Moderate_Damage,L2_S3,-1906,1154,15100,359,40,-29,0,233.2
3786,20:11:03:204,2,Moderate_Damage,L2_S3,-1896,1208,15292,268,39,-39,0,425.2
3787,20:11:03:214,2,Moderate_Damage,L2_S3,-1856,1178,15356,127,32,-63,0,489.2
3788,20:11:03:224,2,Moderate_Damage,L2_S3,-1896,1206,15368,-42,36,-93,0,501.2
3789,20:11:03:234,2,Moderate_Damage,L2_S3,-1906,1198,15398,-218,24,-123,0,531.2
3790,20:11:03:244,2,Moderate_Damage,L2_S3,-1904,1242,15252,-395,25,-147,0,385.2
3791,20:11:03:254,2,Moderate_Damage,L2_S3,-1860,1222,15200,-545,19,-168,0,333.2
3792,20:11:03:264,2,Moderate_Damage,L2_S3,-1824,1158,15092,-665,16,-194,0,225.2
3793,20:11:03:274,2,Moderate_Damage,L2_S3,-1838,1144,14952,-739,19,-199,0,85.2
3794,20:11:03:284,2,Moderate_Damage,L2_S3,-1866,1120,14730,-759,7,-206,0,-136.8
3795,20:11:03:294,2,Moderate_Damage,L2_S3,-1750,1094,14548,-722,12,-202,0,-318.8
3796,20:11:03:304,2,Moderate_Damage,L2_S3,-1748,1046,14472,-637,27,-191,0,-394.8
3797,20:11:03:314,2,Moderate_Damage,L2_S3,-1770,1026,14442,-515,18,-168,0,-424.8
3798,20:11:03:324,2,Moderate_Damage,L2_S3,-1714,1000,14302,-356,28,-148,0,-564.8
3799,20:11:03:334,2,Moderate_Damage,L2_S3,-1770,992,14362,-183,34,-117,0,-504.8
3800,20:11:03:344,2,Moderate_Damage,L2_S3,-1778,958,14434,-14,34,-87,0,-432.8
3801,20:11:03:354,2,Moderate_Damage,L2_S3,-1700,1042,14534,133,38,-64,0,-332.8
3802,20:11:03:364,2,Moderate_Damage,L2_S3,-1804,1024,14654,251,38,-41,0,-212.8
3803,20:11:03:374,2,Moderate_Damage,L2_S3,-1796,1136,14784,321,52,-37,0,-82.8
3804,20:11:03:384,2,Moderate_Damage,L2_S3,-1844,1114,14924,346,44,-24,0,57.2
3805,20:11:03:394,2,Moderate_Damage,L2_S3,-1838,1148,15062,322,45,-32,0,195.2
3806,20:11:03:404,2,Moderate_Damage,L2_S3,-1858,1240,15238,249,43,-40,0,371.2
3807,20:11:03:414,2,Moderate_Damage,L2_S3,-1920,1194,15292,123,33,-67,0,425.2
3808,20:11:03:424,2,Moderate_Damage,L2_S3,-1806,1202,15366,-27,37,-95,0,499.2
3809,20:11:03:435,2,Moderate_Damage,L2_S3,-1942,1272,15364,-188,23,-119,0,497.2
3810,20:11:03:445,2,Moderate_Damage,L2_S3,-1878,1192,15392,-346,29,-140,0,525.2
3811,20:11:03:454,2,Moderate_Damage,L2_S3,-1852,1180,15136,-489,19,-157,0,269.2
3812,20:11:03:464,2,Moderate_Damage,L2_S3,-1912,1170,15082,-605,22,-186,0,215.2
3813,20:11:03:475,2,Moderate_Damage,L2_S3,-1814,1130,14938,-679,24,-188,0,71.2
3814,20:11:03:484,2,Moderate_Damage,L2_S3,-1792,1116,14774,-705,10,-195,0,-92.8
3815,20:11:03:494,2,Moderate_Damage,L2_S3,-1730,1106,14682,-680,13,-196,0,-184.8
3816,20:11:03:504,2,Moderate_Damage,L2_S3,-1786,1088,14536,-607,26,-184,0,-330.8
3817,20:11:03:515,2,Moderate_Damage,L2_S3,-1742,1044,14408,-500,15,-165,0,-458.8
3818,20:11:03:525,2,Moderate_Damage,L2_S3,-1724,1040,14456,-362,36,-143,0,-410.8
3819,20:11:03:534,2,Moderate_Damage,L2_S3,-1726,1082,14442,-210,28,-116,0,-424.8
3820,20:11:03:544,2,Moderate_Damage,L2_S3,-1706,1022,14516,-53,47,-94,0,-350.8
3821,20:11:03:554,2,Moderate_Damage,L2_S3,-1772,1060,14512,93,33,-72,0,-354.8
3822,20:11:03:564,2,Moderate_Damage,L2_S3,-1756,1088,14604,199,43,-58,0,-262.8
3823,20:11:03:574,2,Moderate_Damage,L2_S3,-1794,1112,14762,274,35,-47,0,-104.8
3824,20:11:03:584,2,Moderate_Damage,L2_S3,-1802,1136,14908,302,45,-46,0,41.2
3825,20:11:03:594,2,Moderate_Damage,L2_S3,-1842,1150,15014,280,41,-38,0,147.2
3826,20:11:03:604,2,Moderate_Damage,L2_S3,-1824,1196,15136,214,42,-58,0,269.2
3827,20:11:03:614,2,Moderate_Damage,L2_S3,-1888,1192,15252,113,30,-72,0,385.2
3828,20:11:03:624,2,Moderate_Damage,L2_S3,-1920,1202,15246,-22,34,-89,0,379.2
3829,20:11:03:635,2,Moderate_Damage,L2_S3,-1890,1212,15294,-163,28,-112,0,427.2
3830,20:11:03:645,2,Moderate_Damage,L2_S3,-1886,1150,15224,-316,22,-139,0,357.2
3831,20:11:03:655,2,Moderate_Damage,L2_S3,-1850,1162,15240,-446,24,-165,0,373.2
3832,20:11:03:664,2,Moderate_Damage,L2_S3,-1864,1194,15040,-566,14,-175,0,173.2
3833,20:11:03:674,2,Moderate_Damage,L2_S3,-1838,1166,14934,-636,22,-179,0,67.2
3834,20:11:03:684,2,Moderate_Damage,L2_S3,-1794,1056,14818,-658,16,-183,0,-48.8
3835,20:11:03:694,2,Moderate_Damage,L2_S3,-1788,1090,14662,-643,20,-187,0,-204.8
3836,20:11:03:705,2,Moderate_Damage,L2_S3,-1790,1052,14554,-597,20,-180,0,-312.8
3837,20:11:03:714,2,Moderate_Damage,L2_S3,-1730,1028,14562,-492,22,-163,0,-304.8
3838,20:11:03:724,2,Moderate_Damage,L2_S3,-1732,994,14478,-369,17,-142,0,-388.8
3839,20:11:03:734,2,Moderate_Damage,L2_S3,-1736,1026,14538,-230,35,-125,0,-328.8
3840,20:11:03:745,2,Moderate_Damage,L2_S3,-1702,1038,14572,-88,21,-103,0,-294.8
3841,20:11:03:754,2,Moderate_Damage,L2_S3,-1774,1048,14592,42,41,-86,0,-274.8
3842,20:11:03:764,2,Moderate_Damage,L2_S3,-1792,1038,14612,149,37,-64,0,-254.8
3843,20:11:03:774,2,Moderate_Damage,L2_S3,-1796,1074,14832,219,45,-58,0,-34.8
3844,20:11:03:784,2,Moderate_Damage,L2_S3,-1842,1102,14942,256,48,-48,0,75.2
3845,20:11:03:794,2,Moderate_Damage,L2_S3,-1864,1128,14964,242,43,-47,0,97.2
3846,20:11:03:804,2,Moderate_Damage,L2_S3,-1830,1204,15096,196,31,-50,0,229.2
3847,20:11:03:815,2,Moderate_Damage,L2_S3,-1862,1158,15160,103,41,-68,0,293.2
3848,20:11:03:824,2,Moderate_Damage,L2_S3,-1868,1206,15342,-14,25,-86,0,475.2
3849,20:11:03:835,2,Moderate_Damage,L2_S3,-1914,1184,15250,-153,35,-109,0,383.2
3850,20:11:03:845,2,Moderate_Damage,L2_S3,-1914,1212,15174,-286,22,-135,0,307.2
3851,20:11:03:855,2,Moderate_Damage,L2_S3,-1908,1190,15134,-401,31,-154,0,267.2
3852,20:11:03:865,2,Moderate_Damage,L2_S3,-1870,1148,15012,-511,16,-167,0,145.2
3853,20:11:03:875,2,Moderate_Damage,L2_S3,-1836,1116,14904,-579,19,-181,0,37.2
3854,20:11:03:885,2,Moderate_Damage,L2_S3,-1838,1106,14802,-619,12,-188,0,-64.8
3855,20:11:03:895,2,Moderate_Damage,L2_S3,-1768,1096,14650,-615,19,-184,0,-216.8
3856,20:11:03:905,2,Moderate_Damage,L2_S3,-1778,1058,14616,-559,20,-180,0,-250.8
3857,20:11:03:915,2,Moderate_Damage,L2_S3,-1788,1046,14564,-483,20,-163,0,-302.8
3858,20:11:03:925,2,Moderate_Damage,L2_S3,-1762,1060,14480,-379,24,-144,0,-386.8
3859,20:11:03:935,2,Moderate_Damage,L2_S3,-1786,1072,14414,-247,18,-129,0,-452.8
3860,20:11:03:945,2,Moderate_Damage,L2_S3,-1796,1072,14552,-115,31,-106,0,-314.8
3861,20:11:03:954,2,Moderate_Damage,L2_S3,-1728,1068,14540,5,34,-89,0,-326.8
3862,20:11:03:964,2,Moderate_Damage,L2_S3,-1768,1102,14660,105,38,-71,0,-206.8
3863,20:11:03:974,2,Moderate_Damage,L2_S3,-1844,1090,14724,183,30,-55,0,-142.8
3864,20:11:03:984,2,Moderate_Damage,L2_S3,-1826,1124,14936,213,41,-52,0,69.2
3865,20:11:03:995,2,Moderate_Damage,L2_S3,-1810,1122,14916,208,45,-45,0,49.2
3866,20:11:04:004,2,Moderate_Damage,L2_S3,-1834,1140,15034,166,35,-62,0,167.2
3867,20:11:04:014,2,Moderate_Damage,L2_S3,-1844,1184,15162,84,38,-72,0,295.2
3868,20:11:04:024,2,Moderate_Damage,L2_S3,-1874,1196,15166,-14,32,-85,0,299.2
3869,20:11:04:035,2,Moderate_Damage,L2_S3,-1880,1220,15138,-132,28,-103,0,271.2
3870,20:11:04:045,2,Moderate_Damage,L2_S3,-1882,1154,15200,-264,27,-123,0,333.2
3871,20:11:04:055,2,Moderate_Damage,L2_S3,-1872,1158,15130,-373,26,-147,0,263.2
3872,20:11:04:065,2,Moderate_Damage,L2_S3,-1866,1188,15046,-465,19,-170,0,179.2
3873,20:11:04:075,2,Moderate_Damage,L2_S3,-1838,1114,14956,-534,21,-174,0,89.2
3874,20:11:04:085,2,Moderate_Damage,L2_S3,-1802,1092,14854,-583,16,-181,0,-12.8
3875,20:11:04:095,2,Moderate_Damage,L2_S3,-1808,1088,14658,-575,26,-182,0,-208.8
3876,20:11:04:105,2,Moderate_Damage,L2_S3,-1760,1060,14594,-550,17,-173,0,-272.8
3877,20:11:04:115,2,Moderate_Damage,L2_S3,-1742,1074,14630,-457,35,-154,0,-236.8
3878,20:11:04:125,2,Moderate_Damage,L2_S3,-1768,1040,14568,-379,20,-141,0,-298.8
3879,20:11:04:135,2,Moderate_Damage,L2_S3,-1772,1018,14520,-248,32,-123,0,-346.8
3880,20:11:04:145,2,Moderate_Damage,L2_S3,-1724,1034,14556,-143,21,-107,0,-310.8
3881,20:11:04:155,2,Moderate_Damage,L2_S3,-1752,1068,14594,-23,41,-84,0,-272.8
3882,20:11:04:164,2,Moderate_Damage,L2_S3,-1780,1048,14688,64,34,-81,0,-178.8
3883,20:11:04:174,2,Moderate_Damage,L2_S3,-1796,1122,14680,143,37,-60,0,-186.8
3884,20:11:04:184,2,Moderate_Damage,L2_S3,-1790,1148,14878,178,38,-55,0,11.2
3885,20:11:04:194,2,Moderate_Damage,L2_S3,-1824,1118,14942,179,32,-63,0,75.2
3886,20:11:04:205,2,Moderate_Damage,L2_S3,-1840,1198,15024,137,35,-67,0,157.2
3887,20:11:04:215,2,Moderate_Damage,L2_S3,-1876,1166,15106,76,35,-74,0,239.2
3888,20:11:04:225,2,Moderate_Damage,L2_S3,-1880,1210,15116,-18,27,-85,0,249.2
3889,20:11:04:235,2,Moderate_Damage,L2_S3,-1846,1214,15274,-123,31,-107,0,407.2
3890,20:11:04:245,2,Moderate_Damage,L2_S3,-1898,1202,15150,-235,24,-120,0,283.2
3891,20:11:04:255,2,Moderate_Damage,L2_S3,-1890,1166,15150,-344,28,-140,0,283.2
3892,20:11:04:265,2,Moderate_Damage,L2_S3,-1886,1156,14986,-432,23,-159,0,119.2
3893,20:11:04:275,2,Moderate_Damage,L2_S3,-1846,1110,14982,-499,26,-163,0,115.2
3894,20:11:04:285,2,Moderate_Damage,L2_S3,-1786,1150,14840,-535,24,-165,0,-26.8
3895,20:11:04:295,2,Moderate_Damage,L2_S3,-1784,1054,14766,-541,23,-174,0,-100.8
3896,20:11:04:305,2,Moderate_Damage,L2_S3,-1780,1032,14644,-512,20,-170,0,-222.8
3897,20:11:04:315,2,Moderate_Damage,L2_S3,-1790,1060,14542,-458,25,-155,0,-324.8
3898,20:11:04:325,2,Moderate_Damage,L2_S3,-1772,1046,14546,-363,23,-146,0,-320.8
3899,20:11:04:336,2,Moderate_Damage,L2_S3,-1760,1120,14520,-270,26,-132,0,-346.8
3900,20:11:04:345,2,Moderate_Damage,L2_S3,-1778,1066,14528,-155,34,-115,0,-338.8
3901,20:11:04:355,2,Moderate_Damage,L2_S3,-1788,1116,14596,-59,30,-96,0,-270.8
3902,20:11:04:365,2,Moderate_Damage,L2_S3,-1764,1080,14700,36,35,-76,0,-166.8
3903,20:11:04:374,2,Moderate_Damage,L2_S3,-1784,1090,14812,99,48,-75,0,-54.8
3904,20:11:04:385,2,Moderate_Damage,L2_S3,-1810,1152,14888,139,40,-71,0,21.2
3905,20:11:04:395,2,Moderate_Damage,L2_S3,-1836,1110,14938,138,40,-64,0,71.2
3906,20:11:04:405,2,Moderate_Damage,L2_S3,-1830,1158,15092,124,38,-61,0,225.2
3907,20:11:04:414,2,Moderate_Damage,L2_S3,-1868,1152,15152,56,28,-68,0,285.2
3908,20:11:04:425,2,Moderate_Damage,L2_S3,-1838,1210,15084,-13,38,-89,0,217.2
3909,20:11:04:435,2,Moderate_Damage,L2_S3,-1896,1162,15180,-113,17,-103,0,313.2
3910,20:11:04:445,2,Moderate_Damage,L2_S3,-1852,1216,15130,-208,31,-118,0,263.2
3911,20:11:04:455,2,Moderate_Damage,L2_S3,-1890,1166,15122,-313,21,-134,0,255.2
3912,20:11:04:465,2,Moderate_Damage,L2_S3,-1870,1206,15060,-398,29,-145,0,193.2
3913,20:11:04:475,2,Moderate_Damage,L2_S3,-1816,1138,14988,-468,20,-164,0,121.2
3914,20:11:04:485,2,Moderate_Damage,L2_S3,-1806,1126,14820,-511,17,-166,0,-46.8
3915,20:11:04:495,2,Moderate_Damage,L2_S3,-1828,1130,14764,-518,19,-168,0,-102.8
3916,20:11:04:505,2,Moderate_Damage,L2_S3,-1748,1150,14700,-495,19,-168,0,-166.8
3917,20:11:04:515,2,Moderate_Damage,L2_S3,-1752,1062,14664,-441,27,-153,0,-202.8
3918,20:11:04:525,2,Moderate_Damage,L2_S3,-1752,1054,14580,-367,32,-144,0,-286.8
3919,20:11:04:535,2,Moderate_Damage,L2_S3,-1736,1048,14516,-274,20,-127,0,-350.8
3920,20:11:04:545,2,Moderate_Damage,L2_S3,-1772,1046,14620,-178,34,-114,0,-246.8
3921,20:11:04:555,2,Moderate_Damage,L2_S3,-1766,1040,14610,-77,29,-98,0,-256.8
3922,20:11:04:565,2,Moderate_Damage,L2_S3,-1786,1088,14688,6,43,-87,0,-178.8
3923,20:11:04:575,2,Moderate_Damage,L2_S3,-1850,1062,14734,73,33,-75,0,-132.8
3924,20:11:04:585,2,Moderate_Damage,L2_S3,-1818,1144,14868,108,44,-72,0,1.2
3925,20:11:04:595,2,Moderate_Damage,L2_S3,-1838,1134,14864,116,36,-67,0,-2.8
3926,20:11:04:605,2,Moderate_Damage,L2_S3,-1832,1190,14982,94,37,-70,0,115.2
3927,20:11:04:615,2,Moderate_Damage,L2_S3,-1866,1104,15080,50,40,-82,0,213.2
3928,20:11:04:625,2,Moderate_Damage,L2_S3,-1838,1132,15112,-23,28,-91,0,245.2
3929,20:11:04:635,2,Moderate_Damage,L2_S3,-1846,1138,15152,-115,34,-107,0,285.2
3930,20:11:04:645,2,Moderate_Damage,L2_S3,-1802,1182,15098,-205,27,-121,0,231.2
3931,20:11:04:655,2,Moderate_Damage,L2_S3,-1846,1224,15102,-295,28,-134,0,235.2
3932,20:11:04:665,2,Moderate_Damage,L2_S3,-1830,1138,15056,-371,24,-145,0,189.2
3933,20:11:04:675,2,Moderate_Damage,L2_S3,-1884,1118,14996,-443,18,-154,0,129.2
3934,20:11:04:685,2,Moderate_Damage,L2_S3,-1834,1116,14868,-468,27,-168,0,1.2
3935,20:11:04:695,2,Moderate_Damage,L2_S3,-1796,1078,14772,-491,18,-160,0,-94.8
3936,20:11:04:705,2,Moderate_Damage,L2_S3,-1778,1082,14652,-464,18,-161,0,-214.8
3937,20:11:04:715,2,Moderate_Damage,L2_S3,-1790,1104,14650,-428,22,-158,0,-216.8
3938,20:11:04:725,2,Moderate_Damage,L2_S3,-1802,1090,14620,-355,19,-139,0,-246.8
3939,20:11:04:735,2,Moderate_Damage,L2_S3,-1774,1084,14652,-278,34,-125,0,-214.8
3940,20:11:04:745,2,Moderate_Damage,L2_S3,-1790,1066,14576,-185,26,-109,0,-290.8
3941,20:11:04:755,2,Moderate_Damage,L2_S3,-1758,1072,14626,-100,39,-100,0,-240.8
3942,20:11:04:765,2,Moderate_Damage,L2_S3,-1794,1070,14688,-19,32,-79,0,-178.8
3943,20:11:04:775,2,Moderate_Damage,L2_S3,-1804,1072,14708,39,38,-79,0,-158.8
3944,20:11:04:785,2,Moderate_Damage,L2_S3,-1810,1106,14810,78,29,-74,0,-56.8
3945,20:11:04:795,2,Moderate_Damage,L2_S3,-1798,1142,14856,84,43,-73,0,-10.8
3946,20:11:04:805,2,Moderate_Damage,L2_S3,-1814,1164,14946,76,37,-76,0,79.2
3947,20:11:04:815,2,Moderate_Damage,L2_S3,-1804,1130,15078,27,36,-88,0,211.2
3948,20:11:04:825,2,Moderate_Damage,L2_S3,-1852,1140,15098,-26,36,-96,0,231.2
3949,20:11:04:835,2,Moderate_Damage,L2_S3,-1862,1172,15146,-109,34,-112,0,279.2
3950,20:11:04:845,2,Moderate_Damage,L2_S3,-1854,1166,15164,-185,23,-119,0,297.2
3951,20:11:04:855,2,Moderate_Damage,L2_S3,-1908,1164,15154,-276,31,-127,0,287.2
3952,20:11:04:865,2,Moderate_Damage,L2_S3,-1828,1114,15102,-348,27,-143,0,235.2
3953,20:11:04:875,2,Moderate_Damage,L2_S3,-1822,1134,14898,-411,12,-160,0,31.2
3954,20:11:04:885,2,Moderate_Damage,L2_S3,-1852,1162,14864,-443,31,-165,0,-2.8
3955,20:11:04:895,2,Moderate_Damage,L2_S3,-1804,1092,14856,-468,17,-166,0,-10.8
3956,20:11:04:905,2,Moderate_Damage,L2_S3,-1796,1114,14770,-448,32,-163,0,-96.8
3957,20:11:04:915,2,Moderate_Damage,L2_S3,-1754,1102,14690,-411,28,-155,0,-176.8
3958,20:11:04:925,2,Moderate_Damage,L2_S3,-1786,1096,14674,-351,29,-147,0,-192.8
3959,20:11:04:935,2,Moderate_Damage,L2_S3,-1754,1094,14630,-281,29,-129,0,-236.8
3960,20:11:04:945,2,Moderate_Damage,L2_S3,-1772,1046,14612,-198,32,-120,0,-254.8
3961,20:11:04:955,2,Moderate_Damage,L2_S3,-1770,1098,14628,-119,27,-102,0,-238.8
3962,20:11:04:965,2,Moderate_Damage,L2_S3,-1820,1046,14702,-43,35,-101,0,-164.8
3963,20:11:04:975,2,Moderate_Damage,L2_S3,-1800,1106,14718,16,35,-90,0,-148.8
3964,20:11:04:985,2,Moderate_Damage,L2_S3,-1750,1130,14832,48,44,-83,0,-34.8
3965,20:11:04:995,2,Moderate_Damage,L2_S3,-1766,1148,14922,66,41,-79,0,55.2
3966,20:11:05:005,2,Moderate_Damage,L2_S3,-1840,1136,14960,53,37,-78,0,93.2
3967,20:11:05:015,2,Moderate_Damage,L2_S3,-1874,1132,15046,20,35,-84,0,179.2
3968,20:11:05:025,2,Moderate_Damage,L2_S3,-1886,1152,15068,-39,35,-90,0,201.2
3969,20:11:05:035,2,Moderate_Damage,L2_S3,-1890,1178,15084,-107,33,-101,0,217.2
3970,20:11:05:045,2,Moderate_Damage,L2_S3,-1812,1140,15088,-188,34,-117,0,221.2
3971,20:11:05:055,2,Moderate_Damage,L2_S3,-1874,1160,15126,-256,23,-134,0,259.2
3972,20:11:05:065,2,Moderate_Damage,L2_S3,-1814,1132,15022,-332,27,-142,0,155.2
3973,20:11:05:075,2,Moderate_Damage,L2_S3,-1828,1174,14954,-383,24,-152,0,87.2
3974,20:11:05:085,2,Moderate_Damage,L2_S3,-1808,1118,14900,-415,31,-157,0,33.2
3975,20:11:05:095,2,Moderate_Damage,L2_S3,-1794,1086,14826,-436,21,-158,0,-40.8
3976,20:11:05:105,2,Moderate_Damage,L2_S3,-1814,1144,14850,-428,20,-153,0,-16.8
3977,20:11:05:115,2,Moderate_Damage,L2_S3,-1762,1096,14750,-397,24,-147,0,-116.8
3978,20:11:05:125,2,Moderate_Damage,L2_S3,-1758,1072,14676,-344,23,-140,0,-190.8
3979,20:11:05:135,2,Moderate_Damage,L2_S3,-1758,1068,14694,-279,29,-128,0,-172.8
3980,20:11:05:145,2,Moderate_Damage,L2_S3,-1768,1062,14596,-211,19,-116,0,-270.8
3981,20:11:05:155,2,Moderate_Damage,L2_S3,-1826,1054,14720,-130,27,-103,0,-146.8
3982,20:11:05:165,2,Moderate_Damage,L2_S3,-1804,1086,14740,-69,36,-99,0,-126.8
3983,20:11:05:175,2,Moderate_Damage,L2_S3,-1776,1124,14798,-13,33,-92,0,-68.8
3984,20:11:05:185,2,Moderate_Damage,L2_S3,-1770,1098,14850,23,33,-84,0,-16.8
3985,20:11:05:195,2,Moderate_Damage,L2_S3,-1808,1134,14926,34,37,-84,0,59.2
3986,20:11:05:205,2,Moderate_Damage,L2_S3,-1870,1188,14924,29,31,-82,0,57.2
3987,20:11:05:215,2,Moderate_Damage,L2_S3,-1826,1102,15042,4,33,-85,0,175.2
3988,20:11:05:225,2,Moderate_Damage,L2_S3,-1828,1154,15062,-39,44,-97,0,195.2
3989,20:11:05:235,2,Moderate_Damage,L2_S3,-1836,1174,15068,-100,35,-105,0,201.2
3990,20:11:05:245,2,Moderate_Damage,L2_S3,-1836,1132,15046,-171,32,-116,0,179.2
3991,20:11:05:255,2,Moderate_Damage,L2_S3,-1820,1174,15036,-240,24,-121,0,169.2
3992,20:11:05:265,2,Moderate_Damage,L2_S3,-1830,1114,15004,-317,21,-132,0,137.2
3993,20:11:05:275,2,Moderate_Damage,L2_S3,-1840,1102,14952,-358,30,-145,0,85.2
3994,20:11:05:285,2,Moderate_Damage,L2_S3,-1780,1084,14908,-407,26,-154,0,41.2
3995,20:11:05:295,2,Moderate_Damage,L2_S3,-1820,1112,14848,-409,31,-157,0,-18.8
3996,20:11:05:305,2,Moderate_Damage,L2_S3,-1784,1080,14756,-409,27,-149,0,-110.8
3997,20:11:05:315,2,Moderate_Damage,L2_S3,-1774,1040,14784,-378,26,-143,0,-82.8
3998,20:11:05:325,2,Moderate_Damage,L2_S3,-1784,1084,14652,-342,31,-140,0,-214.8
3999,20:11:05:335,2,Moderate_Damage,L2_S3,-1816,1072,14598,-278,33,-141,0,-268.8
4000,20:11:05:345,2,Moderate_Damage,L2_S3,-1774,1024,14624,-217,40,-125,0,-242.8
4001,20:11:05:355,2,Moderate_Damage,L2_S3,-1744,1012,14728,-150,36,-111,0,-138.8
4002,20:11:05:365,2,Moderate_Damage,L2_S3,-1772,1110,14704,-86,27,-99,0,-162.8
4003,20:11:05:375,2,Moderate_Damage,L2_S3,-1770,1112,14794,-31,34,-93,0,-72.8
4004,20:11:05:385,2,Moderate_Damage,L2_S3,-1830,1080,14830,3,26,-85,0,-36.8
4005,20:11:05:395,2,Moderate_Damage,L2_S3,-1802,1106,14864,21,40,-85,0,-2.8
4006,20:11:05:405,2,Moderate_Damage,L2_S3,-1826,1124,14942,10,38,-87,0,75.2
4007,20:11:05:415,2,Moderate_Damage,L2_S3,-1808,1178,14978,-10,24,-88,0,111.2
4008,20:11:05:425,2,Moderate_Damage,L2_S3,-1846,1134,14940,-48,33,-96,0,73.2
4009,20:11:05:435,2,Moderate_Damage,L2_S3,-1852,1140,15070,-105,37,-103,0,203.2
4010,20:11:05:445,2,Moderate_Damage,L2_S3,-1876,1144,14984,-161,28,-115,0,117.2
4011,20:11:05:455,2,Moderate_Damage,L2_S3,-1794,1148,15024,-236,29,-125,0,157.2
4012,20:11:05:465,2,Moderate_Damage,L2_S3,-1848,1098,15034,-294,28,-134,0,167.2
4013,20:11:05:475,2,Moderate_Damage,L2_S3,-1800,1164,14996,-341,32,-143,0,129.2
4014,20:11:05:485,2,Moderate_Damage,L2_S3,-1804,1116,14962,-378,25,-151,0,95.2
4015,20:11:05:495,2,Moderate_Damage,L2_S3,-1878,1148,14836,-386,21,-149,0,-30.8
4016,20:11:05:505,2,Moderate_Damage,L2_S3,-1826,1130,14846,-388,17,-145,0,-20.8
4017,20:11:05:515,2,Moderate_Damage,L2_S3,-1822,1054,14784,-370,24,-148,0,-82.8
4018,20:11:05:525,2,Moderate_Damage,L2_S3,-1774,1058,14780,-324,21,-137,0,-86.8
4019,20:11:05:535,2,Moderate_Damage,L2_S3,-1776,1096,14762,-278,24,-131,0,-104.8
4020,20:11:05:545,2,Moderate_Damage,L2_S3,-1812,1052,14660,-215,26,-122,0,-206.8
4021,20:11:05:555,2,Moderate_Damage,L2_S3,-1780,1074,14674,-160,20,-108,0,-192.8
4022,20:11:05:565,2,Moderate_Damage,L2_S3,-1822,1118,14780,-100,33,-96,0,-86.8
4023,20:11:05:575,2,Moderate_Damage,L2_S3,-1782,1096,14726,-54,33,-87,0,-140.8
4024,20:11:05:585,2,Moderate_Damage,L2_S3,-1766,1104,14802,-13,38,-85,0,-64.8
4025,20:11:05:595,2,Moderate_Damage,L2_S3,-1840,1166,14818,1,33,-84,0,-48.8
4026,20:11:05:605,2,Moderate_Damage,L2_S3,-1848,1144,14912,-3,26,-93,0,45.2
4027,20:11:05:615,2,Moderate_Damage,L2_S3,-1824,1124,14978,-23,33,-88,0,111.2
4028,20:11:05:625,2,Moderate_Damage,L2_S3,-1846,1158,14978,-59,24,-98,0,111.2
4029,20:11:05:635,2,Moderate_Damage,L2_S3,-1848,1190,14978,-107,29,-102,0,111.2
4030,20:11:05:645,2,Moderate_Damage,L2_S3,-1826,1146,15078,-165,26,-111,0,211.2
4031,20:11:05:656,2,Moderate_Damage,L2_S3,-1826,1154,15026,-216,35,-128,0,159.2
4032,20:11:05:665,2,Moderate_Damage,L2_S3,-1812,1162,15002,-272,31,-138,0,135.2
4033,20:11:05:675,2,Moderate_Damage,L2_S3,-1846,1168,14940,-315,23,-132,0,73.2
4034,20:11:05:685,2,Moderate_Damage,L2_S3,-1760,1104,14954,-355,23,-144,0,87.2
4035,20:11:05:695,2,Moderate_Damage,L2_S3,-1824,1112,14836,-373,20,-143,0,-30.8
4036,20:11:05:705,2,Moderate_Damage,L2_S3,-1814,1076,14780,-374,20,-142,0,-86.8
4037,20:11:05:715,2,Moderate_Damage,L2_S3,-1746,1132,14744,-352,25,-143,0,-122.8
4038,20:11:05:725,2,Moderate_Damage,L2_S3,-1764,1070,14726,-320,20,-137,0,-140.8
4039,20:11:05:735,2,Moderate_Damage,L2_S3,-1782,1056,14732,-270,34,-131,0,-134.8
4040,20:11:05:745,2,Moderate_Damage,L2_S3,-1772,1044,14682,-224,19,-120,0,-184.8
4041,20:11:05:755,2,Moderate_Damage,L2_S3,-1784,1098,14674,-167,30,-120,0,-192.8
4042,20:11:05:765,2,Moderate_Damage,L2_S3,-1764,1080,14748,-117,27,-104,0,-118.8
4043,20:11:05:775,2,Moderate_Damage,L2_S3,-1818,1086,14712,-72,30,-100,0,-154.8
4044,20:11:05:785,2,Moderate_Damage,L2_S3,-1818,1136,14784,-36,40,-99,0,-82.8
4045,20:11:05:795,2,Moderate_Damage,L2_S3,-1800,1136,14904,-19,37,-93,0,37.2
4046,20:11:05:805,2,Moderate_Damage,L2_S3,-1860,1102,14962,-21,36,-83,0,95.2
4047,20:11:05:815,2,Moderate_Damage,L2_S3,-1788,1160,14954,-35,33,-91,0,87.2
4048,20:11:05:825,2,Moderate_Damage,L2_S3,-1822,1160,14932,-61,35,-100,0,65.2
4049,20:11:05:835,2,Moderate_Damage,L2_S3,-1858,1158,14978,-109,31,-108,0,111.2
4050,20:11:05:846,2,Moderate_Damage,L2_S3,-1872,1206,15000,-154,27,-107,0,133.2
4051,20:11:05:855,2,Moderate_Damage,L2_S3,-1834,1090,15002,-214,29,-122,0,135.2
4052,20:11:05:865,2,Moderate_Damage,L2_S3,-1844,1084,14950,-261,37,-130,0,83.2
4053,20:11:05:875,2,Moderate_Damage,L2_S3,-1840,1084,14912,-306,21,-135,0,45.2
4054,20:11:05:885,2,Moderate_Damage,L2_S3,-1858,1134,14950,-335,28,-142,0,83.2
4055,20:11:05:895,2,Moderate_Damage,L2_S3,-1830,1078,14872,-358,23,-146,0,5.2
4056,20:11:05:905,2,Moderate_Damage,L2_S3,-1812,1114,14804,-365,20,-146,0,-62.8
4057,20:11:05:915,2,Moderate_Damage,L2_S3,-1808,1100,14756,-345,25,-142,0,-110.8
4058,20:11:05:925,2,Moderate_Damage,L2_S3,-1736,1068,14750,-312,28,-132,0,-116.8
4059,20:11:05:935,2,Moderate_Damage,L2_S3,-1832,1082,14736,-270,27,-125,0,-130.8
4060,20:11:05:946,2,Moderate_Damage,L2_S3,-1752,1032,14638,-223,31,-116,0,-228.8
4061,20:11:05:955,2,Moderate_Damage,L2_S3,-1792,1136,14698,-176,29,-117,0,-168.8
4062,20:11:05:965,2,Moderate_Damage,L2_S3,-1864,1128,14736,-122,25,-99,0,-130.8
4063,20:11:05:975,2,Moderate_Damage,L2_S3,-1760,1098,14756,-80,28,-102,0,-110.8
4064,20:11:05:985,2,Moderate_Damage,L2_S3,-1792,1104,14816,-51,32,-95,0,-50.8
4065,20:11:05:995,2,Moderate_Damage,L2_S3,-1814,1132,14838,-33,37,-97,0,-28.8
4066,20:11:06:005,2,Moderate_Damage,L2_S3,-1786,1088,14870,-36,31,-93,0,3.2
4067,20:11:06:015,2,Moderate_Damage,L2_S3,-1852,1156,14902,-41,32,-99,0,35.2
4068,20:11:06:025,2,Moderate_Damage,L2_S3,-1864,1122,14982,-73,33,-102,0,115.2
4069,20:11:06:035,2,Moderate_Damage,L2_S3,-1830,1152,15000,-105,28,-97,0,133.2
4070,20:11:06:046,2,Moderate_Damage,L2_S3,-1828,1184,15012,-160,37,-109,0,145.2
4071,20:11:06:055,2,Moderate_Damage,L2_S3,-1852,1170,14988,-207,25,-117,0,121.2
4072,20:11:06:065,2,Moderate_Damage,L2_S3,-1834,1136,14958,-252,25,-129,0,91.2
4073,20:11:06:075,2,Moderate_Damage,L2_S3,-1804,1134,14918,-292,25,-131,0,51.2
4074,20:11:06:085,2,Moderate_Damage,L2_S3,-1804,1140,14850,-321,25,-135,0,-16.8
4075,20:11:06:095,2,Moderate_Damage,L2_S3,-1832,1114,14844,-337,29,-139,0,-22.8
4076,20:11:06:106,2,Moderate_Damage,L2_S3,-1858,1142,14830,-346,24,-138,0,-36.8
4077,20:11:06:115,2,Moderate_Damage,L2_S3,-1824,1150,14744,-327,27,-143,0,-122.8
4078,20:11:06:126,2,Moderate_Damage,L2_S3,-1792,1074,14798,-313,24,-141,0,-68.8
4079,20:11:06:135,2,Moderate_Damage,L2_S3,-1754,1098,14684,-270,26,-131,0,-182.8
4080,20:11:06:145,2,Moderate_Damage,L2_S3,-1778,1054,14828,-232,19,-123,0,-38.8
4081,20:11:06:155,2,Moderate_Damage,L2_S3,-1796,1090,14756,-179,32,-111,0,-110.8
4082,20:11:06:166,2,Moderate_Damage,L2_S3,-1794,1094,14766,-131,30,-105,0,-100.8
4083,20:11:06:175,2,Moderate_Damage,L2_S3,-1774,1150,14794,-88,32,-112,0,-72.8
4084,20:11:06:185,2,Moderate_Damage,L2_S3,-1810,1146,14862,-69,23,-99,0,-4.8
4085,20:11:06:195,2,Moderate_Damage,L2_S3,-1768,1142,14940,-45,33,-97,0,73.2
4086,20:11:06:205,2,Moderate_Damage,L2_S3,-1816,1124,14932,-55,28,-96,0,65.2
4087,20:11:06:215,2,Moderate_Damage,L2_S3,-1826,1138,14988,-61,34,-94,0,121.2
4088,20:11:06:226,2,Moderate_Damage,L2_S3,-1850,1152,15064,-117,30,-101,0,197.2
4089,20:11:06:236,2,Moderate_Damage,L2_S3,-1868,1104,14942,-160,30,-109,0,75.2
4090,20:11:06:245,2,Moderate_Damage,L2_S3,-1806,1162,15034,-207,36,-120,0,167.2
4091,20:11:06:256,2,Moderate_Damage,L2_S3,-1884,1170,15034,-245,32,-128,0,167.2
4092,20:11:06:265,2,Moderate_Damage,L2_S3,-1828,1146,14974,-280,28,-139,0,107.2
4093,20:11:06:275,2,Moderate_Damage,L2_S3,-1784,1098,14906,-311,22,-137,0,39.2
4094,20:11:06:285,2,Moderate_Damage,L2_S3,-1828,1106,14894,-325,27,-134,0,27.2
4095,20:11:06:295,2,Moderate_Damage,L2_S3,-1790,1088,14830,-331,29,-141,0,-36.8
4096,20:11:06:306,2,Moderate_Damage,L2_S3,-1810,1100,14862,-324,26,-136,0,-4.8
4097,20:11:06:316,2,Moderate_Damage,L2_S3,-1796,1052,14764,-298,33,-132,0,-102.8
4098,20:11:06:325,2,Moderate_Damage,L2_S3,-1772,1144,14754,-269,25,-130,0,-112.8
4099,20:11:06:336,2,Moderate_Damage,L2_S3,-1808,1082,14724,-227,23,-122,0,-142.8
4100,20:11:06:345,2,Moderate_Damage,L2_S3,-1734,1050,14668,-183,36,-112,0,-198.8
4101,20:11:06:356,2,Moderate_Damage,L2_S3,-1836,1116,14778,-148,25,-107,0,-88.8
4102,20:11:06:366,2,Moderate_Damage,L2_S3,-1796,1058,14770,-108,31,-105,0,-96.8
4103,20:11:06:375,2,Moderate_Damage,L2_S3,-1816,1132,14768,-87,27,-99,0,-98.8
4104,20:11:06:385,2,Moderate_Damage,L2_S3,-1794,1138,14826,-61,35,-103,0,-40.8
4105,20:11:06:395,2,Moderate_Damage,L2_S3,-1794,1098,14930,-63,29,-101,0,63.2
4106,20:11:06:405,2,Moderate_Damage,L2_S3,-1834,1176,14846,-62,34,-95,0,-20.8
4107,20:11:06:415,2,Moderate_Damage,L2_S3,-1794,1106,15004,-87,29,-104,0,137.2
4108,20:11:06:426,2,Moderate_Damage,L2_S3,-1830,1158,14884,-111,36,-102,0,17.2
4109,20:11:06:435,2,Moderate_Damage,L2_S3,-1856,1098,14938,-160,33,-114,0,71.2
4110,20:11:06:445,2,Moderate_Damage,L2_S3,-1796,1130,15042,-188,27,-119,0,175.2
4111,20:11:06:455,2,Moderate_Damage,L2_S3,-1882,1146,14938,-242,23,-129,0,71.2
4112,20:11:06:465,2,Moderate_Damage,L2_S3,-1826,1188,14934,-268,24,-134,0,67.2
4113,20:11:06:475,2,Moderate_Damage,L2_S3,-1826,1126,14886,-302,33,-138,0,19.2
4114,20:11:06:486,2,Moderate_Damage,L2_S3,-1828,1128,14884,-314,20,-134,0,17.2
4115,20:11:06:496,2,Moderate_Damage,L2_S3,-1786,1136,14882,-320,31,-144,0,15.2
4116,20:11:06:505,2,Moderate_Damage,L2_S3,-1828,1076,14770,-315,18,-134,0,-96.8
4117,20:11:06:516,2,Moderate_Damage,L2_S3,-1790,1108,14796,-294,30,-137,0,-70.8
4118,20:11:06:526,2,Moderate_Damage,L2_S3,-1800,1100,14746,-261,26,-127,0,-120.8
4119,20:11:06:536,2,Moderate_Damage,L2_S3,-1818,1108,14762,-236,29,-119,0,-104.8
4120,20:11:06:546,2,Moderate_Damage,L2_S3,-1814,1122,14724,-185,29,-109,0,-142.8
4121,20:11:06:555,2,Moderate_Damage,L2_S3,-1814,1110,14740,-146,36,-118,0,-126.8
4122,20:11:06:566,2,Moderate_Damage,L2_S3,-1778,1104,14796,-116,33,-116,0,-70.8
4123,20:11:06:576,2,Moderate_Damage,L2_S3,-1802,1094,14816,-90,32,-104,0,-50.8
4124,20:11:06:585,2,Moderate_Damage,L2_S3,-1818,1116,14832,-75,37,-96,0,-34.8
4125,20:11:06:596,2,Moderate_Damage,L2_S3,-1864,1118,14882,-71,33,-100,0,15.2
4126,20:11:06:606,2,Moderate_Damage,L2_S3,-1852,1110,14902,-75,31,-100,0,35.2
4127,20:11:06:615,2,Moderate_Damage,L2_S3,-1870,1106,14900,-95,26,-99,0,33.2
4128,20:11:06:626,2,Moderate_Damage,L2_S3,-1828,1138,14872,-116,30,-107,0,5.2
4129,20:11:06:636,2,Moderate_Damage,L2_S3,-1776,1158,15034,-160,31,-109,0,167.2
4130,20:11:06:646,2,Moderate_Damage,L2_S3,-1862,1148,14976,-191,27,-118,0,109.2
4131,20:11:06:656,2,Moderate_Damage,L2_S3,-1818,1126,14914,-226,26,-132,0,47.2
4132,20:11:06:666,2,Moderate_Damage,L2_S3,-1864,1136,15002,-260,25,-128,0,135.2
4133,20:11:06:676,2,Moderate_Damage,L2_S3,-1816,1120,14922,-287,24,-137,0,55.2
4134,20:11:06:686,2,Moderate_Damage,L2_S3,-1816,1132,14842,-306,35,-136,0,-24.8
4135,20:11:06:696,2,Moderate_Damage,L2_S3,-1856,1096,14862,-305,24,-137,0,-4.8
4136,20:11:06:706,2,Moderate_Damage,L2_S3,-1794,1074,14822,-302,30,-135,0,-44.8
4137,20:11:06:716,2,Moderate_Damage,L2_S3,-1830,1086,14806,-285,24,-128,0,-60.8
4138,20:11:06:726,2,Moderate_Damage,L2_S3,-1784,1070,14790,-264,38,-127,0,-76.8
4139,20:11:06:736,2,Moderate_Damage,L2_S3,-1806,1118,14710,-227,29,-123,0,-156.8
4140,20:11:06:746,2,Moderate_Damage,L2_S3,-1786,1102,14742,-195,20,-111,0,-124.8
4141,20:11:06:756,2,Moderate_Damage,L2_S3,-1770,1054,14760,-157,29,-110,0,-106.8
4142,20:11:06:766,2,Moderate_Damage,L2_S3,-1804,1102,14754,-137,27,-105,0,-112.8
4143,20:11:06:776,2,Moderate_Damage,L2_S3,-1816,1092,14806,-107,39,-100,0,-60.8
4144,20:11:06:785,2,Moderate_Damage,L2_S3,-1844,1094,14828,-88,34,-102,0,-38.8
4145,20:11:06:796,2,Moderate_Damage,L2_S3,-1824,1156,14882,-73,27,-108,0,15.2
4146,20:11:06:805,2,Moderate_Damage,L2_S3,-1810,1148,14856,-82,42,-104,0,-10.8
4147,20:11:06:816,2,Moderate_Damage,L2_S3,-1838,1102,14900,-101,27,-98,0,33.2
4148,20:11:06:826,2,Moderate_Damage,L2_S3,-1836,1128,14984,-121,28,-106,0,117.2
4149,20:11:06:836,2,Moderate_Damage,L2_S3,-1860,1148,14962,-146,22,-112,0,95.2
4150,20:11:06:846,2,Moderate_Damage,L2_S3,-1798,1106,14956,-192,26,-122,0,89.2
4151,20:11:06:856,2,Moderate_Damage,L2_S3,-1838,1098,14912,-219,29,-120,0,45.2
4152,20:11:06:866,2,Moderate_Damage,L2_S3,-1818,1152,14890,-257,26,-132,0,23.2
4153,20:11:06:876,2,Moderate_Damage,L2_S3,-1820,1178,14908,-280,26,-131,0,41.2
4154,20:11:06:886,2,Moderate_Damage,L2_S3,-1826,1126,14840,-298,24,-129,0,-26.8
4155,20:11:06:896,2,Moderate_Damage,L2_S3,-1850,1114,14864,-302,29,-135,0,-2.8
4156,20:11:06:906,2,Moderate_Damage,L2_S3,-1800,1068,14744,-297,21,-131,0,-122.8
4157,20:11:06:916,2,Moderate_Damage,L2_S3,-1780,1082,14818,-278,26,-131,0,-48.8
4158,20:11:06:926,2,Moderate_Damage,L2_S3,-1816,1080,14808,-258,27,-129,0,-58.8
4159,20:11:06:936,2,Moderate_Damage,L2_S3,-1776,1046,14820,-226,24,-124,0,-46.8
4160,20:11:06:946,2,Moderate_Damage,L2_S3,-1826,1144,14756,-203,30,-112,0,-110.8
4161,20:11:06:956,2,Moderate_Damage,L2_S3,-1804,1094,14778,-161,29,-111,0,-88.8
4162,20:11:06:966,2,Moderate_Damage,L2_S3,-1760,1088,14822,-136,26,-107,0,-44.8
4163,20:11:06:976,2,Moderate_Damage,L2_S3,-1814,1132,14810,-105,34,-108,0,-56.8
4164,20:11:06:986,2,Moderate_Damage,L2_S3,-1838,1098,14758,-102,29,-103,0,-108.8
4165,20:11:06:996,2,Moderate_Damage,L2_S3,-1804,1112,14870,-87,37,-102,0,3.2
4166,20:11:07:006,2,Moderate_Damage,L2_S3,-1854,1086,14866,-97,30,-105,0,-0.8
4167,20:11:07:016,2,Moderate_Damage,L2_S3,-1814,1150,14870,-96,37,-107,0,3.2
4168,20:11:07:026,2,Moderate_Damage,L2_S3,-1846,1166,14958,-124,32,-110,0,91.2
4169,20:11:07:036,2,Moderate_Damage,L2_S3,-1810,1112,14968,-149,27,-113,0,101.2
4170,20:11:07:046,2,Moderate_Damage,L2_S3,-1816,1114,14938,-189,34,-121,0,71.2
4171,20:11:07:056,2,Moderate_Damage,L2_S3,-1842,1158,14962,-219,19,-125,0,95.2
4172,20:11:07:066,2,Moderate_Damage,L2_S3,-1812,1140,14878,-244,35,-125,0,11.2
4173,20:11:07:076,2,Moderate_Damage,L2_S3,-1834,1172,14926,-269,22,-123,0,59.2
4174,20:11:07:086,2,Moderate_Damage,L2_S3,-1840,1126,14846,-286,27,-129,0,-20.8
4175,20:11:07:096,2,Moderate_Damage,L2_S3,-1782,1108,14834,-287,29,-134,0,-32.8
4176,20:11:07:106,2,Moderate_Damage,L2_S3,-1842,1104,14796,-288,21,-127,0,-70.8
4177,20:11:07:116,2,Moderate_Damage,L2_S3,-1790,1094,14726,-273,26,-132,0,-140.8
4178,20:11:07:126,2,Moderate_Damage,L2_S3,-1844,1146,14810,-253,24,-123,0,-56.8
4179,20:11:07:136,2,Moderate_Damage,L2_S3,-1836,1132,14756,-230,29,-121,0,-110.8
4180,20:11:07:146,2,Moderate_Damage,L2_S3,-1796,1128,14798,-199,30,-119,0,-68.8
4181,20:11:07:156,2,Moderate_Damage,L2_S3,-1822,1112,14790,-174,30,-114,0,-76.8
4182,20:11:07:166,2,Moderate_Damage,L2_S3,-1780,1094,14774,-141,34,-110,0,-92.8
4183,20:11:07:176,2,Moderate_Damage,L2_S3,-1790,1098,14850,-123,32,-104,0,-16.8
4184,20:11:07:186,2,Moderate_Damage,L2_S3,-1806,1116,14862,-107,32,-97,0,-4.8
4185,20:11:07:196,2,Moderate_Damage,L2_S3,-1768,1088,14864,-102,35,-95,0,-2.8
4186,20:11:07:206,2,Moderate_Damage,L2_S3,-1876,1124,14906,-104,27,-98,0,39.2
4187,20:11:07:216,2,Moderate_Damage,L2_S3,-1856,1104,14950,-107,40,-113,0,83.2
4188,20:11:07:226,2,Moderate_Damage,L2_S3,-1848,1102,14962,-126,25,-106,0,95.2
4189,20:11:07:236,2,Moderate_Damage,L2_S3,-1848,1158,14900,-158,35,-113,0,33.2
4190,20:11:07:246,2,Moderate_Damage,L2_S3,-1816,1160,14956,-186,28,-117,0,89.2
4191,20:11:07:256,2,Moderate_Damage,L2_S3,-1826,1098,14958,-209,27,-117,0,91.2
4192,20:11:07:266,2,Moderate_Damage,L2_S3,-1798,1128,14934,-238,31,-127,0,67.2
4193,20:11:07:276,2,Moderate_Damage,L2_S3,-1830,1146,14950,-261,24,-127,0,83.2
4194,20:11:07:286,2,Moderate_Damage,L2_S3,-1826,1162,14896,-271,29,-128,0,29.2
4195,20:11:07:296,2,Moderate_Damage,L2_S3,-1738,1100,14886,-279,25,-131,0,19.2
4196,20:11:07:306,2,Moderate_Damage,L2_S3,-1824,1130,14864,-276,22,-126,0,-2.8
4197,20:11:07:316,2,Moderate_Damage,L2_S3,-1786,1092,14800,-265,28,-137,0,-66.8
4198,20:11:07:326,2,Moderate_Damage,L2_S3,-1768,1118,14776,-250,26,-132,0,-90.8
4199,20:11:07:336,2,Moderate_Damage,L2_S3,-1824,1118,14790,-230,29,-123,0,-76.8
4200,20:11:07:346,2,Moderate_Damage,L2_S3,-1810,1148,14834,-202,28,-119,0,-32.8
4201,20:11:07:356,2,Moderate_Damage,L2_S3,-1804,1086,14758,-174,28,-120,0,-108.8
4202,20:11:07:366,2,Moderate_Damage,L2_S3,-1822,1112,14784,-146,27,-107,0,-82.8
4203,20:11:07:376,2,Moderate_Damage,L2_S3,-1804,1090,14742,-125,24,-109,0,-124.8
4204,20:11:07:386,2,Moderate_Damage,L2_S3,-1820,1128,14880,-121,23,-111,0,13.2
4205,20:11:07:396,2,Moderate_Damage,L2_S3,-1802,1126,14890,-107,35,-105,0,23.2
4206,20:11:07:406,2,Moderate_Damage,L2_S3,-1796,1122,14898,-111,31,-106,0,31.2
4207,20:11:07:416,2,Moderate_Damage,L2_S3,-1852,1156,14870,-111,27,-106,0,3.2
4208,20:11:07:426,2,Moderate_Damage,L2_S3,-1810,1132,14900,-134,30,-114,0,33.2
4209,20:11:07:436,2,Moderate_Damage,L2_S3,-1832,1076,14940,-162,27,-109,0,73.2
4210,20:11:07:446,2,Moderate_Damage,L2_S3,-1842,1116,14940,-182,32,-118,0,73.2
4211,20:11:07:456,2,Moderate_Damage,L2_S3,-1840,1102,14912,-205,33,-120,0,45.2
4212,20:11:07:466,2,Moderate_Damage,L2_S3,-1802,1120,14884,-241,31,-126,0,17.2
4213,20:11:07:476,2,Moderate_Damage,L2_S3,-1810,1172,14906,-252,43,-127,0,39.2
4214,20:11:07:486,2,Moderate_Damage,L2_S3,-1798,1136,14868,-269,24,-127,0,1.2
4215,20:11:07:496,2,Moderate_Damage,L2_S3,-1882,1128,14794,-271,27,-127,0,-72.8
4216,20:11:07:506,2,Moderate_Damage,L2_S3,-1802,1080,14816,-274,21,-129,0,-50.8
4217,20:11:07:516,2,Moderate_Damage,L2_S3,-1828,1128,14808,-261,33,-125,0,-58.8
4218,20:11:07:526,2,Moderate_Damage,L2_S3,-1786,1092,14770,-250,25,-130,0,-96.8
4219,20:11:07:536,2,Moderate_Damage,L2_S3,-1782,1144,14784,-227,26,-120,0,-82.8
4220,20:11:07:546,2,Moderate_Damage,L2_S3,-1778,1078,14780,-200,30,-113,0,-86.8
4221,20:11:07:556,2,Moderate_Damage,L2_S3,-1778,1076,14820,-172,37,-115,0,-46.8
4222,20:11:07:566,2,Moderate_Damage,L2_S3,-1810,1110,14798,-154,30,-112,0,-68.8
4223,20:11:07:576,2,Moderate_Damage,L2_S3,-1768,1108,14798,-138,33,-113,0,-68.8
4224,20:11:07:586,2,Moderate_Damage,L2_S3,-1842,1118,14784,-123,26,-102,0,-82.8
4225,20:11:07:596,2,Moderate_Damage,L2_S3,-1834,1144,14866,-117,29,-101,0,-0.8
4226,20:11:07:606,2,Moderate_Damage,L2_S3,-1790,1158,14878,-111,30,-101,0,11.2
4227,20:11:07:616,2,Moderate_Damage,L2_S3,-1844,1146,14850,-127,29,-107,0,-16.8
4228,20:11:07:626,2,Moderate_Damage,L2_S3,-1858,1120,14796,-138,35,-107,0,-70.8
4229,20:11:07:636,2,Moderate_Damage,L2_S3,-1846,1078,14952,-162,30,-113,0,85.2
4230,20:11:07:646,2,Moderate_Damage,L2_S3,-1848,1100,14954,-176,32,-111,0,87.2
4231,20:11:07:656,2,Moderate_Damage,L2_S3,-1828,1072,14876,-202,29,-119,0,9.2
4232,20:11:07:666,2,Moderate_Damage,L2_S3,-1852,1120,14866,-221,35,-125,0,-0.8
4233,20:11:07:676,2,Moderate_Damage,L2_S3,-1840,1110,14924,-249,26,-128,0,57.2
4234,20:11:07:686,2,Moderate_Damage,L2_S3,-1812,1166,14880,-251,26,-133,0,13.2
4235,20:11:07:696,2,Moderate_Damage,L2_S3,-1834,1138,14890,-271,19,-128,0,23.2
4236,20:11:07:706,2,Moderate_Damage,L2_S3,-1854,1118,14802,-267,31,-131,0,-64.8
4237,20:11:07:716,2,Moderate_Damage,L2_S3,-1834,1080,14756,-267,26,-130,0,-110.8
4238,20:11:07:726,2,Moderate_Damage,L2_S3,-1818,1070,14792,-250,25,-127,0,-74.8
4239,20:11:07:736,2,Moderate_Damage,L2_S3,-1852,1096,14842,-225,23,-124,0,-24.8
4240,20:11:07:746,2,Moderate_Damage,L2_S3,-1822,1110,14754,-203,28,-124,0,-112.8
4241,20:11:07:756,2,Moderate_Damage,L2_S3,-1824,1114,14802,-185,24,-122,0,-64.8
4242,20:11:07:766,2,Moderate_Damage,L2_S3,-1790,1112,14784,-160,43,-111,0,-82.8
4243,20:11:07:776,2,Moderate_Damage,L2_S3,-1858,1110,14818,-144,27,-102,0,-48.8
4244,20:11:07:786,2,Moderate_Damage,L2_S3,-1776,1062,14858,-129,43,-115,0,-8.8
4245,20:11:07:796,2,Moderate_Damage,L2_S3,-1820,1136,14900,-122,36,-103,0,33.2
4246,20:11:07:806,2,Moderate_Damage,L2_S3,-1844,1088,14872,-117,43,-106,0,5.2
4247,20:11:07:816,2,Moderate_Damage,L2_S3,-1806,1132,14858,-125,33,-108,0,-8.8
4248,20:11:07:826,2,Moderate_Damage,L2_S3,-1886,1154,14898,-145,32,-111,0,31.2
4249,20:11:07:836,2,Moderate_Damage,L2_S3,-1790,1100,14900,-155,31,-114,0,33.2
4250,20:11:07:846,2,Moderate_Damage,L2_S3,-1824,1170,14948,-181,28,-110,0,81.2
4251,20:11:07:856,2,Moderate_Damage,L2_S3,-1870,1114,14920,-197,35,-116,0,53.2
4252,20:11:07:866,2,Moderate_Damage,L2_S3,-1820,1126,14882,-221,31,-121,0,15.2
4253,20:11:07:876,2,Moderate_Damage,L2_S3,-1802,1104,14864,-240,22,-117,0,-2.8
4254,20:11:07:886,2,Moderate_Damage,L2_S3,-1810,1072,14790,-250,26,-126,0,-76.8
4255,20:11:07:896,2,Moderate_Damage,L2_S3,-1848,1092,14892,-263,29,-135,0,25.2
4256,20:11:07:906,2,Moderate_Damage,L2_S3,-1798,1102,14834,-264,33,-129,0,-32.8
4257,20:11:07:916,2,Moderate_Damage,L2_S3,-1770,1092,14822,-249,28,-133,0,-44.8
4258,20:11:07:926,2,Moderate_Damage,L2_S3,-1784,1120,14776,-247,26,-124,0,-90.8
4259,20:11:07:936,2,Moderate_Damage,L2_S3,-1846,1038,14782,-227,21,-115,0,-84.8
4260,20:11:07:946,2,Moderate_Damage,L2_S3,-1800,1086,14752,-211,26,-120,0,-114.8
4261,20:11:07:956,2,Moderate_Damage,L2_S3,-1834,1084,14732,-186,28,-111,0,-134.8
4262,20:11:07:966,2,Moderate_Damage,L2_S3,-1820,1144,14760,-171,31,-115,0,-106.8
4263,20:11:07:976,2,Moderate_Damage,L2_S3,-1806,1064,14846,-148,34,-109,0,-20.8
4264,20:11:07:986,2,Moderate_Damage,L2_S3,-1816,1086,14794,-132,28,-98,0,-72.8
4265,20:11:07:996,2,Moderate_Damage,L2_S3,-1788,1110,14876,-128,37,-104,0,9.2
4266,20:11:08:006,2,Moderate_Damage,L2_S3,-1810,1114,14860,-129,26,-99,0,-6.8
4267,20:11:08:016,2,Moderate_Damage,L2_S3,-1822,1120,14914,-128,36,-108,0,47.2
4268,20:11:08:026,2,Moderate_Damage,L2_S3,-1828,1138,14930,-144,29,-112,0,63.2
4269,20:11:08:036,2,Moderate_Damage,L2_S3,-1854,1154,14906,-153,27,-109,0,39.2
4270,20:11:08:046,2,Moderate_Damage,L2_S3,-1818,1130,14950,-171,34,-118,0,83.2
4271,20:11:08:056,2,Moderate_Damage,L2_S3,-1828,1126,14934,-201,21,-119,0,67.2
4272,20:11:08:066,2,Moderate_Damage,L2_S3,-1812,1160,14892,-216,36,-126,0,25.2
4273,20:11:08:076,2,Moderate_Damage,L2_S3,-1856,1130,14866,-235,27,-130,0,-0.8
4274,20:11:08:086,2,Moderate_Damage,L2_S3,-1822,1160,14854,-245,27,-126,0,-12.8
4275,20:11:08:096,2,Moderate_Damage,L2_S3,-1816,1112,14830,-255,29,-125,0,-36.8
4276,20:11:08:106,2,Moderate_Damage,L2_S3,-1838,1122,14872,-249,27,-122,0,5.2
4277,20:11:08:116,2,Moderate_Damage,L2_S3,-1834,1094,14828,-246,31,-136,0,-38.8
4278,20:11:08:126,2,Moderate_Damage,L2_S3,-1812,1096,14844,-239,31,-120,0,-22.8
4279,20:11:08:136,2,Moderate_Damage,L2_S3,-1840,1118,14842,-225,27,-125,0,-24.8
4280,20:11:08:146,2,Moderate_Damage,L2_S3,-1786,1030,14782,-204,26,-120,0,-84.8
4281,20:11:08:156,2,Moderate_Damage,L2_S3,-1788,1152,14758,-191,23,-114,0,-108.8
4282,20:11:08:166,2,Moderate_Damage,L2_S3,-1786,1078,14806,-164,33,-119,0,-60.8
4283,20:11:08:176,2,Moderate_Damage,L2_S3,-1770,1096,14796,-152,24,-107,0,-70.8
4284,20:11:08:186,2,Moderate_Damage,L2_S3,-1792,1104,14906,-147,25,-106,0,39.2
4285,20:11:08:196,2,Moderate_Damage,L2_S3,-1786,1124,14822,-133,20,-107,0,-44.8
4286,20:11:08:206,2,Moderate_Damage,L2_S3,-1832,1126,14804,-132,33,-108,0,-62.8
4287,20:11:08:216,2,Moderate_Damage,L2_S3,-1842,1106,14848,-147,36,-109,0,-18.8
4288,20:11:08:226,2,Moderate_Damage,L2_S3,-1822,1110,14944,-149,26,-111,0,77.2
4289,20:11:08:236,2,Moderate_Damage,L2_S3,-1830,1134,14890,-170,33,-112,0,23.2
4290,20:11:08:246,2,Moderate_Damage,L2_S3,-1834,1122,14914,-182,25,-115,0,47.2
4291,20:11:08:256,2,Moderate_Damage,L2_S3,-1806,1116,14908,-198,26,-119,0,41.2
4292,20:11:08:266,2,Moderate_Damage,L2_S3,-1810,1136,14912,-213,25,-122,0,45.2
4293,20:11:08:277,2,Moderate_Damage,L2_S3,-1800,1126,14836,-222,23,-122,0,-30.8
4294,20:11:08:286,2,Moderate_Damage,L2_S3,-1826,1100,14848,-241,39,-129,0,-18.8
4295,20:11:08:296,2,Moderate_Damage,L2_S3,-1838,1070,14856,-251,22,-126,0,-10.8
4296,20:11:08:306,2,Moderate_Damage,L2_S3,-1844,1092,14842,-247,30,-125,0,-24.8
4297,20:11:08:316,2,Moderate_Damage,L2_S3,-1800,1114,14814,-251,22,-125,0,-52.8
4298,20:11:08:326,2,Moderate_Damage,L2_S3,-1830,1044,14814,-239,22,-127,0,-52.8
4299,20:11:08:336,2,Moderate_Damage,L2_S3,-1836,1132,14804,-219,33,-122,0,-62.8
4300,20:11:08:346,2,Moderate_Damage,L2_S3,-1772,1094,14792,-207,23,-111,0,-74.8
4301,20:11:08:356,2,Moderate_Damage,L2_S3,-1798,1092,14822,-189,33,-108,0,-44.8
4302,20:11:08:366,2,Moderate_Damage,L2_S3,-1784,1094,14824,-178,29,-113,0,-42.8
4303,20:11:08:376,2,Moderate_Damage,L2_S3,-1792,1136,14848,-159,40,-116,0,-18.8
4304,20:11:08:386,2,Moderate_Damage,L2_S3,-1820,1168,14828,-147,23,-111,0,-38.8
4305,20:11:08:396,2,Moderate_Damage,L2_S3,-1808,1110,14902,-131,30,-109,0,35.2
4306,20:11:08:406,2,Moderate_Damage,L2_S3,-1826,1116,14900,-140,33,-111,0,33.2
4307,20:11:08:416,2,Moderate_Damage,L2_S3,-1840,1100,14978,-132,22,-108,0,111.2
4308,20:11:08:426,2,Moderate_Damage,L2_S3,-1812,1096,14866,-147,33,-113,0,-0.8
4309,20:11:08:436,2,Moderate_Damage,L2_S3,-1842,1156,14870,-161,35,-114,0,3.2
4310,20:11:08:446,2,Moderate_Damage,L2_S3,-1810,1132,14932,-184,28,-117,0,65.2
4311,20:11:08:456,2,Moderate_Damage,L2_S3,-1808,1148,14910,-199,39,-121,0,43.2
4312,20:11:08:466,2,Moderate_Damage,L2_S3,-1872,1094,14906,-213,22,-111,0,39.2
4313,20:11:08:476,2,Moderate_Damage,L2_S3,-1802,1152,14932,-220,38,-125,0,65.2
4314,20:11:08:486,2,Moderate_Damage,L2_S3,-1860,1114,14844,-240,27,-123,0,-22.8
4315,20:11:08:496,2,Moderate_Damage,L2_S3,-1834,1128,14884,-247,28,-126,0,17.2
4316,20:11:08:506,2,Moderate_Damage,L2_S3,-1800,1150,14858,-244,27,-126,0,-8.8
4317,20:11:08:516,2,Moderate_Damage,L2_S3,-1870,1130,14782,-245,26,-119,0,-84.8
4318,20:11:08:526,2,Moderate_Damage,L2_S3,-1816,1068,14780,-236,32,-122,0,-86.8
4319,20:11:08:536,2,Moderate_Damage,L2_S3,-1838,1076,14816,-222,30,-121,0,-50.8
4320,20:11:08:546,2,Moderate_Damage,L2_S3,-1814,1120,14784,-210,31,-121,0,-82.8
4321,20:11:08:556,2,Moderate_Damage,L2_S3,-1784,1116,14826,-191,32,-119,0,-40.8
4322,20:11:08:566,2,Moderate_Damage,L2_S3,-1826,1142,14830,-175,29,-112,0,-36.8
4323,20:11:08:576,2,Moderate_Damage,L2_S3,-1782,1122,14870,-162,32,-106,0,3.2
4324,20:11:08:586,2,Moderate_Damage,L2_S3,-1796,1074,14884,-151,25,-107,0,17.2
4325,20:11:08:596,2,Moderate_Damage,L2_S3,-1792,1076,14742,-143,34,-110,0,-124.8
4326,20:11:08:607,2,Moderate_Damage,L2_S3,-1838,1108,14808,-136,26,-106,0,-58.8
4327,20:11:08:616,2,Moderate_Damage,L2_S3,-1808,1134,14864,-145,33,-106,0,-2.8
4328,20:11:08:626,2,Moderate_Damage,L2_S3,-1802,1148,14860,-151,36,-107,0,-6.8
4329,20:11:08:636,2,Moderate_Damage,L2_S3,-1834,1088,14942,-164,28,-118,0,75.2
4330,20:11:08:646,2,Moderate_Damage,L2_S3,-1814,1134,14868,-174,32,-115,0,1.2
4331,20:11:08:656,2,Moderate_Damage,L2_S3,-1830,1100,14826,-193,29,-118,0,-40.8
4332,20:11:08:666,2,Moderate_Damage,L2_S3,-1808,1090,14900,-212,21,-120,0,33.2
4333,20:11:08:676,2,Moderate_Damage,L2_S3,-1828,1130,14864,-212,27,-127,0,-2.8
4334,20:11:08:686,2,Moderate_Damage,L2_S3,-1850,1082,14960,-228,18,-124,0,93.2
4335,20:11:08:696,2,Moderate_Damage,L2_S3,-1810,1130,14878,-231,35,-126,0,11.2
4336,20:11:08:706,2,Moderate_Damage,L2_S3,-1838,1158,14852,-237,25,-127,0,-14.8
4337,20:11:08:716,2,Moderate_Damage,L2_S3,-1844,1096,14856,-230,37,-122,0,-10.8
4338,20:11:08:726,2,Moderate_Damage,L2_S3,-1824,1150,14796,-236,29,-121,0,-70.8
4339,20:11:08:736,2,Moderate_Damage,L2_S3,-1752,1096,14850,-218,33,-116,0,-16.8
4340,20:11:08:746,2,Moderate_Damage,L2_S3,-1780,1098,14860,-211,27,-121,0,-6.8
4341,20:11:08:756,2,Moderate_Damage,L2_S3,-1816,1108,14776,-194,26,-121,0,-90.8
4342,20:11:08:766,2,Moderate_Damage,L2_S3,-1762,1118,14802,-179,35,-119,0,-64.8
4343,20:11:08:776,2,Moderate_Damage,L2_S3,-1822,1108,14790,-163,24,-114,0,-76.8
4344,20:11:08:786,2,Moderate_Damage,L2_S3,-1798,1094,14850,-152,36,-118,0,-16.8
4345,20:11:08:796,2,Moderate_Damage,L2_S3,-1804,1122,14886,-144,34,-105,0,19.2
4346,20:11:08:806,2,Moderate_Damage,L2_S3,-1824,1088,14930,-150,28,-112,0,63.2
4347,20:11:08:816,2,Moderate_Damage,L2_S3,-1776,1116,14864,-147,32,-110,0,-2.8
4348,20:11:08:827,2,Moderate_Damage,L2_S3,-1832,1174,14934,-152,27,-112,0,67.2
4349,20:11:08:837,2,Moderate_Damage,L2_S3,-1812,1148,14910,-157,27,-114,0,43.2
4350,20:11:08:846,2,Moderate_Damage,L2_S3,-1860,1120,14864,-178,31,-117,0,-2.8
4351,20:11:08:856,2,Moderate_Damage,L2_S3,-1842,1116,14928,-193,34,-120,0,61.2
4352,20:11:08:866,2,Moderate_Damage,L2_S3,-1776,1132,14938,-206,32,-117,0,71.2
4353,20:11:08:877,2,Moderate_Damage,L2_S3,-1804,1124,14904,-222,32,-116,0,37.2
4354,20:11:08:886,2,Moderate_Damage,L2_S3,-1788,1114,14896,-233,27,-125,0,29.2
4355,20:11:08:896,2,Moderate_Damage,L2_S3,-1832,1142,14906,-229,26,-128,0,39.2
4356,20:11:08:906,2,Moderate_Damage,L2_S3,-1850,1100,14848,-234,27,-129,0,-18.8
4357,20:11:08:916,2,Moderate_Damage,L2_S3,-1856,1128,14784,-232,32,-128,0,-82.8
4358,20:11:08:926,2,Moderate_Damage,L2_S3,-1832,1080,14812,-229,22,-123,0,-54.8
4359,20:11:08:936,2,Moderate_Damage,L2_S3,-1814,1062,14852,-218,28,-116,0,-14.8
4360,20:11:08:946,2,Moderate_Damage,L2_S3,-1794,1102,14792,-200,27,-120,0,-74.8
4361,20:11:08:956,2,Moderate_Damage,L2_S3,-1830,1112,14846,-193,30,-120,0,-20.8
4362,20:11:08:966,2,Moderate_Damage,L2_S3,-1790,1108,14798,-181,23,-120,0,-68.8
4363,20:11:08:976,2,Moderate_Damage,L2_S3,-1778,1140,14882,-169,30,-112,0,15.2
4364,20:11:08:986,2,Moderate_Damage,L2_S3,-1804,1094,14840,-160,32,-109,0,-26.8
4365,20:11:08:996,2,Moderate_Damage,L2_S3,-1792,1124,14850,-152,31,-117,0,-16.8
4366,20:11:09:006,2,Moderate_Damage,L2_S3,-1816,1132,14828,-152,24,-106,0,-38.8
4367,20:11:09:017,2,Moderate_Damage,L2_S3,-1836,1130,14832,-155,23,-109,0,-34.8
4368,20:11:09:027,2,Moderate_Damage,L2_S3,-1794,1156,14874,-153,28,-113,0,7.2
4369,20:11:09:036,2,Moderate_Damage,L2_S3,-1834,1100,14826,-168,32,-111,0,-40.8
4370,20:11:09:046,2,Moderate_Damage,L2_S3,-1822,1120,14878,-173,24,-122,0,11.2
4371,20:11:09:056,2,Moderate_Damage,L2_S3,-1842,1138,14942,-191,32,-121,0,75.2
4372,20:11:09:066,2,Moderate_Damage,L2_S3,-1852,1164,14894,-200,30,-115,0,27.2
4373,20:11:09:076,2,Moderate_Damage,L2_S3,-1786,1104,14928,-216,33,-121,0,61.2
4374,20:11:09:086,2,Moderate_Damage,L2_S3,-1886,1110,14902,-225,25,-121,0,35.2
4375,20:11:09:096,2,Moderate_Damage,L2_S3,-1856,1072,14842,-235,31,-119,0,-24.8
4376,20:11:09:106,2,Moderate_Damage,L2_S3,-1832,1120,14892,-231,28,-126,0,25.2
4377,20:11:09:117,2,Moderate_Damage,L2_S3,-1796,1098,14808,-232,16,-130,0,-58.8
4378,20:11:09:127,2,Moderate_Damage,L2_S3,-1846,1062,14816,-231,27,-126,0,-50.8
4379,20:11:09:137,2,Moderate_Damage,L2_S3,-1814,1092,14836,-220,20,-121,0,-30.8
4380,20:11:09:147,2,Moderate_Damage,L2_S3,-1832,1100,14876,-198,29,-122,0,9.2
4381,20:11:09:157,2,Moderate_Damage,L2_S3,-1826,1052,14868,-193,32,-115,0,1.2
4382,20:11:09:167,2,Moderate_Damage,L2_S3,-1844,1110,14888,-184,36,-125,0,21.2
4383,20:11:09:177,2,Moderate_Damage,L2_S3,-1764,1088,14826,-181,27,-114,0,-40.8
4384,20:11:09:187,2,Moderate_Damage,L2_S3,-1818,1120,14904,-170,36,-113,0,37.2
4385,20:11:09:196,2,Moderate_Damage,L2_S3,-1824,1084,14812,-161,32,-108,0,-54.8
4386,20:11:09:207,2,Moderate_Damage,L2_S3,-1844,1128,14876,-147,32,-115,0,9.2
4387,20:11:09:217,2,Moderate_Damage,L2_S3,-1844,1134,14836,-150,29,-106,0,-30.8
4388,20:11:09:227,2,Moderate_Damage,L2_S3,-1776,1112,14868,-160,27,-111,0,1.2
4389,20:11:09:237,2,Moderate_Damage,L2_S3,-1832,1148,14876,-171,22,-112,0,9.2
4390,20:11:09:247,2,Moderate_Damage,L2_S3,-1802,1084,14858,-177,36,-116,0,-8.8
4391,20:11:09:257,2,Moderate_Damage,L2_S3,-1836,1126,14908,-192,32,-112,0,41.2
4392,20:11:09:267,2,Moderate_Damage,L2_S3,-1796,1106,14870,-195,35,-120,0,3.2
4393,20:11:09:277,2,Moderate_Damage,L2_S3,-1812,1092,14928,-216,31,-127,0,61.2
4394,20:11:09:287,2,Moderate_Damage,L2_S3,-1826,1114,14828,-218,29,-118,0,-38.8
4395,20:11:09:297,2,Moderate_Damage,L2_S3,-1812,1120,14898,-227,24,-116,0,31.2
4396,20:11:09:307,2,Moderate_Damage,L2_S3,-1818,1132,14826,-218,25,-117,0,-40.8
4397,20:11:09:317,2,Moderate_Damage,L2_S3,-1818,1068,14814,-231,28,-123,0,-52.8
4398,20:11:09:327,2,Moderate_Damage,L2_S3,-1798,1104,14904,-223,30,-124,0,37.2
4399,20:11:09:337,2,Moderate_Damage,L2_S3,-1796,1120,14898,-217,28,-126,0,31.2
4400,20:11:09:347,2,Moderate_Damage,L2_S3,-1830,1066,14766,-207,26,-123,0,-100.8
4401,20:11:09:357,2,Moderate_Damage,L2_S3,-1828,1074,14848,-201,36,-122,0,-18.8
4402,20:11:09:367,2,Moderate_Damage,L2_S3,-1828,1078,14802,-187,24,-116,0,-64.8
4403,20:11:09:377,2,Moderate_Damage,L2_S3,-1794,1092,14824,-183,34,-120,0,-42.8
4404,20:11:09:387,2,Moderate_Damage,L2_S3,-1828,1104,14810,-167,34,-112,0,-56.8
4405,20:11:09:397,2,Moderate_Damage,L2_S3,-1802,1116,14914,-162,32,-116,0,47.2
4406,20:11:09:407,2,Moderate_Damage,L2_S3,-1836,1150,14854,-153,36,-113,0,-12.8
4407,20:11:09:417,2,Moderate_Damage,L2_S3,-1874,1130,14818,-157,28,-110,0,-48.8
4408,20:11:09:427,2,Moderate_Damage,L2_S3,-1798,1126,14914,-157,36,-115,0,47.2
4409,20:11:09:437,2,Moderate_Damage,L2_S3,-1852,1136,14856,-160,29,-114,0,-10.8
4410,20:11:09:447,2,Moderate_Damage,L2_S3,-1812,1126,14892,-174,28,-116,0,25.2
4411,20:11:09:457,2,Moderate_Damage,L2_S3,-1830,1126,14938,-189,26,-124,0,71.2
4412,20:11:09:467,2,Moderate_Damage,L2_S3,-1868,1132,14900,-203,35,-119,0,33.2
4413,20:11:09:477,2,Moderate_Damage,L2_S3,-1790,1128,14962,-212,22,-119,0,95.2
4414,20:11:09:487,2,Moderate_Damage,L2_S3,-1822,1116,14860,-215,23,-124,0,-6.8
4415,20:11:09:497,2,Moderate_Damage,L2_S3,-1862,1120,14872,-219,31,-120,0,5.2
4416,20:11:09:507,2,Moderate_Damage,L2_S3,-1810,1134,14872,-225,25,-124,0,5.2
4417,20:11:09:517,2,Moderate_Damage,L2_S3,-1776,1136,14834,-224,34,-116,0,-32.8
4418,20:11:09:527,2,Moderate_Damage,L2_S3,-1880,1112,14814,-217,29,-121,0,-52.8
4419,20:11:09:537,2,Moderate_Damage,L2_S3,-1800,1122,14812,-213,20,-115,0,-54.8
4420,20:11:09:547,2,Moderate_Damage,L2_S3,-1828,1086,14804,-210,31,-111,0,-62.8
4421,20:11:09:557,2,Moderate_Damage,L2_S3,-1824,1110,14760,-201,35,-120,0,-106.8
4422,20:11:09:567,2,Moderate_Damage,L2_S3,-1804,1086,14876,-191,33,-118,0,9.2
4423,20:11:09:577,2,Moderate_Damage,L2_S3,-1818,1106,14840,-178,25,-115,0,-26.8
4424,20:11:09:587,2,Moderate_Damage,L2_S3,-1790,1080,14778,-169,33,-114,0,-88.8
4425,20:11:09:597,2,Moderate_Damage,L2_S3,-1786,1098,14852,-162,29,-107,0,-14.8
4426,20:11:09:607,2,Moderate_Damage,L2_S3,-1862,1114,14830,-159,33,-107,0,-36.8
4427,20:11:09:617,2,Moderate_Damage,L2_S3,-1830,1110,14858,-163,31,-110,0,-8.8
4428,20:11:09:627,2,Moderate_Damage,L2_S3,-1848,1124,14936,-168,27,-114,0,69.2
4429,20:11:09:637,2,Moderate_Damage,L2_S3,-1790,1082,14898,-172,33,-115,0,31.2
4430,20:11:09:647,2,Moderate_Damage,L2_S3,-1868,1182,14880,-179,32,-112,0,13.2
4431,20:11:09:657,2,Moderate_Damage,L2_S3,-1826,1106,14900,-194,29,-120,0,33.2
4432,20:11:09:667,2,Moderate_Damage,L2_S3,-1802,1078,14906,-200,33,-113,0,39.2
4433,20:11:09:677,2,Moderate_Damage,L2_S3,-1832,1082,14884,-214,25,-117,0,17.2
4434,20:11:09:687,2,Moderate_Damage,L2_S3,-1772,1154,14814,-211,34,-126,0,-52.8
4435,20:11:09:697,2,Moderate_Damage,L2_S3,-1836,1152,14848,-221,31,-126,0,-18.8
4436,20:11:09:707,2,Moderate_Damage,L2_S3,-1830,1150,14832,-227,32,-124,0,-34.8
4437,20:11:09:717,2,Moderate_Damage,L2_S3,-1806,1130,14838,-228,27,-122,0,-28.8
4438,20:11:09:727,2,Moderate_Damage,L2_S3,-1848,1116,14864,-224,30,-126,0,-2.8
4439,20:11:09:737,2,Moderate_Damage,L2_S3,-1804,1058,14862,-216,27,-119,0,-4.8
4440,20:11:09:747,2,Moderate_Damage,L2_S3,-1808,1102,14822,-206,29,-125,0,-44.8
4441,20:11:09:757,2,Moderate_Damage,L2_S3,-1830,1154,14838,-199,26,-123,0,-28.8
4442,20:11:09:767,2,Moderate_Damage,L2_S3,-1820,1128,14874,-179,28,-117,0,7.2
4443,20:11:09:777,2,Moderate_Damage,L2_S3,-1808,1126,14834,-181,27,-113,0,-32.8
4444,20:11:09:787,2,Moderate_Damage,L2_S3,-1778,1084,14892,-168,31,-111,0,25.2
4445,20:11:09:797,2,Moderate_Damage,L2_S3,-1766,1124,14888,-170,22,-112,0,21.2
4446,20:11:09:807,2,Moderate_Damage,L2_S3,-1848,1182,14882,-166,35,-108,0,15.2
4447,20:11:09:817,2,Moderate_Damage,L2_S3,-1820,1094,14868,-164,28,-115,0,1.2
4448,20:11:09:827,2,Moderate_Damage,L2_S3,-1826,1088,14908,-166,28,-106,0,41.2
4449,20:11:09:837,2,Moderate_Damage,L2_S3,-1848,1150,14934,-169,21,-108,0,67.2
4450,20:11:09:847,2,Moderate_Damage,L2_S3,-1802,1124,14940,-182,30,-109,0,73.2
4451,20:11:09:857,2,Moderate_Damage,L2_S3,-1834,1104,14904,-179,23,-108,0,37.2
4452,20:11:09:867,2,Moderate_Damage,L2_S3,-1804,1118,14882,-205,32,-117,0,15.2
4453,20:11:09:877,2,Moderate_Damage,L2_S3,-1798,1104,14836,-203,25,-122,0,-30.8
4454,20:11:09:887,2,Moderate_Damage,L2_S3,-1816,1132,14870,-216,27,-120,0,3.2
4455,20:11:09:897,2,Moderate_Damage,L2_S3,-1848,1106,14798,-212,36,-118,0,-68.8
4456,20:11:09:907,2,Moderate_Damage,L2_S3,-1852,1110,14892,-224,34,-123,0,25.2
4457,20:11:09:917,2,Moderate_Damage,L2_S3,-1806,1104,14834,-219,36,-127,0,-32.8
4458,20:11:09:927,2,Moderate_Damage,L2_S3,-1782,1106,14876,-221,27,-123,0,9.2
4459,20:11:09:937,2,Moderate_Damage,L2_S3,-1854,1118,14806,-206,26,-119,0,-60.8
4460,20:11:09:947,2,Moderate_Damage,L2_S3,-1768,1102,14822,-208,29,-122,0,-44.8
4461,20:11:09:957,2,Moderate_Damage,L2_S3,-1802,1112,14856,-192,33,-118,0,-10.8
4462,20:11:09:967,2,Moderate_Damage,L2_S3,-1804,1164,14804,-189,25,-114,0,-62.8
4463,20:11:09:977,2,Moderate_Damage,L2_S3,-1824,1092,14912,-183,28,-117,0,45.2
4464,20:11:09:987,2,Moderate_Damage,L2_S3,-1848,1100,14842,-172,29,-118,0,-24.8
4465,20:11:09:997,2,Moderate_Damage,L2_S3,-1824,1094,14850,-163,39,-119,0,-16.8
4466,20:11:10:007,2,Moderate_Damage,L2_S3,-1844,1134,14888,-163,35,-119,0,21.2
4467,20:11:10:017,2,Moderate_Damage,L2_S3,-1782,1098,14876,-160,38,-116,0,9.2
4468,20:11:10:027,2,Moderate_Damage,L2_S3,-1784,1130,14928,-163,30,-118,0,61.2
4469,20:11:10:037,2,Moderate_Damage,L2_S3,-1794,1138,14922,-176,33,-115,0,55.2
4470,20:11:10:047,2,Moderate_Damage,L2_S3,-1786,1120,14840,-176,38,-119,0,-26.8
4471,20:11:10:057,2,Moderate_Damage,L2_S3,-1832,1122,14856,-187,33,-118,0,-10.8
4472,20:11:10:067,2,Moderate_Damage,L2_S3,-1816,1070,14888,-192,30,-120,0,21.2
4473,20:11:10:077,2,Moderate_Damage,L2_S3,-1836,1140,14904,-204,36,-121,0,37.2
4474,20:11:10:087,2,Moderate_Damage,L2_S3,-1850,1122,14874,-208,30,-112,0,7.2
4475,20:11:10:097,2,Moderate_Damage,L2_S3,-1806,1106,14862,-211,38,-122,0,-4.8
4476,20:11:10:107,2,Moderate_Damage,L2_S3,-1776,1146,14892,-216,27,-117,0,25.2
4477,20:11:10:117,2,Moderate_Damage,L2_S3,-1834,1100,14874,-220,36,-119,0,7.2
4478,20:11:10:127,2,Moderate_Damage,L2_S3,-1780,1082,14930,-218,27,-121,0,63.2
4479,20:11:10:137,2,Moderate_Damage,L2_S3,-1798,1108,14834,-213,37,-118,0,-32.8
4480,20:11:10:147,2,Moderate_Damage,L2_S3,-1786,1124,14862,-202,31,-121,0,-4.8
4481,20:11:10:157,2,Moderate_Damage,L2_S3,-1808,1124,14892,-203,27,-118,0,25.2
4482,20:11:10:167,2,Moderate_Damage,L2_S3,-1824,1132,14786,-194,28,-113,0,-80.8
4483,20:11:10:177,2,Moderate_Damage,L2_S3,-1794,1090,14840,-181,25,-118,0,-26.8
4484,20:11:10:187,2,Moderate_Damage,L2_S3,-1832,1124,14766,-173,25,-110,0,-100.8
4485,20:11:10:197,2,Moderate_Damage,L2_S3,-1818,1126,14904,-169,24,-115,0,37.2
4486,20:11:10:207,2,Moderate_Damage,L2_S3,-1832,1136,14874,-168,30,-105,0,7.2
4487,20:11:10:217,2,Moderate_Damage,L2_S3,-1836,1126,14846,-174,31,-110,0,-20.8
4488,20:11:10:227,2,Moderate_Damage,L2_S3,-1820,1056,14896,-172,36,-112,0,29.2
4489,20:11:10:237,2,Moderate_Damage,L2_S3,-1804,1096,14836,-180,30,-112,0,-30.8
4490,20:11:10:247,2,Moderate_Damage,L2_S3,-1804,1154,14922,-181,32,-116,0,55.2
4491,20:11:10:257,2,Moderate_Damage,L2_S3,-1858,1154,14898,-182,36,-115,0,31.2
4492,20:11:10:267,2,Moderate_Damage,L2_S3,-1802,1118,14908,-200,31,-116,0,41.2
4493,20:11:10:277,2,Moderate_Damage,L2_S3,-1832,1128,14874,-203,31,-116,0,7.2
4494,20:11:10:287,2,Moderate_Damage,L2_S3,-1832,1096,14880,-212,34,-118,0,13.2
4495,20:11:10:297,2,Moderate_Damage,L2_S3,-1854,1108,14894,-217,28,-115,0,27.2
4496,20:11:10:307,2,Moderate_Damage,L2_S3,-1810,1120,14888,-213,35,-126,0,21.2
4497,20:11:10:317,2,Moderate_Damage,L2_S3,-1766,1060,14784,-220,28,-127,0,-82.8
4498,20:11:10:327,2,Moderate_Damage,L2_S3,-1804,1116,14862,-218,30,-129,0,-4.8
4499,20:11:10:337,2,Moderate_Damage,L2_S3,-1840,1094,14822,-207,28,-116,0,-44.8
4500,20:11:10:347,2,Moderate_Damage,L2_S3,-1796,1132,14828,-203,29,-124,0,-38.8
4501,20:11:10:357,2,Moderate_Damage,L2_S3,-1800,1122,14890,-193,31,-121,0,23.2
4502,20:11:10:367,2,Moderate_Damage,L2_S3,-1792,1120,14752,-193,27,-120,0,-114.8
4503,20:11:10:377,2,Moderate_Damage,L2_S3,-1796,1174,14822,-181,33,-116,0,-44.8
4504,20:11:10:387,2,Moderate_Damage,L2_S3,-1762,1056,14862,-179,33,-116,0,-4.8
4505,20:11:10:397,2,Moderate_Damage,L2_S3,-1844,1160,14782,-177,30,-113,0,-84.8
4506,20:11:10:407,2,Moderate_Damage,L2_S3,-1810,1062,14836,-175,31,-121,0,-30.8
4507,20:11:10:417,2,Moderate_Damage,L2_S3,-1842,1120,14904,-170,34,-116,0,37.2
4508,20:11:10:427,2,Moderate_Damage,L2_S3,-1788,1154,14804,-171,30,-117,0,-62.8
4509,20:11:10:437,2,Moderate_Damage,L2_S3,-1782,1170,14862,-180,38,-123,0,-4.8
4510,20:11:10:447,2,Moderate_Damage,L2_S3,-1862,1120,14790,-184,31,-115,0,-76.8
4511,20:11:10:457,2,Moderate_Damage,L2_S3,-1812,1124,14862,-190,33,-122,0,-4.8
4512,20:11:10:467,2,Moderate_Damage,L2_S3,-1858,1136,14884,-192,26,-125,0,17.2
4513,20:11:10:477,2,Moderate_Damage,L2_S3,-1770,1118,14854,-193,39,-117,0,-12.8
4514,20:11:10:487,2,Moderate_Damage,L2_S3,-1806,1134,14794,-204,33,-122,0,-72.8
4515,20:11:10:497,2,Moderate_Damage,L2_S3,-1824,1152,14868,-214,26,-122,0,1.2
4516,20:11:10:507,2,Moderate_Damage,L2_S3,-1808,1110,14922,-211,26,-119,0,55.2
4517,20:11:10:517,2,Moderate_Damage,L2_S3,-1826,1070,14852,-209,33,-116,0,-14.8
4518,20:11:10:527,2,Moderate_Damage,L2_S3,-1820,1146,14824,-206,33,-115,0,-42.8
4519,20:11:10:537,2,Moderate_Damage,L2_S3,-1804,1094,14858,-206,31,-125,0,-8.8
4520,20:11:10:547,2,Moderate_Damage,L2_S3,-1826,1174,14820,-203,28,-120,0,-46.8
4521,20:11:10:557,2,Moderate_Damage,L2_S3,-1836,1164,14852,-195,33,-126,0,-14.8
4522,20:11:10:567,2,Moderate_Damage,L2_S3,-1780,1134,14888,-188,26,-120,0,21.2
4523,20:11:10:577,2,Moderate_Damage,L2_S3,-1808,1132,14882,-184,37,-122,0,15.2
4524,20:11:10:587,2,Moderate_Damage,L2_S3,-1756,1148,14880,-182,26,-120,0,13.2
4525,20:11:10:597,2,Moderate_Damage,L2_S3,-1806,1168,14814,-178,29,-114,0,-52.8
4526,20:11:10:607,2,Moderate_Damage,L2_S3,-1822,1122,14822,-166,34,-114,0,-44.8
4527,20:11:10:617,2,Moderate_Damage,L2_S3,-1784,1108,14802,-168,29,-112,0,-64.8
4528,20:11:10:627,2,Moderate_Damage,L2_S3,-1862,1126,14854,-172,34,-105,0,-12.8
4529,20:11:10:637,2,Moderate_Damage,L2_S3,-1798,1152,14846,-176,28,-112,0,-20.8
4530,20:11:10:647,2,Moderate_Damage,L2_S3,-1782,1104,14864,-177,34,-125,0,-2.8
4531,20:11:10:657,2,Moderate_Damage,L2_S3,-1868,1120,14906,-188,24,-122,0,39.2
4532,20:11:10:667,2,Moderate_Damage,L2_S3,-1796,1084,14900,-189,33,-114,0,33.2
4533,20:11:10:677,2,Moderate_Damage,L2_S3,-1804,1120,14908,-197,27,-117,0,41.2
4534,20:11:10:687,2,Moderate_Damage,L2_S3,-1874,1150,14924,-204,36,-115,0,57.2
4535,20:11:10:697,2,Moderate_Damage,L2_S3,-1760,1126,14862,-217,31,-119,0,-4.8
4536,20:11:10:707,2,Moderate_Damage,L2_S3,-1796,1114,14860,-211,28,-123,0,-6.8
4537,20:11:10:717,2,Moderate_Damage,L2_S3,-1808,1096,14886,-210,32,-121,0,19.2
4538,20:11:10:727,2,Moderate_Damage,L2_S3,-1778,1066,14826,-208,27,-122,0,-40.8
4539,20:11:10:737,2,Moderate_Damage,L2_S3,-1840,1124,14830,-207,28,-118,0,-36.8
4540,20:11:10:747,2,Moderate_Damage,L2_S3,-1826,1112,14864,-200,34,-122,0,-2.8
4541,20:11:10:757,2,Moderate_Damage,L2_S3,-1856,1104,14826,-202,28,-118,0,-40.8
4542,20:11:10:767,2,Moderate_Damage,L2_S3,-1754,1130,14858,-188,30,-116,0,-8.8
4543,20:11:10:777,2,Moderate_Damage,L2_S3,-1842,1066,14880,-183,33,-113,0,13.2
4544,20:11:10:787,2,Moderate_Damage,L2_S3,-1826,1102,14850,-180,28,-118,0,-16.8
4545,20:11:10:797,2,Moderate_Damage,L2_S3,-1796,1150,14878,-165,42,-118,0,11.2
4546,20:11:10:807,2,Moderate_Damage,L2_S3,-1852,1112,14850,-172,28,-113,0,-16.8
4547,20:11:10:817,2,Moderate_Damage,L2_S3,-1802,1142,14832,-170,30,-123,0,-34.8
4548,20:11:10:827,2,Moderate_Damage,L2_S3,-1822,1156,14826,-171,28,-114,0,-40.8
4549,20:11:10:837,2,Moderate_Damage,L2_S3,-1780,1118,14866,-178,25,-112,0,-0.8
4550,20:11:10:847,2,Moderate_Damage,L2_S3,-1804,1120,14880,-180,27,-119,0,13.2
4551,20:11:10:857,2,Moderate_Damage,L2_S3,-1828,1124,14800,-191,24,-112,0,-66.8
4552,20:11:10:867,2,Moderate_Damage,L2_S3,-1778,1114,14924,-189,34,-114,0,57.2
4553,20:11:10:877,2,Moderate_Damage,L2_S3,-1844,1160,14874,-195,21,-114,0,7.2
4554,20:11:10:887,2,Moderate_Damage,L2_S3,-1782,1104,14862,-202,31,-124,0,-4.8
4555,20:11:10:897,2,Moderate_Damage,L2_S3,-1820,1122,14920,-205,29,-126,0,53.2
4556,20:11:10:907,2,Moderate_Damage,L2_S3,-1812,1116,14876,-216,19,-121,0,9.2
4557,20:11:10:917,2,Moderate_Damage,L2_S3,-1800,1138,14858,-206,39,-128,0,-8.8
4558,20:11:10:927,2,Moderate_Damage,L2_S3,-1822,1122,14862,-206,34,-122,0,-4.8
4559,20:11:10:937,2,Moderate_Damage,L2_S3,-1846,1110,14842,-205,38,-114,0,-24.8
4560,20:11:10:947,2,Moderate_Damage,L2_S3,-1830,1068,14898,-203,28,-124,0,31.2
4561,20:11:10:957,2,Moderate_Damage,L2_S3,-1828,1088,14868,-196,25,-119,0,1.2
4562,20:11:10:967,2,Moderate_Damage,L2_S3,-1810,1130,14874,-192,32,-122,0,7.2
4563,20:11:10:977,2,Moderate_Damage,L2_S3,-1812,1136,14904,-190,30,-121,0,37.2
4564,20:11:10:987,2,Moderate_Damage,L2_S3,-1832,1118,14880,-185,33,-118,0,13.2
4565,20:11:10:997,2,Moderate_Damage,L2_S3,-1772,1152,14872,-177,33,-118,0,5.2
4566,20:11:11:007,2,Moderate_Damage,L2_S3,-1826,1110,14870,-179,24,-109,0,3.2
4567,20:11:11:017,2,Moderate_Damage,L2_S3,-1800,1092,14870,-175,31,-109,0,3.2
4568,20:11:11:027,2,Moderate_Damage,L2_S3,-1774,1092,14934,-179,28,-121,0,67.2
4569,20:11:11:037,2,Moderate_Damage,L2_S3,-1826,1126,14922,-180,33,-121,0,55.2
4570,20:11:11:047,2,Moderate_Damage,L2_S3,-1802,1138,14888,-182,31,-120,0,21.2
4571,20:11:11:057,2,Moderate_Damage,L2_S3,-1812,1096,14888,-185,27,-119,0,21.2
4572,20:11:11:067,2,Moderate_Damage,L2_S3,-1806,1140,14934,-185,21,-114,0,67.2
4573,20:11:11:077,2,Moderate_Damage,L2_S3,-1810,1162,14840,-192,35,-116,0,-26.8
4574,20:11:11:087,2,Moderate_Damage,L2_S3,-1818,1122,14864,-202,30,-114,0,-2.8
4575,20:11:11:097,2,Moderate_Damage,L2_S3,-1802,1082,14854,-207,27,-112,0,-12.8
4576,20:11:11:107,2,Moderate_Damage,L2_S3,-1782,1118,14812,-207,37,-115,0,-54.8
4577,20:11:11:117,2,Moderate_Damage,L2_S3,-1816,1158,14876,-209,29,-114,0,9.2
4578,20:11:11:127,2,Moderate_Damage,L2_S3,-1778,1086,14856,-201,33,-127,0,-10.8
4579,20:11:11:137,2,Moderate_Damage,L2_S3,-1832,1098,14816,-202,25,-116,0,-50.8
4580,20:11:11:147,2,Moderate_Damage,L2_S3,-1816,1108,14826,-201,31,-116,0,-40.8
4581,20:11:11:157,2,Moderate_Damage,L2_S3,-1836,1092,14868,-187,27,-119,0,1.2
4582,20:11:11:167,2,Moderate_Damage,L2_S3,-1772,1138,14838,-188,26,-115,0,-28.8
4583,20:11:11:177,2,Moderate_Damage,L2_S3,-1788,1130,14836,-184,34,-115,0,-30.8
4584,20:11:11:187,2,Moderate_Damage,L2_S3,-1786,1078,14910,-180,30,-122,0,43.2
4585,20:11:11:197,2,Moderate_Damage,L2_S3,-1730,1116,14882,-178,28,-123,0,15.2
4586,20:11:11:207,2,Moderate_Damage,L2_S3,-1808,1064,14860,-185,24,-115,0,-6.8
4587,20:11:11:218,2,Moderate_Damage,L2_S3,-1794,1094,14822,-179,37,-118,0,-44.8
4588,20:11:11:227,2,Moderate_Damage,L2_S3,-1832,1150,14854,-178,25,-109,0,-12.8
4589,20:11:11:237,2,Moderate_Damage,L2_S3,-1842,1162,14874,-178,26,-114,0,7.2
4590,20:11:11:247,2,Moderate_Damage,L2_S3,-1806,1134,14912,-187,24,-117,0,45.2
4591,20:11:11:257,2,Moderate_Damage,L2_S3,-1816,1196,14852,-195,27,-109,0,-14.8
4592,20:11:11:267,2,Moderate_Damage,L2_S3,-1834,1152,14894,-197,30,-112,0,27.2
4593,20:11:11:278,2,Moderate_Damage,L2_S3,-1782,1148,14890,-204,35,-116,0,23.2
4594,20:11:11:287,2,Moderate_Damage,L2_S3,-1812,1126,14870,-211,27,-119,0,3.2
4595,20:11:11:297,2,Moderate_Damage,L2_S3,-1760,1090,14858,-205,32,-119,0,-8.8
4596,20:11:11:307,2,Moderate_Damage,L2_S3,-1826,1158,14804,-207,23,-115,0,-62.8
4597,20:11:11:317,2,Moderate_Damage,L2_S3,-1808,1110,14904,-206,25,-119,0,37.2
4598,20:11:11:327,2,Moderate_Damage,L2_S3,-1782,1092,14808,-203,29,-112,0,-58.8
4599,20:11:11:337,2,Moderate_Damage,L2_S3,-1826,1122,14830,-210,31,-112,0,-36.8
4600,20:11:11:347,2,Moderate_Damage,L2_S3,-1798,1126,14780,-202,34,-119,0,-86.8
4601,20:11:11:357,2,Moderate_Damage,L2_S3,-1768,1136,14910,-197,28,-116,0,43.2
4602,20:11:11:367,2,Moderate_Damage,L2_S3,-1798,1150,14852,-188,31,-111,0,-14.8
4603,20:11:11:377,2,Moderate_Damage,L2_S3,-1798,1146,14856,-188,29,-117,0,-10.8
4604,20:11:11:387,2,Moderate_Damage,L2_S3,-1818,1076,14860,-180,26,-112,0,-6.8
4605,20:11:11:397,2,Moderate_Damage,L2_S3,-1772,1112,14924,-185,26,-117,0,57.2
4606,20:11:11:407,2,Moderate_Damage,L2_S3,-1796,1102,14834,-180,29,-111,0,-32.8
4607,20:11:11:417,2,Moderate_Damage,L2_S3,-1822,1098,14842,-177,23,-111,0,-24.8
4608,20:11:11:427,2,Moderate_Damage,L2_S3,-1792,1120,14836,-174,31,-118,0,-30.8
4609,20:11:11:437,2,Moderate_Damage,L2_S3,-1784,1112,14892,-176,34,-118,0,25.2
4610,20:11:11:447,2,Moderate_Damage,L2_S3,-1816,1106,14890,-191,32,-120,0,23.2
4611,20:11:11:458,2,Moderate_Damage,L2_S3,-1810,1154,14866,-187,26,-118,0,-0.8
4612,20:11:11:468,2,Moderate_Damage,L2_S3,-1892,1082,14912,-189,31,-115,0,45.2
4613,20:11:11:478,2,Moderate_Damage,L2_S3,-1816,1108,14926,-199,26,-117,0,59.2
4614,20:11:11:488,2,Moderate_Damage,L2_S3,-1824,1146,14826,-201,30,-119,0,-40.8
4615,20:11:11:497,2,Moderate_Damage,L2_S3,-1870,1170,14858,-207,26,-123,0,-8.8
4616,20:11:11:507,2,Moderate_Damage,L2_S3,-1776,1096,14944,-207,33,-128,0,77.2
4617,20:11:11:518,2,Moderate_Damage,L2_S3,-1828,1124,14900,-211,21,-122,0,33.2
4618,20:11:11:527,2,Moderate_Damage,L2_S3,-1816,1076,14870,-203,36,-117,0,3.2
4619,20:11:11:537,2,Moderate_Damage,L2_S3,-1848,1088,14852,-200,23,-116,0,-14.8
4620,20:11:11:548,2,Moderate_Damage,L2_S3,-1808,1120,14800,-187,35,-121,0,-66.8
4621,20:11:11:557,2,Moderate_Damage,L2_S3,-1850,1068,14854,-195,29,-116,0,-12.8
4622,20:11:11:567,2,Moderate_Damage,L2_S3,-1826,1080,14856,-182,29,-119,0,-10.8
4623,20:11:11:577,2,Moderate_Damage,L2_S3,-1822,1074,14876,-186,27,-115,0,9.2
4624,20:11:11:588,2,Moderate_Damage,L2_S3,-1800,1132,14812,-175,29,-118,0,-54.8
4625,20:11:11:598,2,Moderate_Damage,L2_S3,-1804,1096,14844,-185,29,-123,0,-22.8
4626,20:11:11:607,2,Moderate_Damage,L2_S3,-1838,1082,14884,-178,23,-119,0,17.2
4627,20:11:11:617,2,Moderate_Damage,L2_S3,-1808,1096,14936,-179,29,-116,0,69.2
4628,20:11:11:627,2,Moderate_Damage,L2_S3,-1812,1110,14836,-180,23,-113,0,-30.8
4629,20:11:11:638,2,Moderate_Damage,L2_S3,-1810,1132,14804,-185,32,-111,0,-62.8
4630,20:11:11:647,2,Moderate_Damage,L2_S3,-1860,1118,14906,-184,26,-117,0,39.2
4631,20:11:11:657,2,Moderate_Damage,L2_S3,-1786,1138,14904,-190,30,-119,0,37.2
4632,20:11:11:668,2,Moderate_Damage,L2_S3,-1826,1134,14868,-188,28,-114,0,1.2
4633,20:11:11:677,2,Moderate_Damage,L2_S3,-1820,1100,14892,-200,28,-118,0,25.2
4634,20:11:11:687,2,Moderate_Damage,L2_S3,-1772,1114,14874,-194,34,-112,0,7.2
4635,20:11:11:698,2,Moderate_Damage,L2_S3,-1878,1080,14890,-200,35,-119,0,23.2
4636,20:11:11:708,2,Moderate_Damage,L2_S3,-1738,1130,14908,-206,24,-120,0,41.2
4637,20:11:11:717,2,Moderate_Damage,L2_S3,-1842,1180,14860,-200,36,-119,0,-6.8
4638,20:11:11:729,2,Moderate_Damage,L2_S3,-1814,1152,14866,-207,27,-116,0,-0.8
4639,20:11:11:738,2,Moderate_Damage,L2_S3,-1774,1166,14800,-200,28,-115,0,-66.8
4640,20:11:11:748,2,Moderate_Damage,L2_S3,-1850,1132,14808,-198,37,-120,0,-58.8
4641,20:11:11:758,2,Moderate_Damage,L2_S3,-1778,1104,14858,-199,28,-118,0,-8.8
4642,20:11:11:768,2,Moderate_Damage,L2_S3,-1820,1104,14856,-190,31,-117,0,-10.8
4643,20:11:11:778,2,Moderate_Damage,L2_S3,-1844,1156,14872,-189,28,-116,0,5.2
4644,20:11:11:788,2,Moderate_Damage,L2_S3,-1812,1068,14878,-183,27,-118,0,11.2
4645,20:11:11:798,2,Moderate_Damage,L2_S3,-1832,1092,14874,-182,25,-114,0,7.2
4646,20:11:11:808,2,Moderate_Damage,L2_S3,-1838,1086,14812,-175,30,-111,0,-54.8
4647,20:11:11:818,2,Moderate_Damage,L2_S3,-1840,1126,14834,-179,22,-111,0,-32.8
4648,20:11:11:828,2,Moderate_Damage,L2_S3,-1800,1126,14884,-178,23,-115,0,17.2
4649,20:11:11:838,2,Moderate_Damage,L2_S3,-1824,1110,14840,-184,29,-112,0,-26.8
4650,20:11:11:848,2,Moderate_Damage,L2_S3,-1790,1100,14880,-192,27,-109,0,13.2
4651,20:11:11:858,2,Moderate_Damage,L2_S3,-1808,1104,14904,-192,24,-115,0,37.2
4652,20:11:11:868,2,Moderate_Damage,L2_S3,-1762,1106,14928,-200,35,-118,0,61.2
4653,20:11:11:878,2,Moderate_Damage,L2_S3,-1832,1098,14824,-200,27,-121,0,-42.8
4654,20:11:11:888,2,Moderate_Damage,L2_S3,-1828,1088,14812,-200,24,-114,0,-54.8
4655,20:11:11:898,2,Moderate_Damage,L2_S3,-1794,1152,14814,-203,21,-116,0,-52.8
4656,20:11:11:908,2,Moderate_Damage,L2_S3,-1802,1074,14868,-206,24,-117,0,1.2
4657,20:11:11:918,2,Moderate_Damage,L2_S3,-1798,1086,14876,-209,22,-116,0,9.2
4658,20:11:11:928,2,Moderate_Damage,L2_S3,-1804,1118,14882,-203,27,-121,0,15.2
4659,20:11:11:938,2,Moderate_Damage,L2_S3,-1804,1094,14872,-193,31,-124,0,5.2
4660,20:11:11:948,2,Moderate_Damage,L2_S3,-1766,1102,14876,-200,36,-118,0,9.2
4661,20:11:11:958,2,Moderate_Damage,L2_S3,-1866,1118,14918,-196,27,-114,0,51.2
4662,20:11:11:968,2,Moderate_Damage,L2_S3,-1814,1104,14844,-191,34,-117,0,-22.8
4663,20:11:11:978,2,Moderate_Damage,L2_S3,-1838,1092,14810,-192,36,-116,0,-56.8
4664,20:11:11:988,2,Moderate_Damage,L2_S3,-1822,1126,14800,-188,26,-125,0,-66.8
4665,20:11:11:998,2,Moderate_Damage,L2_S3,-1796,1126,14836,-187,28,-118,0,-30.8
4666,20:11:12:008,2,Moderate_Damage,L2_S3,-1796,1114,14872,-183,26,-118,0,5.2
4667,20:11:12:018,2,Moderate_Damage,L2_S3,-1816,1140,14882,-175,26,-114,0,15.2
4668,20:11:12:028,2,Moderate_Damage,L2_S3,-1830,1100,14884,-181,34,-118,0,17.2
4669,20:11:12:038,2,Moderate_Damage,L2_S3,-1810,1066,14824,-191,23,-117,0,-42.8
4670,20:11:12:048,2,Moderate_Damage,L2_S3,-1806,1128,14838,-189,33,-111,0,-28.8
4671,20:11:12:058,2,Moderate_Damage,L2_S3,-1842,1138,14880,-189,32,-122,0,13.2
4672,20:11:12:068,2,Moderate_Damage,L2_S3,-1812,1086,14850,-185,35,-125,0,-16.8
4673,20:11:12:078,2,Moderate_Damage,L2_S3,-1794,1132,14828,-191,30,-119,0,-38.8
4674,20:11:12:088,2,Moderate_Damage,L2_S3,-1838,1154,14846,-192,35,-123,0,-20.8
4675,20:11:12:098,2,Moderate_Damage,L2_S3,-1844,1092,14814,-197,33,-128,0,-52.8
4676,20:11:12:108,2,Moderate_Damage,L2_S3,-1794,1164,14862,-207,31,-126,0,-4.8
4677,20:11:12:118,2,Moderate_Damage,L2_S3,-1816,1152,14852,-203,30,-121,0,-14.8
4678,20:11:12:128,2,Moderate_Damage,L2_S3,-1806,1102,14814,-201,30,-124,0,-52.8
4679,20:11:12:138,2,Moderate_Damage,L2_S3,-1814,1076,14816,-194,27,-116,0,-50.8
4680,20:11:12:148,2,Moderate_Damage,L2_S3,-1768,1120,14856,-200,30,-123,0,-10.8
4681,20:11:12:158,2,Moderate_Damage,L2_S3,-1866,1126,14864,-193,34,-114,0,-2.8
4682,20:11:12:168,2,Moderate_Damage,L2_S3,-1790,1112,14832,-195,26,-109,0,-34.8
4683,20:11:12:178,2,Moderate_Damage,L2_S3,-1812,1132,14838,-186,37,-113,0,-28.8
4684,20:11:12:188,2,Moderate_Damage,L2_S3,-1826,1122,14900,-190,24,-115,0,33.2
4685,20:11:12:198,2,Moderate_Damage,L2_S3,-1830,1118,14868,-175,30,-114,0,1.2
4686,20:11:12:208,2,Moderate_Damage,L2_S3,-1816,1128,14876,-183,24,-117,0,9.2
4687,20:11:12:218,2,Moderate_Damage,L2_S3,-1840,1094,14868,-177,28,-116,0,1.2
4688,20:11:12:228,2,Moderate_Damage,L2_S3,-1824,1102,14930,-190,31,-120,0,63.2
4689,20:11:12:238,2,Moderate_Damage,L2_S3,-1802,1098,14894,-188,26,-114,0,27.2
4690,20:11:12:248,2,Moderate_Damage,L2_S3,-1800,1138,14934,-188,31,-113,0,67.2
4691,20:11:12:258,2,Moderate_Damage,L2_S3,-1784,1094,14870,-192,33,-119,0,3.2
4692,20:11:12:268,2,Moderate_Damage,L2_S3,-1808,1126,14908,-198,29,-119,0,41.2
4693,20:11:12:278,2,Moderate_Damage,L2_S3,-1800,1098,14860,-194,31,-119,0,-6.8
4694,20:11:12:288,2,Moderate_Damage,L2_S3,-1854,1134,14816,-200,26,-111,0,-50.8
4695,20:11:12:298,2,Moderate_Damage,L2_S3,-1764,1140,14906,-198,28,-117,0,39.2
4696,20:11:12:308,2,Moderate_Damage,L2_S3,-1820,1080,14864,-194,22,-122,0,-2.8
4697,20:11:12:318,2,Moderate_Damage,L2_S3,-1796,1106,14904,-202,31,-120,0,37.2
4698,20:11:12:328,2,Moderate_Damage,L2_S3,-1780,1138,14858,-202,31,-119,0,-8.8
4699,20:11:12:338,2,Moderate_Damage,L2_S3,-1824,1132,14794,-196,31,-117,0,-72.8
4700,20:11:12:348,2,Moderate_Damage,L2_S3,-1808,1102,14858,-197,32,-123,0,-8.8
4701,20:11:12:358,2,Moderate_Damage,L2_S3,-1796,1114,14924,-196,26,-119,0,57.2
4702,20:11:12:368,2,Moderate_Damage,L2_S3,-1798,1108,14856,-185,31,-111,0,-10.8
4703,20:11:12:378,2,Moderate_Damage,L2_S3,-1820,1104,14882,-194,36,-117,0,15.2
4704,20:11:12:388,2,Moderate_Damage,L2_S3,-1802,1088,14822,-185,22,-116,0,-44.8
4705,20:11:12:398,2,Moderate_Damage,L2_S3,-1812,1166,14848,-181,36,-119,0,-18.8
4706,20:11:12:408,2,Moderate_Damage,L2_S3,-1794,1102,14878,-181,15,-118,0,11.2
4707,20:11:12:418,2,Moderate_Damage,L2_S3,-1848,1128,14824,-186,30,-113,0,-42.8
4708,20:11:12:428,2,Moderate_Damage,L2_S3,-1832,1126,14850,-179,29,-115,0,-16.8
4709,20:11:12:438,2,Moderate_Damage,L2_S3,-1878,1120,14886,-182,28,-123,0,19.2
4710,20:11:12:448,2,Moderate_Damage,L2_S3,-1824,1132,14850,-189,27,-126,0,-16.8
4711,20:11:12:458,2,Moderate_Damage,L2_S3,-1850,1068,14786,-188,29,-113,0,-80.8
4712,20:11:12:468,2,Moderate_Damage,L2_S3,-1848,1092,14844,-193,33,-120,0,-22.8
4713,20:11:12:478,2,Moderate_Damage,L2_S3,-1788,1130,14842,-202,24,-117,0,-24.8
4714,20:11:12:488,2,Moderate_Damage,L2_S3,-1826,1130,14842,-198,33,-121,0,-24.8
4715,20:11:12:498,2,Moderate_Damage,L2_S3,-1810,1102,14868,-208,33,-118,0,1.2
4716,20:11:12:508,2,Moderate_Damage,L2_S3,-1818,1154,14856,-204,22,-121,0,-10.8
4717,20:11:12:518,2,Moderate_Damage,L2_S3,-1792,1128,14882,-202,32,-114,0,15.2
4718,20:11:12:528,2,Moderate_Damage,L2_S3,-1822,1152,14856,-202,23,-117,0,-10.8
4719,20:11:12:538,2,Moderate_Damage,L2_S3,-1828,1096,14826,-199,30,-115,0,-40.8
4720,20:11:12:548,2,Moderate_Damage,L2_S3,-1794,1090,14856,-193,28,-123,0,-10.8
4721,20:11:12:558,2,Moderate_Damage,L2_S3,-1842,1096,14888,-190,21,-118,0,21.2
4722,20:11:12:568,2,Moderate_Damage,L2_S3,-1744,1098,14854,-190,38,-116,0,-12.8
4723,20:11:12:578,2,Moderate_Damage,L2_S3,-1850,1112,14878,-188,20,-109,0,11.2
4724,20:11:12:588,2,Moderate_Damage,L2_S3,-1832,1088,14900,-189,28,-121,0,33.2
4725,20:11:12:598,2,Moderate_Damage,L2_S3,-1808,1076,14864,-180,25,-118,0,-2.8
4726,20:11:12:608,2,Moderate_Damage,L2_S3,-1848,1126,14872,-186,24,-117,0,5.2
4727,20:11:12:618,2,Moderate_Damage,L2_S3,-1790,1114,14818,-179,27,-123,0,-48.8
4728,20:11:12:628,2,Moderate_Damage,L2_S3,-1880,1114,14874,-191,17,-111,0,7.2
4729,20:11:12:638,2,Moderate_Damage,L2_S3,-1806,1126,14884,-184,40,-115,0,17.2
4730,20:11:12:648,2,Moderate_Damage,L2_S3,-1822,1134,14834,-189,22,-112,0,-32.8
4731,20:11:12:658,2,Moderate_Damage,L2_S3,-1860,1094,14824,-188,29,-119,0,-42.8
4732,20:11:12:668,2,Moderate_Damage,L2_S3,-1840,1080,14848,-196,27,-119,0,-18.8
4733,20:11:12:678,2,Moderate_Damage,L2_S3,-1900,1162,14816,-195,25,-114,0,-50.8
4734,20:11:12:688,2,Moderate_Damage,L2_S3,-1764,1126,14848,-195,37,-118,0,-18.8
4735,20:11:12:698,2,Moderate_Damage,L2_S3,-1858,1118,14862,-200,20,-112,0,-4.8
4736,20:11:12:708,2,Moderate_Damage,L2_S3,-1792,1122,14902,-197,33,-122,0,35.2
4737,20:11:12:718,2,Moderate_Damage,L2_S3,-1788,1124,14866,-199,29,-127,0,-0.8
4738,20:11:12:728,2,Moderate_Damage,L2_S3,-1824,1134,14828,-198,14,-114,0,-38.8
4739,20:11:12:738,2,Moderate_Damage,L2_S3,-1796,1134,14912,-198,31,-124,0,45.2
4740,20:11:12:748,2,Moderate_Damage,L2_S3,-1842,1112,14862,-198,22,-117,0,-4.8
4741,20:11:12:758,2,Moderate_Damage,L2_S3,-1786,1170,14926,-196,38,-121,0,59.2
4742,20:11:12:768,2,Moderate_Damage,L2_S3,-1834,1118,14836,-191,19,-110,0,-30.8
4743,20:11:12:778,2,Moderate_Damage,L2_S3,-1806,1102,14796,-194,30,-115,0,-70.8
4744,20:11:12:788,2,Moderate_Damage,L2_S3,-1786,1078,14862,-186,33,-117,0,-4.8
4745,20:11:12:798,2,Moderate_Damage,L2_S3,-1866,1120,14866,-189,22,-120,0,-0.8
4746,20:11:12:808,2,Moderate_Damage,L2_S3,-1786,1130,14874,-184,34,-124,0,7.2
4747,20:11:12:818,2,Moderate_Damage,L2_S3,-1792,1120,14670,-172,40,-115,0,-196.8
4748,20:11:12:828,2,Moderate_Damage,L2_S3,-1842,1124,14770,-108,60,-107,0,-96.8
4749,20:11:12:838,2,Moderate_Damage,L2_S3,-1878,1122,14912,-104,-1,-102,0,45.2
4750,20:11:12:848,2,Moderate_Damage,L2_S3,-1776,1110,14918,-82,38,-105,0,51.2
4751,20:11:12:858,2,Moderate_Damage,L2_S3,-1848,1118,14920,-98,39,-103,0,53.2
4752,20:11:12:868,2,Moderate_Damage,L2_S3,-1796,1074,14914,-138,20,-115,0,47.2
4753,20:11:12:878,2,Moderate_Damage,L2_S3,-1804,1178,14962,-166,45,-117,0,95.2
4754,20:11:12:888,2,Moderate_Damage,L2_S3,-1902,1108,14930,-214,15,-126,0,63.2
4755,20:11:12:898,2,Moderate_Damage,L2_S3,-1816,1154,14954,-233,38,-125,0,87.2
4756,20:11:12:908,2,Moderate_Damage,L2_S3,-1854,1162,14900,-267,27,-120,0,33.2
4757,20:11:12:918,2,Moderate_Damage,L2_S3,-1838,1092,14946,-286,25,-134,0,79.2
4758,20:11:12:928,2,Moderate_Damage,L2_S3,-1806,1104,14874,-289,26,-134,0,7.2
4759,20:11:12:938,2,Moderate_Damage,L2_S3,-1844,1090,14840,-289,13,-133,0,-26.8
4760,20:11:12:949,2,Moderate_Damage,L2_S3,20508,-12618,-32768,2883,-926,180,1,-47634.8
4761,20:11:12:958,2,Moderate_Damage,L2_S3,-8108,-7690,27254,7704,1054,1588,1,12387.2
4762,20:11:12:969,2,Moderate_Damage,L2_S3,-13740,11666,8496,18060,2705,2707,1,-6370.8
4763,20:11:12:978,2,Moderate_Damage,L2_S3,4350,-7330,32767,4650,-3941,848,1,17900.2
4764,20:11:12:988,2,Moderate_Damage,L2_S3,-12276,11548,15604,16167,2382,2800,1,737.2
4765,20:11:12:998,2,Moderate_Damage,L2_S3,6146,-4858,32767,-1669,-1107,-926,1,17900.2
4766,20:11:13:008,2,Moderate_Damage,L2_S3,-11484,12174,17212,5609,1544,1368,1,2345.2
4767,20:11:13:018,2,Moderate_Damage,L2_S3,-792,-2406,32767,-9208,-1808,-1873,1,17900.2
4768,20:11:13:028,2,Moderate_Damage,L2_S3,-6704,7902,19398,-5395,2681,-994,1,4531.2
4769,20:11:13:038,2,Moderate_Damage,L2_S3,692,1614,22502,-14811,-3970,-2115,1,7635.2
4770,20:11:13:049,2,Moderate_Damage,L2_S3,-4036,2306,18662,-13454,3245,-2686,1,3795.2
4771,20:11:13:059,2,Moderate_Damage,L2_S3,-2006,2636,10818,-16186,-2775,-2314,1,-4048.8
4772,20:11:13:068,2,Moderate_Damage,L2_S3,1230,-818,11078,-15452,392,-2734,1,-3788.8
4773,20:11:13:078,2,Moderate_Damage,L2_S3,-2420,1374,4332,-12757,8,-2136,1,-10534.8
4774,20:11:13:089,2,Moderate_Damage,L2_S3,-1546,-3028,4164,-11262,-918,-1747,1,-10702.8
4775,20:11:13:098,2,Moderate_Damage,L2_S3,4484,748,298,-5240,26,-1179,1,-14568.8
4776,20:11:13:108,2,Moderate_Damage,L2_S3,-3796,-3494,2486,-2942,-167,-223,1,-12380.8
4777,20:11:13:118,2,Moderate_Damage,L2_S3,2818,116,1732,3783,632,184,1,-13134.8
4778,20:11:13:128,2,Moderate_Damage,L2_S3,-1418,-1430,4752,6417,-689,1235,1,-10114.8
4779,20:11:13:138,2,Moderate_Damage,L2_S3,-420,460,7742,11147,1299,1477,1,-7124.8
4780,20:11:13:148,2,Moderate_Damage,L2_S3,-618,986,11198,13056,-144,2070,1,-3668.8
4781,20:11:13:158,2,Moderate_Damage,L2_S3,-2610,1680,15238,14480,355,2336,1,371.2
4782,20:11:13:168,2,Moderate_Damage,L2_S3,-1520,2926,19570,14541,1241,1987,1,4703.2
4783,20:11:13:178,2,Moderate_Damage,L2_S3,-4286,2996,22336,12722,-715,2278,1,7469.2
4784,20:11:13:188,2,Moderate_Damage,L2_S3,-2008,3840,25636,10432,1243,1275,1,10769.2
4785,20:11:13:198,2,Moderate_Damage,L2_S3,-4598,3546,27512,6536,73,1071,1,12645.2
4786,20:11:13:208,2,Moderate_Damage,L2_S3,-3828,4326,26944,2536,-418,451,1,12077.2
4787,20:11:13:218,2,Moderate_Damage,L2_S3,-2530,3790,27642,-2022,1113,-681,1,12775.2
4788,20:11:13:228,2,Moderate_Damage,L2_S3,-5024,3580,24634,-6081,-981,-791,1,9767.2
4789,20:11:13:238,2,Moderate_Damage,L2_S3,-2016,3380,22434,-9754,267,-1820,1,7567.2
4790,20:11:13:249,2,Moderate_Damage,L2_S3,-2560,2618,18954,-12396,-157,-2081,1,4087.2
4791,20:11:13:258,2,Moderate_Damage,L2_S3,-2782,1732,15042,-14039,-980,-2203,1,175.2
4792,20:11:13:268,2,Moderate_Damage,L2_S3,178,1248,11680,-14110,276,-2554,1,-3186.8
4793,20:11:13:278,2,Moderate_Damage,L2_S3,-2428,-40,7846,-13279,-1113,-1989,1,-7020.8
4794,20:11:13:289,2,Moderate_Damage,L2_S3,1188,-380,5592,-10803,137,-2015,1,-9274.8
4795,20:11:13:298,2,Moderate_Damage,L2_S3,-938,-1166,3186,-7796,-677,-1169,1,-11680.8
4796,20:11:13:308,2,Moderate_Damage,L2_S3,410,-1266,2678,-3764,135,-759,1,-12188.8
4797,20:11:13:318,2,Moderate_Damage,L2_S3,526,-1142,2962,374,-218,-26,1,-11904.8
4798,20:11:13:328,2,Moderate_Damage,L2_S3,-1282,-902,4272,4471,204,693,1,-10594.8
4799,20:11:13:338,2,Moderate_Damage,L2_S3,1074,-176,7040,8182,384,1060,1,-7826.8
4800,20:11:13:348,2,Moderate_Damage,L2_S3,-2606,456,9678,10851,-18,1827,1,-5188.8
4801,20:11:13:358,2,Moderate_Damage,L2_S3,-252,1446,13694,12752,883,1751,0,-1172.8
4802,20:11:13:368,2,Moderate_Damage,L2_S3,-2984,2058,16918,13177,-9,2158,0,2051.2
4803,20:11:13:378,2,Moderate_Damage,L2_S3,-2496,2756,20466,12497,538,1850,0,5599.2
4804,20:11:13:388,2,Moderate_Damage,L2_S3,-2690,3298,23378,10660,666,1555,1,8511.2
4805,20:11:13:398,2,Moderate_Damage,L2_S3,-4270,3504,25096,7690,-227,1294,0,10229.2
4806,20:11:13:408,2,Moderate_Damage,L2_S3,-2724,3674,26600,4246,851,407,0,11733.2
4807,20:11:13:418,2,Moderate_Damage,L2_S3,-4124,3728,26088,224,-201,58,0,11221.2
4808,20:11:13:428,2,Moderate_Damage,L2_S3,-3514,3488,25072,-3698,-12,-683,0,10205.2
4809,20:11:13:438,2,Moderate_Damage,L2_S3,-2554,3266,23078,-7157,450,-1353,0,8211.2
4810,20:11:13:449,2,Moderate_Damage,L2_S3,-3518,2696,19956,-10202,-768,-1576,0,5089.2
4811,20:11:13:458,2,Moderate_Damage,L2_S3,-1392,2148,17156,-12041,71,-2150,0,2289.2
4812,20:11:13:469,2,Moderate_Damage,L2_S3,-2076,1348,13328,-12849,-538,-2081,1,-1538.8
4813,20:11:13:478,2,Moderate_Damage,L2_S3,-1146,620,10230,-12525,-421,-2103,0,-4636.8
4814,20:11:13:488,2,Moderate_Damage,L2_S3,-128,-66,7492,-11013,-283,-1892,1,-7374.8
4815,20:11:13:498,2,Moderate_Damage,L2_S3,-1190,-716,5102,-8574,-483,-1358,1,-9764.8
4816,20:11:13:508,2,Moderate_Damage,L2_S3,932,-934,4256,-5263,-63,-1031,1,-10610.8
4817,20:11:13:518,2,Moderate_Damage,L2_S3,-1020,-1176,3700,-1658,-294,-237,0,-11166.8
4818,20:11:13:528,2,Moderate_Damage,L2_S3,612,-828,4772,2202,200,170,0,-10094.8
4819,20:11:13:538,2,Moderate_Damage,L2_S3,-908,-438,6324,5692,-27,889,0,-8542.8
4820,20:11:13:548,2,Moderate_Damage,L2_S3,-730,188,8926,8657,353,1259,0,-5940.8
4821,20:11:13:558,2,Moderate_Damage,L2_S3,-1042,940,11962,10759,308,1608,0,-2904.8
4822,20:11:13:568,2,Moderate_Damage,L2_S3,-2376,1582,15226,11760,227,1842,0,359.2
4823,20:11:13:578,2,Moderate_Damage,L2_S3,-1754,2336,18556,11768,646,1697,0,3689.2
4824,20:11:13:588,2,Moderate_Damage,L2_S3,-3322,2730,21112,10509,79,1683,0,6245.2
4825,20:11:13:598,2,Moderate_Damage,L2_S3,-2920,3198,23518,8418,548,1189,0,8651.2
4826,20:11:13:608,2,Moderate_Damage,L2_S3,-3342,3374,24840,5447,297,786,1,9973.2
4827,20:11:13:618,2,Moderate_Damage,L2_S3,-3776,3424,25188,2025,-14,289,0,10321.2
4828,20:11:13:628,2,Moderate_Damage,L2_S3,-2932,3424,24898,-1533,460,-427,0,10031.2
4829,20:11:13:638,2,Moderate_Damage,L2_S3,-3508,3150,23122,-4990,-215,-818,0,8255.2
4830,20:11:13:648,2,Moderate_Damage,L2_S3,-2684,2724,21094,-7883,39,-1400,0,6227.2
4831,20:11:13:659,2,Moderate_Damage,L2_S3,-2252,2212,18270,-10152,-176,-1735,1,3403.2
4832,20:11:13:669,2,Moderate_Damage,L2_S3,-2260,1656,15100,-11392,-506,-1860,0,233.2
4833,20:11:13:678,2,Moderate_Damage,L2_S3,-920,992,12250,-11591,-92,-2019,0,-2616.8
4834,20:11:13:688,2,Moderate_Damage,L2_S3,-1510,314,9212,-10781,-589,-1736,0,-5654.8
4835,20:11:13:698,2,Moderate_Damage,L2_S3,-196,-296,7222,-8949,-200,-1572,0,-7644.8
4836,20:11:13:708,2,Moderate_Damage,L2_S3,-542,-716,5494,-6331,-359,-1062,1,-9372.8
4837,20:11:13:718,2,Moderate_Damage,L2_S3,-266,-850,4900,-3194,-140,-599,0,-9966.8
4838,20:11:13:728,2,Moderate_Damage,L2_S3,-12,-806,5198,241,-50,-69,0,-9668.8
4839,20:11:13:738,2,Moderate_Damage,L2_S3,-872,-560,6272,3525,-3,513,0,-8594.8
4840,20:11:13:748,2,Moderate_Damage,L2_S3,-280,-38,8358,6549,298,901,0,-6508.8
4841,20:11:13:758,2,Moderate_Damage,L2_S3,-1626,542,10742,8799,106,1372,0,-4124.8
4842,20:11:13:768,2,Moderate_Damage,L2_S3,-1264,1292,13738,10260,447,1488,0,-1128.8
4843,20:11:13:778,2,Moderate_Damage,L2_S3,-2324,1806,16600,10682,288,1641,0,1733.2
4844,20:11:13:788,2,Moderate_Damage,L2_S3,-2602,2360,19384,10132,297,1533,0,4517.2
4845,20:11:13:798,2,Moderate_Damage,L2_S3,-2582,2760,21768,8625,460,1249,0,6901.2
4846,20:11:13:808,2,Moderate_Damage,L2_S3,-3502,3060,23218,6275,134,960,0,8351.2
4847,20:11:13:818,2,Moderate_Damage,L2_S3,-3026,3190,24226,3410,392,407,0,9359.2
4848,20:11:13:828,2,Moderate_Damage,L2_S3,-3376,3186,24074,185,106,-40,0,9207.2
4849,20:11:13:838,2,Moderate_Damage,L2_S3,-3202,3048,23176,-2987,41,-563,0,8309.2
4850,20:11:13:849,2,Moderate_Damage,L2_S3,-2678,2734,21486,-5872,139,-1070,0,6619.2
4851,20:11:13:859,2,Moderate_Damage,L2_S3,-2868,2416,19060,-8222,-265,-1363,0,4193.2
4852,20:11:13:869,2,Moderate_Damage,L2_S3,-1890,1764,16654,-9856,-165,-1710,0,1787.2
4853,20:11:13:879,2,Moderate_Damage,L2_S3,-1766,1294,13670,-10459,-338,-1742,0,-1196.8
4854,20:11:13:889,2,Moderate_Damage,L2_S3,-1308,568,11130,-10225,-315,-1723,1,-3736.8
4855,20:11:13:898,2,Moderate_Damage,L2_S3,-678,132,8776,-8956,-311,-1537,1,-6090.8
4856,20:11:13:908,2,Moderate_Damage,L2_S3,-884,-410,7080,-6996,-334,-1166,1,-7786.8
4857,20:11:13:918,2,Moderate_Damage,L2_S3,-114,-630,6118,-4307,-128,-801,0,-8748.8
4858,20:11:13:928,2,Moderate_Damage,L2_S3,-620,-688,5820,-1360,-197,-271,0,-9046.8
4859,20:11:13:938,2,Moderate_Damage,L2_S3,-338,-468,6556,1745,83,167,0,-8310.8
4860,20:11:13:948,2,Moderate_Damage,L2_S3,-764,-174,8042,4566,33,655,0,-6824.8
4861,20:11:13:958,2,Moderate_Damage,L2_S3,-1082,438,10004,7011,266,1020,0,-4862.8
4862,20:11:13:968,2,Moderate_Damage,L2_S3,-1314,914,12578,8660,256,1278,0,-2288.8
4863,20:11:13:978,2,Moderate_Damage,L2_S3,-1998,1486,15070,9523,241,1453,0,203.2
4864,20:11:13:989,2,Moderate_Damage,L2_S3,-2042,1990,17878,9452,428,1386,0,3011.2
4865,20:11:13:998,2,Moderate_Damage,L2_S3,-2786,2414,20014,8506,222,1302,0,5147.2
4866,20:11:14:008,2,Moderate_Damage,L2_S3,-2780,2818,21812,6737,334,965,0,6945.2
4867,20:11:14:018,2,Moderate_Damage,L2_S3,-3114,2938,22994,4360,285,602,0,8127.2
4868,20:11:14:028,2,Moderate_Damage,L2_S3,-3250,2942,23296,1575,123,174,0,8429.2
4869,20:11:14:038,2,Moderate_Damage,L2_S3,-2928,2914,22900,-1342,206,-334,0,8033.2
4870,20:11:14:048,2,Moderate_Damage,L2_S3,-3042,2696,21650,-4104,-33,-718,0,6783.2
4871,20:11:14:059,2,Moderate_Damage,L2_S3,-2494,2358,19852,-6462,-23,-1147,0,4985.2
4872,20:11:14:069,2,Moderate_Damage,L2_S3,-2310,1964,17512,-8255,-144,-1414,0,2645.2
4873,20:11:14:079,2,Moderate_Damage,L2_S3,-1950,1450,15154,-9313,-339,-1564,0,287.2
4874,20:11:14:089,2,Moderate_Damage,L2_S3,-1308,956,12564,-9379,-185,-1604,0,-2302.8
4875,20:11:14:099,2,Moderate_Damage,L2_S3,-1266,358,10394,-8750,-363,-1464,0,-4472.8
4876,20:11:14:108,2,Moderate_Damage,L2_S3,-666,-68,8616,-7224,-238,-1262,0,-6250.8
4877,20:11:14:118,2,Moderate_Damage,L2_S3,-680,-384,7268,-5119,-238,-891,0,-7598.8
4878,20:11:14:128,2,Moderate_Damage,L2_S3,-558,-546,6806,-2553,-108,-497,0,-8060.8
4879,20:11:14:138,2,Moderate_Damage,L2_S3,-472,-476,7040,229,-40,-56,0,-7826.8
4880,20:11:14:148,2,Moderate_Damage,L2_S3,-812,-234,8014,2882,21,385,0,-6852.8
4881,20:11:14:158,2,Moderate_Damage,L2_S3,-848,194,9618,5283,186,732,0,-5248.8
4882,20:11:14:169,2,Moderate_Damage,L2_S3,-1392,634,11552,7160,179,1072,0,-3314.8
4883,20:11:14:179,2,Moderate_Damage,L2_S3,-1516,1150,14082,8261,315,1207,0,-784.8
4884,20:11:14:189,2,Moderate_Damage,L2_S3,-2060,1668,16332,8609,252,1296,0,1465.2
4885,20:11:14:198,2,Moderate_Damage,L2_S3,-2416,2054,18690,8117,316,1208,0,3823.2
4886,20:11:14:209,2,Moderate_Damage,L2_S3,-2624,2470,20444,6902,310,1007,0,5577.2
4887,20:11:14:218,2,Moderate_Damage,L2_S3,-2942,2626,21746,4955,184,720,0,6879.2
4888,20:11:14:228,2,Moderate_Damage,L2_S3,-2964,2768,22436,2637,278,311,0,7569.2
4889,20:11:14:238,2,Moderate_Damage,L2_S3,-3046,2778,22354,12,88,-82,0,7487.2
4890,20:11:14:249,2,Moderate_Damage,L2_S3,-2882,2644,21530,-2544,68,-503,0,6663.2
4891,20:11:14:258,2,Moderate_Damage,L2_S3,-2586,2394,20180,-4874,24,-886,0,5313.2
4892,20:11:14:269,2,Moderate_Damage,L2_S3,-2454,2066,18240,-6755,-156,-1157,0,3373.2
4893,20:11:14:279,2,Moderate_Damage,L2_S3,-1950,1644,16116,-8027,-144,-1386,0,1249.2
4894,20:11:14:289,2,Moderate_Damage,L2_S3,-1720,1128,13898,-8554,-333,-1442,0,-968.8
4895,20:11:14:299,2,Moderate_Damage,L2_S3,-1376,648,11742,-8234,-202,-1411,1,-3124.8
4896,20:11:14:309,2,Moderate_Damage,L2_S3,-916,208,9886,-7243,-287,-1244,0,-4980.8
4897,20:11:14:318,2,Moderate_Damage,L2_S3,-896,-148,8504,-5597,-236,-972,0,-6362.8
4898,20:11:14:329,2,Moderate_Damage,L2_S3,-620,-318,7766,-3419,-108,-648,0,-7100.8
4899,20:11:14:338,2,Moderate_Damage,L2_S3,-796,-410,7554,-1010,-104,-234,0,-7312.8
4900,20:11:14:348,2,Moderate_Damage,L2_S3,-724,-202,8158,1493,69,136,0,-6708.8
4901,20:11:14:358,2,Moderate_Damage,L2_S3,-936,36,9378,3757,50,519,0,-5488.8
4902,20:11:14:368,2,Moderate_Damage,L2_S3,-1172,434,11102,5696,213,812,0,-3764.8
4903,20:11:14:378,2,Moderate_Damage,L2_S3,-1546,902,13100,7050,269,1038,0,-1766.8
4904,20:11:14:389,2,Moderate_Damage,L2_S3,-1870,1338,15260,7657,198,1142,0,393.2
4905,20:11:14:399,2,Moderate_Damage,L2_S3,-2174,1784,17338,7597,353,1116,0,2471.2
4906,20:11:14:408,2,Moderate_Damage,L2_S3,-2558,2136,19086,6787,224,1007,0,4219.2
4907,20:11:14:418,2,Moderate_Damage,L2_S3,-2612,2404,20642,5313,238,755,0,5775.2
4908,20:11:14:428,2,Moderate_Damage,L2_S3,-2926,2584,21432,3384,224,448,0,6565.2
4909,20:11:14:438,2,Moderate_Damage,L2_S3,-2798,2620,21718,1085,81,78,0,6851.2
4910,20:11:14:449,2,Moderate_Damage,L2_S3,-2802,2566,21302,-1242,123,-296,0,6435.2
4911,20:11:14:459,2,Moderate_Damage,L2_S3,-2686,2356,20278,-3494,-36,-644,0,5411.2
4912,20:11:14:469,2,Moderate_Damage,L2_S3,-2408,2106,18836,-5374,-56,-960,0,3969.2
4913,20:11:14:479,2,Moderate_Damage,L2_S3,-2236,1734,16880,-6789,-142,-1172,0,2013.2
4914,20:11:14:489,2,Moderate_Damage,L2_S3,-1826,1254,14906,-7617,-254,-1301,0,39.2
4915,20:11:14:499,2,Moderate_Damage,L2_S3,-1464,908,12906,-7637,-219,-1315,0,-1960.8
4916,20:11:14:509,2,Moderate_Damage,L2_S3,-1352,456,11098,-7050,-212,-1213,0,-3768.8
4917,20:11:14:519,2,Moderate_Damage,L2_S3,-874,208,9620,-5781,-241,-1016,0,-5246.8
4918,20:11:14:529,2,Moderate_Damage,L2_S3,-866,-162,8794,-4055,-134,-735,0,-6072.8
4919,20:11:14:538,2,Moderate_Damage,L2_S3,-814,-202,8298,-1923,-61,-402,0,-6568.8
4920,20:11:14:548,2,Moderate_Damage,L2_S3,-740,-216,8576,295,-10,-44,0,-6290.8
4921,20:11:14:558,2,Moderate_Damage,L2_S3,-972,36,9356,2468,95,311,0,-5510.8
4922,20:11:14:569,2,Moderate_Damage,L2_S3,-1088,324,10784,4363,136,601,0,-4082.8
4923,20:11:14:579,2,Moderate_Damage,L2_S3,-1524,774,12354,5862,214,846,0,-2512.8
4924,20:11:14:589,2,Moderate_Damage,L2_S3,-1668,1074,14342,6719,264,973,0,-524.8
4925,20:11:14:599,2,Moderate_Damage,L2_S3,-2026,1562,16254,6938,217,1016,0,1387.2
4926,20:11:14:609,2,Moderate_Damage,L2_S3,-2342,1918,18054,6489,280,951,0,3187.2
4927,20:11:14:619,2,Moderate_Damage,L2_S3,-2502,2188,19480,5454,215,786,0,4613.2
4928,20:11:14:628,2,Moderate_Damage,L2_S3,-2708,2382,20618,3855,161,535,0,5751.2
4929,20:11:14:639,2,Moderate_Damage,L2_S3,-2778,2484,21020,1932,151,216,0,6153.2
4930,20:11:14:649,2,Moderate_Damage,L2_S3,-2716,2478,20996,-200,47,-122,0,6129.2
4931,20:11:14:659,2,Moderate_Damage,L2_S3,-2640,2318,20260,-2273,19,-450,0,5393.2
4932,20:11:14:669,2,Moderate_Damage,L2_S3,-2468,2066,19090,-4154,-40,-759,0,4223.2
4933,20:11:14:679,2,Moderate_Damage,L2_S3,-2212,1796,17490,-5641,-142,-983,0,2623.2
4934,20:11:14:689,2,Moderate_Damage,L2_S3,-1988,1502,15730,-6618,-160,-1151,0,863.2
4935,20:11:14:699,2,Moderate_Damage,L2_S3,-1656,998,13986,-7018,-254,-1215,0,-880.8
4936,20:11:14:709,2,Moderate_Damage,L2_S3,-1418,724,12162,-6678,-156,-1151,0,-2704.8
4937,20:11:14:719,2,Moderate_Damage,L2_S3,-1102,338,10712,-5826,-198,-1023,0,-4154.8
4938,20:11:14:729,2,Moderate_Damage,L2_S3,-1026,72,9602,-4433,-145,-791,0,-5264.8
4939,20:11:14:738,2,Moderate_Damage,L2_S3,-858,-80,9042,-2648,-56,-513,0,-5824.8
4940,20:11:14:748,2,Moderate_Damage,L2_S3,-860,-96,9034,-648,-28,-186,0,-5832.8
4941,20:11:14:758,2,Moderate_Damage,L2_S3,-942,36,9486,1364,85,130,0,-5380.8
4942,20:11:14:768,2,Moderate_Damage,L2_S3,-1108,242,10508,3198,117,422,0,-4358.8
4943,20:11:14:778,2,Moderate_Damage,L2_S3,-1274,558,11904,4723,175,659,0,-2962.8
4944,20:11:14:788,2,Moderate_Damage,L2_S3,-1652,958,13480,5801,252,838,0,-1386.8
4945,20:11:14:799,2,Moderate_Damage,L2_S3,-1806,1278,15332,6215,200,909,0,465.2
4946,20:11:14:809,2,Moderate_Damage,L2_S3,-2172,1724,17024,6120,252,893,0,2157.2
4947,20:11:14:819,2,Moderate_Damage,L2_S3,-2372,1932,18516,5384,227,777,0,3649.2
4948,20:11:14:829,2,Moderate_Damage,L2_S3,-2524,2194,19632,4189,167,581,0,4765.2
4949,20:11:14:839,2,Moderate_Damage,L2_S3,-2690,2276,20366,2511,131,310,0,5499.2
4950,20:11:14:848,2,Moderate_Damage,L2_S3,-2720,2326,20520,673,71,16,0,5653.2
4951,20:11:14:859,2,Moderate_Damage,L2_S3,-2604,2228,20170,-1274,19,-298,0,5303.2
4952,20:11:14:869,2,Moderate_Damage,L2_S3,-2480,2110,19236,-3059,-40,-574,0,4369.2
4953,20:11:14:879,2,Moderate_Damage,L2_S3,-2306,1870,17964,-4586,-93,-828,0,3097.2
4954,20:11:14:889,2,Moderate_Damage,L2_S3,-2104,1622,16292,-5667,-140,-992,0,1425.2
4955,20:11:14:899,2,Moderate_Damage,L2_S3,-1756,1192,14720,-6293,-204,-1105,0,-146.8
4956,20:11:14:909,2,Moderate_Damage,L2_S3,-1516,904,13076,-6254,-168,-1092,0,-1790.8
4957,20:11:14:919,2,Moderate_Damage,L2_S3,-1314,512,11678,-5700,-157,-999,0,-3188.8
4958,20:11:14:929,2,Moderate_Damage,L2_S3,-1088,292,10462,-4613,-147,-824,0,-4404.8
4959,20:11:14:939,2,Moderate_Damage,L2_S3,-1020,78,9822,-3180,-76,-594,0,-5044.8
4960,20:11:14:948,2,Moderate_Damage,L2_S3,-1022,72,9496,-1394,5,-310,0,-5370.8
4961,20:11:14:958,2,Moderate_Damage,L2_S3,-1012,70,9764,423,13,-17,0,-5102.8
4962,20:11:14:969,2,Moderate_Damage,L2_S3,-1212,288,10522,2184,117,257,0,-4344.8
4963,20:11:14:979,2,Moderate_Damage,L2_S3,-1284,504,11588,3703,143,496,0,-3278.8
4964,20:11:14:989,2,Moderate_Damage,L2_S3,-1562,818,13068,4851,189,685,0,-1798.8
4965,20:11:14:999,2,Moderate_Damage,L2_S3,-1820,1218,14486,5544,238,798,0,-380.8
4966,20:11:15:009,2,Moderate_Damage,L2_S3,-1910,1468,16196,5594,171,802,0,1329.2
4967,20:11:15:019,2,Moderate_Damage,L2_S3,-2340,1816,17598,5221,244,750,0,2731.2
4968,20:11:15:029,2,Moderate_Damage,L2_S3,-2418,1970,18846,4269,160,594,0,3979.2
4969,20:11:15:039,2,Moderate_Damage,L2_S3,-2560,2096,19538,2959,125,396,0,4671.2
4970,20:11:15:049,2,Moderate_Damage,L2_S3,-2602,2200,19934,1320,87,123,0,5067.2
4971,20:11:15:059,2,Moderate_Damage,L2_S3,-2572,2128,19800,-408,26,-153,0,4933.2
4972,20:11:15:069,2,Moderate_Damage,L2_S3,-2484,2032,19180,-2116,-10,-429,0,4313.2
4973,20:11:15:079,2,Moderate_Damage,L2_S3,-2362,1906,18134,-3622,-50,-671,0,3267.2
4974,20:11:15:089,2,Moderate_Damage,L2_S3,-2122,1648,16858,-4786,-111,-850,0,1991.2
4975,20:11:15:099,2,Moderate_Damage,L2_S3,-1956,1382,15318,-5511,-119,-968,0,451.2
4976,20:11:15:109,2,Moderate_Damage,L2_S3,-1632,906,13940,-5803,-189,-1012,0,-926.8
4977,20:11:15:119,2,Moderate_Damage,L2_S3,-1456,744,12370,-5400,-112,-952,0,-2496.8
4978,20:11:15:129,2,Moderate_Damage,L2_S3,-1186,354,11342,-4690,-140,-841,0,-3524.8
4979,20:11:15:139,2,Moderate_Damage,L2_S3,-1130,244,10414,-3454,-88,-644,0,-4452.8
4980,20:11:15:149,2,Moderate_Damage,L2_S3,-1070,96,10046,-1996,-40,-414,0,-4820.8
4981,20:11:15:159,2,Moderate_Damage,L2_S3,-1118,142,10152,-320,47,-140,0,-4714.8
4982,20:11:15:169,2,Moderate_Damage,L2_S3,-1098,296,10608,1306,52,126,0,-4258.8
4983,20:11:15:179,2,Moderate_Damage,L2_S3,-1240,416,11452,2784,131,360,0,-3414.8
4984,20:11:15:189,2,Moderate_Damage,L2_S3,-1430,682,12674,3976,143,556,0,-2192.8
4985,20:11:15:199,2,Moderate_Damage,L2_S3,-1652,1012,14030,4788,190,684,0,-836.8
4986,20:11:15:209,2,Moderate_Damage,L2_S3,-1962,1264,15488,5090,202,728,0,621.2
4987,20:11:15:219,2,Moderate_Damage,L2_S3,-2100,1610,16872,4901,152,697,0,2005.2
4988,20:11:15:229,2,Moderate_Damage,L2_S3,-2342,1860,18038,4246,190,595,0,3171.2
4989,20:11:15:239,2,Moderate_Damage,L2_S3,-2482,2032,18830,3192,124,424,0,3963.2
4990,20:11:15:249,2,Moderate_Damage,L2_S3,-2504,2074,19426,1798,83,200,0,4559.2
4991,20:11:15:259,2,Moderate_Damage,L2_S3,-2584,2128,19444,265,63,-50,0,4577.2
4992,20:11:15:269,2,Moderate_Damage,L2_S3,-2444,2046,19100,-1314,-13,-294,0,4233.2
4993,20:11:15:279,2,Moderate_Damage,L2_S3,-2382,1922,18216,-2755,-19,-527,0,3349.2
4994,20:11:15:289,2,Moderate_Damage,L2_S3,-2196,1702,17182,-3948,-69,-719,0,2315.2
4995,20:11:15:299,2,Moderate_Damage,L2_S3,-1986,1392,15846,-4778,-112,-852,0,979.2
4996,20:11:15:309,2,Moderate_Damage,L2_S3,-1798,1168,14470,-5183,-106,-911,0,-396.8
4997,20:11:15:319,2,Moderate_Damage,L2_S3,-1576,786,13332,-5151,-170,-914,0,-1534.8
4998,20:11:15:329,2,Moderate_Damage,L2_S3,-1386,614,11990,-4529,-75,-818,0,-2876.8
4999,20:11:15:339,2,Moderate_Damage,L2_S3,-1120,408,11138,-3639,-119,-672,0,-3728.8
5000,20:11:15:349,2,Moderate_Damage,L2_S3,-1194,222,10644,-2376,-44,-466,0,-4222.8
5001,20:11:15:359,2,Moderate_Damage,L2_S3,-1080,200,10546,-931,-8,-240,0,-4320.8
5002,20:11:15:368,2,Moderate_Damage,L2_S3,-1172,286,10810,579,40,3,0,-4056.8
5003,20:11:15:379,2,Moderate_Damage,L2_S3,-1320,406,11404,1981,106,222,0,-3462.8
5004,20:11:15:389,2,Moderate_Damage,L2_S3,-1390,674,12452,3179,131,413,0,-2414.8
5005,20:11:15:399,2,Moderate_Damage,L2_S3,-1568,906,13650,4042,149,561,0,-1216.8
5006,20:11:15:409,2,Moderate_Damage,L2_S3,-1840,1168,14846,4547,215,638,0,-20.8
5007,20:11:15:419,2,Moderate_Damage,L2_S3,-2022,1464,16134,4522,153,636,0,1267.2
5008,20:11:15:429,2,Moderate_Damage,L2_S3,-2172,1676,17264,4109,146,568,0,2397.2
5009,20:11:15:439,2,Moderate_Damage,L2_S3,-2366,1810,18212,3270,166,438,0,3345.2
5010,20:11:15:449,2,Moderate_Damage,L2_S3,-2392,2026,18772,2156,74,259,0,3905.2
5011,20:11:15:459,2,Moderate_Damage,L2_S3,-2468,2030,19084,776,77,35,0,4217.2
5012,20:11:15:469,2,Moderate_Damage,L2_S3,-2444,1954,18806,-641,9,-192,0,3939.2
5013,20:11:15:479,2,Moderate_Damage,L2_S3,-2346,1864,18194,-2011,-18,-405,0,3327.2
5014,20:11:15:489,2,Moderate_Damage,L2_S3,-2276,1698,17372,-3198,-35,-598,0,2505.2
5015,20:11:15:499,2,Moderate_Damage,L2_S3,-2034,1494,16280,-4090,-88,-739,0,1413.2
5016,20:11:15:509,2,Moderate_Damage,L2_S3,-1864,1276,15036,-4595,-82,-823,0,169.2
5017,20:11:15:519,2,Moderate_Damage,L2_S3,-1672,978,13838,-4730,-108,-848,0,-1028.8
5018,20:11:15:529,2,Moderate_Damage,L2_S3,-1428,718,12748,-4393,-137,-783,0,-2118.8
5019,20:11:15:539,2,Moderate_Damage,L2_S3,-1368,554,11822,-3658,-36,-677,0,-3044.8
5020,20:11:15:549,2,Moderate_Damage,L2_S3,-1216,382,11102,-2631,-99,-504,0,-3764.8
5021,20:11:15:559,2,Moderate_Damage,L2_S3,-1198,266,10932,-1399,-2,-309,0,-3934.8
5022,20:11:15:569,2,Moderate_Damage,L2_S3,-1220,362,11014,-12,45,-89,0,-3852.8
5023,20:11:15:579,2,Moderate_Damage,L2_S3,-1254,410,11496,1278,48,115,0,-3370.8
5024,20:11:15:589,2,Moderate_Damage,L2_S3,-1432,592,12224,2465,139,299,0,-2642.8
5025,20:11:15:599,2,Moderate_Damage,L2_S3,-1490,826,13250,3367,113,445,0,-1616.8
5026,20:11:15:609,2,Moderate_Damage,L2_S3,-1740,1082,14422,3923,159,536,0,-444.8
5027,20:11:15:619,2,Moderate_Damage,L2_S3,-1958,1416,15514,4149,195,574,0,647.2
5028,20:11:15:629,2,Moderate_Damage,L2_S3,-2004,1508,16720,3835,106,522,0,1853.2
5029,20:11:15:639,2,Moderate_Damage,L2_S3,-2324,1768,17578,3279,157,437,0,2711.2
5030,20:11:15:649,2,Moderate_Damage,L2_S3,-2282,1844,18274,2320,99,281,0,3407.2
5031,20:11:15:659,2,Moderate_Damage,L2_S3,-2442,1944,18534,1197,81,104,0,3667.2
5032,20:11:15:669,2,Moderate_Damage,L2_S3,-2362,1936,18544,-122,51,-109,0,3677.2
5033,20:11:15:679,2,Moderate_Damage,L2_S3,-2280,1884,18150,-1355,-12,-304,0,3283.2
5034,20:11:15:689,2,Moderate_Damage,L2_S3,-2278,1694,17494,-2521,-30,-493,0,2627.2
5035,20:11:15:699,2,Moderate_Damage,L2_S3,-2014,1516,16534,-3418,-50,-635,0,1667.2
5036,20:11:15:709,2,Moderate_Damage,L2_S3,-1926,1290,15388,-4033,-72,-728,0,521.2
5037,20:11:15:719,2,Moderate_Damage,L2_S3,-1724,1042,14280,-4263,-68,-773,0,-586.8
5038,20:11:15:729,2,Moderate_Damage,L2_S3,-1508,764,13320,-4167,-152,-753,0,-1546.8
5039,20:11:15:739,2,Moderate_Damage,L2_S3,-1486,652,12292,-3573,-28,-659,0,-2574.8
5040,20:11:15:749,2,Moderate_Damage,L2_S3,-1268,434,11766,-2782,-83,-539,0,-3100.8
5041,20:11:15:759,2,Moderate_Damage,L2_S3,-1286,396,11326,-1706,-16,-361,0,-3540.8
5042,20:11:15:769,2,Moderate_Damage,L2_S3,-1228,332,11370,-524,25,-174,0,-3496.8
5043,20:11:15:779,2,Moderate_Damage,L2_S3,-1318,480,11538,719,40,30,0,-3328.8
5044,20:11:15:789,2,Moderate_Damage,L2_S3,-1384,586,12206,1815,91,201,0,-2660.8
5045,20:11:15:799,2,Moderate_Damage,L2_S3,-1556,774,13086,2743,114,355,0,-1780.8
5046,20:11:15:809,2,Moderate_Damage,L2_S3,-1688,928,14160,3362,123,454,0,-706.8
5047,20:11:15:819,2,Moderate_Damage,L2_S3,-1890,1260,15102,3695,168,505,0,235.2
5048,20:11:15:829,2,Moderate_Damage,L2_S3,-1972,1412,16194,3584,130,482,0,1327.2
5049,20:11:15:839,2,Moderate_Damage,L2_S3,-2208,1622,17100,3173,128,416,0,2233.2
5050,20:11:15:849,2,Moderate_Damage,L2_S3,-2222,1734,17778,2413,113,300,0,2911.2
5051,20:11:15:859,2,Moderate_Damage,L2_S3,-2322,1828,18182,1460,68,148,0,3315.2
5052,20:11:15:869,2,Moderate_Damage,L2_S3,-2382,1802,18248,311,49,-34,0,3381.2
5053,20:11:15:879,2,Moderate_Damage,L2_S3,-2336,1772,18020,-827,15,-212,0,3153.2
5054,20:11:15:889,2,Moderate_Damage,L2_S3,-2220,1696,17476,-1922,-15,-396,0,2609.2
5055,20:11:15:899,2,Moderate_Damage,L2_S3,-2110,1544,16720,-2839,-43,-542,0,1853.2
5056,20:11:15:909,2,Moderate_Damage,L2_S3,-1982,1392,15764,-3489,-52,-653,0,897.2
5057,20:11:15:919,2,Moderate_Damage,L2_S3,-1780,1152,14760,-3828,-80,-701,0,-106.8
5058,20:11:15:929,2,Moderate_Damage,L2_S3,-1682,960,13724,-3828,-66,-705,0,-1142.8
5059,20:11:15:939,2,Moderate_Damage,L2_S3,-1444,686,13006,-3520,-109,-648,0,-1860.8
5060,20:11:15:949,2,Moderate_Damage,L2_S3,-1392,630,12200,-2784,-2,-530,0,-2666.8
5061,20:11:15:959,2,Moderate_Damage,L2_S3,-1238,438,11780,-1948,-68,-397,0,-3086.8
5062,20:11:15:969,2,Moderate_Damage,L2_S3,-1344,474,11578,-872,28,-230,0,-3288.8
5063,20:11:15:979,2,Moderate_Damage,L2_S3,-1302,496,11824,214,37,-57,0,-3042.8
5064,20:11:15:989,2,Moderate_Damage,L2_S3,-1388,578,12224,1273,61,118,0,-2642.8
5065,20:11:15:999,2,Moderate_Damage,L2_S3,-1504,754,12926,2179,110,260,0,-1940.8
5066,20:11:16:009,2,Moderate_Damage,L2_S3,-1616,904,13858,2846,108,368,0,-1008.8
5067,20:11:16:019,2,Moderate_Damage,L2_S3,-1810,1128,14790,3224,133,428,0,-76.8
5068,20:11:16:029,2,Moderate_Damage,L2_S3,-1874,1308,15766,3281,148,440,0,899.2
5069,20:11:16:039,2,Moderate_Damage,L2_S3,-2120,1528,16506,3020,140,395,0,1639.2
5070,20:11:16:049,2,Moderate_Damage,L2_S3,-2162,1610,17276,2405,71,296,0,2409.2
5071,20:11:16:059,2,Moderate_Damage,L2_S3,-2290,1682,17766,1616,128,176,0,2899.2
5072,20:11:16:069,2,Moderate_Damage,L2_S3,-2312,1778,17812,650,36,21,0,2945.2
5073,20:11:16:079,2,Moderate_Damage,L2_S3,-2280,1686,17748,-429,27,-158,0,2881.2
5074,20:11:16:089,2,Moderate_Damage,L2_S3,-2238,1706,17400,-1401,18,-311,0,2533.2
5075,20:11:16:099,2,Moderate_Damage,L2_S3,-2070,1562,16718,-2318,-56,-458,0,1851.2
5076,20:11:16:109,2,Moderate_Damage,L2_S3,-1862,1210,15158,-3406,-68,-629,0,291.2
5077,20:11:16:119,2,Moderate_Damage,L2_S3,-1706,964,14180,-3480,-69,-646,0,-686.8
5078,20:11:16:129,2,Moderate_Damage,L2_S3,-1590,884,13348,-3293,-61,-615,0,-1518.8
5079,20:11:16:139,2,Moderate_Damage,L2_S3,-1440,648,12714,-2829,-77,-539,0,-2152.8
5080,20:11:16:149,2,Moderate_Damage,L2_S3,-1412,660,12056,-2007,-5,-410,0,-2810.8
5081,20:11:16:159,2,Moderate_Damage,L2_S3,-1318,510,11976,-1171,-26,-275,0,-2890.8
5082,20:11:16:169,2,Moderate_Damage,L2_S3,-1450,546,12020,-144,56,-109,0,-2846.8
5083,20:11:16:179,2,Moderate_Damage,L2_S3,-1338,612,12350,798,33,48,0,-2516.8
5084,20:11:16:189,2,Moderate_Damage,L2_S3,-1534,742,12868,1692,99,183,0,-1998.8
5085,20:11:16:199,2,Moderate_Damage,L2_S3,-1604,862,13662,2357,92,282,0,-1204.8
5086,20:11:16:209,2,Moderate_Damage,L2_S3,-1720,1058,14468,2798,108,359,0,-398.8
5087,20:11:16:219,2,Moderate_Damage,L2_S3,-1870,1254,15366,2937,112,377,0,499.2
5088,20:11:16:229,2,Moderate_Damage,L2_S3,-1962,1366,16222,2793,111,353,0,1355.2
5089,20:11:16:239,2,Moderate_Damage,L2_S3,-2208,1620,16646,2412,142,302,0,1779.2
5090,20:11:16:249,2,Moderate_Damage,L2_S3,-2110,1616,17292,1660,33,181,0,2425.2
5091,20:11:16:259,2,Moderate_Damage,L2_S3,-2306,1674,17486,884,101,58,0,2619.2
5092,20:11:16:269,2,Moderate_Damage,L2_S3,-2232,1700,17602,-82,24,-102,0,2735.2
5093,20:11:16:279,2,Moderate_Damage,L2_S3,-2208,1666,17290,-1000,12,-242,0,2423.2
5094,20:11:16:289,2,Moderate_Damage,L2_S3,-2094,1548,16800,-1850,9,-381,0,1933.2
5095,20:11:16:299,2,Moderate_Damage,L2_S3,-1986,1432,16090,-2521,-48,-491,0,1223.2
5096,20:11:16:309,2,Moderate_Damage,L2_S3,-1896,1226,15364,-2982,-24,-563,0,497.2
5097,20:11:16:319,2,Moderate_Damage,L2_S3,-1730,1064,14554,-3166,-64,-586,0,-312.8
5098,20:11:16:329,2,Moderate_Damage,L2_S3,-1670,980,13768,-3067,-47,-572,0,-1098.8
5099,20:11:16:339,2,Moderate_Damage,L2_S3,-1544,798,13030,-2700,-45,-515,0,-1836.8
5100,20:11:16:349,2,Moderate_Damage,L2_S3,-1460,568,12660,-2137,-73,-429,0,-2206.8
5101,20:11:16:359,2,Moderate_Damage,L2_S3,-1480,644,12308,-1282,48,-301,0,-2558.8
5102,20:11:16:369,2,Moderate_Damage,L2_S3,-1326,526,12294,-478,-27,-166,0,-2572.8
5103,20:11:16:379,2,Moderate_Damage,L2_S3,-1500,614,12432,460,74,-21,0,-2434.8
5104,20:11:16:389,2,Moderate_Damage,L2_S3,-1464,696,12948,1244,69,101,0,-1918.8
5105,20:11:16:399,2,Moderate_Damage,L2_S3,-1672,832,13522,1948,77,225,0,-1344.8
5106,20:11:16:409,2,Moderate_Damage,L2_S3,-1696,1002,14340,2388,108,290,0,-526.8
5107,20:11:16:419,2,Moderate_Damage,L2_S3,-1882,1194,15088,2621,101,337,0,221.2
5108,20:11:16:429,2,Moderate_Damage,L2_S3,-1954,1344,15874,2554,108,311,0,1007.2
5109,20:11:16:439,2,Moderate_Damage,L2_S3,-2074,1456,16484,2277,117,277,0,1617.2
5110,20:11:16:449,2,Moderate_Damage,L2_S3,-2130,1526,16978,1725,80,188,0,2111.2
5111,20:11:16:459,2,Moderate_Damage,L2_S3,-2156,1638,17244,996,53,69,0,2377.2
5112,20:11:16:469,2,Moderate_Damage,L2_S3,-2236,1646,17316,180,67,-55,0,2449.2
5113,20:11:16:479,2,Moderate_Damage,L2_S3,-2142,1628,17080,-653,7,-188,0,2213.2
5114,20:11:16:489,2,Moderate_Damage,L2_S3,-2068,1518,16794,-1461,5,-318,0,1927.2
5115,20:11:16:499,2,Moderate_Damage,L2_S3,-2046,1448,16190,-2112,-24,-428,0,1323.2
5116,20:11:16:509,2,Moderate_Damage,L2_S3,-1912,1250,15560,-2591,-47,-502,0,693.2
5117,20:11:16:519,2,Moderate_Damage,L2_S3,-1832,1156,14816,-2836,-13,-533,0,-50.8
5118,20:11:16:529,2,Moderate_Damage,L2_S3,-1670,988,14008,-2822,-64,-526,0,-858.8
5119,20:11:16:539,2,Moderate_Damage,L2_S3,-1578,818,13410,-2569,-1,-501,0,-1456.8
5120,20:11:16:549,2,Moderate_Damage,L2_S3,-1496,750,12830,-2099,-50,-425,0,-2036.8
5121,20:11:16:559,2,Moderate_Damage,L2_S3,-1404,598,12620,-1467,-31,-325,0,-2246.8
5122,20:11:16:569,2,Moderate_Damage,L2_S3,-1514,698,12464,-627,59,-191,0,-2402.8
5123,20:11:16:579,2,Moderate_Damage,L2_S3,-1452,586,12666,109,-29,-75,0,-2200.8
5124,20:11:16:589,2,Moderate_Damage,L2_S3,-1574,754,12950,910,105,54,0,-1916.8
5125,20:11:16:599,2,Moderate_Damage,L2_S3,-1590,806,13432,1527,57,148,0,-1434.8
5126,20:11:16:609,2,Moderate_Damage,L2_S3,-1672,1010,14130,2036,78,232,0,-736.8
5127,20:11:16:619,2,Moderate_Damage,L2_S3,-1794,1128,14742,2284,119,273,0,-124.8
5128,20:11:16:629,2,Moderate_Damage,L2_S3,-1872,1292,15482,2325,77,282,0,615.2
5129,20:11:16:639,2,Moderate_Damage,L2_S3,-2064,1408,16112,2101,116,252,0,1245.2
5130,20:11:16:649,2,Moderate_Damage,L2_S3,-2036,1470,16682,1705,97,191,0,1815.2
5131,20:11:16:659,2,Moderate_Damage,L2_S3,-2160,1494,16958,1086,66,93,0,2091.2
5132,20:11:16:669,2,Moderate_Damage,L2_S3,-2134,1618,17042,374,38,-30,0,2175.2
5133,20:11:16:679,2,Moderate_Damage,L2_S3,-2134,1534,17036,-393,42,-147,0,2169.2
5134,20:11:16:689,2,Moderate_Damage,L2_S3,-2104,1540,16612,-1094,-5,-262,0,1745.2
5135,20:11:16:700,2,Moderate_Damage,L2_S3,-2020,1422,16218,-1765,-13,-371,0,1351.2
5136,20:11:16:710,2,Moderate_Damage,L2_S3,-1950,1326,15536,-2214,-28,-446,0,669.2
5137,20:11:16:719,2,Moderate_Damage,L2_S3,-1820,1154,14972,-2527,-43,-497,0,105.2
5138,20:11:16:729,2,Moderate_Damage,L2_S3,-1702,1002,14284,-2569,-14,-498,0,-582.8
5139,20:11:16:739,2,Moderate_Damage,L2_S3,-1586,904,13692,-2415,-57,-471,0,-1174.8
5140,20:11:16:749,2,Moderate_Damage,L2_S3,-1602,828,13228,-2038,4,-409,0,-1638.8
5141,20:11:16:759,2,Moderate_Damage,L2_S3,-1482,670,13012,-1535,-48,-331,0,-1854.8
5142,20:11:16:769,2,Moderate_Damage,L2_S3,-1438,702,12810,-810,27,-221,0,-2056.8
5143,20:11:16:779,2,Moderate_Damage,L2_S3,-1564,664,12880,-126,48,-110,0,-1986.8
5144,20:11:16:789,2,Moderate_Damage,L2_S3,-1492,770,12990,588,29,11,0,-1876.8
5145,20:11:16:799,2,Moderate_Damage,L2_S3,-1604,808,13516,1189,102,102,0,-1350.8
5146,20:11:16:809,2,Moderate_Damage,L2_S3,-1622,964,14016,1690,46,185,0,-850.8
5147,20:11:16:819,2,Moderate_Damage,L2_S3,-1782,1040,14704,1967,98,225,0,-162.8
5148,20:11:16:829,2,Moderate_Damage,L2_S3,-1836,1210,15186,2073,89,238,0,319.2
5149,20:11:16:840,2,Moderate_Damage,L2_S3,-1972,1332,15874,1932,76,222,0,1007.2
5150,20:11:16:849,2,Moderate_Damage,L2_S3,-1962,1412,16368,1615,91,170,0,1501.2
5151,20:11:16:859,2,Moderate_Damage,L2_S3,-2084,1478,16746,1115,47,89,0,1879.2
5152,20:11:16:869,2,Moderate_Damage,L2_S3,-2142,1640,16640,555,105,-1,0,1773.2
5153,20:11:16:880,2,Moderate_Damage,L2_S3,-2010,1444,16862,-212,-23,-119,0,1995.2
5154,20:11:16:889,2,Moderate_Damage,L2_S3,-2156,1544,16496,-800,51,-215,0,1629.2
5155,20:11:16:900,2,Moderate_Damage,L2_S3,-1880,1424,16290,-1457,-20,-323,0,1423.2
5156,20:11:16:910,2,Moderate_Damage,L2_S3,-1994,1368,15680,-1891,-17,-383,0,813.2
5157,20:11:16:920,2,Moderate_Damage,L2_S3,-1844,1174,15174,-2230,-11,-452,0,307.2
5158,20:11:16:930,2,Moderate_Damage,L2_S3,-1730,1024,14524,-2320,-37,-461,0,-342.8
5159,20:11:16:939,2,Moderate_Damage,L2_S3,-1704,930,13966,-2239,-16,-443,0,-900.8
5160,20:11:16:950,2,Moderate_Damage,L2_S3,-1592,802,13546,-1955,-16,-403,0,-1320.8
5161,20:11:16:959,2,Moderate_Damage,L2_S3,-1554,780,13128,-1516,-13,-334,0,-1738.8
5162,20:11:16:969,2,Moderate_Damage,L2_S3,-1458,698,13060,-969,-5,-243,0,-1806.8
5163,20:11:16:979,2,Moderate_Damage,L2_S3,-1582,758,12894,-274,51,-126,0,-1972.8
5164,20:11:16:989,2,Moderate_Damage,L2_S3,-1510,822,13168,300,-2,-37,0,-1698.8
5165,20:11:16:999,2,Moderate_Damage,L2_S3,-1634,834,13520,921,91,58,0,-1346.8
5166,20:11:17:009,2,Moderate_Damage,L2_S3,-1678,964,13998,1361,41,126,0,-868.8
5167,20:11:17:019,2,Moderate_Damage,L2_S3,-1738,1062,14518,1704,86,184,0,-348.8
5168,20:11:17:030,2,Moderate_Damage,L2_S3,-1838,1150,15058,1819,91,204,0,191.2
5169,20:11:17:040,2,Moderate_Damage,L2_S3,-1900,1300,15636,1770,73,190,0,769.2
5170,20:11:17:049,2,Moderate_Damage,L2_S3,-2054,1402,16068,1517,87,159,0,1201.2
5171,20:11:17:059,2,Moderate_Damage,L2_S3,-2074,1450,16466,1114,54,90,0,1599.2
5172,20:11:17:069,2,Moderate_Damage,L2_S3,-2120,1500,16624,588,57,-4,0,1757.2
5173,20:11:17:079,2,Moderate_Damage,L2_S3,-2068,1488,16618,-9,31,-88,0,1751.2
5174,20:11:17:090,2,Moderate_Damage,L2_S3,-2052,1416,16514,-620,22,-189,0,1647.2
5175,20:11:17:100,2,Moderate_Damage,L2_S3,-1998,1366,16244,-1179,4,-282,0,1377.2
5176,20:11:17:110,2,Moderate_Damage,L2_S3,-1966,1372,15722,-1645,-11,-351,0,855.2
5177,20:11:17:120,2,Moderate_Damage,L2_S3,-1884,1196,15264,-1965,-14,-405,0,397.2
5178,20:11:17:130,2,Moderate_Damage,L2_S3,-1778,1090,14750,-2109,-20,-429,0,-116.8
5179,20:11:17:140,2,Moderate_Damage,L2_S3,-1708,996,14210,-2080,-17,-421,0,-656.8
5180,20:11:17:150,2,Moderate_Damage,L2_S3,-1650,886,13802,-1857,-13,-387,0,-1064.8
5181,20:11:17:160,2,Moderate_Damage,L2_S3,-1534,788,13352,-1476,-14,-325,0,-1514.8
5182,20:11:17:169,2,Moderate_Damage,L2_S3,-1578,776,13200,-995,11,-244,0,-1666.8
5183,20:11:17:179,2,Moderate_Damage,L2_S3,-1522,768,13162,-431,15,-157,0,-1704.8
5184,20:11:17:189,2,Moderate_Damage,L2_S3,-1570,766,13282,150,41,-63,0,-1584.8
5185,20:11:17:199,2,Moderate_Damage,L2_S3,-1638,858,13534,699,54,27,0,-1332.8
5186,20:11:17:209,2,Moderate_Damage,L2_S3,-1640,940,13964,1153,68,89,0,-902.8
5187,20:11:17:220,2,Moderate_Damage,L2_S3,-1770,1026,14446,1466,61,150,0,-420.8
5188,20:11:17:229,2,Moderate_Damage,L2_S3,-1778,1160,14892,1629,78,169,0,25.2
5189,20:11:17:239,2,Moderate_Damage,L2_S3,-1862,1264,15428,1614,72,170,0,561.2
5190,20:11:17:249,2,Moderate_Damage,L2_S3,-1938,1348,15918,1427,73,140,0,1051.2
5191,20:11:17:259,2,Moderate_Damage,L2_S3,-1978,1394,16252,1091,63,88,0,1385.2
5192,20:11:17:269,2,Moderate_Damage,L2_S3,-2046,1482,16410,623,45,13,0,1543.2
5193,20:11:17:279,2,Moderate_Damage,L2_S3,-2042,1450,16528,101,34,-73,0,1661.2
5194,20:11:17:290,2,Moderate_Damage,L2_S3,-2086,1422,16360,-467,28,-161,0,1493.2
5195,20:11:17:299,2,Moderate_Damage,L2_S3,-2032,1348,16148,-990,9,-247,0,1281.2
5196,20:11:17:310,2,Moderate_Damage,L2_S3,-1910,1374,15770,-1434,-2,-321,0,903.2
5197,20:11:17:320,2,Moderate_Damage,L2_S3,-1932,1218,15322,-1752,-12,-367,0,455.2
5198,20:11:17:330,2,Moderate_Damage,L2_S3,-1774,1154,14814,-1926,-17,-397,0,-52.8
5199,20:11:17:340,2,Moderate_Damage,L2_S3,-1766,992,14364,-1926,-21,-394,0,-502.8
5200,20:11:17:350,2,Moderate_Damage,L2_S3,-1668,890,13916,-1766,-15,-374,0,-950.8
5201,20:11:17:360,2,Moderate_Damage,L2_S3,-1556,850,13578,-1450,-13,-319,0,-1288.8
5202,20:11:17:370,2,Moderate_Damage,L2_S3,-1574,802,13360,-1027,15,-245,0,-1506.8
5203,20:11:17:379,2,Moderate_Damage,L2_S3,-1518,724,13312,-513,19,-167,0,-1554.8
5204,20:11:17:389,2,Moderate_Damage,L2_S3,-1582,798,13376,8,29,-85,0,-1490.8
5205,20:11:17:399,2,Moderate_Damage,L2_S3,-1628,862,13612,526,55,-3,0,-1254.8
5206,20:11:17:409,2,Moderate_Damage,L2_S3,-1688,916,13958,953,56,58,0,-908.8
5207,20:11:17:419,2,Moderate_Damage,L2_S3,-1698,990,14362,1279,77,110,0,-504.8
5208,20:11:17:430,2,Moderate_Damage,L2_S3,-1832,1096,14838,1448,73,148,0,-28.8
5209,20:11:17:440,2,Moderate_Damage,L2_S3,-1824,1204,15358,1466,72,149,0,491.2
5210,20:11:17:450,2,Moderate_Damage,L2_S3,-1880,1330,15740,1325,73,124,0,873.2
5211,20:11:17:460,2,Moderate_Damage,L2_S3,-1980,1364,16022,1041,71,78,0,1155.2
5212,20:11:17:469,2,Moderate_Damage,L2_S3,-2016,1416,16200,643,48,13,0,1333.2
5213,20:11:17:479,2,Moderate_Damage,L2_S3,-2058,1444,16400,172,41,-50,0,1533.2
5214,20:11:17:490,2,Moderate_Damage,L2_S3,-2066,1398,16224,-337,16,-134,0,1357.2
5215,20:11:17:500,2,Moderate_Damage,L2_S3,-2020,1370,16158,-824,18,-217,0,1291.2
5216,20:11:17:510,2,Moderate_Damage,L2_S3,-1950,1322,15696,-1246,-7,-283,0,829.2
5217,20:11:17:520,2,Moderate_Damage,L2_S3,-1866,1188,15384,-1561,-2,-341,0,517.2
5218,20:11:17:530,2,Moderate_Damage,L2_S3,-1832,1088,14942,-1750,-18,-367,0,75.2
5219,20:11:17:540,2,Moderate_Damage,L2_S3,-1720,1080,14408,-1777,-13,-372,0,-458.8
5220,20:11:17:550,2,Moderate_Damage,L2_S3,-1696,882,14102,-1657,-11,-359,0,-764.8
5221,20:11:17:560,2,Moderate_Damage,L2_S3,-1600,852,13784,-1401,-7,-312,0,-1082.8
5222,20:11:17:570,2,Moderate_Damage,L2_S3,-1616,892,13468,-1034,4,-253,0,-1398.8
5223,20:11:17:580,2,Moderate_Damage,L2_S3,-1614,846,13424,-586,14,-177,0,-1442.8
5224,20:11:17:589,2,Moderate_Damage,L2_S3,-1542,834,13448,-105,32,-99,0,-1418.8
5225,20:11:17:599,2,Moderate_Damage,L2_S3,-1594,872,13672,367,44,-28,0,-1194.8
5226,20:11:17:609,2,Moderate_Damage,L2_S3,-1654,938,13898,781,62,36,0,-968.8
5227,20:11:17:619,2,Moderate_Damage,L2_S3,-1658,1002,14368,1091,64,79,0,-498.8
5228,20:11:17:630,2,Moderate_Damage,L2_S3,-1808,1110,14750,1280,62,113,0,-116.8
5229,20:11:17:640,2,Moderate_Damage,L2_S3,-1798,1160,15224,1326,72,117,0,357.2
5230,20:11:17:650,2,Moderate_Damage,L2_S3,-1894,1268,15546,1223,55,113,0,679.2
5231,20:11:17:659,2,Moderate_Damage,L2_S3,-1992,1368,15870,990,65,72,0,1003.2
5232,20:11:17:669,2,Moderate_Damage,L2_S3,-1982,1380,16132,646,54,13,0,1265.2
5233,20:11:17:679,2,Moderate_Damage,L2_S3,-2044,1406,16152,227,42,-49,0,1285.2
5234,20:11:17:690,2,Moderate_Damage,L2_S3,-2000,1354,16166,-233,37,-127,0,1299.2
5235,20:11:17:700,2,Moderate_Damage,L2_S3,-1968,1362,15986,-675,9,-189,0,1119.2
5236,20:11:17:710,2,Moderate_Damage,L2_S3,-1920,1268,15774,-1079,13,-257,0,907.2
5237,20:11:17:720,2,Moderate_Damage,L2_S3,-1900,1218,15340,-1393,1,-316,0,473.2
5238,20:11:17:730,2,Moderate_Damage,L2_S3,-1844,1174,14986,-1582,-7,-337,0,119.2
5239,20:11:17:740,2,Moderate_Damage,L2_S3,-1738,1056,14652,-1639,-10,-345,0,-214.8
5240,20:11:17:750,2,Moderate_Damage,L2_S3,-1732,992,14230,-1561,-5,-339,0,-636.8
5241,20:11:17:760,2,Moderate_Damage,L2_S3,-1666,918,13884,-1351,1,-303,0,-982.8
5242,20:11:17:770,2,Moderate_Damage,L2_S3,-1600,848,13680,-1034,1,-255,0,-1186.8
5243,20:11:17:780,2,Moderate_Damage,L2_S3,-1594,864,13584,-639,27,-192,0,-1282.8
5244,20:11:17:790,2,Moderate_Damage,L2_S3,-1578,898,13616,-201,21,-125,0,-1250.8
5245,20:11:17:799,2,Moderate_Damage,L2_S3,-1634,902,13646,238,45,-52,0,-1220.8
5246,20:11:17:809,2,Moderate_Damage,L2_S3,-1664,950,13940,623,53,12,0,-926.8
5247,20:11:17:819,2,Moderate_Damage,L2_S3,-1746,1034,14296,933,58,61,0,-570.8
5248,20:11:17:830,2,Moderate_Damage,L2_S3,-1732,1050,14722,1122,61,87,0,-144.8
5249,20:11:17:840,2,Moderate_Damage,L2_S3,-1860,1138,15144,1199,65,99,0,277.2
5250,20:11:17:850,2,Moderate_Damage,L2_S3,-1860,1212,15448,1120,51,98,0,581.2
5251,20:11:17:859,2,Moderate_Damage,L2_S3,-1924,1322,15760,936,64,63,0,893.2
5252,20:11:17:869,2,Moderate_Damage,L2_S3,-2010,1328,15966,639,52,14,0,1099.2
5253,20:11:17:880,2,Moderate_Damage,L2_S3,-2016,1336,16066,277,50,-45,0,1199.2
5254,20:11:17:890,2,Moderate_Damage,L2_S3,-2066,1376,16080,-146,29,-108,0,1213.2
5255,20:11:17:900,2,Moderate_Damage,L2_S3,-1924,1310,15910,-558,20,-177,0,1043.2
5256,20:11:17:910,2,Moderate_Damage,L2_S3,-1982,1270,15698,-939,9,-236,0,831.2
5257,20:11:17:920,2,Moderate_Damage,L2_S3,-1850,1218,15440,-1235,-3,-281,0,573.2
5258,20:11:17:930,2,Moderate_Damage,L2_S3,-1802,1196,15118,-1435,5,-318,0,251.2
5259,20:11:17:940,2,Moderate_Damage,L2_S3,-1814,1066,14668,-1510,-11,-327,0,-198.8
5260,20:11:17:950,2,Moderate_Damage,L2_S3,-1678,1050,14360,-1461,-11,-322,0,-506.8
5261,20:11:17:960,2,Moderate_Damage,L2_S3,-1700,960,14092,-1286,9,-299,0,-774.8
5262,20:11:17:970,2,Moderate_Damage,L2_S3,-1678,894,13832,-1017,-6,-250,0,-1034.8
5263,20:11:17:980,2,Moderate_Damage,L2_S3,-1628,878,13736,-675,19,-199,0,-1130.8
5264,20:11:17:990,2,Moderate_Damage,L2_S3,-1636,898,13718,-278,27,-132,0,-1148.8
5265,20:11:18:000,2,Moderate_Damage,L2_S3,-1604,880,13808,119,33,-73,0,-1058.8
5266,20:11:18:010,2,Moderate_Damage,L2_S3,-1704,914,14040,485,49,-14,0,-826.8
5267,20:11:18:020,2,Moderate_Damage,L2_S3,-1704,1020,14290,776,55,33,0,-576.8
5268,20:11:18:030,2,Moderate_Damage,L2_S3,-1708,1066,14648,976,55,67,0,-218.8
5269,20:11:18:040,2,Moderate_Damage,L2_S3,-1878,1174,14982,1057,61,81,0,115.2
5270,20:11:18:050,2,Moderate_Damage,L2_S3,-1866,1268,15338,1027,64,74,0,471.2
5271,20:11:18:059,2,Moderate_Damage,L2_S3,-1908,1276,15626,875,55,57,0,759.2
5272,20:11:18:069,2,Moderate_Damage,L2_S3,-1920,1318,15814,618,55,7,0,947.2
5273,20:11:18:080,2,Moderate_Damage,L2_S3,-2008,1368,15870,305,35,-38,0,1003.2
5274,20:11:18:090,2,Moderate_Damage,L2_S3,-2002,1388,15940,-76,32,-95,0,1073.2
5275,20:11:18:100,2,Moderate_Damage,L2_S3,-2012,1338,15876,-455,28,-159,0,1009.2
5276,20:11:18:110,2,Moderate_Damage,L2_S3,-1938,1316,15654,-808,12,-210,0,787.2
5277,20:11:18:120,2,Moderate_Damage,L2_S3,-1944,1232,15410,-1094,12,-265,0,543.2
5278,20:11:18:130,2,Moderate_Damage,L2_S3,-1880,1182,15146,-1289,7,-301,0,279.2
5279,20:11:18:140,2,Moderate_Damage,L2_S3,-1792,1112,14776,-1387,-5,-306,0,-90.8
5280,20:11:18:150,2,Moderate_Damage,L2_S3,-1706,1026,14474,-1368,-1,-310,0,-392.8
5281,20:11:18:160,2,Moderate_Damage,L2_S3,-1712,1002,14194,-1239,3,-288,0,-672.8
5282,20:11:18:170,2,Moderate_Damage,L2_S3,-1672,936,13982,-1002,2,-256,0,-884.8
5283,20:11:18:180,2,Moderate_Damage,L2_S3,-1738,902,13840,-694,20,-207,0,-1026.8
5284,20:11:18:190,2,Moderate_Damage,L2_S3,-1646,908,13790,-344,22,-143,0,-1076.8
5285,20:11:18:200,2,Moderate_Damage,L2_S3,-1670,916,13934,23,35,-85,0,-932.8
5286,20:11:18:210,2,Moderate_Damage,L2_S3,-1616,936,14044,361,49,-33,0,-822.8
5287,20:11:18:219,2,Moderate_Damage,L2_S3,-1690,990,14314,643,45,22,0,-552.8
5288,20:11:18:230,2,Moderate_Damage,L2_S3,-1736,1036,14558,843,59,47,0,-308.8
5289,20:11:18:240,2,Moderate_Damage,L2_S3,-1778,1120,14892,945,48,62,0,25.2
5290,20:11:18:250,2,Moderate_Damage,L2_S3,-1862,1182,15196,942,71,60,0,329.2
5291,20:11:18:260,2,Moderate_Damage,L2_S3,-1912,1268,15484,818,49,38,0,617.2
5292,20:11:18:270,2,Moderate_Damage,L2_S3,-1946,1244,15630,606,51,8,0,763.2
5293,20:11:18:280,2,Moderate_Damage,L2_S3,-1958,1260,15860,314,42,-47,0,993.2
5294,20:11:18:290,2,Moderate_Damage,L2_S3,-1932,1364,15836,-15,36,-98,0,969.2
5295,20:11:18:300,2,Moderate_Damage,L2_S3,-1940,1310,15790,-364,22,-145,0,923.2
5296,20:11:18:310,2,Moderate_Damage,L2_S3,-1930,1320,15690,-689,15,-198,0,823.2
5297,20:11:18:320,2,Moderate_Damage,L2_S3,-1928,1230,15452,-967,7,-238,0,585.2
5298,20:11:18:330,2,Moderate_Damage,L2_S3,-1834,1174,15174,-1171,10,-274,0,307.2
5299,20:11:18:340,2,Moderate_Damage,L2_S3,-1854,1088,14874,-1271,3,-291,0,7.2
5300,20:11:18:350,2,Moderate_Damage,L2_S3,-1740,1056,14566,-1269,-6,-295,0,-300.8
5301,20:11:18:360,2,Moderate_Damage,L2_S3,-1744,964,14292,-1169,23,-277,0,-574.8
5302,20:11:18:370,2,Moderate_Damage,L2_S3,-1674,930,14046,-972,-5,-241,0,-820.8
5303,20:11:18:380,2,Moderate_Damage,L2_S3,-1698,912,13884,-704,16,-197,0,-982.8
5304,20:11:18:390,2,Moderate_Damage,L2_S3,-1696,890,13926,-384,24,-145,0,-940.8
5305,20:11:18:400,2,Moderate_Damage,L2_S3,-1666,930,13966,-60,19,-93,0,-900.8
5306,20:11:18:410,2,Moderate_Damage,L2_S3,-1710,914,14164,268,50,-47,0,-702.8
5307,20:11:18:420,2,Moderate_Damage,L2_S3,-1734,1032,14342,529,30,-13,0,-524.8
5308,20:11:18:430,2,Moderate_Damage,L2_S3,-1724,1082,14508,730,56,30,0,-358.8
5309,20:11:18:440,2,Moderate_Damage,L2_S3,-1782,1134,14896,833,53,42,0,29.2
5310,20:11:18:450,2,Moderate_Damage,L2_S3,-1870,1132,15180,846,59,45,0,313.2
5311,20:11:18:460,2,Moderate_Damage,L2_S3,-1852,1252,15422,749,63,34,0,555.2
5312,20:11:18:470,2,Moderate_Damage,L2_S3,-1884,1250,15568,578,43,3,0,701.2
5313,20:11:18:480,2,Moderate_Damage,L2_S3,-1958,1314,15754,313,42,-41,0,887.2
5314,20:11:18:490,2,Moderate_Damage,L2_S3,-1926,1272,15766,22,29,-85,0,899.2
5315,20:11:18:500,2,Moderate_Damage,L2_S3,-1950,1286,15690,-301,27,-133,0,823.2
5316,20:11:18:510,2,Moderate_Damage,L2_S3,-1932,1292,15526,-591,11,-180,0,659.2
5317,20:11:18:520,2,Moderate_Damage,L2_S3,-1928,1242,15414,-862,11,-226,0,547.2
5318,20:11:18:530,2,Moderate_Damage,L2_S3,-1898,1218,15174,-1047,3,-260,0,307.2
5319,20:11:18:540,2,Moderate_Damage,L2_S3,-1816,1102,14884,-1169,8,-276,0,17.2
5320,20:11:18:550,2,Moderate_Damage,L2_S3,-1792,1024,14610,-1183,9,-267,0,-256.8
5321,20:11:18:560,2,Moderate_Damage,L2_S3,-1728,1022,14358,-1109,-4,-262,0,-508.8
5322,20:11:18:570,2,Moderate_Damage,L2_S3,-1752,970,14166,-945,26,-235,0,-700.8
5323,20:11:18:580,2,Moderate_Damage,L2_S3,-1650,964,14020,-707,8,-195,0,-846.8
5324,20:11:18:590,2,Moderate_Damage,L2_S3,-1686,946,13970,-424,25,-157,0,-896.8
5325,20:11:18:600,2,Moderate_Damage,L2_S3,-1666,892,14012,-123,41,-107,0,-854.8
5326,20:11:18:610,2,Moderate_Damage,L2_S3,-1738,966,14114,169,38,-58,0,-752.8
5327,20:11:18:620,2,Moderate_Damage,L2_S3,-1708,1034,14278,418,63,-28,0,-588.8
5328,20:11:18:630,2,Moderate_Damage,L2_S3,-1720,1036,14570,617,47,10,0,-296.8
5329,20:11:18:640,2,Moderate_Damage,L2_S3,-1740,1090,14866,731,48,25,0,-0.8
5330,20:11:18:650,2,Moderate_Damage,L2_S3,-1824,1140,15044,754,57,28,0,177.2
5331,20:11:18:660,2,Moderate_Damage,L2_S3,-1880,1252,15288,690,41,18,0,421.2
5332,20:11:18:670,2,Moderate_Damage,L2_S3,-1930,1208,15476,539,56,-6,0,609.2
5333,20:11:18:680,2,Moderate_Damage,L2_S3,-1912,1302,15692,316,38,-34,0,825.2
5334,20:11:18:690,2,Moderate_Damage,L2_S3,-1934,1316,15628,61,37,-81,0,761.2
5335,20:11:18:700,2,Moderate_Damage,L2_S3,-1968,1290,15650,-228,28,-120,0,783.2
5336,20:11:18:710,2,Moderate_Damage,L2_S3,-1950,1334,15524,-513,18,-159,0,657.2
5337,20:11:18:720,2,Moderate_Damage,L2_S3,-1838,1200,15384,-760,13,-212,0,517.2
5338,20:11:18:730,2,Moderate_Damage,L2_S3,-1878,1238,15162,-953,0,-240,0,295.2
5339,20:11:18:740,2,Moderate_Damage,L2_S3,-1836,1176,14956,-1063,4,-258,0,89.2
5340,20:11:18:750,2,Moderate_Damage,L2_S3,-1822,1046,14674,-1098,8,-262,0,-192.8
5341,20:11:18:760,2,Moderate_Damage,L2_S3,-1750,1006,14482,-1043,18,-254,0,-384.8
5342,20:11:18:770,2,Moderate_Damage,L2_S3,-1668,996,14348,-904,16,-233,0,-518.8
5343,20:11:18:780,2,Moderate_Damage,L2_S3,-1756,984,14102,-705,7,-207,0,-764.8
5344,20:11:18:790,2,Moderate_Damage,L2_S3,-1684,934,14072,-456,25,-164,0,-794.8
5345,20:11:18:800,2,Moderate_Damage,L2_S3,-1672,968,14054,-183,27,-116,0,-812.8
5346,20:11:18:810,2,Moderate_Damage,L2_S3,-1690,970,14156,95,40,-75,0,-710.8
5347,20:11:18:820,2,Moderate_Damage,L2_S3,-1724,978,14366,333,37,-35,0,-500.8
5348,20:11:18:830,2,Moderate_Damage,L2_S3,-1712,1058,14544,519,46,0,0,-322.8
5349,20:11:18:840,2,Moderate_Damage,L2_S3,-1802,1096,14736,636,49,11,0,-130.8
5350,20:11:18:850,2,Moderate_Damage,L2_S3,-1818,1168,14996,667,42,16,0,129.2
5351,20:11:18:860,2,Moderate_Damage,L2_S3,-1856,1208,15224,629,56,12,0,357.2
5352,20:11:18:870,2,Moderate_Damage,L2_S3,-1894,1188,15408,499,35,-6,0,541.2
5353,20:11:18:880,2,Moderate_Damage,L2_S3,-1916,1262,15550,315,47,-36,0,683.2
5354,20:11:18:890,2,Moderate_Damage,L2_S3,-1934,1298,15614,73,35,-75,0,747.2
5355,20:11:18:900,2,Moderate_Damage,L2_S3,-1890,1256,15572,-188,24,-118,0,705.2
5356,20:11:18:910,2,Moderate_Damage,L2_S3,-1928,1256,15532,-441,28,-164,0,665.2
5357,20:11:18:920,2,Moderate_Damage,L2_S3,-1872,1230,15414,-674,11,-200,0,547.2
5358,20:11:18:930,2,Moderate_Damage,L2_S3,-1876,1182,15216,-855,9,-230,0,349.2
5359,20:11:18:940,2,Moderate_Damage,L2_S3,-1838,1140,14910,-973,4,-239,0,43.2
5360,20:11:18:950,2,Moderate_Damage,L2_S3,-1846,1108,14716,-1017,0,-246,0,-150.8
5361,20:11:18:960,2,Moderate_Damage,L2_S3,-1742,1004,14530,-980,28,-249,0,-336.8
5362,20:11:18:970,2,Moderate_Damage,L2_S3,-1756,980,14354,-871,4,-223,0,-512.8
5363,20:11:18:980,2,Moderate_Damage,L2_S3,-1688,956,14164,-682,29,-200,0,-702.8
5364,20:11:18:990,2,Moderate_Damage,L2_S3,-1710,994,14182,-474,14,-161,0,-684.8
5365,20:11:19:000,2,Moderate_Damage,L2_S3,-1648,1006,14156,-214,27,-128,0,-710.8
5366,20:11:19:010,2,Moderate_Damage,L2_S3,-1652,1000,14230,21,43,-89,0,-636.8
5367,20:11:19:020,2,Moderate_Damage,L2_S3,-1740,1000,14426,249,37,-46,0,-440.8
5368,20:11:19:030,2,Moderate_Damage,L2_S3,-1754,1016,14504,421,55,-26,0,-362.8
5369,20:11:19:040,2,Moderate_Damage,L2_S3,-1752,1054,14768,545,44,5,0,-98.8
5370,20:11:19:050,2,Moderate_Damage,L2_S3,-1832,1134,14998,593,44,9,0,131.2
5371,20:11:19:060,2,Moderate_Damage,L2_S3,-1842,1206,15218,563,48,2,0,351.2
5372,20:11:19:070,2,Moderate_Damage,L2_S3,-1936,1258,15328,457,37,-18,0,461.2
5373,20:11:19:080,2,Moderate_Damage,L2_S3,-1882,1194,15456,298,42,-42,0,589.2
5374,20:11:19:090,2,Moderate_Damage,L2_S3,-1894,1290,15560,95,25,-75,0,693.2
5375,20:11:19:100,2,Moderate_Damage,L2_S3,-1960,1260,15540,-138,35,-111,0,673.2
5376,20:11:19:110,2,Moderate_Damage,L2_S3,-1850,1252,15544,-380,22,-150,0,677.2
5377,20:11:19:120,2,Moderate_Damage,L2_S3,-1888,1242,15344,-592,16,-181,0,477.2
5378,20:11:19:130,2,Moderate_Damage,L2_S3,-1826,1148,15140,-773,27,-208,0,273.2
5379,20:11:19:140,2,Moderate_Damage,L2_S3,-1798,1174,15104,-889,9,-229,0,237.2
5380,20:11:19:150,2,Moderate_Damage,L2_S3,-1824,1152,14710,-936,14,-239,0,-156.8
5381,20:11:19:160,2,Moderate_Damage,L2_S3,-1754,1074,14564,-917,13,-239,0,-302.8
5382,20:11:19:170,2,Moderate_Damage,L2_S3,-1728,1052,14398,-830,12,-219,0,-468.8
5383,20:11:19:180,2,Moderate_Damage,L2_S3,-1740,1028,14274,-674,26,-200,0,-592.8
5384,20:11:19:190,2,Moderate_Damage,L2_S3,-1708,972,14244,-482,8,-161,0,-622.8
5385,20:11:19:200,2,Moderate_Damage,L2_S3,-1674,972,14188,-257,37,-127,0,-678.8
5386,20:11:19:210,2,Moderate_Damage,L2_S3,-1650,978,14196,-36,24,-92,0,-670.8
5387,20:11:19:220,2,Moderate_Damage,L2_S3,-1736,1028,14386,176,38,-65,0,-480.8
5388,20:11:19:230,2,Moderate_Damage,L2_S3,-1770,1052,14464,343,48,-32,0,-402.8
5389,20:11:19:240,2,Moderate_Damage,L2_S3,-1816,1138,14648,461,47,-9,0,-218.8
5390,20:11:19:250,2,Moderate_Damage,L2_S3,-1832,1124,14956,515,50,-6,0,89.2
5391,20:11:19:260,2,Moderate_Damage,L2_S3,-1850,1134,15122,510,41,-11,0,255.2
5392,20:11:19:270,2,Moderate_Damage,L2_S3,-1836,1224,15388,424,46,-22,0,521.2
5393,20:11:19:280,2,Moderate_Damage,L2_S3,-1872,1234,15436,286,43,-40,0,569.2
5394,20:11:19:290,2,Moderate_Damage,L2_S3,-1912,1242,15480,96,47,-69,0,613.2
5395,20:11:19:300,2,Moderate_Damage,L2_S3,-1946,1276,15474,-106,29,-106,0,607.2
5396,20:11:19:310,2,Moderate_Damage,L2_S3,-1864,1250,15418,-325,25,-142,0,551.2
5397,20:11:19:320,2,Moderate_Damage,L2_S3,-1878,1210,15354,-522,25,-166,0,487.2
5398,20:11:19:330,2,Moderate_Damage,L2_S3,-1866,1214,15186,-695,19,-197,0,319.2
5399,20:11:19:340,2,Moderate_Damage,L2_S3,-1830,1158,15034,-821,15,-217,0,167.2
5400,20:11:19:350,2,Moderate_Damage,L2_S3,-1784,1114,14806,-866,7,-223,0,-60.8
5401,20:11:19:361,2,Moderate_Damage,L2_S3,-1736,1054,14622,-854,6,-221,0,-244.8
5402,20:11:19:370,2,Moderate_Damage,L2_S3,-1720,1024,14484,-786,24,-211,0,-382.8
5403,20:11:19:380,2,Moderate_Damage,L2_S3,-1698,974,14336,-662,10,-195,0,-530.8
5404,20:11:19:390,2,Moderate_Damage,L2_S3,-1682,1002,14300,-490,19,-172,0,-566.8
5405,20:11:19:400,2,Moderate_Damage,L2_S3,-1736,1028,14208,-284,26,-137,0,-658.8
5406,20:11:19:410,2,Moderate_Damage,L2_S3,-1678,946,14306,-81,29,-101,0,-560.8
5407,20:11:19:420,2,Moderate_Damage,L2_S3,-1730,1012,14406,112,46,-73,0,-460.8
5408,20:11:19:430,2,Moderate_Damage,L2_S3,-1760,1072,14542,281,44,-51,0,-324.8
5409,20:11:19:440,2,Moderate_Damage,L2_S3,-1758,1058,14728,394,51,-30,0,-138.8
5410,20:11:19:450,2,Moderate_Damage,L2_S3,-1816,1066,14946,457,42,-19,0,79.2
5411,20:11:19:460,2,Moderate_Damage,L2_S3,-1882,1160,15086,448,47,-16,0,219.2
5412,20:11:19:470,2,Moderate_Damage,L2_S3,-1866,1170,15232,387,50,-24,0,365.2
5413,20:11:19:480,2,Moderate_Damage,L2_S3,-1872,1206,15396,269,37,-45,0,529.2
5414,20:11:19:490,2,Moderate_Damage,L2_S3,-1904,1200,15402,108,38,-74,0,535.2
5415,20:11:19:500,2,Moderate_Damage,L2_S3,-1880,1252,15398,-87,25,-102,0,531.2
5416,20:11:19:510,2,Moderate_Damage,L2_S3,-1880,1224,15334,-281,28,-131,0,467.2
5417,20:11:19:520,2,Moderate_Damage,L2_S3,-1866,1214,15376,-473,25,-165,0,509.2
5418,20:11:19:530,2,Moderate_Damage,L2_S3,-1872,1170,15186,-630,15,-185,0,319.2
5419,20:11:19:540,2,Moderate_Damage,L2_S3,-1844,1152,15068,-743,17,-205,0,201.2
5420,20:11:19:550,2,Moderate_Damage,L2_S3,-1832,1118,14866,-796,9,-215,0,-0.8
5421,20:11:19:560,2,Moderate_Damage,L2_S3,-1740,1052,14684,-809,16,-213,0,-182.8
5422,20:11:19:571,2,Moderate_Damage,L2_S3,-1742,1036,14536,-744,16,-205,0,-330.8
5423,20:11:19:580,2,Moderate_Damage,L2_S3,-1752,1056,14384,-644,8,-194,0,-482.8
5424,20:11:19:590,2,Moderate_Damage,L2_S3,-1712,1018,14356,-485,24,-165,0,-510.8
5425,20:11:19:600,2,Moderate_Damage,L2_S3,-1692,1012,14336,-315,17,-140,0,-530.8
5426,20:11:19:610,2,Moderate_Damage,L2_S3,-1738,982,14352,-113,32,-100,0,-514.8
5427,20:11:19:620,2,Moderate_Damage,L2_S3,-1728,1020,14398,60,38,-82,0,-468.8
5428,20:11:19:630,2,Moderate_Damage,L2_S3,-1772,1060,14494,216,37,-62,0,-372.8
5429,20:11:19:640,2,Moderate_Damage,L2_S3,-1748,1054,14706,325,52,-43,0,-160.8
5430,20:11:19:650,2,Moderate_Damage,L2_S3,-1810,1108,14838,394,45,-28,0,-28.8
5431,20:11:19:660,2,Moderate_Damage,L2_S3,-1852,1100,14996,394,46,-25,0,129.2
5432,20:11:19:670,2,Moderate_Damage,L2_S3,-1858,1160,15214,349,47,-26,0,347.2
5433,20:11:19:680,2,Moderate_Damage,L2_S3,-1874,1232,15330,245,34,-48,0,463.2
5434,20:11:19:690,2,Moderate_Damage,L2_S3,-1904,1248,15354,104,36,-73,0,487.2
5435,20:11:19:700,2,Moderate_Damage,L2_S3,-1904,1202,15426,-69,36,-100,0,559.2
5436,20:11:19:710,2,Moderate_Damage,L2_S3,-1882,1224,15370,-250,28,-132,0,503.2
5437,20:11:19:720,2,Moderate_Damage,L2_S3,-1876,1230,15314,-421,20,-151,0,447.2
5438,20:11:19:730,2,Moderate_Damage,L2_S3,-1856,1150,15128,-573,16,-180,0,261.2
5439,20:11:19:740,2,Moderate_Damage,L2_S3,-1846,1138,15002,-681,14,-195,0,135.2
5440,20:11:19:750,2,Moderate_Damage,L2_S3,-1758,1102,14900,-745,16,-212,0,33.2
5441,20:11:19:760,2,Moderate_Damage,L2_S3,-1760,1104,14732,-749,11,-204,0,-134.8
5442,20:11:19:770,2,Moderate_Damage,L2_S3,-1696,1076,14572,-707,28,-203,0,-294.8
5443,20:11:19:780,2,Moderate_Damage,L2_S3,-1728,1050,14438,-622,12,-191,0,-428.8
5444,20:11:19:790,2,Moderate_Damage,L2_S3,-1720,1030,14398,-489,29,-162,0,-468.8
5445,20:11:19:800,2,Moderate_Damage,L2_S3,-1686,1022,14274,-324,14,-138,0,-592.8
5446,20:11:19:810,2,Moderate_Damage,L2_S3,-1770,1002,14386,-152,33,-110,0,-480.8
5447,20:11:19:820,2,Moderate_Damage,L2_S3,-1752,1032,14466,14,26,-76,0,-400.8
5448,20:11:19:830,2,Moderate_Damage,L2_S3,-1748,1058,14614,157,39,-57,0,-252.8
5449,20:11:19:840,2,Moderate_Damage,L2_S3,-1796,1066,14656,269,26,-43,0,-210.8
5450,20:11:19:850,2,Moderate_Damage,L2_S3,-1820,1118,14816,331,43,-47,0,-50.8
5451,20:11:19:860,2,Moderate_Damage,L2_S3,-1850,1152,14986,345,41,-31,0,119.2
5452,20:11:19:870,2,Moderate_Damage,L2_S3,-1858,1186,15058,304,45,-48,0,191.2
5453,20:11:19:880,2,Moderate_Damage,L2_S3,-1852,1184,15216,222,47,-51,0,349.2
5454,20:11:19:890,2,Moderate_Damage,L2_S3,-1890,1192,15278,92,39,-70,0,411.2
5455,20:11:19:900,2,Moderate_Damage,L2_S3,-1894,1232,15280,-56,40,-102,0,413.2
5456,20:11:19:911,2,Moderate_Damage,L2_S3,-1836,1248,15280,-220,26,-116,0,413.2
5457,20:11:19:920,2,Moderate_Damage,L2_S3,-1884,1180,15270,-372,37,-144,0,403.2
5458,20:11:19:930,2,Moderate_Damage,L2_S3,-1850,1144,15100,-516,24,-167,0,233.2
5459,20:11:19:940,2,Moderate_Damage,L2_S3,-1858,1142,15054,-624,19,-183,0,187.2
5460,20:11:19:950,2,Moderate_Damage,L2_S3,-1790,1094,14898,-686,9,-198,0,31.2
5461,20:11:19:960,2,Moderate_Damage,L2_S3,-1774,1092,14738,-707,5,-203,0,-128.8
5462,20:11:19:970,2,Moderate_Damage,L2_S3,-1790,1070,14624,-666,18,-199,0,-242.8
5463,20:11:19:980,2,Moderate_Damage,L2_S3,-1714,950,14536,-600,10,-189,0,-330.8
5464,20:11:19:990,2,Moderate_Damage,L2_S3,-1790,1036,14392,-483,22,-162,0,-474.8
5465,20:11:20:000,2,Moderate_Damage,L2_S3,-1750,1010,14344,-342,24,-148,0,-522.8
5466,20:11:20:010,2,Moderate_Damage,L2_S3,-1704,984,14428,-180,24,-114,0,-438.8
5467,20:11:20:020,2,Moderate_Damage,L2_S3,-1748,1038,14450,-31,37,-93,0,-416.8
5468,20:11:20:030,2,Moderate_Damage,L2_S3,-1758,1040,14488,103,36,-73,0,-378.8
5469,20:11:20:040,2,Moderate_Damage,L2_S3,-1818,1098,14668,211,38,-54,0,-198.8
5470,20:11:20:050,2,Moderate_Damage,L2_S3,-1786,1066,14808,281,39,-46,0,-58.8
5471,20:11:20:060,2,Moderate_Damage,L2_S3,-1858,1150,15042,297,42,-46,0,175.2
5472,20:11:20:070,2,Moderate_Damage,L2_S3,-1854,1122,15148,274,39,-46,0,281.2
5473,20:11:20:080,2,Moderate_Damage,L2_S3,-1826,1198,15206,205,42,-60,0,339.2
5474,20:11:20:090,2,Moderate_Damage,L2_S3,-1870,1276,15210,94,42,-77,0,343.2
5475,20:11:20:100,2,Moderate_Damage,L2_S3,-1910,1192,15306,-50,43,-94,0,439.2
5476,20:11:20:110,2,Moderate_Damage,L2_S3,-1876,1214,15234,-184,35,-115,0,367.2
5477,20:11:20:120,2,Moderate_Damage,L2_S3,-1824,1186,15252,-339,27,-140,0,385.2
5478,20:11:20:130,2,Moderate_Damage,L2_S3,-1828,1202,15130,-465,33,-167,0,263.2
5479,20:11:20:141,2,Moderate_Damage,L2_S3,-1802,1128,15056,-576,14,-177,0,189.2
5480,20:11:20:150,2,Moderate_Damage,L2_S3,-1818,1146,14948,-638,20,-191,0,81.2
5481,20:11:20:160,2,Moderate_Damage,L2_S3,-1834,1092,14826,-662,14,-197,0,-40.8
5482,20:11:20:170,2,Moderate_Damage,L2_S3,-1816,1084,14708,-634,19,-193,0,-158.8
5483,20:11:20:181,2,Moderate_Damage,L2_S3,-1764,1096,14554,-571,15,-183,0,-312.8
5484,20:11:20:190,2,Moderate_Damage,L2_S3,-1740,1046,14476,-467,26,-167,0,-390.8
5485,20:11:20:200,2,Moderate_Damage,L2_S3,-1740,1044,14400,-349,21,-142,0,-466.8
5486,20:11:20:210,2,Moderate_Damage,L2_S3,-1770,1040,14422,-204,29,-128,0,-444.8
5487,20:11:20:220,2,Moderate_Damage,L2_S3,-1742,1068,14526,-63,36,-92,0,-340.8
5488,20:11:20:230,2,Moderate_Damage,L2_S3,-1776,1048,14568,66,30,-75,0,-298.8
5489,20:11:20:240,2,Moderate_Damage,L2_S3,-1766,1106,14694,165,51,-64,0,-172.8
5490,20:11:20:250,2,Moderate_Damage,L2_S3,-1786,1116,14810,228,38,-57,0,-56.8
5491,20:11:20:260,2,Moderate_Damage,L2_S3,-1836,1110,14980,255,47,-52,0,113.2
5492,20:11:20:270,2,Moderate_Damage,L2_S3,-1804,1092,15036,230,43,-55,0,169.2
5493,20:11:20:280,2,Moderate_Damage,L2_S3,-1812,1178,15088,180,38,-62,0,221.2
5494,20:11:20:290,2,Moderate_Damage,L2_S3,-1870,1160,15236,85,47,-77,0,369.2
5495,20:11:20:301,2,Moderate_Damage,L2_S3,-1872,1166,15190,-39,29,-86,0,323.2
5496,20:11:20:310,2,Moderate_Damage,L2_S3,-1880,1194,15268,-166,35,-115,0,401.2
5497,20:11:20:320,2,Moderate_Damage,L2_S3,-1846,1132,15234,-299,24,-133,0,367.2
5498,20:11:20:331,2,Moderate_Damage,L2_S3,-1896,1148,15130,-422,23,-149,0,263.2
5499,20:11:20:341,2,Moderate_Damage,L2_S3,-1842,1186,15032,-525,18,-177,0,165.2
5500,20:11:20:351,2,Moderate_Damage,L2_S3,-1832,1150,14870,-586,10,-184,0,3.2
5501,20:11:20:360,2,Moderate_Damage,L2_S3,-1810,1136,14832,-610,18,-185,0,-34.8
5502,20:11:20:370,2,Moderate_Damage,L2_S3,-1718,1116,14664,-609,16,-187,0,-202.8
5503,20:11:20:381,2,Moderate_Damage,L2_S3,-1756,1054,14618,-551,19,-178,0,-248.8
5504,20:11:20:391,2,Moderate_Damage,L2_S3,-1738,1064,14576,-466,22,-163,0,-290.8
5505,20:11:20:401,2,Moderate_Damage,L2_S3,-1768,1024,14452,-349,23,-147,0,-414.8
5506,20:11:20:411,2,Moderate_Damage,L2_S3,-1752,1018,14444,-223,29,-117,0,-422.8
5507,20:11:20:420,2,Moderate_Damage,L2_S3,-1742,1028,14514,-91,33,-95,0,-352.8
5508,20:11:20:430,2,Moderate_Damage,L2_S3,-1748,1042,14592,21,31,-79,0,-274.8
5509,20:11:20:440,2,Moderate_Damage,L2_S3,-1798,1086,14688,120,41,-67,0,-178.8
5510,20:11:20:450,2,Moderate_Damage,L2_S3,-1766,1106,14810,183,35,-56,0,-56.8
5511,20:11:20:460,2,Moderate_Damage,L2_S3,-1776,1108,14932,213,41,-60,0,65.2
5512,20:11:20:470,2,Moderate_Damage,L2_S3,-1810,1114,15074,203,38,-50,0,207.2
5513,20:11:20:480,2,Moderate_Damage,L2_S3,-1878,1168,15120,157,40,-63,0,253.2
5514,20:11:20:490,2,Moderate_Damage,L2_S3,-1886,1178,15150,70,27,-73,0,283.2
5515,20:11:20:501,2,Moderate_Damage,L2_S3,-1844,1174,15184,-31,34,-97,0,317.2
5516,20:11:20:511,2,Moderate_Damage,L2_S3,-1888,1218,15222,-159,32,-113,0,355.2
5517,20:11:20:521,2,Moderate_Damage,L2_S3,-1844,1176,15214,-281,30,-130,0,347.2
5518,20:11:20:531,2,Moderate_Damage,L2_S3,-1900,1178,15126,-390,19,-144,0,259.2
5519,20:11:20:541,2,Moderate_Damage,L2_S3,-1858,1118,15094,-479,22,-167,0,227.2
5520,20:11:20:551,2,Moderate_Damage,L2_S3,-1782,1144,14918,-547,18,-184,0,51.2
5521,20:11:20:561,2,Moderate_Damage,L2_S3,-1826,1072,14826,-577,17,-184,0,-40.8
5522,20:11:20:571,2,Moderate_Damage,L2_S3,-1808,1060,14714,-576,15,-180,0,-152.8
5523,20:11:20:581,2,Moderate_Damage,L2_S3,-1776,1022,14644,-523,18,-166,0,-222.8
5524,20:11:20:591,2,Moderate_Damage,L2_S3,-1818,1042,14580,-452,22,-156,0,-286.8
5525,20:11:20:601,2,Moderate_Damage,L2_S3,-1718,1070,14596,-348,23,-145,0,-270.8
5526,20:11:20:611,2,Moderate_Damage,L2_S3,-1766,1104,14430,-232,21,-123,0,-436.8
5527,20:11:20:621,2,Moderate_Damage,L2_S3,-1730,1040,14568,-123,34,-108,0,-298.8
5528,20:11:20:631,2,Moderate_Damage,L2_S3,-1740,1068,14580,-12,33,-84,0,-286.8
5529,20:11:20:640,2,Moderate_Damage,L2_S3,-1826,1108,14664,75,37,-71,0,-202.8
5530,20:11:20:651,2,Moderate_Damage,L2_S3,-1772,1136,14736,147,41,-64,0,-130.8
5531,20:11:20:660,2,Moderate_Damage,L2_S3,-1764,1122,14866,179,37,-54,0,-0.8
5532,20:11:20:670,2,Moderate_Damage,L2_S3,-1900,1118,15028,171,41,-63,0,161.2
5533,20:11:20:680,2,Moderate_Damage,L2_S3,-1834,1200,15096,131,45,-67,0,229.2
5534,20:11:20:690,2,Moderate_Damage,L2_S3,-1864,1194,15204,61,38,-77,0,337.2
5535,20:11:20:700,2,Moderate_Damage,L2_S3,-1818,1188,15104,-30,38,-87,0,237.2
5536,20:11:20:711,2,Moderate_Damage,L2_S3,-1816,1200,15188,-142,26,-118,0,321.2
5537,20:11:20:721,2,Moderate_Damage,L2_S3,-1872,1198,15168,-248,30,-132,0,301.2
5538,20:11:20:731,2,Moderate_Damage,L2_S3,-1834,1128,15096,-359,16,-149,0,229.2
5539,20:11:20:741,2,Moderate_Damage,L2_S3,-1836,1140,15038,-443,26,-156,0,171.2
5540,20:11:20:751,2,Moderate_Damage,L2_S3,-1766,1160,14964,-506,19,-169,0,97.2
5541,20:11:20:761,2,Moderate_Damage,L2_S3,-1802,1030,14882,-539,21,-173,0,15.2
5542,20:11:20:771,2,Moderate_Damage,L2_S3,-1784,1118,14778,-545,20,-172,0,-88.8
5543,20:11:20:781,2,Moderate_Damage,L2_S3,-1720,1008,14698,-499,18,-170,0,-168.8
5544,20:11:20:791,2,Moderate_Damage,L2_S3,-1832,1018,14616,-443,21,-156,0,-250.8
5545,20:11:20:801,2,Moderate_Damage,L2_S3,-1790,1050,14544,-343,19,-144,0,-322.8
5546,20:11:20:811,2,Moderate_Damage,L2_S3,-1752,1032,14574,-254,28,-131,0,-292.8
5547,20:11:20:821,2,Moderate_Damage,L2_S3,-1792,1014,14596,-135,29,-103,0,-270.8
5548,20:11:20:830,2,Moderate_Damage,L2_S3,-1746,1042,14670,-43,40,-99,0,-196.8
5549,20:11:20:841,2,Moderate_Damage,L2_S3,-1760,1046,14684,45,32,-82,0,-182.8
5550,20:11:20:851,2,Moderate_Damage,L2_S3,-1800,1122,14742,102,38,-74,0,-124.8
5551,20:11:20:861,2,Moderate_Damage,L2_S3,-1818,1110,14882,143,38,-69,0,15.2
5552,20:11:20:871,2,Moderate_Damage,L2_S3,-1836,1130,15014,140,35,-67,0,147.2
5553,20:11:20:881,2,Moderate_Damage,L2_S3,-1852,1146,15030,108,43,-66,0,163.2
5554,20:11:20:890,2,Moderate_Damage,L2_S3,-1832,1164,15102,45,28,-76,0,235.2
5555,20:11:20:901,2,Moderate_Damage,L2_S3,-1908,1136,15148,-36,29,-91,0,281.2
5556,20:11:20:911,2,Moderate_Damage,L2_S3,-1856,1164,15184,-131,32,-107,0,317.2
5557,20:11:20:921,2,Moderate_Damage,L2_S3,-1854,1162,15126,-239,32,-116,0,259.2
5558,20:11:20:931,2,Moderate_Damage,L2_S3,-1826,1128,15070,-325,25,-145,0,203.2
5559,20:11:20:941,2,Moderate_Damage,L2_S3,-1766,1200,15040,-402,22,-154,0,173.2
5560,20:11:20:951,2,Moderate_Damage,L2_S3,-1822,1134,14930,-475,14,-165,0,63.2
5561,20:11:20:961,2,Moderate_Damage,L2_S3,-1774,1096,14864,-508,32,-168,0,-2.8
5562,20:11:20:971,2,Moderate_Damage,L2_S3,-1806,1098,14788,-513,21,-173,0,-78.8
5563,20:11:20:981,2,Moderate_Damage,L2_S3,-1752,1098,14704,-480,29,-171,0,-162.8
5564,20:11:20:991,2,Moderate_Damage,L2_S3,-1718,1074,14626,-428,22,-160,0,-240.8
5565,20:11:21:001,2,Moderate_Damage,L2_S3,-1752,1058,14576,-348,27,-142,0,-290.8
5566,20:11:21:011,2,Moderate_Damage,L2_S3,-1750,1038,14664,-249,27,-126,0,-202.8
5567,20:11:21:021,2,Moderate_Damage,L2_S3,-1758,1080,14596,-160,26,-111,0,-270.8
5568,20:11:21:031,2,Moderate_Damage,L2_S3,-1738,1064,14564,-67,34,-93,0,-302.8
5569,20:11:21:041,2,Moderate_Damage,L2_S3,-1778,1078,14646,15,25,-84,0,-220.8
5570,20:11:21:051,2,Moderate_Damage,L2_S3,-1810,1112,14752,73,30,-69,0,-114.8
5571,20:11:21:061,2,Moderate_Damage,L2_S3,-1802,1142,14884,109,44,-73,0,17.2
5572,20:11:21:071,2,Moderate_Damage,L2_S3,-1810,1116,14918,111,35,-70,0,51.2
5573,20:11:21:081,2,Moderate_Damage,L2_S3,-1858,1136,15014,87,46,-70,0,147.2
5574,20:11:21:091,2,Moderate_Damage,L2_S3,-1812,1174,15084,42,30,-78,0,217.2
5575,20:11:21:101,2,Moderate_Damage,L2_S3,-1854,1178,15120,-43,37,-93,0,253.2
5576,20:11:21:111,2,Moderate_Damage,L2_S3,-1878,1184,15156,-216,30,-120,0,289.2
5577,20:11:21:121,2,Moderate_Damage,L2_S3,-1866,1174,15046,-305,31,-134,0,179.2
5578,20:11:21:131,2,Moderate_Damage,L2_S3,-1800,1100,15082,-383,21,-149,0,215.2
5579,20:11:21:141,2,Moderate_Damage,L2_S3,-1806,1178,14984,-443,24,-155,0,117.2
5580,20:11:21:151,2,Moderate_Damage,L2_S3,-1764,1078,14872,-477,17,-169,0,5.2
5581,20:11:21:161,2,Moderate_Damage,L2_S3,-1760,1100,14790,-476,21,-169,0,-76.8
5582,20:11:21:171,2,Moderate_Damage,L2_S3,-1778,1080,14744,-460,23,-159,0,-122.8
5583,20:11:21:181,2,Moderate_Damage,L2_S3,-1742,1068,14698,-412,27,-154,0,-168.8
5584,20:11:21:191,2,Moderate_Damage,L2_S3,-1788,1048,14644,-341,26,-132,0,-222.8
5585,20:11:21:201,2,Moderate_Damage,L2_S3,-1780,1088,14576,-258,29,-128,0,-290.8
5586,20:11:21:211,2,Moderate_Damage,L2_S3,-1786,1026,14638,-172,31,-117,0,-228.8
5587,20:11:21:221,2,Moderate_Damage,L2_S3,-1766,1038,14654,-88,30,-102,0,-212.8
5588,20:11:21:231,2,Moderate_Damage,L2_S3,-1784,1094,14648,-12,28,-96,0,-218.8
5589,20:11:21:241,2,Moderate_Damage,L2_S3,-1814,1064,14750,50,42,-78,0,-116.8
5590,20:11:21:251,2,Moderate_Damage,L2_S3,-1788,1100,14850,80,33,-71,0,-16.8
5591,20:11:21:261,2,Moderate_Damage,L2_S3,-1838,1130,14900,91,43,-76,0,33.2
5592,20:11:21:271,2,Moderate_Damage,L2_S3,-1848,1116,14948,62,31,-73,0,81.2
5593,20:11:21:281,2,Moderate_Damage,L2_S3,-1852,1190,14982,26,37,-83,0,115.2
5594,20:11:21:291,2,Moderate_Damage,L2_S3,-1848,1202,15066,-45,29,-93,0,199.2
5595,20:11:21:301,2,Moderate_Damage,L2_S3,-1904,1162,15122,-113,34,-106,0,255.2
5596,20:11:21:311,2,Moderate_Damage,L2_S3,-1820,1142,15122,-207,28,-120,0,255.2
5597,20:11:21:321,2,Moderate_Damage,L2_S3,-1874,1146,15094,-283,25,-131,0,227.2
5598,20:11:21:331,2,Moderate_Damage,L2_S3,-1828,1148,15038,-361,27,-146,0,171.2
5599,20:11:21:341,2,Moderate_Damage,L2_S3,-1850,1172,14902,-410,23,-157,0,35.2
5600,20:11:21:351,2,Moderate_Damage,L2_S3,-1834,1132,14894,-451,25,-155,0,27.2
5601,20:11:21:361,2,Moderate_Damage,L2_S3,-1792,1126,14772,-456,32,-160,0,-94.8
5602,20:11:21:371,2,Moderate_Damage,L2_S3,-1792,1086,14658,-448,23,-156,0,-208.8
5603,20:11:21:381,2,Moderate_Damage,L2_S3,-1788,1082,14588,-393,31,-157,0,-278.8
5604,20:11:21:391,2,Moderate_Damage,L2_S3,-1772,1122,14628,-341,24,-147,0,-238.8
5605,20:11:21:401,2,Moderate_Damage,L2_S3,-1786,1128,14608,-268,23,-131,0,-258.8
5606,20:11:21:411,2,Moderate_Damage,L2_S3,-1754,1078,14598,-189,35,-118,0,-268.8
5607,20:11:21:421,2,Moderate_Damage,L2_S3,-1770,1052,14678,-109,28,-111,0,-188.8
5608,20:11:21:431,2,Moderate_Damage,L2_S3,-1792,1096,14818,-34,35,-93,0,-48.8
5609,20:11:21:441,2,Moderate_Damage,L2_S3,-1766,1104,14852,15,39,-84,0,-14.8
5610,20:11:21:451,2,Moderate_Damage,L2_S3,-1806,1064,14862,53,38,-80,0,-4.8
5611,20:11:21:461,2,Moderate_Damage,L2_S3,-1792,1124,14918,61,44,-84,0,51.2
5612,20:11:21:471,2,Moderate_Damage,L2_S3,-1838,1170,14986,44,29,-79,0,119.2
5613,20:11:21:481,2,Moderate_Damage,L2_S3,-1862,1200,15056,10,41,-88,0,189.2
5614,20:11:21:491,2,Moderate_Damage,L2_S3,-1804,1180,15052,-48,34,-100,0,185.2
5615,20:11:21:501,2,Moderate_Damage,L2_S3,-1824,1178,15124,-123,32,-106,0,257.2
5616,20:11:21:511,2,Moderate_Damage,L2_S3,-1816,1136,15076,-193,32,-120,0,209.2
5617,20:11:21:521,2,Moderate_Damage,L2_S3,-1828,1160,15030,-274,28,-134,0,163.2
5618,20:11:21:531,2,Moderate_Damage,L2_S3,-1814,1156,15060,-338,24,-149,0,193.2
5619,20:11:21:541,2,Moderate_Damage,L2_S3,-1804,1154,14916,-392,17,-151,0,49.2
5620,20:11:21:553,2,Moderate_Damage,L2_S3,-1778,1088,14906,-421,23,-154,0,39.2
5621,20:11:21:561,2,Moderate_Damage,L2_S3,-1806,1094,14768,-433,28,-161,0,-98.8
5622,20:11:21:571,2,Moderate_Damage,L2_S3,-1826,1082,14746,-420,28,-163,0,-120.8
5623,20:11:21:581,2,Moderate_Damage,L2_S3,-1786,1070,14736,-383,26,-142,0,-130.8
5624,20:11:21:591,2,Moderate_Damage,L2_S3,-1730,1072,14650,-331,24,-139,0,-216.8
5625,20:11:21:601,2,Moderate_Damage,L2_S3,-1802,1074,14672,-268,29,-131,0,-194.8
5626,20:11:21:611,2,Moderate_Damage,L2_S3,-1766,1060,14660,-193,30,-118,0,-206.8
5627,20:11:21:621,2,Moderate_Damage,L2_S3,-1788,1086,14670,-119,30,-118,0,-196.8
5628,20:11:21:631,2,Moderate_Damage,L2_S3,-1804,1120,14690,-56,33,-99,0,-176.8
5629,20:11:21:641,2,Moderate_Damage,L2_S3,-1798,1076,14772,-3,39,-97,0,-94.8
5630,20:11:21:651,2,Moderate_Damage,L2_S3,-1780,1098,14788,27,38,-86,0,-78.8
5631,20:11:21:661,2,Moderate_Damage,L2_S3,-1816,1142,14828,40,33,-80,0,-38.8
5632,20:11:21:671,2,Moderate_Damage,L2_S3,-1780,1142,14948,29,39,-85,0,81.2
5633,20:11:21:681,2,Moderate_Damage,L2_S3,-1860,1148,15004,-1,32,-88,0,137.2
5634,20:11:21:691,2,Moderate_Damage,L2_S3,-1842,1150,15026,-53,38,-100,0,159.2
5635,20:11:21:701,2,Moderate_Damage,L2_S3,-1742,1178,15054,-115,30,-108,0,187.2
5636,20:11:21:711,2,Moderate_Damage,L2_S3,-1878,1188,14996,-187,30,-114,0,129.2
5637,20:11:21:721,2,Moderate_Damage,L2_S3,-1822,1116,15038,-258,33,-129,0,171.2
5638,20:11:21:731,2,Moderate_Damage,L2_S3,-1800,1124,15010,-322,21,-134,0,143.2
5639,20:11:21:741,2,Moderate_Damage,L2_S3,-1816,1146,14908,-372,29,-146,0,41.2
5640,20:11:21:751,2,Moderate_Damage,L2_S3,-1742,1134,14852,-403,19,-149,0,-14.8
5641,20:11:21:761,2,Moderate_Damage,L2_S3,-1774,1098,14860,-411,24,-145,0,-6.8
5642,20:11:21:771,2,Moderate_Damage,L2_S3,-1790,1062,14766,-404,20,-152,0,-100.8
5643,20:11:21:781,2,Moderate_Damage,L2_S3,-1822,1088,14734,-377,18,-151,0,-132.8
5644,20:11:21:791,2,Moderate_Damage,L2_S3,-1790,1064,14656,-317,19,-141,0,-210.8
5645,20:11:21:801,2,Moderate_Damage,L2_S3,-1786,1082,14668,-271,22,-128,0,-198.8
5646,20:11:21:811,2,Moderate_Damage,L2_S3,-1784,1082,14668,-203,26,-117,0,-198.8
5647,20:11:21:821,2,Moderate_Damage,L2_S3,-1788,1116,14714,-136,31,-107,0,-152.8
5648,20:11:21:831,2,Moderate_Damage,L2_S3,-1794,1114,14686,-76,34,-104,0,-180.8
5649,20:11:21:841,2,Moderate_Damage,L2_S3,-1772,1130,14744,-28,38,-103,0,-122.8
5650,20:11:21:851,2,Moderate_Damage,L2_S3,-1832,1134,14810,14,34,-92,0,-56.8
5651,20:11:21:861,2,Moderate_Damage,L2_S3,-1774,1118,14944,13,28,-85,0,77.2
5652,20:11:21:871,2,Moderate_Damage,L2_S3,-1836,1130,14994,11,31,-83,0,127.2
5653,20:11:21:881,2,Moderate_Damage,L2_S3,-1782,1178,15046,-18,29,-87,0,179.2
5654,20:11:21:891,2,Moderate_Damage,L2_S3,-1814,1122,15066,-56,35,-94,0,199.2
5655,20:11:21:901,2,Moderate_Damage,L2_S3,-1840,1126,15076,-124,31,-104,0,209.2
5656,20:11:21:911,2,Moderate_Damage,L2_S3,-1834,1176,15046,-174,35,-117,0,179.2
5657,20:11:21:921,2,Moderate_Damage,L2_S3,-1846,1142,15064,-244,32,-127,0,197.2
5658,20:11:21:931,2,Moderate_Damage,L2_S3,-1838,1130,15030,-296,34,-138,0,163.2
5659,20:11:21:941,2,Moderate_Damage,L2_S3,-1830,1152,14946,-351,19,-135,0,79.2
5660,20:11:21:951,2,Moderate_Damage,L2_S3,-1810,1108,14900,-381,26,-150,0,33.2
5661,20:11:21:961,2,Moderate_Damage,L2_S3,-1826,1140,14916,-399,23,-149,0,49.2
5662,20:11:21:971,2,Moderate_Damage,L2_S3,-1768,1134,14818,-383,29,-144,0,-48.8
5663,20:11:21:981,2,Moderate_Damage,L2_S3,-1762,1090,14816,-365,26,-144,0,-50.8
5664,20:11:21:991,2,Moderate_Damage,L2_S3,-1752,1080,14736,-323,25,-139,0,-130.8
5665,20:11:22:002,2,Moderate_Damage,L2_S3,-1780,1104,14670,-260,32,-135,0,-196.8
5666,20:11:22:011,2,Moderate_Damage,L2_S3,-1790,1080,14618,-207,33,-124,0,-248.8
5667,20:11:22:021,2,Moderate_Damage,L2_S3,-1800,1076,14718,-149,27,-110,0,-148.8
5668,20:11:22:031,2,Moderate_Damage,L2_S3,-1782,1070,14768,-89,38,-107,0,-98.8
5669,20:11:22:041,2,Moderate_Damage,L2_S3,-1830,1138,14768,-39,26,-92,0,-98.8
5670,20:11:22:051,2,Moderate_Damage,L2_S3,-1772,1136,14796,-12,48,-87,0,-70.8
5671,20:11:22:061,2,Moderate_Damage,L2_S3,-1802,1096,14892,0,31,-83,0,25.2
5672,20:11:22:071,2,Moderate_Damage,L2_S3,-1800,1092,14966,-9,32,-86,0,99.2
5673,20:11:22:081,2,Moderate_Damage,L2_S3,-1806,1146,15000,-24,37,-89,0,133.2
5674,20:11:22:091,2,Moderate_Damage,L2_S3,-1800,1140,14948,-72,33,-94,0,81.2
5675,20:11:22:101,2,Moderate_Damage,L2_S3,-1816,1126,15056,-116,30,-104,0,189.2
5676,20:11:22:111,2,Moderate_Damage,L2_S3,-1842,1172,15022,-176,28,-113,0,155.2
5677,20:11:22:121,2,Moderate_Damage,L2_S3,-1826,1144,15000,-232,26,-123,0,133.2
5678,20:11:22:131,2,Moderate_Damage,L2_S3,-1810,1150,14998,-289,26,-134,0,131.2
5679,20:11:22:141,2,Moderate_Damage,L2_S3,-1814,1170,14906,-332,26,-144,0,39.2
5680,20:11:22:151,2,Moderate_Damage,L2_S3,-1778,1084,14908,-362,31,-150,0,41.2
5681,20:11:22:161,2,Moderate_Damage,L2_S3,-1774,1106,14838,-379,24,-141,0,-28.8
5682,20:11:22:172,2,Moderate_Damage,L2_S3,-1794,1140,14794,-366,25,-146,0,-72.8
5683,20:11:22:181,2,Moderate_Damage,L2_S3,-1802,1092,14784,-347,19,-145,0,-82.8
5684,20:11:22:191,2,Moderate_Damage,L2_S3,-1770,1084,14752,-315,28,-142,0,-114.8
5685,20:11:22:201,2,Moderate_Damage,L2_S3,-1792,1078,14694,-265,27,-133,0,-172.8
5686,20:11:22:211,2,Moderate_Damage,L2_S3,-1746,1066,14756,-212,28,-128,0,-110.8
5687,20:11:22:222,2,Moderate_Damage,L2_S3,-1812,1082,14722,-150,35,-122,0,-144.8
5688,20:11:22:232,2,Moderate_Damage,L2_S3,-1758,1072,14762,-105,26,-106,0,-104.8
5689,20:11:22:241,2,Moderate_Damage,L2_S3,-1788,1116,14754,-58,32,-100,0,-112.8
5690,20:11:22:251,2,Moderate_Damage,L2_S3,-1838,1118,14802,-27,29,-88,0,-64.8
5691,20:11:22:261,2,Moderate_Damage,L2_S3,-1802,1108,14836,-18,39,-84,0,-30.8
5692,20:11:22:271,2,Moderate_Damage,L2_S3,-1852,1120,14872,-23,32,-91,0,5.2
5693,20:11:22:281,2,Moderate_Damage,L2_S3,-1822,1156,14928,-39,36,-93,0,61.2
5694,20:11:22:291,2,Moderate_Damage,L2_S3,-1844,1166,15012,-79,34,-98,0,145.2
5695,20:11:22:301,2,Moderate_Damage,L2_S3,-1868,1118,15070,-119,31,-112,0,203.2
5696,20:11:22:311,2,Moderate_Damage,L2_S3,-1870,1140,14998,-172,28,-125,0,131.2
5697,20:11:22:321,2,Moderate_Damage,L2_S3,-1870,1154,14950,-220,32,-122,0,83.2
5698,20:11:22:331,2,Moderate_Damage,L2_S3,-1806,1136,15020,-267,23,-135,0,153.2
5699,20:11:22:341,2,Moderate_Damage,L2_S3,-1788,1152,14994,-311,27,-138,0,127.2
5700,20:11:22:351,2,Moderate_Damage,L2_S3,-1826,1148,14876,-348,24,-141,0,9.2
5701,20:11:22:361,2,Moderate_Damage,L2_S3,-1800,1116,14802,-361,29,-148,0,-64.8
5702,20:11:22:371,2,Moderate_Damage,L2_S3,-1810,1146,14784,-356,22,-138,0,-82.8
5703,20:11:22:381,2,Moderate_Damage,L2_S3,-1794,1100,14842,-344,21,-146,0,-24.8
5704,20:11:22:391,2,Moderate_Damage,L2_S3,-1810,1070,14776,-309,28,-144,0,-90.8
5705,20:11:22:401,2,Moderate_Damage,L2_S3,-1782,1072,14734,-264,27,-133,0,-132.8
5706,20:11:22:411,2,Moderate_Damage,L2_S3,-1800,1080,14760,-210,33,-118,0,-106.8
5707,20:11:22:421,2,Moderate_Damage,L2_S3,-1790,1082,14696,-171,26,-112,0,-170.8
5708,20:11:22:431,2,Moderate_Damage,L2_S3,-1808,1108,14744,-114,31,-107,0,-122.8
5709,20:11:22:441,2,Moderate_Damage,L2_S3,-1796,1122,14742,-75,25,-98,0,-124.8
5710,20:11:22:451,2,Moderate_Damage,L2_S3,-1830,1116,14834,-48,34,-101,0,-32.8
5711,20:11:22:461,2,Moderate_Damage,L2_S3,-1794,1100,14858,-36,34,-91,0,-8.8
5712,20:11:22:471,2,Moderate_Damage,L2_S3,-1830,1146,14876,-29,30,-96,0,9.2
5713,20:11:22:481,2,Moderate_Damage,L2_S3,-1834,1182,14946,-52,27,-100,0,79.2
5714,20:11:22:491,2,Moderate_Damage,L2_S3,-1784,1140,15048,-84,34,-101,0,181.2
5715,20:11:22:501,2,Moderate_Damage,L2_S3,-1834,1162,14974,-127,33,-103,0,107.2
5716,20:11:22:511,2,Moderate_Damage,L2_S3,-1816,1122,15064,-167,38,-118,0,197.2
5717,20:11:22:521,2,Moderate_Damage,L2_S3,-1822,1162,14996,-224,28,-124,0,129.2
5718,20:11:22:532,2,Moderate_Damage,L2_S3,-1836,1184,15002,-264,33,-130,0,135.2
5719,20:11:22:541,2,Moderate_Damage,L2_S3,-1792,1118,14960,-307,28,-142,0,93.2
5720,20:11:22:551,2,Moderate_Damage,L2_S3,-1826,1176,14798,-334,24,-143,0,-68.8
5721,20:11:22:562,2,Moderate_Damage,L2_S3,-1834,1058,14878,-345,24,-140,0,11.2
5722,20:11:22:571,2,Moderate_Damage,L2_S3,-1778,1122,14810,-340,25,-145,0,-56.8
5723,20:11:22:581,2,Moderate_Damage,L2_S3,-1794,1118,14776,-330,24,-141,0,-90.8
5724,20:11:22:591,2,Moderate_Damage,L2_S3,-1790,1072,14798,-303,30,-140,0,-68.8
5725,20:11:22:601,2,Moderate_Damage,L2_S3,-1786,1096,14736,-265,29,-131,0,-130.8
5726,20:11:22:611,2,Moderate_Damage,L2_S3,-1772,1076,14740,-221,30,-124,0,-126.8
5727,20:11:22:622,2,Moderate_Damage,L2_S3,-1812,1036,14776,-176,33,-126,0,-90.8
5728,20:11:22:632,2,Moderate_Damage,L2_S3,-1804,1098,14782,-126,29,-105,0,-84.8
5729,20:11:22:641,2,Moderate_Damage,L2_S3,-1822,1060,14738,-88,28,-99,0,-128.8
5730,20:11:22:651,2,Moderate_Damage,L2_S3,-1818,1134,14812,-63,38,-100,0,-54.8
5731,20:11:22:661,2,Moderate_Damage,L2_S3,-1792,1114,14800,-40,33,-92,0,-66.8
5732,20:11:22:671,2,Moderate_Damage,L2_S3,-1772,1118,14886,-40,35,-93,0,19.2
5733,20:11:22:681,2,Moderate_Damage,L2_S3,-1824,1152,14962,-56,33,-95,0,95.2
5734,20:11:22:691,2,Moderate_Damage,L2_S3,-1830,1172,15002,-84,35,-104,0,135.2
5735,20:11:22:701,2,Moderate_Damage,L2_S3,-1856,1128,15030,-122,32,-111,0,163.2
5736,20:11:22:711,2,Moderate_Damage,L2_S3,-1794,1120,14982,-168,29,-114,0,115.2
5737,20:11:22:721,2,Moderate_Damage,L2_S3,-1812,1162,14962,-208,33,-119,0,95.2
5738,20:11:22:732,2,Moderate_Damage,L2_S3,-1822,1170,14930,-254,26,-127,0,63.2
5739,20:11:22:741,2,Moderate_Damage,L2_S3,-1770,1138,14900,-290,26,-133,0,33.2
5740,20:11:22:752,2,Moderate_Damage,L2_S3,-1814,1168,14888,-317,29,-138,0,21.2
5741,20:11:22:762,2,Moderate_Damage,L2_S3,-1814,1100,14852,-333,28,-142,0,-14.8
5742,20:11:22:771,2,Moderate_Damage,L2_S3,-1786,1114,14836,-332,26,-139,0,-30.8
5743,20:11:22:782,2,Moderate_Damage,L2_S3,-1776,1094,14854,-316,24,-139,0,-12.8
5744,20:11:22:792,2,Moderate_Damage,L2_S3,-1776,1046,14780,-294,21,-133,0,-86.8
5745,20:11:22:802,2,Moderate_Damage,L2_S3,-1794,1092,14758,-256,28,-132,0,-108.8
5746,20:11:22:811,2,Moderate_Damage,L2_S3,-1794,1088,14736,-219,25,-123,0,-130.8
5747,20:11:22:822,2,Moderate_Damage,L2_S3,-1770,1080,14762,-173,36,-117,0,-104.8
5748,20:11:22:831,2,Moderate_Damage,L2_S3,-1804,1072,14752,-133,29,-113,0,-114.8
5749,20:11:22:842,2,Moderate_Damage,L2_S3,-1822,1082,14792,-92,35,-106,0,-74.8
5750,20:11:22:851,2,Moderate_Damage,L2_S3,-1778,1104,14808,-75,32,-99,0,-58.8
5751,20:11:22:861,2,Moderate_Damage,L2_S3,-1802,1140,14794,-60,35,-93,0,-72.8
5752,20:11:22:871,2,Moderate_Damage,L2_S3,-1794,1116,14882,-57,31,-95,0,15.2
5753,20:11:22:881,2,Moderate_Damage,L2_S3,-1834,1154,14898,-71,27,-95,0,31.2
5754,20:11:22:891,2,Moderate_Damage,L2_S3,-1804,1120,14908,-88,35,-100,0,41.2
5755,20:11:22:902,2,Moderate_Damage,L2_S3,-1806,1136,15006,-124,29,-105,0,139.2
5756,20:11:22:911,2,Moderate_Damage,L2_S3,-1832,1160,14982,-168,26,-118,0,115.2
5757,20:11:22:922,2,Moderate_Damage,L2_S3,-1778,1138,14982,-202,41,-118,0,115.2
5758,20:11:22:931,2,Moderate_Damage,L2_S3,-1836,1150,14954,-243,31,-118,0,87.2
5759,20:11:22:941,2,Moderate_Damage,L2_S3,-1824,1116,14944,-274,36,-132,0,77.2
5760,20:11:22:952,2,Moderate_Damage,L2_S3,-1830,1130,14898,-303,27,-139,0,31.2
5761,20:11:22:962,2,Moderate_Damage,L2_S3,-1784,1138,14894,-313,24,-133,0,27.2
5762,20:11:22:972,2,Moderate_Damage,L2_S3,-1800,1142,14812,-326,22,-134,0,-54.8
5763,20:11:22:982,2,Moderate_Damage,L2_S3,-1754,1078,14854,-307,31,-148,0,-12.8
5764,20:11:22:992,2,Moderate_Damage,L2_S3,-1824,1138,14850,-292,25,-129,0,-16.8
5765,20:11:23:002,2,Moderate_Damage,L2_S3,-1774,1102,14734,-247,30,-135,0,-132.8
5766,20:11:23:012,2,Moderate_Damage,L2_S3,-1744,1094,14744,-223,28,-124,0,-122.8
5767,20:11:23:022,2,Moderate_Damage,L2_S3,-1808,1084,14738,-180,32,-116,0,-128.8
5768,20:11:23:032,2,Moderate_Damage,L2_S3,-1796,1120,14788,-152,30,-113,0,-78.8
5769,20:11:23:042,2,Moderate_Damage,L2_S3,-1782,1068,14780,-111,29,-113,0,-86.8
5770,20:11:23:051,2,Moderate_Damage,L2_S3,-1796,1076,14802,-82,33,-103,0,-64.8
5771,20:11:23:062,2,Moderate_Damage,L2_S3,-1808,1084,14812,-63,23,-99,0,-54.8
5772,20:11:23:072,2,Moderate_Damage,L2_S3,-1828,1102,14868,-72,33,-100,0,1.2
5773,20:11:23:081,2,Moderate_Damage,L2_S3,-1808,1128,14904,-74,35,-99,0,37.2
5774,20:11:23:092,2,Moderate_Damage,L2_S3,-1804,1158,14964,-105,33,-104,0,97.2
5775,20:11:23:102,2,Moderate_Damage,L2_S3,-1842,1172,14956,-121,26,-102,0,89.2
5776,20:11:23:112,2,Moderate_Damage,L2_S3,-1864,1150,15000,-165,31,-114,0,133.2
5777,20:11:23:122,2,Moderate_Damage,L2_S3,-1880,1136,15026,-199,26,-121,0,159.2
5778,20:11:23:132,2,Moderate_Damage,L2_S3,-1842,1182,14988,-240,41,-132,0,121.2
5779,20:11:23:142,2,Moderate_Damage,L2_S3,-1792,1132,14930,-268,23,-132,0,63.2
5780,20:11:23:152,2,Moderate_Damage,L2_S3,-1798,1082,14914,-294,23,-137,0,47.2
5781,20:11:23:162,2,Moderate_Damage,L2_S3,-1816,1104,14856,-307,34,-138,0,-10.8
5782,20:11:23:172,2,Moderate_Damage,L2_S3,-1776,1092,14814,-311,19,-141,0,-52.8
5783,20:11:23:182,2,Moderate_Damage,L2_S3,-1828,1098,14782,-294,38,-140,0,-84.8
5784,20:11:23:192,2,Moderate_Damage,L2_S3,-1804,1060,14790,-285,27,-135,0,-76.8
5785,20:11:23:202,2,Moderate_Damage,L2_S3,-1784,1072,14726,-250,30,-131,0,-140.8
5786,20:11:23:212,2,Moderate_Damage,L2_S3,-1812,1068,14734,-218,25,-123,0,-132.8
5787,20:11:23:222,2,Moderate_Damage,L2_S3,-1820,1066,14740,-184,28,-120,0,-126.8
5788,20:11:23:232,2,Moderate_Damage,L2_S3,-1764,1144,14752,-145,27,-118,0,-114.8
5789,20:11:23:242,2,Moderate_Damage,L2_S3,-1758,1084,14802,-113,33,-109,0,-64.8
5790,20:11:23:252,2,Moderate_Damage,L2_S3,-1790,1066,14838,-93,28,-111,0,-28.8
5791,20:11:23:262,2,Moderate_Damage,L2_S3,-1784,1092,14842,-76,30,-102,0,-24.8
5792,20:11:23:272,2,Moderate_Damage,L2_S3,-1826,1136,14854,-72,36,-97,0,-12.8
5793,20:11:23:282,2,Moderate_Damage,L2_S3,-1800,1166,14952,-88,31,-106,0,85.2
5794,20:11:23:292,2,Moderate_Damage,L2_S3,-1770,1124,14922,-106,29,-106,0,55.2
5795,20:11:23:302,2,Moderate_Damage,L2_S3,-1856,1176,14962,-132,23,-108,0,95.2
5796,20:11:23:312,2,Moderate_Damage,L2_S3,-1824,1158,14942,-160,30,-108,0,75.2
5797,20:11:23:322,2,Moderate_Damage,L2_S3,-1802,1102,14976,-195,32,-122,0,109.2
5798,20:11:23:332,2,Moderate_Damage,L2_S3,-1824,1096,14920,-226,25,-117,0,53.2
5799,20:11:23:342,2,Moderate_Damage,L2_S3,-1820,1102,14892,-259,30,-136,0,25.2
5800,20:11:23:352,2,Moderate_Damage,L2_S3,-1798,1122,14806,-281,29,-133,0,-60.8
5801,20:11:23:362,2,Moderate_Damage,L2_S3,-1806,1136,14856,-295,27,-138,0,-10.8
5802,20:11:23:372,2,Moderate_Damage,L2_S3,-1824,1128,14852,-295,20,-137,0,-14.8
5803,20:11:23:382,2,Moderate_Damage,L2_S3,-1808,1126,14772,-294,29,-141,0,-94.8
5804,20:11:23:392,2,Moderate_Damage,L2_S3,-1798,1100,14700,-277,35,-137,0,-166.8
5805,20:11:23:402,2,Moderate_Damage,L2_S3,-1796,1122,14762,-259,29,-127,0,-104.8
5806,20:11:23:412,2,Moderate_Damage,L2_S3,-1808,1064,14742,-223,33,-122,0,-124.8
5807,20:11:23:422,2,Moderate_Damage,L2_S3,-1766,1112,14858,-192,24,-122,0,-8.8
5808,20:11:23:432,2,Moderate_Damage,L2_S3,-1828,1118,14704,-155,27,-114,0,-162.8
5809,20:11:23:442,2,Moderate_Damage,L2_S3,-1830,1080,14812,-132,35,-108,0,-54.8
5810,20:11:23:452,2,Moderate_Damage,L2_S3,-1836,1132,14832,-114,31,-104,0,-34.8
5811,20:11:23:462,2,Moderate_Damage,L2_S3,-1828,1128,14824,-98,36,-99,0,-42.8
5812,20:11:23:472,2,Moderate_Damage,L2_S3,-1808,1090,14900,-86,31,-97,0,33.2
5813,20:11:23:481,2,Moderate_Damage,L2_S3,-1834,1134,14854,-93,28,-99,0,-12.8
5814,20:11:23:492,2,Moderate_Damage,L2_S3,-1792,1150,14974,-108,41,-111,0,107.2
5815,20:11:23:502,2,Moderate_Damage,L2_S3,-1846,1154,14966,-137,31,-112,0,99.2
5816,20:11:23:512,2,Moderate_Damage,L2_S3,-1796,1118,15002,-154,33,-117,0,135.2
5817,20:11:23:522,2,Moderate_Damage,L2_S3,-1786,1136,14960,-183,39,-114,0,93.2
5818,20:11:23:532,2,Moderate_Damage,L2_S3,-1812,1094,14946,-228,28,-117,0,79.2
5819,20:11:23:542,2,Moderate_Damage,L2_S3,-1814,1132,14932,-256,27,-121,0,65.2
5820,20:11:23:552,2,Moderate_Damage,L2_S3,-1816,1146,14816,-278,24,-128,0,-50.8
5821,20:11:23:562,2,Moderate_Damage,L2_S3,-1828,1124,14852,-286,24,-139,0,-14.8
5822,20:11:23:572,2,Moderate_Damage,L2_S3,-1814,1102,14868,-289,20,-135,0,1.2
5823,20:11:23:582,2,Moderate_Damage,L2_S3,-1840,1144,14728,-286,22,-131,0,-138.8
5824,20:11:23:592,2,Moderate_Damage,L2_S3,-1774,1120,14832,-274,30,-137,0,-34.8
5825,20:11:23:602,2,Moderate_Damage,L2_S3,-1804,1088,14816,-250,22,-126,0,-50.8
5826,20:11:23:612,2,Moderate_Damage,L2_S3,-1774,1080,14816,-225,32,-126,0,-50.8
5827,20:11:23:622,2,Moderate_Damage,L2_S3,-1762,1062,14786,-194,27,-126,0,-80.8
5828,20:11:23:632,2,Moderate_Damage,L2_S3,-1800,1086,14782,-165,29,-119,0,-84.8
5829,20:11:23:642,2,Moderate_Damage,L2_S3,-1848,1100,14780,-138,30,-107,0,-86.8
5830,20:11:23:652,2,Moderate_Damage,L2_S3,-1766,1114,14786,-123,30,-104,0,-80.8
5831,20:11:23:662,2,Moderate_Damage,L2_S3,-1820,1104,14832,-104,33,-108,0,-34.8
5832,20:11:23:672,2,Moderate_Damage,L2_S3,-1844,1114,14854,-99,25,-110,0,-12.8
5833,20:11:23:682,2,Moderate_Damage,L2_S3,-1814,1138,14856,-96,34,-110,0,-10.8
5834,20:11:23:692,2,Moderate_Damage,L2_S3,-1848,1088,14936,-111,31,-112,0,69.2
5835,20:11:23:702,2,Moderate_Damage,L2_S3,-1808,1140,14976,-133,32,-108,0,109.2
5836,20:11:23:712,2,Moderate_Damage,L2_S3,-1832,1142,14980,-163,29,-105,0,113.2
5837,20:11:23:722,2,Moderate_Damage,L2_S3,-1882,1142,14960,-184,31,-109,0,93.2
5838,20:11:23:732,2,Moderate_Damage,L2_S3,-1836,1116,14988,-213,33,-127,0,121.2
5839,20:11:23:742,2,Moderate_Damage,L2_S3,-1830,1136,14880,-237,32,-130,0,13.2
5840,20:11:23:752,2,Moderate_Damage,L2_S3,-1792,1144,14884,-261,36,-138,0,17.2
5841,20:11:23:762,2,Moderate_Damage,L2_S3,-1814,1084,14900,-286,31,-135,0,33.2
5842,20:11:23:772,2,Moderate_Damage,L2_S3,-1780,1110,14736,-286,29,-132,0,-130.8
5843,20:11:23:782,2,Moderate_Damage,L2_S3,-1802,1080,14808,-279,32,-137,0,-58.8
5844,20:11:23:792,2,Moderate_Damage,L2_S3,-1842,1114,14818,-268,21,-133,0,-48.8
5845,20:11:23:802,2,Moderate_Damage,L2_S3,-1796,1078,14776,-241,29,-125,0,-90.8
5846,20:11:23:812,2,Moderate_Damage,L2_S3,-1784,1086,14842,-218,28,-124,0,-24.8
5847,20:11:23:822,2,Moderate_Damage,L2_S3,-1774,1110,14796,-193,33,-121,0,-70.8
5848,20:11:23:832,2,Moderate_Damage,L2_S3,-1782,1088,14750,-163,31,-112,0,-116.8
5849,20:11:23:842,2,Moderate_Damage,L2_S3,-1818,1116,14758,-142,30,-110,0,-108.8
5850,20:11:23:852,2,Moderate_Damage,L2_S3,-1824,1118,14814,-121,31,-115,0,-52.8
5851,20:11:23:862,2,Moderate_Damage,L2_S3,-1780,1076,14804,-109,28,-109,0,-62.8
5852,20:11:23:872,2,Moderate_Damage,L2_S3,-1796,1126,14828,-103,31,-106,0,-38.8
5853,20:11:23:882,2,Moderate_Damage,L2_S3,-1830,1088,14934,-104,28,-110,0,67.2
5854,20:11:23:892,2,Moderate_Damage,L2_S3,-1864,1124,14882,-115,33,-104,0,15.2
5855,20:11:23:902,2,Moderate_Damage,L2_S3,-1816,1142,14894,-132,35,-113,0,27.2
5856,20:11:23:912,2,Moderate_Damage,L2_S3,-1848,1120,14938,-156,30,-113,0,71.2
5857,20:11:23:922,2,Moderate_Damage,L2_S3,-1824,1130,14914,-184,32,-114,0,47.2
5858,20:11:23:932,2,Moderate_Damage,L2_S3,-1838,1100,14922,-218,29,-129,0,55.2
5859,20:11:23:942,2,Moderate_Damage,L2_S3,-1834,1138,14900,-236,23,-127,0,33.2
5860,20:11:23:952,2,Moderate_Damage,L2_S3,-1836,1100,14878,-253,24,-129,0,11.2
5861,20:11:23:962,2,Moderate_Damage,L2_S3,-1758,1112,14868,-274,30,-132,0,1.2
5862,20:11:23:972,2,Moderate_Damage,L2_S3,-1810,1130,14858,-278,26,-135,0,-8.8
5863,20:11:23:982,2,Moderate_Damage,L2_S3,-1786,1074,14814,-274,31,-126,0,-52.8
5864,20:11:23:992,2,Moderate_Damage,L2_S3,-1784,1102,14830,-260,26,-124,0,-36.8
5865,20:11:24:002,2,Moderate_Damage,L2_S3,-1848,1128,14788,-242,29,-129,0,-78.8
5866,20:11:24:012,2,Moderate_Damage,L2_S3,-1814,1092,14744,-225,33,-131,0,-122.8
5867,20:11:24:022,2,Moderate_Damage,L2_S3,-1814,1114,14814,-206,26,-118,0,-52.8
5868,20:11:24:032,2,Moderate_Damage,L2_S3,-1790,1088,14772,-170,41,-116,0,-94.8
5869,20:11:24:042,2,Moderate_Damage,L2_S3,-1808,1054,14818,-150,25,-109,0,-48.8
5870,20:11:24:052,2,Moderate_Damage,L2_S3,-1766,1160,14806,-125,29,-111,0,-60.8
5871,20:11:24:062,2,Moderate_Damage,L2_S3,-1798,1126,14876,-114,33,-106,0,9.2
5872,20:11:24:072,2,Moderate_Damage,L2_S3,-1828,1150,14916,-111,37,-104,0,49.2
5873,20:11:24:082,2,Moderate_Damage,L2_S3,-1790,1076,14912,-115,34,-109,0,45.2
5874,20:11:24:092,2,Moderate_Damage,L2_S3,-1818,1116,14900,-124,25,-108,0,33.2
5875,20:11:24:102,2,Moderate_Damage,L2_S3,-1782,1094,14964,-139,32,-110,0,97.2
5876,20:11:24:112,2,Moderate_Damage,L2_S3,-1810,1094,14850,-168,24,-117,0,-16.8
5877,20:11:24:122,2,Moderate_Damage,L2_S3,-1796,1096,14876,-183,32,-118,0,9.2
5878,20:11:24:132,2,Moderate_Damage,L2_S3,-1822,1104,14960,-216,32,-120,0,93.2
5879,20:11:24:142,2,Moderate_Damage,L2_S3,-1778,1122,14862,-225,25,-121,0,-4.8
5880,20:11:24:152,2,Moderate_Damage,L2_S3,-1806,1108,14884,-257,27,-127,0,17.2
5881,20:11:24:162,2,Moderate_Damage,L2_S3,-1816,1116,14946,-258,24,-132,0,79.2
5882,20:11:24:172,2,Moderate_Damage,L2_S3,-1816,1102,14858,-270,31,-131,0,-8.8
5883,20:11:24:182,2,Moderate_Damage,L2_S3,-1838,1078,14760,-258,27,-127,0,-106.8
5884,20:11:24:192,2,Moderate_Damage,L2_S3,-1770,1102,14802,-254,30,-138,0,-64.8
5885,20:11:24:202,2,Moderate_Damage,L2_S3,-1802,1116,14746,-235,30,-129,0,-120.8
5886,20:11:24:212,2,Moderate_Damage,L2_S3,-1852,1150,14752,-222,36,-125,0,-114.8
5887,20:11:24:222,2,Moderate_Damage,L2_S3,-1802,1110,14808,-200,25,-118,0,-58.8
5888,20:11:24:232,2,Moderate_Damage,L2_S3,-1796,1090,14810,-180,33,-115,0,-56.8
5889,20:11:24:242,2,Moderate_Damage,L2_S3,-1800,1096,14798,-149,38,-114,0,-68.8
5890,20:11:24:252,2,Moderate_Damage,L2_S3,-1800,1114,14838,-140,23,-111,0,-28.8
5891,20:11:24:262,2,Moderate_Damage,L2_S3,-1790,1142,14786,-120,38,-108,0,-80.8
5892,20:11:24:272,2,Moderate_Damage,L2_S3,-1852,1074,14846,-117,34,-101,0,-20.8
5893,20:11:24:282,2,Moderate_Damage,L2_S3,-1818,1094,14828,-116,30,-109,0,-38.8
5894,20:11:24:292,2,Moderate_Damage,L2_S3,-1780,1124,14912,-128,33,-110,0,45.2
5895,20:11:24:302,2,Moderate_Damage,L2_S3,-1880,1152,14898,-148,33,-110,0,31.2
5896,20:11:24:312,2,Moderate_Damage,L2_S3,-1812,1146,14898,-158,28,-107,0,31.2
5897,20:11:24:322,2,Moderate_Damage,L2_S3,-1828,1116,14954,-187,28,-116,0,87.2
5898,20:11:24:332,2,Moderate_Damage,L2_S3,-1812,1096,14954,-199,21,-111,0,87.2
5899,20:11:24:342,2,Moderate_Damage,L2_S3,-1828,1102,14910,-225,28,-125,0,43.2
5900,20:11:24:352,2,Moderate_Damage,L2_S3,-1828,1170,14990,-241,21,-123,0,123.2
5901,20:11:24:362,2,Moderate_Damage,L2_S3,-1844,1126,14912,-254,35,-129,0,45.2
5902,20:11:24:372,2,Moderate_Damage,L2_S3,-1786,1122,14844,-260,23,-132,0,-22.8
5903,20:11:24:382,2,Moderate_Damage,L2_S3,-1828,1148,14820,-260,30,-132,0,-46.8
5904,20:11:24:392,2,Moderate_Damage,L2_S3,-1776,1106,14784,-258,28,-123,0,-82.8
5905,20:11:24:402,2,Moderate_Damage,L2_S3,-1794,1120,14850,-240,35,-129,0,-16.8
5906,20:11:24:412,2,Moderate_Damage,L2_S3,-1818,1090,14818,-219,32,-119,0,-48.8
5907,20:11:24:422,2,Moderate_Damage,L2_S3,-1774,1074,14818,-199,24,-122,0,-48.8
5908,20:11:24:432,2,Moderate_Damage,L2_S3,-1770,1148,14744,-175,27,-117,0,-122.8
5909,20:11:24:442,2,Moderate_Damage,L2_S3,-1768,1078,14758,-160,29,-123,0,-108.8
5910,20:11:24:452,2,Moderate_Damage,L2_S3,-1802,1130,14832,-140,32,-113,0,-34.8
5911,20:11:24:462,2,Moderate_Damage,L2_S3,-1850,1090,14826,-129,31,-106,0,-40.8
5912,20:11:24:472,2,Moderate_Damage,L2_S3,-1776,1118,14854,-127,40,-110,0,-12.8
5913,20:11:24:482,2,Moderate_Damage,L2_S3,-1810,1138,14868,-133,33,-106,0,1.2
5914,20:11:24:492,2,Moderate_Damage,L2_S3,-1818,1142,14878,-139,34,-110,0,11.2
5915,20:11:24:502,2,Moderate_Damage,L2_S3,-1798,1104,14926,-148,30,-110,0,59.2
5916,20:11:24:512,2,Moderate_Damage,L2_S3,-1796,1188,14942,-163,30,-114,0,75.2
5917,20:11:24:522,2,Moderate_Damage,L2_S3,-1808,1124,14918,-185,31,-116,0,51.2
5918,20:11:24:532,2,Moderate_Damage,L2_S3,-1862,1080,14932,-203,20,-111,0,65.2
5919,20:11:24:542,2,Moderate_Damage,L2_S3,-1832,1140,14884,-221,23,-120,0,17.2
5920,20:11:24:552,2,Moderate_Damage,L2_S3,-1792,1072,14898,-236,27,-128,0,31.2
5921,20:11:24:562,2,Moderate_Damage,L2_S3,-1780,1108,14870,-247,16,-127,0,3.2
5922,20:11:24:572,2,Moderate_Damage,L2_S3,-1840,1144,14830,-249,25,-129,0,-36.8
5923,20:11:24:582,2,Moderate_Damage,L2_S3,-1804,1114,14808,-249,25,-129,0,-58.8
5924,20:11:24:592,2,Moderate_Damage,L2_S3,-1796,1128,14778,-244,27,-128,0,-88.8
5925,20:11:24:602,2,Moderate_Damage,L2_S3,-1774,1118,14822,-235,26,-132,0,-44.8
5926,20:11:24:612,2,Moderate_Damage,L2_S3,-1832,1126,14812,-218,27,-128,0,-54.8
5927,20:11:24:622,2,Moderate_Damage,L2_S3,-1832,1088,14774,-198,28,-119,0,-92.8
5928,20:11:24:632,2,Moderate_Damage,L2_S3,-1806,1154,14760,-184,29,-113,0,-106.8
5929,20:11:24:642,2,Moderate_Damage,L2_S3,-1768,1124,14838,-168,29,-119,0,-28.8
5930,20:11:24:652,2,Moderate_Damage,L2_S3,-1734,1134,14880,-154,31,-114,0,13.2
5931,20:11:24:662,2,Moderate_Damage,L2_S3,-1808,1106,14880,-136,30,-110,0,13.2
5932,20:11:24:672,2,Moderate_Damage,L2_S3,-1806,1116,14922,-131,29,-113,0,55.2
5933,20:11:24:682,2,Moderate_Damage,L2_S3,-1804,1134,14896,-136,30,-111,0,29.2
5934,20:11:24:692,2,Moderate_Damage,L2_S3,-1810,1112,14878,-141,29,-111,0,11.2
5935,20:11:24:702,2,Moderate_Damage,L2_S3,-1788,1118,14950,-146,29,-116,0,83.2
5936,20:11:24:712,2,Moderate_Damage,L2_S3,-1812,1106,14924,-167,28,-114,0,57.2
5937,20:11:24:722,2,Moderate_Damage,L2_S3,-1770,1114,14898,-178,28,-119,0,31.2
5938,20:11:24:732,2,Moderate_Damage,L2_S3,-1786,1124,14926,-199,26,-116,0,59.2
5939,20:11:24:742,2,Moderate_Damage,L2_S3,-1828,1090,14880,-218,32,-125,0,13.2
5940,20:11:24:752,2,Moderate_Damage,L2_S3,-1796,1082,14926,-230,29,-127,0,59.2
5941,20:11:24:762,2,Moderate_Damage,L2_S3,-1784,1128,14900,-241,22,-127,0,33.2
5942,20:11:24:772,2,Moderate_Damage,L2_S3,-1834,1160,14876,-247,26,-128,0,9.2
5943,20:11:24:782,2,Moderate_Damage,L2_S3,-1800,1108,14848,-251,31,-135,0,-18.8
5944,20:11:24:792,2,Moderate_Damage,L2_S3,-1780,1102,14832,-241,21,-132,0,-34.8
5945,20:11:24:802,2,Moderate_Damage,L2_S3,-1780,1110,14822,-232,33,-126,0,-44.8
5946,20:11:24:812,2,Moderate_Damage,L2_S3,-1742,1080,14792,-221,27,-124,0,-74.8
5947,20:11:24:822,2,Moderate_Damage,L2_S3,-1792,1094,14816,-202,24,-120,0,-50.8
5948,20:11:24:832,2,Moderate_Damage,L2_S3,-1806,1062,14796,-181,20,-120,0,-70.8
5949,20:11:24:842,2,Moderate_Damage,L2_S3,-1774,1104,14768,-168,28,-115,0,-98.8
5950,20:11:24:852,2,Moderate_Damage,L2_S3,-1820,1114,14828,-154,33,-112,0,-38.8
5951,20:11:24:862,2,Moderate_Damage,L2_S3,-1802,1110,14834,-147,28,-110,0,-32.8
5952,20:11:24:872,2,Moderate_Damage,L2_S3,-1892,1108,14904,-134,29,-114,0,37.2
5953,20:11:24:882,2,Moderate_Damage,L2_S3,-1752,1130,14880,-139,29,-114,0,13.2
5954,20:11:24:892,2,Moderate_Damage,L2_S3,-1808,1110,14854,-136,31,-113,0,-12.8
5955,20:11:24:902,2,Moderate_Damage,L2_S3,-1770,1114,14890,-156,23,-115,0,23.2
5956,20:11:24:912,2,Moderate_Damage,L2_S3,-1774,1116,14900,-162,29,-124,0,33.2
5957,20:11:24:922,2,Moderate_Damage,L2_S3,-1792,1144,14956,-183,22,-123,0,89.2
5958,20:11:24:932,2,Moderate_Damage,L2_S3,-1774,1070,14988,-196,31,-124,0,121.2
5959,20:11:24:942,2,Moderate_Damage,L2_S3,-1774,1158,14874,-215,28,-126,0,7.2
5960,20:11:24:952,2,Moderate_Damage,L2_S3,-1798,1118,14912,-233,26,-126,0,45.2
5961,20:11:24:962,2,Moderate_Damage,L2_S3,-1832,1148,14896,-238,33,-126,0,29.2
5962,20:11:24:972,2,Moderate_Damage,L2_S3,-1802,1132,14844,-238,25,-119,0,-22.8
5963,20:11:24:982,2,Moderate_Damage,L2_S3,-1808,1132,14864,-241,25,-128,0,-2.8
5964,20:11:24:992,2,Moderate_Damage,L2_S3,-1826,1120,14806,-241,33,-123,0,-60.8
5965,20:11:25:002,2,Moderate_Damage,L2_S3,-1804,1092,14796,-232,31,-131,0,-70.8
5966,20:11:25:012,2,Moderate_Damage,L2_S3,-1820,1098,14798,-217,30,-122,0,-68.8
5967,20:11:25:022,2,Moderate_Damage,L2_S3,-1816,1120,14756,-202,21,-116,0,-110.8
5968,20:11:25:032,2,Moderate_Damage,L2_S3,-1810,1100,14834,-187,31,-118,0,-32.8
5969,20:11:25:042,2,Moderate_Damage,L2_S3,-1796,1152,14832,-176,25,-121,0,-34.8
5970,20:11:25:052,2,Moderate_Damage,L2_S3,-1798,1104,14788,-162,26,-114,0,-78.8
5971,20:11:25:062,2,Moderate_Damage,L2_S3,-1824,1098,14862,-146,31,-118,0,-4.8
5972,20:11:25:072,2,Moderate_Damage,L2_S3,-1836,1126,14882,-147,40,-109,0,15.2
5973,20:11:25:082,2,Moderate_Damage,L2_S3,-1818,1098,14852,-143,35,-109,0,-14.8
5974,20:11:25:092,2,Moderate_Damage,L2_S3,-1846,1112,14904,-150,32,-108,0,37.2
5975,20:11:25:102,2,Moderate_Damage,L2_S3,-1860,1108,14934,-153,30,-112,0,67.2
5976,20:11:25:112,2,Moderate_Damage,L2_S3,-1804,1134,14892,-170,37,-108,0,25.2
5977,20:11:25:122,2,Moderate_Damage,L2_S3,-1860,1184,14952,-181,35,-109,0,85.2
5978,20:11:25:132,2,Moderate_Damage,L2_S3,-1786,1110,14866,-194,31,-117,0,-0.8
5979,20:11:25:142,2,Moderate_Damage,L2_S3,-1808,1116,14914,-209,23,-125,0,47.2
5980,20:11:25:152,2,Moderate_Damage,L2_S3,-1854,1100,14866,-223,26,-119,0,-0.8
5981,20:11:25:162,2,Moderate_Damage,L2_S3,-1794,1138,14816,-232,32,-125,0,-50.8
5982,20:11:25:172,2,Moderate_Damage,L2_S3,-1804,1100,14804,-241,18,-127,0,-62.8
5983,20:11:25:182,2,Moderate_Damage,L2_S3,-1852,1130,14844,-241,24,-121,0,-22.8
5984,20:11:25:192,2,Moderate_Damage,L2_S3,-1762,1144,14890,-241,30,-127,0,23.2
5985,20:11:25:202,2,Moderate_Damage,L2_S3,-1848,1110,14814,-230,29,-126,0,-52.8
5986,20:11:25:212,2,Moderate_Damage,L2_S3,-1820,1110,14786,-214,39,-131,0,-80.8
5987,20:11:25:222,2,Moderate_Damage,L2_S3,-1788,1072,14748,-203,31,-125,0,-118.8
5988,20:11:25:232,2,Moderate_Damage,L2_S3,-1808,1118,14816,-187,34,-119,0,-50.8
5989,20:11:25:243,2,Moderate_Damage,L2_S3,-1804,1114,14832,-178,23,-116,0,-34.8
5990,20:11:25:252,2,Moderate_Damage,L2_S3,-1784,1122,14794,-156,31,-113,0,-72.8
5991,20:11:25:262,2,Moderate_Damage,L2_S3,-1828,1106,14854,-156,23,-118,0,-12.8
5992,20:11:25:272,2,Moderate_Damage,L2_S3,-1796,1138,14814,-137,32,-118,0,-52.8
5993,20:11:25:282,2,Moderate_Damage,L2_S3,-1832,1080,14948,-151,31,-116,0,81.2
5994,20:11:25:292,2,Moderate_Damage,L2_S3,-1798,1104,14902,-146,31,-118,0,35.2
5995,20:11:25:302,2,Moderate_Damage,L2_S3,-1892,1086,14880,-159,28,-118,0,13.2
5996,20:11:25:312,2,Moderate_Damage,L2_S3,-1828,1084,14878,-158,35,-119,0,11.2
5997,20:11:25:323,2,Moderate_Damage,L2_S3,-1852,1132,14920,-184,32,-119,0,53.2
5998,20:11:25:332,2,Moderate_Damage,L2_S3,-1844,1110,14884,-191,28,-119,0,17.2
5999,20:11:25:342,2,Moderate_Damage,L2_S3,-1768,1098,14938,-216,32,-121,0,71.2
6000,20:11:25:353,2,Moderate_Damage,L2_S3,-1794,1078,14868,-211,26,-117,0,1.2
6001,20:11:25:362,2,Moderate_Damage,L2_S3,-1800,1122,14848,-232,28,-128,0,-18.8
6002,20:11:25:372,2,Moderate_Damage,L2_S3,-1826,1068,14864,-224,33,-123,0,-2.8
6003,20:11:25:382,2,Moderate_Damage,L2_S3,-1806,1086,14818,-240,31,-132,0,-48.8
6004,20:11:25:392,2,Moderate_Damage,L2_S3,-1820,1082,14880,-232,30,-121,0,13.2
6005,20:11:25:402,2,Moderate_Damage,L2_S3,-1768,1088,14840,-231,34,-128,0,-26.8
6006,20:11:25:413,2,Moderate_Damage,L2_S3,-1800,1148,14806,-214,19,-116,0,-60.8
6007,20:11:25:423,2,Moderate_Damage,L2_S3,-1798,1122,14846,-208,29,-124,0,-20.8
6008,20:11:25:432,2,Moderate_Damage,L2_S3,-1820,1110,14870,-189,25,-116,0,3.2
6009,20:11:25:443,2,Moderate_Damage,L2_S3,-1834,1146,14812,-181,31,-114,0,-54.8
6010,20:11:25:452,2,Moderate_Damage,L2_S3,-1810,1114,14810,-166,28,-118,0,-56.8
6011,20:11:25:462,2,Moderate_Damage,L2_S3,-1776,1084,14860,-156,22,-117,0,-6.8
6012,20:11:25:472,2,Moderate_Damage,L2_S3,-1776,1100,14864,-148,33,-113,0,-2.8
6013,20:11:25:482,2,Moderate_Damage,L2_S3,-1804,1102,14954,-147,28,-113,0,87.2
6014,20:11:25:493,2,Moderate_Damage,L2_S3,-1822,1114,14838,-148,33,-111,0,-28.8
6015,20:11:25:502,2,Moderate_Damage,L2_S3,-1736,1140,14876,-158,30,-113,0,9.2
6016,20:11:25:513,2,Moderate_Damage,L2_S3,-1836,1130,14894,-166,32,-119,0,27.2
6017,20:11:25:523,2,Moderate_Damage,L2_S3,-1812,1100,14874,-177,31,-117,0,7.2
6018,20:11:25:533,2,Moderate_Damage,L2_S3,-1838,1118,14878,-190,35,-117,0,11.2
6019,20:11:25:543,2,Moderate_Damage,L2_S3,-1800,1162,14890,-207,27,-120,0,23.2
6020,20:11:25:553,2,Moderate_Damage,L2_S3,-1814,1134,14914,-223,30,-125,0,47.2
6021,20:11:25:563,2,Moderate_Damage,L2_S3,-1842,1172,14768,-223,26,-120,0,-98.8
6022,20:11:25:573,2,Moderate_Damage,L2_S3,-1800,1122,14844,-234,21,-124,0,-22.8
6023,20:11:25:583,2,Moderate_Damage,L2_S3,-1808,1158,14882,-236,26,-127,0,15.2
6024,20:11:25:593,2,Moderate_Damage,L2_S3,-1778,1138,14844,-231,31,-123,0,-22.8
6025,20:11:25:606,2,Moderate_Damage,L2_S3,-1806,1094,14834,-228,31,-124,0,-32.8
6026,20:11:25:612,2,Moderate_Damage,L2_S3,-1814,1100,14906,-224,28,-124,0,39.2
6027,20:11:25:623,2,Moderate_Damage,L2_S3,-1780,1068,14832,-204,28,-124,0,-34.8
6028,20:11:25:633,2,Moderate_Damage,L2_S3,-1782,1100,14818,-193,32,-124,0,-48.8
6029,20:11:25:643,2,Moderate_Damage,L2_S3,-1842,1084,14844,-184,31,-122,0,-22.8
6030,20:11:25:653,2,Moderate_Damage,L2_S3,-1808,1082,14838,-171,33,-116,0,-28.8
6031,20:11:25:663,2,Moderate_Damage,L2_S3,-1780,1106,14842,-158,23,-107,0,-24.8
6032,20:11:25:673,2,Moderate_Damage,L2_S3,-1812,1108,14810,-151,26,-109,0,-56.8
6033,20:11:25:683,2,Moderate_Damage,L2_S3,-1808,1082,14912,-148,25,-112,0,45.2
6034,20:11:25:693,2,Moderate_Damage,L2_S3,-1772,1114,14870,-153,24,-115,0,3.2
6035,20:11:25:703,2,Moderate_Damage,L2_S3,-1792,1138,14858,-157,33,-114,0,-8.8
6036,20:11:25:713,2,Moderate_Damage,L2_S3,-1810,1164,14856,-174,32,-118,0,-10.8
6037,20:11:25:723,2,Moderate_Damage,L2_S3,-1810,1142,14868,-175,36,-121,0,1.2
6038,20:11:25:733,2,Moderate_Damage,L2_S3,-1788,1092,14944,-198,27,-119,0,77.2
6039,20:11:25:743,2,Moderate_Damage,L2_S3,-1826,1070,14878,-201,36,-125,0,11.2
6040,20:11:25:753,2,Moderate_Damage,L2_S3,-1848,1110,14872,-212,28,-124,0,5.2
6041,20:11:25:763,2,Moderate_Damage,L2_S3,-1792,1114,14920,-215,34,-122,0,53.2
6042,20:11:25:773,2,Moderate_Damage,L2_S3,-1830,1146,14898,-228,24,-128,0,31.2
6043,20:11:25:783,2,Moderate_Damage,L2_S3,-1800,1128,14878,-226,33,-130,0,11.2
6044,20:11:25:793,2,Moderate_Damage,L2_S3,-1790,1068,14758,-232,37,-130,0,-108.8
6045,20:11:25:803,2,Moderate_Damage,L2_S3,-1812,1066,14770,-228,29,-130,0,-96.8
6046,20:11:25:813,2,Moderate_Damage,L2_S3,-1828,1124,14884,-212,33,-126,0,17.2
6047,20:11:25:823,2,Moderate_Damage,L2_S3,-1844,1142,14858,-205,25,-124,0,-8.8
6048,20:11:25:833,2,Moderate_Damage,L2_S3,-1780,1088,14820,-197,26,-116,0,-46.8
6049,20:11:25:843,2,Moderate_Damage,L2_S3,-1778,1118,14866,-184,29,-117,0,-0.8
6050,20:11:25:853,2,Moderate_Damage,L2_S3,-1778,1098,14896,-170,28,-117,0,29.2
6051,20:11:25:863,2,Moderate_Damage,L2_S3,-1872,1136,14856,-161,37,-118,0,-10.8
6052,20:11:25:873,2,Moderate_Damage,L2_S3,-1804,1148,14840,-162,29,-116,0,-26.8
6053,20:11:25:883,2,Moderate_Damage,L2_S3,-1816,1066,14894,-163,29,-113,0,27.2
6054,20:11:25:893,2,Moderate_Damage,L2_S3,-1802,1142,14860,-161,28,-112,0,-6.8
6055,20:11:25:903,2,Moderate_Damage,L2_S3,-1844,1156,14820,-165,21,-114,0,-46.8
6056,20:11:25:913,2,Moderate_Damage,L2_S3,-1800,1148,14892,-171,29,-107,0,25.2
6057,20:11:25:923,2,Moderate_Damage,L2_S3,-1846,1102,14914,-180,31,-120,0,47.2
6058,20:11:25:933,2,Moderate_Damage,L2_S3,-1830,1086,14828,-194,34,-119,0,-38.8
6059,20:11:25:943,2,Moderate_Damage,L2_S3,-1826,1114,14898,-206,34,-118,0,31.2
6060,20:11:25:953,2,Moderate_Damage,L2_S3,-1846,1126,14962,-213,24,-124,0,95.2
6061,20:11:25:963,2,Moderate_Damage,L2_S3,-1774,1084,14928,-225,33,-116,0,61.2
6062,20:11:25:973,2,Moderate_Damage,L2_S3,-1882,1124,14846,-226,27,-121,0,-20.8
6063,20:11:25:983,2,Moderate_Damage,L2_S3,-1804,1140,14792,-224,30,-124,0,-74.8
6064,20:11:25:993,2,Moderate_Damage,L2_S3,-1798,1090,14870,-223,30,-122,0,3.2
6065,20:11:26:003,2,Moderate_Damage,L2_S3,-1842,1110,14822,-222,24,-120,0,-44.8
6066,20:11:26:013,2,Moderate_Damage,L2_S3,-1822,1100,14788,-202,26,-109,0,-78.8
6067,20:11:26:023,2,Moderate_Damage,L2_S3,-1834,1076,14774,-197,29,-117,0,-92.8
6068,20:11:26:033,2,Moderate_Damage,L2_S3,-1816,1100,14820,-181,26,-114,0,-46.8
6069,20:11:26:043,2,Moderate_Damage,L2_S3,-1822,1114,14854,-179,23,-121,0,-12.8
6070,20:11:26:053,2,Moderate_Damage,L2_S3,-1810,1118,14832,-167,30,-113,0,-34.8
6071,20:11:26:063,2,Moderate_Damage,L2_S3,-1826,1148,14852,-160,31,-120,0,-14.8
6072,20:11:26:073,2,Moderate_Damage,L2_S3,-1816,1140,14774,-163,31,-119,0,-92.8
6073,20:11:26:083,2,Moderate_Damage,L2_S3,-1830,1144,14852,-155,30,-116,0,-14.8
6074,20:11:26:093,2,Moderate_Damage,L2_S3,-1810,1102,14912,-160,31,-121,0,45.2
6075,20:11:26:103,2,Moderate_Damage,L2_S3,-1800,1094,14840,-166,31,-115,0,-26.8
6076,20:11:26:113,2,Moderate_Damage,L2_S3,-1796,1118,14878,-182,27,-118,0,11.2
6077,20:11:26:123,2,Moderate_Damage,L2_S3,-1816,1162,14884,-191,36,-116,0,17.2
6078,20:11:26:133,2,Moderate_Damage,L2_S3,-1792,1110,14906,-199,31,-118,0,39.2
6079,20:11:26:143,2,Moderate_Damage,L2_S3,-1804,1092,14880,-212,31,-126,0,13.2
6080,20:11:26:153,2,Moderate_Damage,L2_S3,-1816,1118,14838,-218,28,-122,0,-28.8
6081,20:11:26:163,2,Moderate_Damage,L2_S3,-1826,1128,14812,-223,27,-126,0,-54.8
6082,20:11:26:173,2,Moderate_Damage,L2_S3,-1830,1150,14834,-225,27,-121,0,-32.8
6083,20:11:26:183,2,Moderate_Damage,L2_S3,-1844,1122,14864,-225,27,-127,0,-2.8
6084,20:11:26:193,2,Moderate_Damage,L2_S3,-1840,1144,14802,-222,27,-120,0,-64.8
6085,20:11:26:203,2,Moderate_Damage,L2_S3,-1798,1098,14804,-215,24,-120,0,-62.8
6086,20:11:26:213,2,Moderate_Damage,L2_S3,-1754,1096,14826,-201,27,-118,0,-40.8
6087,20:11:26:223,2,Moderate_Damage,L2_S3,-1836,1122,14826,-195,31,-118,0,-40.8
6088,20:11:26:233,2,Moderate_Damage,L2_S3,-1812,1100,14814,-184,31,-120,0,-52.8
6089,20:11:26:243,2,Moderate_Damage,L2_S3,-1794,1120,14844,-180,30,-110,0,-22.8
6090,20:11:26:253,2,Moderate_Damage,L2_S3,-1842,1124,14846,-168,32,-112,0,-20.8
6091,20:11:26:263,2,Moderate_Damage,L2_S3,-1820,1108,14832,-170,30,-114,0,-34.8
6092,20:11:26:273,2,Moderate_Damage,L2_S3,-1818,1150,14938,-170,32,-110,0,71.2
6093,20:11:26:283,2,Moderate_Damage,L2_S3,-1836,1082,14854,-169,30,-110,0,-12.8
6094,20:11:26:293,2,Moderate_Damage,L2_S3,-1804,1092,14926,-164,37,-117,0,59.2
6095,20:11:26:303,2,Moderate_Damage,L2_S3,-1826,1138,14826,-178,29,-119,0,-40.8
6096,20:11:26:313,2,Moderate_Damage,L2_S3,-1764,1122,14846,-178,31,-115,0,-20.8
6097,20:11:26:323,2,Moderate_Damage,L2_S3,-1796,1096,14872,-190,20,-117,0,5.2
6098,20:11:26:333,2,Moderate_Damage,L2_S3,-1774,1130,14926,-195,30,-120,0,59.2
6099,20:11:26:343,2,Moderate_Damage,L2_S3,-1802,1138,14862,-207,20,-122,0,-4.8
6100,20:11:26:353,2,Moderate_Damage,L2_S3,-1808,1086,14828,-212,24,-120,0,-38.8
6101,20:11:26:363,2,Moderate_Damage,L2_S3,-1756,1138,14840,-220,27,-124,0,-26.8
6102,20:11:26:373,2,Moderate_Damage,L2_S3,-1844,1156,14896,-229,24,-124,0,29.2
6103,20:11:26:383,2,Moderate_Damage,L2_S3,-1818,1084,14822,-219,31,-127,0,-44.8
6104,20:11:26:393,2,Moderate_Damage,L2_S3,-1816,1134,14830,-218,20,-126,0,-36.8
6105,20:11:26:403,2,Moderate_Damage,L2_S3,-1832,1114,14806,-207,32,-125,0,-60.8
6106,20:11:26:413,2,Moderate_Damage,L2_S3,-1778,1152,14838,-209,29,-118,0,-28.8
6107,20:11:26:423,2,Moderate_Damage,L2_S3,-1850,1120,14802,-193,31,-121,0,-64.8
6108,20:11:26:433,2,Moderate_Damage,L2_S3,-1830,1122,14842,-188,30,-126,0,-24.8
6109,20:11:26:443,2,Moderate_Damage,L2_S3,-1766,1106,14870,-175,32,-120,0,3.2
6110,20:11:26:453,2,Moderate_Damage,L2_S3,-1800,1116,14848,-178,28,-117,0,-18.8
6111,20:11:26:465,2,Moderate_Damage,L2_S3,-1768,1064,14758,-163,24,-112,0,-108.8
6112,20:11:26:473,2,Moderate_Damage,L2_S3,-1816,1106,14888,-159,33,-117,0,21.2
6113,20:11:26:483,2,Moderate_Damage,L2_S3,-1782,1132,14826,-161,29,-111,0,-40.8
6114,20:11:26:493,2,Moderate_Damage,L2_S3,-1796,1114,14946,-176,33,-116,0,79.2
6115,20:11:26:503,2,Moderate_Damage,L2_S3,-1838,1152,14856,-175,25,-115,0,-10.8
6116,20:11:26:513,2,Moderate_Damage,L2_S3,-1826,1120,14854,-184,25,-119,0,-12.8
6117,20:11:26:523,2,Moderate_Damage,L2_S3,-1784,1108,14840,-189,41,-124,0,-26.8
6118,20:11:26:533,2,Moderate_Damage,L2_S3,-1764,1110,14796,-203,22,-122,0,-70.8
6119,20:11:26:543,2,Moderate_Damage,L2_S3,-1814,1160,14924,-197,30,-121,0,57.2
6120,20:11:26:553,2,Moderate_Damage,L2_S3,-1838,1154,14818,-208,31,-122,0,-48.8
6121,20:11:26:563,2,Moderate_Damage,L2_S3,-1810,1102,14862,-212,32,-122,0,-4.8
6122,20:11:26:573,2,Moderate_Damage,L2_S3,-1746,1108,14840,-214,31,-123,0,-26.8
6123,20:11:26:583,2,Moderate_Damage,L2_S3,-1810,1104,14890,-219,23,-127,0,23.2
6124,20:11:26:593,2,Moderate_Damage,L2_S3,-1808,1132,14842,-214,29,-121,0,-24.8
6125,20:11:26:603,2,Moderate_Damage,L2_S3,-1790,1118,14850,-209,31,-117,0,-16.8
6126,20:11:26:613,2,Moderate_Damage,L2_S3,-1832,1090,14816,-206,32,-118,0,-50.8
6127,20:11:26:623,2,Moderate_Damage,L2_S3,-1786,1088,14794,-196,35,-118,0,-72.8
6128,20:11:26:633,2,Moderate_Damage,L2_S3,-1850,1100,14854,-189,20,-116,0,-12.8
6129,20:11:26:643,2,Moderate_Damage,L2_S3,-1822,1148,14812,-182,40,-119,0,-54.8
6130,20:11:26:653,2,Moderate_Damage,L2_S3,-1780,1110,14882,-168,25,-112,0,15.2
6131,20:11:26:663,2,Moderate_Damage,L2_S3,-1810,1124,14862,-172,29,-113,0,-4.8
6132,20:11:26:673,2,Moderate_Damage,L2_S3,-1754,1138,14804,-161,26,-114,0,-62.8
6133,20:11:26:683,2,Moderate_Damage,L2_S3,-1786,1128,14846,-165,32,-105,0,-20.8
6134,20:11:26:693,2,Moderate_Damage,L2_S3,-1792,1160,14902,-168,28,-109,0,35.2
6135,20:11:26:703,2,Moderate_Damage,L2_S3,-1812,1098,14918,-178,26,-114,0,51.2
6136,20:11:26:713,2,Moderate_Damage,L2_S3,-1812,1128,14860,-181,34,-116,0,-6.8
6137,20:11:26:723,2,Moderate_Damage,L2_S3,-1810,1100,14894,-186,37,-109,0,27.2
6138,20:11:26:733,2,Moderate_Damage,L2_S3,-1760,1128,14904,-189,24,-119,0,37.2
6139,20:11:26:743,2,Moderate_Damage,L2_S3,-1790,1102,14786,-197,26,-123,0,-80.8
6140,20:11:26:753,2,Moderate_Damage,L2_S3,-1776,1100,14872,-210,28,-128,0,5.2
6141,20:11:26:763,2,Moderate_Damage,L2_S3,-1792,1104,14854,-216,33,-131,0,-12.8
6142,20:11:26:773,2,Moderate_Damage,L2_S3,-1808,1132,14912,-216,29,-122,0,45.2
6143,20:11:26:783,2,Moderate_Damage,L2_S3,-1812,1112,14836,-213,36,-126,0,-30.8
6144,20:11:26:793,2,Moderate_Damage,L2_S3,-1762,1124,14948,-216,32,-116,0,81.2
6145,20:11:26:803,2,Moderate_Damage,L2_S3,-1836,1102,14830,-204,29,-121,0,-36.8
6146,20:11:26:813,2,Moderate_Damage,L2_S3,-1814,1162,14862,-202,25,-120,0,-4.8
6147,20:11:26:823,2,Moderate_Damage,L2_S3,-1816,1162,14844,-201,24,-116,0,-22.8
6148,20:11:26:833,2,Moderate_Damage,L2_S3,-1728,1112,14850,-189,34,-120,0,-16.8
6149,20:11:26:843,2,Moderate_Damage,L2_S3,-1812,1122,14816,-188,25,-108,0,-50.8
6150,20:11:26:853,2,Moderate_Damage,L2_S3,-1764,1098,14866,-175,39,-119,0,-0.8
6151,20:11:26:863,2,Moderate_Damage,L2_S3,-1810,1116,14944,-171,31,-114,0,77.2
6152,20:11:26:873,2,Moderate_Damage,L2_S3,-1836,1146,14828,-167,33,-108,0,-38.8
6153,20:11:26:883,2,Moderate_Damage,L2_S3,-1778,1136,14906,-167,26,-114,0,39.2
6154,20:11:26:893,2,Moderate_Damage,L2_S3,-1774,1088,14924,-165,28,-112,0,57.2
6155,20:11:26:903,2,Moderate_Damage,L2_S3,-1794,1118,14850,-168,37,-116,0,-16.8
6156,20:11:26:913,2,Moderate_Damage,L2_S3,-1824,1124,14848,-182,22,-124,0,-18.8
6157,20:11:26:923,2,Moderate_Damage,L2_S3,-1854,1162,14892,-187,33,-117,0,25.2
6158,20:11:26:933,2,Moderate_Damage,L2_S3,-1754,1108,14838,-198,31,-124,0,-28.8
6159,20:11:26:943,2,Moderate_Damage,L2_S3,-1806,1108,14832,-201,31,-114,0,-34.8
6160,20:11:26:953,2,Moderate_Damage,L2_S3,-1832,1090,14918,-210,31,-120,0,51.2
6161,20:11:26:963,2,Moderate_Damage,L2_S3,-1838,1164,14854,-211,29,-116,0,-12.8
6162,20:11:26:973,2,Moderate_Damage,L2_S3,-1784,1092,14882,-212,34,-125,0,15.2
6163,20:11:26:983,2,Moderate_Damage,L2_S3,-1806,1168,14836,-213,31,-129,0,-30.8
6164,20:11:26:993,2,Moderate_Damage,L2_S3,-1820,1018,14872,-216,24,-120,0,5.2
6165,20:11:27:003,2,Moderate_Damage,L2_S3,-1824,1108,14830,-210,29,-120,0,-36.8
6166,20:11:27:013,2,Moderate_Damage,L2_S3,-1764,1126,14866,-210,27,-119,0,-0.8
6167,20:11:27:023,2,Moderate_Damage,L2_S3,-1822,1130,14878,-197,28,-118,0,11.2
6168,20:11:27:033,2,Moderate_Damage,L2_S3,-1836,1126,14786,-192,27,-118,0,-80.8
6169,20:11:27:043,2,Moderate_Damage,L2_S3,-1794,1112,14784,-184,30,-124,0,-82.8
6170,20:11:27:053,2,Moderate_Damage,L2_S3,-1774,1124,14872,-176,34,-124,0,5.2
6171,20:11:27:063,2,Moderate_Damage,L2_S3,-1826,1146,14832,-178,32,-113,0,-34.8
6172,20:11:27:073,2,Moderate_Damage,L2_S3,-1878,1132,14874,-167,29,-110,0,7.2
6173,20:11:27:083,2,Moderate_Damage,L2_S3,-1848,1120,14906,-170,28,-118,0,39.2
6174,20:11:27:093,2,Moderate_Damage,L2_S3,-1820,1144,14890,-169,27,-109,0,23.2
6175,20:11:27:103,2,Moderate_Damage,L2_S3,-1838,1128,14860,-179,26,-117,0,-6.8
6176,20:11:27:113,2,Moderate_Damage,L2_S3,-1764,1116,14902,-183,26,-120,0,35.2
6177,20:11:27:123,2,Moderate_Damage,L2_S3,-1820,1100,14884,-189,31,-113,0,17.2
6178,20:11:27:133,2,Moderate_Damage,L2_S3,-1834,1126,14900,-186,26,-113,0,33.2
6179,20:11:27:143,2,Moderate_Damage,L2_S3,-1770,1108,14864,-205,28,-122,0,-2.8
6180,20:11:27:153,2,Moderate_Damage,L2_S3,-1820,1128,14846,-202,21,-121,0,-20.8
6181,20:11:27:163,2,Moderate_Damage,L2_S3,-1792,1106,14896,-208,29,-117,0,29.2
6182,20:11:27:173,2,Moderate_Damage,L2_S3,-1818,1112,14830,-211,30,-114,0,-36.8
6183,20:11:27:183,2,Moderate_Damage,L2_S3,-1846,1122,14780,-209,27,-117,0,-86.8
6184,20:11:27:193,2,Moderate_Damage,L2_S3,-1802,1120,14900,-206,37,-122,0,33.2
6185,20:11:27:203,2,Moderate_Damage,L2_S3,-1816,1098,14848,-207,27,-118,0,-18.8
6186,20:11:27:213,2,Moderate_Damage,L2_S3,-1820,1112,14834,-202,31,-125,0,-32.8
6187,20:11:27:223,2,Moderate_Damage,L2_S3,-1840,1148,14826,-197,24,-124,0,-40.8
6188,20:11:27:233,2,Moderate_Damage,L2_S3,-1802,1098,14882,-186,23,-123,0,15.2
6189,20:11:27:243,2,Moderate_Damage,L2_S3,-1786,1138,14864,-178,21,-120,0,-2.8
6190,20:11:27:253,2,Moderate_Damage,L2_S3,-1830,1106,14766,-183,25,-119,0,-100.8
6191,20:11:27:263,2,Moderate_Damage,L2_S3,-1782,1136,14782,-176,30,-117,0,-84.8
6192,20:11:27:273,2,Moderate_Damage,L2_S3,-1806,1164,14880,-162,36,-114,0,13.2
6193,20:11:27:283,2,Moderate_Damage,L2_S3,-1840,1154,14904,-173,28,-116,0,37.2
6194,20:11:27:293,2,Moderate_Damage,L2_S3,-1814,1112,14950,-171,29,-122,0,83.2
6195,20:11:27:303,2,Moderate_Damage,L2_S3,-1824,1042,14852,-182,24,-113,0,-14.8
6196,20:11:27:313,2,Moderate_Damage,L2_S3,-1794,1156,14844,-183,34,-121,0,-22.8
6197,20:11:27:323,2,Moderate_Damage,L2_S3,-1816,1104,14866,-187,20,-116,0,-0.8
6198,20:11:27:333,2,Moderate_Damage,L2_S3,-1862,1102,14854,-191,22,-117,0,-12.8
6199,20:11:27:343,2,Moderate_Damage,L2_S3,-1850,1148,14870,-193,22,-122,0,3.2
6200,20:11:27:353,2,Moderate_Damage,L2_S3,-1790,1112,14822,-198,24,-123,0,-44.8
6201,20:11:27:363,2,Moderate_Damage,L2_S3,-1758,1092,14864,-209,26,-121,0,-2.8
6202,20:11:27:373,2,Moderate_Damage,L2_S3,-1820,1088,14806,-209,27,-126,0,-60.8
6203,20:11:27:383,2,Moderate_Damage,L2_S3,-1812,1128,14942,-210,25,-116,0,75.2
6204,20:11:27:393,2,Moderate_Damage,L2_S3,-1804,1106,14832,-210,29,-121,0,-34.8
6205,20:11:27:403,2,Moderate_Damage,L2_S3,-1838,1072,14926,-214,28,-122,0,59.2
6206,20:11:27:413,2,Moderate_Damage,L2_S3,-1826,1134,14820,-196,26,-120,0,-46.8
6207,20:11:27:423,2,Moderate_Damage,L2_S3,-1812,1076,14838,-199,24,-117,0,-28.8
6208,20:11:27:433,2,Moderate_Damage,L2_S3,-1810,1130,14832,-192,31,-125,0,-34.8
6209,20:11:27:443,2,Moderate_Damage,L2_S3,-1814,1122,14868,-188,28,-118,0,1.2
6210,20:11:27:453,2,Moderate_Damage,L2_S3,-1804,1098,14896,-181,22,-114,0,29.2
6211,20:11:27:463,2,Moderate_Damage,L2_S3,-1828,1122,14836,-177,21,-115,0,-30.8
6212,20:11:27:473,2,Moderate_Damage,L2_S3,-1794,1134,14830,-176,25,-114,0,-36.8
6213,20:11:27:483,2,Moderate_Damage,L2_S3,-1824,1094,14824,-174,36,-122,0,-42.8
6214,20:11:27:494,2,Moderate_Damage,L2_S3,-1796,1096,14884,-179,37,-115,0,17.2
6215,20:11:27:504,2,Moderate_Damage,L2_S3,-1832,1100,14850,-181,34,-119,0,-16.8
6216,20:11:27:513,2,Moderate_Damage,L2_S3,-1850,1132,14888,-182,26,-124,0,21.2
6217,20:11:27:523,2,Moderate_Damage,L2_S3,-1806,1146,14800,-183,32,-121,0,-66.8
6218,20:11:27:533,2,Moderate_Damage,L2_S3,-1812,1124,14878,-192,36,-119,0,11.2
6219,20:11:27:543,2,Moderate_Damage,L2_S3,-1824,1138,14884,-189,24,-128,0,17.2
6220,20:11:27:553,2,Moderate_Damage,L2_S3,-1824,1106,14872,-197,21,-119,0,5.2
6221,20:11:27:563,2,Moderate_Damage,L2_S3,-1810,1150,14876,-201,33,-121,0,9.2
6222,20:11:27:573,2,Moderate_Damage,L2_S3,-1810,1070,14880,-207,25,-125,0,13.2
6223,20:11:27:583,2,Moderate_Damage,L2_S3,-1816,1118,14892,-208,31,-124,0,25.2
6224,20:11:27:593,2,Moderate_Damage,L2_S3,-1820,1138,14864,-206,31,-123,0,-2.8
6225,20:11:27:603,2,Moderate_Damage,L2_S3,-1808,1112,14844,-206,29,-121,0,-22.8
6226,20:11:27:613,2,Moderate_Damage,L2_S3,-1752,1112,14818,-199,31,-124,0,-48.8
6227,20:11:27:623,2,Moderate_Damage,L2_S3,-1794,1146,14838,-197,27,-122,0,-28.8
6228,20:11:27:633,2,Moderate_Damage,L2_S3,-1726,1166,14826,-192,28,-117,0,-40.8
6229,20:11:27:643,2,Moderate_Damage,L2_S3,-1842,1116,14832,-188,25,-110,0,-34.8
6230,20:11:27:653,2,Moderate_Damage,L2_S3,-1786,1080,14858,-183,37,-111,0,-8.8
6231,20:11:27:663,2,Moderate_Damage,L2_S3,-1802,1086,14602,-140,44,-111,0,-264.8
6232,20:11:27:673,2,Moderate_Damage,L2_S3,-1778,1024,14874,-133,7,-109,0,7.2
6233,20:11:27:683,2,Moderate_Damage,L2_S3,-1848,1152,14824,-47,33,-102,0,-42.8
6234,20:11:27:693,2,Moderate_Damage,L2_S3,-1802,1078,15020,-94,23,-104,0,153.2
6235,20:11:27:703,2,Moderate_Damage,L2_S3,-1830,1172,14936,-79,40,-93,0,69.2
6236,20:11:27:713,2,Moderate_Damage,L2_S3,-1796,1122,15050,-151,22,-108,0,183.2
6237,20:11:27:723,2,Moderate_Damage,L2_S3,-1832,1138,14938,-170,35,-113,0,71.2
6238,20:11:27:733,2,Moderate_Damage,L2_S3,-1814,1122,14894,-224,20,-124,0,27.2
6239,20:11:27:743,2,Moderate_Damage,L2_S3,-1808,1160,14892,-264,24,-127,0,25.2
6240,20:11:27:753,2,Moderate_Damage,L2_S3,-1796,1144,14854,-279,24,-133,0,-12.8
6241,20:11:27:763,2,Moderate_Damage,L2_S3,-1720,1128,14818,-306,5,-142,0,-48.8
6242,20:11:27:773,2,Moderate_Damage,L2_S3,-1938,1080,14812,-279,111,-137,0,-54.8
6243,20:11:27:784,2,Moderate_Damage,L2_S3,-1726,1076,14832,-252,-19,-122,0,-34.8
6244,20:11:27:794,2,Moderate_Damage,L2_S3,-1794,1132,14854,-232,49,-129,1,-12.8
6245,20:11:27:804,2,Moderate_Damage,L2_S3,-4270,15048,-4080,4717,-567,657,1,-18946.8
6246,20:11:27:814,2,Moderate_Damage,L2_S3,7324,4418,12486,7429,-4527,1325,1,-2380.8
6247,20:11:27:823,2,Moderate_Damage,L2_S3,-4198,2328,20086,9771,7737,760,1,5219.2
6248,20:11:27:834,2,Moderate_Damage,L2_S3,-710,5864,21564,12273,-1315,1946,1,6697.2
6249,20:11:27:844,2,Moderate_Damage,L2_S3,-7122,-292,30852,5788,-2325,1456,1,15985.2
6250,20:11:27:853,2,Moderate_Damage,L2_S3,-548,7968,23178,5392,4928,-232,1,8311.2
6251,20:11:27:864,2,Moderate_Damage,L2_S3,-4424,1258,29204,-1858,-4103,487,1,14337.2
6252,20:11:27:874,2,Moderate_Damage,L2_S3,-5874,4128,22948,-3580,1973,-950,1,8081.2
6253,20:11:27:884,2,Moderate_Damage,L2_S3,2172,3604,22172,-8249,1865,-2057,1,7305.2
6254,20:11:27:894,2,Moderate_Damage,L2_S3,-8692,2100,19144,-10471,-3953,-652,0,4277.2
6255,20:11:27:904,2,Moderate_Damage,L2_S3,1442,2284,14374,-11806,3810,-3056,1,-492.8
6256,20:11:27:914,2,Moderate_Damage,L2_S3,-800,1718,12022,-12105,-2473,-1536,1,-2844.8
6257,20:11:27:924,2,Moderate_Damage,L2_S3,-6236,632,10956,-11679,-1445,-1593,1,-3910.8
6258,20:11:27:934,2,Moderate_Damage,L2_S3,7260,-320,10138,-10110,1154,-2458,1,-4728.8
6259,20:11:27:944,2,Moderate_Damage,L2_S3,-9850,214,3490,-8002,-1972,-328,1,-11376.8
6260,20:11:27:954,2,Moderate_Damage,L2_S3,8812,-1594,8442,-5365,1495,-2012,1,-6424.8
6261,20:11:27:964,2,Moderate_Damage,L2_S3,-7616,-196,2206,-1606,-1613,585,1,-12660.8
6262,20:11:27:974,2,Moderate_Damage,L2_S3,4342,-1310,7252,1178,1417,-552,1,-7614.8
6263,20:11:27:984,2,Moderate_Damage,L2_S3,-1950,120,6274,5153,-695,1005,0,-8592.8
6264,20:11:27:993,2,Moderate_Damage,L2_S3,-2784,-186,8994,7104,236,1170,1,-5872.8
6265,20:11:28:003,2,Moderate_Damage,L2_S3,2972,1244,12734,9916,1489,977,0,-2132.8
6266,20:11:28:014,2,Moderate_Damage,L2_S3,-7470,1094,13584,10148,-1836,2324,0,-1282.8
6267,20:11:28:024,2,Moderate_Damage,L2_S3,3230,2304,19096,10945,2965,785,0,4229.2
6268,20:11:28:034,2,Moderate_Damage,L2_S3,-6534,2452,19414,9487,-1706,2125,0,4547.2
6269,20:11:28:043,2,Moderate_Damage,L2_S3,-1928,2598,22906,7808,838,898,0,8039.2
6270,20:11:28:054,2,Moderate_Damage,L2_S3,-1420,3528,24176,5446,1543,500,0,9309.2
6271,20:11:28:064,2,Moderate_Damage,L2_S3,-7120,2792,23404,1822,-2487,912,0,8537.2
6272,20:11:28:074,2,Moderate_Damage,L2_S3,730,3274,25160,-720,2799,-1012,0,10293.2
6273,20:11:28:084,2,Moderate_Damage,L2_S3,-5524,2988,22028,-4443,-1675,-266,0,7161.2
6274,20:11:28:094,2,Moderate_Damage,L2_S3,-2686,2640,20560,-6850,-198,-1254,0,5693.2
6275,20:11:28:104,2,Moderate_Damage,L2_S3,20,2318,18840,-8906,1263,-1896,0,3973.2
6276,20:11:28:114,2,Moderate_Damage,L2_S3,-6058,1442,14498,-10495,-2411,-1131,0,-368.8
6277,20:11:28:124,2,Moderate_Damage,L2_S3,2990,1170,13926,-10362,1571,-2418,0,-940.8
6278,20:11:28:134,2,Moderate_Damage,L2_S3,-4622,272,9372,-10053,-1649,-1160,1,-5494.8
6279,20:11:28:143,2,Moderate_Damage,L2_S3,918,-2,8436,-8278,448,-1707,0,-6430.8
6280,20:11:28:154,2,Moderate_Damage,L2_S3,90,-504,6560,-6024,-456,-1017,0,-8306.8
6281,20:11:28:164,2,Moderate_Damage,L2_S3,-3040,-802,5466,-3332,-249,-402,1,-9400.8
6282,20:11:28:173,2,Moderate_Damage,L2_S3,3652,-456,6600,62,510,-483,0,-8266.8
6283,20:11:28:183,2,Moderate_Damage,L2_S3,-5062,-656,6080,2725,-736,856,0,-8786.8
6284,20:11:28:193,2,Moderate_Damage,L2_S3,3260,262,9508,5845,1303,321,1,-5358.8
6285,20:11:28:204,2,Moderate_Damage,L2_S3,-4168,398,10252,7737,-798,1580,0,-4614.8
6286,20:11:28:214,2,Moderate_Damage,L2_S3,-122,1174,13914,9253,1076,1116,0,-952.8
6287,20:11:28:224,2,Moderate_Damage,L2_S3,-1834,1798,16256,9769,296,1499,0,1389.2
6288,20:11:28:234,2,Moderate_Damage,L2_S3,-4176,2012,18406,9157,-418,1605,1,3539.2
6289,20:11:28:244,2,Moderate_Damage,L2_S3,-144,2814,21508,8187,1710,791,0,6641.2
6290,20:11:28:254,2,Moderate_Damage,L2_S3,-5518,2706,21912,5738,-1250,1300,0,7045.2
6291,20:11:28:264,2,Moderate_Damage,L2_S3,-1690,3134,23638,3472,1113,148,1,8771.2
6292,20:11:28:273,2,Moderate_Damage,L2_S3,-3130,2974,23476,371,97,15,0,8609.2
6293,20:11:28:284,2,Moderate_Damage,L2_S3,-4434,2768,22232,-2573,-946,-265,0,7365.2
6294,20:11:28:294,2,Moderate_Damage,L2_S3,-592,2788,21736,-5059,1340,-1297,0,6869.2
6295,20:11:28:304,2,Moderate_Damage,L2_S3,-4598,2172,18466,-7516,-1465,-897,0,3599.2
6296,20:11:28:318,2,Moderate_Damage,L2_S3,-706,1840,17004,-8861,467,-1767,0,2137.2
6297,20:11:28:324,2,Moderate_Damage,L2_S3,-1792,1264,14056,-9632,-422,-1572,0,-810.8
6298,20:11:28:334,2,Moderate_Damage,L2_S3,-2498,660,11398,-9445,-636,-1468,0,-3468.8
6299,20:11:28:344,2,Moderate_Damage,L2_S3,1308,342,9868,-8257,349,-1669,0,-4998.8
6300,20:11:28:354,2,Moderate_Damage,L2_S3,-3388,-376,7334,-6694,-914,-829,1,-7532.8
6301,20:11:28:364,2,Moderate_Damage,L2_S3,2056,-334,7296,-4053,555,-1060,0,-7570.8
6302,20:11:28:374,2,Moderate_Damage,L2_S3,-2396,-706,6332,-1551,-645,-61,1,-8534.8
6303,20:11:28:383,2,Moderate_Damage,L2_S3,288,-334,7278,1419,553,-21,0,-7588.8
6304,20:11:28:393,2,Moderate_Damage,L2_S3,-634,-84,8426,4002,-97,584,1,-6440.8
6305,20:11:28:403,2,Moderate_Damage,L2_S3,-2172,284,10066,6207,165,992,0,-4800.8
6306,20:11:28:413,2,Moderate_Damage,L2_S3,352,954,12886,7957,748,970,0,-1980.8
6307,20:11:28:424,2,Moderate_Damage,L2_S3,-3818,1286,14538,8585,-426,1554,0,-328.8
6308,20:11:28:434,2,Moderate_Damage,L2_S3,-532,1992,17790,8802,1117,1043,0,2923.2
6309,20:11:28:444,2,Moderate_Damage,L2_S3,-3552,2246,19240,7842,-238,1351,0,4373.2
6310,20:11:28:454,2,Moderate_Damage,L2_S3,-2740,2546,21198,6310,262,883,0,6331.2
6311,20:11:28:464,2,Moderate_Damage,L2_S3,-2202,2834,22506,4231,717,458,0,7639.2
6312,20:11:28:474,2,Moderate_Damage,L2_S3,-4310,2742,22336,1509,-768,396,0,7469.2
6313,20:11:28:484,2,Moderate_Damage,L2_S3,-1766,2868,22694,-967,883,-491,0,7827.2
6314,20:11:28:494,2,Moderate_Damage,L2_S3,-3596,2560,21046,-3700,-531,-519,0,6179.2
6315,20:11:28:504,2,Moderate_Damage,L2_S3,-2568,2264,19654,-5856,-148,-1049,1,4787.2
6316,20:11:28:514,2,Moderate_Damage,L2_S3,-1476,2050,17628,-7485,292,-1407,1,2761.2
6317,20:11:28:524,2,Moderate_Damage,L2_S3,-3092,1298,15042,-8677,-959,-1275,0,175.2
6318,20:11:28:534,2,Moderate_Damage,L2_S3,-108,1094,13170,-8636,377,-1683,0,-1696.8
6319,20:11:28:544,2,Moderate_Damage,L2_S3,-2296,382,10616,-8222,-682,-1225,0,-4250.8
6320,20:11:28:554,2,Moderate_Damage,L2_S3,-372,110,9212,-6752,22,-1265,1,-5654.8
6321,20:11:28:564,2,Moderate_Damage,L2_S3,-582,-250,7988,-4899,-208,-852,1,-6878.8
6322,20:11:28:574,2,Moderate_Damage,L2_S3,-1456,-412,7250,-2522,-118,-426,1,-7616.8
6323,20:11:28:583,2,Moderate_Damage,L2_S3,604,-282,7786,90,223,-216,0,-7080.8
6324,20:11:28:594,2,Moderate_Damage,L2_S3,-2260,-230,8170,2474,-200,479,0,-6696.8
6325,20:11:28:603,2,Moderate_Damage,L2_S3,330,284,10184,4826,549,504,0,-4682.8
6326,20:11:28:614,2,Moderate_Damage,L2_S3,-2306,570,11574,6499,-83,1084,1,-3292.8
6327,20:11:28:624,2,Moderate_Damage,L2_S3,-1276,1116,14010,7636,524,1042,1,-856.8
6328,20:11:28:634,2,Moderate_Damage,L2_S3,-1830,1606,16296,7973,258,1187,0,1429.2
6329,20:11:28:644,2,Moderate_Damage,L2_S3,-3046,1958,18098,7530,63,1200,0,3231.2
6330,20:11:28:654,2,Moderate_Damage,L2_S3,-1698,2344,20236,6513,656,806,0,5369.2
6331,20:11:28:664,2,Moderate_Damage,L2_S3,-3714,2530,21026,4656,-280,814,1,6159.2
6332,20:11:28:674,2,Moderate_Damage,L2_S3,-2402,2682,21998,2576,438,225,0,7131.2
6333,20:11:28:683,2,Moderate_Damage,L2_S3,-2960,2644,21864,108,32,-50,0,6997.2
6334,20:11:28:694,2,Moderate_Damage,L2_S3,-3180,2512,21048,-2307,-288,-390,0,6181.2
6335,20:11:28:704,2,Moderate_Damage,L2_S3,-1898,2372,20080,-4417,366,-926,0,5213.2
6336,20:11:28:714,2,Moderate_Damage,L2_S3,-3132,1926,18008,-6300,-562,-959,0,3141.2
6337,20:11:28:724,2,Moderate_Damage,L2_S3,-1558,1700,16172,-7407,81,-1369,0,1305.2
6338,20:11:28:734,2,Moderate_Damage,L2_S3,-1834,1092,14046,-8020,-352,-1340,0,-820.8
6339,20:11:28:744,2,Moderate_Damage,L2_S3,-1682,734,11902,-7706,-282,-1297,0,-2964.8
6340,20:11:28:754,2,Moderate_Damage,L2_S3,-386,320,10398,-6806,-19,-1250,0,-4468.8
6341,20:11:28:764,2,Moderate_Damage,L2_S3,-1772,-88,8748,-5316,-389,-827,0,-6118.8
6342,20:11:28:774,2,Moderate_Damage,L2_S3,108,-202,8362,-3258,157,-715,0,-6504.8
6343,20:11:28:784,2,Moderate_Damage,L2_S3,-1468,-310,7884,-1048,-218,-162,0,-6982.8
6344,20:11:28:793,2,Moderate_Damage,L2_S3,-440,-86,8646,1313,231,58,0,-6220.8
6345,20:11:28:803,2,Moderate_Damage,L2_S3,-1008,116,9654,3447,59,478,0,-5212.8
6346,20:11:28:814,2,Moderate_Damage,L2_S3,-1454,472,11222,5244,155,762,1,-3644.8
6347,20:11:28:824,2,Moderate_Damage,L2_S3,-988,970,13188,6597,435,893,0,-1678.8
6348,20:11:28:834,2,Moderate_Damage,L2_S3,-2444,1260,15040,7109,-19,1137,0,173.2
6349,20:11:28:844,2,Moderate_Damage,L2_S3,-1580,1774,17208,7136,536,963,0,2341.2
6350,20:11:28:854,2,Moderate_Damage,L2_S3,-2826,2086,18754,6335,57,988,0,3887.2
6351,20:11:28:864,2,Moderate_Damage,L2_S3,-2608,2330,20146,5039,214,705,0,5279.2
6352,20:11:28:874,2,Moderate_Damage,L2_S3,-2528,2506,21142,3217,299,385,0,6275.2
6353,20:11:28:884,2,Moderate_Damage,L2_S3,-3246,2476,21190,1049,-212,151,0,6323.2
6354,20:11:28:894,2,Moderate_Damage,L2_S3,-2298,2470,21038,-1098,302,-349,0,6171.2
6355,20:11:28:904,2,Moderate_Damage,L2_S3,-2932,2278,19902,-3256,-239,-545,0,5035.2
6356,20:11:28:914,2,Moderate_Damage,L2_S3,-2346,2034,18628,-5025,-63,-907,0,3761.2
6357,20:11:28:924,2,Moderate_Damage,L2_S3,-1902,1806,16854,-6334,-31,-1131,0,1987.2
6358,20:11:28:934,2,Moderate_Damage,L2_S3,-2196,1282,14864,-7168,-412,-1174,1,-2.8
6359,20:11:28:944,2,Moderate_Damage,L2_S3,-1008,964,13210,-7187,-6,-1308,0,-1656.8
6360,20:11:28:954,2,Moderate_Damage,L2_S3,-1744,480,11274,-6659,-315,-1088,0,-3592.8
6361,20:11:28:964,2,Moderate_Damage,L2_S3,-724,242,10040,-5463,-92,-1006,0,-4826.8
6362,20:11:28:974,2,Moderate_Damage,L2_S3,-914,-122,9090,-3871,-144,-679,0,-5776.8
6363,20:11:28:984,2,Moderate_Damage,L2_S3,-1056,-168,8636,-1858,-24,-370,0,-6230.8
6364,20:11:28:993,2,Moderate_Damage,L2_S3,-476,-128,9020,250,77,-87,0,-5846.8
6365,20:11:29:003,2,Moderate_Damage,L2_S3,-1510,100,9606,2269,17,325,0,-5260.8
6366,20:11:29:014,2,Moderate_Damage,L2_S3,-756,328,11002,4092,273,506,0,-3864.8
6367,20:11:29:024,2,Moderate_Damage,L2_S3,-1806,766,12496,5469,94,836,0,-2370.8
6368,20:11:29:034,2,Moderate_Damage,L2_S3,-1552,1172,14312,6313,332,885,0,-554.8
6369,20:11:29:044,2,Moderate_Damage,L2_S3,-1910,1520,16124,6510,204,960,0,1257.2
6370,20:11:29:054,2,Moderate_Damage,L2_S3,-2478,1854,17862,6103,181,915,0,2995.2
6371,20:11:29:064,2,Moderate_Damage,L2_S3,-2182,2164,19282,5149,331,687,0,4415.2
6372,20:11:29:074,2,Moderate_Damage,L2_S3,-2942,2262,20158,3622,-24,546,0,5291.2
6373,20:11:29:084,2,Moderate_Damage,L2_S3,-2498,2408,20692,1836,226,165,0,5825.2
6374,20:11:29:094,2,Moderate_Damage,L2_S3,-2750,2336,20642,-186,3,-108,0,5775.2
6375,20:11:29:104,2,Moderate_Damage,L2_S3,-2744,2260,19946,-2144,-81,-413,0,5079.2
6376,20:11:29:114,2,Moderate_Damage,L2_S3,-2218,2102,18882,-3905,71,-753,0,4015.2
6377,20:11:29:124,2,Moderate_Damage,L2_S3,-2514,1742,17250,-5331,-263,-898,0,2383.2
6378,20:11:29:134,2,Moderate_Damage,L2_S3,-1706,1524,15710,-6233,-39,-1122,0,843.2
6379,20:11:29:144,2,Moderate_Damage,L2_S3,-1720,1002,14068,-6648,-277,-1133,0,-798.8
6380,20:11:29:154,2,Moderate_Damage,L2_S3,-1496,764,12340,-6286,-149,-1093,0,-2526.8
6381,20:11:29:164,2,Moderate_Damage,L2_S3,-1014,346,10986,-5511,-106,-991,0,-3880.8
6382,20:11:29:174,2,Moderate_Damage,L2_S3,-1300,172,9808,-4179,-187,-717,0,-5058.8
6383,20:11:29:184,2,Moderate_Damage,L2_S3,-584,6,9410,-2506,27,-525,0,-5456.8
6384,20:11:29:194,2,Moderate_Damage,L2_S3,-1274,-46,9268,-624,-64,-151,0,-5598.8
6385,20:11:29:203,2,Moderate_Damage,L2_S3,-840,86,9872,1272,126,85,0,-4994.8
6386,20:11:29:214,2,Moderate_Damage,L2_S3,-1254,332,10684,3014,94,406,0,-4182.8
6387,20:11:29:224,2,Moderate_Damage,L2_S3,-1384,550,12116,4435,152,629,0,-2750.8
6388,20:11:29:234,2,Moderate_Damage,L2_S3,-1518,1054,13692,5472,288,763,0,-1174.8
6389,20:11:29:244,2,Moderate_Damage,L2_S3,-2098,1262,15292,5827,107,875,0,425.2
6390,20:11:29:254,2,Moderate_Damage,L2_S3,-1894,1652,16868,5777,322,802,0,2001.2
6391,20:11:29:264,2,Moderate_Damage,L2_S3,-2532,1868,18302,5041,129,747,0,3435.2
6392,20:11:29:274,2,Moderate_Damage,L2_S3,-2520,2156,19344,3921,159,534,0,4477.2
6393,20:11:29:284,2,Moderate_Damage,L2_S3,-2618,2194,20096,2343,154,282,0,5229.2
6394,20:11:29:294,2,Moderate_Damage,L2_S3,-2774,2224,20098,610,-16,28,0,5231.2
6395,20:11:29:304,2,Moderate_Damage,L2_S3,-2344,2170,19854,-1215,99,-318,0,4987.2
6396,20:11:29:314,2,Moderate_Damage,L2_S3,-2600,2038,18952,-2923,-101,-531,0,4085.2
6397,20:11:29:324,2,Moderate_Damage,L2_S3,-2158,1830,17760,-4338,-63,-791,0,2893.2
6398,20:11:29:334,2,Moderate_Damage,L2_S3,-1958,1522,16240,-5365,-104,-952,0,1373.2
6399,20:11:29:344,2,Moderate_Damage,L2_S3,-1956,1240,14598,-5929,-199,-1020,0,-268.8
6400,20:11:29:354,2,Moderate_Damage,L2_S3,-1324,860,13216,-5940,-128,-1071,0,-1650.8
6401,20:11:29:364,2,Moderate_Damage,L2_S3,-1564,562,11798,-5333,-149,-918,0,-3068.8
6402,20:11:29:374,2,Moderate_Damage,L2_S3,-954,310,10748,-4357,-106,-804,0,-4118.8
6403,20:11:29:384,2,Moderate_Damage,L2_S3,-1078,174,10052,-2954,-84,-545,0,-4814.8
6404,20:11:29:394,2,Moderate_Damage,L2_S3,-1022,88,9770,-1312,3,-293,0,-5096.8
6405,20:11:29:403,2,Moderate_Damage,L2_S3,-950,114,10042,433,52,-26,0,-4824.8
6406,20:11:29:414,2,Moderate_Damage,L2_S3,-1316,284,10698,2072,69,259,0,-4168.8
6407,20:11:29:424,2,Moderate_Damage,L2_S3,-1136,494,11802,3513,170,451,0,-3064.8
6408,20:11:29:434,2,Moderate_Damage,L2_S3,-1646,784,13188,4569,132,658,0,-1678.8
6409,20:11:29:444,2,Moderate_Damage,L2_S3,-1676,1208,14578,5225,255,729,0,-288.8
6410,20:11:29:454,2,Moderate_Damage,L2_S3,-1950,1462,16146,5263,161,755,0,1279.2
6411,20:11:29:464,2,Moderate_Damage,L2_S3,-2330,1724,17470,4881,188,698,0,2603.2
6412,20:11:29:474,2,Moderate_Damage,L2_S3,-2278,1910,18608,3997,195,535,0,3741.2
6413,20:11:29:484,2,Moderate_Damage,L2_S3,-2640,2070,19292,2728,62,365,0,4425.2
6414,20:11:29:494,2,Moderate_Damage,L2_S3,-2502,2178,19626,1197,114,93,0,4759.2
6415,20:11:29:504,2,Moderate_Damage,L2_S3,-2556,2154,19534,-447,11,-150,0,4667.2
6416,20:11:29:514,2,Moderate_Damage,L2_S3,-2478,1994,18930,-2044,-25,-415,0,4063.2
6417,20:11:29:524,2,Moderate_Damage,L2_S3,-2224,1818,18026,-3452,-19,-649,0,3159.2
6418,20:11:29:534,2,Moderate_Damage,L2_S3,-2158,1568,16700,-4551,-145,-800,0,1833.2
6419,20:11:29:544,2,Moderate_Damage,L2_S3,-1814,1344,15298,-5213,-66,-934,0,431.2
6420,20:11:29:554,2,Moderate_Damage,L2_S3,-1742,968,14042,-5467,-178,-958,0,-824.8
6421,20:11:29:564,2,Moderate_Damage,L2_S3,-1442,754,12606,-5120,-134,-906,0,-2260.8
6422,20:11:29:574,2,Moderate_Damage,L2_S3,-1240,428,11424,-4370,-65,-790,0,-3442.8
6423,20:11:29:584,2,Moderate_Damage,L2_S3,-1190,352,10686,-3223,-132,-596,0,-4180.8
6424,20:11:29:594,2,Moderate_Damage,L2_S3,-1000,142,10394,-1839,8,-395,0,-4472.8
6425,20:11:29:604,2,Moderate_Damage,L2_S3,-1248,206,10322,-250,10,-119,0,-4544.8
6426,20:11:29:614,2,Moderate_Damage,L2_S3,-1064,312,10814,1268,65,99,0,-4052.8
6427,20:11:29:624,2,Moderate_Damage,L2_S3,-1392,466,11678,2670,124,340,0,-3188.8
6428,20:11:29:634,2,Moderate_Damage,L2_S3,-1450,744,12810,3760,127,506,0,-2056.8
6429,20:11:29:644,2,Moderate_Damage,L2_S3,-1622,1012,14208,4504,206,629,0,-658.8
6430,20:11:29:654,2,Moderate_Damage,L2_S3,-2012,1362,15382,4814,191,693,0,515.2
6431,20:11:29:664,2,Moderate_Damage,L2_S3,-1948,1558,16862,4557,154,634,0,1995.2
6432,20:11:29:674,2,Moderate_Damage,L2_S3,-2442,1804,17864,3967,169,560,0,2997.2
6433,20:11:29:684,2,Moderate_Damage,L2_S3,-2300,1928,18718,2921,125,368,0,3851.2
6434,20:11:29:694,2,Moderate_Damage,L2_S3,-2520,2076,19138,1651,91,176,0,4271.2
6435,20:11:29:704,2,Moderate_Damage,L2_S3,-2520,2038,19174,156,28,-57,0,4307.2
6436,20:11:29:714,2,Moderate_Damage,L2_S3,-2364,2018,18796,-1284,28,-301,0,3929.2
6437,20:11:29:724,2,Moderate_Damage,L2_S3,-2374,1800,18030,-2680,-54,-504,0,3163.2
6438,20:11:29:734,2,Moderate_Damage,L2_S3,-2092,1618,16966,-3765,-41,-695,0,2099.2
6439,20:11:29:744,2,Moderate_Damage,L2_S3,-1954,1432,15736,-4547,-96,-813,0,869.2
6440,20:11:29:754,2,Moderate_Damage,L2_S3,-1808,1174,14442,-4886,-105,-864,0,-424.8
6441,20:11:29:764,2,Moderate_Damage,L2_S3,-1448,802,13420,-4847,-157,-869,0,-1446.8
6442,20:11:29:774,2,Moderate_Damage,L2_S3,-1540,626,12154,-4248,-72,-761,0,-2712.8
6443,20:11:29:784,2,Moderate_Damage,L2_S3,-1162,396,11342,-3390,-81,-637,0,-3524.8
6444,20:11:29:794,2,Moderate_Damage,L2_S3,-1254,326,10838,-2180,-58,-422,0,-4028.8
6445,20:11:29:804,2,Moderate_Damage,L2_S3,-1122,258,10798,-827,25,-223,0,-4068.8
6446,20:11:29:814,2,Moderate_Damage,L2_S3,-1180,320,11016,612,46,7,0,-3850.8
6447,20:11:29:824,2,Moderate_Damage,L2_S3,-1346,476,11628,1912,85,222,0,-3238.8
6448,20:11:29:834,2,Moderate_Damage,L2_S3,-1410,696,12578,3040,139,397,0,-2288.8
6449,20:11:29:844,2,Moderate_Damage,L2_S3,-1596,902,13816,3823,113,527,0,-1050.8
6450,20:11:29:854,2,Moderate_Damage,L2_S3,-1838,1208,14962,4272,203,588,0,95.2
6451,20:11:29:864,2,Moderate_Damage,L2_S3,-2024,1398,16146,4239,148,590,0,1279.2
6452,20:11:29:874,2,Moderate_Damage,L2_S3,-2204,1662,17192,3814,137,522,0,2325.2
6453,20:11:29:884,2,Moderate_Damage,L2_S3,-2330,1810,18086,3020,172,391,0,3219.2
6454,20:11:29:894,2,Moderate_Damage,L2_S3,-2448,1976,18624,1939,48,229,0,3757.2
6455,20:11:29:904,2,Moderate_Damage,L2_S3,-2424,1912,18810,644,89,10,0,3943.2
6456,20:11:29:914,2,Moderate_Damage,L2_S3,-2400,1926,18574,-687,11,-197,0,3707.2
6457,20:11:29:924,2,Moderate_Damage,L2_S3,-2278,1774,18036,-1973,-16,-409,0,3169.2
6458,20:11:29:934,2,Moderate_Damage,L2_S3,-2168,1668,17160,-3071,-22,-586,0,2293.2
6459,20:11:29:944,2,Moderate_Damage,L2_S3,-2050,1422,16054,-3896,-89,-712,0,1187.2
6460,20:11:29:955,2,Moderate_Damage,L2_S3,-1746,1210,14954,-4358,-70,-791,0,87.2
6461,20:11:29:964,2,Moderate_Damage,L2_S3,-1682,916,13736,-4438,-112,-788,0,-1130.8
6462,20:11:29:974,2,Moderate_Damage,L2_S3,-1448,700,12802,-4134,-125,-754,0,-2064.8
6463,20:11:29:984,2,Moderate_Damage,L2_S3,-1378,562,11872,-3378,-21,-623,0,-2994.8
6464,20:11:29:994,2,Moderate_Damage,L2_S3,-1214,430,11344,-2435,-87,-472,0,-3522.8
6465,20:11:30:004,2,Moderate_Damage,L2_S3,-1240,340,11146,-1234,19,-294,0,-3720.8
6466,20:11:30:014,2,Moderate_Damage,L2_S3,-1310,386,11202,48,32,-85,0,-3664.8
6467,20:11:30:024,2,Moderate_Damage,L2_S3,-1258,484,11668,1274,67,108,0,-3198.8
6468,20:11:30:034,2,Moderate_Damage,L2_S3,-1496,624,12414,2361,115,285,0,-2452.8
6469,20:11:30:044,2,Moderate_Damage,L2_S3,-1544,894,13412,3196,107,419,0,-1454.8
6470,20:11:30:054,2,Moderate_Damage,L2_S3,-1750,1088,14516,3725,164,507,0,-350.8
6471,20:11:30:064,2,Moderate_Damage,L2_S3,-1940,1346,15592,3865,150,530,0,725.2
6472,20:11:30:074,2,Moderate_Damage,L2_S3,-2042,1506,16670,3598,131,478,0,1803.2
6473,20:11:30:084,2,Moderate_Damage,L2_S3,-2314,1714,17578,3001,143,395,0,2711.2
6474,20:11:30:094,2,Moderate_Damage,L2_S3,-2246,1840,18072,2118,94,244,0,3205.2
6475,20:11:30:104,2,Moderate_Damage,L2_S3,-2378,1858,18414,997,62,65,0,3547.2
6476,20:11:30:114,2,Moderate_Damage,L2_S3,-2440,1850,18332,-191,40,-115,0,3465.2
6477,20:11:30:124,2,Moderate_Damage,L2_S3,-2266,1766,17940,-1387,-1,-317,0,3073.2
6478,20:11:30:134,2,Moderate_Damage,L2_S3,-2224,1666,17232,-2450,-27,-477,0,2365.2
6479,20:11:30:144,2,Moderate_Damage,L2_S3,-2080,1474,16398,-3302,-53,-617,0,1531.2
6480,20:11:30:154,2,Moderate_Damage,L2_S3,-1888,1272,15274,-3831,-76,-703,0,407.2
6481,20:11:30:164,2,Moderate_Damage,L2_S3,-1710,1114,14254,-4025,-80,-729,0,-612.8
6482,20:11:30:174,2,Moderate_Damage,L2_S3,-1498,848,13332,-3890,-93,-711,0,-1534.8
6483,20:11:30:184,2,Moderate_Damage,L2_S3,-1412,658,12556,-3362,-84,-620,0,-2310.8
6484,20:11:30:194,2,Moderate_Damage,L2_S3,-1314,498,11810,-2537,-18,-500,0,-3056.8
6485,20:11:30:204,2,Moderate_Damage,L2_S3,-1212,450,11560,-1526,-46,-334,0,-3306.8
6486,20:11:30:214,2,Moderate_Damage,L2_S3,-1258,380,11578,-420,45,-161,0,-3288.8
6487,20:11:30:224,2,Moderate_Damage,L2_S3,-1350,528,11832,774,62,30,0,-3034.8
6488,20:11:30:234,2,Moderate_Damage,L2_S3,-1346,600,12468,1769,67,196,0,-2398.8
6489,20:11:30:244,2,Moderate_Damage,L2_S3,-1572,822,13212,2645,120,337,0,-1654.8
6490,20:11:30:254,2,Moderate_Damage,L2_S3,-1700,1014,14220,3187,104,422,0,-646.8
6491,20:11:30:265,2,Moderate_Damage,L2_S3,-1864,1212,15210,3464,153,457,0,343.2
6492,20:11:30:274,2,Moderate_Damage,L2_S3,-2042,1464,16156,3360,143,447,0,1289.2
6493,20:11:30:284,2,Moderate_Damage,L2_S3,-2110,1598,17006,2890,74,378,0,2139.2
6494,20:11:30:294,2,Moderate_Damage,L2_S3,-2262,1756,17638,2223,145,262,0,2771.2
6495,20:11:30:304,2,Moderate_Damage,L2_S3,-2240,1752,17920,1249,39,108,0,3053.2
6496,20:11:30:314,2,Moderate_Damage,L2_S3,-2328,1846,18056,193,51,-61,0,3189.2
6497,20:11:30:324,2,Moderate_Damage,L2_S3,-2298,1732,17814,-899,24,-230,0,2947.2
6498,20:11:30:334,2,Moderate_Damage,L2_S3,-2156,1656,17290,-1906,-44,-386,0,2423.2
6499,20:11:30:344,2,Moderate_Damage,L2_S3,-2086,1486,16524,-2750,-17,-532,0,1657.2
6500,20:11:30:354,2,Moderate_Damage,L2_S3,-1910,1300,15598,-3339,-47,-626,0,731.2
6501,20:11:30:364,2,Moderate_Damage,L2_S3,-1810,1126,14652,-3628,-89,-664,0,-214.8
6502,20:11:30:374,2,Moderate_Damage,L2_S3,-1666,930,13684,-3587,-47,-665,0,-1182.8
6503,20:11:30:384,2,Moderate_Damage,L2_S3,-1474,678,13060,-3276,-103,-613,0,-1806.8
6504,20:11:30:394,2,Moderate_Damage,L2_S3,-1394,646,12324,-2569,-32,-487,0,-2542.8
6505,20:11:30:404,2,Moderate_Damage,L2_S3,-1390,494,11986,-1746,0,-365,0,-2880.8
6506,20:11:30:414,2,Moderate_Damage,L2_S3,-1334,552,11668,-697,-28,-203,0,-3198.8
6507,20:11:30:424,2,Moderate_Damage,L2_S3,-1384,442,12052,275,71,-47,0,-2814.8
6508,20:11:30:434,2,Moderate_Damage,L2_S3,-1404,670,12394,1314,60,116,0,-2472.8
6509,20:11:30:444,2,Moderate_Damage,L2_S3,-1510,770,13198,2093,78,245,0,-1668.8
6510,20:11:30:454,2,Moderate_Damage,L2_S3,-1716,984,13964,2734,120,347,0,-902.8
6511,20:11:30:464,2,Moderate_Damage,L2_S3,-1784,1104,14886,3029,103,396,0,19.2
6512,20:11:30:474,2,Moderate_Damage,L2_S3,-1926,1358,15768,3083,146,409,0,901.2
6513,20:11:30:484,2,Moderate_Damage,L2_S3,-2106,1490,16558,2772,118,354,0,1691.2
6514,20:11:30:494,2,Moderate_Damage,L2_S3,-2150,1586,17254,2183,58,262,0,2387.2
6515,20:11:30:504,2,Moderate_Damage,L2_S3,-2274,1706,17556,1416,116,132,0,2689.2
6516,20:11:30:514,2,Moderate_Damage,L2_S3,-2246,1752,17678,498,34,-7,0,2811.2
6517,20:11:30:524,2,Moderate_Damage,L2_S3,-2236,1682,17632,-520,26,-177,0,2765.2
6518,20:11:30:534,2,Moderate_Damage,L2_S3,-2158,1612,17204,-1432,4,-325,0,2337.2
6519,20:11:30:544,2,Moderate_Damage,L2_S3,-2078,1490,16616,-2273,-46,-448,0,1749.2
6520,20:11:30:554,2,Moderate_Damage,L2_S3,-1958,1374,15824,-2862,-30,-549,0,957.2
6521,20:11:30:565,2,Moderate_Damage,L2_S3,-1868,1114,14982,-3238,-39,-608,0,115.2
6522,20:11:30:574,2,Moderate_Damage,L2_S3,-1670,1010,14148,-3275,-81,-607,0,-718.8
6523,20:11:30:584,2,Moderate_Damage,L2_S3,-1556,816,13344,-3096,-42,-589,0,-1522.8
6524,20:11:30:595,2,Moderate_Damage,L2_S3,-1412,716,12726,-2579,-80,-502,0,-2140.8
6525,20:11:30:604,2,Moderate_Damage,L2_S3,-1422,604,12270,-1828,3,-390,0,-2596.8
6526,20:11:30:614,2,Moderate_Damage,L2_S3,-1318,558,12110,-985,-29,-243,0,-2756.8
6527,20:11:30:625,2,Moderate_Damage,L2_S3,-1406,542,12212,-52,54,-99,0,-2654.8
6528,20:11:30:634,2,Moderate_Damage,L2_S3,-1368,670,12502,864,65,46,0,-2364.8
6529,20:11:30:644,2,Moderate_Damage,L2_S3,-1550,708,13144,1649,67,178,0,-1722.8
6530,20:11:30:654,2,Moderate_Damage,L2_S3,-1656,922,13788,2281,106,268,0,-1078.8
6531,20:11:30:664,2,Moderate_Damage,L2_S3,-1780,1094,14596,2648,91,333,0,-270.8
6532,20:11:30:674,2,Moderate_Damage,L2_S3,-1938,1282,15396,2759,121,353,0,529.2
6533,20:11:30:684,2,Moderate_Damage,L2_S3,-1952,1378,16228,2573,103,321,0,1361.2
6534,20:11:30:694,2,Moderate_Damage,L2_S3,-2170,1580,16716,2188,145,263,0,1849.2
6535,20:11:30:704,2,Moderate_Damage,L2_S3,-2122,1614,17266,1455,44,140,0,2399.2
6536,20:11:30:714,2,Moderate_Damage,L2_S3,-2198,1664,17424,717,71,26,0,2557.2
6537,20:11:30:724,2,Moderate_Damage,L2_S3,-2136,1616,17474,-201,39,-127,0,2607.2
6538,20:11:30:734,2,Moderate_Damage,L2_S3,-2166,1582,17100,-1044,-9,-254,0,2233.2
6539,20:11:30:744,2,Moderate_Damage,L2_S3,-2052,1506,16662,-1852,13,-398,0,1795.2
6540,20:11:30:754,2,Moderate_Damage,L2_S3,-1972,1406,15916,-2445,-43,-489,0,1049.2
6541,20:11:30:765,2,Moderate_Damage,L2_S3,-1850,1224,15190,-2853,-44,-540,0,323.2
6542,20:11:30:775,2,Moderate_Damage,L2_S3,-1766,1060,14496,-2992,-19,-567,0,-370.8
6543,20:11:30:784,2,Moderate_Damage,L2_S3,-1602,934,13696,-2863,-77,-544,0,-1170.8
6544,20:11:30:794,2,Moderate_Damage,L2_S3,-1568,758,13092,-2482,-4,-493,0,-1774.8
6545,20:11:30:805,2,Moderate_Damage,L2_S3,-1450,600,12776,-1945,-80,-395,0,-2090.8
6546,20:11:30:814,2,Moderate_Damage,L2_S3,-1432,644,12382,-1112,36,-266,0,-2484.8
6547,20:11:30:824,2,Moderate_Damage,L2_S3,-1426,540,12480,-354,24,-142,0,-2386.8
6548,20:11:30:834,2,Moderate_Damage,L2_S3,-1430,714,12614,530,29,-4,0,-2252.8
6549,20:11:30:844,2,Moderate_Damage,L2_S3,-1532,716,13104,1233,112,94,0,-1762.8
6550,20:11:30:854,2,Moderate_Damage,L2_S3,-1610,912,13630,1887,51,215,0,-1236.8
6551,20:11:30:864,2,Moderate_Damage,L2_S3,-1696,1016,14462,2259,98,275,0,-404.8
6552,20:11:30:874,2,Moderate_Damage,L2_S3,-1854,1224,15056,2454,107,302,0,189.2
6553,20:11:30:884,2,Moderate_Damage,L2_S3,-2008,1308,15796,2356,77,281,0,929.2
6554,20:11:30:894,2,Moderate_Damage,L2_S3,-2050,1410,16464,2067,134,238,0,1597.2
6555,20:11:30:904,2,Moderate_Damage,L2_S3,-2172,1548,16826,1533,67,162,0,1959.2
6556,20:11:30:914,2,Moderate_Damage,L2_S3,-2110,1580,17148,813,36,38,0,2281.2
6557,20:11:30:924,2,Moderate_Damage,L2_S3,-2200,1600,17118,61,78,-82,0,2251.2
6558,20:11:30:934,2,Moderate_Damage,L2_S3,-2136,1600,16982,-744,-21,-210,0,2115.2
6559,20:11:30:944,2,Moderate_Damage,L2_S3,-2078,1498,16674,-1462,26,-324,0,1807.2
6560,20:11:30:955,2,Moderate_Damage,L2_S3,-2010,1456,16008,-2078,-28,-414,0,1141.2
6561,20:11:30:965,2,Moderate_Damage,L2_S3,-1850,1224,15430,-2488,-31,-482,0,563.2
6562,20:11:30:975,2,Moderate_Damage,L2_S3,-1784,1084,14692,-2701,-16,-518,0,-174.8
6563,20:11:30:985,2,Moderate_Damage,L2_S3,-1608,936,13966,-2643,-61,-512,0,-900.8
6564,20:11:30:994,2,Moderate_Damage,L2_S3,-1606,802,13452,-2384,-1,-468,0,-1414.8
6565,20:11:31:004,2,Moderate_Damage,L2_S3,-1480,738,12894,-1892,-54,-386,0,-1972.8
6566,20:11:31:014,2,Moderate_Damage,L2_S3,-1490,626,12810,-1314,-36,-298,0,-2056.8
6567,20:11:31:024,2,Moderate_Damage,L2_S3,-1404,664,12784,175,-22,-62,0,-2082.8
6568,20:11:31:034,2,Moderate_Damage,L2_S3,-1630,790,13120,949,119,65,0,-1746.8
6569,20:11:31:044,2,Moderate_Damage,L2_S3,-1580,822,13614,1493,57,153,0,-1252.8
6570,20:11:31:055,2,Moderate_Damage,L2_S3,-1726,1018,14194,1961,76,224,0,-672.8
6571,20:11:31:064,2,Moderate_Damage,L2_S3,-1820,1116,14980,2141,116,249,0,113.2
6572,20:11:31:074,2,Moderate_Damage,L2_S3,-1928,1288,15586,2163,70,258,0,719.2
6573,20:11:31:084,2,Moderate_Damage,L2_S3,-1988,1392,16218,1917,93,217,0,1351.2
6574,20:11:31:094,2,Moderate_Damage,L2_S3,-2078,1544,16544,1543,100,155,0,1677.2
6575,20:11:31:104,2,Moderate_Damage,L2_S3,-2096,1510,16924,898,29,58,0,2057.2
6576,20:11:31:114,2,Moderate_Damage,L2_S3,-2090,1600,16956,254,50,-49,0,2089.2
6577,20:11:31:125,2,Moderate_Damage,L2_S3,-2134,1532,16884,-486,23,-160,0,2017.2
6578,20:11:31:135,2,Moderate_Damage,L2_S3,-2006,1470,16532,-1145,-18,-267,0,1665.2
6579,20:11:31:145,2,Moderate_Damage,L2_S3,-1964,1402,16080,-1744,1,-367,0,1213.2
6580,20:11:31:155,2,Moderate_Damage,L2_S3,-1884,1278,15518,-2163,-31,-432,0,651.2
6581,20:11:31:165,2,Moderate_Damage,L2_S3,-1820,1086,14930,-2408,-21,-469,0,63.2
6582,20:11:31:175,2,Moderate_Damage,L2_S3,-1726,1016,14254,-2435,-30,-480,0,-612.8
6583,20:11:31:185,2,Moderate_Damage,L2_S3,-1630,922,13764,-2243,-18,-449,0,-1102.8
6584,20:11:31:195,2,Moderate_Damage,L2_S3,-1546,808,13292,-1863,-20,-385,0,-1574.8
6585,20:11:31:205,2,Moderate_Damage,L2_S3,-1466,662,13092,-1360,-32,-307,0,-1774.8
6586,20:11:31:214,2,Moderate_Damage,L2_S3,-1442,692,12844,-687,25,-201,0,-2022.8
6587,20:11:31:224,2,Moderate_Damage,L2_S3,-1544,748,13048,-21,38,-100,0,-1818.8
6588,20:11:31:234,2,Moderate_Damage,L2_S3,-1524,818,13212,636,24,11,0,-1654.8
6589,20:11:31:244,2,Moderate_Damage,L2_S3,-1660,796,13700,1189,97,100,0,-1166.8
6590,20:11:31:254,2,Moderate_Damage,L2_S3,-1656,968,14102,1637,45,174,0,-764.8
6591,20:11:31:264,2,Moderate_Damage,L2_S3,-1788,1092,14732,1877,96,205,0,-134.8
6592,20:11:31:275,2,Moderate_Damage,L2_S3,-1880,1174,15302,1935,79,217,0,435.2
6593,20:11:31:285,2,Moderate_Damage,L2_S3,-1976,1314,15846,1777,75,193,0,979.2
6594,20:11:31:295,2,Moderate_Damage,L2_S3,-2058,1424,16322,1448,81,143,0,1455.2
6595,20:11:31:304,2,Moderate_Damage,L2_S3,-2058,1460,16612,964,59,70,0,1745.2
6596,20:11:31:314,2,Moderate_Damage,L2_S3,-2124,1540,16616,403,77,-25,0,1749.2
6597,20:11:31:325,2,Moderate_Damage,L2_S3,-2096,1466,16716,-305,-6,-136,0,1849.2
6598,20:11:31:335,2,Moderate_Damage,L2_S3,-2124,1494,16368,-873,42,-226,0,1501.2
6599,20:11:31:345,2,Moderate_Damage,L2_S3,-1958,1424,16020,-1444,-21,-318,0,1153.2
6600,20:11:31:355,2,Moderate_Damage,L2_S3,-1986,1336,15652,-1861,-6,-382,0,785.2
6601,20:11:31:365,2,Moderate_Damage,L2_S3,-1816,1190,15038,-2121,-20,-428,0,171.2
6602,20:11:31:375,2,Moderate_Damage,L2_S3,-1774,1054,14468,-2200,-44,-440,0,-398.8
6603,20:11:31:385,2,Moderate_Damage,L2_S3,-1668,936,13946,-2082,-9,-428,0,-920.8
6604,20:11:31:395,2,Moderate_Damage,L2_S3,-1580,842,13526,-1794,-9,-370,0,-1340.8
6605,20:11:31:405,2,Moderate_Damage,L2_S3,-1580,832,13290,-1356,-18,-306,0,-1576.8
6606,20:11:31:414,2,Moderate_Damage,L2_S3,-1566,700,13086,-813,5,-228,0,-1780.8
6607,20:11:31:424,2,Moderate_Damage,L2_S3,-1486,792,13118,-177,53,-124,0,-1748.8
6608,20:11:31:434,2,Moderate_Damage,L2_S3,-1528,804,13406,372,7,-31,0,-1460.8
6609,20:11:31:444,2,Moderate_Damage,L2_S3,-1660,906,13650,929,94,54,0,-1216.8
6610,20:11:31:455,2,Moderate_Damage,L2_S3,-1648,978,14074,1336,37,125,0,-792.8
6611,20:11:31:465,2,Moderate_Damage,L2_S3,-1806,1056,14610,1614,84,173,0,-256.8
6612,20:11:31:475,2,Moderate_Damage,L2_S3,-1866,1180,15120,1710,80,180,0,253.2
6613,20:11:31:484,2,Moderate_Damage,L2_S3,-1932,1296,15664,1621,59,177,0,797.2
6614,20:11:31:494,2,Moderate_Damage,L2_S3,-1984,1382,16072,1362,89,133,0,1205.2
6615,20:11:31:504,2,Moderate_Damage,L2_S3,-2028,1424,16406,957,47,70,0,1539.2
6616,20:11:31:514,2,Moderate_Damage,L2_S3,-2082,1468,16500,452,58,-11,0,1633.2
6617,20:11:31:525,2,Moderate_Damage,L2_S3,-1992,1466,16546,-119,35,-112,0,1679.2
6618,20:11:31:535,2,Moderate_Damage,L2_S3,-2046,1454,16414,-688,-1,-200,0,1547.2
6619,20:11:31:545,2,Moderate_Damage,L2_S3,-1994,1442,16064,-1200,-1,-277,0,1197.2
6620,20:11:31:555,2,Moderate_Damage,L2_S3,-1926,1306,15654,-1615,-13,-344,0,787.2
6621,20:11:31:565,2,Moderate_Damage,L2_S3,-1852,1180,15158,-1894,-14,-391,0,291.2
6622,20:11:31:575,2,Moderate_Damage,L2_S3,-1780,1072,14608,-2006,-14,-411,0,-258.8
6623,20:11:31:585,2,Moderate_Damage,L2_S3,-1718,960,14186,-1942,-26,-400,0,-680.8
6624,20:11:31:595,2,Moderate_Damage,L2_S3,-1612,882,13764,-1706,-14,-372,0,-1102.8
6625,20:11:31:604,2,Moderate_Damage,L2_S3,-1624,844,13428,-1337,4,-305,0,-1438.8
6626,20:11:31:615,2,Moderate_Damage,L2_S3,-1512,840,13302,-858,5,-231,0,-1564.8
6627,20:11:31:625,2,Moderate_Damage,L2_S3,-1532,776,13268,-322,26,-139,0,-1598.8
6628,20:11:31:634,2,Moderate_Damage,L2_S3,-1580,782,13450,218,44,-56,0,-1416.8
6629,20:11:31:644,2,Moderate_Damage,L2_S3,-1568,898,13708,727,55,26,0,-1158.8
6630,20:11:31:654,2,Moderate_Damage,L2_S3,-1614,954,14026,1136,70,97,0,-840.8
6631,20:11:31:665,2,Moderate_Damage,L2_S3,-1738,1072,14506,1410,66,140,0,-360.8
6632,20:11:31:674,2,Moderate_Damage,L2_S3,-1812,1132,14944,1531,84,156,0,77.2
6633,20:11:31:685,2,Moderate_Damage,L2_S3,-1890,1228,15452,1492,69,151,0,585.2
6634,20:11:31:695,2,Moderate_Damage,L2_S3,-1976,1400,15970,1281,69,122,0,1103.2
6635,20:11:31:704,2,Moderate_Damage,L2_S3,-1996,1376,16210,941,62,64,0,1343.2
6636,20:11:31:714,2,Moderate_Damage,L2_S3,-2038,1422,16310,496,55,-6,0,1443.2
6637,20:11:31:725,2,Moderate_Damage,L2_S3,-2050,1454,16452,-16,30,-81,0,1585.2
6638,20:11:31:735,2,Moderate_Damage,L2_S3,-2034,1402,16242,-537,15,-177,0,1375.2
6639,20:11:31:745,2,Moderate_Damage,L2_S3,-1988,1386,15980,-1016,7,-255,0,1113.2
6640,20:11:31:755,2,Moderate_Damage,L2_S3,-1926,1288,15650,-1418,-4,-313,0,783.2
6641,20:11:31:765,2,Moderate_Damage,L2_S3,-1862,1216,15264,-1697,-11,-364,0,397.2
6642,20:11:31:775,2,Moderate_Damage,L2_S3,-1848,1162,14780,-1838,-8,-384,0,-86.8
6643,20:11:31:785,2,Moderate_Damage,L2_S3,-1686,974,14404,-1803,-20,-375,0,-462.8
6644,20:11:31:795,2,Moderate_Damage,L2_S3,-1716,956,13924,-1632,-8,-345,0,-942.8
6645,20:11:31:805,2,Moderate_Damage,L2_S3,-1646,868,13608,-1315,3,-301,0,-1258.8
6646,20:11:31:815,2,Moderate_Damage,L2_S3,-1568,848,13374,-897,-2,-234,0,-1492.8
6647,20:11:31:825,2,Moderate_Damage,L2_S3,-1594,780,13364,-419,24,-153,0,-1502.8
6648,20:11:31:834,2,Moderate_Damage,L2_S3,-1538,858,13464,88,28,-76,0,-1402.8
6649,20:11:31:844,2,Moderate_Damage,L2_S3,-1632,880,13656,550,48,2,0,-1210.8
6650,20:11:31:854,2,Moderate_Damage,L2_S3,-1696,920,14076,944,58,61,0,-790.8
6651,20:11:31:865,2,Moderate_Damage,L2_S3,-1760,1012,14462,1224,61,105,0,-404.8
6652,20:11:31:875,2,Moderate_Damage,L2_S3,-1822,1110,14896,1371,69,132,0,29.2
6653,20:11:31:885,2,Moderate_Damage,L2_S3,-1888,1200,15312,1365,67,130,0,445.2
6654,20:11:31:895,2,Moderate_Damage,L2_S3,-2018,1290,15706,1201,65,106,0,839.2
6655,20:11:31:905,2,Moderate_Damage,L2_S3,-1994,1352,16006,915,67,55,0,1139.2
6656,20:11:31:914,2,Moderate_Damage,L2_S3,-1980,1372,16144,524,44,-4,0,1277.2
6657,20:11:31:924,2,Moderate_Damage,L2_S3,-2042,1412,16296,67,43,-80,0,1429.2
6658,20:11:31:935,2,Moderate_Damage,L2_S3,-1988,1382,16194,-405,25,-160,0,1327.2
6659,20:11:31:945,2,Moderate_Damage,L2_S3,-1962,1346,15944,-863,11,-224,0,1077.2
6660,20:11:31:955,2,Moderate_Damage,L2_S3,-1916,1310,15656,-1241,4,-293,0,789.2
6661,20:11:31:965,2,Moderate_Damage,L2_S3,-1850,1210,15338,-1524,1,-339,0,471.2
6662,20:11:31:975,2,Moderate_Damage,L2_S3,-1840,1092,14772,-1673,0,-359,0,-94.8
6663,20:11:31:985,2,Moderate_Damage,L2_S3,-1716,1052,14410,-1677,-6,-358,0,-456.8
6664,20:11:31:995,2,Moderate_Damage,L2_S3,-1664,954,14048,-1543,-3,-342,0,-818.8
6665,20:11:32:005,2,Moderate_Damage,L2_S3,-1646,830,13706,-1283,-5,-298,0,-1160.8
6666,20:11:32:015,2,Moderate_Damage,L2_S3,-1554,866,13588,-914,5,-230,0,-1278.8
6667,20:11:32:025,2,Moderate_Damage,L2_S3,-1614,808,13586,-484,22,-170,0,-1280.8
6668,20:11:32:035,2,Moderate_Damage,L2_S3,-1598,860,13560,-25,30,-94,0,-1306.8
6669,20:11:32:045,2,Moderate_Damage,L2_S3,-1638,924,13718,408,48,-29,0,-1148.8
6670,20:11:32:055,2,Moderate_Damage,L2_S3,-1688,952,14060,778,50,35,0,-806.8
6671,20:11:32:065,2,Moderate_Damage,L2_S3,-1764,1028,14444,1055,51,76,0,-422.8
6672,20:11:32:075,2,Moderate_Damage,L2_S3,-1796,1142,14812,1210,58,108,0,-54.8
6673,20:11:32:085,2,Moderate_Damage,L2_S3,-1906,1198,15204,1236,66,114,0,337.2
6674,20:11:32:095,2,Moderate_Damage,L2_S3,-1892,1264,15572,1119,59,94,0,705.2
6675,20:11:32:104,2,Moderate_Damage,L2_S3,-1998,1318,15870,882,61,48,0,1003.2
6676,20:11:32:115,2,Moderate_Damage,L2_S3,-1954,1374,16070,535,44,-6,0,1203.2
6677,20:11:32:125,2,Moderate_Damage,L2_S3,-2056,1354,16128,133,43,-64,0,1261.2
6678,20:11:32:135,2,Moderate_Damage,L2_S3,-2008,1390,16062,-304,25,-136,0,1195.2
6679,20:11:32:145,2,Moderate_Damage,L2_S3,-1960,1306,15920,-722,21,-207,0,1053.2
6680,20:11:32:155,2,Moderate_Damage,L2_S3,-1958,1300,15574,-1090,-1,-261,0,707.2
6681,20:11:32:165,2,Moderate_Damage,L2_S3,-1864,1210,15288,-1352,-1,-309,0,421.2
6682,20:11:32:175,2,Moderate_Damage,L2_S3,-1860,1144,14926,-1520,-11,-328,0,59.2
6683,20:11:32:185,2,Moderate_Damage,L2_S3,-1750,1098,14532,-1547,3,-333,0,-334.8
6684,20:11:32:195,2,Moderate_Damage,L2_S3,-1672,964,14234,-1458,-16,-316,0,-632.8
6685,20:11:32:205,2,Moderate_Damage,L2_S3,-1632,876,13900,-1232,8,-284,0,-966.8
6686,20:11:32:215,2,Moderate_Damage,L2_S3,-1626,850,13680,-916,3,-239,0,-1186.8
6687,20:11:32:225,2,Moderate_Damage,L2_S3,-1592,926,13616,-535,15,-164,0,-1250.8
6688,20:11:32:235,2,Moderate_Damage,L2_S3,-1608,882,13644,-133,33,-109,0,-1222.8
6689,20:11:32:245,2,Moderate_Damage,L2_S3,-1622,914,13890,279,37,-45,0,-976.8
6690,20:11:32:255,2,Moderate_Damage,L2_S3,-1674,974,14092,627,58,6,0,-774.8
6691,20:11:32:265,2,Moderate_Damage,L2_S3,-1720,996,14384,903,55,51,0,-482.8
6692,20:11:32:275,2,Moderate_Damage,L2_S3,-1752,1140,14758,1068,56,77,0,-108.8
6693,20:11:32:285,2,Moderate_Damage,L2_S3,-1854,1214,15124,1108,61,88,0,257.2
6694,20:11:32:295,2,Moderate_Damage,L2_S3,-1876,1256,15470,1025,49,68,0,603.2
6695,20:11:32:305,2,Moderate_Damage,L2_S3,-1896,1296,15742,834,58,35,0,875.2
6696,20:11:32:315,2,Moderate_Damage,L2_S3,-1986,1372,15896,539,43,-5,0,1029.2
6697,20:11:32:325,2,Moderate_Damage,L2_S3,-1982,1386,15984,181,38,-67,0,1117.2
6698,20:11:32:335,2,Moderate_Damage,L2_S3,-2010,1394,15896,-226,27,-130,0,1029.2
6699,20:11:32:345,2,Moderate_Damage,L2_S3,-2000,1338,15842,-601,16,-189,0,975.2
6700,20:11:32:357,2,Moderate_Damage,L2_S3,-1908,1240,15664,-952,12,-242,0,797.2
6701,20:11:32:365,2,Moderate_Damage,L2_S3,-1924,1244,15312,-1218,0,-278,0,445.2
6702,20:11:32:375,2,Moderate_Damage,L2_S3,-1766,1086,14966,-1380,-9,-309,0,99.2
6703,20:11:32:385,2,Moderate_Damage,L2_S3,-1770,1096,14546,-1438,-3,-318,0,-320.8
6704,20:11:32:395,2,Moderate_Damage,L2_S3,-1766,1022,14290,-1370,7,-307,0,-576.8
6705,20:11:32:405,2,Moderate_Damage,L2_S3,-1668,976,14116,-1187,-11,-280,0,-750.8
6706,20:11:32:415,2,Moderate_Damage,L2_S3,-1688,960,13852,-908,13,-240,0,-1014.8
6707,20:11:32:425,2,Moderate_Damage,L2_S3,-1612,902,13778,-577,18,-179,0,-1088.8
6708,20:11:32:435,2,Moderate_Damage,L2_S3,-1622,888,13822,-205,22,-118,0,-1044.8
6709,20:11:32:445,2,Moderate_Damage,L2_S3,-1636,910,13960,161,37,-57,0,-906.8
6710,20:11:32:455,2,Moderate_Damage,L2_S3,-1668,966,14080,500,51,-12,0,-786.8
6711,20:11:32:465,2,Moderate_Damage,L2_S3,-1696,1012,14396,765,51,37,0,-470.8
6712,20:11:32:475,2,Moderate_Damage,L2_S3,-1764,1082,14674,941,59,63,0,-192.8
6713,20:11:32:485,2,Moderate_Damage,L2_S3,-1866,1160,15064,993,48,72,0,197.2
6714,20:11:32:495,2,Moderate_Damage,L2_S3,-1868,1202,15412,946,53,65,0,545.2
6715,20:11:32:505,2,Moderate_Damage,L2_S3,-1908,1302,15652,774,50,41,0,785.2
6716,20:11:32:515,2,Moderate_Damage,L2_S3,-1952,1320,15776,525,51,-1,0,909.2
6717,20:11:32:525,2,Moderate_Damage,L2_S3,-1930,1336,15910,208,40,-58,0,1043.2
6718,20:11:32:535,2,Moderate_Damage,L2_S3,-2012,1362,15874,-145,31,-112,0,1007.2
6719,20:11:32:545,2,Moderate_Damage,L2_S3,-1918,1318,15786,-500,18,-165,0,919.2
6720,20:11:32:555,2,Moderate_Damage,L2_S3,-1888,1276,15600,-821,9,-226,0,733.2
6721,20:11:32:565,2,Moderate_Damage,L2_S3,-1886,1216,15274,-1089,3,-266,0,407.2
6722,20:11:32:575,2,Moderate_Damage,L2_S3,-1822,1180,15028,-1260,10,-287,0,161.2
6723,20:11:32:585,2,Moderate_Damage,L2_S3,-1784,1088,14722,-1334,-1,-301,0,-144.8
6724,20:11:32:595,2,Moderate_Damage,L2_S3,-1692,1028,14376,-1283,0,-298,0,-490.8
6725,20:11:32:605,2,Moderate_Damage,L2_S3,-1704,982,14072,-1142,7,-271,0,-794.8
6726,20:11:32:615,2,Moderate_Damage,L2_S3,-1648,940,13928,-897,14,-227,0,-938.8
6727,20:11:32:625,2,Moderate_Damage,L2_S3,-1674,956,13936,-597,21,-186,0,-930.8
6728,20:11:32:635,2,Moderate_Damage,L2_S3,-1620,914,13926,-269,24,-136,0,-940.8
6729,20:11:32:645,2,Moderate_Damage,L2_S3,-1654,936,13884,78,44,-74,0,-982.8
6730,20:11:32:655,2,Moderate_Damage,L2_S3,-1704,964,14142,385,37,-26,0,-724.8
6731,20:11:32:665,2,Moderate_Damage,L2_S3,-1738,996,14360,645,57,14,0,-506.8
6732,20:11:32:675,2,Moderate_Damage,L2_S3,-1832,1050,14618,812,55,41,0,-248.8
6733,20:11:32:685,2,Moderate_Damage,L2_S3,-1800,1162,14900,890,51,57,0,33.2
6734,20:11:32:695,2,Moderate_Damage,L2_S3,-1874,1188,15244,854,62,52,0,377.2
6735,20:11:32:705,2,Moderate_Damage,L2_S3,-1876,1228,15484,725,48,29,0,617.2
6736,20:11:32:715,2,Moderate_Damage,L2_S3,-1918,1312,15730,507,50,-9,0,863.2
6737,20:11:32:725,2,Moderate_Damage,L2_S3,-1966,1296,15766,232,32,-57,0,899.2
6738,20:11:32:735,2,Moderate_Damage,L2_S3,-1958,1306,15786,-93,25,-106,0,919.2
6739,20:11:32:745,2,Moderate_Damage,L2_S3,-1942,1330,15750,-420,24,-149,0,883.2
6740,20:11:32:755,2,Moderate_Damage,L2_S3,-1894,1294,15548,-719,12,-205,0,681.2
6741,20:11:32:765,2,Moderate_Damage,L2_S3,-1824,1242,15350,-964,15,-240,0,483.2
6742,20:11:32:775,2,Moderate_Damage,L2_S3,-1838,1180,15054,-1141,-2,-261,0,187.2
6743,20:11:32:785,2,Moderate_Damage,L2_S3,-1782,1106,14804,-1216,15,-280,0,-62.8
6744,20:11:32:795,2,Moderate_Damage,L2_S3,-1760,1046,14438,-1204,5,-276,0,-428.8
6745,20:11:32:805,2,Moderate_Damage,L2_S3,-1706,990,14248,-1078,-5,-268,0,-618.8
6746,20:11:32:815,2,Moderate_Damage,L2_S3,-1672,930,14074,-883,17,-230,0,-792.8
6747,20:11:32:825,2,Moderate_Damage,L2_S3,-1630,918,13950,-619,13,-186,0,-916.8
6748,20:11:32:835,2,Moderate_Damage,L2_S3,-1618,892,13930,-313,26,-139,0,-936.8
6749,20:11:32:845,2,Moderate_Damage,L2_S3,-1632,922,13934,-4,35,-86,0,-932.8
6750,20:11:32:855,2,Moderate_Damage,L2_S3,-1668,946,14132,288,38,-38,0,-734.8
6751,20:11:32:865,2,Moderate_Damage,L2_S3,-1720,1036,14344,525,49,-2,0,-522.8
6752,20:11:32:875,2,Moderate_Damage,L2_S3,-1816,1072,14596,700,54,22,0,-270.8
6753,20:11:32:885,2,Moderate_Damage,L2_S3,-1852,1110,14956,779,54,34,0,89.2
6754,20:11:32:895,2,Moderate_Damage,L2_S3,-1864,1170,15194,775,59,31,0,327.2
6755,20:11:32:905,2,Moderate_Damage,L2_S3,-1862,1170,15462,668,51,17,0,595.2
6756,20:11:32:915,2,Moderate_Damage,L2_S3,-1920,1232,15546,492,53,-10,0,679.2
6757,20:11:32:925,2,Moderate_Damage,L2_S3,-1932,1314,15696,234,38,-52,0,829.2
6758,20:11:32:935,2,Moderate_Damage,L2_S3,-1938,1266,15668,-51,29,-105,0,801.2
6759,20:11:32:945,2,Moderate_Damage,L2_S3,-1964,1318,15666,-346,21,-142,0,799.2
6760,20:11:32:955,2,Moderate_Damage,L2_S3,-1948,1286,15560,-623,19,-184,0,693.2
6761,20:11:32:965,2,Moderate_Damage,L2_S3,-1866,1274,15278,-862,17,-218,0,411.2
6762,20:11:32:975,2,Moderate_Damage,L2_S3,-1808,1194,15070,-1029,6,-257,0,203.2
6763,20:11:32:985,2,Moderate_Damage,L2_S3,-1820,1078,14822,-1120,-4,-270,0,-44.8
6764,20:11:32:995,2,Moderate_Damage,L2_S3,-1740,1058,14634,-1115,-1,-265,0,-232.8
6765,20:11:33:005,2,Moderate_Damage,L2_S3,-1744,974,14408,-1025,19,-254,0,-458.8
6766,20:11:33:015,2,Moderate_Damage,L2_S3,-1650,952,14192,-850,-2,-223,0,-674.8
6767,20:11:33:025,2,Moderate_Damage,L2_S3,-1664,964,14062,-623,19,-188,0,-804.8
6768,20:11:33:035,2,Moderate_Damage,L2_S3,-1690,922,14030,-353,21,-141,0,-836.8
6769,20:11:33:045,2,Moderate_Damage,L2_S3,-1706,974,14038,-69,22,-99,0,-828.8
6770,20:11:33:055,2,Moderate_Damage,L2_S3,-1720,956,14190,195,43,-67,0,-676.8
6771,20:11:33:065,2,Moderate_Damage,L2_S3,-1700,1056,14364,425,35,-18,0,-502.8
6772,20:11:33:075,2,Moderate_Damage,L2_S3,-1766,1068,14612,595,58,7,0,-254.8
6773,20:11:33:085,2,Moderate_Damage,L2_S3,-1830,1094,14854,690,46,25,0,-12.8
6774,20:11:33:095,2,Moderate_Damage,L2_S3,-1778,1204,15134,693,48,26,0,267.2
6775,20:11:33:105,2,Moderate_Damage,L2_S3,-1904,1262,15336,616,47,11,0,469.2
6776,20:11:33:115,2,Moderate_Damage,L2_S3,-1870,1244,15538,458,46,-16,0,671.2
6777,20:11:33:125,2,Moderate_Damage,L2_S3,-1884,1250,15678,240,46,-55,0,811.2
6778,20:11:33:135,2,Moderate_Damage,L2_S3,-1946,1302,15636,-15,36,-90,0,769.2
6779,20:11:33:145,2,Moderate_Damage,L2_S3,-1894,1272,15576,-286,27,-135,0,709.2
6780,20:11:33:155,2,Moderate_Damage,L2_S3,-1880,1234,15494,-546,15,-169,0,627.2
6781,20:11:33:165,2,Moderate_Damage,L2_S3,-1866,1272,15374,-776,13,-211,0,507.2
6782,20:11:33:175,2,Moderate_Damage,L2_S3,-1800,1212,15132,-931,9,-243,0,265.2
6783,20:11:33:185,2,Moderate_Damage,L2_S3,-1818,1156,14832,-1020,9,-253,0,-34.8
6784,20:11:33:195,2,Moderate_Damage,L2_S3,-1710,1066,14664,-1040,6,-262,0,-202.8
6785,20:11:33:205,2,Moderate_Damage,L2_S3,-1734,1030,14456,-966,25,-241,0,-410.8
6786,20:11:33:215,2,Moderate_Damage,L2_S3,-1718,1020,14280,-831,11,-218,0,-586.8
6787,20:11:33:225,2,Moderate_Damage,L2_S3,-1656,968,14116,-626,29,-185,0,-750.8
6788,20:11:33:235,2,Moderate_Damage,L2_S3,-1672,988,14204,-390,19,-147,0,-662.8
6789,20:11:33:245,2,Moderate_Damage,L2_S3,-1668,934,14192,-115,40,-102,0,-674.8
6790,20:11:33:255,2,Moderate_Damage,L2_S3,-1698,966,14296,119,39,-62,0,-570.8
6791,20:11:33:265,2,Moderate_Damage,L2_S3,-1726,1056,14366,350,53,-33,0,-500.8
6792,20:11:33:275,2,Moderate_Damage,L2_S3,-1746,1012,14598,492,39,-7,0,-268.8
6793,20:11:33:285,2,Moderate_Damage,L2_S3,-1784,1106,14836,604,50,8,0,-30.8
6794,20:11:33:295,2,Moderate_Damage,L2_S3,-1800,1166,15032,616,46,8,0,165.2
6795,20:11:33:305,2,Moderate_Damage,L2_S3,-1910,1242,15272,562,54,7,0,405.2
6796,20:11:33:315,2,Moderate_Damage,L2_S3,-1932,1230,15388,425,39,-20,0,521.2
6797,20:11:33:325,2,Moderate_Damage,L2_S3,-1900,1278,15554,243,42,-48,0,687.2
6798,20:11:33:335,2,Moderate_Damage,L2_S3,-1892,1288,15490,2,38,-93,0,623.2
6799,20:11:33:345,2,Moderate_Damage,L2_S3,-1930,1250,15520,-236,27,-129,0,653.2
6800,20:11:33:355,2,Moderate_Damage,L2_S3,-1904,1272,15454,-475,24,-167,0,587.2
6801,20:11:33:365,2,Moderate_Damage,L2_S3,-1898,1196,15368,-685,27,-202,0,501.2
6802,20:11:33:375,2,Moderate_Damage,L2_S3,-1832,1154,15120,-849,12,-230,0,253.2
6803,20:11:33:385,2,Moderate_Damage,L2_S3,-1816,1136,14898,-943,15,-241,0,31.2
6804,20:11:33:395,2,Moderate_Damage,L2_S3,-1820,1074,14660,-966,-1,-241,0,-206.8
6805,20:11:33:405,2,Moderate_Damage,L2_S3,-1716,1064,14534,-912,18,-229,0,-332.8
6806,20:11:33:415,2,Moderate_Damage,L2_S3,-1812,998,14330,-793,28,-208,0,-536.8
6807,20:11:33:425,2,Moderate_Damage,L2_S3,-1690,966,14242,-623,-3,-185,0,-624.8
6808,20:11:33:435,2,Moderate_Damage,L2_S3,-1718,982,14234,-399,28,-150,0,-632.8
6809,20:11:33:445,2,Moderate_Damage,L2_S3,-1728,962,14198,-173,21,-121,0,-668.8
6810,20:11:33:455,2,Moderate_Damage,L2_S3,-1676,1014,14242,66,31,-80,0,-624.8
6811,20:11:33:465,2,Moderate_Damage,L2_S3,-1722,1030,14404,257,49,-40,0,-462.8
6812,20:11:33:475,2,Moderate_Damage,L2_S3,-1782,1020,14612,416,41,-22,0,-254.8
6813,20:11:33:485,2,Moderate_Damage,L2_S3,-1778,1086,14790,513,50,-9,0,-76.8
6814,20:11:33:495,2,Moderate_Damage,L2_S3,-1864,1184,14950,547,45,6,0,83.2
6815,20:11:33:505,2,Moderate_Damage,L2_S3,-1844,1190,15180,495,55,-15,0,313.2
6816,20:11:33:515,2,Moderate_Damage,L2_S3,-1886,1222,15360,390,36,-27,0,493.2
6817,20:11:33:525,2,Moderate_Damage,L2_S3,-1904,1270,15454,228,43,-53,0,587.2
6818,20:11:33:535,2,Moderate_Damage,L2_S3,-1922,1256,15542,24,38,-81,0,675.2
6819,20:11:33:545,2,Moderate_Damage,L2_S3,-1944,1272,15502,-196,24,-113,0,635.2
6820,20:11:33:555,2,Moderate_Damage,L2_S3,-1902,1236,15428,-410,30,-156,0,561.2
6821,20:11:33:565,2,Moderate_Damage,L2_S3,-1890,1202,15320,-614,8,-187,0,453.2
6822,20:11:33:575,2,Moderate_Damage,L2_S3,-1864,1192,15126,-762,16,-204,0,259.2
6823,20:11:33:585,2,Moderate_Damage,L2_S3,-1852,1132,14962,-870,1,-222,0,95.2
6824,20:11:33:595,2,Moderate_Damage,L2_S3,-1824,1098,14744,-897,6,-229,0,-122.8
6825,20:11:33:605,2,Moderate_Damage,L2_S3,-1696,1082,14516,-861,18,-224,0,-350.8
6826,20:11:33:615,2,Moderate_Damage,L2_S3,-1766,1028,14378,-765,26,-212,0,-488.8
6827,20:11:33:625,2,Moderate_Damage,L2_S3,-1708,1000,14264,-609,13,-182,0,-602.8
6828,20:11:33:635,2,Moderate_Damage,L2_S3,-1728,1020,14250,-415,29,-156,0,-616.8
6829,20:11:33:645,2,Moderate_Damage,L2_S3,-1748,990,14260,-208,25,-122,0,-606.8
6830,20:11:33:655,2,Moderate_Damage,L2_S3,-1728,954,14266,1,34,-86,0,-600.8
6831,20:11:33:665,2,Moderate_Damage,L2_S3,-1766,1026,14508,199,40,-56,0,-358.8
6832,20:11:33:675,2,Moderate_Damage,L2_S3,-1722,1070,14568,343,38,-33,0,-298.8
6833,20:11:33:685,2,Moderate_Damage,L2_S3,-1784,1094,14836,442,43,-19,0,-30.8
6834,20:11:33:695,2,Moderate_Damage,L2_S3,-1826,1088,14966,485,46,-11,0,99.2
6835,20:11:33:705,2,Moderate_Damage,L2_S3,-1894,1178,15178,453,44,-18,0,311.2
6836,20:11:33:715,2,Moderate_Damage,L2_S3,-1836,1200,15278,362,48,-38,0,411.2
6837,20:11:33:725,2,Moderate_Damage,L2_S3,-1906,1250,15304,222,36,-51,0,437.2
6838,20:11:33:735,2,Moderate_Damage,L2_S3,-1910,1268,15492,42,36,-81,0,625.2
6839,20:11:33:745,2,Moderate_Damage,L2_S3,-1946,1220,15484,-160,25,-115,0,617.2
6840,20:11:33:755,2,Moderate_Damage,L2_S3,-1886,1238,15308,-367,23,-142,0,441.2
6841,20:11:33:765,2,Moderate_Damage,L2_S3,-1846,1200,15324,-540,24,-176,0,457.2
6842,20:11:33:775,2,Moderate_Damage,L2_S3,-1838,1180,15126,-693,11,-199,0,259.2
6843,20:11:33:785,2,Moderate_Damage,L2_S3,-1808,1158,14912,-790,20,-214,0,45.2
6844,20:11:33:795,2,Moderate_Damage,L2_S3,-1788,1072,14724,-829,3,-222,0,-142.8
6845,20:11:33:805,2,Moderate_Damage,L2_S3,-1752,1102,14564,-804,19,-212,0,-302.8
6846,20:11:33:815,2,Moderate_Damage,L2_S3,-1712,1010,14466,-728,26,-206,0,-400.8
6847,20:11:33:825,2,Moderate_Damage,L2_S3,-1698,978,14346,-596,16,-179,0,-520.8
6848,20:11:33:835,2,Moderate_Damage,L2_S3,-1698,964,14314,-425,24,-158,0,-552.8
6849,20:11:33:845,2,Moderate_Damage,L2_S3,-1712,994,14282,-231,39,-125,0,-584.8
6850,20:11:33:855,2,Moderate_Damage,L2_S3,-1704,998,14318,-42,27,-95,0,-548.8
6851,20:11:33:865,2,Moderate_Damage,L2_S3,-1752,1054,14460,136,44,-69,0,-406.8
6852,20:11:33:875,2,Moderate_Damage,L2_S3,-1750,1098,14640,271,35,-46,0,-226.8
6853,20:11:33:885,2,Moderate_Damage,L2_S3,-1820,1056,14770,379,54,-37,0,-96.8
6854,20:11:33:895,2,Moderate_Damage,L2_S3,-1848,1140,14994,416,40,-15,0,127.2
6855,20:11:33:905,2,Moderate_Damage,L2_S3,-1850,1164,15162,398,35,-17,0,295.2
6856,20:11:33:915,2,Moderate_Damage,L2_S3,-1852,1190,15272,321,44,-32,0,405.2
6857,20:11:33:925,2,Moderate_Damage,L2_S3,-1908,1216,15244,202,32,-54,0,377.2
6858,20:11:33:935,2,Moderate_Damage,L2_S3,-1894,1224,15384,42,44,-85,0,517.2
6859,20:11:33:945,2,Moderate_Damage,L2_S3,-1862,1220,15392,-139,28,-117,0,525.2
6860,20:11:33:955,2,Moderate_Damage,L2_S3,-1954,1218,15394,-320,23,-135,0,527.2
6861,20:11:33:965,2,Moderate_Damage,L2_S3,-1878,1216,15218,-490,23,-165,0,351.2
6862,20:11:33:975,2,Moderate_Damage,L2_S3,-1870,1204,15112,-630,12,-185,0,245.2
6863,20:11:33:985,2,Moderate_Damage,L2_S3,-1838,1136,15066,-729,19,-202,0,199.2
6864,20:11:33:995,2,Moderate_Damage,L2_S3,-1762,1110,14766,-762,18,-205,0,-100.8
6865,20:11:34:006,2,Moderate_Damage,L2_S3,-1820,1078,14634,-754,6,-204,0,-232.8
6866,20:11:34:016,2,Moderate_Damage,L2_S3,-1736,1064,14514,-690,22,-197,0,-352.8
6867,20:11:34:025,2,Moderate_Damage,L2_S3,-1732,1032,14376,-577,21,-180,0,-490.8
6868,20:11:34:035,2,Moderate_Damage,L2_S3,-1740,1046,14332,-425,16,-150,0,-534.8
6869,20:11:34:045,2,Moderate_Damage,L2_S3,-1702,994,14344,-259,31,-137,0,-522.8
6870,20:11:34:055,2,Moderate_Damage,L2_S3,-1756,1002,14388,-84,32,-98,0,-478.8
6871,20:11:34:065,2,Moderate_Damage,L2_S3,-1766,1022,14392,76,36,-74,0,-474.8
6872,20:11:34:075,2,Moderate_Damage,L2_S3,-1796,1096,14598,214,45,-59,0,-268.8
6873,20:11:34:085,2,Moderate_Damage,L2_S3,-1780,1122,14812,312,45,-39,0,-54.8
6874,20:11:34:095,2,Moderate_Damage,L2_S3,-1816,1102,14860,361,42,-34,0,-6.8
6875,20:11:34:105,2,Moderate_Damage,L2_S3,-1798,1162,15012,349,41,-32,0,145.2
6876,20:11:34:115,2,Moderate_Damage,L2_S3,-1888,1164,15166,293,46,-43,0,299.2
6877,20:11:34:125,2,Moderate_Damage,L2_S3,-1880,1224,15344,185,36,-54,0,477.2
6878,20:11:34:135,2,Moderate_Damage,L2_S3,-1860,1244,15344,46,35,-83,0,477.2
6879,20:11:34:145,2,Moderate_Damage,L2_S3,-1888,1206,15434,-120,27,-108,0,567.2
6880,20:11:34:155,2,Moderate_Damage,L2_S3,-1840,1222,15312,-279,22,-134,0,445.2
6881,20:11:34:166,2,Moderate_Damage,L2_S3,-1890,1196,15278,-437,19,-160,0,411.2
6882,20:11:34:176,2,Moderate_Damage,L2_S3,-1816,1170,15096,-576,20,-175,0,229.2
6883,20:11:34:186,2,Moderate_Damage,L2_S3,-1808,1152,14964,-665,12,-197,0,97.2
6884,20:11:34:196,2,Moderate_Damage,L2_S3,-1770,1134,14830,-713,11,-204,0,-36.8
6885,20:11:34:205,2,Moderate_Damage,L2_S3,-1778,1038,14644,-714,11,-203,0,-222.8
6886,20:11:34:215,2,Moderate_Damage,L2_S3,-1762,1068,14596,-668,23,-195,0,-270.8
6887,20:11:34:225,2,Moderate_Damage,L2_S3,-1780,1010,14466,-563,27,-179,0,-400.8
6888,20:11:34:235,2,Moderate_Damage,L2_S3,-1748,1056,14330,-433,14,-155,0,-536.8
6889,20:11:34:245,2,Moderate_Damage,L2_S3,-1730,1032,14422,-279,35,-128,0,-444.8
6890,20:11:34:255,2,Moderate_Damage,L2_S3,-1726,990,14414,-115,30,-109,0,-452.8
6891,20:11:34:265,2,Moderate_Damage,L2_S3,-1780,1048,14502,44,32,-85,0,-364.8
6892,20:11:34:275,2,Moderate_Damage,L2_S3,-1686,1076,14608,167,35,-64,0,-258.8
6893,20:11:34:285,2,Moderate_Damage,L2_S3,-1770,1116,14742,257,40,-50,0,-124.8
6894,20:11:34:295,2,Moderate_Damage,L2_S3,-1794,1114,14882,299,37,-42,0,15.2
6895,20:11:34:305,2,Moderate_Damage,L2_S3,-1854,1172,15032,306,44,-35,0,165.2
6896,20:11:34:315,2,Moderate_Damage,L2_S3,-1894,1146,15094,258,44,-40,0,227.2
6897,20:11:34:329,2,Moderate_Damage,L2_S3,-1868,1180,15210,170,47,-64,0,343.2
6898,20:11:34:335,2,Moderate_Damage,L2_S3,-1912,1144,15314,50,34,-79,0,447.2
6899,20:11:34:346,2,Moderate_Damage,L2_S3,-1886,1232,15242,-103,37,-107,0,375.2
6900,20:11:34:356,2,Moderate_Damage,L2_S3,-1834,1212,15314,-246,30,-127,0,447.2
6901,20:11:34:365,2,Moderate_Damage,L2_S3,-1828,1208,15258,-395,30,-146,0,391.2
6902,20:11:34:375,2,Moderate_Damage,L2_S3,-1874,1184,15132,-518,22,-166,0,265.2
6903,20:11:34:386,2,Moderate_Damage,L2_S3,-1802,1090,14954,-616,15,-189,0,87.2
6904,20:11:34:396,2,Moderate_Damage,L2_S3,-1812,1132,14880,-659,23,-194,0,13.2
6905,20:11:34:405,2,Moderate_Damage,L2_S3,-1770,1074,14736,-672,9,-198,0,-130.8
6906,20:11:34:416,2,Moderate_Damage,L2_S3,-1756,1070,14602,-623,22,-189,0,-264.8
6907,20:11:34:426,2,Moderate_Damage,L2_S3,-1756,1050,14476,-543,15,-175,0,-390.8
6908,20:11:34:436,2,Moderate_Damage,L2_S3,-1750,1034,14404,-427,25,-159,0,-462.8
6909,20:11:34:446,2,Moderate_Damage,L2_S3,-1754,1024,14368,-298,22,-133,0,-498.8
6910,20:11:34:455,2,Moderate_Damage,L2_S3,-1700,1038,14474,-144,30,-111,0,-392.8
6911,20:11:34:465,2,Moderate_Damage,L2_S3,-1732,1046,14474,-8,34,-86,0,-392.8
6912,20:11:34:475,2,Moderate_Damage,L2_S3,-1796,1080,14530,119,37,-70,0,-336.8
6913,20:11:34:485,2,Moderate_Damage,L2_S3,-1784,1072,14680,202,42,-53,0,-186.8
6914,20:11:34:495,2,Moderate_Damage,L2_S3,-1816,1128,14834,262,40,-49,0,-32.8
6915,20:11:34:505,2,Moderate_Damage,L2_S3,-1828,1158,14962,263,38,-48,0,95.2
6916,20:11:34:515,2,Moderate_Damage,L2_S3,-1820,1162,15050,229,38,-46,0,183.2
6917,20:11:34:525,2,Moderate_Damage,L2_S3,-1860,1230,15208,140,42,-61,0,341.2
6918,20:11:34:535,2,Moderate_Damage,L2_S3,-1860,1210,15270,46,39,-80,0,403.2
6919,20:11:34:545,2,Moderate_Damage,L2_S3,-1872,1230,15230,-87,28,-102,0,363.2
6920,20:11:34:556,2,Moderate_Damage,L2_S3,-1896,1198,15346,-227,25,-132,0,479.2
6921,20:11:34:566,2,Moderate_Damage,L2_S3,-1882,1186,15260,-358,22,-147,0,393.2
6922,20:11:34:576,2,Moderate_Damage,L2_S3,-1880,1150,15106,-476,30,-163,0,239.2
6923,20:11:34:586,2,Moderate_Damage,L2_S3,-1822,1138,14972,-568,19,-182,0,105.2
6924,20:11:34:596,2,Moderate_Damage,L2_S3,-1836,1170,14922,-613,17,-189,0,55.2
6925,20:11:34:606,2,Moderate_Damage,L2_S3,-1816,1084,14784,-631,17,-189,0,-82.8
6926,20:11:34:616,2,Moderate_Damage,L2_S3,-1774,1086,14624,-600,19,-183,0,-242.8
6927,20:11:34:626,2,Moderate_Damage,L2_S3,-1718,1058,14576,-531,10,-176,0,-290.8
6928,20:11:34:636,2,Moderate_Damage,L2_S3,-1714,1026,14474,-423,23,-161,0,-392.8
6929,20:11:34:646,2,Moderate_Damage,L2_S3,-1742,1062,14478,-299,27,-140,0,-388.8
6930,20:11:34:656,2,Moderate_Damage,L2_S3,-1794,996,14494,-162,32,-114,0,-372.8
6931,20:11:34:665,2,Moderate_Damage,L2_S3,-1774,1056,14506,-38,39,-93,0,-360.8
6932,20:11:34:675,2,Moderate_Damage,L2_S3,-1772,1044,14622,72,32,-82,0,-244.8
6933,20:11:34:685,2,Moderate_Damage,L2_S3,-1802,1116,14696,161,37,-68,0,-170.8
6934,20:11:34:696,2,Moderate_Damage,L2_S3,-1800,1112,14796,207,38,-54,0,-70.8
6935,20:11:34:705,2,Moderate_Damage,L2_S3,-1836,1118,14932,229,39,-53,0,65.2
6936,20:11:34:715,2,Moderate_Damage,L2_S3,-1804,1152,15070,194,35,-59,0,203.2
6937,20:11:34:725,2,Moderate_Damage,L2_S3,-1850,1146,15070,134,42,-64,0,203.2
6938,20:11:34:735,2,Moderate_Damage,L2_S3,-1818,1208,15214,36,32,-78,0,347.2
6939,20:11:34:746,2,Moderate_Damage,L2_S3,-1854,1184,15222,-76,38,-104,0,355.2
6940,20:11:34:756,2,Moderate_Damage,L2_S3,-1862,1190,15266,-216,29,-122,0,399.2
6941,20:11:34:766,2,Moderate_Damage,L2_S3,-1810,1148,15214,-322,27,-139,0,347.2
6942,20:11:34:776,2,Moderate_Damage,L2_S3,-1896,1172,15068,-440,22,-161,0,201.2
6943,20:11:34:786,2,Moderate_Damage,L2_S3,-1870,1090,14990,-517,29,-174,0,123.2
6944,20:11:34:796,2,Moderate_Damage,L2_S3,-1768,1160,14916,-575,18,-183,0,49.2
6945,20:11:34:806,2,Moderate_Damage,L2_S3,-1788,1100,14800,-582,19,-179,0,-66.8
6946,20:11:34:816,2,Moderate_Damage,L2_S3,-1794,1046,14688,-561,29,-178,0,-178.8
6947,20:11:34:826,2,Moderate_Damage,L2_S3,-1776,1010,14640,-503,21,-170,0,-226.8
6948,20:11:34:836,2,Moderate_Damage,L2_S3,-1760,1062,14540,-415,21,-155,0,-326.8
6949,20:11:34:846,2,Moderate_Damage,L2_S3,-1744,1064,14448,-301,27,-133,0,-418.8
6950,20:11:34:856,2,Moderate_Damage,L2_S3,-1756,1012,14410,-192,31,-118,0,-456.8
6951,20:11:34:865,2,Moderate_Damage,L2_S3,-1754,1080,14578,-69,34,-100,0,-288.8
6952,20:11:34:875,2,Moderate_Damage,L2_S3,-1742,1066,14674,40,38,-88,0,-192.8
6953,20:11:34:885,2,Moderate_Damage,L2_S3,-1790,1066,14684,118,39,-72,0,-182.8
6954,20:11:34:895,2,Moderate_Damage,L2_S3,-1780,1108,14864,165,43,-56,0,-2.8
6955,20:11:34:905,2,Moderate_Damage,L2_S3,-1840,1130,14934,185,41,-55,0,67.2
6956,20:11:34:915,2,Moderate_Damage,L2_S3,-1854,1176,15112,167,39,-61,0,245.2
6957,20:11:34:925,2,Moderate_Damage,L2_S3,-1808,1172,15108,103,40,-71,0,241.2
6958,20:11:34:935,2,Moderate_Damage,L2_S3,-1870,1190,15118,32,37,-83,0,251.2
6959,20:11:34:946,2,Moderate_Damage,L2_S3,-1812,1222,15222,-70,34,-102,0,355.2
6960,20:11:34:956,2,Moderate_Damage,L2_S3,-1858,1196,15136,-188,29,-114,0,269.2
6961,20:11:34:966,2,Moderate_Damage,L2_S3,-1848,1220,15130,-300,28,-143,0,263.2
6962,20:11:34:976,2,Moderate_Damage,L2_S3,-1812,1168,15132,-401,23,-155,0,265.2
6963,20:11:34:986,2,Moderate_Damage,L2_S3,-1862,1128,14992,-484,27,-163,0,125.2
6964,20:11:34:996,2,Moderate_Damage,L2_S3,-1796,1122,14928,-538,18,-171,0,61.2
6965,20:11:35:006,2,Moderate_Damage,L2_S3,-1772,1136,14760,-554,18,-176,0,-106.8
6966,20:11:35:016,2,Moderate_Damage,L2_S3,-1800,1048,14712,-533,22,-173,0,-154.8
6967,20:11:35:026,2,Moderate_Damage,L2_S3,-1782,1030,14592,-493,25,-166,0,-274.8
6968,20:11:35:036,2,Moderate_Damage,L2_S3,-1752,1054,14532,-415,17,-158,0,-334.8
6969,20:11:35:046,2,Moderate_Damage,L2_S3,-1758,1054,14588,-311,25,-135,0,-278.8
6970,20:11:35:056,2,Moderate_Damage,L2_S3,-1736,1026,14576,-203,28,-118,0,-290.8
6971,20:11:35:066,2,Moderate_Damage,L2_S3,-1784,1096,14532,-94,25,-101,0,-334.8
6972,20:11:35:075,2,Moderate_Damage,L2_S3,-1770,1112,14602,11,37,-91,0,-264.8
6973,20:11:35:086,2,Moderate_Damage,L2_S3,-1810,1116,14688,84,33,-78,0,-178.8
6974,20:11:35:096,2,Moderate_Damage,L2_S3,-1802,1094,14830,138,39,-69,0,-36.8
6975,20:11:35:106,2,Moderate_Damage,L2_S3,-1822,1132,14946,155,37,-67,0,79.2
6976,20:11:35:115,2,Moderate_Damage,L2_S3,-1862,1184,15004,137,41,-69,0,137.2
6977,20:11:35:125,2,Moderate_Damage,L2_S3,-1830,1136,15098,97,43,-81,0,231.2
6978,20:11:35:136,2,Moderate_Damage,L2_S3,-1852,1216,15092,21,31,-82,0,225.2
6979,20:11:35:146,2,Moderate_Damage,L2_S3,-1898,1176,15148,-66,28,-105,0,281.2
6980,20:11:35:156,2,Moderate_Damage,L2_S3,-1832,1180,15178,-178,31,-119,0,311.2
6981,20:11:35:166,2,Moderate_Damage,L2_S3,-1930,1154,15214,-285,23,-129,0,347.2
6982,20:11:35:176,2,Moderate_Damage,L2_S3,-1816,1158,15118,-382,19,-149,0,251.2
6983,20:11:35:186,2,Moderate_Damage,L2_S3,-1838,1158,14992,-443,27,-159,0,125.2
6984,20:11:35:196,2,Moderate_Damage,L2_S3,-1806,1102,14902,-502,19,-168,0,35.2
6985,20:11:35:206,2,Moderate_Damage,L2_S3,-1790,1084,14832,-522,19,-170,0,-34.8
6986,20:11:35:216,2,Moderate_Damage,L2_S3,-1820,1114,14684,-509,14,-168,0,-182.8
6987,20:11:35:226,2,Moderate_Damage,L2_S3,-1798,1068,14614,-465,27,-166,0,-252.8
6988,20:11:35:236,2,Moderate_Damage,L2_S3,-1800,1082,14584,-399,24,-155,0,-282.8
6989,20:11:35:246,2,Moderate_Damage,L2_S3,-1756,1054,14552,-313,24,-141,0,-314.8
6990,20:11:35:256,2,Moderate_Damage,L2_S3,-1772,1098,14620,-213,29,-119,0,-246.8
6991,20:11:35:266,2,Moderate_Damage,L2_S3,-1722,1076,14650,-119,28,-108,0,-216.8
6992,20:11:35:276,2,Moderate_Damage,L2_S3,-1818,1048,14652,-28,36,-92,0,-214.8
6993,20:11:35:286,2,Moderate_Damage,L2_S3,-1788,1046,14750,50,38,-78,0,-116.8
6994,20:11:35:296,2,Moderate_Damage,L2_S3,-1800,1104,14806,96,31,-72,0,-60.8
6995,20:11:35:306,2,Moderate_Damage,L2_S3,-1800,1172,14874,119,38,-72,0,7.2
6996,20:11:35:316,2,Moderate_Damage,L2_S3,-1852,1130,14978,117,36,-64,0,111.2
6997,20:11:35:326,2,Moderate_Damage,L2_S3,-1836,1160,15088,74,38,-75,0,221.2
6998,20:11:35:336,2,Moderate_Damage,L2_S3,-1800,1168,15110,16,47,-84,0,243.2
6999,20:11:35:346,2,Moderate_Damage,L2_S3,-1870,1178,15122,-65,33,-104,0,255.2
7000,20:11:35:356,2,Moderate_Damage,L2_S3,-1830,1214,15122,-152,34,-114,0,255.2
7001,20:11:35:366,2,Moderate_Damage,L2_S3,-1828,1170,15176,-258,32,-129,0,309.2
7002,20:11:35:376,2,Moderate_Damage,L2_S3,-1834,1184,15036,-346,27,-140,0,169.2
7003,20:11:35:386,2,Moderate_Damage,L2_S3,-1810,1164,14998,-421,24,-150,0,131.2
7004,20:11:35:396,2,Moderate_Damage,L2_S3,-1810,1146,14912,-468,14,-154,0,45.2
7005,20:11:35:406,2,Moderate_Damage,L2_S3,-1810,1148,14796,-493,21,-165,0,-70.8
7006,20:11:35:416,2,Moderate_Damage,L2_S3,-1776,1098,14716,-483,19,-168,0,-150.8
7007,20:11:35:426,2,Moderate_Damage,L2_S3,-1778,1088,14708,-453,20,-163,0,-158.8
7008,20:11:35:436,2,Moderate_Damage,L2_S3,-1740,1050,14672,-385,24,-152,0,-194.8
7009,20:11:35:446,2,Moderate_Damage,L2_S3,-1760,1102,14646,-314,23,-137,0,-220.8
7010,20:11:35:456,2,Moderate_Damage,L2_S3,-1824,1058,14558,-220,32,-118,0,-308.8
7011,20:11:35:466,2,Moderate_Damage,L2_S3,-1746,1042,14592,-133,31,-109,0,-274.8
7012,20:11:35:476,2,Moderate_Damage,L2_S3,-1842,1088,14656,-41,33,-89,0,-210.8
7013,20:11:35:486,2,Moderate_Damage,L2_S3,-1760,1074,14728,23,29,-81,0,-138.8
7014,20:11:35:496,2,Moderate_Damage,L2_S3,-1822,1106,14804,77,49,-65,0,-62.8
7015,20:11:35:506,2,Moderate_Damage,L2_S3,-1792,1152,14876,88,39,-72,0,9.2
7016,20:11:35:516,2,Moderate_Damage,L2_S3,-1784,1098,14982,88,48,-75,0,115.2
7017,20:11:35:526,2,Moderate_Damage,L2_S3,-1850,1164,14982,54,35,-79,0,115.2
7018,20:11:35:536,2,Moderate_Damage,L2_S3,-1860,1120,15112,5,42,-89,0,245.2
7019,20:11:35:546,2,Moderate_Damage,L2_S3,-1850,1132,15082,-77,17,-99,0,215.2
7020,20:11:35:556,2,Moderate_Damage,L2_S3,-1896,1196,15210,-152,31,-113,0,343.2
7021,20:11:35:566,2,Moderate_Damage,L2_S3,-1808,1148,15094,-251,16,-127,0,227.2
7022,20:11:35:576,2,Moderate_Damage,L2_S3,-1830,1136,15024,-319,30,-139,0,157.2
7023,20:11:35:586,2,Moderate_Damage,L2_S3,-1786,1140,15064,-395,23,-150,0,197.2
7024,20:11:35:596,2,Moderate_Damage,L2_S3,-1814,1134,14960,-435,27,-156,0,93.2
7025,20:11:35:606,2,Moderate_Damage,L2_S3,-1840,1098,14876,-464,20,-163,0,9.2
7026,20:11:35:616,2,Moderate_Damage,L2_S3,-1814,1098,14764,-454,25,-160,0,-102.8
7027,20:11:35:626,2,Moderate_Damage,L2_S3,-1768,1082,14784,-441,20,-156,0,-82.8
7028,20:11:35:636,2,Moderate_Damage,L2_S3,-1808,1030,14694,-377,24,-146,0,-172.8
7029,20:11:35:646,2,Moderate_Damage,L2_S3,-1778,1060,14598,-314,35,-137,0,-268.8
7030,20:11:35:656,2,Moderate_Damage,L2_S3,-1790,1096,14586,-229,29,-132,0,-280.8
7031,20:11:35:666,2,Moderate_Damage,L2_S3,-1780,1076,14584,-149,31,-116,0,-282.8
7032,20:11:35:676,2,Moderate_Damage,L2_S3,-1772,1108,14696,-78,32,-98,0,-170.8
7033,20:11:35:686,2,Moderate_Damage,L2_S3,-1780,1074,14802,-10,33,-85,0,-64.8
7034,20:11:35:696,2,Moderate_Damage,L2_S3,-1754,1088,14790,37,28,-80,0,-76.8
7035,20:11:35:706,2,Moderate_Damage,L2_S3,-1848,1136,14880,70,37,-75,0,13.2
7036,20:11:35:716,2,Moderate_Damage,L2_S3,-1802,1112,14984,60,41,-76,0,117.2
7037,20:11:35:726,2,Moderate_Damage,L2_S3,-1820,1148,14958,44,39,-78,0,91.2
7038,20:11:35:736,2,Moderate_Damage,L2_S3,-1898,1130,15046,-14,32,-86,0,179.2
7039,20:11:35:746,2,Moderate_Damage,L2_S3,-1860,1196,15108,-70,31,-98,0,241.2
7040,20:11:35:756,2,Moderate_Damage,L2_S3,-1866,1234,15184,-153,26,-113,0,317.2
7041,20:11:35:766,2,Moderate_Damage,L2_S3,-1816,1164,15096,-228,31,-133,0,229.2
7042,20:11:35:776,2,Moderate_Damage,L2_S3,-1812,1154,15082,-310,19,-141,0,215.2
7043,20:11:35:786,2,Moderate_Damage,L2_S3,-1778,1188,14968,-370,24,-150,0,101.2
7044,20:11:35:796,2,Moderate_Damage,L2_S3,-1782,1148,14952,-420,20,-151,0,85.2
7045,20:11:35:806,2,Moderate_Damage,L2_S3,-1814,1130,14918,-439,22,-159,0,51.2
7046,20:11:35:816,2,Moderate_Damage,L2_S3,-1766,1122,14814,-438,20,-162,0,-52.8
7047,20:11:35:826,2,Moderate_Damage,L2_S3,-1776,1080,14808,-407,17,-149,0,-58.8
7048,20:11:35:836,2,Moderate_Damage,L2_S3,-1794,1108,14736,-371,23,-146,0,-130.8
7049,20:11:35:846,2,Moderate_Damage,L2_S3,-1792,1038,14652,-310,27,-139,0,-214.8
7050,20:11:35:856,2,Moderate_Damage,L2_S3,-1794,1050,14654,-241,22,-120,0,-212.8
7051,20:11:35:866,2,Moderate_Damage,L2_S3,-1752,1086,14656,-156,32,-108,0,-210.8
7052,20:11:35:876,2,Moderate_Damage,L2_S3,-1818,1122,14670,-83,23,-100,0,-196.8
7053,20:11:35:886,2,Moderate_Damage,L2_S3,-1800,1102,14676,-26,38,-94,0,-190.8
7054,20:11:35:896,2,Moderate_Damage,L2_S3,-1772,1048,14826,20,29,-85,0,-40.8
7055,20:11:35:906,2,Moderate_Damage,L2_S3,-1818,1100,14828,48,34,-83,0,-38.8
7056,20:11:35:916,2,Moderate_Damage,L2_S3,-1842,1166,14928,46,35,-76,0,61.2
7057,20:11:35:926,2,Moderate_Damage,L2_S3,-1834,1144,14986,28,32,-82,0,119.2
7058,20:11:35:936,2,Moderate_Damage,L2_S3,-1856,1116,15138,-19,37,-93,0,271.2
7059,20:11:35:946,2,Moderate_Damage,L2_S3,-1862,1184,15026,-76,30,-109,0,159.2
7060,20:11:35:956,2,Moderate_Damage,L2_S3,-1822,1182,15014,-146,25,-113,0,147.2
7061,20:11:35:966,2,Moderate_Damage,L2_S3,-1858,1148,15046,-226,19,-118,0,179.2
7062,20:11:35:976,2,Moderate_Damage,L2_S3,-1844,1138,15024,-289,29,-128,0,157.2
7063,20:11:35:986,2,Moderate_Damage,L2_S3,-1852,1138,15006,-353,28,-145,0,139.2
7064,20:11:35:996,2,Moderate_Damage,L2_S3,-1786,1126,14972,-389,16,-148,0,105.2
7065,20:11:36:006,2,Moderate_Damage,L2_S3,-1788,1164,14846,-417,21,-156,0,-20.8
7066,20:11:36:016,2,Moderate_Damage,L2_S3,-1806,1114,14838,-419,20,-154,0,-28.8
7067,20:11:36:026,2,Moderate_Damage,L2_S3,-1770,1138,14712,-396,23,-156,0,-154.8
7068,20:11:36:036,2,Moderate_Damage,L2_S3,-1776,1078,14736,-362,22,-149,0,-130.8
7069,20:11:36:046,2,Moderate_Damage,L2_S3,-1824,1038,14670,-303,30,-132,0,-196.8
7070,20:11:36:056,2,Moderate_Damage,L2_S3,-1818,1108,14720,-171,28,-113,0,-146.8
7071,20:11:36:066,2,Moderate_Damage,L2_S3,-1750,1096,14722,-101,40,-107,0,-144.8
7072,20:11:36:076,2,Moderate_Damage,L2_S3,-1782,1080,14780,-50,33,-96,0,-86.8
7073,20:11:36:086,2,Moderate_Damage,L2_S3,-1798,1104,14864,-3,35,-89,0,-2.8
7074,20:11:36:096,2,Moderate_Damage,L2_S3,-1776,1094,14832,20,34,-87,0,-34.8
7075,20:11:36:106,2,Moderate_Damage,L2_S3,-1826,1146,14928,27,39,-82,0,61.2
7076,20:11:36:116,2,Moderate_Damage,L2_S3,-1846,1122,14954,4,29,-91,0,87.2
7077,20:11:36:126,2,Moderate_Damage,L2_S3,-1808,1166,15028,-28,38,-95,0,161.2
7078,20:11:36:136,2,Moderate_Damage,L2_S3,-1884,1176,15040,-82,33,-96,0,173.2
7079,20:11:36:146,2,Moderate_Damage,L2_S3,-1804,1112,15042,-139,34,-114,0,175.2
7080,20:11:36:156,2,Moderate_Damage,L2_S3,-1816,1170,15020,-214,22,-116,0,153.2
7081,20:11:36:166,2,Moderate_Damage,L2_S3,-1894,1180,15026,-271,22,-141,0,159.2
7082,20:11:36:176,2,Moderate_Damage,L2_S3,-1838,1160,14966,-331,25,-147,0,99.2
7083,20:11:36:186,2,Moderate_Damage,L2_S3,-1840,1190,14888,-373,28,-146,0,21.2
7084,20:11:36:196,2,Moderate_Damage,L2_S3,-1820,1160,14790,-398,27,-157,0,-76.8
7085,20:11:36:206,2,Moderate_Damage,L2_S3,-1792,1130,14808,-401,24,-158,0,-58.8
7086,20:11:36:216,2,Moderate_Damage,L2_S3,-1820,1100,14754,-386,29,-148,0,-112.8
7087,20:11:36:226,2,Moderate_Damage,L2_S3,-1776,1136,14694,-354,28,-142,0,-172.8
7088,20:11:36:236,2,Moderate_Damage,L2_S3,-1774,1062,14714,-304,25,-133,0,-152.8
7089,20:11:36:246,2,Moderate_Damage,L2_S3,-1734,1008,14710,-245,31,-121,0,-156.8
7090,20:11:36:256,2,Moderate_Damage,L2_S3,-1756,1090,14722,-176,32,-109,0,-144.8
7091,20:11:36:266,2,Moderate_Damage,L2_S3,-1852,1064,14722,-113,29,-99,0,-144.8
7092,20:11:36:276,2,Moderate_Damage,L2_S3,-1772,1064,14776,-54,36,-100,0,-90.8
7093,20:11:36:286,2,Moderate_Damage,L2_S3,-1782,1114,14844,-22,27,-93,0,-22.8
7094,20:11:36:296,2,Moderate_Damage,L2_S3,-1780,1122,14840,1,36,-86,0,-26.8
7095,20:11:36:306,2,Moderate_Damage,L2_S3,-1796,1128,14888,9,27,-87,0,21.2
7096,20:11:36:316,2,Moderate_Damage,L2_S3,-1834,1102,14862,-10,37,-87,0,-4.8
7097,20:11:36:326,2,Moderate_Damage,L2_S3,-1826,1120,15030,-39,30,-99,0,163.2
7098,20:11:36:336,2,Moderate_Damage,L2_S3,-1850,1148,15022,-87,27,-108,0,155.2
7099,20:11:36:346,2,Moderate_Damage,L2_S3,-1812,1162,15066,-143,31,-116,0,199.2
7100,20:11:36:356,2,Moderate_Damage,L2_S3,-1834,1106,15030,-200,34,-122,0,163.2
7101,20:11:36:366,2,Moderate_Damage,L2_S3,-1824,1156,15064,-265,31,-129,0,197.2
7102,20:11:36:376,2,Moderate_Damage,L2_S3,-1812,1118,14996,-314,26,-135,0,129.2
7103,20:11:36:386,2,Moderate_Damage,L2_S3,-1800,1122,14868,-347,22,-138,0,1.2
7104,20:11:36:396,2,Moderate_Damage,L2_S3,-1786,1102,14852,-377,23,-149,0,-14.8
7105,20:11:36:406,2,Moderate_Damage,L2_S3,-1764,1112,14780,-385,23,-150,0,-86.8
7106,20:11:36:416,2,Moderate_Damage,L2_S3,-1746,1106,14776,-368,24,-146,0,-90.8
7107,20:11:36:426,2,Moderate_Damage,L2_S3,-1764,1122,14722,-339,20,-147,0,-144.8
7108,20:11:36:436,2,Moderate_Damage,L2_S3,-1774,1118,14714,-296,27,-137,0,-152.8
7109,20:11:36:446,2,Moderate_Damage,L2_S3,-1818,1072,14662,-236,27,-125,0,-204.8
7110,20:11:36:456,2,Moderate_Damage,L2_S3,-1774,1080,14712,-182,22,-120,0,-154.8
7111,20:11:36:466,2,Moderate_Damage,L2_S3,-1768,1066,14702,-133,31,-108,0,-164.8
7112,20:11:36:476,2,Moderate_Damage,L2_S3,-1780,1102,14758,-77,31,-90,0,-108.8
7113,20:11:36:486,2,Moderate_Damage,L2_S3,-1808,1080,14830,-39,35,-95,0,-36.8
7114,20:11:36:496,2,Moderate_Damage,L2_S3,-1850,1104,14846,-16,35,-94,0,-20.8
7115,20:11:36:506,2,Moderate_Damage,L2_S3,-1800,1138,14906,-11,29,-90,0,39.2
7116,20:11:36:516,2,Moderate_Damage,L2_S3,-1792,1148,15026,-23,33,-93,0,159.2
7117,20:11:36:526,2,Moderate_Damage,L2_S3,-1846,1120,14990,-46,36,-93,0,123.2
7118,20:11:36:536,2,Moderate_Damage,L2_S3,-1844,1112,14986,-93,33,-97,0,119.2
7119,20:11:36:546,2,Moderate_Damage,L2_S3,-1862,1152,14988,-141,36,-103,0,121.2
7120,20:11:36:556,2,Moderate_Damage,L2_S3,-1838,1174,15070,-192,31,-114,0,203.2
7121,20:11:36:566,2,Moderate_Damage,L2_S3,-1812,1140,14952,-247,34,-132,0,85.2
7122,20:11:36:576,2,Moderate_Damage,L2_S3,-1818,1180,14982,-303,23,-133,0,115.2
7123,20:11:36:586,2,Moderate_Damage,L2_S3,-1800,1114,14934,-336,26,-139,0,67.2
7124,20:11:36:596,2,Moderate_Damage,L2_S3,-1804,1128,14860,-361,25,-147,0,-6.8
7125,20:11:36:606,2,Moderate_Damage,L2_S3,-1808,1138,14844,-367,26,-149,0,-22.8
7126,20:11:36:616,2,Moderate_Damage,L2_S3,-1806,1114,14772,-359,27,-145,0,-94.8
7127,20:11:36:626,2,Moderate_Damage,L2_S3,-1772,1130,14696,-331,22,-144,0,-170.8
7128,20:11:36:636,2,Moderate_Damage,L2_S3,-1798,1078,14690,-286,30,-134,0,-176.8
7129,20:11:36:646,2,Moderate_Damage,L2_S3,-1818,1072,14700,-244,22,-133,0,-166.8
7130,20:11:36:656,2,Moderate_Damage,L2_S3,-1810,1082,14702,-189,38,-118,0,-164.8
7131,20:11:36:666,2,Moderate_Damage,L2_S3,-1732,1110,14760,-142,31,-108,0,-106.8
7132,20:11:36:676,2,Moderate_Damage,L2_S3,-1772,1118,14760,-92,36,-101,0,-106.8
7133,20:11:36:686,2,Moderate_Damage,L2_S3,-1844,1082,14854,-59,33,-101,0,-12.8
7134,20:11:36:696,2,Moderate_Damage,L2_S3,-1838,1158,14776,-26,36,-94,0,-90.8
7135,20:11:36:706,2,Moderate_Damage,L2_S3,-1780,1074,14832,-27,31,-95,0,-34.8
7136,20:11:36:717,2,Moderate_Damage,L2_S3,-1796,1108,14950,-25,38,-100,0,83.2
7137,20:11:36:726,2,Moderate_Damage,L2_S3,-1834,1124,14964,-56,29,-96,0,97.2
7138,20:11:36:736,2,Moderate_Damage,L2_S3,-1770,1128,15018,-91,42,-99,0,151.2
7139,20:11:36:746,2,Moderate_Damage,L2_S3,-1848,1134,14976,-147,31,-111,0,109.2
7140,20:11:36:756,2,Moderate_Damage,L2_S3,-1822,1134,15036,-187,37,-120,0,169.2
7141,20:11:36:767,2,Moderate_Damage,L2_S3,-1858,1178,15032,-247,29,-122,0,165.2
7142,20:11:36:777,2,Moderate_Damage,L2_S3,-1812,1154,14964,-281,29,-127,0,97.2
7143,20:11:36:787,2,Moderate_Damage,L2_S3,-1776,1140,14934,-325,29,-138,0,67.2
7144,20:11:36:796,2,Moderate_Damage,L2_S3,-1816,1138,14912,-340,29,-147,0,45.2
7145,20:11:36:806,2,Moderate_Damage,L2_S3,-1800,1132,14876,-355,23,-147,0,9.2
7146,20:11:36:816,2,Moderate_Damage,L2_S3,-1794,1126,14794,-343,24,-144,0,-72.8
7147,20:11:36:826,2,Moderate_Damage,L2_S3,-1870,1118,14764,-321,24,-140,0,-102.8
7148,20:11:36:836,2,Moderate_Damage,L2_S3,-1786,1080,14748,-287,28,-133,0,-118.8
7149,20:11:36:847,2,Moderate_Damage,L2_S3,-1790,1084,14698,-240,25,-130,0,-168.8
7150,20:11:36:857,2,Moderate_Damage,L2_S3,-1792,1082,14694,-197,32,-117,0,-172.8
7151,20:11:36:866,2,Moderate_Damage,L2_S3,-1798,1058,14674,-146,25,-114,0,-192.8
7152,20:11:36:876,2,Moderate_Damage,L2_S3,-1804,1104,14780,-102,27,-101,0,-86.8
7153,20:11:36:886,2,Moderate_Damage,L2_S3,-1816,1110,14858,-73,31,-102,0,-8.8
7154,20:11:36:896,2,Moderate_Damage,L2_S3,-1750,1096,14804,-47,33,-101,0,-62.8
7155,20:11:36:906,2,Moderate_Damage,L2_S3,-1842,1130,14860,-42,32,-92,0,-6.8
7156,20:11:36:916,2,Moderate_Damage,L2_S3,-1840,1120,14960,-48,29,-100,0,93.2
7157,20:11:36:926,2,Moderate_Damage,L2_S3,-1782,1136,14950,-65,31,-98,0,83.2
7158,20:11:36:936,2,Moderate_Damage,L2_S3,-1810,1142,15012,-101,33,-101,0,145.2
7159,20:11:36:946,2,Moderate_Damage,L2_S3,-1816,1132,14994,-139,29,-115,0,127.2
7160,20:11:36:956,2,Moderate_Damage,L2_S3,-1862,1142,14954,-184,21,-120,0,87.2
7161,20:11:36:966,2,Moderate_Damage,L2_S3,-1832,1136,14924,-227,28,-124,0,57.2
7162,20:11:36:976,2,Moderate_Damage,L2_S3,-1766,1136,14936,-278,25,-132,0,69.2
7163,20:11:36:986,2,Moderate_Damage,L2_S3,-1842,1142,14970,-304,24,-128,0,103.2
7164,20:11:36:996,2,Moderate_Damage,L2_S3,-1796,1152,14910,-328,21,-145,0,43.2
7165,20:11:37:006,2,Moderate_Damage,L2_S3,-1810,1074,14818,-336,22,-146,0,-48.8
7166,20:11:37:017,2,Moderate_Damage,L2_S3,-1814,1128,14762,-334,20,-144,0,-104.8
7167,20:11:37:027,2,Moderate_Damage,L2_S3,-1800,1084,14732,-316,27,-141,0,-134.8
7168,20:11:37:036,2,Moderate_Damage,L2_S3,-1802,1068,14746,-289,26,-139,0,-120.8
7169,20:11:37:046,2,Moderate_Damage,L2_S3,-1728,1086,14698,-241,25,-132,0,-168.8
7170,20:11:37:056,2,Moderate_Damage,L2_S3,-1782,1090,14758,-201,24,-119,0,-108.8
7171,20:11:37:066,2,Moderate_Damage,L2_S3,-1820,1064,14734,-154,33,-109,0,-132.8
7172,20:11:37:077,2,Moderate_Damage,L2_S3,-1798,1104,14684,-120,32,-104,0,-182.8
7173,20:11:37:086,2,Moderate_Damage,L2_S3,-1858,1100,14800,-87,37,-102,0,-66.8
7174,20:11:37:096,2,Moderate_Damage,L2_S3,-1844,1176,14800,-66,30,-105,0,-66.8
7175,20:11:37:106,2,Moderate_Damage,L2_S3,-1796,1096,14920,-56,38,-91,0,53.2
7176,20:11:37:116,2,Moderate_Damage,L2_S3,-1804,1100,14920,-60,25,-96,0,53.2
7177,20:11:37:126,2,Moderate_Damage,L2_S3,-1822,1124,14946,-76,32,-100,0,79.2
7178,20:11:37:137,2,Moderate_Damage,L2_S3,-1874,1134,15034,-105,29,-103,0,167.2
7179,20:11:37:146,2,Moderate_Damage,L2_S3,-1800,1152,14938,-139,34,-105,0,71.2
7180,20:11:37:157,2,Moderate_Damage,L2_S3,-1788,1180,14946,-179,27,-111,0,79.2
7181,20:11:37:167,2,Moderate_Damage,L2_S3,-1790,1160,14934,-221,34,-119,0,67.2
7182,20:11:37:176,2,Moderate_Damage,L2_S3,-1820,1168,14970,-264,26,-128,0,103.2
7183,20:11:37:186,2,Moderate_Damage,L2_S3,-1850,1148,14892,-299,35,-136,0,25.2
7184,20:11:37:196,2,Moderate_Damage,L2_S3,-1802,1116,14864,-312,29,-140,0,-2.8
7185,20:11:37:206,2,Moderate_Damage,L2_S3,-1784,1080,14810,-329,26,-144,0,-56.8
7186,20:11:37:217,2,Moderate_Damage,L2_S3,-1862,1118,14876,-322,27,-133,0,9.2
7187,20:11:37:226,2,Moderate_Damage,L2_S3,-1784,1134,14756,-310,27,-134,0,-110.8
7188,20:11:37:236,2,Moderate_Damage,L2_S3,-1826,1114,14722,-278,25,-134,0,-144.8
7189,20:11:37:246,2,Moderate_Damage,L2_S3,-1788,1106,14740,-244,28,-128,0,-126.8
7190,20:11:37:257,2,Moderate_Damage,L2_S3,-1796,1100,14686,-203,27,-120,0,-180.8
7191,20:11:37:267,2,Moderate_Damage,L2_S3,-1810,1112,14786,-164,23,-117,0,-80.8
7192,20:11:37:277,2,Moderate_Damage,L2_S3,-1770,1112,14746,-119,34,-113,0,-120.8
7193,20:11:37:286,2,Moderate_Damage,L2_S3,-1840,1110,14800,-94,28,-102,0,-66.8
7194,20:11:37:297,2,Moderate_Damage,L2_S3,-1824,1116,14784,-75,29,-104,0,-82.8
7195,20:11:37:306,2,Moderate_Damage,L2_S3,-1832,1126,14886,-70,30,-102,0,19.2
7196,20:11:37:316,2,Moderate_Damage,L2_S3,-1836,1148,14926,-69,39,-98,0,59.2
7197,20:11:37:327,2,Moderate_Damage,L2_S3,-1848,1128,15026,-84,35,-105,0,159.2
7198,20:11:37:337,2,Moderate_Damage,L2_S3,-1818,1126,14930,-107,34,-100,0,63.2
7199,20:11:37:347,2,Moderate_Damage,L2_S3,-1818,1122,14982,-147,35,-111,0,115.2
7200,20:11:37:357,2,Moderate_Damage,L2_S3,-1812,1128,14950,-181,41,-117,0,83.2
7201,20:11:37:366,2,Moderate_Damage,L2_S3,-1854,1194,14956,-220,25,-123,0,89.2
7202,20:11:37:377,2,Moderate_Damage,L2_S3,-1834,1148,14956,-252,35,-128,0,89.2
7203,20:11:37:387,2,Moderate_Damage,L2_S3,-1842,1196,14876,-282,30,-131,0,9.2
7204,20:11:37:397,2,Moderate_Damage,L2_S3,-1780,1116,14906,-305,28,-133,0,39.2
7205,20:11:37:407,2,Moderate_Damage,L2_S3,-1834,1102,14828,-314,20,-140,0,-38.8
7206,20:11:37:417,2,Moderate_Damage,L2_S3,-1822,1146,14850,-309,26,-138,0,-16.8
7207,20:11:37:427,2,Moderate_Damage,L2_S3,-1838,1130,14700,-298,33,-137,0,-166.8
7208,20:11:37:437,2,Moderate_Damage,L2_S3,-1784,1102,14762,-276,26,-132,0,-104.8
7209,20:11:37:447,2,Moderate_Damage,L2_S3,-1794,1076,14808,-239,30,-132,0,-58.8
7210,20:11:37:457,2,Moderate_Damage,L2_S3,-1766,1086,14764,-209,30,-118,0,-102.8
7211,20:11:37:467,2,Moderate_Damage,L2_S3,-1782,1072,14740,-166,28,-114,0,-126.8
7212,20:11:37:477,2,Moderate_Damage,L2_S3,-1808,1064,14786,-137,26,-109,0,-80.8
7213,20:11:37:487,2,Moderate_Damage,L2_S3,-1808,1132,14820,-108,33,-99,0,-46.8
7214,20:11:37:496,2,Moderate_Damage,L2_S3,-1792,1138,14754,-82,29,-99,0,-112.8
7215,20:11:37:507,2,Moderate_Damage,L2_S3,-1806,1112,14812,-68,35,-100,0,-54.8
7216,20:11:37:517,2,Moderate_Damage,L2_S3,-1814,1184,14912,-73,32,-102,0,45.2
7217,20:11:37:526,2,Moderate_Damage,L2_S3,-1852,1132,14842,-92,29,-99,0,-24.8
7218,20:11:37:537,2,Moderate_Damage,L2_S3,-1774,1158,14950,-114,30,-107,0,83.2
7219,20:11:37:547,2,Moderate_Damage,L2_S3,-1802,1128,14978,-148,35,-108,0,111.2
7220,20:11:37:557,2,Moderate_Damage,L2_S3,-1806,1128,15018,-180,28,-121,0,151.2
7221,20:11:37:567,2,Moderate_Damage,L2_S3,-1876,1154,14964,-212,38,-118,0,97.2
7222,20:11:37:577,2,Moderate_Damage,L2_S3,-1788,1136,14972,-241,27,-119,0,105.2
7223,20:11:37:587,2,Moderate_Damage,L2_S3,-1806,1124,14896,-270,26,-132,0,29.2
7224,20:11:37:597,2,Moderate_Damage,L2_S3,-1786,1148,14884,-293,15,-128,0,17.2
7225,20:11:37:607,2,Moderate_Damage,L2_S3,-1830,1134,14872,-303,25,-140,0,5.2
7226,20:11:37:617,2,Moderate_Damage,L2_S3,-1796,1088,14740,-307,30,-136,0,-126.8
7227,20:11:37:627,2,Moderate_Damage,L2_S3,-1816,1090,14866,-292,35,-131,0,-0.8
7228,20:11:37:637,2,Moderate_Damage,L2_S3,-1790,1100,14752,-268,30,-129,0,-114.8
7229,20:11:37:647,2,Moderate_Damage,L2_S3,-1764,1096,14758,-248,24,-119,0,-108.8
7230,20:11:37:657,2,Moderate_Damage,L2_S3,-1816,1116,14788,-209,34,-124,0,-78.8
7231,20:11:37:667,2,Moderate_Damage,L2_S3,-1794,1072,14802,-177,33,-120,0,-64.8
7232,20:11:37:677,2,Moderate_Damage,L2_S3,-1854,1126,14770,-141,29,-109,0,-96.8
7233,20:11:37:687,2,Moderate_Damage,L2_S3,-1754,1122,14848,-119,34,-102,0,-18.8
7234,20:11:37:697,2,Moderate_Damage,L2_S3,-1820,1106,14890,-94,33,-103,0,23.2
7235,20:11:37:707,2,Moderate_Damage,L2_S3,-1808,1118,14888,-84,31,-101,0,21.2
7236,20:11:37:717,2,Moderate_Damage,L2_S3,-1796,1136,14918,-86,32,-99,0,51.2
7237,20:11:37:727,2,Moderate_Damage,L2_S3,-1810,1132,14858,-101,32,-105,0,-8.8
7238,20:11:37:737,2,Moderate_Damage,L2_S3,-1810,1146,14920,-119,31,-106,0,53.2
7239,20:11:37:747,2,Moderate_Damage,L2_S3,-1810,1136,14920,-143,34,-109,0,53.2
7240,20:11:37:757,2,Moderate_Damage,L2_S3,-1814,1102,14860,-173,36,-114,0,-6.8
7241,20:11:37:767,2,Moderate_Damage,L2_S3,-1838,1130,14932,-211,26,-117,0,65.2
7242,20:11:37:777,2,Moderate_Damage,L2_S3,-1790,1158,14976,-241,32,-130,0,109.2
7243,20:11:37:787,2,Moderate_Damage,L2_S3,-1836,1120,14876,-264,21,-129,0,9.2
7244,20:11:37:797,2,Moderate_Damage,L2_S3,-1796,1120,14926,-278,31,-135,0,59.2
7245,20:11:37:807,2,Moderate_Damage,L2_S3,-1810,1166,14852,-294,23,-132,0,-14.8
7246,20:11:37:817,2,Moderate_Damage,L2_S3,-1824,1084,14768,-280,38,-142,0,-98.8
7247,20:11:37:827,2,Moderate_Damage,L2_S3,-1770,1116,14726,-290,19,-131,0,-140.8
7248,20:11:37:837,2,Moderate_Damage,L2_S3,-1760,1118,14784,-258,29,-131,0,-82.8
7249,20:11:37:847,2,Moderate_Damage,L2_S3,-1762,1050,14804,-247,17,-128,0,-62.8
7250,20:11:37:857,2,Moderate_Damage,L2_S3,-1816,1088,14702,-199,35,-121,0,-164.8
7251,20:11:37:867,2,Moderate_Damage,L2_S3,-1768,1086,14824,-184,22,-113,0,-42.8
7252,20:11:37:877,2,Moderate_Damage,L2_S3,-1790,1086,14782,-145,36,-115,0,-84.8
7253,20:11:37:887,2,Moderate_Damage,L2_S3,-1788,1090,14882,-130,34,-105,0,15.2
7254,20:11:37:897,2,Moderate_Damage,L2_S3,-1788,1128,14884,-101,41,-106,0,17.2
7255,20:11:37:907,2,Moderate_Damage,L2_S3,-1812,1128,14888,-99,30,-102,0,21.2
7256,20:11:37:917,2,Moderate_Damage,L2_S3,-1784,1096,14888,-90,34,-105,0,21.2
7257,20:11:37:927,2,Moderate_Damage,L2_S3,-1838,1134,14928,-110,36,-105,0,61.2
7258,20:11:37:937,2,Moderate_Damage,L2_S3,-1822,1136,14862,-117,39,-111,0,-4.8
7259,20:11:37:947,2,Moderate_Damage,L2_S3,-1794,1142,14944,-153,35,-115,0,77.2
7260,20:11:37:957,2,Moderate_Damage,L2_S3,-1896,1098,14890,-167,31,-118,0,23.2
7261,20:11:37:967,2,Moderate_Damage,L2_S3,-1806,1120,14946,-201,31,-122,0,79.2
7262,20:11:37:977,2,Moderate_Damage,L2_S3,-1778,1150,14876,-223,30,-117,0,9.2
7263,20:11:37:987,2,Moderate_Damage,L2_S3,-1838,1146,14936,-253,40,-128,0,69.2
7264,20:11:37:997,2,Moderate_Damage,L2_S3,-1798,1068,14972,-281,21,-130,0,105.2
7265,20:11:38:007,2,Moderate_Damage,L2_S3,-1800,1150,14830,-288,25,-131,0,-36.8
7266,20:11:38:017,2,Moderate_Damage,L2_S3,-1784,1092,14836,-282,29,-133,0,-30.8
7267,20:11:38:027,2,Moderate_Damage,L2_S3,-1748,1054,14842,-276,26,-141,0,-24.8
7268,20:11:38:037,2,Moderate_Damage,L2_S3,-1808,1108,14804,-257,28,-131,0,-62.8
7269,20:11:38:047,2,Moderate_Damage,L2_S3,-1792,1074,14766,-236,34,-122,0,-100.8
7270,20:11:38:057,2,Moderate_Damage,L2_S3,-1782,1056,14788,-215,28,-120,0,-78.8
7271,20:11:38:067,2,Moderate_Damage,L2_S3,-1736,1106,14776,-189,30,-114,0,-90.8
7272,20:11:38:077,2,Moderate_Damage,L2_S3,-1806,1096,14852,-159,29,-111,0,-14.8
7273,20:11:38:087,2,Moderate_Damage,L2_S3,-1802,1076,14810,-135,36,-103,0,-56.8
7274,20:11:38:097,2,Moderate_Damage,L2_S3,-1798,1074,14840,-111,28,-108,0,-26.8
7275,20:11:38:107,2,Moderate_Damage,L2_S3,-1770,1116,14862,-101,32,-110,0,-4.8
7276,20:11:38:117,2,Moderate_Damage,L2_S3,-1750,1104,14930,-105,30,-101,0,63.2
7277,20:11:38:127,2,Moderate_Damage,L2_S3,-1864,1108,14882,-98,36,-109,0,15.2
7278,20:11:38:137,2,Moderate_Damage,L2_S3,-1850,1122,14930,-127,25,-108,0,63.2
7279,20:11:38:147,2,Moderate_Damage,L2_S3,-1794,1122,14992,-151,32,-110,0,125.2
7280,20:11:38:157,2,Moderate_Damage,L2_S3,-1802,1122,14970,-176,36,-119,0,103.2
7281,20:11:38:167,2,Moderate_Damage,L2_S3,-1838,1110,14972,-203,31,-119,0,105.2
7282,20:11:38:177,2,Moderate_Damage,L2_S3,-1888,1116,14916,-224,30,-125,0,49.2
7283,20:11:38:187,2,Moderate_Damage,L2_S3,-1836,1134,14832,-246,36,-123,0,-34.8
7284,20:11:38:197,2,Moderate_Damage,L2_S3,-1816,1076,14874,-265,30,-128,0,7.2
7285,20:11:38:207,2,Moderate_Damage,L2_S3,-1838,1110,14876,-276,25,-133,0,9.2
7286,20:11:38:217,2,Moderate_Damage,L2_S3,-1806,1128,14834,-275,21,-131,0,-32.8
7287,20:11:38:227,2,Moderate_Damage,L2_S3,-1764,1104,14776,-275,25,-131,0,-90.8
7288,20:11:38:237,2,Moderate_Damage,L2_S3,-1778,1124,14766,-262,26,-118,0,-100.8
7289,20:11:38:247,2,Moderate_Damage,L2_S3,-1766,1092,14748,-236,23,-122,0,-118.8
7290,20:11:38:257,2,Moderate_Damage,L2_S3,-1760,1112,14748,-212,27,-125,0,-118.8
7291,20:11:38:267,2,Moderate_Damage,L2_S3,-1762,1108,14784,-180,31,-118,0,-82.8
7292,20:11:38:277,2,Moderate_Damage,L2_S3,-1802,1094,14758,-164,28,-114,0,-108.8
7293,20:11:38:287,2,Moderate_Damage,L2_S3,-1754,1088,14772,-141,23,-113,0,-94.8
7294,20:11:38:297,2,Moderate_Damage,L2_S3,-1784,1084,14868,-124,28,-109,0,1.2
7295,20:11:38:307,2,Moderate_Damage,L2_S3,-1808,1100,14924,-108,29,-107,0,57.2
7296,20:11:38:317,2,Moderate_Damage,L2_S3,-1780,1162,14944,-112,24,-101,0,77.2
7297,20:11:38:327,2,Moderate_Damage,L2_S3,-1836,1160,14850,-116,32,-106,0,-16.8
7298,20:11:38:337,2,Moderate_Damage,L2_S3,-1828,1122,14874,-130,36,-104,0,7.2
7299,20:11:38:347,2,Moderate_Damage,L2_S3,-1816,1098,14914,-148,28,-108,0,47.2
7300,20:11:38:357,2,Moderate_Damage,L2_S3,-1780,1118,14948,-168,38,-112,0,81.2
7301,20:11:38:367,2,Moderate_Damage,L2_S3,-1776,1110,14888,-194,26,-124,0,21.2
7302,20:11:38:377,2,Moderate_Damage,L2_S3,-1808,1104,14908,-214,30,-127,0,41.2
7303,20:11:38:387,2,Moderate_Damage,L2_S3,-1804,1112,14880,-243,20,-127,0,13.2
7304,20:11:38:397,2,Moderate_Damage,L2_S3,-1826,1154,14920,-258,25,-131,0,53.2
7305,20:11:38:407,2,Moderate_Damage,L2_S3,-1812,1136,14854,-264,25,-126,0,-12.8
7306,20:11:38:417,2,Moderate_Damage,L2_S3,-1810,1098,14868,-268,32,-128,0,1.2
7307,20:11:38:427,2,Moderate_Damage,L2_S3,-1764,1114,14810,-263,30,-135,0,-56.8
7308,20:11:38:437,2,Moderate_Damage,L2_S3,-1828,1128,14846,-247,26,-142,0,-20.8
7309,20:11:38:447,2,Moderate_Damage,L2_S3,-1798,1116,14820,-233,26,-129,0,-46.8
7310,20:11:38:457,2,Moderate_Damage,L2_S3,-1800,1084,14772,-213,24,-124,0,-94.8
7311,20:11:38:468,2,Moderate_Damage,L2_S3,-1810,1106,14776,-187,28,-122,0,-90.8
7312,20:11:38:477,2,Moderate_Damage,L2_S3,-1790,1098,14748,-173,33,-123,0,-118.8
7313,20:11:38:487,2,Moderate_Damage,L2_S3,-1796,1100,14798,-150,25,-117,0,-68.8
7314,20:11:38:497,2,Moderate_Damage,L2_S3,-1800,1114,14782,-130,33,-109,0,-84.8
7315,20:11:38:507,2,Moderate_Damage,L2_S3,-1840,1114,14880,-117,26,-111,0,13.2
7316,20:11:38:517,2,Moderate_Damage,L2_S3,-1794,1154,14968,-115,30,-107,0,101.2
7317,20:11:38:527,2,Moderate_Damage,L2_S3,-1830,1172,14866,-124,31,-106,0,-0.8
7318,20:11:38:537,2,Moderate_Damage,L2_S3,-1812,1132,14924,-136,22,-103,0,57.2
7319,20:11:38:547,2,Moderate_Damage,L2_S3,-1802,1148,14916,-155,29,-112,0,49.2
7320,20:11:38:557,2,Moderate_Damage,L2_S3,-1890,1138,14934,-175,31,-108,0,67.2
7321,20:11:38:567,2,Moderate_Damage,L2_S3,-1778,1146,14938,-193,30,-118,0,71.2
7322,20:11:38:577,2,Moderate_Damage,L2_S3,-1778,1128,14936,-216,21,-125,0,69.2
7323,20:11:38:587,2,Moderate_Damage,L2_S3,-1780,1124,14922,-236,34,-127,0,55.2
7324,20:11:38:597,2,Moderate_Damage,L2_S3,-1796,1112,14834,-250,29,-130,0,-32.8
7325,20:11:38:607,2,Moderate_Damage,L2_S3,-1814,1146,14864,-258,40,-129,0,-2.8
7326,20:11:38:617,2,Moderate_Damage,L2_S3,-1852,1126,14806,-256,35,-133,0,-60.8
7327,20:11:38:627,2,Moderate_Damage,L2_S3,-1874,1122,14880,-262,19,-129,0,13.2
7328,20:11:38:637,2,Moderate_Damage,L2_S3,-1798,1126,14802,-252,27,-125,0,-64.8
7329,20:11:38:647,2,Moderate_Damage,L2_S3,-1784,1068,14746,-232,33,-117,0,-120.8
7330,20:11:38:657,2,Moderate_Damage,L2_S3,-1816,1062,14788,-216,29,-116,0,-78.8
7331,20:11:38:667,2,Moderate_Damage,L2_S3,-1818,1118,14766,-201,39,-123,0,-100.8
7332,20:11:38:677,2,Moderate_Damage,L2_S3,-1784,1074,14808,-172,25,-111,0,-58.8
7333,20:11:38:687,2,Moderate_Damage,L2_S3,-1798,1094,14738,-150,31,-110,0,-128.8
7334,20:11:38:697,2,Moderate_Damage,L2_S3,-1808,1130,14880,-137,33,-117,0,13.2
7335,20:11:38:707,2,Moderate_Damage,L2_S3,-1816,1114,14854,-129,26,-106,0,-12.8
7336,20:11:38:717,2,Moderate_Damage,L2_S3,-1816,1102,14900,-124,34,-110,0,33.2
7337,20:11:38:727,2,Moderate_Damage,L2_S3,-1802,1086,14876,-131,37,-114,0,9.2
7338,20:11:38:737,2,Moderate_Damage,L2_S3,-1798,1128,14960,-137,31,-109,0,93.2
7339,20:11:38:747,2,Moderate_Damage,L2_S3,-1820,1130,14932,-155,31,-114,0,65.2
7340,20:11:38:757,2,Moderate_Damage,L2_S3,-1860,1130,14932,-173,35,-110,0,65.2
7341,20:11:38:767,2,Moderate_Damage,L2_S3,-1824,1112,14984,-198,27,-115,0,117.2
7342,20:11:38:777,2,Moderate_Damage,L2_S3,-1830,1174,14896,-212,28,-118,0,29.2
7343,20:11:38:787,2,Moderate_Damage,L2_S3,-1846,1134,14956,-237,23,-119,0,89.2
7344,20:11:38:797,2,Moderate_Damage,L2_S3,-1766,1114,14908,-240,33,-135,0,41.2
7345,20:11:38:807,2,Moderate_Damage,L2_S3,-1828,1142,14894,-254,24,-128,0,27.2
7346,20:11:38:817,2,Moderate_Damage,L2_S3,-1788,1152,14886,-253,30,-129,0,19.2
7347,20:11:38:827,2,Moderate_Damage,L2_S3,-1816,1120,14868,-255,27,-125,0,1.2
7348,20:11:38:837,2,Moderate_Damage,L2_S3,-1802,1076,14850,-248,32,-131,0,-16.8
7349,20:11:38:847,2,Moderate_Damage,L2_S3,-1806,1104,14792,-231,30,-123,0,-74.8
7350,20:11:38:857,2,Moderate_Damage,L2_S3,-1824,1048,14752,-216,27,-121,0,-114.8
7351,20:11:38:867,2,Moderate_Damage,L2_S3,-1788,1072,14828,-193,27,-118,0,-38.8
7352,20:11:38:877,2,Moderate_Damage,L2_S3,-1806,1138,14802,-174,34,-119,0,-64.8
7353,20:11:38:887,2,Moderate_Damage,L2_S3,-1810,1132,14832,-154,23,-111,0,-34.8
7354,20:11:38:897,2,Moderate_Damage,L2_S3,-1736,1118,14862,-143,25,-108,0,-4.8
7355,20:11:38:907,2,Moderate_Damage,L2_S3,-1812,1132,14788,-128,30,-102,0,-78.8
7356,20:11:38:917,2,Moderate_Damage,L2_S3,-1804,1134,14850,-136,30,-111,0,-16.8
7357,20:11:38:927,2,Moderate_Damage,L2_S3,-1788,1130,14834,-132,36,-104,0,-32.8
7358,20:11:38:937,2,Moderate_Damage,L2_S3,-1824,1110,14902,-142,30,-111,0,35.2
7359,20:11:38:947,2,Moderate_Damage,L2_S3,-1866,1186,14914,-143,36,-109,0,47.2
7360,20:11:38:957,2,Moderate_Damage,L2_S3,-1818,1094,14962,-172,21,-115,0,95.2
7361,20:11:38:967,2,Moderate_Damage,L2_S3,-1862,1096,14914,-186,33,-116,0,47.2
7362,20:11:38:977,2,Moderate_Damage,L2_S3,-1804,1132,14844,-208,21,-118,0,-22.8
7363,20:11:38:987,2,Moderate_Damage,L2_S3,-1788,1128,14900,-224,29,-113,0,33.2
7364,20:11:38:997,2,Moderate_Damage,L2_S3,-1806,1086,14884,-245,27,-126,0,17.2
7365,20:11:39:007,2,Moderate_Damage,L2_S3,-1824,1126,14946,-248,33,-128,0,79.2
7366,20:11:39:017,2,Moderate_Damage,L2_S3,-1806,1146,14884,-252,21,-125,0,17.2
7367,20:11:39:027,2,Moderate_Damage,L2_S3,-1794,1126,14782,-250,38,-132,0,-84.8
7368,20:11:39:037,2,Moderate_Damage,L2_S3,-1820,1124,14780,-244,26,-123,0,-86.8
7369,20:11:39:047,2,Moderate_Damage,L2_S3,-1802,1078,14880,-225,31,-126,0,13.2
7370,20:11:39:057,2,Moderate_Damage,L2_S3,-1764,1110,14826,-218,20,-127,0,-40.8
7371,20:11:39:067,2,Moderate_Damage,L2_S3,-1754,1132,14856,-194,30,-122,0,-10.8
7372,20:11:39:077,2,Moderate_Damage,L2_S3,-1782,1062,14840,-185,29,-115,0,-26.8
7373,20:11:39:087,2,Moderate_Damage,L2_S3,-1812,1124,14784,-159,33,-117,0,-82.8
7374,20:11:39:097,2,Moderate_Damage,L2_S3,-1850,1066,14786,-150,25,-109,0,-80.8
7375,20:11:39:109,2,Moderate_Damage,L2_S3,-1770,1106,14842,-143,25,-117,0,-24.8
7376,20:11:39:117,2,Moderate_Damage,L2_S3,-1784,1116,14878,-138,37,-110,0,11.2
7377,20:11:39:127,2,Moderate_Damage,L2_S3,-1766,1114,14858,-137,31,-108,0,-8.8
7378,20:11:39:137,2,Moderate_Damage,L2_S3,-1810,1126,14884,-139,26,-110,0,17.2
7379,20:11:39:147,2,Moderate_Damage,L2_S3,-1810,1106,14908,-150,31,-119,0,41.2
7380,20:11:39:157,2,Moderate_Damage,L2_S3,-1766,1088,14908,-169,33,-120,0,41.2
7381,20:11:39:167,2,Moderate_Damage,L2_S3,-1848,1174,14866,-184,33,-122,0,-0.8
7382,20:11:39:177,2,Moderate_Damage,L2_S3,-1838,1150,14912,-206,34,-128,0,45.2
7383,20:11:39:187,2,Moderate_Damage,L2_S3,-1784,1108,14910,-223,30,-118,0,43.2
7384,20:11:39:197,2,Moderate_Damage,L2_S3,-1818,1128,14890,-232,28,-123,0,23.2
7385,20:11:39:207,2,Moderate_Damage,L2_S3,-1840,1080,14824,-243,24,-133,0,-42.8
7386,20:11:39:217,2,Moderate_Damage,L2_S3,-1822,1120,14892,-246,31,-131,0,25.2
7387,20:11:39:227,2,Moderate_Damage,L2_S3,-1840,1118,14844,-249,25,-123,0,-22.8
7388,20:11:39:237,2,Moderate_Damage,L2_S3,-1788,1112,14796,-237,36,-132,0,-70.8
7389,20:11:39:247,2,Moderate_Damage,L2_S3,-1846,1102,14854,-228,29,-123,0,-12.8
7390,20:11:39:257,2,Moderate_Damage,L2_S3,-1782,1110,14768,-211,35,-124,0,-98.8
7391,20:11:39:267,2,Moderate_Damage,L2_S3,-1816,1066,14784,-198,25,-116,0,-82.8
7392,20:11:39:277,2,Moderate_Damage,L2_S3,-1814,1086,14810,-172,34,-114,0,-56.8
7393,20:11:39:287,2,Moderate_Damage,L2_S3,-1774,1118,14844,-168,32,-119,0,-22.8
7394,20:11:39:297,2,Moderate_Damage,L2_S3,-1778,1130,14844,-148,29,-109,0,-22.8
7395,20:11:39:307,2,Moderate_Damage,L2_S3,-1764,1084,14874,-146,34,-110,0,7.2
7396,20:11:39:317,2,Moderate_Damage,L2_S3,-1786,1126,14940,-134,28,-113,0,73.2
7397,20:11:39:328,2,Moderate_Damage,L2_S3,-1802,1140,14866,-145,23,-111,0,-0.8
7398,20:11:39:337,2,Moderate_Damage,L2_S3,-1768,1126,14836,-142,35,-115,0,-30.8
7399,20:11:39:347,2,Moderate_Damage,L2_S3,-1796,1112,14906,-158,24,-110,0,39.2
7400,20:11:39:357,2,Moderate_Damage,L2_S3,-1796,1134,14930,-175,26,-114,0,63.2
7401,20:11:39:367,2,Moderate_Damage,L2_S3,-1834,1100,14874,-186,26,-111,0,7.2
7402,20:11:39:377,2,Moderate_Damage,L2_S3,-1822,1076,14942,-208,28,-124,0,75.2
7403,20:11:39:387,2,Moderate_Damage,L2_S3,-1830,1120,14936,-221,26,-123,0,69.2
7404,20:11:39:397,2,Moderate_Damage,L2_S3,-1816,1098,14938,-234,29,-127,0,71.2
7405,20:11:39:407,2,Moderate_Damage,L2_S3,-1810,1128,14942,-240,30,-127,0,75.2
7406,20:11:39:418,2,Moderate_Damage,L2_S3,-1806,1106,14832,-249,28,-125,0,-34.8
7407,20:11:39:427,2,Moderate_Damage,L2_S3,-1836,1088,14856,-241,22,-122,0,-10.8
7408,20:11:39:438,2,Moderate_Damage,L2_S3,-1772,1124,14810,-240,32,-129,0,-56.8
7409,20:11:39:447,2,Moderate_Damage,L2_S3,-1738,1074,14766,-226,29,-123,0,-100.8
7410,20:11:39:457,2,Moderate_Damage,L2_S3,-1782,1112,14770,-214,42,-126,0,-96.8
7411,20:11:39:467,2,Moderate_Damage,L2_S3,-1774,1100,14822,-193,38,-119,0,-44.8
7412,20:11:39:477,2,Moderate_Damage,L2_S3,-1836,1146,14838,-186,31,-114,0,-28.8
7413,20:11:39:487,2,Moderate_Damage,L2_S3,-1870,1112,14852,-170,31,-109,0,-14.8
7414,20:11:39:497,2,Moderate_Damage,L2_S3,-1742,1078,14862,-159,26,-113,0,-4.8
7415,20:11:39:507,2,Moderate_Damage,L2_S3,-1804,1098,14806,-146,35,-117,0,-60.8
7416,20:11:39:517,2,Moderate_Damage,L2_S3,-1818,1098,14828,-138,32,-118,0,-38.8
7417,20:11:39:527,2,Moderate_Damage,L2_S3,-1792,1168,14956,-140,29,-107,0,89.2
7418,20:11:39:537,2,Moderate_Damage,L2_S3,-1792,1150,14874,-153,24,-116,0,7.2
7419,20:11:39:547,2,Moderate_Damage,L2_S3,-1784,1124,14894,-155,35,-121,0,27.2
7420,20:11:39:558,2,Moderate_Damage,L2_S3,-1822,1078,14906,-169,30,-115,0,39.2
7421,20:11:39:568,2,Moderate_Damage,L2_S3,-1826,1130,14864,-179,39,-120,0,-2.8
7422,20:11:39:578,2,Moderate_Damage,L2_S3,-1828,1078,14892,-202,33,-118,0,25.2
7423,20:11:39:587,2,Moderate_Damage,L2_S3,-1832,1156,14878,-210,33,-123,0,11.2
7424,20:11:39:598,2,Moderate_Damage,L2_S3,-1834,1154,14878,-224,27,-126,0,11.2
7425,20:11:39:607,2,Moderate_Damage,L2_S3,-1824,1108,14840,-232,35,-122,0,-26.8
7426,20:11:39:617,2,Moderate_Damage,L2_S3,-1824,1150,14796,-237,33,-128,0,-70.8
7427,20:11:39:627,2,Moderate_Damage,L2_S3,-1834,1116,14794,-240,30,-125,0,-72.8
7428,20:11:39:637,2,Moderate_Damage,L2_S3,-1774,1106,14810,-237,28,-124,0,-56.8
7429,20:11:39:647,2,Moderate_Damage,L2_S3,-1820,1116,14824,-234,33,-123,0,-42.8
7430,20:11:39:657,2,Moderate_Damage,L2_S3,-1800,1084,14814,-217,30,-122,0,-52.8
7431,20:11:39:667,2,Moderate_Damage,L2_S3,-1778,1126,14816,-197,29,-125,0,-50.8
7432,20:11:39:677,2,Moderate_Damage,L2_S3,-1800,1082,14768,-178,25,-113,0,-98.8
7433,20:11:39:687,2,Moderate_Damage,L2_S3,-1814,1126,14848,-170,23,-118,0,-18.8
7434,20:11:39:697,2,Moderate_Damage,L2_S3,-1812,1094,14838,-159,28,-115,0,-28.8
7435,20:11:39:708,2,Moderate_Damage,L2_S3,-1824,1066,14802,-155,24,-113,0,-64.8
7436,20:11:39:718,2,Moderate_Damage,L2_S3,-1802,1140,14814,-141,30,-114,0,-52.8
7437,20:11:39:728,2,Moderate_Damage,L2_S3,-1790,1134,14822,-147,29,-108,0,-44.8
7438,20:11:39:738,2,Moderate_Damage,L2_S3,-1874,1112,14888,-151,28,-107,0,21.2
7439,20:11:39:748,2,Moderate_Damage,L2_S3,-1810,1106,14916,-163,37,-115,0,49.2
7440,20:11:39:758,2,Moderate_Damage,L2_S3,-1812,1158,14870,-171,34,-115,0,3.2
7441,20:11:39:768,2,Moderate_Damage,L2_S3,-1790,1134,14870,-188,33,-117,0,3.2
7442,20:11:39:778,2,Moderate_Damage,L2_S3,-1782,1148,14898,-197,28,-122,0,31.2
7443,20:11:39:787,2,Moderate_Damage,L2_S3,-1794,1166,14888,-214,23,-125,0,21.2
7444,20:11:39:798,2,Moderate_Damage,L2_S3,-1834,1138,14884,-217,35,-120,0,17.2
7445,20:11:39:808,2,Moderate_Damage,L2_S3,-1844,1108,14920,-230,25,-129,0,53.2
7446,20:11:39:818,2,Moderate_Damage,L2_S3,-1830,1130,14962,-233,33,-126,0,95.2
7447,20:11:39:828,2,Moderate_Damage,L2_S3,-1796,1128,14902,-231,21,-125,0,35.2
7448,20:11:39:838,2,Moderate_Damage,L2_S3,-1796,1106,14768,-226,40,-126,0,-98.8
7449,20:11:39:848,2,Moderate_Damage,L2_S3,-1816,1080,14776,-216,20,-118,0,-90.8
7450,20:11:39:858,2,Moderate_Damage,L2_S3,-1776,1134,14810,-205,28,-116,0,-56.8
7451,20:11:39:868,2,Moderate_Damage,L2_S3,-1768,1118,14816,-200,23,-120,0,-50.8
7452,20:11:39:878,2,Moderate_Damage,L2_S3,-1812,1108,14848,-182,23,-117,0,-18.8
7453,20:11:39:889,2,Moderate_Damage,L2_S3,-1796,1084,14892,-183,34,-113,0,25.2
7454,20:11:39:898,2,Moderate_Damage,L2_S3,-1786,1116,14826,-168,27,-112,0,-40.8
7455,20:11:39:908,2,Moderate_Damage,L2_S3,-1788,1074,14866,-160,32,-113,0,-0.8
7456,20:11:39:918,2,Moderate_Damage,L2_S3,-1814,1126,14882,-152,27,-112,0,15.2
7457,20:11:39:928,2,Moderate_Damage,L2_S3,-1828,1144,14892,-152,33,-117,0,25.2
7458,20:11:39:938,2,Moderate_Damage,L2_S3,-1794,1168,14904,-158,31,-118,0,37.2
7459,20:11:39:948,2,Moderate_Damage,L2_S3,-1860,1098,14866,-163,22,-110,0,-0.8
7460,20:11:39:958,2,Moderate_Damage,L2_S3,-1808,1148,14876,-179,37,-117,0,9.2
7461,20:11:39:968,2,Moderate_Damage,L2_S3,-1822,1088,14944,-184,26,-118,0,77.2
7462,20:11:39:978,2,Moderate_Damage,L2_S3,-1786,1122,14908,-199,32,-121,0,41.2
7463,20:11:39:988,2,Moderate_Damage,L2_S3,-1796,1124,14950,-205,33,-117,0,83.2
7464,20:11:39:998,2,Moderate_Damage,L2_S3,-1804,1110,14846,-220,26,-118,0,-20.8
7465,20:11:40:008,2,Moderate_Damage,L2_S3,-1802,1108,14920,-219,32,-125,0,53.2
7466,20:11:40:018,2,Moderate_Damage,L2_S3,-1850,1110,14836,-227,26,-125,0,-30.8
7467,20:11:40:028,2,Moderate_Damage,L2_S3,-1842,1118,14836,-228,36,-114,0,-30.8
7468,20:11:40:038,2,Moderate_Damage,L2_S3,-1832,1128,14826,-227,26,-127,0,-40.8
7469,20:11:40:048,2,Moderate_Damage,L2_S3,-1860,1122,14798,-216,30,-124,0,-68.8
7470,20:11:40:058,2,Moderate_Damage,L2_S3,-1778,1064,14912,-214,35,-123,0,45.2
7471,20:11:40:068,2,Moderate_Damage,L2_S3,-1786,1132,14828,-194,27,-127,0,-38.8
7472,20:11:40:078,2,Moderate_Damage,L2_S3,-1832,1126,14834,-190,27,-125,0,-32.8
7473,20:11:40:088,2,Moderate_Damage,L2_S3,-1800,1106,14854,-173,34,-126,0,-12.8
7474,20:11:40:098,2,Moderate_Damage,L2_S3,-1840,1112,14790,-180,23,-112,0,-76.8
7475,20:11:40:108,2,Moderate_Damage,L2_S3,-1830,1102,14894,-155,39,-113,0,27.2
7476,20:11:40:118,2,Moderate_Damage,L2_S3,-1796,1096,14868,-166,21,-114,0,1.2
7477,20:11:40:128,2,Moderate_Damage,L2_S3,-1792,1112,14842,-153,38,-114,0,-24.8
7478,20:11:40:138,2,Moderate_Damage,L2_S3,-1770,1114,14874,-168,23,-115,0,7.2
7479,20:11:40:148,2,Moderate_Damage,L2_S3,-1812,1104,14854,-159,30,-114,0,-12.8
7480,20:11:40:158,2,Moderate_Damage,L2_S3,-1780,1156,14860,-175,31,-122,0,-6.8
7481,20:11:40:168,2,Moderate_Damage,L2_S3,-1784,1116,14920,-180,39,-111,0,53.2
7482,20:11:40:178,2,Moderate_Damage,L2_S3,-1792,1148,14918,-201,29,-108,0,51.2
7483,20:11:40:188,2,Moderate_Damage,L2_S3,-1818,1120,14892,-202,31,-116,0,25.2
7484,20:11:40:198,2,Moderate_Damage,L2_S3,-1836,1178,14938,-221,30,-119,0,71.2
7485,20:11:40:208,2,Moderate_Damage,L2_S3,-1826,1118,14908,-220,29,-122,0,41.2
7486,20:11:40:218,2,Moderate_Damage,L2_S3,-1780,1138,14874,-230,27,-131,0,7.2
7487,20:11:40:228,2,Moderate_Damage,L2_S3,-1766,1166,14872,-220,24,-131,0,5.2
7488,20:11:40:238,2,Moderate_Damage,L2_S3,-1770,1060,14866,-229,26,-127,0,-0.8
7489,20:11:40:248,2,Moderate_Damage,L2_S3,-1824,1116,14794,-216,23,-118,0,-72.8
7490,20:11:40:258,2,Moderate_Damage,L2_S3,-1786,1150,14818,-209,32,-117,0,-48.8
7491,20:11:40:268,2,Moderate_Damage,L2_S3,-1784,1122,14866,-196,24,-113,0,-0.8
7492,20:11:40:278,2,Moderate_Damage,L2_S3,-1786,1134,14804,-189,38,-123,0,-62.8
7493,20:11:40:288,2,Moderate_Damage,L2_S3,-1804,1082,14862,-180,23,-122,0,-4.8
7494,20:11:40:298,2,Moderate_Damage,L2_S3,-1796,1128,14724,-168,34,-118,0,-142.8
7495,20:11:40:308,2,Moderate_Damage,L2_S3,-1796,1134,14858,-169,32,-116,0,-8.8
7496,20:11:40:318,2,Moderate_Damage,L2_S3,-1790,1132,14848,-155,27,-116,0,-18.8
7497,20:11:40:328,2,Moderate_Damage,L2_S3,-1804,1146,14890,-157,27,-110,0,23.2
7498,20:11:40:338,2,Moderate_Damage,L2_S3,-1786,1084,14854,-156,29,-113,0,-12.8
7499,20:11:40:348,2,Moderate_Damage,L2_S3,-1804,1128,14838,-165,31,-112,0,-28.8
7500,20:11:40:358,2,Moderate_Damage,L2_S3,-1822,1146,14824,-174,27,-115,0,-42.8
7501,20:11:40:368,2,Moderate_Damage,L2_S3,-1800,1124,14888,-180,27,-119,0,21.2
7502,20:11:40:378,2,Moderate_Damage,L2_S3,-1814,1092,14930,-186,25,-126,0,63.2
7503,20:11:40:388,2,Moderate_Damage,L2_S3,-1836,1148,14896,-203,29,-128,0,29.2
7504,20:11:40:398,2,Moderate_Damage,L2_S3,-1802,1106,14918,-214,26,-117,0,51.2
7505,20:11:40:408,2,Moderate_Damage,L2_S3,-1808,1072,14898,-224,23,-115,0,31.2
7506,20:11:40:418,2,Moderate_Damage,L2_S3,-1852,1126,14852,-215,31,-115,0,-14.8
7507,20:11:40:428,2,Moderate_Damage,L2_S3,-1794,1124,14870,-229,27,-125,0,3.2
7508,20:11:40:438,2,Moderate_Damage,L2_S3,-1830,1118,14834,-225,24,-125,0,-32.8
7509,20:11:40:448,2,Moderate_Damage,L2_S3,-1796,1086,14856,-215,25,-124,0,-10.8
7510,20:11:40:458,2,Moderate_Damage,L2_S3,-1834,1076,14876,-212,30,-116,0,9.2
7511,20:11:40:468,2,Moderate_Damage,L2_S3,-1794,1104,14826,-204,28,-121,0,-40.8
7512,20:11:40:478,2,Moderate_Damage,L2_S3,-1778,1102,14826,-191,33,-117,0,-40.8
7513,20:11:40:488,2,Moderate_Damage,L2_S3,-1770,1124,14862,-185,29,-117,0,-4.8
7514,20:11:40:498,2,Moderate_Damage,L2_S3,-1800,1122,14906,-172,33,-124,0,39.2
7515,20:11:40:508,2,Moderate_Damage,L2_S3,-1862,1112,14878,-163,34,-118,0,11.2
7516,20:11:40:518,2,Moderate_Damage,L2_S3,-1754,1134,14820,-159,25,-121,0,-46.8
7517,20:11:40:528,2,Moderate_Damage,L2_S3,-1828,1108,14890,-164,39,-112,0,23.2
7518,20:11:40:538,2,Moderate_Damage,L2_S3,-1824,1138,14870,-161,30,-113,0,3.2
7519,20:11:40:548,2,Moderate_Damage,L2_S3,-1794,1122,14912,-167,32,-111,0,45.2
7520,20:11:40:558,2,Moderate_Damage,L2_S3,-1864,1120,14882,-172,25,-113,0,15.2
7521,20:11:40:568,2,Moderate_Damage,L2_S3,-1774,1140,14918,-185,34,-118,0,51.2
7522,20:11:40:578,2,Moderate_Damage,L2_S3,-1826,1132,14882,-190,29,-119,0,15.2
7523,20:11:40:588,2,Moderate_Damage,L2_S3,-1820,1136,14904,-204,27,-129,0,37.2
7524,20:11:40:598,2,Moderate_Damage,L2_S3,-1798,1134,14916,-208,27,-127,0,49.2
7525,20:11:40:608,2,Moderate_Damage,L2_S3,-1778,1156,14900,-217,33,-127,0,33.2
7526,20:11:40:618,2,Moderate_Damage,L2_S3,-1806,1088,14868,-214,26,-118,0,1.2
7527,20:11:40:628,2,Moderate_Damage,L2_S3,-1802,1144,14908,-228,30,-122,0,41.2
7528,20:11:40:638,2,Moderate_Damage,L2_S3,-1828,1172,14856,-220,19,-115,0,-10.8
7529,20:11:40:648,2,Moderate_Damage,L2_S3,-1830,1138,14884,-211,32,-123,0,17.2
7530,20:11:40:658,2,Moderate_Damage,L2_S3,-1816,1110,14858,-212,29,-119,0,-8.8
7531,20:11:40:668,2,Moderate_Damage,L2_S3,-1786,1088,14918,-202,30,-114,0,51.2
7532,20:11:40:678,2,Moderate_Damage,L2_S3,-1756,1140,14810,-186,28,-116,0,-56.8
7533,20:11:40:688,2,Moderate_Damage,L2_S3,-1804,1136,14752,-185,25,-120,0,-114.8
7534,20:11:40:698,2,Moderate_Damage,L2_S3,-1786,1088,14816,-180,29,-115,0,-50.8
7535,20:11:40:708,2,Moderate_Damage,L2_S3,-1782,1138,14856,-178,28,-112,0,-10.8
7536,20:11:40:718,2,Moderate_Damage,L2_S3,-1852,1120,14826,-167,25,-113,0,-40.8
7537,20:11:40:728,2,Moderate_Damage,L2_S3,-1764,1116,14894,-162,33,-121,0,27.2
7538,20:11:40:738,2,Moderate_Damage,L2_S3,-1794,1078,14882,-163,37,-117,0,15.2
7539,20:11:40:748,2,Moderate_Damage,L2_S3,-1796,1118,14864,-166,32,-122,0,-2.8
7540,20:11:40:758,2,Moderate_Damage,L2_S3,-1770,1140,14862,-175,35,-122,0,-4.8
7541,20:11:40:768,2,Moderate_Damage,L2_S3,-1818,1110,14854,-186,26,-121,0,-12.8
7542,20:11:40:778,2,Moderate_Damage,L2_S3,-1774,1130,14922,-194,32,-128,0,55.2
7543,20:11:40:788,2,Moderate_Damage,L2_S3,-1816,1154,14846,-200,22,-117,0,-20.8
7544,20:11:40:798,2,Moderate_Damage,L2_S3,-1788,1086,14868,-200,34,-123,0,1.2
7545,20:11:40:808,2,Moderate_Damage,L2_S3,-1770,1098,14840,-208,29,-124,0,-26.8
7546,20:11:40:818,2,Moderate_Damage,L2_S3,-1804,1124,14928,-214,34,-120,0,61.2
7547,20:11:40:828,2,Moderate_Damage,L2_S3,-1836,1088,14846,-217,35,-119,0,-20.8
7548,20:11:40:838,2,Moderate_Damage,L2_S3,-1800,1130,14862,-220,23,-122,0,-4.8
7549,20:11:40:848,2,Moderate_Damage,L2_S3,-1802,1086,14786,-215,28,-121,0,-80.8
7550,20:11:40:858,2,Moderate_Damage,L2_S3,-1792,1112,14812,-206,25,-118,0,-54.8
7551,20:11:40:868,2,Moderate_Damage,L2_S3,-1818,1062,14780,-199,28,-115,0,-86.8
7552,20:11:40:878,2,Moderate_Damage,L2_S3,-1770,1128,14846,-192,36,-112,0,-20.8
7553,20:11:40:888,2,Moderate_Damage,L2_S3,-1856,1094,14824,-186,22,-112,0,-42.8
7554,20:11:40:898,2,Moderate_Damage,L2_S3,-1822,1084,14884,-175,30,-119,0,17.2
7555,20:11:40:908,2,Moderate_Damage,L2_S3,-1816,1108,14842,-172,25,-119,0,-24.8
7556,20:11:40:918,2,Moderate_Damage,L2_S3,-1822,1126,14802,-168,28,-113,0,-64.8
7557,20:11:40:928,2,Moderate_Damage,L2_S3,-1806,1110,14900,-170,34,-117,0,33.2
7558,20:11:40:938,2,Moderate_Damage,L2_S3,-1810,1076,14892,-172,27,-116,0,25.2
7559,20:11:40:948,2,Moderate_Damage,L2_S3,-1784,1114,14872,-176,28,-121,0,5.2
7560,20:11:40:958,2,Moderate_Damage,L2_S3,-1804,1138,14908,-185,29,-120,0,41.2
7561,20:11:40:968,2,Moderate_Damage,L2_S3,-1852,1088,14952,-188,35,-124,0,85.2
7562,20:11:40:978,2,Moderate_Damage,L2_S3,-1812,1138,14852,-194,31,-113,0,-14.8
7563,20:11:40:988,2,Moderate_Damage,L2_S3,-1836,1120,14898,-208,34,-117,0,31.2
7564,20:11:40:998,2,Moderate_Damage,L2_S3,-1782,1168,14822,-209,30,-117,0,-44.8
7565,20:11:41:008,2,Moderate_Damage,L2_S3,-1790,1088,14912,-214,26,-126,0,45.2
7566,20:11:41:018,2,Moderate_Damage,L2_S3,-1794,1092,14876,-210,27,-119,0,9.2
7567,20:11:41:028,2,Moderate_Damage,L2_S3,-1782,1110,14882,-214,28,-126,0,15.2
7568,20:11:41:038,2,Moderate_Damage,L2_S3,-1816,1100,14840,-213,34,-128,0,-26.8
7569,20:11:41:048,2,Moderate_Damage,L2_S3,-1820,1108,14786,-206,30,-122,0,-80.8
7570,20:11:41:058,2,Moderate_Damage,L2_S3,-1784,1074,14942,-197,31,-124,0,75.2
7571,20:11:41:068,2,Moderate_Damage,L2_S3,-1804,1174,14820,-189,22,-117,0,-46.8
7572,20:11:41:078,2,Moderate_Damage,L2_S3,-1788,1118,14856,-184,34,-118,0,-10.8
7573,20:11:41:088,2,Moderate_Damage,L2_S3,-1828,1080,14818,-177,30,-117,0,-48.8
7574,20:11:41:098,2,Moderate_Damage,L2_S3,-1832,1116,14820,-168,40,-111,0,-46.8
7575,20:11:41:108,2,Moderate_Damage,L2_S3,-1790,1096,14780,-170,28,-114,0,-86.8
7576,20:11:41:118,2,Moderate_Damage,L2_S3,-1804,1112,14814,-172,31,-109,0,-52.8
7577,20:11:41:128,2,Moderate_Damage,L2_S3,-1806,1128,14850,-171,37,-115,0,-16.8
7578,20:11:41:138,2,Moderate_Damage,L2_S3,-1876,1174,14944,-176,24,-122,0,77.2
7579,20:11:41:148,2,Moderate_Damage,L2_S3,-1782,1068,14830,-180,27,-118,0,-36.8
7580,20:11:41:158,2,Moderate_Damage,L2_S3,-1782,1126,14806,-190,29,-121,0,-60.8
7581,20:11:41:168,2,Moderate_Damage,L2_S3,-1858,1194,14858,-185,24,-119,0,-8.8
7582,20:11:41:178,2,Moderate_Damage,L2_S3,-1828,1138,14938,-198,25,-118,0,71.2
7583,20:11:41:188,2,Moderate_Damage,L2_S3,-1854,1156,14836,-201,24,-122,0,-30.8
7584,20:11:41:198,2,Moderate_Damage,L2_S3,-1800,1136,14914,-213,21,-121,0,47.2
7585,20:11:41:208,2,Moderate_Damage,L2_S3,-1828,1120,14924,-207,34,-122,0,57.2
7586,20:11:41:218,2,Moderate_Damage,L2_S3,-1786,1130,14876,-216,22,-124,0,9.2
7587,20:11:41:228,2,Moderate_Damage,L2_S3,-1806,1116,14852,-208,36,-130,0,-14.8
7588,20:11:41:238,2,Moderate_Damage,L2_S3,-1808,1086,14858,-209,25,-130,0,-8.8
7589,20:11:41:248,2,Moderate_Damage,L2_S3,-1840,1154,14848,-204,32,-117,0,-18.8
7590,20:11:41:258,2,Moderate_Damage,L2_S3,-1776,1102,14820,-199,28,-114,0,-46.8
7591,20:11:41:268,2,Moderate_Damage,L2_S3,-1812,1120,14836,-190,30,-114,0,-30.8
7592,20:11:41:278,2,Moderate_Damage,L2_S3,-1780,1134,14796,-186,27,-122,0,-70.8
7593,20:11:41:288,2,Moderate_Damage,L2_S3,-1782,1120,14804,-180,29,-122,0,-62.8
7594,20:11:41:298,2,Moderate_Damage,L2_S3,-1850,1140,14854,-175,21,-112,0,-12.8
7595,20:11:41:308,2,Moderate_Damage,L2_S3,-1824,1106,14828,-167,27,-108,0,-38.8
7596,20:11:41:318,2,Moderate_Damage,L2_S3,-1796,1072,14826,-172,21,-117,0,-40.8
7597,20:11:41:328,2,Moderate_Damage,L2_S3,-1796,1090,14858,-170,33,-114,0,-8.8
7598,20:11:41:338,2,Moderate_Damage,L2_S3,-1832,1108,14868,-181,26,-114,0,1.2
7599,20:11:41:348,2,Moderate_Damage,L2_S3,-1808,1132,14918,-176,37,-117,0,51.2
7600,20:11:41:358,2,Moderate_Damage,L2_S3,-1826,1092,14872,-187,24,-117,0,5.2
7601,20:11:41:368,2,Moderate_Damage,L2_S3,-1804,1132,14888,-192,35,-119,0,21.2
7602,20:11:41:378,2,Moderate_Damage,L2_S3,-1838,1106,14864,-197,24,-118,0,-2.8
7603,20:11:41:388,2,Moderate_Damage,L2_S3,-1736,1130,14832,-201,27,-125,0,-34.8
7604,20:11:41:398,2,Moderate_Damage,L2_S3,-1810,1162,14876,-211,24,-121,0,9.2
7605,20:11:41:408,2,Moderate_Damage,L2_S3,-1802,1098,14858,-210,26,-121,0,-8.8
7606,20:11:41:418,2,Moderate_Damage,L2_S3,-1788,1130,14864,-210,25,-128,0,-2.8
7607,20:11:41:428,2,Moderate_Damage,L2_S3,-1808,1132,14874,-215,17,-121,0,7.2
7608,20:11:41:438,2,Moderate_Damage,L2_S3,-1748,1122,14854,-213,30,-129,0,-12.8
7609,20:11:41:448,2,Moderate_Damage,L2_S3,-1774,1122,14818,-204,27,-122,0,-48.8
7610,20:11:41:459,2,Moderate_Damage,L2_S3,-1792,1100,14836,-199,36,-124,0,-30.8
7611,20:11:41:468,2,Moderate_Damage,L2_S3,-1760,1078,14798,-198,31,-123,0,-68.8
7612,20:11:41:478,2,Moderate_Damage,L2_S3,-1816,1058,14810,-184,33,-112,0,-56.8
7613,20:11:41:488,2,Moderate_Damage,L2_S3,-1796,1132,14832,-186,35,-121,0,-34.8
7614,20:11:41:498,2,Moderate_Damage,L2_S3,-1824,1134,14866,-181,27,-117,0,-0.8
7615,20:11:41:508,2,Moderate_Damage,L2_S3,-1824,1110,14856,-182,22,-111,0,-10.8
7616,20:11:41:518,2,Moderate_Damage,L2_S3,-1776,1136,14878,-176,36,-117,0,11.2
7617,20:11:41:528,2,Moderate_Damage,L2_S3,-1868,1100,14862,-180,23,-114,0,-4.8
7618,20:11:41:539,2,Moderate_Damage,L2_S3,-1784,1136,14846,-174,37,-120,0,-20.8
7619,20:11:41:548,2,Moderate_Damage,L2_S3,-1816,1090,14814,-185,15,-119,0,-52.8
7620,20:11:41:558,2,Moderate_Damage,L2_S3,-1842,1102,14830,-183,29,-122,0,-36.8
7621,20:11:41:568,2,Moderate_Damage,L2_S3,-1830,1188,14886,-194,27,-113,0,19.2
7622,20:11:41:578,2,Moderate_Damage,L2_S3,-1810,1126,14792,-195,26,-124,0,-74.8
7623,20:11:41:588,2,Moderate_Damage,L2_S3,-1790,1100,14832,-206,25,-124,0,-34.8
7624,20:11:41:598,2,Moderate_Damage,L2_S3,-1756,1114,14822,-209,24,-120,0,-44.8
7625,20:11:41:608,2,Moderate_Damage,L2_S3,-1806,1130,14846,-212,28,-121,0,-20.8
7626,20:11:41:618,2,Moderate_Damage,L2_S3,-1804,1110,14936,-209,32,-125,0,69.2
7627,20:11:41:628,2,Moderate_Damage,L2_S3,-1840,1094,14870,-211,22,-124,0,3.2
7628,20:11:41:638,2,Moderate_Damage,L2_S3,-1790,1082,14878,-207,29,-125,0,11.2
7629,20:11:41:648,2,Moderate_Damage,L2_S3,-1822,1142,14778,-210,23,-113,0,-88.8
7630,20:11:41:658,2,Moderate_Damage,L2_S3,-1786,1128,14884,-202,34,-119,0,17.2
7631,20:11:41:668,2,Moderate_Damage,L2_S3,-1792,1124,14832,-191,24,-116,0,-34.8
7632,20:11:41:678,2,Moderate_Damage,L2_S3,-1802,1148,14878,-190,29,-124,0,11.2
7633,20:11:41:688,2,Moderate_Damage,L2_S3,-1798,1072,14752,-186,34,-120,0,-114.8
7634,20:11:41:698,2,Moderate_Damage,L2_S3,-1782,1124,14934,-176,30,-118,0,67.2
7635,20:11:41:708,2,Moderate_Damage,L2_S3,-1826,1096,14832,-175,30,-118,0,-34.8
7636,20:11:41:718,2,Moderate_Damage,L2_S3,-1818,1092,14900,-170,31,-121,0,33.2
7637,20:11:41:728,2,Moderate_Damage,L2_S3,-1824,1118,14866,-176,35,-121,0,-0.8
7638,20:11:41:738,2,Moderate_Damage,L2_S3,-1822,1146,14870,-180,30,-120,0,3.2
7639,20:11:41:748,2,Moderate_Damage,L2_S3,-1786,1126,14914,-178,34,-110,0,47.2
7640,20:11:41:758,2,Moderate_Damage,L2_S3,-1776,1132,14874,-190,29,-109,0,7.2
7641,20:11:41:768,2,Moderate_Damage,L2_S3,-1824,1128,14836,-184,25,-115,0,-30.8
7642,20:11:41:778,2,Moderate_Damage,L2_S3,-1788,1112,14920,-193,32,-121,0,53.2
7643,20:11:41:788,2,Moderate_Damage,L2_S3,-1824,1126,14882,-200,29,-127,0,15.2
7644,20:11:41:798,2,Moderate_Damage,L2_S3,-1746,1118,14868,-211,23,-122,0,1.2
7645,20:11:41:808,2,Moderate_Damage,L2_S3,-1816,1072,14852,-210,30,-111,0,-14.8
7646,20:11:41:818,2,Moderate_Damage,L2_S3,-1780,1072,14848,-210,33,-122,0,-18.8
7647,20:11:41:828,2,Moderate_Damage,L2_S3,-1798,1152,14838,-206,30,-126,0,-28.8
7648,20:11:41:838,2,Moderate_Damage,L2_S3,-1792,1090,14836,-201,30,-122,0,-30.8
7649,20:11:41:849,2,Moderate_Damage,L2_S3,-1790,1100,14858,-199,32,-120,0,-8.8
7650,20:11:41:858,2,Moderate_Damage,L2_S3,-1828,1108,14782,-197,23,-112,0,-84.8
7651,20:11:41:868,2,Moderate_Damage,L2_S3,-1784,1122,14820,-193,34,-119,0,-46.8
7652,20:11:41:878,2,Moderate_Damage,L2_S3,-1832,1118,14814,-190,26,-118,0,-52.8
7653,20:11:41:889,2,Moderate_Damage,L2_S3,-1768,1138,14794,-189,29,-118,0,-72.8
7654,20:11:41:898,2,Moderate_Damage,L2_S3,-1770,1104,14850,-177,22,-115,0,-16.8
7655,20:11:41:908,2,Moderate_Damage,L2_S3,-1782,1118,14846,-177,25,-115,0,-20.8
7656,20:11:41:918,2,Moderate_Damage,L2_S3,-1822,1142,14866,-184,26,-108,0,-0.8
7657,20:11:41:928,2,Moderate_Damage,L2_S3,-1810,1140,14838,-179,28,-121,0,-28.8
7658,20:11:41:938,2,Moderate_Damage,L2_S3,-1776,1140,14916,-173,30,-115,0,49.2
7659,20:11:41:949,2,Moderate_Damage,L2_S3,-1828,1108,14830,-180,29,-115,0,-36.8
7660,20:11:41:958,2,Moderate_Damage,L2_S3,-1818,1172,14872,-187,33,-118,0,5.2
7661,20:11:41:968,2,Moderate_Damage,L2_S3,-1812,1148,14810,-190,33,-113,0,-56.8
7662,20:11:41:978,2,Moderate_Damage,L2_S3,-1826,1112,14810,-192,33,-122,0,-56.8
7663,20:11:41:988,2,Moderate_Damage,L2_S3,-1810,1116,14874,-195,28,-117,0,7.2
7664,20:11:41:998,2,Moderate_Damage,L2_S3,-1802,1130,14908,-197,22,-113,0,41.2
7665,20:11:42:009,2,Moderate_Damage,L2_S3,-1780,1144,14902,-205,26,-121,0,35.2
7666,20:11:42:019,2,Moderate_Damage,L2_S3,-1862,1104,14858,-203,26,-121,0,-8.8
7667,20:11:42:029,2,Moderate_Damage,L2_S3,-1750,1082,14820,-205,28,-121,0,-46.8
7668,20:11:42:038,2,Moderate_Damage,L2_S3,-1818,1122,14880,-204,29,-122,0,13.2
7669,20:11:42:048,2,Moderate_Damage,L2_S3,-1798,1148,14872,-203,26,-122,0,5.2
7670,20:11:42:059,2,Moderate_Damage,L2_S3,-1816,1104,14808,-196,32,-122,0,-58.8
7671,20:11:42:068,2,Moderate_Damage,L2_S3,-1846,1116,14804,-197,29,-115,0,-62.8
7672,20:11:42:079,2,Moderate_Damage,L2_S3,-1794,1130,14866,-195,36,-119,0,-0.8
7673,20:11:42:089,2,Moderate_Damage,L2_S3,-1812,1108,14862,-189,25,-112,0,-4.8
7674,20:11:42:099,2,Moderate_Damage,L2_S3,-1806,1112,14760,-181,35,-117,0,-106.8
7675,20:11:42:109,2,Moderate_Damage,L2_S3,-1774,1084,14834,-179,27,-114,0,-32.8
7676,20:11:42:119,2,Moderate_Damage,L2_S3,-1884,1102,14792,-182,29,-113,0,-74.8
7677,20:11:42:128,2,Moderate_Damage,L2_S3,-1828,1132,14822,-174,29,-122,0,-44.8
7678,20:11:42:138,2,Moderate_Damage,L2_S3,-1794,1138,14862,-175,23,-116,0,-4.8
7679,20:11:42:149,2,Moderate_Damage,L2_S3,-1808,1086,14884,-182,29,-113,0,17.2
7680,20:11:42:158,2,Moderate_Damage,L2_S3,-1806,1076,14866,-186,27,-117,0,-0.8
7681,20:11:42:168,2,Moderate_Damage,L2_S3,-1776,1176,14828,-191,27,-122,0,-38.8
7682,20:11:42:178,2,Moderate_Damage,L2_S3,-1792,1138,14932,-185,32,-114,0,65.2
7683,20:11:42:188,2,Moderate_Damage,L2_S3,-1822,1160,14836,-199,21,-116,0,-30.8
7684,20:11:42:198,2,Moderate_Damage,L2_S3,-1766,1114,14892,-199,38,-117,0,25.2
7685,20:11:42:209,2,Moderate_Damage,L2_S3,-1790,1132,14878,-200,25,-121,0,11.2
7686,20:11:42:219,2,Moderate_Damage,L2_S3,-1820,1106,14894,-206,27,-117,0,27.2
7687,20:11:42:229,2,Moderate_Damage,L2_S3,-1812,1142,14898,-194,30,-122,0,31.2
7688,20:11:42:239,2,Moderate_Damage,L2_S3,-1792,1114,14866,-203,25,-128,0,-0.8
7689,20:11:42:249,2,Moderate_Damage,L2_S3,-1806,1156,14886,-200,26,-123,0,19.2
7690,20:11:42:259,2,Moderate_Damage,L2_S3,-1772,1072,14862,-205,22,-118,0,-4.8
7691,20:11:42:269,2,Moderate_Damage,L2_S3,-1800,1156,14892,-198,32,-120,0,25.2
7692,20:11:42:279,2,Moderate_Damage,L2_S3,-1822,1112,14804,-191,29,-118,0,-62.8
7693,20:11:42:289,2,Moderate_Damage,L2_S3,-1822,1078,14824,-179,23,-120,0,-42.8
7694,20:11:42:299,2,Moderate_Damage,L2_S3,-1810,1120,14792,-183,30,-122,0,-74.8
7695,20:11:42:309,2,Moderate_Damage,L2_S3,-1732,1104,14846,-180,23,-117,0,-20.8
7696,20:11:42:319,2,Moderate_Damage,L2_S3,-1770,1110,14842,-182,25,-119,0,-24.8
7697,20:11:42:329,2,Moderate_Damage,L2_S3,-1814,1124,14818,-175,26,-107,0,-48.8
7698,20:11:42:339,2,Moderate_Damage,L2_S3,-1816,1044,14830,-181,29,-121,0,-36.8
7699,20:11:42:349,2,Moderate_Damage,L2_S3,-1818,1080,14830,-179,43,-119,0,-36.8
7700,20:11:42:359,2,Moderate_Damage,L2_S3,-1814,1096,14854,-189,24,-113,0,-12.8
7701,20:11:42:369,2,Moderate_Damage,L2_S3,-1760,1056,14856,-186,34,-124,0,-10.8
7702,20:11:42:379,2,Moderate_Damage,L2_S3,-1854,1154,14946,-195,21,-120,0,79.2
7703,20:11:42:389,2,Moderate_Damage,L2_S3,-1826,1126,14880,-186,34,-123,0,13.2
7704,20:11:42:399,2,Moderate_Damage,L2_S3,-1828,1100,14844,-210,23,-112,0,-22.8
7705,20:11:42:409,2,Moderate_Damage,L2_S3,-1816,1156,14872,-205,36,-123,0,5.2
7706,20:11:42:419,2,Moderate_Damage,L2_S3,-1812,1122,14920,-212,34,-128,0,53.2
7707,20:11:42:429,2,Moderate_Damage,L2_S3,-1880,1140,14876,-201,34,-119,0,9.2
7708,20:11:42:440,2,Moderate_Damage,L2_S3,-1794,1100,14894,-207,31,-124,0,27.2
7709,20:11:42:449,2,Moderate_Damage,L2_S3,-1810,1074,14864,-195,31,-117,0,-2.8
7710,20:11:42:459,2,Moderate_Damage,L2_S3,-1824,1120,14838,-200,26,-121,0,-28.8
7711,20:11:42:469,2,Moderate_Damage,L2_S3,-1768,1104,14894,-190,27,-122,0,27.2
7712,20:11:42:479,2,Moderate_Damage,L2_S3,-1838,1100,14910,-198,23,-116,0,43.2
7713,20:11:42:489,2,Moderate_Damage,L2_S3,-1826,1122,14894,-185,31,-121,0,27.2
7714,20:11:42:499,2,Moderate_Damage,L2_S3,-1808,1110,14950,-187,32,-123,0,83.2
7715,20:11:42:509,2,Moderate_Damage,L2_S3,-1824,1102,14814,-179,30,-112,0,-52.8
7716,20:11:42:519,2,Moderate_Damage,L2_S3,-1800,1116,14834,-183,35,-120,0,-32.8
7717,20:11:42:529,2,Moderate_Damage,L2_S3,-1850,1176,14842,-180,27,-112,0,-24.8
7718,20:11:42:539,2,Moderate_Damage,L2_S3,-1828,1124,14822,-181,32,-116,0,-44.8
7719,20:11:42:549,2,Moderate_Damage,L2_S3,-1768,1128,14826,-180,21,-112,0,-40.8
7720,20:11:42:559,2,Moderate_Damage,L2_S3,-1818,1124,14836,-187,28,-116,0,-30.8
7721,20:11:42:569,2,Moderate_Damage,L2_S3,-1844,1104,14844,-188,30,-118,0,-22.8
7722,20:11:42:579,2,Moderate_Damage,L2_S3,-1834,1124,14878,-194,26,-119,0,11.2
7723,20:11:42:589,2,Moderate_Damage,L2_S3,-1790,1138,14872,-192,29,-120,0,5.2
7724,20:11:42:599,2,Moderate_Damage,L2_S3,-1778,1100,14922,-196,30,-124,0,55.2
7725,20:11:42:609,2,Moderate_Damage,L2_S3,-1868,1090,14802,-196,32,-125,0,-64.8
7726,20:11:42:619,2,Moderate_Damage,L2_S3,-1774,1120,14830,-201,34,-113,0,-36.8
7727,20:11:42:629,2,Moderate_Damage,L2_S3,-1826,1102,14838,-206,27,-119,0,-28.8
7728,20:11:42:639,2,Moderate_Damage,L2_S3,-1862,1118,14890,-206,31,-124,0,23.2
7729,20:11:42:649,2,Moderate_Damage,L2_S3,-1800,1124,14882,-204,30,-122,0,15.2
7730,20:11:42:659,2,Moderate_Damage,L2_S3,-1770,1138,14838,-192,34,-122,0,-28.8
7731,20:11:42:669,2,Moderate_Damage,L2_S3,-1794,1150,14840,-193,31,-115,0,-26.8
7732,20:11:42:679,2,Moderate_Damage,L2_S3,-1782,1096,14876,-187,30,-123,0,9.2
7733,20:11:42:689,2,Moderate_Damage,L2_S3,-1818,1112,14856,-182,34,-113,0,-10.8
7734,20:11:42:699,2,Moderate_Damage,L2_S3,-1826,1058,14878,-180,28,-115,0,11.2
7735,20:11:42:709,2,Moderate_Damage,L2_S3,-1828,1100,14840,-177,35,-115,0,-26.8
7736,20:11:42:719,2,Moderate_Damage,L2_S3,-1762,1126,14842,-186,30,-119,0,-24.8
7737,20:11:42:729,2,Moderate_Damage,L2_S3,-1790,1128,14900,-184,28,-117,0,33.2
7738,20:11:42:739,2,Moderate_Damage,L2_S3,-1826,1088,14900,-185,27,-114,0,33.2
7739,20:11:42:749,2,Moderate_Damage,L2_S3,-1798,1088,14942,-180,26,-121,0,75.2
7740,20:11:42:759,2,Moderate_Damage,L2_S3,-1824,1100,14892,-185,26,-117,0,25.2
7741,20:11:42:769,2,Moderate_Damage,L2_S3,-1808,1058,14850,-190,31,-118,0,-16.8
7742,20:11:42:779,2,Moderate_Damage,L2_S3,-1864,1100,14946,-194,22,-120,0,79.2
7743,20:11:42:789,2,Moderate_Damage,L2_S3,-1814,1148,14918,-194,34,-118,0,51.2
7744,20:11:42:799,2,Moderate_Damage,L2_S3,-1840,1118,14896,-192,25,-122,0,29.2
7745,20:11:42:809,2,Moderate_Damage,L2_S3,-1878,1140,14870,-203,27,-114,0,3.2
7746,20:11:42:819,2,Moderate_Damage,L2_S3,-1794,1134,14848,-198,25,-122,0,-18.8
7747,20:11:42:829,2,Moderate_Damage,L2_S3,-1782,1136,14824,-201,20,-122,0,-42.8
7748,20:11:42:839,2,Moderate_Damage,L2_S3,-1812,1118,14834,-201,29,-121,0,-32.8
7749,20:11:42:849,2,Moderate_Damage,L2_S3,-1818,1132,14942,-199,26,-119,0,75.2
7750,20:11:42:859,2,Moderate_Damage,L2_S3,-1836,1148,14830,-200,26,-118,0,-36.8
7751,20:11:42:869,2,Moderate_Damage,L2_S3,-1796,1162,14832,-204,29,-123,0,-34.8
7752,20:11:42:879,2,Moderate_Damage,L2_S3,-1840,1100,14838,-196,29,-121,0,-28.8
7753,20:11:42:889,2,Moderate_Damage,L2_S3,-1776,1114,14846,-187,29,-125,0,-20.8
7754,20:11:42:899,2,Moderate_Damage,L2_S3,-1824,1142,14866,-186,27,-118,0,-0.8
7755,20:11:42:909,2,Moderate_Damage,L2_S3,-1804,1088,14852,-177,29,-118,0,-14.8
7756,20:11:42:919,2,Moderate_Damage,L2_S3,-1838,1072,14830,-175,27,-115,0,-36.8
7757,20:11:42:929,2,Moderate_Damage,L2_S3,-1770,1138,14960,-174,30,-113,0,93.2
7758,20:11:42:939,2,Moderate_Damage,L2_S3,-1832,1160,14840,-181,26,-119,0,-26.8
7759,20:11:42:949,2,Moderate_Damage,L2_S3,-1822,1120,14844,-184,33,-120,0,-22.8
7760,20:11:42:959,2,Moderate_Damage,L2_S3,-1836,1144,14866,-183,33,-121,0,-0.8
7761,20:11:42:969,2,Moderate_Damage,L2_S3,-1820,1126,14930,-185,33,-121,0,63.2
7762,20:11:42:979,2,Moderate_Damage,L2_S3,-1824,1070,14882,-194,29,-111,0,15.2
7763,20:11:42:989,2,Moderate_Damage,L2_S3,-1814,1142,14746,-175,21,-114,0,-120.8
7764,20:11:42:999,2,Moderate_Damage,L2_S3,-1874,1044,14828,-188,43,-114,0,-38.8
7765,20:11:43:009,2,Moderate_Damage,L2_S3,-1762,1158,14816,-128,30,-107,0,-50.8
7766,20:11:43:019,2,Moderate_Damage,L2_S3,-1788,1066,14888,-161,17,-108,0,21.2
7767,20:11:43:029,2,Moderate_Damage,L2_S3,-1824,1122,14834,-134,40,-107,0,-32.8
7768,20:11:43:039,2,Moderate_Damage,L2_S3,-1728,1122,14908,-163,19,-116,0,41.2
7769,20:11:43:049,2,Moderate_Damage,L2_S3,-1858,1168,14926,-165,36,-107,0,59.2
7770,20:11:43:059,2,Moderate_Damage,L2_S3,-1850,1118,14794,-175,46,-112,0,-72.8
7771,20:11:43:069,2,Moderate_Damage,L2_S3,-1756,1180,14788,-139,60,-112,0,-78.8
7772,20:11:43:079,2,Moderate_Damage,L2_S3,-1816,1110,14884,-142,-32,-112,0,17.2
7773,20:11:43:089,2,Moderate_Damage,L2_S3,-1898,1110,14906,-112,101,-117,0,39.2
7774,20:11:43:099,2,Moderate_Damage,L2_S3,-1806,1148,14842,-135,-14,-104,1,-24.8
7775,20:11:43:109,2,Moderate_Damage,L2_S3,4328,2970,-5114,2612,-392,305,1,-19980.8
7776,20:11:43:120,2,Moderate_Damage,L2_S3,-15044,-5918,-14212,15944,-2796,3078,1,-29078.8
7777,20:11:43:129,2,Moderate_Damage,L2_S3,-1278,-17758,32767,3452,4949,-548,1,17900.2
7778,20:11:43:139,2,Moderate_Damage,L2_S3,-9212,20234,4542,24709,-149,4608,1,-10324.8
7779,20:11:43:149,2,Moderate_Damage,L2_S3,528,-6408,32767,2905,-2730,268,1,17900.2
7780,20:11:43:159,2,Moderate_Damage,L2_S3,-6296,11290,23834,11538,5018,1306,1,8967.2
7781,20:11:43:169,2,Moderate_Damage,L2_S3,-1870,3330,31430,-3667,-4960,-40,1,16563.2
7782,20:11:43:179,2,Moderate_Damage,L2_S3,-8554,3060,31860,-3576,3826,-1092,1,16993.2
7783,20:11:43:189,2,Moderate_Damage,L2_S3,-988,6976,22736,-10751,-1277,-1910,1,7869.2
7784,20:11:43:199,2,Moderate_Damage,L2_S3,-7608,880,24776,-15018,-1021,-2081,1,9909.2
7785,20:11:43:209,2,Moderate_Damage,L2_S3,1654,5678,15814,-15784,944,-3151,1,947.2
7786,20:11:43:219,2,Moderate_Damage,L2_S3,-3782,-988,14168,-19796,-1839,-2788,1,-698.8
7787,20:11:43:229,2,Moderate_Damage,L2_S3,-1004,3268,6640,-16149,767,-2941,1,-8226.8
7788,20:11:43:239,2,Moderate_Damage,L2_S3,2166,-2698,6356,-16860,-1545,-2712,1,-8510.8
7789,20:11:43:249,2,Moderate_Damage,L2_S3,-2526,472,-1230,-10872,512,-1720,1,-16096.8
7790,20:11:43:259,2,Moderate_Damage,L2_S3,4374,-3112,1630,-8181,-935,-1637,1,-13236.8
7791,20:11:43:269,2,Moderate_Damage,L2_S3,-4726,-1140,-2286,-1431,576,45,1,-17152.8
7792,20:11:43:279,2,Moderate_Damage,L2_S3,6504,-1954,1336,2906,-465,-45,1,-13530.8
7793,20:11:43:289,2,Moderate_Damage,L2_S3,-5206,-782,2450,8567,563,1624,1,-12416.8
7794,20:11:43:299,2,Moderate_Damage,L2_S3,2694,-56,6978,12269,587,1548,0,-7888.8
7795,20:11:43:309,2,Moderate_Damage,L2_S3,-2494,1350,10430,15558,26,2604,1,-4436.8
7796,20:11:43:319,2,Moderate_Damage,L2_S3,-2818,1900,15598,16635,934,2502,1,731.2
7797,20:11:43:329,2,Moderate_Damage,L2_S3,-906,3278,20064,16920,483,2528,0,5197.2
7798,20:11:43:339,2,Moderate_Damage,L2_S3,-5404,3620,23500,14805,1,2535,1,8633.2
7799,20:11:43:349,2,Moderate_Damage,L2_S3,-1312,4274,27584,12057,1011,1527,1,12717.2
7800,20:11:43:359,2,Moderate_Damage,L2_S3,-5070,4496,28648,7724,-24,1350,1,13781.2
7801,20:11:43:369,2,Moderate_Damage,L2_S3,-5224,4316,29792,2793,54,352,1,14925.2
7802,20:11:43:379,2,Moderate_Damage,L2_S3,-2728,4562,29130,-2046,674,-613,1,14263.2
7803,20:11:43:389,2,Moderate_Damage,L2_S3,-4432,3936,26372,-7228,-922,-969,1,11505.2
7804,20:11:43:399,2,Moderate_Damage,L2_S3,-2748,3736,23756,-11145,560,-1993,1,8889.2
7805,20:11:43:410,2,Moderate_Damage,L2_S3,-2730,2906,19692,-14449,-644,-2338,1,4825.2
7806,20:11:43:419,2,Moderate_Damage,L2_S3,-2592,2138,15070,-16146,-712,-2581,1,203.2
7807,20:11:43:429,2,Moderate_Damage,L2_S3,-150,1150,11318,-16448,56,-2892,1,-3548.8
7808,20:11:43:439,2,Moderate_Damage,L2_S3,-1964,26,6640,-15310,-1086,-2320,0,-8226.8
7809,20:11:43:449,2,Moderate_Damage,L2_S3,1352,-570,4104,-12582,83,-2292,1,-10762.8
7810,20:11:43:459,2,Moderate_Damage,L2_S3,-770,-1528,1396,-9010,-762,-1356,1,-13470.8
7811,20:11:43:469,2,Moderate_Damage,L2_S3,942,-1536,724,-4374,181,-886,1,-14142.8
7812,20:11:43:479,2,Moderate_Damage,L2_S3,380,-1696,1056,394,-286,6,1,-13810.8
7813,20:11:43:489,2,Moderate_Damage,L2_S3,-558,-1046,2548,5227,270,784,1,-12318.8
7814,20:11:43:499,2,Moderate_Damage,L2_S3,814,-354,5626,9444,303,1306,0,-9240.8
7815,20:11:43:509,2,Moderate_Damage,L2_S3,-2218,486,8814,12639,159,2057,1,-6052.8
7816,20:11:43:519,2,Moderate_Damage,L2_S3,-318,1570,13426,14782,827,2103,1,-1440.8
7817,20:11:43:529,2,Moderate_Damage,L2_S3,-3168,2284,17172,15323,57,2504,0,2305.2
7818,20:11:43:539,2,Moderate_Damage,L2_S3,-2380,3142,21378,14596,699,2153,0,6511.2
7819,20:11:43:549,2,Moderate_Damage,L2_S3,-3164,3632,24628,12392,486,1881,0,9761.2
7820,20:11:43:559,2,Moderate_Damage,L2_S3,-4314,3964,26702,9051,-59,1465,0,11835.2
7821,20:11:43:569,2,Moderate_Damage,L2_S3,-3098,4142,28376,4986,812,548,0,13509.2
7822,20:11:43:579,2,Moderate_Damage,L2_S3,-4488,4188,27892,365,-172,82,0,13025.2
7823,20:11:43:589,2,Moderate_Damage,L2_S3,-3630,3904,26782,-4198,93,-788,1,11915.2
7824,20:11:43:599,2,Moderate_Damage,L2_S3,-2908,3684,24332,-8246,299,-1493,0,9465.2
7825,20:11:43:610,2,Moderate_Damage,L2_S3,-3534,2992,20948,-11774,-701,-1845,0,6081.2
7826,20:11:43:619,2,Moderate_Damage,L2_S3,-1474,2450,17574,-13899,31,-2441,0,2707.2
7827,20:11:43:629,2,Moderate_Damage,L2_S3,-2072,1516,13254,-14945,-585,-2406,1,-1612.8
7828,20:11:43:639,2,Moderate_Damage,L2_S3,-938,644,9648,-14533,-445,-2442,1,-5218.8
7829,20:11:43:649,2,Moderate_Damage,L2_S3,-102,-226,6314,-12822,-420,-2152,1,-8552.8
7830,20:11:43:659,2,Moderate_Damage,L2_S3,-790,-914,3622,-9978,-445,-1604,1,-11244.8
7831,20:11:43:669,2,Moderate_Damage,L2_S3,1048,-1292,2492,-6183,-204,-1157,1,-12374.8
7832,20:11:43:679,2,Moderate_Damage,L2_S3,-682,-1522,1910,-1964,-234,-310,1,-12956.8
7833,20:11:43:689,2,Moderate_Damage,L2_S3,702,-1154,3096,2488,189,211,0,-11770.8
7834,20:11:43:699,2,Moderate_Damage,L2_S3,-710,-652,4924,6562,-33,1025,0,-9942.8
7835,20:11:43:709,2,Moderate_Damage,L2_S3,-536,168,7894,10018,445,1464,1,-6972.8
7836,20:11:43:719,2,Moderate_Damage,L2_S3,-1248,974,11388,12455,300,1903,0,-3478.8
7837,20:11:43:729,2,Moderate_Damage,L2_S3,-2132,1784,15142,13689,341,2131,0,275.2
7838,20:11:43:739,2,Moderate_Damage,L2_S3,-2016,2640,19016,13697,614,2026,0,4149.2
7839,20:11:43:749,2,Moderate_Damage,L2_S3,-3428,3090,22040,12288,144,1958,0,7173.2
7840,20:11:43:759,2,Moderate_Damage,L2_S3,-3056,3538,24800,9874,590,1425,0,9933.2
7841,20:11:43:769,2,Moderate_Damage,L2_S3,-3658,3766,26340,6459,256,960,0,11473.2
7842,20:11:43:779,2,Moderate_Damage,L2_S3,-3904,3814,26900,2483,72,344,0,12033.2
7843,20:11:43:789,2,Moderate_Damage,L2_S3,-3298,3832,26474,-1626,457,-426,0,11607.2
7844,20:11:43:799,2,Moderate_Damage,L2_S3,-3630,3468,24576,-5672,-202,-928,0,9709.2
7845,20:11:43:809,2,Moderate_Damage,L2_S3,-2946,3136,22070,-9031,72,-1586,0,7203.2
7846,20:11:43:820,2,Moderate_Damage,L2_S3,-2338,2480,18950,-11712,-245,-1978,0,4083.2
7847,20:11:43:830,2,Moderate_Damage,L2_S3,-2226,1814,15246,-13136,-459,-2154,0,379.2
7848,20:11:43:839,2,Moderate_Damage,L2_S3,-958,1066,11934,-13453,-181,-2305,0,-2932.8
7849,20:11:43:849,2,Moderate_Damage,L2_S3,-1242,234,8476,-12508,-621,-2020,0,-6390.8
7850,20:11:43:859,2,Moderate_Damage,L2_S3,-90,-402,6010,-10425,-244,-1804,0,-8856.8
7851,20:11:43:869,2,Moderate_Damage,L2_S3,-314,-940,4118,-7453,-436,-1241,0,-10748.8
7852,20:11:43:879,2,Moderate_Damage,L2_S3,-126,-1192,3272,-3793,-161,-702,0,-11594.8
7853,20:11:43:889,2,Moderate_Damage,L2_S3,258,-1102,3638,168,-102,-74,0,-11228.8
7854,20:11:43:899,2,Moderate_Damage,L2_S3,-660,-790,4890,4018,40,586,0,-9976.8
7855,20:11:43:909,2,Moderate_Damage,L2_S3,-156,-134,7174,7521,282,1060,0,-7692.8
7856,20:11:43:919,2,Moderate_Damage,L2_S3,-1356,504,9930,10165,119,1585,0,-4936.8
7857,20:11:43:929,2,Moderate_Damage,L2_S3,-1308,1224,13482,11899,500,1751,0,-1384.8
7858,20:11:43:939,2,Moderate_Damage,L2_S3,-2242,2004,16718,12451,281,1928,0,1851.2
7859,20:11:43:949,2,Moderate_Damage,L2_S3,-2634,2610,20004,11822,373,1789,0,5137.2
7860,20:11:43:959,2,Moderate_Damage,L2_S3,-2884,3118,22726,10145,471,1505,0,7859.2
7861,20:11:43:969,2,Moderate_Damage,L2_S3,-3520,3374,24578,7422,153,1138,0,9711.2
7862,20:11:43:979,2,Moderate_Damage,L2_S3,-3282,3570,25632,4136,440,525,0,10765.2
7863,20:11:43:989,2,Moderate_Damage,L2_S3,-3530,3580,25566,388,114,-4,0,10699.2
7864,20:11:43:999,2,Moderate_Damage,L2_S3,-3464,3394,24570,-3297,106,-614,0,9703.2
7865,20:11:44:010,2,Moderate_Damage,L2_S3,-2874,3084,22742,-6667,139,-1195,0,7875.2
7866,20:11:44:019,2,Moderate_Damage,L2_S3,-2916,2634,19942,-9443,-244,-1566,0,5075.2
7867,20:11:44:030,2,Moderate_Damage,L2_S3,-1960,2062,17118,-11337,-185,-1938,0,2251.2
7868,20:11:44:040,2,Moderate_Damage,L2_S3,-1808,1402,13726,-12119,-323,-2012,0,-1140.8
7869,20:11:44:050,2,Moderate_Damage,L2_S3,-1278,682,10648,-11869,-376,-1982,0,-4218.8
7870,20:11:44:059,2,Moderate_Damage,L2_S3,-600,-30,8010,-10474,-350,-1768,0,-6856.8
7871,20:11:44:069,2,Moderate_Damage,L2_S3,-654,-498,5800,-8181,-367,-1366,0,-9066.8
7872,20:11:44:079,2,Moderate_Damage,L2_S3,80,-856,4804,-5148,-221,-939,0,-10062.8
7873,20:11:44:089,2,Moderate_Damage,L2_S3,-414,-968,4402,-1702,-175,-328,0,-10464.8
7874,20:11:44:099,2,Moderate_Damage,L2_S3,-112,-774,5180,1882,10,187,0,-9686.8
7875,20:11:44:109,2,Moderate_Damage,L2_S3,-608,-376,6826,5202,70,751,0,-8040.8
7876,20:11:44:119,2,Moderate_Damage,L2_S3,-922,194,9140,8027,242,1181,0,-5726.8
7877,20:11:44:129,2,Moderate_Damage,L2_S3,-1298,864,12054,10014,276,1505,0,-2812.8
7878,20:11:44:139,2,Moderate_Damage,L2_S3,-1972,1554,15096,11056,309,1693,0,229.2
7879,20:11:44:149,2,Moderate_Damage,L2_S3,-2116,2168,18124,11050,416,1647,0,3257.2
7880,20:11:44:159,2,Moderate_Damage,L2_S3,-2912,2666,20732,9971,279,1528,0,5865.2
7881,20:11:44:169,2,Moderate_Damage,L2_S3,-2990,3014,22892,7980,352,1174,0,8025.2
7882,20:11:44:179,2,Moderate_Damage,L2_S3,-3280,3206,24248,5247,323,745,0,9381.2
7883,20:11:44:189,2,Moderate_Damage,L2_S3,-3442,3282,24608,2043,151,253,0,9741.2
7884,20:11:44:200,2,Moderate_Damage,L2_S3,-3170,3190,24258,-1341,230,-335,0,9391.2
7885,20:11:44:209,2,Moderate_Damage,L2_S3,-3220,3044,22778,-4548,29,-806,0,7911.2
7886,20:11:44:220,2,Moderate_Damage,L2_S3,-2722,2682,20776,-7334,-12,-1284,0,5909.2
7887,20:11:44:230,2,Moderate_Damage,L2_S3,-2312,2156,18162,-9474,-154,-1615,0,3295.2
7888,20:11:44:240,2,Moderate_Damage,L2_S3,-1978,1622,15346,-10694,-340,-1789,0,479.2
7889,20:11:44:250,2,Moderate_Damage,L2_S3,-1406,960,12496,-10908,-204,-1853,0,-2370.8
7890,20:11:44:259,2,Moderate_Damage,L2_S3,-1112,342,9830,-10186,-433,-1695,0,-5036.8
7891,20:11:44:269,2,Moderate_Damage,L2_S3,-650,-168,7744,-8499,-270,-1450,0,-7122.8
7892,20:11:44:279,2,Moderate_Damage,L2_S3,-516,-600,6164,-6074,-296,-1042,0,-8702.8
7893,20:11:44:289,2,Moderate_Damage,L2_S3,-338,-774,5496,-3126,-187,-586,0,-9370.8
7894,20:11:44:299,2,Moderate_Damage,L2_S3,-306,-720,5692,81,-48,-86,0,-9174.8
7895,20:11:44:309,2,Moderate_Damage,L2_S3,-626,-442,6786,3215,-15,434,0,-8080.8
7896,20:11:44:319,2,Moderate_Damage,L2_S3,-670,-18,8690,6003,202,857,0,-6176.8
7897,20:11:44:329,2,Moderate_Damage,L2_S3,-1304,582,10892,8217,197,1232,0,-3974.8
7898,20:11:44:340,2,Moderate_Damage,L2_S3,-1460,1198,13646,9564,290,1421,0,-1220.8
7899,20:11:44:350,2,Moderate_Damage,L2_S3,-2118,1684,16416,10041,348,1517,0,1549.2
7900,20:11:44:359,2,Moderate_Damage,L2_S3,-2462,2254,19048,9531,278,1434,0,4181.2
7901,20:11:44:369,2,Moderate_Damage,L2_S3,-2678,2662,21242,8135,352,1198,0,6375.2
7902,20:11:44:379,2,Moderate_Damage,L2_S3,-3108,2912,22736,5982,246,878,0,7869.2
7903,20:11:44:389,2,Moderate_Damage,L2_S3,-3114,3078,23724,3274,282,410,0,8857.2
7904,20:11:44:399,2,Moderate_Damage,L2_S3,-3216,3054,23576,282,165,-45,0,8709.2
7905,20:11:44:409,2,Moderate_Damage,L2_S3,-3072,2876,22716,-2740,79,-534,0,7849.2
7906,20:11:44:419,2,Moderate_Damage,L2_S3,-2802,2672,21086,-5420,71,-977,0,6219.2
7907,20:11:44:430,2,Moderate_Damage,L2_S3,-2602,2276,19046,-7686,-139,-1310,0,4179.2
7908,20:11:44:440,2,Moderate_Damage,L2_S3,-2048,1716,16596,-9215,-200,-1578,0,1729.2
7909,20:11:44:450,2,Moderate_Damage,L2_S3,-1700,1250,13920,-9823,-277,-1652,0,-946.8
7910,20:11:44:460,2,Moderate_Damage,L2_S3,-1358,622,11506,-9619,-280,-1625,0,-3360.8
7911,20:11:44:469,2,Moderate_Damage,L2_S3,-882,170,9218,-8468,-332,-1438,0,-5648.8
7912,20:11:44:479,2,Moderate_Damage,L2_S3,-712,-292,7668,-6634,-276,-1139,0,-7198.8
7913,20:11:44:489,2,Moderate_Damage,L2_S3,-492,-510,6664,-4154,-181,-755,0,-8202.8
7914,20:11:44:499,2,Moderate_Damage,L2_S3,-516,-632,6418,-1370,-137,-301,0,-8448.8
7915,20:11:44:509,2,Moderate_Damage,L2_S3,-544,-370,7054,1526,25,150,0,-7812.8
7916,20:11:44:519,2,Moderate_Damage,L2_S3,-748,-156,8368,4182,45,585,0,-6498.8
7917,20:11:44:529,2,Moderate_Damage,L2_S3,-1130,386,10198,6493,230,943,0,-4668.8
7918,20:11:44:539,2,Moderate_Damage,L2_S3,-1414,888,12636,8076,225,1197,0,-2230.8
7919,20:11:44:549,2,Moderate_Damage,L2_S3,-1862,1474,15092,8908,254,1332,0,225.2
7920,20:11:44:559,2,Moderate_Damage,L2_S3,-2202,1896,17586,8857,351,1316,0,2719.2
7921,20:11:44:569,2,Moderate_Damage,L2_S3,-2634,2346,19604,8013,266,1198,0,4737.2
7922,20:11:44:579,2,Moderate_Damage,L2_S3,-2784,2594,21432,6366,288,917,0,6565.2
7923,20:11:44:589,2,Moderate_Damage,L2_S3,-3048,2834,22458,4159,256,575,0,7591.2
7924,20:11:44:599,2,Moderate_Damage,L2_S3,-3054,2752,22746,1536,160,156,0,7879.2
7925,20:11:44:609,2,Moderate_Damage,L2_S3,-2974,2796,22402,-1174,152,-284,0,7535.2
7926,20:11:44:619,2,Moderate_Damage,L2_S3,-2878,2614,21276,-3780,19,-692,0,6409.2
7927,20:11:44:630,2,Moderate_Damage,L2_S3,-2510,2370,19560,-6020,-27,-1059,0,4693.2
7928,20:11:44:640,2,Moderate_Damage,L2_S3,-2320,1936,17450,-7725,-153,-1328,0,2583.2
7929,20:11:44:650,2,Moderate_Damage,L2_S3,-1930,1420,15234,-8711,-269,-1476,0,367.2
7930,20:11:44:660,2,Moderate_Damage,L2_S3,-1468,982,12810,-8831,-215,-1507,0,-2056.8
7931,20:11:44:670,2,Moderate_Damage,L2_S3,-1180,388,10736,-8247,-312,-1396,0,-4130.8
7932,20:11:44:679,2,Moderate_Damage,L2_S3,-834,26,9012,-6843,-240,-1181,0,-5854.8
7933,20:11:44:690,2,Moderate_Damage,L2_S3,-722,-332,7802,-4884,-205,-861,0,-7064.8
7934,20:11:44:700,2,Moderate_Damage,L2_S3,-640,-382,7258,-2471,-115,-485,0,-7608.8
7935,20:11:44:709,2,Moderate_Damage,L2_S3,-558,-416,7472,106,-31,-69,0,-7394.8
7936,20:11:44:719,2,Moderate_Damage,L2_S3,-834,-134,8326,2644,34,338,0,-6540.8
7937,20:11:44:729,2,Moderate_Damage,L2_S3,-900,188,9964,4871,138,684,0,-4902.8
7938,20:11:44:739,2,Moderate_Damage,L2_S3,-1408,648,11706,6677,237,981,0,-3160.8
7939,20:11:44:750,2,Moderate_Damage,L2_S3,-1564,1140,14012,7695,217,1135,0,-854.8
7940,20:11:44:760,2,Moderate_Damage,L2_S3,-2050,1606,16196,8079,305,1207,0,1329.2
7941,20:11:44:770,2,Moderate_Damage,L2_S3,-2312,2016,18358,7620,287,1124,0,3491.2
7942,20:11:44:780,2,Moderate_Damage,L2_S3,-2570,2312,20072,6489,254,948,0,5205.2
7943,20:11:44:789,2,Moderate_Damage,L2_S3,-2820,2576,21286,4728,249,668,0,6419.2
7944,20:11:44:799,2,Moderate_Damage,L2_S3,-2896,2654,22034,2503,178,316,0,7167.2
7945,20:11:44:809,2,Moderate_Damage,L2_S3,-2994,2696,21840,94,144,-69,0,6973.2
7946,20:11:44:820,2,Moderate_Damage,L2_S3,-2816,2512,21190,-2364,44,-471,0,6323.2
7947,20:11:44:829,2,Moderate_Damage,L2_S3,-2646,2318,19914,-4517,7,-813,0,5047.2
7948,20:11:44:840,2,Moderate_Damage,L2_S3,-2340,1966,18138,-6319,-114,-1098,0,3271.2
7949,20:11:44:850,2,Moderate_Damage,L2_S3,-2014,1618,16148,-7524,-189,-1300,0,1281.2
7950,20:11:44:860,2,Moderate_Damage,L2_S3,-1682,1166,13990,-8014,-263,-1368,0,-876.8
7951,20:11:44:870,2,Moderate_Damage,L2_S3,-1372,690,11962,-7769,-207,-1338,0,-2904.8
7952,20:11:44:880,2,Moderate_Damage,L2_S3,-1086,280,10174,-6836,-270,-1169,0,-4692.8
7953,20:11:44:890,2,Moderate_Damage,L2_S3,-840,-66,9012,-5306,-189,-931,0,-5854.8
7954,20:11:44:900,2,Moderate_Damage,L2_S3,-770,-212,8122,-3274,-111,-614,0,-6744.8
7955,20:11:44:909,2,Moderate_Damage,L2_S3,-724,-272,8036,-1010,-68,-247,0,-6830.8
7956,20:11:44:919,2,Moderate_Damage,L2_S3,-788,-150,8568,1333,63,125,0,-6298.8
7957,20:11:44:929,2,Moderate_Damage,L2_S3,-1018,92,9660,3473,72,466,0,-5206.8
7958,20:11:44:939,2,Moderate_Damage,L2_S3,-1174,410,11278,5292,177,746,0,-3588.8
7959,20:11:44:949,2,Moderate_Damage,L2_S3,-1626,928,13112,6588,263,961,0,-1754.8
7960,20:11:44:960,2,Moderate_Damage,L2_S3,-1808,1294,15166,7163,193,1048,0,299.2
7961,20:11:44:970,2,Moderate_Damage,L2_S3,-2232,1762,17150,7131,323,1043,0,2283.2
7962,20:11:44:979,2,Moderate_Damage,L2_S3,-2436,2072,18842,6368,232,926,0,3975.2
7963,20:11:44:989,2,Moderate_Damage,L2_S3,-2618,2364,20166,5039,222,713,0,5299.2
7964,20:11:45:000,2,Moderate_Damage,L2_S3,-2824,2466,21122,3192,185,427,0,6255.2
7965,20:11:45:009,2,Moderate_Damage,L2_S3,-2784,2498,21340,1078,109,83,0,6473.2
7966,20:11:45:020,2,Moderate_Damage,L2_S3,-2770,2432,20922,-1141,64,-273,0,6055.2
7967,20:11:45:030,2,Moderate_Damage,L2_S3,-2630,2286,20012,-3242,-8,-610,0,5145.2
7968,20:11:45:040,2,Moderate_Damage,L2_S3,-2430,2020,18590,-5022,-64,-895,0,3723.2
7969,20:11:45:050,2,Moderate_Damage,L2_S3,-2126,1736,16778,-6369,-150,-1110,0,1911.2
7970,20:11:45:060,2,Moderate_Damage,L2_S3,-1820,1282,14984,-7157,-223,-1229,0,117.2
7971,20:11:45:070,2,Moderate_Damage,L2_S3,-1532,982,13104,-7184,-214,-1235,0,-1762.8
7972,20:11:45:080,2,Moderate_Damage,L2_S3,-1318,488,11452,-6659,-195,-1153,0,-3414.8
7973,20:11:45:090,2,Moderate_Damage,L2_S3,-1004,188,9922,-5469,-215,-958,0,-4944.8
7974,20:11:45:100,2,Moderate_Damage,L2_S3,-838,-120,9064,-3860,-107,-709,0,-5802.8
7975,20:11:45:110,2,Moderate_Damage,L2_S3,-868,-132,8706,-1867,-54,-379,0,-6160.8
7976,20:11:45:119,2,Moderate_Damage,L2_S3,-830,-76,8884,226,11,-58,0,-5982.8
7977,20:11:45:129,2,Moderate_Damage,L2_S3,-988,104,9674,2271,90,277,0,-5192.8
7978,20:11:45:140,2,Moderate_Damage,L2_S3,-1156,406,10986,4059,137,562,0,-3880.8
7979,20:11:45:149,2,Moderate_Damage,L2_S3,-1442,750,12480,5473,242,782,0,-2386.8
7980,20:11:45:160,2,Moderate_Damage,L2_S3,-1720,1124,14224,6285,226,919,0,-642.8
7981,20:11:45:170,2,Moderate_Damage,L2_S3,-1984,1506,16128,6510,231,949,0,1261.2
7982,20:11:45:180,2,Moderate_Damage,L2_S3,-2294,1826,17840,6109,264,883,0,2973.2
7983,20:11:45:190,2,Moderate_Damage,L2_S3,-2526,2118,19158,5149,215,735,0,4291.2
7984,20:11:45:200,2,Moderate_Damage,L2_S3,-2596,2260,20214,3633,159,493,0,5347.2
7985,20:11:45:210,2,Moderate_Damage,L2_S3,-2756,2414,20622,1854,123,205,0,5755.2
7986,20:11:45:220,2,Moderate_Damage,L2_S3,-2714,2340,20626,-168,40,-116,0,5759.2
7987,20:11:45:230,2,Moderate_Damage,L2_S3,-2666,2278,19908,-2106,12,-426,0,5041.2
7988,20:11:45:240,2,Moderate_Damage,L2_S3,-2428,2040,18866,-3891,-68,-711,0,3999.2
7989,20:11:45:250,2,Moderate_Damage,L2_S3,-2194,1750,17364,-5281,-108,-933,0,2497.2
7990,20:11:45:260,2,Moderate_Damage,L2_S3,-2006,1510,15698,-6224,-165,-1084,0,831.2
7991,20:11:45:270,2,Moderate_Damage,L2_S3,-1628,1032,14050,-6600,-228,-1138,0,-816.8
7992,20:11:45:280,2,Moderate_Damage,L2_S3,-1496,712,12378,-6299,-136,-1088,0,-2488.8
7993,20:11:45:290,2,Moderate_Damage,L2_S3,-1160,376,10952,-5515,-198,-964,0,-3914.8
7994,20:11:45:300,2,Moderate_Damage,L2_S3,-1096,116,10002,-4201,-91,-754,0,-4864.8
7995,20:11:45:309,2,Moderate_Damage,L2_S3,-906,2,9396,-2524,-61,-490,0,-5470.8
7996,20:11:45:319,2,Moderate_Damage,L2_S3,-904,2,9314,-657,1,-190,0,-5552.8
7997,20:11:45:329,2,Moderate_Damage,L2_S3,-1026,132,9784,1248,79,104,0,-5082.8
7998,20:11:45:340,2,Moderate_Damage,L2_S3,-1116,270,10790,2965,112,389,0,-4076.8
7999,20:11:45:349,2,Moderate_Damage,L2_S3,-1310,604,12070,4414,183,620,0,-2796.8
8000,20:11:45:360,2,Moderate_Damage,L2_S3,-1642,1010,13570,5424,233,784,0,-1296.8
8001,20:11:45:370,2,Moderate_Damage,L2_S3,-1804,1278,15338,5840,190,836,0,471.2
8002,20:11:45:380,2,Moderate_Damage,L2_S3,-2162,1670,16958,5752,247,826,0,2091.2
8003,20:11:45:390,2,Moderate_Damage,L2_S3,-2316,1890,18300,5068,193,729,0,3433.2
8004,20:11:45:400,2,Moderate_Damage,L2_S3,-2522,2112,19358,3928,152,534,0,4491.2
8005,20:11:45:410,2,Moderate_Damage,L2_S3,-2660,2248,19954,2390,126,289,0,5087.2
8006,20:11:45:419,2,Moderate_Damage,L2_S3,-2672,2264,20114,632,47,9,0,5247.2
8007,20:11:45:430,2,Moderate_Damage,L2_S3,-2612,2184,19788,-1171,27,-280,0,4921.2
8008,20:11:45:440,2,Moderate_Damage,L2_S3,-2452,2062,18990,-2875,-36,-544,0,4123.2
8009,20:11:45:450,2,Moderate_Damage,L2_S3,-2256,1856,17752,-4301,-81,-780,0,2885.2
8010,20:11:45:460,2,Moderate_Damage,L2_S3,-2018,1494,16308,-5349,-123,-947,0,1441.2
8011,20:11:45:470,2,Moderate_Damage,L2_S3,-1784,1192,14764,-5924,-188,-1037,0,-102.8
8012,20:11:45:480,2,Moderate_Damage,L2_S3,-1512,862,13224,-5900,-159,-1031,0,-1642.8
8013,20:11:45:490,2,Moderate_Damage,L2_S3,-1388,624,11902,-5388,-121,-945,0,-2964.8
8014,20:11:45:500,2,Moderate_Damage,L2_S3,-1108,386,10716,-4365,-150,-783,0,-4150.8
8015,20:11:45:510,2,Moderate_Damage,L2_S3,-984,138,10100,-3006,-42,-566,0,-4766.8
8016,20:11:45:520,2,Moderate_Damage,L2_S3,-1024,96,9772,-1335,-16,-295,0,-5094.8
8017,20:11:45:529,2,Moderate_Damage,L2_S3,-996,136,10070,367,30,-35,0,-4796.8
8018,20:11:45:540,2,Moderate_Damage,L2_S3,-1204,286,10772,2034,107,237,0,-4094.8
8019,20:11:45:550,2,Moderate_Damage,L2_S3,-1322,486,11794,3457,118,461,0,-3072.8
8020,20:11:45:560,2,Moderate_Damage,L2_S3,-1462,810,13174,4552,186,635,0,-1692.8
8021,20:11:45:570,2,Moderate_Damage,L2_S3,-1806,1180,14574,5202,224,744,0,-292.8
8022,20:11:45:580,2,Moderate_Damage,L2_S3,-1942,1444,16138,5260,172,748,0,1271.2
8023,20:11:45:590,2,Moderate_Damage,L2_S3,-2312,1748,17430,4909,214,701,0,2563.2
8024,20:11:45:600,2,Moderate_Damage,L2_S3,-2364,1914,18584,4002,132,550,0,3717.2
8025,20:11:45:610,2,Moderate_Damage,L2_S3,-2574,2110,19290,2782,122,356,0,4423.2
8026,20:11:45:620,2,Moderate_Damage,L2_S3,-2532,2102,19634,1234,66,117,0,4767.2
8027,20:11:45:630,2,Moderate_Damage,L2_S3,-2516,2116,19458,-391,34,-149,0,4591.2
8028,20:11:45:640,2,Moderate_Damage,L2_S3,-2448,2036,18914,-2000,-11,-406,0,4047.2
8029,20:11:45:650,2,Moderate_Damage,L2_S3,-2342,1838,18054,-3420,-45,-638,0,3187.2
8030,20:11:45:660,2,Moderate_Damage,L2_S3,-2132,1566,16706,-4505,-93,-811,0,1839.2
8031,20:11:45:670,2,Moderate_Damage,L2_S3,-1932,1338,15294,-5209,-116,-923,0,427.2
8032,20:11:45:680,2,Moderate_Damage,L2_S3,-1668,984,13982,-5452,-160,-953,0,-884.8
8033,20:11:45:690,2,Moderate_Damage,L2_S3,-1458,758,12578,-5118,-97,-902,0,-2288.8
8034,20:11:45:700,2,Moderate_Damage,L2_S3,-1248,474,11568,-4407,-130,-793,0,-3298.8
8035,20:11:45:710,2,Moderate_Damage,L2_S3,-1218,236,10738,-3270,-74,-608,0,-4128.8
8036,20:11:45:720,2,Moderate_Damage,L2_S3,-1012,196,10332,-1869,-30,-390,0,-4534.8
8037,20:11:45:730,2,Moderate_Damage,L2_S3,-1100,164,10422,-314,29,-142,0,-4444.8
8038,20:11:45:740,2,Moderate_Damage,L2_S3,-1106,294,10858,1226,58,101,0,-4008.8
8039,20:11:45:750,2,Moderate_Damage,L2_S3,-1314,458,11642,2611,116,330,0,-3224.8
8040,20:11:45:760,2,Moderate_Damage,L2_S3,-1450,748,12786,3732,136,509,0,-2080.8
8041,20:11:45:770,2,Moderate_Damage,L2_S3,-1654,960,14108,4495,188,623,0,-758.8
8042,20:11:45:780,2,Moderate_Damage,L2_S3,-1944,1312,15400,4791,196,681,0,533.2
8043,20:11:45:790,2,Moderate_Damage,L2_S3,-2068,1576,16784,4581,137,641,0,1917.2
8044,20:11:45:800,2,Moderate_Damage,L2_S3,-2340,1796,17892,3984,190,549,0,3025.2
8045,20:11:45:810,2,Moderate_Damage,L2_S3,-2382,2004,18618,2988,114,392,0,3751.2
8046,20:11:45:820,2,Moderate_Damage,L2_S3,-2484,2022,19118,1673,85,175,0,4251.2
8047,20:11:45:830,2,Moderate_Damage,L2_S3,-2504,2062,19152,222,50,-57,0,4285.2
8048,20:11:45:840,2,Moderate_Damage,L2_S3,-2406,1928,18808,-1256,4,-290,0,3941.2
8049,20:11:45:850,2,Moderate_Damage,L2_S3,-2314,1834,18034,-2619,-15,-506,0,3167.2
8050,20:11:45:860,2,Moderate_Damage,L2_S3,-2196,1642,17024,-3747,-69,-686,0,2157.2
8051,20:11:45:870,2,Moderate_Damage,L2_S3,-1880,1376,15852,-4513,-94,-806,0,985.2
8052,20:11:45:880,2,Moderate_Damage,L2_S3,-1782,1160,14492,-4904,-126,-866,0,-374.8
8053,20:11:45:890,2,Moderate_Damage,L2_S3,-1546,848,13292,-4838,-138,-860,0,-1574.8
8054,20:11:45:900,2,Moderate_Damage,L2_S3,-1456,618,12170,-4284,-74,-769,0,-2696.8
8055,20:11:45:910,2,Moderate_Damage,L2_S3,-1212,250,10904,-2245,-40,-444,0,-3962.8
8056,20:11:45:920,2,Moderate_Damage,L2_S3,-1204,256,10680,-866,3,-230,0,-4186.8
8057,20:11:45:929,2,Moderate_Damage,L2_S3,-1276,318,10984,546,45,-3,0,-3882.8
8058,20:11:45:940,2,Moderate_Damage,L2_S3,-1292,478,11638,1876,92,215,0,-3228.8
8059,20:11:45:950,2,Moderate_Damage,L2_S3,-1442,666,12550,2998,125,397,0,-2316.8
8060,20:11:45:960,2,Moderate_Damage,L2_S3,-1524,904,13736,3803,135,515,0,-1130.8
8061,20:11:45:970,2,Moderate_Damage,L2_S3,-1864,1216,14872,4275,200,593,0,5.2
8062,20:11:45:980,2,Moderate_Damage,L2_S3,-1970,1364,16158,4228,142,592,0,1291.2
8063,20:11:45:990,2,Moderate_Damage,L2_S3,-2158,1694,17122,3856,152,527,0,2255.2
8064,20:11:46:000,2,Moderate_Damage,L2_S3,-2300,1778,18038,3039,137,403,0,3171.2
8065,20:11:46:010,2,Moderate_Damage,L2_S3,-2370,1952,18514,2004,93,236,0,3647.2
8066,20:11:46:020,2,Moderate_Damage,L2_S3,-2424,1920,18790,684,59,24,0,3923.2
8067,20:11:46:030,2,Moderate_Damage,L2_S3,-2388,1924,18632,-630,34,-193,0,3765.2
8068,20:11:46:040,2,Moderate_Damage,L2_S3,-2256,1826,18052,-1921,-35,-397,0,3185.2
8069,20:11:46:050,2,Moderate_Damage,L2_S3,-2200,1686,17196,-3043,-29,-572,0,2329.2
8070,20:11:46:060,2,Moderate_Damage,L2_S3,-2048,1502,16098,-3862,-77,-704,0,1231.2
8071,20:11:46:070,2,Moderate_Damage,L2_S3,-1846,1220,15030,-4348,-88,-785,0,163.2
8072,20:11:46:080,2,Moderate_Damage,L2_S3,-1642,940,13918,-4483,-104,-805,0,-948.8
8073,20:11:46:090,2,Moderate_Damage,L2_S3,-1420,794,12790,-4103,-102,-745,0,-2076.8
8074,20:11:46:100,2,Moderate_Damage,L2_S3,-1436,524,12004,-3460,-53,-637,0,-2862.8
8075,20:11:46:110,2,Moderate_Damage,L2_S3,-1236,402,11380,-2454,-66,-481,0,-3486.8
8076,20:11:46:120,2,Moderate_Damage,L2_S3,-1252,298,11084,-1304,-9,-296,0,-3782.8
8077,20:11:46:129,2,Moderate_Damage,L2_S3,-1276,406,11266,8,47,-91,0,-3600.8
8078,20:11:46:140,2,Moderate_Damage,L2_S3,-1242,486,11686,1222,46,101,0,-3180.8
8079,20:11:46:150,2,Moderate_Damage,L2_S3,-1426,694,12382,2332,125,282,0,-2484.8
8080,20:11:46:160,2,Moderate_Damage,L2_S3,-1574,810,13466,3165,105,423,0,-1400.8
8081,20:11:46:170,2,Moderate_Damage,L2_S3,-1708,1038,14534,3702,149,498,0,-332.8
8082,20:11:46:180,2,Moderate_Damage,L2_S3,-1998,1354,15508,3896,183,546,0,641.2
8083,20:11:46:190,2,Moderate_Damage,L2_S3,-2024,1480,16684,3601,115,484,0,1817.2
8084,20:11:46:200,2,Moderate_Damage,L2_S3,-2228,1724,17496,3059,134,402,0,2629.2
8085,20:11:46:210,2,Moderate_Damage,L2_S3,-2302,1740,18186,2149,100,252,0,3319.2
8086,20:11:46:220,2,Moderate_Damage,L2_S3,-2352,1902,18350,1080,70,78,0,3483.2
8087,20:11:46:230,2,Moderate_Damage,L2_S3,-2312,1870,18434,-159,21,-107,0,3567.2
8088,20:11:46:240,2,Moderate_Damage,L2_S3,-2272,1802,17916,-1319,10,-299,0,3049.2
8089,20:11:46:250,2,Moderate_Damage,L2_S3,-2202,1676,17276,-2414,-45,-479,0,2409.2
8090,20:11:46:260,2,Moderate_Damage,L2_S3,-2054,1456,16424,-3265,-47,-613,0,1557.2
8091,20:11:46:270,2,Moderate_Damage,L2_S3,-1852,1268,15432,-3820,-68,-699,0,565.2
8092,20:11:46:280,2,Moderate_Damage,L2_S3,-1782,1042,14324,-4043,-88,-735,0,-542.8
8093,20:11:46:290,2,Moderate_Damage,L2_S3,-1554,790,13440,-3914,-122,-713,0,-1426.8
8094,20:11:46:300,2,Moderate_Damage,L2_S3,-1494,676,12462,-3355,-26,-631,0,-2404.8
8095,20:11:46:310,2,Moderate_Damage,L2_S3,-1332,482,11900,-2614,-95,-501,0,-2966.8
8096,20:11:46:320,2,Moderate_Damage,L2_S3,-1280,418,11546,-1582,-6,-349,0,-3320.8
8097,20:11:46:330,2,Moderate_Damage,L2_S3,-1332,406,11492,-464,35,-160,0,-3374.8
8098,20:11:46:340,2,Moderate_Damage,L2_S3,-1268,526,11788,703,31,27,0,-3078.8
8099,20:11:46:350,2,Moderate_Damage,L2_S3,-1428,636,12410,1734,104,192,0,-2456.8
8100,20:11:46:360,2,Moderate_Damage,L2_S3,-1548,796,13180,2602,93,321,0,-1686.8
8101,20:11:46:370,2,Moderate_Damage,L2_S3,-1654,976,14180,3189,132,415,0,-686.8
8102,20:11:46:380,2,Moderate_Damage,L2_S3,-1830,1190,15140,3443,135,465,0,273.2
8103,20:11:46:390,2,Moderate_Damage,L2_S3,-2020,1504,16072,3416,172,455,0,1205.2
8104,20:11:46:400,2,Moderate_Damage,L2_S3,-2058,1576,17034,2916,70,380,0,2167.2
8105,20:11:46:410,2,Moderate_Damage,L2_S3,-2314,1744,17536,2256,144,272,0,2669.2
8106,20:11:46:420,2,Moderate_Damage,L2_S3,-2242,1802,17934,1321,81,120,0,3067.2
8107,20:11:46:430,2,Moderate_Damage,L2_S3,-2278,1808,18026,248,14,-42,0,3159.2
8108,20:11:46:440,2,Moderate_Damage,L2_S3,-2276,1738,17838,-842,40,-221,0,2971.2
8109,20:11:46:450,2,Moderate_Damage,L2_S3,-2126,1646,17296,-1857,-38,-380,0,2429.2
8110,20:11:46:460,2,Moderate_Damage,L2_S3,-2138,1504,16566,-2711,-34,-524,0,1699.2
8111,20:11:46:470,2,Moderate_Damage,L2_S3,-1928,1336,15686,-3310,-42,-622,0,819.2
8112,20:11:46:480,2,Moderate_Damage,L2_S3,-1800,1172,14752,-3621,-78,-672,0,-114.8
8113,20:11:46:490,2,Moderate_Damage,L2_S3,-1636,894,13818,-3637,-85,-673,0,-1048.8
8114,20:11:46:500,2,Moderate_Damage,L2_S3,-1510,784,13008,-3257,-62,-609,0,-1858.8
8115,20:11:46:510,2,Moderate_Damage,L2_S3,-1434,586,12376,-2640,-35,-506,0,-2490.8
8116,20:11:46:520,2,Moderate_Damage,L2_S3,-1318,514,11932,-1793,-42,-372,0,-2934.8
8117,20:11:46:530,2,Moderate_Damage,L2_S3,-1354,492,11834,-814,18,-225,0,-3032.8
8118,20:11:46:540,2,Moderate_Damage,L2_S3,-1344,490,11968,255,40,-49,0,-2898.8
8119,20:11:46:550,2,Moderate_Damage,L2_S3,-1446,564,12396,1217,64,106,0,-2470.8
8120,20:11:46:560,2,Moderate_Damage,L2_S3,-1560,716,13058,2075,109,238,0,-1808.8
8121,20:11:46:570,2,Moderate_Damage,L2_S3,-1622,946,13962,2687,88,345,0,-904.8
8122,20:11:46:580,2,Moderate_Damage,L2_S3,-1818,1176,14868,3038,127,395,0,1.2
8123,20:11:46:590,2,Moderate_Damage,L2_S3,-1868,1276,15754,3070,119,397,0,887.2
8124,20:11:46:600,2,Moderate_Damage,L2_S3,-2138,1568,16402,2852,157,371,0,1535.2
8125,20:11:46:610,2,Moderate_Damage,L2_S3,-2090,1556,17160,2205,43,266,0,2293.2
8126,20:11:46:620,2,Moderate_Damage,L2_S3,-2310,1746,17546,1503,113,157,0,2679.2
8127,20:11:46:630,2,Moderate_Damage,L2_S3,-2192,1722,17700,531,36,-6,0,2833.2
8128,20:11:46:640,2,Moderate_Damage,L2_S3,-2200,1780,17576,-412,24,-153,0,2709.2
8129,20:11:46:650,2,Moderate_Damage,L2_S3,-2182,1620,17268,-1406,19,-318,0,2401.2
8130,20:11:46:660,2,Moderate_Damage,L2_S3,-2030,1558,16624,-2206,-46,-439,0,1757.2
8131,20:11:46:670,2,Moderate_Damage,L2_S3,-1988,1384,15876,-2866,-10,-540,0,1009.2
8132,20:11:46:680,2,Moderate_Damage,L2_S3,-1782,1208,14996,-3200,-72,-604,0,129.2
8133,20:11:46:690,2,Moderate_Damage,L2_S3,-1790,950,14176,-3322,-55,-616,0,-690.8
8134,20:11:46:700,2,Moderate_Damage,L2_S3,-1550,830,13410,-3113,-82,-587,0,-1456.8
8135,20:11:46:710,2,Moderate_Damage,L2_S3,-1522,708,12736,-2601,-35,-500,0,-2130.8
8136,20:11:46:720,2,Moderate_Damage,L2_S3,-1444,560,12352,-1908,-10,-395,0,-2514.8
8137,20:11:46:730,2,Moderate_Damage,L2_S3,-1320,582,12066,-1047,-28,-245,0,-2800.8
8138,20:11:46:740,2,Moderate_Damage,L2_S3,-1434,530,12218,-129,52,-113,0,-2648.8
8139,20:11:46:750,2,Moderate_Damage,L2_S3,-1420,610,12528,817,57,37,0,-2338.8
8140,20:11:46:760,2,Moderate_Damage,L2_S3,-1458,728,13070,1601,73,174,0,-1796.8
8141,20:11:46:770,2,Moderate_Damage,L2_S3,-1640,924,13702,2253,113,271,0,-1164.8
8142,20:11:46:780,2,Moderate_Damage,L2_S3,-1672,1056,14570,2631,75,331,0,-296.8
8143,20:11:46:791,2,Moderate_Damage,L2_S3,-1886,1244,15382,2764,127,352,0,515.2
8144,20:11:46:800,2,Moderate_Damage,L2_S3,-2006,1440,16138,2641,133,329,0,1271.2
8145,20:11:46:810,2,Moderate_Damage,L2_S3,-2162,1524,16712,2189,89,256,0,1845.2
8146,20:11:46:820,2,Moderate_Damage,L2_S3,-2130,1606,17296,1548,55,157,0,2429.2
8147,20:11:46:830,2,Moderate_Damage,L2_S3,-2214,1660,17502,756,77,31,0,2635.2
8148,20:11:46:840,2,Moderate_Damage,L2_S3,-2212,1692,17452,-120,9,-103,0,2585.2
8149,20:11:46:850,2,Moderate_Damage,L2_S3,-2206,1618,17134,-1005,24,-244,0,2267.2
8150,20:11:46:860,2,Moderate_Damage,L2_S3,-2076,1582,16706,-1792,-12,-374,0,1839.2
8151,20:11:46:870,2,Moderate_Damage,L2_S3,-1976,1410,16034,-2433,-35,-475,0,1167.2
8152,20:11:46:880,2,Moderate_Damage,L2_S3,-1842,1222,15272,-2845,-31,-542,0,405.2
8153,20:11:46:891,2,Moderate_Damage,L2_S3,-1734,1064,14518,-3005,-60,-568,0,-348.8
8154,20:11:46:900,2,Moderate_Damage,L2_S3,-1664,928,13748,-2895,-28,-551,0,-1118.8
8155,20:11:46:910,2,Moderate_Damage,L2_S3,-1498,750,13180,-2561,-63,-504,0,-1686.8
8156,20:11:46:920,2,Moderate_Damage,L2_S3,-1468,676,12716,-1953,-21,-402,0,-2150.8
8157,20:11:46:930,2,Moderate_Damage,L2_S3,-1454,552,12468,-1215,6,-274,0,-2398.8
8158,20:11:46:940,2,Moderate_Damage,L2_S3,-1348,584,12376,-371,-5,-146,0,-2490.8
8159,20:11:46:950,2,Moderate_Damage,L2_S3,-1482,606,12628,435,63,-16,0,-2238.8
8160,20:11:46:960,2,Moderate_Damage,L2_S3,-1558,776,13050,1237,67,114,0,-1816.8
8161,20:11:46:970,2,Moderate_Damage,L2_S3,-1616,830,13668,1837,80,209,0,-1198.8
8162,20:11:46:980,2,Moderate_Damage,L2_S3,-1746,1020,14358,2283,106,278,0,-508.8
8163,20:11:46:990,2,Moderate_Damage,L2_S3,-1836,1180,15054,2462,92,307,0,187.2
8164,20:11:47:000,2,Moderate_Damage,L2_S3,-1936,1306,15782,2405,105,297,0,915.2
8165,20:11:47:010,2,Moderate_Damage,L2_S3,-2114,1480,16408,2129,121,253,0,1541.2
8166,20:11:47:020,2,Moderate_Damage,L2_S3,-2090,1482,16884,1555,64,152,0,2017.2
8167,20:11:47:030,2,Moderate_Damage,L2_S3,-2182,1614,17100,896,64,63,0,2233.2
8168,20:11:47:040,2,Moderate_Damage,L2_S3,-2144,1580,17132,100,45,-71,0,2265.2
8169,20:11:47:050,2,Moderate_Damage,L2_S3,-2130,1600,16996,-690,8,-193,0,2129.2
8170,20:11:47:060,2,Moderate_Damage,L2_S3,-2136,1496,16650,-1437,9,-311,0,1783.2
8171,20:11:47:070,2,Moderate_Damage,L2_S3,-2000,1392,16130,-2049,-22,-418,0,1263.2
8172,20:11:47:080,2,Moderate_Damage,L2_S3,-1992,1252,15406,-2493,-41,-477,0,539.2
8173,20:11:47:090,2,Moderate_Damage,L2_S3,-1734,1124,14716,-2702,-27,-522,0,-150.8
8174,20:11:47:101,2,Moderate_Damage,L2_S3,-1640,986,14094,-2684,-49,-513,0,-772.8
8175,20:11:47:110,2,Moderate_Damage,L2_S3,-1680,852,13412,-2416,12,-472,0,-1454.8
8176,20:11:47:120,2,Moderate_Damage,L2_S3,-1414,680,13046,-1984,-74,-411,0,-1820.8
8177,20:11:47:130,2,Moderate_Damage,L2_S3,-1542,764,12666,-1297,31,-289,0,-2200.8
8178,20:11:47:140,2,Moderate_Damage,L2_S3,-1438,654,12630,-606,16,-187,0,-2236.8
8179,20:11:47:150,2,Moderate_Damage,L2_S3,-1490,690,12698,176,16,-56,0,-2168.8
8180,20:11:47:160,2,Moderate_Damage,L2_S3,-1562,754,13144,867,98,50,0,-1722.8
8181,20:11:47:170,2,Moderate_Damage,L2_S3,-1596,848,13548,1509,50,146,0,-1318.8
8182,20:11:47:180,2,Moderate_Damage,L2_S3,-1744,998,14156,1931,97,224,0,-710.8
8183,20:11:47:190,2,Moderate_Damage,L2_S3,-1796,1134,14906,2180,108,254,0,39.2
8184,20:11:47:200,2,Moderate_Damage,L2_S3,-1942,1304,15588,2179,70,265,0,721.2
8185,20:11:47:210,2,Moderate_Damage,L2_S3,-1954,1334,16198,1969,107,222,0,1331.2
8186,20:11:47:220,2,Moderate_Damage,L2_S3,-2094,1530,16504,1592,90,162,0,1637.2
8187,20:11:47:230,2,Moderate_Damage,L2_S3,-2088,1510,16846,943,31,58,0,1979.2
8188,20:11:47:240,2,Moderate_Damage,L2_S3,-2158,1622,16944,315,64,-38,0,2077.2
8189,20:11:47:250,2,Moderate_Damage,L2_S3,-2118,1546,16882,-444,15,-156,0,2015.2
8190,20:11:47:260,2,Moderate_Damage,L2_S3,-2028,1560,16520,-1108,8,-265,0,1653.2
8191,20:11:47:270,2,Moderate_Damage,L2_S3,-2038,1378,16122,-1731,0,-366,0,1255.2
8192,20:11:47:280,2,Moderate_Damage,L2_S3,-1872,1312,15538,-2159,-28,-428,0,671.2
8193,20:11:47:290,2,Moderate_Damage,L2_S3,-1802,1184,14982,-2423,-31,-476,0,115.2
8194,20:11:47:301,2,Moderate_Damage,L2_S3,-1680,1036,14266,-2459,-43,-487,0,-600.8
8195,20:11:47:310,2,Moderate_Damage,L2_S3,-1614,880,13696,-2284,-5,-452,0,-1170.8
8196,20:11:47:321,2,Moderate_Damage,L2_S3,-1566,852,13236,-1919,-43,-385,0,-1630.8
8197,20:11:47:330,2,Moderate_Damage,L2_S3,-1458,738,13052,-1401,-5,-312,0,-1814.8
8198,20:11:47:340,2,Moderate_Damage,L2_S3,-1500,694,12876,-723,32,-201,0,-1990.8
8199,20:11:47:350,2,Moderate_Damage,L2_S3,-1402,696,13012,-73,-1,-107,0,-1854.8
8200,20:11:47:360,2,Moderate_Damage,L2_S3,-1556,774,13128,610,82,6,0,-1738.8
8201,20:11:47:370,2,Moderate_Damage,L2_S3,-1590,832,13496,1177,50,99,0,-1370.8
8202,20:11:47:380,2,Moderate_Damage,L2_S3,-1704,968,14128,1628,86,165,0,-738.8
8203,20:11:47:390,2,Moderate_Damage,L2_S3,-1828,1110,14692,1896,85,225,0,-174.8
8204,20:11:47:400,2,Moderate_Damage,L2_S3,-1856,1170,15290,1963,75,227,0,423.2
8205,20:11:47:410,2,Moderate_Damage,L2_S3,-1988,1338,15852,1821,89,206,0,985.2
8206,20:11:47:420,2,Moderate_Damage,L2_S3,-2064,1438,16298,1494,63,149,0,1431.2
8207,20:11:47:430,2,Moderate_Damage,L2_S3,-2054,1484,16642,1012,69,73,0,1775.2
8208,20:11:47:440,2,Moderate_Damage,L2_S3,-2172,1582,16686,452,69,-10,0,1819.2
8209,20:11:47:451,2,Moderate_Damage,L2_S3,-2056,1466,16800,-262,-11,-129,0,1933.2
8210,20:11:47:460,2,Moderate_Damage,L2_S3,-2180,1454,16414,-839,46,-224,0,1547.2
8211,20:11:47:470,2,Moderate_Damage,L2_S3,-1932,1394,16074,-1440,-28,-322,0,1207.2
8212,20:11:47:480,2,Moderate_Damage,L2_S3,-1970,1260,15560,-1857,-6,-389,0,693.2
8213,20:11:47:491,2,Moderate_Damage,L2_S3,-1886,1172,15080,-2150,-20,-423,0,213.2
8214,20:11:47:501,2,Moderate_Damage,L2_S3,-1710,1022,14586,-2227,-47,-443,0,-280.8
8215,20:11:47:510,2,Moderate_Damage,L2_S3,-1682,972,14010,-2124,-1,-434,0,-856.8
8216,20:11:47:520,2,Moderate_Damage,L2_S3,-1632,904,13506,-1842,-29,-376,0,-1360.8
8217,20:11:47:530,2,Moderate_Damage,L2_S3,-1488,716,13356,-1422,-15,-322,0,-1510.8
8218,20:11:47:540,2,Moderate_Damage,L2_S3,-1560,776,13056,-823,49,-217,0,-1810.8
8219,20:11:47:550,2,Moderate_Damage,L2_S3,-1468,726,13078,-260,-9,-131,0,-1788.8
8220,20:11:47:560,2,Moderate_Damage,L2_S3,-1614,766,13242,370,73,-30,0,-1624.8
8221,20:11:47:570,2,Moderate_Damage,L2_S3,-1560,866,13654,890,53,55,0,-1212.8
8222,20:11:47:580,2,Moderate_Damage,L2_S3,-1690,948,14028,1347,61,126,0,-838.8
8223,20:11:47:590,2,Moderate_Damage,L2_S3,-1796,1068,14550,1625,85,165,0,-316.8
8224,20:11:47:600,2,Moderate_Damage,L2_S3,-1900,1204,15152,1748,66,185,0,285.2
8225,20:11:47:610,2,Moderate_Damage,L2_S3,-1942,1252,15602,1659,83,177,0,735.2
8226,20:11:47:620,2,Moderate_Damage,L2_S3,-1980,1390,16108,1415,69,137,0,1241.2
8227,20:11:47:630,2,Moderate_Damage,L2_S3,-2016,1400,16454,1009,58,73,0,1587.2
8228,20:11:47:640,2,Moderate_Damage,L2_S3,-2000,1462,16572,499,60,-12,0,1705.2
8229,20:11:47:650,2,Moderate_Damage,L2_S3,-2146,1490,16446,-73,16,-92,0,1579.2
8230,20:11:47:661,2,Moderate_Damage,L2_S3,-1990,1438,16384,-646,32,-198,0,1517.2
8231,20:11:47:670,2,Moderate_Damage,L2_S3,-1996,1412,16054,-1171,4,-271,0,1187.2
8232,20:11:47:681,2,Moderate_Damage,L2_S3,-1926,1308,15746,-1621,-25,-339,0,879.2
8233,20:11:47:690,2,Moderate_Damage,L2_S3,-1872,1206,15238,-1891,10,-395,0,371.2
8234,20:11:47:701,2,Moderate_Damage,L2_S3,-1816,1096,14728,-2038,-41,-411,0,-138.8
8235,20:11:47:711,2,Moderate_Damage,L2_S3,-1690,1028,14138,-1958,19,-409,0,-728.8
8236,20:11:47:721,2,Moderate_Damage,L2_S3,-1612,820,13800,-1761,-28,-365,0,-1066.8
8237,20:11:47:730,2,Moderate_Damage,L2_S3,-1592,842,13468,-1374,1,-311,0,-1398.8
8238,20:11:47:740,2,Moderate_Damage,L2_S3,-1542,856,13248,-913,18,-236,0,-1618.8
8239,20:11:47:750,2,Moderate_Damage,L2_S3,-1600,738,13226,-360,11,-139,0,-1640.8
8240,20:11:47:760,2,Moderate_Damage,L2_S3,-1516,748,13476,192,59,-64,0,-1390.8
8241,20:11:47:770,2,Moderate_Damage,L2_S3,-1600,896,13668,701,41,22,0,-1198.8
8242,20:11:47:780,2,Moderate_Damage,L2_S3,-1708,936,14084,1121,69,88,0,-782.8
8243,20:11:47:791,2,Moderate_Damage,L2_S3,-1728,1042,14458,1412,62,133,0,-408.8
8244,20:11:47:801,2,Moderate_Damage,L2_S3,-1878,1130,14934,1541,69,165,0,67.2
8245,20:11:47:810,2,Moderate_Damage,L2_S3,-1886,1280,15462,1515,76,153,0,595.2
8246,20:11:47:820,2,Moderate_Damage,L2_S3,-1978,1338,15940,1324,58,129,0,1073.2
8247,20:11:47:830,2,Moderate_Damage,L2_S3,-2042,1406,16162,986,60,66,0,1295.2
8248,20:11:47:840,2,Moderate_Damage,L2_S3,-2000,1436,16326,541,40,-8,0,1459.2
8249,20:11:47:850,2,Moderate_Damage,L2_S3,-2086,1414,16422,33,37,-89,0,1555.2
8250,20:11:47:860,2,Moderate_Damage,L2_S3,-2002,1438,16282,-498,28,-175,0,1415.2
8251,20:11:47:870,2,Moderate_Damage,L2_S3,-1994,1362,16020,-996,1,-240,0,1153.2
8252,20:11:47:880,2,Moderate_Damage,L2_S3,-1936,1294,15700,-1407,6,-312,0,833.2
8253,20:11:47:891,2,Moderate_Damage,L2_S3,-1848,1202,15280,-1699,-15,-358,0,413.2
8254,20:11:47:901,2,Moderate_Damage,L2_S3,-1844,1122,14818,-1852,-6,-390,0,-48.8
8255,20:11:47:911,2,Moderate_Damage,L2_S3,-1742,1044,14380,-1828,-12,-383,0,-486.8
8256,20:11:47:920,2,Moderate_Damage,L2_S3,-1644,954,13962,-1653,-7,-362,0,-904.8
8257,20:11:47:930,2,Moderate_Damage,L2_S3,-1614,860,13642,-1349,-8,-306,0,-1224.8
8258,20:11:47:940,2,Moderate_Damage,L2_S3,-1588,856,13420,-938,7,-238,0,-1446.8
8259,20:11:47:950,2,Moderate_Damage,L2_S3,-1508,816,13346,-456,30,-164,0,-1520.8
8260,20:11:47:960,2,Moderate_Damage,L2_S3,-1576,830,13484,53,21,-85,0,-1382.8
8261,20:11:47:970,2,Moderate_Damage,L2_S3,-1610,844,13698,529,59,-5,0,-1168.8
8262,20:11:47:980,2,Moderate_Damage,L2_S3,-1720,974,13978,930,59,64,0,-888.8
8263,20:11:47:991,2,Moderate_Damage,L2_S3,-1780,1060,14518,1221,56,110,0,-348.8
8264,20:11:48:001,2,Moderate_Damage,L2_S3,-1828,1136,14906,1373,80,137,0,39.2
8265,20:11:48:010,2,Moderate_Damage,L2_S3,-1912,1232,15324,1384,61,137,0,457.2
8266,20:11:48:020,2,Moderate_Damage,L2_S3,-1916,1318,15706,1239,66,114,0,839.2
8267,20:11:48:030,2,Moderate_Damage,L2_S3,-1962,1370,16038,954,56,69,0,1171.2
8268,20:11:48:040,2,Moderate_Damage,L2_S3,-2002,1394,16184,567,39,7,0,1317.2
8269,20:11:48:050,2,Moderate_Damage,L2_S3,-1982,1424,16214,105,45,-73,0,1347.2
8270,20:11:48:060,2,Moderate_Damage,L2_S3,-1972,1392,16226,-378,12,-141,0,1359.2
8271,20:11:48:071,2,Moderate_Damage,L2_S3,-1982,1370,15974,-829,20,-223,0,1107.2
8272,20:11:48:081,2,Moderate_Damage,L2_S3,-1934,1260,15700,-1235,-2,-279,0,833.2
8273,20:11:48:091,2,Moderate_Damage,L2_S3,-1886,1228,15250,-1516,-4,-330,0,383.2
8274,20:11:48:101,2,Moderate_Damage,L2_S3,-1760,1196,14876,-1683,-2,-363,0,9.2
8275,20:11:48:111,2,Moderate_Damage,L2_S3,-1800,1084,14432,-1701,4,-359,0,-434.8
8276,20:11:48:121,2,Moderate_Damage,L2_S3,-1620,976,14166,-1565,-9,-343,0,-700.8
8277,20:11:48:131,2,Moderate_Damage,L2_S3,-1650,882,13870,-1312,8,-289,0,-996.8
8278,20:11:48:140,2,Moderate_Damage,L2_S3,-1584,892,13558,-950,4,-240,0,-1308.8
8279,20:11:48:151,2,Moderate_Damage,L2_S3,-1586,834,13538,-526,19,-173,0,-1328.8
8280,20:11:48:160,2,Moderate_Damage,L2_S3,-1656,844,13616,-65,35,-93,0,-1250.8
8281,20:11:48:170,2,Moderate_Damage,L2_S3,-1588,890,13714,379,43,-31,0,-1152.8
8282,20:11:48:180,2,Moderate_Damage,L2_S3,-1656,942,14044,766,56,32,0,-822.8
8283,20:11:48:190,2,Moderate_Damage,L2_S3,-1718,1018,14398,1047,69,80,0,-468.8
8284,20:11:48:201,2,Moderate_Damage,L2_S3,-1758,1108,14764,1217,58,109,0,-102.8
8285,20:11:48:210,2,Moderate_Damage,L2_S3,-1894,1206,15188,1244,78,111,0,321.2
8286,20:11:48:221,2,Moderate_Damage,L2_S3,-1886,1232,15540,1137,56,96,0,673.2
8287,20:11:48:230,2,Moderate_Damage,L2_S3,-1954,1340,15912,906,64,56,0,1045.2
8288,20:11:48:240,2,Moderate_Damage,L2_S3,-2012,1330,16044,573,54,3,0,1177.2
8289,20:11:48:250,2,Moderate_Damage,L2_S3,-2008,1386,16144,164,42,-63,0,1277.2
8290,20:11:48:261,2,Moderate_Damage,L2_S3,-1976,1396,16112,-275,36,-130,0,1245.2
8291,20:11:48:271,2,Moderate_Damage,L2_S3,-2010,1352,15926,-699,10,-198,0,1059.2
8292,20:11:48:281,2,Moderate_Damage,L2_S3,-1966,1260,15638,-1066,7,-259,0,771.2
8293,20:11:48:291,2,Moderate_Damage,L2_S3,-1886,1224,15308,-1355,6,-301,0,441.2
8294,20:11:48:301,2,Moderate_Damage,L2_S3,-1818,1178,14952,-1530,-11,-332,0,85.2
8295,20:11:48:311,2,Moderate_Damage,L2_S3,-1774,1078,14520,-1566,-5,-343,0,-346.8
8296,20:11:48:321,2,Moderate_Damage,L2_S3,-1672,988,14198,-1475,9,-322,0,-668.8
8297,20:11:48:331,2,Moderate_Damage,L2_S3,-1640,876,13972,-1268,-2,-293,0,-894.8
8298,20:11:48:341,2,Moderate_Damage,L2_S3,-1618,894,13714,-950,-3,-238,0,-1152.8
8299,20:11:48:350,2,Moderate_Damage,L2_S3,-1658,924,13630,-565,29,-181,0,-1236.8
8300,20:11:48:360,2,Moderate_Damage,L2_S3,-1610,860,13724,-153,30,-114,0,-1142.8
8301,20:11:48:370,2,Moderate_Damage,L2_S3,-1624,900,13816,247,41,-41,0,-1050.8
8302,20:11:48:380,2,Moderate_Damage,L2_S3,-1648,954,14050,620,61,8,0,-816.8
8303,20:11:48:390,2,Moderate_Damage,L2_S3,-1796,992,14372,893,51,61,0,-494.8
8304,20:11:48:400,2,Moderate_Damage,L2_S3,-1808,1090,14706,1072,66,87,0,-160.8
8305,20:11:48:410,2,Moderate_Damage,L2_S3,-1852,1150,15124,1122,67,94,0,257.2
8306,20:11:48:421,2,Moderate_Damage,L2_S3,-1916,1294,15446,1046,60,78,0,579.2
8307,20:11:48:430,2,Moderate_Damage,L2_S3,-1950,1312,15696,861,62,48,0,829.2
8308,20:11:48:440,2,Moderate_Damage,L2_S3,-1978,1338,15970,564,46,-3,0,1103.2
8309,20:11:48:451,2,Moderate_Damage,L2_S3,-2000,1308,16052,215,37,-57,0,1185.2
8310,20:11:48:461,2,Moderate_Damage,L2_S3,-1998,1336,16022,-188,35,-111,0,1155.2
8311,20:11:48:471,2,Moderate_Damage,L2_S3,-1966,1348,15818,-580,10,-174,0,951.2
8312,20:11:48:481,2,Moderate_Damage,L2_S3,-1906,1300,15664,-922,15,-239,0,797.2
8313,20:11:48:491,2,Moderate_Damage,L2_S3,-1916,1250,15356,-1206,-1,-274,0,489.2
8314,20:11:48:501,2,Moderate_Damage,L2_S3,-1832,1156,15046,-1379,-3,-310,0,179.2
8315,20:11:48:511,2,Moderate_Damage,L2_S3,-1718,1130,14664,-1441,-7,-320,0,-202.8
8316,20:11:48:521,2,Moderate_Damage,L2_S3,-1764,1040,14272,-1382,13,-311,0,-594.8
8317,20:11:48:531,2,Moderate_Damage,L2_S3,-1640,918,14108,-1211,-13,-281,0,-758.8
8318,20:11:48:541,2,Moderate_Damage,L2_S3,-1706,904,13872,-944,27,-236,0,-994.8
8319,20:11:48:551,2,Moderate_Damage,L2_S3,-1586,872,13724,-609,0,-180,0,-1142.8
8320,20:11:48:561,2,Moderate_Damage,L2_S3,-1656,834,13766,-234,33,-125,0,-1100.8
8321,20:11:48:570,2,Moderate_Damage,L2_S3,-1676,908,13862,139,46,-68,0,-1004.8
8322,20:11:48:580,2,Moderate_Damage,L2_S3,-1642,938,14138,477,40,-15,0,-728.8
8323,20:11:48:590,2,Moderate_Damage,L2_S3,-1766,982,14364,746,65,30,0,-502.8
8324,20:11:48:601,2,Moderate_Damage,L2_S3,-1776,1054,14716,928,56,57,0,-150.8
8325,20:11:48:611,2,Moderate_Damage,L2_S3,-1806,1162,15050,999,59,68,0,183.2
8326,20:11:48:621,2,Moderate_Damage,L2_S3,-1880,1194,15326,952,63,65,0,459.2
8327,20:11:48:630,2,Moderate_Damage,L2_S3,-1892,1314,15584,800,57,51,0,717.2
8328,20:11:48:640,2,Moderate_Damage,L2_S3,-1954,1322,15796,548,61,0,0,929.2
8329,20:11:48:651,2,Moderate_Damage,L2_S3,-1922,1380,15914,237,40,-47,0,1047.2
8330,20:11:48:661,2,Moderate_Damage,L2_S3,-1956,1374,15860,-108,30,-109,0,993.2
8331,20:11:48:671,2,Moderate_Damage,L2_S3,-1958,1326,15782,-478,17,-169,0,915.2
8332,20:11:48:681,2,Moderate_Damage,L2_S3,-1960,1270,15636,-805,11,-215,0,769.2
8333,20:11:48:691,2,Moderate_Damage,L2_S3,-1856,1194,15356,-1072,12,-260,0,489.2
8334,20:11:48:701,2,Moderate_Damage,L2_S3,-1868,1184,15068,-1254,-4,-284,0,201.2
8335,20:11:48:711,2,Moderate_Damage,L2_S3,-1758,1098,14794,-1326,-11,-299,0,-72.8
8336,20:11:48:721,2,Moderate_Damage,L2_S3,-1718,1046,14390,-1302,6,-294,0,-476.8
8337,20:11:48:731,2,Moderate_Damage,L2_S3,-1722,928,14160,-1167,6,-274,0,-706.8
8338,20:11:48:741,2,Moderate_Damage,L2_S3,-1636,952,14008,-926,-1,-244,0,-858.8
8339,20:11:48:751,2,Moderate_Damage,L2_S3,-1690,970,13890,-631,30,-195,0,-976.8
8340,20:11:48:761,2,Moderate_Damage,L2_S3,-1644,928,13882,-296,15,-142,0,-984.8
8341,20:11:48:770,2,Moderate_Damage,L2_S3,-1606,968,13916,50,45,-86,0,-950.8
8342,20:11:48:780,2,Moderate_Damage,L2_S3,-1696,966,14118,361,46,-32,0,-748.8
8343,20:11:48:790,2,Moderate_Damage,L2_S3,-1696,1030,14330,624,52,11,0,-536.8
8344,20:11:48:800,2,Moderate_Damage,L2_S3,-1796,1028,14600,806,70,39,0,-266.8
8345,20:11:48:811,2,Moderate_Damage,L2_S3,-1806,1146,14882,888,45,56,0,15.2
8346,20:11:48:820,2,Moderate_Damage,L2_S3,-1854,1180,15262,871,64,51,0,395.2
8347,20:11:48:830,2,Moderate_Damage,L2_S3,-1896,1262,15540,744,47,32,0,673.2
8348,20:11:48:840,2,Moderate_Damage,L2_S3,-1878,1300,15692,533,53,-3,0,825.2
8349,20:11:48:851,2,Moderate_Damage,L2_S3,-1952,1332,15756,257,35,-53,0,889.2
8350,20:11:48:861,2,Moderate_Damage,L2_S3,-1978,1312,15812,-62,30,-101,0,945.2
8351,20:11:48:871,2,Moderate_Damage,L2_S3,-1900,1282,15788,-386,27,-147,0,921.2
8352,20:11:48:881,2,Moderate_Damage,L2_S3,-1896,1328,15526,-694,22,-197,0,659.2
8353,20:11:48:891,2,Moderate_Damage,L2_S3,-1872,1218,15372,-948,18,-245,0,505.2
8354,20:11:48:901,2,Moderate_Damage,L2_S3,-1806,1156,15126,-1126,0,-266,0,259.2
8355,20:11:48:911,2,Moderate_Damage,L2_S3,-1850,1104,14788,-1213,-1,-280,0,-78.8
8356,20:11:48:921,2,Moderate_Damage,L2_S3,-1738,1070,14548,-1207,1,-279,0,-318.8
8357,20:11:48:931,2,Moderate_Damage,L2_S3,-1708,1026,14256,-1098,9,-265,0,-610.8
8358,20:11:48:941,2,Moderate_Damage,L2_S3,-1680,954,14076,-907,15,-234,0,-790.8
8359,20:11:48:951,2,Moderate_Damage,L2_S3,-1748,914,13972,-652,15,-194,0,-894.8
8360,20:11:48:961,2,Moderate_Damage,L2_S3,-1666,942,13970,-341,28,-144,0,-896.8
8361,20:11:48:971,2,Moderate_Damage,L2_S3,-1656,952,13974,-32,30,-101,0,-892.8
8362,20:11:48:981,2,Moderate_Damage,L2_S3,-1678,998,14116,259,44,-49,0,-750.8
8363,20:11:48:991,2,Moderate_Damage,L2_S3,-1692,1006,14322,511,53,-2,0,-544.8
8364,20:11:49:001,2,Moderate_Damage,L2_S3,-1784,1068,14652,695,54,27,0,-214.8
8365,20:11:49:011,2,Moderate_Damage,L2_S3,-1836,1122,14924,783,44,31,0,57.2
8366,20:11:49:021,2,Moderate_Damage,L2_S3,-1880,1160,15146,781,54,37,0,279.2
8367,20:11:49:030,2,Moderate_Damage,L2_S3,-1886,1222,15404,681,47,28,0,537.2
8368,20:11:49:041,2,Moderate_Damage,L2_S3,-1890,1256,15586,503,51,-11,0,719.2
8369,20:11:49:051,2,Moderate_Damage,L2_S3,-1912,1320,15740,264,43,-48,0,873.2
8370,20:11:49:061,2,Moderate_Damage,L2_S3,-2000,1294,15758,-22,31,-90,0,891.2
8371,20:11:49:071,2,Moderate_Damage,L2_S3,-1928,1262,15674,-315,21,-138,0,807.2
8372,20:11:49:081,2,Moderate_Damage,L2_S3,-1948,1286,15574,-603,12,-179,0,707.2
8373,20:11:49:091,2,Moderate_Damage,L2_S3,-1856,1236,15412,-853,13,-222,0,545.2
8374,20:11:49:101,2,Moderate_Damage,L2_S3,-1852,1194,15144,-1021,4,-256,0,277.2
8375,20:11:49:111,2,Moderate_Damage,L2_S3,-1812,1130,14892,-1114,5,-268,0,25.2
8376,20:11:49:121,2,Moderate_Damage,L2_S3,-1750,1062,14668,-1114,-1,-263,0,-198.8
8377,20:11:49:131,2,Moderate_Damage,L2_S3,-1720,1062,14414,-1037,20,-249,0,-452.8
8378,20:11:49:141,2,Moderate_Damage,L2_S3,-1708,982,14152,-879,23,-228,0,-714.8
8379,20:11:49:151,2,Moderate_Damage,L2_S3,-1628,918,14064,-648,8,-191,0,-802.8
8380,20:11:49:161,2,Moderate_Damage,L2_S3,-1668,936,14062,-375,32,-152,0,-804.8
8381,20:11:49:171,2,Moderate_Damage,L2_S3,-1686,960,14076,-102,26,-103,0,-790.8
8382,20:11:49:181,2,Moderate_Damage,L2_S3,-1690,958,14156,177,44,-65,0,-710.8
8383,20:11:49:191,2,Moderate_Damage,L2_S3,-1754,1010,14412,408,44,-20,0,-454.8
8384,20:11:49:201,2,Moderate_Damage,L2_S3,-1788,1032,14606,587,49,4,0,-260.8
8385,20:11:49:211,2,Moderate_Damage,L2_S3,-1758,1102,14824,686,55,21,0,-42.8
8386,20:11:49:221,2,Moderate_Damage,L2_S3,-1838,1184,15106,694,47,22,0,239.2
8387,20:11:49:230,2,Moderate_Damage,L2_S3,-1894,1180,15292,628,52,6,0,425.2
8388,20:11:49:241,2,Moderate_Damage,L2_S3,-1898,1214,15496,467,38,-7,0,629.2
8389,20:11:49:251,2,Moderate_Damage,L2_S3,-1894,1278,15564,264,50,-46,0,697.2
8390,20:11:49:261,2,Moderate_Damage,L2_S3,-1902,1300,15698,8,28,-89,0,831.2
8391,20:11:49:271,2,Moderate_Damage,L2_S3,-1916,1336,15632,-262,33,-130,0,765.2
8392,20:11:49:281,2,Moderate_Damage,L2_S3,-1916,1250,15536,-523,20,-176,0,669.2
8393,20:11:49:291,2,Moderate_Damage,L2_S3,-1886,1240,15386,-750,7,-205,0,519.2
8394,20:11:49:301,2,Moderate_Damage,L2_S3,-1860,1178,15184,-917,12,-230,0,317.2
8395,20:11:49:311,2,Moderate_Damage,L2_S3,-1792,1164,14926,-1016,7,-251,0,59.2
8396,20:11:49:321,2,Moderate_Damage,L2_S3,-1784,1096,14622,-1032,4,-256,0,-244.8
8397,20:11:49:331,2,Moderate_Damage,L2_S3,-1724,1050,14434,-981,10,-247,0,-432.8
8398,20:11:49:341,2,Moderate_Damage,L2_S3,-1710,1006,14288,-847,20,-223,0,-578.8
8399,20:11:49:351,2,Moderate_Damage,L2_S3,-1664,966,14172,-645,14,-196,0,-694.8
8400,20:11:49:361,2,Moderate_Damage,L2_S3,-1668,998,14122,-406,26,-158,0,-744.8
8401,20:11:49:371,2,Moderate_Damage,L2_S3,-1728,1006,14126,-150,31,-108,0,-740.8
8402,20:11:49:381,2,Moderate_Damage,L2_S3,-1704,980,14174,99,40,-76,0,-692.8
8403,20:11:49:391,2,Moderate_Damage,L2_S3,-1750,1016,14358,325,46,-36,0,-508.8
8404,20:11:49:401,2,Moderate_Damage,L2_S3,-1792,1026,14628,492,52,-8,0,-238.8
8405,20:11:49:411,2,Moderate_Damage,L2_S3,-1780,1094,14824,593,43,5,0,-42.8
8406,20:11:49:421,2,Moderate_Damage,L2_S3,-1830,1148,15034,619,48,5,0,167.2
8407,20:11:49:431,2,Moderate_Damage,L2_S3,-1840,1154,15252,561,58,-1,0,385.2
8408,20:11:49:441,2,Moderate_Damage,L2_S3,-1880,1208,15402,441,36,-15,0,535.2
8409,20:11:49:451,2,Moderate_Damage,L2_S3,-1944,1328,15480,252,49,-41,0,613.2
8410,20:11:49:461,2,Moderate_Damage,L2_S3,-1932,1224,15628,28,31,-83,0,761.2
8411,20:11:49:471,2,Moderate_Damage,L2_S3,-1900,1290,15526,-213,35,-118,0,659.2
8412,20:11:49:481,2,Moderate_Damage,L2_S3,-1882,1296,15520,-453,22,-159,0,653.2
8413,20:11:49:491,2,Moderate_Damage,L2_S3,-1904,1218,15296,-667,6,-189,0,429.2
8414,20:11:49:501,2,Moderate_Damage,L2_S3,-1878,1170,15138,-838,9,-220,0,271.2
8415,20:11:49:511,2,Moderate_Damage,L2_S3,-1820,1106,14918,-936,14,-237,0,51.2
8416,20:11:49:521,2,Moderate_Damage,L2_S3,-1784,1114,14700,-967,11,-241,0,-166.8
8417,20:11:49:531,2,Moderate_Damage,L2_S3,-1730,1044,14464,-924,10,-237,0,-402.8
8418,20:11:49:541,2,Moderate_Damage,L2_S3,-1730,948,14318,-810,10,-222,0,-548.8
8419,20:11:49:551,2,Moderate_Damage,L2_S3,-1712,974,14208,-638,23,-189,0,-658.8
8420,20:11:49:561,2,Moderate_Damage,L2_S3,-1656,992,14096,-423,28,-159,0,-770.8
8421,20:11:49:571,2,Moderate_Damage,L2_S3,-1712,980,14156,-190,47,-118,0,-710.8
8422,20:11:49:581,2,Moderate_Damage,L2_S3,-1704,1044,14252,43,17,-77,0,-614.8
8423,20:11:49:591,2,Moderate_Damage,L2_S3,-1788,990,14432,249,62,-51,0,-434.8
8424,20:11:49:601,2,Moderate_Damage,L2_S3,-1760,1060,14582,407,35,-19,0,-284.8
8425,20:11:49:611,2,Moderate_Damage,L2_S3,-1778,1062,14748,506,49,-5,0,-118.8
8426,20:11:49:621,2,Moderate_Damage,L2_S3,-1808,1132,15006,537,54,5,0,139.2
8427,20:11:49:631,2,Moderate_Damage,L2_S3,-1858,1184,15220,502,44,-8,0,353.2
8428,20:11:49:641,2,Moderate_Damage,L2_S3,-1904,1204,15322,403,47,-28,0,455.2
8429,20:11:49:651,2,Moderate_Damage,L2_S3,-1918,1236,15438,243,40,-49,0,571.2
8430,20:11:49:661,2,Moderate_Damage,L2_S3,-1858,1256,15524,46,30,-80,0,657.2
8431,20:11:49:671,2,Moderate_Damage,L2_S3,-1922,1264,15528,-175,35,-114,0,661.2
8432,20:11:49:681,2,Moderate_Damage,L2_S3,-1856,1248,15416,-392,22,-147,0,549.2
8433,20:11:49:691,2,Moderate_Damage,L2_S3,-1818,1220,15260,-593,18,-190,0,393.2
8434,20:11:49:701,2,Moderate_Damage,L2_S3,-1890,1184,15168,-747,17,-206,0,301.2
8435,20:11:49:711,2,Moderate_Damage,L2_S3,-1828,1180,14948,-854,6,-223,0,81.2
8436,20:11:49:721,2,Moderate_Damage,L2_S3,-1768,1060,14796,-889,19,-232,0,-70.8
8437,20:11:49:731,2,Moderate_Damage,L2_S3,-1784,1044,14592,-863,6,-229,0,-274.8
8438,20:11:49:741,2,Moderate_Damage,L2_S3,-1792,1046,14390,-757,20,-212,0,-476.8
8439,20:11:49:751,2,Moderate_Damage,L2_S3,-1726,1000,14292,-616,18,-187,0,-574.8
8440,20:11:49:761,2,Moderate_Damage,L2_S3,-1692,890,14242,-435,21,-153,0,-624.8
8441,20:11:49:771,2,Moderate_Damage,L2_S3,-1726,988,14214,-224,21,-122,0,-652.8
8442,20:11:49:781,2,Moderate_Damage,L2_S3,-1780,968,14324,-16,38,-89,0,-542.8
8443,20:11:49:791,2,Moderate_Damage,L2_S3,-1758,984,14442,179,35,-59,0,-424.8
8444,20:11:49:801,2,Moderate_Damage,L2_S3,-1734,1032,14542,333,52,-41,0,-324.8
8445,20:11:49:811,2,Moderate_Damage,L2_S3,-1804,1076,14806,429,44,-21,0,-60.8
8446,20:11:49:821,2,Moderate_Damage,L2_S3,-1794,1192,14948,477,45,-18,0,81.2
8447,20:11:49:831,2,Moderate_Damage,L2_S3,-1868,1194,15090,452,42,-17,0,223.2
8448,20:11:49:841,2,Moderate_Damage,L2_S3,-1864,1168,15254,361,51,-34,0,387.2
8449,20:11:49:851,2,Moderate_Damage,L2_S3,-1908,1208,15354,223,37,-59,0,487.2
8450,20:11:49:861,2,Moderate_Damage,L2_S3,-1930,1252,15422,46,38,-74,0,555.2
8451,20:11:49:871,2,Moderate_Damage,L2_S3,-1904,1254,15422,-144,39,-113,0,555.2
8452,20:11:49:881,2,Moderate_Damage,L2_S3,-1914,1248,15462,-339,17,-140,0,595.2
8453,20:11:49:891,2,Moderate_Damage,L2_S3,-1902,1248,15320,-527,20,-172,0,453.2
8454,20:11:49:901,2,Moderate_Damage,L2_S3,-1878,1150,15102,-673,14,-198,0,235.2
8455,20:11:49:911,2,Moderate_Damage,L2_S3,-1848,1156,14976,-781,6,-210,0,109.2
8456,20:11:49:921,2,Moderate_Damage,L2_S3,-1770,1142,14826,-816,20,-223,0,-40.8
8457,20:11:49:931,2,Moderate_Damage,L2_S3,-1710,1066,14616,-806,5,-213,0,-250.8
8458,20:11:49:941,2,Moderate_Damage,L2_S3,-1714,1024,14480,-732,17,-205,0,-386.8
8459,20:11:49:951,2,Moderate_Damage,L2_S3,-1718,994,14356,-604,24,-184,0,-510.8
8460,20:11:49:961,2,Moderate_Damage,L2_S3,-1750,998,14304,-436,30,-163,0,-562.8
8461,20:11:49:971,2,Moderate_Damage,L2_S3,-1730,994,14268,-248,26,-132,0,-598.8
8462,20:11:49:981,2,Moderate_Damage,L2_S3,-1716,974,14306,-60,33,-101,0,-560.8
8463,20:11:49:991,2,Moderate_Damage,L2_S3,-1744,1006,14448,110,32,-57,0,-418.8
8464,20:11:50:001,2,Moderate_Damage,L2_S3,-1786,1058,14506,262,45,-45,0,-360.8
8465,20:11:50:011,2,Moderate_Damage,L2_S3,-1788,1120,14716,358,45,-36,0,-150.8
8466,20:11:50:021,2,Moderate_Damage,L2_S3,-1812,1128,14928,410,47,-20,0,61.2
8467,20:11:50:031,2,Moderate_Damage,L2_S3,-1826,1168,15014,397,50,-27,0,147.2
8468,20:11:50:041,2,Moderate_Damage,L2_S3,-1898,1198,15236,327,41,-37,0,369.2
8469,20:11:50:051,2,Moderate_Damage,L2_S3,-1874,1176,15300,215,42,-61,0,433.2
8470,20:11:50:061,2,Moderate_Damage,L2_S3,-1844,1198,15378,59,34,-85,0,511.2
8471,20:11:50:071,2,Moderate_Damage,L2_S3,-1898,1212,15430,-118,35,-110,0,563.2
8472,20:11:50:081,2,Moderate_Damage,L2_S3,-1858,1216,15330,-310,24,-135,0,463.2
8473,20:11:50:091,2,Moderate_Damage,L2_S3,-1838,1222,15268,-472,24,-162,0,401.2
8474,20:11:50:101,2,Moderate_Damage,L2_S3,-1822,1194,15140,-616,15,-186,0,273.2
8475,20:11:50:111,2,Moderate_Damage,L2_S3,-1828,1126,15022,-712,13,-205,0,155.2
8476,20:11:50:121,2,Moderate_Damage,L2_S3,-1816,1054,14840,-770,18,-211,0,-26.8
8477,20:11:50:131,2,Moderate_Damage,L2_S3,-1804,1026,14694,-759,20,-212,0,-172.8
8478,20:11:50:141,2,Moderate_Damage,L2_S3,-1792,1046,14482,-691,11,-192,0,-384.8
8479,20:11:50:151,2,Moderate_Damage,L2_S3,-1728,964,14386,-582,15,-181,0,-480.8
8480,20:11:50:161,2,Moderate_Damage,L2_S3,-1674,1036,14380,-440,29,-154,0,-486.8
8481,20:11:50:171,2,Moderate_Damage,L2_S3,-1754,1004,14400,-271,16,-130,0,-466.8
8482,20:11:50:181,2,Moderate_Damage,L2_S3,-1728,1038,14374,-93,37,-103,0,-492.8
8483,20:11:50:191,2,Moderate_Damage,L2_S3,-1722,1068,14442,71,29,-78,0,-424.8
8484,20:11:50:201,2,Moderate_Damage,L2_S3,-1780,1086,14574,202,43,-59,0,-292.8
8485,20:11:50:211,2,Moderate_Damage,L2_S3,-1796,1084,14782,306,48,-41,0,-84.8
8486,20:11:50:221,2,Moderate_Damage,L2_S3,-1820,1154,14864,361,46,-32,0,-2.8
8487,20:11:50:231,2,Moderate_Damage,L2_S3,-1816,1148,15006,352,50,-34,0,139.2
8488,20:11:50:241,2,Moderate_Damage,L2_S3,-1876,1208,15186,296,36,-42,0,319.2
8489,20:11:50:251,2,Moderate_Damage,L2_S3,-1872,1198,15292,186,34,-53,0,425.2
8490,20:11:50:261,2,Moderate_Damage,L2_S3,-1912,1236,15370,57,34,-79,0,503.2
8491,20:11:50:271,2,Moderate_Damage,L2_S3,-1904,1204,15374,-107,24,-102,0,507.2
8492,20:11:50:281,2,Moderate_Damage,L2_S3,-1832,1160,15348,-266,30,-129,0,481.2
8493,20:11:50:291,2,Moderate_Damage,L2_S3,-1894,1184,15296,-433,20,-152,0,429.2
8494,20:11:50:301,2,Moderate_Damage,L2_S3,-1848,1168,15124,-567,18,-182,0,257.2
8495,20:11:50:311,2,Moderate_Damage,L2_S3,-1800,1136,14988,-655,12,-193,0,121.2
8496,20:11:50:321,2,Moderate_Damage,L2_S3,-1820,1130,14820,-710,16,-204,0,-46.8
8497,20:11:50:331,2,Moderate_Damage,L2_S3,-1790,1072,14702,-707,10,-206,0,-164.8
8498,20:11:50:341,2,Moderate_Damage,L2_S3,-1774,1040,14642,-664,23,-193,0,-224.8
8499,20:11:50:351,2,Moderate_Damage,L2_S3,-1770,1020,14452,-569,14,-181,0,-414.8
8500,20:11:50:361,2,Moderate_Damage,L2_S3,-1748,1030,14368,-432,26,-158,0,-498.8
8501,20:11:50:371,2,Moderate_Damage,L2_S3,-1748,988,14350,-285,23,-128,0,-516.8
8502,20:11:50:381,2,Moderate_Damage,L2_S3,-1732,1028,14404,-127,34,-112,0,-462.8
8503,20:11:50:391,2,Moderate_Damage,L2_S3,-1718,1008,14496,24,33,-88,0,-370.8
8504,20:11:50:402,2,Moderate_Damage,L2_S3,-1786,1088,14624,153,38,-59,0,-242.8
8505,20:11:50:411,2,Moderate_Damage,L2_S3,-1756,1048,14742,253,41,-46,0,-124.8
8506,20:11:50:421,2,Moderate_Damage,L2_S3,-1816,1088,14880,294,49,-39,0,13.2
8507,20:11:50:431,2,Moderate_Damage,L2_S3,-1834,1148,15022,310,42,-38,0,155.2
8508,20:11:50:441,2,Moderate_Damage,L2_S3,-1794,1156,15188,259,40,-52,0,321.2
8509,20:11:50:451,2,Moderate_Damage,L2_S3,-1862,1188,15178,179,34,-50,0,311.2
8510,20:11:50:461,2,Moderate_Damage,L2_S3,-1876,1214,15302,44,38,-77,0,435.2
8511,20:11:50:471,2,Moderate_Damage,L2_S3,-1862,1216,15260,-91,24,-96,0,393.2
8512,20:11:50:482,2,Moderate_Damage,L2_S3,-1868,1180,15336,-247,31,-129,0,469.2
8513,20:11:50:491,2,Moderate_Damage,L2_S3,-1840,1178,15202,-390,15,-152,0,335.2
8514,20:11:50:501,2,Moderate_Damage,L2_S3,-1874,1140,15180,-519,15,-170,0,313.2
8515,20:11:50:511,2,Moderate_Damage,L2_S3,-1870,1144,14984,-608,14,-189,0,117.2
8516,20:11:50:522,2,Moderate_Damage,L2_S3,-1802,1158,14866,-663,13,-193,0,-0.8
8517,20:11:50:532,2,Moderate_Damage,L2_S3,-1784,1106,14718,-665,17,-189,0,-148.8
8518,20:11:50:541,2,Moderate_Damage,L2_S3,-1752,1056,14566,-631,17,-185,0,-300.8
8519,20:11:50:551,2,Moderate_Damage,L2_S3,-1746,1066,14526,-545,18,-178,0,-340.8
8520,20:11:50:561,2,Moderate_Damage,L2_S3,-1758,1054,14466,-435,20,-161,0,-400.8
8521,20:11:50:571,2,Moderate_Damage,L2_S3,-1726,1038,14462,-295,30,-136,0,-404.8
8522,20:11:50:581,2,Moderate_Damage,L2_S3,-1758,1042,14376,-153,30,-111,0,-490.8
8523,20:11:50:591,2,Moderate_Damage,L2_S3,-1738,1058,14492,-6,40,-93,0,-374.8
8524,20:11:50:601,2,Moderate_Damage,L2_S3,-1816,1046,14564,118,27,-73,0,-302.8
8525,20:11:50:611,2,Moderate_Damage,L2_S3,-1804,1086,14766,201,46,-59,0,-100.8
8526,20:11:50:621,2,Moderate_Damage,L2_S3,-1792,1164,14844,256,37,-45,0,-22.8
8527,20:11:50:631,2,Moderate_Damage,L2_S3,-1858,1158,15018,266,48,-43,0,151.2
8528,20:11:50:641,2,Moderate_Damage,L2_S3,-1842,1180,15140,228,39,-53,0,273.2
8529,20:11:50:651,2,Moderate_Damage,L2_S3,-1878,1172,15160,152,41,-65,0,293.2
8530,20:11:50:661,2,Moderate_Damage,L2_S3,-1888,1216,15282,42,28,-78,0,415.2
8531,20:11:50:671,2,Moderate_Damage,L2_S3,-1866,1170,15288,-87,32,-105,0,421.2
8532,20:11:50:681,2,Moderate_Damage,L2_S3,-1846,1216,15258,-225,21,-124,0,391.2
8533,20:11:50:691,2,Moderate_Damage,L2_S3,-1880,1190,15242,-355,37,-143,0,375.2
8534,20:11:50:701,2,Moderate_Damage,L2_S3,-1838,1172,15074,-477,19,-161,0,207.2
8535,20:11:50:711,2,Moderate_Damage,L2_S3,-1800,1170,14980,-566,17,-175,0,113.2
8536,20:11:50:721,2,Moderate_Damage,L2_S3,-1820,1090,14908,-618,13,-185,0,41.2
8537,20:11:50:731,2,Moderate_Damage,L2_S3,-1778,1130,14758,-632,18,-191,0,-108.8
8538,20:11:50:741,2,Moderate_Damage,L2_S3,-1808,1052,14662,-592,18,-185,0,-204.8
8539,20:11:50:751,2,Moderate_Damage,L2_S3,-1776,1058,14580,-523,21,-173,0,-286.8
8540,20:11:50:761,2,Moderate_Damage,L2_S3,-1788,1082,14490,-423,24,-150,0,-376.8
8541,20:11:50:771,2,Moderate_Damage,L2_S3,-1712,1030,14460,-297,22,-130,0,-406.8
8542,20:11:50:781,2,Moderate_Damage,L2_S3,-1772,1038,14554,-169,29,-113,0,-312.8
8543,20:11:50:791,2,Moderate_Damage,L2_S3,-1736,1016,14552,-34,39,-97,0,-314.8
8544,20:11:50:801,2,Moderate_Damage,L2_S3,-1756,1046,14622,82,33,-74,0,-244.8
8545,20:11:50:811,2,Moderate_Damage,L2_S3,-1784,1090,14684,164,36,-60,0,-182.8
8546,20:11:50:821,2,Moderate_Damage,L2_S3,-1770,1112,14812,208,40,-61,0,-54.8
8547,20:11:50:831,2,Moderate_Damage,L2_S3,-1840,1150,14930,220,32,-49,0,63.2
8548,20:11:50:841,2,Moderate_Damage,L2_S3,-1840,1108,15122,198,42,-51,0,255.2
8549,20:11:50:851,2,Moderate_Damage,L2_S3,-1860,1158,15154,133,37,-68,0,287.2
8550,20:11:50:861,2,Moderate_Damage,L2_S3,-1810,1194,15260,32,34,-90,0,393.2
8551,20:11:50:871,2,Moderate_Damage,L2_S3,-1886,1150,15270,-86,24,-104,0,403.2
8552,20:11:50:881,2,Moderate_Damage,L2_S3,-1906,1216,15222,-208,28,-120,0,355.2
8553,20:11:50:892,2,Moderate_Damage,L2_S3,-1866,1208,15222,-334,21,-143,0,355.2
8554,20:11:50:901,2,Moderate_Damage,L2_S3,-1874,1182,15146,-442,19,-158,0,279.2
8555,20:11:50:911,2,Moderate_Damage,L2_S3,-1850,1150,15000,-526,32,-173,0,133.2
8556,20:11:50:921,2,Moderate_Damage,L2_S3,-1756,1092,14866,-574,15,-184,0,-0.8
8557,20:11:50:931,2,Moderate_Damage,L2_S3,-1816,1070,14768,-589,15,-184,0,-98.8
8558,20:11:50:942,2,Moderate_Damage,L2_S3,-1792,1060,14660,-565,16,-179,0,-206.8
8559,20:11:50:951,2,Moderate_Damage,L2_S3,-1706,1082,14552,-504,22,-171,0,-314.8
8560,20:11:50:961,2,Moderate_Damage,L2_S3,-1766,1022,14526,-298,23,-138,0,-340.8
8561,20:11:50:972,2,Moderate_Damage,L2_S3,-1742,1048,14504,-182,32,-119,0,-362.8
8562,20:11:50:981,2,Moderate_Damage,L2_S3,-1746,1036,14582,-66,32,-101,0,-284.8
8563,20:11:50:991,2,Moderate_Damage,L2_S3,-1778,1022,14682,39,35,-82,0,-184.8
8564,20:11:51:001,2,Moderate_Damage,L2_S3,-1760,1066,14740,120,38,-66,0,-126.8
8565,20:11:51:011,2,Moderate_Damage,L2_S3,-1790,1092,14888,173,32,-65,0,21.2
8566,20:11:51:021,2,Moderate_Damage,L2_S3,-1792,1090,14926,189,33,-68,0,59.2
8567,20:11:51:031,2,Moderate_Damage,L2_S3,-1782,1098,15008,165,33,-60,0,141.2
8568,20:11:51:041,2,Moderate_Damage,L2_S3,-1804,1202,15114,111,38,-74,0,247.2
8569,20:11:51:051,2,Moderate_Damage,L2_S3,-1840,1184,15152,22,29,-84,0,285.2
8570,20:11:51:061,2,Moderate_Damage,L2_S3,-1824,1210,15150,-82,33,-102,0,283.2
8571,20:11:51:072,2,Moderate_Damage,L2_S3,-1840,1190,15224,-194,32,-116,0,357.2
8572,20:11:51:082,2,Moderate_Damage,L2_S3,-1880,1202,15130,-308,28,-131,0,263.2
8573,20:11:51:092,2,Moderate_Damage,L2_S3,-1854,1162,15016,-412,18,-147,0,149.2
8574,20:11:51:101,2,Moderate_Damage,L2_S3,-1822,1126,15056,-494,21,-167,0,189.2
8575,20:11:51:111,2,Moderate_Damage,L2_S3,-1862,1130,14860,-545,20,-174,0,-6.8
8576,20:11:51:121,2,Moderate_Damage,L2_S3,-1756,1074,14784,-560,22,-184,0,-82.8
8577,20:11:51:132,2,Moderate_Damage,L2_S3,-1808,1132,14728,-536,19,-167,0,-138.8
8578,20:11:51:141,2,Moderate_Damage,L2_S3,-1770,1086,14662,-488,23,-167,0,-204.8
8579,20:11:51:152,2,Moderate_Damage,L2_S3,-1800,1116,14572,-396,19,-153,0,-294.8
8580,20:11:51:162,2,Moderate_Damage,L2_S3,-1806,1070,14566,-300,23,-142,0,-300.8
8581,20:11:51:172,2,Moderate_Damage,L2_S3,-1766,1068,14510,-190,28,-119,0,-356.8
8582,20:11:51:181,2,Moderate_Damage,L2_S3,-1758,1086,14596,-89,36,-99,0,-270.8
8583,20:11:51:191,2,Moderate_Damage,L2_S3,-1762,1056,14640,12,37,-90,0,-226.8
8584,20:11:51:201,2,Moderate_Damage,L2_S3,-1774,1082,14686,90,37,-79,0,-180.8
8585,20:11:51:211,2,Moderate_Damage,L2_S3,-1778,1122,14804,136,38,-66,0,-62.8
8586,20:11:51:221,2,Moderate_Damage,L2_S3,-1820,1138,14932,157,35,-66,0,65.2
8587,20:11:51:231,2,Moderate_Damage,L2_S3,-1826,1118,15060,143,40,-66,0,193.2
8588,20:11:51:241,2,Moderate_Damage,L2_S3,-1826,1166,15130,91,44,-75,0,263.2
8589,20:11:51:252,2,Moderate_Damage,L2_S3,-1890,1182,15172,20,38,-87,0,305.2
8590,20:11:51:261,2,Moderate_Damage,L2_S3,-1888,1204,15198,-77,27,-99,0,331.2
8591,20:11:51:272,2,Moderate_Damage,L2_S3,-1848,1170,15100,-185,25,-113,0,233.2
8592,20:11:51:282,2,Moderate_Damage,L2_S3,-1848,1168,15128,-288,29,-133,0,261.2
8593,20:11:51:292,2,Moderate_Damage,L2_S3,-1856,1174,15048,-379,20,-150,0,181.2
8594,20:11:51:301,2,Moderate_Damage,L2_S3,-1876,1164,14980,-460,17,-161,0,113.2
8595,20:11:51:312,2,Moderate_Damage,L2_S3,-1812,1112,14892,-512,23,-172,0,25.2
8596,20:11:51:322,2,Moderate_Damage,L2_S3,-1814,1110,14696,-527,16,-171,0,-170.8
8597,20:11:51:332,2,Moderate_Damage,L2_S3,-1722,1094,14702,-510,14,-168,0,-164.8
8598,20:11:51:342,2,Moderate_Damage,L2_S3,-1822,1064,14622,-462,20,-163,0,-244.8
8599,20:11:51:352,2,Moderate_Damage,L2_S3,-1724,1092,14622,-396,15,-143,0,-244.8
8600,20:11:51:362,2,Moderate_Damage,L2_S3,-1772,1074,14584,-307,31,-141,0,-282.8
8601,20:11:51:372,2,Moderate_Damage,L2_S3,-1734,1062,14624,-203,26,-120,0,-242.8
8602,20:11:51:382,2,Moderate_Damage,L2_S3,-1806,1126,14624,-106,31,-111,0,-242.8
8603,20:11:51:391,2,Moderate_Damage,L2_S3,-1816,1114,14684,-11,33,-90,0,-182.8
8604,20:11:51:401,2,Moderate_Damage,L2_S3,-1786,1080,14786,61,29,-83,0,-80.8
8605,20:11:51:411,2,Moderate_Damage,L2_S3,-1774,1126,14856,113,38,-68,0,-10.8
8606,20:11:51:421,2,Moderate_Damage,L2_S3,-1804,1154,14882,129,36,-69,0,15.2
8607,20:11:51:432,2,Moderate_Damage,L2_S3,-1802,1136,14888,119,38,-76,0,21.2
8608,20:11:51:441,2,Moderate_Damage,L2_S3,-1816,1132,15056,71,38,-78,0,189.2
8609,20:11:51:452,2,Moderate_Damage,L2_S3,-1858,1178,15104,4,40,-85,0,237.2
8610,20:11:51:462,2,Moderate_Damage,L2_S3,-1860,1206,15136,-77,27,-105,0,269.2
8611,20:11:51:472,2,Moderate_Damage,L2_S3,-1866,1190,15178,-169,31,-110,0,311.2
8612,20:11:51:482,2,Moderate_Damage,L2_S3,-1860,1162,15120,-270,27,-131,0,253.2
8613,20:11:51:492,2,Moderate_Damage,L2_S3,-1804,1194,15056,-354,30,-142,0,189.2
8614,20:11:51:502,2,Moderate_Damage,L2_S3,-1858,1148,14976,-430,17,-161,0,109.2
8615,20:11:51:512,2,Moderate_Damage,L2_S3,-1828,1120,14950,-472,23,-164,0,83.2
8616,20:11:51:522,2,Moderate_Damage,L2_S3,-1828,1118,14888,-503,12,-174,0,21.2
8617,20:11:51:532,2,Moderate_Damage,L2_S3,-1816,1150,14760,-478,30,-164,0,-106.8
8618,20:11:51:542,2,Moderate_Damage,L2_S3,-1732,1096,14676,-456,20,-162,0,-190.8
8619,20:11:51:552,2,Moderate_Damage,L2_S3,-1788,1070,14652,-387,24,-145,0,-214.8
8620,20:11:51:562,2,Moderate_Damage,L2_S3,-1722,1054,14600,-310,30,-141,0,-266.8
8621,20:11:51:572,2,Moderate_Damage,L2_S3,-1784,1030,14590,-211,24,-120,0,-276.8
8622,20:11:51:582,2,Moderate_Damage,L2_S3,-1766,1082,14650,-124,41,-110,0,-216.8
8623,20:11:51:592,2,Moderate_Damage,L2_S3,-1784,1092,14652,-44,39,-92,0,-214.8
8624,20:11:51:601,2,Moderate_Damage,L2_S3,-1756,1106,14768,28,40,-83,0,-98.8
8625,20:11:51:611,2,Moderate_Damage,L2_S3,-1774,1120,14758,81,34,-77,0,-108.8
8626,20:11:51:621,2,Moderate_Damage,L2_S3,-1776,1126,14876,97,36,-76,0,9.2
8627,20:11:51:631,2,Moderate_Damage,L2_S3,-1826,1146,14956,89,33,-77,0,89.2
8628,20:11:51:641,2,Moderate_Damage,L2_S3,-1816,1180,15022,57,30,-87,0,155.2
8629,20:11:51:651,2,Moderate_Damage,L2_S3,-1826,1188,15102,-8,30,-90,0,235.2
8630,20:11:51:662,2,Moderate_Damage,L2_S3,-1838,1142,15164,-79,36,-105,0,297.2
8631,20:11:51:672,2,Moderate_Damage,L2_S3,-1848,1204,15102,-169,17,-107,0,235.2
8632,20:11:51:682,2,Moderate_Damage,L2_S3,-1854,1208,15090,-253,28,-130,0,223.2
8633,20:11:51:692,2,Moderate_Damage,L2_S3,-1826,1152,15102,-332,19,-147,0,235.2
8634,20:11:51:702,2,Moderate_Damage,L2_S3,-1896,1148,14978,-399,26,-154,0,111.2
8635,20:11:51:712,2,Moderate_Damage,L2_S3,-1862,1166,14900,-449,28,-152,0,33.2
8636,20:11:51:722,2,Moderate_Damage,L2_S3,-1796,1142,14846,-466,20,-160,0,-20.8
8637,20:11:51:732,2,Moderate_Damage,L2_S3,-1784,1106,14750,-467,23,-163,0,-116.8
8638,20:11:51:742,2,Moderate_Damage,L2_S3,-1794,1042,14664,-433,18,-159,0,-202.8
8639,20:11:51:752,2,Moderate_Damage,L2_S3,-1826,1040,14654,-367,26,-153,0,-212.8
8640,20:11:51:762,2,Moderate_Damage,L2_S3,-1714,1054,14634,-301,21,-151,0,-232.8
8641,20:11:51:772,2,Moderate_Damage,L2_S3,-1746,1090,14608,-222,20,-129,0,-258.8
8642,20:11:51:782,2,Moderate_Damage,L2_S3,-1750,1066,14636,-137,34,-106,0,-230.8
8643,20:11:51:792,2,Moderate_Damage,L2_S3,-1726,1088,14698,-57,37,-99,0,-168.8
8644,20:11:51:802,2,Moderate_Damage,L2_S3,-1732,1090,14682,11,31,-87,0,-184.8
8645,20:11:51:812,2,Moderate_Damage,L2_S3,-1790,1070,14858,52,37,-81,0,-8.8
8646,20:11:51:821,2,Moderate_Damage,L2_S3,-1784,1102,14852,76,37,-73,0,-14.8
8647,20:11:51:831,2,Moderate_Damage,L2_S3,-1790,1112,14864,67,36,-76,0,-2.8
8648,20:11:51:841,2,Moderate_Damage,L2_S3,-1800,1158,14994,34,38,-84,0,127.2
8649,20:11:51:852,2,Moderate_Damage,L2_S3,-1836,1166,15076,-18,28,-97,0,209.2
8650,20:11:51:862,2,Moderate_Damage,L2_S3,-1800,1130,15044,-79,27,-102,0,177.2
8651,20:11:51:872,2,Moderate_Damage,L2_S3,-1846,1168,15076,-164,32,-112,0,209.2
8652,20:11:51:882,2,Moderate_Damage,L2_S3,-1864,1132,15096,-245,25,-127,0,229.2
8653,20:11:51:892,2,Moderate_Damage,L2_S3,-1820,1134,15020,-316,26,-142,0,153.2
8654,20:11:51:902,2,Moderate_Damage,L2_S3,-1850,1134,14994,-380,18,-149,0,127.2
8655,20:11:51:912,2,Moderate_Damage,L2_S3,-1850,1128,14888,-417,20,-161,0,21.2
8656,20:11:51:922,2,Moderate_Damage,L2_S3,-1814,1108,14828,-446,26,-154,0,-38.8
8657,20:11:51:932,2,Moderate_Damage,L2_S3,-1830,1098,14782,-440,26,-151,0,-84.8
8658,20:11:51:942,2,Moderate_Damage,L2_S3,-1784,1100,14734,-409,27,-155,0,-132.8
8659,20:11:51:952,2,Moderate_Damage,L2_S3,-1744,1062,14654,-364,30,-150,0,-212.8
8660,20:11:51:962,2,Moderate_Damage,L2_S3,-1804,1080,14630,-296,29,-133,0,-236.8
8661,20:11:51:972,2,Moderate_Damage,L2_S3,-1788,1048,14658,-228,33,-125,0,-208.8
8662,20:11:51:982,2,Moderate_Damage,L2_S3,-1798,1054,14622,-146,30,-112,0,-244.8
8663,20:11:51:992,2,Moderate_Damage,L2_S3,-1818,1082,14712,-78,31,-103,0,-154.8
8664,20:11:52:002,2,Moderate_Damage,L2_S3,-1782,1058,14692,-12,39,-94,0,-174.8
8665,20:11:52:012,2,Moderate_Damage,L2_S3,-1820,1118,14800,25,32,-82,0,-66.8
8666,20:11:52:022,2,Moderate_Damage,L2_S3,-1814,1116,14922,56,40,-77,0,55.2
8667,20:11:52:032,2,Moderate_Damage,L2_S3,-1878,1098,14956,44,29,-80,0,89.2
8668,20:11:52:042,2,Moderate_Damage,L2_S3,-1772,1110,14994,21,33,-79,0,127.2
8669,20:11:52:052,2,Moderate_Damage,L2_S3,-1828,1150,15058,-26,31,-82,0,191.2
8670,20:11:52:062,2,Moderate_Damage,L2_S3,-1836,1178,15092,-90,40,-99,0,225.2
8671,20:11:52:072,2,Moderate_Damage,L2_S3,-1808,1170,15062,-149,33,-109,0,195.2
8672,20:11:52:082,2,Moderate_Damage,L2_S3,-1798,1134,15030,-229,37,-129,0,163.2
8673,20:11:52:092,2,Moderate_Damage,L2_S3,-1792,1158,14986,-296,31,-133,0,119.2
8674,20:11:52:102,2,Moderate_Damage,L2_S3,-1806,1140,15046,-358,22,-139,0,179.2
8675,20:11:52:112,2,Moderate_Damage,L2_S3,-1800,1116,14898,-399,21,-143,0,31.2
8676,20:11:52:122,2,Moderate_Damage,L2_S3,-1766,1108,14858,-420,18,-154,0,-8.8
8677,20:11:52:132,2,Moderate_Damage,L2_S3,-1770,1080,14840,-420,29,-161,0,-26.8
8678,20:11:52:142,2,Moderate_Damage,L2_S3,-1764,1058,14658,-402,24,-147,0,-208.8
8679,20:11:52:152,2,Moderate_Damage,L2_S3,-1802,1096,14750,-360,24,-141,0,-116.8
8680,20:11:52:162,2,Moderate_Damage,L2_S3,-1766,1112,14700,-299,30,-140,0,-166.8
8681,20:11:52:172,2,Moderate_Damage,L2_S3,-1774,1064,14648,-230,27,-123,0,-218.8
8682,20:11:52:182,2,Moderate_Damage,L2_S3,-1788,1066,14646,-162,30,-118,0,-220.8
8683,20:11:52:192,2,Moderate_Damage,L2_S3,-1778,1062,14724,-92,32,-97,0,-142.8
8684,20:11:52:202,2,Moderate_Damage,L2_S3,-1788,1076,14738,-40,33,-97,0,-128.8
8685,20:11:52:212,2,Moderate_Damage,L2_S3,-1770,1080,14848,5,33,-83,0,-18.8
8686,20:11:52:222,2,Moderate_Damage,L2_S3,-1788,1146,14856,23,32,-81,0,-10.8
8687,20:11:52:232,2,Moderate_Damage,L2_S3,-1798,1152,14952,25,44,-83,0,85.2
8688,20:11:52:242,2,Moderate_Damage,L2_S3,-1842,1170,15000,0,34,-87,0,133.2
8689,20:11:52:252,2,Moderate_Damage,L2_S3,-1804,1136,14968,-33,37,-100,0,101.2
8690,20:11:52:262,2,Moderate_Damage,L2_S3,-1888,1164,15022,-91,29,-102,0,155.2
8691,20:11:52:272,2,Moderate_Damage,L2_S3,-1870,1170,15056,-150,30,-112,0,189.2
8692,20:11:52:282,2,Moderate_Damage,L2_S3,-1850,1180,14982,-216,22,-127,0,115.2
8693,20:11:52:292,2,Moderate_Damage,L2_S3,-1884,1156,15074,-287,31,-137,0,207.2
8694,20:11:52:302,2,Moderate_Damage,L2_S3,-1808,1150,15004,-337,29,-140,0,137.2
8695,20:11:52:312,2,Moderate_Damage,L2_S3,-1838,1120,14922,-376,28,-146,0,55.2
8696,20:11:52:322,2,Moderate_Damage,L2_S3,-1814,1110,14870,-396,22,-150,0,3.2
8697,20:11:52:332,2,Moderate_Damage,L2_S3,-1834,1052,14748,-402,32,-153,0,-118.8
8698,20:11:52:342,2,Moderate_Damage,L2_S3,-1790,1068,14694,-383,17,-143,0,-172.8
8699,20:11:52:352,2,Moderate_Damage,L2_S3,-1780,1038,14728,-346,31,-149,0,-138.8
8700,20:11:52:362,2,Moderate_Damage,L2_S3,-1766,1092,14610,-296,19,-138,0,-256.8
8701,20:11:52:372,2,Moderate_Damage,L2_S3,-1778,1098,14654,-231,32,-118,0,-212.8
8702,20:11:52:382,2,Moderate_Damage,L2_S3,-1798,1064,14704,-169,29,-108,0,-162.8
8703,20:11:52:392,2,Moderate_Damage,L2_S3,-1790,1104,14736,-109,31,-103,0,-130.8
8704,20:11:52:402,2,Moderate_Damage,L2_S3,-1780,1080,14766,-49,32,-97,0,-100.8
8705,20:11:52:412,2,Moderate_Damage,L2_S3,-1810,1070,14752,-13,39,-90,0,-114.8
8706,20:11:52:422,2,Moderate_Damage,L2_S3,-1830,1130,14822,13,34,-85,0,-44.8
8707,20:11:52:432,2,Moderate_Damage,L2_S3,-1836,1088,14932,12,33,-89,0,65.2
8708,20:11:52:442,2,Moderate_Damage,L2_S3,-1806,1150,15012,-3,37,-82,0,145.2
8709,20:11:52:452,2,Moderate_Damage,L2_S3,-1836,1148,14988,-45,34,-93,0,121.2
8710,20:11:52:462,2,Moderate_Damage,L2_S3,-1828,1136,15060,-95,38,-99,0,193.2
8711,20:11:52:472,2,Moderate_Damage,L2_S3,-1838,1126,15064,-149,32,-108,0,197.2
8712,20:11:52:482,2,Moderate_Damage,L2_S3,-1828,1126,14996,-208,30,-114,0,129.2
8713,20:11:52:492,2,Moderate_Damage,L2_S3,-1794,1140,15022,-271,31,-132,0,155.2
8714,20:11:52:502,2,Moderate_Damage,L2_S3,-1840,1126,14914,-321,31,-142,0,47.2
8715,20:11:52:512,2,Moderate_Damage,L2_S3,-1844,1134,14936,-360,28,-143,0,69.2
8716,20:11:52:522,2,Moderate_Damage,L2_S3,-1832,1092,14848,-388,28,-148,0,-18.8
8717,20:11:52:532,2,Moderate_Damage,L2_S3,-1780,1158,14886,-388,25,-149,0,19.2
8718,20:11:52:542,2,Moderate_Damage,L2_S3,-1768,1078,14764,-367,25,-146,0,-102.8
8719,20:11:52:552,2,Moderate_Damage,L2_S3,-1818,1096,14704,-337,29,-139,0,-162.8
8720,20:11:52:562,2,Moderate_Damage,L2_S3,-1752,1094,14736,-294,27,-134,0,-130.8
8721,20:11:52:572,2,Moderate_Damage,L2_S3,-1780,1096,14738,-238,21,-126,0,-128.8
8722,20:11:52:582,2,Moderate_Damage,L2_S3,-1816,1076,14678,-173,27,-112,0,-188.8
8723,20:11:52:592,2,Moderate_Damage,L2_S3,-1710,1074,14748,-121,25,-109,0,-118.8
8724,20:11:52:602,2,Moderate_Damage,L2_S3,-1844,1106,14734,-73,32,-97,0,-132.8
8725,20:11:52:612,2,Moderate_Damage,L2_S3,-1752,1104,14766,-33,26,-92,0,-100.8
8726,20:11:52:622,2,Moderate_Damage,L2_S3,-1824,1088,14842,-8,31,-87,0,-24.8
8727,20:11:52:632,2,Moderate_Damage,L2_S3,-1766,1132,14896,-5,25,-89,0,29.2
8728,20:11:52:642,2,Moderate_Damage,L2_S3,-1852,1130,14938,-23,32,-92,0,71.2
8729,20:11:52:652,2,Moderate_Damage,L2_S3,-1876,1128,15002,-52,27,-95,0,135.2
8730,20:11:52:662,2,Moderate_Damage,L2_S3,-1846,1168,15038,-97,32,-105,0,171.2
8731,20:11:52:672,2,Moderate_Damage,L2_S3,-1850,1144,15020,-148,37,-111,0,153.2
8732,20:11:52:682,2,Moderate_Damage,L2_S3,-1860,1144,15018,-204,32,-120,0,151.2
8733,20:11:52:692,2,Moderate_Damage,L2_S3,-1820,1140,14904,-252,31,-128,0,37.2
8734,20:11:52:702,2,Moderate_Damage,L2_S3,-1864,1108,14978,-311,29,-135,0,111.2
8735,20:11:52:712,2,Moderate_Damage,L2_S3,-1774,1140,14914,-336,28,-143,0,47.2
8736,20:11:52:722,2,Moderate_Damage,L2_S3,-1826,1122,14842,-368,27,-144,0,-24.8
8737,20:11:52:732,2,Moderate_Damage,L2_S3,-1838,1124,14830,-364,29,-140,0,-36.8
8738,20:11:52:742,2,Moderate_Damage,L2_S3,-1734,1062,14864,-352,27,-150,0,-2.8
8739,20:11:52:752,2,Moderate_Damage,L2_S3,-1840,1112,14722,-329,23,-142,0,-144.8
8740,20:11:52:762,2,Moderate_Damage,L2_S3,-1782,1114,14710,-296,28,-138,0,-156.8
8741,20:11:52:772,2,Moderate_Damage,L2_S3,-1808,1056,14642,-234,29,-126,0,-224.8
8742,20:11:52:782,2,Moderate_Damage,L2_S3,-1766,1070,14700,-183,32,-122,0,-166.8
8743,20:11:52:792,2,Moderate_Damage,L2_S3,-1802,1050,14734,-126,30,-110,0,-132.8
8744,20:11:52:802,2,Moderate_Damage,L2_S3,-1796,1090,14762,-85,30,-100,0,-104.8
8745,20:11:52:812,2,Moderate_Damage,L2_S3,-1810,1112,14796,-46,37,-97,0,-70.8
8746,20:11:52:822,2,Moderate_Damage,L2_S3,-1758,1134,14806,-36,28,-96,0,-60.8
8747,20:11:52:832,2,Moderate_Damage,L2_S3,-1832,1150,14850,-20,31,-97,0,-16.8
8748,20:11:52:842,2,Moderate_Damage,L2_S3,-1842,1138,14926,-32,32,-96,0,59.2
8749,20:11:52:852,2,Moderate_Damage,L2_S3,-1788,1116,14996,-59,31,-97,0,129.2
8750,20:11:52:862,2,Moderate_Damage,L2_S3,-1854,1142,15002,-102,27,-103,0,135.2
8751,20:11:52:872,2,Moderate_Damage,L2_S3,-1800,1162,15088,-150,30,-116,0,221.2
8752,20:11:52:882,2,Moderate_Damage,L2_S3,-1794,1172,14974,-193,24,-117,0,107.2
8753,20:11:52:892,2,Moderate_Damage,L2_S3,-1808,1168,15022,-253,32,-130,0,155.2
8754,20:11:52:902,2,Moderate_Damage,L2_S3,-1806,1150,15012,-294,19,-135,0,145.2
8755,20:11:52:912,2,Moderate_Damage,L2_S3,-1802,1170,14940,-322,29,-137,0,73.2
8756,20:11:52:922,2,Moderate_Damage,L2_S3,-1776,1106,14828,-348,20,-145,0,-38.8
8757,20:11:52:932,2,Moderate_Damage,L2_S3,-1776,1116,14790,-354,25,-149,0,-76.8
8758,20:11:52:942,2,Moderate_Damage,L2_S3,-1774,1106,14784,-345,21,-143,0,-82.8
8759,20:11:52:952,2,Moderate_Damage,L2_S3,-1730,1058,14774,-322,31,-139,0,-92.8
8760,20:11:52:962,2,Moderate_Damage,L2_S3,-1802,1098,14756,-282,19,-133,0,-110.8
8761,20:11:52:972,2,Moderate_Damage,L2_S3,-1754,1088,14734,-240,29,-129,0,-132.8
8762,20:11:52:982,2,Moderate_Damage,L2_S3,-1802,1054,14714,-191,23,-116,0,-152.8
8763,20:11:52:992,2,Moderate_Damage,L2_S3,-1782,1082,14724,-145,31,-108,0,-142.8
8764,20:11:53:002,2,Moderate_Damage,L2_S3,-1746,1086,14704,-104,37,-103,0,-162.8
8765,20:11:53:012,2,Moderate_Damage,L2_S3,-1806,1138,14816,-71,32,-97,0,-50.8
8766,20:11:53:022,2,Moderate_Damage,L2_S3,-1796,1150,14770,-41,37,-95,0,-96.8
8767,20:11:53:032,2,Moderate_Damage,L2_S3,-1856,1112,14870,-35,32,-90,0,3.2
8768,20:11:53:042,2,Moderate_Damage,L2_S3,-1834,1188,14840,-45,35,-96,0,-26.8
8769,20:11:53:052,2,Moderate_Damage,L2_S3,-1832,1154,14998,-65,29,-99,0,131.2
8770,20:11:53:062,2,Moderate_Damage,L2_S3,-1824,1122,14956,-106,31,-102,0,89.2
8771,20:11:53:072,2,Moderate_Damage,L2_S3,-1840,1116,14964,-145,35,-111,0,97.2
8772,20:11:53:082,2,Moderate_Damage,L2_S3,-1850,1116,15036,-192,34,-122,0,169.2
8773,20:11:53:092,2,Moderate_Damage,L2_S3,-1858,1138,14994,-241,31,-130,0,127.2
8774,20:11:53:102,2,Moderate_Damage,L2_S3,-1808,1122,14906,-279,22,-136,0,39.2
8775,20:11:53:112,2,Moderate_Damage,L2_S3,-1790,1126,14950,-313,19,-134,0,83.2
8776,20:11:53:122,2,Moderate_Damage,L2_S3,-1790,1112,14822,-332,28,-142,0,-44.8
8777,20:11:53:132,2,Moderate_Damage,L2_S3,-1824,1120,14846,-343,29,-142,0,-20.8
8778,20:11:53:142,2,Moderate_Damage,L2_S3,-1808,1076,14882,-332,22,-140,0,15.2
8779,20:11:53:152,2,Moderate_Damage,L2_S3,-1812,1068,14782,-313,23,-136,0,-84.8
8780,20:11:53:162,2,Moderate_Damage,L2_S3,-1834,1068,14756,-283,30,-138,0,-110.8
8781,20:11:53:172,2,Moderate_Damage,L2_S3,-1854,1114,14810,-244,28,-122,0,-56.8
8782,20:11:53:182,2,Moderate_Damage,L2_S3,-1776,1086,14664,-198,31,-112,0,-202.8
8783,20:11:53:192,2,Moderate_Damage,L2_S3,-1778,1102,14836,-152,37,-110,0,-30.8
8784,20:11:53:202,2,Moderate_Damage,L2_S3,-1786,1064,14718,-114,37,-108,0,-148.8
8785,20:11:53:213,2,Moderate_Damage,L2_S3,-1778,1116,14762,-77,36,-101,0,-104.8
8786,20:11:53:222,2,Moderate_Damage,L2_S3,-1834,1060,14924,-63,35,-99,0,57.2
8787,20:11:53:232,2,Moderate_Damage,L2_S3,-1782,1132,14898,-53,35,-99,0,31.2
8788,20:11:53:242,2,Moderate_Damage,L2_S3,-1806,1132,15006,-58,31,-96,0,139.2
8789,20:11:53:252,2,Moderate_Damage,L2_S3,-1766,1136,14954,-71,32,-94,0,87.2
8790,20:11:53:262,2,Moderate_Damage,L2_S3,-1798,1140,14940,-100,29,-101,0,73.2
8791,20:11:53:272,2,Moderate_Damage,L2_S3,-1826,1130,14970,-143,32,-114,0,103.2
8792,20:11:53:282,2,Moderate_Damage,L2_S3,-1798,1124,14962,-192,26,-126,0,95.2
8793,20:11:53:292,2,Moderate_Damage,L2_S3,-1806,1134,15028,-229,24,-135,0,161.2
8794,20:11:53:302,2,Moderate_Damage,L2_S3,-1752,1170,14902,-269,23,-133,0,35.2
8795,20:11:53:312,2,Moderate_Damage,L2_S3,-1838,1134,14914,-300,29,-134,0,47.2
8796,20:11:53:322,2,Moderate_Damage,L2_S3,-1828,1128,14866,-320,22,-133,0,-0.8
8797,20:11:53:332,2,Moderate_Damage,L2_S3,-1818,1110,14806,-326,32,-144,0,-60.8
8798,20:11:53:342,2,Moderate_Damage,L2_S3,-1780,1116,14824,-323,23,-140,0,-42.8
8799,20:11:53:352,2,Moderate_Damage,L2_S3,-1792,1152,14812,-301,29,-136,0,-54.8
8800,20:11:53:362,2,Moderate_Damage,L2_S3,-1752,1092,14798,-277,31,-135,0,-68.8
8801,20:11:53:372,2,Moderate_Damage,L2_S3,-1796,1124,14770,-240,31,-126,0,-96.8
8802,20:11:53:382,2,Moderate_Damage,L2_S3,-1806,1084,14808,-198,26,-122,0,-58.8
8803,20:11:53:392,2,Moderate_Damage,L2_S3,-1800,1156,14714,-158,31,-111,0,-152.8
8804,20:11:53:402,2,Moderate_Damage,L2_S3,-1822,1092,14704,-123,37,-107,0,-162.8
8805,20:11:53:412,2,Moderate_Damage,L2_S3,-1796,1130,14812,-84,38,-103,0,-54.8
8806,20:11:53:422,2,Moderate_Damage,L2_S3,-1792,1154,14832,-65,30,-101,0,-34.8
8807,20:11:53:432,2,Moderate_Damage,L2_S3,-1782,1124,14908,-63,37,-101,0,41.2
8808,20:11:53:442,2,Moderate_Damage,L2_S3,-1820,1136,14920,-77,29,-99,0,53.2
8809,20:11:53:452,2,Moderate_Damage,L2_S3,-1842,1126,14952,-89,31,-104,0,85.2
8810,20:11:53:462,2,Moderate_Damage,L2_S3,-1834,1106,15010,-116,26,-109,0,143.2
8811,20:11:53:472,2,Moderate_Damage,L2_S3,-1814,1152,14922,-148,22,-113,0,55.2
8812,20:11:53:482,2,Moderate_Damage,L2_S3,-1798,1124,15018,-179,31,-116,0,151.2
8813,20:11:53:492,2,Moderate_Damage,L2_S3,-1802,1138,14978,-216,27,-121,0,111.2
8814,20:11:53:503,2,Moderate_Damage,L2_S3,-1800,1156,14946,-255,31,-129,0,79.2
8815,20:11:53:513,2,Moderate_Damage,L2_S3,-1870,1164,14878,-289,33,-140,0,11.2
8816,20:11:53:522,2,Moderate_Damage,L2_S3,-1820,1090,14922,-304,25,-140,0,55.2
8817,20:11:53:532,2,Moderate_Damage,L2_S3,-1776,1108,14818,-318,34,-139,0,-48.8
8818,20:11:53:542,2,Moderate_Damage,L2_S3,-1806,1092,14780,-307,25,-139,0,-86.8
8819,20:11:53:553,2,Moderate_Damage,L2_S3,-1794,1116,14796,-302,19,-130,0,-70.8
8820,20:11:53:562,2,Moderate_Damage,L2_S3,-1792,1082,14762,-267,25,-129,0,-104.8
8821,20:11:53:573,2,Moderate_Damage,L2_S3,-1770,1098,14804,-236,25,-131,0,-62.8
8822,20:11:53:583,2,Moderate_Damage,L2_S3,-1828,1040,14710,-203,30,-116,0,-156.8
8823,20:11:53:593,2,Moderate_Damage,L2_S3,-1806,1088,14744,-164,35,-111,0,-122.8
8824,20:11:53:603,2,Moderate_Damage,L2_S3,-1782,1070,14772,-130,34,-104,0,-94.8
8825,20:11:53:613,2,Moderate_Damage,L2_S3,-1778,1080,14840,-101,32,-105,0,-26.8
8826,20:11:53:622,2,Moderate_Damage,L2_S3,-1770,1086,14806,-84,34,-101,0,-60.8
8827,20:11:53:632,2,Moderate_Damage,L2_S3,-1816,1078,14780,-76,33,-94,0,-86.8
8828,20:11:53:642,2,Moderate_Damage,L2_S3,-1794,1138,14926,-77,36,-102,0,59.2
8829,20:11:53:652,2,Moderate_Damage,L2_S3,-1840,1092,14970,-89,32,-100,0,103.2
8830,20:11:53:662,2,Moderate_Damage,L2_S3,-1842,1122,14982,-117,29,-100,0,115.2
8831,20:11:53:672,2,Moderate_Damage,L2_S3,-1816,1140,14952,-146,28,-103,0,85.2
8832,20:11:53:682,2,Moderate_Damage,L2_S3,-1792,1114,14996,-181,29,-117,0,129.2
8833,20:11:53:692,2,Moderate_Damage,L2_S3,-1802,1152,15020,-218,26,-125,0,153.2
8834,20:11:53:702,2,Moderate_Damage,L2_S3,-1828,1130,14902,-251,29,-132,0,35.2
8835,20:11:53:713,2,Moderate_Damage,L2_S3,-1856,1108,14894,-274,30,-132,0,27.2
8836,20:11:53:723,2,Moderate_Damage,L2_S3,-1780,1100,14830,-297,34,-139,0,-36.8
8837,20:11:53:733,2,Moderate_Damage,L2_S3,-1846,1128,14894,-303,28,-136,0,27.2
8838,20:11:53:743,2,Moderate_Damage,L2_S3,-1812,1102,14764,-305,30,-126,0,-102.8
8839,20:11:53:753,2,Moderate_Damage,L2_S3,-1790,1082,14820,-291,34,-135,0,-46.8
8840,20:11:53:763,2,Moderate_Damage,L2_S3,-1786,1080,14808,-268,34,-134,0,-58.8
8841,20:11:53:773,2,Moderate_Damage,L2_S3,-1738,1084,14754,-237,22,-130,0,-112.8
8842,20:11:53:783,2,Moderate_Damage,L2_S3,-1776,1102,14702,-204,27,-124,0,-164.8
8843,20:11:53:793,2,Moderate_Damage,L2_S3,-1756,1078,14768,-172,33,-115,0,-98.8
8844,20:11:53:803,2,Moderate_Damage,L2_S3,-1782,1084,14780,-138,32,-110,0,-86.8
8845,20:11:53:813,2,Moderate_Damage,L2_S3,-1802,1110,14846,-110,32,-105,0,-20.8
8846,20:11:53:822,2,Moderate_Damage,L2_S3,-1774,1114,14826,-85,39,-103,0,-40.8
8847,20:11:53:833,2,Moderate_Damage,L2_S3,-1788,1090,14878,-87,34,-103,0,11.2
8848,20:11:53:843,2,Moderate_Damage,L2_S3,-1830,1104,14960,-87,32,-105,0,93.2
8849,20:11:53:853,2,Moderate_Damage,L2_S3,-1794,1120,14936,-95,28,-100,0,69.2
8850,20:11:53:863,2,Moderate_Damage,L2_S3,-1858,1178,14904,-120,26,-103,0,37.2
8851,20:11:53:873,2,Moderate_Damage,L2_S3,-1802,1106,14918,-144,36,-115,0,51.2
8852,20:11:53:883,2,Moderate_Damage,L2_S3,-1760,1150,14984,-179,28,-117,0,117.2
8853,20:11:53:893,2,Moderate_Damage,L2_S3,-1774,1124,14964,-213,27,-125,0,97.2
8854,20:11:53:903,2,Moderate_Damage,L2_S3,-1810,1132,14946,-248,27,-137,0,79.2
8855,20:11:53:913,2,Moderate_Damage,L2_S3,-1796,1132,14916,-265,27,-131,0,49.2
8856,20:11:53:923,2,Moderate_Damage,L2_S3,-1782,1138,14900,-284,22,-136,0,33.2
8857,20:11:53:933,2,Moderate_Damage,L2_S3,-1804,1118,14852,-298,31,-138,0,-14.8
8858,20:11:53:943,2,Moderate_Damage,L2_S3,-1854,1090,14796,-289,26,-134,0,-70.8
8859,20:11:53:953,2,Moderate_Damage,L2_S3,-1794,1076,14822,-278,32,-130,0,-44.8
8860,20:11:53:963,2,Moderate_Damage,L2_S3,-1868,1112,14796,-259,26,-130,0,-70.8
8861,20:11:53:973,2,Moderate_Damage,L2_S3,-1792,1108,14824,-238,37,-130,0,-42.8
8862,20:11:53:983,2,Moderate_Damage,L2_S3,-1772,1124,14742,-207,28,-122,0,-124.8
8863,20:11:53:993,2,Moderate_Damage,L2_S3,-1788,1072,14724,-169,29,-112,0,-142.8
8864,20:11:54:003,2,Moderate_Damage,L2_S3,-1784,1098,14776,-149,34,-117,0,-90.8
8865,20:11:54:013,2,Moderate_Damage,L2_S3,-1784,1090,14762,-121,29,-106,0,-104.8
8866,20:11:54:023,2,Moderate_Damage,L2_S3,-1828,1114,14806,-97,35,-109,0,-60.8
8867,20:11:54:032,2,Moderate_Damage,L2_S3,-1810,1118,14784,-93,32,-112,0,-82.8
8868,20:11:54:043,2,Moderate_Damage,L2_S3,-1794,1100,14874,-94,31,-100,0,7.2
8869,20:11:54:053,2,Moderate_Damage,L2_S3,-1796,1094,14928,-106,38,-104,0,61.2
8870,20:11:54:063,2,Moderate_Damage,L2_S3,-1842,1142,14874,-131,29,-108,0,7.2
8871,20:11:54:073,2,Moderate_Damage,L2_S3,-1872,1152,14922,-149,33,-114,0,55.2
8872,20:11:54:083,2,Moderate_Damage,L2_S3,-1840,1154,14936,-178,29,-113,0,69.2
8873,20:11:54:093,2,Moderate_Damage,L2_S3,-1838,1164,14982,-205,30,-121,0,115.2
8874,20:11:54:103,2,Moderate_Damage,L2_S3,-1794,1112,14920,-239,29,-125,0,53.2
8875,20:11:54:113,2,Moderate_Damage,L2_S3,-1840,1150,14904,-261,30,-127,0,37.2
8876,20:11:54:123,2,Moderate_Damage,L2_S3,-1800,1118,14796,-275,29,-132,0,-70.8
8877,20:11:54:133,2,Moderate_Damage,L2_S3,-1798,1138,14818,-284,33,-129,0,-48.8
8878,20:11:54:143,2,Moderate_Damage,L2_S3,-1776,1110,14914,-285,23,-128,0,47.2
8879,20:11:54:153,2,Moderate_Damage,L2_S3,-1844,1090,14858,-274,32,-133,0,-8.8
8880,20:11:54:163,2,Moderate_Damage,L2_S3,-1776,1166,14808,-258,25,-130,0,-58.8
8881,20:11:54:173,2,Moderate_Damage,L2_S3,-1812,1140,14818,-236,23,-123,0,-48.8
8882,20:11:54:183,2,Moderate_Damage,L2_S3,-1800,1090,14796,-210,31,-117,0,-70.8
8883,20:11:54:193,2,Moderate_Damage,L2_S3,-1780,1090,14762,-177,36,-118,0,-104.8
8884,20:11:54:203,2,Moderate_Damage,L2_S3,-1796,1070,14796,-156,38,-114,0,-70.8
8885,20:11:54:213,2,Moderate_Damage,L2_S3,-1790,1112,14878,-129,28,-110,0,11.2
8886,20:11:54:223,2,Moderate_Damage,L2_S3,-1764,1100,14886,-111,31,-109,0,19.2
8887,20:11:54:233,2,Moderate_Damage,L2_S3,-1782,1096,14860,-98,42,-100,0,-6.8
8888,20:11:54:243,2,Moderate_Damage,L2_S3,-1834,1128,14934,-102,30,-103,0,67.2
8889,20:11:54:253,2,Moderate_Damage,L2_S3,-1842,1102,14938,-111,40,-106,0,71.2
8890,20:11:54:263,2,Moderate_Damage,L2_S3,-1828,1140,14924,-133,28,-104,0,57.2
8891,20:11:54:273,2,Moderate_Damage,L2_S3,-1810,1146,14968,-151,32,-107,0,101.2
8892,20:11:54:283,2,Moderate_Damage,L2_S3,-1774,1130,15036,-177,23,-114,0,169.2
8893,20:11:54:293,2,Moderate_Damage,L2_S3,-1822,1162,14946,-200,28,-124,0,79.2
8894,20:11:54:303,2,Moderate_Damage,L2_S3,-1810,1112,14914,-232,21,-133,0,47.2
8895,20:11:54:313,2,Moderate_Damage,L2_S3,-1748,1120,14898,-250,25,-128,0,31.2
8896,20:11:54:323,2,Moderate_Damage,L2_S3,-1828,1146,14900,-272,21,-136,0,33.2
8897,20:11:54:333,2,Moderate_Damage,L2_S3,-1832,1114,14896,-276,33,-133,0,29.2
8898,20:11:54:343,2,Moderate_Damage,L2_S3,-1778,1098,14880,-274,29,-133,0,13.2
8899,20:11:54:353,2,Moderate_Damage,L2_S3,-1778,1112,14810,-268,27,-134,0,-56.8
8900,20:11:54:363,2,Moderate_Damage,L2_S3,-1792,1080,14774,-252,32,-134,0,-92.8
8901,20:11:54:373,2,Moderate_Damage,L2_S3,-1834,1102,14762,-230,25,-129,0,-104.8
8902,20:11:54:383,2,Moderate_Damage,L2_S3,-1790,1102,14750,-202,25,-113,0,-116.8
8903,20:11:54:393,2,Moderate_Damage,L2_S3,-1800,1072,14808,-182,28,-114,0,-58.8
8904,20:11:54:403,2,Moderate_Damage,L2_S3,-1820,1126,14768,-157,21,-106,0,-98.8
8905,20:11:54:413,2,Moderate_Damage,L2_S3,-1802,1100,14854,-135,33,-105,0,-12.8
8906,20:11:54:423,2,Moderate_Damage,L2_S3,-1838,1096,14864,-117,31,-100,0,-2.8
8907,20:11:54:433,2,Moderate_Damage,L2_S3,-1756,1106,14846,-113,32,-100,0,-20.8
8908,20:11:54:443,2,Moderate_Damage,L2_S3,-1790,1182,14890,-107,35,-98,0,23.2
8909,20:11:54:453,2,Moderate_Damage,L2_S3,-1842,1110,14890,-117,32,-105,0,23.2
8910,20:11:54:463,2,Moderate_Damage,L2_S3,-1812,1162,14892,-132,38,-115,0,25.2
8911,20:11:54:473,2,Moderate_Damage,L2_S3,-1792,1130,14982,-153,35,-114,0,115.2
8912,20:11:54:483,2,Moderate_Damage,L2_S3,-1792,1148,14948,-175,31,-110,0,81.2
8913,20:11:54:493,2,Moderate_Damage,L2_S3,-1804,1124,14972,-203,29,-124,0,105.2
8914,20:11:54:503,2,Moderate_Damage,L2_S3,-1868,1114,14886,-224,27,-124,0,19.2
8915,20:11:54:513,2,Moderate_Damage,L2_S3,-1816,1122,14974,-247,25,-123,0,107.2
8916,20:11:54:523,2,Moderate_Damage,L2_S3,-1820,1156,14862,-267,25,-127,0,-4.8
8917,20:11:54:533,2,Moderate_Damage,L2_S3,-1826,1102,14816,-278,24,-126,0,-50.8
8918,20:11:54:543,2,Moderate_Damage,L2_S3,-1798,1124,14826,-271,28,-131,0,-40.8
8919,20:11:54:553,2,Moderate_Damage,L2_S3,-1810,1112,14728,-263,26,-127,0,-138.8
8920,20:11:54:563,2,Moderate_Damage,L2_S3,-1786,1102,14774,-253,32,-132,0,-92.8
8921,20:11:54:573,2,Moderate_Damage,L2_S3,-1750,1114,14794,-233,29,-127,0,-72.8
8922,20:11:54:583,2,Moderate_Damage,L2_S3,-1818,1092,14756,-215,28,-122,0,-110.8
8923,20:11:54:593,2,Moderate_Damage,L2_S3,-1810,1076,14764,-186,31,-120,0,-102.8
8924,20:11:54:603,2,Moderate_Damage,L2_S3,-1796,1112,14894,-162,38,-121,0,27.2
8925,20:11:54:613,2,Moderate_Damage,L2_S3,-1788,1116,14734,-142,34,-112,0,-132.8
8926,20:11:54:623,2,Moderate_Damage,L2_S3,-1752,1134,14852,-129,34,-110,0,-14.8
8927,20:11:54:633,2,Moderate_Damage,L2_S3,-1844,1104,14852,-116,29,-99,0,-14.8
8928,20:11:54:643,2,Moderate_Damage,L2_S3,-1832,1126,14826,-114,27,-108,0,-40.8
8929,20:11:54:653,2,Moderate_Damage,L2_S3,-1784,1138,14910,-125,27,-105,0,43.2
8930,20:11:54:663,2,Moderate_Damage,L2_S3,-1814,1144,14894,-130,36,-108,0,27.2
8931,20:11:54:673,2,Moderate_Damage,L2_S3,-1780,1122,14936,-148,29,-110,0,69.2
8932,20:11:54:683,2,Moderate_Damage,L2_S3,-1796,1094,14914,-173,28,-110,0,47.2
8933,20:11:54:693,2,Moderate_Damage,L2_S3,-1778,1118,14896,-198,36,-116,0,29.2
8934,20:11:54:703,2,Moderate_Damage,L2_S3,-1784,1166,14832,-225,27,-124,0,-34.8
8935,20:11:54:713,2,Moderate_Damage,L2_S3,-1824,1114,14928,-239,29,-129,0,61.2
8936,20:11:54:724,2,Moderate_Damage,L2_S3,-1778,1122,14950,-251,22,-129,0,83.2
8937,20:11:54:733,2,Moderate_Damage,L2_S3,-1802,1170,14814,-254,34,-122,0,-52.8
8938,20:11:54:743,2,Moderate_Damage,L2_S3,-1824,1132,14840,-259,24,-131,0,-26.8
8939,20:11:54:753,2,Moderate_Damage,L2_S3,-1804,1186,14764,-256,26,-126,0,-102.8
8940,20:11:54:763,2,Moderate_Damage,L2_S3,-1824,1132,14768,-245,30,-128,0,-98.8
8941,20:11:54:773,2,Moderate_Damage,L2_S3,-1736,1138,14764,-225,30,-125,0,-102.8
8942,20:11:54:783,2,Moderate_Damage,L2_S3,-1814,1116,14806,-210,28,-114,0,-60.8
8943,20:11:54:793,2,Moderate_Damage,L2_S3,-1760,1114,14786,-181,26,-114,0,-80.8
8944,20:11:54:803,2,Moderate_Damage,L2_S3,-1800,1046,14800,-168,35,-117,0,-66.8
8945,20:11:54:813,2,Moderate_Damage,L2_S3,-1830,1080,14828,-151,32,-113,0,-38.8
8946,20:11:54:823,2,Moderate_Damage,L2_S3,-1768,1096,14800,-138,30,-113,0,-66.8
8947,20:11:54:833,2,Moderate_Damage,L2_S3,-1828,1110,14920,-129,29,-110,0,53.2
8948,20:11:54:843,2,Moderate_Damage,L2_S3,-1810,1148,14842,-126,32,-101,0,-24.8
8949,20:11:54:853,2,Moderate_Damage,L2_S3,-1770,1124,14930,-121,32,-110,0,63.2
8950,20:11:54:863,2,Moderate_Damage,L2_S3,-1848,1134,14956,-138,31,-106,0,89.2
8951,20:11:54:873,2,Moderate_Damage,L2_S3,-1878,1088,14916,-152,34,-114,0,49.2
8952,20:11:54:883,2,Moderate_Damage,L2_S3,-1844,1102,14890,-179,22,-119,0,23.2
8953,20:11:54:893,2,Moderate_Damage,L2_S3,-1828,1118,14868,-198,30,-121,0,1.2
8954,20:11:54:903,2,Moderate_Damage,L2_S3,-1764,1108,14948,-213,26,-127,0,81.2
8955,20:11:54:913,2,Moderate_Damage,L2_S3,-1796,1104,14856,-234,24,-126,0,-10.8
8956,20:11:54:923,2,Moderate_Damage,L2_S3,-1778,1096,14916,-249,31,-128,0,49.2
8957,20:11:54:933,2,Moderate_Damage,L2_S3,-1820,1080,14858,-261,31,-129,0,-8.8
8958,20:11:54:943,2,Moderate_Damage,L2_S3,-1812,1066,14862,-260,26,-127,0,-4.8
8959,20:11:54:953,2,Moderate_Damage,L2_S3,-1820,1156,14784,-251,28,-126,0,-82.8
8960,20:11:54:963,2,Moderate_Damage,L2_S3,-1834,1076,14748,-242,34,-128,0,-118.8
8961,20:11:54:973,2,Moderate_Damage,L2_S3,-1806,1100,14758,-229,29,-122,0,-108.8
8962,20:11:54:983,2,Moderate_Damage,L2_S3,-1802,1094,14810,-209,31,-122,0,-56.8
8963,20:11:54:993,2,Moderate_Damage,L2_S3,-1828,1120,14868,-199,30,-121,0,1.2
8964,20:11:55:003,2,Moderate_Damage,L2_S3,-1756,1114,14898,-164,36,-119,0,31.2
8965,20:11:55:013,2,Moderate_Damage,L2_S3,-1774,1096,14802,-155,24,-116,0,-64.8
8966,20:11:55:023,2,Moderate_Damage,L2_S3,-1842,1144,14752,-138,27,-106,0,-114.8
8967,20:11:55:033,2,Moderate_Damage,L2_S3,-1816,1128,14880,-134,25,-110,0,13.2
8968,20:11:55:043,2,Moderate_Damage,L2_S3,-1860,1140,14946,-126,28,-102,0,79.2
8969,20:11:55:053,2,Moderate_Damage,L2_S3,-1802,1150,14944,-143,38,-108,0,77.2
8970,20:11:55:063,2,Moderate_Damage,L2_S3,-1792,1108,14910,-137,35,-110,0,43.2
8971,20:11:55:073,2,Moderate_Damage,L2_S3,-1784,1096,14882,-158,31,-109,0,15.2
8972,20:11:55:083,2,Moderate_Damage,L2_S3,-1820,1110,14900,-171,28,-111,0,33.2
8973,20:11:55:093,2,Moderate_Damage,L2_S3,-1756,1094,15010,-191,26,-123,0,143.2
8974,20:11:55:103,2,Moderate_Damage,L2_S3,-1814,1150,14902,-203,25,-118,0,35.2
8975,20:11:55:113,2,Moderate_Damage,L2_S3,-1792,1090,14876,-228,30,-119,0,9.2
8976,20:11:55:123,2,Moderate_Damage,L2_S3,-1802,1122,14874,-237,31,-117,0,7.2
8977,20:11:55:133,2,Moderate_Damage,L2_S3,-1854,1056,14832,-252,26,-126,0,-34.8
8978,20:11:55:143,2,Moderate_Damage,L2_S3,-1784,1108,14882,-257,25,-134,0,15.2
8979,20:11:55:153,2,Moderate_Damage,L2_S3,-1858,1132,14822,-250,21,-130,0,-44.8
8980,20:11:55:163,2,Moderate_Damage,L2_S3,-1800,1144,14878,-244,24,-129,0,11.2
8981,20:11:55:173,2,Moderate_Damage,L2_S3,-1848,1156,14860,-221,17,-121,0,-6.8
8982,20:11:55:183,2,Moderate_Damage,L2_S3,-1774,1150,14848,-202,32,-120,0,-18.8
8983,20:11:55:193,2,Moderate_Damage,L2_S3,-1812,1122,14734,-188,23,-118,0,-132.8
8984,20:11:55:203,2,Moderate_Damage,L2_S3,-1766,1106,14766,-169,33,-112,0,-100.8
8985,20:11:55:213,2,Moderate_Damage,L2_S3,-1820,1090,14774,-155,27,-112,0,-92.8
8986,20:11:55:223,2,Moderate_Damage,L2_S3,-1876,1120,14886,-148,32,-109,0,19.2
8987,20:11:55:233,2,Moderate_Damage,L2_S3,-1832,1090,14838,-136,34,-107,0,-28.8
8988,20:11:55:243,2,Moderate_Damage,L2_S3,-1860,1100,14838,-141,32,-114,0,-28.8
8989,20:11:55:253,2,Moderate_Damage,L2_S3,-1780,1120,14860,-138,28,-112,0,-6.8
8990,20:11:55:263,2,Moderate_Damage,L2_S3,-1802,1136,14890,-144,24,-113,0,23.2
8991,20:11:55:273,2,Moderate_Damage,L2_S3,-1770,1118,14884,-158,25,-116,0,17.2
8992,20:11:55:283,2,Moderate_Damage,L2_S3,-1810,1132,14896,-179,26,-120,0,29.2
8993,20:11:55:293,2,Moderate_Damage,L2_S3,-1782,1104,14998,-185,28,-120,0,131.2
8994,20:11:55:303,2,Moderate_Damage,L2_S3,-1822,1092,14922,-210,25,-116,0,55.2
8995,20:11:55:313,2,Moderate_Damage,L2_S3,-1782,1160,14990,-224,31,-118,0,123.2
8996,20:11:55:323,2,Moderate_Damage,L2_S3,-1810,1156,14852,-235,24,-123,0,-14.8
8997,20:11:55:333,2,Moderate_Damage,L2_S3,-1830,1174,14814,-239,30,-132,0,-52.8
8998,20:11:55:343,2,Moderate_Damage,L2_S3,-1796,1108,14892,-246,24,-129,0,25.2
8999,20:11:55:353,2,Moderate_Damage,L2_S3,-1794,1122,14796,-246,27,-127,0,-70.8
9000,20:11:55:363,2,Moderate_Damage,L2_S3,-1818,1114,14838,-239,26,-122,0,-28.8
9001,20:11:55:373,2,Moderate_Damage,L2_S3,-1782,1106,14892,-233,26,-122,0,25.2
9002,20:11:55:383,2,Moderate_Damage,L2_S3,-1806,1144,14826,-213,30,-115,0,-40.8
9003,20:11:55:393,2,Moderate_Damage,L2_S3,-1800,1132,14840,-195,32,-120,0,-26.8
9004,20:11:55:403,2,Moderate_Damage,L2_S3,-1802,1078,14814,-176,40,-111,0,-52.8
9005,20:11:55:413,2,Moderate_Damage,L2_S3,-1836,1118,14798,-159,44,-118,0,-68.8
9006,20:11:55:423,2,Moderate_Damage,L2_S3,-1808,1128,14834,-150,30,-115,0,-32.8
9007,20:11:55:433,2,Moderate_Damage,L2_S3,-1826,1126,14790,-141,34,-113,0,-76.8
9008,20:11:55:443,2,Moderate_Damage,L2_S3,-1788,1120,14868,-138,32,-113,0,1.2
9009,20:11:55:454,2,Moderate_Damage,L2_S3,-1780,1114,14800,-148,34,-109,0,-66.8
9010,20:11:55:463,2,Moderate_Damage,L2_S3,-1814,1150,14914,-157,30,-113,0,47.2
9011,20:11:55:473,2,Moderate_Damage,L2_S3,-1820,1164,14918,-169,35,-114,0,51.2
9012,20:11:55:483,2,Moderate_Damage,L2_S3,-1814,1106,14882,-176,34,-117,0,15.2
9013,20:11:55:493,2,Moderate_Damage,L2_S3,-1780,1124,14948,-189,30,-125,0,81.2
9014,20:11:55:503,2,Moderate_Damage,L2_S3,-1820,1118,14930,-202,34,-121,0,63.2
9015,20:11:55:513,2,Moderate_Damage,L2_S3,-1794,1128,14870,-223,29,-121,0,3.2
9016,20:11:55:523,2,Moderate_Damage,L2_S3,-1802,1154,14836,-238,34,-123,0,-30.8
9017,20:11:55:534,2,Moderate_Damage,L2_S3,-1856,1120,14876,-243,33,-124,0,9.2
9018,20:11:55:543,2,Moderate_Damage,L2_S3,-1804,1100,14836,-247,35,-128,0,-30.8
9019,20:11:55:553,2,Moderate_Damage,L2_S3,-1780,1096,14784,-246,29,-125,0,-82.8
9020,20:11:55:563,2,Moderate_Damage,L2_S3,-1788,1130,14820,-236,29,-126,0,-46.8
9021,20:11:55:573,2,Moderate_Damage,L2_S3,-1784,1096,14874,-229,24,-128,0,7.2
9022,20:11:55:583,2,Moderate_Damage,L2_S3,-1760,1148,14830,-214,33,-121,0,-36.8
9023,20:11:55:593,2,Moderate_Damage,L2_S3,-1854,1080,14838,-188,34,-118,0,-28.8
9024,20:11:55:603,2,Moderate_Damage,L2_S3,-1734,1078,14836,-180,29,-112,0,-30.8
9025,20:11:55:613,2,Moderate_Damage,L2_S3,-1800,1134,14812,-169,32,-110,0,-54.8
9026,20:11:55:623,2,Moderate_Damage,L2_S3,-1782,1110,14844,-162,31,-116,0,-22.8
9027,20:11:55:633,2,Moderate_Damage,L2_S3,-1808,1076,14858,-143,29,-110,0,-8.8
9028,20:11:55:643,2,Moderate_Damage,L2_S3,-1800,1132,14892,-146,28,-117,0,25.2
9029,20:11:55:653,2,Moderate_Damage,L2_S3,-1796,1128,14816,-143,28,-112,0,-50.8
9030,20:11:55:663,2,Moderate_Damage,L2_S3,-1784,1102,14934,-150,29,-112,0,67.2
9031,20:11:55:673,2,Moderate_Damage,L2_S3,-1784,1120,14842,-165,33,-114,0,-24.8
9032,20:11:55:683,2,Moderate_Damage,L2_S3,-1818,1178,14932,-170,27,-116,0,65.2
9033,20:11:55:693,2,Moderate_Damage,L2_S3,-1844,1094,14896,-183,28,-120,0,29.2
9034,20:11:55:703,2,Moderate_Damage,L2_S3,-1800,1138,14922,-203,33,-118,0,55.2
9035,20:11:55:713,2,Moderate_Damage,L2_S3,-1774,1116,14856,-219,17,-125,0,-10.8
9036,20:11:55:724,2,Moderate_Damage,L2_S3,-1788,1134,14904,-225,25,-125,0,37.2
9037,20:11:55:733,2,Moderate_Damage,L2_S3,-1782,1152,14898,-233,30,-124,0,31.2
9038,20:11:55:743,2,Moderate_Damage,L2_S3,-1828,1124,14838,-238,21,-127,0,-28.8
9039,20:11:55:754,2,Moderate_Damage,L2_S3,-1778,1088,14796,-234,30,-129,0,-70.8
9040,20:11:55:763,2,Moderate_Damage,L2_S3,-1784,1092,14914,-233,26,-126,0,47.2
9041,20:11:55:773,2,Moderate_Damage,L2_S3,-1784,1096,14810,-221,33,-130,0,-56.8
9042,20:11:55:783,2,Moderate_Damage,L2_S3,-1808,1088,14736,-210,31,-115,0,-130.8
9043,20:11:55:793,2,Moderate_Damage,L2_S3,-1832,1086,14796,-195,35,-120,0,-70.8
9044,20:11:55:803,2,Moderate_Damage,L2_S3,-1832,1112,14836,-182,30,-124,0,-30.8
9045,20:11:55:813,2,Moderate_Damage,L2_S3,-1832,1096,14836,-166,35,-115,0,-30.8
9046,20:11:55:823,2,Moderate_Damage,L2_S3,-1780,1166,14846,-148,28,-116,0,-20.8
9047,20:11:55:833,2,Moderate_Damage,L2_S3,-1814,1114,14838,-147,23,-115,0,-28.8
9048,20:11:55:843,2,Moderate_Damage,L2_S3,-1778,1080,14842,-143,30,-112,0,-24.8
9049,20:11:55:854,2,Moderate_Damage,L2_S3,-1820,1136,14850,-152,26,-114,0,-16.8
9050,20:11:55:863,2,Moderate_Damage,L2_S3,-1764,1118,14878,-161,35,-118,0,11.2
9051,20:11:55:873,2,Moderate_Damage,L2_S3,-1822,1092,14956,-176,31,-116,0,89.2
9052,20:11:55:884,2,Moderate_Damage,L2_S3,-1824,1102,14912,-189,30,-122,0,45.2
9053,20:11:55:893,2,Moderate_Damage,L2_S3,-1768,1130,14876,-197,26,-118,0,9.2
9054,20:11:55:904,2,Moderate_Damage,L2_S3,-1772,1162,14872,-218,26,-120,0,5.2
9055,20:11:55:913,2,Moderate_Damage,L2_S3,-1838,1120,14926,-228,22,-121,0,59.2
9056,20:11:55:924,2,Moderate_Damage,L2_S3,-1768,1130,14910,-232,27,-129,0,43.2
9057,20:11:55:933,2,Moderate_Damage,L2_S3,-1822,1112,14844,-237,27,-122,0,-22.8
9058,20:11:55:943,2,Moderate_Damage,L2_S3,-1780,1106,14876,-234,31,-127,0,9.2
9059,20:11:55:953,2,Moderate_Damage,L2_S3,-1814,1098,14782,-221,33,-122,0,-84.8
9060,20:11:55:963,2,Moderate_Damage,L2_S3,-1834,1112,14820,-223,29,-123,0,-46.8
9061,20:11:55:974,2,Moderate_Damage,L2_S3,-1782,1100,14802,-209,32,-115,0,-64.8
9062,20:11:55:984,2,Moderate_Damage,L2_S3,-1810,1110,14846,-204,25,-111,0,-20.8
9063,20:11:55:994,2,Moderate_Damage,L2_S3,-1782,1116,14844,-182,30,-114,0,-22.8
9064,20:11:56:004,2,Moderate_Damage,L2_S3,-1784,1124,14850,-175,25,-110,0,-16.8
9065,20:11:56:014,2,Moderate_Damage,L2_S3,-1758,1096,14866,-162,32,-115,0,-0.8
9066,20:11:56:024,2,Moderate_Damage,L2_S3,-1780,1140,14856,-157,29,-111,0,-10.8
9067,20:11:56:034,2,Moderate_Damage,L2_S3,-1816,1104,14954,-156,28,-115,0,87.2
9068,20:11:56:044,2,Moderate_Damage,L2_S3,-1828,1148,14902,-153,31,-116,0,35.2
9069,20:11:56:054,2,Moderate_Damage,L2_S3,-1824,1128,14900,-163,27,-120,0,33.2
9070,20:11:56:063,2,Moderate_Damage,L2_S3,-1810,1132,14876,-163,33,-114,0,9.2
9071,20:11:56:073,2,Moderate_Damage,L2_S3,-1824,1160,14918,-175,30,-117,0,51.2
9072,20:11:56:083,2,Moderate_Damage,L2_S3,-1850,1156,14894,-183,30,-116,0,27.2
9073,20:11:56:093,2,Moderate_Damage,L2_S3,-1782,1168,14884,-200,26,-115,0,17.2
9074,20:11:56:104,2,Moderate_Damage,L2_S3,-1786,1206,14878,-211,30,-121,0,11.2
9075,20:11:56:114,2,Moderate_Damage,L2_S3,-1824,1122,14926,-222,29,-120,0,59.2
9076,20:11:56:124,2,Moderate_Damage,L2_S3,-1840,1110,14890,-221,30,-129,0,23.2
9077,20:11:56:134,2,Moderate_Damage,L2_S3,-1838,1112,14814,-219,26,-128,0,-52.8
9078,20:11:56:144,2,Moderate_Damage,L2_S3,-1782,1136,14896,-228,27,-121,0,29.2
9079,20:11:56:154,2,Moderate_Damage,L2_S3,-1788,1130,14854,-225,30,-119,0,-12.8
9080,20:11:56:164,2,Moderate_Damage,L2_S3,-1820,1120,14802,-223,33,-124,0,-64.8
9081,20:11:56:173,2,Moderate_Damage,L2_S3,-1776,1068,14784,-210,33,-119,0,-82.8
9082,20:11:56:183,2,Moderate_Damage,L2_S3,-1808,1142,14876,-201,32,-122,0,9.2
9083,20:11:56:194,2,Moderate_Damage,L2_S3,-1844,1166,14872,-187,22,-122,0,5.2
9084,20:11:56:204,2,Moderate_Damage,L2_S3,-1758,1092,14816,-173,30,-121,0,-50.8
9085,20:11:56:213,2,Moderate_Damage,L2_S3,-1778,1110,14810,-170,28,-114,0,-56.8
9086,20:11:56:223,2,Moderate_Damage,L2_S3,-1806,1154,14854,-161,35,-112,0,-12.8
9087,20:11:56:233,2,Moderate_Damage,L2_S3,-1810,1116,14858,-161,26,-121,0,-8.8
9088,20:11:56:244,2,Moderate_Damage,L2_S3,-1818,1136,14852,-153,27,-106,0,-14.8
9089,20:11:56:254,2,Moderate_Damage,L2_S3,-1770,1146,14870,-158,34,-110,0,3.2
9090,20:11:56:264,2,Moderate_Damage,L2_S3,-1800,1092,14934,-167,27,-114,0,67.2
9091,20:11:56:274,2,Moderate_Damage,L2_S3,-1806,1156,14826,-169,26,-114,0,-40.8
9092,20:11:56:284,2,Moderate_Damage,L2_S3,-1804,1142,14888,-187,32,-119,0,21.2
9093,20:11:56:294,2,Moderate_Damage,L2_S3,-1828,1096,14902,-190,18,-119,0,35.2
9094,20:11:56:304,2,Moderate_Damage,L2_S3,-1812,1124,14902,-206,33,-124,0,35.2
9095,20:11:56:314,2,Moderate_Damage,L2_S3,-1832,1090,14958,-218,26,-130,0,91.2
9096,20:11:56:324,2,Moderate_Damage,L2_S3,-1824,1102,14884,-214,28,-128,0,17.2
9097,20:11:56:334,2,Moderate_Damage,L2_S3,-1770,1082,14866,-225,36,-124,0,-0.8
9098,20:11:56:344,2,Moderate_Damage,L2_S3,-1784,1120,14788,-232,24,-116,0,-78.8
9099,20:11:56:354,2,Moderate_Damage,L2_S3,-1796,1118,14810,-220,32,-119,0,-56.8
9100,20:11:56:364,2,Moderate_Damage,L2_S3,-1788,1080,14808,-219,22,-115,0,-58.8
9101,20:11:56:374,2,Moderate_Damage,L2_S3,-1814,1120,14870,-211,19,-122,0,3.2
9102,20:11:56:384,2,Moderate_Damage,L2_S3,-1808,1110,14806,-195,28,-123,0,-60.8
9103,20:11:56:394,2,Moderate_Damage,L2_S3,-1808,1120,14734,-187,33,-118,0,-132.8
9104,20:11:56:404,2,Moderate_Damage,L2_S3,-1796,1130,14836,-177,36,-116,0,-30.8
9105,20:11:56:414,2,Moderate_Damage,L2_S3,-1770,1130,14790,-167,30,-118,0,-76.8
9106,20:11:56:424,2,Moderate_Damage,L2_S3,-1776,1138,14824,-160,34,-118,0,-42.8
9107,20:11:56:434,2,Moderate_Damage,L2_S3,-1788,1130,14844,-161,32,-112,0,-22.8
9108,20:11:56:444,2,Moderate_Damage,L2_S3,-1810,1160,14936,-163,27,-107,0,69.2
9109,20:11:56:454,2,Moderate_Damage,L2_S3,-1812,1128,14902,-156,28,-108,0,35.2
9110,20:11:56:464,2,Moderate_Damage,L2_S3,-1744,1116,14894,-169,23,-114,0,27.2
9111,20:11:56:474,2,Moderate_Damage,L2_S3,-1822,1176,14854,-175,26,-123,0,-12.8
9112,20:11:56:484,2,Moderate_Damage,L2_S3,-1800,1082,14916,-189,21,-120,0,49.2
9113,20:11:56:494,2,Moderate_Damage,L2_S3,-1802,1116,14844,-193,28,-119,0,-22.8
9114,20:11:56:504,2,Moderate_Damage,L2_S3,-1820,1116,14880,-203,24,-125,0,13.2
9115,20:11:56:514,2,Moderate_Damage,L2_S3,-1826,1146,14872,-216,29,-123,0,5.2
9116,20:11:56:524,2,Moderate_Damage,L2_S3,-1784,1148,14892,-221,29,-122,0,25.2
9117,20:11:56:534,2,Moderate_Damage,L2_S3,-1800,1092,14872,-219,22,-125,0,5.2
9118,20:11:56:544,2,Moderate_Damage,L2_S3,-1826,1082,14876,-223,26,-123,0,9.2
9119,20:11:56:554,2,Moderate_Damage,L2_S3,-1816,1098,14858,-220,34,-118,0,-8.8
9120,20:11:56:564,2,Moderate_Damage,L2_S3,-1770,1120,14800,-220,25,-118,0,-66.8
9121,20:11:56:574,2,Moderate_Damage,L2_S3,-1784,1130,14802,-207,34,-117,0,-64.8
9122,20:11:56:584,2,Moderate_Damage,L2_S3,-1796,1080,14814,-202,25,-117,0,-52.8
9123,20:11:56:594,2,Moderate_Damage,L2_S3,-1734,1092,14778,-185,33,-115,0,-88.8
9124,20:11:56:604,2,Moderate_Damage,L2_S3,-1838,1072,14846,-179,24,-112,0,-20.8
9125,20:11:56:614,2,Moderate_Damage,L2_S3,-1814,1106,14812,-170,33,-118,0,-54.8
9126,20:11:56:624,2,Moderate_Damage,L2_S3,-1816,1070,14902,-169,33,-114,0,35.2
9127,20:11:56:634,2,Moderate_Damage,L2_S3,-1850,1118,14904,-167,31,-115,0,37.2
9128,20:11:56:644,2,Moderate_Damage,L2_S3,-1794,1084,14844,-158,38,-116,0,-22.8
9129,20:11:56:654,2,Moderate_Damage,L2_S3,-1854,1162,14862,-173,27,-111,0,-4.8
9130,20:11:56:664,2,Moderate_Damage,L2_S3,-1806,1112,14874,-170,37,-116,0,7.2
9131,20:11:56:674,2,Moderate_Damage,L2_S3,-1768,1074,14870,-175,26,-123,0,3.2
9132,20:11:56:684,2,Moderate_Damage,L2_S3,-1814,1138,14872,-180,33,-122,0,5.2
9133,20:11:56:694,2,Moderate_Damage,L2_S3,-1838,1106,14842,-192,31,-123,0,-24.8
9134,20:11:56:704,2,Moderate_Damage,L2_S3,-1806,1124,14916,-201,21,-119,0,49.2
9135,20:11:56:714,2,Moderate_Damage,L2_S3,-1798,1124,14868,-207,28,-119,0,1.2
9136,20:11:56:724,2,Moderate_Damage,L2_S3,-1776,1128,14886,-218,23,-129,0,19.2
9137,20:11:56:734,2,Moderate_Damage,L2_S3,-1808,1052,14870,-223,28,-127,0,3.2
9138,20:11:56:744,2,Moderate_Damage,L2_S3,-1798,1102,14886,-220,30,-124,0,19.2
9139,20:11:56:754,2,Moderate_Damage,L2_S3,-1792,1160,14910,-220,28,-127,0,43.2
9140,20:11:56:764,2,Moderate_Damage,L2_S3,-1796,1112,14850,-212,32,-130,0,-16.8
9141,20:11:56:774,2,Moderate_Damage,L2_S3,-1764,1144,14896,-212,25,-125,0,29.2
9142,20:11:56:784,2,Moderate_Damage,L2_S3,-1790,1122,14788,-197,27,-118,0,-78.8
9143,20:11:56:794,2,Moderate_Damage,L2_S3,-1810,1094,14820,-192,28,-116,0,-46.8
9144,20:11:56:804,2,Moderate_Damage,L2_S3,-1800,1148,14864,-186,30,-119,0,-2.8
9145,20:11:56:814,2,Moderate_Damage,L2_S3,-1798,1100,14820,-177,28,-118,0,-46.8
9146,20:11:56:824,2,Moderate_Damage,L2_S3,-1796,1116,14860,-165,31,-114,0,-6.8
9147,20:11:56:834,2,Moderate_Damage,L2_S3,-1834,1098,14906,-164,28,-117,0,39.2
9148,20:11:56:844,2,Moderate_Damage,L2_S3,-1776,1090,14900,-169,32,-117,0,33.2
9149,20:11:56:854,2,Moderate_Damage,L2_S3,-1816,1154,14868,-169,25,-117,0,1.2
9150,20:11:56:864,2,Moderate_Damage,L2_S3,-1786,1128,14830,-177,27,-122,0,-36.8
9151,20:11:56:874,2,Moderate_Damage,L2_S3,-1788,1132,14834,-179,31,-120,0,-32.8
9152,20:11:56:884,2,Moderate_Damage,L2_S3,-1848,1170,14830,-187,27,-118,0,-36.8
9153,20:11:56:894,2,Moderate_Damage,L2_S3,-1776,1132,14830,-201,23,-118,0,-36.8
9154,20:11:56:904,2,Moderate_Damage,L2_S3,-1822,1120,14848,-212,30,-131,0,-18.8
9155,20:11:56:914,2,Moderate_Damage,L2_S3,-1846,1154,14972,-214,30,-126,0,105.2
9156,20:11:56:924,2,Moderate_Damage,L2_S3,-1814,1150,14908,-220,33,-129,0,41.2
9157,20:11:56:934,2,Moderate_Damage,L2_S3,-1804,1132,14870,-221,30,-126,0,3.2
9158,20:11:56:944,2,Moderate_Damage,L2_S3,-1816,1114,14890,-218,28,-124,0,23.2
9159,20:11:56:954,2,Moderate_Damage,L2_S3,-1798,1102,14838,-217,32,-126,0,-28.8
9160,20:11:56:964,2,Moderate_Damage,L2_S3,-1852,1144,14820,-213,24,-123,0,-46.8
9161,20:11:56:974,2,Moderate_Damage,L2_S3,-1822,1068,14812,-206,31,-122,0,-54.8
9162,20:11:56:984,2,Moderate_Damage,L2_S3,-1814,1122,14796,-197,35,-119,0,-70.8
9163,20:11:56:994,2,Moderate_Damage,L2_S3,-1804,1112,14850,-193,38,-122,0,-16.8
9164,20:11:57:004,2,Moderate_Damage,L2_S3,-1782,1134,14910,-182,32,-117,0,43.2
9165,20:11:57:014,2,Moderate_Damage,L2_S3,-1846,1084,14836,-176,32,-112,0,-30.8
9166,20:11:57:024,2,Moderate_Damage,L2_S3,-1800,1118,14888,-166,32,-117,0,21.2
9167,20:11:57:034,2,Moderate_Damage,L2_S3,-1806,1134,14858,-157,27,-118,0,-8.8
9168,20:11:57:044,2,Moderate_Damage,L2_S3,-1810,1168,14834,-163,28,-117,0,-32.8
9169,20:11:57:054,2,Moderate_Damage,L2_S3,-1788,1132,14898,-172,34,-111,0,31.2
9170,20:11:57:064,2,Moderate_Damage,L2_S3,-1788,1082,14866,-175,29,-115,0,-0.8
9171,20:11:57:074,2,Moderate_Damage,L2_S3,-1736,1166,14856,-177,34,-117,0,-10.8
9172,20:11:57:084,2,Moderate_Damage,L2_S3,-1778,1142,14846,-180,30,-118,0,-20.8
9173,20:11:57:094,2,Moderate_Damage,L2_S3,-1802,1130,14850,-188,25,-117,0,-16.8
9174,20:11:57:104,2,Moderate_Damage,L2_S3,-1818,1084,14812,-197,26,-121,0,-54.8
9175,20:11:57:114,2,Moderate_Damage,L2_S3,-1834,1114,14918,-208,24,-114,0,51.2
9176,20:11:57:124,2,Moderate_Damage,L2_S3,-1806,1112,14866,-213,28,-113,0,-0.8
9177,20:11:57:134,2,Moderate_Damage,L2_S3,-1792,1130,14896,-224,24,-122,0,29.2
9178,20:11:57:144,2,Moderate_Damage,L2_S3,-1846,1164,14840,-221,21,-123,0,-26.8
9179,20:11:57:154,2,Moderate_Damage,L2_S3,-1778,1120,14862,-217,29,-120,0,-4.8
9180,20:11:57:164,2,Moderate_Damage,L2_S3,-1812,1122,14876,-221,22,-116,0,9.2
9181,20:11:57:174,2,Moderate_Damage,L2_S3,-1838,1188,14828,-202,34,-122,0,-38.8
9182,20:11:57:184,2,Moderate_Damage,L2_S3,-1790,1104,14820,-199,31,-123,0,-46.8
9183,20:11:57:194,2,Moderate_Damage,L2_S3,-1788,1126,14808,-196,24,-114,0,-58.8
9184,20:11:57:204,2,Moderate_Damage,L2_S3,-1790,1124,14784,-185,28,-117,0,-82.8
9185,20:11:57:214,2,Moderate_Damage,L2_S3,-1792,1148,14882,-180,25,-114,0,15.2
9186,20:11:57:224,2,Moderate_Damage,L2_S3,-1842,1146,14822,-169,28,-116,0,-44.8
9187,20:11:57:234,2,Moderate_Damage,L2_S3,-1840,1068,14826,-171,25,-114,0,-40.8
9188,20:11:57:244,2,Moderate_Damage,L2_S3,-1792,1068,14822,-164,42,-114,0,-44.8
9189,20:11:57:254,2,Moderate_Damage,L2_S3,-1862,1130,14850,-176,23,-108,0,-16.8
9190,20:11:57:264,2,Moderate_Damage,L2_S3,-1784,1130,14934,-172,31,-115,0,67.2
9191,20:11:57:274,2,Moderate_Damage,L2_S3,-1804,1154,14872,-184,25,-114,0,5.2
9192,20:11:57:284,2,Moderate_Damage,L2_S3,-1766,1094,14860,-178,34,-123,0,-6.8
9193,20:11:57:294,2,Moderate_Damage,L2_S3,-1788,1128,14864,-199,25,-121,0,-2.8
9194,20:11:57:304,2,Moderate_Damage,L2_S3,-1834,1082,14850,-198,30,-118,0,-16.8
9195,20:11:57:314,2,Moderate_Damage,L2_S3,-1786,1110,14906,-207,33,-119,0,39.2
9196,20:11:57:324,2,Moderate_Damage,L2_S3,-1838,1112,14916,-208,26,-115,0,49.2
9197,20:11:57:334,2,Moderate_Damage,L2_S3,-1798,1086,14882,-216,31,-127,0,15.2
9198,20:11:57:344,2,Moderate_Damage,L2_S3,-1860,1124,14828,-210,30,-118,0,-38.8
9199,20:11:57:357,2,Moderate_Damage,L2_S3,-1820,1124,14888,-214,33,-118,0,21.2
9200,20:11:57:364,2,Moderate_Damage,L2_S3,-1770,1108,14944,-207,23,-119,0,77.2
9201,20:11:57:374,2,Moderate_Damage,L2_S3,-1822,1156,14850,-205,26,-119,0,-16.8
9202,20:11:57:384,2,Moderate_Damage,L2_S3,-1764,1108,14820,-199,28,-119,0,-46.8
9203,20:11:57:394,2,Moderate_Damage,L2_S3,-1798,1122,14832,-194,30,-118,0,-34.8
9204,20:11:57:404,2,Moderate_Damage,L2_S3,-1790,1152,14840,-185,31,-117,0,-26.8
9205,20:11:57:414,2,Moderate_Damage,L2_S3,-1800,1120,14822,-178,30,-118,0,-44.8
9206,20:11:57:424,2,Moderate_Damage,L2_S3,-1850,1126,14838,-173,25,-116,0,-28.8
9207,20:11:57:434,2,Moderate_Damage,L2_S3,-1776,1116,14806,-170,32,-119,0,-60.8
9208,20:11:57:444,2,Moderate_Damage,L2_S3,-1806,1160,14870,-176,28,-121,0,3.2
9209,20:11:57:454,2,Moderate_Damage,L2_S3,-1772,1174,14848,-169,28,-116,0,-18.8
9210,20:11:57:464,2,Moderate_Damage,L2_S3,-1784,1132,14946,-173,37,-113,0,79.2
9211,20:11:57:474,2,Moderate_Damage,L2_S3,-1846,1142,14868,-179,28,-113,0,1.2
9212,20:11:57:485,2,Moderate_Damage,L2_S3,-1798,1098,14832,-182,35,-115,0,-34.8
9213,20:11:57:494,2,Moderate_Damage,L2_S3,-1808,1152,14902,-190,20,-122,0,35.2
9214,20:11:57:504,2,Moderate_Damage,L2_S3,-1818,1104,14908,-198,38,-121,0,41.2
9215,20:11:57:514,2,Moderate_Damage,L2_S3,-1784,1074,14902,-201,29,-126,0,35.2
9216,20:11:57:524,2,Moderate_Damage,L2_S3,-1778,1096,14884,-203,31,-129,0,17.2
9217,20:11:57:534,2,Moderate_Damage,L2_S3,-1816,1118,14816,-209,31,-124,0,-50.8
9218,20:11:57:544,2,Moderate_Damage,L2_S3,-1816,1104,14876,-216,32,-119,0,9.2
9219,20:11:57:554,2,Moderate_Damage,L2_S3,-1816,1086,14860,-213,32,-127,0,-6.8
9220,20:11:57:564,2,Moderate_Damage,L2_S3,-1836,1112,14898,-208,23,-115,0,31.2
9221,20:11:57:574,2,Moderate_Damage,L2_S3,-1794,1154,14806,-195,40,-121,0,-60.8
9222,20:11:57:584,2,Moderate_Damage,L2_S3,-1784,1106,14838,-195,28,-121,0,-28.8
9223,20:11:57:594,2,Moderate_Damage,L2_S3,-1808,1116,14830,-191,31,-120,0,-36.8
9224,20:11:57:604,2,Moderate_Damage,L2_S3,-1768,1136,14804,-184,24,-120,0,-62.8
9225,20:11:57:614,2,Moderate_Damage,L2_S3,-1788,1126,14852,-180,29,-121,0,-14.8
9226,20:11:57:624,2,Moderate_Damage,L2_S3,-1780,1158,14806,-173,39,-125,0,-60.8
9227,20:11:57:634,2,Moderate_Damage,L2_S3,-1864,1098,14918,-175,33,-117,0,51.2
9228,20:11:57:644,2,Moderate_Damage,L2_S3,-1790,1096,14834,-170,39,-119,0,-32.8
9229,20:11:57:654,2,Moderate_Damage,L2_S3,-1808,1108,14922,-174,28,-119,0,55.2
9230,20:11:57:664,2,Moderate_Damage,L2_S3,-1852,1134,14842,-178,34,-117,0,-24.8
9231,20:11:57:674,2,Moderate_Damage,L2_S3,-1800,1128,14928,-178,32,-119,0,61.2
9232,20:11:57:684,2,Moderate_Damage,L2_S3,-1832,1108,14964,-180,30,-117,0,97.2
9233,20:11:57:694,2,Moderate_Damage,L2_S3,-1812,1146,14918,-187,39,-119,0,51.2
9234,20:11:57:704,2,Moderate_Damage,L2_S3,-1792,1082,14914,-195,30,-121,0,47.2
9235,20:11:57:714,2,Moderate_Damage,L2_S3,-1820,1130,14962,-199,25,-121,0,95.2
9236,20:11:57:724,2,Moderate_Damage,L2_S3,-1838,1070,14924,-203,27,-123,0,57.2
9237,20:11:57:734,2,Moderate_Damage,L2_S3,-1844,1142,14814,-208,22,-116,0,-52.8
9238,20:11:57:744,2,Moderate_Damage,L2_S3,-1720,1132,14730,-165,26,-116,0,-136.8
9239,20:11:57:754,2,Moderate_Damage,L2_S3,-1794,1046,14850,-170,28,-111,0,-16.8
9240,20:11:57:764,2,Moderate_Damage,L2_S3,-1850,1122,14770,-115,42,-101,0,-96.8
9241,20:11:57:774,2,Moderate_Damage,L2_S3,-1762,1106,14868,-135,20,-110,0,1.2
9242,20:11:57:784,2,Moderate_Damage,L2_S3,-1858,1156,14932,-117,36,-109,0,65.2
9243,20:11:57:794,2,Moderate_Damage,L2_S3,-1822,1138,14932,-128,25,-111,0,65.2
9244,20:11:57:804,2,Moderate_Damage,L2_S3,-1902,1150,14888,-144,27,-114,0,21.2
9245,20:11:57:815,2,Moderate_Damage,L2_S3,-1746,1124,14976,-170,35,-116,0,109.2
9246,20:11:57:824,2,Moderate_Damage,L2_S3,-1830,1142,14940,-191,24,-116,0,73.2
9247,20:11:57:834,2,Moderate_Damage,L2_S3,-1760,1136,14918,-225,25,-124,0,51.2
9248,20:11:57:844,2,Moderate_Damage,L2_S3,-1870,1078,14896,-243,16,-129,0,29.2
9249,20:11:57:854,2,Moderate_Damage,L2_S3,-1804,1144,14824,-250,18,-131,0,-42.8
9250,20:11:57:864,2,Moderate_Damage,L2_S3,-1796,1126,14880,-258,45,-139,0,13.2
9251,20:11:57:874,2,Moderate_Damage,L2_S3,-1804,1152,14634,-184,95,-122,0,-232.8
9252,20:11:57:884,2,Moderate_Damage,L2_S3,-1182,260,14612,-218,0,-126,1,-254.8
9253,20:11:57:894,2,Moderate_Damage,L2_S3,3590,13530,-5798,9021,3492,1442,1,-20664.8
9254,20:11:57:904,2,Moderate_Damage,L2_S3,6678,3946,1368,8451,-13825,2225,1,-13498.8
9255,20:11:57:915,2,Moderate_Damage,L2_S3,-534,1666,24662,13381,15823,-105,1,9795.2
9256,20:11:57:925,2,Moderate_Damage,L2_S3,-8798,1892,29352,11200,-4623,2649,1,14485.2
9257,20:11:57:935,2,Moderate_Damage,L2_S3,-2908,8444,20858,9131,-3956,2150,1,5991.2
9258,20:11:57:944,2,Moderate_Damage,L2_S3,1230,958,32767,2707,8835,-1641,1,17900.2
9259,20:11:57:955,2,Moderate_Damage,L2_S3,-11614,6462,23586,-882,-7075,1683,1,8719.2
9260,20:11:57:965,2,Moderate_Damage,L2_S3,1064,3710,28194,-7143,1769,-1951,1,13327.2
9261,20:11:57:975,2,Moderate_Damage,L2_S3,-2550,3666,26074,-9957,3701,-2312,1,11207.2
9262,20:11:57:985,2,Moderate_Damage,L2_S3,-8508,2982,17076,-14908,-6939,-959,1,2209.2
9263,20:11:57:995,2,Moderate_Damage,L2_S3,6448,2722,18700,-15343,5639,-4218,1,3833.2
9264,20:11:58:005,2,Moderate_Damage,L2_S3,-8628,778,10336,-16962,-4264,-1577,1,-4530.8
9265,20:11:58:015,2,Moderate_Damage,L2_S3,2784,470,7912,-15413,1167,-3124,1,-6954.8
9266,20:11:58:025,2,Moderate_Damage,L2_S3,1416,-328,4434,-13048,-611,-2208,1,-10432.8
9267,20:11:58:035,2,Moderate_Damage,L2_S3,-6442,-1940,1184,-9910,-675,-1090,1,-13682.8
9268,20:11:58:045,2,Moderate_Damage,L2_S3,10836,-678,1672,-4646,502,-1776,1,-13194.8
9269,20:11:58:055,2,Moderate_Damage,L2_S3,-11554,-2498,-412,-859,-1041,938,1,-15278.8
9270,20:11:58:064,2,Moderate_Damage,L2_S3,11072,-484,3984,5048,1818,-458,1,-10882.8
9271,20:11:58:075,2,Moderate_Damage,L2_S3,-8434,-946,3490,8448,-1863,2275,1,-11376.8
9272,20:11:58:084,2,Moderate_Damage,L2_S3,3582,440,9576,12471,2554,1128,1,-5290.8
9273,20:11:58:095,2,Moderate_Damage,L2_S3,-2146,1610,12076,14596,-764,2534,1,-2790.8
9274,20:11:58:105,2,Moderate_Damage,L2_S3,-4694,1874,16370,15071,-17,2542,0,1503.2
9275,20:11:58:114,2,Moderate_Damage,L2_S3,2200,3646,21726,15272,2866,1607,0,6859.2
9276,20:11:58:125,2,Moderate_Damage,L2_S3,-8638,2988,22976,12286,-3006,2899,0,8109.2
9277,20:11:58:134,2,Moderate_Damage,L2_S3,40,4388,27364,10107,3242,644,0,12497.2
9278,20:11:58:144,2,Moderate_Damage,L2_S3,-4462,4006,28238,5395,-554,1061,0,13371.2
9279,20:11:58:154,2,Moderate_Damage,L2_S3,-6732,4016,27342,1051,-1676,511,0,12475.2
9280,20:11:58:165,2,Moderate_Damage,L2_S3,814,4254,28592,-3308,3313,-1518,0,13725.2
9281,20:11:58:175,2,Moderate_Damage,L2_S3,-7614,3432,23892,-8012,-2984,-520,1,9025.2
9282,20:11:58:185,2,Moderate_Damage,L2_S3,-946,3298,22064,-11113,878,-2296,0,7197.2
9283,20:11:58:195,2,Moderate_Damage,L2_S3,-1188,2670,18350,-13761,268,-2412,1,3483.2
9284,20:11:58:205,2,Moderate_Damage,L2_S3,-5608,1498,13030,-15068,-2239,-1959,0,-1836.8
9285,20:11:58:215,2,Moderate_Damage,L2_S3,4524,996,11400,-14563,1502,-3143,0,-3466.8
9286,20:11:58:225,2,Moderate_Damage,L2_S3,-6324,-272,5562,-13432,-2073,-1487,1,-9304.8
9287,20:11:58:235,2,Moderate_Damage,L2_S3,4492,-662,4942,-10321,887,-2332,1,-9924.8
9288,20:11:58:245,2,Moderate_Damage,L2_S3,-2250,-1358,1746,-6940,-1258,-794,0,-13120.8
9289,20:11:58:254,2,Moderate_Damage,L2_S3,24,-1456,2146,-2621,775,-631,0,-12720.8
9290,20:11:58:264,2,Moderate_Damage,L2_S3,2512,-1128,2890,1934,-489,101,0,-11976.8
9291,20:11:58:274,2,Moderate_Damage,L2_S3,-4166,-928,3910,5886,228,1177,1,-10956.8
9292,20:11:58:284,2,Moderate_Damage,L2_S3,4018,218,8142,9852,989,979,0,-6724.8
9293,20:11:58:295,2,Moderate_Damage,L2_S3,-5582,604,9968,12041,-846,2390,0,-4898.8
9294,20:11:58:305,2,Moderate_Damage,L2_S3,1690,1898,15302,13887,1928,1584,0,435.2
9295,20:11:58:315,2,Moderate_Damage,L2_S3,-4128,2346,17886,13795,-614,2470,0,3019.2
9296,20:11:58:325,2,Moderate_Damage,L2_S3,-2942,3066,21750,12665,529,1866,0,6883.2
9297,20:11:58:335,2,Moderate_Damage,L2_S3,-1584,3690,24984,10516,1449,1319,0,10117.2
9298,20:11:58:345,2,Moderate_Damage,L2_S3,-6160,3538,25696,6858,-1529,1508,0,10829.2
9299,20:11:58:354,2,Moderate_Damage,L2_S3,-1506,4068,27538,3338,1889,-52,0,12671.2
9300,20:11:58:365,2,Moderate_Damage,L2_S3,-4518,3756,26486,-1181,-574,-51,0,11619.2
9301,20:11:58:375,2,Moderate_Damage,L2_S3,-4292,3486,24934,-5164,-629,-793,1,10067.2
9302,20:11:58:385,2,Moderate_Damage,L2_S3,-876,3362,23052,-8538,1379,-1853,0,8185.2
9303,20:11:58:395,2,Moderate_Damage,L2_S3,-5010,2502,18826,-11669,-1859,-1508,0,3959.2
9304,20:11:58:405,2,Moderate_Damage,L2_S3,-94,2112,16384,-13035,639,-2524,1,1517.2
9305,20:11:58:415,2,Moderate_Damage,L2_S3,-2134,1084,12104,-13693,-773,-2125,1,-2762.8
9306,20:11:58:425,2,Moderate_Damage,L2_S3,-1672,398,8788,-12861,-541,-2096,1,-6078.8
9307,20:11:58:435,2,Moderate_Damage,L2_S3,1732,-266,6598,-10888,-99,-2011,1,-8268.8
9308,20:11:58:445,2,Moderate_Damage,L2_S3,-3170,-990,3670,-8093,-680,-1067,1,-11196.8
9309,20:11:58:455,2,Moderate_Damage,L2_S3,3358,-1130,3906,-4303,262,-1118,1,-10960.8
9310,20:11:58:465,2,Moderate_Damage,L2_S3,-2908,-1224,2846,-497,-556,175,0,-12020.8
9311,20:11:58:474,2,Moderate_Damage,L2_S3,1956,-810,4988,3594,650,210,1,-9878.8
9312,20:11:58:485,2,Moderate_Damage,L2_S3,-1532,-292,6344,7122,-287,1210,0,-8522.8
9313,20:11:58:494,2,Moderate_Damage,L2_S3,-986,308,9600,9944,581,1450,0,-5266.8
9314,20:11:58:505,2,Moderate_Damage,L2_S3,-396,1326,12996,11950,512,1714,1,-1870.8
9315,20:11:58:515,2,Moderate_Damage,L2_S3,-3706,1820,16006,12483,-187,2121,0,1139.2
9316,20:11:58:525,2,Moderate_Damage,L2_S3,-688,2688,19902,12283,1283,1566,0,5035.2
9317,20:11:58:535,2,Moderate_Damage,L2_S3,-4418,2962,22142,10455,-425,1848,0,7275.2
9318,20:11:58:545,2,Moderate_Damage,L2_S3,-2848,3392,24560,8042,709,1059,0,9693.2
9319,20:11:58:554,2,Moderate_Damage,L2_S3,-2988,3602,25846,4701,558,600,0,10979.2
9320,20:11:58:564,2,Moderate_Damage,L2_S3,-4774,3498,25512,894,-648,272,0,10645.2
9321,20:11:58:575,2,Moderate_Damage,L2_S3,-2128,3552,25338,-2732,1038,-804,0,10471.2
9322,20:11:58:585,2,Moderate_Damage,L2_S3,-3956,3126,22934,-6364,-634,-923,0,8067.2
9323,20:11:58:595,2,Moderate_Damage,L2_S3,-2746,2766,20412,-9178,-74,-1600,0,5545.2
9324,20:11:58:605,2,Moderate_Damage,L2_S3,-1428,2150,17706,-11275,81,-2006,0,2839.2
9325,20:11:58:615,2,Moderate_Damage,L2_S3,-3138,1462,13812,-12284,-948,-1852,0,-1054.8
9326,20:11:58:625,2,Moderate_Damage,L2_S3,324,768,11428,-12094,214,-2239,0,-3438.8
9327,20:11:58:635,2,Moderate_Damage,L2_S3,-2112,20,7892,-10945,-858,-1630,0,-6974.8
9328,20:11:58:644,2,Moderate_Damage,L2_S3,350,-442,6214,-8657,-3,-1588,0,-8652.8
9329,20:11:58:655,2,Moderate_Damage,L2_S3,-328,-870,4582,-5704,-451,-934,0,-10284.8
9330,20:11:58:665,2,Moderate_Damage,L2_S3,-724,-1082,4250,-2261,-24,-413,0,-10616.8
9331,20:11:58:674,2,Moderate_Damage,L2_S3,908,-802,5078,1441,25,44,0,-9788.8
9332,20:11:58:684,2,Moderate_Damage,L2_S3,-1870,-538,6196,4766,-67,806,0,-8670.8
9333,20:11:58:694,2,Moderate_Damage,L2_S3,540,194,8950,7862,592,985,0,-5916.8
9334,20:11:58:705,2,Moderate_Damage,L2_S3,-2414,710,11220,9878,-140,1646,0,-3646.8
9335,20:11:58:718,2,Moderate_Damage,L2_S3,-990,1498,14724,11185,724,1560,0,-142.8
9336,20:11:58:725,2,Moderate_Damage,L2_S3,-2442,2032,17622,11270,229,1754,0,2755.2
9337,20:11:58:735,2,Moderate_Damage,L2_S3,-3064,2546,20364,10334,207,1603,0,5497.2
9338,20:11:58:745,2,Moderate_Damage,L2_S3,-2224,3090,22950,8512,796,1142,0,8083.2
9339,20:11:58:755,2,Moderate_Damage,L2_S3,-4070,3228,24058,5707,-256,981,0,9191.2
9340,20:11:58:764,2,Moderate_Damage,L2_S3,-2778,3412,24952,2621,601,200,0,10085.2
9341,20:11:58:775,2,Moderate_Damage,L2_S3,-3460,3302,24466,-870,89,-200,0,9599.2
9342,20:11:58:785,2,Moderate_Damage,L2_S3,-3542,3068,23152,-4197,-242,-696,0,8285.2
9343,20:11:58:795,2,Moderate_Damage,L2_S3,-2108,2830,21396,-7019,426,-1347,0,6529.2
9344,20:11:58:805,2,Moderate_Damage,L2_S3,-3158,2220,18428,-9427,-642,-1467,0,3561.2
9345,20:11:58:815,2,Moderate_Damage,L2_S3,-1482,1808,15884,-10721,-47,-1890,0,1017.2
9346,20:11:58:825,2,Moderate_Damage,L2_S3,-1652,1060,12848,-11141,-367,-1839,0,-2018.8
9347,20:11:58:835,2,Moderate_Damage,L2_S3,-1348,400,10026,-10542,-464,-1737,0,-4840.8
9348,20:11:58:845,2,Moderate_Damage,L2_S3,-44,-72,8000,-8921,-162,-1577,0,-6866.8
9349,20:11:58:855,2,Moderate_Damage,L2_S3,-1360,-594,6042,-6618,-452,-1038,0,-8824.8
9350,20:11:58:864,2,Moderate_Damage,L2_S3,628,-758,5596,-3596,10,-767,0,-9270.8
9351,20:11:58:875,2,Moderate_Damage,L2_S3,-1106,-808,5312,-428,-258,-55,0,-9554.8
9352,20:11:58:884,2,Moderate_Damage,L2_S3,54,-488,6492,2843,211,287,0,-8374.8
9353,20:11:58:894,2,Moderate_Damage,L2_S3,-816,-96,8112,5725,53,842,0,-6754.8
9354,20:11:58:905,2,Moderate_Damage,L2_S3,-1360,490,10464,8082,278,1209,0,-4402.8
9355,20:11:58:915,2,Moderate_Damage,L2_S3,-1028,1120,13314,9621,379,1387,0,-1552.8
9356,20:11:58:925,2,Moderate_Damage,L2_S3,-2578,1664,15984,10182,150,1614,0,1117.2
9357,20:11:58:935,2,Moderate_Damage,L2_S3,-1804,2280,18850,9890,607,1390,0,3983.2
9358,20:11:58:945,2,Moderate_Damage,L2_S3,-3120,2666,20958,8524,97,1340,0,6091.2
9359,20:11:58:955,2,Moderate_Damage,L2_S3,-2956,2924,22692,6469,366,914,0,7825.2
9360,20:11:58:965,2,Moderate_Damage,L2_S3,-2916,3070,23778,3776,376,477,0,8911.2
9361,20:11:58:974,2,Moderate_Damage,L2_S3,-3642,3072,23664,707,-118,97,0,8797.2
9362,20:11:58:985,2,Moderate_Damage,L2_S3,-2658,2992,23176,-2312,383,-555,0,8309.2
9363,20:11:58:995,2,Moderate_Damage,L2_S3,-3142,2710,21466,-5191,-171,-859,0,6599.2
9364,20:11:59:005,2,Moderate_Damage,L2_S3,-2586,2390,19434,-7512,-95,-1300,0,4567.2
9365,20:11:59:015,2,Moderate_Damage,L2_S3,-1868,1856,17104,-9229,-102,-1600,0,2237.2
9366,20:11:59:025,2,Moderate_Damage,L2_S3,-2106,1362,14154,-9995,-502,-1620,0,-712.8
9367,20:11:59:035,2,Moderate_Damage,L2_S3,-852,716,11876,-9890,-82,-1735,0,-2990.8
9368,20:11:59:045,2,Moderate_Damage,L2_S3,-1406,212,9288,-8881,-495,-1436,0,-5578.8
9369,20:11:59:055,2,Moderate_Damage,L2_S3,-394,-274,7796,-7083,-166,-1257,0,-7070.8
9370,20:11:59:065,2,Moderate_Damage,L2_S3,-530,-512,6534,-4625,-228,-815,0,-8332.8
9371,20:11:59:075,2,Moderate_Damage,L2_S3,-580,-636,6268,-1837,-120,-360,0,-8598.8
9372,20:11:59:084,2,Moderate_Damage,L2_S3,-142,-446,6794,1157,73,64,0,-8072.8
9373,20:11:59:095,2,Moderate_Damage,L2_S3,-1106,-224,7914,3880,-20,577,0,-6952.8
9374,20:11:59:104,2,Moderate_Damage,L2_S3,-570,284,9896,6351,349,864,0,-4970.8
9375,20:11:59:115,2,Moderate_Damage,L2_S3,-1662,712,12122,8041,103,1240,0,-2744.8
9376,20:11:59:125,2,Moderate_Damage,L2_S3,-1534,1338,14722,9044,382,1310,0,-144.8
9377,20:11:59:135,2,Moderate_Damage,L2_S3,-2214,1856,17252,9114,330,1370,0,2385.2
9378,20:11:59:145,2,Moderate_Damage,L2_S3,-2610,2300,19510,8352,200,1272,0,4643.2
9379,20:11:59:155,2,Moderate_Damage,L2_S3,-2520,2632,21438,6810,446,948,0,6571.2
9380,20:11:59:165,2,Moderate_Damage,L2_S3,-3358,2806,22382,4599,94,694,0,7515.2
9381,20:11:59:175,2,Moderate_Damage,L2_S3,-2846,2920,22960,2009,275,189,0,8093.2
9382,20:11:59:185,2,Moderate_Damage,L2_S3,-3098,2842,22700,-805,113,-218,0,7833.2
9383,20:11:59:195,2,Moderate_Damage,L2_S3,-3006,2700,21642,-3483,-66,-632,0,6775.2
9384,20:11:59:205,2,Moderate_Damage,L2_S3,-2400,2400,19982,-5824,96,-1066,0,5115.2
9385,20:11:59:215,2,Moderate_Damage,L2_S3,-2532,2048,17740,-7681,-289,-1277,0,2873.2
9386,20:11:59:225,2,Moderate_Damage,L2_S3,-1772,1510,15618,-8817,-190,-1528,0,751.2
9387,20:11:59:235,2,Moderate_Damage,L2_S3,-1628,1040,13060,-9051,-282,-1521,0,-1806.8
9388,20:11:59:245,2,Moderate_Damage,L2_S3,-1248,462,10892,-8583,-300,-1451,0,-3974.8
9389,20:11:59:255,2,Moderate_Damage,L2_S3,-710,96,9184,-7228,-227,-1255,0,-5682.8
9390,20:11:59:265,2,Moderate_Damage,L2_S3,-1018,-302,7740,-5320,-249,-904,0,-7126.8
9391,20:11:59:275,2,Moderate_Damage,L2_S3,-332,-408,7228,-2887,-56,-580,0,-7638.8
9392,20:11:59:285,2,Moderate_Damage,L2_S3,-836,-416,7242,-272,-94,-100,0,-7624.8
9393,20:11:59:295,2,Moderate_Damage,L2_S3,-552,-208,8078,2347,117,264,0,-6788.8
9394,20:11:59:304,2,Moderate_Damage,L2_S3,-970,138,9570,4681,86,666,0,-5296.8
9395,20:11:59:315,2,Moderate_Damage,L2_S3,-1342,608,11408,6604,244,967,0,-3458.8
9396,20:11:59:325,2,Moderate_Damage,L2_S3,-1436,1090,13712,7784,291,1132,0,-1154.8
9397,20:11:59:335,2,Moderate_Damage,L2_S3,-2168,1548,15850,8255,219,1252,0,983.2
9398,20:11:59:345,2,Moderate_Damage,L2_S3,-2090,1978,18204,7928,402,1138,0,3337.2
9399,20:11:59:355,2,Moderate_Damage,L2_S3,-2694,2322,19986,6857,184,1028,0,5119.2
9400,20:11:59:365,2,Moderate_Damage,L2_S3,-2854,2628,21310,5140,268,722,0,6443.2
9401,20:11:59:375,2,Moderate_Damage,L2_S3,-2818,2688,22066,2932,228,363,0,7199.2
9402,20:11:59:385,2,Moderate_Damage,L2_S3,-3076,2732,22116,445,23,8,0,7249.2
9403,20:11:59:395,2,Moderate_Damage,L2_S3,-2702,2604,21570,-2032,138,-447,0,6703.2
9404,20:11:59:405,2,Moderate_Damage,L2_S3,-2784,2418,20222,-4329,-81,-764,0,5355.2
9405,20:11:59:415,2,Moderate_Damage,L2_S3,-2394,2116,18550,-6235,-102,-1089,0,3683.2
9406,20:11:59:425,2,Moderate_Damage,L2_S3,-2010,1642,16530,-7568,-165,-1306,0,1663.2
9407,20:11:59:435,2,Moderate_Damage,L2_S3,-1846,1284,14272,-8175,-320,-1374,0,-594.8
9408,20:11:59:445,2,Moderate_Damage,L2_S3,-1272,758,12196,-8045,-163,-1397,0,-2670.8
9409,20:11:59:455,2,Moderate_Damage,L2_S3,-1236,368,10238,-7188,-317,-1214,0,-4628.8
9410,20:11:59:465,2,Moderate_Damage,L2_S3,-798,0,9010,-5702,-161,-1009,0,-5856.8
9411,20:11:59:475,2,Moderate_Damage,L2_S3,-762,-262,8106,-3682,-129,-671,0,-6760.8
9412,20:11:59:485,2,Moderate_Damage,L2_S3,-714,-298,7854,-1395,-71,-309,0,-7012.8
9413,20:11:59:494,2,Moderate_Damage,L2_S3,-708,-154,8346,1021,83,59,0,-6520.8
9414,20:11:59:504,2,Moderate_Damage,L2_S3,-1078,0,9260,3244,68,451,0,-5606.8
9415,20:11:59:515,2,Moderate_Damage,L2_S3,-1000,466,10950,5203,231,720,0,-3916.8
9416,20:11:59:525,2,Moderate_Damage,L2_S3,-1648,872,12704,6593,220,979,0,-2162.8
9417,20:11:59:535,2,Moderate_Damage,L2_S3,-1644,1280,14878,7324,257,1064,0,11.2
9418,20:11:59:545,2,Moderate_Damage,L2_S3,-2136,1712,16924,7371,297,1087,0,2057.2
9419,20:11:59:555,2,Moderate_Damage,L2_S3,-2422,2080,18720,6700,231,984,0,3853.2
9420,20:11:59:565,2,Moderate_Damage,L2_S3,-2528,2300,20252,5414,248,763,0,5385.2
9421,20:11:59:575,2,Moderate_Damage,L2_S3,-2890,2460,21110,3599,158,500,0,6243.2
9422,20:11:59:585,2,Moderate_Damage,L2_S3,-2734,2556,21478,1442,116,125,0,6611.2
9423,20:11:59:595,2,Moderate_Damage,L2_S3,-2914,2488,21212,-830,66,-218,0,6345.2
9424,20:11:59:605,2,Moderate_Damage,L2_S3,-2694,2396,20314,-3009,-62,-567,0,5447.2
9425,20:11:59:615,2,Moderate_Damage,L2_S3,-2412,2150,18900,-4907,-29,-885,0,4033.2
9426,20:11:59:625,2,Moderate_Damage,L2_S3,-2300,1832,17150,-6373,-187,-1091,0,2283.2
9427,20:11:59:635,2,Moderate_Damage,L2_S3,-1828,1318,15394,-7268,-190,-1251,0,527.2
9428,20:11:59:645,2,Moderate_Damage,L2_S3,-1644,1020,13264,-7398,-218,-1261,0,-1602.8
9429,20:11:59:655,2,Moderate_Damage,L2_S3,-1272,476,11514,-6968,-214,-1202,0,-3352.8
9430,20:11:59:665,2,Moderate_Damage,L2_S3,-1002,236,10026,-5823,-171,-1017,0,-4840.8
9431,20:11:59:675,2,Moderate_Damage,L2_S3,-958,-62,9048,-4240,-139,-757,0,-5818.8
9432,20:11:59:685,2,Moderate_Damage,L2_S3,-732,-166,8584,-2227,-27,-450,0,-6282.8
9433,20:11:59:695,2,Moderate_Damage,L2_S3,-888,-140,8596,-79,-16,-86,0,-6270.8
9434,20:11:59:704,2,Moderate_Damage,L2_S3,-902,6,9346,2040,121,229,0,-5520.8
9435,20:11:59:715,2,Moderate_Damage,L2_S3,-1182,318,10592,3928,146,543,0,-4274.8
9436,20:11:59:725,2,Moderate_Damage,L2_S3,-1396,684,12166,5426,214,778,0,-2700.8
9437,20:11:59:735,2,Moderate_Damage,L2_S3,-1690,1126,13956,6413,295,928,0,-910.8
9438,20:11:59:745,2,Moderate_Damage,L2_S3,-1990,1432,16012,6679,166,986,0,1145.2
9439,20:11:59:755,2,Moderate_Damage,L2_S3,-2208,1846,17684,6410,311,923,0,2817.2
9440,20:11:59:765,2,Moderate_Damage,L2_S3,-2508,2148,19104,5465,177,794,0,4237.2
9441,20:11:59:775,2,Moderate_Damage,L2_S3,-2646,2332,20172,4028,176,545,0,5305.2
9442,20:11:59:785,2,Moderate_Damage,L2_S3,-2686,2398,20820,2188,140,262,0,5953.2
9443,20:11:59:795,2,Moderate_Damage,L2_S3,-2806,2354,20798,141,24,-60,0,5931.2
9444,20:11:59:805,2,Moderate_Damage,L2_S3,-2622,2294,20262,-1865,32,-396,0,5395.2
9445,20:11:59:815,2,Moderate_Damage,L2_S3,-2540,2080,19240,-3749,-79,-679,0,4373.2
9446,20:11:59:825,2,Moderate_Damage,L2_S3,-2272,1916,17718,-5243,-104,-924,0,2851.2
9447,20:11:59:835,2,Moderate_Damage,L2_S3,-2012,1546,15962,-6293,-142,-1097,0,1095.2
9448,20:11:59:845,2,Moderate_Damage,L2_S3,-1704,1088,14254,-6779,-237,-1162,0,-612.8
9449,20:11:59:855,2,Moderate_Damage,L2_S3,-1440,806,12538,-6551,-139,-1133,0,-2328.8
9450,20:11:59:865,2,Moderate_Damage,L2_S3,-1180,400,11052,-5835,-195,-1008,0,-3814.8
9451,20:11:59:875,2,Moderate_Damage,L2_S3,-1056,164,9940,-4538,-128,-812,0,-4926.8
9452,20:11:59:885,2,Moderate_Damage,L2_S3,-870,-12,9294,-2871,-62,-553,0,-5572.8
9453,20:11:59:894,2,Moderate_Damage,L2_S3,-952,-58,9122,-957,1,-239,0,-5744.8
9454,20:11:59:904,2,Moderate_Damage,L2_S3,-960,78,9514,1004,69,68,0,-5352.8
9455,20:11:59:915,2,Moderate_Damage,L2_S3,-1138,222,10506,2810,98,364,0,-4360.8
9456,20:11:59:925,2,Moderate_Damage,L2_S3,-1274,536,11762,4354,185,601,0,-3104.8
9457,20:11:59:935,2,Moderate_Damage,L2_S3,-1638,934,13308,5482,234,780,0,-1558.8
9458,20:11:59:945,2,Moderate_Damage,L2_S3,-1786,1236,15096,5976,212,864,0,229.2
9459,20:11:59:955,2,Moderate_Damage,L2_S3,-2160,1632,16700,5971,226,862,0,1833.2
9460,20:11:59:965,2,Moderate_Damage,L2_S3,-2322,1850,18244,5360,212,764,0,3377.2
9461,20:11:59:975,2,Moderate_Damage,L2_S3,-2436,2146,19360,4263,176,590,0,4493.2
9462,20:11:59:985,2,Moderate_Damage,L2_S3,-2610,2254,20172,2697,94,353,0,5305.2
9463,20:11:59:995,2,Moderate_Damage,L2_S3,-2658,2336,20238,956,101,63,0,5371.2
9464,20:12:00:005,2,Moderate_Damage,L2_S3,-2570,2260,20090,-955,-14,-239,0,5223.2
9465,20:12:00:015,2,Moderate_Damage,L2_S3,-2490,2146,19140,-2684,-12,-514,0,4273.2
9466,20:12:00:025,2,Moderate_Damage,L2_S3,-2280,1916,18076,-4242,-76,-771,0,3209.2
9467,20:12:00:035,2,Moderate_Damage,L2_S3,-2160,1600,16546,-5347,-123,-937,0,1679.2
9468,20:12:00:045,2,Moderate_Damage,L2_S3,-1796,1220,15022,-6055,-155,-1059,0,155.2
9469,20:12:00:055,2,Moderate_Damage,L2_S3,-1574,974,13412,-6091,-176,-1052,0,-1454.8
9470,20:12:00:065,2,Moderate_Damage,L2_S3,-1406,608,11962,-5650,-118,-994,0,-2904.8
9471,20:12:00:075,2,Moderate_Damage,L2_S3,-1102,332,10684,-4660,-157,-823,0,-4182.8
9472,20:12:00:085,2,Moderate_Damage,L2_S3,-1110,90,10022,-3324,-66,-615,0,-4844.8
9473,20:12:00:095,2,Moderate_Damage,L2_S3,-956,92,9720,-1629,-9,-352,0,-5146.8
9474,20:12:00:105,2,Moderate_Damage,L2_S3,-1010,64,9816,122,21,-62,0,-5050.8
9475,20:12:00:115,2,Moderate_Damage,L2_S3,-1096,226,10514,1858,119,200,0,-4352.8
9476,20:12:00:125,2,Moderate_Damage,L2_S3,-1324,472,11540,3365,108,450,0,-3326.8
9477,20:12:00:135,2,Moderate_Damage,L2_S3,-1494,726,12918,4543,187,636,0,-1948.8
9478,20:12:00:145,2,Moderate_Damage,L2_S3,-1772,1126,14324,5299,222,753,0,-542.8
9479,20:12:00:155,2,Moderate_Damage,L2_S3,-1972,1412,15976,5425,150,778,0,1109.2
9480,20:12:00:165,2,Moderate_Damage,L2_S3,-2238,1730,17358,5150,247,730,0,2491.2
9481,20:12:00:175,2,Moderate_Damage,L2_S3,-2388,1904,18496,4288,133,602,0,3629.2
9482,20:12:00:185,2,Moderate_Damage,L2_S3,-2516,2090,19324,3067,140,394,0,4457.2
9483,20:12:00:195,2,Moderate_Damage,L2_S3,-2518,2134,19704,1524,95,148,0,4837.2
9484,20:12:00:205,2,Moderate_Damage,L2_S3,-2542,2132,19612,-161,13,-105,0,4745.2
9485,20:12:00:215,2,Moderate_Damage,L2_S3,-2490,2040,19162,-1807,19,-384,0,4295.2
9486,20:12:00:225,2,Moderate_Damage,L2_S3,-2382,1942,18190,-3308,-49,-620,0,3323.2
9487,20:12:00:235,2,Moderate_Damage,L2_S3,-2148,1664,16966,-4483,-98,-804,0,2099.2
9488,20:12:00:245,2,Moderate_Damage,L2_S3,-2004,1358,15522,-5276,-109,-944,0,655.2
9489,20:12:00:255,2,Moderate_Damage,L2_S3,-1682,1032,14178,-5611,-183,-981,0,-688.8
9490,20:12:00:265,2,Moderate_Damage,L2_S3,-1524,774,12756,-5327,-102,-929,0,-2110.8
9491,20:12:00:275,2,Moderate_Damage,L2_S3,-1256,468,11648,-4691,-140,-820,0,-3218.8
9492,20:12:00:285,2,Moderate_Damage,L2_S3,-1178,320,10628,-3545,-90,-646,0,-4238.8
9493,20:12:00:295,2,Moderate_Damage,L2_S3,-1032,190,10242,-2162,-35,-436,0,-4624.8
9494,20:12:00:305,2,Moderate_Damage,L2_S3,-1120,146,10176,-557,11,-177,0,-4690.8
9495,20:12:00:315,2,Moderate_Damage,L2_S3,-1112,260,10658,1031,74,67,0,-4208.8
9496,20:12:00:325,2,Moderate_Damage,L2_S3,-1226,418,11340,2493,100,310,0,-3526.8
9497,20:12:00:335,2,Moderate_Damage,L2_S3,-1394,696,12500,3705,138,498,0,-2366.8
9498,20:12:00:345,2,Moderate_Damage,L2_S3,-1576,888,13898,4519,169,633,0,-968.8
9499,20:12:00:355,2,Moderate_Damage,L2_S3,-1896,1296,15192,4943,225,706,0,325.2
9500,20:12:00:365,2,Moderate_Damage,L2_S3,-2008,1556,16682,4763,140,674,0,1815.2
9501,20:12:00:375,2,Moderate_Damage,L2_S3,-2322,1826,17790,4244,186,589,0,2923.2
9502,20:12:00:385,2,Moderate_Damage,L2_S3,-2326,1924,18674,3235,128,419,0,3807.2
9503,20:12:00:395,2,Moderate_Damage,L2_S3,-2516,2050,19166,1965,104,227,0,4299.2
9504,20:12:00:405,2,Moderate_Damage,L2_S3,-2486,2092,19290,467,55,-8,0,4423.2
9505,20:12:00:415,2,Moderate_Damage,L2_S3,-2486,1998,18986,-1047,7,-255,0,4119.2
9506,20:12:00:426,2,Moderate_Damage,L2_S3,-2332,1930,18258,-2477,-26,-485,0,3391.2
9507,20:12:00:435,2,Moderate_Damage,L2_S3,-2242,1638,17298,-3684,-49,-683,0,2431.2
9508,20:12:00:445,2,Moderate_Damage,L2_S3,-2028,1446,16010,-4531,-99,-812,0,1143.2
9509,20:12:00:455,2,Moderate_Damage,L2_S3,-1764,1204,14818,-5022,-119,-897,0,-48.8
9510,20:12:00:465,2,Moderate_Damage,L2_S3,-1600,892,13492,-5003,-138,-885,0,-1374.8
9511,20:12:00:475,2,Moderate_Damage,L2_S3,-1396,614,12246,-4527,-85,-811,0,-2620.8
9512,20:12:00:485,2,Moderate_Damage,L2_S3,-1208,468,11354,-3670,-108,-676,0,-3512.8
9513,20:12:00:495,2,Moderate_Damage,L2_S3,-1216,284,10836,-2516,-29,-490,0,-4030.8
9514,20:12:00:505,2,Moderate_Damage,L2_S3,-1092,280,10556,-1107,-9,-268,0,-4310.8
9515,20:12:00:515,2,Moderate_Damage,L2_S3,-1170,282,10804,339,42,-35,0,-4062.8
9516,20:12:00:525,2,Moderate_Damage,L2_S3,-1224,458,11416,1730,92,181,0,-3450.8
9517,20:12:00:535,2,Moderate_Damage,L2_S3,-1426,668,12276,2915,114,380,0,-2590.8
9518,20:12:00:545,2,Moderate_Damage,L2_S3,-1596,884,13508,3805,138,518,0,-1358.8
9519,20:12:00:555,2,Moderate_Damage,L2_S3,-1816,1118,14726,4348,194,599,0,-140.8
9520,20:12:00:565,2,Moderate_Damage,L2_S3,-2002,1412,16022,4408,162,619,0,1155.2
9521,20:12:00:575,2,Moderate_Damage,L2_S3,-2146,1634,17128,4047,139,555,0,2261.2
9522,20:12:00:585,2,Moderate_Damage,L2_S3,-2300,1808,18092,3294,159,433,0,3225.2
9523,20:12:00:595,2,Moderate_Damage,L2_S3,-2408,1966,18574,2258,100,267,0,3707.2
9524,20:12:00:605,2,Moderate_Damage,L2_S3,-2420,1946,18940,925,60,54,0,4073.2
9525,20:12:00:615,2,Moderate_Damage,L2_S3,-2464,1972,18778,-426,37,-153,0,3911.2
9526,20:12:00:625,2,Moderate_Damage,L2_S3,-2302,1896,18234,-1768,-15,-374,0,3367.2
9527,20:12:00:635,2,Moderate_Damage,L2_S3,-2190,1708,17392,-2955,-38,-552,0,2525.2
9528,20:12:00:645,2,Moderate_Damage,L2_S3,-2060,1528,16414,-3865,-61,-701,0,1547.2
9529,20:12:00:655,2,Moderate_Damage,L2_S3,-1846,1326,15144,-4409,-101,-788,0,277.2
9530,20:12:00:665,2,Moderate_Damage,L2_S3,-1698,962,14066,-4614,-112,-819,0,-800.8
9531,20:12:00:675,2,Moderate_Damage,L2_S3,-1454,806,12918,-4310,-112,-778,0,-1948.8
9532,20:12:00:685,2,Moderate_Damage,L2_S3,-1394,514,12028,-3682,-52,-681,0,-2838.8
9533,20:12:00:695,2,Moderate_Damage,L2_S3,-1236,486,11344,-2697,-72,-519,0,-3522.8
9534,20:12:00:705,2,Moderate_Damage,L2_S3,-1180,304,11076,-1546,-13,-334,0,-3790.8
9535,20:12:00:715,2,Moderate_Damage,L2_S3,-1200,380,11072,-194,36,-121,0,-3794.8
9536,20:12:00:725,2,Moderate_Damage,L2_S3,-1220,376,11500,1062,53,85,0,-3366.8
9537,20:12:00:735,2,Moderate_Damage,L2_S3,-1394,572,12194,2250,118,268,0,-2672.8
9538,20:12:00:745,2,Moderate_Damage,L2_S3,-1500,756,13198,3152,109,413,0,-1668.8
9539,20:12:00:755,2,Moderate_Damage,L2_S3,-1658,1030,14318,3754,143,510,0,-548.8
9540,20:12:00:765,2,Moderate_Damage,L2_S3,-1900,1322,15360,4014,195,547,0,493.2
9541,20:12:00:775,2,Moderate_Damage,L2_S3,-1996,1504,16584,3776,107,512,0,1717.2
9542,20:12:00:785,2,Moderate_Damage,L2_S3,-2244,1732,17342,3278,161,430,0,2475.2
9543,20:12:00:795,2,Moderate_Damage,L2_S3,-2240,1798,18152,2382,102,285,0,3285.2
9544,20:12:00:805,2,Moderate_Damage,L2_S3,-2328,1852,18540,39,45,-93,0,3673.2
9545,20:12:00:815,2,Moderate_Damage,L2_S3,-2344,1848,18150,-1153,1,-276,0,3283.2
9546,20:12:00:826,2,Moderate_Damage,L2_S3,-2206,1710,17538,-2321,-32,-454,0,2671.2
9547,20:12:00:836,2,Moderate_Damage,L2_S3,-2108,1536,16566,-3223,-52,-605,0,1699.2
9548,20:12:00:845,2,Moderate_Damage,L2_S3,-1910,1340,15574,-3859,-79,-703,0,707.2
9549,20:12:00:855,2,Moderate_Damage,L2_S3,-1718,1146,14452,-4144,-74,-754,0,-414.8
9550,20:12:00:865,2,Moderate_Damage,L2_S3,-1590,868,13504,-4086,-116,-736,0,-1362.8
9551,20:12:00:876,2,Moderate_Damage,L2_S3,-1474,720,12536,-3556,-52,-658,0,-2330.8
9552,20:12:00:885,2,Moderate_Damage,L2_S3,-1334,532,11844,-2827,-75,-534,0,-3022.8
9553,20:12:00:895,2,Moderate_Damage,L2_S3,-1306,418,11462,-1805,-22,-379,0,-3404.8
9554,20:12:00:905,2,Moderate_Damage,L2_S3,-1252,404,11462,-654,20,-204,0,-3404.8
9555,20:12:00:915,2,Moderate_Damage,L2_S3,-1306,452,11688,538,34,4,0,-3178.8
9556,20:12:00:925,2,Moderate_Damage,L2_S3,-1430,582,12238,1638,90,174,0,-2628.8
9557,20:12:00:935,2,Moderate_Damage,L2_S3,-1494,798,13046,2561,101,323,0,-1820.8
9558,20:12:00:945,2,Moderate_Damage,L2_S3,-1678,984,14046,3212,125,422,0,-820.8
9559,20:12:00:955,2,Moderate_Damage,L2_S3,-1770,1118,15072,3533,136,474,0,205.2
9560,20:12:00:965,2,Moderate_Damage,L2_S3,-2004,1506,15914,3551,170,483,0,1047.2
9561,20:12:00:975,2,Moderate_Damage,L2_S3,-2038,1536,16890,3103,90,402,0,2023.2
9562,20:12:00:985,2,Moderate_Damage,L2_S3,-2294,1710,17598,2470,132,302,0,2731.2
9563,20:12:00:995,2,Moderate_Damage,L2_S3,-2244,1788,18050,1522,72,150,0,3183.2
9564,20:12:01:005,2,Moderate_Damage,L2_S3,-2364,1756,18082,456,49,-17,0,3215.2
9565,20:12:01:015,2,Moderate_Damage,L2_S3,-2310,1754,17962,-692,20,-194,0,3095.2
9566,20:12:01:026,2,Moderate_Damage,L2_S3,-2200,1676,17456,-1727,-4,-372,0,2589.2
9567,20:12:01:036,2,Moderate_Damage,L2_S3,-2098,1528,16762,-2661,-51,-507,0,1895.2
9568,20:12:01:045,2,Moderate_Damage,L2_S3,-1964,1374,15804,-3322,-37,-615,0,937.2
9569,20:12:01:056,2,Moderate_Damage,L2_S3,-1812,1204,14860,-3702,-74,-677,0,-6.8
9570,20:12:01:065,2,Moderate_Damage,L2_S3,-1628,904,13958,-3767,-92,-686,0,-908.8
9571,20:12:01:075,2,Moderate_Damage,L2_S3,-1502,820,13068,-3432,-68,-637,0,-1798.8
9572,20:12:01:086,2,Moderate_Damage,L2_S3,-1406,634,12444,-2838,-46,-544,0,-2422.8
9573,20:12:01:096,2,Moderate_Damage,L2_S3,-1320,514,11896,-1980,-52,-405,0,-2970.8
9574,20:12:01:105,2,Moderate_Damage,L2_S3,-1284,480,11702,-1006,8,-245,0,-3164.8
9575,20:12:01:115,2,Moderate_Damage,L2_S3,-1300,478,11860,87,44,-74,0,-3006.8
9576,20:12:01:125,2,Moderate_Damage,L2_S3,-1432,562,12342,1099,60,86,0,-2524.8
9577,20:12:01:135,2,Moderate_Damage,L2_S3,-1536,698,12912,2014,97,236,0,-1954.8
9578,20:12:01:145,2,Moderate_Damage,L2_S3,-1604,878,13756,2690,96,334,0,-1110.8
9579,20:12:01:155,2,Moderate_Damage,L2_S3,-1830,1120,14680,3094,125,404,0,-186.8
9580,20:12:01:165,2,Moderate_Damage,L2_S3,-1878,1334,15612,3196,125,418,0,745.2
9581,20:12:01:175,2,Moderate_Damage,L2_S3,-2092,1504,16386,2988,139,383,0,1519.2
9582,20:12:01:185,2,Moderate_Damage,L2_S3,-2124,1610,17154,2411,64,292,0,2287.2
9583,20:12:01:195,2,Moderate_Damage,L2_S3,-2242,1700,17654,1680,114,180,0,2787.2
9584,20:12:01:205,2,Moderate_Damage,L2_S3,-2268,1714,17826,748,44,31,0,2959.2
9585,20:12:01:215,2,Moderate_Damage,L2_S3,-2236,1710,17742,-274,31,-130,0,2875.2
9586,20:12:01:225,2,Moderate_Damage,L2_S3,-2190,1662,17440,-1265,15,-289,0,2573.2
9587,20:12:01:236,2,Moderate_Damage,L2_S3,-2132,1558,16752,-2131,-40,-428,0,1885.2
9588,20:12:01:246,2,Moderate_Damage,L2_S3,-1994,1370,16092,-2833,-33,-543,0,1225.2
9589,20:12:01:256,2,Moderate_Damage,L2_S3,-1900,1248,15238,-3257,-44,-610,0,371.2
9590,20:12:01:265,2,Moderate_Damage,L2_S3,-1744,1062,14288,-3414,-80,-639,0,-578.8
9591,20:12:01:275,2,Moderate_Damage,L2_S3,-1568,834,13488,-3256,-78,-602,0,-1378.8
9592,20:12:01:286,2,Moderate_Damage,L2_S3,-1494,724,12816,-2770,-21,-530,0,-2050.8
9593,20:12:01:295,2,Moderate_Damage,L2_S3,-1320,604,12346,-2101,-64,-426,0,-2520.8
9594,20:12:01:305,2,Moderate_Damage,L2_S3,-1378,508,12076,-1240,17,-282,0,-2790.8
9595,20:12:01:315,2,Moderate_Damage,L2_S3,-1332,560,12058,-270,22,-128,0,-2808.8
9596,20:12:01:325,2,Moderate_Damage,L2_S3,-1384,596,12396,661,47,23,0,-2470.8
9597,20:12:01:335,2,Moderate_Damage,L2_S3,-1506,700,12956,1528,103,152,0,-1910.8
9598,20:12:01:345,2,Moderate_Damage,L2_S3,-1588,878,13646,2215,83,261,0,-1220.8
9599,20:12:01:355,2,Moderate_Damage,L2_S3,-1740,1060,14374,2673,111,336,0,-492.8
9600,20:12:01:365,2,Moderate_Damage,L2_S3,-1804,1218,15220,2852,107,365,0,353.2
9601,20:12:01:375,2,Moderate_Damage,L2_S3,-1966,1356,16080,2750,116,349,0,1213.2
9602,20:12:01:385,2,Moderate_Damage,L2_S3,-2104,1560,16622,2395,131,292,0,1755.2
9603,20:12:01:395,2,Moderate_Damage,L2_S3,-2110,1610,17296,1704,29,178,0,2429.2
9604,20:12:01:405,2,Moderate_Damage,L2_S3,-2254,1702,17570,945,103,63,0,2703.2
9605,20:12:01:415,2,Moderate_Damage,L2_S3,-2120,1642,17492,33,15,-84,0,2625.2
9606,20:12:01:425,2,Moderate_Damage,L2_S3,-2216,1620,17322,-864,15,-223,0,2455.2
9607,20:12:01:436,2,Moderate_Damage,L2_S3,-2118,1574,16784,-1709,10,-361,0,1917.2
9608,20:12:01:446,2,Moderate_Damage,L2_S3,-1936,1422,16204,-2385,-61,-463,0,1337.2
9609,20:12:01:456,2,Moderate_Damage,L2_S3,-1926,1234,15442,-2870,-15,-550,0,575.2
9610,20:12:01:466,2,Moderate_Damage,L2_S3,-1764,1072,14582,-3067,-64,-575,0,-284.8
9611,20:12:01:476,2,Moderate_Damage,L2_S3,-1636,908,13812,-3013,-53,-571,0,-1054.8
9612,20:12:01:485,2,Moderate_Damage,L2_S3,-1544,738,13222,-2718,-43,-525,0,-1644.8
9613,20:12:01:496,2,Moderate_Damage,L2_S3,-1424,712,12694,-2106,-45,-427,0,-2172.8
9614,20:12:01:505,2,Moderate_Damage,L2_S3,-1428,584,12414,-1403,14,-321,0,-2452.8
9615,20:12:01:515,2,Moderate_Damage,L2_S3,-1370,644,12270,-537,13,-173,0,-2596.8
9616,20:12:01:525,2,Moderate_Damage,L2_S3,-1406,640,12560,311,42,-48,0,-2306.8
9617,20:12:01:536,2,Moderate_Damage,L2_S3,-1550,722,12930,1149,78,86,0,-1936.8
9618,20:12:01:545,2,Moderate_Damage,L2_S3,-1554,818,13522,1802,68,189,0,-1344.8
9619,20:12:01:555,2,Moderate_Damage,L2_S3,-1706,996,14204,2296,105,281,0,-662.8
9620,20:12:01:566,2,Moderate_Damage,L2_S3,-1804,1176,15014,2532,95,315,0,147.2
9621,20:12:01:575,2,Moderate_Damage,L2_S3,-1886,1332,15786,2508,94,310,0,919.2
9622,20:12:01:585,2,Moderate_Damage,L2_S3,-2102,1440,16348,2236,95,269,0,1481.2
9623,20:12:01:596,2,Moderate_Damage,L2_S3,-2126,1524,16844,1764,99,190,0,1977.2
9624,20:12:01:605,2,Moderate_Damage,L2_S3,-2120,1606,17202,1061,68,85,0,2335.2
9625,20:12:01:615,2,Moderate_Damage,L2_S3,-2130,1638,17238,261,6,-44,0,2371.2
9626,20:12:01:625,2,Moderate_Damage,L2_S3,-2134,1600,17110,-559,66,-182,0,2243.2
9627,20:12:01:636,2,Moderate_Damage,L2_S3,-2056,1558,16756,-1323,-43,-294,0,1889.2
9628,20:12:01:646,2,Moderate_Damage,L2_S3,-2010,1418,16266,-2006,-5,-412,0,1399.2
9629,20:12:01:656,2,Moderate_Damage,L2_S3,-1896,1358,15560,-2471,-26,-482,0,693.2
9630,20:12:01:666,2,Moderate_Damage,L2_S3,-1830,1170,14830,-2754,-48,-522,0,-36.8
9631,20:12:01:676,2,Moderate_Damage,L2_S3,-1708,1006,14140,-2764,-37,-534,0,-726.8
9632,20:12:01:686,2,Moderate_Damage,L2_S3,-1614,814,13578,-2584,-67,-503,0,-1288.8
9633,20:12:01:695,2,Moderate_Damage,L2_S3,-1532,802,12946,-2081,5,-429,0,-1920.8
9634,20:12:01:706,2,Moderate_Damage,L2_S3,-1450,648,12650,-1502,-24,-329,0,-2216.8
9635,20:12:01:715,2,Moderate_Damage,L2_S3,-1452,626,12582,-758,7,-203,0,-2284.8
9636,20:12:01:725,2,Moderate_Damage,L2_S3,-1414,664,12676,19,56,-91,0,-2190.8
9637,20:12:01:735,2,Moderate_Damage,L2_S3,-1520,784,12880,786,38,42,0,-1986.8
9638,20:12:01:745,2,Moderate_Damage,L2_S3,-1526,790,13508,1426,87,136,0,-1358.8
9639,20:12:01:755,2,Moderate_Damage,L2_S3,-1678,932,14066,1925,85,218,0,-800.8
9640,20:12:01:765,2,Moderate_Damage,L2_S3,-1772,1112,14684,2211,89,269,0,-182.8
9641,20:12:01:776,2,Moderate_Damage,L2_S3,-1886,1246,15404,2264,108,277,0,537.2
9642,20:12:01:785,2,Moderate_Damage,L2_S3,-1990,1362,16074,2080,72,253,0,1207.2
9643,20:12:01:796,2,Moderate_Damage,L2_S3,-2022,1428,16592,1706,102,177,0,1725.2
9644,20:12:01:805,2,Moderate_Damage,L2_S3,-2158,1648,16790,1174,85,102,0,1923.2
9645,20:12:01:815,2,Moderate_Damage,L2_S3,-2074,1518,17104,408,-1,-23,0,2237.2
9646,20:12:01:826,2,Moderate_Damage,L2_S3,-2192,1588,16892,-268,75,-133,0,2025.2
9647,20:12:01:836,2,Moderate_Damage,L2_S3,-2064,1534,16688,-1029,-19,-254,0,1821.2
9648,20:12:01:846,2,Moderate_Damage,L2_S3,-2022,1438,16268,-1636,-2,-353,0,1401.2
9649,20:12:01:856,2,Moderate_Damage,L2_S3,-1926,1334,15746,-2137,-8,-433,0,879.2
9650,20:12:01:866,2,Moderate_Damage,L2_S3,-1822,1220,15080,-2432,-48,-478,0,213.2
9651,20:12:01:876,2,Moderate_Damage,L2_S3,-1692,1006,14452,-2515,-30,-488,0,-414.8
9652,20:12:01:886,2,Moderate_Damage,L2_S3,-1642,948,13816,-2394,-35,-466,0,-1050.8
9653,20:12:01:896,2,Moderate_Damage,L2_S3,-1524,756,13406,-2069,-37,-421,0,-1460.8
9654,20:12:01:905,2,Moderate_Damage,L2_S3,-1514,720,12878,-1518,0,-331,0,-1988.8
9655,20:12:01:915,2,Moderate_Damage,L2_S3,-1416,690,12840,-912,2,-236,0,-2026.8
9656,20:12:01:925,2,Moderate_Damage,L2_S3,-1512,746,12806,-201,31,-117,0,-2060.8
9657,20:12:01:935,2,Moderate_Damage,L2_S3,-1496,720,13070,478,54,-18,0,-1796.8
9658,20:12:01:945,2,Moderate_Damage,L2_S3,-1528,836,13496,1101,65,85,0,-1370.8
9659,20:12:01:955,2,Moderate_Damage,L2_S3,-1654,946,13966,1590,79,171,0,-900.8
9660,20:12:01:965,2,Moderate_Damage,L2_S3,-1690,1016,14568,1911,79,225,0,-298.8
9661,20:12:01:976,2,Moderate_Damage,L2_S3,-1850,1176,15208,2020,87,235,0,341.2
9662,20:12:01:985,2,Moderate_Damage,L2_S3,-1966,1358,15718,1917,91,221,0,851.2
9663,20:12:01:995,2,Moderate_Damage,L2_S3,-2062,1392,16240,1621,72,167,0,1373.2
9664,20:12:02:005,2,Moderate_Damage,L2_S3,-2084,1462,16624,1155,60,91,0,1757.2
9665,20:12:02:015,2,Moderate_Damage,L2_S3,-2106,1470,16734,585,72,10,0,1867.2
9666,20:12:02:026,2,Moderate_Damage,L2_S3,-2132,1480,16714,-87,28,-107,0,1847.2
9667,20:12:02:036,2,Moderate_Damage,L2_S3,-2046,1494,16522,-743,10,-212,0,1655.2
9668,20:12:02:046,2,Moderate_Damage,L2_S3,-1988,1422,16234,-1350,20,-307,0,1367.2
9669,20:12:02:056,2,Moderate_Damage,L2_S3,-1926,1318,15756,-1806,-36,-382,0,889.2
9670,20:12:02:066,2,Moderate_Damage,L2_S3,-1848,1214,15260,-2164,-1,-440,0,393.2
9671,20:12:02:076,2,Moderate_Damage,L2_S3,-1792,1124,14648,-2259,-38,-438,0,-218.8
9672,20:12:02:086,2,Moderate_Damage,L2_S3,-1670,996,14080,-2219,-20,-442,0,-786.8
9673,20:12:02:096,2,Moderate_Damage,L2_S3,-1588,850,13614,-1977,-16,-404,0,-1252.8
9674,20:12:02:106,2,Moderate_Damage,L2_S3,-1530,830,13288,-1530,-19,-333,0,-1578.8
9675,20:12:02:115,2,Moderate_Damage,L2_S3,-1564,744,13068,-986,31,-246,0,-1798.8
9676,20:12:02:126,2,Moderate_Damage,L2_S3,-1494,742,13070,-375,-11,-144,0,-1796.8
9677,20:12:02:135,2,Moderate_Damage,L2_S3,-1580,736,13188,244,67,-59,0,-1678.8
9678,20:12:02:145,2,Moderate_Damage,L2_S3,-1544,872,13482,836,46,43,0,-1384.8
9679,20:12:02:155,2,Moderate_Damage,L2_S3,-1628,924,14018,1291,66,116,0,-848.8
9680,20:12:02:165,2,Moderate_Damage,L2_S3,-1668,1032,14442,1631,84,176,0,-424.8
9681,20:12:02:175,2,Moderate_Damage,L2_S3,-1800,1132,15002,1774,64,196,0,135.2
9682,20:12:02:185,2,Moderate_Damage,L2_S3,-1916,1258,15514,1748,94,188,0,647.2
9683,20:12:02:196,2,Moderate_Damage,L2_S3,-2006,1322,16002,1525,74,156,0,1135.2
9684,20:12:02:206,2,Moderate_Damage,L2_S3,-2046,1408,16352,1145,65,98,0,1485.2
9685,20:12:02:215,2,Moderate_Damage,L2_S3,-2056,1488,16576,638,57,10,0,1709.2
9686,20:12:02:225,2,Moderate_Damage,L2_S3,-2086,1492,16616,53,29,-79,0,1749.2
9687,20:12:02:236,2,Moderate_Damage,L2_S3,-2086,1470,16424,-503,58,-169,0,1557.2
9688,20:12:02:246,2,Moderate_Damage,L2_S3,-1956,1356,16272,-1144,-46,-270,0,1405.2
9689,20:12:02:256,2,Moderate_Damage,L2_S3,-1996,1402,15700,-1504,31,-333,0,833.2
9690,20:12:02:266,2,Moderate_Damage,L2_S3,-1764,1196,15344,-1922,-49,-397,0,477.2
9691,20:12:02:276,2,Moderate_Damage,L2_S3,-1894,1128,14746,-2015,-3,-406,0,-120.8
9692,20:12:02:286,2,Moderate_Damage,L2_S3,-1666,998,14318,-2062,-40,-419,0,-548.8
9693,20:12:02:296,2,Moderate_Damage,L2_S3,-1680,914,13778,-1825,2,-374,0,-1088.8
9694,20:12:02:306,2,Moderate_Damage,L2_S3,-1618,844,13480,-1511,2,-326,0,-1386.8
9695,20:12:02:316,2,Moderate_Damage,L2_S3,-1478,782,13346,-1052,-24,-261,0,-1520.8
9696,20:12:02:326,2,Moderate_Damage,L2_S3,-1644,770,13194,-477,51,-158,0,-1672.8
9697,20:12:02:335,2,Moderate_Damage,L2_S3,-1502,750,13286,54,25,-90,0,-1580.8
9698,20:12:02:345,2,Moderate_Damage,L2_S3,-1656,894,13568,616,50,12,0,-1298.8
9699,20:12:02:355,2,Moderate_Damage,L2_S3,-1658,886,13920,1041,82,69,0,-946.8
9700,20:12:02:366,2,Moderate_Damage,L2_S3,-1714,1070,14358,1395,45,132,0,-508.8
9701,20:12:02:376,2,Moderate_Damage,L2_S3,-1782,1126,14864,1545,92,160,0,-2.8
9702,20:12:02:386,2,Moderate_Damage,L2_S3,-1826,1236,15348,1572,77,158,0,481.2
9703,20:12:02:396,2,Moderate_Damage,L2_S3,-1898,1320,15816,1400,60,142,0,949.2
9704,20:12:02:405,2,Moderate_Damage,L2_S3,-1932,1372,16186,1097,72,85,0,1319.2
9705,20:12:02:416,2,Moderate_Damage,L2_S3,-2076,1420,16406,669,35,22,0,1539.2
9706,20:12:02:425,2,Moderate_Damage,L2_S3,-2056,1438,16438,160,49,-62,0,1571.2
9707,20:12:02:436,2,Moderate_Damage,L2_S3,-2068,1490,16306,-382,26,-144,0,1439.2
9708,20:12:02:446,2,Moderate_Damage,L2_S3,-2018,1396,16140,-899,-9,-228,0,1273.2
9709,20:12:02:456,2,Moderate_Damage,L2_S3,-1926,1320,15836,-1336,13,-299,0,969.2
9710,20:12:02:466,2,Moderate_Damage,L2_S3,-1888,1254,15332,-1661,-23,-351,0,465.2
9711,20:12:02:476,2,Moderate_Damage,L2_S3,-1770,1142,14960,-1845,1,-390,0,93.2
9712,20:12:02:486,2,Moderate_Damage,L2_S3,-1746,1052,14346,-1874,-14,-386,0,-520.8
9713,20:12:02:496,2,Moderate_Damage,L2_S3,-1628,918,14016,-1736,-14,-367,0,-850.8
9714,20:12:02:506,2,Moderate_Damage,L2_S3,-1644,882,13700,-1458,12,-323,0,-1166.8
9715,20:12:02:516,2,Moderate_Damage,L2_S3,-1628,844,13514,-1053,-17,-260,0,-1352.8
9716,20:12:02:526,2,Moderate_Damage,L2_S3,-1552,744,13442,-578,45,-191,0,-1424.8
9717,20:12:02:535,2,Moderate_Damage,L2_S3,-1602,774,13370,-75,23,-97,0,-1496.8
9718,20:12:02:545,2,Moderate_Damage,L2_S3,-1570,844,13660,423,46,-27,0,-1206.8
9719,20:12:02:555,2,Moderate_Damage,L2_S3,-1662,952,13894,860,74,48,0,-972.8
9720,20:12:02:566,2,Moderate_Damage,L2_S3,-1674,984,14314,1184,54,103,0,-552.8
9721,20:12:02:576,2,Moderate_Damage,L2_S3,-1746,1150,14802,1375,77,126,0,-64.8
9722,20:12:02:586,2,Moderate_Damage,L2_S3,-1902,1224,15252,1417,62,139,0,385.2
9723,20:12:02:596,2,Moderate_Damage,L2_S3,-1918,1266,15662,1303,71,118,0,795.2
9724,20:12:02:606,2,Moderate_Damage,L2_S3,-1978,1336,15914,1048,68,86,0,1047.2
9725,20:12:02:615,2,Moderate_Damage,L2_S3,-2004,1438,16162,676,41,23,0,1295.2
9726,20:12:02:626,2,Moderate_Damage,L2_S3,-1998,1406,16334,227,52,-54,0,1467.2
9727,20:12:02:636,2,Moderate_Damage,L2_S3,-2022,1418,16260,-264,14,-132,0,1393.2
9728,20:12:02:646,2,Moderate_Damage,L2_S3,-1982,1394,16100,-742,23,-215,0,1233.2
9729,20:12:02:656,2,Moderate_Damage,L2_S3,-1968,1270,15766,-1157,-1,-269,0,899.2
9730,20:12:02:666,2,Moderate_Damage,L2_S3,-1916,1262,15376,-1478,-6,-324,0,509.2
9731,20:12:02:676,2,Moderate_Damage,L2_S3,-1812,1086,14908,-1674,-8,-354,0,41.2
9732,20:12:02:686,2,Moderate_Damage,L2_S3,-1742,1072,14586,-1725,-18,-363,0,-280.8
9733,20:12:02:696,2,Moderate_Damage,L2_S3,-1724,986,14154,-1629,9,-353,0,-712.8
9734,20:12:02:706,2,Moderate_Damage,L2_S3,-1618,912,13806,-1405,-28,-314,0,-1060.8
9735,20:12:02:716,2,Moderate_Damage,L2_S3,-1580,904,13524,-1052,21,-257,0,-1342.8
9736,20:12:02:726,2,Moderate_Damage,L2_S3,-1572,798,13456,-630,10,-191,0,-1410.8
9737,20:12:02:736,2,Moderate_Damage,L2_S3,-1580,920,13544,-169,28,-122,0,-1322.8
9738,20:12:02:746,2,Moderate_Damage,L2_S3,-1636,874,13628,281,54,-44,0,-1238.8
9739,20:12:02:755,2,Moderate_Damage,L2_S3,-1654,918,14008,687,41,24,0,-858.8
9740,20:12:02:765,2,Moderate_Damage,L2_S3,-1714,966,14290,1008,69,65,0,-576.8
9741,20:12:02:776,2,Moderate_Damage,L2_S3,-1788,1084,14770,1209,60,102,0,-96.8
9742,20:12:02:786,2,Moderate_Damage,L2_S3,-1854,1184,15128,1269,63,111,0,261.2
9743,20:12:02:796,2,Moderate_Damage,L2_S3,-1936,1238,15530,1194,75,105,0,663.2
9744,20:12:02:806,2,Moderate_Damage,L2_S3,-1950,1346,15794,984,58,66,0,927.2
9745,20:12:02:816,2,Moderate_Damage,L2_S3,-2022,1392,15956,671,59,13,0,1089.2
9746,20:12:02:826,2,Moderate_Damage,L2_S3,-1992,1330,16164,267,39,-46,0,1297.2
9747,20:12:02:836,2,Moderate_Damage,L2_S3,-1962,1386,16110,-172,35,-121,0,1243.2
9748,20:12:02:846,2,Moderate_Damage,L2_S3,-1974,1378,15992,-608,13,-193,0,1125.2
9749,20:12:02:856,2,Moderate_Damage,L2_S3,-1948,1280,15768,-997,13,-254,0,901.2
9750,20:12:02:866,2,Moderate_Damage,L2_S3,-1904,1278,15330,-1305,-2,-300,0,463.2
9751,20:12:02:876,2,Moderate_Damage,L2_S3,-1872,1142,15016,-1507,-11,-333,0,149.2
9752,20:12:02:886,2,Moderate_Damage,L2_S3,-1780,1106,14604,-1577,-17,-345,0,-262.8
9753,20:12:02:896,2,Moderate_Damage,L2_S3,-1714,1052,14288,-1527,3,-333,0,-578.8
9754,20:12:02:906,2,Moderate_Damage,L2_S3,-1580,942,14012,-1335,-13,-315,0,-854.8
9755,20:12:02:916,2,Moderate_Damage,L2_S3,-1670,922,13722,-1048,17,-259,0,-1144.8
9756,20:12:02:926,2,Moderate_Damage,L2_S3,-1602,848,13658,-670,11,-196,0,-1208.8
9757,20:12:02:936,2,Moderate_Damage,L2_S3,-1596,846,13666,-258,24,-125,0,-1200.8
9758,20:12:02:946,2,Moderate_Damage,L2_S3,-1656,862,13724,161,48,-63,0,-1142.8
9759,20:12:02:956,2,Moderate_Damage,L2_S3,-1628,958,14012,542,55,-7,0,-854.8
9760,20:12:02:966,2,Moderate_Damage,L2_S3,-1694,1010,14302,846,61,42,0,-564.8
9761,20:12:02:976,2,Moderate_Damage,L2_S3,-1760,1090,14622,1055,71,84,0,-244.8
9762,20:12:02:986,2,Moderate_Damage,L2_S3,-1800,1164,15000,1141,57,89,0,133.2
9763,20:12:02:996,2,Moderate_Damage,L2_S3,-1878,1252,15392,1095,70,85,0,525.2
9764,20:12:03:006,2,Moderate_Damage,L2_S3,-1900,1310,15708,928,59,66,0,841.2
9765,20:12:03:016,2,Moderate_Damage,L2_S3,-2014,1304,15954,653,55,23,0,1087.2
9766,20:12:03:026,2,Moderate_Damage,L2_S3,-1966,1350,16020,306,44,-45,0,1153.2
9767,20:12:03:036,2,Moderate_Damage,L2_S3,-1950,1364,16040,-83,27,-102,0,1173.2
9768,20:12:03:046,2,Moderate_Damage,L2_S3,-1942,1336,15898,-492,29,-161,0,1031.2
9769,20:12:03:056,2,Moderate_Damage,L2_S3,-1942,1276,15712,-865,6,-220,0,845.2
9770,20:12:03:066,2,Moderate_Damage,L2_S3,-1888,1246,15530,-1165,5,-271,0,663.2
9771,20:12:03:076,2,Moderate_Damage,L2_S3,-1784,1158,15074,-1366,3,-309,0,207.2
9772,20:12:03:086,2,Moderate_Damage,L2_S3,-1752,1076,14800,-1458,-6,-316,0,-66.8
9773,20:12:03:096,2,Moderate_Damage,L2_S3,-1734,1024,14402,-1426,4,-314,0,-464.8
9774,20:12:03:106,2,Moderate_Damage,L2_S3,-1742,944,14060,-1275,16,-290,0,-806.8
9775,20:12:03:116,2,Moderate_Damage,L2_S3,-1606,908,13894,-1021,-17,-248,0,-972.8
9776,20:12:03:126,2,Moderate_Damage,L2_S3,-1644,908,13770,-697,28,-204,0,-1096.8
9777,20:12:03:136,2,Moderate_Damage,L2_S3,-1596,880,13766,-322,13,-135,0,-1100.8
9778,20:12:03:146,2,Moderate_Damage,L2_S3,-1588,908,13834,59,49,-79,0,-1032.8
9779,20:12:03:156,2,Moderate_Damage,L2_S3,-1672,932,13990,413,51,-18,0,-876.8
9780,20:12:03:166,2,Moderate_Damage,L2_S3,-1690,998,14268,703,57,24,0,-598.8
9781,20:12:03:176,2,Moderate_Damage,L2_S3,-1748,1018,14554,912,65,54,0,-312.8
9782,20:12:03:186,2,Moderate_Damage,L2_S3,-1862,1060,14934,1013,55,72,0,67.2
9783,20:12:03:196,2,Moderate_Damage,L2_S3,-1906,1208,15304,993,67,70,0,437.2
9784,20:12:03:206,2,Moderate_Damage,L2_S3,-1916,1256,15614,858,54,46,0,747.2
9785,20:12:03:216,2,Moderate_Damage,L2_S3,-1918,1302,15778,627,58,5,0,911.2
9786,20:12:03:226,2,Moderate_Damage,L2_S3,-1994,1308,15980,310,42,-39,0,1113.2
9787,20:12:03:236,2,Moderate_Damage,L2_S3,-1980,1340,15996,-34,42,-98,0,1129.2
9788,20:12:03:246,2,Moderate_Damage,L2_S3,-1990,1302,15830,-400,33,-159,0,963.2
9789,20:12:03:256,2,Moderate_Damage,L2_S3,-1970,1308,15630,-740,13,-214,0,763.2
9790,20:12:03:266,2,Moderate_Damage,L2_S3,-1836,1290,15454,-1028,11,-255,0,587.2
9791,20:12:03:276,2,Moderate_Damage,L2_S3,-1838,1188,15154,-1229,-1,-281,0,287.2
9792,20:12:03:286,2,Moderate_Damage,L2_S3,-1786,1110,14778,-1330,-4,-297,0,-88.8
9793,20:12:03:296,2,Moderate_Damage,L2_S3,-1748,1032,14490,-1327,4,-304,0,-376.8
9794,20:12:03:306,2,Moderate_Damage,L2_S3,-1742,978,14200,-1213,7,-279,0,-666.8
9795,20:12:03:316,2,Moderate_Damage,L2_S3,-1630,910,14008,-996,0,-248,0,-858.8
9796,20:12:03:326,2,Moderate_Damage,L2_S3,-1668,950,13938,-720,14,-202,0,-928.8
9797,20:12:03:336,2,Moderate_Damage,L2_S3,-1694,896,13828,-372,24,-145,0,-1038.8
9798,20:12:03:346,2,Moderate_Damage,L2_S3,-1612,930,13918,-29,31,-91,0,-948.8
9799,20:12:03:357,2,Moderate_Damage,L2_S3,-1704,974,14062,299,49,-31,0,-804.8
9800,20:12:03:366,2,Moderate_Damage,L2_S3,-1676,960,14288,586,51,2,0,-578.8
9801,20:12:03:376,2,Moderate_Damage,L2_S3,-1752,1130,14592,785,58,35,0,-274.8
9802,20:12:03:386,2,Moderate_Damage,L2_S3,-1780,1116,14864,895,50,54,0,-2.8
9803,20:12:03:396,2,Moderate_Damage,L2_S3,-1788,1144,15238,897,55,55,0,371.2
9804,20:12:03:406,2,Moderate_Damage,L2_S3,-1890,1224,15440,788,45,44,0,573.2
9805,20:12:03:416,2,Moderate_Damage,L2_S3,-1944,1290,15658,597,57,7,0,791.2
9806,20:12:03:426,2,Moderate_Damage,L2_S3,-1910,1306,15724,326,37,-41,0,857.2
9807,20:12:03:436,2,Moderate_Damage,L2_S3,-1952,1284,15776,10,36,-89,0,909.2
9808,20:12:03:446,2,Moderate_Damage,L2_S3,-1924,1306,15742,-315,21,-142,0,875.2
9809,20:12:03:456,2,Moderate_Damage,L2_S3,-1912,1280,15646,-634,8,-190,0,779.2
9810,20:12:03:466,2,Moderate_Damage,L2_S3,-1874,1246,15460,-909,7,-238,0,593.2
9811,20:12:03:476,2,Moderate_Damage,L2_S3,-1834,1152,15166,-1111,4,-260,0,299.2
9812,20:12:03:486,2,Moderate_Damage,L2_S3,-1838,1132,14870,-1226,4,-275,0,3.2
9813,20:12:03:496,2,Moderate_Damage,L2_S3,-1716,1032,14556,-1228,-4,-284,0,-310.8
9814,20:12:03:506,2,Moderate_Damage,L2_S3,-1722,1050,14314,-1140,16,-275,0,-552.8
9815,20:12:03:516,2,Moderate_Damage,L2_S3,-1678,984,14148,-966,21,-238,0,-718.8
9816,20:12:03:526,2,Moderate_Damage,L2_S3,-1690,938,13918,-715,-1,-198,0,-948.8
9817,20:12:03:536,2,Moderate_Damage,L2_S3,-1644,926,13928,-422,34,-152,0,-938.8
9818,20:12:03:546,2,Moderate_Damage,L2_S3,-1628,930,13986,-103,23,-99,0,-880.8
9819,20:12:03:556,2,Moderate_Damage,L2_S3,-1698,962,14048,203,36,-60,0,-818.8
9820,20:12:03:566,2,Moderate_Damage,L2_S3,-1706,988,14332,470,53,-13,0,-534.8
9821,20:12:03:576,2,Moderate_Damage,L2_S3,-1730,1058,14628,670,55,22,0,-238.8
9822,20:12:03:586,2,Moderate_Damage,L2_S3,-1820,1120,14762,783,63,42,0,-104.8
9823,20:12:03:596,2,Moderate_Damage,L2_S3,-1842,1168,15060,802,45,47,0,193.2
9824,20:12:03:606,2,Moderate_Damage,L2_S3,-1814,1212,15348,730,53,23,0,481.2
9825,20:12:03:616,2,Moderate_Damage,L2_S3,-1938,1268,15546,560,48,5,0,679.2
9826,20:12:03:626,2,Moderate_Damage,L2_S3,-1906,1272,15658,329,54,-38,0,791.2
9827,20:12:03:636,2,Moderate_Damage,L2_S3,-1854,1318,15752,51,33,-81,0,885.2
9828,20:12:03:646,2,Moderate_Damage,L2_S3,-1924,1348,15694,-251,26,-128,0,827.2
9829,20:12:03:656,2,Moderate_Damage,L2_S3,-1942,1266,15590,-552,20,-179,0,723.2
9830,20:12:03:666,2,Moderate_Damage,L2_S3,-1888,1260,15476,-801,9,-218,0,609.2
9831,20:12:03:676,2,Moderate_Damage,L2_S3,-1884,1166,15252,-992,8,-243,0,385.2
9832,20:12:03:686,2,Moderate_Damage,L2_S3,-1840,1152,14934,-1116,9,-264,0,67.2
9833,20:12:03:696,2,Moderate_Damage,L2_S3,-1790,1064,14654,-1134,7,-267,0,-212.8
9834,20:12:03:706,2,Moderate_Damage,L2_S3,-1716,998,14442,-1074,6,-264,0,-424.8
9835,20:12:03:716,2,Moderate_Damage,L2_S3,-1698,998,14242,-927,-1,-237,0,-624.8
9836,20:12:03:726,2,Moderate_Damage,L2_S3,-1666,982,14074,-710,23,-213,0,-792.8
9837,20:12:03:736,2,Moderate_Damage,L2_S3,-1672,968,14026,-446,34,-162,0,-840.8
9838,20:12:03:746,2,Moderate_Damage,L2_S3,-1652,972,14026,-156,10,-109,0,-840.8
9839,20:12:03:756,2,Moderate_Damage,L2_S3,-1646,1002,14206,125,58,-67,0,-660.8
9840,20:12:03:766,2,Moderate_Damage,L2_S3,-1728,978,14296,368,33,-29,0,-570.8
9841,20:12:03:776,2,Moderate_Damage,L2_S3,-1768,1072,14584,566,65,5,0,-282.8
9842,20:12:03:786,2,Moderate_Damage,L2_S3,-1764,1104,14778,682,50,16,0,-88.8
9843,20:12:03:796,2,Moderate_Damage,L2_S3,-1864,1162,15012,717,53,21,0,145.2
9844,20:12:03:806,2,Moderate_Damage,L2_S3,-1842,1192,15278,661,48,9,0,411.2
9845,20:12:03:816,2,Moderate_Damage,L2_S3,-1898,1238,15488,525,46,-11,0,621.2
9846,20:12:03:826,2,Moderate_Damage,L2_S3,-1904,1298,15594,318,41,-38,0,727.2
9847,20:12:03:836,2,Moderate_Damage,L2_S3,-1916,1284,15642,74,41,-76,0,775.2
9848,20:12:03:846,2,Moderate_Damage,L2_S3,-1912,1212,15630,-201,28,-121,0,763.2
9849,20:12:03:856,2,Moderate_Damage,L2_S3,-1918,1252,15552,-467,15,-165,0,685.2
9850,20:12:03:866,2,Moderate_Damage,L2_S3,-1848,1240,15356,-713,11,-200,0,489.2
9851,20:12:03:876,2,Moderate_Damage,L2_S3,-1844,1176,15160,-900,12,-227,0,293.2
9852,20:12:03:886,2,Moderate_Damage,L2_S3,-1794,1100,14930,-1019,5,-246,0,63.2
9853,20:12:03:896,2,Moderate_Damage,L2_S3,-1744,1110,14670,-1060,11,-258,0,-196.8
9854,20:12:03:906,2,Moderate_Damage,L2_S3,-1776,1056,14504,-1005,10,-251,0,-362.8
9855,20:12:03:916,2,Moderate_Damage,L2_S3,-1730,978,14326,-886,19,-233,0,-540.8
9856,20:12:03:926,2,Moderate_Damage,L2_S3,-1700,924,14222,-705,27,-197,0,-644.8
9857,20:12:03:936,2,Moderate_Damage,L2_S3,-1670,976,14098,-467,9,-160,0,-768.8
9858,20:12:03:946,2,Moderate_Damage,L2_S3,-1748,956,14066,-209,33,-124,0,-800.8
9859,20:12:03:956,2,Moderate_Damage,L2_S3,-1734,984,14214,48,28,-80,0,-652.8
9860,20:12:03:966,2,Moderate_Damage,L2_S3,-1664,1046,14320,277,37,-47,0,-546.8
9861,20:12:03:976,2,Moderate_Damage,L2_S3,-1780,1044,14500,459,55,-16,0,-366.8
9862,20:12:03:986,2,Moderate_Damage,L2_S3,-1798,1098,14812,586,46,7,0,-54.8
9863,20:12:03:996,2,Moderate_Damage,L2_S3,-1858,1130,14960,626,41,14,0,93.2
9864,20:12:04:006,2,Moderate_Damage,L2_S3,-1838,1216,15186,593,48,9,0,319.2
9865,20:12:04:016,2,Moderate_Damage,L2_S3,-1896,1220,15380,482,44,-14,0,513.2
9866,20:12:04:026,2,Moderate_Damage,L2_S3,-1932,1258,15502,306,41,-41,0,635.2
9867,20:12:04:036,2,Moderate_Damage,L2_S3,-1888,1254,15628,85,34,-79,0,761.2
9868,20:12:04:046,2,Moderate_Damage,L2_S3,-1918,1300,15566,-161,32,-117,0,699.2
9869,20:12:04:056,2,Moderate_Damage,L2_S3,-1914,1246,15482,-405,23,-156,0,615.2
9870,20:12:04:066,2,Moderate_Damage,L2_S3,-1904,1232,15360,-625,23,-187,0,493.2
9871,20:12:04:076,2,Moderate_Damage,L2_S3,-1878,1184,15210,-807,11,-216,0,343.2
9872,20:12:04:086,2,Moderate_Damage,L2_S3,-1798,1124,14968,-927,17,-236,0,101.2
9873,20:12:04:096,2,Moderate_Damage,L2_S3,-1784,1094,14844,-984,4,-240,0,-22.8
9874,20:12:04:106,2,Moderate_Damage,L2_S3,-1772,1072,14524,-944,14,-238,0,-342.8
9875,20:12:04:116,2,Moderate_Damage,L2_S3,-1730,1046,14380,-848,9,-228,0,-486.8
9876,20:12:04:126,2,Moderate_Damage,L2_S3,-1764,1000,14196,-674,20,-199,0,-670.8
9877,20:12:04:136,2,Moderate_Damage,L2_S3,-1746,968,14124,-483,11,-170,0,-742.8
9878,20:12:04:146,2,Moderate_Damage,L2_S3,-1694,976,14130,-235,38,-125,0,-736.8
9879,20:12:04:156,2,Moderate_Damage,L2_S3,-1672,1018,14244,-13,32,-89,0,-622.8
9880,20:12:04:166,2,Moderate_Damage,L2_S3,-1676,1012,14388,215,40,-63,0,-478.8
9881,20:12:04:176,2,Moderate_Damage,L2_S3,-1736,1006,14500,377,36,-33,0,-366.8
9882,20:12:04:186,2,Moderate_Damage,L2_S3,-1762,1074,14738,505,45,-8,0,-128.8
9883,20:12:04:196,2,Moderate_Damage,L2_S3,-1858,1108,14986,545,48,-6,0,119.2
9884,20:12:04:206,2,Moderate_Damage,L2_S3,-1826,1166,15188,522,59,-9,0,321.2
9885,20:12:04:216,2,Moderate_Damage,L2_S3,-1852,1222,15328,432,45,-25,0,461.2
9886,20:12:04:226,2,Moderate_Damage,L2_S3,-1916,1238,15440,290,38,-45,0,573.2
9887,20:12:04:236,2,Moderate_Damage,L2_S3,-1892,1256,15546,92,37,-81,0,679.2
9888,20:12:04:246,2,Moderate_Damage,L2_S3,-1900,1234,15538,-128,33,-107,0,671.2
9889,20:12:04:256,2,Moderate_Damage,L2_S3,-1860,1226,15548,-356,24,-143,0,681.2
9890,20:12:04:266,2,Moderate_Damage,L2_S3,-1838,1218,15396,-561,17,-180,0,529.2
9891,20:12:04:276,2,Moderate_Damage,L2_S3,-1864,1170,15196,-733,22,-203,0,329.2
9892,20:12:04:286,2,Moderate_Damage,L2_S3,-1814,1146,14944,-851,3,-216,0,77.2
9893,20:12:04:296,2,Moderate_Damage,L2_S3,-1794,1156,14808,-896,13,-231,0,-58.8
9894,20:12:04:307,2,Moderate_Damage,L2_S3,-1762,1038,14586,-885,10,-231,0,-280.8
9895,20:12:04:316,2,Moderate_Damage,L2_S3,-1776,996,14438,-804,8,-213,0,-428.8
9896,20:12:04:326,2,Moderate_Damage,L2_S3,-1750,1008,14314,-663,17,-195,0,-552.8
9897,20:12:04:336,2,Moderate_Damage,L2_S3,-1672,970,14260,-473,20,-159,0,-606.8
9898,20:12:04:346,2,Moderate_Damage,L2_S3,-1730,968,14242,-264,32,-130,0,-624.8
9899,20:12:04:359,2,Moderate_Damage,L2_S3,-1746,1026,14298,-54,35,-100,0,-568.8
9900,20:12:04:366,2,Moderate_Damage,L2_S3,-1738,1056,14458,147,42,-65,0,-408.8
9901,20:12:04:376,2,Moderate_Damage,L2_S3,-1738,1070,14566,309,39,-42,0,-300.8
9902,20:12:04:386,2,Moderate_Damage,L2_S3,-1800,1052,14776,426,47,-22,0,-90.8
9903,20:12:04:396,2,Moderate_Damage,L2_S3,-1794,1074,14938,484,48,-12,0,71.2
9904,20:12:04:406,2,Moderate_Damage,L2_S3,-1824,1156,15106,475,48,-8,0,239.2
9905,20:12:04:416,2,Moderate_Damage,L2_S3,-1830,1238,15268,398,44,-19,0,401.2
9906,20:12:04:426,2,Moderate_Damage,L2_S3,-1834,1198,15334,261,46,-51,0,467.2
9907,20:12:04:436,2,Moderate_Damage,L2_S3,-1898,1256,15442,90,41,-79,0,575.2
9908,20:12:04:446,2,Moderate_Damage,L2_S3,-1878,1218,15450,-109,30,-110,0,583.2
9909,20:12:04:456,2,Moderate_Damage,L2_S3,-1832,1238,15372,-311,26,-133,0,505.2
9910,20:12:04:466,2,Moderate_Damage,L2_S3,-1916,1196,15310,-507,15,-158,0,443.2
9911,20:12:04:476,2,Moderate_Damage,L2_S3,-1830,1172,15194,-664,15,-191,0,327.2
9912,20:12:04:486,2,Moderate_Damage,L2_S3,-1838,1146,14984,-782,19,-212,0,117.2
9913,20:12:04:496,2,Moderate_Damage,L2_S3,-1840,1138,14796,-826,17,-225,0,-70.8
9914,20:12:04:507,2,Moderate_Damage,L2_S3,-1776,1078,14638,-826,18,-215,0,-228.8
9915,20:12:04:516,2,Moderate_Damage,L2_S3,-1760,1026,14468,-757,13,-206,0,-398.8
9916,20:12:04:526,2,Moderate_Damage,L2_S3,-1700,1004,14380,-634,27,-193,0,-486.8
9917,20:12:04:536,2,Moderate_Damage,L2_S3,-1654,1018,14300,-475,17,-164,0,-566.8
9918,20:12:04:546,2,Moderate_Damage,L2_S3,-1694,988,14308,-283,36,-138,0,-558.8
9919,20:12:04:556,2,Moderate_Damage,L2_S3,-1728,1004,14326,-87,36,-107,0,-540.8
9920,20:12:04:566,2,Moderate_Damage,L2_S3,-1742,1060,14446,97,36,-67,0,-420.8
9921,20:12:04:576,2,Moderate_Damage,L2_S3,-1762,1026,14494,256,44,-49,0,-372.8
9922,20:12:04:586,2,Moderate_Damage,L2_S3,-1782,1072,14730,363,44,-35,0,-136.8
9923,20:12:04:596,2,Moderate_Damage,L2_S3,-1842,1126,14872,421,51,-27,0,5.2
9924,20:12:04:606,2,Moderate_Damage,L2_S3,-1826,1184,15024,420,53,-23,0,157.2
9925,20:12:04:616,2,Moderate_Damage,L2_S3,-1912,1150,15176,353,43,-34,0,309.2
9926,20:12:04:626,2,Moderate_Damage,L2_S3,-1866,1236,15342,242,49,-47,0,475.2
9927,20:12:04:636,2,Moderate_Damage,L2_S3,-1830,1240,15460,86,41,-76,0,593.2
9928,20:12:04:646,2,Moderate_Damage,L2_S3,-1888,1248,15364,-91,32,-102,0,497.2
9929,20:12:04:656,2,Moderate_Damage,L2_S3,-1870,1164,15386,-276,31,-134,0,519.2
9930,20:12:04:666,2,Moderate_Damage,L2_S3,-1880,1214,15322,-461,19,-164,0,455.2
9931,20:12:04:676,2,Moderate_Damage,L2_S3,-1826,1206,15186,-603,19,-185,0,319.2
9932,20:12:04:687,2,Moderate_Damage,L2_S3,-1782,1184,15054,-717,20,-199,0,187.2
9933,20:12:04:696,2,Moderate_Damage,L2_S3,-1846,1126,14868,-777,15,-212,0,1.2
9934,20:12:04:706,2,Moderate_Damage,L2_S3,-1764,1062,14750,-780,18,-220,0,-116.8
9935,20:12:04:716,2,Moderate_Damage,L2_S3,-1780,1076,14554,-718,13,-203,0,-312.8
9936,20:12:04:727,2,Moderate_Damage,L2_S3,-1700,1032,14418,-610,15,-185,0,-448.8
9937,20:12:04:736,2,Moderate_Damage,L2_S3,-1768,1002,14316,-466,17,-166,0,-550.8
9938,20:12:04:746,2,Moderate_Damage,L2_S3,-1722,1024,14292,-301,25,-136,0,-574.8
9939,20:12:04:756,2,Moderate_Damage,L2_S3,-1656,1026,14334,-117,32,-109,0,-532.8
9940,20:12:04:766,2,Moderate_Damage,L2_S3,-1666,1034,14466,55,37,-76,0,-400.8
9941,20:12:04:776,2,Moderate_Damage,L2_S3,-1770,1046,14554,194,40,-57,0,-312.8
9942,20:12:04:786,2,Moderate_Damage,L2_S3,-1790,1072,14678,298,41,-41,0,-188.8
9943,20:12:04:796,2,Moderate_Damage,L2_S3,-1802,1078,14890,358,47,-26,0,23.2
9944,20:12:04:806,2,Moderate_Damage,L2_S3,-1824,1180,15066,365,44,-36,0,199.2
9945,20:12:04:816,2,Moderate_Damage,L2_S3,-1804,1146,15150,319,45,-44,0,283.2
9946,20:12:04:826,2,Moderate_Damage,L2_S3,-1864,1200,15242,213,38,-49,0,375.2
9947,20:12:04:836,2,Moderate_Damage,L2_S3,-1874,1218,15310,80,43,-77,0,443.2
9948,20:12:04:846,2,Moderate_Damage,L2_S3,-1870,1216,15348,-85,30,-100,0,481.2
9949,20:12:04:857,2,Moderate_Damage,L2_S3,-1856,1196,15288,-251,24,-139,0,421.2
9950,20:12:04:867,2,Moderate_Damage,L2_S3,-1894,1192,15334,-424,16,-154,0,467.2
9951,20:12:04:877,2,Moderate_Damage,L2_S3,-1858,1152,15206,-556,21,-176,0,339.2
9952,20:12:04:887,2,Moderate_Damage,L2_S3,-1828,1118,15026,-659,14,-192,0,159.2
9953,20:12:04:896,2,Moderate_Damage,L2_S3,-1788,1110,14918,-718,19,-202,0,51.2
9954,20:12:04:907,2,Moderate_Damage,L2_S3,-1750,1030,14700,-729,10,-199,0,-166.8
9955,20:12:04:916,2,Moderate_Damage,L2_S3,-1754,1090,14552,-686,19,-198,0,-314.8
9956,20:12:04:926,2,Moderate_Damage,L2_S3,-1756,1070,14516,-589,18,-183,0,-350.8
9957,20:12:04:936,2,Moderate_Damage,L2_S3,-1734,988,14440,-460,21,-169,0,-426.8
9958,20:12:04:946,2,Moderate_Damage,L2_S3,-1704,1000,14402,-297,34,-134,0,-464.8
9959,20:12:04:957,2,Moderate_Damage,L2_S3,-1710,1024,14426,-145,32,-114,0,-440.8
9960,20:12:04:966,2,Moderate_Damage,L2_S3,-1754,1046,14450,19,42,-92,0,-416.8
9961,20:12:04:976,2,Moderate_Damage,L2_S3,-1776,1046,14498,143,39,-67,0,-368.8
9962,20:12:04:986,2,Moderate_Damage,L2_S3,-1782,1116,14632,251,52,-44,0,-234.8
9963,20:12:04:996,2,Moderate_Damage,L2_S3,-1768,1106,14820,308,40,-36,0,-46.8
9964,20:12:05:006,2,Moderate_Damage,L2_S3,-1822,1110,14948,321,36,-34,0,81.2
9965,20:12:05:016,2,Moderate_Damage,L2_S3,-1826,1178,15102,278,41,-46,0,235.2
9966,20:12:05:026,2,Moderate_Damage,L2_S3,-1860,1208,15260,193,41,-61,0,393.2
9967,20:12:05:036,2,Moderate_Damage,L2_S3,-1840,1216,15264,67,31,-77,0,397.2
9968,20:12:05:046,2,Moderate_Damage,L2_S3,-1920,1222,15312,-71,35,-102,0,445.2
9969,20:12:05:056,2,Moderate_Damage,L2_S3,-1890,1164,15312,-226,28,-119,0,445.2
9970,20:12:05:066,2,Moderate_Damage,L2_S3,-1862,1244,15190,-373,31,-147,0,323.2
9971,20:12:05:076,2,Moderate_Damage,L2_S3,-1834,1200,15172,-505,23,-176,0,305.2
9972,20:12:05:086,2,Moderate_Damage,L2_S3,-1808,1132,15142,-606,15,-187,0,275.2
9973,20:12:05:096,2,Moderate_Damage,L2_S3,-1846,1100,14910,-670,17,-187,0,43.2
9974,20:12:05:106,2,Moderate_Damage,L2_S3,-1832,1090,14672,-681,14,-193,0,-194.8
9975,20:12:05:117,2,Moderate_Damage,L2_S3,-1756,1070,14704,-641,22,-195,0,-162.8
9976,20:12:05:127,2,Moderate_Damage,L2_S3,-1760,1062,14508,-565,16,-177,0,-358.8
9977,20:12:05:136,2,Moderate_Damage,L2_S3,-1736,1014,14468,-452,20,-159,0,-398.8
9978,20:12:05:146,2,Moderate_Damage,L2_S3,-1690,996,14434,-318,30,-142,0,-432.8
9979,20:12:05:157,2,Moderate_Damage,L2_S3,-1734,1032,14336,-168,26,-112,0,-530.8
9980,20:12:05:166,2,Moderate_Damage,L2_S3,-1774,1044,14526,-18,38,-91,0,-340.8
9981,20:12:05:176,2,Moderate_Damage,L2_S3,-1752,1072,14618,109,30,-65,0,-248.8
9982,20:12:05:186,2,Moderate_Damage,L2_S3,-1780,1088,14682,207,42,-56,0,-184.8
9983,20:12:05:196,2,Moderate_Damage,L2_S3,-1804,1072,14842,256,43,-50,0,-24.8
9984,20:12:05:206,2,Moderate_Damage,L2_S3,-1834,1132,15028,280,54,-48,0,161.2
9985,20:12:05:216,2,Moderate_Damage,L2_S3,-1832,1162,15070,244,40,-54,0,203.2
9986,20:12:05:226,2,Moderate_Damage,L2_S3,-1812,1188,15250,174,50,-67,0,383.2
9987,20:12:05:236,2,Moderate_Damage,L2_S3,-1866,1150,15298,62,35,-87,0,431.2
9988,20:12:05:247,2,Moderate_Damage,L2_S3,-1840,1214,15226,-62,38,-106,0,359.2
9989,20:12:05:257,2,Moderate_Damage,L2_S3,-1858,1204,15298,-215,33,-124,0,431.2
9990,20:12:05:267,2,Moderate_Damage,L2_S3,-1844,1194,15212,-347,31,-143,0,345.2
9991,20:12:05:277,2,Moderate_Damage,L2_S3,-1820,1166,15116,-474,17,-166,0,249.2
9992,20:12:05:287,2,Moderate_Damage,L2_S3,-1874,1110,15066,-565,20,-179,0,199.2
9993,20:12:05:297,2,Moderate_Damage,L2_S3,-1840,1142,14892,-621,18,-187,0,25.2
9994,20:12:05:307,2,Moderate_Damage,L2_S3,-1806,1122,14740,-637,17,-190,0,-126.8
9995,20:12:05:317,2,Moderate_Damage,L2_S3,-1824,1116,14630,-611,16,-192,0,-236.8
9996,20:12:05:327,2,Moderate_Damage,L2_S3,-1744,1066,14506,-542,18,-180,0,-360.8
9997,20:12:05:337,2,Moderate_Damage,L2_S3,-1774,1060,14540,-443,25,-159,0,-326.8
9998,20:12:05:347,2,Moderate_Damage,L2_S3,-1774,982,14458,-316,27,-144,0,-408.8
9999,20:12:05:357,2,Moderate_Damage,L2_S3,-1700,1076,14476,-182,34,-120,0,-390.8
10000,20:12:05:366,2,Moderate_Damage,L2_S3,-1782,1004,14528,-51,31,-98,0,-338.8
10001,20:12:05:376,2,Moderate_Damage,L2_S3,-1760,1042,14616,68,42,-81,0,-250.8
10002,20:12:05:386,2,Moderate_Damage,L2_S3,-1772,1084,14686,162,38,-59,0,-180.8
10003,20:12:05:397,2,Moderate_Damage,L2_S3,-1760,1104,14824,217,42,-51,0,-42.8
10004,20:12:05:407,2,Moderate_Damage,L2_S3,-1798,1114,14946,234,36,-50,0,79.2
10005,20:12:05:417,2,Moderate_Damage,L2_S3,-1832,1172,15022,214,45,-53,0,155.2
10006,20:12:05:427,2,Moderate_Damage,L2_S3,-1840,1190,15122,150,44,-65,0,255.2
10007,20:12:05:436,2,Moderate_Damage,L2_S3,-1882,1186,15206,56,39,-75,0,339.2
10008,20:12:05:447,2,Moderate_Damage,L2_S3,-1846,1162,15274,-63,36,-97,0,407.2
10009,20:12:05:457,2,Moderate_Damage,L2_S3,-1882,1190,15244,-194,27,-118,0,377.2
10010,20:12:05:467,2,Moderate_Damage,L2_S3,-1836,1196,15186,-327,27,-140,0,319.2
10011,20:12:05:477,2,Moderate_Damage,L2_S3,-1826,1160,15138,-440,26,-163,0,271.2
10012,20:12:05:487,2,Moderate_Damage,L2_S3,-1836,1166,15016,-526,12,-172,0,149.2
10013,20:12:05:497,2,Moderate_Damage,L2_S3,-1774,1114,14886,-582,16,-182,0,19.2
10014,20:12:05:507,2,Moderate_Damage,L2_S3,-1766,1112,14804,-598,22,-189,0,-62.8
10015,20:12:05:517,2,Moderate_Damage,L2_S3,-1782,1074,14660,-586,19,-182,0,-206.8
10016,20:12:05:527,2,Moderate_Damage,L2_S3,-1766,1042,14610,-522,22,-170,0,-256.8
10017,20:12:05:537,2,Moderate_Damage,L2_S3,-1748,1060,14578,-436,20,-159,0,-288.8
10018,20:12:05:547,2,Moderate_Damage,L2_S3,-1718,1082,14552,-317,27,-136,0,-314.8
10019,20:12:05:557,2,Moderate_Damage,L2_S3,-1774,1054,14470,-194,34,-116,0,-396.8
10020,20:12:05:567,2,Moderate_Damage,L2_S3,-1780,1066,14468,-76,30,-101,0,-398.8
10021,20:12:05:577,2,Moderate_Damage,L2_S3,-1734,1068,14640,43,31,-80,0,-226.8
10022,20:12:05:587,2,Moderate_Damage,L2_S3,-1778,1086,14776,123,38,-67,0,-90.8
10023,20:12:05:597,2,Moderate_Damage,L2_S3,-1798,1110,14856,182,43,-60,0,-10.8
10024,20:12:05:607,2,Moderate_Damage,L2_S3,-1796,1138,14902,203,45,-61,0,35.2
10025,20:12:05:617,2,Moderate_Damage,L2_S3,-1824,1164,15020,182,42,-60,0,153.2
10026,20:12:05:627,2,Moderate_Damage,L2_S3,-1806,1190,15062,135,40,-70,0,195.2
10027,20:12:05:636,2,Moderate_Damage,L2_S3,-1840,1164,15166,51,35,-83,0,299.2
10028,20:12:05:647,2,Moderate_Damage,L2_S3,-1872,1192,15212,-59,32,-89,0,345.2
10029,20:12:05:657,2,Moderate_Damage,L2_S3,-1848,1140,15192,-179,32,-122,0,325.2
10030,20:12:05:667,2,Moderate_Damage,L2_S3,-1800,1188,15194,-301,25,-144,0,327.2
10031,20:12:05:677,2,Moderate_Damage,L2_S3,-1884,1178,15064,-407,23,-155,0,197.2
10032,20:12:05:687,2,Moderate_Damage,L2_S3,-1796,1122,15036,-494,24,-176,0,169.2
10033,20:12:05:697,2,Moderate_Damage,L2_S3,-1820,1110,14924,-541,16,-175,0,57.2
10034,20:12:05:707,2,Moderate_Damage,L2_S3,-1772,1076,14850,-571,19,-186,0,-16.8
10035,20:12:05:717,2,Moderate_Damage,L2_S3,-1772,1074,14658,-550,20,-178,0,-208.8
10036,20:12:05:727,2,Moderate_Damage,L2_S3,-1754,1148,14616,-503,12,-168,0,-250.8
10037,20:12:05:737,2,Moderate_Damage,L2_S3,-1732,1110,14572,-417,27,-157,0,-294.8
10038,20:12:05:747,2,Moderate_Damage,L2_S3,-1750,1022,14572,-324,24,-138,0,-294.8
10039,20:12:05:757,2,Moderate_Damage,L2_S3,-1746,1064,14488,-203,30,-116,0,-378.8
10040,20:12:05:767,2,Moderate_Damage,L2_S3,-1762,1062,14568,-95,28,-100,0,-298.8
10041,20:12:05:777,2,Moderate_Damage,L2_S3,-1766,1076,14656,8,29,-80,0,-210.8
10042,20:12:05:787,2,Moderate_Damage,L2_S3,-1778,1086,14700,93,37,-77,0,-166.8
10043,20:12:05:797,2,Moderate_Damage,L2_S3,-1822,1104,14794,142,37,-68,0,-72.8
10044,20:12:05:807,2,Moderate_Damage,L2_S3,-1838,1082,14830,165,42,-66,0,-36.8
10045,20:12:05:817,2,Moderate_Damage,L2_S3,-1772,1118,15098,151,32,-65,0,231.2
10046,20:12:05:827,2,Moderate_Damage,L2_S3,-1872,1176,15098,109,39,-74,0,231.2
10047,20:12:05:837,2,Moderate_Damage,L2_S3,-1856,1162,15118,33,38,-85,0,251.2
10048,20:12:05:847,2,Moderate_Damage,L2_S3,-1806,1118,15160,-171,31,-116,0,293.2
10049,20:12:05:857,2,Moderate_Damage,L2_S3,-1804,1196,15226,-279,29,-133,0,359.2
10050,20:12:05:867,2,Moderate_Damage,L2_S3,-1860,1148,15032,-378,30,-150,0,165.2
10051,20:12:05:877,2,Moderate_Damage,L2_S3,-1854,1198,15008,-455,26,-165,0,141.2
10052,20:12:05:887,2,Moderate_Damage,L2_S3,-1780,1122,14904,-515,20,-170,0,37.2
10053,20:12:05:897,2,Moderate_Damage,L2_S3,-1746,1106,14856,-532,19,-176,0,-10.8
10054,20:12:05:907,2,Moderate_Damage,L2_S3,-1744,1052,14784,-525,18,-178,0,-82.8
10055,20:12:05:917,2,Moderate_Damage,L2_S3,-1774,1062,14672,-487,21,-168,0,-194.8
10056,20:12:05:927,2,Moderate_Damage,L2_S3,-1806,1082,14704,-414,23,-155,0,-162.8
10057,20:12:05:937,2,Moderate_Damage,L2_S3,-1704,1036,14532,-321,26,-136,0,-334.8
10058,20:12:05:947,2,Moderate_Damage,L2_S3,-1710,1082,14554,-218,35,-123,0,-312.8
10059,20:12:05:957,2,Moderate_Damage,L2_S3,-1758,1042,14574,-113,32,-103,0,-292.8
10060,20:12:05:967,2,Moderate_Damage,L2_S3,-1766,1108,14670,-22,33,-91,0,-196.8
10061,20:12:05:977,2,Moderate_Damage,L2_S3,-1804,1088,14740,61,33,-81,0,-126.8
10062,20:12:05:987,2,Moderate_Damage,L2_S3,-1784,1136,14828,112,40,-75,0,-38.8
10063,20:12:05:997,2,Moderate_Damage,L2_S3,-1794,1136,14846,131,43,-74,0,-20.8
10064,20:12:06:007,2,Moderate_Damage,L2_S3,-1820,1138,14998,130,36,-72,0,131.2
10065,20:12:06:017,2,Moderate_Damage,L2_S3,-1842,1148,15040,86,40,-78,0,173.2
10066,20:12:06:027,2,Moderate_Damage,L2_S3,-1876,1178,15166,23,27,-87,0,299.2
10067,20:12:06:039,2,Moderate_Damage,L2_S3,-1856,1150,15142,-57,33,-102,0,275.2
10068,20:12:06:047,2,Moderate_Damage,L2_S3,-1850,1174,15122,-161,22,-116,0,255.2
10069,20:12:06:057,2,Moderate_Damage,L2_S3,-1836,1152,15140,-249,25,-130,0,273.2
10070,20:12:06:067,2,Moderate_Damage,L2_S3,-1814,1190,15114,-354,20,-147,0,247.2
10071,20:12:06:077,2,Moderate_Damage,L2_S3,-1824,1184,15040,-426,19,-154,0,173.2
10072,20:12:06:087,2,Moderate_Damage,L2_S3,-1814,1118,14924,-481,20,-165,0,57.2
10073,20:12:06:097,2,Moderate_Damage,L2_S3,-1810,1080,14772,-504,18,-170,0,-94.8
10074,20:12:06:107,2,Moderate_Damage,L2_S3,-1826,1040,14744,-493,21,-165,0,-122.8
10075,20:12:06:117,2,Moderate_Damage,L2_S3,-1776,1102,14658,-468,27,-164,0,-208.8
10076,20:12:06:127,2,Moderate_Damage,L2_S3,-1784,1102,14586,-402,22,-151,0,-280.8
10077,20:12:06:137,2,Moderate_Damage,L2_S3,-1758,1022,14552,-317,29,-141,0,-314.8
10078,20:12:06:147,2,Moderate_Damage,L2_S3,-1798,1050,14614,-225,28,-121,0,-252.8
10079,20:12:06:157,2,Moderate_Damage,L2_S3,-1738,1062,14592,-135,30,-111,0,-274.8
10080,20:12:06:167,2,Moderate_Damage,L2_S3,-1788,1080,14628,-41,32,-92,0,-238.8
10081,20:12:06:177,2,Moderate_Damage,L2_S3,-1764,1096,14686,29,35,-87,0,-180.8
10082,20:12:06:187,2,Moderate_Damage,L2_S3,-1810,1164,14788,84,40,-75,0,-78.8
10083,20:12:06:197,2,Moderate_Damage,L2_S3,-1816,1108,14856,101,40,-67,0,-10.8
10084,20:12:06:207,2,Moderate_Damage,L2_S3,-1818,1124,14942,104,28,-71,0,75.2
10085,20:12:06:217,2,Moderate_Damage,L2_S3,-1826,1166,15018,66,44,-83,0,151.2
10086,20:12:06:227,2,Moderate_Damage,L2_S3,-1896,1242,15088,8,40,-92,0,221.2
10087,20:12:06:237,2,Moderate_Damage,L2_S3,-1820,1208,15110,-69,33,-98,0,243.2
10088,20:12:06:247,2,Moderate_Damage,L2_S3,-1802,1164,15152,-157,28,-113,0,285.2
10089,20:12:06:257,2,Moderate_Damage,L2_S3,-1816,1148,15106,-244,23,-134,0,239.2
10090,20:12:06:267,2,Moderate_Damage,L2_S3,-1850,1194,15040,-328,28,-147,0,173.2
10091,20:12:06:277,2,Moderate_Damage,L2_S3,-1832,1166,14996,-405,25,-156,0,129.2
10092,20:12:06:287,2,Moderate_Damage,L2_S3,-1788,1096,14962,-447,28,-162,0,95.2
10093,20:12:06:297,2,Moderate_Damage,L2_S3,-1764,1088,14896,-478,22,-164,0,29.2
10094,20:12:06:307,2,Moderate_Damage,L2_S3,-1802,1110,14834,-471,25,-165,0,-32.8
10095,20:12:06:317,2,Moderate_Damage,L2_S3,-1744,1048,14736,-442,19,-155,0,-130.8
10096,20:12:06:327,2,Moderate_Damage,L2_S3,-1804,1050,14658,-390,31,-147,0,-208.8
10097,20:12:06:337,2,Moderate_Damage,L2_S3,-1778,1056,14616,-318,29,-142,0,-250.8
10098,20:12:06:347,2,Moderate_Damage,L2_S3,-1786,1046,14638,-235,32,-123,0,-228.8
10099,20:12:06:357,2,Moderate_Damage,L2_S3,-1808,1094,14650,-150,24,-118,0,-216.8
10100,20:12:06:367,2,Moderate_Damage,L2_S3,-1820,1054,14664,-64,35,-101,0,-202.8
10101,20:12:06:377,2,Moderate_Damage,L2_S3,-1746,1074,14738,4,29,-93,0,-128.8
10102,20:12:06:387,2,Moderate_Damage,L2_S3,-1796,1114,14820,59,37,-80,0,-46.8
10103,20:12:06:397,2,Moderate_Damage,L2_S3,-1792,1084,14840,83,44,-81,0,-26.8
10104,20:12:06:407,2,Moderate_Damage,L2_S3,-1840,1158,14890,77,40,-79,0,23.2
10105,20:12:06:417,2,Moderate_Damage,L2_S3,-1820,1186,14998,53,26,-81,0,131.2
10106,20:12:06:427,2,Moderate_Damage,L2_S3,-1802,1114,15050,4,37,-93,0,183.2
10107,20:12:06:437,2,Moderate_Damage,L2_S3,-1824,1126,15114,-69,15,-95,0,247.2
10108,20:12:06:447,2,Moderate_Damage,L2_S3,-1794,1168,15062,-146,27,-111,0,195.2
10109,20:12:06:457,2,Moderate_Damage,L2_S3,-1826,1144,15064,-230,17,-119,0,197.2
10110,20:12:06:467,2,Moderate_Damage,L2_S3,-1844,1112,15056,-307,21,-138,0,189.2
10111,20:12:06:477,2,Moderate_Damage,L2_S3,-1858,1158,15024,-374,25,-150,0,157.2
10112,20:12:06:487,2,Moderate_Damage,L2_S3,-1838,1128,14958,-426,25,-157,0,91.2
10113,20:12:06:497,2,Moderate_Damage,L2_S3,-1756,1116,14966,-450,30,-163,0,99.2
10114,20:12:06:507,2,Moderate_Damage,L2_S3,-1764,1082,14836,-453,20,-165,0,-30.8
10115,20:12:06:517,2,Moderate_Damage,L2_S3,-1792,1058,14680,-426,28,-162,0,-186.8
10116,20:12:06:527,2,Moderate_Damage,L2_S3,-1734,1052,14696,-384,26,-152,0,-170.8
10117,20:12:06:537,2,Moderate_Damage,L2_S3,-1772,1136,14646,-311,20,-142,0,-220.8
10118,20:12:06:547,2,Moderate_Damage,L2_S3,-1784,1050,14632,-239,32,-126,0,-234.8
10119,20:12:06:557,2,Moderate_Damage,L2_S3,-1794,1052,14632,-160,34,-118,0,-234.8
10120,20:12:06:568,2,Moderate_Damage,L2_S3,-1806,1084,14702,-78,32,-100,0,-164.8
10121,20:12:06:577,2,Moderate_Damage,L2_S3,-1788,1102,14692,-21,31,-95,0,-174.8
10122,20:12:06:587,2,Moderate_Damage,L2_S3,-1788,1140,14814,35,26,-86,0,-52.8
10123,20:12:06:597,2,Moderate_Damage,L2_S3,-1782,1130,14878,54,38,-77,0,11.2
10124,20:12:06:607,2,Moderate_Damage,L2_S3,-1822,1144,14938,59,26,-75,0,71.2
10125,20:12:06:617,2,Moderate_Damage,L2_S3,-1810,1144,15060,37,36,-84,0,193.2
10126,20:12:06:627,2,Moderate_Damage,L2_S3,-1812,1148,15006,-8,29,-93,0,139.2
10127,20:12:06:637,2,Moderate_Damage,L2_S3,-1828,1194,15110,-70,33,-99,0,243.2
10128,20:12:06:647,2,Moderate_Damage,L2_S3,-1820,1144,15048,-142,32,-111,0,181.2
10129,20:12:06:657,2,Moderate_Damage,L2_S3,-1820,1178,15058,-216,29,-125,0,191.2
10130,20:12:06:667,2,Moderate_Damage,L2_S3,-1830,1172,14998,-296,20,-133,0,131.2
10131,20:12:06:677,2,Moderate_Damage,L2_S3,-1804,1092,15022,-351,24,-147,0,155.2
10132,20:12:06:687,2,Moderate_Damage,L2_S3,-1832,1144,14890,-402,20,-152,0,23.2
10133,20:12:06:697,2,Moderate_Damage,L2_S3,-1836,1118,14858,-425,26,-159,0,-8.8
10134,20:12:06:707,2,Moderate_Damage,L2_S3,-1766,1098,14768,-430,20,-155,0,-98.8
10135,20:12:06:717,2,Moderate_Damage,L2_S3,-1778,1074,14692,-411,25,-156,0,-174.8
10136,20:12:06:727,2,Moderate_Damage,L2_S3,-1792,1026,14724,-366,26,-147,0,-142.8
10137,20:12:06:737,2,Moderate_Damage,L2_S3,-1804,1062,14654,-308,31,-145,0,-212.8
10138,20:12:06:747,2,Moderate_Damage,L2_S3,-1756,1044,14654,-243,25,-126,0,-212.8
10139,20:12:06:757,2,Moderate_Damage,L2_S3,-1756,1106,14626,-169,33,-115,0,-240.8
10140,20:12:06:767,2,Moderate_Damage,L2_S3,-1792,1100,14708,-97,29,-103,0,-158.8
10141,20:12:06:777,2,Moderate_Damage,L2_S3,-1782,1086,14776,-41,38,-96,0,-90.8
10142,20:12:06:787,2,Moderate_Damage,L2_S3,-1784,1170,14752,4,29,-91,0,-114.8
10143,20:12:06:797,2,Moderate_Damage,L2_S3,-1782,1078,14860,34,29,-90,0,-6.8
10144,20:12:06:807,2,Moderate_Damage,L2_S3,-1752,1108,14958,37,36,-84,0,91.2
10145,20:12:06:817,2,Moderate_Damage,L2_S3,-1840,1132,14994,14,29,-85,0,127.2
10146,20:12:06:827,2,Moderate_Damage,L2_S3,-1862,1112,14966,-25,27,-93,0,99.2
10147,20:12:06:837,2,Moderate_Damage,L2_S3,-1770,1140,15014,-76,30,-101,0,147.2
10148,20:12:06:848,2,Moderate_Damage,L2_S3,-1848,1220,15004,-151,29,-110,0,137.2
10149,20:12:06:857,2,Moderate_Damage,L2_S3,-1794,1170,15050,-213,31,-122,0,183.2
10150,20:12:06:867,2,Moderate_Damage,L2_S3,-1820,1174,15100,-270,25,-133,0,233.2
10151,20:12:06:877,2,Moderate_Damage,L2_S3,-1818,1186,14986,-337,24,-132,0,119.2
10152,20:12:06:887,2,Moderate_Damage,L2_S3,-1824,1126,14980,-377,24,-147,0,113.2
10153,20:12:06:897,2,Moderate_Damage,L2_S3,-1862,1118,14826,-406,26,-154,0,-40.8
10154,20:12:06:907,2,Moderate_Damage,L2_S3,-1788,1100,14836,-406,28,-156,0,-30.8
10155,20:12:06:918,2,Moderate_Damage,L2_S3,-1764,1112,14676,-394,14,-157,0,-190.8
10156,20:12:06:927,2,Moderate_Damage,L2_S3,-1794,1112,14764,-353,26,-143,0,-102.8
10157,20:12:06:938,2,Moderate_Damage,L2_S3,-1784,1062,14686,-309,24,-139,0,-180.8
10158,20:12:06:948,2,Moderate_Damage,L2_S3,-1756,1164,14660,-246,18,-122,0,-206.8
10159,20:12:06:957,2,Moderate_Damage,L2_S3,-1784,1118,14616,-169,32,-119,0,-250.8
10160,20:12:06:967,2,Moderate_Damage,L2_S3,-1788,1122,14668,-117,27,-107,0,-198.8
10161,20:12:06:977,2,Moderate_Damage,L2_S3,-1816,1074,14786,-58,29,-100,0,-80.8
10162,20:12:06:987,2,Moderate_Damage,L2_S3,-1794,1064,14766,-14,33,-92,0,-100.8
10163,20:12:06:997,2,Moderate_Damage,L2_S3,-1802,1120,14836,10,35,-81,0,-30.8
10164,20:12:07:007,2,Moderate_Damage,L2_S3,-1822,1118,14934,17,33,-87,0,67.2
10165,20:12:07:017,2,Moderate_Damage,L2_S3,-1822,1128,14918,1,30,-91,0,51.2
10166,20:12:07:027,2,Moderate_Damage,L2_S3,-1848,1124,15032,-35,39,-94,0,165.2
10167,20:12:07:037,2,Moderate_Damage,L2_S3,-1824,1188,14986,-83,30,-98,0,119.2
10168,20:12:07:047,2,Moderate_Damage,L2_S3,-1806,1158,15000,-136,28,-112,0,133.2
10169,20:12:07:057,2,Moderate_Damage,L2_S3,-1812,1170,15040,-200,29,-122,0,173.2
10170,20:12:07:067,2,Moderate_Damage,L2_S3,-1784,1134,15002,-264,28,-131,0,135.2
10171,20:12:07:077,2,Moderate_Damage,L2_S3,-1774,1118,14968,-319,33,-147,0,101.2
10172,20:12:07:088,2,Moderate_Damage,L2_S3,-1770,1110,14904,-358,25,-149,0,37.2
10173,20:12:07:098,2,Moderate_Damage,L2_S3,-1784,1158,14888,-387,29,-146,0,21.2
10174,20:12:07:108,2,Moderate_Damage,L2_S3,-1808,1154,14846,-394,24,-146,0,-20.8
10175,20:12:07:117,2,Moderate_Damage,L2_S3,-1792,1074,14768,-375,22,-157,0,-98.8
10176,20:12:07:127,2,Moderate_Damage,L2_S3,-1786,1072,14716,-356,18,-145,0,-150.8
10177,20:12:07:138,2,Moderate_Damage,L2_S3,-1762,1112,14652,-301,24,-135,0,-214.8
10178,20:12:07:147,2,Moderate_Damage,L2_S3,-1782,1082,14638,-248,29,-129,0,-228.8
10179,20:12:07:157,2,Moderate_Damage,L2_S3,-1804,1076,14660,-181,38,-120,0,-206.8
10180,20:12:07:167,2,Moderate_Damage,L2_S3,-1752,1042,14748,-128,32,-111,0,-118.8
10181,20:12:07:178,2,Moderate_Damage,L2_S3,-1766,1090,14712,-77,35,-103,0,-154.8
10182,20:12:07:187,2,Moderate_Damage,L2_S3,-1750,1110,14762,-32,30,-98,0,-104.8
10183,20:12:07:197,2,Moderate_Damage,L2_S3,-1806,1120,14852,-10,35,-90,0,-14.8
10184,20:12:07:207,2,Moderate_Damage,L2_S3,-1786,1138,14898,-2,33,-85,0,31.2
10185,20:12:07:217,2,Moderate_Damage,L2_S3,-1798,1138,14946,-18,39,-97,0,79.2
10186,20:12:07:227,2,Moderate_Damage,L2_S3,-1908,1108,14958,-39,37,-96,0,91.2
10187,20:12:07:238,2,Moderate_Damage,L2_S3,-1806,1144,15012,-88,29,-104,0,145.2
10188,20:12:07:248,2,Moderate_Damage,L2_S3,-1842,1118,15088,-143,27,-114,0,221.2
10189,20:12:07:258,2,Moderate_Damage,L2_S3,-1806,1164,15046,-196,22,-121,0,179.2
10190,20:12:07:268,2,Moderate_Damage,L2_S3,-1874,1174,15002,-248,26,-124,0,135.2
10191,20:12:07:278,2,Moderate_Damage,L2_S3,-1828,1138,14998,-299,23,-137,0,131.2
10192,20:12:07:288,2,Moderate_Damage,L2_S3,-1832,1118,14942,-333,27,-141,0,75.2
10193,20:12:07:298,2,Moderate_Damage,L2_S3,-1832,1090,14902,-368,23,-145,0,35.2
10194,20:12:07:308,2,Moderate_Damage,L2_S3,-1844,1088,14904,-370,27,-147,0,37.2
10195,20:12:07:318,2,Moderate_Damage,L2_S3,-1760,1106,14800,-364,27,-147,0,-66.8
10196,20:12:07:328,2,Moderate_Damage,L2_S3,-1790,1094,14756,-335,32,-141,0,-110.8
10197,20:12:07:338,2,Moderate_Damage,L2_S3,-1810,1098,14718,-296,28,-132,0,-148.8
10198,20:12:07:348,2,Moderate_Damage,L2_S3,-1754,1082,14676,-241,32,-125,0,-190.8
10199,20:12:07:359,2,Moderate_Damage,L2_S3,-1796,1126,14706,-196,27,-119,0,-160.8
10200,20:12:07:368,2,Moderate_Damage,L2_S3,-1806,1092,14708,-136,33,-111,0,-158.8
10201,20:12:07:378,2,Moderate_Damage,L2_S3,-1804,1102,14776,-84,30,-98,0,-90.8
10202,20:12:07:387,2,Moderate_Damage,L2_S3,-1848,1106,14758,-53,35,-95,0,-108.8
10203,20:12:07:398,2,Moderate_Damage,L2_S3,-1782,1100,14840,-23,37,-90,0,-26.8
10204,20:12:07:407,2,Moderate_Damage,L2_S3,-1786,1104,14830,-25,36,-88,0,-36.8
10205,20:12:07:417,2,Moderate_Damage,L2_S3,-1802,1120,14912,-28,32,-94,0,45.2
10206,20:12:07:428,2,Moderate_Damage,L2_S3,-1854,1104,15000,-54,34,-104,0,133.2
10207,20:12:07:438,2,Moderate_Damage,L2_S3,-1844,1172,15054,-89,29,-103,0,187.2
10208,20:12:07:448,2,Moderate_Damage,L2_S3,-1766,1128,15036,-143,34,-115,0,169.2
10209,20:12:07:458,2,Moderate_Damage,L2_S3,-1840,1158,15010,-198,24,-112,0,143.2
10210,20:12:07:468,2,Moderate_Damage,L2_S3,-1796,1122,14998,-245,36,-125,0,131.2
10211,20:12:07:478,2,Moderate_Damage,L2_S3,-1816,1156,15020,-288,25,-130,0,153.2
10212,20:12:07:488,2,Moderate_Damage,L2_S3,-1850,1148,14914,-325,28,-143,0,47.2
10213,20:12:07:498,2,Moderate_Damage,L2_S3,-1802,1122,14874,-352,20,-148,0,7.2
10214,20:12:07:508,2,Moderate_Damage,L2_S3,-1798,1070,14902,-351,28,-146,0,35.2
10215,20:12:07:518,2,Moderate_Damage,L2_S3,-1804,1076,14836,-356,21,-141,0,-30.8
10216,20:12:07:528,2,Moderate_Damage,L2_S3,-1782,1100,14790,-324,32,-144,0,-76.8
10217,20:12:07:538,2,Moderate_Damage,L2_S3,-1806,1074,14716,-297,19,-134,0,-150.8
10218,20:12:07:548,2,Moderate_Damage,L2_S3,-1758,1086,14658,-244,31,-126,0,-208.8
10219,20:12:07:558,2,Moderate_Damage,L2_S3,-1756,1056,14828,-198,20,-122,0,-38.8
10220,20:12:07:568,2,Moderate_Damage,L2_S3,-1798,1094,14746,-148,35,-111,0,-120.8
10221,20:12:07:578,2,Moderate_Damage,L2_S3,-1810,1072,14756,-102,27,-105,0,-110.8
10222,20:12:07:588,2,Moderate_Damage,L2_S3,-1742,1088,14752,-62,30,-97,0,-114.8
10223,20:12:07:598,2,Moderate_Damage,L2_S3,-1834,1100,14868,-40,34,-92,0,1.2
10224,20:12:07:608,2,Moderate_Damage,L2_S3,-1842,1138,14864,-32,30,-95,0,-2.8
10225,20:12:07:618,2,Moderate_Damage,L2_S3,-1810,1110,14956,-39,33,-95,0,89.2
10226,20:12:07:628,2,Moderate_Damage,L2_S3,-1804,1120,14960,-56,25,-96,0,93.2
10227,20:12:07:638,2,Moderate_Damage,L2_S3,-1810,1170,14990,-96,38,-105,0,123.2
10228,20:12:07:648,2,Moderate_Damage,L2_S3,-1810,1108,14962,-134,35,-106,0,95.2
10229,20:12:07:658,2,Moderate_Damage,L2_S3,-1838,1166,14986,-184,32,-124,0,119.2
10230,20:12:07:668,2,Moderate_Damage,L2_S3,-1788,1168,14974,-238,20,-130,0,107.2
10231,20:12:07:678,2,Moderate_Damage,L2_S3,-1764,1092,15004,-276,30,-135,0,137.2
10232,20:12:07:688,2,Moderate_Damage,L2_S3,-1802,1124,14932,-311,24,-144,0,65.2
10233,20:12:07:698,2,Moderate_Damage,L2_S3,-1860,1144,14866,-331,23,-140,0,-0.8
10234,20:12:07:708,2,Moderate_Damage,L2_S3,-1786,1096,14884,-345,34,-148,0,17.2
10235,20:12:07:718,2,Moderate_Damage,L2_S3,-1784,1096,14786,-341,26,-144,0,-80.8
10236,20:12:07:728,2,Moderate_Damage,L2_S3,-1782,1090,14742,-321,29,-138,0,-124.8
10237,20:12:07:738,2,Moderate_Damage,L2_S3,-1738,1094,14716,-284,22,-133,0,-150.8
10238,20:12:07:748,2,Moderate_Damage,L2_S3,-1784,1072,14732,-244,35,-121,0,-134.8
10239,20:12:07:758,2,Moderate_Damage,L2_S3,-1728,1110,14718,-204,30,-121,0,-148.8
10240,20:12:07:768,2,Moderate_Damage,L2_S3,-1802,1086,14656,-153,29,-118,0,-210.8
10241,20:12:07:778,2,Moderate_Damage,L2_S3,-1792,1104,14724,-114,24,-108,0,-142.8
10242,20:12:07:788,2,Moderate_Damage,L2_S3,-1782,1120,14740,-79,32,-100,0,-126.8
10243,20:12:07:798,2,Moderate_Damage,L2_S3,-1822,1080,14826,-62,26,-98,0,-40.8
10244,20:12:07:808,2,Moderate_Damage,L2_S3,-1774,1140,14890,-44,38,-104,0,23.2
10245,20:12:07:818,2,Moderate_Damage,L2_S3,-1854,1120,14876,-52,30,-95,0,9.2
10246,20:12:07:828,2,Moderate_Damage,L2_S3,-1826,1160,14962,-66,31,-97,0,95.2
10247,20:12:07:838,2,Moderate_Damage,L2_S3,-1816,1110,14994,-101,31,-106,0,127.2
10248,20:12:07:848,2,Moderate_Damage,L2_S3,-1880,1156,14992,-141,26,-107,0,125.2
10249,20:12:07:858,2,Moderate_Damage,L2_S3,-1796,1174,15030,-180,24,-121,0,163.2
10250,20:12:07:868,2,Moderate_Damage,L2_S3,-1850,1120,14952,-230,23,-123,0,85.2
10251,20:12:07:878,2,Moderate_Damage,L2_S3,-1820,1142,14942,-273,22,-130,0,75.2
10252,20:12:07:888,2,Moderate_Damage,L2_S3,-1778,1118,14930,-302,26,-135,0,63.2
10253,20:12:07:898,2,Moderate_Damage,L2_S3,-1844,1144,14878,-322,24,-136,0,11.2
10254,20:12:07:908,2,Moderate_Damage,L2_S3,-1804,1106,14718,-330,28,-141,0,-148.8
10255,20:12:07:918,2,Moderate_Damage,L2_S3,-1788,1112,14788,-333,28,-141,0,-78.8
10256,20:12:07:928,2,Moderate_Damage,L2_S3,-1782,1150,14836,-313,25,-139,0,-30.8
10257,20:12:07:938,2,Moderate_Damage,L2_S3,-1732,1056,14730,-284,24,-136,0,-136.8
10258,20:12:07:948,2,Moderate_Damage,L2_S3,-1812,1100,14722,-244,26,-119,0,-144.8
10259,20:12:07:958,2,Moderate_Damage,L2_S3,-1768,1072,14726,-204,26,-115,0,-140.8
10260,20:12:07:968,2,Moderate_Damage,L2_S3,-1806,1104,14778,-160,25,-116,0,-88.8
10261,20:12:07:978,2,Moderate_Damage,L2_S3,-1744,1100,14704,-115,36,-104,0,-162.8
10262,20:12:07:988,2,Moderate_Damage,L2_S3,-1762,1142,14788,-94,31,-100,0,-78.8
10263,20:12:07:998,2,Moderate_Damage,L2_S3,-1810,1088,14824,-66,38,-98,0,-42.8
10264,20:12:08:008,2,Moderate_Damage,L2_S3,-1774,1106,14890,-66,33,-94,0,23.2
10265,20:12:08:018,2,Moderate_Damage,L2_S3,-1822,1154,14888,-59,37,-100,0,21.2
10266,20:12:08:028,2,Moderate_Damage,L2_S3,-1838,1162,14898,-78,29,-96,0,31.2
10267,20:12:08:038,2,Moderate_Damage,L2_S3,-1826,1124,15038,-101,30,-98,0,171.2
10268,20:12:08:048,2,Moderate_Damage,L2_S3,-1786,1130,14994,-142,30,-106,0,127.2
10269,20:12:08:058,2,Moderate_Damage,L2_S3,-1828,1144,14960,-174,31,-118,0,93.2
10270,20:12:08:068,2,Moderate_Damage,L2_S3,-1772,1094,14922,-213,22,-125,0,55.2
10271,20:12:08:078,2,Moderate_Damage,L2_S3,-1810,1138,15022,-251,25,-126,0,155.2
10272,20:12:08:088,2,Moderate_Damage,L2_S3,-1822,1130,14906,-285,33,-131,0,39.2
10273,20:12:08:098,2,Moderate_Damage,L2_S3,-1802,1090,14874,-311,30,-134,0,7.2
10274,20:12:08:108,2,Moderate_Damage,L2_S3,-1798,1084,14856,-317,36,-138,0,-10.8
10275,20:12:08:118,2,Moderate_Damage,L2_S3,-1812,1076,14802,-319,24,-139,0,-64.8
10276,20:12:08:128,2,Moderate_Damage,L2_S3,-1828,1084,14804,-299,27,-131,0,-62.8
10277,20:12:08:138,2,Moderate_Damage,L2_S3,-1792,1110,14822,-281,28,-139,0,-44.8
10278,20:12:08:148,2,Moderate_Damage,L2_S3,-1790,1122,14764,-247,33,-131,0,-102.8
10279,20:12:08:158,2,Moderate_Damage,L2_S3,-1718,1090,14844,-215,37,-124,0,-22.8
10280,20:12:08:168,2,Moderate_Damage,L2_S3,-1768,1090,14774,-169,29,-120,0,-92.8
10281,20:12:08:178,2,Moderate_Damage,L2_S3,-1780,1056,14760,-137,35,-107,0,-106.8
10282,20:12:08:188,2,Moderate_Damage,L2_S3,-1784,1128,14814,-99,30,-108,0,-52.8
10283,20:12:08:198,2,Moderate_Damage,L2_S3,-1770,1130,14870,-79,34,-98,0,3.2
10284,20:12:08:208,2,Moderate_Damage,L2_S3,-1842,1114,14938,-70,39,-101,0,71.2
10285,20:12:08:218,2,Moderate_Damage,L2_S3,-1744,1130,14880,-70,33,-103,0,13.2
10286,20:12:08:228,2,Moderate_Damage,L2_S3,-1764,1182,14974,-81,32,-98,0,107.2
10287,20:12:08:238,2,Moderate_Damage,L2_S3,-1796,1162,14910,-113,30,-103,0,43.2
10288,20:12:08:248,2,Moderate_Damage,L2_S3,-1798,1106,14954,-139,36,-111,0,87.2
10289,20:12:08:258,2,Moderate_Damage,L2_S3,-1774,1126,14936,-182,29,-114,0,69.2
10290,20:12:08:268,2,Moderate_Damage,L2_S3,-1754,1088,15006,-218,27,-116,0,139.2
10291,20:12:08:278,2,Moderate_Damage,L2_S3,-1770,1168,15002,-247,29,-128,0,135.2
10292,20:12:08:288,2,Moderate_Damage,L2_S3,-1802,1134,14876,-280,30,-137,0,9.2
10293,20:12:08:298,2,Moderate_Damage,L2_S3,-1742,1142,14874,-301,22,-135,0,7.2
10294,20:12:08:308,2,Moderate_Damage,L2_S3,-1828,1104,14842,-307,22,-136,0,-24.8
10295,20:12:08:318,2,Moderate_Damage,L2_S3,-1812,1100,14774,-309,23,-136,0,-92.8
10296,20:12:08:328,2,Moderate_Damage,L2_S3,-1778,1084,14712,-295,29,-134,0,-154.8
10297,20:12:08:338,2,Moderate_Damage,L2_S3,-1764,1114,14742,-270,21,-130,0,-124.8
10298,20:12:08:348,2,Moderate_Damage,L2_S3,-1748,1132,14754,-238,30,-129,0,-112.8
10299,20:12:08:358,2,Moderate_Damage,L2_S3,-1750,1068,14766,-211,20,-123,0,-100.8
10300,20:12:08:368,2,Moderate_Damage,L2_S3,-1806,1140,14714,-169,36,-123,0,-152.8
10301,20:12:08:378,2,Moderate_Damage,L2_S3,-1776,1090,14802,-148,28,-117,0,-64.8
10302,20:12:08:388,2,Moderate_Damage,L2_S3,-1764,1112,14792,-115,33,-110,0,-74.8
10303,20:12:08:398,2,Moderate_Damage,L2_S3,-1794,1102,14784,-91,32,-109,0,-82.8
10304,20:12:08:408,2,Moderate_Damage,L2_S3,-1764,1114,14834,-86,32,-100,0,-32.8
10305,20:12:08:418,2,Moderate_Damage,L2_S3,-1830,1112,14868,-82,25,-105,0,1.2
10306,20:12:08:428,2,Moderate_Damage,L2_S3,-1826,1080,14962,-100,31,-103,0,95.2
10307,20:12:08:438,2,Moderate_Damage,L2_S3,-1860,1144,14980,-113,33,-102,0,113.2
10308,20:12:08:448,2,Moderate_Damage,L2_S3,-1852,1168,14938,-144,35,-111,0,71.2
10309,20:12:08:458,2,Moderate_Damage,L2_S3,-1832,1158,14944,-174,24,-113,0,77.2
10310,20:12:08:468,2,Moderate_Damage,L2_S3,-1844,1128,14982,-216,33,-127,0,115.2
10311,20:12:08:478,2,Moderate_Damage,L2_S3,-1824,1140,14982,-239,29,-127,0,115.2
10312,20:12:08:488,2,Moderate_Damage,L2_S3,-1824,1126,14932,-265,28,-134,0,65.2
10313,20:12:08:498,2,Moderate_Damage,L2_S3,-1788,1122,14818,-287,23,-134,0,-48.8
10314,20:12:08:508,2,Moderate_Damage,L2_S3,-1800,1156,14906,-300,21,-135,0,39.2
10315,20:12:08:518,2,Moderate_Damage,L2_S3,-1824,1122,14788,-295,29,-132,0,-78.8
10316,20:12:08:528,2,Moderate_Damage,L2_S3,-1768,1120,14762,-285,28,-133,0,-104.8
10317,20:12:08:538,2,Moderate_Damage,L2_S3,-1820,1112,14802,-267,30,-129,0,-64.8
10318,20:12:08:548,2,Moderate_Damage,L2_S3,-1838,1090,14764,-242,18,-121,0,-102.8
10319,20:12:08:558,2,Moderate_Damage,L2_S3,-1772,1072,14766,-208,32,-122,0,-100.8
10320,20:12:08:568,2,Moderate_Damage,L2_S3,-1836,1102,14804,-184,21,-118,0,-62.8
10321,20:12:08:578,2,Moderate_Damage,L2_S3,-1792,1104,14904,-145,32,-123,0,37.2
10322,20:12:08:588,2,Moderate_Damage,L2_S3,-1756,1098,14844,-125,26,-111,0,-22.8
10323,20:12:08:598,2,Moderate_Damage,L2_S3,-1802,1090,14820,-98,33,-105,0,-46.8
10324,20:12:08:608,2,Moderate_Damage,L2_S3,-1786,1130,14844,-90,29,-109,0,-22.8
10325,20:12:08:618,2,Moderate_Damage,L2_S3,-1786,1048,14892,-90,30,-106,0,25.2
10326,20:12:08:628,2,Moderate_Damage,L2_S3,-1810,1160,14908,-105,34,-104,0,41.2
10327,20:12:08:638,2,Moderate_Damage,L2_S3,-1838,1128,14942,-116,36,-107,0,75.2
10328,20:12:08:648,2,Moderate_Damage,L2_S3,-1794,1130,15020,-139,32,-115,0,153.2
10329,20:12:08:658,2,Moderate_Damage,L2_S3,-1816,1150,14980,-171,37,-119,0,113.2
10330,20:12:08:668,2,Moderate_Damage,L2_S3,-1826,1098,14966,-203,27,-115,0,99.2
10331,20:12:08:678,2,Moderate_Damage,L2_S3,-1792,1154,14946,-232,33,-124,0,79.2
10332,20:12:08:688,2,Moderate_Damage,L2_S3,-1832,1092,14906,-256,18,-130,0,39.2
10333,20:12:08:698,2,Moderate_Damage,L2_S3,-1788,1138,14882,-282,28,-133,0,15.2
10334,20:12:08:708,2,Moderate_Damage,L2_S3,-1816,1082,14810,-284,24,-136,0,-56.8
10335,20:12:08:718,2,Moderate_Damage,L2_S3,-1810,1126,14826,-291,23,-134,0,-40.8
10336,20:12:08:728,2,Moderate_Damage,L2_S3,-1774,1128,14804,-277,28,-133,0,-62.8
10337,20:12:08:738,2,Moderate_Damage,L2_S3,-1760,1074,14806,-272,28,-132,0,-60.8
10338,20:12:08:748,2,Moderate_Damage,L2_S3,-1770,1126,14762,-240,27,-126,0,-104.8
10339,20:12:08:758,2,Moderate_Damage,L2_S3,-1766,1080,14782,-211,34,-126,0,-84.8
10340,20:12:08:768,2,Moderate_Damage,L2_S3,-1760,1096,14768,-173,34,-116,0,-98.8
10341,20:12:08:778,2,Moderate_Damage,L2_S3,-1802,1062,14738,-158,43,-115,0,-128.8
10342,20:12:08:788,2,Moderate_Damage,L2_S3,-1814,1080,14818,-131,28,-107,0,-48.8
10343,20:12:08:798,2,Moderate_Damage,L2_S3,-1764,1124,14834,-114,31,-103,0,-32.8
10344,20:12:08:808,2,Moderate_Damage,L2_S3,-1800,1120,14834,-102,31,-106,0,-32.8
10345,20:12:08:818,2,Moderate_Damage,L2_S3,-1808,1108,14824,-98,27,-112,0,-42.8
10346,20:12:08:828,2,Moderate_Damage,L2_S3,-1828,1134,14912,-105,28,-109,0,45.2
10347,20:12:08:838,2,Moderate_Damage,L2_S3,-1794,1136,14998,-123,29,-118,0,131.2
10348,20:12:08:849,2,Moderate_Damage,L2_S3,-1788,1168,14972,-147,40,-115,0,105.2
10349,20:12:08:859,2,Moderate_Damage,L2_S3,-1858,1160,14982,-173,36,-119,0,115.2
10350,20:12:08:868,2,Moderate_Damage,L2_S3,-1800,1150,14924,-204,30,-127,0,57.2
10351,20:12:08:879,2,Moderate_Damage,L2_S3,-1808,1130,14908,-227,24,-124,0,41.2
10352,20:12:08:889,2,Moderate_Damage,L2_S3,-1832,1070,14852,-254,30,-133,0,-14.8
10353,20:12:08:898,2,Moderate_Damage,L2_S3,-1838,1166,14936,-272,22,-131,0,69.2
10354,20:12:08:909,2,Moderate_Damage,L2_S3,-1804,1116,14848,-284,25,-133,0,-18.8
10355,20:12:08:918,2,Moderate_Damage,L2_S3,-1784,1106,14906,-286,31,-129,0,39.2
10356,20:12:08:928,2,Moderate_Damage,L2_S3,-1780,1056,14892,-279,32,-135,0,25.2
10357,20:12:08:938,2,Moderate_Damage,L2_S3,-1790,1100,14816,-261,19,-132,0,-50.8
10358,20:12:08:948,2,Moderate_Damage,L2_S3,-1788,1088,14764,-237,29,-130,0,-102.8
10359,20:12:08:959,2,Moderate_Damage,L2_S3,-1780,1116,14776,-216,23,-119,0,-90.8
10360,20:12:08:968,2,Moderate_Damage,L2_S3,-1732,1072,14810,-186,33,-116,0,-56.8
10361,20:12:08:978,2,Moderate_Damage,L2_S3,-1796,1118,14758,-155,24,-107,0,-108.8
10362,20:12:08:988,2,Moderate_Damage,L2_S3,-1792,1102,14798,-133,39,-111,0,-68.8
10363,20:12:08:998,2,Moderate_Damage,L2_S3,-1772,1124,14794,-121,31,-101,0,-72.8
10364,20:12:09:008,2,Moderate_Damage,L2_S3,-1796,1108,14786,-111,30,-104,0,-80.8
10365,20:12:09:018,2,Moderate_Damage,L2_S3,-1800,1076,14884,-106,34,-109,0,17.2
10366,20:12:09:028,2,Moderate_Damage,L2_S3,-1816,1124,14962,-116,23,-111,0,95.2
10367,20:12:09:038,2,Moderate_Damage,L2_S3,-1816,1092,14954,-125,39,-115,0,87.2
10368,20:12:09:048,2,Moderate_Damage,L2_S3,-1806,1086,14894,-152,31,-116,0,27.2
10369,20:12:09:058,2,Moderate_Damage,L2_S3,-1828,1168,14876,-174,25,-120,0,9.2
10370,20:12:09:069,2,Moderate_Damage,L2_S3,-1826,1108,14938,-198,30,-122,0,71.2
10371,20:12:09:078,2,Moderate_Damage,L2_S3,-1828,1104,14922,-221,26,-123,0,55.2
10372,20:12:09:089,2,Moderate_Damage,L2_S3,-1784,1144,14910,-237,30,-131,0,43.2
10373,20:12:09:099,2,Moderate_Damage,L2_S3,-1828,1086,14918,-254,25,-127,0,51.2
10374,20:12:09:109,2,Moderate_Damage,L2_S3,-1776,1146,14898,-270,30,-125,0,31.2
10375,20:12:09:119,2,Moderate_Damage,L2_S3,-1772,1110,14842,-275,30,-129,0,-24.8
10376,20:12:09:129,2,Moderate_Damage,L2_S3,-1780,1106,14798,-274,31,-132,0,-68.8
10377,20:12:09:139,2,Moderate_Damage,L2_S3,-1760,1056,14798,-259,35,-139,0,-68.8
10378,20:12:09:149,2,Moderate_Damage,L2_S3,-1786,1032,14794,-237,27,-125,0,-72.8
10379,20:12:09:159,2,Moderate_Damage,L2_S3,-1738,1092,14828,-214,30,-122,0,-38.8
10380,20:12:09:169,2,Moderate_Damage,L2_S3,-1826,1096,14746,-188,26,-115,0,-120.8
10381,20:12:09:179,2,Moderate_Damage,L2_S3,-1752,1108,14824,-160,35,-107,0,-42.8
10382,20:12:09:189,2,Moderate_Damage,L2_S3,-1820,1066,14766,-141,27,-108,0,-100.8
10383,20:12:09:199,2,Moderate_Damage,L2_S3,-1816,1110,14840,-121,33,-111,0,-26.8
10384,20:12:09:209,2,Moderate_Damage,L2_S3,-1832,1106,14890,-119,33,-108,0,23.2
10385,20:12:09:219,2,Moderate_Damage,L2_S3,-1810,1148,14922,-116,31,-106,0,55.2
10386,20:12:09:229,2,Moderate_Damage,L2_S3,-1736,1086,14924,-119,32,-110,0,57.2
10387,20:12:09:239,2,Moderate_Damage,L2_S3,-1826,1130,14956,-133,32,-111,0,89.2
10388,20:12:09:249,2,Moderate_Damage,L2_S3,-1748,1094,14872,-154,34,-117,0,5.2
10389,20:12:09:259,2,Moderate_Damage,L2_S3,-1826,1094,14942,-170,37,-114,0,75.2
10390,20:12:09:269,2,Moderate_Damage,L2_S3,-1834,1170,14974,-191,31,-120,0,107.2
10391,20:12:09:279,2,Moderate_Damage,L2_S3,-1766,1132,14932,-223,28,-116,0,65.2
10392,20:12:09:289,2,Moderate_Damage,L2_S3,-1856,1156,14904,-245,32,-127,0,37.2
10393,20:12:09:299,2,Moderate_Damage,L2_S3,-1810,1110,14918,-260,27,-133,0,51.2
10394,20:12:09:309,2,Moderate_Damage,L2_S3,-1818,1112,14890,-263,30,-140,0,23.2
10395,20:12:09:319,2,Moderate_Damage,L2_S3,-1792,1116,14830,-267,24,-130,0,-36.8
10396,20:12:09:329,2,Moderate_Damage,L2_S3,-1804,1110,14826,-256,31,-131,0,-40.8
10397,20:12:09:339,2,Moderate_Damage,L2_S3,-1808,1120,14850,-249,26,-129,0,-16.8
10398,20:12:09:349,2,Moderate_Damage,L2_S3,-1800,1084,14786,-234,24,-124,0,-80.8
10399,20:12:09:359,2,Moderate_Damage,L2_S3,-1774,1126,14798,-211,33,-125,0,-68.8
10400,20:12:09:369,2,Moderate_Damage,L2_S3,-1772,1146,14788,-189,24,-121,0,-78.8
10401,20:12:09:379,2,Moderate_Damage,L2_S3,-1772,1080,14822,-168,23,-117,0,-44.8
10402,20:12:09:389,2,Moderate_Damage,L2_S3,-1836,1108,14788,-145,30,-113,0,-78.8
10403,20:12:09:399,2,Moderate_Damage,L2_S3,-1788,1122,14842,-135,24,-114,0,-24.8
10404,20:12:09:409,2,Moderate_Damage,L2_S3,-1810,1106,14836,-121,34,-110,0,-30.8
10405,20:12:09:419,2,Moderate_Damage,L2_S3,-1796,1118,14896,-124,25,-113,0,29.2
10406,20:12:09:429,2,Moderate_Damage,L2_S3,-1786,1144,14904,-124,36,-107,0,37.2
10407,20:12:09:439,2,Moderate_Damage,L2_S3,-1794,1102,14880,-138,31,-110,0,13.2
10408,20:12:09:449,2,Moderate_Damage,L2_S3,-1824,1188,14852,-153,31,-118,0,-14.8
10409,20:12:09:459,2,Moderate_Damage,L2_S3,-1800,1148,14912,-175,33,-125,0,45.2
10410,20:12:09:469,2,Moderate_Damage,L2_S3,-1852,1178,14908,-196,26,-121,0,41.2
10411,20:12:09:479,2,Moderate_Damage,L2_S3,-1828,1136,14886,-211,36,-124,0,19.2
10412,20:12:09:489,2,Moderate_Damage,L2_S3,-1798,1120,14962,-236,32,-125,0,95.2
10413,20:12:09:499,2,Moderate_Damage,L2_S3,-1808,1112,14910,-245,30,-125,0,43.2
10414,20:12:09:509,2,Moderate_Damage,L2_S3,-1794,1100,14880,-261,31,-128,0,13.2
10415,20:12:09:519,2,Moderate_Damage,L2_S3,-1856,1084,14792,-255,27,-127,0,-74.8
10416,20:12:09:529,2,Moderate_Damage,L2_S3,-1782,1076,14790,-259,28,-132,0,-76.8
10417,20:12:09:539,2,Moderate_Damage,L2_S3,-1788,1092,14840,-240,32,-133,0,-26.8
10418,20:12:09:549,2,Moderate_Damage,L2_S3,-1840,1158,14854,-236,23,-129,0,-12.8
10419,20:12:09:559,2,Moderate_Damage,L2_S3,-1798,1130,14740,-209,29,-124,0,-126.8
10420,20:12:09:569,2,Moderate_Damage,L2_S3,-1762,1112,14828,-193,21,-118,0,-38.8
10421,20:12:09:579,2,Moderate_Damage,L2_S3,-1784,1122,14774,-174,27,-114,0,-92.8
10422,20:12:09:589,2,Moderate_Damage,L2_S3,-1824,1154,14830,-161,27,-111,0,-36.8
10423,20:12:09:599,2,Moderate_Damage,L2_S3,-1804,1114,14828,-136,36,-108,0,-38.8
10424,20:12:09:609,2,Moderate_Damage,L2_S3,-1818,1100,14874,-132,28,-114,0,7.2
10425,20:12:09:619,2,Moderate_Damage,L2_S3,-1814,1160,14818,-126,29,-109,0,-48.8
10426,20:12:09:629,2,Moderate_Damage,L2_S3,-1768,1136,14792,-134,28,-110,0,-74.8
10427,20:12:09:639,2,Moderate_Damage,L2_S3,-1770,1114,14864,-144,30,-109,0,-2.8
10428,20:12:09:649,2,Moderate_Damage,L2_S3,-1842,1122,14964,-155,32,-110,0,97.2
10429,20:12:09:659,2,Moderate_Damage,L2_S3,-1796,1128,14936,-174,31,-121,0,69.2
10430,20:12:09:669,2,Moderate_Damage,L2_S3,-1806,1118,14950,-186,30,-116,0,83.2
10431,20:12:09:679,2,Moderate_Damage,L2_S3,-1828,1154,14918,-209,27,-122,0,51.2
10432,20:12:09:689,2,Moderate_Damage,L2_S3,-1840,1138,14922,-229,21,-128,0,55.2
10433,20:12:09:699,2,Moderate_Damage,L2_S3,-1830,1118,14884,-244,27,-131,0,17.2
10434,20:12:09:709,2,Moderate_Damage,L2_S3,-1826,1134,14872,-242,22,-132,0,5.2
10435,20:12:09:719,2,Moderate_Damage,L2_S3,-1792,1124,14804,-255,20,-137,0,-62.8
10436,20:12:09:729,2,Moderate_Damage,L2_S3,-1802,1146,14806,-252,25,-130,0,-60.8
10437,20:12:09:739,2,Moderate_Damage,L2_S3,-1770,1094,14808,-244,35,-128,0,-58.8
10438,20:12:09:749,2,Moderate_Damage,L2_S3,-1812,1098,14812,-229,31,-122,0,-54.8
10439,20:12:09:759,2,Moderate_Damage,L2_S3,-1784,1098,14836,-212,29,-129,0,-30.8
10440,20:12:09:769,2,Moderate_Damage,L2_S3,-1806,1090,14858,-199,21,-124,0,-8.8
10441,20:12:09:779,2,Moderate_Damage,L2_S3,-1796,1118,14824,-178,26,-117,0,-42.8
10442,20:12:09:789,2,Moderate_Damage,L2_S3,-1808,1118,14820,-160,30,-112,0,-46.8
10443,20:12:09:799,2,Moderate_Damage,L2_S3,-1786,1142,14872,-140,32,-112,0,5.2
10444,20:12:09:809,2,Moderate_Damage,L2_S3,-1808,1134,14822,-139,29,-113,0,-44.8
10445,20:12:09:819,2,Moderate_Damage,L2_S3,-1826,1114,14864,-129,34,-109,0,-2.8
10446,20:12:09:829,2,Moderate_Damage,L2_S3,-1820,1148,15002,-141,27,-112,0,135.2
10447,20:12:09:839,2,Moderate_Damage,L2_S3,-1794,1134,14960,-144,29,-105,0,93.2
10448,20:12:09:849,2,Moderate_Damage,L2_S3,-1786,1104,14930,-158,26,-115,0,63.2
10449,20:12:09:859,2,Moderate_Damage,L2_S3,-1794,1144,14928,-170,25,-119,0,61.2
10450,20:12:09:869,2,Moderate_Damage,L2_S3,-1814,1102,14900,-190,25,-114,0,33.2
10451,20:12:09:879,2,Moderate_Damage,L2_S3,-1770,1140,14918,-210,24,-121,0,51.2
10452,20:12:09:889,2,Moderate_Damage,L2_S3,-1800,1136,14918,-225,33,-124,0,51.2
10453,20:12:09:899,2,Moderate_Damage,L2_S3,-1766,1146,14882,-240,28,-120,0,15.2
10454,20:12:09:909,2,Moderate_Damage,L2_S3,-1814,1144,14832,-247,28,-120,0,-34.8
10455,20:12:09:919,2,Moderate_Damage,L2_S3,-1816,1164,14836,-250,24,-133,0,-30.8
10456,20:12:09:929,2,Moderate_Damage,L2_S3,-1802,1118,14824,-252,37,-135,0,-42.8
10457,20:12:09:939,2,Moderate_Damage,L2_S3,-1840,1108,14810,-232,28,-124,0,-56.8
10458,20:12:09:949,2,Moderate_Damage,L2_S3,-1730,1090,14816,-227,31,-131,0,-50.8
10459,20:12:09:959,2,Moderate_Damage,L2_S3,-1794,1106,14862,-216,13,-121,0,-4.8
10460,20:12:09:969,2,Moderate_Damage,L2_S3,-1784,1122,14778,-203,33,-124,0,-88.8
10461,20:12:09:979,2,Moderate_Damage,L2_S3,-1760,1152,14794,-182,34,-122,0,-72.8
10462,20:12:09:989,2,Moderate_Damage,L2_S3,-1794,1122,14832,-163,29,-116,0,-34.8
10463,20:12:09:999,2,Moderate_Damage,L2_S3,-1760,1132,14832,-153,37,-119,0,-34.8
10464,20:12:10:009,2,Moderate_Damage,L2_S3,-1800,1130,14816,-140,27,-108,0,-50.8
10465,20:12:10:019,2,Moderate_Damage,L2_S3,-1802,1126,14812,-139,38,-108,0,-54.8
10466,20:12:10:029,2,Moderate_Damage,L2_S3,-1814,1112,14844,-137,39,-108,0,-22.8
10467,20:12:10:039,2,Moderate_Damage,L2_S3,-1820,1142,14810,-146,31,-109,0,-56.8
10468,20:12:10:049,2,Moderate_Damage,L2_S3,-1808,1098,14930,-157,36,-119,0,63.2
10469,20:12:10:059,2,Moderate_Damage,L2_S3,-1846,1088,14948,-173,22,-115,0,81.2
10470,20:12:10:069,2,Moderate_Damage,L2_S3,-1788,1108,14936,-186,30,-115,0,69.2
10471,20:12:10:079,2,Moderate_Damage,L2_S3,-1788,1164,14906,-200,34,-125,0,39.2
10472,20:12:10:089,2,Moderate_Damage,L2_S3,-1798,1080,14950,-223,18,-124,0,83.2
10473,20:12:10:099,2,Moderate_Damage,L2_S3,-1794,1136,14970,-230,33,-126,0,103.2
10474,20:12:10:109,2,Moderate_Damage,L2_S3,-1838,1138,14868,-237,24,-127,0,1.2
10475,20:12:10:119,2,Moderate_Damage,L2_S3,-1784,1098,14874,-241,27,-130,0,7.2
10476,20:12:10:129,2,Moderate_Damage,L2_S3,-1822,1164,14862,-241,24,-114,0,-4.8
10477,20:12:10:139,2,Moderate_Damage,L2_S3,-1752,1148,14796,-235,26,-116,0,-70.8
10478,20:12:10:149,2,Moderate_Damage,L2_S3,-1798,1088,14756,-227,33,-125,0,-110.8
10479,20:12:10:159,2,Moderate_Damage,L2_S3,-1808,1134,14844,-211,21,-119,0,-22.8
10480,20:12:10:169,2,Moderate_Damage,L2_S3,-1760,1122,14818,-189,31,-127,0,-48.8
10481,20:12:10:179,2,Moderate_Damage,L2_S3,-1790,1118,14800,-176,34,-120,0,-66.8
10482,20:12:10:189,2,Moderate_Damage,L2_S3,-1758,1074,14884,-161,33,-119,0,17.2
10483,20:12:10:199,2,Moderate_Damage,L2_S3,-1796,1114,14838,-152,27,-113,0,-28.8
10484,20:12:10:209,2,Moderate_Damage,L2_S3,-1740,1114,14888,-145,29,-111,0,21.2
10485,20:12:10:219,2,Moderate_Damage,L2_S3,-1822,1114,14872,-137,30,-114,0,5.2
10486,20:12:10:229,2,Moderate_Damage,L2_S3,-1858,1088,14864,-145,29,-115,0,-2.8
10487,20:12:10:239,2,Moderate_Damage,L2_S3,-1822,1146,14836,-149,37,-119,0,-30.8
10488,20:12:10:249,2,Moderate_Damage,L2_S3,-1836,1056,14838,-161,28,-112,0,-28.8
10489,20:12:10:259,2,Moderate_Damage,L2_S3,-1792,1170,14908,-176,20,-114,0,41.2
10490,20:12:10:269,2,Moderate_Damage,L2_S3,-1832,1090,14942,-182,35,-118,0,75.2
10491,20:12:10:279,2,Moderate_Damage,L2_S3,-1790,1102,14854,-201,26,-121,0,-12.8
10492,20:12:10:289,2,Moderate_Damage,L2_S3,-1796,1098,14898,-210,31,-130,0,31.2
10493,20:12:10:299,2,Moderate_Damage,L2_S3,-1854,1080,14920,-233,12,-127,0,53.2
10494,20:12:10:309,2,Moderate_Damage,L2_S3,-1774,1122,14904,-235,33,-127,0,37.2
10495,20:12:10:319,2,Moderate_Damage,L2_S3,-1820,1116,14856,-244,24,-124,0,-10.8
10496,20:12:10:329,2,Moderate_Damage,L2_S3,-1748,1114,14828,-241,26,-129,0,-38.8
10497,20:12:10:339,2,Moderate_Damage,L2_S3,-1760,1126,14798,-234,28,-133,0,-68.8
10498,20:12:10:349,2,Moderate_Damage,L2_S3,-1786,1082,14850,-226,25,-120,0,-16.8
10499,20:12:10:359,2,Moderate_Damage,L2_S3,-1774,1118,14848,-204,34,-121,0,-18.8
10500,20:12:10:369,2,Moderate_Damage,L2_S3,-1832,1106,14848,-201,19,-123,0,-18.8
10501,20:12:10:379,2,Moderate_Damage,L2_S3,-1834,1134,14852,-177,34,-120,0,-14.8
10502,20:12:10:389,2,Moderate_Damage,L2_S3,-1766,1090,14798,-175,32,-115,0,-68.8
10503,20:12:10:399,2,Moderate_Damage,L2_S3,-1836,1130,14868,-155,23,-109,0,1.2
10504,20:12:10:409,2,Moderate_Damage,L2_S3,-1772,1092,14874,-158,31,-120,0,7.2
10505,20:12:10:419,2,Moderate_Damage,L2_S3,-1816,1130,14878,-148,34,-112,0,11.2
10506,20:12:10:429,2,Moderate_Damage,L2_S3,-1814,1102,14880,-151,35,-114,0,13.2
10507,20:12:10:440,2,Moderate_Damage,L2_S3,-1828,1094,14902,-166,33,-108,0,35.2
10508,20:12:10:450,2,Moderate_Damage,L2_S3,-1788,1100,14918,-171,38,-117,0,51.2
10509,20:12:10:459,2,Moderate_Damage,L2_S3,-1820,1110,14888,-193,21,-118,0,21.2
10510,20:12:10:469,2,Moderate_Damage,L2_S3,-1792,1116,14872,-205,31,-119,0,5.2
10511,20:12:10:479,2,Moderate_Damage,L2_S3,-1788,1114,14946,-217,24,-121,0,79.2
10512,20:12:10:489,2,Moderate_Damage,L2_S3,-1788,1120,14896,-221,22,-125,0,29.2
10513,20:12:10:499,2,Moderate_Damage,L2_S3,-1782,1138,14926,-232,24,-119,0,59.2
10514,20:12:10:510,2,Moderate_Damage,L2_S3,-1812,1128,14902,-239,26,-123,0,35.2
10515,20:12:10:519,2,Moderate_Damage,L2_S3,-1800,1088,14880,-236,32,-128,0,13.2
10516,20:12:10:529,2,Moderate_Damage,L2_S3,-1788,1088,14770,-231,24,-125,0,-96.8
10517,20:12:10:539,2,Moderate_Damage,L2_S3,-1814,1122,14778,-227,29,-116,0,-88.8
10518,20:12:10:549,2,Moderate_Damage,L2_S3,-1764,1126,14816,-219,31,-127,0,-50.8
10519,20:12:10:560,2,Moderate_Damage,L2_S3,-1802,1110,14840,-195,28,-127,0,-26.8
10520,20:12:10:569,2,Moderate_Damage,L2_S3,-1820,1092,14780,-192,33,-116,0,-86.8
10521,20:12:10:579,2,Moderate_Damage,L2_S3,-1788,1132,14802,-175,25,-113,0,-64.8
10522,20:12:10:589,2,Moderate_Damage,L2_S3,-1774,1124,14796,-162,36,-107,0,-70.8
10523,20:12:10:599,2,Moderate_Damage,L2_S3,-1812,1142,14814,-157,34,-112,0,-52.8
10524,20:12:10:609,2,Moderate_Damage,L2_S3,-1830,1106,14774,-148,39,-119,0,-92.8
10525,20:12:10:620,2,Moderate_Damage,L2_S3,-1800,1142,14884,-154,25,-113,0,17.2
10526,20:12:10:630,2,Moderate_Damage,L2_S3,-1856,1150,14830,-160,31,-113,0,-36.8
10527,20:12:10:639,2,Moderate_Damage,L2_S3,-1788,1114,14854,-162,27,-111,0,-12.8
10528,20:12:10:649,2,Moderate_Damage,L2_S3,-1842,1148,14972,-178,28,-113,0,105.2
10529,20:12:10:659,2,Moderate_Damage,L2_S3,-1790,1106,14942,-186,28,-115,0,75.2
10530,20:12:10:669,2,Moderate_Damage,L2_S3,-1772,1082,14886,-197,32,-121,0,19.2
10531,20:12:10:679,2,Moderate_Damage,L2_S3,-1824,1148,14878,-211,30,-118,0,11.2
10532,20:12:10:689,2,Moderate_Damage,L2_S3,-1766,1142,14884,-225,29,-121,0,17.2
10533,20:12:10:699,2,Moderate_Damage,L2_S3,-1800,1120,14842,-220,28,-118,0,-24.8
10534,20:12:10:709,2,Moderate_Damage,L2_S3,-1794,1114,14852,-235,28,-133,0,-14.8
10535,20:12:10:719,2,Moderate_Damage,L2_S3,-1788,1104,14894,-232,25,-131,0,27.2
10536,20:12:10:730,2,Moderate_Damage,L2_S3,-1756,1120,14854,-237,24,-129,0,-12.8
10537,20:12:10:740,2,Moderate_Damage,L2_S3,-1834,1096,14740,-218,28,-122,0,-126.8
10538,20:12:10:750,2,Moderate_Damage,L2_S3,-1836,1106,14848,-211,28,-118,0,-18.8
10539,20:12:10:760,2,Moderate_Damage,L2_S3,-1786,1140,14828,-197,29,-114,0,-38.8
10540,20:12:10:770,2,Moderate_Damage,L2_S3,-1826,1058,14856,-193,21,-115,0,-10.8
10541,20:12:10:780,2,Moderate_Damage,L2_S3,-1762,1156,14788,-171,34,-118,0,-78.8
10542,20:12:10:790,2,Moderate_Damage,L2_S3,-1800,1080,14838,-167,25,-110,0,-28.8
10543,20:12:10:800,2,Moderate_Damage,L2_S3,-1774,1096,14866,-150,39,-121,0,-0.8
10544,20:12:10:810,2,Moderate_Damage,L2_S3,-1774,1072,14900,-155,28,-112,0,33.2
10545,20:12:10:820,2,Moderate_Damage,L2_S3,-1782,1108,14852,-151,28,-106,0,-14.8
10546,20:12:10:830,2,Moderate_Damage,L2_S3,-1800,1158,14878,-157,28,-107,0,11.2
10547,20:12:10:840,2,Moderate_Damage,L2_S3,-1814,1104,14918,-163,21,-112,0,51.2
10548,20:12:10:850,2,Moderate_Damage,L2_S3,-1786,1106,14904,-173,31,-116,0,37.2
10549,20:12:10:860,2,Moderate_Damage,L2_S3,-1718,1116,14900,-185,21,-118,0,33.2
10550,20:12:10:870,2,Moderate_Damage,L2_S3,-1808,1140,14898,-197,28,-120,0,31.2
10551,20:12:10:880,2,Moderate_Damage,L2_S3,-1778,1134,14906,-206,29,-125,0,39.2
10552,20:12:10:890,2,Moderate_Damage,L2_S3,-1790,1094,14896,-217,28,-124,0,29.2
10553,20:12:10:900,2,Moderate_Damage,L2_S3,-1736,1148,14868,-227,32,-130,0,1.2
10554,20:12:10:910,2,Moderate_Damage,L2_S3,-1806,1108,14860,-230,23,-125,0,-6.8
10555,20:12:10:920,2,Moderate_Damage,L2_S3,-1754,1130,14826,-231,34,-126,0,-40.8
10556,20:12:10:930,2,Moderate_Damage,L2_S3,-1804,1126,14840,-224,26,-124,0,-26.8
10557,20:12:10:940,2,Moderate_Damage,L2_S3,-1790,1116,14840,-218,25,-120,0,-26.8
10558,20:12:10:950,2,Moderate_Damage,L2_S3,-1758,1110,14826,-205,32,-121,0,-40.8
10559,20:12:10:960,2,Moderate_Damage,L2_S3,-1842,1122,14894,-202,29,-111,0,27.2
10560,20:12:10:970,2,Moderate_Damage,L2_S3,-1762,1070,14794,-187,39,-113,0,-72.8
10561,20:12:10:980,2,Moderate_Damage,L2_S3,-1810,1148,14872,-186,27,-120,0,5.2
10562,20:12:10:990,2,Moderate_Damage,L2_S3,-1812,1078,14810,-165,38,-115,0,-56.8
10563,20:12:11:000,2,Moderate_Damage,L2_S3,-1808,1102,14788,-168,28,-118,0,-78.8
10564,20:12:11:010,2,Moderate_Damage,L2_S3,-1846,1148,14904,-155,21,-116,0,37.2
10565,20:12:11:020,2,Moderate_Damage,L2_S3,-1778,1112,14834,-159,41,-116,0,-32.8
10566,20:12:11:030,2,Moderate_Damage,L2_S3,-1872,1128,14880,-152,18,-110,0,13.2
10567,20:12:11:040,2,Moderate_Damage,L2_S3,-1798,1108,14942,-158,39,-118,0,75.2
10568,20:12:11:050,2,Moderate_Damage,L2_S3,-1788,1110,14852,-173,21,-114,0,-14.8
10569,20:12:11:060,2,Moderate_Damage,L2_S3,-1838,1102,14892,-184,34,-122,0,25.2
10570,20:12:11:070,2,Moderate_Damage,L2_S3,-1788,1130,14894,-190,29,-122,0,27.2
10571,20:12:11:080,2,Moderate_Damage,L2_S3,-1840,1198,14804,-211,22,-119,0,-62.8
10572,20:12:11:090,2,Moderate_Damage,L2_S3,-1784,1112,14906,-211,41,-125,0,39.2
10573,20:12:11:100,2,Moderate_Damage,L2_S3,-1778,1160,14862,-224,25,-127,0,-4.8
10574,20:12:11:110,2,Moderate_Damage,L2_S3,-1840,1144,14834,-226,33,-133,0,-32.8
10575,20:12:11:120,2,Moderate_Damage,L2_S3,-1800,1114,14836,-223,29,-128,0,-30.8
10576,20:12:11:130,2,Moderate_Damage,L2_S3,-1816,1114,14776,-221,23,-122,0,-90.8
10577,20:12:11:140,2,Moderate_Damage,L2_S3,-1838,1074,14798,-211,30,-121,0,-68.8
10578,20:12:11:150,2,Moderate_Damage,L2_S3,-1758,1110,14838,-213,17,-122,0,-28.8
10579,20:12:11:160,2,Moderate_Damage,L2_S3,-1808,1130,14764,-196,23,-129,0,-102.8
10580,20:12:11:170,2,Moderate_Damage,L2_S3,-1758,1094,14814,-186,32,-123,0,-52.8
10581,20:12:11:180,2,Moderate_Damage,L2_S3,-1778,1096,14842,-168,24,-117,0,-24.8
10582,20:12:11:190,2,Moderate_Damage,L2_S3,-1792,1154,14876,-166,34,-117,0,9.2
10583,20:12:11:200,2,Moderate_Damage,L2_S3,-1816,1102,14920,-166,22,-113,0,53.2
10584,20:12:11:210,2,Moderate_Damage,L2_S3,-1798,1100,14882,-162,30,-113,0,15.2
10585,20:12:11:220,2,Moderate_Damage,L2_S3,-1812,1134,14880,-161,26,-112,0,13.2
10586,20:12:11:230,2,Moderate_Damage,L2_S3,-1786,1166,14894,-163,36,-117,0,27.2
10587,20:12:11:240,2,Moderate_Damage,L2_S3,-1840,1128,14834,-164,30,-119,0,-32.8
10588,20:12:11:250,2,Moderate_Damage,L2_S3,-1792,1112,14906,-178,29,-115,0,39.2
10589,20:12:11:260,2,Moderate_Damage,L2_S3,-1800,1090,14918,-184,34,-121,0,51.2
10590,20:12:11:270,2,Moderate_Damage,L2_S3,-1778,1106,14840,-199,23,-119,0,-26.8
10591,20:12:11:280,2,Moderate_Damage,L2_S3,-1780,1140,14846,-208,26,-127,0,-20.8
10592,20:12:11:290,2,Moderate_Damage,L2_S3,-1798,1154,14814,-213,22,-124,0,-52.8
10593,20:12:11:300,2,Moderate_Damage,L2_S3,-1802,1096,14808,-218,27,-123,0,-58.8
10594,20:12:11:310,2,Moderate_Damage,L2_S3,-1788,1128,14866,-228,27,-125,0,-0.8
10595,20:12:11:320,2,Moderate_Damage,L2_S3,-1836,1088,14948,-220,28,-125,0,81.2
10596,20:12:11:330,2,Moderate_Damage,L2_S3,-1804,1090,14844,-221,36,-129,0,-22.8
10597,20:12:11:340,2,Moderate_Damage,L2_S3,-1824,1154,14838,-212,31,-123,0,-28.8
10598,20:12:11:350,2,Moderate_Damage,L2_S3,-1798,1076,14850,-205,30,-125,0,-16.8
10599,20:12:11:360,2,Moderate_Damage,L2_S3,-1790,1154,14808,-197,32,-120,0,-58.8
10600,20:12:11:370,2,Moderate_Damage,L2_S3,-1846,1122,14844,-194,27,-116,0,-22.8
10601,20:12:11:380,2,Moderate_Damage,L2_S3,-1780,1144,14772,-185,42,-122,0,-94.8
10602,20:12:11:390,2,Moderate_Damage,L2_S3,-1826,1116,14844,-176,27,-113,0,-22.8
10603,20:12:11:400,2,Moderate_Damage,L2_S3,-1744,1162,14892,-167,35,-118,0,25.2
10604,20:12:11:410,2,Moderate_Damage,L2_S3,-1832,1106,14850,-166,29,-116,0,-16.8
10605,20:12:11:420,2,Moderate_Damage,L2_S3,-1796,1106,14872,-165,24,-122,0,5.2
10606,20:12:11:430,2,Moderate_Damage,L2_S3,-1768,1072,14844,-165,33,-120,0,-22.8
10607,20:12:11:440,2,Moderate_Damage,L2_S3,-1828,1106,14860,-172,20,-110,0,-6.8
10608,20:12:11:450,2,Moderate_Damage,L2_S3,-1764,1128,14854,-177,38,-120,0,-12.8
10609,20:12:11:460,2,Moderate_Damage,L2_S3,-1770,1118,14828,-192,22,-112,0,-38.8
10610,20:12:11:470,2,Moderate_Damage,L2_S3,-1808,1084,14852,-198,33,-118,0,-14.8
10611,20:12:11:480,2,Moderate_Damage,L2_S3,-1802,1096,14864,-201,27,-120,0,-2.8
10612,20:12:11:490,2,Moderate_Damage,L2_S3,-1850,1114,14790,-208,20,-118,0,-76.8
10613,20:12:11:500,2,Moderate_Damage,L2_S3,-1808,1140,14896,-213,38,-123,0,29.2
10614,20:12:11:510,2,Moderate_Damage,L2_S3,-1842,1112,14908,-216,22,-123,0,41.2
10615,20:12:11:520,2,Moderate_Damage,L2_S3,-1822,1116,14936,-216,33,-126,0,69.2
10616,20:12:11:530,2,Moderate_Damage,L2_S3,-1806,1170,14842,-216,32,-123,0,-24.8
10617,20:12:11:540,2,Moderate_Damage,L2_S3,-1740,1100,14824,-215,28,-118,0,-42.8
10618,20:12:11:550,2,Moderate_Damage,L2_S3,-1762,1116,14824,-207,40,-123,0,-42.8
10619,20:12:11:560,2,Moderate_Damage,L2_S3,-1846,1092,14828,-199,20,-122,0,-38.8
10620,20:12:11:570,2,Moderate_Damage,L2_S3,-1784,1074,14800,-187,36,-121,0,-66.8
10621,20:12:11:580,2,Moderate_Damage,L2_S3,-1844,1088,14912,-189,27,-115,0,45.2
10622,20:12:11:590,2,Moderate_Damage,L2_S3,-1772,1104,14840,-178,30,-115,0,-26.8
10623,20:12:11:600,2,Moderate_Damage,L2_S3,-1826,1130,14844,-168,32,-120,0,-22.8
10624,20:12:11:610,2,Moderate_Damage,L2_S3,-1798,1128,14826,-166,26,-122,0,-40.8
10625,20:12:11:620,2,Moderate_Damage,L2_S3,-1780,1114,14906,-171,39,-116,0,39.2
10626,20:12:11:630,2,Moderate_Damage,L2_S3,-1838,1118,14924,-175,30,-112,0,57.2
10627,20:12:11:640,2,Moderate_Damage,L2_S3,-1812,1172,14884,-169,28,-117,0,17.2
10628,20:12:11:650,2,Moderate_Damage,L2_S3,-1824,1154,14796,-180,24,-112,0,-70.8
10629,20:12:11:660,2,Moderate_Damage,L2_S3,-1804,1140,14846,-188,22,-116,0,-20.8
10630,20:12:11:670,2,Moderate_Damage,L2_S3,-1778,1098,14838,-193,38,-122,0,-28.8
10631,20:12:11:680,2,Moderate_Damage,L2_S3,-1824,1118,14872,-206,20,-123,0,5.2
10632,20:12:11:690,2,Moderate_Damage,L2_S3,-1828,1154,14856,-206,37,-128,0,-10.8
10633,20:12:11:700,2,Moderate_Damage,L2_S3,-1816,1088,14928,-214,21,-129,0,61.2
10634,20:12:11:710,2,Moderate_Damage,L2_S3,-1796,1116,14874,-213,30,-130,0,7.2
10635,20:12:11:720,2,Moderate_Damage,L2_S3,-1776,1122,14858,-216,34,-127,0,-8.8
10636,20:12:11:730,2,Moderate_Damage,L2_S3,-1764,1156,14856,-219,20,-110,0,-10.8
10637,20:12:11:740,2,Moderate_Damage,L2_S3,-1770,1132,14866,-210,35,-118,0,-0.8
10638,20:12:11:750,2,Moderate_Damage,L2_S3,-1812,1120,14804,-208,25,-113,0,-62.8
10639,20:12:11:760,2,Moderate_Damage,L2_S3,-1780,1086,14828,-190,36,-116,0,-38.8
10640,20:12:11:770,2,Moderate_Damage,L2_S3,-1820,1108,14784,-198,26,-121,0,-82.8
10641,20:12:11:780,2,Moderate_Damage,L2_S3,-1822,1160,14792,-184,32,-120,0,-74.8
10642,20:12:11:790,2,Moderate_Damage,L2_S3,-1726,1170,14912,-183,35,-120,0,45.2
10643,20:12:11:800,2,Moderate_Damage,L2_S3,-1808,1148,14860,-165,31,-109,0,-6.8
10644,20:12:11:810,2,Moderate_Damage,L2_S3,-1760,1152,14906,-174,38,-117,0,39.2
10645,20:12:11:820,2,Moderate_Damage,L2_S3,-1836,1104,14824,-161,29,-106,0,-42.8
10646,20:12:11:830,2,Moderate_Damage,L2_S3,-1832,1150,14830,-175,26,-113,0,-36.8
10647,20:12:11:840,2,Moderate_Damage,L2_S3,-1760,1146,14862,-170,39,-112,0,-4.8
10648,20:12:11:850,2,Moderate_Damage,L2_S3,-1828,1136,14920,-175,35,-115,0,53.2
10649,20:12:11:860,2,Moderate_Damage,L2_S3,-1782,1158,14822,-179,36,-123,0,-44.8
10650,20:12:11:870,2,Moderate_Damage,L2_S3,-1770,1166,14884,-197,21,-115,0,17.2
10651,20:12:11:880,2,Moderate_Damage,L2_S3,-1782,1090,14790,-203,40,-120,0,-76.8
10652,20:12:11:890,2,Moderate_Damage,L2_S3,-1786,1070,14862,-206,21,-126,0,-4.8
10653,20:12:11:900,2,Moderate_Damage,L2_S3,-1784,1122,14828,-216,25,-122,0,-38.8
10654,20:12:11:910,2,Moderate_Damage,L2_S3,-1838,1110,14854,-217,28,-121,0,-12.8
10655,20:12:11:920,2,Moderate_Damage,L2_S3,-1770,1130,14846,-220,30,-126,0,-20.8
10656,20:12:11:930,2,Moderate_Damage,L2_S3,-1790,1150,14866,-217,32,-120,0,-0.8
10657,20:12:11:940,2,Moderate_Damage,L2_S3,-1790,1066,14860,-215,27,-125,0,-6.8
10658,20:12:11:950,2,Moderate_Damage,L2_S3,-1818,1132,14814,-204,25,-123,0,-52.8
10659,20:12:11:960,2,Moderate_Damage,L2_S3,-1774,1090,14816,-199,33,-118,0,-50.8
10660,20:12:11:970,2,Moderate_Damage,L2_S3,-1780,1134,14794,-190,27,-120,0,-72.8
10661,20:12:11:980,2,Moderate_Damage,L2_S3,-1750,1124,14854,-181,35,-121,0,-12.8
10662,20:12:11:990,2,Moderate_Damage,L2_S3,-1794,1106,14806,-178,28,-112,0,-60.8
10663,20:12:12:000,2,Moderate_Damage,L2_S3,-1788,1106,14816,-172,27,-122,0,-50.8
10664,20:12:12:010,2,Moderate_Damage,L2_S3,-1812,1110,14854,-168,27,-108,0,-12.8
10665,20:12:12:020,2,Moderate_Damage,L2_S3,-1778,1102,14842,-167,37,-118,0,-24.8
10666,20:12:12:030,2,Moderate_Damage,L2_S3,-1770,1114,14852,-164,27,-118,0,-14.8
10667,20:12:12:040,2,Moderate_Damage,L2_S3,-1814,1104,14842,-165,29,-114,0,-24.8
10668,20:12:12:050,2,Moderate_Damage,L2_S3,-1754,1086,14908,-181,33,-124,0,41.2
10669,20:12:12:060,2,Moderate_Damage,L2_S3,-1788,1106,14908,-181,26,-111,0,41.2
10670,20:12:12:070,2,Moderate_Damage,L2_S3,-1778,1130,14894,-191,33,-119,0,27.2
10671,20:12:12:080,2,Moderate_Damage,L2_S3,-1808,1098,14876,-193,30,-124,0,9.2
10672,20:12:12:090,2,Moderate_Damage,L2_S3,-1810,1148,14906,-202,25,-117,0,39.2
10673,20:12:12:100,2,Moderate_Damage,L2_S3,-1758,1102,14854,-205,26,-124,0,-12.8
10674,20:12:12:110,2,Moderate_Damage,L2_S3,-1872,1088,14836,-218,24,-122,0,-30.8
10675,20:12:12:120,2,Moderate_Damage,L2_S3,-1796,1110,14864,-210,42,-118,0,-2.8
10676,20:12:12:130,2,Moderate_Damage,L2_S3,-1844,1104,14886,-216,22,-116,0,19.2
10677,20:12:12:140,2,Moderate_Damage,L2_S3,-1836,1080,14864,-214,23,-125,0,-2.8
10678,20:12:12:150,2,Moderate_Damage,L2_S3,-1804,1150,14798,-207,28,-122,0,-68.8
10679,20:12:12:160,2,Moderate_Damage,L2_S3,-1836,1070,14916,-204,31,-118,0,49.2
10680,20:12:12:170,2,Moderate_Damage,L2_S3,-1774,1108,14764,-193,37,-123,0,-102.8
10681,20:12:12:180,2,Moderate_Damage,L2_S3,-1784,1096,14812,-185,22,-123,0,-54.8
10682,20:12:12:190,2,Moderate_Damage,L2_S3,-1836,1150,14880,-183,35,-120,0,13.2
10683,20:12:12:200,2,Moderate_Damage,L2_S3,-1802,1108,14806,-178,30,-113,0,-60.8
10684,20:12:12:211,2,Moderate_Damage,L2_S3,-1814,1116,14864,-179,31,-121,0,-2.8
10685,20:12:12:220,2,Moderate_Damage,L2_S3,-1802,1162,14922,-169,37,-118,0,55.2
10686,20:12:12:230,2,Moderate_Damage,L2_S3,-1790,1108,14872,-176,32,-114,0,5.2
10687,20:12:12:240,2,Moderate_Damage,L2_S3,-1874,1138,14904,-174,32,-117,0,37.2
10688,20:12:12:250,2,Moderate_Damage,L2_S3,-1796,1122,14886,-175,24,-116,0,19.2
10689,20:12:12:260,2,Moderate_Damage,L2_S3,-1786,1142,14944,-185,28,-118,0,77.2
10690,20:12:12:270,2,Moderate_Damage,L2_S3,-1778,1156,14902,-184,31,-121,0,35.2
10691,20:12:12:281,2,Moderate_Damage,L2_S3,-1762,1102,14896,-199,27,-123,0,29.2
10692,20:12:12:290,2,Moderate_Damage,L2_S3,-1794,1144,14858,-203,28,-123,0,-8.8
10693,20:12:12:300,2,Moderate_Damage,L2_S3,-1806,1108,14866,-212,33,-121,0,-0.8
10694,20:12:12:310,2,Moderate_Damage,L2_S3,-1806,1126,14872,-214,34,-120,0,5.2
10695,20:12:12:321,2,Moderate_Damage,L2_S3,-1796,1144,14888,-215,27,-120,0,21.2
10696,20:12:12:331,2,Moderate_Damage,L2_S3,-1828,1126,14840,-213,22,-118,0,-26.8
10697,20:12:12:341,2,Moderate_Damage,L2_S3,-1814,1106,14790,-206,24,-111,0,-76.8
10698,20:12:12:351,2,Moderate_Damage,L2_S3,-1816,1086,14814,-200,27,-120,0,-52.8
10699,20:12:12:360,2,Moderate_Damage,L2_S3,-1808,1090,14838,-192,31,-118,0,-28.8
10700,20:12:12:370,2,Moderate_Damage,L2_S3,-1852,1120,14872,-190,22,-116,0,5.2
10701,20:12:12:381,2,Moderate_Damage,L2_S3,-1780,1104,14826,-180,30,-114,0,-40.8
10702,20:12:12:390,2,Moderate_Damage,L2_S3,-1800,1130,14788,-179,29,-115,0,-78.8
10703,20:12:12:401,2,Moderate_Damage,L2_S3,-1724,1086,14784,-175,32,-119,0,-82.8
10704,20:12:12:411,2,Moderate_Damage,L2_S3,-1822,1162,14818,-173,22,-114,0,-48.8
10705,20:12:12:421,2,Moderate_Damage,L2_S3,-1818,1094,14892,-174,26,-117,0,25.2
10706,20:12:12:431,2,Moderate_Damage,L2_S3,-1814,1136,14810,-173,31,-122,0,-56.8
10707,20:12:12:441,2,Moderate_Damage,L2_S3,-1798,1162,14872,-176,23,-120,0,5.2
10708,20:12:12:451,2,Moderate_Damage,L2_S3,-1764,1108,14842,-175,29,-120,0,-24.8
10709,20:12:12:461,2,Moderate_Damage,L2_S3,-1790,1156,14862,-183,31,-115,0,-4.8
10710,20:12:12:471,2,Moderate_Damage,L2_S3,-1824,1086,14884,-196,32,-121,0,17.2
10711,20:12:12:481,2,Moderate_Damage,L2_S3,-1846,1102,14864,-199,38,-123,0,-2.8
10712,20:12:12:491,2,Moderate_Damage,L2_S3,-1854,1154,14892,-201,27,-123,0,25.2
10713,20:12:12:501,2,Moderate_Damage,L2_S3,-1858,1132,14902,-209,33,-126,0,35.2
10714,20:12:12:511,2,Moderate_Damage,L2_S3,-1808,1082,14842,-206,29,-122,0,-24.8
10715,20:12:12:521,2,Moderate_Damage,L2_S3,-1810,1120,14890,-209,29,-124,0,23.2
10716,20:12:12:531,2,Moderate_Damage,L2_S3,-1844,1108,14840,-214,32,-123,0,-26.8
10717,20:12:12:541,2,Moderate_Damage,L2_S3,-1808,1110,14858,-214,25,-121,0,-8.8
10718,20:12:12:551,2,Moderate_Damage,L2_S3,-1808,1130,14918,-202,34,-121,0,51.2
10719,20:12:12:561,2,Moderate_Damage,L2_S3,-1786,1074,14818,-204,26,-121,0,-48.8
10720,20:12:12:571,2,Moderate_Damage,L2_S3,-1812,1120,14826,-188,41,-122,0,-40.8
10721,20:12:12:581,2,Moderate_Damage,L2_S3,-1798,1132,14844,-196,27,-120,0,-22.8
10722,20:12:12:591,2,Moderate_Damage,L2_S3,-1822,1094,14816,-186,30,-119,0,-50.8
10723,20:12:12:601,2,Moderate_Damage,L2_S3,-1816,1120,14812,-180,32,-122,0,-54.8
10724,20:12:12:611,2,Moderate_Damage,L2_S3,-1772,1112,14766,-172,30,-115,0,-100.8
10725,20:12:12:621,2,Moderate_Damage,L2_S3,-1778,1146,14858,-172,28,-112,0,-8.8
10726,20:12:12:631,2,Moderate_Damage,L2_S3,-1824,1084,14882,-181,28,-116,0,15.2
10727,20:12:12:641,2,Moderate_Damage,L2_S3,-1818,1140,14926,-177,37,-111,0,59.2
10728,20:12:12:651,2,Moderate_Damage,L2_S3,-1796,1158,14860,-183,30,-114,0,-6.8
10729,20:12:12:661,2,Moderate_Damage,L2_S3,-1802,1138,14912,-178,33,-123,0,45.2
10730,20:12:12:671,2,Moderate_Damage,L2_S3,-1818,1148,14818,-192,29,-120,0,-48.8
10731,20:12:12:681,2,Moderate_Damage,L2_S3,-1816,1142,14858,-194,33,-121,0,-8.8
10732,20:12:12:691,2,Moderate_Damage,L2_S3,-1782,1110,14822,-199,28,-121,0,-44.8
10733,20:12:12:701,2,Moderate_Damage,L2_S3,-1794,1156,14840,-206,31,-122,0,-26.8
10734,20:12:12:711,2,Moderate_Damage,L2_S3,-1826,1114,14886,-210,22,-127,0,19.2
10735,20:12:12:721,2,Moderate_Damage,L2_S3,-1842,1104,14824,-206,31,-119,0,-42.8
10736,20:12:12:731,2,Moderate_Damage,L2_S3,-1784,1062,14864,-206,31,-126,0,-2.8
10737,20:12:12:741,2,Moderate_Damage,L2_S3,-1760,1080,14860,-206,24,-119,0,-6.8
10738,20:12:12:751,2,Moderate_Damage,L2_S3,-1790,1112,14848,-200,26,-119,0,-18.8
10739,20:12:12:761,2,Moderate_Damage,L2_S3,-1802,1160,14824,-198,38,-118,0,-42.8
10740,20:12:12:771,2,Moderate_Damage,L2_S3,-1826,1070,14908,-196,26,-121,0,41.2
10741,20:12:12:781,2,Moderate_Damage,L2_S3,-1790,1128,14822,-193,30,-119,0,-44.8
10742,20:12:12:791,2,Moderate_Damage,L2_S3,-1810,1092,14850,-186,22,-116,0,-16.8
10743,20:12:12:801,2,Moderate_Damage,L2_S3,-1816,1112,14884,-180,32,-117,0,17.2
10744,20:12:12:811,2,Moderate_Damage,L2_S3,-1798,1118,14898,-178,23,-111,0,31.2
10745,20:12:12:821,2,Moderate_Damage,L2_S3,-1816,1098,14946,-172,22,-117,0,79.2
10746,20:12:12:831,2,Moderate_Damage,L2_S3,-1816,1102,14906,-177,33,-113,0,39.2
10747,20:12:12:841,2,Moderate_Damage,L2_S3,-1800,1092,14902,-179,29,-114,0,35.2
10748,20:12:12:851,2,Moderate_Damage,L2_S3,-1768,1128,14904,-183,34,-112,0,37.2
10749,20:12:12:861,2,Moderate_Damage,L2_S3,-1806,1124,14868,-190,28,-122,0,1.2
10750,20:12:12:871,2,Moderate_Damage,L2_S3,-1786,1124,14910,-192,28,-119,0,43.2
10751,20:12:12:881,2,Moderate_Damage,L2_S3,-1876,1096,14802,-201,25,-122,0,-64.8
10752,20:12:12:891,2,Moderate_Damage,L2_S3,-1752,1170,14760,-150,12,-110,0,-106.8
10753,20:12:12:901,2,Moderate_Damage,L2_S3,-1798,1144,14882,-161,47,-110,0,15.2
10754,20:12:12:911,2,Moderate_Damage,L2_S3,-1854,1088,14902,-126,31,-99,0,35.2
10755,20:12:12:921,2,Moderate_Damage,L2_S3,-1736,1136,14966,-145,24,-115,0,99.2
10756,20:12:12:931,2,Moderate_Damage,L2_S3,-1836,1154,14864,-156,30,-111,0,-2.8
10757,20:12:12:941,2,Moderate_Damage,L2_S3,-1788,1154,14850,-168,31,-119,0,-16.8
10758,20:12:12:951,2,Moderate_Damage,L2_S3,-1808,1112,14894,-187,23,-112,0,27.2
10759,20:12:12:961,2,Moderate_Damage,L2_S3,-1838,1128,14896,-199,43,-120,0,29.2
10760,20:12:12:971,2,Moderate_Damage,L2_S3,-1812,1150,14868,-214,19,-123,0,1.2
10761,20:12:12:981,2,Moderate_Damage,L2_S3,-1592,1090,14676,-217,-55,-121,0,-190.8
10762,20:12:12:991,2,Moderate_Damage,L2_S3,-2130,1090,14910,-183,129,-111,0,43.2
10763,20:12:13:001,2,Moderate_Damage,L2_S3,-1504,1128,14874,-178,-41,-120,0,7.2
10764,20:12:13:011,2,Moderate_Damage,L2_S3,-1920,1200,14844,-172,79,-118,0,-22.8
10765,20:12:13:021,2,Moderate_Damage,L2_S3,-2688,-1710,12914,-207,111,-126,1,-1952.8
10766,20:12:13:031,2,Moderate_Damage,L2_S3,-11096,13730,-5342,9274,-1794,1507,1,-20208.8
10767,20:12:13:041,2,Moderate_Damage,L2_S3,5140,28790,9668,5722,3122,309,1,-5198.8
10768,20:12:13:051,2,Moderate_Damage,L2_S3,-10636,-854,29886,11783,-1624,2333,1,15019.2
10769,20:12:13:061,2,Moderate_Damage,L2_S3,3896,11828,14674,10767,944,1158,1,-192.8
10770,20:12:13:071,2,Moderate_Damage,L2_S3,-5328,-4480,32767,2874,587,581,1,17900.2
10771,20:12:13:081,2,Moderate_Damage,L2_S3,-4430,11582,17158,5496,-717,862,1,2291.2
10772,20:12:13:091,2,Moderate_Damage,L2_S3,-398,-2410,32767,-6580,1207,-1596,1,17900.2
10773,20:12:13:101,2,Moderate_Damage,L2_S3,-10186,8118,18104,-2577,-477,7,1,3237.2
10774,20:12:13:111,2,Moderate_Damage,L2_S3,5208,-1076,26378,-13006,-1265,-2526,1,11511.2
10775,20:12:13:121,2,Moderate_Damage,L2_S3,-9006,5668,14352,-9460,2336,-1460,1,-514.8
10776,20:12:13:131,2,Moderate_Damage,L2_S3,1688,-710,17552,-15381,-3627,-2404,1,2685.2
10777,20:12:13:141,2,Moderate_Damage,L2_S3,-2226,2430,9600,-12053,2656,-2277,1,-5266.8
10778,20:12:13:152,2,Moderate_Damage,L2_S3,-1642,-322,8112,-13150,-2573,-1867,1,-6754.8
10779,20:12:13:161,2,Moderate_Damage,L2_S3,1682,-960,6486,-9636,1122,-1922,1,-8380.8
10780,20:12:13:171,2,Moderate_Damage,L2_S3,-2142,-64,2286,-6737,-937,-915,1,-12580.8
10781,20:12:13:181,2,Moderate_Damage,L2_S3,1700,-2530,4820,-3472,141,-777,1,-10046.8
10782,20:12:13:191,2,Moderate_Damage,L2_S3,-948,338,2272,1594,190,189,0,-12594.8
10783,20:12:13:201,2,Moderate_Damage,L2_S3,-188,-2102,6274,4042,-333,634,1,-8592.8
10784,20:12:13:211,2,Moderate_Damage,L2_S3,-110,1138,6828,8917,1070,1159,0,-8038.8
10785,20:12:13:221,2,Moderate_Damage,L2_S3,-2096,-338,11244,9983,-667,1727,0,-3622.8
10786,20:12:13:231,2,Moderate_Damage,L2_S3,-718,2154,13638,12773,1521,1704,0,-1228.8
10787,20:12:13:241,2,Moderate_Damage,L2_S3,-2794,1708,17726,12098,-522,2032,0,2859.2
10788,20:12:13:251,2,Moderate_Damage,L2_S3,-2706,2858,20464,11937,854,1735,0,5597.2
10789,20:12:13:261,2,Moderate_Damage,L2_S3,-2382,3274,23338,9636,453,1382,0,8471.2
10790,20:12:13:271,2,Moderate_Damage,L2_S3,-4628,3310,24708,6889,-353,1215,0,9841.2
10791,20:12:13:281,2,Moderate_Damage,L2_S3,-2242,3652,26060,3498,963,225,0,11193.2
10792,20:12:13:291,2,Moderate_Damage,L2_S3,-4356,3476,25624,-453,-403,4,0,10757.2
10793,20:12:13:301,2,Moderate_Damage,L2_S3,-3366,3526,24098,-3978,-55,-746,0,9231.2
10794,20:12:13:311,2,Moderate_Damage,L2_S3,-2014,2848,22670,-7436,393,-1421,0,7803.2
10795,20:12:13:321,2,Moderate_Damage,L2_S3,-3958,2744,18812,-9959,-914,-1465,0,3945.2
10796,20:12:13:332,2,Moderate_Damage,L2_S3,-690,1718,16982,-11849,150,-2172,0,2115.2
10797,20:12:13:342,2,Moderate_Damage,L2_S3,-2430,1394,12638,-12212,-578,-1916,0,-2228.8
10798,20:12:13:351,2,Moderate_Damage,L2_S3,-768,332,10188,-11963,-430,-2020,1,-4678.8
10799,20:12:13:361,2,Moderate_Damage,L2_S3,-236,-28,7266,-10108,-169,-1743,0,-7600.8
10800,20:12:13:371,2,Moderate_Damage,L2_S3,-1320,-822,5324,-7846,-526,-1213,0,-9542.8
10801,20:12:13:381,2,Moderate_Damage,L2_S3,1166,-862,4632,-4435,122,-935,1,-10234.8
10802,20:12:13:391,2,Moderate_Damage,L2_S3,-1512,-1030,4056,-1042,-335,-89,0,-10810.8
10803,20:12:13:401,2,Moderate_Damage,L2_S3,804,-696,5522,2674,419,198,0,-9344.8
10804,20:12:13:411,2,Moderate_Damage,L2_S3,-1266,-284,6880,5950,-53,951,0,-7986.8
10805,20:12:13:421,2,Moderate_Damage,L2_S3,-710,280,9726,8658,477,1234,1,-5140.8
10806,20:12:13:431,2,Moderate_Damage,L2_S3,-1194,1108,12516,10562,348,1577,0,-2350.8
10807,20:12:13:441,2,Moderate_Damage,L2_S3,-2490,1568,15640,11290,169,1781,0,773.2
10808,20:12:13:451,2,Moderate_Damage,L2_S3,-1678,2372,18946,11202,776,1577,0,4079.2
10809,20:12:13:461,2,Moderate_Damage,L2_S3,-3486,2722,21238,9745,-90,1604,0,6371.2
10810,20:12:13:471,2,Moderate_Damage,L2_S3,-2730,3182,23520,7661,605,1035,0,8653.2
10811,20:12:13:481,2,Moderate_Damage,L2_S3,-3356,3250,24604,4681,211,673,0,9737.2
10812,20:12:13:491,2,Moderate_Damage,L2_S3,-3728,3342,24718,1341,-164,191,0,9851.2
10813,20:12:13:501,2,Moderate_Damage,L2_S3,-2732,3286,24398,-2060,488,-536,0,9531.2
10814,20:12:13:512,2,Moderate_Damage,L2_S3,-3582,2954,22522,-5335,-427,-832,0,7655.2
10815,20:12:13:521,2,Moderate_Damage,L2_S3,-2442,2636,20336,-7995,45,-1426,0,5469.2
10816,20:12:13:532,2,Moderate_Damage,L2_S3,-2194,2050,17708,-10062,-234,-1710,0,2841.2
10817,20:12:13:542,2,Moderate_Damage,L2_S3,-2228,1500,14592,-11071,-566,-1799,0,-274.8
10818,20:12:13:552,2,Moderate_Damage,L2_S3,-652,876,11948,-11085,-45,-1960,0,-2918.8
10819,20:12:13:561,2,Moderate_Damage,L2_S3,-1684,196,8902,-10133,-596,-1602,0,-5964.8
10820,20:12:13:571,2,Moderate_Damage,L2_S3,52,-338,7272,-8198,-77,-1482,0,-7594.8
10821,20:12:13:581,2,Moderate_Damage,L2_S3,-746,-664,5672,-5588,-324,-921,0,-9194.8
10822,20:12:13:591,2,Moderate_Damage,L2_S3,-260,-794,5274,-2499,-15,-506,0,-9592.8
10823,20:12:13:601,2,Moderate_Damage,L2_S3,-150,-672,5646,835,21,29,0,-9220.8
10824,20:12:13:611,2,Moderate_Damage,L2_S3,-1048,-466,6880,3938,54,584,1,-7986.8
10825,20:12:13:621,2,Moderate_Damage,L2_S3,-306,154,9068,6784,384,913,0,-5798.8
10826,20:12:13:631,2,Moderate_Damage,L2_S3,-1830,674,11344,8771,73,1387,0,-3522.8
10827,20:12:13:641,2,Moderate_Damage,L2_S3,-1232,1368,14366,10058,543,1438,0,-500.8
10828,20:12:13:651,2,Moderate_Damage,L2_S3,-2434,1880,17056,10249,233,1590,0,2189.2
10829,20:12:13:661,2,Moderate_Damage,L2_S3,-2560,2422,19690,9557,323,1430,0,4823.2
10830,20:12:13:671,2,Moderate_Damage,L2_S3,-2666,2798,21866,7934,462,1137,0,6999.2
10831,20:12:13:681,2,Moderate_Damage,L2_S3,-3520,2994,23114,5542,16,864,0,8247.2
10832,20:12:13:691,2,Moderate_Damage,L2_S3,-2880,3202,24006,2725,397,263,0,9139.2
10833,20:12:13:701,2,Moderate_Damage,L2_S3,-3352,3086,23726,-437,-35,-122,0,8859.2
10834,20:12:13:711,2,Moderate_Damage,L2_S3,-3102,2944,22766,-3458,-24,-641,0,7899.2
10835,20:12:13:721,2,Moderate_Damage,L2_S3,-2542,2662,20960,-6149,99,-1119,0,6093.2
10836,20:12:13:732,2,Moderate_Damage,L2_S3,-2808,2238,18394,-8334,-403,-1361,0,3527.2
10837,20:12:13:742,2,Moderate_Damage,L2_S3,-1618,1632,16106,-9728,-136,-1700,0,1239.2
10838,20:12:13:752,2,Moderate_Damage,L2_S3,-1790,1132,13190,-10133,-377,-1670,0,-1676.8
10839,20:12:13:761,2,Moderate_Damage,L2_S3,-1148,562,10848,-9728,-285,-1652,0,-4018.8
10840,20:12:13:771,2,Moderate_Damage,L2_S3,-670,80,8718,-8336,-269,-1437,0,-6148.8
10841,20:12:13:781,2,Moderate_Damage,L2_S3,-926,-398,7062,-6308,-273,-1055,1,-7804.8
10842,20:12:13:791,2,Moderate_Damage,L2_S3,-48,-562,6322,-3616,-54,-703,0,-8544.8
10843,20:12:13:801,2,Moderate_Damage,L2_S3,-858,-602,6168,-723,-127,-144,1,-8698.8
10844,20:12:13:811,2,Moderate_Damage,L2_S3,-254,-398,7058,2259,178,222,0,-7808.8
10845,20:12:13:821,2,Moderate_Damage,L2_S3,-894,-80,8492,4924,64,719,0,-6374.8
10846,20:12:13:831,2,Moderate_Damage,L2_S3,-1154,428,10606,7161,313,1047,0,-4260.8
10847,20:12:13:841,2,Moderate_Damage,L2_S3,-1372,1000,13186,8621,304,1270,0,-1680.8
10848,20:12:13:851,2,Moderate_Damage,L2_S3,-2172,1582,15638,9272,251,1413,0,771.2
10849,20:12:13:861,2,Moderate_Damage,L2_S3,-2044,2082,18296,9054,454,1307,0,3429.2
10850,20:12:13:871,2,Moderate_Damage,L2_S3,-2908,2420,20236,7937,158,1226,0,5369.2
10851,20:12:13:881,2,Moderate_Damage,L2_S3,-2838,2742,21878,6122,334,859,0,7011.2
10852,20:12:13:891,2,Moderate_Damage,L2_S3,-3060,2892,22888,3692,217,497,0,8021.2
10853,20:12:13:901,2,Moderate_Damage,L2_S3,-3220,2932,22996,935,24,84,0,8129.2
10854,20:12:13:911,2,Moderate_Damage,L2_S3,-2764,2886,22598,-1862,174,-427,0,7731.2
10855,20:12:13:921,2,Moderate_Damage,L2_S3,-2970,2604,21022,-4495,-155,-773,0,6155.2
10856,20:12:13:932,2,Moderate_Damage,L2_S3,-2416,2306,19350,-6693,-68,-1174,0,4483.2
10857,20:12:13:942,2,Moderate_Damage,L2_S3,-2126,1878,17106,-8311,-188,-1423,0,2239.2
10858,20:12:13:952,2,Moderate_Damage,L2_S3,-1872,1308,14550,-9134,-372,-1523,0,-316.8
10859,20:12:13:961,2,Moderate_Damage,L2_S3,-1224,838,12362,-9080,-152,-1572,0,-2504.8
10860,20:12:13:971,2,Moderate_Damage,L2_S3,-1296,308,10046,-8255,-362,-1371,0,-4820.8
10861,20:12:13:981,2,Moderate_Damage,L2_S3,-572,-142,8526,-6662,-169,-1182,0,-6340.8
10862,20:12:13:991,2,Moderate_Damage,L2_S3,-760,-368,7246,-4485,-166,-789,0,-7620.8
10863,20:12:14:001,2,Moderate_Damage,L2_S3,-494,-508,6950,-1928,-74,-400,0,-7916.8
10864,20:12:14:011,2,Moderate_Damage,L2_S3,-576,-426,7354,782,62,24,0,-7512.8
10865,20:12:14:021,2,Moderate_Damage,L2_S3,-922,-124,8398,3318,75,459,0,-6468.8
10866,20:12:14:031,2,Moderate_Damage,L2_S3,-856,266,10170,5604,254,777,0,-4696.8
10867,20:12:14:041,2,Moderate_Damage,L2_S3,-1684,750,12098,7245,212,1099,0,-2768.8
10868,20:12:14:051,2,Moderate_Damage,L2_S3,-1512,1260,14472,8207,337,1197,0,-394.8
10869,20:12:14:062,2,Moderate_Damage,L2_S3,-2232,1722,16836,8341,277,1250,0,1969.2
10870,20:12:14:071,2,Moderate_Damage,L2_S3,-2458,2206,18926,7747,286,1143,0,4059.2
10871,20:12:14:081,2,Moderate_Damage,L2_S3,-2576,2472,20716,6358,295,915,0,5849.2
10872,20:12:14:091,2,Moderate_Damage,L2_S3,-3092,2712,21808,4399,139,640,0,6941.2
10873,20:12:14:101,2,Moderate_Damage,L2_S3,-2812,2764,22340,2014,182,205,0,7473.2
10874,20:12:14:111,2,Moderate_Damage,L2_S3,-3062,2702,22122,-529,29,-154,0,7255.2
10875,20:12:14:122,2,Moderate_Damage,L2_S3,-2760,2544,21228,-3027,-46,-574,0,6361.2
10876,20:12:14:131,2,Moderate_Damage,L2_S3,-2556,2344,19666,-5197,-6,-936,0,4799.2
10877,20:12:14:142,2,Moderate_Damage,L2_S3,-2436,1978,17722,-6952,-235,-1177,0,2855.2
10878,20:12:14:152,2,Moderate_Damage,L2_S3,-1816,1464,15794,-8050,-180,-1395,0,927.2
10879,20:12:14:162,2,Moderate_Damage,L2_S3,-1698,1048,13412,-8342,-274,-1405,1,-1454.8
10880,20:12:14:172,2,Moderate_Damage,L2_S3,-1228,582,11392,-7954,-218,-1361,0,-3474.8
10881,20:12:14:181,2,Moderate_Damage,L2_S3,-944,174,9676,-6773,-208,-1169,0,-5190.8
10882,20:12:14:191,2,Moderate_Damage,L2_S3,-824,-180,8452,-5065,-183,-885,0,-6414.8
10883,20:12:14:201,2,Moderate_Damage,L2_S3,-546,-282,7804,-2842,-41,-558,0,-7062.8
10884,20:12:14:211,2,Moderate_Damage,L2_S3,-768,-334,7774,-451,-43,-143,1,-7092.8
10885,20:12:14:221,2,Moderate_Damage,L2_S3,-722,-106,8524,1977,134,211,0,-6342.8
10886,20:12:14:231,2,Moderate_Damage,L2_S3,-1068,146,9806,4132,118,576,0,-5060.8
10887,20:12:14:241,2,Moderate_Damage,L2_S3,-1258,548,11526,5951,252,845,0,-3340.8
10888,20:12:14:251,2,Moderate_Damage,L2_S3,-1612,1006,13506,7104,283,1033,0,-1360.8
10889,20:12:14:261,2,Moderate_Damage,L2_S3,-1982,1462,15668,7565,216,1130,1,801.2
10890,20:12:14:271,2,Moderate_Damage,L2_S3,-2224,1894,17764,7337,350,1069,0,2897.2
10891,20:12:14:281,2,Moderate_Damage,L2_S3,-2572,2180,19316,6389,167,951,0,4449.2
10892,20:12:14:291,2,Moderate_Damage,L2_S3,-2672,2446,20812,4843,238,679,0,5945.2
10893,20:12:14:301,2,Moderate_Damage,L2_S3,-2828,2524,21508,2818,146,363,0,6641.2
10894,20:12:14:311,2,Moderate_Damage,L2_S3,-2948,2628,21538,566,32,9,0,6671.2
10895,20:12:14:321,2,Moderate_Damage,L2_S3,-2664,2464,21114,-1756,55,-386,0,6247.2
10896,20:12:14:332,2,Moderate_Damage,L2_S3,-2666,2360,19874,-3864,-100,-693,0,5007.2
10897,20:12:14:342,2,Moderate_Damage,L2_S3,-2300,2014,18354,-5673,-92,-1007,0,3487.2
10898,20:12:14:352,2,Moderate_Damage,L2_S3,-2112,1718,16382,-6911,-189,-1191,0,1515.2
10899,20:12:14:362,2,Moderate_Damage,L2_S3,-1764,1230,14508,-7569,-256,-1292,0,-358.8
10900,20:12:14:372,2,Moderate_Damage,L2_S3,-1346,868,12522,-7436,-165,-1277,0,-2344.8
10901,20:12:14:382,2,Moderate_Damage,L2_S3,-1224,364,10818,-6727,-259,-1146,0,-4048.8
10902,20:12:14:391,2,Moderate_Damage,L2_S3,-898,86,9518,-5361,-122,-950,0,-5348.8
10903,20:12:14:402,2,Moderate_Damage,L2_S3,-896,-142,8652,-3529,-120,-642,0,-6214.8
10904,20:12:14:411,2,Moderate_Damage,L2_S3,-762,-232,8456,-1418,-12,-318,0,-6410.8
10905,20:12:14:421,2,Moderate_Damage,L2_S3,-830,-116,8834,816,68,39,0,-6032.8
10906,20:12:14:431,2,Moderate_Damage,L2_S3,-1014,14,9700,2879,107,377,0,-5166.8
10907,20:12:14:441,2,Moderate_Damage,L2_S3,-1102,406,11132,4698,200,650,0,-3734.8
10908,20:12:14:452,2,Moderate_Damage,L2_S3,-1612,826,12826,6035,237,884,0,-2040.8
10909,20:12:14:461,2,Moderate_Damage,L2_S3,-1660,1212,14776,6720,252,971,0,-90.8
10910,20:12:14:472,2,Moderate_Damage,L2_S3,-2148,1648,16702,6805,243,1003,0,1835.2
10911,20:12:14:481,2,Moderate_Damage,L2_S3,-2382,1984,18410,6206,246,899,0,3543.2
10912,20:12:14:491,2,Moderate_Damage,L2_S3,-2514,2286,19658,5073,191,715,0,4791.2
10913,20:12:14:501,2,Moderate_Damage,L2_S3,-2790,2348,20666,3371,128,458,0,5799.2
10914,20:12:14:511,2,Moderate_Damage,L2_S3,-2758,2482,20982,1433,129,134,0,6115.2
10915,20:12:14:521,2,Moderate_Damage,L2_S3,-2746,2386,20792,-704,1,-195,0,5925.2
10916,20:12:14:532,2,Moderate_Damage,L2_S3,-2634,2332,20014,-2696,-23,-516,0,5147.2
10917,20:12:14:542,2,Moderate_Damage,L2_S3,-2390,2014,18700,-4498,-67,-814,0,3833.2
10918,20:12:14:552,2,Moderate_Damage,L2_S3,-2232,1768,17032,-5840,-159,-1013,1,2165.2
10919,20:12:14:562,2,Moderate_Damage,L2_S3,-1832,1350,15376,-6712,-158,-1168,1,509.2
10920,20:12:14:572,2,Moderate_Damage,L2_S3,-1610,982,13482,-6893,-223,-1187,0,-1384.8
10921,20:12:14:582,2,Moderate_Damage,L2_S3,-1322,602,11810,-6466,-143,-1123,0,-3056.8
10922,20:12:14:592,2,Moderate_Damage,L2_S3,-1102,298,10392,-5465,-175,-955,0,-4474.8
10923,20:12:14:601,2,Moderate_Damage,L2_S3,-996,18,9588,-4014,-110,-724,0,-5278.8
10924,20:12:14:612,2,Moderate_Damage,L2_S3,-820,-28,9026,-2142,-16,-445,0,-5840.8
10925,20:12:14:621,2,Moderate_Damage,L2_S3,-942,-64,9120,-169,-5,-111,1,-5746.8
10926,20:12:14:631,2,Moderate_Damage,L2_S3,-1026,110,9748,1804,126,193,0,-5118.8
10927,20:12:14:641,2,Moderate_Damage,L2_S3,-1196,310,10920,3553,118,481,0,-3946.8
10928,20:12:14:651,2,Moderate_Damage,L2_S3,-1388,630,12358,4969,201,696,0,-2508.8
10929,20:12:14:662,2,Moderate_Damage,L2_S3,-1742,1064,13974,5906,252,851,0,-892.8
10930,20:12:14:672,2,Moderate_Damage,L2_S3,-1924,1408,15860,6165,164,895,0,993.2
10931,20:12:14:681,2,Moderate_Damage,L2_S3,-2208,1776,17404,5927,273,853,0,2537.2
10932,20:12:14:691,2,Moderate_Damage,L2_S3,-2468,2028,18818,5073,178,723,0,3951.2
10933,20:12:14:702,2,Moderate_Damage,L2_S3,-2564,2200,19732,3763,151,514,0,4865.2
10934,20:12:14:711,2,Moderate_Damage,L2_S3,-2644,2250,20374,2052,104,241,0,5507.2
10935,20:12:14:721,2,Moderate_Damage,L2_S3,-2722,2280,20336,183,37,-55,0,5469.2
10936,20:12:14:732,2,Moderate_Damage,L2_S3,-2500,2208,19862,-1701,-4,-365,0,4995.2
10937,20:12:14:742,2,Moderate_Damage,L2_S3,-2488,2024,18904,-3436,-40,-631,0,4037.2
10938,20:12:14:752,2,Moderate_Damage,L2_S3,-2164,1804,17564,-4830,-103,-862,0,2697.2
10939,20:12:14:762,2,Moderate_Damage,L2_S3,-1986,1546,15956,-5812,-137,-1012,0,1089.2
10940,20:12:14:772,2,Moderate_Damage,L2_S3,-1700,1060,14352,-6290,-187,-1086,0,-514.8
10941,20:12:14:782,2,Moderate_Damage,L2_S3,-1458,816,12688,-6079,-146,-1054,0,-2178.8
10942,20:12:14:792,2,Moderate_Damage,L2_S3,-1294,482,11368,-5427,-145,-949,0,-3498.8
10943,20:12:14:802,2,Moderate_Damage,L2_S3,-1040,260,10292,-4237,-119,-773,0,-4574.8
10944,20:12:14:811,2,Moderate_Damage,L2_S3,-1032,94,9720,-2711,-67,-516,0,-5146.8
10945,20:12:14:821,2,Moderate_Damage,L2_S3,-956,28,9598,-930,23,-241,0,-5268.8
10946,20:12:14:831,2,Moderate_Damage,L2_S3,-988,120,9976,876,39,44,0,-4890.8
10947,20:12:14:841,2,Moderate_Damage,L2_S3,-1212,268,10756,2554,115,315,0,-4110.8
10948,20:12:14:852,2,Moderate_Damage,L2_S3,-1258,546,12010,3989,160,544,0,-2856.8
10949,20:12:14:861,2,Moderate_Damage,L2_S3,-1620,940,13382,5031,205,716,0,-1484.8
10950,20:12:14:872,2,Moderate_Damage,L2_S3,-1794,1220,15006,5513,188,793,0,139.2
10951,20:12:14:881,2,Moderate_Damage,L2_S3,-2080,1556,16572,5506,208,790,0,1705.2
10952,20:12:14:892,2,Moderate_Damage,L2_S3,-2264,1810,17958,4946,189,706,0,3091.2
10953,20:12:14:901,2,Moderate_Damage,L2_S3,-2432,2050,18974,3919,159,540,0,4107.2
10954,20:12:14:912,2,Moderate_Damage,L2_S3,-2590,2106,19680,2511,100,314,0,4813.2
10955,20:12:14:921,2,Moderate_Damage,L2_S3,-2520,2208,19856,875,80,47,0,4989.2
10956,20:12:14:932,2,Moderate_Damage,L2_S3,-2578,2154,19562,-848,23,-219,0,4695.2
10957,20:12:14:942,2,Moderate_Damage,L2_S3,-2450,1990,18996,-2520,-37,-483,0,4129.2
10958,20:12:14:952,2,Moderate_Damage,L2_S3,-2310,1862,17792,-3889,-37,-712,0,2925.2
10959,20:12:14:962,2,Moderate_Damage,L2_S3,-2022,1588,16498,-4969,-140,-878,0,1631.2
10960,20:12:14:972,2,Moderate_Damage,L2_S3,-1852,1226,14968,-5587,-129,-979,0,101.2
10961,20:12:14:982,2,Moderate_Damage,L2_S3,-1592,922,13510,-5664,-158,-992,0,-1356.8
10962,20:12:14:992,2,Moderate_Damage,L2_S3,-1386,566,12154,-5228,-118,-919,0,-2712.8
10963,20:12:15:002,2,Moderate_Damage,L2_S3,-1176,436,11024,-4328,-132,-781,0,-3842.8
10964,20:12:15:012,2,Moderate_Damage,L2_S3,-1100,132,10490,-3089,-70,-586,0,-4376.8
10965,20:12:15:022,2,Moderate_Damage,L2_S3,-1032,178,10020,-1521,-17,-326,0,-4846.8
10966,20:12:15:031,2,Moderate_Damage,L2_S3,-1050,146,10220,89,34,-79,0,-4646.8
10967,20:12:15:041,2,Moderate_Damage,L2_S3,-1208,328,10830,1703,98,177,0,-4036.8
10968,20:12:15:051,2,Moderate_Damage,L2_S3,-1320,510,11778,3090,126,400,0,-3088.8
10969,20:12:15:061,2,Moderate_Damage,L2_S3,-1508,772,13078,4180,150,578,0,-1788.8
10970,20:12:15:072,2,Moderate_Damage,L2_S3,-1758,1148,14368,4868,211,683,0,-498.8
10971,20:12:15:082,2,Moderate_Damage,L2_S3,-1928,1328,15860,5003,156,709,0,993.2
10972,20:12:15:092,2,Moderate_Damage,L2_S3,-2286,1862,18242,3942,144,538,0,3375.2
10973,20:12:15:102,2,Moderate_Damage,L2_S3,-2458,2024,19006,2813,118,360,0,4139.2
10974,20:12:15:111,2,Moderate_Damage,L2_S3,-2510,2106,19372,1388,81,131,0,4505.2
10975,20:12:15:122,2,Moderate_Damage,L2_S3,-2500,2074,19310,-162,20,-106,0,4443.2
10976,20:12:15:132,2,Moderate_Damage,L2_S3,-2454,1998,18874,-1692,12,-353,0,4007.2
10977,20:12:15:142,2,Moderate_Damage,L2_S3,-2260,1772,17978,-3074,-47,-585,0,3111.2
10978,20:12:15:152,2,Moderate_Damage,L2_S3,-2146,1680,16796,-4167,-77,-754,0,1929.2
10979,20:12:15:162,2,Moderate_Damage,L2_S3,-1942,1362,15600,-4878,-96,-872,0,733.2
10980,20:12:15:172,2,Moderate_Damage,L2_S3,-1610,1030,14304,-5190,-157,-915,0,-562.8
10981,20:12:15:182,2,Moderate_Damage,L2_S3,-1520,890,12860,-4924,-96,-868,0,-2006.8
10982,20:12:15:192,2,Moderate_Damage,L2_S3,-1274,488,11902,-4332,-106,-780,0,-2964.8
10983,20:12:15:202,2,Moderate_Damage,L2_S3,-1206,418,10984,-3259,-87,-602,0,-3882.8
10984,20:12:15:212,2,Moderate_Damage,L2_S3,-1134,190,10652,-2005,-18,-408,0,-4214.8
10985,20:12:15:222,2,Moderate_Damage,L2_S3,-1094,236,10490,-490,13,-168,0,-4376.8
10986,20:12:15:231,2,Moderate_Damage,L2_S3,-1128,282,10988,947,63,61,0,-3878.8
10987,20:12:15:242,2,Moderate_Damage,L2_S3,-1270,466,11764,2312,101,280,0,-3102.8
10988,20:12:15:252,2,Moderate_Damage,L2_S3,-1462,704,12786,3416,126,446,0,-2080.8
10989,20:12:15:262,2,Moderate_Damage,L2_S3,-1664,992,13988,4154,149,573,0,-878.8
10990,20:12:15:272,2,Moderate_Damage,L2_S3,-1914,1308,15270,4549,204,640,0,403.2
10991,20:12:15:282,2,Moderate_Damage,L2_S3,-2034,1506,16532,4385,148,618,0,1665.2
10992,20:12:15:292,2,Moderate_Damage,L2_S3,-2258,1732,17538,3866,139,532,0,2671.2
10993,20:12:15:302,2,Moderate_Damage,L2_S3,-2290,1870,18432,2941,145,379,0,3565.2
10994,20:12:15:312,2,Moderate_Damage,L2_S3,-2444,2036,18824,1766,92,196,0,3957.2
10995,20:12:15:321,2,Moderate_Damage,L2_S3,-2406,1986,18930,367,42,-28,0,4063.2
10996,20:12:15:332,2,Moderate_Damage,L2_S3,-2358,1978,18624,-1009,27,-254,0,3757.2
10997,20:12:15:342,2,Moderate_Damage,L2_S3,-2342,1790,18002,-2336,-37,-462,0,3135.2
10998,20:12:15:352,2,Moderate_Damage,L2_S3,-2126,1652,17130,-3431,-42,-643,0,2263.2
10999,20:12:15:362,2,Moderate_Damage,L2_S3,-1972,1420,15890,-4216,-80,-757,0,1023.2
11000,20:12:15:372,2,Moderate_Damage,L2_S3,-1810,1200,14684,-4620,-104,-828,0,-182.8
11001,20:12:15:382,2,Moderate_Damage,L2_S3,-1566,862,13524,-4632,-128,-829,0,-1342.8
11002,20:12:15:392,2,Moderate_Damage,L2_S3,-1464,686,12442,-4147,-71,-752,0,-2424.8
11003,20:12:15:402,2,Moderate_Damage,L2_S3,-1232,446,11652,-3379,-95,-633,0,-3214.8
11004,20:12:15:412,2,Moderate_Damage,L2_S3,-1220,386,11100,-2280,-36,-449,0,-3766.8
11005,20:12:15:421,2,Moderate_Damage,L2_S3,-1142,278,10904,-998,4,-255,0,-3962.8
11006,20:12:15:431,2,Moderate_Damage,L2_S3,-1174,316,11210,344,42,-37,0,-3656.8
11007,20:12:15:441,2,Moderate_Damage,L2_S3,-1292,492,11776,1622,89,164,0,-3090.8
11008,20:12:15:452,2,Moderate_Damage,L2_S3,-1426,658,12618,2712,116,340,0,-2248.8
11009,20:12:15:462,2,Moderate_Damage,L2_S3,-1602,870,13654,3522,133,472,0,-1212.8
11010,20:12:15:472,2,Moderate_Damage,L2_S3,-1790,1130,14800,3988,172,546,0,-66.8
11011,20:12:15:482,2,Moderate_Damage,L2_S3,-1972,1360,15874,4052,161,558,0,1007.2
11012,20:12:15:492,2,Moderate_Damage,L2_S3,-2096,1584,16952,3682,114,503,0,2085.2
11013,20:12:15:502,2,Moderate_Damage,L2_S3,-2284,1756,17816,2999,162,397,0,2949.2
11014,20:12:15:512,2,Moderate_Damage,L2_S3,-2332,1876,18316,2006,67,238,0,3449.2
11015,20:12:15:521,2,Moderate_Damage,L2_S3,-2362,1902,18556,801,84,43,0,3689.2
11016,20:12:15:532,2,Moderate_Damage,L2_S3,-2392,1894,18454,-472,18,-165,0,3587.2
11017,20:12:15:542,2,Moderate_Damage,L2_S3,-2310,1826,18000,-1682,-13,-352,0,3133.2
11018,20:12:15:552,2,Moderate_Damage,L2_S3,-2156,1630,17176,-2784,-43,-531,0,2309.2
11019,20:12:15:562,2,Moderate_Damage,L2_S3,-2024,1456,16142,-3587,-52,-661,0,1275.2
11020,20:12:15:572,2,Moderate_Damage,L2_S3,-1828,1252,15100,-4101,-90,-744,0,233.2
11021,20:12:15:582,2,Moderate_Damage,L2_S3,-1700,972,14050,-4251,-94,-766,0,-816.8
11022,20:12:15:592,2,Moderate_Damage,L2_S3,-1452,802,13002,-3969,-102,-722,0,-1864.8
11023,20:12:15:602,2,Moderate_Damage,L2_S3,-1408,530,12218,-3366,-41,-623,0,-2648.8
11024,20:12:15:612,2,Moderate_Damage,L2_S3,-1296,482,11536,-2456,-79,-482,0,-3330.8
11025,20:12:15:622,2,Moderate_Damage,L2_S3,-1306,384,11448,-1379,2,-311,0,-3418.8
11026,20:12:15:632,2,Moderate_Damage,L2_S3,-1298,440,11330,-134,37,-112,0,-3536.8
11027,20:12:15:642,2,Moderate_Damage,L2_S3,-1282,436,11830,1017,43,70,0,-3036.8
11028,20:12:15:652,2,Moderate_Damage,L2_S3,-1454,654,12482,2099,120,245,0,-2384.8
11029,20:12:15:662,2,Moderate_Damage,L2_S3,-1530,850,13376,2922,95,375,0,-1490.8
11030,20:12:15:672,2,Moderate_Damage,L2_S3,-1674,1046,14434,3454,146,460,0,-432.8
11031,20:12:15:682,2,Moderate_Damage,L2_S3,-1910,1288,15462,3672,161,502,0,595.2
11032,20:12:15:692,2,Moderate_Damage,L2_S3,-2024,1470,16406,3456,125,460,0,1539.2
11033,20:12:15:702,2,Moderate_Damage,L2_S3,-2188,1674,17280,2947,113,386,0,2413.2
11034,20:12:15:712,2,Moderate_Damage,L2_S3,-2288,1776,17882,2127,123,250,0,3015.2
11035,20:12:15:722,2,Moderate_Damage,L2_S3,-2332,1828,18104,1130,61,92,0,3237.2
11036,20:12:15:732,2,Moderate_Damage,L2_S3,-2328,1790,18144,-48,35,-97,0,3277.2
11037,20:12:15:742,2,Moderate_Damage,L2_S3,-2298,1770,17832,-1146,24,-273,0,2965.2
11038,20:12:15:752,2,Moderate_Damage,L2_S3,-2182,1638,17278,-2204,-47,-433,0,2411.2
11039,20:12:15:762,2,Moderate_Damage,L2_S3,-2078,1508,16438,-3025,-32,-573,0,1571.2
11040,20:12:15:772,2,Moderate_Damage,L2_S3,-1920,1332,15430,-3594,-65,-661,0,563.2
11041,20:12:15:782,2,Moderate_Damage,L2_S3,-1810,1112,14384,-3825,-76,-699,0,-482.8
11042,20:12:15:792,2,Moderate_Damage,L2_S3,-1536,832,13616,-3760,-103,-691,0,-1250.8
11043,20:12:15:802,2,Moderate_Damage,L2_S3,-1560,730,12664,-3256,-48,-606,0,-2202.8
11044,20:12:15:812,2,Moderate_Damage,L2_S3,-1358,552,12092,-2565,-64,-502,0,-2774.8
11045,20:12:15:822,2,Moderate_Damage,L2_S3,-1328,462,11712,-1611,-24,-342,0,-3154.8
11046,20:12:15:832,2,Moderate_Damage,L2_S3,-1318,450,11652,-557,21,-178,0,-3214.8
11047,20:12:15:841,2,Moderate_Damage,L2_S3,-1312,480,11956,552,56,-3,0,-2910.8
11048,20:12:15:852,2,Moderate_Damage,L2_S3,-1406,624,12474,1542,67,152,0,-2392.8
11049,20:12:15:862,2,Moderate_Damage,L2_S3,-1514,792,13202,2385,112,285,0,-1664.8
11050,20:12:15:872,2,Moderate_Damage,L2_S3,-1692,934,14126,2967,112,383,0,-740.8
11051,20:12:15:882,2,Moderate_Damage,L2_S3,-1782,1194,15112,3237,131,421,0,245.2
11052,20:12:15:892,2,Moderate_Damage,L2_S3,-2004,1446,15924,3236,164,442,0,1057.2
11053,20:12:15:902,2,Moderate_Damage,L2_S3,-2106,1476,16866,2802,94,357,0,1999.2
11054,20:12:15:912,2,Moderate_Damage,L2_S3,-2156,1698,17372,2197,87,265,0,2505.2
11055,20:12:15:922,2,Moderate_Damage,L2_S3,-2220,1680,17874,1296,78,121,0,3007.2
11056,20:12:15:932,2,Moderate_Damage,L2_S3,-2264,1780,17864,348,46,-28,0,2997.2
11057,20:12:15:942,2,Moderate_Damage,L2_S3,-2240,1676,17702,-746,2,-210,0,2835.2
11058,20:12:15:952,2,Moderate_Damage,L2_S3,-2146,1650,17152,-1677,11,-362,0,2285.2
11059,20:12:15:962,2,Moderate_Damage,L2_S3,-2060,1458,16438,-2525,-57,-485,0,1571.2
11060,20:12:15:972,2,Moderate_Damage,L2_S3,-1930,1358,15614,-3112,-32,-586,0,747.2
11061,20:12:15:982,2,Moderate_Damage,L2_S3,-1794,1162,14748,-3424,-50,-633,0,-118.8
11062,20:12:15:992,2,Moderate_Damage,L2_S3,-1688,926,13946,-3470,-93,-641,0,-920.8
11063,20:12:16:002,2,Moderate_Damage,L2_S3,-1514,814,13114,-3125,-31,-590,0,-1752.8
11064,20:12:16:012,2,Moderate_Damage,L2_S3,-1454,626,12506,-2576,-49,-501,0,-2360.8
11065,20:12:16:022,2,Moderate_Damage,L2_S3,-1356,570,12162,-1770,-26,-377,0,-2704.8
11066,20:12:16:032,2,Moderate_Damage,L2_S3,-1356,480,11986,-859,17,-232,0,-2880.8
11067,20:12:16:042,2,Moderate_Damage,L2_S3,-1370,526,12130,152,38,-68,0,-2736.8
11068,20:12:16:052,2,Moderate_Damage,L2_S3,-1398,644,12564,1076,67,81,0,-2302.8
11069,20:12:16:062,2,Moderate_Damage,L2_S3,-1564,776,13106,1895,95,215,0,-1760.8
11070,20:12:16:072,2,Moderate_Damage,L2_S3,-1632,964,13910,2501,93,304,0,-956.8
11071,20:12:16:082,2,Moderate_Damage,L2_S3,-1818,1132,14740,2846,118,363,0,-126.8
11072,20:12:16:092,2,Moderate_Damage,L2_S3,-1832,1298,15682,2903,99,374,0,815.2
11073,20:12:16:102,2,Moderate_Damage,L2_S3,-2022,1532,16258,2718,165,338,0,1391.2
11074,20:12:16:112,2,Moderate_Damage,L2_S3,-2100,1554,17066,2131,56,254,0,2199.2
11075,20:12:16:122,2,Moderate_Damage,L2_S3,-2238,1680,17394,1458,94,146,0,2527.2
11076,20:12:16:132,2,Moderate_Damage,L2_S3,-2238,1692,17612,568,62,3,0,2745.2
11077,20:12:16:142,2,Moderate_Damage,L2_S3,-2234,1686,17506,-336,13,-141,0,2639.2
11078,20:12:16:152,2,Moderate_Damage,L2_S3,-2164,1564,17204,-1278,18,-303,0,2337.2
11079,20:12:16:162,2,Moderate_Damage,L2_S3,-2066,1524,16578,-2044,-55,-411,0,1711.2
11080,20:12:16:172,2,Moderate_Damage,L2_S3,-2022,1358,15942,-2683,-23,-519,0,1075.2
11081,20:12:16:182,2,Moderate_Damage,L2_S3,-1804,1254,15090,-3023,-51,-570,0,223.2
11082,20:12:16:192,2,Moderate_Damage,L2_S3,-1736,974,14310,-3154,-55,-588,0,-556.8
11083,20:12:16:202,2,Moderate_Damage,L2_S3,-1542,848,13586,-2978,-62,-564,0,-1280.8
11084,20:12:16:212,2,Moderate_Damage,L2_S3,-1528,740,12918,-2512,-24,-491,0,-1948.8
11085,20:12:16:222,2,Moderate_Damage,L2_S3,-1392,596,12550,-1873,-35,-383,0,-2316.8
11086,20:12:16:232,2,Moderate_Damage,L2_S3,-1398,562,12274,-1062,0,-250,0,-2592.8
11087,20:12:16:242,2,Moderate_Damage,L2_S3,-1436,576,12308,-183,43,-118,0,-2558.8
11088,20:12:16:252,2,Moderate_Damage,L2_S3,-1402,634,12642,697,47,15,0,-2224.8
11089,20:12:16:262,2,Moderate_Damage,L2_S3,-1520,792,13142,1460,75,142,0,-1724.8
11090,20:12:16:272,2,Moderate_Damage,L2_S3,-1658,940,13746,2090,99,244,0,-1120.8
11091,20:12:16:282,2,Moderate_Damage,L2_S3,-1756,1078,14462,2468,87,306,0,-404.8
11092,20:12:16:292,2,Moderate_Damage,L2_S3,-1868,1178,15308,2609,112,325,0,441.2
11093,20:12:16:302,2,Moderate_Damage,L2_S3,-2042,1384,16032,2464,95,307,0,1165.2
11094,20:12:16:312,2,Moderate_Damage,L2_S3,-2124,1510,16554,2137,132,249,0,1687.2
11095,20:12:16:322,2,Moderate_Damage,L2_S3,-2144,1592,17128,1471,59,147,0,2261.2
11096,20:12:16:332,2,Moderate_Damage,L2_S3,-2134,1660,17190,766,42,34,0,2323.2
11097,20:12:16:342,2,Moderate_Damage,L2_S3,-2152,1614,17280,-89,63,-108,0,2413.2
11098,20:12:16:352,2,Moderate_Damage,L2_S3,-2134,1606,17032,-891,-21,-229,0,2165.2
11099,20:12:16:362,2,Moderate_Damage,L2_S3,-2110,1434,16628,-1674,9,-354,0,1761.2
11100,20:12:16:372,2,Moderate_Damage,L2_S3,-1966,1376,16028,-2259,-33,-445,0,1161.2
11101,20:12:16:382,2,Moderate_Damage,L2_S3,-1860,1222,15322,-2679,-39,-514,0,455.2
11102,20:12:16:392,2,Moderate_Damage,L2_S3,-1778,1134,14558,-2840,-30,-537,0,-308.8
11103,20:12:16:402,2,Moderate_Damage,L2_S3,-1630,930,13796,-2758,-62,-524,0,-1070.8
11104,20:12:16:412,2,Moderate_Damage,L2_S3,-1520,750,13286,-2461,-27,-480,0,-1580.8
11105,20:12:16:422,2,Moderate_Damage,L2_S3,-1516,748,12818,-1878,-28,-383,0,-2048.8
11106,20:12:16:432,2,Moderate_Damage,L2_S3,-1414,584,12570,-1215,8,-285,0,-2296.8
11107,20:12:16:442,2,Moderate_Damage,L2_S3,-1472,680,12530,-414,19,-154,0,-2336.8
11108,20:12:16:452,2,Moderate_Damage,L2_S3,-1504,686,12708,347,52,-27,0,-2158.8
11109,20:12:16:462,2,Moderate_Damage,L2_S3,-1516,796,13136,1113,80,83,0,-1730.8
11110,20:12:16:472,2,Moderate_Damage,L2_S3,-1606,908,13666,1694,66,187,0,-1200.8
11111,20:12:16:482,2,Moderate_Damage,L2_S3,-1732,1026,14284,2130,102,247,0,-582.8
11112,20:12:16:492,2,Moderate_Damage,L2_S3,-1848,1158,14996,2314,95,276,0,129.2
11113,20:12:16:502,2,Moderate_Damage,L2_S3,-1946,1348,15718,2272,93,274,0,851.2
11114,20:12:16:512,2,Moderate_Damage,L2_S3,-2038,1368,16298,1990,98,230,0,1431.2
11115,20:12:16:522,2,Moderate_Damage,L2_S3,-2100,1576,16664,1536,80,160,0,1797.2
11116,20:12:16:532,2,Moderate_Damage,L2_S3,-2216,1550,16892,874,64,53,0,2025.2
11117,20:12:16:542,2,Moderate_Damage,L2_S3,-2096,1596,17030,131,9,-64,0,2163.2
11118,20:12:16:552,2,Moderate_Damage,L2_S3,-2184,1534,16946,-623,54,-181,0,2079.2
11119,20:12:16:562,2,Moderate_Damage,L2_S3,-2000,1498,16608,-1315,-22,-292,0,1741.2
11120,20:12:16:572,2,Moderate_Damage,L2_S3,-1982,1402,16078,-1919,-8,-393,0,1211.2
11121,20:12:16:582,2,Moderate_Damage,L2_S3,-1880,1276,15482,-2333,-27,-462,0,615.2
11122,20:12:16:592,2,Moderate_Damage,L2_S3,-1824,1138,14796,-2554,-32,-495,0,-70.8
11123,20:12:16:602,2,Moderate_Damage,L2_S3,-1668,970,14190,-2538,-55,-489,0,-676.8
11124,20:12:16:612,2,Moderate_Damage,L2_S3,-1596,902,13590,-2323,-19,-458,0,-1276.8
11125,20:12:16:622,2,Moderate_Damage,L2_S3,-1558,794,13178,-1901,-22,-395,0,-1688.8
11126,20:12:16:632,2,Moderate_Damage,L2_S3,-1530,724,12820,-1283,1,-293,0,-2046.8
11127,20:12:16:642,2,Moderate_Damage,L2_S3,-1412,714,12754,-610,6,-195,0,-2112.8
11128,20:12:16:652,2,Moderate_Damage,L2_S3,-1526,740,12912,102,50,-67,0,-1954.8
11129,20:12:16:662,2,Moderate_Damage,L2_S3,-1496,738,13150,788,52,35,0,-1716.8
11130,20:12:16:672,2,Moderate_Damage,L2_S3,-1608,856,13696,1356,69,131,0,-1170.8
11131,20:12:16:682,2,Moderate_Damage,L2_S3,-1684,962,14200,1798,85,196,0,-666.8
11132,20:12:16:692,2,Moderate_Damage,L2_S3,-1766,1100,14884,2030,81,229,0,17.2
11133,20:12:16:702,2,Moderate_Damage,L2_S3,-1934,1274,15466,2059,88,238,0,599.2
11134,20:12:16:712,2,Moderate_Damage,L2_S3,-1948,1398,15988,1855,83,204,0,1121.2
11135,20:12:16:722,2,Moderate_Damage,L2_S3,-2110,1408,16452,1475,68,148,0,1585.2
11136,20:12:16:732,2,Moderate_Damage,L2_S3,-2106,1512,16690,957,82,56,0,1823.2
11137,20:12:16:742,2,Moderate_Damage,L2_S3,-2114,1544,16842,295,38,-43,0,1975.2
11138,20:12:16:752,2,Moderate_Damage,L2_S3,-2090,1562,16750,-385,8,-151,0,1883.2
11139,20:12:16:762,2,Moderate_Damage,L2_S3,-2084,1454,16490,-1041,36,-259,0,1623.2
11140,20:12:16:772,2,Moderate_Damage,L2_S3,-1916,1392,15998,-1586,-39,-340,0,1131.2
11141,20:12:16:783,2,Moderate_Damage,L2_S3,-1958,1234,15528,-2041,-4,-417,0,661.2
11142,20:12:16:792,2,Moderate_Damage,L2_S3,-1862,1234,14952,-2267,-18,-453,0,85.2
11143,20:12:16:802,2,Moderate_Damage,L2_S3,-1686,1064,14384,-2323,-61,-459,0,-482.8
11144,20:12:16:812,2,Moderate_Damage,L2_S3,-1722,948,13808,-2167,4,-441,0,-1058.8
11145,20:12:16:822,2,Moderate_Damage,L2_S3,-1536,824,13404,-1853,-39,-386,0,-1462.8
11146,20:12:16:832,2,Moderate_Damage,L2_S3,-1582,776,13134,-1317,20,-303,0,-1732.8
11147,20:12:16:842,2,Moderate_Damage,L2_S3,-1556,696,13008,-759,15,-218,0,-1858.8
11148,20:12:16:852,2,Moderate_Damage,L2_S3,-1486,760,12964,-88,19,-102,0,-1902.8
11149,20:12:16:862,2,Moderate_Damage,L2_S3,-1598,746,13278,510,66,-5,0,-1588.8
11150,20:12:16:872,2,Moderate_Damage,L2_S3,-1608,910,13614,1092,47,91,0,-1252.8
11151,20:12:16:882,2,Moderate_Damage,L2_S3,-1698,994,14102,1486,74,151,0,-764.8
11152,20:12:16:892,2,Moderate_Damage,L2_S3,-1820,1070,14676,1769,81,191,0,-190.8
11153,20:12:16:902,2,Moderate_Damage,L2_S3,-1856,1270,15258,1826,74,199,0,391.2
11154,20:12:16:912,2,Moderate_Damage,L2_S3,-1934,1330,15706,1713,90,183,0,839.2
11155,20:12:16:922,2,Moderate_Damage,L2_S3,-2008,1368,16202,1407,70,133,0,1335.2
11156,20:12:16:932,2,Moderate_Damage,L2_S3,-2052,1450,16528,959,57,67,0,1661.2
11157,20:12:16:942,2,Moderate_Damage,L2_S3,-2102,1498,16588,398,46,-29,0,1721.2
11158,20:12:16:952,2,Moderate_Damage,L2_S3,-2098,1476,16570,-211,25,-122,0,1703.2
11159,20:12:16:962,2,Moderate_Damage,L2_S3,-2078,1446,16362,-813,22,-215,0,1495.2
11160,20:12:16:972,2,Moderate_Damage,L2_S3,-1958,1368,16132,-1340,-8,-295,0,1265.2
11161,20:12:16:982,2,Moderate_Damage,L2_S3,-1902,1264,15538,-1761,-2,-366,0,671.2
11162,20:12:16:992,2,Moderate_Damage,L2_S3,-1832,1190,15076,-2030,-22,-405,0,209.2
11163,20:12:17:002,2,Moderate_Damage,L2_S3,-1756,1084,14626,-2112,-25,-427,0,-240.8
11164,20:12:17:012,2,Moderate_Damage,L2_S3,-1682,946,13982,-2023,-16,-408,0,-884.8
11165,20:12:17:022,2,Moderate_Damage,L2_S3,-1586,834,13690,-1755,-15,-373,0,-1176.8
11166,20:12:17:032,2,Moderate_Damage,L2_S3,-1556,808,13366,-1340,3,-307,0,-1500.8
11167,20:12:17:042,2,Moderate_Damage,L2_S3,-1556,770,13180,-814,6,-216,0,-1686.8
11168,20:12:17:052,2,Moderate_Damage,L2_S3,-1524,764,13166,-236,32,-129,0,-1700.8
11169,20:12:17:062,2,Moderate_Damage,L2_S3,-1578,788,13338,338,38,-27,0,-1528.8
11170,20:12:17:072,2,Moderate_Damage,L2_S3,-1628,886,13662,854,59,44,0,-1204.8
11171,20:12:17:082,2,Moderate_Damage,L2_S3,-1658,954,14152,1268,74,108,0,-714.8
11172,20:12:17:092,2,Moderate_Damage,L2_S3,-1816,1060,14598,1533,63,157,0,-268.8
11173,20:12:17:102,2,Moderate_Damage,L2_S3,-1796,1158,15132,1649,99,168,0,265.2
11174,20:12:17:112,2,Moderate_Damage,L2_S3,-1888,1292,15584,1573,64,161,0,717.2
11175,20:12:17:122,2,Moderate_Damage,L2_S3,-1998,1378,15990,1335,85,123,0,1123.2
11176,20:12:17:132,2,Moderate_Damage,L2_S3,-1984,1414,16312,939,57,62,0,1445.2
11177,20:12:17:142,2,Moderate_Damage,L2_S3,-2082,1464,16480,454,46,-18,0,1613.2
11178,20:12:17:152,2,Moderate_Damage,L2_S3,-2056,1442,16472,-88,38,-109,0,1605.2
11179,20:12:17:162,2,Moderate_Damage,L2_S3,-2036,1460,16332,-649,7,-190,0,1465.2
11180,20:12:17:172,2,Moderate_Damage,L2_S3,-1994,1392,16038,-1139,10,-276,0,1171.2
11181,20:12:17:182,2,Moderate_Damage,L2_S3,-1924,1314,15602,-1553,-12,-341,0,735.2
11182,20:12:17:192,2,Moderate_Damage,L2_S3,-1834,1158,15146,-1817,-3,-380,0,279.2
11183,20:12:17:202,2,Moderate_Damage,L2_S3,-1796,1076,14652,-1940,-18,-391,0,-214.8
11184,20:12:17:212,2,Moderate_Damage,L2_S3,-1670,976,14194,-1885,-10,-387,0,-672.8
11185,20:12:17:222,2,Moderate_Damage,L2_S3,-1670,848,13782,-1676,-6,-353,0,-1084.8
11186,20:12:17:232,2,Moderate_Damage,L2_S3,-1562,812,13432,-1313,2,-299,0,-1434.8
11187,20:12:17:242,2,Moderate_Damage,L2_S3,-1600,816,13328,-864,7,-224,0,-1538.8
11188,20:12:17:252,2,Moderate_Damage,L2_S3,-1554,774,13374,-344,24,-138,0,-1492.8
11189,20:12:17:262,2,Moderate_Damage,L2_S3,-1552,884,13498,184,37,-59,0,-1368.8
11190,20:12:17:272,2,Moderate_Damage,L2_S3,-1636,924,13714,675,50,16,0,-1152.8
11191,20:12:17:282,2,Moderate_Damage,L2_S3,-1648,948,14154,1073,63,76,0,-712.8
11192,20:12:17:292,2,Moderate_Damage,L2_S3,-1766,1020,14530,1343,67,123,0,-336.8
11193,20:12:17:302,2,Moderate_Damage,L2_S3,-1818,1168,14962,1467,61,150,0,95.2
11194,20:12:17:312,2,Moderate_Damage,L2_S3,-1882,1232,15408,1433,76,146,0,541.2
11195,20:12:17:322,2,Moderate_Damage,L2_S3,-2040,1304,15800,1249,66,116,0,933.2
11196,20:12:17:332,2,Moderate_Damage,L2_S3,-2018,1350,16128,925,69,52,0,1261.2
11197,20:12:17:342,2,Moderate_Damage,L2_S3,-2048,1452,16248,496,41,-11,0,1381.2
11198,20:12:17:352,2,Moderate_Damage,L2_S3,-2058,1464,16302,0,36,-91,0,1435.2
11199,20:12:17:362,2,Moderate_Damage,L2_S3,-2024,1394,16238,-499,28,-172,0,1371.2
11200,20:12:17:372,2,Moderate_Damage,L2_S3,-2026,1388,15942,-971,5,-247,0,1075.2
11201,20:12:17:382,2,Moderate_Damage,L2_S3,-1914,1276,15608,-1354,1,-311,0,741.2
11202,20:12:17:392,2,Moderate_Damage,L2_S3,-1846,1182,15228,-1634,-11,-345,0,361.2
11203,20:12:17:402,2,Moderate_Damage,L2_S3,-1776,1074,14724,-1766,-9,-371,0,-142.8
11204,20:12:17:412,2,Moderate_Damage,L2_S3,-1694,1008,14300,-1761,-7,-369,0,-566.8
11205,20:12:17:423,2,Moderate_Damage,L2_S3,-1636,912,13932,-1587,-16,-334,0,-934.8
11206,20:12:17:432,2,Moderate_Damage,L2_S3,-1634,856,13634,-1291,6,-301,0,-1232.8
11207,20:12:17:442,2,Moderate_Damage,L2_S3,-1626,852,13516,-889,-2,-232,0,-1350.8
11208,20:12:17:452,2,Moderate_Damage,L2_S3,-1570,818,13452,-427,18,-161,0,-1414.8
11209,20:12:17:462,2,Moderate_Damage,L2_S3,-1550,846,13508,60,40,-82,0,-1358.8
11210,20:12:17:472,2,Moderate_Damage,L2_S3,-1676,920,13780,515,45,-4,0,-1086.8
11211,20:12:17:482,2,Moderate_Damage,L2_S3,-1700,944,14124,895,68,52,0,-742.8
11212,20:12:17:492,2,Moderate_Damage,L2_S3,-1770,1028,14486,1165,69,103,0,-380.8
11213,20:12:17:502,2,Moderate_Damage,L2_S3,-1780,1120,14928,1310,66,130,0,61.2
11214,20:12:17:512,2,Moderate_Damage,L2_S3,-1880,1210,15330,1307,76,120,0,463.2
11215,20:12:17:522,2,Moderate_Damage,L2_S3,-1930,1322,15680,1161,54,94,0,813.2
11216,20:12:17:532,2,Moderate_Damage,L2_S3,-1960,1344,15980,888,63,51,0,1113.2
11217,20:12:17:542,2,Moderate_Damage,L2_S3,-2010,1402,16184,518,49,-10,0,1317.2
11218,20:12:17:552,2,Moderate_Damage,L2_S3,-2032,1376,16172,80,34,-82,0,1305.2
11219,20:12:17:562,2,Moderate_Damage,L2_S3,-1970,1350,16108,-381,29,-155,0,1241.2
11220,20:12:17:572,2,Moderate_Damage,L2_S3,-1934,1334,15956,-827,9,-216,0,1089.2
11221,20:12:17:582,2,Moderate_Damage,L2_S3,-1928,1312,15616,-1193,-1,-270,0,749.2
11222,20:12:17:593,2,Moderate_Damage,L2_S3,-1846,1178,15266,-1465,-9,-315,0,399.2
11223,20:12:17:603,2,Moderate_Damage,L2_S3,-1794,1148,14856,-1614,-12,-346,0,-10.8
11224,20:12:17:612,2,Moderate_Damage,L2_S3,-1754,1026,14466,-1627,5,-353,0,-400.8
11225,20:12:17:623,2,Moderate_Damage,L2_S3,-1696,990,14080,-1500,-16,-333,0,-786.8
11226,20:12:17:632,2,Moderate_Damage,L2_S3,-1704,914,13800,-1253,9,-288,0,-1066.8
11227,20:12:17:642,2,Moderate_Damage,L2_S3,-1564,868,13626,-900,7,-234,0,-1240.8
11228,20:12:17:652,2,Moderate_Damage,L2_S3,-1598,872,13490,-490,12,-168,0,-1376.8
11229,20:12:17:662,2,Moderate_Damage,L2_S3,-1648,870,13642,-51,45,-91,0,-1224.8
11230,20:12:17:672,2,Moderate_Damage,L2_S3,-1630,868,13778,370,34,-23,0,-1088.8
11231,20:12:17:682,2,Moderate_Damage,L2_S3,-1726,934,14094,730,65,33,0,-772.8
11232,20:12:17:692,2,Moderate_Damage,L2_S3,-1714,1040,14432,999,67,75,0,-434.8
11233,20:12:17:702,2,Moderate_Damage,L2_S3,-1778,1108,14846,1158,53,95,0,-20.8
11234,20:12:17:712,2,Moderate_Damage,L2_S3,-1868,1186,15154,1175,76,100,0,287.2
11235,20:12:17:722,2,Moderate_Damage,L2_S3,-1918,1276,15546,1072,54,85,0,679.2
11236,20:12:17:732,2,Moderate_Damage,L2_S3,-1944,1310,15754,847,60,47,0,887.2
11237,20:12:17:742,2,Moderate_Damage,L2_S3,-1932,1374,15994,520,49,-8,0,1127.2
11238,20:12:17:752,2,Moderate_Damage,L2_S3,-2010,1350,16112,136,33,-65,0,1245.2
11239,20:12:17:762,2,Moderate_Damage,L2_S3,-1970,1374,16032,-290,28,-135,0,1165.2
11240,20:12:17:772,2,Moderate_Damage,L2_S3,-1950,1332,15866,-691,11,-198,0,999.2
11241,20:12:17:783,2,Moderate_Damage,L2_S3,-1900,1314,15644,-1054,-1,-255,0,777.2
11242,20:12:17:792,2,Moderate_Damage,L2_S3,-1866,1170,15328,-1307,4,-300,0,461.2
11243,20:12:17:803,2,Moderate_Damage,L2_S3,-1830,1150,14926,-1474,-15,-314,0,59.2
11244,20:12:17:812,2,Moderate_Damage,L2_S3,-1730,1030,14550,-1501,9,-330,0,-316.8
11245,20:12:17:822,2,Moderate_Damage,L2_S3,-1720,1000,14170,-1415,1,-309,0,-696.8
11246,20:12:17:832,2,Moderate_Damage,L2_S3,-1618,938,13934,-1202,15,-282,0,-932.8
11247,20:12:17:842,2,Moderate_Damage,L2_S3,-1640,886,13766,-907,6,-233,0,-1100.8
11248,20:12:17:852,2,Moderate_Damage,L2_S3,-1656,894,13672,-528,34,-179,0,-1194.8
11249,20:12:17:862,2,Moderate_Damage,L2_S3,-1644,900,13758,-140,20,-110,0,-1108.8
11250,20:12:17:872,2,Moderate_Damage,L2_S3,-1644,918,13820,253,55,-48,0,-1046.8
11251,20:12:17:882,2,Moderate_Damage,L2_S3,-1682,976,14142,592,56,6,0,-724.8
11252,20:12:17:892,2,Moderate_Damage,L2_S3,-1762,1006,14414,855,61,46,0,-452.8
11253,20:12:17:902,2,Moderate_Damage,L2_S3,-1768,1112,14784,1012,63,75,0,-82.8
11254,20:12:17:912,2,Moderate_Damage,L2_S3,-1808,1146,15116,1061,55,86,0,249.2
11255,20:12:17:922,2,Moderate_Damage,L2_S3,-1896,1258,15364,977,62,74,0,497.2
11256,20:12:17:932,2,Moderate_Damage,L2_S3,-1902,1286,15694,801,49,47,0,827.2
11257,20:12:17:942,2,Moderate_Damage,L2_S3,-1926,1320,15920,517,45,-4,0,1053.2
11258,20:12:17:952,2,Moderate_Damage,L2_S3,-1930,1352,16000,175,43,-61,0,1133.2
11259,20:12:17:962,2,Moderate_Damage,L2_S3,-1992,1354,15910,-208,25,-122,0,1043.2
11260,20:12:17:972,2,Moderate_Damage,L2_S3,-1946,1292,15768,-575,16,-179,0,901.2
11261,20:12:17:982,2,Moderate_Damage,L2_S3,-1902,1270,15574,-906,16,-237,0,707.2
11262,20:12:17:993,2,Moderate_Damage,L2_S3,-1866,1218,15284,-1169,-9,-278,0,417.2
11263,20:12:18:002,2,Moderate_Damage,L2_S3,-1794,1172,14970,-1329,3,-303,0,103.2
11264,20:12:18:013,2,Moderate_Damage,L2_S3,-1808,1072,14638,-1388,-4,-308,0,-228.8
11265,20:12:18:023,2,Moderate_Damage,L2_S3,-1680,1016,14332,-1317,2,-296,0,-534.8
11266,20:12:18:032,2,Moderate_Damage,L2_S3,-1644,972,14058,-1154,18,-281,0,-808.8
11267,20:12:18:042,2,Moderate_Damage,L2_S3,-1652,920,13878,-898,4,-230,0,-988.8
11268,20:12:18:052,2,Moderate_Damage,L2_S3,-1682,930,13770,-567,39,-179,0,-1096.8
11269,20:12:18:062,2,Moderate_Damage,L2_S3,-1648,910,13854,-215,17,-122,0,-1012.8
11270,20:12:18:072,2,Moderate_Damage,L2_S3,-1686,944,13920,148,52,-65,0,-946.8
11271,20:12:18:082,2,Moderate_Damage,L2_S3,-1664,940,14120,465,49,-22,0,-746.8
11272,20:12:18:092,2,Moderate_Damage,L2_S3,-1784,976,14382,717,55,23,0,-484.8
11273,20:12:18:102,2,Moderate_Damage,L2_S3,-1752,1086,14700,886,60,47,0,-166.8
11274,20:12:18:112,2,Moderate_Damage,L2_S3,-1844,1178,14982,943,48,59,0,115.2
11275,20:12:18:122,2,Moderate_Damage,L2_S3,-1856,1206,15302,902,62,52,0,435.2
11276,20:12:18:132,2,Moderate_Damage,L2_S3,-1908,1266,15636,741,51,26,0,769.2
11277,20:12:18:142,2,Moderate_Damage,L2_S3,-2002,1306,15752,505,51,-13,0,885.2
11278,20:12:18:152,2,Moderate_Damage,L2_S3,-1960,1292,15850,197,49,-57,0,983.2
11279,20:12:18:163,2,Moderate_Damage,L2_S3,-1986,1294,15804,-136,23,-104,0,937.2
11280,20:12:18:173,2,Moderate_Damage,L2_S3,-1918,1334,15726,-481,30,-166,0,859.2
11281,20:12:18:183,2,Moderate_Damage,L2_S3,-1896,1240,15602,-797,8,-207,0,735.2
11282,20:12:18:193,2,Moderate_Damage,L2_S3,-1882,1234,15294,-1040,16,-257,0,427.2
11283,20:12:18:203,2,Moderate_Damage,L2_S3,-1822,1144,15072,-1204,-1,-281,0,205.2
11284,20:12:18:213,2,Moderate_Damage,L2_S3,-1782,1072,14740,-1270,1,-284,0,-126.8
11285,20:12:18:223,2,Moderate_Damage,L2_S3,-1706,1052,14456,-1232,11,-285,0,-410.8
11286,20:12:18:233,2,Moderate_Damage,L2_S3,-1740,998,14154,-1098,14,-268,0,-712.8
11287,20:12:18:242,2,Moderate_Damage,L2_S3,-1668,958,14060,-880,3,-232,0,-806.8
11288,20:12:18:253,2,Moderate_Damage,L2_S3,-1654,946,13932,-590,27,-183,0,-934.8
11289,20:12:18:263,2,Moderate_Damage,L2_S3,-1658,902,13858,-267,21,-130,0,-1008.8
11290,20:12:18:272,2,Moderate_Damage,L2_S3,-1650,932,14002,61,36,-80,0,-864.8
11291,20:12:18:282,2,Moderate_Damage,L2_S3,-1716,984,14104,356,43,-29,0,-762.8
11292,20:12:18:292,2,Moderate_Damage,L2_S3,-1706,1046,14356,597,57,9,0,-510.8
11293,20:12:18:302,2,Moderate_Damage,L2_S3,-1748,1056,14600,762,56,37,0,-266.8
11294,20:12:18:312,2,Moderate_Damage,L2_S3,-1788,1138,14960,839,53,45,0,93.2
11295,20:12:18:322,2,Moderate_Damage,L2_S3,-1884,1182,15202,818,61,38,0,335.2
11296,20:12:18:332,2,Moderate_Damage,L2_S3,-1906,1270,15454,693,49,25,0,587.2
11297,20:12:18:342,2,Moderate_Damage,L2_S3,-1914,1282,15638,490,55,-13,0,771.2
11298,20:12:18:352,2,Moderate_Damage,L2_S3,-1978,1292,15786,215,41,-52,0,919.2
11299,20:12:18:362,2,Moderate_Damage,L2_S3,-1894,1254,15780,-89,33,-101,0,913.2
11300,20:12:18:373,2,Moderate_Damage,L2_S3,-1932,1276,15704,-401,23,-152,0,837.2
11301,20:12:18:383,2,Moderate_Damage,L2_S3,-1922,1250,15512,-689,14,-206,0,645.2
11302,20:12:18:393,2,Moderate_Damage,L2_S3,-1842,1198,15270,-932,21,-240,0,403.2
11303,20:12:18:403,2,Moderate_Damage,L2_S3,-1862,1160,15052,-1092,-2,-256,0,185.2
11304,20:12:18:413,2,Moderate_Damage,L2_S3,-1776,1096,14810,-1176,3,-273,0,-56.8
11305,20:12:18:423,2,Moderate_Damage,L2_S3,-1702,1044,14434,-1154,8,-267,0,-432.8
11306,20:12:18:433,2,Moderate_Damage,L2_S3,-1732,1000,14246,-1050,7,-264,0,-620.8
11307,20:12:18:443,2,Moderate_Damage,L2_S3,-1664,960,14132,-852,21,-230,0,-734.8
11308,20:12:18:452,2,Moderate_Damage,L2_S3,-1668,956,14058,-601,-2,-188,0,-808.8
11309,20:12:18:462,2,Moderate_Damage,L2_S3,-1650,934,13976,-311,42,-142,0,-890.8
11310,20:12:18:472,2,Moderate_Damage,L2_S3,-1640,978,14054,-18,25,-95,0,-812.8
11311,20:12:18:482,2,Moderate_Damage,L2_S3,-1652,956,14196,266,43,-50,0,-670.8
11312,20:12:18:492,2,Moderate_Damage,L2_S3,-1734,1042,14368,493,42,-9,0,-498.8
11313,20:12:18:502,2,Moderate_Damage,L2_S3,-1746,1066,14628,655,40,11,0,-238.8
11314,20:12:18:512,2,Moderate_Damage,L2_S3,-1776,1166,14918,739,58,24,0,51.2
11315,20:12:18:522,2,Moderate_Damage,L2_S3,-1890,1204,15146,721,43,21,0,279.2
11316,20:12:18:532,2,Moderate_Damage,L2_S3,-1860,1298,15410,633,53,17,0,543.2
11317,20:12:18:543,2,Moderate_Damage,L2_S3,-1868,1274,15612,455,47,-15,0,745.2
11318,20:12:18:552,2,Moderate_Damage,L2_S3,-1932,1284,15676,222,40,-50,0,809.2
11319,20:12:18:563,2,Moderate_Damage,L2_S3,-1928,1254,15666,-47,45,-96,0,799.2
11320,20:12:18:573,2,Moderate_Damage,L2_S3,-1948,1296,15534,-336,21,-138,0,667.2
11321,20:12:18:583,2,Moderate_Damage,L2_S3,-1828,1242,15452,-601,21,-189,0,585.2
11322,20:12:18:593,2,Moderate_Damage,L2_S3,-1920,1204,15306,-834,8,-224,0,439.2
11323,20:12:18:603,2,Moderate_Damage,L2_S3,-1818,1194,15064,-995,17,-253,0,197.2
11324,20:12:18:613,2,Moderate_Damage,L2_S3,-1758,1120,14812,-1084,0,-265,0,-54.8
11325,20:12:18:623,2,Moderate_Damage,L2_S3,-1754,1056,14564,-1077,6,-260,0,-302.8
11326,20:12:18:633,2,Moderate_Damage,L2_S3,-1706,992,14368,-994,15,-246,0,-498.8
11327,20:12:18:643,2,Moderate_Damage,L2_S3,-1728,984,14168,-822,11,-216,0,-698.8
11328,20:12:18:653,2,Moderate_Damage,L2_S3,-1646,964,14062,-612,19,-177,0,-804.8
11329,20:12:18:663,2,Moderate_Damage,L2_S3,-1658,948,14068,-337,27,-138,0,-798.8
11330,20:12:18:673,2,Moderate_Damage,L2_S3,-1662,928,14162,-87,32,-105,0,-704.8
11331,20:12:18:682,2,Moderate_Damage,L2_S3,-1722,984,14198,174,41,-57,0,-668.8
11332,20:12:18:693,2,Moderate_Damage,L2_S3,-1752,1042,14432,394,49,-30,0,-434.8
11333,20:12:18:702,2,Moderate_Damage,L2_S3,-1772,1062,14600,568,40,0,0,-266.8
11334,20:12:18:712,2,Moderate_Damage,L2_S3,-1822,1152,14844,648,51,16,0,-22.8
11335,20:12:18:722,2,Moderate_Damage,L2_S3,-1868,1160,15046,658,54,9,0,179.2
11336,20:12:18:732,2,Moderate_Damage,L2_S3,-1870,1164,15308,585,52,0,0,441.2
11337,20:12:18:743,2,Moderate_Damage,L2_S3,-1868,1226,15422,432,44,-23,0,555.2
11338,20:12:18:753,2,Moderate_Damage,L2_S3,-1952,1314,15588,224,46,-52,0,721.2
11339,20:12:18:763,2,Moderate_Damage,L2_S3,-1920,1286,15640,-22,35,-89,0,773.2
11340,20:12:18:773,2,Moderate_Damage,L2_S3,-1942,1300,15656,-277,20,-129,0,789.2
11341,20:12:18:783,2,Moderate_Damage,L2_S3,-1926,1232,15446,-523,20,-176,0,579.2
11342,20:12:18:793,2,Moderate_Damage,L2_S3,-1852,1266,15302,-737,13,-205,0,435.2
11343,20:12:18:803,2,Moderate_Damage,L2_S3,-1842,1182,15158,-893,11,-227,0,291.2
11344,20:12:18:813,2,Moderate_Damage,L2_S3,-1774,1080,14784,-989,1,-243,0,-82.8
11345,20:12:18:823,2,Moderate_Damage,L2_S3,-1798,1090,14602,-996,10,-250,0,-264.8
11346,20:12:18:833,2,Moderate_Damage,L2_S3,-1766,1038,14482,-935,11,-235,0,-384.8
11347,20:12:18:843,2,Moderate_Damage,L2_S3,-1736,1020,14352,-798,11,-217,0,-514.8
11348,20:12:18:853,2,Moderate_Damage,L2_S3,-1692,1044,14120,-607,32,-192,0,-746.8
11349,20:12:18:863,2,Moderate_Damage,L2_S3,-1732,946,14192,-375,7,-149,0,-674.8
11350,20:12:18:873,2,Moderate_Damage,L2_S3,-1738,924,14122,-130,40,-108,0,-744.8
11351,20:12:18:883,2,Moderate_Damage,L2_S3,-1706,1022,14310,113,43,-67,0,-556.8
11352,20:12:18:893,2,Moderate_Damage,L2_S3,-1750,1060,14446,309,39,-43,0,-420.8
11353,20:12:18:903,2,Moderate_Damage,L2_S3,-1784,1104,14548,476,64,-10,0,-318.8
11354,20:12:18:912,2,Moderate_Damage,L2_S3,-1814,1128,14820,556,34,7,0,-46.8
11355,20:12:18:923,2,Moderate_Damage,L2_S3,-1858,1142,14970,587,53,10,0,103.2
11356,20:12:18:933,2,Moderate_Damage,L2_S3,-1784,1174,15174,524,51,-5,0,307.2
11357,20:12:18:943,2,Moderate_Damage,L2_S3,-1912,1256,15458,398,41,-20,0,591.2
11358,20:12:18:953,2,Moderate_Damage,L2_S3,-1840,1216,15524,217,40,-54,0,657.2
11359,20:12:18:963,2,Moderate_Damage,L2_S3,-1916,1284,15478,-3,28,-89,0,611.2
11360,20:12:18:973,2,Moderate_Damage,L2_S3,-1924,1246,15494,-235,23,-121,0,627.2
11361,20:12:18:983,2,Moderate_Damage,L2_S3,-1848,1264,15446,-464,28,-171,0,579.2
11362,20:12:18:993,2,Moderate_Damage,L2_S3,-1932,1222,15244,-658,2,-184,0,377.2
11363,20:12:19:003,2,Moderate_Damage,L2_S3,-1810,1184,15104,-819,26,-224,0,237.2
11364,20:12:19:013,2,Moderate_Damage,L2_S3,-1800,1134,14926,-906,1,-233,0,59.2
11365,20:12:19:023,2,Moderate_Damage,L2_S3,-1838,1084,14722,-931,14,-240,0,-144.8
11366,20:12:19:033,2,Moderate_Damage,L2_S3,-1708,1038,14486,-879,17,-232,0,-380.8
11367,20:12:19:043,2,Moderate_Damage,L2_S3,-1776,1044,14290,-769,11,-209,0,-576.8
11368,20:12:19:053,2,Moderate_Damage,L2_S3,-1722,974,14250,-606,41,-195,0,-616.8
11369,20:12:19:063,2,Moderate_Damage,L2_S3,-1734,988,14188,-399,19,-150,0,-678.8
11370,20:12:19:073,2,Moderate_Damage,L2_S3,-1746,1002,14260,-166,29,-119,0,-606.8
11371,20:12:19:083,2,Moderate_Damage,L2_S3,-1700,1058,14214,49,43,-85,0,-652.8
11372,20:12:19:093,2,Moderate_Damage,L2_S3,-1754,1040,14424,239,27,-42,0,-442.8
11373,20:12:19:103,2,Moderate_Damage,L2_S3,-1732,1022,14566,382,61,-30,0,-300.8
11374,20:12:19:113,2,Moderate_Damage,L2_S3,-1848,1106,14782,487,43,-3,0,-84.8
11375,20:12:19:123,2,Moderate_Damage,L2_S3,-1802,1148,15004,511,42,-7,0,137.2
11376,20:12:19:133,2,Moderate_Damage,L2_S3,-1802,1182,15164,475,44,-10,0,297.2
11377,20:12:19:143,2,Moderate_Damage,L2_S3,-1892,1202,15326,365,40,-22,0,459.2
11378,20:12:19:153,2,Moderate_Damage,L2_S3,-1878,1224,15378,215,47,-51,0,511.2
11379,20:12:19:163,2,Moderate_Damage,L2_S3,-1884,1226,15540,11,21,-86,0,673.2
11380,20:12:19:173,2,Moderate_Damage,L2_S3,-1916,1250,15530,-191,37,-122,0,663.2
11381,20:12:19:183,2,Moderate_Damage,L2_S3,-1852,1250,15400,-405,21,-154,0,533.2
11382,20:12:19:193,2,Moderate_Damage,L2_S3,-1878,1188,15228,-591,15,-181,0,361.2
11383,20:12:19:203,2,Moderate_Damage,L2_S3,-1844,1160,15160,-736,18,-210,0,293.2
11384,20:12:19:213,2,Moderate_Damage,L2_S3,-1800,1162,14936,-835,5,-221,0,69.2
11385,20:12:19:223,2,Moderate_Damage,L2_S3,-1772,1098,14784,-857,12,-233,0,-82.8
11386,20:12:19:233,2,Moderate_Damage,L2_S3,-1720,1060,14526,-820,9,-217,0,-340.8
11387,20:12:19:243,2,Moderate_Damage,L2_S3,-1736,1014,14402,-731,14,-199,0,-464.8
11388,20:12:19:253,2,Moderate_Damage,L2_S3,-1688,1036,14350,-582,17,-178,0,-516.8
11389,20:12:19:263,2,Moderate_Damage,L2_S3,-1728,1002,14246,-404,10,-141,0,-620.8
11390,20:12:19:273,2,Moderate_Damage,L2_S3,-1686,1000,14258,-200,38,-122,0,-608.8
11391,20:12:19:283,2,Moderate_Damage,L2_S3,-1738,1000,14330,-2,23,-91,0,-536.8
11392,20:12:19:293,2,Moderate_Damage,L2_S3,-1690,1026,14442,179,52,-69,0,-424.8
11393,20:12:19:303,2,Moderate_Damage,L2_S3,-1722,1070,14656,321,31,-34,0,-210.8
11394,20:12:19:313,2,Moderate_Damage,L2_S3,-1838,1072,14778,407,44,-23,0,-88.8
11395,20:12:19:323,2,Moderate_Damage,L2_S3,-1786,1140,14868,444,52,-25,0,1.2
11396,20:12:19:333,2,Moderate_Damage,L2_S3,-1844,1124,15096,416,34,-26,0,229.2
11397,20:12:19:343,2,Moderate_Damage,L2_S3,-1888,1212,15280,335,51,-36,0,413.2
11398,20:12:19:353,2,Moderate_Damage,L2_S3,-1912,1220,15314,197,31,-52,0,447.2
11399,20:12:19:363,2,Moderate_Damage,L2_S3,-1884,1208,15432,22,33,-82,0,565.2
11400,20:12:19:373,2,Moderate_Damage,L2_S3,-1962,1212,15448,-171,36,-114,0,581.2
11401,20:12:19:383,2,Moderate_Damage,L2_S3,-1894,1180,15334,-354,17,-148,0,467.2
11402,20:12:19:393,2,Moderate_Damage,L2_S3,-1808,1196,15208,-528,32,-179,0,341.2
11403,20:12:19:403,2,Moderate_Damage,L2_S3,-1834,1146,15160,-666,0,-194,0,293.2
11404,20:12:19:413,2,Moderate_Damage,L2_S3,-1810,1136,14984,-763,17,-212,0,117.2
11405,20:12:19:423,2,Moderate_Damage,L2_S3,-1750,1102,14776,-800,10,-214,0,-90.8
11406,20:12:19:433,2,Moderate_Damage,L2_S3,-1786,1074,14598,-773,2,-211,0,-268.8
11407,20:12:19:443,2,Moderate_Damage,L2_S3,-1704,1064,14526,-694,25,-205,0,-340.8
11408,20:12:19:453,2,Moderate_Damage,L2_S3,-1750,1012,14364,-569,7,-177,0,-502.8
11409,20:12:19:463,2,Moderate_Damage,L2_S3,-1702,982,14300,-404,30,-153,0,-566.8
11410,20:12:19:473,2,Moderate_Damage,L2_S3,-1696,1000,14276,-232,13,-124,0,-590.8
11411,20:12:19:483,2,Moderate_Damage,L2_S3,-1728,994,14394,-38,33,-96,0,-472.8
11412,20:12:19:493,2,Moderate_Damage,L2_S3,-1740,1014,14418,119,38,-67,0,-448.8
11413,20:12:19:503,2,Moderate_Damage,L2_S3,-1778,1094,14594,260,41,-47,0,-272.8
11414,20:12:19:513,2,Moderate_Damage,L2_S3,-1770,1048,14846,344,46,-38,0,-20.8
11415,20:12:19:523,2,Moderate_Damage,L2_S3,-1808,1138,14936,382,44,-29,0,69.2
11416,20:12:19:533,2,Moderate_Damage,L2_S3,-1798,1118,15174,364,48,-30,0,307.2
11417,20:12:19:543,2,Moderate_Damage,L2_S3,-1850,1164,15246,295,41,-34,0,379.2
11418,20:12:19:553,2,Moderate_Damage,L2_S3,-1848,1224,15292,174,39,-55,0,425.2
11419,20:12:19:563,2,Moderate_Damage,L2_S3,-1866,1198,15390,24,43,-85,0,523.2
11420,20:12:19:573,2,Moderate_Damage,L2_S3,-1892,1224,15420,-152,33,-107,0,553.2
11421,20:12:19:583,2,Moderate_Damage,L2_S3,-1884,1206,15380,-324,31,-142,0,513.2
11422,20:12:19:593,2,Moderate_Damage,L2_S3,-1938,1170,15246,-483,18,-160,0,379.2
11423,20:12:19:603,2,Moderate_Damage,L2_S3,-1822,1182,15132,-617,11,-185,0,265.2
11424,20:12:19:613,2,Moderate_Damage,L2_S3,-1816,1134,14954,-700,15,-198,0,87.2
11425,20:12:19:623,2,Moderate_Damage,L2_S3,-1820,1072,14808,-742,14,-202,0,-58.8
11426,20:12:19:633,2,Moderate_Damage,L2_S3,-1758,1098,14710,-726,14,-202,0,-156.8
11427,20:12:19:643,2,Moderate_Damage,L2_S3,-1776,1072,14528,-664,9,-191,0,-338.8
11428,20:12:19:653,2,Moderate_Damage,L2_S3,-1678,1018,14496,-545,22,-179,0,-370.8
11429,20:12:19:663,2,Moderate_Damage,L2_S3,-1732,1056,14384,-405,19,-154,0,-482.8
11430,20:12:19:673,2,Moderate_Damage,L2_S3,-1710,990,14340,-239,31,-128,0,-526.8
11431,20:12:19:683,2,Moderate_Damage,L2_S3,-1754,1066,14406,-68,35,-106,0,-460.8
11432,20:12:19:693,2,Moderate_Damage,L2_S3,-1786,1052,14412,83,32,-72,0,-454.8
11433,20:12:19:703,2,Moderate_Damage,L2_S3,-1766,1112,14580,204,43,-58,0,-286.8
11434,20:12:19:713,2,Moderate_Damage,L2_S3,-1774,1088,14768,298,47,-37,0,-98.8
11435,20:12:19:723,2,Moderate_Damage,L2_S3,-1808,1144,14926,329,42,-39,0,59.2
11436,20:12:19:733,2,Moderate_Damage,L2_S3,-1908,1188,15076,320,43,-36,0,209.2
11437,20:12:19:743,2,Moderate_Damage,L2_S3,-1896,1190,15158,262,35,-45,0,291.2
11438,20:12:19:753,2,Moderate_Damage,L2_S3,-1896,1188,15262,160,42,-73,0,395.2
11439,20:12:19:763,2,Moderate_Damage,L2_S3,-1852,1236,15368,21,30,-85,0,501.2
11440,20:12:19:773,2,Moderate_Damage,L2_S3,-1884,1236,15338,-138,34,-110,0,471.2
11441,20:12:19:783,2,Moderate_Damage,L2_S3,-1844,1202,15306,-293,23,-135,0,439.2
11442,20:12:19:793,2,Moderate_Damage,L2_S3,-1880,1242,15156,-446,29,-160,0,289.2
11443,20:12:19:803,2,Moderate_Damage,L2_S3,-1826,1186,15054,-566,22,-179,0,187.2
11444,20:12:19:813,2,Moderate_Damage,L2_S3,-1854,1152,15020,-653,19,-197,0,153.2
11445,20:12:19:823,2,Moderate_Damage,L2_S3,-1782,1080,14818,-695,11,-203,0,-48.8
11446,20:12:19:833,2,Moderate_Damage,L2_S3,-1758,1078,14720,-684,20,-204,0,-146.8
11447,20:12:19:843,2,Moderate_Damage,L2_S3,-1792,1084,14502,-634,17,-198,0,-364.8
11448,20:12:19:853,2,Moderate_Damage,L2_S3,-1752,1042,14456,-541,21,-173,0,-410.8
11449,20:12:19:863,2,Moderate_Damage,L2_S3,-1754,1048,14386,-404,18,-147,0,-480.8
11450,20:12:19:873,2,Moderate_Damage,L2_S3,-1738,1030,14376,-260,36,-132,0,-490.8
11451,20:12:19:883,2,Moderate_Damage,L2_S3,-1730,1038,14462,-100,31,-104,0,-404.8
11452,20:12:19:893,2,Moderate_Damage,L2_S3,-1744,1064,14550,39,34,-78,0,-316.8
11453,20:12:19:903,2,Moderate_Damage,L2_S3,-1766,1080,14622,163,39,-58,0,-244.8
11454,20:12:19:913,2,Moderate_Damage,L2_S3,-1786,1090,14774,245,40,-46,0,-92.8
11455,20:12:19:923,2,Moderate_Damage,L2_S3,-1784,1124,14908,296,48,-45,0,41.2
11456,20:12:19:933,2,Moderate_Damage,L2_S3,-1832,1156,14984,280,40,-48,0,117.2
11457,20:12:19:943,2,Moderate_Damage,L2_S3,-1846,1158,15164,229,48,-56,0,297.2
11458,20:12:19:953,2,Moderate_Damage,L2_S3,-1926,1172,15186,142,42,-74,0,319.2
11459,20:12:19:963,2,Moderate_Damage,L2_S3,-1880,1204,15298,23,29,-88,0,431.2
11460,20:12:19:973,2,Moderate_Damage,L2_S3,-1850,1212,15284,-121,26,-113,0,417.2
11461,20:12:19:983,2,Moderate_Damage,L2_S3,-1902,1158,15232,-265,26,-134,0,365.2
11462,20:12:19:993,2,Moderate_Damage,L2_S3,-1840,1176,15186,-409,25,-150,0,319.2
11463,20:12:20:003,2,Moderate_Damage,L2_S3,-1820,1220,15100,-521,18,-171,0,233.2
11464,20:12:20:013,2,Moderate_Damage,L2_S3,-1794,1128,15008,-605,11,-190,0,141.2
11465,20:12:20:023,2,Moderate_Damage,L2_S3,-1778,1086,14826,-644,29,-197,0,-40.8
11466,20:12:20:033,2,Moderate_Damage,L2_S3,-1814,1094,14738,-649,15,-196,0,-128.8
11467,20:12:20:043,2,Moderate_Damage,L2_S3,-1690,1028,14552,-594,21,-191,0,-314.8
11468,20:12:20:053,2,Moderate_Damage,L2_S3,-1752,1068,14540,-516,7,-174,0,-326.8
11469,20:12:20:063,2,Moderate_Damage,L2_S3,-1714,1026,14456,-397,27,-154,0,-410.8
11470,20:12:20:073,2,Moderate_Damage,L2_S3,-1792,1010,14478,-262,23,-127,0,-388.8
11471,20:12:20:083,2,Moderate_Damage,L2_S3,-1680,1016,14452,-117,33,-110,0,-414.8
11472,20:12:20:093,2,Moderate_Damage,L2_S3,-1774,1104,14518,8,33,-86,0,-348.8
11473,20:12:20:103,2,Moderate_Damage,L2_S3,-1814,1042,14620,131,37,-73,0,-246.8
11474,20:12:20:113,2,Moderate_Damage,L2_S3,-1752,1108,14682,197,36,-65,0,-184.8
11475,20:12:20:123,2,Moderate_Damage,L2_S3,-1796,1130,14852,246,45,-57,0,-14.8
11476,20:12:20:133,2,Moderate_Damage,L2_S3,-1856,1180,15124,207,46,-60,0,257.2
11477,20:12:20:143,2,Moderate_Damage,L2_S3,-1868,1222,15170,114,37,-76,0,303.2
11478,20:12:20:153,2,Moderate_Damage,L2_S3,-1862,1202,15250,12,46,-92,0,383.2
11479,20:12:20:163,2,Moderate_Damage,L2_S3,-1856,1174,15220,-120,30,-107,0,353.2
11480,20:12:20:173,2,Moderate_Damage,L2_S3,-1830,1208,15212,-249,25,-123,0,345.2
11481,20:12:20:183,2,Moderate_Damage,L2_S3,-1814,1182,15148,-383,25,-149,0,281.2
11482,20:12:20:193,2,Moderate_Damage,L2_S3,-1896,1148,15056,-483,11,-162,0,189.2
11483,20:12:20:203,2,Moderate_Damage,L2_S3,-1826,1152,14968,-562,23,-178,0,101.2
11484,20:12:20:213,2,Moderate_Damage,L2_S3,-1772,1110,14868,-606,1,-187,0,1.2
11485,20:12:20:223,2,Moderate_Damage,L2_S3,-1772,1056,14738,-603,17,-195,0,-128.8
11486,20:12:20:233,2,Moderate_Damage,L2_S3,-1764,1078,14622,-565,7,-174,0,-244.8
11487,20:12:20:243,2,Moderate_Damage,L2_S3,-1740,1046,14586,-499,19,-171,0,-280.8
11488,20:12:20:253,2,Moderate_Damage,L2_S3,-1732,1020,14458,-396,18,-154,0,-408.8
11489,20:12:20:263,2,Moderate_Damage,L2_S3,-1734,1068,14558,-277,14,-130,0,-308.8
11490,20:12:20:273,2,Moderate_Damage,L2_S3,-1740,1042,14542,-145,29,-107,0,-324.8
11491,20:12:20:283,2,Moderate_Damage,L2_S3,-1766,1052,14624,-18,37,-88,0,-242.8
11492,20:12:20:293,2,Moderate_Damage,L2_S3,-1754,1072,14578,89,39,-77,0,-288.8
11493,20:12:20:303,2,Moderate_Damage,L2_S3,-1734,1100,14774,165,42,-62,0,-92.8
11494,20:12:20:313,2,Moderate_Damage,L2_S3,-1792,1090,14844,202,38,-55,0,-22.8
11495,20:12:20:323,2,Moderate_Damage,L2_S3,-1790,1180,14994,204,44,-59,0,127.2
11496,20:12:20:333,2,Moderate_Damage,L2_S3,-1852,1148,15088,174,42,-60,0,221.2
11497,20:12:20:343,2,Moderate_Damage,L2_S3,-1872,1176,15100,104,37,-70,0,233.2
11498,20:12:20:353,2,Moderate_Damage,L2_S3,-1844,1202,15208,14,39,-85,0,341.2
11499,20:12:20:364,2,Moderate_Damage,L2_S3,-1830,1200,15206,-110,31,-108,0,339.2
11500,20:12:20:373,2,Moderate_Damage,L2_S3,-1848,1168,15204,-229,32,-132,0,337.2
11501,20:12:20:383,2,Moderate_Damage,L2_S3,-1828,1188,15236,-353,23,-148,0,369.2
11502,20:12:20:393,2,Moderate_Damage,L2_S3,-1802,1106,15144,-455,29,-162,0,277.2
11503,20:12:20:403,2,Moderate_Damage,L2_S3,-1868,1114,14954,-529,25,-173,0,87.2
11504,20:12:20:413,2,Moderate_Damage,L2_S3,-1796,1112,14854,-566,19,-181,0,-12.8
11505,20:12:20:423,2,Moderate_Damage,L2_S3,-1824,1126,14692,-577,15,-180,0,-174.8
11506,20:12:20:433,2,Moderate_Damage,L2_S3,-1726,1108,14670,-537,19,-170,0,-196.8
11507,20:12:20:443,2,Moderate_Damage,L2_S3,-1726,1074,14618,-480,23,-159,0,-248.8
11508,20:12:20:453,2,Moderate_Damage,L2_S3,-1722,1038,14496,-387,21,-143,0,-370.8
11509,20:12:20:463,2,Moderate_Damage,L2_S3,-1722,994,14564,-273,27,-129,0,-302.8
11510,20:12:20:474,2,Moderate_Damage,L2_S3,-1770,1074,14564,-160,32,-113,0,-302.8
11511,20:12:20:483,2,Moderate_Damage,L2_S3,-1742,1046,14588,-43,31,-94,0,-278.8
11512,20:12:20:493,2,Moderate_Damage,L2_S3,-1752,1092,14722,53,37,-81,0,-144.8
11513,20:12:20:503,2,Moderate_Damage,L2_S3,-1790,1120,14726,124,31,-61,0,-140.8
11514,20:12:20:513,2,Moderate_Damage,L2_S3,-1786,1074,14886,168,38,-57,0,19.2
11515,20:12:20:523,2,Moderate_Damage,L2_S3,-1818,1148,14942,167,28,-56,0,75.2
11516,20:12:20:533,2,Moderate_Damage,L2_S3,-1830,1168,14982,144,36,-68,0,115.2
11517,20:12:20:543,2,Moderate_Damage,L2_S3,-1810,1188,15100,91,34,-76,0,233.2
11518,20:12:20:553,2,Moderate_Damage,L2_S3,-1846,1190,15148,-3,31,-87,0,281.2
11519,20:12:20:564,2,Moderate_Damage,L2_S3,-1896,1184,15148,-107,26,-106,0,281.2
11520,20:12:20:574,2,Moderate_Damage,L2_S3,-1870,1186,15178,-222,25,-125,0,311.2
11521,20:12:20:584,2,Moderate_Damage,L2_S3,-1870,1136,15130,-322,27,-145,0,263.2
11522,20:12:20:594,2,Moderate_Damage,L2_S3,-1864,1166,15132,-412,23,-160,0,265.2
11523,20:12:20:603,2,Moderate_Damage,L2_S3,-1810,1134,14934,-487,18,-170,0,67.2
11524,20:12:20:613,2,Moderate_Damage,L2_S3,-1810,1102,14878,-530,21,-175,0,11.2
11525,20:12:20:623,2,Moderate_Damage,L2_S3,-1810,1094,14764,-543,18,-173,0,-102.8
11526,20:12:20:633,2,Moderate_Damage,L2_S3,-1790,1038,14626,-519,20,-171,0,-240.8
11527,20:12:20:643,2,Moderate_Damage,L2_S3,-1752,1080,14538,-458,23,-162,0,-328.8
11528,20:12:20:653,2,Moderate_Damage,L2_S3,-1738,1054,14524,-381,23,-145,0,-342.8
11529,20:12:20:663,2,Moderate_Damage,L2_S3,-1758,1000,14538,-276,28,-134,0,-328.8
11530,20:12:20:674,2,Moderate_Damage,L2_S3,-1754,1074,14574,-172,27,-121,0,-292.8
11531,20:12:20:684,2,Moderate_Damage,L2_S3,-1702,1026,14542,-70,28,-102,0,-324.8
11532,20:12:20:693,2,Moderate_Damage,L2_S3,-1790,1062,14658,20,36,-87,0,-208.8
11533,20:12:20:703,2,Moderate_Damage,L2_S3,-1744,1090,14714,91,45,-70,0,-152.8
11534,20:12:20:713,2,Moderate_Damage,L2_S3,-1810,1100,14840,134,43,-69,0,-26.8
11535,20:12:20:723,2,Moderate_Damage,L2_S3,-1790,1124,14956,144,41,-66,0,89.2
11536,20:12:20:733,2,Moderate_Damage,L2_S3,-1846,1152,15054,120,42,-73,0,187.2
11537,20:12:20:743,2,Moderate_Damage,L2_S3,-1812,1160,15084,69,37,-81,0,217.2
11538,20:12:20:753,2,Moderate_Damage,L2_S3,-1808,1194,15132,-8,32,-86,0,265.2
11539,20:12:20:764,2,Moderate_Damage,L2_S3,-1862,1170,15150,-102,35,-106,0,283.2
11540,20:12:20:774,2,Moderate_Damage,L2_S3,-1818,1146,15084,-205,31,-126,0,217.2
11541,20:12:20:784,2,Moderate_Damage,L2_S3,-1836,1164,15092,-302,25,-134,0,225.2
11542,20:12:20:794,2,Moderate_Damage,L2_S3,-1860,1156,14976,-391,26,-152,0,109.2
11543,20:12:20:804,2,Moderate_Damage,L2_S3,-1834,1140,14922,-462,21,-165,0,55.2
11544,20:12:20:814,2,Moderate_Damage,L2_S3,-1816,1150,14924,-500,27,-166,0,57.2
11545,20:12:20:824,2,Moderate_Damage,L2_S3,-1766,1122,14798,-520,28,-177,0,-68.8
11546,20:12:20:834,2,Moderate_Damage,L2_S3,-1760,1128,14664,-490,19,-170,0,-202.8
11547,20:12:20:844,2,Moderate_Damage,L2_S3,-1776,1036,14572,-442,22,-171,0,-294.8
11548,20:12:20:854,2,Moderate_Damage,L2_S3,-1796,1074,14546,-372,19,-146,0,-320.8
11549,20:12:20:864,2,Moderate_Damage,L2_S3,-1756,1066,14498,-284,27,-134,0,-368.8
11550,20:12:20:874,2,Moderate_Damage,L2_S3,-1716,1050,14548,-179,31,-119,0,-318.8
11551,20:12:20:884,2,Moderate_Damage,L2_S3,-1800,1072,14600,-85,37,-102,0,-266.8
11552,20:12:20:893,2,Moderate_Damage,L2_S3,-1744,1086,14720,-9,25,-86,0,-146.8
11553,20:12:20:903,2,Moderate_Damage,L2_S3,-1744,1112,14766,62,35,-80,0,-100.8
11554,20:12:20:913,2,Moderate_Damage,L2_S3,-1814,1120,14800,101,36,-76,0,-66.8
11555,20:12:20:923,2,Moderate_Damage,L2_S3,-1820,1078,14928,120,41,-69,0,61.2
11556,20:12:20:933,2,Moderate_Damage,L2_S3,-1862,1146,15004,89,34,-75,0,137.2
11557,20:12:20:943,2,Moderate_Damage,L2_S3,-1860,1150,15032,56,36,-77,0,165.2
11558,20:12:20:954,2,Moderate_Damage,L2_S3,-1804,1162,15102,-17,34,-90,0,235.2
11559,20:12:20:964,2,Moderate_Damage,L2_S3,-1832,1164,15200,-102,21,-112,0,333.2
11560,20:12:20:974,2,Moderate_Damage,L2_S3,-1834,1184,15122,-192,31,-126,0,255.2
11561,20:12:20:984,2,Moderate_Damage,L2_S3,-1816,1176,15048,-281,15,-130,0,181.2
11562,20:12:20:994,2,Moderate_Damage,L2_S3,-1808,1148,15092,-368,24,-149,0,225.2
11563,20:12:21:004,2,Moderate_Damage,L2_S3,-1804,1104,14912,-434,16,-158,0,45.2
11564,20:12:21:014,2,Moderate_Damage,L2_S3,-1830,1158,14876,-472,19,-163,0,9.2
11565,20:12:21:024,2,Moderate_Damage,L2_S3,-1812,1088,14872,-486,20,-167,0,5.2
11566,20:12:21:034,2,Moderate_Damage,L2_S3,-1780,1056,14812,-471,28,-160,0,-54.8
11567,20:12:21:044,2,Moderate_Damage,L2_S3,-1804,1064,14726,-429,26,-159,0,-140.8
11568,20:12:21:054,2,Moderate_Damage,L2_S3,-1762,1086,14630,-359,28,-152,0,-236.8
11569,20:12:21:064,2,Moderate_Damage,L2_S3,-1718,1016,14616,-290,22,-141,0,-250.8
11570,20:12:21:074,2,Moderate_Damage,L2_S3,-1750,1112,14574,-190,35,-126,0,-292.8
11571,20:12:21:084,2,Moderate_Damage,L2_S3,-1752,1042,14558,-107,33,-110,0,-308.8
11572,20:12:21:094,2,Moderate_Damage,L2_S3,-1770,1058,14700,-26,34,-94,0,-166.8
11573,20:12:21:104,2,Moderate_Damage,L2_S3,-1788,1068,14766,37,38,-82,0,-100.8
11574,20:12:21:114,2,Moderate_Damage,L2_S3,-1816,1098,14866,74,31,-70,0,-0.8
11575,20:12:21:123,2,Moderate_Damage,L2_S3,-1816,1126,14932,93,41,-76,0,65.2
11576,20:12:21:133,2,Moderate_Damage,L2_S3,-1794,1132,15024,78,38,-81,0,157.2
11577,20:12:21:143,2,Moderate_Damage,L2_S3,-1862,1152,14988,36,36,-81,0,121.2
11578,20:12:21:154,2,Moderate_Damage,L2_S3,-1852,1138,15108,-21,32,-91,0,241.2
11579,20:12:21:164,2,Moderate_Damage,L2_S3,-1866,1190,15150,-97,34,-102,0,283.2
11580,20:12:21:174,2,Moderate_Damage,L2_S3,-1810,1140,15176,-180,28,-120,0,309.2
11581,20:12:21:184,2,Moderate_Damage,L2_S3,-1778,1176,14988,-260,37,-134,0,121.2
11582,20:12:21:194,2,Moderate_Damage,L2_S3,-1866,1168,15046,-350,25,-141,0,179.2
11583,20:12:21:204,2,Moderate_Damage,L2_S3,-1792,1102,14968,-406,24,-156,0,101.2
11584,20:12:21:214,2,Moderate_Damage,L2_S3,-1780,1164,14922,-447,23,-160,0,55.2
11585,20:12:21:224,2,Moderate_Damage,L2_S3,-1816,1154,14846,-455,23,-158,0,-20.8
11586,20:12:21:234,2,Moderate_Damage,L2_S3,-1756,1116,14770,-447,20,-159,0,-96.8
11587,20:12:21:244,2,Moderate_Damage,L2_S3,-1794,1048,14702,-412,32,-152,0,-164.8
11588,20:12:21:254,2,Moderate_Damage,L2_S3,-1786,1076,14582,-358,23,-145,0,-284.8
11589,20:12:21:264,2,Moderate_Damage,L2_S3,-1748,1088,14616,-282,27,-131,0,-250.8
11590,20:12:21:274,2,Moderate_Damage,L2_S3,-1804,1106,14576,-197,28,-119,0,-290.8
11591,20:12:21:284,2,Moderate_Damage,L2_S3,-1734,1082,14620,-128,35,-111,0,-246.8
11592,20:12:21:294,2,Moderate_Damage,L2_S3,-1770,1124,14730,-51,29,-92,0,-136.8
11593,20:12:21:304,2,Moderate_Damage,L2_S3,-1778,1130,14742,12,40,-83,0,-124.8
11594,20:12:21:314,2,Moderate_Damage,L2_S3,-1802,1102,14822,53,32,-89,0,-44.8
11595,20:12:21:324,2,Moderate_Damage,L2_S3,-1764,1160,14892,64,38,-82,0,25.2
11596,20:12:21:334,2,Moderate_Damage,L2_S3,-1836,1134,14928,55,38,-82,0,61.2
11597,20:12:21:344,2,Moderate_Damage,L2_S3,-1862,1164,15068,16,31,-83,0,201.2
11598,20:12:21:354,2,Moderate_Damage,L2_S3,-1842,1148,14976,-27,38,-97,0,109.2
11599,20:12:21:364,2,Moderate_Damage,L2_S3,-1838,1178,15128,-101,30,-105,0,261.2
11600,20:12:21:374,2,Moderate_Damage,L2_S3,-1806,1184,15184,-172,32,-122,0,317.2
11601,20:12:21:384,2,Moderate_Damage,L2_S3,-1822,1184,15056,-256,23,-128,0,189.2
11602,20:12:21:394,2,Moderate_Damage,L2_S3,-1854,1178,15040,-314,32,-135,0,173.2
11603,20:12:21:404,2,Moderate_Damage,L2_S3,-1812,1176,14974,-386,23,-149,0,107.2
11604,20:12:21:414,2,Moderate_Damage,L2_S3,-1822,1130,14914,-418,24,-155,0,47.2
11605,20:12:21:424,2,Moderate_Damage,L2_S3,-1792,1096,14804,-435,22,-165,0,-62.8
11606,20:12:21:434,2,Moderate_Damage,L2_S3,-1778,1064,14742,-428,19,-159,0,-124.8
11607,20:12:21:444,2,Moderate_Damage,L2_S3,-1774,1128,14728,-403,23,-150,0,-138.8
11608,20:12:21:454,2,Moderate_Damage,L2_S3,-1810,1106,14718,-348,19,-145,0,-148.8
11609,20:12:21:464,2,Moderate_Damage,L2_S3,-1752,1036,14668,-281,22,-130,0,-198.8
11610,20:12:21:474,2,Moderate_Damage,L2_S3,-1708,1074,14680,-210,34,-119,0,-186.8
11611,20:12:21:484,2,Moderate_Damage,L2_S3,-1772,1088,14684,-133,27,-108,0,-182.8
11612,20:12:21:494,2,Moderate_Damage,L2_S3,-1768,1112,14736,-68,46,-99,0,-130.8
11613,20:12:21:504,2,Moderate_Damage,L2_S3,-1802,1092,14746,-14,31,-85,0,-120.8
11614,20:12:21:514,2,Moderate_Damage,L2_S3,-1820,1068,14868,21,42,-83,0,1.2
11615,20:12:21:524,2,Moderate_Damage,L2_S3,-1790,1122,14880,43,33,-84,0,13.2
11616,20:12:21:534,2,Moderate_Damage,L2_S3,-1790,1094,14978,28,36,-89,0,111.2
11617,20:12:21:544,2,Moderate_Damage,L2_S3,-1850,1142,15006,5,38,-91,0,139.2
11618,20:12:21:554,2,Moderate_Damage,L2_S3,-1876,1188,15082,-45,41,-94,0,215.2
11619,20:12:21:564,2,Moderate_Damage,L2_S3,-1858,1148,15042,-102,31,-106,0,175.2
11620,20:12:21:574,2,Moderate_Damage,L2_S3,-1840,1136,15096,-168,26,-118,0,229.2
11621,20:12:21:584,2,Moderate_Damage,L2_S3,-1840,1138,15044,-240,28,-125,0,177.2
11622,20:12:21:594,2,Moderate_Damage,L2_S3,-1810,1144,14984,-308,24,-138,0,117.2
11623,20:12:21:604,2,Moderate_Damage,L2_S3,-1888,1154,14968,-365,22,-146,0,101.2
11624,20:12:21:614,2,Moderate_Damage,L2_S3,-1772,1140,14874,-399,24,-151,0,7.2
11625,20:12:21:624,2,Moderate_Damage,L2_S3,-1824,1124,14870,-416,14,-154,0,3.2
11626,20:12:21:634,2,Moderate_Damage,L2_S3,-1758,1124,14802,-411,23,-162,0,-64.8
11627,20:12:21:644,2,Moderate_Damage,L2_S3,-1780,1116,14746,-382,26,-157,0,-120.8
11628,20:12:21:654,2,Moderate_Damage,L2_S3,-1788,1120,14690,-339,29,-136,0,-176.8
11629,20:12:21:664,2,Moderate_Damage,L2_S3,-1784,1090,14626,-273,32,-142,0,-240.8
11630,20:12:21:674,2,Moderate_Damage,L2_S3,-1708,1090,14662,-212,31,-126,0,-204.8
11631,20:12:21:684,2,Moderate_Damage,L2_S3,-1762,1022,14702,-144,29,-107,0,-164.8
11632,20:12:21:694,2,Moderate_Damage,L2_S3,-1764,1128,14742,-83,36,-107,0,-124.8
11633,20:12:21:704,2,Moderate_Damage,L2_S3,-1832,1086,14724,-27,38,-99,0,-142.8
11634,20:12:21:714,2,Moderate_Damage,L2_S3,-1832,1070,14846,9,36,-92,0,-20.8
11635,20:12:21:724,2,Moderate_Damage,L2_S3,-1800,1094,14838,22,34,-89,0,-28.8
11636,20:12:21:734,2,Moderate_Damage,L2_S3,-1816,1130,14974,17,32,-91,0,107.2
11637,20:12:21:744,2,Moderate_Damage,L2_S3,-1788,1142,15006,-1,35,-90,0,139.2
11638,20:12:21:754,2,Moderate_Damage,L2_S3,-1824,1160,15004,-50,29,-97,0,137.2
11639,20:12:21:764,2,Moderate_Damage,L2_S3,-1840,1188,15028,-99,44,-109,0,161.2
11640,20:12:21:774,2,Moderate_Damage,L2_S3,-1886,1156,15126,-164,32,-123,0,259.2
11641,20:12:21:784,2,Moderate_Damage,L2_S3,-1838,1162,15034,-226,31,-124,0,167.2
11642,20:12:21:794,2,Moderate_Damage,L2_S3,-1820,1144,15030,-297,23,-139,0,163.2
11643,20:12:21:804,2,Moderate_Damage,L2_S3,-1826,1122,14974,-343,32,-148,0,107.2
11644,20:12:21:814,2,Moderate_Damage,L2_S3,-1782,1144,14878,-380,34,-152,0,11.2
11645,20:12:21:824,2,Moderate_Damage,L2_S3,-1818,1106,14858,-400,21,-149,0,-8.8
11646,20:12:21:834,2,Moderate_Damage,L2_S3,-1790,1072,14742,-389,25,-152,0,-124.8
11647,20:12:21:844,2,Moderate_Damage,L2_S3,-1768,1084,14708,-371,22,-149,0,-158.8
11648,20:12:21:854,2,Moderate_Damage,L2_S3,-1810,1074,14678,-335,32,-144,0,-188.8
11649,20:12:21:864,2,Moderate_Damage,L2_S3,-1780,1110,14660,-285,27,-137,0,-206.8
11650,20:12:21:874,2,Moderate_Damage,L2_S3,-1780,1050,14698,-216,26,-126,0,-168.8
11651,20:12:21:884,2,Moderate_Damage,L2_S3,-1772,1052,14706,-165,33,-114,0,-160.8
11652,20:12:21:894,2,Moderate_Damage,L2_S3,-1778,1100,14770,-95,34,-102,0,-96.8
11653,20:12:21:904,2,Moderate_Damage,L2_S3,-1770,1094,14840,-49,36,-94,0,-26.8
11654,20:12:21:914,2,Moderate_Damage,L2_S3,-1804,1082,14782,-17,36,-92,0,-84.8
11655,20:12:21:924,2,Moderate_Damage,L2_S3,-1838,1164,14848,-3,34,-93,0,-18.8
11656,20:12:21:934,2,Moderate_Damage,L2_S3,-1772,1124,14880,-3,35,-87,0,13.2
11657,20:12:21:944,2,Moderate_Damage,L2_S3,-1786,1170,14974,-25,32,-84,0,107.2
11658,20:12:21:954,2,Moderate_Damage,L2_S3,-1812,1180,14996,-59,39,-99,0,129.2
11659,20:12:21:964,2,Moderate_Damage,L2_S3,-1832,1156,15034,-106,30,-99,0,167.2
11660,20:12:21:974,2,Moderate_Damage,L2_S3,-1800,1192,15086,-165,36,-115,0,219.2
11661,20:12:21:984,2,Moderate_Damage,L2_S3,-1854,1154,14966,-221,26,-128,0,99.2
11662,20:12:21:994,2,Moderate_Damage,L2_S3,-1818,1130,14936,-282,33,-131,0,69.2
11663,20:12:22:004,2,Moderate_Damage,L2_S3,-1806,1126,14930,-325,30,-145,0,63.2
11664,20:12:22:014,2,Moderate_Damage,L2_S3,-1812,1148,14884,-359,21,-142,0,17.2
11665,20:12:22:024,2,Moderate_Damage,L2_S3,-1792,1138,14840,-381,25,-148,0,-26.8
11666,20:12:22:034,2,Moderate_Damage,L2_S3,-1736,1094,14832,-377,33,-153,0,-34.8
11667,20:12:22:044,2,Moderate_Damage,L2_S3,-1842,1080,14730,-360,25,-142,0,-136.8
11668,20:12:22:054,2,Moderate_Damage,L2_S3,-1760,1070,14720,-321,35,-147,0,-146.8
11669,20:12:22:064,2,Moderate_Damage,L2_S3,-1810,1108,14718,-271,21,-128,0,-148.8
11670,20:12:22:074,2,Moderate_Damage,L2_S3,-1788,1068,14722,-224,43,-129,0,-144.8
11671,20:12:22:084,2,Moderate_Damage,L2_S3,-1830,1120,14736,-166,39,-120,0,-130.8
11672,20:12:22:094,2,Moderate_Damage,L2_S3,-1786,1092,14744,-114,27,-104,0,-122.8
11673,20:12:22:104,2,Moderate_Damage,L2_S3,-1760,1084,14750,-61,38,-108,0,-116.8
11674,20:12:22:114,2,Moderate_Damage,L2_S3,-1818,1114,14836,-31,33,-93,0,-30.8
11675,20:12:22:124,2,Moderate_Damage,L2_S3,-1806,1096,14796,-4,38,-93,0,-70.8
11676,20:12:22:134,2,Moderate_Damage,L2_S3,-1824,1124,14920,-11,37,-91,0,53.2
11677,20:12:22:144,2,Moderate_Damage,L2_S3,-1824,1134,14950,-26,34,-97,0,83.2
11678,20:12:22:154,2,Moderate_Damage,L2_S3,-1806,1124,15016,-63,37,-99,0,149.2
11679,20:12:22:164,2,Moderate_Damage,L2_S3,-1876,1182,14986,-106,35,-103,0,119.2
11680,20:12:22:174,2,Moderate_Damage,L2_S3,-1800,1112,15062,-162,30,-115,0,195.2
11681,20:12:22:184,2,Moderate_Damage,L2_S3,-1794,1154,14944,-212,29,-120,0,77.2
11682,20:12:22:194,2,Moderate_Damage,L2_S3,-1820,1118,15002,-263,25,-135,0,135.2
11683,20:12:22:204,2,Moderate_Damage,L2_S3,-1872,1178,14988,-312,27,-143,0,121.2
11684,20:12:22:214,2,Moderate_Damage,L2_S3,-1856,1076,14940,-346,25,-144,0,73.2
11685,20:12:22:224,2,Moderate_Damage,L2_S3,-1830,1166,14800,-360,30,-149,0,-66.8
11686,20:12:22:234,2,Moderate_Damage,L2_S3,-1784,1064,14814,-360,19,-148,0,-52.8
11687,20:12:22:244,2,Moderate_Damage,L2_S3,-1830,1068,14816,-349,27,-147,0,-50.8
11688,20:12:22:254,2,Moderate_Damage,L2_S3,-1806,1110,14732,-314,23,-143,0,-134.8
11689,20:12:22:264,2,Moderate_Damage,L2_S3,-1766,1120,14736,-276,24,-132,0,-130.8
11690,20:12:22:274,2,Moderate_Damage,L2_S3,-1754,1084,14700,-216,27,-120,0,-166.8
11691,20:12:22:284,2,Moderate_Damage,L2_S3,-1774,1086,14710,-168,21,-114,0,-156.8
11692,20:12:22:294,2,Moderate_Damage,L2_S3,-1748,1068,14720,-116,34,-105,0,-146.8
11693,20:12:22:304,2,Moderate_Damage,L2_S3,-1786,1116,14724,-82,37,-98,0,-142.8
11694,20:12:22:314,2,Moderate_Damage,L2_S3,-1780,1144,14838,-48,34,-97,0,-28.8
11695,20:12:22:324,2,Moderate_Damage,L2_S3,-1780,1128,14884,-35,35,-92,0,17.2
11696,20:12:22:334,2,Moderate_Damage,L2_S3,-1834,1128,14918,-29,30,-90,0,51.2
11697,20:12:22:344,2,Moderate_Damage,L2_S3,-1734,1128,14988,-42,42,-92,0,121.2
11698,20:12:22:354,2,Moderate_Damage,L2_S3,-1886,1174,14970,-70,23,-97,0,103.2
11699,20:12:22:364,2,Moderate_Damage,L2_S3,-1792,1128,14980,-105,38,-112,0,113.2
11700,20:12:22:374,2,Moderate_Damage,L2_S3,-1878,1174,15056,-164,24,-107,0,189.2
11701,20:12:22:384,2,Moderate_Damage,L2_S3,-1828,1168,15032,-203,30,-120,0,165.2
11702,20:12:22:394,2,Moderate_Damage,L2_S3,-1826,1160,14952,-257,27,-128,0,85.2
11703,20:12:22:404,2,Moderate_Damage,L2_S3,-1854,1154,14944,-294,26,-126,0,77.2
11704,20:12:22:414,2,Moderate_Damage,L2_S3,-1772,1086,14928,-333,27,-144,0,61.2
11705,20:12:22:424,2,Moderate_Damage,L2_S3,-1790,1134,14884,-343,27,-140,0,17.2
11706,20:12:22:434,2,Moderate_Damage,L2_S3,-1798,1142,14818,-353,30,-142,0,-48.8
11707,20:12:22:444,2,Moderate_Damage,L2_S3,-1760,1134,14828,-329,26,-136,0,-38.8
11708,20:12:22:454,2,Moderate_Damage,L2_S3,-1760,1108,14730,-312,27,-137,0,-136.8
11709,20:12:22:464,2,Moderate_Damage,L2_S3,-1760,1060,14732,-267,28,-134,0,-134.8
11710,20:12:22:474,2,Moderate_Damage,L2_S3,-1792,1068,14688,-223,25,-124,0,-178.8
11711,20:12:22:484,2,Moderate_Damage,L2_S3,-1764,1082,14674,-169,30,-116,0,-192.8
11712,20:12:22:494,2,Moderate_Damage,L2_S3,-1772,1116,14764,-131,33,-117,0,-102.8
11713,20:12:22:504,2,Moderate_Damage,L2_S3,-1834,1096,14772,-90,30,-101,0,-94.8
11714,20:12:22:514,2,Moderate_Damage,L2_S3,-1790,1168,14804,-63,42,-104,0,-62.8
11715,20:12:22:524,2,Moderate_Damage,L2_S3,-1824,1154,14816,-44,27,-95,0,-50.8
11716,20:12:22:534,2,Moderate_Damage,L2_S3,-1786,1104,14972,-50,47,-97,0,105.2
11717,20:12:22:544,2,Moderate_Damage,L2_S3,-1844,1104,14964,-53,30,-90,0,97.2
11718,20:12:22:554,2,Moderate_Damage,L2_S3,-1848,1118,14940,-85,32,-104,0,73.2
11719,20:12:22:564,2,Moderate_Damage,L2_S3,-1828,1138,15024,-112,32,-101,0,157.2
11720,20:12:22:574,2,Moderate_Damage,L2_S3,-1828,1174,15024,-160,27,-113,0,157.2
11721,20:12:22:585,2,Moderate_Damage,L2_S3,-1824,1144,14992,-205,31,-120,0,125.2
11722,20:12:22:594,2,Moderate_Damage,L2_S3,-1838,1134,14908,-250,18,-127,0,41.2
11723,20:12:22:604,2,Moderate_Damage,L2_S3,-1822,1130,14934,-288,29,-140,0,67.2
11724,20:12:22:614,2,Moderate_Damage,L2_S3,-1852,1130,14826,-319,17,-145,0,-40.8
11725,20:12:22:624,2,Moderate_Damage,L2_S3,-1868,1090,14864,-335,25,-141,0,-2.8
11726,20:12:22:634,2,Moderate_Damage,L2_S3,-1788,1088,14834,-338,30,-145,0,-32.8
11727,20:12:22:644,2,Moderate_Damage,L2_S3,-1804,1098,14826,-320,24,-142,0,-40.8
11728,20:12:22:654,2,Moderate_Damage,L2_S3,-1738,1114,14828,-296,30,-140,0,-38.8
11729,20:12:22:665,2,Moderate_Damage,L2_S3,-1784,1080,14710,-274,26,-132,0,-156.8
11730,20:12:22:675,2,Moderate_Damage,L2_S3,-1806,1142,14746,-225,35,-127,0,-120.8
11731,20:12:22:684,2,Moderate_Damage,L2_S3,-1866,1098,14776,-182,35,-117,0,-90.8
11732,20:12:22:695,2,Moderate_Damage,L2_S3,-1796,1104,14732,-141,33,-106,0,-134.8
11733,20:12:22:704,2,Moderate_Damage,L2_S3,-1756,1076,14756,-111,35,-106,0,-110.8
11734,20:12:22:714,2,Moderate_Damage,L2_S3,-1840,1148,14790,-78,26,-93,0,-76.8
11735,20:12:22:724,2,Moderate_Damage,L2_S3,-1752,1138,14872,-62,38,-100,0,5.2
11736,20:12:22:734,2,Moderate_Damage,L2_S3,-1808,1094,14860,-63,34,-94,0,-6.8
11737,20:12:22:745,2,Moderate_Damage,L2_S3,-1800,1106,14886,-64,33,-99,0,19.2
11738,20:12:22:754,2,Moderate_Damage,L2_S3,-1828,1110,14940,-88,31,-104,0,73.2
11739,20:12:22:765,2,Moderate_Damage,L2_S3,-1846,1148,15008,-120,33,-110,0,141.2
11740,20:12:22:774,2,Moderate_Damage,L2_S3,-1826,1166,15002,-154,30,-118,0,135.2
11741,20:12:22:784,2,Moderate_Damage,L2_S3,-1836,1162,14970,-191,32,-117,0,103.2
11742,20:12:22:794,2,Moderate_Damage,L2_S3,-1780,1166,14840,-236,34,-127,0,-26.8
11743,20:12:22:804,2,Moderate_Damage,L2_S3,-1822,1120,14948,-281,29,-134,0,81.2
11744,20:12:22:814,2,Moderate_Damage,L2_S3,-1802,1142,14946,-306,24,-141,0,79.2
11745,20:12:22:824,2,Moderate_Damage,L2_S3,-1776,1118,14886,-320,27,-138,0,19.2
11746,20:12:22:835,2,Moderate_Damage,L2_S3,-1768,1058,14834,-329,25,-139,0,-32.8
11747,20:12:22:845,2,Moderate_Damage,L2_S3,-1786,1116,14828,-317,27,-143,0,-38.8
11748,20:12:22:855,2,Moderate_Damage,L2_S3,-1796,1140,14778,-289,27,-141,0,-88.8
11749,20:12:22:864,2,Moderate_Damage,L2_S3,-1804,1118,14768,-266,24,-133,0,-98.8
11750,20:12:22:875,2,Moderate_Damage,L2_S3,-1786,1062,14810,-222,25,-129,0,-56.8
11751,20:12:22:885,2,Moderate_Damage,L2_S3,-1752,1130,14650,-188,27,-119,0,-216.8
11752,20:12:22:895,2,Moderate_Damage,L2_S3,-1814,1082,14738,-143,31,-116,0,-128.8
11753,20:12:22:905,2,Moderate_Damage,L2_S3,-1784,1102,14836,-111,28,-108,0,-30.8
11754,20:12:22:914,2,Moderate_Damage,L2_S3,-1812,1098,14756,-85,33,-98,0,-110.8
11755,20:12:22:924,2,Moderate_Damage,L2_S3,-1808,1110,14932,-71,37,-97,0,65.2
11756,20:12:22:934,2,Moderate_Damage,L2_S3,-1774,1164,14882,-61,33,-97,0,15.2
11757,20:12:22:945,2,Moderate_Damage,L2_S3,-1800,1132,14920,-76,35,-99,0,53.2
11758,20:12:22:954,2,Moderate_Damage,L2_S3,-1800,1072,14962,-89,34,-109,0,95.2
11759,20:12:22:965,2,Moderate_Damage,L2_S3,-1782,1116,15012,-121,34,-105,0,145.2
11760,20:12:22:975,2,Moderate_Damage,L2_S3,-1786,1132,14970,-156,28,-108,0,103.2
11761,20:12:22:985,2,Moderate_Damage,L2_S3,-1782,1142,14974,-191,31,-116,0,107.2
11762,20:12:22:995,2,Moderate_Damage,L2_S3,-1842,1092,14926,-231,27,-125,0,59.2
11763,20:12:23:005,2,Moderate_Damage,L2_S3,-1858,1126,14918,-268,26,-129,0,51.2
11764,20:12:23:015,2,Moderate_Damage,L2_S3,-1808,1136,14924,-288,38,-137,0,57.2
11765,20:12:23:025,2,Moderate_Damage,L2_S3,-1804,1130,14908,-314,28,-138,0,41.2
11766,20:12:23:035,2,Moderate_Damage,L2_S3,-1766,1076,14860,-312,32,-137,0,-6.8
11767,20:12:23:045,2,Moderate_Damage,L2_S3,-1794,1094,14802,-308,29,-135,0,-64.8
11768,20:12:23:055,2,Moderate_Damage,L2_S3,-1766,1070,14770,-286,27,-129,0,-96.8
11769,20:12:23:065,2,Moderate_Damage,L2_S3,-1790,1086,14758,-256,28,-129,0,-108.8
11770,20:12:23:075,2,Moderate_Damage,L2_S3,-1826,1090,14752,-229,25,-119,0,-114.8
11771,20:12:23:085,2,Moderate_Damage,L2_S3,-1758,1118,14746,-187,34,-118,0,-120.8
11772,20:12:23:095,2,Moderate_Damage,L2_S3,-1788,1102,14810,-158,30,-113,0,-56.8
11773,20:12:23:105,2,Moderate_Damage,L2_S3,-1778,1134,14812,-125,28,-108,0,-54.8
11774,20:12:23:115,2,Moderate_Damage,L2_S3,-1760,1114,14804,-97,31,-110,0,-62.8
11775,20:12:23:125,2,Moderate_Damage,L2_S3,-1814,1128,14912,-82,27,-100,0,45.2
11776,20:12:23:135,2,Moderate_Damage,L2_S3,-1774,1098,14926,-74,40,-103,0,59.2
11777,20:12:23:145,2,Moderate_Damage,L2_S3,-1846,1120,14892,-85,28,-97,0,25.2
11778,20:12:23:155,2,Moderate_Damage,L2_S3,-1774,1096,14850,-95,30,-105,0,-16.8
11779,20:12:23:165,2,Moderate_Damage,L2_S3,-1812,1128,14908,-125,30,-108,0,41.2
11780,20:12:23:175,2,Moderate_Damage,L2_S3,-1824,1112,14970,-151,40,-112,0,103.2
11781,20:12:23:185,2,Moderate_Damage,L2_S3,-1872,1084,14980,-198,19,-112,0,113.2
11782,20:12:23:195,2,Moderate_Damage,L2_S3,-1822,1138,14936,-222,25,-125,0,69.2
11783,20:12:23:205,2,Moderate_Damage,L2_S3,-1794,1120,14960,-263,27,-132,0,93.2
11784,20:12:23:215,2,Moderate_Damage,L2_S3,-1834,1150,14952,-271,30,-130,0,85.2
11785,20:12:23:225,2,Moderate_Damage,L2_S3,-1802,1118,14906,-301,23,-136,0,39.2
11786,20:12:23:235,2,Moderate_Damage,L2_S3,-1788,1080,14800,-300,28,-138,0,-66.8
11787,20:12:23:245,2,Moderate_Damage,L2_S3,-1768,1076,14836,-304,25,-139,0,-30.8
11788,20:12:23:255,2,Moderate_Damage,L2_S3,-1776,1116,14782,-277,27,-130,0,-84.8
11789,20:12:23:265,2,Moderate_Damage,L2_S3,-1766,1078,14762,-255,29,-139,0,-104.8
11790,20:12:23:275,2,Moderate_Damage,L2_S3,-1810,1114,14804,-223,16,-122,0,-62.8
11791,20:12:23:285,2,Moderate_Damage,L2_S3,-1790,1148,14790,-188,29,-118,0,-76.8
11792,20:12:23:295,2,Moderate_Damage,L2_S3,-1804,1070,14826,-158,22,-115,0,-40.8
11793,20:12:23:305,2,Moderate_Damage,L2_S3,-1808,1080,14778,-132,34,-107,0,-88.8
11794,20:12:23:315,2,Moderate_Damage,L2_S3,-1794,1102,14870,-103,31,-101,0,3.2
11795,20:12:23:325,2,Moderate_Damage,L2_S3,-1832,1072,14822,-98,33,-101,0,-44.8
11796,20:12:23:335,2,Moderate_Damage,L2_S3,-1822,1112,14858,-90,36,-104,0,-8.8
11797,20:12:23:345,2,Moderate_Damage,L2_S3,-1810,1144,14936,-94,36,-106,0,69.2
11798,20:12:23:355,2,Moderate_Damage,L2_S3,-1788,1114,14940,-108,36,-106,0,73.2
11799,20:12:23:365,2,Moderate_Damage,L2_S3,-1784,1144,14894,-126,29,-111,0,27.2
11800,20:12:23:375,2,Moderate_Damage,L2_S3,-1810,1128,14938,-156,38,-119,0,71.2
11801,20:12:23:385,2,Moderate_Damage,L2_S3,-1818,1134,14940,-187,27,-116,0,73.2
11802,20:12:23:395,2,Moderate_Damage,L2_S3,-1864,1136,14922,-224,36,-125,0,55.2
11803,20:12:23:405,2,Moderate_Damage,L2_S3,-1790,1152,14950,-250,24,-128,0,83.2
11804,20:12:23:415,2,Moderate_Damage,L2_S3,-1780,1114,14874,-273,28,-135,0,7.2
11805,20:12:23:425,2,Moderate_Damage,L2_S3,-1772,1160,14824,-285,27,-138,0,-42.8
11806,20:12:23:435,2,Moderate_Damage,L2_S3,-1832,1096,14830,-299,29,-138,0,-36.8
11807,20:12:23:445,2,Moderate_Damage,L2_S3,-1794,1118,14808,-294,19,-135,0,-58.8
11808,20:12:23:455,2,Moderate_Damage,L2_S3,-1800,1142,14800,-275,35,-133,0,-66.8
11809,20:12:23:465,2,Moderate_Damage,L2_S3,-1810,1118,14736,-255,23,-131,0,-130.8
11810,20:12:23:475,2,Moderate_Damage,L2_S3,-1820,1124,14720,-225,38,-129,0,-146.8
11811,20:12:23:485,2,Moderate_Damage,L2_S3,-1800,1098,14734,-205,28,-116,0,-132.8
11812,20:12:23:495,2,Moderate_Damage,L2_S3,-1784,1072,14754,-162,33,-112,0,-112.8
11813,20:12:23:505,2,Moderate_Damage,L2_S3,-1774,1118,14762,-140,32,-108,0,-104.8
11814,20:12:23:515,2,Moderate_Damage,L2_S3,-1832,1104,14834,-123,31,-107,0,-32.8
11815,20:12:23:525,2,Moderate_Damage,L2_S3,-1790,1130,14750,-100,37,-110,0,-116.8
11816,20:12:23:535,2,Moderate_Damage,L2_S3,-1802,1140,14870,-94,33,-100,0,3.2
11817,20:12:23:545,2,Moderate_Damage,L2_S3,-1820,1088,14898,-93,33,-98,0,31.2
11818,20:12:23:555,2,Moderate_Damage,L2_S3,-1744,1112,14924,-119,29,-111,0,57.2
11819,20:12:23:565,2,Moderate_Damage,L2_S3,-1838,1092,14942,-130,34,-106,0,75.2
11820,20:12:23:575,2,Moderate_Damage,L2_S3,-1786,1148,14932,-158,40,-124,0,65.2
11821,20:12:23:585,2,Moderate_Damage,L2_S3,-1836,1122,14956,-184,27,-117,0,89.2
11822,20:12:23:595,2,Moderate_Damage,L2_S3,-1772,1150,14932,-221,31,-123,0,65.2
11823,20:12:23:605,2,Moderate_Damage,L2_S3,-1824,1094,14906,-237,33,-122,0,39.2
11824,20:12:23:615,2,Moderate_Damage,L2_S3,-1798,1104,14838,-265,25,-134,0,-28.8
11825,20:12:23:625,2,Moderate_Damage,L2_S3,-1822,1152,14918,-275,33,-136,0,51.2
11826,20:12:23:635,2,Moderate_Damage,L2_S3,-1860,1122,14874,-285,20,-134,0,7.2
11827,20:12:23:645,2,Moderate_Damage,L2_S3,-1800,1076,14834,-276,35,-132,0,-32.8
11828,20:12:23:655,2,Moderate_Damage,L2_S3,-1800,1098,14834,-273,22,-132,0,-32.8
11829,20:12:23:665,2,Moderate_Damage,L2_S3,-1792,1124,14802,-244,32,-127,0,-64.8
11830,20:12:23:675,2,Moderate_Damage,L2_S3,-1742,1122,14832,-226,25,-125,0,-34.8
11831,20:12:23:685,2,Moderate_Damage,L2_S3,-1738,1122,14732,-193,26,-112,0,-134.8
11832,20:12:23:695,2,Moderate_Damage,L2_S3,-1804,1106,14822,-178,28,-116,0,-44.8
11833,20:12:23:705,2,Moderate_Damage,L2_S3,-1750,1070,14778,-149,26,-108,0,-88.8
11834,20:12:23:715,2,Moderate_Damage,L2_S3,-1804,1104,14758,-128,26,-103,0,-108.8
11835,20:12:23:725,2,Moderate_Damage,L2_S3,-1826,1112,14836,-114,33,-104,0,-30.8
11836,20:12:23:735,2,Moderate_Damage,L2_S3,-1846,1152,14796,-101,30,-109,0,-70.8
11837,20:12:23:745,2,Moderate_Damage,L2_S3,-1824,1070,14876,-107,34,-106,0,9.2
11838,20:12:23:755,2,Moderate_Damage,L2_S3,-1848,1112,14912,-119,23,-107,0,45.2
11839,20:12:23:765,2,Moderate_Damage,L2_S3,-1808,1146,14994,-133,29,-113,0,127.2
11840,20:12:23:775,2,Moderate_Damage,L2_S3,-1838,1146,14948,-155,25,-116,0,81.2
11841,20:12:23:785,2,Moderate_Damage,L2_S3,-1764,1124,14930,-182,31,-122,0,63.2
11842,20:12:23:795,2,Moderate_Damage,L2_S3,-1826,1156,14892,-210,22,-118,0,25.2
11843,20:12:23:805,2,Moderate_Damage,L2_S3,-1804,1132,14880,-239,28,-125,0,13.2
11844,20:12:23:815,2,Moderate_Damage,L2_S3,-1814,1102,14866,-259,24,-126,0,-0.8
11845,20:12:23:825,2,Moderate_Damage,L2_S3,-1806,1128,14850,-273,22,-132,0,-16.8
11846,20:12:23:835,2,Moderate_Damage,L2_S3,-1754,1118,14838,-275,33,-134,0,-28.8
11847,20:12:23:845,2,Moderate_Damage,L2_S3,-1806,1138,14814,-270,33,-135,0,-52.8
11848,20:12:23:855,2,Moderate_Damage,L2_S3,-1752,1130,14774,-264,25,-129,0,-92.8
11849,20:12:23:865,2,Moderate_Damage,L2_S3,-1788,1128,14818,-249,34,-129,0,-48.8
11850,20:12:23:875,2,Moderate_Damage,L2_S3,-1790,1060,14750,-226,31,-126,0,-116.8
11851,20:12:23:885,2,Moderate_Damage,L2_S3,-1746,1100,14824,-199,33,-124,0,-42.8
11852,20:12:23:895,2,Moderate_Damage,L2_S3,-1800,1110,14794,-176,28,-121,0,-72.8
11853,20:12:23:905,2,Moderate_Damage,L2_S3,-1776,1124,14834,-152,28,-112,0,-32.8
11854,20:12:23:915,2,Moderate_Damage,L2_S3,-1816,1124,14846,-130,35,-110,0,-20.8
11855,20:12:23:925,2,Moderate_Damage,L2_S3,-1822,1110,14882,-115,29,-110,0,15.2
11856,20:12:23:935,2,Moderate_Damage,L2_S3,-1818,1146,14930,-106,39,-113,0,63.2
11857,20:12:23:945,2,Moderate_Damage,L2_S3,-1828,1108,14846,-106,24,-109,0,-20.8
11858,20:12:23:955,2,Moderate_Damage,L2_S3,-1824,1102,14894,-120,32,-114,0,27.2
11859,20:12:23:965,2,Moderate_Damage,L2_S3,-1772,1146,14914,-133,27,-114,0,47.2
11860,20:12:23:975,2,Moderate_Damage,L2_S3,-1828,1140,14886,-162,28,-109,0,19.2
11861,20:12:23:985,2,Moderate_Damage,L2_S3,-1764,1150,15004,-174,34,-115,0,137.2
11862,20:12:23:995,2,Moderate_Damage,L2_S3,-1806,1120,14960,-207,23,-118,0,93.2
11863,20:12:24:005,2,Moderate_Damage,L2_S3,-1846,1124,14864,-225,31,-125,0,-2.8
11864,20:12:24:015,2,Moderate_Damage,L2_S3,-1760,1124,14876,-250,30,-131,0,9.2
11865,20:12:24:025,2,Moderate_Damage,L2_S3,-1828,1124,14810,-256,23,-132,0,-56.8
11866,20:12:24:035,2,Moderate_Damage,L2_S3,-1812,1102,14820,-270,39,-132,0,-46.8
11867,20:12:24:045,2,Moderate_Damage,L2_S3,-1822,1116,14870,-271,24,-130,0,3.2
11868,20:12:24:055,2,Moderate_Damage,L2_S3,-1786,1136,14824,-259,32,-130,0,-42.8
11869,20:12:24:065,2,Moderate_Damage,L2_S3,-1800,1090,14752,-246,23,-127,0,-114.8
11870,20:12:24:076,2,Moderate_Damage,L2_S3,-1782,1088,14774,-223,27,-125,0,-92.8
11871,20:12:24:085,2,Moderate_Damage,L2_S3,-1854,1134,14906,-208,29,-122,0,39.2
11872,20:12:24:096,2,Moderate_Damage,L2_S3,-1764,1114,14828,-182,29,-117,0,-38.8
11873,20:12:24:105,2,Moderate_Damage,L2_S3,-1780,1110,14832,-154,29,-112,0,-34.8
11874,20:12:24:115,2,Moderate_Damage,L2_S3,-1808,1156,14816,-133,30,-111,0,-50.8
11875,20:12:24:125,2,Moderate_Damage,L2_S3,-1770,1108,14778,-124,28,-112,0,-88.8
11876,20:12:24:135,2,Moderate_Damage,L2_S3,-1768,1100,14844,-114,30,-108,0,-22.8
11877,20:12:24:145,2,Moderate_Damage,L2_S3,-1770,1100,14868,-119,35,-110,0,1.2
11878,20:12:24:155,2,Moderate_Damage,L2_S3,-1800,1106,14938,-129,31,-109,0,71.2
11879,20:12:24:165,2,Moderate_Damage,L2_S3,-1796,1106,14886,-141,32,-114,0,19.2
11880,20:12:24:175,2,Moderate_Damage,L2_S3,-1782,1128,14888,-164,27,-115,0,21.2
11881,20:12:24:185,2,Moderate_Damage,L2_S3,-1842,1116,14898,-178,31,-121,0,31.2
11882,20:12:24:195,2,Moderate_Damage,L2_S3,-1830,1090,14870,-204,24,-127,0,3.2
11883,20:12:24:205,2,Moderate_Damage,L2_S3,-1770,1108,14904,-229,30,-116,0,37.2
11884,20:12:24:216,2,Moderate_Damage,L2_S3,-1820,1126,14918,-247,26,-129,0,51.2
11885,20:12:24:225,2,Moderate_Damage,L2_S3,-1820,1104,14870,-262,30,-132,0,3.2
11886,20:12:24:235,2,Moderate_Damage,L2_S3,-1818,1130,14874,-258,22,-126,0,7.2
11887,20:12:24:246,2,Moderate_Damage,L2_S3,-1816,1102,14836,-261,27,-131,0,-30.8
11888,20:12:24:255,2,Moderate_Damage,L2_S3,-1798,1054,14870,-256,26,-134,0,3.2
11889,20:12:24:265,2,Moderate_Damage,L2_S3,-1802,1072,14802,-240,23,-125,0,-64.8
11890,20:12:24:275,2,Moderate_Damage,L2_S3,-1770,1060,14778,-222,26,-119,0,-88.8
11891,20:12:24:285,2,Moderate_Damage,L2_S3,-1818,1050,14748,-198,26,-122,0,-118.8
11892,20:12:24:296,2,Moderate_Damage,L2_S3,-1800,1116,14850,-181,32,-111,0,-16.8
11893,20:12:24:305,2,Moderate_Damage,L2_S3,-1820,1072,14790,-161,32,-111,0,-76.8
11894,20:12:24:315,2,Moderate_Damage,L2_S3,-1842,1126,14898,-142,29,-100,0,31.2
11895,20:12:24:325,2,Moderate_Damage,L2_S3,-1766,1098,14832,-124,44,-109,0,-34.8
11896,20:12:24:335,2,Moderate_Damage,L2_S3,-1842,1086,14806,-120,33,-102,0,-60.8
11897,20:12:24:345,2,Moderate_Damage,L2_S3,-1740,1124,14908,-125,32,-109,0,41.2
11898,20:12:24:355,2,Moderate_Damage,L2_S3,-1786,1134,14908,-130,34,-112,0,41.2
11899,20:12:24:365,2,Moderate_Damage,L2_S3,-1830,1106,14912,-143,29,-111,0,45.2
11900,20:12:24:375,2,Moderate_Damage,L2_S3,-1784,1104,14912,-159,34,-111,0,45.2
11901,20:12:24:385,2,Moderate_Damage,L2_S3,-1812,1130,14964,-182,31,-112,0,97.2
11902,20:12:24:395,2,Moderate_Damage,L2_S3,-1828,1104,14876,-200,27,-117,0,9.2
11903,20:12:24:405,2,Moderate_Damage,L2_S3,-1826,1124,14874,-217,27,-125,0,7.2
11904,20:12:24:415,2,Moderate_Damage,L2_S3,-1838,1180,14916,-234,32,-124,0,49.2
11905,20:12:24:425,2,Moderate_Damage,L2_S3,-1798,1104,14894,-250,37,-130,0,27.2
11906,20:12:24:435,2,Moderate_Damage,L2_S3,-1790,1120,14904,-251,38,-135,0,37.2
11907,20:12:24:445,2,Moderate_Damage,L2_S3,-1790,1160,14894,-255,25,-130,0,27.2
11908,20:12:24:456,2,Moderate_Damage,L2_S3,-1790,1102,14782,-244,26,-132,0,-84.8
11909,20:12:24:466,2,Moderate_Damage,L2_S3,-1816,1102,14852,-240,24,-127,0,-14.8
11910,20:12:24:475,2,Moderate_Damage,L2_S3,-1806,1134,14804,-220,31,-119,0,-62.8
11911,20:12:24:485,2,Moderate_Damage,L2_S3,-1832,1100,14768,-205,24,-113,0,-98.8
11912,20:12:24:496,2,Moderate_Damage,L2_S3,-1790,1076,14786,-184,40,-113,0,-80.8
11913,20:12:24:506,2,Moderate_Damage,L2_S3,-1756,1152,14756,-164,30,-116,0,-110.8
11914,20:12:24:516,2,Moderate_Damage,L2_S3,-1802,1124,14788,-152,33,-118,0,-78.8
11915,20:12:24:526,2,Moderate_Damage,L2_S3,-1786,1088,14884,-136,37,-115,0,17.2
11916,20:12:24:536,2,Moderate_Damage,L2_S3,-1756,1072,14824,-132,26,-109,0,-42.8
11917,20:12:24:546,2,Moderate_Damage,L2_S3,-1820,1096,14874,-130,42,-109,0,7.2
11918,20:12:24:556,2,Moderate_Damage,L2_S3,-1782,1106,14968,-137,35,-112,0,101.2
11919,20:12:24:566,2,Moderate_Damage,L2_S3,-1812,1114,14980,-154,39,-121,0,113.2
11920,20:12:24:576,2,Moderate_Damage,L2_S3,-1762,1100,14910,-162,40,-119,0,43.2
11921,20:12:24:586,2,Moderate_Damage,L2_S3,-1816,1118,14898,-178,34,-113,0,31.2
11922,20:12:24:596,2,Moderate_Damage,L2_S3,-1766,1142,14916,-200,32,-119,0,49.2
11923,20:12:24:606,2,Moderate_Damage,L2_S3,-1866,1150,14948,-212,27,-125,0,81.2
11924,20:12:24:616,2,Moderate_Damage,L2_S3,-1832,1158,14956,-230,32,-126,0,89.2
11925,20:12:24:626,2,Moderate_Damage,L2_S3,-1784,1104,14856,-244,36,-129,0,-10.8
11926,20:12:24:636,2,Moderate_Damage,L2_S3,-1782,1102,14858,-245,32,-131,0,-8.8
11927,20:12:24:646,2,Moderate_Damage,L2_S3,-1818,1122,14884,-248,34,-125,0,17.2
11928,20:12:24:656,2,Moderate_Damage,L2_S3,-1762,1096,14828,-245,35,-129,0,-38.8
11929,20:12:24:666,2,Moderate_Damage,L2_S3,-1796,1114,14822,-244,27,-128,0,-44.8
11930,20:12:24:676,2,Moderate_Damage,L2_S3,-1776,1096,14774,-221,35,-123,0,-92.8
11931,20:12:24:686,2,Moderate_Damage,L2_S3,-1804,1094,14794,-208,22,-124,0,-72.8
11932,20:12:24:696,2,Moderate_Damage,L2_S3,-1846,1098,14726,-174,33,-115,0,-140.8
11933,20:12:24:706,2,Moderate_Damage,L2_S3,-1798,1108,14892,-168,30,-110,0,25.2
11934,20:12:24:716,2,Moderate_Damage,L2_S3,-1810,1106,14810,-151,24,-115,0,-56.8
11935,20:12:24:726,2,Moderate_Damage,L2_S3,-1822,1086,14840,-153,26,-112,0,-26.8
11936,20:12:24:736,2,Moderate_Damage,L2_S3,-1832,1110,14864,-141,37,-108,0,-2.8
11937,20:12:24:746,2,Moderate_Damage,L2_S3,-1816,1090,14916,-139,24,-109,0,49.2
11938,20:12:24:756,2,Moderate_Damage,L2_S3,-1808,1136,14970,-154,35,-116,0,103.2
11939,20:12:24:766,2,Moderate_Damage,L2_S3,-1864,1112,14934,-158,21,-107,0,67.2
11940,20:12:24:776,2,Moderate_Damage,L2_S3,-1806,1120,14938,-185,31,-122,0,71.2
11941,20:12:24:786,2,Moderate_Damage,L2_S3,-1852,1098,14916,-192,21,-110,0,49.2
11942,20:12:24:796,2,Moderate_Damage,L2_S3,-1828,1114,14928,-214,29,-125,0,61.2
11943,20:12:24:806,2,Moderate_Damage,L2_S3,-1792,1116,14878,-220,27,-126,0,11.2
11944,20:12:24:816,2,Moderate_Damage,L2_S3,-1814,1130,14848,-239,29,-131,0,-18.8
11945,20:12:24:826,2,Moderate_Damage,L2_S3,-1816,1078,14796,-243,27,-122,0,-70.8
11946,20:12:24:836,2,Moderate_Damage,L2_S3,-1820,1138,14830,-246,28,-124,0,-36.8
11947,20:12:24:846,2,Moderate_Damage,L2_S3,-1800,1082,14840,-239,20,-128,0,-26.8
11948,20:12:24:856,2,Moderate_Damage,L2_S3,-1804,1128,14850,-227,25,-126,0,-16.8
11949,20:12:24:866,2,Moderate_Damage,L2_S3,-1876,1096,14856,-218,36,-126,0,-10.8
11950,20:12:24:876,2,Moderate_Damage,L2_S3,-1776,1094,14834,-207,28,-124,0,-32.8
11951,20:12:24:886,2,Moderate_Damage,L2_S3,-1814,1128,14812,-184,33,-124,0,-54.8
11952,20:12:24:896,2,Moderate_Damage,L2_S3,-1856,1128,14818,-170,31,-125,0,-48.8
11953,20:12:24:906,2,Moderate_Damage,L2_S3,-1806,1130,14854,-157,29,-118,0,-12.8
11954,20:12:24:916,2,Moderate_Damage,L2_S3,-1782,1116,14782,-157,23,-113,0,-84.8
11955,20:12:24:926,2,Moderate_Damage,L2_S3,-1764,1114,14896,-144,40,-112,0,29.2
11956,20:12:24:936,2,Moderate_Damage,L2_S3,-1794,1146,14854,-142,30,-110,0,-12.8
11957,20:12:24:946,2,Moderate_Damage,L2_S3,-1798,1170,14902,-144,29,-115,0,35.2
11958,20:12:24:956,2,Moderate_Damage,L2_S3,-1802,1076,14942,-155,28,-116,0,75.2
11959,20:12:24:966,2,Moderate_Damage,L2_S3,-1786,1158,14916,-165,31,-111,0,49.2
11960,20:12:24:976,2,Moderate_Damage,L2_S3,-1822,1088,14968,-183,24,-111,0,101.2
11961,20:12:24:986,2,Moderate_Damage,L2_S3,-1770,1136,14910,-199,31,-118,0,43.2
11962,20:12:24:996,2,Moderate_Damage,L2_S3,-1828,1120,14886,-212,26,-122,0,19.2
11963,20:12:25:006,2,Moderate_Damage,L2_S3,-1838,1138,14904,-223,29,-122,0,37.2
11964,20:12:25:016,2,Moderate_Damage,L2_S3,-1796,1170,14934,-229,22,-121,0,67.2
11965,20:12:25:026,2,Moderate_Damage,L2_S3,-1808,1116,14832,-240,24,-123,0,-34.8
11966,20:12:25:036,2,Moderate_Damage,L2_S3,-1774,1164,14818,-238,29,-125,0,-48.8
11967,20:12:25:046,2,Moderate_Damage,L2_S3,-1800,1110,14882,-240,32,-123,0,15.2
11968,20:12:25:056,2,Moderate_Damage,L2_S3,-1830,1118,14824,-224,31,-124,0,-42.8
11969,20:12:25:066,2,Moderate_Damage,L2_S3,-1790,1140,14830,-221,31,-126,0,-36.8
11970,20:12:25:076,2,Moderate_Damage,L2_S3,-1768,1102,14802,-202,27,-123,0,-64.8
11971,20:12:25:086,2,Moderate_Damage,L2_S3,-1776,1120,14810,-190,34,-121,0,-56.8
11972,20:12:25:096,2,Moderate_Damage,L2_S3,-1784,1110,14802,-171,25,-117,0,-64.8
11973,20:12:25:106,2,Moderate_Damage,L2_S3,-1816,1076,14838,-164,30,-119,0,-28.8
11974,20:12:25:116,2,Moderate_Damage,L2_S3,-1822,1062,14854,-151,31,-111,0,-12.8
11975,20:12:25:126,2,Moderate_Damage,L2_S3,-1846,1100,14864,-147,26,-109,0,-2.8
11976,20:12:25:136,2,Moderate_Damage,L2_S3,-1756,1128,14874,-141,35,-109,0,7.2
11977,20:12:25:146,2,Moderate_Damage,L2_S3,-1808,1098,14906,-150,32,-111,0,39.2
11978,20:12:25:156,2,Moderate_Damage,L2_S3,-1822,1128,14850,-151,35,-113,0,-16.8
11979,20:12:25:166,2,Moderate_Damage,L2_S3,-1782,1146,14902,-166,23,-114,0,35.2
11980,20:12:25:176,2,Moderate_Damage,L2_S3,-1800,1154,14920,-182,35,-124,0,53.2
11981,20:12:25:186,2,Moderate_Damage,L2_S3,-1796,1098,14914,-191,35,-117,0,47.2
11982,20:12:25:196,2,Moderate_Damage,L2_S3,-1812,1160,14878,-210,28,-128,0,11.2
11983,20:12:25:206,2,Moderate_Damage,L2_S3,-1768,1120,14856,-218,34,-134,0,-10.8
11984,20:12:25:216,2,Moderate_Damage,L2_S3,-1788,1122,14908,-227,30,-128,0,41.2
11985,20:12:25:226,2,Moderate_Damage,L2_S3,-1764,1130,14872,-234,30,-122,0,5.2
11986,20:12:25:236,2,Moderate_Damage,L2_S3,-1782,1116,14844,-239,25,-130,0,-22.8
11987,20:12:25:246,2,Moderate_Damage,L2_S3,-1780,1118,14800,-232,28,-122,0,-66.8
11988,20:12:25:256,2,Moderate_Damage,L2_S3,-1780,1126,14922,-230,32,-126,0,55.2
11989,20:12:25:266,2,Moderate_Damage,L2_S3,-1812,1066,14850,-219,23,-124,0,-16.8
11990,20:12:25:276,2,Moderate_Damage,L2_S3,-1798,1124,14810,-208,37,-117,0,-56.8
11991,20:12:25:286,2,Moderate_Damage,L2_S3,-1786,1128,14912,-191,25,-124,0,45.2
11992,20:12:25:296,2,Moderate_Damage,L2_S3,-1786,1096,14858,-179,30,-123,0,-8.8
11993,20:12:25:306,2,Moderate_Damage,L2_S3,-1784,1118,14888,-164,26,-118,0,21.2
11994,20:12:25:316,2,Moderate_Damage,L2_S3,-1812,1108,14876,-153,34,-121,0,9.2
11995,20:12:25:326,2,Moderate_Damage,L2_S3,-1824,1126,14848,-148,29,-117,0,-18.8
11996,20:12:25:336,2,Moderate_Damage,L2_S3,-1806,1098,14828,-144,30,-112,0,-38.8
11997,20:12:25:346,2,Moderate_Damage,L2_S3,-1796,1074,14854,-152,29,-112,0,-12.8
11998,20:12:25:356,2,Moderate_Damage,L2_S3,-1814,1104,14910,-162,24,-113,0,43.2
11999,20:12:25:366,2,Moderate_Damage,L2_S3,-1804,1166,14800,-164,31,-114,0,-66.8
12000,20:12:25:376,2,Moderate_Damage,L2_S3,-1788,1200,14868,-183,29,-123,0,1.2
12001,20:12:25:386,2,Moderate_Damage,L2_S3,-1820,1136,14894,-190,25,-120,0,27.2
12002,20:12:25:396,2,Moderate_Damage,L2_S3,-1776,1170,14912,-200,34,-124,0,45.2
12003,20:12:25:406,2,Moderate_Damage,L2_S3,-1840,1166,14852,-220,28,-125,0,-14.8
12004,20:12:25:416,2,Moderate_Damage,L2_S3,-1844,1102,14880,-226,32,-125,0,13.2
12005,20:12:25:426,2,Moderate_Damage,L2_S3,-1812,1170,14840,-226,24,-126,0,-26.8
12006,20:12:25:436,2,Moderate_Damage,L2_S3,-1810,1072,14844,-228,39,-127,0,-22.8
12007,20:12:25:446,2,Moderate_Damage,L2_S3,-1790,1088,14798,-242,29,-128,0,-68.8
12008,20:12:25:456,2,Moderate_Damage,L2_S3,-1852,1100,14824,-225,35,-120,0,-42.8
12009,20:12:25:466,2,Moderate_Damage,L2_S3,-1774,1124,14804,-221,30,-126,0,-62.8
12010,20:12:25:476,2,Moderate_Damage,L2_S3,-1826,1122,14806,-194,30,-118,0,-60.8
12011,20:12:25:486,2,Moderate_Damage,L2_S3,-1824,1084,14780,-199,29,-126,0,-86.8
12012,20:12:25:496,2,Moderate_Damage,L2_S3,-1812,1082,14822,-172,38,-121,0,-44.8
12013,20:12:25:506,2,Moderate_Damage,L2_S3,-1828,1104,14826,-173,23,-107,0,-40.8
12014,20:12:25:516,2,Moderate_Damage,L2_S3,-1758,1098,14790,-158,30,-111,0,-76.8
12015,20:12:25:526,2,Moderate_Damage,L2_S3,-1758,1112,14826,-157,29,-119,0,-40.8
12016,20:12:25:536,2,Moderate_Damage,L2_S3,-1762,1138,14824,-153,24,-108,0,-42.8
12017,20:12:25:546,2,Moderate_Damage,L2_S3,-1784,1076,14916,-154,45,-120,0,49.2
12018,20:12:25:556,2,Moderate_Damage,L2_S3,-1782,1136,14906,-154,28,-111,0,39.2
12019,20:12:25:566,2,Moderate_Damage,L2_S3,-1806,1104,14884,-170,38,-108,0,17.2
12020,20:12:25:576,2,Moderate_Damage,L2_S3,-1820,1118,14900,-179,25,-117,0,33.2
12021,20:12:25:586,2,Moderate_Damage,L2_S3,-1806,1112,14894,-195,29,-127,0,27.2
12022,20:12:25:596,2,Moderate_Damage,L2_S3,-1808,1152,14860,-203,29,-118,0,-6.8
12023,20:12:25:606,2,Moderate_Damage,L2_S3,-1794,1100,14924,-216,25,-121,0,57.2
12024,20:12:25:616,2,Moderate_Damage,L2_S3,-1808,1112,14906,-223,23,-120,0,39.2
12025,20:12:25:626,2,Moderate_Damage,L2_S3,-1862,1144,14924,-233,32,-126,0,57.2
12026,20:12:25:636,2,Moderate_Damage,L2_S3,-1798,1154,14894,-231,37,-130,0,27.2
12027,20:12:25:646,2,Moderate_Damage,L2_S3,-1776,1140,14802,-230,35,-124,0,-64.8
12028,20:12:25:656,2,Moderate_Damage,L2_S3,-1790,1070,14814,-223,37,-117,0,-52.8
12029,20:12:25:667,2,Moderate_Damage,L2_S3,-1828,1138,14866,-214,30,-120,0,-0.8
12030,20:12:25:676,2,Moderate_Damage,L2_S3,-1800,1082,14858,-200,35,-125,0,-8.8
12031,20:12:25:686,2,Moderate_Damage,L2_S3,-1774,1128,14890,-197,24,-115,0,23.2
12032,20:12:25:696,2,Moderate_Damage,L2_S3,-1784,1092,14840,-179,33,-112,0,-26.8
12033,20:12:25:706,2,Moderate_Damage,L2_S3,-1808,1130,14832,-171,26,-112,0,-34.8
12034,20:12:25:716,2,Moderate_Damage,L2_S3,-1840,1120,14790,-160,37,-114,0,-76.8
12035,20:12:25:726,2,Moderate_Damage,L2_S3,-1820,1092,14898,-159,24,-118,0,31.2
12036,20:12:25:736,2,Moderate_Damage,L2_S3,-1818,1112,14822,-153,32,-114,0,-44.8
12037,20:12:25:746,2,Moderate_Damage,L2_S3,-1852,1074,14942,-162,21,-108,0,75.2
12038,20:12:25:756,2,Moderate_Damage,L2_S3,-1780,1084,14848,-161,36,-113,0,-18.8
12039,20:12:25:766,2,Moderate_Damage,L2_S3,-1810,1168,14868,-167,26,-110,0,1.2
12040,20:12:25:776,2,Moderate_Damage,L2_S3,-1830,1116,14928,-178,24,-118,0,61.2
12041,20:12:25:786,2,Moderate_Damage,L2_S3,-1806,1104,14886,-188,25,-118,0,19.2
12042,20:12:25:796,2,Moderate_Damage,L2_S3,-1830,1120,14910,-204,22,-115,0,43.2
12043,20:12:25:807,2,Moderate_Damage,L2_S3,-1804,1098,14954,-205,30,-123,0,87.2
12044,20:12:25:816,2,Moderate_Damage,L2_S3,-1808,1148,14912,-224,25,-121,0,45.2
12045,20:12:25:826,2,Moderate_Damage,L2_S3,-1752,1100,14928,-222,30,-124,0,61.2
12046,20:12:25:837,2,Moderate_Damage,L2_S3,-1778,1110,14912,-231,28,-130,0,45.2
12047,20:12:25:846,2,Moderate_Damage,L2_S3,-1854,1116,14830,-227,28,-125,0,-36.8
12048,20:12:25:856,2,Moderate_Damage,L2_S3,-1782,1140,14842,-227,30,-127,0,-24.8
12049,20:12:25:866,2,Moderate_Damage,L2_S3,-1822,1108,14872,-210,24,-126,0,5.2
12050,20:12:25:876,2,Moderate_Damage,L2_S3,-1806,1124,14838,-212,24,-118,0,-28.8
12051,20:12:25:886,2,Moderate_Damage,L2_S3,-1830,1130,14832,-190,29,-123,0,-34.8
12052,20:12:25:896,2,Moderate_Damage,L2_S3,-1786,1158,14864,-186,26,-120,0,-2.8
12053,20:12:25:906,2,Moderate_Damage,L2_S3,-1824,1146,14858,-170,36,-117,0,-8.8
12054,20:12:25:916,2,Moderate_Damage,L2_S3,-1752,1082,14812,-165,30,-120,0,-54.8
12055,20:12:25:926,2,Moderate_Damage,L2_S3,-1834,1084,14836,-157,37,-112,0,-30.8
12056,20:12:25:936,2,Moderate_Damage,L2_S3,-1792,1116,14860,-161,27,-117,0,-6.8
12057,20:12:25:946,2,Moderate_Damage,L2_S3,-1792,1090,14906,-159,31,-117,0,39.2
12058,20:12:25:957,2,Moderate_Damage,L2_S3,-1832,1130,14906,-167,28,-111,0,39.2
12059,20:12:25:967,2,Moderate_Damage,L2_S3,-1792,1170,14898,-169,38,-111,0,31.2
12060,20:12:25:977,2,Moderate_Damage,L2_S3,-1782,1076,14866,-188,30,-121,0,-0.8
12061,20:12:25:986,2,Moderate_Damage,L2_S3,-1802,1184,14874,-190,31,-115,0,7.2
12062,20:12:25:996,2,Moderate_Damage,L2_S3,-1856,1112,14930,-201,28,-117,0,63.2
12063,20:12:26:006,2,Moderate_Damage,L2_S3,-1796,1110,14852,-210,29,-119,0,-14.8
12064,20:12:26:017,2,Moderate_Damage,L2_S3,-1802,1140,14952,-219,29,-122,0,85.2
12065,20:12:26:027,2,Moderate_Damage,L2_S3,-1826,1164,14856,-222,20,-124,0,-10.8
12066,20:12:26:036,2,Moderate_Damage,L2_S3,-1796,1054,14894,-221,29,-121,0,27.2
12067,20:12:26:046,2,Moderate_Damage,L2_S3,-1818,1106,14872,-227,29,-123,0,5.2
12068,20:12:26:056,2,Moderate_Damage,L2_S3,-1836,1088,14850,-220,33,-128,0,-16.8
12069,20:12:26:066,2,Moderate_Damage,L2_S3,-1710,1100,14796,-213,29,-128,0,-70.8
12070,20:12:26:077,2,Moderate_Damage,L2_S3,-1818,1154,14842,-204,25,-123,0,-24.8
12071,20:12:26:087,2,Moderate_Damage,L2_S3,-1780,1096,14838,-192,37,-123,0,-28.8
12072,20:12:26:096,2,Moderate_Damage,L2_S3,-1796,1102,14862,-184,31,-119,0,-4.8
12073,20:12:26:106,2,Moderate_Damage,L2_S3,-1812,1168,14890,-182,35,-116,0,23.2
12074,20:12:26:116,2,Moderate_Damage,L2_S3,-1784,1106,14906,-168,30,-117,0,39.2
12075,20:12:26:126,2,Moderate_Damage,L2_S3,-1798,1156,14836,-162,25,-111,0,-30.8
12076,20:12:26:136,2,Moderate_Damage,L2_S3,-1814,1112,14876,-163,36,-115,0,9.2
12077,20:12:26:146,2,Moderate_Damage,L2_S3,-1842,1094,14826,-166,24,-118,0,-40.8
12078,20:12:26:157,2,Moderate_Damage,L2_S3,-1774,1122,14854,-168,29,-112,0,-12.8
12079,20:12:26:167,2,Moderate_Damage,L2_S3,-1816,1164,14884,-173,29,-116,0,17.2
12080,20:12:26:177,2,Moderate_Damage,L2_S3,-1838,1082,14866,-178,26,-120,0,-0.8
12081,20:12:26:187,2,Moderate_Damage,L2_S3,-1800,1092,14802,-193,33,-121,0,-64.8
12082,20:12:26:197,2,Moderate_Damage,L2_S3,-1810,1084,14876,-197,33,-121,0,9.2
12083,20:12:26:207,2,Moderate_Damage,L2_S3,-1792,1074,14860,-207,37,-124,0,-6.8
12084,20:12:26:217,2,Moderate_Damage,L2_S3,-1814,1132,14864,-212,34,-126,0,-2.8
12085,20:12:26:227,2,Moderate_Damage,L2_S3,-1856,1138,14870,-219,29,-125,0,3.2
12086,20:12:26:237,2,Moderate_Damage,L2_S3,-1802,1162,14788,-221,28,-124,0,-78.8
12087,20:12:26:247,2,Moderate_Damage,L2_S3,-1784,1140,14820,-214,19,-120,0,-46.8
12088,20:12:26:257,2,Moderate_Damage,L2_S3,-1772,1148,14826,-219,27,-127,0,-40.8
12089,20:12:26:267,2,Moderate_Damage,L2_S3,-1786,1112,14762,-211,31,-123,0,-104.8
12090,20:12:26:278,2,Moderate_Damage,L2_S3,-1792,1144,14828,-205,32,-115,0,-38.8
12091,20:12:26:287,2,Moderate_Damage,L2_S3,-1814,1044,14872,-200,32,-121,0,5.2
12092,20:12:26:297,2,Moderate_Damage,L2_S3,-1796,1116,14836,-187,35,-122,0,-30.8
12093,20:12:26:307,2,Moderate_Damage,L2_S3,-1790,1122,14852,-176,26,-120,0,-14.8
12094,20:12:26:317,2,Moderate_Damage,L2_S3,-1808,1080,14796,-168,30,-121,0,-70.8
12095,20:12:26:327,2,Moderate_Damage,L2_S3,-1772,1094,14814,-167,27,-115,0,-52.8
12096,20:12:26:337,2,Moderate_Damage,L2_S3,-1826,1118,14906,-167,34,-111,0,39.2
12097,20:12:26:347,2,Moderate_Damage,L2_S3,-1818,1100,14942,-166,23,-110,0,75.2
12098,20:12:26:357,2,Moderate_Damage,L2_S3,-1790,1092,14908,-175,29,-119,0,41.2
12099,20:12:26:367,2,Moderate_Damage,L2_S3,-1788,1148,14894,-177,22,-120,0,27.2
12100,20:12:26:377,2,Moderate_Damage,L2_S3,-1868,1116,14882,-186,29,-116,0,15.2
12101,20:12:26:387,2,Moderate_Damage,L2_S3,-1826,1112,14942,-188,28,-122,0,75.2
12102,20:12:26:397,2,Moderate_Damage,L2_S3,-1820,1146,14888,-194,27,-124,0,21.2
12103,20:12:26:407,2,Moderate_Damage,L2_S3,-1788,1108,14902,-209,29,-123,0,35.2
12104,20:12:26:417,2,Moderate_Damage,L2_S3,-1792,1106,14852,-215,18,-126,0,-14.8
12105,20:12:26:427,2,Moderate_Damage,L2_S3,-1828,1092,14878,-212,30,-126,0,11.2
12106,20:12:26:437,2,Moderate_Damage,L2_S3,-1808,1142,14928,-221,23,-122,0,61.2
12107,20:12:26:447,2,Moderate_Damage,L2_S3,-1822,1134,14920,-219,30,-125,0,53.2
12108,20:12:26:457,2,Moderate_Damage,L2_S3,-1794,1122,14836,-216,26,-123,0,-30.8
12109,20:12:26:467,2,Moderate_Damage,L2_S3,-1794,1098,14890,-213,22,-120,0,23.2
12110,20:12:26:478,2,Moderate_Damage,L2_S3,-1810,1084,14796,-206,27,-123,0,-70.8
12111,20:12:26:487,2,Moderate_Damage,L2_S3,-1800,1130,14858,-193,36,-119,0,-8.8
12112,20:12:26:497,2,Moderate_Damage,L2_S3,-1766,1110,14742,-188,31,-114,0,-124.8
12113,20:12:26:507,2,Moderate_Damage,L2_S3,-1798,1098,14770,-183,31,-116,0,-96.8
12114,20:12:26:517,2,Moderate_Damage,L2_S3,-1810,1116,14876,-174,26,-120,0,9.2
12115,20:12:26:527,2,Moderate_Damage,L2_S3,-1784,1086,14890,-167,33,-121,0,23.2
12116,20:12:26:537,2,Moderate_Damage,L2_S3,-1844,1100,14836,-162,27,-121,0,-30.8
12117,20:12:26:547,2,Moderate_Damage,L2_S3,-1814,1116,14854,-166,34,-117,0,-12.8
12118,20:12:26:557,2,Moderate_Damage,L2_S3,-1784,1076,14888,-170,34,-120,0,21.2
12119,20:12:26:567,2,Moderate_Damage,L2_S3,-1794,1138,14872,-176,31,-118,0,5.2
12120,20:12:26:577,2,Moderate_Damage,L2_S3,-1810,1044,14932,-183,31,-115,0,65.2
12121,20:12:26:587,2,Moderate_Damage,L2_S3,-1800,1136,14844,-187,27,-126,0,-22.8
12122,20:12:26:597,2,Moderate_Damage,L2_S3,-1800,1168,14878,-193,36,-124,0,11.2
12123,20:12:26:607,2,Moderate_Damage,L2_S3,-1752,1136,14886,-209,29,-119,0,19.2
12124,20:12:26:617,2,Moderate_Damage,L2_S3,-1802,1068,14908,-212,30,-122,0,41.2
12125,20:12:26:627,2,Moderate_Damage,L2_S3,-1812,1112,14910,-217,29,-122,0,43.2
12126,20:12:26:637,2,Moderate_Damage,L2_S3,-1816,1152,14822,-214,33,-122,0,-44.8
12127,20:12:26:647,2,Moderate_Damage,L2_S3,-1800,1084,14794,-215,27,-119,0,-72.8
12128,20:12:26:657,2,Moderate_Damage,L2_S3,-1782,1054,14828,-212,27,-123,0,-38.8
12129,20:12:26:667,2,Moderate_Damage,L2_S3,-1778,1120,14842,-213,23,-123,0,-24.8
12130,20:12:26:677,2,Moderate_Damage,L2_S3,-1818,1120,14824,-199,30,-117,0,-42.8
12131,20:12:26:687,2,Moderate_Damage,L2_S3,-1750,1144,14816,-194,28,-122,0,-50.8
12132,20:12:26:697,2,Moderate_Damage,L2_S3,-1848,1108,14828,-181,28,-115,0,-38.8
12133,20:12:26:707,2,Moderate_Damage,L2_S3,-1766,1068,14846,-180,28,-115,0,-20.8
12134,20:12:26:717,2,Moderate_Damage,L2_S3,-1800,1108,14820,-171,37,-110,0,-46.8
12135,20:12:26:727,2,Moderate_Damage,L2_S3,-1756,1104,14932,-170,32,-115,0,65.2
12136,20:12:26:737,2,Moderate_Damage,L2_S3,-1826,1138,14878,-163,29,-110,0,11.2
12137,20:12:26:747,2,Moderate_Damage,L2_S3,-1876,1096,14824,-168,26,-113,0,-42.8
12138,20:12:26:757,2,Moderate_Damage,L2_S3,-1724,1108,14910,-171,38,-123,0,43.2
12139,20:12:26:767,2,Moderate_Damage,L2_S3,-1832,1128,14836,-175,17,-109,0,-30.8
12140,20:12:26:777,2,Moderate_Damage,L2_S3,-1786,1108,14898,-183,38,-125,0,31.2
12141,20:12:26:787,2,Moderate_Damage,L2_S3,-1840,1144,14840,-195,24,-114,0,-26.8
12142,20:12:26:797,2,Moderate_Damage,L2_S3,-1804,1114,14950,-199,27,-123,0,83.2
12143,20:12:26:807,2,Moderate_Damage,L2_S3,-1752,1050,14860,-201,34,-123,0,-6.8
12144,20:12:26:817,2,Moderate_Damage,L2_S3,-1850,1104,14846,-213,24,-116,0,-20.8
12145,20:12:26:827,2,Moderate_Damage,L2_S3,-1722,1108,14918,-212,42,-122,0,51.2
12146,20:12:26:837,2,Moderate_Damage,L2_S3,-1840,1126,14850,-216,20,-117,0,-16.8
12147,20:12:26:847,2,Moderate_Damage,L2_S3,-1800,1114,14878,-215,38,-122,0,11.2
12148,20:12:26:857,2,Moderate_Damage,L2_S3,-1780,1136,14886,-212,35,-128,0,19.2
12149,20:12:26:867,2,Moderate_Damage,L2_S3,-1852,1098,14828,-205,18,-115,0,-38.8
12150,20:12:26:877,2,Moderate_Damage,L2_S3,-1748,1102,14904,-197,40,-129,0,37.2
12151,20:12:26:887,2,Moderate_Damage,L2_S3,-1810,1108,14758,-197,14,-112,0,-108.8
12152,20:12:26:897,2,Moderate_Damage,L2_S3,-1722,1098,14916,-190,39,-122,0,49.2
12153,20:12:26:907,2,Moderate_Damage,L2_S3,-1848,1128,14876,-181,30,-111,0,9.2
12154,20:12:26:917,2,Moderate_Damage,L2_S3,-1822,1110,14808,-170,36,-110,0,-58.8
