sample_id,timestamp,damage_level,damage_label,session,ax,ay,az,gx,gy,gz,sw420,az_zeroed
158,20:19:29:092,3,Severe_Damage,L3_S1,-1788,1122,14808,-190,29,-114,0,-57.23
159,20:19:29:102,3,Severe_Damage,L3_S1,-1834,1098,14856,-195,14,-118,0,-9.23
160,20:19:29:112,3,Severe_Damage,L3_S1,-1780,1082,14912,-186,33,-114,0,46.77
161,20:19:29:122,3,Severe_Damage,L3_S1,-1830,1084,15032,-198,23,-119,0,166.77
162,20:19:29:132,3,Severe_Damage,L3_S1,-1750,1140,14900,-181,49,-116,0,34.77
163,20:19:29:142,3,Severe_Damage,L3_S1,-1812,1104,14828,-200,27,-122,0,-37.23
164,20:19:29:152,3,Severe_Damage,L3_S1,-1792,1150,14774,-186,38,-119,0,-91.23
165,20:19:29:162,3,Severe_Damage,L3_S1,-1810,1136,14882,-190,36,-122,0,16.77
166,20:19:29:172,3,Severe_Damage,L3_S1,-1806,1130,14944,-192,26,-117,0,78.77
167,20:19:29:182,3,Severe_Damage,L3_S1,-1808,1122,14852,-187,33,-122,0,-13.23
168,20:19:29:192,3,Severe_Damage,L3_S1,-1872,1096,14852,-188,34,-120,0,-13.23
169,20:19:29:202,3,Severe_Damage,L3_S1,-1846,1148,14876,-185,32,-115,0,10.77
170,20:19:29:212,3,Severe_Damage,L3_S1,-1800,1128,14862,-185,31,-119,0,-3.23
171,20:19:29:222,3,Severe_Damage,L3_S1,-1838,1112,14894,-188,20,-119,0,28.77
172,20:19:29:232,3,Severe_Damage,L3_S1,-1764,1114,14908,-189,30,-121,0,42.77
173,20:19:29:242,3,Severe_Damage,L3_S1,-1834,1096,14836,-189,26,-110,0,-29.23
174,20:19:29:252,3,Severe_Damage,L3_S1,-1846,1106,14778,-196,25,-121,0,-87.23
175,20:19:29:262,3,Severe_Damage,L3_S1,-1794,1126,14892,-181,28,-115,0,26.77
176,20:19:29:272,3,Severe_Damage,L3_S1,-1790,1112,14864,-197,29,-113,0,-1.23
177,20:19:29:282,3,Severe_Damage,L3_S1,-1778,1066,14900,-187,33,-118,0,34.77
178,20:19:29:292,3,Severe_Damage,L3_S1,-1814,1106,14854,-195,23,-115,0,-11.23
179,20:19:29:302,3,Severe_Damage,L3_S1,-1794,1112,14910,-191,38,-119,0,44.77
180,20:19:29:312,3,Severe_Damage,L3_S1,-1846,1078,14828,-202,27,-122,0,-37.23
181,20:19:29:322,3,Severe_Damage,L3_S1,-1760,1098,14884,-197,32,-117,0,18.77
182,20:19:29:332,3,Severe_Damage,L3_S1,-1798,1084,14820,-200,31,-114,0,-45.23
183,20:19:29:342,3,Severe_Damage,L3_S1,-1828,1094,14852,-194,34,-119,0,-13.23
184,20:19:29:352,3,Severe_Damage,L3_S1,-1834,1126,14808,-198,33,-121,0,-57.23
185,20:19:29:362,3,Severe_Damage,L3_S1,-1798,1130,14888,-193,29,-121,0,22.77
186,20:19:29:372,3,Severe_Damage,L3_S1,-1844,1062,14858,-189,25,-117,0,-7.23
187,20:19:29:382,3,Severe_Damage,L3_S1,-1822,1112,14826,-198,27,-121,0,-39.23
188,20:19:29:392,3,Severe_Damage,L3_S1,-1790,1104,14838,-189,27,-116,0,-27.23
189,20:19:29:402,3,Severe_Damage,L3_S1,-1762,1072,14828,-196,27,-122,0,-37.23
190,20:19:29:412,3,Severe_Damage,L3_S1,-1810,1126,14848,-188,32,-116,0,-17.23
191,20:19:29:422,3,Severe_Damage,L3_S1,-1796,1064,14812,-191,40,-120,0,-53.23
192,20:19:29:432,3,Severe_Damage,L3_S1,-1768,1096,14824,-188,32,-110,0,-41.23
193,20:19:29:442,3,Severe_Damage,L3_S1,-1828,1094,14882,-192,28,-122,0,16.77
194,20:19:29:452,3,Severe_Damage,L3_S1,-1842,1108,14900,-189,28,-118,0,34.77
195,20:19:29:462,3,Severe_Damage,L3_S1,-1778,1092,14850,-188,26,-120,0,-15.23
196,20:19:29:472,3,Severe_Damage,L3_S1,-1778,1072,14828,-192,30,-119,0,-37.23
197,20:19:29:482,3,Severe_Damage,L3_S1,-1804,1104,14852,-193,34,-122,0,-13.23
198,20:19:29:492,3,Severe_Damage,L3_S1,-1802,1080,14820,-188,33,-126,0,-45.23
199,20:19:29:502,3,Severe_Damage,L3_S1,-1792,1102,14872,-188,37,-130,0,6.77
200,20:19:29:512,3,Severe_Damage,L3_S1,-1826,1080,14898,-191,27,-118,0,32.77
201,20:19:29:522,3,Severe_Damage,L3_S1,-1800,1098,14890,-201,33,-115,0,24.77
202,20:19:29:532,3,Severe_Damage,L3_S1,-1834,1132,14892,-187,37,-114,0,26.77
203,20:19:29:542,3,Severe_Damage,L3_S1,-1790,1122,14940,-203,24,-118,0,74.77
204,20:19:29:552,3,Severe_Damage,L3_S1,-1790,1120,14842,-186,41,-116,0,-23.23
205,20:19:29:562,3,Severe_Damage,L3_S1,-1814,1044,14852,-202,15,-117,0,-13.23
206,20:19:29:572,3,Severe_Damage,L3_S1,-1806,1084,14896,-186,35,-120,0,30.77
207,20:19:29:582,3,Severe_Damage,L3_S1,-1798,1142,14882,-197,18,-127,0,16.77
208,20:19:29:592,3,Severe_Damage,L3_S1,-1866,1098,14812,-178,32,-117,0,-53.23
209,20:19:29:602,3,Severe_Damage,L3_S1,-1800,1076,14854,-188,30,-124,0,-11.23
210,20:19:29:612,3,Severe_Damage,L3_S1,-1842,1100,14820,-185,30,-112,0,-45.23
211,20:19:29:622,3,Severe_Damage,L3_S1,-1758,1102,14802,-191,30,-122,0,-63.23
212,20:19:29:632,3,Severe_Damage,L3_S1,-1838,1114,14790,-194,33,-120,0,-75.23
213,20:19:29:642,3,Severe_Damage,L3_S1,-1816,1078,14812,-193,29,-118,0,-53.23
214,20:19:29:652,3,Severe_Damage,L3_S1,-1824,1110,14892,-194,40,-118,0,26.77
215,20:19:29:662,3,Severe_Damage,L3_S1,-1864,1102,14860,-189,32,-113,0,-5.23
216,20:19:29:672,3,Severe_Damage,L3_S1,-1816,1138,14804,-194,32,-117,0,-61.23
217,20:19:29:682,3,Severe_Damage,L3_S1,-1882,1128,14800,-189,27,-117,0,-65.23
218,20:19:29:692,3,Severe_Damage,L3_S1,-1766,1072,14922,-198,24,-113,0,56.77
219,20:19:29:702,3,Severe_Damage,L3_S1,-1816,1140,14828,-180,34,-112,0,-37.23
220,20:19:29:712,3,Severe_Damage,L3_S1,-1808,1104,14848,-203,29,-117,0,-17.23
221,20:19:29:722,3,Severe_Damage,L3_S1,-1810,1106,14886,-183,30,-115,0,20.77
222,20:19:29:732,3,Severe_Damage,L3_S1,-1794,1088,14856,-193,29,-116,0,-9.23
223,20:19:29:742,3,Severe_Damage,L3_S1,-1804,1120,14894,-180,30,-114,0,28.77
224,20:19:29:752,3,Severe_Damage,L3_S1,-1832,1090,14914,-196,24,-124,0,48.77
225,20:19:29:762,3,Severe_Damage,L3_S1,-1834,1140,14884,-183,32,-121,0,18.77
226,20:19:29:772,3,Severe_Damage,L3_S1,-1814,1084,14844,-194,30,-118,0,-21.23
227,20:19:29:782,3,Severe_Damage,L3_S1,-1736,1068,14858,-181,33,-113,0,-7.23
228,20:19:29:792,3,Severe_Damage,L3_S1,-1790,1128,14850,-193,26,-117,0,-15.23
229,20:19:29:802,3,Severe_Damage,L3_S1,-1780,1086,14828,-187,31,-115,0,-37.23
230,20:19:29:812,3,Severe_Damage,L3_S1,-1800,1106,14868,-193,22,-120,0,2.77
231,20:19:29:822,3,Severe_Damage,L3_S1,-1864,1098,14896,-191,34,-121,0,30.77
232,20:19:29:832,3,Severe_Damage,L3_S1,-1776,1094,14884,-195,23,-121,0,18.77
233,20:19:29:842,3,Severe_Damage,L3_S1,-1822,1096,14832,-195,35,-113,0,-33.23
234,20:19:29:852,3,Severe_Damage,L3_S1,-1812,1074,14782,-188,28,-114,0,-83.23
235,20:19:29:862,3,Severe_Damage,L3_S1,-1866,1110,14820,-193,29,-118,0,-45.23
236,20:19:29:872,3,Severe_Damage,L3_S1,-1834,1056,14848,-192,24,-117,0,-17.23
237,20:19:29:882,3,Severe_Damage,L3_S1,-1784,1066,14862,-189,31,-113,0,-3.23
238,20:19:29:892,3,Severe_Damage,L3_S1,-1786,1140,14824,-188,31,-113,0,-41.23
239,20:19:29:902,3,Severe_Damage,L3_S1,-1784,1128,14900,-195,38,-121,0,34.77
240,20:19:29:912,3,Severe_Damage,L3_S1,-1840,1136,14852,-197,32,-112,0,-13.23
241,20:19:29:922,3,Severe_Damage,L3_S1,-1796,1080,14886,-193,32,-114,0,20.77
242,20:19:29:932,3,Severe_Damage,L3_S1,-1806,1156,14834,-191,30,-122,0,-31.23
243,20:19:29:942,3,Severe_Damage,L3_S1,-1814,1156,14924,-191,32,-124,0,58.77
244,20:19:29:952,3,Severe_Damage,L3_S1,-1802,1140,14834,-188,29,-122,0,-31.23
245,20:19:29:962,3,Severe_Damage,L3_S1,-1818,1132,14888,-189,30,-117,0,22.77
246,20:19:29:972,3,Severe_Damage,L3_S1,-1798,1100,14842,-188,29,-117,0,-23.23
247,20:19:29:982,3,Severe_Damage,L3_S1,-1788,1092,14892,-185,34,-124,0,26.77
248,20:19:29:992,3,Severe_Damage,L3_S1,-1822,1086,14846,-189,34,-115,0,-19.23
249,20:19:30:002,3,Severe_Damage,L3_S1,-1812,1092,14876,-188,27,-121,0,10.77
250,20:19:30:012,3,Severe_Damage,L3_S1,-1824,1068,14854,-191,34,-119,0,-11.23
251,20:19:30:022,3,Severe_Damage,L3_S1,-1824,1088,14848,-188,29,-115,0,-17.23
252,20:19:30:032,3,Severe_Damage,L3_S1,-1792,1062,14936,-184,39,-125,0,70.77
253,20:19:30:042,3,Severe_Damage,L3_S1,-1796,1090,14808,-195,20,-119,0,-57.23
254,20:19:30:052,3,Severe_Damage,L3_S1,-1838,1090,14842,-189,35,-118,0,-23.23
255,20:19:30:062,3,Severe_Damage,L3_S1,-1814,1092,14922,-192,24,-118,0,56.77
256,20:19:30:072,3,Severe_Damage,L3_S1,-1862,1120,14896,-192,36,-119,0,30.77
257,20:19:30:082,3,Severe_Damage,L3_S1,-1846,1094,14872,-194,30,-116,0,6.77
258,20:19:30:092,3,Severe_Damage,L3_S1,-1852,1080,14854,-191,32,-112,0,-11.23
259,20:19:30:102,3,Severe_Damage,L3_S1,-1824,1086,14812,-190,35,-113,0,-53.23
260,20:19:30:112,3,Severe_Damage,L3_S1,-1816,1118,14894,-193,34,-118,0,28.77
261,20:19:30:122,3,Severe_Damage,L3_S1,-1834,1082,14824,-196,36,-124,0,-41.23
262,20:19:30:132,3,Severe_Damage,L3_S1,-1806,1028,14840,-198,31,-124,0,-25.23
263,20:19:30:142,3,Severe_Damage,L3_S1,-1844,1158,14862,-182,22,-120,0,-3.23
264,20:19:30:152,3,Severe_Damage,L3_S1,-1790,1096,14818,-194,40,-119,0,-47.23
265,20:19:30:162,3,Severe_Damage,L3_S1,-1800,1130,14862,-186,25,-118,0,-3.23
266,20:19:30:172,3,Severe_Damage,L3_S1,-1824,1114,14816,-196,36,-121,0,-49.23
267,20:19:30:182,3,Severe_Damage,L3_S1,-1812,1082,14804,-181,29,-115,0,-61.23
268,20:19:30:192,3,Severe_Damage,L3_S1,-1772,1062,14900,-197,32,-118,0,34.77
269,20:19:30:202,3,Severe_Damage,L3_S1,-1870,1122,14912,-179,35,-118,0,46.77
270,20:19:30:212,3,Severe_Damage,L3_S1,-1790,1068,14920,-204,23,-122,0,54.77
271,20:19:30:222,3,Severe_Damage,L3_S1,-1806,1118,14874,-178,42,-120,0,8.77
272,20:19:30:232,3,Severe_Damage,L3_S1,-1810,1114,14850,-198,22,-119,0,-15.23
273,20:19:30:242,3,Severe_Damage,L3_S1,-1770,1132,14896,-179,38,-115,0,30.77
274,20:19:30:252,3,Severe_Damage,L3_S1,-1850,1124,14874,-202,20,-114,0,8.77
275,20:19:30:262,3,Severe_Damage,L3_S1,-1816,1068,14890,-191,26,-115,0,24.77
276,20:19:30:272,3,Severe_Damage,L3_S1,-1800,1102,14906,-198,26,-117,0,40.77
277,20:19:30:282,3,Severe_Damage,L3_S1,-1802,1112,14836,-188,30,-118,0,-29.23
278,20:19:30:292,3,Severe_Damage,L3_S1,-1808,1100,14914,-197,24,-126,0,48.77
279,20:19:30:302,3,Severe_Damage,L3_S1,-1828,1096,14816,-191,29,-121,0,-49.23
280,20:19:30:312,3,Severe_Damage,L3_S1,-1856,1138,14874,-197,33,-120,0,8.77
281,20:19:30:322,3,Severe_Damage,L3_S1,-1798,1144,14826,-189,32,-126,0,-39.23
282,20:19:30:332,3,Severe_Damage,L3_S1,-1840,1152,14822,-189,31,-120,0,-43.23
283,20:19:30:342,3,Severe_Damage,L3_S1,-1752,1096,14884,-196,35,-125,0,18.77
284,20:19:30:352,3,Severe_Damage,L3_S1,-1806,1102,14778,-188,16,-118,0,-87.23
285,20:19:30:362,3,Severe_Damage,L3_S1,-1798,1088,14836,-192,32,-122,0,-29.23
286,20:19:30:372,3,Severe_Damage,L3_S1,-1812,1102,14916,-187,25,-114,0,50.77
287,20:19:30:382,3,Severe_Damage,L3_S1,-1762,1088,14822,-195,34,-116,0,-43.23
288,20:19:30:392,3,Severe_Damage,L3_S1,-1792,1118,14814,-184,34,-116,0,-51.23
289,20:19:30:402,3,Severe_Damage,L3_S1,-1832,1108,14818,-195,21,-113,0,-47.23
290,20:19:30:412,3,Severe_Damage,L3_S1,-1796,1148,14834,-187,33,-117,0,-31.23
291,20:19:30:422,3,Severe_Damage,L3_S1,-1818,1072,14908,-188,25,-115,0,42.77
292,20:19:30:432,3,Severe_Damage,L3_S1,-1818,1084,14946,-184,37,-120,0,80.77
293,20:19:30:442,3,Severe_Damage,L3_S1,-1792,1084,14896,-193,27,-119,0,30.77
294,20:19:30:452,3,Severe_Damage,L3_S1,-1814,1082,14840,-191,24,-118,0,-25.23
295,20:19:30:462,3,Severe_Damage,L3_S1,-1830,1100,14822,-192,37,-125,0,-43.23
296,20:19:30:472,3,Severe_Damage,L3_S1,-1796,1082,14910,-191,31,-123,0,44.77
297,20:19:30:482,3,Severe_Damage,L3_S1,-1774,1090,14832,-197,33,-124,0,-33.23
298,20:19:30:492,3,Severe_Damage,L3_S1,-1812,1086,14836,-200,24,-123,0,-29.23
299,20:19:30:502,3,Severe_Damage,L3_S1,-1788,1126,14826,-194,32,-122,0,-39.23
300,20:19:30:512,3,Severe_Damage,L3_S1,-1816,1134,14892,-199,30,-110,0,26.77
301,20:19:30:522,3,Severe_Damage,L3_S1,-1808,1130,14878,-189,25,-116,0,12.77
302,20:19:30:532,3,Severe_Damage,L3_S1,-1798,1112,14918,-189,40,-121,0,52.77
303,20:19:30:542,3,Severe_Damage,L3_S1,-1796,1092,14866,-190,29,-112,0,0.77
304,20:19:30:552,3,Severe_Damage,L3_S1,-1814,1078,14836,-190,42,-119,0,-29.23
305,20:19:30:562,3,Severe_Damage,L3_S1,-1836,1072,14908,-192,24,-117,0,42.77
306,20:19:30:572,3,Severe_Damage,L3_S1,-1822,1092,14866,-186,30,-116,0,0.77
307,20:19:30:582,3,Severe_Damage,L3_S1,-1822,1086,14880,-187,31,-121,0,14.77
308,20:19:30:592,3,Severe_Damage,L3_S1,-1824,1102,14836,-185,26,-114,0,-29.23
309,20:19:30:602,3,Severe_Damage,L3_S1,-1762,1090,14848,-187,37,-119,0,-17.23
310,20:19:30:613,3,Severe_Damage,L3_S1,-1838,1082,14926,-196,25,-115,0,60.77
311,20:19:30:622,3,Severe_Damage,L3_S1,-1778,1130,14904,-187,37,-118,0,38.77
312,20:19:30:632,3,Severe_Damage,L3_S1,-1786,1106,14918,-196,26,-116,0,52.77
313,20:19:30:642,3,Severe_Damage,L3_S1,-1860,1120,14822,-183,32,-112,0,-43.23
314,20:19:30:652,3,Severe_Damage,L3_S1,-1770,1120,14862,-198,31,-121,0,-3.23
315,20:19:30:662,3,Severe_Damage,L3_S1,-1832,1142,14850,-191,28,-112,0,-15.23
316,20:19:30:672,3,Severe_Damage,L3_S1,-1822,1060,14830,-199,24,-120,0,-35.23
317,20:19:30:682,3,Severe_Damage,L3_S1,-1816,1102,14868,-188,32,-115,0,2.77
318,20:19:30:692,3,Severe_Damage,L3_S1,-1826,1130,14892,-202,27,-117,0,26.77
319,20:19:30:702,3,Severe_Damage,L3_S1,-1802,1090,14908,-187,34,-115,0,42.77
320,20:19:30:712,3,Severe_Damage,L3_S1,-1792,1110,14818,-201,23,-120,0,-47.23
321,20:19:30:722,3,Severe_Damage,L3_S1,-1816,1074,14866,-188,38,-118,0,0.77
322,20:19:30:732,3,Severe_Damage,L3_S1,-1828,1028,14786,-194,20,-121,0,-79.23
323,20:19:30:742,3,Severe_Damage,L3_S1,-1800,1114,14842,-183,37,-113,0,-23.23
324,20:19:30:752,3,Severe_Damage,L3_S1,-1780,1092,14816,-196,26,-122,0,-49.23
325,20:19:30:762,3,Severe_Damage,L3_S1,-1774,1130,14816,-181,32,-123,0,-49.23
326,20:19:30:772,3,Severe_Damage,L3_S1,-1780,1100,14816,-185,28,-121,0,-49.23
327,20:19:30:782,3,Severe_Damage,L3_S1,-1878,1070,14804,-188,29,-122,0,-61.23
328,20:19:30:792,3,Severe_Damage,L3_S1,-1832,1160,14820,-182,29,-116,0,-45.23
329,20:19:30:802,3,Severe_Damage,L3_S1,-1784,1068,14848,-194,46,-126,0,-17.23
330,20:19:30:812,3,Severe_Damage,L3_S1,-1792,1112,14888,-185,33,-119,0,22.77
331,20:19:30:822,3,Severe_Damage,L3_S1,-1804,1114,14864,-191,35,-116,0,-1.23
332,20:19:30:832,3,Severe_Damage,L3_S1,-1802,1120,14862,-185,26,-116,0,-3.23
333,20:19:30:842,3,Severe_Damage,L3_S1,-1806,1092,14900,-193,28,-120,0,34.77
334,20:19:30:852,3,Severe_Damage,L3_S1,-1858,1128,14862,-181,30,-117,0,-3.23
335,20:19:30:862,3,Severe_Damage,L3_S1,-1790,1094,14826,-197,30,-123,0,-39.23
336,20:19:30:872,3,Severe_Damage,L3_S1,-1802,1176,14864,-183,33,-113,0,-1.23
337,20:19:30:882,3,Severe_Damage,L3_S1,-1850,1080,14838,-201,24,-117,0,-27.23
338,20:19:30:892,3,Severe_Damage,L3_S1,-1820,1078,14864,-198,27,-120,0,-1.23
339,20:19:30:902,3,Severe_Damage,L3_S1,-1804,1110,14790,-201,20,-127,0,-75.23
340,20:19:30:913,3,Severe_Damage,L3_S1,-1836,1102,14764,-188,37,-120,0,-101.23
341,20:19:30:922,3,Severe_Damage,L3_S1,-1858,1116,14868,-196,23,-118,0,2.77
342,20:19:30:932,3,Severe_Damage,L3_S1,-1818,1130,14866,-192,29,-116,0,0.77
343,20:19:30:942,3,Severe_Damage,L3_S1,-1796,1104,14882,-191,31,-114,0,16.77
344,20:19:30:952,3,Severe_Damage,L3_S1,-1832,1168,14914,-184,27,-115,0,48.77
345,20:19:30:962,3,Severe_Damage,L3_S1,-1806,1126,14804,-182,34,-119,0,-61.23
346,20:19:30:972,3,Severe_Damage,L3_S1,-1804,1140,14854,-194,30,-123,0,-11.23
347,20:19:30:982,3,Severe_Damage,L3_S1,-1810,1104,14898,-186,25,-120,0,32.77
348,20:19:30:992,3,Severe_Damage,L3_S1,-1784,1108,14820,-188,36,-124,0,-45.23
349,20:19:31:002,3,Severe_Damage,L3_S1,-1842,1066,14840,-185,26,-122,0,-25.23
350,20:19:31:012,3,Severe_Damage,L3_S1,-1786,1116,14870,-189,36,-117,0,4.77
351,20:19:31:022,3,Severe_Damage,L3_S1,-1790,1102,14836,-188,24,-117,0,-29.23
352,20:19:31:032,3,Severe_Damage,L3_S1,-1808,1110,14918,-191,30,-122,0,52.77
353,20:19:31:042,3,Severe_Damage,L3_S1,-1766,1122,14844,-193,23,-111,0,-21.23
354,20:19:31:052,3,Severe_Damage,L3_S1,-1818,1110,14810,-206,31,-119,0,-55.23
355,20:19:31:062,3,Severe_Damage,L3_S1,-1820,1108,14882,-197,34,-115,0,16.77
356,20:19:31:072,3,Severe_Damage,L3_S1,-1796,1118,14912,-193,28,-116,0,46.77
357,20:19:31:083,3,Severe_Damage,L3_S1,-1772,1110,14800,-196,32,-114,0,-65.23
358,20:19:31:092,3,Severe_Damage,L3_S1,-1814,1106,14816,-192,35,-119,0,-49.23
359,20:19:31:102,3,Severe_Damage,L3_S1,-1796,1094,14870,-194,35,-116,0,4.77
360,20:19:31:112,3,Severe_Damage,L3_S1,-1808,1134,14848,-198,30,-121,0,-17.23
361,20:19:31:122,3,Severe_Damage,L3_S1,-1782,1074,14796,-199,35,-125,0,-69.23
362,20:19:31:132,3,Severe_Damage,L3_S1,-1802,1102,14878,-197,30,-122,0,12.77
363,20:19:31:142,3,Severe_Damage,L3_S1,-1844,1096,14810,-183,39,-116,0,-55.23
364,20:19:31:152,3,Severe_Damage,L3_S1,-1818,1102,14898,-193,27,-119,0,32.77
365,20:19:31:162,3,Severe_Damage,L3_S1,-1818,1116,14866,-189,36,-118,0,0.77
366,20:19:31:172,3,Severe_Damage,L3_S1,-1826,1158,14892,-199,22,-119,0,26.77
367,20:19:31:182,3,Severe_Damage,L3_S1,-1796,1084,14896,-190,35,-124,0,30.77
368,20:19:31:192,3,Severe_Damage,L3_S1,-1814,1064,14832,-191,26,-114,0,-33.23
369,20:19:31:202,3,Severe_Damage,L3_S1,-1820,1088,14860,-185,41,-121,0,-5.23
370,20:19:31:212,3,Severe_Damage,L3_S1,-1828,1080,14810,-194,28,-119,0,-55.23
371,20:19:31:222,3,Severe_Damage,L3_S1,-1802,1130,14878,-189,38,-117,0,12.77
372,20:19:31:232,3,Severe_Damage,L3_S1,-1806,1112,14830,-199,33,-115,0,-35.23
373,20:19:31:242,3,Severe_Damage,L3_S1,-1812,1126,14822,-193,30,-119,0,-43.23
374,20:19:31:252,3,Severe_Damage,L3_S1,-1778,1100,14834,-196,30,-119,0,-31.23
375,20:19:31:262,3,Severe_Damage,L3_S1,-1798,1118,14874,-190,31,-121,0,8.77
376,20:19:31:272,3,Severe_Damage,L3_S1,-1768,1124,14876,-193,32,-113,0,10.77
377,20:19:31:282,3,Severe_Damage,L3_S1,-1810,1104,14918,-198,24,-116,0,52.77
378,20:19:31:292,3,Severe_Damage,L3_S1,-1812,1118,14746,-191,34,-114,0,-119.23
379,20:19:31:302,3,Severe_Damage,L3_S1,-1782,1028,14886,-201,27,-119,0,20.77
380,20:19:31:312,3,Severe_Damage,L3_S1,-1888,1118,14798,-189,29,-117,0,-67.23
381,20:19:31:322,3,Severe_Damage,L3_S1,-1814,1116,14840,-197,33,-123,0,-25.23
382,20:19:31:332,3,Severe_Damage,L3_S1,-1786,1092,14848,-184,26,-108,0,-17.23
383,20:19:31:342,3,Severe_Damage,L3_S1,-1840,1086,14894,-197,34,-120,0,28.77
384,20:19:31:352,3,Severe_Damage,L3_S1,-1822,1132,14918,-183,40,-109,0,52.77
385,20:19:31:362,3,Severe_Damage,L3_S1,-1850,1114,14782,-201,25,-119,0,-83.23
386,20:19:31:372,3,Severe_Damage,L3_S1,-1798,1108,14876,-188,43,-123,0,10.77
387,20:19:31:382,3,Severe_Damage,L3_S1,-1820,1112,14882,-200,21,-124,0,16.77
388,20:19:31:392,3,Severe_Damage,L3_S1,-1796,1076,14844,-185,28,-121,0,-21.23
389,20:19:31:402,3,Severe_Damage,L3_S1,-1816,1120,14892,-190,32,-125,0,26.77
390,20:19:31:412,3,Severe_Damage,L3_S1,-1830,1108,14922,-187,30,-116,0,56.77
391,20:19:31:422,3,Severe_Damage,L3_S1,-1790,1116,14880,-192,29,-120,0,14.77
392,20:19:31:432,3,Severe_Damage,L3_S1,-1814,1112,14872,-192,32,-111,0,6.77
393,20:19:31:442,3,Severe_Damage,L3_S1,-1856,1082,14932,-187,25,-120,0,66.77
394,20:19:31:452,3,Severe_Damage,L3_S1,-1862,1084,14920,-191,33,-123,0,54.77
395,20:19:31:462,3,Severe_Damage,L3_S1,-1854,1152,14884,-195,24,-121,0,18.77
396,20:19:31:472,3,Severe_Damage,L3_S1,-1768,1092,14894,-199,34,-123,0,28.77
397,20:19:31:482,3,Severe_Damage,L3_S1,-1784,1118,14818,-192,24,-118,0,-47.23
398,20:19:31:492,3,Severe_Damage,L3_S1,-1862,1116,14814,-196,33,-124,0,-51.23
399,20:19:31:502,3,Severe_Damage,L3_S1,-1818,1130,14894,-195,22,-121,0,28.77
400,20:19:31:512,3,Severe_Damage,L3_S1,-1798,1114,14870,-196,34,-116,0,4.77
401,20:19:31:522,3,Severe_Damage,L3_S1,-1818,1116,14950,-190,35,-118,0,84.77
402,20:19:31:532,3,Severe_Damage,L3_S1,-1826,1082,14892,-195,29,-117,0,26.77
403,20:19:31:542,3,Severe_Damage,L3_S1,-1790,1102,14860,-190,29,-115,0,-5.23
404,20:19:31:552,3,Severe_Damage,L3_S1,-1814,1062,14916,-197,27,-119,0,50.77
405,20:19:31:562,3,Severe_Damage,L3_S1,-1804,1110,14906,-192,28,-120,0,40.77
406,20:19:31:572,3,Severe_Damage,L3_S1,-1828,1106,14904,-184,35,-115,0,38.77
407,20:19:31:582,3,Severe_Damage,L3_S1,-1760,1088,14806,-192,37,-119,0,-59.23
408,20:19:31:592,3,Severe_Damage,L3_S1,-1822,1100,14846,-192,33,-115,0,-19.23
409,20:19:31:602,3,Severe_Damage,L3_S1,-1836,1098,14846,-191,31,-117,0,-19.23
410,20:19:31:612,3,Severe_Damage,L3_S1,-1824,1126,14782,-192,34,-119,0,-83.23
411,20:19:31:622,3,Severe_Damage,L3_S1,-1830,1094,14848,-188,29,-114,0,-17.23
412,20:19:31:632,3,Severe_Damage,L3_S1,-1806,1096,14872,-189,34,-118,0,6.77
413,20:19:31:642,3,Severe_Damage,L3_S1,-1852,1132,14936,-185,31,-121,0,70.77
414,20:19:31:652,3,Severe_Damage,L3_S1,-1800,1072,14862,-188,22,-118,0,-3.23
415,20:19:31:662,3,Severe_Damage,L3_S1,-1798,1116,14836,-185,34,-115,0,-29.23
416,20:19:31:672,3,Severe_Damage,L3_S1,-1788,1126,14890,-198,17,-111,0,24.77
417,20:19:31:682,3,Severe_Damage,L3_S1,-1834,1136,14878,-185,34,-121,0,12.77
418,20:19:31:692,3,Severe_Damage,L3_S1,-1822,1080,14778,-191,25,-120,0,-87.23
419,20:19:31:702,3,Severe_Damage,L3_S1,-1834,1100,14836,-189,39,-116,0,-29.23
420,20:19:31:712,3,Severe_Damage,L3_S1,-1816,1058,14906,-193,30,-121,0,40.77
421,20:19:31:722,3,Severe_Damage,L3_S1,-1820,1140,14872,-195,28,-113,0,6.77
422,20:19:31:732,3,Severe_Damage,L3_S1,-1782,1096,14916,-187,37,-117,0,50.77
423,20:19:31:742,3,Severe_Damage,L3_S1,-1832,1124,14878,-195,24,-111,0,12.77
424,20:19:31:752,3,Severe_Damage,L3_S1,-1836,1084,14880,-186,33,-116,0,14.77
425,20:19:31:762,3,Severe_Damage,L3_S1,-1842,1074,14846,-201,24,-118,0,-19.23
426,20:19:31:772,3,Severe_Damage,L3_S1,-1842,1114,14864,-182,29,-113,0,-1.23
427,20:19:31:782,3,Severe_Damage,L3_S1,-1818,1084,14858,-194,32,-125,0,-7.23
428,20:19:31:792,3,Severe_Damage,L3_S1,-1824,1112,14854,-177,25,-111,0,-11.23
429,20:19:31:802,3,Severe_Damage,L3_S1,-1816,1080,14838,-196,26,-120,0,-27.23
430,20:19:31:812,3,Severe_Damage,L3_S1,-1874,1132,14816,-177,30,-116,0,-49.23
431,20:19:31:822,3,Severe_Damage,L3_S1,-1776,1082,14816,-199,25,-120,0,-49.23
432,20:19:31:832,3,Severe_Damage,L3_S1,-1822,1118,14864,-180,46,-121,0,-1.23
433,20:19:31:842,3,Severe_Damage,L3_S1,-1774,1068,14836,-205,22,-121,0,-29.23
434,20:19:31:852,3,Severe_Damage,L3_S1,-1820,1102,14832,-179,30,-115,0,-33.23
435,20:19:31:862,3,Severe_Damage,L3_S1,-1830,1096,14896,-194,20,-122,0,30.77
436,20:19:31:872,3,Severe_Damage,L3_S1,-1808,1116,14902,-184,33,-121,0,36.77
437,20:19:31:882,3,Severe_Damage,L3_S1,-1776,1098,14948,-196,24,-117,0,82.77
438,20:19:31:892,3,Severe_Damage,L3_S1,-1820,1112,14892,-192,32,-123,0,26.77
439,20:19:31:902,3,Severe_Damage,L3_S1,-1800,1106,14902,-189,30,-120,0,36.77
440,20:19:31:912,3,Severe_Damage,L3_S1,-1866,1130,14852,-189,32,-114,0,-13.23
441,20:19:31:922,3,Severe_Damage,L3_S1,-1792,1122,14904,-195,32,-121,0,38.77
442,20:19:31:932,3,Severe_Damage,L3_S1,-1838,1132,14868,-198,27,-123,0,2.77
443,20:19:31:942,3,Severe_Damage,L3_S1,-1806,1086,14814,-190,31,-113,0,-51.23
444,20:19:31:952,3,Severe_Damage,L3_S1,-1826,1052,14880,-201,37,-124,0,14.77
445,20:19:31:962,3,Severe_Damage,L3_S1,-1834,1114,14810,-181,23,-107,0,-55.23
446,20:19:31:972,3,Severe_Damage,L3_S1,-1796,1122,14908,-201,33,-118,0,42.77
447,20:19:31:982,3,Severe_Damage,L3_S1,-1850,1144,14900,-189,20,-114,0,34.77
448,20:19:31:992,3,Severe_Damage,L3_S1,-1800,1094,14836,-186,32,-117,0,-29.23
449,20:19:32:002,3,Severe_Damage,L3_S1,-1814,1122,14886,-181,29,-108,0,20.77
450,20:19:32:012,3,Severe_Damage,L3_S1,-1820,1084,14900,-195,30,-115,0,34.77
451,20:19:32:022,3,Severe_Damage,L3_S1,-1792,1110,14900,-183,37,-112,0,34.77
452,20:19:32:032,3,Severe_Damage,L3_S1,-1808,1070,14882,-195,21,-113,0,16.77
453,20:19:32:042,3,Severe_Damage,L3_S1,-1830,1130,14900,-189,30,-116,0,34.77
454,20:19:32:052,3,Severe_Damage,L3_S1,-1794,1126,14876,-189,27,-114,0,10.77
455,20:19:32:062,3,Severe_Damage,L3_S1,-1838,1090,14844,-186,32,-113,0,-21.23
456,20:19:32:072,3,Severe_Damage,L3_S1,-1794,1110,14850,-192,31,-112,0,-15.23
457,20:19:32:082,3,Severe_Damage,L3_S1,-1780,1094,14876,-199,13,-113,0,10.77
458,20:19:32:092,3,Severe_Damage,L3_S1,-1794,1068,14882,-191,35,-121,0,16.77
459,20:19:32:102,3,Severe_Damage,L3_S1,-1804,1066,14822,-197,18,-115,0,-43.23
460,20:19:32:112,3,Severe_Damage,L3_S1,-1788,1134,14880,-197,37,-122,0,14.77
461,20:19:32:122,3,Severe_Damage,L3_S1,-1816,1082,14870,-203,31,-128,0,4.77
462,20:19:32:132,3,Severe_Damage,L3_S1,-1844,1080,14822,-189,24,-115,0,-43.23
463,20:19:32:142,3,Severe_Damage,L3_S1,-1756,1082,14858,-191,46,-125,0,-7.23
464,20:19:32:152,3,Severe_Damage,L3_S1,-1824,1118,14874,-191,27,-121,0,8.77
465,20:19:32:162,3,Severe_Damage,L3_S1,-1778,1122,14862,-194,34,-124,0,-3.23
466,20:19:32:172,3,Severe_Damage,L3_S1,-1778,1066,14850,-190,33,-120,0,-15.23
467,20:19:32:183,3,Severe_Damage,L3_S1,-1812,1098,14858,-187,32,-117,0,-7.23
468,20:19:32:192,3,Severe_Damage,L3_S1,-1814,1098,14872,-194,24,-118,0,6.77
469,20:19:32:202,3,Severe_Damage,L3_S1,-1848,1100,14876,-188,29,-119,0,10.77
470,20:19:32:212,3,Severe_Damage,L3_S1,-1778,1076,14920,-195,35,-117,0,54.77
471,20:19:32:222,3,Severe_Damage,L3_S1,-1832,1102,14856,-183,36,-121,0,-9.23
472,20:19:32:232,3,Severe_Damage,L3_S1,-1832,1126,14924,-197,24,-119,0,58.77
473,20:19:32:242,3,Severe_Damage,L3_S1,-1804,1148,14874,-181,33,-124,0,8.77
474,20:19:32:252,3,Severe_Damage,L3_S1,-1840,1106,14896,-187,25,-119,0,30.77
475,20:19:32:262,3,Severe_Damage,L3_S1,-1800,1086,14864,-186,41,-123,0,-1.23
476,20:19:32:272,3,Severe_Damage,L3_S1,-1802,1060,14896,-196,20,-119,0,30.77
477,20:19:32:283,3,Severe_Damage,L3_S1,-1886,1206,14878,-197,21,-118,0,12.77
478,20:19:32:293,3,Severe_Damage,L3_S1,-1748,1058,14858,-187,33,-126,0,-7.23
479,20:19:32:302,3,Severe_Damage,L3_S1,-1844,1116,14876,-195,31,-116,0,10.77
480,20:19:32:312,3,Severe_Damage,L3_S1,-1842,1084,14834,-195,32,-113,0,-31.23
481,20:19:32:322,3,Severe_Damage,L3_S1,-1768,1112,14900,-191,37,-117,0,34.77
482,20:19:32:332,3,Severe_Damage,L3_S1,-1844,1108,14830,-192,22,-115,0,-35.23
483,20:19:32:342,3,Severe_Damage,L3_S1,-1792,1072,14880,-194,31,-122,0,14.77
484,20:19:32:353,3,Severe_Damage,L3_S1,-1850,1092,14832,-185,26,-112,0,-33.23
485,20:19:32:362,3,Severe_Damage,L3_S1,-1850,1126,14878,-195,22,-125,0,12.77
486,20:19:32:372,3,Severe_Damage,L3_S1,-1798,1122,14854,-171,51,-125,0,-11.23
487,20:19:32:382,3,Severe_Damage,L3_S1,-1812,1100,14822,-198,9,-114,0,-43.23
488,20:19:32:392,3,Severe_Damage,L3_S1,-1794,1114,14868,-182,46,-123,0,2.77
489,20:19:32:402,3,Severe_Damage,L3_S1,-1818,1096,14866,-194,18,-121,0,0.77
490,20:19:32:412,3,Severe_Damage,L3_S1,-1858,1128,14866,-187,24,-113,0,0.77
491,20:19:32:422,3,Severe_Damage,L3_S1,-1760,1096,14820,-186,36,-122,0,-45.23
492,20:19:32:432,3,Severe_Damage,L3_S1,-1800,1098,14926,-196,24,-120,0,60.77
493,20:19:32:442,3,Severe_Damage,L3_S1,-1850,1116,14838,-192,39,-114,0,-27.23
494,20:19:32:452,3,Severe_Damage,L3_S1,-1796,1108,14890,-197,27,-123,0,24.77
495,20:19:32:462,3,Severe_Damage,L3_S1,-1832,1124,14884,-193,33,-117,0,18.77
496,20:19:32:472,3,Severe_Damage,L3_S1,-1852,1066,14890,-192,33,-121,0,24.77
497,20:19:32:482,3,Severe_Damage,L3_S1,-1844,1130,14836,-191,17,-122,0,-29.23
498,20:19:32:492,3,Severe_Damage,L3_S1,-1808,1116,14890,-196,41,-123,0,24.77
499,20:19:32:502,3,Severe_Damage,L3_S1,-1822,1112,14844,-195,21,-113,0,-21.23
500,20:19:32:512,3,Severe_Damage,L3_S1,-1800,1104,14890,-194,32,-118,0,24.77
501,20:19:32:522,3,Severe_Damage,L3_S1,-1802,1106,14852,-187,24,-123,0,-13.23
502,20:19:32:532,3,Severe_Damage,L3_S1,-1802,1112,14824,-193,30,-118,0,-41.23
503,20:19:32:542,3,Severe_Damage,L3_S1,-1752,1116,14852,-187,36,-121,0,-13.23
504,20:19:32:552,3,Severe_Damage,L3_S1,-1808,1140,14926,-193,18,-119,0,60.77
505,20:19:32:562,3,Severe_Damage,L3_S1,-1748,1086,14820,-187,36,-120,0,-45.23
506,20:19:32:572,3,Severe_Damage,L3_S1,-1844,1084,14898,-189,20,-115,0,32.77
507,20:19:32:582,3,Severe_Damage,L3_S1,-1786,1118,14880,-184,25,-119,0,14.77
508,20:19:32:592,3,Severe_Damage,L3_S1,-1802,1070,14852,-190,31,-121,0,-13.23
509,20:19:32:602,3,Severe_Damage,L3_S1,-1810,1074,14834,-190,22,-115,0,-31.23
510,20:19:32:612,3,Severe_Damage,L3_S1,-1754,1118,14838,-187,29,-120,0,-27.23
511,20:19:32:622,3,Severe_Damage,L3_S1,-1816,1094,14756,-192,22,-115,0,-109.23
512,20:19:32:632,3,Severe_Damage,L3_S1,-1814,1128,14832,-192,34,-118,0,-33.23
513,20:19:32:642,3,Severe_Damage,L3_S1,-1790,1088,14866,-189,35,-120,0,0.77
514,20:19:32:652,3,Severe_Damage,L3_S1,-1842,1050,14892,-195,21,-118,0,26.77
515,20:19:32:662,3,Severe_Damage,L3_S1,-1788,1112,14908,-191,43,-121,0,42.77
516,20:19:32:672,3,Severe_Damage,L3_S1,-1832,1078,14898,-199,17,-113,0,32.77
517,20:19:32:682,3,Severe_Damage,L3_S1,-1800,1104,14920,-188,33,-127,0,54.77
518,20:19:32:692,3,Severe_Damage,L3_S1,-1830,1074,14796,-195,25,-122,0,-69.23
519,20:19:32:702,3,Severe_Damage,L3_S1,-1862,1116,14878,-191,20,-126,0,12.77
520,20:19:32:712,3,Severe_Damage,L3_S1,-1786,1106,14864,-191,27,-118,0,-1.23
521,20:19:32:722,3,Severe_Damage,L3_S1,-1848,1116,14852,-192,27,-113,0,-13.23
522,20:19:32:732,3,Severe_Damage,L3_S1,-1806,1062,14804,-185,34,-118,0,-61.23
523,20:19:32:742,3,Severe_Damage,L3_S1,-1798,1088,14878,-188,24,-117,0,12.77
524,20:19:32:752,3,Severe_Damage,L3_S1,-1866,1096,14908,-186,28,-122,0,42.77
525,20:19:32:762,3,Severe_Damage,L3_S1,-1784,1076,14880,-189,31,-122,0,14.77
526,20:19:32:772,3,Severe_Damage,L3_S1,-1866,1100,14922,-184,21,-114,0,56.77
527,20:19:32:782,3,Severe_Damage,L3_S1,-1832,1076,14818,-184,32,-116,0,-47.23
528,20:19:32:792,3,Severe_Damage,L3_S1,-1826,1064,14854,-189,23,-120,0,-11.23
529,20:19:32:802,3,Severe_Damage,L3_S1,-1832,1106,14858,-190,36,-124,0,-7.23
530,20:19:32:812,3,Severe_Damage,L3_S1,-1814,1124,14832,-190,31,-122,0,-33.23
531,20:19:32:823,3,Severe_Damage,L3_S1,-1792,1124,14866,-192,30,-119,0,0.77
532,20:19:32:832,3,Severe_Damage,L3_S1,-1844,1118,14868,-190,35,-119,0,2.77
533,20:19:32:842,3,Severe_Damage,L3_S1,-1820,1080,14884,-197,30,-119,0,18.77
534,20:19:32:852,3,Severe_Damage,L3_S1,-1802,1102,14934,-188,36,-120,0,68.77
535,20:19:32:863,3,Severe_Damage,L3_S1,-1834,1106,14876,-196,30,-119,0,10.77
536,20:19:32:873,3,Severe_Damage,L3_S1,-1798,1066,14896,-194,27,-121,0,30.77
537,20:19:32:883,3,Severe_Damage,L3_S1,-1826,1088,14880,-193,34,-117,0,14.77
538,20:19:32:892,3,Severe_Damage,L3_S1,-1784,1092,14844,-190,30,-116,0,-21.23
539,20:19:32:902,3,Severe_Damage,L3_S1,-1872,1118,14870,-192,26,-109,0,4.77
540,20:19:32:912,3,Severe_Damage,L3_S1,-1824,1112,14846,-190,38,-123,0,-19.23
541,20:19:32:923,3,Severe_Damage,L3_S1,-1822,1120,14844,-200,34,-120,0,-21.23
542,20:19:32:932,3,Severe_Damage,L3_S1,-1846,1072,14802,-193,26,-119,0,-63.23
543,20:19:32:943,3,Severe_Damage,L3_S1,-1790,1118,14820,-188,33,-115,0,-45.23
544,20:19:32:952,3,Severe_Damage,L3_S1,-1822,1124,14832,-196,26,-110,0,-33.23
545,20:19:32:963,3,Severe_Damage,L3_S1,-1822,1068,14856,-191,39,-121,0,-9.23
546,20:19:32:973,3,Severe_Damage,L3_S1,-1842,1108,14880,-188,24,-118,0,14.77
547,20:19:32:982,3,Severe_Damage,L3_S1,-1798,1118,14856,-190,30,-121,0,-9.23
548,20:19:32:993,3,Severe_Damage,L3_S1,-1772,1092,14950,-190,31,-115,0,84.77
549,20:19:33:002,3,Severe_Damage,L3_S1,-1868,1054,14902,-194,14,-114,0,36.77
550,20:19:33:012,3,Severe_Damage,L3_S1,-1770,1096,14948,-191,40,-118,0,82.77
551,20:19:33:022,3,Severe_Damage,L3_S1,-1856,1112,14890,-193,26,-120,0,24.77
552,20:19:33:032,3,Severe_Damage,L3_S1,-1830,1112,14866,-187,38,-117,0,0.77
553,20:19:33:042,3,Severe_Damage,L3_S1,-1806,1076,14920,-195,32,-122,0,54.77
554,20:19:33:053,3,Severe_Damage,L3_S1,-1838,1116,14822,-193,23,-119,0,-43.23
555,20:19:33:062,3,Severe_Damage,L3_S1,-1764,1136,14938,-192,37,-124,0,72.77
556,20:19:33:072,3,Severe_Damage,L3_S1,-1804,1070,14870,-191,26,-113,0,4.77
557,20:19:33:082,3,Severe_Damage,L3_S1,-1810,1090,14834,-197,38,-123,0,-31.23
558,20:19:33:092,3,Severe_Damage,L3_S1,-1820,1076,14850,-193,35,-123,0,-15.23
559,20:19:33:103,3,Severe_Damage,L3_S1,-1840,1094,14770,-193,22,-124,0,-95.23
560,20:19:33:112,3,Severe_Damage,L3_S1,-1836,1058,14864,-192,34,-122,0,-1.23
561,20:19:33:122,3,Severe_Damage,L3_S1,-1852,1090,14878,-193,27,-121,0,12.77
562,20:19:33:133,3,Severe_Damage,L3_S1,-1802,1098,14850,-195,36,-126,0,-15.23
563,20:19:33:142,3,Severe_Damage,L3_S1,-1800,1136,14862,-189,32,-117,0,-3.23
564,20:19:33:153,3,Severe_Damage,L3_S1,-1796,1102,14838,-191,33,-116,0,-27.23
565,20:19:33:163,3,Severe_Damage,L3_S1,-1770,1104,14910,-189,28,-112,0,44.77
566,20:19:33:172,3,Severe_Damage,L3_S1,-1842,1056,14934,-188,26,-116,0,68.77
567,20:19:33:183,3,Severe_Damage,L3_S1,-1800,1096,14856,-191,29,-117,0,-9.23
568,20:19:33:192,3,Severe_Damage,L3_S1,-1810,1140,14932,-194,27,-122,0,66.77
569,20:19:33:203,3,Severe_Damage,L3_S1,-1852,1118,14826,-187,28,-122,0,-39.23
570,20:19:33:212,3,Severe_Damage,L3_S1,-1788,1098,14886,-190,28,-121,0,20.77
571,20:19:33:222,3,Severe_Damage,L3_S1,-1830,1100,14822,-191,27,-118,0,-43.23
572,20:19:33:233,3,Severe_Damage,L3_S1,-1804,1112,14796,-193,34,-118,0,-69.23
573,20:19:33:242,3,Severe_Damage,L3_S1,-1766,1112,14804,-188,22,-124,0,-61.23
574,20:19:33:252,3,Severe_Damage,L3_S1,-1778,1090,14756,-191,27,-122,0,-109.23
575,20:19:33:262,3,Severe_Damage,L3_S1,-1786,1066,14834,-196,24,-115,0,-31.23
576,20:19:33:272,3,Severe_Damage,L3_S1,-1768,1086,14896,-194,29,-114,0,30.77
577,20:19:33:282,3,Severe_Damage,L3_S1,-1812,1126,14862,-195,31,-119,0,-3.23
578,20:19:33:292,3,Severe_Damage,L3_S1,-1838,1088,14892,-197,33,-117,0,26.77
579,20:19:33:302,3,Severe_Damage,L3_S1,-1784,1072,14846,-193,38,-116,0,-19.23
580,20:19:33:313,3,Severe_Damage,L3_S1,-1836,1068,14868,-192,28,-120,0,2.77
581,20:19:33:323,3,Severe_Damage,L3_S1,-1788,1074,14884,-185,34,-120,0,18.77
582,20:19:33:333,3,Severe_Damage,L3_S1,-1818,1060,14798,-193,25,-116,0,-67.23
583,20:19:33:343,3,Severe_Damage,L3_S1,-1830,1074,14812,-190,23,-122,0,-53.23
584,20:19:33:353,3,Severe_Damage,L3_S1,-1794,1090,14842,-186,33,-124,0,-23.23
585,20:19:33:363,3,Severe_Damage,L3_S1,-1792,1058,14864,-190,26,-119,0,-1.23
586,20:19:33:373,3,Severe_Damage,L3_S1,-1764,1112,14898,-191,28,-121,0,32.77
587,20:19:33:383,3,Severe_Damage,L3_S1,-1802,1114,14860,-193,25,-115,0,-5.23
588,20:19:33:392,3,Severe_Damage,L3_S1,-1768,1150,14858,-193,28,-123,0,-7.23
589,20:19:33:403,3,Severe_Damage,L3_S1,-1764,1132,14822,-191,32,-121,0,-43.23
590,20:19:33:413,3,Severe_Damage,L3_S1,-1796,1108,14836,-192,30,-117,0,-29.23
591,20:19:33:423,3,Severe_Damage,L3_S1,-1798,1122,14824,-193,38,-119,0,-41.23
592,20:19:33:433,3,Severe_Damage,L3_S1,-1790,1106,14904,-194,33,-118,0,38.77
593,20:19:33:443,3,Severe_Damage,L3_S1,-1812,1108,14870,-197,34,-116,0,4.77
594,20:19:33:453,3,Severe_Damage,L3_S1,-1834,1094,14916,-196,30,-118,0,50.77
595,20:19:33:462,3,Severe_Damage,L3_S1,-1822,1114,14906,-194,24,-123,0,40.77
596,20:19:33:473,3,Severe_Damage,L3_S1,-1838,1124,14880,-188,21,-118,0,14.77
597,20:19:33:482,3,Severe_Damage,L3_S1,-1800,1146,14876,-193,17,-116,0,10.77
598,20:19:33:493,3,Severe_Damage,L3_S1,-1806,1112,14882,-193,38,-122,0,16.77
599,20:19:33:502,3,Severe_Damage,L3_S1,-1780,1142,14810,-195,25,-119,0,-55.23
600,20:19:33:513,3,Severe_Damage,L3_S1,-1808,1104,14892,-195,41,-119,0,26.77
601,20:19:33:522,3,Severe_Damage,L3_S1,-1760,1078,14876,-194,31,-116,0,10.77
602,20:19:33:533,3,Severe_Damage,L3_S1,-1824,1066,14860,-187,36,-117,0,-5.23
603,20:19:33:543,3,Severe_Damage,L3_S1,-1828,1126,14898,-195,29,-116,0,32.77
604,20:19:33:553,3,Severe_Damage,L3_S1,-1756,1124,14830,-192,36,-112,0,-35.23
605,20:19:33:563,3,Severe_Damage,L3_S1,-1794,1080,14858,-192,37,-119,0,-7.23
606,20:19:33:573,3,Severe_Damage,L3_S1,-1828,1072,14886,-190,34,-122,0,20.77
607,20:19:33:583,3,Severe_Damage,L3_S1,-1804,1088,14904,-192,30,-121,0,38.77
608,20:19:33:593,3,Severe_Damage,L3_S1,-1834,1104,14826,-190,34,-117,0,-39.23
609,20:19:33:603,3,Severe_Damage,L3_S1,-1778,1082,14946,-188,26,-119,0,80.77
610,20:19:33:613,3,Severe_Damage,L3_S1,-1800,1120,14848,-189,33,-118,0,-17.23
611,20:19:33:623,3,Severe_Damage,L3_S1,-1820,1102,14878,-191,26,-115,0,12.77
612,20:19:33:633,3,Severe_Damage,L3_S1,-1824,1116,14832,-188,30,-113,0,-33.23
613,20:19:33:643,3,Severe_Damage,L3_S1,-1852,1118,14796,-191,18,-114,0,-69.23
614,20:19:33:653,3,Severe_Damage,L3_S1,-1812,1118,14864,-190,32,-113,0,-1.23
615,20:19:33:663,3,Severe_Damage,L3_S1,-1844,1106,14872,-191,38,-115,0,6.77
616,20:19:33:673,3,Severe_Damage,L3_S1,-1844,1154,14902,-196,32,-118,0,36.77
617,20:19:33:683,3,Severe_Damage,L3_S1,-1756,1088,14876,-199,35,-118,0,10.77
618,20:19:33:693,3,Severe_Damage,L3_S1,-1850,1066,14894,-195,27,-122,0,28.77
619,20:19:33:703,3,Severe_Damage,L3_S1,-1782,1136,14786,-196,36,-121,0,-79.23
620,20:19:33:713,3,Severe_Damage,L3_S1,-1780,1080,14866,-198,33,-123,0,0.77
621,20:19:33:723,3,Severe_Damage,L3_S1,-1808,1090,14878,-189,28,-124,0,12.77
622,20:19:33:733,3,Severe_Damage,L3_S1,-1792,1106,14874,-188,23,-120,0,8.77
623,20:19:33:743,3,Severe_Damage,L3_S1,-1852,1094,14856,-190,31,-119,0,-9.23
624,20:19:33:753,3,Severe_Damage,L3_S1,-1862,1078,14874,-190,34,-126,0,8.77
625,20:19:33:763,3,Severe_Damage,L3_S1,-1776,1120,14862,-195,38,-120,0,-3.23
626,20:19:33:773,3,Severe_Damage,L3_S1,-1800,1130,14836,-189,30,-118,0,-29.23
627,20:19:33:783,3,Severe_Damage,L3_S1,-1800,1098,14840,-188,41,-118,0,-25.23
628,20:19:33:793,3,Severe_Damage,L3_S1,-1852,1080,14898,-187,34,-112,0,32.77
629,20:19:33:803,3,Severe_Damage,L3_S1,-1792,1106,14836,-195,35,-118,0,-29.23
630,20:19:33:813,3,Severe_Damage,L3_S1,-1810,1146,14802,-189,24,-117,0,-63.23
631,20:19:33:823,3,Severe_Damage,L3_S1,-1798,1104,14828,-189,27,-120,0,-37.23
632,20:19:33:833,3,Severe_Damage,L3_S1,-1808,1106,14990,-193,32,-124,0,124.77
633,20:19:33:843,3,Severe_Damage,L3_S1,-1784,1094,14884,-191,34,-123,0,18.77
634,20:19:33:853,3,Severe_Damage,L3_S1,-1828,1088,14872,-185,27,-116,0,6.77
635,20:19:33:863,3,Severe_Damage,L3_S1,-1816,1098,14870,-188,23,-117,0,4.77
636,20:19:33:873,3,Severe_Damage,L3_S1,-1840,1090,14822,-191,29,-123,0,-43.23
637,20:19:33:883,3,Severe_Damage,L3_S1,-1816,1124,14804,-191,35,-118,0,-61.23
638,20:19:33:893,3,Severe_Damage,L3_S1,-1760,1064,14932,-187,24,-120,0,66.77
639,20:19:33:903,3,Severe_Damage,L3_S1,-1772,1090,14804,-188,22,-116,0,-61.23
640,20:19:33:913,3,Severe_Damage,L3_S1,-1832,1060,14886,-188,32,-121,0,20.77
641,20:19:33:923,3,Severe_Damage,L3_S1,-1832,1116,14848,-197,28,-119,0,-17.23
642,20:19:33:933,3,Severe_Damage,L3_S1,-1808,1096,14830,-188,34,-116,0,-35.23
643,20:19:33:943,3,Severe_Damage,L3_S1,-1830,1102,14818,-189,30,-119,0,-47.23
644,20:19:33:953,3,Severe_Damage,L3_S1,-1822,1130,14840,-189,25,-115,0,-25.23
645,20:19:33:963,3,Severe_Damage,L3_S1,-1804,1062,14872,-186,31,-117,0,6.77
646,20:19:33:973,3,Severe_Damage,L3_S1,-1800,1126,14864,-192,36,-123,0,-1.23
647,20:19:33:983,3,Severe_Damage,L3_S1,-1808,1106,14836,-187,25,-119,0,-29.23
648,20:19:33:993,3,Severe_Damage,L3_S1,-1816,1106,14808,-191,36,-123,0,-57.23
649,20:19:34:003,3,Severe_Damage,L3_S1,-1840,1094,14858,-195,26,-120,0,-7.23
650,20:19:34:013,3,Severe_Damage,L3_S1,-1800,1108,14870,-196,33,-120,0,4.77
651,20:19:34:023,3,Severe_Damage,L3_S1,-1764,1090,14834,-189,31,-115,0,-31.23
652,20:19:34:033,3,Severe_Damage,L3_S1,-1834,1090,14836,-192,30,-118,0,-29.23
653,20:19:34:043,3,Severe_Damage,L3_S1,-1842,1142,14846,-197,28,-122,0,-19.23
654,20:19:34:053,3,Severe_Damage,L3_S1,-1812,1126,14856,-195,26,-123,0,-9.23
655,20:19:34:063,3,Severe_Damage,L3_S1,-1824,1050,14870,-192,28,-116,0,4.77
656,20:19:34:073,3,Severe_Damage,L3_S1,-1772,1082,14818,-193,29,-121,0,-47.23
657,20:19:34:083,3,Severe_Damage,L3_S1,-1808,1130,14820,-188,27,-119,0,-45.23
658,20:19:34:093,3,Severe_Damage,L3_S1,-1828,1038,14890,-194,26,-116,0,24.77
659,20:19:34:103,3,Severe_Damage,L3_S1,-1788,1116,14892,-193,29,-118,0,26.77
660,20:19:34:113,3,Severe_Damage,L3_S1,-1794,1102,14884,-200,27,-113,0,18.77
661,20:19:34:123,3,Severe_Damage,L3_S1,-1772,1056,14920,-195,28,-119,0,54.77
662,20:19:34:133,3,Severe_Damage,L3_S1,-1796,1108,14818,-195,28,-117,0,-47.23
663,20:19:34:143,3,Severe_Damage,L3_S1,-1834,1070,14860,-191,29,-121,0,-5.23
664,20:19:34:153,3,Severe_Damage,L3_S1,-1810,1116,14896,-193,29,-123,0,30.77
665,20:19:34:163,3,Severe_Damage,L3_S1,-1836,1080,14858,-190,27,-114,0,-7.23
666,20:19:34:173,3,Severe_Damage,L3_S1,-1778,1108,14852,-189,29,-118,0,-13.23
667,20:19:34:183,3,Severe_Damage,L3_S1,-1776,1148,14934,-190,34,-119,0,68.77
668,20:19:34:193,3,Severe_Damage,L3_S1,-1828,1134,14866,-188,30,-121,0,0.77
669,20:19:34:203,3,Severe_Damage,L3_S1,-1844,1114,14878,-186,36,-120,0,12.77
670,20:19:34:213,3,Severe_Damage,L3_S1,-1834,1106,14846,-192,27,-115,0,-19.23
671,20:19:34:223,3,Severe_Damage,L3_S1,-1772,1088,14912,-193,34,-118,0,46.77
672,20:19:34:233,3,Severe_Damage,L3_S1,-1834,1094,14848,-194,25,-112,0,-17.23
673,20:19:34:243,3,Severe_Damage,L3_S1,-1834,1130,14788,-193,32,-118,0,-77.23
674,20:19:34:253,3,Severe_Damage,L3_S1,-1774,1112,14842,-188,29,-116,0,-23.23
675,20:19:34:263,3,Severe_Damage,L3_S1,-1868,1054,14864,-188,27,-113,0,-1.23
676,20:19:34:273,3,Severe_Damage,L3_S1,-1824,1096,14834,-191,33,-120,0,-31.23
677,20:19:34:283,3,Severe_Damage,L3_S1,-1782,1080,14824,-198,24,-117,0,-41.23
678,20:19:34:293,3,Severe_Damage,L3_S1,-1796,1090,14920,-189,31,-124,0,54.77
679,20:19:34:303,3,Severe_Damage,L3_S1,-1804,1110,14874,-193,30,-127,0,8.77
680,20:19:34:313,3,Severe_Damage,L3_S1,-1846,1118,14874,-187,30,-121,0,8.77
681,20:19:34:323,3,Severe_Damage,L3_S1,-1788,1094,14864,-193,27,-127,0,-1.23
682,20:19:34:333,3,Severe_Damage,L3_S1,-1820,1080,14864,-182,34,-113,0,-1.23
683,20:19:34:343,3,Severe_Damage,L3_S1,-1834,1104,14834,-193,26,-121,0,-31.23
684,20:19:34:353,3,Severe_Damage,L3_S1,-1854,1116,14816,-179,33,-118,0,-49.23
685,20:19:34:363,3,Severe_Damage,L3_S1,-1800,1130,14866,-194,22,-122,0,0.77
686,20:19:34:373,3,Severe_Damage,L3_S1,-1808,1114,14822,-184,30,-115,0,-43.23
687,20:19:34:383,3,Severe_Damage,L3_S1,-1790,1068,14812,-195,17,-117,0,-53.23
688,20:19:34:393,3,Severe_Damage,L3_S1,-1808,1104,14926,-191,28,-119,0,60.77
689,20:19:34:403,3,Severe_Damage,L3_S1,-1788,1030,14944,-199,20,-119,0,78.77
690,20:19:34:413,3,Severe_Damage,L3_S1,-1812,1092,14864,-201,23,-125,0,-1.23
691,20:19:34:423,3,Severe_Damage,L3_S1,-1814,1108,14838,-188,33,-113,0,-27.23
692,20:19:34:433,3,Severe_Damage,L3_S1,-1798,1144,14902,-193,23,-112,0,36.77
693,20:19:34:443,3,Severe_Damage,L3_S1,-1844,1112,14876,-187,33,-109,0,10.77
694,20:19:34:453,3,Severe_Damage,L3_S1,-1768,1130,14880,-198,34,-123,0,14.77
695,20:19:34:463,3,Severe_Damage,L3_S1,-1800,1124,14862,-184,40,-114,0,-3.23
696,20:19:34:473,3,Severe_Damage,L3_S1,-1842,1100,14832,-210,29,-118,0,-33.23
697,20:19:34:483,3,Severe_Damage,L3_S1,-1770,1102,14836,-186,23,-113,0,-29.23
698,20:19:34:493,3,Severe_Damage,L3_S1,-1786,1090,14886,-202,26,-117,0,20.77
699,20:19:34:503,3,Severe_Damage,L3_S1,-1860,1108,14864,-187,34,-119,0,-1.23
700,20:19:34:513,3,Severe_Damage,L3_S1,-1828,1108,14880,-202,26,-119,0,14.77
701,20:19:34:523,3,Severe_Damage,L3_S1,-1830,1138,14824,-183,37,-114,0,-41.23
702,20:19:34:533,3,Severe_Damage,L3_S1,-1800,1098,14890,-198,25,-126,0,24.77
703,20:19:34:543,3,Severe_Damage,L3_S1,-1782,1100,14818,-187,29,-121,0,-47.23
704,20:19:34:553,3,Severe_Damage,L3_S1,-1814,1096,14808,-199,24,-121,0,-57.23
705,20:19:34:563,3,Severe_Damage,L3_S1,-1808,1112,14878,-186,32,-115,0,12.77
706,20:19:34:573,3,Severe_Damage,L3_S1,-1788,1122,14918,-195,28,-113,0,52.77
707,20:19:34:583,3,Severe_Damage,L3_S1,-1778,1104,14886,-189,35,-123,0,20.77
708,20:19:34:593,3,Severe_Damage,L3_S1,-1842,1128,14922,-197,34,-119,0,56.77
709,20:19:34:603,3,Severe_Damage,L3_S1,-1784,1094,14828,-195,23,-114,0,-37.23
710,20:19:34:613,3,Severe_Damage,L3_S1,-1830,1094,14824,-194,25,-122,0,-41.23
711,20:19:34:623,3,Severe_Damage,L3_S1,-1830,1100,14866,-192,23,-121,0,0.77
712,20:19:34:633,3,Severe_Damage,L3_S1,-1846,1116,14836,-181,22,-119,0,-29.23
713,20:19:34:643,3,Severe_Damage,L3_S1,-1820,1092,14816,-187,36,-117,0,-49.23
714,20:19:34:653,3,Severe_Damage,L3_S1,-1800,1118,14840,-189,32,-115,0,-25.23
715,20:19:34:663,3,Severe_Damage,L3_S1,-1788,1048,14876,-196,36,-120,0,10.77
716,20:19:34:673,3,Severe_Damage,L3_S1,-1812,1112,14902,-192,24,-108,0,36.77
717,20:19:34:683,3,Severe_Damage,L3_S1,-1778,1058,14838,-197,32,-123,0,-27.23
718,20:19:34:693,3,Severe_Damage,L3_S1,-1796,1124,14870,-192,27,-121,0,4.77
719,20:19:34:703,3,Severe_Damage,L3_S1,-1828,1082,14858,-196,31,-118,0,-7.23
720,20:19:34:713,3,Severe_Damage,L3_S1,-1816,1086,14798,-191,28,-121,0,-67.23
721,20:19:34:723,3,Severe_Damage,L3_S1,-1828,1122,14910,-196,28,-121,0,44.77
722,20:19:34:733,3,Severe_Damage,L3_S1,-1780,1094,14872,-193,32,-120,0,6.77
723,20:19:34:743,3,Severe_Damage,L3_S1,-1748,1138,14846,-188,31,-122,0,-19.23
724,20:19:34:753,3,Severe_Damage,L3_S1,-1800,1108,14832,-189,24,-112,0,-33.23
725,20:19:34:763,3,Severe_Damage,L3_S1,-1788,1076,14862,-193,34,-121,0,-3.23
726,20:19:34:773,3,Severe_Damage,L3_S1,-1848,1070,14884,-195,26,-124,0,18.77
727,20:19:34:783,3,Severe_Damage,L3_S1,-1816,1164,14858,-183,33,-125,0,-7.23
728,20:19:34:793,3,Severe_Damage,L3_S1,-1830,1058,14916,-192,26,-122,0,50.77
729,20:19:34:803,3,Severe_Damage,L3_S1,-1774,1114,14836,-190,30,-121,0,-29.23
730,20:19:34:813,3,Severe_Damage,L3_S1,-1814,1064,14926,-189,28,-124,0,60.77
731,20:19:34:823,3,Severe_Damage,L3_S1,-1874,1110,14870,-189,30,-120,0,4.77
732,20:19:34:833,3,Severe_Damage,L3_S1,-1810,1080,14838,-191,36,-116,0,-27.23
733,20:19:34:843,3,Severe_Damage,L3_S1,-1818,1132,14896,-191,26,-113,0,30.77
734,20:19:34:853,3,Severe_Damage,L3_S1,-1816,1118,14884,-194,34,-122,0,18.77
735,20:19:34:863,3,Severe_Damage,L3_S1,-1752,1150,14878,-191,27,-116,0,12.77
736,20:19:34:873,3,Severe_Damage,L3_S1,-1816,1108,14884,-191,33,-114,0,18.77
737,20:19:34:883,3,Severe_Damage,L3_S1,-1776,1092,14920,-194,29,-121,0,54.77
738,20:19:34:893,3,Severe_Damage,L3_S1,-1826,1126,14850,-191,32,-114,0,-15.23
739,20:19:34:903,3,Severe_Damage,L3_S1,-1836,1086,14828,-193,25,-115,0,-37.23
740,20:19:34:913,3,Severe_Damage,L3_S1,-1752,1100,14884,-194,26,-125,0,18.77
741,20:19:34:923,3,Severe_Damage,L3_S1,-1830,1054,14932,-188,37,-123,0,66.77
742,20:19:34:933,3,Severe_Damage,L3_S1,-1772,1084,14826,-190,25,-117,0,-39.23
743,20:19:34:943,3,Severe_Damage,L3_S1,-1806,1070,14880,-188,32,-118,0,14.77
744,20:19:34:953,3,Severe_Damage,L3_S1,-1758,1152,14878,-198,30,-116,0,12.77
745,20:19:34:963,3,Severe_Damage,L3_S1,-1844,1116,14878,-184,33,-116,0,12.77
746,20:19:34:973,3,Severe_Damage,L3_S1,-1806,1096,14810,-198,33,-124,0,-55.23
747,20:19:34:983,3,Severe_Damage,L3_S1,-1820,1108,14802,-185,29,-113,0,-63.23
748,20:19:34:993,3,Severe_Damage,L3_S1,-1840,1100,14912,-200,31,-121,0,46.77
749,20:19:35:003,3,Severe_Damage,L3_S1,-1786,1118,14826,-183,35,-116,0,-39.23
750,20:19:35:013,3,Severe_Damage,L3_S1,-1772,1082,14852,-199,15,-116,0,-13.23
751,20:19:35:023,3,Severe_Damage,L3_S1,-1828,1082,14844,-186,36,-117,0,-21.23
752,20:19:35:033,3,Severe_Damage,L3_S1,-1812,1050,14918,-199,32,-118,0,52.77
753,20:19:35:043,3,Severe_Damage,L3_S1,-1760,1106,14842,-182,39,-116,0,-23.23
754,20:19:35:053,3,Severe_Damage,L3_S1,-1838,1076,14874,-196,28,-120,0,8.77
755,20:19:35:063,3,Severe_Damage,L3_S1,-1822,1094,14938,-193,28,-118,0,72.77
756,20:19:35:073,3,Severe_Damage,L3_S1,-1814,1112,14848,-196,22,-122,0,-17.23
757,20:19:35:083,3,Severe_Damage,L3_S1,-1846,1072,14944,-193,31,-121,0,78.77
758,20:19:35:093,3,Severe_Damage,L3_S1,-1804,1130,14864,-190,22,-126,0,-1.23
759,20:19:35:103,3,Severe_Damage,L3_S1,-1806,1070,14854,-196,29,-121,0,-11.23
760,20:19:35:113,3,Severe_Damage,L3_S1,-1782,1116,14772,-191,32,-114,0,-93.23
761,20:19:35:123,3,Severe_Damage,L3_S1,-1818,1102,14814,-197,38,-121,0,-51.23
762,20:19:35:133,3,Severe_Damage,L3_S1,-1820,1078,14854,-191,29,-121,0,-11.23
763,20:19:35:143,3,Severe_Damage,L3_S1,-1788,1128,14924,-188,35,-126,0,58.77
764,20:19:35:153,3,Severe_Damage,L3_S1,-1814,1116,14870,-180,29,-113,0,4.77
765,20:19:35:163,3,Severe_Damage,L3_S1,-1828,1100,14828,-195,27,-120,0,-37.23
766,20:19:35:173,3,Severe_Damage,L3_S1,-1810,1140,14796,-178,30,-111,0,-69.23
767,20:19:35:183,3,Severe_Damage,L3_S1,-1838,1082,14832,-198,32,-119,0,-33.23
768,20:19:35:193,3,Severe_Damage,L3_S1,-1856,1140,14890,-188,30,-115,0,24.77
769,20:19:35:203,3,Severe_Damage,L3_S1,-1772,1070,14912,-193,27,-118,0,46.77
770,20:19:35:213,3,Severe_Damage,L3_S1,-1800,1098,14890,-189,32,-119,0,24.77
771,20:19:35:223,3,Severe_Damage,L3_S1,-1816,1108,14914,-195,38,-122,0,48.77
772,20:19:35:233,3,Severe_Damage,L3_S1,-1806,1096,14864,-187,27,-122,0,-1.23
773,20:19:35:243,3,Severe_Damage,L3_S1,-1842,1094,14844,-194,34,-119,0,-21.23
774,20:19:35:253,3,Severe_Damage,L3_S1,-1776,1058,14826,-194,27,-120,0,-39.23
775,20:19:35:263,3,Severe_Damage,L3_S1,-1820,1080,14834,-198,33,-117,0,-31.23
776,20:19:35:273,3,Severe_Damage,L3_S1,-1786,1112,14896,-200,23,-119,0,30.77
777,20:19:35:283,3,Severe_Damage,L3_S1,-1818,1108,14870,-188,31,-124,0,4.77
778,20:19:35:293,3,Severe_Damage,L3_S1,-1816,1076,14876,-195,31,-122,0,10.77
779,20:19:35:303,3,Severe_Damage,L3_S1,-1828,1072,14908,-188,28,-117,0,42.77
780,20:19:35:313,3,Severe_Damage,L3_S1,-1836,1094,14902,-195,31,-120,0,36.77
781,20:19:35:323,3,Severe_Damage,L3_S1,-1860,1088,14858,-194,24,-115,0,-7.23
782,20:19:35:333,3,Severe_Damage,L3_S1,-1768,1070,14840,-199,34,-122,0,-25.23
783,20:19:35:343,3,Severe_Damage,L3_S1,-1828,1136,14896,-194,26,-121,0,30.77
784,20:19:35:353,3,Severe_Damage,L3_S1,-1806,1102,14904,-188,30,-122,0,38.77
785,20:19:35:363,3,Severe_Damage,L3_S1,-1798,1112,14822,-186,25,-121,0,-43.23
786,20:19:35:373,3,Severe_Damage,L3_S1,-1804,1088,14870,-190,33,-121,0,4.77
787,20:19:35:383,3,Severe_Damage,L3_S1,-1790,1058,14876,-191,29,-116,0,10.77
788,20:19:35:393,3,Severe_Damage,L3_S1,-1816,1134,14866,-194,31,-115,0,0.77
789,20:19:35:403,3,Severe_Damage,L3_S1,-1804,1116,14916,-190,29,-119,0,50.77
790,20:19:35:413,3,Severe_Damage,L3_S1,-1800,1124,14842,-192,32,-117,0,-23.23
791,20:19:35:423,3,Severe_Damage,L3_S1,-1794,1048,14898,-193,26,-118,0,32.77
792,20:19:35:433,3,Severe_Damage,L3_S1,-1834,1140,14818,-192,26,-123,0,-47.23
793,20:19:35:443,3,Severe_Damage,L3_S1,-1846,1100,14844,-185,34,-115,0,-21.23
794,20:19:35:453,3,Severe_Damage,L3_S1,-1802,1072,14866,-192,30,-119,0,0.77
795,20:19:35:463,3,Severe_Damage,L3_S1,-1810,1056,14854,-184,33,-119,0,-11.23
796,20:19:35:473,3,Severe_Damage,L3_S1,-1830,1084,14860,-200,24,-116,0,-5.23
797,20:19:35:483,3,Severe_Damage,L3_S1,-1786,1128,14886,-189,34,-107,0,20.77
798,20:19:35:493,3,Severe_Damage,L3_S1,-1802,1134,14868,-199,31,-116,0,2.77
799,20:19:35:503,3,Severe_Damage,L3_S1,-1820,1138,14900,-186,37,-118,0,34.77
800,20:19:35:513,3,Severe_Damage,L3_S1,-1824,1090,14872,-202,29,-118,0,6.77
801,20:19:35:523,3,Severe_Damage,L3_S1,-1822,1080,14858,-194,26,-113,0,-7.23
802,20:19:35:533,3,Severe_Damage,L3_S1,-1754,1132,14852,-190,25,-121,0,-13.23
803,20:19:35:543,3,Severe_Damage,L3_S1,-1794,1094,14878,-190,34,-117,0,12.77
804,20:19:35:553,3,Severe_Damage,L3_S1,-1788,1068,14898,-198,24,-122,0,32.77
805,20:19:35:563,3,Severe_Damage,L3_S1,-1790,1064,14854,-196,25,-112,0,-11.23
806,20:19:35:573,3,Severe_Damage,L3_S1,-1804,1100,14886,-188,28,-120,0,20.77
807,20:19:35:583,3,Severe_Damage,L3_S1,-1806,1076,14862,-192,34,-123,0,-3.23
808,20:19:35:593,3,Severe_Damage,L3_S1,-1812,1116,14870,-181,21,-123,0,4.77
809,20:19:35:603,3,Severe_Damage,L3_S1,-1828,1082,14816,-194,32,-122,0,-49.23
810,20:19:35:613,3,Severe_Damage,L3_S1,-1846,1088,14916,-181,21,-118,0,50.77
811,20:19:35:623,3,Severe_Damage,L3_S1,-1832,1096,14916,-201,37,-115,0,50.77
812,20:19:35:633,3,Severe_Damage,L3_S1,-1780,1144,14854,-185,29,-116,0,-11.23
813,20:19:35:643,3,Severe_Damage,L3_S1,-1770,1092,14924,-200,28,-117,0,58.77
814,20:19:35:653,3,Severe_Damage,L3_S1,-1828,1126,14858,-189,34,-116,0,-7.23
815,20:19:35:663,3,Severe_Damage,L3_S1,-1784,1074,14804,-192,27,-120,0,-61.23
816,20:19:35:673,3,Severe_Damage,L3_S1,-1772,1144,14816,-185,27,-118,0,-49.23
817,20:19:35:683,3,Severe_Damage,L3_S1,-1826,1100,14864,-194,29,-117,0,-1.23
818,20:19:35:693,3,Severe_Damage,L3_S1,-1812,1138,14924,-186,36,-114,0,58.77
819,20:19:35:703,3,Severe_Damage,L3_S1,-1820,1102,14862,-194,36,-117,0,-3.23
820,20:19:35:713,3,Severe_Damage,L3_S1,-1780,1096,14838,-187,27,-120,0,-27.23
821,20:19:35:723,3,Severe_Damage,L3_S1,-1810,1140,14878,-191,32,-121,0,12.77
822,20:19:35:733,3,Severe_Damage,L3_S1,-1822,1068,14846,-194,36,-121,0,-19.23
823,20:19:35:743,3,Severe_Damage,L3_S1,-1776,1080,14876,-194,35,-119,0,10.77
824,20:19:35:753,3,Severe_Damage,L3_S1,-1804,1112,14880,-191,34,-119,0,14.77
825,20:19:35:763,3,Severe_Damage,L3_S1,-1800,1142,14892,-190,36,-117,0,26.77
826,20:19:35:773,3,Severe_Damage,L3_S1,-1792,1080,14894,-190,33,-118,0,28.77
827,20:19:35:783,3,Severe_Damage,L3_S1,-1822,1088,14912,-188,36,-108,0,46.77
828,20:19:35:793,3,Severe_Damage,L3_S1,-1766,1078,14910,-194,28,-116,0,44.77
829,20:19:35:803,3,Severe_Damage,L3_S1,-1850,1102,14864,-188,26,-110,0,-1.23
830,20:19:35:813,3,Severe_Damage,L3_S1,-1800,1110,14874,-194,32,-115,0,8.77
831,20:19:35:823,3,Severe_Damage,L3_S1,-1838,1088,14826,-187,28,-122,0,-39.23
832,20:19:35:833,3,Severe_Damage,L3_S1,-1802,1112,14878,-190,29,-117,0,12.77
833,20:19:35:843,3,Severe_Damage,L3_S1,-1838,1090,14878,-196,28,-119,0,12.77
834,20:19:35:853,3,Severe_Damage,L3_S1,-1828,1112,14864,-190,28,-115,0,-1.23
835,20:19:35:863,3,Severe_Damage,L3_S1,-1828,1132,14910,-193,24,-114,0,44.77
836,20:19:35:873,3,Severe_Damage,L3_S1,-1828,1108,14830,-187,25,-116,0,-35.23
837,20:19:35:883,3,Severe_Damage,L3_S1,-1796,1138,14888,-190,21,-120,0,22.77
838,20:19:35:893,3,Severe_Damage,L3_S1,-1808,1128,14912,-189,32,-124,0,46.77
839,20:19:35:903,3,Severe_Damage,L3_S1,-1816,1070,14836,-197,30,-124,0,-29.23
840,20:19:35:913,3,Severe_Damage,L3_S1,-1806,1124,14824,-200,26,-117,0,-41.23
841,20:19:35:923,3,Severe_Damage,L3_S1,-1812,1092,14906,-199,29,-122,0,40.77
842,20:19:35:933,3,Severe_Damage,L3_S1,-1798,1120,14838,-198,29,-121,0,-27.23
843,20:19:35:943,3,Severe_Damage,L3_S1,-1834,1120,14832,-190,38,-121,0,-33.23
844,20:19:35:953,3,Severe_Damage,L3_S1,-1830,1118,14882,-195,28,-118,0,16.77
845,20:19:35:963,3,Severe_Damage,L3_S1,-1832,1118,14880,-190,33,-113,0,14.77
846,20:19:35:973,3,Severe_Damage,L3_S1,-1774,1118,14902,-198,20,-113,0,36.77
847,20:19:35:983,3,Severe_Damage,L3_S1,-1798,1082,14888,-183,36,-113,0,22.77
848,20:19:35:993,3,Severe_Damage,L3_S1,-1798,1100,14888,-191,26,-122,0,22.77
849,20:19:36:003,3,Severe_Damage,L3_S1,-1798,1126,14814,-191,35,-122,0,-51.23
850,20:19:36:013,3,Severe_Damage,L3_S1,-1824,1094,14882,-196,30,-112,0,16.77
851,20:19:36:023,3,Severe_Damage,L3_S1,-1814,1088,14842,-190,28,-114,0,-23.23
852,20:19:36:033,3,Severe_Damage,L3_S1,-1872,1066,14826,-191,34,-116,0,-39.23
853,20:19:36:043,3,Severe_Damage,L3_S1,-1812,1066,14840,-197,28,-126,0,-25.23
854,20:19:36:053,3,Severe_Damage,L3_S1,-1782,1136,14890,-188,25,-122,0,24.77
855,20:19:36:063,3,Severe_Damage,L3_S1,-1786,1122,14898,-194,27,-129,0,32.77
856,20:19:36:073,3,Severe_Damage,L3_S1,-1818,1048,14854,-183,32,-116,0,-11.23
857,20:19:36:083,3,Severe_Damage,L3_S1,-1780,1064,14846,-193,33,-122,0,-19.23
858,20:19:36:093,3,Severe_Damage,L3_S1,-1830,1098,14862,-183,32,-114,0,-3.23
859,20:19:36:103,3,Severe_Damage,L3_S1,-1800,1108,14888,-201,20,-121,0,22.77
860,20:19:36:113,3,Severe_Damage,L3_S1,-1798,1122,14886,-189,31,-116,0,20.77
861,20:19:36:123,3,Severe_Damage,L3_S1,-1830,1066,14844,-205,23,-126,0,-21.23
862,20:19:36:133,3,Severe_Damage,L3_S1,-1812,1124,14830,-183,33,-117,0,-35.23
863,20:19:36:143,3,Severe_Damage,L3_S1,-1798,1106,14872,-200,25,-123,0,6.77
864,20:19:36:153,3,Severe_Damage,L3_S1,-1840,1076,14882,-183,37,-117,0,16.77
865,20:19:36:163,3,Severe_Damage,L3_S1,-1818,1080,14840,-199,21,-118,0,-25.23
866,20:19:36:173,3,Severe_Damage,L3_S1,-1830,1110,14856,-191,34,-117,0,-9.23
867,20:19:36:183,3,Severe_Damage,L3_S1,-1808,1110,14840,-200,23,-122,0,-25.23
868,20:19:36:193,3,Severe_Damage,L3_S1,-1842,1102,14812,-187,27,-116,0,-53.23
869,20:19:36:203,3,Severe_Damage,L3_S1,-1848,1062,14884,-191,33,-112,0,18.77
870,20:19:36:213,3,Severe_Damage,L3_S1,-1850,1090,14858,-187,32,-112,0,-7.23
871,20:19:36:223,3,Severe_Damage,L3_S1,-1848,1070,14868,-189,28,-125,0,2.77
872,20:19:36:233,3,Severe_Damage,L3_S1,-1808,1106,14884,-189,32,-126,0,18.77
873,20:19:36:243,3,Severe_Damage,L3_S1,-1774,1108,14866,-187,24,-115,0,0.77
874,20:19:36:253,3,Severe_Damage,L3_S1,-1780,1104,14810,-187,35,-123,0,-55.23
875,20:19:36:263,3,Severe_Damage,L3_S1,-1842,1136,14858,-191,27,-122,0,-7.23
876,20:19:36:273,3,Severe_Damage,L3_S1,-1776,1112,14874,-195,29,-121,0,8.77
877,20:19:36:283,3,Severe_Damage,L3_S1,-1782,1122,14854,-184,28,-119,0,-11.23
878,20:19:36:293,3,Severe_Damage,L3_S1,-1792,1136,14884,-199,24,-121,0,18.77
879,20:19:36:303,3,Severe_Damage,L3_S1,-1824,1082,14894,-192,38,-117,0,28.77
880,20:19:36:313,3,Severe_Damage,L3_S1,-1796,1086,14838,-199,30,-127,0,-27.23
881,20:19:36:323,3,Severe_Damage,L3_S1,-1814,1096,14880,-190,29,-117,0,14.77
882,20:19:36:333,3,Severe_Damage,L3_S1,-1744,1118,14878,-198,29,-125,0,12.77
883,20:19:36:343,3,Severe_Damage,L3_S1,-1808,1150,14822,-187,22,-116,0,-43.23
884,20:19:36:353,3,Severe_Damage,L3_S1,-1804,1102,14852,-194,28,-119,0,-13.23
885,20:19:36:363,3,Severe_Damage,L3_S1,-1806,1088,14832,-192,32,-113,0,-33.23
886,20:19:36:373,3,Severe_Damage,L3_S1,-1804,1090,14916,-188,36,-120,0,50.77
887,20:19:36:383,3,Severe_Damage,L3_S1,-1806,1092,14852,-195,27,-119,0,-13.23
888,20:19:36:393,3,Severe_Damage,L3_S1,-1830,1084,14888,-189,33,-119,0,22.77
889,20:19:36:403,3,Severe_Damage,L3_S1,-1834,1112,14928,-191,30,-119,0,62.77
890,20:19:36:413,3,Severe_Damage,L3_S1,-1804,1118,14860,-187,36,-120,0,-5.23
891,20:19:36:423,3,Severe_Damage,L3_S1,-1814,1100,14864,-200,20,-118,0,-1.23
892,20:19:36:433,3,Severe_Damage,L3_S1,-1828,1112,14870,-180,38,-114,0,4.77
893,20:19:36:443,3,Severe_Damage,L3_S1,-1818,1116,14888,-197,16,-118,0,22.77
894,20:19:36:459,3,Severe_Damage,L3_S1,-1872,1142,14866,-188,34,-127,0,0.77
895,20:19:36:463,3,Severe_Damage,L3_S1,-1794,1076,14900,-195,22,-124,0,34.77
896,20:19:36:473,3,Severe_Damage,L3_S1,-1854,1076,14852,-183,35,-119,0,-13.23
897,20:19:36:483,3,Severe_Damage,L3_S1,-1768,1100,14868,-199,31,-120,0,2.77
898,20:19:36:493,3,Severe_Damage,L3_S1,-1858,1080,14910,-190,35,-124,0,44.77
899,20:19:36:503,3,Severe_Damage,L3_S1,-1812,1084,14858,-199,29,-121,0,-7.23
900,20:19:36:513,3,Severe_Damage,L3_S1,-1796,1122,14814,-197,35,-113,0,-51.23
901,20:19:36:523,3,Severe_Damage,L3_S1,-1784,1142,14852,-201,27,-113,0,-13.23
902,20:19:36:533,3,Severe_Damage,L3_S1,-1834,1088,14830,-197,33,-123,0,-35.23
903,20:19:36:543,3,Severe_Damage,L3_S1,-1834,1110,14870,-188,32,-126,0,4.77
904,20:19:36:553,3,Severe_Damage,L3_S1,-1812,1084,14932,-197,24,-120,0,66.77
905,20:19:36:563,3,Severe_Damage,L3_S1,-1836,1084,14936,-186,36,-124,0,70.77
906,20:19:36:573,3,Severe_Damage,L3_S1,-1816,1044,14836,-197,21,-123,0,-29.23
907,20:19:36:583,3,Severe_Damage,L3_S1,-1792,1078,14820,-181,34,-115,0,-45.23
908,20:19:36:593,3,Severe_Damage,L3_S1,-1816,1070,14904,-199,29,-120,0,38.77
909,20:19:36:603,3,Severe_Damage,L3_S1,-1792,1062,14868,-185,32,-114,0,2.77
910,20:19:36:613,3,Severe_Damage,L3_S1,-1816,1096,14872,-197,27,-117,0,6.77
911,20:19:36:623,3,Severe_Damage,L3_S1,-1812,1084,14860,-186,34,-122,0,-5.23
912,20:19:36:633,3,Severe_Damage,L3_S1,-1772,1112,14918,-193,23,-124,0,52.77
913,20:19:36:643,3,Severe_Damage,L3_S1,-1804,1136,14784,-180,40,-120,0,-81.23
914,20:19:36:653,3,Severe_Damage,L3_S1,-1790,1078,14860,-205,28,-121,0,-5.23
915,20:19:36:663,3,Severe_Damage,L3_S1,-1778,1150,14848,-185,38,-117,0,-17.23
916,20:19:36:673,3,Severe_Damage,L3_S1,-1820,1116,14850,-198,32,-124,0,-15.23
917,20:19:36:683,3,Severe_Damage,L3_S1,-1786,1088,14812,-186,25,-117,0,-53.23
918,20:19:36:693,3,Severe_Damage,L3_S1,-1744,1076,14894,-197,30,-118,0,28.77
919,20:19:36:703,3,Severe_Damage,L3_S1,-1800,1122,14900,-191,31,-118,0,34.77
920,20:19:36:713,3,Severe_Damage,L3_S1,-1810,1106,14872,-195,25,-122,0,6.77
921,20:19:36:724,3,Severe_Damage,L3_S1,-1810,1108,14888,-192,36,-120,0,22.77
922,20:19:36:733,3,Severe_Damage,L3_S1,-1846,1144,14894,-195,33,-116,0,28.77
923,20:19:36:744,3,Severe_Damage,L3_S1,-1780,1098,14874,-194,33,-116,0,8.77
924,20:19:36:753,3,Severe_Damage,L3_S1,-1810,1110,14836,-191,29,-120,0,-29.23
925,20:19:36:763,3,Severe_Damage,L3_S1,-1800,1132,14864,-193,25,-119,0,-1.23
926,20:19:36:773,3,Severe_Damage,L3_S1,-1808,1130,14902,-186,33,-121,0,36.77
927,20:19:36:783,3,Severe_Damage,L3_S1,-1826,1094,14870,-199,28,-115,0,4.77
928,20:19:36:793,3,Severe_Damage,L3_S1,-1824,1054,14842,-188,28,-116,0,-23.23
929,20:19:36:803,3,Severe_Damage,L3_S1,-1796,1072,14938,-195,23,-125,0,72.77
930,20:19:36:813,3,Severe_Damage,L3_S1,-1840,1104,14860,-190,32,-121,0,-5.23
931,20:19:36:823,3,Severe_Damage,L3_S1,-1798,1082,14920,-192,24,-117,0,54.77
932,20:19:36:833,3,Severe_Damage,L3_S1,-1826,1122,14916,-185,27,-119,0,50.77
933,20:19:36:843,3,Severe_Damage,L3_S1,-1818,1110,14878,-196,26,-119,0,12.77
934,20:19:36:853,3,Severe_Damage,L3_S1,-1798,1098,14858,-184,34,-120,0,-7.23
935,20:19:36:863,3,Severe_Damage,L3_S1,-1806,1082,14804,-187,32,-119,0,-61.23
936,20:19:36:873,3,Severe_Damage,L3_S1,-1810,1120,14802,-191,32,-118,0,-63.23
937,20:19:36:883,3,Severe_Damage,L3_S1,-1772,1110,14854,-192,33,-114,0,-11.23
938,20:19:36:893,3,Severe_Damage,L3_S1,-1814,1134,14810,-190,29,-109,0,-55.23
939,20:19:36:903,3,Severe_Damage,L3_S1,-1776,1086,14836,-189,38,-117,0,-29.23
940,20:19:36:913,3,Severe_Damage,L3_S1,-1822,1072,14898,-200,32,-119,0,32.77
941,20:19:36:924,3,Severe_Damage,L3_S1,-1800,1106,14872,-187,35,-118,0,6.77
942,20:19:36:933,3,Severe_Damage,L3_S1,-1806,1074,14842,-201,27,-121,0,-23.23
943,20:19:36:943,3,Severe_Damage,L3_S1,-1794,1096,14880,-179,28,-115,0,14.77
944,20:19:36:953,3,Severe_Damage,L3_S1,-1784,1108,14880,-188,32,-118,0,14.77
945,20:19:36:963,3,Severe_Damage,L3_S1,-1818,1112,14852,-192,27,-120,0,-13.23
946,20:19:36:973,3,Severe_Damage,L3_S1,-1740,1076,14890,-196,32,-122,0,24.77
947,20:19:36:983,3,Severe_Damage,L3_S1,-1790,1114,14902,-188,43,-116,0,36.77
948,20:19:36:993,3,Severe_Damage,L3_S1,-1838,1100,14888,-193,31,-123,0,22.77
949,20:19:37:004,3,Severe_Damage,L3_S1,-1794,1118,14930,-190,28,-120,0,64.77
950,20:19:37:013,3,Severe_Damage,L3_S1,-1856,1122,14880,-196,26,-123,0,14.77
951,20:19:37:023,3,Severe_Damage,L3_S1,-1752,1074,14870,-190,32,-124,0,4.77
952,20:19:37:033,3,Severe_Damage,L3_S1,-1834,1076,14866,-191,28,-120,0,0.77
953,20:19:37:043,3,Severe_Damage,L3_S1,-1844,1058,14872,-194,29,-118,0,6.77
954,20:19:37:053,3,Severe_Damage,L3_S1,-1844,1114,14822,-200,31,-120,0,-43.23
955,20:19:37:063,3,Severe_Damage,L3_S1,-1822,1118,14864,-192,35,-119,0,-1.23
956,20:19:37:073,3,Severe_Damage,L3_S1,-1838,1066,14906,-192,25,-120,0,40.77
957,20:19:37:083,3,Severe_Damage,L3_S1,-1822,1108,14804,-191,32,-131,0,-61.23
958,20:19:37:093,3,Severe_Damage,L3_S1,-1820,1120,14880,-196,26,-123,0,14.77
959,20:19:37:103,3,Severe_Damage,L3_S1,-1848,1102,14848,-183,33,-114,0,-17.23
960,20:19:37:113,3,Severe_Damage,L3_S1,-1840,1128,14864,-195,32,-120,0,-1.23
961,20:19:37:123,3,Severe_Damage,L3_S1,-1804,1084,14888,-185,32,-116,0,22.77
962,20:19:37:133,3,Severe_Damage,L3_S1,-1792,1070,14896,-194,29,-117,0,30.77
963,20:19:37:143,3,Severe_Damage,L3_S1,-1788,1128,14838,-186,35,-117,0,-27.23
964,20:19:37:153,3,Severe_Damage,L3_S1,-1816,1096,14870,-196,27,-123,0,4.77
965,20:19:37:163,3,Severe_Damage,L3_S1,-1816,1168,14816,-186,36,-118,0,-49.23
966,20:19:37:173,3,Severe_Damage,L3_S1,-1794,1108,14836,-202,23,-116,0,-29.23
967,20:19:37:183,3,Severe_Damage,L3_S1,-1866,1120,14852,-188,35,-116,0,-13.23
968,20:19:37:193,3,Severe_Damage,L3_S1,-1794,1138,14832,-196,35,-116,0,-33.23
969,20:19:37:203,3,Severe_Damage,L3_S1,-1802,1074,14794,-188,29,-113,0,-71.23
970,20:19:37:213,3,Severe_Damage,L3_S1,-1804,1144,14892,-192,27,-120,0,26.77
971,20:19:37:223,3,Severe_Damage,L3_S1,-1842,1112,14772,-194,27,-121,0,-93.23
972,20:19:37:233,3,Severe_Damage,L3_S1,-1754,1116,14888,-184,32,-120,0,22.77
973,20:19:37:243,3,Severe_Damage,L3_S1,-1822,1124,14866,-194,34,-115,0,0.77
974,20:19:37:253,3,Severe_Damage,L3_S1,-1842,1106,14838,-189,30,-118,0,-27.23
975,20:19:37:263,3,Severe_Damage,L3_S1,-1760,1078,14892,-192,31,-119,0,26.77
976,20:19:37:273,3,Severe_Damage,L3_S1,-1844,1146,14868,-185,35,-119,0,2.77
977,20:19:37:283,3,Severe_Damage,L3_S1,-1806,1094,14874,-187,30,-123,0,8.77
978,20:19:37:293,3,Severe_Damage,L3_S1,-1782,1108,14864,-185,28,-118,0,-1.23
979,20:19:37:303,3,Severe_Damage,L3_S1,-1900,1088,14870,-194,32,-113,0,4.77
980,20:19:37:313,3,Severe_Damage,L3_S1,-1804,1130,14852,-182,36,-116,0,-13.23
981,20:19:37:323,3,Severe_Damage,L3_S1,-1822,1106,14890,-191,27,-118,0,24.77
982,20:19:37:333,3,Severe_Damage,L3_S1,-1830,1064,14884,-190,36,-121,0,18.77
983,20:19:37:343,3,Severe_Damage,L3_S1,-1810,1088,14856,-195,26,-120,0,-9.23
984,20:19:37:353,3,Severe_Damage,L3_S1,-1834,1134,14850,-194,29,-109,0,-15.23
985,20:19:37:364,3,Severe_Damage,L3_S1,-1850,1102,14826,-193,26,-118,0,-39.23
986,20:19:37:373,3,Severe_Damage,L3_S1,-1816,1100,14916,-190,29,-125,0,50.77
987,20:19:37:383,3,Severe_Damage,L3_S1,-1864,1124,14780,-184,27,-121,0,-85.23
988,20:19:37:393,3,Severe_Damage,L3_S1,-1798,1088,14904,-192,37,-118,0,38.77
989,20:19:37:403,3,Severe_Damage,L3_S1,-1846,1146,14868,-193,36,-117,0,2.77
990,20:19:37:414,3,Severe_Damage,L3_S1,-1810,1112,14812,-197,29,-114,0,-53.23
991,20:19:37:424,3,Severe_Damage,L3_S1,-1840,1128,14848,-191,30,-118,0,-17.23
992,20:19:37:433,3,Severe_Damage,L3_S1,-1786,1110,14910,-193,21,-119,0,44.77
993,20:19:37:443,3,Severe_Damage,L3_S1,-1810,1114,14864,-184,43,-127,0,-1.23
994,20:19:37:453,3,Severe_Damage,L3_S1,-1828,1082,14828,-197,23,-122,0,-37.23
995,20:19:37:463,3,Severe_Damage,L3_S1,-1816,1080,14918,-190,36,-119,0,52.77
996,20:19:37:473,3,Severe_Damage,L3_S1,-1782,1084,14914,-195,32,-116,0,48.77
997,20:19:37:483,3,Severe_Damage,L3_S1,-1824,1102,14906,-194,32,-113,0,40.77
998,20:19:37:493,3,Severe_Damage,L3_S1,-1780,1066,14888,-199,40,-117,0,22.77
999,20:19:37:503,3,Severe_Damage,L3_S1,-1828,1094,14868,-195,29,-120,0,2.77
1000,20:19:37:514,3,Severe_Damage,L3_S1,-1802,1136,14886,-185,32,-119,0,20.77
1001,20:19:37:524,3,Severe_Damage,L3_S1,-1760,1054,14892,-185,28,-124,0,26.77
1002,20:19:37:534,3,Severe_Damage,L3_S1,-1810,1158,14858,-193,34,-117,0,-7.23
1003,20:19:37:543,3,Severe_Damage,L3_S1,-1788,1078,14850,-194,35,-122,0,-15.23
1004,20:19:37:554,3,Severe_Damage,L3_S1,-1814,1112,14842,-195,23,-115,0,-23.23
1005,20:19:37:564,3,Severe_Damage,L3_S1,-1802,1114,14844,-193,39,-124,0,-21.23
1006,20:19:37:574,3,Severe_Damage,L3_S1,-1820,1102,14876,-195,25,-121,0,10.77
1007,20:19:37:584,3,Severe_Damage,L3_S1,-1826,1098,14852,-184,35,-118,0,-13.23
1008,20:19:37:594,3,Severe_Damage,L3_S1,-1806,1070,14916,-190,25,-118,0,50.77
1009,20:19:37:604,3,Severe_Damage,L3_S1,-1836,1068,14886,-190,25,-116,0,20.77
1010,20:19:37:614,3,Severe_Damage,L3_S1,-1830,1132,14846,-195,36,-119,0,-19.23
1011,20:19:37:624,3,Severe_Damage,L3_S1,-1800,1124,14848,-186,26,-113,0,-17.23
1012,20:19:37:634,3,Severe_Damage,L3_S1,-1810,1130,14978,-192,30,-117,0,112.77
1013,20:19:37:644,3,Severe_Damage,L3_S1,-1804,1080,14796,-183,32,-125,0,-69.23
1014,20:19:37:654,3,Severe_Damage,L3_S1,-1774,1114,14878,-198,26,-125,0,12.77
1015,20:19:37:664,3,Severe_Damage,L3_S1,-1834,1108,14824,-196,25,-117,0,-41.23
1016,20:19:37:674,3,Severe_Damage,L3_S1,-1780,1076,14824,-197,27,-119,0,-41.23
1017,20:19:37:684,3,Severe_Damage,L3_S1,-1806,1070,14870,-186,34,-117,0,4.77
1018,20:19:37:694,3,Severe_Damage,L3_S1,-1836,1086,14850,-194,22,-122,0,-15.23
1019,20:19:37:704,3,Severe_Damage,L3_S1,-1796,1146,14812,-187,30,-121,0,-53.23
1020,20:19:37:714,3,Severe_Damage,L3_S1,-1798,1080,14830,-189,32,-113,0,-35.23
1021,20:19:37:724,3,Severe_Damage,L3_S1,-1766,1076,14838,-195,31,-126,0,-27.23
1022,20:19:37:734,3,Severe_Damage,L3_S1,-1832,1124,14846,-189,33,-118,0,-19.23
1023,20:19:37:744,3,Severe_Damage,L3_S1,-1834,1076,14862,-196,24,-120,0,-3.23
1024,20:19:37:754,3,Severe_Damage,L3_S1,-1768,1126,14918,-187,28,-120,0,52.77
1025,20:19:37:764,3,Severe_Damage,L3_S1,-1822,1090,14886,-202,21,-119,0,20.77
1026,20:19:37:774,3,Severe_Damage,L3_S1,-1834,1092,14836,-185,42,-118,0,-29.23
1027,20:19:37:784,3,Severe_Damage,L3_S1,-1838,1118,14874,-199,24,-118,0,8.77
1028,20:19:37:794,3,Severe_Damage,L3_S1,-1792,1128,14848,-182,32,-117,0,-17.23
1029,20:19:37:804,3,Severe_Damage,L3_S1,-1792,1120,14870,-193,29,-125,0,4.77
1030,20:19:37:814,3,Severe_Damage,L3_S1,-1848,1122,14896,-185,31,-115,0,30.77
1031,20:19:37:824,3,Severe_Damage,L3_S1,-1812,1070,14808,-191,29,-115,0,-57.23
1032,20:19:37:834,3,Severe_Damage,L3_S1,-1814,1096,14856,-183,28,-118,0,-9.23
1033,20:19:37:844,3,Severe_Damage,L3_S1,-1814,1090,14910,-199,30,-121,0,44.77
1034,20:19:37:854,3,Severe_Damage,L3_S1,-1804,1094,14896,-191,34,-120,0,30.77
1035,20:19:37:864,3,Severe_Damage,L3_S1,-1832,1138,14842,-193,29,-116,0,-23.23
1036,20:19:37:874,3,Severe_Damage,L3_S1,-1872,1080,14892,-192,31,-120,0,26.77
1037,20:19:37:884,3,Severe_Damage,L3_S1,-1820,1094,14860,-189,27,-120,0,-5.23
1038,20:19:37:894,3,Severe_Damage,L3_S1,-1812,1066,14814,-197,29,-122,0,-51.23
1039,20:19:37:904,3,Severe_Damage,L3_S1,-1856,1094,14860,-189,34,-122,0,-5.23
1040,20:19:37:914,3,Severe_Damage,L3_S1,-1808,1100,14832,-202,25,-120,0,-33.23
1041,20:19:37:924,3,Severe_Damage,L3_S1,-1788,1086,14826,-187,34,-121,0,-39.23
1042,20:19:37:934,3,Severe_Damage,L3_S1,-1808,1128,14860,-193,28,-118,0,-5.23
1043,20:19:37:944,3,Severe_Damage,L3_S1,-1846,1086,14888,-186,33,-114,0,22.77
1044,20:19:37:954,3,Severe_Damage,L3_S1,-1792,1110,14866,-194,23,-119,0,0.77
1045,20:19:37:964,3,Severe_Damage,L3_S1,-1826,1138,14840,-197,35,-120,0,-25.23
1046,20:19:37:974,3,Severe_Damage,L3_S1,-1812,1092,14894,-200,21,-121,0,28.77
1047,20:19:37:984,3,Severe_Damage,L3_S1,-1812,1106,14904,-190,30,-120,0,38.77
1048,20:19:37:994,3,Severe_Damage,L3_S1,-1826,1110,14868,-196,31,-115,0,2.77
1049,20:19:38:004,3,Severe_Damage,L3_S1,-1820,1136,14824,-188,25,-117,0,-41.23
1050,20:19:38:014,3,Severe_Damage,L3_S1,-1816,1124,14932,-191,34,-113,0,66.77
1051,20:19:38:024,3,Severe_Damage,L3_S1,-1802,1094,14922,-192,25,-120,0,56.77
1052,20:19:38:034,3,Severe_Damage,L3_S1,-1794,1084,14948,-188,28,-123,0,82.77
1053,20:19:38:044,3,Severe_Damage,L3_S1,-1826,1118,14818,-194,33,-119,0,-47.23
1054,20:19:38:054,3,Severe_Damage,L3_S1,-1806,1162,14868,-188,27,-117,0,2.77
1055,20:19:38:064,3,Severe_Damage,L3_S1,-1852,1084,14930,-196,31,-117,0,64.77
1056,20:19:38:074,3,Severe_Damage,L3_S1,-1858,1106,14856,-195,28,-113,0,-9.23
1057,20:19:38:084,3,Severe_Damage,L3_S1,-1800,1088,14852,-188,35,-121,0,-13.23
1058,20:19:38:094,3,Severe_Damage,L3_S1,-1816,1090,14908,-195,27,-123,0,42.77
1059,20:19:38:104,3,Severe_Damage,L3_S1,-1826,1144,14866,-193,31,-117,0,0.77
1060,20:19:38:114,3,Severe_Damage,L3_S1,-1740,1106,14892,-196,28,-118,0,26.77
1061,20:19:38:124,3,Severe_Damage,L3_S1,-1812,1114,14864,-192,27,-114,0,-1.23
1062,20:19:38:134,3,Severe_Damage,L3_S1,-1820,1068,14844,-191,34,-129,0,-21.23
1063,20:19:38:144,3,Severe_Damage,L3_S1,-1802,1158,14876,-185,32,-121,0,10.77
1064,20:19:38:154,3,Severe_Damage,L3_S1,-1832,1144,14842,-195,30,-124,0,-23.23
1065,20:19:38:164,3,Severe_Damage,L3_S1,-1806,1094,14870,-190,26,-117,0,4.77
1066,20:19:38:174,3,Severe_Damage,L3_S1,-1802,1110,14890,-192,26,-120,0,24.77
1067,20:19:38:184,3,Severe_Damage,L3_S1,-1872,1096,14924,-187,28,-125,0,58.77
1068,20:19:38:194,3,Severe_Damage,L3_S1,-1872,1104,14864,-196,36,-120,0,-1.23
1069,20:19:38:204,3,Severe_Damage,L3_S1,-1852,1118,14818,-186,37,-124,0,-47.23
1070,20:19:38:214,3,Severe_Damage,L3_S1,-1816,1104,14834,-196,29,-120,0,-31.23
1071,20:19:38:224,3,Severe_Damage,L3_S1,-1796,1126,14880,-181,36,-124,0,14.77
1072,20:19:38:234,3,Severe_Damage,L3_S1,-1824,1120,14840,-196,23,-117,0,-25.23
1073,20:19:38:244,3,Severe_Damage,L3_S1,-1836,1112,14856,-186,37,-118,0,-9.23
1074,20:19:38:254,3,Severe_Damage,L3_S1,-1768,1066,14852,-205,21,-120,0,-13.23
1075,20:19:38:264,3,Severe_Damage,L3_S1,-1850,1114,14856,-186,29,-120,0,-9.23
1076,20:19:38:274,3,Severe_Damage,L3_S1,-1814,1096,14842,-201,28,-119,0,-23.23
1077,20:19:38:284,3,Severe_Damage,L3_S1,-1786,1076,14854,-182,36,-127,0,-11.23
1078,20:19:38:294,3,Severe_Damage,L3_S1,-1800,1092,14846,-195,25,-119,0,-19.23
1079,20:19:38:304,3,Severe_Damage,L3_S1,-1826,1074,14894,-178,41,-125,0,28.77
1080,20:19:38:314,3,Severe_Damage,L3_S1,-1768,1112,14866,-192,30,-123,0,0.77
1081,20:19:38:324,3,Severe_Damage,L3_S1,-1826,1138,14804,-192,34,-129,0,-61.23
1082,20:19:38:334,3,Severe_Damage,L3_S1,-1800,1090,14854,-195,28,-126,0,-11.23
1083,20:19:38:344,3,Severe_Damage,L3_S1,-1776,1048,14850,-190,30,-120,0,-15.23
1084,20:19:38:354,3,Severe_Damage,L3_S1,-1846,1086,14882,-195,34,-114,0,16.77
1085,20:19:38:364,3,Severe_Damage,L3_S1,-1822,1068,14844,-193,28,-119,0,-21.23
1086,20:19:38:374,3,Severe_Damage,L3_S1,-1838,1076,14922,-191,32,-111,0,56.77
1087,20:19:38:384,3,Severe_Damage,L3_S1,-1820,1086,14904,-195,35,-115,0,38.77
1088,20:19:38:394,3,Severe_Damage,L3_S1,-1814,1078,14862,-181,32,-117,0,-3.23
1089,20:19:38:404,3,Severe_Damage,L3_S1,-1812,1068,14884,-191,28,-122,0,18.77
1090,20:19:38:414,3,Severe_Damage,L3_S1,-1830,1098,14860,-187,35,-121,0,-5.23
1091,20:19:38:424,3,Severe_Damage,L3_S1,-1850,1068,14862,-202,29,-122,0,-3.23
1092,20:19:38:434,3,Severe_Damage,L3_S1,-1842,1124,14868,-183,42,-120,0,2.77
1093,20:19:38:444,3,Severe_Damage,L3_S1,-1788,1068,14810,-195,27,-126,0,-55.23
1094,20:19:38:454,3,Severe_Damage,L3_S1,-1766,1114,14862,-185,31,-117,0,-3.23
1095,20:19:38:464,3,Severe_Damage,L3_S1,-1796,1144,14844,-189,31,-118,0,-21.23
1096,20:19:38:474,3,Severe_Damage,L3_S1,-1836,1124,14772,-191,32,-120,0,-93.23
1097,20:19:38:484,3,Severe_Damage,L3_S1,-1830,1110,14874,-195,36,-118,0,8.77
1098,20:19:38:494,3,Severe_Damage,L3_S1,-1758,1060,14872,-194,30,-120,0,6.77
1099,20:19:38:504,3,Severe_Damage,L3_S1,-1858,1100,14870,-194,35,-121,0,4.77
1100,20:19:38:514,3,Severe_Damage,L3_S1,-1814,1076,14900,-190,27,-121,0,34.77
1101,20:19:38:524,3,Severe_Damage,L3_S1,-1826,1132,14844,-186,27,-116,0,-21.23
1102,20:19:38:534,3,Severe_Damage,L3_S1,-1844,1058,14826,-194,25,-124,0,-39.23
1103,20:19:38:544,3,Severe_Damage,L3_S1,-1804,1076,14868,-187,31,-111,0,2.77
1104,20:19:38:554,3,Severe_Damage,L3_S1,-1862,1122,14928,-194,27,-118,0,62.77
1105,20:19:38:564,3,Severe_Damage,L3_S1,-1830,1086,14906,-186,34,-115,0,40.77
1106,20:19:38:574,3,Severe_Damage,L3_S1,-1802,1104,14914,-196,31,-120,0,48.77
1107,20:19:38:584,3,Severe_Damage,L3_S1,-1796,1090,14834,-193,35,-122,0,-31.23
1108,20:19:38:594,3,Severe_Damage,L3_S1,-1832,1076,14896,-198,27,-122,0,30.77
1109,20:19:38:604,3,Severe_Damage,L3_S1,-1812,1104,14954,-193,33,-117,0,88.77
1110,20:19:38:614,3,Severe_Damage,L3_S1,-1818,1126,14862,-195,26,-121,0,-3.23
1111,20:19:38:624,3,Severe_Damage,L3_S1,-1788,1060,14912,-190,28,-124,0,46.77
1112,20:19:38:634,3,Severe_Damage,L3_S1,-1848,1086,14872,-194,26,-123,0,6.77
1113,20:19:38:644,3,Severe_Damage,L3_S1,-1820,1056,14882,-192,27,-124,0,16.77
1114,20:19:38:654,3,Severe_Damage,L3_S1,-1824,1070,14862,-193,26,-120,0,-3.23
1115,20:19:38:664,3,Severe_Damage,L3_S1,-1838,1094,14800,-186,32,-115,0,-65.23
1116,20:19:38:674,3,Severe_Damage,L3_S1,-1816,1106,14914,-199,34,-118,0,48.77
1117,20:19:38:684,3,Severe_Damage,L3_S1,-1824,1144,14816,-188,37,-116,0,-49.23
1118,20:19:38:694,3,Severe_Damage,L3_S1,-1794,1064,14834,-196,22,-119,0,-31.23
1119,20:19:38:704,3,Severe_Damage,L3_S1,-1822,1090,14836,-187,36,-113,0,-29.23
1120,20:19:38:714,3,Severe_Damage,L3_S1,-1814,1122,14886,-199,29,-117,0,20.77
1121,20:19:38:724,3,Severe_Damage,L3_S1,-1768,1134,14906,-186,30,-119,0,40.77
1122,20:19:38:734,3,Severe_Damage,L3_S1,-1822,1102,14878,-203,26,-124,0,12.77
1123,20:19:38:744,3,Severe_Damage,L3_S1,-1814,1120,14862,-188,30,-119,0,-3.23
1124,20:19:38:754,3,Severe_Damage,L3_S1,-1856,1090,14948,-199,17,-119,0,82.77
1125,20:19:38:764,3,Severe_Damage,L3_S1,-1872,1094,14816,-185,33,-116,0,-49.23
1126,20:19:38:774,3,Severe_Damage,L3_S1,-1798,1118,14866,-194,25,-118,0,0.77
1127,20:19:38:784,3,Severe_Damage,L3_S1,-1806,1138,14862,-184,31,-116,0,-3.23
1128,20:19:38:794,3,Severe_Damage,L3_S1,-1828,1094,14914,-192,31,-124,0,48.77
1129,20:19:38:804,3,Severe_Damage,L3_S1,-1820,1090,14858,-189,32,-125,0,-7.23
1130,20:19:38:814,3,Severe_Damage,L3_S1,-1836,1134,14898,-184,36,-119,0,32.77
1131,20:19:38:824,3,Severe_Damage,L3_S1,-1796,1130,14912,-185,29,-125,0,46.77
1132,20:19:38:834,3,Severe_Damage,L3_S1,-1816,1088,14818,-193,31,-120,0,-47.23
1133,20:19:38:844,3,Severe_Damage,L3_S1,-1794,1116,14886,-195,35,-122,0,20.77
1134,20:19:38:854,3,Severe_Damage,L3_S1,-1776,1114,14940,-193,32,-117,0,74.77
1135,20:19:38:864,3,Severe_Damage,L3_S1,-1780,1096,14844,-200,33,-116,0,-21.23
1136,20:19:38:874,3,Severe_Damage,L3_S1,-1858,1132,14826,-193,41,-122,0,-39.23
1137,20:19:38:884,3,Severe_Damage,L3_S1,-1852,1096,14856,-205,24,-118,0,-9.23
1138,20:19:38:894,3,Severe_Damage,L3_S1,-1852,1108,14836,-187,29,-112,0,-29.23
1139,20:19:38:904,3,Severe_Damage,L3_S1,-1822,1052,14880,-199,23,-120,0,14.77
1140,20:19:38:914,3,Severe_Damage,L3_S1,-1806,1100,14838,-180,34,-119,0,-27.23
1141,20:19:38:924,3,Severe_Damage,L3_S1,-1822,1074,14828,-196,29,-119,0,-37.23
1142,20:19:38:934,3,Severe_Damage,L3_S1,-1798,1118,14870,-185,30,-114,0,4.77
1143,20:19:38:944,3,Severe_Damage,L3_S1,-1846,1094,14840,-195,24,-122,0,-25.23
1144,20:19:38:954,3,Severe_Damage,L3_S1,-1866,1130,14860,-186,36,-120,0,-5.23
1145,20:19:38:964,3,Severe_Damage,L3_S1,-1850,1146,14836,-195,28,-116,0,-29.23
1146,20:19:38:974,3,Severe_Damage,L3_S1,-1824,1106,14886,-189,34,-125,0,20.77
1147,20:19:38:984,3,Severe_Damage,L3_S1,-1820,1138,14824,-188,28,-122,0,-41.23
1148,20:19:38:994,3,Severe_Damage,L3_S1,-1844,1106,14892,-193,32,-124,0,26.77
1149,20:19:39:004,3,Severe_Damage,L3_S1,-1822,1084,14852,-188,32,-120,0,-13.23
1150,20:19:39:014,3,Severe_Damage,L3_S1,-1830,1102,14830,-202,25,-120,0,-35.23
1151,20:19:39:024,3,Severe_Damage,L3_S1,-1854,1072,14800,-190,32,-119,0,-65.23
1152,20:19:39:034,3,Severe_Damage,L3_S1,-1740,1074,14898,-201,27,-120,0,32.77
1153,20:19:39:044,3,Severe_Damage,L3_S1,-1832,1148,14804,-188,38,-116,0,-61.23
1154,20:19:39:054,3,Severe_Damage,L3_S1,-1796,1096,14898,-204,31,-121,0,32.77
1155,20:19:39:064,3,Severe_Damage,L3_S1,-1814,1078,14878,-187,27,-118,0,12.77
1156,20:19:39:074,3,Severe_Damage,L3_S1,-1822,1080,14816,-191,26,-122,0,-49.23
1157,20:19:39:084,3,Severe_Damage,L3_S1,-1802,1066,14804,-192,34,-120,0,-61.23
1158,20:19:39:094,3,Severe_Damage,L3_S1,-1832,1146,14866,-192,35,-114,0,0.77
1159,20:19:39:104,3,Severe_Damage,L3_S1,-1814,1102,14868,-186,36,-121,0,2.77
1160,20:19:39:114,3,Severe_Damage,L3_S1,-1808,1148,14872,-193,24,-120,0,6.77
1161,20:19:39:124,3,Severe_Damage,L3_S1,-1788,1102,14786,-192,32,-124,0,-79.23
1162,20:19:39:134,3,Severe_Damage,L3_S1,-1872,1082,14958,-193,28,-125,0,92.77
1163,20:19:39:144,3,Severe_Damage,L3_S1,-1802,1100,14822,-199,29,-124,0,-43.23
1164,20:19:39:154,3,Severe_Damage,L3_S1,-1828,1148,14804,-191,33,-123,0,-61.23
1165,20:19:39:164,3,Severe_Damage,L3_S1,-1822,1114,14790,-186,37,-118,0,-75.23
1166,20:19:39:174,3,Severe_Damage,L3_S1,-1842,1078,14904,-194,32,-121,0,38.77
1167,20:19:39:184,3,Severe_Damage,L3_S1,-1796,1098,14828,-188,37,-130,0,-37.23
1168,20:19:39:194,3,Severe_Damage,L3_S1,-1796,1146,14930,-195,24,-118,0,64.77
1169,20:19:39:204,3,Severe_Damage,L3_S1,-1810,1084,14826,-185,32,-127,0,-39.23
1170,20:19:39:214,3,Severe_Damage,L3_S1,-1770,1086,14818,-196,34,-120,0,-47.23
1171,20:19:39:224,3,Severe_Damage,L3_S1,-1794,1132,14898,-183,38,-115,0,32.77
1172,20:19:39:234,3,Severe_Damage,L3_S1,-1778,1060,14832,-191,27,-116,0,-33.23
1173,20:19:39:244,3,Severe_Damage,L3_S1,-1808,1120,14888,-195,24,-113,0,22.77
1174,20:19:39:254,3,Severe_Damage,L3_S1,-1774,1152,14928,-194,28,-117,0,62.77
1175,20:19:39:264,3,Severe_Damage,L3_S1,-1784,1128,14900,-189,29,-127,0,34.77
1176,20:19:39:274,3,Severe_Damage,L3_S1,-1794,1154,14840,-197,26,-119,0,-25.23
1177,20:19:39:284,3,Severe_Damage,L3_S1,-1826,1120,14810,-188,38,-118,0,-55.23
1178,20:19:39:294,3,Severe_Damage,L3_S1,-1806,1106,14912,-187,30,-114,0,46.77
1179,20:19:39:304,3,Severe_Damage,L3_S1,-1850,1138,14868,-190,33,-111,0,2.77
1180,20:19:39:314,3,Severe_Damage,L3_S1,-1814,1138,14860,-189,35,-117,0,-5.23
1181,20:19:39:324,3,Severe_Damage,L3_S1,-1792,1098,14928,-193,24,-116,0,62.77
1182,20:19:39:334,3,Severe_Damage,L3_S1,-1804,1050,14816,-185,29,-114,0,-49.23
1183,20:19:39:344,3,Severe_Damage,L3_S1,-1778,1030,14898,-198,22,-122,0,32.77
1184,20:19:39:354,3,Severe_Damage,L3_S1,-1844,1110,14956,-187,32,-126,0,90.77
1185,20:19:39:364,3,Severe_Damage,L3_S1,-1786,1134,14858,-198,22,-126,0,-7.23
1186,20:19:39:374,3,Severe_Damage,L3_S1,-1824,1146,14812,-185,32,-119,0,-53.23
1187,20:19:39:385,3,Severe_Damage,L3_S1,-1824,1100,14926,-201,25,-117,0,60.77
1188,20:19:39:394,3,Severe_Damage,L3_S1,-1844,1090,14826,-191,35,-113,0,-39.23
1189,20:19:39:404,3,Severe_Damage,L3_S1,-1836,1104,14854,-205,21,-115,0,-11.23
1190,20:19:39:414,3,Severe_Damage,L3_S1,-1768,1108,14812,-186,37,-116,0,-53.23
1191,20:19:39:424,3,Severe_Damage,L3_S1,-1804,1134,14854,-196,29,-119,0,-11.23
1192,20:19:39:434,3,Severe_Damage,L3_S1,-1780,1136,14900,-189,28,-120,0,34.77
1193,20:19:39:444,3,Severe_Damage,L3_S1,-1812,1068,14888,-195,34,-118,0,22.77
1194,20:19:39:454,3,Severe_Damage,L3_S1,-1742,1104,14912,-190,32,-115,0,46.77
1195,20:19:39:464,3,Severe_Damage,L3_S1,-1800,1080,14862,-192,27,-122,0,-3.23
1196,20:19:39:474,3,Severe_Damage,L3_S1,-1786,1112,14860,-191,27,-122,0,-5.23
1197,20:19:39:484,3,Severe_Damage,L3_S1,-1788,1140,14852,-186,26,-113,0,-13.23
1198,20:19:39:494,3,Severe_Damage,L3_S1,-1810,1078,14878,-195,24,-121,0,12.77
1199,20:19:39:504,3,Severe_Damage,L3_S1,-1828,1120,14810,-185,33,-123,0,-55.23
1200,20:19:39:514,3,Severe_Damage,L3_S1,-1794,1060,14852,-193,33,-121,0,-13.23
1201,20:19:39:524,3,Severe_Damage,L3_S1,-1816,1056,14850,-186,32,-116,0,-15.23
1202,20:19:39:534,3,Severe_Damage,L3_S1,-1822,1100,14908,-193,27,-116,0,42.77
1203,20:19:39:544,3,Severe_Damage,L3_S1,-1808,1088,14846,-184,32,-120,0,-19.23
1204,20:19:39:554,3,Severe_Damage,L3_S1,-1812,1106,14890,-198,30,-127,0,24.77
1205,20:19:39:564,3,Severe_Damage,L3_S1,-1792,1166,14900,-186,40,-126,0,34.77
1206,20:19:39:574,3,Severe_Damage,L3_S1,-1778,1096,14824,-194,31,-124,0,-41.23
1207,20:19:39:584,3,Severe_Damage,L3_S1,-1802,1062,14898,-191,39,-121,0,32.77
1208,20:19:39:594,3,Severe_Damage,L3_S1,-1798,1090,14878,-193,31,-116,0,12.77
1209,20:19:39:604,3,Severe_Damage,L3_S1,-1806,1098,14844,-195,29,-116,0,-21.23
1210,20:19:39:615,3,Severe_Damage,L3_S1,-1794,1112,14870,-189,28,-118,0,4.77
1211,20:19:39:624,3,Severe_Damage,L3_S1,-1760,1070,14924,-188,31,-121,0,58.77
1212,20:19:39:634,3,Severe_Damage,L3_S1,-1788,1116,14874,-190,30,-118,0,8.77
1213,20:19:39:644,3,Severe_Damage,L3_S1,-1804,1096,14892,-193,28,-119,0,26.77
1214,20:19:39:654,3,Severe_Damage,L3_S1,-1816,1116,14852,-196,26,-116,0,-13.23
1215,20:19:39:664,3,Severe_Damage,L3_S1,-1762,1060,14874,-196,30,-118,0,8.77
1216,20:19:39:674,3,Severe_Damage,L3_S1,-1778,1116,14876,-193,31,-115,0,10.77
1217,20:19:39:684,3,Severe_Damage,L3_S1,-1832,1094,14922,-192,32,-116,0,56.77
1218,20:19:39:694,3,Severe_Damage,L3_S1,-1810,1084,14898,-193,28,-117,0,32.77
1219,20:19:39:704,3,Severe_Damage,L3_S1,-1858,1106,14832,-192,32,-125,0,-33.23
1220,20:19:39:714,3,Severe_Damage,L3_S1,-1808,1100,14894,-193,28,-124,0,28.77
1221,20:19:39:724,3,Severe_Damage,L3_S1,-1796,1100,14864,-198,30,-118,0,-1.23
1222,20:19:39:734,3,Severe_Damage,L3_S1,-1784,1056,14800,-195,24,-119,0,-65.23
1223,20:19:39:744,3,Severe_Damage,L3_S1,-1806,1100,14886,-188,30,-115,0,20.77
1224,20:19:39:754,3,Severe_Damage,L3_S1,-1786,1106,14886,-194,33,-115,0,20.77
1225,20:19:39:764,3,Severe_Damage,L3_S1,-1826,1104,14908,-195,27,-117,0,42.77
1226,20:19:39:774,3,Severe_Damage,L3_S1,-1796,1110,14854,-189,33,-119,0,-11.23
1227,20:19:39:784,3,Severe_Damage,L3_S1,-1826,1142,14876,-191,23,-119,0,10.77
1228,20:19:39:794,3,Severe_Damage,L3_S1,-1804,1116,14868,-186,27,-118,0,2.77
1229,20:19:39:804,3,Severe_Damage,L3_S1,-1826,1130,14890,-196,27,-117,0,24.77
1230,20:19:39:814,3,Severe_Damage,L3_S1,-1794,1126,14922,-191,29,-112,0,56.77
1231,20:19:39:824,3,Severe_Damage,L3_S1,-1852,1100,14864,-193,27,-118,0,-1.23
1232,20:19:39:834,3,Severe_Damage,L3_S1,-1870,1108,14910,-192,30,-120,0,44.77
1233,20:19:39:844,3,Severe_Damage,L3_S1,-1848,1092,14922,-194,30,-113,0,56.77
1234,20:19:39:854,3,Severe_Damage,L3_S1,-1846,1120,14856,-187,37,-116,0,-9.23
1235,20:19:39:864,3,Severe_Damage,L3_S1,-1826,1110,14880,-197,26,-121,0,14.77
1236,20:19:39:874,3,Severe_Damage,L3_S1,-1832,1130,14858,-180,31,-113,0,-7.23
1237,20:19:39:884,3,Severe_Damage,L3_S1,-1798,1116,14860,-195,26,-117,0,-5.23
1238,20:19:39:894,3,Severe_Damage,L3_S1,-1822,1108,14898,-183,37,-119,0,32.77
1239,20:19:39:904,3,Severe_Damage,L3_S1,-1766,1100,14884,-196,36,-113,0,18.77
1240,20:19:39:914,3,Severe_Damage,L3_S1,-1824,1108,14900,-187,37,-117,0,34.77
1241,20:19:39:924,3,Severe_Damage,L3_S1,-1856,1114,14828,-191,22,-122,0,-37.23
1242,20:19:39:934,3,Severe_Damage,L3_S1,-1842,1154,14916,-184,25,-116,0,50.77
1243,20:19:39:944,3,Severe_Damage,L3_S1,-1792,1106,14906,-196,27,-116,0,40.77
1244,20:19:39:954,3,Severe_Damage,L3_S1,-1822,1088,14908,-196,29,-118,0,42.77
1245,20:19:39:964,3,Severe_Damage,L3_S1,-1840,1134,14800,-200,37,-122,0,-65.23
1246,20:19:39:974,3,Severe_Damage,L3_S1,-1850,1074,14886,-195,30,-124,0,20.77
1247,20:19:39:984,3,Severe_Damage,L3_S1,-1794,1150,14840,-183,33,-119,0,-25.23
1248,20:19:39:994,3,Severe_Damage,L3_S1,-1810,1140,14920,-201,25,-117,0,54.77
1249,20:19:40:004,3,Severe_Damage,L3_S1,-1826,1104,14848,-181,39,-121,0,-17.23
1250,20:19:40:014,3,Severe_Damage,L3_S1,-1824,1026,14838,-191,35,-125,0,-27.23
1251,20:19:40:024,3,Severe_Damage,L3_S1,-1854,1120,14824,-184,32,-115,0,-41.23
1252,20:19:40:034,3,Severe_Damage,L3_S1,-1776,1060,14832,-193,32,-117,0,-33.23
1253,20:19:40:044,3,Severe_Damage,L3_S1,-1838,1118,14828,-190,28,-119,0,-37.23
1254,20:19:40:054,3,Severe_Damage,L3_S1,-1796,1048,14890,-200,31,-125,0,24.77
1255,20:19:40:064,3,Severe_Damage,L3_S1,-1804,1106,14886,-197,34,-124,0,20.77
1256,20:19:40:074,3,Severe_Damage,L3_S1,-1798,1100,14886,-194,26,-120,0,20.77
1257,20:19:40:084,3,Severe_Damage,L3_S1,-1776,1088,14852,-191,31,-117,0,-13.23
1258,20:19:40:094,3,Severe_Damage,L3_S1,-1844,1104,14852,-198,27,-115,0,-13.23
1259,20:19:40:104,3,Severe_Damage,L3_S1,-1768,1138,14864,-186,34,-114,0,-1.23
1260,20:19:40:114,3,Severe_Damage,L3_S1,-1830,1124,14838,-191,30,-119,0,-27.23
1261,20:19:40:124,3,Severe_Damage,L3_S1,-1850,1096,14858,-195,22,-122,0,-7.23
1262,20:19:40:134,3,Severe_Damage,L3_S1,-1816,1072,14866,-182,31,-119,0,0.77
1263,20:19:40:144,3,Severe_Damage,L3_S1,-1802,1162,14884,-195,19,-119,0,18.77
1264,20:19:40:154,3,Severe_Damage,L3_S1,-1776,1118,14800,-190,36,-111,0,-65.23
1265,20:19:40:164,3,Severe_Damage,L3_S1,-1810,1096,14856,-190,29,-112,0,-9.23
1266,20:19:40:174,3,Severe_Damage,L3_S1,-1832,1124,14906,-188,26,-118,0,40.77
1267,20:19:40:184,3,Severe_Damage,L3_S1,-1806,1100,14800,-195,25,-117,0,-65.23
1268,20:19:40:194,3,Severe_Damage,L3_S1,-1820,1132,14882,-196,30,-115,0,16.77
1269,20:19:40:204,3,Severe_Damage,L3_S1,-1824,1076,14948,-191,27,-123,0,82.77
1270,20:19:40:215,3,Severe_Damage,L3_S1,-1798,1100,14882,-190,29,-120,0,16.77
1271,20:19:40:224,3,Severe_Damage,L3_S1,-1856,1118,14866,-191,30,-122,0,0.77
1272,20:19:40:234,3,Severe_Damage,L3_S1,-1804,1056,14986,-191,30,-117,0,120.77
1273,20:19:40:245,3,Severe_Damage,L3_S1,-1836,1094,14948,-191,30,-115,0,82.77
1274,20:19:40:254,3,Severe_Damage,L3_S1,-1808,1078,14868,-187,32,-118,0,2.77
1275,20:19:40:265,3,Severe_Damage,L3_S1,-1810,1050,14910,-189,30,-119,0,44.77
1276,20:19:40:275,3,Severe_Damage,L3_S1,-1794,1112,14766,-191,34,-116,0,-99.23
1277,20:19:40:285,3,Severe_Damage,L3_S1,-1808,1092,14906,-202,25,-121,0,40.77
1278,20:19:40:295,3,Severe_Damage,L3_S1,-1802,1118,14840,-184,36,-114,0,-25.23
1279,20:19:40:304,3,Severe_Damage,L3_S1,-1804,1102,14892,-202,24,-121,0,26.77
1280,20:19:40:315,3,Severe_Damage,L3_S1,-1812,1088,14918,-186,37,-117,0,52.77
1281,20:19:40:325,3,Severe_Damage,L3_S1,-1844,1106,14868,-198,29,-119,0,2.77
1282,20:19:40:334,3,Severe_Damage,L3_S1,-1818,1086,14926,-179,32,-116,0,60.77
1283,20:19:40:345,3,Severe_Damage,L3_S1,-1792,1134,14868,-194,28,-122,0,2.77
1284,20:19:40:354,3,Severe_Damage,L3_S1,-1818,1126,14808,-178,28,-119,0,-57.23
1285,20:19:40:364,3,Severe_Damage,L3_S1,-1808,1084,14890,-199,27,-122,0,24.77
1286,20:19:40:374,3,Severe_Damage,L3_S1,-1794,1160,14858,-188,38,-118,0,-7.23
1287,20:19:40:385,3,Severe_Damage,L3_S1,-1842,1090,14890,-202,23,-122,0,24.77
1288,20:19:40:394,3,Severe_Damage,L3_S1,-1880,1130,14856,-181,31,-112,0,-9.23
1289,20:19:40:404,3,Severe_Damage,L3_S1,-1832,1070,14890,-200,21,-115,0,24.77
1290,20:19:40:414,3,Severe_Damage,L3_S1,-1810,1108,14862,-188,25,-121,0,-3.23
1291,20:19:40:424,3,Severe_Damage,L3_S1,-1754,1112,14840,-194,27,-124,0,-25.23
1292,20:19:40:434,3,Severe_Damage,L3_S1,-1848,1070,14912,-193,31,-119,0,46.77
1293,20:19:40:444,3,Severe_Damage,L3_S1,-1832,1098,14800,-189,28,-117,0,-65.23
1294,20:19:40:454,3,Severe_Damage,L3_S1,-1812,1066,14802,-196,35,-116,0,-63.23
1295,20:19:40:464,3,Severe_Damage,L3_S1,-1802,1122,14856,-183,30,-115,0,-9.23
1296,20:19:40:474,3,Severe_Damage,L3_S1,-1798,1068,14898,-201,27,-119,0,32.77
1297,20:19:40:484,3,Severe_Damage,L3_S1,-1808,1084,14828,-188,38,-122,0,-37.23
1298,20:19:40:494,3,Severe_Damage,L3_S1,-1786,1092,14880,-200,21,-118,0,14.77
1299,20:19:40:504,3,Severe_Damage,L3_S1,-1810,1110,14882,-180,31,-112,0,16.77
1300,20:19:40:514,3,Severe_Damage,L3_S1,-1820,1050,14908,-196,28,-113,0,42.77
1301,20:19:40:525,3,Severe_Damage,L3_S1,-1768,1132,14800,-188,38,-122,0,-65.23
1302,20:19:40:535,3,Severe_Damage,L3_S1,-1766,1090,14886,-197,37,-121,0,20.77
1303,20:19:40:544,3,Severe_Damage,L3_S1,-1870,1078,14840,-183,31,-119,0,-25.23
1304,20:19:40:555,3,Severe_Damage,L3_S1,-1796,1084,14874,-197,30,-120,0,8.77
1305,20:19:40:565,3,Severe_Damage,L3_S1,-1816,1116,14840,-189,31,-121,0,-25.23
1306,20:19:40:575,3,Severe_Damage,L3_S1,-1838,1104,14874,-201,34,-122,0,8.77
1307,20:19:40:584,3,Severe_Damage,L3_S1,-1794,1100,14870,-195,31,-118,0,4.77
1308,20:19:40:594,3,Severe_Damage,L3_S1,-1814,1094,14852,-191,26,-117,0,-13.23
1309,20:19:40:605,3,Severe_Damage,L3_S1,-1784,1080,14818,-194,26,-121,0,-47.23
1310,20:19:40:615,3,Severe_Damage,L3_S1,-1800,1100,14828,-187,31,-117,0,-37.23
1311,20:19:40:625,3,Severe_Damage,L3_S1,-1796,1134,14908,-190,27,-119,0,42.77
1312,20:19:40:635,3,Severe_Damage,L3_S1,-1780,1132,14908,-190,32,-118,0,42.77
1313,20:19:40:645,3,Severe_Damage,L3_S1,-1790,1118,14918,-198,24,-121,0,52.77
1314,20:19:40:655,3,Severe_Damage,L3_S1,-1816,1090,14932,-186,36,-115,0,66.77
1315,20:19:40:665,3,Severe_Damage,L3_S1,-1814,1066,14814,-198,18,-116,0,-51.23
1316,20:19:40:675,3,Severe_Damage,L3_S1,-1824,1124,14822,-181,38,-121,0,-43.23
1317,20:19:40:685,3,Severe_Damage,L3_S1,-1812,1094,14852,-199,27,-121,0,-13.23
1318,20:19:40:695,3,Severe_Damage,L3_S1,-1832,1090,14816,-188,29,-117,0,-49.23
1319,20:19:40:705,3,Severe_Damage,L3_S1,-1778,1108,14924,-186,37,-117,0,58.77
1320,20:19:40:715,3,Severe_Damage,L3_S1,-1820,1118,14896,-192,26,-119,0,30.77
1321,20:19:40:725,3,Severe_Damage,L3_S1,-1792,1096,14846,-192,38,-122,0,-19.23
1322,20:19:40:735,3,Severe_Damage,L3_S1,-1794,1100,14838,-197,23,-121,0,-27.23
1323,20:19:40:745,3,Severe_Damage,L3_S1,-1820,1116,14814,-191,36,-118,0,-51.23
1324,20:19:40:755,3,Severe_Damage,L3_S1,-1780,1086,14880,-205,28,-118,0,14.77
1325,20:19:40:765,3,Severe_Damage,L3_S1,-1826,1120,14924,-179,43,-115,0,58.77
1326,20:19:40:775,3,Severe_Damage,L3_S1,-1828,1062,14958,-197,25,-124,0,92.77
1327,20:19:40:785,3,Severe_Damage,L3_S1,-1808,1090,14814,-178,35,-116,0,-51.23
1328,20:19:40:795,3,Severe_Damage,L3_S1,-1768,1108,14876,-204,22,-126,0,10.77
1329,20:19:40:805,3,Severe_Damage,L3_S1,-1794,1098,14890,-181,35,-110,0,24.77
1330,20:19:40:815,3,Severe_Damage,L3_S1,-1802,1096,14900,-200,26,-118,0,34.77
1331,20:19:40:825,3,Severe_Damage,L3_S1,-1808,1082,14854,-185,39,-114,0,-11.23
1332,20:19:40:835,3,Severe_Damage,L3_S1,-1796,1084,14844,-188,22,-114,0,-21.23
1333,20:19:40:845,3,Severe_Damage,L3_S1,-1870,1146,14856,-187,29,-121,0,-9.23
1334,20:19:40:855,3,Severe_Damage,L3_S1,-1822,1108,14854,-192,30,-118,0,-11.23
1335,20:19:40:865,3,Severe_Damage,L3_S1,-1820,1088,14902,-201,22,-116,0,36.77
1336,20:19:40:875,3,Severe_Damage,L3_S1,-1844,1126,14880,-188,25,-113,0,14.77
1337,20:19:40:885,3,Severe_Damage,L3_S1,-1810,1100,14884,-199,27,-121,0,18.77
1338,20:19:40:895,3,Severe_Damage,L3_S1,-1796,1066,14796,-186,30,-116,0,-69.23
1339,20:19:40:905,3,Severe_Damage,L3_S1,-1818,1066,14888,-199,18,-124,0,22.77
1340,20:19:40:915,3,Severe_Damage,L3_S1,-1816,1106,14858,-181,36,-119,0,-7.23
1341,20:19:40:925,3,Severe_Damage,L3_S1,-1830,1068,14858,-202,20,-122,0,-7.23
1342,20:19:40:935,3,Severe_Damage,L3_S1,-1822,1146,14844,-177,43,-119,0,-21.23
1343,20:19:40:945,3,Severe_Damage,L3_S1,-1812,1092,14904,-198,22,-123,0,38.77
1344,20:19:40:955,3,Severe_Damage,L3_S1,-1852,1102,14864,-178,24,-117,0,-1.23
1345,20:19:40:965,3,Severe_Damage,L3_S1,-1844,1090,14872,-195,27,-120,0,6.77
1346,20:19:40:975,3,Severe_Damage,L3_S1,-1806,1112,14858,-182,28,-116,0,-7.23
1347,20:19:40:985,3,Severe_Damage,L3_S1,-1794,1108,14864,-198,24,-128,0,-1.23
1348,20:19:40:995,3,Severe_Damage,L3_S1,-1806,1048,14880,-186,37,-116,0,14.77
1349,20:19:41:005,3,Severe_Damage,L3_S1,-1778,1132,14906,-193,23,-119,0,40.77
1350,20:19:41:015,3,Severe_Damage,L3_S1,-1794,1098,14910,-191,35,-118,0,44.77
1351,20:19:41:025,3,Severe_Damage,L3_S1,-1878,1090,14846,-193,21,-120,0,-19.23
1352,20:19:41:035,3,Severe_Damage,L3_S1,-1814,1074,14788,-191,27,-118,0,-77.23
1353,20:19:41:045,3,Severe_Damage,L3_S1,-1824,1138,14840,-189,36,-116,0,-25.23
1354,20:19:41:055,3,Severe_Damage,L3_S1,-1810,1106,14844,-195,32,-119,0,-21.23
1355,20:19:41:065,3,Severe_Damage,L3_S1,-1796,1144,14750,-188,29,-128,0,-115.23
1356,20:19:41:075,3,Severe_Damage,L3_S1,-1804,1096,14820,-199,34,-122,0,-45.23
1357,20:19:41:085,3,Severe_Damage,L3_S1,-1828,1056,14838,-183,32,-119,0,-27.23
1358,20:19:41:095,3,Severe_Damage,L3_S1,-1778,1078,14818,-196,33,-128,0,-47.23
1359,20:19:41:105,3,Severe_Damage,L3_S1,-1820,1162,14884,-188,31,-121,0,18.77
1360,20:19:41:115,3,Severe_Damage,L3_S1,-1792,1088,14878,-199,33,-119,0,12.77
1361,20:19:41:125,3,Severe_Damage,L3_S1,-1822,1124,14830,-186,31,-120,0,-35.23
1362,20:19:41:135,3,Severe_Damage,L3_S1,-1806,1116,14930,-189,36,-123,0,64.77
1363,20:19:41:145,3,Severe_Damage,L3_S1,-1838,1108,14836,-186,28,-118,0,-29.23
1364,20:19:41:155,3,Severe_Damage,L3_S1,-1810,1124,14860,-191,31,-114,0,-5.23
1365,20:19:41:165,3,Severe_Damage,L3_S1,-1820,1128,14864,-189,32,-116,0,-1.23
1366,20:19:41:175,3,Severe_Damage,L3_S1,-1834,1154,14870,-191,35,-120,0,4.77
1367,20:19:41:185,3,Severe_Damage,L3_S1,-1828,1124,14896,-188,30,-123,0,30.77
1368,20:19:41:195,3,Severe_Damage,L3_S1,-1840,1134,14812,-188,38,-120,0,-53.23
1369,20:19:41:205,3,Severe_Damage,L3_S1,-1818,1070,14872,-189,31,-119,0,6.77
1370,20:19:41:215,3,Severe_Damage,L3_S1,-1812,1136,14838,-183,33,-120,0,-27.23
1371,20:19:41:225,3,Severe_Damage,L3_S1,-1834,1124,14864,-197,28,-116,0,-1.23
1372,20:19:41:235,3,Severe_Damage,L3_S1,-1826,1130,14824,-190,33,-119,0,-41.23
1373,20:19:41:245,3,Severe_Damage,L3_S1,-1840,1090,14894,-195,28,-116,0,28.77
1374,20:19:41:255,3,Severe_Damage,L3_S1,-1834,1120,14870,-191,26,-121,0,4.77
1375,20:19:41:265,3,Severe_Damage,L3_S1,-1790,1114,14884,-192,37,-118,0,18.77
1376,20:19:41:275,3,Severe_Damage,L3_S1,-1826,1110,14880,-194,18,-116,0,14.77
1377,20:19:41:285,3,Severe_Damage,L3_S1,-1786,1102,14838,-192,36,-118,0,-27.23
1378,20:19:41:295,3,Severe_Damage,L3_S1,-1796,1056,14852,-198,23,-120,0,-13.23
1379,20:19:41:305,3,Severe_Damage,L3_S1,-1832,1056,14888,-195,36,-122,0,22.77
1380,20:19:41:315,3,Severe_Damage,L3_S1,-1856,1106,14782,-198,30,-120,0,-83.23
1381,20:19:41:325,3,Severe_Damage,L3_S1,-1828,1058,14862,-189,35,-115,0,-3.23
1382,20:19:41:335,3,Severe_Damage,L3_S1,-1820,1090,14828,-189,33,-112,0,-37.23
1383,20:19:41:345,3,Severe_Damage,L3_S1,-1800,1090,14858,-189,31,-112,0,-7.23
1384,20:19:41:355,3,Severe_Damage,L3_S1,-1816,1060,14900,-186,30,-118,0,34.77
1385,20:19:41:365,3,Severe_Damage,L3_S1,-1810,1110,14816,-189,28,-124,0,-49.23
1386,20:19:41:375,3,Severe_Damage,L3_S1,-1794,1102,14854,-185,23,-123,0,-11.23
1387,20:19:41:385,3,Severe_Damage,L3_S1,-1812,1142,14844,-197,33,-122,0,-21.23
1388,20:19:41:395,3,Severe_Damage,L3_S1,-1880,1106,14862,-187,28,-123,0,-3.23
1389,20:19:41:405,3,Severe_Damage,L3_S1,-1814,1130,14894,-199,37,-122,0,28.77
1390,20:19:41:415,3,Severe_Damage,L3_S1,-1820,1084,14852,-186,35,-114,0,-13.23
1391,20:19:41:425,3,Severe_Damage,L3_S1,-1776,1038,14882,-197,24,-112,0,16.77
1392,20:19:41:435,3,Severe_Damage,L3_S1,-1846,1138,14882,-184,30,-116,0,16.77
1393,20:19:41:445,3,Severe_Damage,L3_S1,-1816,1092,14878,-200,24,-122,0,12.77
1394,20:19:41:455,3,Severe_Damage,L3_S1,-1814,1120,14828,-182,42,-119,0,-37.23
1395,20:19:41:465,3,Severe_Damage,L3_S1,-1844,1128,14906,-193,22,-126,0,40.77
1396,20:19:41:475,3,Severe_Damage,L3_S1,-1828,1156,14796,-180,34,-119,0,-69.23
1397,20:19:41:485,3,Severe_Damage,L3_S1,-1826,1136,14848,-201,33,-117,0,-17.23
1398,20:19:41:495,3,Severe_Damage,L3_S1,-1776,1086,14876,-194,30,-117,0,10.77
1399,20:19:41:505,3,Severe_Damage,L3_S1,-1742,1112,14852,-189,33,-117,0,-13.23
1400,20:19:41:517,3,Severe_Damage,L3_S1,-1856,1112,14804,-194,32,-125,0,-61.23
1401,20:19:41:525,3,Severe_Damage,L3_S1,-1826,1108,14874,-191,31,-122,0,8.77
1402,20:19:41:535,3,Severe_Damage,L3_S1,-1804,1152,14768,-189,33,-123,0,-97.23
1403,20:19:41:545,3,Severe_Damage,L3_S1,-1828,1074,14820,-186,30,-117,0,-45.23
1404,20:19:41:555,3,Severe_Damage,L3_S1,-1734,1094,14856,-196,33,-123,0,-9.23
1405,20:19:41:565,3,Severe_Damage,L3_S1,-1848,1132,14852,-192,36,-119,0,-13.23
1406,20:19:41:575,3,Severe_Damage,L3_S1,-1820,1062,14844,-196,32,-120,0,-21.23
1407,20:19:41:585,3,Severe_Damage,L3_S1,-1820,1128,14878,-182,31,-112,0,12.77
1408,20:19:41:595,3,Severe_Damage,L3_S1,-1770,1062,14914,-196,29,-125,0,48.77
1409,20:19:41:605,3,Severe_Damage,L3_S1,-1804,1098,14868,-180,30,-117,0,2.77
1410,20:19:41:615,3,Severe_Damage,L3_S1,-1846,1136,14876,-201,31,-123,0,10.77
1411,20:19:41:625,3,Severe_Damage,L3_S1,-1818,1112,14852,-188,32,-118,0,-13.23
1412,20:19:41:635,3,Severe_Damage,L3_S1,-1784,1096,14894,-200,25,-122,0,28.77
1413,20:19:41:645,3,Severe_Damage,L3_S1,-1814,1136,14866,-188,23,-123,0,0.77
1414,20:19:41:655,3,Severe_Damage,L3_S1,-1768,1068,14884,-192,31,-121,0,18.77
1415,20:19:41:665,3,Severe_Damage,L3_S1,-1838,1124,14926,-194,35,-125,0,60.77
1416,20:19:41:675,3,Severe_Damage,L3_S1,-1760,1108,14922,-192,29,-122,0,56.77
1417,20:19:41:685,3,Severe_Damage,L3_S1,-1824,1100,14856,-191,30,-123,0,-9.23
1418,20:19:41:695,3,Severe_Damage,L3_S1,-1786,1076,14808,-184,37,-117,0,-57.23
1419,20:19:41:705,3,Severe_Damage,L3_S1,-1798,1118,14868,-196,24,-119,0,2.77
1420,20:19:41:715,3,Severe_Damage,L3_S1,-1818,1100,14888,-185,29,-121,0,22.77
1421,20:19:41:725,3,Severe_Damage,L3_S1,-1822,1100,14898,-192,33,-123,0,32.77
1422,20:19:41:735,3,Severe_Damage,L3_S1,-1838,1130,14872,-186,30,-122,0,6.77
1423,20:19:41:745,3,Severe_Damage,L3_S1,-1796,1118,14860,-192,32,-123,0,-5.23
1424,20:19:41:755,3,Severe_Damage,L3_S1,-1832,1068,14822,-182,24,-119,0,-43.23
1425,20:19:41:765,3,Severe_Damage,L3_S1,-1828,1088,14860,-194,35,-119,0,-5.23
1426,20:19:41:775,3,Severe_Damage,L3_S1,-1836,1094,14924,-191,29,-124,0,58.77
1427,20:19:41:785,3,Severe_Damage,L3_S1,-1812,1112,14908,-189,32,-123,0,42.77
1428,20:19:41:795,3,Severe_Damage,L3_S1,-1784,1090,14840,-199,27,-120,0,-25.23
1429,20:19:41:805,3,Severe_Damage,L3_S1,-1842,1174,14894,-197,27,-122,0,28.77
1430,20:19:41:815,3,Severe_Damage,L3_S1,-1744,1102,14808,-192,23,-121,0,-57.23
1431,20:19:41:825,3,Severe_Damage,L3_S1,-1876,1142,14848,-193,25,-119,0,-17.23
1432,20:19:41:835,3,Severe_Damage,L3_S1,-1782,1036,14882,-193,32,-133,0,16.77
1433,20:19:41:845,3,Severe_Damage,L3_S1,-1806,1060,14834,-188,26,-119,0,-31.23
1434,20:19:41:855,3,Severe_Damage,L3_S1,-1844,1072,14954,-190,33,-117,0,88.77
1435,20:19:41:865,3,Severe_Damage,L3_S1,-1858,1092,14804,-194,29,-122,0,-61.23
1436,20:19:41:875,3,Severe_Damage,L3_S1,-1810,1146,14856,-187,35,-108,0,-9.23
1437,20:19:41:885,3,Severe_Damage,L3_S1,-1784,1072,14842,-195,25,-123,0,-23.23
1438,20:19:41:895,3,Severe_Damage,L3_S1,-1836,1084,14878,-191,28,-117,0,12.77
1439,20:19:41:905,3,Severe_Damage,L3_S1,-1838,1126,14890,-194,31,-118,0,24.77
1440,20:19:41:915,3,Severe_Damage,L3_S1,-1816,1086,14866,-191,29,-123,0,0.77
1441,20:19:41:925,3,Severe_Damage,L3_S1,-1828,1108,14928,-192,32,-119,0,62.77
1442,20:19:41:935,3,Severe_Damage,L3_S1,-1826,1088,14820,-188,34,-121,0,-45.23
1443,20:19:41:945,3,Severe_Damage,L3_S1,-1812,1128,14938,-197,36,-121,0,72.77
1444,20:19:41:955,3,Severe_Damage,L3_S1,-1836,1060,14850,-189,25,-115,0,-15.23
1445,20:19:41:965,3,Severe_Damage,L3_S1,-1784,1080,14890,-193,35,-119,0,24.77
1446,20:19:41:975,3,Severe_Damage,L3_S1,-1850,1082,14846,-196,32,-122,0,-19.23
1447,20:19:41:985,3,Severe_Damage,L3_S1,-1786,1094,14868,-193,29,-125,0,2.77
1448,20:19:41:995,3,Severe_Damage,L3_S1,-1836,1144,14868,-187,42,-121,0,2.77
1449,20:19:42:005,3,Severe_Damage,L3_S1,-1850,1112,14848,-191,24,-119,0,-17.23
1450,20:19:42:015,3,Severe_Damage,L3_S1,-1780,1076,14886,-190,35,-127,0,20.77
1451,20:19:42:025,3,Severe_Damage,L3_S1,-1828,1134,14846,-191,24,-111,0,-19.23
1452,20:19:42:035,3,Severe_Damage,L3_S1,-1810,1124,14900,-200,33,-121,0,34.77
1453,20:19:42:045,3,Severe_Damage,L3_S1,-1736,1094,14828,-192,31,-117,0,-37.23
1454,20:19:42:055,3,Severe_Damage,L3_S1,-1886,1108,14846,-195,32,-118,0,-19.23
1455,20:19:42:065,3,Severe_Damage,L3_S1,-1800,1096,14868,-182,43,-125,0,2.77
1456,20:19:42:075,3,Severe_Damage,L3_S1,-1806,1124,14928,-199,21,-116,0,62.77
1457,20:19:42:085,3,Severe_Damage,L3_S1,-1834,1102,14862,-187,41,-121,0,-3.23
1458,20:19:42:095,3,Severe_Damage,L3_S1,-1804,1076,14848,-198,32,-119,0,-17.23
1459,20:19:42:105,3,Severe_Damage,L3_S1,-1816,1130,14852,-181,31,-114,0,-13.23
1460,20:19:42:115,3,Severe_Damage,L3_S1,-1812,1136,14916,-190,32,-116,0,50.77
1461,20:19:42:125,3,Severe_Damage,L3_S1,-1792,1066,14922,-191,19,-115,0,56.77
1462,20:19:42:135,3,Severe_Damage,L3_S1,-1812,1102,14884,-196,36,-116,0,18.77
1463,20:19:42:145,3,Severe_Damage,L3_S1,-1856,1062,14866,-191,35,-120,0,0.77
1464,20:19:42:155,3,Severe_Damage,L3_S1,-1796,1078,14826,-191,28,-114,0,-39.23
1465,20:19:42:165,3,Severe_Damage,L3_S1,-1808,1126,14842,-191,33,-120,0,-23.23
1466,20:19:42:175,3,Severe_Damage,L3_S1,-1804,1120,14846,-194,24,-107,0,-19.23
1467,20:19:42:185,3,Severe_Damage,L3_S1,-1814,1090,14896,-194,34,-113,0,30.77
1468,20:19:42:195,3,Severe_Damage,L3_S1,-1826,1128,14810,-188,24,-112,0,-55.23
1469,20:19:42:205,3,Severe_Damage,L3_S1,-1824,1064,14866,-194,31,-119,0,0.77
1470,20:19:42:215,3,Severe_Damage,L3_S1,-1844,1078,14840,-193,28,-123,0,-25.23
1471,20:19:42:225,3,Severe_Damage,L3_S1,-1798,1118,14826,-198,36,-123,0,-39.23
1472,20:19:42:235,3,Severe_Damage,L3_S1,-1854,1052,14900,-194,40,-117,0,34.77
1473,20:19:42:245,3,Severe_Damage,L3_S1,-1812,1118,14844,-199,21,-116,0,-21.23
1474,20:19:42:255,3,Severe_Damage,L3_S1,-1794,1100,14810,-192,37,-123,0,-55.23
1475,20:19:42:265,3,Severe_Damage,L3_S1,-1784,1088,14818,-188,30,-118,0,-47.23
1476,20:19:42:275,3,Severe_Damage,L3_S1,-1786,1104,14878,-185,32,-123,0,12.77
1477,20:19:42:285,3,Severe_Damage,L3_S1,-1800,1112,14898,-194,35,-119,0,32.77
1478,20:19:42:295,3,Severe_Damage,L3_S1,-1766,1088,14850,-190,21,-121,0,-15.23
1479,20:19:42:305,3,Severe_Damage,L3_S1,-1812,1114,14916,-190,43,-122,0,50.77
1480,20:19:42:315,3,Severe_Damage,L3_S1,-1822,1118,14912,-191,19,-119,0,46.77
1481,20:19:42:325,3,Severe_Damage,L3_S1,-1830,1098,14924,-191,36,-117,0,58.77
1482,20:19:42:335,3,Severe_Damage,L3_S1,-1852,1132,14894,-196,32,-119,0,28.77
1483,20:19:42:345,3,Severe_Damage,L3_S1,-1842,1126,14822,-192,24,-120,0,-43.23
1484,20:19:42:355,3,Severe_Damage,L3_S1,-1776,1068,14864,-190,38,-128,0,-1.23
1485,20:19:42:365,3,Severe_Damage,L3_S1,-1834,1102,14858,-189,21,-120,0,-7.23
1486,20:19:42:375,3,Severe_Damage,L3_S1,-1756,1072,14858,-182,40,-120,0,-7.23
1487,20:19:42:385,3,Severe_Damage,L3_S1,-1794,1084,14862,-193,22,-119,0,-3.23
1488,20:19:42:395,3,Severe_Damage,L3_S1,-1840,1130,14922,-185,34,-113,0,56.77
1489,20:19:42:405,3,Severe_Damage,L3_S1,-1768,1072,14908,-196,34,-123,0,42.77
1490,20:19:42:415,3,Severe_Damage,L3_S1,-1870,1126,14868,-191,33,-118,0,2.77
1491,20:19:42:426,3,Severe_Damage,L3_S1,-1812,1088,14868,-196,37,-118,0,2.77
1492,20:19:42:435,3,Severe_Damage,L3_S1,-1758,1098,14856,-192,23,-123,0,-9.23
1493,20:19:42:445,3,Severe_Damage,L3_S1,-1860,1100,14822,-194,37,-122,0,-43.23
1494,20:19:42:455,3,Severe_Damage,L3_S1,-1780,1112,14854,-190,30,-119,0,-11.23
1495,20:19:42:465,3,Severe_Damage,L3_S1,-1840,1080,14938,-190,27,-123,0,72.77
1496,20:19:42:475,3,Severe_Damage,L3_S1,-1844,1082,14896,-196,36,-126,0,30.77
1497,20:19:42:485,3,Severe_Damage,L3_S1,-1778,1104,14844,-191,26,-120,0,-21.23
1498,20:19:42:495,3,Severe_Damage,L3_S1,-1822,1116,14888,-196,36,-121,0,22.77
1499,20:19:42:505,3,Severe_Damage,L3_S1,-1794,1098,14828,-189,27,-118,0,-37.23
1500,20:19:42:515,3,Severe_Damage,L3_S1,-1844,1124,14884,-200,26,-121,0,18.77
1501,20:19:42:525,3,Severe_Damage,L3_S1,-1806,1090,14814,-184,40,-114,0,-51.23
1502,20:19:42:535,3,Severe_Damage,L3_S1,-1794,1064,14874,-199,24,-119,0,8.77
1503,20:19:42:545,3,Severe_Damage,L3_S1,-1830,1128,14832,-184,42,-123,0,-33.23
1504,20:19:42:555,3,Severe_Damage,L3_S1,-1790,1122,14872,-199,28,-124,0,6.77
1505,20:19:42:565,3,Severe_Damage,L3_S1,-1810,1098,14848,-181,35,-116,0,-17.23
1506,20:19:42:575,3,Severe_Damage,L3_S1,-1848,1106,14902,-200,29,-118,0,36.77
1507,20:19:42:585,3,Severe_Damage,L3_S1,-1774,1128,14892,-178,30,-117,0,26.77
1508,20:19:42:595,3,Severe_Damage,L3_S1,-1820,1146,14856,-198,29,-115,0,-9.23
1509,20:19:42:605,3,Severe_Damage,L3_S1,-1802,1148,14886,-189,32,-118,0,20.77
1510,20:19:42:615,3,Severe_Damage,L3_S1,-1830,1098,14854,-197,26,-122,0,-11.23
1511,20:19:42:625,3,Severe_Damage,L3_S1,-1794,1112,14882,-192,37,-115,0,16.77
1512,20:19:42:636,3,Severe_Damage,L3_S1,-1832,1082,14920,-191,36,-123,0,54.77
1513,20:19:42:645,3,Severe_Damage,L3_S1,-1810,1062,14772,-191,28,-119,0,-93.23
1514,20:19:42:655,3,Severe_Damage,L3_S1,-1792,1136,14880,-184,27,-121,0,14.77
1515,20:19:42:665,3,Severe_Damage,L3_S1,-1828,1120,14908,-194,29,-126,0,42.77
1516,20:19:42:675,3,Severe_Damage,L3_S1,-1816,1088,14882,-190,28,-112,0,16.77
1517,20:19:42:685,3,Severe_Damage,L3_S1,-1802,1088,14850,-194,36,-119,0,-15.23
1518,20:19:42:695,3,Severe_Damage,L3_S1,-1824,1120,14830,-184,29,-120,0,-35.23
1519,20:19:42:705,3,Severe_Damage,L3_S1,-1798,1132,14894,-193,32,-130,0,28.77
1520,20:19:42:715,3,Severe_Damage,L3_S1,-1864,1080,14882,-179,27,-115,0,16.77
1521,20:19:42:725,3,Severe_Damage,L3_S1,-1788,1112,14948,-192,26,-130,0,82.77
1522,20:19:42:735,3,Severe_Damage,L3_S1,-1786,1102,14834,-187,35,-117,0,-31.23
1523,20:19:42:745,3,Severe_Damage,L3_S1,-1874,1080,14858,-195,30,-116,0,-7.23
1524,20:19:42:755,3,Severe_Damage,L3_S1,-1836,1054,14814,-191,27,-111,0,-51.23
1525,20:19:42:765,3,Severe_Damage,L3_S1,-1800,1086,14778,-196,32,-125,0,-87.23
1526,20:19:42:775,3,Severe_Damage,L3_S1,-1858,1158,14892,-196,32,-116,0,26.77
1527,20:19:42:785,3,Severe_Damage,L3_S1,-1832,1124,14860,-192,34,-119,0,-5.23
1528,20:19:42:795,3,Severe_Damage,L3_S1,-1784,1042,14874,-190,24,-114,0,8.77
1529,20:19:42:805,3,Severe_Damage,L3_S1,-1826,1152,14890,-183,31,-116,0,24.77
1530,20:19:42:815,3,Severe_Damage,L3_S1,-1812,1068,14854,-191,19,-123,0,-11.23
1531,20:19:42:825,3,Severe_Damage,L3_S1,-1860,1124,14872,-189,34,-123,0,6.77
1532,20:19:42:835,3,Severe_Damage,L3_S1,-1828,1114,14862,-194,28,-118,0,-3.23
1533,20:19:42:845,3,Severe_Damage,L3_S1,-1800,1118,14814,-187,34,-119,0,-51.23
1534,20:19:42:855,3,Severe_Damage,L3_S1,-1838,1078,14864,-195,32,-122,0,-1.23
1535,20:19:42:865,3,Severe_Damage,L3_S1,-1792,1136,14874,-192,31,-122,0,8.77
1536,20:19:42:875,3,Severe_Damage,L3_S1,-1828,1122,14934,-195,32,-119,0,68.77
1537,20:19:42:885,3,Severe_Damage,L3_S1,-1780,1160,14836,-191,25,-122,0,-29.23
1538,20:19:42:895,3,Severe_Damage,L3_S1,-1836,1062,14872,-188,32,-119,0,6.77
1539,20:19:42:905,3,Severe_Damage,L3_S1,-1822,1104,14778,-187,23,-118,0,-87.23
1540,20:19:42:915,3,Severe_Damage,L3_S1,-1840,1098,14870,-184,36,-118,0,4.77
1541,20:19:42:925,3,Severe_Damage,L3_S1,-1794,1134,14832,-191,21,-122,0,-33.23
1542,20:19:42:935,3,Severe_Damage,L3_S1,-1802,1112,14866,-193,28,-117,0,0.77
1543,20:19:42:945,3,Severe_Damage,L3_S1,-1802,1116,14876,-187,31,-123,0,10.77
1544,20:19:42:955,3,Severe_Damage,L3_S1,-1818,1076,14862,-197,31,-114,0,-3.23
1545,20:19:42:965,3,Severe_Damage,L3_S1,-1862,1110,14860,-183,42,-114,0,-5.23
1546,20:19:42:975,3,Severe_Damage,L3_S1,-1804,1144,14916,-195,30,-123,0,50.77
1547,20:19:42:985,3,Severe_Damage,L3_S1,-1830,1096,14914,-189,28,-117,0,48.77
1548,20:19:42:995,3,Severe_Damage,L3_S1,-1810,1124,14852,-202,29,-123,0,-13.23
1549,20:19:43:005,3,Severe_Damage,L3_S1,-1826,1104,14806,-187,31,-115,0,-59.23
1550,20:19:43:015,3,Severe_Damage,L3_S1,-1820,1052,14816,-197,33,-121,0,-49.23
1551,20:19:43:025,3,Severe_Damage,L3_S1,-1806,1114,14866,-181,24,-117,0,0.77
1552,20:19:43:035,3,Severe_Damage,L3_S1,-1786,1088,14876,-196,25,-114,0,10.77
1553,20:19:43:046,3,Severe_Damage,L3_S1,-1852,1084,14832,-187,32,-112,0,-33.23
1554,20:19:43:055,3,Severe_Damage,L3_S1,-1800,1126,14850,-200,17,-116,0,-15.23
1555,20:19:43:065,3,Severe_Damage,L3_S1,-1830,1100,14830,-183,36,-118,0,-35.23
1556,20:19:43:075,3,Severe_Damage,L3_S1,-1774,1084,14874,-204,31,-119,0,8.77
1557,20:19:43:085,3,Severe_Damage,L3_S1,-1764,1174,14940,-184,40,-120,0,74.77
1558,20:19:43:096,3,Severe_Damage,L3_S1,-1804,1040,14882,-197,29,-117,0,16.77
1559,20:19:43:105,3,Severe_Damage,L3_S1,-1844,1100,14834,-192,38,-111,0,-31.23
1560,20:19:43:115,3,Severe_Damage,L3_S1,-1812,1122,14866,-193,23,-113,0,0.77
1561,20:19:43:125,3,Severe_Damage,L3_S1,-1816,1086,14836,-190,32,-121,0,-29.23
1562,20:19:43:135,3,Severe_Damage,L3_S1,-1816,1088,14852,-182,26,-115,0,-13.23
1563,20:19:43:145,3,Severe_Damage,L3_S1,-1784,1100,14896,-187,38,-115,0,30.77
1564,20:19:43:155,3,Severe_Damage,L3_S1,-1786,1052,14830,-188,38,-117,0,-35.23
1565,20:19:43:165,3,Severe_Damage,L3_S1,-1826,1120,14928,-197,29,-122,0,62.77
1566,20:19:43:175,3,Severe_Damage,L3_S1,-1792,1138,14826,-184,34,-117,0,-39.23
1567,20:19:43:185,3,Severe_Damage,L3_S1,-1828,1080,14834,-199,23,-119,0,-31.23
1568,20:19:43:195,3,Severe_Damage,L3_S1,-1842,1070,14856,-202,37,-121,0,-9.23
1569,20:19:43:205,3,Severe_Damage,L3_S1,-1814,1082,14838,-186,28,-120,0,-27.23
1570,20:19:43:215,3,Severe_Damage,L3_S1,-1772,1128,14930,-197,30,-123,0,64.77
1571,20:19:43:225,3,Severe_Damage,L3_S1,-1800,1090,14808,-190,29,-118,0,-57.23
1572,20:19:43:236,3,Severe_Damage,L3_S1,-1818,1096,14882,-192,31,-125,0,16.77
1573,20:19:43:245,3,Severe_Damage,L3_S1,-1796,1096,14846,-183,33,-119,0,-19.23
1574,20:19:43:255,3,Severe_Damage,L3_S1,-1820,1090,14804,-195,33,-114,0,-61.23
1575,20:19:43:265,3,Severe_Damage,L3_S1,-1808,1020,14790,-194,29,-113,0,-75.23
1576,20:19:43:275,3,Severe_Damage,L3_S1,-1828,1140,14878,-195,22,-114,0,12.77
1577,20:19:43:285,3,Severe_Damage,L3_S1,-1818,1112,14926,-197,22,-113,0,60.77
1578,20:19:43:295,3,Severe_Damage,L3_S1,-1820,1056,14864,-184,35,-113,0,-1.23
1579,20:19:43:305,3,Severe_Damage,L3_S1,-1838,1074,14870,-188,28,-112,0,4.77
1580,20:19:43:315,3,Severe_Damage,L3_S1,-1844,1090,14832,-185,36,-115,0,-33.23
1581,20:19:43:325,3,Severe_Damage,L3_S1,-1790,1054,14860,-195,30,-117,0,-5.23
1582,20:19:43:335,3,Severe_Damage,L3_S1,-1798,1118,14896,-188,36,-117,0,30.77
1583,20:19:43:346,3,Severe_Damage,L3_S1,-1780,1056,14920,-188,33,-126,0,54.77
1584,20:19:43:355,3,Severe_Damage,L3_S1,-1788,1148,14842,-186,30,-117,0,-23.23
1585,20:19:43:365,3,Severe_Damage,L3_S1,-1822,1100,14788,-189,34,-123,0,-77.23
1586,20:19:43:376,3,Severe_Damage,L3_S1,-1790,1142,14824,-195,20,-115,0,-41.23
1587,20:19:43:385,3,Severe_Damage,L3_S1,-1854,1100,14914,-197,32,-118,0,48.77
1588,20:19:43:396,3,Severe_Damage,L3_S1,-1790,1106,14792,-186,25,-121,0,-73.23
1589,20:19:43:405,3,Severe_Damage,L3_S1,-1806,1100,14888,-193,30,-113,0,22.77
1590,20:19:43:415,3,Severe_Damage,L3_S1,-1778,1120,14848,-188,31,-119,0,-17.23
1591,20:19:43:425,3,Severe_Damage,L3_S1,-1796,1148,14824,-188,31,-116,0,-41.23
1592,20:19:43:436,3,Severe_Damage,L3_S1,-1818,1090,14892,-191,38,-119,0,26.77
1593,20:19:43:445,3,Severe_Damage,L3_S1,-1800,1116,14858,-190,30,-122,0,-7.23
1594,20:19:43:456,3,Severe_Damage,L3_S1,-1814,1110,14858,-192,30,-118,0,-7.23
1595,20:19:43:465,3,Severe_Damage,L3_S1,-1804,1036,14860,-201,29,-120,0,-5.23
1596,20:19:43:476,3,Severe_Damage,L3_S1,-1826,1126,14844,-189,34,-118,0,-21.23
1597,20:19:43:486,3,Severe_Damage,L3_S1,-1826,1096,14942,-199,22,-124,0,76.77
1598,20:19:43:496,3,Severe_Damage,L3_S1,-1832,1136,14942,-186,27,-118,0,76.77
1599,20:19:43:505,3,Severe_Damage,L3_S1,-1754,1082,14820,-193,22,-122,0,-45.23
1600,20:19:43:516,3,Severe_Damage,L3_S1,-1794,1106,14898,-184,24,-117,0,32.77
1601,20:19:43:526,3,Severe_Damage,L3_S1,-1808,1100,14864,-192,28,-120,0,-1.23
1602,20:19:43:536,3,Severe_Damage,L3_S1,-1824,1142,14842,-190,33,-123,0,-23.23
1603,20:19:43:546,3,Severe_Damage,L3_S1,-1826,1098,14848,-194,21,-120,0,-17.23
1604,20:19:43:556,3,Severe_Damage,L3_S1,-1806,1048,14888,-184,37,-124,0,22.77
1605,20:19:43:566,3,Severe_Damage,L3_S1,-1800,1072,14842,-194,28,-116,0,-23.23
1606,20:19:43:576,3,Severe_Damage,L3_S1,-1822,1128,14844,-185,29,-120,0,-21.23
1607,20:19:43:585,3,Severe_Damage,L3_S1,-1810,1110,14904,-196,27,-118,0,38.77
1608,20:19:43:596,3,Severe_Damage,L3_S1,-1860,1122,14904,-189,27,-115,0,38.77
1609,20:19:43:606,3,Severe_Damage,L3_S1,-1812,1118,14886,-184,28,-119,0,20.77
1610,20:19:43:616,3,Severe_Damage,L3_S1,-1822,1114,14824,-192,20,-116,0,-41.23
1611,20:19:43:626,3,Severe_Damage,L3_S1,-1778,1122,14868,-183,29,-121,0,2.77
1612,20:19:43:636,3,Severe_Damage,L3_S1,-1806,1106,14878,-197,30,-115,0,12.77
1613,20:19:43:646,3,Severe_Damage,L3_S1,-1786,1134,14856,-184,26,-114,0,-9.23
1614,20:19:43:656,3,Severe_Damage,L3_S1,-1782,1094,14916,-197,32,-124,0,50.77
1615,20:19:43:666,3,Severe_Damage,L3_S1,-1828,1064,14868,-180,32,-115,0,2.77
1616,20:19:43:676,3,Severe_Damage,L3_S1,-1782,1134,14862,-190,36,-122,0,-3.23
1617,20:19:43:686,3,Severe_Damage,L3_S1,-1842,1162,14902,-179,36,-114,0,36.77
1618,20:19:43:696,3,Severe_Damage,L3_S1,-1784,1096,14842,-199,31,-116,0,-23.23
1619,20:19:43:706,3,Severe_Damage,L3_S1,-1764,1104,14884,-187,35,-116,0,18.77
1620,20:19:43:716,3,Severe_Damage,L3_S1,-1770,1108,14862,-194,26,-120,0,-3.23
1621,20:19:43:726,3,Severe_Damage,L3_S1,-1834,1100,14886,-183,29,-120,0,20.77
1622,20:19:43:736,3,Severe_Damage,L3_S1,-1798,1058,14910,-195,28,-122,0,44.77
1623,20:19:43:746,3,Severe_Damage,L3_S1,-1780,1082,14942,-194,32,-124,0,76.77
1624,20:19:43:756,3,Severe_Damage,L3_S1,-1760,1058,14860,-189,25,-120,0,-5.23
1625,20:19:43:766,3,Severe_Damage,L3_S1,-1816,1122,14862,-191,31,-121,0,-3.23
1626,20:19:43:776,3,Severe_Damage,L3_S1,-1850,1122,14840,-185,28,-116,0,-25.23
1627,20:19:43:786,3,Severe_Damage,L3_S1,-1840,1148,14854,-196,29,-120,0,-11.23
1628,20:19:43:796,3,Severe_Damage,L3_S1,-1800,1090,14828,-192,33,-125,0,-37.23
1629,20:19:43:806,3,Severe_Damage,L3_S1,-1794,1124,14900,-194,27,-124,0,34.77
1630,20:19:43:816,3,Severe_Damage,L3_S1,-1782,1102,14852,-188,28,-118,0,-13.23
1631,20:19:43:826,3,Severe_Damage,L3_S1,-1764,1112,14884,-195,32,-117,0,18.77
1632,20:19:43:836,3,Severe_Damage,L3_S1,-1766,1158,14820,-182,32,-118,0,-45.23
1633,20:19:43:846,3,Severe_Damage,L3_S1,-1814,1120,14838,-195,26,-122,0,-27.23
1634,20:19:43:856,3,Severe_Damage,L3_S1,-1788,1100,14868,-187,32,-115,0,2.77
1635,20:19:43:866,3,Severe_Damage,L3_S1,-1804,1116,14906,-195,33,-121,0,40.77
1636,20:19:43:876,3,Severe_Damage,L3_S1,-1810,1114,14834,-189,25,-118,0,-31.23
1637,20:19:43:886,3,Severe_Damage,L3_S1,-1798,1092,14818,-188,33,-119,0,-47.23
1638,20:19:43:896,3,Severe_Damage,L3_S1,-1776,1098,14902,-193,28,-120,0,36.77
1639,20:19:43:906,3,Severe_Damage,L3_S1,-1836,1126,14920,-188,37,-118,0,54.77
1640,20:19:43:916,3,Severe_Damage,L3_S1,-1792,1078,14914,-187,22,-119,0,48.77
1641,20:19:43:926,3,Severe_Damage,L3_S1,-1856,1136,14940,-188,30,-119,0,74.77
1642,20:19:43:936,3,Severe_Damage,L3_S1,-1828,1082,14890,-190,28,-121,0,24.77
1643,20:19:43:946,3,Severe_Damage,L3_S1,-1804,1098,14832,-189,33,-121,0,-33.23
1644,20:19:43:956,3,Severe_Damage,L3_S1,-1832,1116,14824,-197,27,-117,0,-41.23
1645,20:19:43:966,3,Severe_Damage,L3_S1,-1824,1112,14904,-195,30,-117,0,38.77
1646,20:19:43:976,3,Severe_Damage,L3_S1,-1858,1126,14892,-194,27,-115,0,26.77
1647,20:19:43:986,3,Severe_Damage,L3_S1,-1808,1118,14874,-191,29,-120,0,8.77
1648,20:19:43:996,3,Severe_Damage,L3_S1,-1810,1166,14858,-192,31,-115,0,-7.23
1649,20:19:44:006,3,Severe_Damage,L3_S1,-1802,1094,14934,-196,21,-117,0,68.77
1650,20:19:44:016,3,Severe_Damage,L3_S1,-1850,1126,14854,-190,36,-117,0,-11.23
1651,20:19:44:026,3,Severe_Damage,L3_S1,-1814,1098,14868,-194,21,-119,0,2.77
1652,20:19:44:036,3,Severe_Damage,L3_S1,-1746,1096,14874,-187,37,-124,0,8.77
1653,20:19:44:046,3,Severe_Damage,L3_S1,-1784,1120,14846,-195,31,-120,0,-19.23
1654,20:19:44:056,3,Severe_Damage,L3_S1,-1774,1068,14838,-191,26,-119,0,-27.23
1655,20:19:44:066,3,Severe_Damage,L3_S1,-1808,1086,14836,-192,33,-115,0,-29.23
1656,20:19:44:076,3,Severe_Damage,L3_S1,-1834,1124,14818,-190,26,-114,0,-47.23
1657,20:19:44:086,3,Severe_Damage,L3_S1,-1826,1088,14884,-185,31,-119,0,18.77
1658,20:19:44:096,3,Severe_Damage,L3_S1,-1798,1112,14822,-196,34,-123,0,-43.23
1659,20:19:44:106,3,Severe_Damage,L3_S1,-1774,1092,14932,-190,25,-119,0,66.77
1660,20:19:44:116,3,Severe_Damage,L3_S1,-1796,1070,14932,-192,33,-117,0,66.77
1661,20:19:44:126,3,Severe_Damage,L3_S1,-1828,1078,14826,-189,35,-114,0,-39.23
1662,20:19:44:136,3,Severe_Damage,L3_S1,-1842,1054,14848,-195,24,-120,0,-17.23
1663,20:19:44:146,3,Severe_Damage,L3_S1,-1824,1062,14812,-183,34,-113,0,-53.23
1664,20:19:44:156,3,Severe_Damage,L3_S1,-1846,1106,14868,-199,29,-117,0,2.77
1665,20:19:44:166,3,Severe_Damage,L3_S1,-1806,1148,14836,-176,30,-116,0,-29.23
1666,20:19:44:176,3,Severe_Damage,L3_S1,-1828,1088,14902,-197,26,-119,0,36.77
1667,20:19:44:186,3,Severe_Damage,L3_S1,-1870,1094,14846,-186,39,-114,0,-19.23
1668,20:19:44:196,3,Severe_Damage,L3_S1,-1816,1106,14930,-200,22,-121,0,64.77
1669,20:19:44:206,3,Severe_Damage,L3_S1,-1846,1090,14968,-193,30,-117,0,102.77
1670,20:19:44:216,3,Severe_Damage,L3_S1,-1790,1180,14860,-201,30,-128,0,-5.23
1671,20:19:44:226,3,Severe_Damage,L3_S1,-1810,1060,14818,-183,30,-115,0,-47.23
1672,20:19:44:236,3,Severe_Damage,L3_S1,-1696,1096,14918,-204,35,-121,0,52.77
1673,20:19:44:246,3,Severe_Damage,L3_S1,-1858,1156,14794,-188,26,-108,0,-71.23
1674,20:19:44:256,3,Severe_Damage,L3_S1,-1806,1084,14886,-202,28,-128,0,20.77
1675,20:19:44:266,3,Severe_Damage,L3_S1,-1792,1192,14804,-187,40,-116,0,-61.23
1676,20:19:44:276,3,Severe_Damage,L3_S1,-1846,1048,14900,-200,2,-105,0,34.77
1677,20:19:44:286,3,Severe_Damage,L3_S1,-1728,1134,14860,-185,55,-131,0,-5.23
1678,20:19:44:296,3,Severe_Damage,L3_S1,-1930,1068,14836,-201,-7,-106,0,-29.23
1679,20:19:44:306,3,Severe_Damage,L3_S1,-1722,1110,14896,-182,57,-130,0,30.77
1680,20:19:44:316,3,Severe_Damage,L3_S1,-1846,1118,14878,-198,13,-120,0,12.77
1681,20:19:44:326,3,Severe_Damage,L3_S1,-1902,1078,14812,-191,27,-118,0,-53.23
1682,20:19:44:336,3,Severe_Damage,L3_S1,-1734,1076,14860,-183,50,-128,0,-5.23
1683,20:19:44:346,3,Severe_Damage,L3_S1,-1946,1118,14890,-195,-1,-107,0,24.77
1684,20:19:44:356,3,Severe_Damage,L3_S1,-1748,1086,14872,-178,62,-132,0,6.77
1685,20:19:44:366,3,Severe_Damage,L3_S1,-1844,1066,14790,-194,6,-114,0,-75.23
1686,20:19:44:376,3,Severe_Damage,L3_S1,-1824,1134,14854,-183,33,-117,0,-11.23
1687,20:19:44:386,3,Severe_Damage,L3_S1,-1762,1122,14928,-189,43,-123,0,62.77
1688,20:19:44:396,3,Severe_Damage,L3_S1,-1934,1122,14864,-195,4,-106,0,-1.23
1689,20:19:44:406,3,Severe_Damage,L3_S1,-1716,1120,14874,-185,68,-134,0,8.77
1690,20:19:44:416,3,Severe_Damage,L3_S1,-1888,1112,14828,-197,-4,-110,0,-37.23
1691,20:19:44:426,3,Severe_Damage,L3_S1,-1810,1134,14864,-185,55,-122,0,-1.23
1692,20:19:44:436,3,Severe_Damage,L3_S1,-1758,1086,14856,-186,25,-114,0,-9.23
1693,20:19:44:446,3,Severe_Damage,L3_S1,-1830,1120,14820,-194,13,-109,0,-45.23
1694,20:19:44:456,3,Severe_Damage,L3_S1,-1732,1132,14940,-194,62,-126,0,74.77
1695,20:19:44:466,3,Severe_Damage,L3_S1,-1868,1090,14854,-198,-2,-114,0,-11.23
1696,20:19:44:476,3,Severe_Damage,L3_S1,-1822,1056,14878,-190,52,-131,0,12.77
1697,20:19:44:486,3,Severe_Damage,L3_S1,-1812,1070,14832,-200,14,-121,0,-33.23
1698,20:19:44:496,3,Severe_Damage,L3_S1,-1884,1116,14838,-193,26,-115,0,-27.23
1699,20:19:44:506,3,Severe_Damage,L3_S1,-1710,1068,14924,-190,41,-127,0,58.77
1700,20:19:44:516,3,Severe_Damage,L3_S1,-1850,1128,14852,-190,9,-112,0,-13.23
1701,20:19:44:526,3,Severe_Damage,L3_S1,-1710,1106,14804,-183,53,-128,0,-61.23
1702,20:19:44:536,3,Severe_Damage,L3_S1,-1864,1098,14830,-189,15,-109,0,-35.23
1703,20:19:44:546,3,Severe_Damage,L3_S1,-1790,1082,14842,-189,36,-119,0,-23.23
1704,20:19:44:556,3,Severe_Damage,L3_S1,-1774,1076,14842,-195,40,-126,0,-23.23
1705,20:19:44:566,3,Severe_Damage,L3_S1,-1858,1120,14896,-186,18,-111,0,30.77
1706,20:19:44:576,3,Severe_Damage,L3_S1,-1736,1132,14890,-194,49,-122,0,24.77
1707,20:19:44:586,3,Severe_Damage,L3_S1,-1884,1098,14886,-183,16,-115,0,20.77
1708,20:19:44:596,3,Severe_Damage,L3_S1,-1798,1124,14840,-196,47,-126,0,-25.23
1709,20:19:44:606,3,Severe_Damage,L3_S1,-1820,1070,14868,-183,30,-113,0,2.77
1710,20:19:44:616,3,Severe_Damage,L3_S1,-1858,1046,14896,-202,25,-112,0,30.77
1711,20:19:44:626,3,Severe_Damage,L3_S1,-1780,1042,14902,-185,44,-126,0,36.77
1712,20:19:44:636,3,Severe_Damage,L3_S1,-1836,1092,14842,-199,3,-117,0,-23.23
1713,20:19:44:646,3,Severe_Damage,L3_S1,-1794,1108,14860,-180,49,-127,0,-5.23
1714,20:19:44:656,3,Severe_Damage,L3_S1,-1822,1074,14856,-209,8,-117,0,-9.23
1715,20:19:44:666,3,Severe_Damage,L3_S1,-1834,1094,14880,-185,41,-116,0,14.77
1716,20:19:44:676,3,Severe_Damage,L3_S1,-1824,1090,14840,-196,25,-123,0,-25.23
1717,20:19:44:686,3,Severe_Damage,L3_S1,-1834,1092,14830,-185,23,-116,0,-35.23
1718,20:19:44:696,3,Severe_Damage,L3_S1,-1748,1102,14910,-196,47,-125,0,44.77
1719,20:19:44:706,3,Severe_Damage,L3_S1,-1834,1100,14788,-194,15,-114,0,-77.23
1720,20:19:44:716,3,Severe_Damage,L3_S1,-1748,1136,14804,-189,39,-123,0,-61.23
1721,20:19:44:726,3,Severe_Damage,L3_S1,-1824,1128,14880,-190,33,-118,0,14.77
1722,20:19:44:736,3,Severe_Damage,L3_S1,-1808,1086,14874,-185,32,-120,0,8.77
1723,20:19:44:746,3,Severe_Damage,L3_S1,-1760,1128,14874,-194,39,-119,0,8.77
1724,20:19:44:756,3,Severe_Damage,L3_S1,-1880,1098,14802,-188,11,-113,0,-63.23
1725,20:19:44:766,3,Severe_Damage,L3_S1,-1764,1088,14822,-192,42,-121,0,-43.23
1726,20:19:44:776,3,Severe_Damage,L3_S1,-1880,1144,14870,-186,22,-116,0,4.77
1727,20:19:44:786,3,Severe_Damage,L3_S1,-1782,1052,14904,-203,35,-119,0,38.77
1728,20:19:44:796,3,Severe_Damage,L3_S1,-1798,1108,14844,-189,35,-120,0,-21.23
1729,20:19:44:806,3,Severe_Damage,L3_S1,-1798,1134,14878,-198,21,-115,0,12.77
1730,20:19:44:816,3,Severe_Damage,L3_S1,-1772,1084,14850,-177,40,-112,0,-15.23
1731,20:19:44:826,3,Severe_Damage,L3_S1,-1822,1118,14794,-191,13,-112,0,-71.23
1732,20:19:44:836,3,Severe_Damage,L3_S1,-1794,1088,14878,-184,41,-117,0,12.77
1733,20:19:44:846,3,Severe_Damage,L3_S1,-1838,1066,14894,-199,28,-117,0,28.77
1734,20:19:44:856,3,Severe_Damage,L3_S1,-1808,1120,14850,-193,27,-116,0,-15.23
1735,20:19:44:866,3,Severe_Damage,L3_S1,-1788,1076,14862,-191,39,-121,0,-3.23
1736,20:19:44:876,3,Severe_Damage,L3_S1,-1782,1102,14874,-185,15,-117,0,8.77
1737,20:19:44:886,3,Severe_Damage,L3_S1,-1792,1108,14814,-186,44,-124,0,-51.23
1738,20:19:44:896,3,Severe_Damage,L3_S1,-1842,1104,14908,-197,20,-121,0,42.77
1739,20:19:44:906,3,Severe_Damage,L3_S1,-1798,1108,14896,-189,32,-122,0,30.77
1740,20:19:44:916,3,Severe_Damage,L3_S1,-1808,1132,14906,-194,34,-120,0,40.77
1741,20:19:44:926,3,Severe_Damage,L3_S1,-1872,1098,14882,-193,30,-111,0,16.77
1742,20:19:44:936,3,Severe_Damage,L3_S1,-1794,1116,14910,-194,41,-119,0,44.77
1743,20:19:44:946,3,Severe_Damage,L3_S1,-1838,1128,14902,-185,21,-118,0,36.77
1744,20:19:44:956,3,Severe_Damage,L3_S1,-1804,1112,14876,-191,33,-119,0,10.77
1745,20:19:44:966,3,Severe_Damage,L3_S1,-1802,1112,14848,-184,23,-115,0,-17.23
1746,20:19:44:976,3,Severe_Damage,L3_S1,-1806,1114,14858,-190,26,-117,0,-7.23
1747,20:19:44:986,3,Severe_Damage,L3_S1,-1804,1126,14868,-191,39,-126,0,2.77
1748,20:19:44:996,3,Severe_Damage,L3_S1,-1830,1164,14852,-188,19,-120,0,-13.23
1749,20:19:45:006,3,Severe_Damage,L3_S1,-1816,1102,14892,-189,35,-118,0,26.77
1750,20:19:45:016,3,Severe_Damage,L3_S1,-1822,1130,14870,-194,27,-119,0,4.77
1751,20:19:45:026,3,Severe_Damage,L3_S1,-1768,1100,14868,-194,28,-122,0,2.77
1752,20:19:45:036,3,Severe_Damage,L3_S1,-1830,1206,14742,-134,58,-107,0,-123.23
1753,20:19:45:046,3,Severe_Damage,L3_S1,-1804,1056,14902,-170,-6,-111,0,36.77
1754,20:19:45:056,3,Severe_Damage,L3_S1,-1806,1180,14864,-84,57,-106,0,-1.23
1755,20:19:45:066,3,Severe_Damage,L3_S1,-1828,1068,14898,-126,16,-109,0,32.77
1756,20:19:45:076,3,Severe_Damage,L3_S1,-1848,1108,14896,-122,27,-106,0,30.77
1757,20:19:45:086,3,Severe_Damage,L3_S1,-1822,1172,14950,-124,44,-114,0,84.77
1758,20:19:45:096,3,Severe_Damage,L3_S1,-1746,1098,14974,-169,10,-111,0,108.77
1759,20:19:45:106,3,Severe_Damage,L3_S1,-1838,1106,14910,-162,56,-121,0,44.77
1760,20:19:45:116,3,Severe_Damage,L3_S1,-1906,1090,14882,-224,3,-120,0,16.77
1761,20:19:45:126,3,Severe_Damage,L3_S1,-1740,1148,14946,-231,28,-130,0,80.77
1762,20:19:45:136,3,Severe_Damage,L3_S1,-1750,1042,14936,-286,55,-133,0,70.77
1763,20:19:45:146,3,Severe_Damage,L3_S1,-1848,1156,14816,-249,23,-124,0,-49.23
1764,20:19:45:156,3,Severe_Damage,L3_S1,-1794,1034,14926,-316,32,-146,0,60.77
1765,20:19:45:166,3,Severe_Damage,L3_S1,-1802,1104,14750,-253,23,-125,0,-115.23
1766,20:19:45:176,3,Severe_Damage,L3_S1,4244,-3292,-8210,842,200,23,1,-23075.23
1767,20:19:45:187,3,Severe_Damage,L3_S1,36,4042,-16832,15535,-9950,3595,1,-31697.23
1768,20:19:45:196,3,Severe_Damage,L3_S1,-1456,-21426,32767,301,11591,-1531,1,17901.77
1769,20:19:45:206,3,Severe_Damage,L3_S1,706,23922,-1806,23042,1328,3774,1,-16671.23
1770,20:19:45:216,3,Severe_Damage,L3_S1,-5820,-7134,32767,1950,-6777,1271,1,17901.77
1771,20:19:45:226,3,Severe_Damage,L3_S1,-2806,8326,25994,9726,8613,-7,1,11128.77
1772,20:19:45:236,3,Severe_Damage,L3_S1,-2928,7088,22578,-1369,-5796,654,1,7712.77
1773,20:19:45:246,3,Severe_Damage,L3_S1,-9850,-2438,32767,-4709,1420,-837,1,17901.77
1774,20:19:45:256,3,Severe_Damage,L3_S1,4260,10550,17042,-6639,2851,-2133,1,2176.77
1775,20:19:45:267,3,Severe_Damage,L3_S1,-9532,-2024,25290,-14458,-4221,-1248,0,10424.77
1776,20:19:45:277,3,Severe_Damage,L3_S1,436,6300,15660,-11250,3143,-2829,1,794.77
1777,20:19:45:286,3,Severe_Damage,L3_S1,32,-1736,15054,-17512,-3075,-2420,1,188.77
1778,20:19:45:297,3,Severe_Damage,L3_S1,-5974,3772,7266,-12773,889,-2055,1,-7599.23
1779,20:19:45:307,3,Severe_Damage,L3_S1,7192,-2660,10304,-14703,-883,-2986,1,-4561.23
1780,20:19:45:316,3,Severe_Damage,L3_S1,-10568,830,-302,-9205,-108,-694,1,-15167.23
1781,20:19:45:326,3,Severe_Damage,L3_S1,11654,-2136,5418,-7319,-377,-2161,1,-9447.23
1782,20:19:45:336,3,Severe_Damage,L3_S1,-10020,-1324,118,-1874,-164,539,1,-14747.23
1783,20:19:45:346,3,Severe_Damage,L3_S1,7134,-1102,3558,1934,688,-507,1,-11307.23
1784,20:19:45:356,3,Severe_Damage,L3_S1,-3394,-850,4498,6508,-763,1437,1,-10367.23
1785,20:19:45:366,3,Severe_Damage,L3_S1,-1284,18,7386,9723,1237,1299,1,-7479.23
1786,20:19:45:376,3,Severe_Damage,L3_S1,2028,1040,11502,12704,242,1734,1,-3363.23
1787,20:19:45:386,3,Severe_Damage,L3_S1,-6930,1482,13972,13557,-402,2549,1,-893.23
1788,20:19:45:396,3,Severe_Damage,L3_S1,2682,2700,19868,14147,2147,1460,1,5002.77
1789,20:19:45:407,3,Severe_Damage,L3_S1,-6712,3038,20820,12454,-1409,2598,1,5954.77
1790,20:19:45:416,3,Severe_Damage,L3_S1,-974,3428,25452,10219,1255,1156,1,10586.77
1791,20:19:45:426,3,Severe_Damage,L3_S1,-3620,3888,26664,6978,1006,969,1,11798.77
1792,20:19:45:436,3,Severe_Damage,L3_S1,-6218,3690,26430,2567,-1858,806,1,11564.77
1793,20:19:45:446,3,Severe_Damage,L3_S1,256,4006,27504,-1103,2257,-948,1,12638.77
1794,20:19:45:456,3,Severe_Damage,L3_S1,-6342,3400,24484,-5644,-1375,-510,1,9618.77
1795,20:19:45:467,3,Severe_Damage,L3_S1,-3104,3286,22482,-8965,-121,-1619,1,7616.77
1796,20:19:45:476,3,Severe_Damage,L3_S1,-222,2686,19714,-11637,636,-2228,1,4848.77
1797,20:19:45:487,3,Severe_Damage,L3_S1,-5486,1682,14948,-13487,-1901,-1751,1,82.77
1798,20:19:45:497,3,Severe_Damage,L3_S1,2210,1354,12912,-13534,1022,-2785,1,-1953.23
1799,20:19:45:506,3,Severe_Damage,L3_S1,-3570,80,8078,-13013,-1598,-1714,0,-6787.23
1800,20:19:45:516,3,Severe_Damage,L3_S1,890,-294,6384,-10701,427,-2065,1,-8481.23
1801,20:19:45:526,3,Severe_Damage,L3_S1,274,-942,3934,-7800,-772,-1240,1,-10931.23
1802,20:19:45:536,3,Severe_Damage,L3_S1,-1864,-1286,2868,-4174,113,-663,1,-11997.23
1803,20:19:45:546,3,Severe_Damage,L3_S1,3000,-1078,3786,7,31,-345,1,-11079.23
1804,20:19:45:556,3,Severe_Damage,L3_S1,-3660,-966,3934,3799,-197,868,1,-10931.23
1805,20:19:45:566,3,Severe_Damage,L3_S1,2910,-150,7436,7560,995,707,0,-7429.23
1806,20:19:45:576,3,Severe_Damage,L3_S1,-3864,378,9122,10188,-562,1919,1,-5743.23
1807,20:19:45:586,3,Severe_Damage,L3_S1,274,1216,13558,12128,1295,1540,1,-1307.23
1808,20:19:45:597,3,Severe_Damage,L3_S1,-2634,2128,16466,12763,57,2077,0,1600.77
1809,20:19:45:606,3,Severe_Damage,L3_S1,-3418,2486,19816,12080,119,1926,1,4950.77
1810,20:19:45:616,3,Severe_Damage,L3_S1,-1316,3240,23218,10628,1394,1320,0,8352.77
1811,20:19:45:627,3,Severe_Damage,L3_S1,-5316,3298,24324,7655,-1009,1521,1,9458.77
1812,20:19:45:636,3,Severe_Damage,L3_S1,-2162,3654,26224,4531,1181,338,0,11358.77
1813,20:19:45:646,3,Severe_Damage,L3_S1,-3936,3534,26032,582,-36,93,0,11166.77
1814,20:19:45:657,3,Severe_Damage,L3_S1,-4220,3274,24724,-3248,-716,-453,1,9858.77
1815,20:19:45:667,3,Severe_Damage,L3_S1,-1486,3306,23370,-6553,1009,-1450,0,8504.77
1816,20:19:45:677,3,Severe_Damage,L3_S1,-4474,2610,19854,-9678,-1272,-1327,0,4988.77
1817,20:19:45:687,3,Severe_Damage,L3_S1,-1014,2264,17428,-11510,195,-2130,0,2562.77
1818,20:19:45:697,3,Severe_Damage,L3_S1,-1784,1376,13884,-12480,-400,-2035,1,-981.23
1819,20:19:45:707,3,Severe_Damage,L3_S1,-2166,692,10530,-12267,-720,-1933,0,-4335.23
1820,20:19:45:716,3,Severe_Damage,L3_S1,1258,28,8296,-10823,39,-2015,1,-6569.23
1821,20:19:45:727,3,Severe_Damage,L3_S1,-2606,-664,5292,-8605,-733,-1202,0,-9573.23
1822,20:19:45:736,3,Severe_Damage,L3_S1,1878,-760,4896,-5365,278,-1185,0,-9969.23
1823,20:19:45:747,3,Severe_Damage,L3_S1,-1692,-1126,3884,-1957,-504,-193,1,-10981.23
1824,20:19:45:756,3,Severe_Damage,L3_S1,560,-870,5116,1803,526,58,0,-9749.23
1825,20:19:45:766,3,Severe_Damage,L3_S1,-398,-446,6524,5266,-78,792,0,-8341.23
1826,20:19:45:776,3,Severe_Damage,L3_S1,-1574,58,8770,8130,376,1248,0,-6095.23
1827,20:19:45:786,3,Severe_Damage,L3_S1,-234,942,11910,10367,636,1428,0,-2955.23
1828,20:19:45:796,3,Severe_Damage,L3_S1,-3076,1446,14612,11315,-98,1896,0,-253.23
1829,20:19:45:807,3,Severe_Damage,L3_S1,-1040,2260,18380,11510,1033,1542,0,3514.77
1830,20:19:45:817,3,Severe_Damage,L3_S1,-3588,2614,20672,10326,-128,1719,1,5806.77
1831,20:19:45:827,3,Severe_Damage,L3_S1,-2930,3064,23128,8373,474,1188,0,8262.77
1832,20:19:45:836,3,Severe_Damage,L3_S1,-2906,3334,24672,5597,570,735,0,9806.77
1833,20:19:45:846,3,Severe_Damage,L3_S1,-4322,3306,24796,2192,-533,431,0,9930.77
1834,20:19:45:857,3,Severe_Damage,L3_S1,-2444,3394,24836,-1169,702,-463,0,9970.77
1835,20:19:45:867,3,Severe_Damage,L3_S1,-3720,2982,23120,-4652,-448,-710,0,8254.77
1836,20:19:45:877,3,Severe_Damage,L3_S1,-2866,2808,20990,-7472,-206,-1290,0,6124.77
1837,20:19:45:886,3,Severe_Damage,L3_S1,-1780,2214,18666,-9769,99,-1750,0,3800.77
1838,20:19:45:897,3,Severe_Damage,L3_S1,-2900,1660,15206,-11075,-855,-1704,1,340.77
1839,20:19:45:907,3,Severe_Damage,L3_S1,-452,1066,12660,-11333,88,-2060,1,-2205.23
1840,20:19:45:917,3,Severe_Damage,L3_S1,-1772,320,9478,-10641,-701,-1656,0,-5387.23
1841,20:19:45:927,3,Severe_Damage,L3_S1,-246,-240,7572,-8890,-109,-1562,0,-7293.23
1842,20:19:45:937,3,Severe_Damage,L3_S1,-230,-678,5906,-6391,-256,-1099,1,-8959.23
1843,20:19:45:946,3,Severe_Damage,L3_S1,-908,-882,5028,-3371,-123,-574,1,-9837.23
1844,20:19:45:956,3,Severe_Damage,L3_S1,676,-744,5528,23,142,-181,1,-9337.23
1845,20:19:45:966,3,Severe_Damage,L3_S1,-1560,-610,6226,3228,-43,538,1,-8639.23
1846,20:19:45:976,3,Severe_Damage,L3_S1,228,-68,8496,6243,521,765,0,-6369.23
1847,20:19:45:986,3,Severe_Damage,L3_S1,-1962,510,10582,8464,28,1368,1,-4283.23
1848,20:19:45:996,3,Severe_Damage,L3_S1,-1206,1180,13664,9986,586,1433,1,-1201.23
1849,20:19:46:007,3,Severe_Damage,L3_S1,-2058,1778,16410,10475,344,1593,0,1544.77
1850,20:19:46:017,3,Severe_Damage,L3_S1,-2906,2290,19046,9980,187,1552,0,4180.77
1851,20:19:46:026,3,Severe_Damage,L3_S1,-2162,2788,21612,8603,667,1181,0,6746.77
1852,20:19:46:036,3,Severe_Damage,L3_S1,-3732,2976,22922,6296,-128,1039,0,8056.77
1853,20:19:46:046,3,Severe_Damage,L3_S1,-2820,3134,24080,3547,391,396,0,9214.77
1854,20:19:46:056,3,Severe_Damage,L3_S1,-3302,3126,24016,379,67,-14,0,9150.77
1855,20:19:46:067,3,Severe_Damage,L3_S1,-3456,2958,23150,-2791,-259,-470,0,8284.77
1856,20:19:46:077,3,Severe_Damage,L3_S1,-2326,2808,21646,-5585,252,-1083,0,6780.77
1857,20:19:46:087,3,Severe_Damage,L3_S1,-3082,2344,19140,-8027,-525,-1284,0,4274.77
1858,20:19:46:097,3,Severe_Damage,L3_S1,-1816,1816,16790,-9615,-136,-1686,0,1924.77
1859,20:19:46:107,3,Severe_Damage,L3_S1,-1704,1290,13960,-10299,-320,-1720,0,-905.23
1860,20:19:46:117,3,Severe_Damage,L3_S1,-1556,594,11300,-10126,-420,-1669,1,-3565.23
1861,20:19:46:126,3,Severe_Damage,L3_S1,-310,172,9124,-8916,-157,-1569,0,-5741.23
1862,20:19:46:137,3,Severe_Damage,L3_S1,-1264,-396,7116,-7017,-359,-1123,0,-7749.23
1863,20:19:46:146,3,Severe_Damage,L3_S1,182,-564,6390,-4382,29,-862,1,-8475.23
1864,20:19:46:156,3,Severe_Damage,L3_S1,-836,-698,5902,-1499,-174,-264,1,-8963.23
1865,20:19:46:166,3,Severe_Damage,L3_S1,-328,-514,6668,1565,225,120,1,-8197.23
1866,20:19:46:176,3,Severe_Damage,L3_S1,-706,-148,7964,4408,123,617,1,-6901.23
1867,20:19:46:186,3,Severe_Damage,L3_S1,-1336,272,9986,6796,274,1009,0,-4879.23
1868,20:19:46:197,3,Severe_Damage,L3_S1,-1064,870,12460,8536,417,1223,0,-2405.23
1869,20:19:46:207,3,Severe_Damage,L3_S1,-2278,1380,15018,9362,181,1476,0,152.77
1870,20:19:46:216,3,Severe_Damage,L3_S1,-1866,1990,17732,9400,529,1346,0,2866.77
1871,20:19:46:227,3,Severe_Damage,L3_S1,-2826,2366,19852,8452,141,1304,0,4986.77
1872,20:19:46:236,3,Severe_Damage,L3_S1,-2858,2694,21704,6777,278,984,0,6838.77
1873,20:19:46:246,3,Severe_Damage,L3_S1,-2848,2952,22956,4449,294,603,0,8090.77
1874,20:19:46:257,3,Severe_Damage,L3_S1,-3486,2896,23250,1659,-99,242,0,8384.77
1875,20:19:46:267,3,Severe_Damage,L3_S1,-2720,2940,23002,-1188,214,-343,0,8136.77
1876,20:19:46:277,3,Severe_Damage,L3_S1,-3086,2752,21668,-3963,-198,-684,0,6802.77
1877,20:19:46:287,3,Severe_Damage,L3_S1,-2616,2412,19924,-6337,-140,-1106,0,5058.77
1878,20:19:46:297,3,Severe_Damage,L3_S1,-2006,2010,17732,-8170,-118,-1421,0,2866.77
1879,20:19:46:307,3,Severe_Damage,L3_S1,-2194,1442,15114,-9217,-423,-1511,0,248.77
1880,20:19:46:317,3,Severe_Damage,L3_S1,-1130,956,12814,-9372,-108,-1641,0,-2051.23
1881,20:19:46:327,3,Severe_Damage,L3_S1,-1398,438,10396,-8742,-405,-1427,0,-4469.23
1882,20:19:46:337,3,Severe_Damage,L3_S1,-660,-106,8736,-7282,-160,-1265,0,-6129.23
1883,20:19:46:346,3,Severe_Damage,L3_S1,-634,-324,7376,-5150,-149,-899,0,-7489.23
1884,20:19:46:356,3,Severe_Damage,L3_S1,-698,-582,6814,-2637,-92,-490,1,-8051.23
1885,20:19:46:366,3,Severe_Damage,L3_S1,-320,-440,7038,152,109,-102,1,-7827.23
1886,20:19:46:377,3,Severe_Damage,L3_S1,-1106,-246,7874,2801,53,391,1,-6991.23
1887,20:19:46:386,3,Severe_Damage,L3_S1,-618,110,9588,5227,309,698,0,-5277.23
1888,20:19:46:396,3,Severe_Damage,L3_S1,-1602,642,11476,7095,199,1079,0,-3389.23
1889,20:19:46:407,3,Severe_Damage,L3_S1,-1502,1128,14026,8231,333,1195,0,-839.23
1890,20:19:46:417,3,Severe_Damage,L3_S1,-1984,1632,16388,8615,327,1283,0,1522.77
1891,20:19:46:426,3,Severe_Damage,L3_S1,-2562,2068,18476,8140,215,1229,0,3610.77
1892,20:19:46:437,3,Severe_Damage,L3_S1,-2400,2496,20492,6933,371,987,1,5626.77
1893,20:19:46:446,3,Severe_Damage,L3_S1,-3142,2660,21676,5026,89,756,1,6810.77
1894,20:19:46:456,3,Severe_Damage,L3_S1,-2832,2806,22440,2684,186,319,0,7574.77
1895,20:19:46:466,3,Severe_Damage,L3_S1,-3002,2698,22420,81,52,-67,0,7554.77
1896,20:19:46:477,3,Severe_Damage,L3_S1,-2968,2630,21640,-2521,-107,-470,0,6774.77
1897,20:19:46:487,3,Severe_Damage,L3_S1,-2498,2422,20324,-4821,34,-888,0,5458.77
1898,20:19:46:497,3,Severe_Damage,L3_S1,-2564,2102,18264,-6758,-254,-1142,0,3398.77
1899,20:19:46:507,3,Severe_Damage,L3_S1,-1946,1588,16314,-8065,-174,-1402,0,1448.77
1900,20:19:46:517,3,Severe_Damage,L3_S1,-1702,1202,13804,-8519,-251,-1447,0,-1061.23
1901,20:19:46:527,3,Severe_Damage,L3_S1,-1438,618,11796,-8326,-275,-1410,0,-3069.23
1902,20:19:46:537,3,Severe_Damage,L3_S1,-886,258,9844,-7264,-182,-1267,0,-5021.23
1903,20:19:46:547,3,Severe_Damage,L3_S1,-982,-178,8488,-5657,-208,-964,0,-6377.23
1904,20:19:46:556,3,Severe_Damage,L3_S1,-584,-294,7692,-3452,-8,-663,0,-7173.23
1905,20:19:46:566,3,Severe_Damage,L3_S1,-702,-390,7560,-1038,-71,-235,1,-7305.23
1906,20:19:46:576,3,Severe_Damage,L3_S1,-712,-280,8110,1466,139,135,1,-6755.23
1907,20:19:46:586,3,Severe_Damage,L3_S1,-946,32,9282,3783,124,518,0,-5583.23
1908,20:19:46:596,3,Severe_Damage,L3_S1,-1244,386,11012,5718,192,827,0,-3853.23
1909,20:19:46:606,3,Severe_Damage,L3_S1,-1474,970,12964,7103,344,1028,0,-1901.23
1910,20:19:46:617,3,Severe_Damage,L3_S1,-1918,1312,15170,7707,173,1159,0,304.77
1911,20:19:46:627,3,Severe_Damage,L3_S1,-2104,1840,17420,7671,391,1117,0,2554.77
1912,20:19:46:637,3,Severe_Damage,L3_S1,-2552,2148,19180,6832,177,1019,0,4314.77
1913,20:19:46:646,3,Severe_Damage,L3_S1,-2662,2426,20566,5399,199,774,0,5700.77
1914,20:19:46:657,3,Severe_Damage,L3_S1,-2826,2598,21536,3410,189,447,0,6670.77
1915,20:19:46:666,3,Severe_Damage,L3_S1,-2982,2642,21734,1120,-2,108,0,6868.77
1916,20:19:46:677,3,Severe_Damage,L3_S1,-2702,2596,21480,-1249,94,-314,0,6614.77
1917,20:19:46:687,3,Severe_Damage,L3_S1,-2700,2324,20406,-3520,-109,-637,0,5540.77
1918,20:19:46:697,3,Severe_Damage,L3_S1,-2482,2146,18802,-5414,-97,-957,0,3936.77
1919,20:19:46:707,3,Severe_Damage,L3_S1,-2086,1740,16986,-6888,-149,-1198,0,2120.77
1920,20:19:46:717,3,Severe_Damage,L3_S1,-1898,1308,14912,-7656,-253,-1302,0,46.77
1921,20:19:46:727,3,Severe_Damage,L3_S1,-1404,894,12952,-7726,-159,-1341,0,-1913.23
1922,20:19:46:737,3,Severe_Damage,L3_S1,-1292,472,11038,-7117,-259,-1208,0,-3827.23
1923,20:19:46:747,3,Severe_Damage,L3_S1,-936,60,9656,-5863,-141,-1036,0,-5209.23
1924,20:19:46:757,3,Severe_Damage,L3_S1,-838,-124,8526,-4069,-104,-733,0,-6339.23
1925,20:19:46:767,3,Severe_Damage,L3_S1,-806,-226,8236,-1961,-58,-399,0,-6629.23
1926,20:19:46:776,3,Severe_Damage,L3_S1,-710,-188,8410,334,75,-46,0,-6455.23
1927,20:19:46:786,3,Severe_Damage,L3_S1,-1002,14,9250,2492,85,322,1,-5615.23
1928,20:19:46:796,3,Severe_Damage,L3_S1,-1032,314,10712,4449,213,600,0,-4153.23
1929,20:19:46:806,3,Severe_Damage,L3_S1,-1494,742,12294,5949,208,863,0,-2571.23
1930,20:19:46:817,3,Severe_Damage,L3_S1,-1734,1134,14356,6797,273,982,0,-509.23
1931,20:19:46:827,3,Severe_Damage,L3_S1,-1988,1614,16242,7047,233,1037,0,1376.77
1932,20:19:46:837,3,Severe_Damage,L3_S1,-2376,1854,18168,6558,223,968,0,3302.77
1933,20:19:46:847,3,Severe_Damage,L3_S1,-2472,2248,19588,5547,245,782,0,4722.77
1934,20:19:46:857,3,Severe_Damage,L3_S1,-2746,2364,20664,3872,122,542,0,5798.77
1935,20:19:46:867,3,Severe_Damage,L3_S1,-2776,2490,21134,1954,139,217,0,6268.77
1936,20:19:46:877,3,Severe_Damage,L3_S1,-2790,2452,21116,-244,21,-133,0,6250.77
1937,20:19:46:887,3,Severe_Damage,L3_S1,-2798,2378,20290,-2316,-36,-454,0,5424.77
1938,20:19:46:897,3,Severe_Damage,L3_S1,-2446,2114,19196,-4239,-41,-768,0,4330.77
1939,20:19:46:907,3,Severe_Damage,L3_S1,-2304,1816,17450,-5723,-140,-994,0,2584.77
1940,20:19:46:917,3,Severe_Damage,L3_S1,-1886,1416,15848,-6767,-162,-1176,0,982.77
1941,20:19:46:927,3,Severe_Damage,L3_S1,-1664,1080,13886,-7064,-201,-1212,0,-979.23
1942,20:19:46:937,3,Severe_Damage,L3_S1,-1392,676,12088,-6800,-186,-1170,0,-2777.23
1943,20:19:46:947,3,Severe_Damage,L3_S1,-1058,328,10686,-5870,-174,-1025,0,-4179.23
1944,20:19:46:957,3,Severe_Damage,L3_S1,-1020,42,9540,-4471,-117,-791,0,-5325.23
1945,20:19:46:967,3,Severe_Damage,L3_S1,-806,-66,8960,-2628,-28,-515,1,-5905.23
1946,20:19:46:977,3,Severe_Damage,L3_S1,-978,-120,8920,-621,-5,-183,0,-5945.23
1947,20:19:46:986,3,Severe_Damage,L3_S1,-890,38,9500,1435,95,137,0,-5365.23
1948,20:19:46:997,3,Severe_Damage,L3_S1,-1166,284,10484,3297,124,440,0,-4381.23
1949,20:19:47:007,3,Severe_Damage,L3_S1,-1290,536,11948,4831,175,680,0,-2917.23
1950,20:19:47:017,3,Severe_Damage,L3_S1,-1642,1034,13602,5924,275,851,0,-1263.23
1951,20:19:47:027,3,Severe_Damage,L3_S1,-1858,1290,15478,6309,179,917,0,612.77
1952,20:19:47:037,3,Severe_Damage,L3_S1,-2160,1724,17124,6214,281,895,0,2258.77
1953,20:19:47:047,3,Severe_Damage,L3_S1,-2382,1954,18636,5432,187,785,0,3770.77
1954,20:19:47:057,3,Severe_Damage,L3_S1,-2542,2240,19706,4211,156,581,0,4840.77
1955,20:19:47:067,3,Severe_Damage,L3_S1,-2674,2282,20490,2501,125,306,0,5624.77
1956,20:19:47:077,3,Severe_Damage,L3_S1,-2674,2388,20558,620,42,16,0,5692.77
1957,20:19:47:087,3,Severe_Damage,L3_S1,-2604,2278,20252,-1340,35,-311,0,5386.77
1958,20:19:47:097,3,Severe_Damage,L3_S1,-2568,2114,19280,-3156,-67,-581,0,4414.77
1959,20:19:47:107,3,Severe_Damage,L3_S1,-2246,1882,17878,-4686,-80,-840,0,3012.77
1960,20:19:47:117,3,Severe_Damage,L3_S1,-1982,1620,16334,-5797,-134,-1017,0,1468.77
1961,20:19:47:127,3,Severe_Damage,L3_S1,-1812,1168,14736,-6410,-197,-1110,0,-129.23
1962,20:19:47:137,3,Severe_Damage,L3_S1,-1486,916,12990,-6317,-130,-1100,0,-1875.23
1963,20:19:47:147,3,Severe_Damage,L3_S1,-1354,480,11520,-5769,-183,-1007,0,-3345.23
1964,20:19:47:157,3,Severe_Damage,L3_S1,-1046,240,10328,-4628,-122,-826,0,-4537.23
1965,20:19:47:167,3,Severe_Damage,L3_S1,-1024,40,9690,-3136,-68,-585,0,-5175.23
1966,20:19:47:177,3,Severe_Damage,L3_S1,-966,-12,9408,-1339,-21,-298,0,-5457.23
1967,20:19:47:186,3,Severe_Damage,L3_S1,-966,58,9756,512,74,-9,0,-5109.23
1968,20:19:47:197,3,Severe_Damage,L3_S1,-1168,240,10478,2296,82,281,0,-4387.23
1969,20:19:47:207,3,Severe_Damage,L3_S1,-1262,496,11628,3826,165,510,0,-3237.23
1970,20:19:47:217,3,Severe_Damage,L3_S1,-1582,830,13036,4987,192,709,0,-1829.23
1971,20:19:47:227,3,Severe_Damage,L3_S1,-1790,1186,14694,5634,207,801,0,-171.23
1972,20:19:47:237,3,Severe_Damage,L3_S1,-1996,1472,16318,5692,186,823,0,1452.77
1973,20:19:47:247,3,Severe_Damage,L3_S1,-2396,1786,17722,5260,211,750,0,2856.77
1974,20:19:47:257,3,Severe_Damage,L3_S1,-2372,2040,18880,4299,155,594,0,4014.77
1975,20:19:47:267,3,Severe_Damage,L3_S1,-2618,2118,19676,2911,117,388,0,4810.77
1976,20:19:47:277,3,Severe_Damage,L3_S1,-2662,2280,19924,1267,96,113,0,5058.77
1977,20:19:47:287,3,Severe_Damage,L3_S1,-2518,2190,19890,-520,9,-171,0,5024.77
1978,20:19:47:297,3,Severe_Damage,L3_S1,-2574,2116,19192,-2221,-28,-446,0,4326.77
1979,20:19:47:307,3,Severe_Damage,L3_S1,-2294,1894,18148,-3740,-70,-690,0,3282.77
1980,20:19:47:317,3,Severe_Damage,L3_S1,-2166,1684,16778,-4909,-95,-870,0,1912.77
1981,20:19:47:327,3,Severe_Damage,L3_S1,-1816,1270,15376,-5658,-136,-1003,0,510.77
1982,20:19:47:337,3,Severe_Damage,L3_S1,-1612,986,13858,-5834,-150,-1015,0,-1007.23
1983,20:19:47:347,3,Severe_Damage,L3_S1,-1492,672,12352,-5491,-121,-967,0,-2513.23
1984,20:19:47:357,3,Severe_Damage,L3_S1,-1176,422,11200,-4680,-154,-835,0,-3665.23
1985,20:19:47:367,3,Severe_Damage,L3_S1,-1090,200,10404,-3447,-64,-636,0,-4461.23
1986,20:19:47:377,3,Severe_Damage,L3_S1,-998,132,9948,-1897,-27,-390,0,-4917.23
1987,20:19:47:387,3,Severe_Damage,L3_S1,-1000,92,10018,-225,3,-123,0,-4847.23
1988,20:19:47:397,3,Severe_Damage,L3_S1,-1126,226,10504,1433,102,133,0,-4361.23
1989,20:19:47:407,3,Severe_Damage,L3_S1,-1256,444,11420,2918,108,371,0,-3445.23
1990,20:19:47:417,3,Severe_Damage,L3_S1,-1492,678,12740,4113,164,555,0,-2125.23
1991,20:19:47:427,3,Severe_Damage,L3_S1,-1738,1054,14052,4921,202,695,0,-813.23
1992,20:19:47:437,3,Severe_Damage,L3_S1,-1952,1334,15606,5174,190,737,0,740.77
1993,20:19:47:447,3,Severe_Damage,L3_S1,-2052,1632,16950,4958,162,703,0,2084.77
1994,20:19:47:457,3,Severe_Damage,L3_S1,-2350,1814,18214,4235,193,593,0,3348.77
1995,20:19:47:467,3,Severe_Damage,L3_S1,-2426,2042,19024,3166,113,427,0,4158.77
1996,20:19:47:477,3,Severe_Damage,L3_S1,-2546,2120,19556,1717,87,187,0,4690.77
1997,20:19:47:487,3,Severe_Damage,L3_S1,-2526,2134,19452,167,50,-61,0,4586.77
1998,20:19:47:497,3,Severe_Damage,L3_S1,-2482,1994,19110,-1446,-11,-325,0,4244.77
1999,20:19:47:507,3,Severe_Damage,L3_S1,-2388,1944,18254,-2881,-35,-544,0,3388.77
2000,20:19:47:517,3,Severe_Damage,L3_S1,-2142,1688,17164,-4087,-67,-751,0,2298.77
2001,20:19:47:527,3,Severe_Damage,L3_S1,-1962,1406,15776,-4904,-117,-875,0,910.77
2002,20:19:47:537,3,Severe_Damage,L3_S1,-1678,1102,14480,-5321,-135,-933,0,-385.23
2003,20:19:47:547,3,Severe_Damage,L3_S1,-1558,882,13088,-5143,-98,-915,0,-1777.23
2004,20:19:47:557,3,Severe_Damage,L3_S1,-1330,532,11936,-4604,-132,-818,0,-2929.23
2005,20:19:47:567,3,Severe_Damage,L3_S1,-1182,272,11064,-3599,-65,-661,0,-3801.23
2006,20:19:47:577,3,Severe_Damage,L3_S1,-1080,200,10540,-2319,-51,-457,0,-4325.23
2007,20:19:47:587,3,Severe_Damage,L3_S1,-1078,216,10354,-822,17,-222,0,-4511.23
2008,20:19:47:597,3,Severe_Damage,L3_S1,-1152,270,10702,698,54,26,0,-4163.23
2009,20:19:47:607,3,Severe_Damage,L3_S1,-1266,404,11448,2132,96,248,0,-3417.23
2010,20:19:47:617,3,Severe_Damage,L3_S1,-1444,668,12430,3323,134,432,0,-2435.23
2011,20:19:47:627,3,Severe_Damage,L3_S1,-1554,890,13696,4170,147,574,0,-1169.23
2012,20:19:47:637,3,Severe_Damage,L3_S1,-1886,1222,14864,4665,228,650,0,-1.23
2013,20:19:47:647,3,Severe_Damage,L3_S1,-1974,1452,16364,4568,117,639,0,1498.77
2014,20:19:47:657,3,Severe_Damage,L3_S1,-2336,1766,17464,4145,197,572,0,2598.77
2015,20:19:47:667,3,Severe_Damage,L3_S1,-2268,1848,18428,3245,109,423,0,3562.77
2016,20:19:47:677,3,Severe_Damage,L3_S1,-2546,1982,18866,2087,98,247,0,4000.77
2017,20:19:47:687,3,Severe_Damage,L3_S1,-2442,2032,19126,662,54,7,0,4260.77
2018,20:19:47:697,3,Severe_Damage,L3_S1,-2454,1946,18810,-767,20,-208,0,3944.77
2019,20:19:47:707,3,Severe_Damage,L3_S1,-2302,1828,18286,-2169,-21,-434,0,3420.77
2020,20:19:47:717,3,Severe_Damage,L3_S1,-2208,1668,17256,-3323,-48,-621,0,2390.77
2021,20:19:47:727,3,Severe_Damage,L3_S1,-1970,1468,16162,-4218,-96,-764,0,1296.77
2022,20:19:47:737,3,Severe_Damage,L3_S1,-1820,1222,14938,-4735,-100,-848,0,72.77
2023,20:19:47:747,3,Severe_Damage,L3_S1,-1554,944,13710,-4779,-121,-849,0,-1155.23
2024,20:19:47:757,3,Severe_Damage,L3_S1,-1428,678,12580,-4416,-83,-795,0,-2285.23
2025,20:19:47:767,3,Severe_Damage,L3_S1,-1312,476,11690,-3641,-94,-672,0,-3175.23
2026,20:19:47:777,3,Severe_Damage,L3_S1,-1164,296,11108,-2589,-54,-500,0,-3757.23
2027,20:19:47:787,3,Severe_Damage,L3_S1,-1152,330,10772,-1258,9,-290,0,-4093.23
2028,20:19:47:797,3,Severe_Damage,L3_S1,-1196,318,10988,97,16,-71,0,-3877.23
2029,20:19:47:807,3,Severe_Damage,L3_S1,-1316,436,11446,1453,87,137,0,-3419.23
2030,20:19:47:817,3,Severe_Damage,L3_S1,-1432,590,12336,2601,106,319,0,-2529.23
2031,20:19:47:827,3,Severe_Damage,L3_S1,-1488,788,13420,3513,126,468,0,-1445.23
2032,20:19:47:837,3,Severe_Damage,L3_S1,-1812,1092,14494,4078,193,561,0,-371.23
2033,20:19:47:847,3,Severe_Damage,L3_S1,-1928,1328,15748,4197,146,576,0,882.77
2034,20:19:47:857,3,Severe_Damage,L3_S1,-2104,1568,16878,3910,140,533,0,2012.77
2035,20:19:47:867,3,Severe_Damage,L3_S1,-2326,1718,17816,3240,159,427,0,2950.77
2036,20:19:47:877,3,Severe_Damage,L3_S1,-2298,1880,18420,2293,83,284,0,3554.77
2037,20:19:47:887,3,Severe_Damage,L3_S1,-2406,1918,18658,1061,89,88,0,3792.77
2038,20:19:47:897,3,Severe_Damage,L3_S1,-2326,1882,18652,-231,20,-121,0,3786.77
2039,20:19:47:907,3,Severe_Damage,L3_S1,-2316,1842,18150,-1524,-4,-332,0,3284.77
2040,20:19:47:918,3,Severe_Damage,L3_S1,-2206,1712,17444,-2669,-37,-509,0,2578.77
2041,20:19:47:927,3,Severe_Damage,L3_S1,-2080,1460,16486,-3583,-48,-664,0,1620.77
2042,20:19:47:937,3,Severe_Damage,L3_S1,-1912,1304,15282,-4149,-84,-752,0,416.77
2043,20:19:47:947,3,Severe_Damage,L3_S1,-1710,950,14244,-4393,-122,-796,0,-621.23
2044,20:19:47:957,3,Severe_Damage,L3_S1,-1552,840,13146,-4133,-73,-750,0,-1719.23
2045,20:19:47:967,3,Severe_Damage,L3_S1,-1372,536,12258,-3616,-80,-666,0,-2607.23
2046,20:19:47:977,3,Severe_Damage,L3_S1,-1330,542,11564,-2700,-55,-523,0,-3301.23
2047,20:19:47:987,3,Severe_Damage,L3_S1,-1246,358,11292,-1631,-19,-348,0,-3573.23
2048,20:19:47:997,3,Severe_Damage,L3_S1,-1258,366,11252,-346,41,-148,0,-3613.23
2049,20:19:48:007,3,Severe_Damage,L3_S1,-1220,400,11628,845,51,41,0,-3237.23
2050,20:19:48:017,3,Severe_Damage,L3_S1,-1418,608,12162,1994,103,226,0,-2703.23
2051,20:19:48:027,3,Severe_Damage,L3_S1,-1528,792,13178,2880,110,364,0,-1687.23
2052,20:19:48:037,3,Severe_Damage,L3_S1,-1684,1012,14204,3522,147,474,0,-661.23
2053,20:19:48:047,3,Severe_Damage,L3_S1,-1894,1222,15230,3781,173,517,0,364.77
2054,20:19:48:057,3,Severe_Damage,L3_S1,-1982,1388,16308,3637,94,490,0,1442.77
2055,20:19:48:067,3,Severe_Damage,L3_S1,-2208,1644,17158,3178,166,415,0,2292.77
2056,20:19:48:077,3,Severe_Damage,L3_S1,-2244,1758,17932,2369,81,285,0,3066.77
2057,20:19:48:087,3,Severe_Damage,L3_S1,-2340,1824,18182,1363,91,126,0,3316.77
2058,20:19:48:097,3,Severe_Damage,L3_S1,-2374,1830,18254,192,42,-62,0,3388.77
2059,20:19:48:107,3,Severe_Damage,L3_S1,-2312,1796,18030,-997,0,-246,0,3164.77
2060,20:19:48:117,3,Severe_Damage,L3_S1,-2262,1682,17488,-2091,-1,-429,0,2622.77
2061,20:19:48:127,3,Severe_Damage,L3_S1,-2070,1542,16650,-2999,-55,-563,0,1784.77
2062,20:19:48:137,3,Severe_Damage,L3_S1,-1896,1364,15700,-3627,-57,-660,0,834.77
2063,20:19:48:147,3,Severe_Damage,L3_S1,-1788,1094,14608,-3945,-73,-715,0,-257.23
2064,20:19:48:157,3,Severe_Damage,L3_S1,-1600,814,13644,-3908,-102,-708,0,-1221.23
2065,20:19:48:167,3,Severe_Damage,L3_S1,-1472,724,12782,-3465,-32,-646,0,-2083.23
2066,20:19:48:177,3,Severe_Damage,L3_S1,-1416,556,12144,-2799,-75,-528,0,-2721.23
2067,20:19:48:187,3,Severe_Damage,L3_S1,-1324,460,11704,-1835,-31,-381,0,-3161.23
2068,20:19:48:197,3,Severe_Damage,L3_S1,-1254,434,11608,-748,21,-212,0,-3257.23
2069,20:19:48:207,3,Severe_Damage,L3_S1,-1364,612,12300,1445,89,140,0,-2565.23
2070,20:19:48:217,3,Severe_Damage,L3_S1,-1536,780,13010,2346,99,281,0,-1855.23
2071,20:19:48:227,3,Severe_Damage,L3_S1,-1604,992,13940,3001,118,386,0,-925.23
2072,20:19:48:237,3,Severe_Damage,L3_S1,-1834,1176,14906,3365,155,457,0,40.77
2073,20:19:48:247,3,Severe_Damage,L3_S1,-1936,1324,15916,3339,107,447,0,1050.77
2074,20:19:48:257,3,Severe_Damage,L3_S1,-2074,1492,16782,3035,141,390,0,1916.77
2075,20:19:48:267,3,Severe_Damage,L3_S1,-2190,1672,17518,2396,92,293,0,2652.77
2076,20:19:48:277,3,Severe_Damage,L3_S1,-2272,1780,17846,1548,75,154,0,2980.77
2077,20:19:48:287,3,Severe_Damage,L3_S1,-2256,1760,18064,492,47,-10,0,3198.77
2078,20:19:48:297,3,Severe_Damage,L3_S1,-2286,1782,17864,-554,23,-175,0,2998.77
2079,20:19:48:307,3,Severe_Damage,L3_S1,-2196,1656,17424,-1605,-3,-343,0,2558.77
2080,20:19:48:317,3,Severe_Damage,L3_S1,-2082,1522,16726,-2472,-33,-478,0,1860.77
2081,20:19:48:327,3,Severe_Damage,L3_S1,-1994,1376,15902,-3144,-38,-588,0,1036.77
2082,20:19:48:337,3,Severe_Damage,L3_S1,-1774,1172,14838,-3509,-74,-649,0,-27.23
2083,20:19:48:347,3,Severe_Damage,L3_S1,-1714,948,14108,-3616,-66,-662,0,-757.23
2084,20:19:48:357,3,Severe_Damage,L3_S1,-1564,794,13212,-3313,-70,-623,0,-1653.23
2085,20:19:48:367,3,Severe_Damage,L3_S1,-1514,626,12538,-2777,-27,-529,0,-2327.23
2086,20:19:48:377,3,Severe_Damage,L3_S1,-1368,524,12050,-1965,-42,-407,0,-2815.23
2087,20:19:48:387,3,Severe_Damage,L3_S1,-1236,422,11872,-1042,-7,-255,0,-2993.23
2088,20:19:48:397,3,Severe_Damage,L3_S1,-1352,484,11970,16,55,-82,0,-2895.23
2089,20:19:48:407,3,Severe_Damage,L3_S1,-1370,522,12378,976,48,68,0,-2487.23
2090,20:19:48:417,3,Severe_Damage,L3_S1,-1538,754,12958,1866,103,211,0,-1907.23
2091,20:19:48:427,3,Severe_Damage,L3_S1,-1660,894,13752,2525,102,314,1,-1113.23
2092,20:19:48:437,3,Severe_Damage,L3_S1,-1772,1074,14668,2940,116,379,0,-197.23
2093,20:19:48:447,3,Severe_Damage,L3_S1,-1968,1286,15522,3068,145,405,0,656.77
2094,20:19:48:457,3,Severe_Damage,L3_S1,-2004,1452,16382,2821,80,361,0,1516.77
2095,20:19:48:467,3,Severe_Damage,L3_S1,-2184,1594,16934,2373,134,292,0,2068.77
2096,20:19:48:477,3,Severe_Damage,L3_S1,-2200,1698,17442,1635,60,174,0,2576.77
2097,20:19:48:487,3,Severe_Damage,L3_S1,-2236,1696,17720,762,63,33,0,2854.77
2098,20:19:48:497,3,Severe_Damage,L3_S1,-2236,1670,17662,-225,33,-129,0,2796.77
2099,20:19:48:507,3,Severe_Damage,L3_S1,-2180,1684,17306,-1162,4,-272,0,2440.77
2100,20:19:48:517,3,Severe_Damage,L3_S1,-2110,1494,16722,-2021,-12,-411,0,1856.77
2101,20:19:48:528,3,Severe_Damage,L3_S1,-2044,1398,16106,-2689,-33,-516,0,1240.77
2102,20:19:48:537,3,Severe_Damage,L3_S1,-1846,1246,15274,-3118,-50,-581,0,408.77
2103,20:19:48:547,3,Severe_Damage,L3_S1,-1742,1018,14386,-3265,-38,-610,0,-479.23
2104,20:19:48:558,3,Severe_Damage,L3_S1,-1602,832,13638,-3157,-89,-594,0,-1227.23
2105,20:19:48:567,3,Severe_Damage,L3_S1,-1434,786,12894,-2676,-45,-518,0,-1971.23
2106,20:19:48:577,3,Severe_Damage,L3_S1,-1432,582,12438,-2063,-10,-416,0,-2427.23
2107,20:19:48:587,3,Severe_Damage,L3_S1,-1416,556,12230,-1219,3,-282,0,-2635.23
2108,20:19:48:597,3,Severe_Damage,L3_S1,-1320,520,12280,-335,22,-148,0,-2585.23
2109,20:19:48:607,3,Severe_Damage,L3_S1,-1454,656,12384,611,64,7,0,-2481.23
2110,20:19:48:618,3,Severe_Damage,L3_S1,-1496,758,13028,1411,63,137,0,-1837.23
2111,20:19:48:627,3,Severe_Damage,L3_S1,-1618,888,13614,2105,100,254,0,-1251.23
2112,20:19:48:637,3,Severe_Damage,L3_S1,-1726,998,14452,2531,95,317,0,-413.23
2113,20:19:48:647,3,Severe_Damage,L3_S1,-1848,1254,15174,2758,140,358,0,308.77
2114,20:19:48:657,3,Severe_Damage,L3_S1,-1996,1320,15964,2620,94,335,0,1098.77
2115,20:19:48:667,3,Severe_Damage,L3_S1,-2084,1510,16598,2279,95,274,0,1732.77
2116,20:19:48:677,3,Severe_Damage,L3_S1,-2158,1594,17140,1674,84,179,0,2274.77
2117,20:19:48:687,3,Severe_Damage,L3_S1,-2220,1684,17330,950,68,58,0,2464.77
2118,20:19:48:697,3,Severe_Damage,L3_S1,-2144,1676,17408,40,36,-77,0,2542.77
2119,20:19:48:707,3,Severe_Damage,L3_S1,-2176,1648,17172,-801,27,-213,0,2306.77
2120,20:19:48:717,3,Severe_Damage,L3_S1,-2106,1544,16814,-1633,-27,-350,0,1948.77
2121,20:19:48:727,3,Severe_Damage,L3_S1,-2024,1460,16170,-2277,-19,-447,0,1304.77
2122,20:19:48:737,3,Severe_Damage,L3_S1,-1880,1272,15462,-2744,-45,-531,0,596.77
2123,20:19:48:748,3,Severe_Damage,L3_S1,-1748,1104,14634,-2941,-44,-555,0,-231.23
2124,20:19:48:757,3,Severe_Damage,L3_S1,-1684,906,13920,-2907,-53,-546,0,-945.23
2125,20:19:48:768,3,Severe_Damage,L3_S1,-1514,760,13342,-2623,-78,-505,0,-1523.23
2126,20:19:48:778,3,Severe_Damage,L3_S1,-1498,660,12702,-2046,10,-416,0,-2163.23
2127,20:19:48:787,3,Severe_Damage,L3_S1,-1442,594,12530,-1386,-15,-307,0,-2335.23
2128,20:19:48:797,3,Severe_Damage,L3_S1,-1380,642,12438,-552,19,-175,0,-2427.23
2129,20:19:48:807,3,Severe_Damage,L3_S1,-1488,606,12576,264,50,-42,0,-2289.23
2130,20:19:48:817,3,Severe_Damage,L3_S1,-1550,710,12970,1057,55,80,0,-1895.23
2131,20:19:48:827,3,Severe_Damage,L3_S1,-1622,842,13552,1708,84,187,0,-1313.23
2132,20:19:48:837,3,Severe_Damage,L3_S1,-1684,970,14146,2170,88,256,0,-719.23
2133,20:19:48:847,3,Severe_Damage,L3_S1,-1770,1118,14916,2416,98,298,0,50.77
2134,20:19:48:857,3,Severe_Damage,L3_S1,-1908,1290,15594,2429,119,298,0,728.77
2135,20:19:48:867,3,Severe_Damage,L3_S1,-2020,1364,16338,2141,83,250,0,1472.77
2136,20:19:48:877,3,Severe_Damage,L3_S1,-2090,1530,16746,1681,83,184,0,1880.77
2137,20:19:48:887,3,Severe_Damage,L3_S1,-2188,1572,17094,1030,67,77,0,2228.77
2138,20:19:48:897,3,Severe_Damage,L3_S1,-2146,1604,17170,293,33,-42,0,2304.77
2139,20:19:48:907,3,Severe_Damage,L3_S1,-2138,1588,17060,-534,26,-176,0,2194.77
2140,20:19:48:917,3,Severe_Damage,L3_S1,-2108,1498,16716,-1266,2,-289,0,1850.77
2141,20:19:48:928,3,Severe_Damage,L3_S1,-2024,1394,16190,-1906,-27,-402,0,1324.77
2142,20:19:48:937,3,Severe_Damage,L3_S1,-1906,1290,15588,-2390,-28,-474,0,722.77
2143,20:19:48:948,3,Severe_Damage,L3_S1,-1866,1176,14850,-2640,-32,-513,0,-15.23
2144,20:19:48:957,3,Severe_Damage,L3_S1,-1702,978,14110,-2682,-42,-520,0,-755.23
2145,20:19:48:967,3,Severe_Damage,L3_S1,-1624,844,13616,-2476,-48,-481,0,-1249.23
2146,20:19:48:977,3,Severe_Damage,L3_S1,-1486,788,13112,-2026,-21,-411,0,-1753.23
2147,20:19:48:987,3,Severe_Damage,L3_S1,-1464,690,12818,-1447,16,-324,0,-2047.23
2148,20:19:48:997,3,Severe_Damage,L3_S1,-1520,702,12666,-735,8,-202,0,-2199.23
2149,20:19:49:007,3,Severe_Damage,L3_S1,-1506,652,12816,-6,46,-91,0,-2049.23
2150,20:19:49:017,3,Severe_Damage,L3_S1,-1532,766,13040,754,59,33,0,-1825.23
2151,20:19:49:027,3,Severe_Damage,L3_S1,-1544,792,13534,1342,60,121,0,-1331.23
2152,20:19:49:038,3,Severe_Damage,L3_S1,-1684,924,14032,1847,92,207,0,-833.23
2153,20:19:49:048,3,Severe_Damage,L3_S1,-1758,1080,14784,2100,80,252,0,-81.23
2154,20:19:49:057,3,Severe_Damage,L3_S1,-1884,1232,15400,2172,99,260,0,534.77
2155,20:19:49:067,3,Severe_Damage,L3_S1,-2048,1382,15916,2034,110,233,0,1050.77
2156,20:19:49:077,3,Severe_Damage,L3_S1,-1990,1420,16490,1610,63,165,0,1624.77
2157,20:19:49:087,3,Severe_Damage,L3_S1,-2116,1552,16842,1104,84,89,0,1976.77
2158,20:19:49:097,3,Severe_Damage,L3_S1,-2092,1500,16970,416,48,-27,0,2104.77
2159,20:19:49:107,3,Severe_Damage,L3_S1,-2126,1532,16844,-247,32,-126,0,1978.77
2160,20:19:49:118,3,Severe_Damage,L3_S1,-2056,1514,16696,-1004,-4,-244,0,1830.77
2161,20:19:49:128,3,Severe_Damage,L3_S1,-2026,1476,16250,-1567,-1,-336,0,1384.77
2162,20:19:49:138,3,Severe_Damage,L3_S1,-1858,1256,15696,-2076,-38,-418,0,830.77
2163,20:19:49:148,3,Severe_Damage,L3_S1,-1782,1136,14970,-2331,-14,-462,0,104.77
2164,20:19:49:158,3,Severe_Damage,L3_S1,-1744,990,14446,-2435,-25,-482,0,-419.23
2165,20:19:49:168,3,Severe_Damage,L3_S1,-1588,932,13848,-2306,-54,-454,0,-1017.23
2166,20:19:49:178,3,Severe_Damage,L3_S1,-1618,804,13438,-1996,-17,-401,0,-1427.23
2167,20:19:49:187,3,Severe_Damage,L3_S1,-1458,714,13070,-1463,5,-324,0,-1795.23
2168,20:19:49:197,3,Severe_Damage,L3_S1,-1468,694,12856,-874,6,-225,0,-2009.23
2169,20:19:49:207,3,Severe_Damage,L3_S1,-1478,678,12982,-201,31,-122,0,-1883.23
2170,20:19:49:217,3,Severe_Damage,L3_S1,-1496,750,13166,473,44,-11,0,-1699.23
2171,20:19:49:227,3,Severe_Damage,L3_S1,-1574,774,13554,1056,70,80,0,-1311.23
2172,20:19:49:237,3,Severe_Damage,L3_S1,-1656,970,13996,1533,78,154,0,-869.23
2173,20:19:49:247,3,Severe_Damage,L3_S1,-1722,1070,14592,1826,77,203,0,-273.23
2174,20:19:49:257,3,Severe_Damage,L3_S1,-1874,1178,15204,1940,101,215,0,338.77
2175,20:19:49:267,3,Severe_Damage,L3_S1,-1926,1346,15818,1835,93,206,0,952.77
2176,20:19:49:277,3,Severe_Damage,L3_S1,-2022,1362,16248,1541,82,159,0,1382.77
2177,20:19:49:287,3,Severe_Damage,L3_S1,-2074,1570,16506,1135,98,92,0,1640.77
2178,20:19:49:297,3,Severe_Damage,L3_S1,-1986,1490,16644,499,15,-10,0,1778.77
2179,20:19:49:308,3,Severe_Damage,L3_S1,-2224,1550,16626,-82,75,-107,0,1760.77
2180,20:19:49:318,3,Severe_Damage,L3_S1,-1996,1408,16576,-738,-16,-215,0,1710.77
2181,20:19:49:328,3,Severe_Damage,L3_S1,-2038,1382,16210,-1304,4,-294,0,1344.77
2182,20:19:49:338,3,Severe_Damage,L3_S1,-1948,1308,15716,-1760,-12,-369,0,850.77
2183,20:19:49:348,3,Severe_Damage,L3_S1,-1806,1194,15172,-2084,-39,-426,0,306.77
2184,20:19:49:358,3,Severe_Damage,L3_S1,-1828,1104,14588,-2197,16,-438,0,-277.23
2185,20:19:49:368,3,Severe_Damage,L3_S1,-1632,934,14110,-2144,-52,-430,0,-755.23
2186,20:19:49:377,3,Severe_Damage,L3_S1,-1674,942,13636,-1872,0,-388,0,-1229.23
2187,20:19:49:388,3,Severe_Damage,L3_S1,-1534,788,13408,-1518,-45,-329,0,-1457.23
2188,20:19:49:397,3,Severe_Damage,L3_S1,-1566,816,13104,-918,35,-240,0,-1761.23
2189,20:19:49:407,3,Severe_Damage,L3_S1,-1560,744,13082,-384,7,-150,0,-1783.23
2190,20:19:49:417,3,Severe_Damage,L3_S1,-1554,792,13206,260,57,-50,0,-1659.23
2191,20:19:49:427,3,Severe_Damage,L3_S1,-1622,830,13604,777,61,35,0,-1261.23
2192,20:19:49:437,3,Severe_Damage,L3_S1,-1704,952,13932,1267,70,107,0,-933.23
2193,20:19:49:448,3,Severe_Damage,L3_S1,-1700,952,14472,1557,77,159,0,-393.23
2194,20:19:49:457,3,Severe_Damage,L3_S1,-1864,1168,15020,1715,75,183,0,154.77
2195,20:19:49:467,3,Severe_Damage,L3_S1,-1892,1222,15534,1666,94,177,0,668.77
2196,20:19:49:477,3,Severe_Damage,L3_S1,-1982,1358,15940,1439,70,147,0,1074.77
2197,20:19:49:487,3,Severe_Damage,L3_S1,-2044,1370,16314,1080,72,83,0,1448.77
2198,20:19:49:497,3,Severe_Damage,L3_S1,-2002,1524,16428,627,66,10,0,1562.77
2199,20:19:49:507,3,Severe_Damage,L3_S1,-2086,1442,16552,11,5,-81,0,1686.77
2200,20:19:49:518,3,Severe_Damage,L3_S1,-2088,1438,16416,-526,63,-176,0,1550.77
2201,20:19:49:528,3,Severe_Damage,L3_S1,-1996,1374,16120,-1061,-35,-256,0,1254.77
2202,20:19:49:538,3,Severe_Damage,L3_S1,-1998,1306,15786,-1509,5,-329,0,920.77
2203,20:19:49:548,3,Severe_Damage,L3_S1,-1804,1272,15256,-1803,-19,-385,0,390.77
2204,20:19:49:558,3,Severe_Damage,L3_S1,-1768,1056,14816,-1994,-32,-402,0,-49.23
2205,20:19:49:568,3,Severe_Damage,L3_S1,-1722,994,14246,-1945,3,-399,0,-619.23
2206,20:19:49:578,3,Severe_Damage,L3_S1,-1624,924,13850,-1778,-44,-375,0,-1015.23
2207,20:19:49:587,3,Severe_Damage,L3_S1,-1604,830,13484,-1448,7,-318,0,-1381.23
2208,20:19:49:597,3,Severe_Damage,L3_S1,-1596,738,13338,-1008,5,-247,0,-1527.23
2209,20:19:49:607,3,Severe_Damage,L3_S1,-1584,824,13228,-453,18,-163,0,-1637.23
2210,20:19:49:617,3,Severe_Damage,L3_S1,-1572,800,13448,44,25,-85,0,-1417.23
2211,20:19:49:627,3,Severe_Damage,L3_S1,-1654,792,13610,573,63,1,0,-1255.23
2212,20:19:49:637,3,Severe_Damage,L3_S1,-1608,924,13940,1003,58,67,0,-925.23
2213,20:19:49:648,3,Severe_Damage,L3_S1,-1784,1004,14338,1311,76,124,0,-527.23
2214,20:19:49:657,3,Severe_Damage,L3_S1,-1850,1096,14842,1484,69,146,0,-23.23
2215,20:19:49:668,3,Severe_Damage,L3_S1,-1864,1174,15376,1486,78,143,0,510.77
2216,20:19:49:677,3,Severe_Damage,L3_S1,-2006,1300,15778,1333,72,131,0,912.77
2217,20:19:49:687,3,Severe_Damage,L3_S1,-1984,1346,16042,1030,60,76,0,1176.77
2218,20:19:49:697,3,Severe_Damage,L3_S1,-2074,1428,16254,644,66,19,0,1388.77
2219,20:19:49:707,3,Severe_Damage,L3_S1,-2044,1400,16358,122,22,-66,0,1492.77
2220,20:19:49:718,3,Severe_Damage,L3_S1,-2042,1430,16270,-363,25,-149,0,1404.77
2221,20:19:49:728,3,Severe_Damage,L3_S1,-2000,1340,16070,-880,19,-228,0,1204.77
2222,20:19:49:738,3,Severe_Damage,L3_S1,-1918,1334,15772,-1260,-8,-287,0,906.77
2223,20:19:49:748,3,Severe_Damage,L3_S1,-1912,1196,15420,-1601,-6,-349,0,554.77
2224,20:19:49:758,3,Severe_Damage,L3_S1,-1832,1156,14876,-1744,-12,-368,0,10.77
2225,20:19:49:768,3,Severe_Damage,L3_S1,-1780,1052,14384,-1792,-16,-373,0,-481.23
2226,20:19:49:778,3,Severe_Damage,L3_S1,-1646,922,14006,-1644,-15,-357,0,-859.23
2227,20:19:49:788,3,Severe_Damage,L3_S1,-1688,892,13740,-1384,3,-315,0,-1125.23
2228,20:19:49:798,3,Severe_Damage,L3_S1,-1602,858,13482,-1012,18,-251,0,-1383.23
2229,20:19:49:808,3,Severe_Damage,L3_S1,-1562,778,13478,-577,2,-186,0,-1387.23
2230,20:19:49:817,3,Severe_Damage,L3_S1,-1678,816,13478,-58,54,-95,0,-1387.23
2231,20:19:49:827,3,Severe_Damage,L3_S1,-1566,856,13676,385,37,-30,0,-1189.23
2232,20:19:49:837,3,Severe_Damage,L3_S1,-1660,1008,13966,798,53,42,0,-899.23
2233,20:19:49:847,3,Severe_Damage,L3_S1,-1712,976,14436,1094,75,83,0,-429.23
2234,20:19:49:858,3,Severe_Damage,L3_S1,-1746,1122,14814,1288,54,109,0,-51.23
2235,20:19:49:868,3,Severe_Damage,L3_S1,-1868,1186,15252,1305,79,113,0,386.77
2236,20:19:49:878,3,Severe_Damage,L3_S1,-1884,1324,15622,1217,69,102,0,756.77
2237,20:19:49:887,3,Severe_Damage,L3_S1,-1978,1334,15938,960,48,62,0,1072.77
2238,20:19:49:897,3,Severe_Damage,L3_S1,-2008,1366,16152,625,60,0,0,1286.77
2239,20:19:49:907,3,Severe_Damage,L3_S1,-1964,1360,16218,184,29,-60,0,1352.77
2240,20:19:49:918,3,Severe_Damage,L3_S1,-2072,1376,16028,-229,48,-125,0,1162.77
2241,20:19:49:928,3,Severe_Damage,L3_S1,-1932,1260,16036,-725,-5,-208,0,1170.77
2242,20:19:49:938,3,Severe_Damage,L3_S1,-2016,1334,15658,-1070,30,-260,0,792.77
2243,20:19:49:948,3,Severe_Damage,L3_S1,-1844,1182,15368,-1405,-11,-312,0,502.77
2244,20:19:49:958,3,Severe_Damage,L3_S1,-1816,1186,14956,-1557,-5,-330,0,90.77
2245,20:19:49:968,3,Severe_Damage,L3_S1,-1788,1072,14608,-1624,-2,-349,0,-257.23
2246,20:19:49:978,3,Severe_Damage,L3_S1,-1652,984,14236,-1522,-23,-333,0,-629.23
2247,20:19:49:988,3,Severe_Damage,L3_S1,-1684,880,13890,-1314,21,-300,0,-975.23
2248,20:19:49:998,3,Severe_Damage,L3_S1,-1614,880,13730,-996,-5,-246,0,-1135.23
2249,20:19:50:008,3,Severe_Damage,L3_S1,-1636,842,13584,-594,25,-180,0,-1281.23
2250,20:19:50:018,3,Severe_Damage,L3_S1,-1588,876,13672,-172,29,-117,0,-1193.23
2251,20:19:50:027,3,Severe_Damage,L3_S1,-1648,896,13770,261,38,-44,0,-1095.23
2252,20:19:50:037,3,Severe_Damage,L3_S1,-1632,908,14006,628,61,14,0,-859.23
2253,20:19:50:047,3,Severe_Damage,L3_S1,-1690,984,14330,928,70,54,0,-535.23
2254,20:19:50:058,3,Severe_Damage,L3_S1,-1770,1108,14744,1103,68,90,0,-121.23
2255,20:19:50:068,3,Severe_Damage,L3_S1,-1796,1150,15124,1158,78,93,0,258.77
2256,20:19:50:078,3,Severe_Damage,L3_S1,-1960,1216,15456,1096,42,88,0,590.77
2257,20:19:50:088,3,Severe_Damage,L3_S1,-1920,1256,15722,889,68,53,0,856.77
2258,20:19:50:097,3,Severe_Damage,L3_S1,-2024,1348,15994,594,42,15,0,1128.77
2259,20:19:50:108,3,Severe_Damage,L3_S1,-1976,1354,16076,230,51,-54,0,1210.77
2260,20:19:50:118,3,Severe_Damage,L3_S1,-1964,1286,16070,-179,33,-115,0,1204.77
2261,20:19:50:128,3,Severe_Damage,L3_S1,-1994,1262,15900,-589,10,-185,0,1034.77
2262,20:19:50:138,3,Severe_Damage,L3_S1,-1930,1290,15680,-953,8,-237,0,814.77
2263,20:19:50:148,3,Severe_Damage,L3_S1,-1938,1230,15374,-1229,-7,-281,0,508.77
2264,20:19:50:158,3,Severe_Damage,L3_S1,-1858,1140,15034,-1424,-6,-317,0,168.77
2265,20:19:50:168,3,Severe_Damage,L3_S1,-1788,1088,14650,-1483,0,-324,0,-215.23
2266,20:19:50:178,3,Severe_Damage,L3_S1,-1714,1006,14334,-1411,-9,-314,0,-531.23
2267,20:19:50:188,3,Severe_Damage,L3_S1,-1748,928,14056,-1240,6,-283,0,-809.23
2268,20:19:50:198,3,Severe_Damage,L3_S1,-1560,912,13880,-958,19,-239,0,-985.23
2269,20:19:50:208,3,Severe_Damage,L3_S1,-1584,854,13774,-630,20,-194,0,-1091.23
2270,20:19:50:218,3,Severe_Damage,L3_S1,-1684,902,13788,-228,29,-125,0,-1077.23
2271,20:19:50:228,3,Severe_Damage,L3_S1,-1656,912,13910,152,47,-66,0,-955.23
2272,20:19:50:238,3,Severe_Damage,L3_S1,-1758,976,14052,511,47,-3,0,-813.23
2273,20:19:50:247,3,Severe_Damage,L3_S1,-1692,994,14350,785,70,28,0,-515.23
2274,20:19:50:257,3,Severe_Damage,L3_S1,-1792,1084,14694,968,53,72,0,-171.23
2275,20:19:50:268,3,Severe_Damage,L3_S1,-1834,1120,14986,1039,67,83,0,120.77
2276,20:19:50:277,3,Severe_Damage,L3_S1,-1834,1202,15358,991,58,64,0,492.77
2277,20:19:50:288,3,Severe_Damage,L3_S1,-2028,1238,15654,824,49,47,0,788.77
2278,20:19:50:298,3,Severe_Damage,L3_S1,-1956,1280,15808,568,64,-5,0,942.77
2279,20:19:50:308,3,Severe_Damage,L3_S1,-1990,1366,15852,240,28,-44,0,986.77
2280,20:19:50:318,3,Severe_Damage,L3_S1,-1950,1274,15946,-129,41,-101,0,1080.77
2281,20:19:50:328,3,Severe_Damage,L3_S1,-1954,1320,15816,-485,16,-159,0,950.77
2282,20:19:50:338,3,Severe_Damage,L3_S1,-1990,1314,15702,-843,3,-215,0,836.77
2283,20:19:50:348,3,Severe_Damage,L3_S1,-1858,1206,15356,-1104,20,-271,0,490.77
2284,20:19:50:358,3,Severe_Damage,L3_S1,-1870,1114,15058,-1284,-11,-296,0,192.77
2285,20:19:50:368,3,Severe_Damage,L3_S1,-1760,1122,14726,-1355,-1,-312,0,-139.23
2286,20:19:50:378,3,Severe_Damage,L3_S1,-1778,1034,14458,-1321,7,-301,0,-407.23
2287,20:19:50:388,3,Severe_Damage,L3_S1,-1696,956,14124,-1176,-18,-277,0,-741.23
2288,20:19:50:398,3,Severe_Damage,L3_S1,-1674,940,13844,-939,37,-244,0,-1021.23
2289,20:19:50:408,3,Severe_Damage,L3_S1,-1678,856,13798,-631,-12,-178,0,-1067.23
2290,20:19:50:418,3,Severe_Damage,L3_S1,-1650,944,13850,-279,48,-138,0,-1015.23
2291,20:19:50:427,3,Severe_Damage,L3_S1,-1646,898,13936,68,26,-75,0,-929.23
2292,20:19:50:438,3,Severe_Damage,L3_S1,-1668,952,14126,394,34,-21,0,-739.23
2293,20:19:50:448,3,Severe_Damage,L3_S1,-1714,1004,14358,663,63,17,0,-507.23
2294,20:19:50:458,3,Severe_Damage,L3_S1,-1782,1022,14660,836,46,50,0,-205.23
2295,20:19:50:468,3,Severe_Damage,L3_S1,-1832,1100,15034,928,79,54,0,168.77
2296,20:19:50:478,3,Severe_Damage,L3_S1,-1874,1184,15328,886,39,56,0,462.77
2297,20:19:50:488,3,Severe_Damage,L3_S1,-1948,1240,15486,766,73,36,0,620.77
2298,20:19:50:498,3,Severe_Damage,L3_S1,-1924,1272,15754,529,40,-9,0,888.77
2299,20:19:50:508,3,Severe_Damage,L3_S1,-1994,1328,15878,252,46,-47,0,1012.77
2300,20:19:50:518,3,Severe_Damage,L3_S1,-1920,1338,15874,-87,39,-105,0,1008.77
2301,20:19:50:528,3,Severe_Damage,L3_S1,-1952,1312,15794,-413,25,-153,0,928.77
2302,20:19:50:538,3,Severe_Damage,L3_S1,-1894,1238,15588,-737,20,-212,0,722.77
2303,20:19:50:548,3,Severe_Damage,L3_S1,-1864,1226,15342,-976,8,-245,0,476.77
2304,20:19:50:558,3,Severe_Damage,L3_S1,-1824,1122,15056,-1167,-3,-277,0,190.77
2305,20:19:50:568,3,Severe_Damage,L3_S1,-1788,1096,14726,-1246,12,-294,0,-139.23
2306,20:19:50:578,3,Severe_Damage,L3_S1,-1756,1054,14490,-1232,-5,-286,0,-375.23
2307,20:19:50:588,3,Severe_Damage,L3_S1,-1666,1012,14240,-1099,17,-261,0,-625.23
2308,20:19:50:598,3,Severe_Damage,L3_S1,-1708,948,14096,-903,5,-234,0,-769.23
2309,20:19:50:608,3,Severe_Damage,L3_S1,-1622,920,13928,-630,19,-189,0,-937.23
2310,20:19:50:618,3,Severe_Damage,L3_S1,-1656,914,13876,-316,25,-140,0,-989.23
2311,20:19:50:627,3,Severe_Damage,L3_S1,-1646,932,13946,3,40,-90,0,-919.23
2312,20:19:50:638,3,Severe_Damage,L3_S1,-1716,968,14114,307,46,-46,0,-751.23
2313,20:19:50:648,3,Severe_Damage,L3_S1,-1722,1018,14336,550,45,0,0,-529.23
2314,20:19:50:658,3,Severe_Damage,L3_S1,-1756,1040,14634,729,61,32,0,-231.23
2315,20:19:50:668,3,Severe_Damage,L3_S1,-1834,1102,14946,813,49,46,0,80.77
2316,20:19:50:678,3,Severe_Damage,L3_S1,-1844,1160,15224,813,68,41,0,358.77
2317,20:19:50:688,3,Severe_Damage,L3_S1,-1900,1250,15414,691,58,23,0,548.77
2318,20:19:50:698,3,Severe_Damage,L3_S1,-1936,1282,15536,514,40,-10,0,670.77
2319,20:19:50:708,3,Severe_Damage,L3_S1,-1966,1256,15738,244,66,-50,0,872.77
2320,20:19:50:718,3,Severe_Damage,L3_S1,-1944,1288,15792,-43,18,-97,0,926.77
2321,20:19:50:728,3,Severe_Damage,L3_S1,-1900,1290,15776,-359,30,-147,0,910.77
2322,20:19:50:738,3,Severe_Damage,L3_S1,-1940,1244,15564,-640,18,-192,0,698.77
2323,20:19:50:748,3,Severe_Damage,L3_S1,-1874,1162,15374,-891,-3,-224,0,508.77
2324,20:19:50:758,3,Severe_Damage,L3_S1,-1860,1150,15118,-1057,14,-261,0,252.77
2325,20:19:50:768,3,Severe_Damage,L3_S1,-1784,1084,14800,-1149,-10,-266,0,-65.23
2326,20:19:50:778,3,Severe_Damage,L3_S1,-1690,1048,14546,-1136,11,-277,0,-319.23
2327,20:19:50:788,3,Severe_Damage,L3_S1,-1698,1026,14336,-1050,-6,-249,0,-529.23
2328,20:19:50:798,3,Severe_Damage,L3_S1,-1680,964,14184,-869,14,-230,0,-681.23
2329,20:19:50:808,3,Severe_Damage,L3_S1,-1674,946,14068,-622,34,-194,0,-797.23
2330,20:19:50:818,3,Severe_Damage,L3_S1,-1656,906,14038,-349,9,-146,0,-827.23
2331,20:19:50:828,3,Severe_Damage,L3_S1,-1698,920,14112,-48,46,-96,0,-753.23
2332,20:19:50:838,3,Severe_Damage,L3_S1,-1678,932,14262,219,31,-52,0,-603.23
2333,20:19:50:848,3,Severe_Damage,L3_S1,-1774,1008,14376,463,57,-15,0,-489.23
2334,20:19:50:858,3,Severe_Damage,L3_S1,-1746,1012,14640,628,59,11,0,-225.23
2335,20:19:50:868,3,Severe_Damage,L3_S1,-1840,1100,14980,720,48,25,0,114.77
2336,20:19:50:878,3,Severe_Damage,L3_S1,-1850,1140,15192,719,60,22,0,326.77
2337,20:19:50:888,3,Severe_Damage,L3_S1,-1874,1220,15396,628,45,10,0,530.77
2338,20:19:50:898,3,Severe_Damage,L3_S1,-1876,1266,15498,472,55,-16,0,632.77
2339,20:19:50:908,3,Severe_Damage,L3_S1,-1936,1248,15678,238,43,-50,0,812.77
2340,20:19:50:918,3,Severe_Damage,L3_S1,-1934,1310,15700,-24,33,-93,0,834.77
2341,20:19:50:928,3,Severe_Damage,L3_S1,-1910,1232,15648,-298,34,-143,0,782.77
2342,20:19:50:938,3,Severe_Damage,L3_S1,-1916,1258,15556,-574,20,-178,0,690.77
2343,20:19:50:948,3,Severe_Damage,L3_S1,-1904,1194,15310,-794,24,-216,0,444.77
2344,20:19:50:958,3,Severe_Damage,L3_S1,-1846,1138,15084,-962,-4,-237,0,218.77
2345,20:19:50:968,3,Severe_Damage,L3_S1,-1742,1134,14864,-1051,12,-252,0,-1.23
2346,20:19:50:978,3,Severe_Damage,L3_S1,-1750,1048,14612,-1071,1,-257,0,-253.23
2347,20:19:50:988,3,Severe_Damage,L3_S1,-1710,1014,14404,-976,11,-250,0,-461.23
2348,20:19:50:998,3,Severe_Damage,L3_S1,-1758,970,14144,-839,-3,-220,0,-721.23
2349,20:19:51:008,3,Severe_Damage,L3_S1,-1716,964,14072,-607,22,-188,0,-793.23
2350,20:19:51:018,3,Severe_Damage,L3_S1,-1698,942,14086,-369,28,-154,0,-779.23
2351,20:19:51:028,3,Severe_Damage,L3_S1,-1692,1022,14126,-91,49,-103,0,-739.23
2352,20:19:51:038,3,Severe_Damage,L3_S1,-1714,960,14258,154,31,-65,0,-607.23
2353,20:19:51:048,3,Severe_Damage,L3_S1,-1744,1028,14430,377,58,-29,0,-435.23
2354,20:19:51:058,3,Severe_Damage,L3_S1,-1812,1048,14540,536,47,8,0,-325.23
2355,20:19:51:068,3,Severe_Damage,L3_S1,-1754,1104,14894,616,60,7,0,28.77
2356,20:19:51:078,3,Severe_Damage,L3_S1,-1876,1134,15082,635,45,19,0,216.77
2357,20:19:51:088,3,Severe_Damage,L3_S1,-1852,1176,15264,574,55,4,0,398.77
2358,20:19:51:098,3,Severe_Damage,L3_S1,-1918,1220,15476,430,36,-17,0,610.77
2359,20:19:51:108,3,Severe_Damage,L3_S1,-1902,1260,15534,227,28,-47,0,668.77
2360,20:19:51:118,3,Severe_Damage,L3_S1,-1858,1260,15604,-6,43,-89,0,738.77
2361,20:19:51:128,3,Severe_Damage,L3_S1,-1978,1266,15602,-278,12,-122,0,736.77
2362,20:19:51:138,3,Severe_Damage,L3_S1,-1832,1208,15410,-499,32,-175,0,544.77
2363,20:19:51:148,3,Severe_Damage,L3_S1,-1892,1190,15346,-723,11,-206,0,480.77
2364,20:19:51:158,3,Severe_Damage,L3_S1,-1822,1172,15114,-865,11,-217,0,248.77
2365,20:19:51:168,3,Severe_Damage,L3_S1,-1782,1106,14950,-969,15,-242,0,84.77
2366,20:19:51:178,3,Severe_Damage,L3_S1,-1836,1068,14618,-981,-3,-245,0,-247.23
2367,20:19:51:188,3,Severe_Damage,L3_S1,-1678,1052,14528,-927,18,-242,0,-337.23
2368,20:19:51:198,3,Severe_Damage,L3_S1,-1758,992,14378,-791,14,-215,0,-487.23
2369,20:19:51:208,3,Severe_Damage,L3_S1,-1746,938,14268,-611,28,-186,0,-597.23
2370,20:19:51:218,3,Severe_Damage,L3_S1,-1606,964,14172,-374,28,-149,0,-693.23
2371,20:19:51:228,3,Severe_Damage,L3_S1,-1750,958,14188,-149,21,-104,0,-677.23
2372,20:19:51:238,3,Severe_Damage,L3_S1,-1718,982,14328,105,49,-81,0,-537.23
2373,20:19:51:248,3,Severe_Damage,L3_S1,-1724,1044,14424,294,26,-35,0,-441.23
2374,20:19:51:258,3,Severe_Damage,L3_S1,-1762,1034,14590,460,61,-12,0,-275.23
2375,20:19:51:268,3,Severe_Damage,L3_S1,-1796,1068,14818,542,45,6,0,-47.23
2376,20:19:51:278,3,Severe_Damage,L3_S1,-1878,1148,15002,564,52,7,0,136.77
2377,20:19:51:288,3,Severe_Damage,L3_S1,-1854,1134,15248,516,51,-8,0,382.77
2378,20:19:51:298,3,Severe_Damage,L3_S1,-1858,1202,15334,391,36,-18,0,468.77
2379,20:19:51:308,3,Severe_Damage,L3_S1,-1940,1246,15428,223,55,-53,0,562.77
2380,20:19:51:318,3,Severe_Damage,L3_S1,-1930,1270,15492,8,30,-85,0,626.77
2381,20:19:51:328,3,Severe_Damage,L3_S1,-1910,1248,15504,-219,21,-118,0,638.77
2382,20:19:51:338,3,Severe_Damage,L3_S1,-1844,1200,15482,-446,26,-159,0,616.77
2383,20:19:51:348,3,Severe_Damage,L3_S1,-1868,1182,15336,-644,5,-192,0,470.77
2384,20:19:51:358,3,Severe_Damage,L3_S1,-1814,1170,15122,-788,16,-221,0,256.77
2385,20:19:51:368,3,Severe_Damage,L3_S1,-1826,1122,14904,-883,7,-228,0,38.77
2386,20:19:51:378,3,Severe_Damage,L3_S1,-1738,1082,14744,-915,17,-233,0,-121.23
2387,20:19:51:388,3,Severe_Damage,L3_S1,-1754,1054,14552,-864,13,-223,0,-313.23
2388,20:19:51:398,3,Severe_Damage,L3_S1,-1728,990,14382,-753,11,-207,0,-483.23
2389,20:19:51:408,3,Severe_Damage,L3_S1,-1684,1030,14276,-590,22,-180,0,-589.23
2390,20:19:51:418,3,Severe_Damage,L3_S1,-1716,964,14178,-390,26,-147,0,-687.23
2391,20:19:51:428,3,Severe_Damage,L3_S1,-1678,952,14252,-178,33,-119,0,-613.23
2392,20:19:51:438,3,Severe_Damage,L3_S1,-1742,986,14312,47,29,-77,0,-553.23
2393,20:19:51:448,3,Severe_Damage,L3_S1,-1746,1040,14446,224,36,-54,0,-419.23
2394,20:19:51:458,3,Severe_Damage,L3_S1,-1778,1050,14646,386,49,-30,0,-219.23
2395,20:19:51:468,3,Severe_Damage,L3_S1,-1792,1072,14816,465,42,-14,0,-49.23
2396,20:19:51:478,3,Severe_Damage,L3_S1,-1864,1080,15006,501,66,-9,0,140.77
2397,20:19:51:488,3,Severe_Damage,L3_S1,-1860,1160,15136,442,25,-20,0,270.77
2398,20:19:51:498,3,Severe_Damage,L3_S1,-1862,1240,15342,361,54,-33,0,476.77
2399,20:19:51:508,3,Severe_Damage,L3_S1,-1834,1228,15472,194,33,-59,0,606.77
2400,20:19:51:518,3,Severe_Damage,L3_S1,-1934,1262,15430,13,42,-81,0,564.77
2401,20:19:51:528,3,Severe_Damage,L3_S1,-1838,1232,15532,-199,23,-121,0,666.77
2402,20:19:51:538,3,Severe_Damage,L3_S1,-1924,1232,15370,-396,28,-145,0,504.77
2403,20:19:51:548,3,Severe_Damage,L3_S1,-1874,1192,15320,-579,24,-183,0,454.77
2404,20:19:51:558,3,Severe_Damage,L3_S1,-1848,1186,15142,-728,8,-201,0,276.77
2405,20:19:51:568,3,Severe_Damage,L3_S1,-1824,1170,14902,-814,19,-221,0,36.77
2406,20:19:51:578,3,Severe_Damage,L3_S1,-1738,1112,14730,-841,12,-221,0,-135.23
2407,20:19:51:588,3,Severe_Damage,L3_S1,-1840,1054,14606,-809,6,-208,0,-259.23
2408,20:19:51:598,3,Severe_Damage,L3_S1,-1724,1012,14412,-713,16,-208,0,-453.23
2409,20:19:51:608,3,Severe_Damage,L3_S1,-1698,1000,14340,-565,17,-175,0,-525.23
2410,20:19:51:618,3,Severe_Damage,L3_S1,-1720,1012,14254,-388,26,-159,0,-611.23
2411,20:19:51:628,3,Severe_Damage,L3_S1,-1728,996,14262,-191,35,-125,0,-603.23
2412,20:19:51:638,3,Severe_Damage,L3_S1,-1784,1036,14352,-1,35,-92,0,-513.23
2413,20:19:51:648,3,Severe_Damage,L3_S1,-1708,1044,14500,178,47,-62,0,-365.23
2414,20:19:51:658,3,Severe_Damage,L3_S1,-1766,982,14616,306,32,-41,0,-249.23
2415,20:19:51:668,3,Severe_Damage,L3_S1,-1794,1112,14804,402,52,-23,0,-61.23
2416,20:19:51:678,3,Severe_Damage,L3_S1,-1822,1108,14986,428,47,-18,0,120.77
2417,20:19:51:688,3,Severe_Damage,L3_S1,-1806,1136,15138,406,47,-23,0,272.77
2418,20:19:51:698,3,Severe_Damage,L3_S1,-1882,1172,15284,316,47,-43,0,418.77
2419,20:19:51:708,3,Severe_Damage,L3_S1,-1926,1160,15358,188,34,-64,0,492.77
2420,20:19:51:718,3,Severe_Damage,L3_S1,-1906,1238,15416,6,37,-94,0,550.77
2421,20:19:51:729,3,Severe_Damage,L3_S1,-1882,1238,15394,-184,28,-117,0,528.77
2422,20:19:51:738,3,Severe_Damage,L3_S1,-1806,1194,15314,-364,28,-152,0,448.77
2423,20:19:51:748,3,Severe_Damage,L3_S1,-1822,1160,15252,-533,15,-174,0,386.77
2424,20:19:51:758,3,Severe_Damage,L3_S1,-1844,1172,15140,-669,8,-193,0,274.77
2425,20:19:51:768,3,Severe_Damage,L3_S1,-1820,1172,14918,-753,16,-209,0,52.77
2426,20:19:51:778,3,Severe_Damage,L3_S1,-1788,1142,14786,-783,5,-211,0,-79.23
2427,20:19:51:788,3,Severe_Damage,L3_S1,-1796,1050,14596,-756,21,-208,0,-269.23
2428,20:19:51:798,3,Severe_Damage,L3_S1,-1798,1048,14416,-689,13,-199,0,-449.23
2429,20:19:51:808,3,Severe_Damage,L3_S1,-1768,1024,14358,-557,15,-176,0,-507.23
2430,20:19:51:818,3,Severe_Damage,L3_S1,-1698,1022,14316,-388,29,-150,0,-549.23
2431,20:19:51:828,3,Severe_Damage,L3_S1,-1744,952,14424,-217,20,-127,0,-441.23
2432,20:19:51:838,3,Severe_Damage,L3_S1,-1744,1022,14442,-28,42,-96,0,-423.23
2433,20:19:51:848,3,Severe_Damage,L3_S1,-1710,1040,14446,129,41,-66,0,-419.23
2434,20:19:51:858,3,Severe_Damage,L3_S1,-1796,1060,14640,258,36,-41,0,-225.23
2435,20:19:51:868,3,Severe_Damage,L3_S1,-1752,1110,14754,346,53,-38,0,-111.23
2436,20:19:51:878,3,Severe_Damage,L3_S1,-1878,1136,14914,374,29,-28,0,48.77
2437,20:19:51:888,3,Severe_Damage,L3_S1,-1828,1178,15080,362,54,-40,0,214.77
2438,20:19:51:898,3,Severe_Damage,L3_S1,-1856,1198,15216,277,33,-45,0,350.77
2439,20:19:51:908,3,Severe_Damage,L3_S1,-1898,1176,15304,158,41,-61,0,438.77
2440,20:19:51:918,3,Severe_Damage,L3_S1,-1882,1236,15402,9,28,-92,0,536.77
2441,20:19:51:928,3,Severe_Damage,L3_S1,-1868,1186,15416,-161,20,-107,0,550.77
2442,20:19:51:938,3,Severe_Damage,L3_S1,-1846,1182,15336,-333,30,-149,0,470.77
2443,20:19:51:948,3,Severe_Damage,L3_S1,-1872,1168,15256,-488,12,-168,0,390.77
2444,20:19:51:958,3,Severe_Damage,L3_S1,-1824,1148,15086,-619,9,-183,0,220.77
2445,20:19:51:968,3,Severe_Damage,L3_S1,-1812,1136,14920,-699,12,-200,0,54.77
2446,20:19:51:978,3,Severe_Damage,L3_S1,-1798,1074,14774,-733,12,-196,0,-91.23
2447,20:19:51:988,3,Severe_Damage,L3_S1,-1724,1118,14588,-707,24,-200,0,-277.23
2448,20:19:51:998,3,Severe_Damage,L3_S1,-1764,1056,14476,-636,13,-198,0,-389.23
2449,20:19:52:008,3,Severe_Damage,L3_S1,-1684,1056,14464,-537,21,-179,0,-401.23
2450,20:19:52:018,3,Severe_Damage,L3_S1,-1716,1036,14330,-382,30,-157,0,-535.23
2451,20:19:52:028,3,Severe_Damage,L3_S1,-1726,1004,14358,-226,23,-121,0,-507.23
2452,20:19:52:038,3,Severe_Damage,L3_S1,-1738,1044,14450,-56,44,-100,0,-415.23
2453,20:19:52:048,3,Severe_Damage,L3_S1,-1774,988,14500,85,32,-69,0,-365.23
2454,20:19:52:058,3,Severe_Damage,L3_S1,-1794,1056,14656,213,50,-54,0,-209.23
2455,20:19:52:068,3,Severe_Damage,L3_S1,-1748,1066,14814,289,43,-46,0,-51.23
2456,20:19:52:078,3,Severe_Damage,L3_S1,-1824,1112,15050,324,40,-39,0,184.77
2457,20:19:52:088,3,Severe_Damage,L3_S1,-1834,1154,15054,313,45,-43,0,188.77
2458,20:19:52:098,3,Severe_Damage,L3_S1,-1884,1202,15152,245,34,-45,0,286.77
2459,20:19:52:108,3,Severe_Damage,L3_S1,-1868,1178,15240,147,45,-61,0,374.77
2460,20:19:52:118,3,Severe_Damage,L3_S1,-1892,1192,15352,-1,32,-86,0,486.77
2461,20:19:52:128,3,Severe_Damage,L3_S1,-1892,1198,15286,-145,30,-107,0,420.77
2462,20:19:52:138,3,Severe_Damage,L3_S1,-1834,1172,15284,-317,21,-134,0,418.77
2463,20:19:52:149,3,Severe_Damage,L3_S1,-1890,1174,15202,-454,21,-161,0,336.77
2464,20:19:52:159,3,Severe_Damage,L3_S1,-1846,1146,15028,-579,25,-177,0,162.77
2465,20:19:52:169,3,Severe_Damage,L3_S1,-1858,1136,14924,-646,15,-188,0,58.77
2466,20:19:52:179,3,Severe_Damage,L3_S1,-1760,1154,14796,-689,10,-197,0,-69.23
2467,20:19:52:188,3,Severe_Damage,L3_S1,-1768,1078,14616,-666,20,-194,0,-249.23
2468,20:19:52:198,3,Severe_Damage,L3_S1,-1738,1022,14598,-618,12,-187,0,-267.23
2469,20:19:52:208,3,Severe_Damage,L3_S1,-1752,1084,14514,-504,22,-170,0,-351.23
2470,20:19:52:218,3,Severe_Damage,L3_S1,-1742,1012,14426,-391,27,-148,0,-439.23
2471,20:19:52:228,3,Severe_Damage,L3_S1,-1704,990,14380,-239,35,-125,0,-485.23
2472,20:19:52:238,3,Severe_Damage,L3_S1,-1704,1026,14436,-90,31,-100,0,-429.23
2473,20:19:52:248,3,Severe_Damage,L3_S1,-1786,1028,14596,53,41,-78,0,-269.23
2474,20:19:52:258,3,Severe_Damage,L3_S1,-1764,1048,14656,167,40,-66,0,-209.23
2475,20:19:52:268,3,Severe_Damage,L3_S1,-1782,1066,14798,243,42,-53,0,-67.23
2476,20:19:52:279,3,Severe_Damage,L3_S1,-1822,1150,14890,278,49,-45,0,24.77
2477,20:19:52:288,3,Severe_Damage,L3_S1,-1862,1156,15038,271,49,-49,0,172.77
2478,20:19:52:298,3,Severe_Damage,L3_S1,-1860,1152,15090,219,45,-60,0,224.77
2479,20:19:52:308,3,Severe_Damage,L3_S1,-1854,1200,15242,115,44,-72,0,376.77
2480,20:19:52:318,3,Severe_Damage,L3_S1,-1892,1222,15282,-5,39,-88,0,416.77
2481,20:19:52:329,3,Severe_Damage,L3_S1,-1854,1184,15202,-141,45,-112,0,336.77
2482,20:19:52:338,3,Severe_Damage,L3_S1,-1900,1232,15192,-276,28,-132,0,326.77
2483,20:19:52:349,3,Severe_Damage,L3_S1,-1816,1190,15140,-415,28,-156,0,274.77
2484,20:19:52:358,3,Severe_Damage,L3_S1,-1852,1160,15002,-523,15,-177,0,136.77
2485,20:19:52:368,3,Severe_Damage,L3_S1,-1808,1126,14938,-609,17,-187,0,72.77
2486,20:19:52:378,3,Severe_Damage,L3_S1,-1788,1082,14816,-643,18,-193,0,-49.23
2487,20:19:52:388,3,Severe_Damage,L3_S1,-1784,1078,14742,-637,13,-195,0,-123.23
2488,20:19:52:399,3,Severe_Damage,L3_S1,-1754,1042,14608,-580,26,-182,0,-257.23
2489,20:19:52:409,3,Severe_Damage,L3_S1,-1726,1040,14532,-498,20,-167,0,-333.23
2490,20:19:52:418,3,Severe_Damage,L3_S1,-1750,988,14468,-375,22,-146,0,-397.23
2491,20:19:52:429,3,Severe_Damage,L3_S1,-1718,1028,14428,-244,31,-132,0,-437.23
2492,20:19:52:439,3,Severe_Damage,L3_S1,-1752,1018,14514,-110,26,-105,0,-351.23
2493,20:19:52:449,3,Severe_Damage,L3_S1,-1760,1078,14514,20,37,-83,0,-351.23
2494,20:19:52:458,3,Severe_Damage,L3_S1,-1778,1040,14648,128,36,-63,0,-217.23
2495,20:19:52:468,3,Severe_Damage,L3_S1,-1822,1156,14774,205,44,-57,0,-91.23
2496,20:19:52:478,3,Severe_Damage,L3_S1,-1812,1154,14896,231,35,-49,0,30.77
2497,20:19:52:488,3,Severe_Damage,L3_S1,-1792,1128,14956,237,48,-51,0,90.77
2498,20:19:52:499,3,Severe_Damage,L3_S1,-1808,1206,15048,187,45,-57,0,182.77
2499,20:19:52:508,3,Severe_Damage,L3_S1,-1834,1154,15196,99,31,-79,0,330.77
2500,20:19:52:518,3,Severe_Damage,L3_S1,-1870,1194,15226,6,52,-92,0,360.77
2501,20:19:52:528,3,Severe_Damage,L3_S1,-1858,1174,15206,-140,22,-107,0,340.77
2502,20:19:52:539,3,Severe_Damage,L3_S1,-1874,1204,15230,-262,30,-130,0,364.77
2503,20:19:52:549,3,Severe_Damage,L3_S1,-1800,1174,15128,-387,20,-153,0,262.77
2504,20:19:52:559,3,Severe_Damage,L3_S1,-1838,1192,15090,-493,15,-161,0,224.77
2505,20:19:52:569,3,Severe_Damage,L3_S1,-1796,1148,14998,-561,24,-181,0,132.77
2506,20:19:52:578,3,Severe_Damage,L3_S1,-1828,1106,14898,-611,1,-186,0,32.77
2507,20:19:52:589,3,Severe_Damage,L3_S1,-1784,1046,14666,-594,20,-178,0,-199.23
2508,20:19:52:599,3,Severe_Damage,L3_S1,-1700,1064,14634,-564,16,-179,0,-231.23
2509,20:19:52:609,3,Severe_Damage,L3_S1,-1736,1022,14492,-474,15,-157,0,-373.23
2510,20:19:52:619,3,Severe_Damage,L3_S1,-1740,1050,14496,-381,30,-155,0,-369.23
2511,20:19:52:628,3,Severe_Damage,L3_S1,-1726,996,14434,-254,16,-123,0,-431.23
2512,20:19:52:639,3,Severe_Damage,L3_S1,-1750,1066,14570,-129,35,-115,0,-295.23
2513,20:19:52:648,3,Severe_Damage,L3_S1,-1704,1054,14536,-5,28,-96,0,-329.23
2514,20:19:52:658,3,Severe_Damage,L3_S1,-1756,1070,14658,83,33,-77,0,-207.23
2515,20:19:52:669,3,Severe_Damage,L3_S1,-1760,1084,14716,170,42,-61,0,-149.23
2516,20:19:52:678,3,Severe_Damage,L3_S1,-1804,1100,14884,193,30,-59,0,18.77
2517,20:19:52:688,3,Severe_Damage,L3_S1,-1786,1094,14988,200,47,-60,0,122.77
2518,20:19:52:698,3,Severe_Damage,L3_S1,-1822,1142,15102,155,34,-68,0,236.77
2519,20:19:52:709,3,Severe_Damage,L3_S1,-1864,1200,15164,90,44,-67,0,298.77
2520,20:19:52:719,3,Severe_Damage,L3_S1,-1842,1150,15230,-16,36,-83,0,364.77
2521,20:19:52:729,3,Severe_Damage,L3_S1,-1864,1160,15170,-123,27,-107,0,304.77
2522,20:19:52:739,3,Severe_Damage,L3_S1,-1834,1176,15222,-249,30,-133,0,356.77
2523,20:19:52:749,3,Severe_Damage,L3_S1,-1852,1166,15186,-362,10,-140,0,320.77
2524,20:19:52:759,3,Severe_Damage,L3_S1,-1794,1130,15112,-455,21,-157,0,246.77
2525,20:19:52:769,3,Severe_Damage,L3_S1,-1854,1122,14908,-532,24,-172,0,42.77
2526,20:19:52:779,3,Severe_Damage,L3_S1,-1806,1120,14902,-566,18,-174,0,36.77
2527,20:19:52:789,3,Severe_Damage,L3_S1,-1742,1072,14794,-559,27,-173,0,-71.23
2528,20:19:52:799,3,Severe_Damage,L3_S1,-1804,1070,14640,-526,16,-174,0,-225.23
2529,20:19:52:809,3,Severe_Damage,L3_S1,-1708,1002,14612,-458,32,-166,0,-253.23
2530,20:19:52:819,3,Severe_Damage,L3_S1,-1764,1056,14546,-363,25,-146,0,-319.23
2531,20:19:52:829,3,Severe_Damage,L3_S1,-1772,994,14574,-254,33,-130,0,-291.23
2532,20:19:52:839,3,Severe_Damage,L3_S1,-1740,1062,14534,-132,35,-113,0,-331.23
2533,20:19:52:848,3,Severe_Damage,L3_S1,-1784,1024,14618,-38,32,-87,0,-247.23
2534,20:19:52:858,3,Severe_Damage,L3_S1,-1762,1072,14664,62,45,-75,0,-201.23
2535,20:19:52:869,3,Severe_Damage,L3_S1,-1808,1040,14744,123,35,-68,0,-121.23
2536,20:19:52:879,3,Severe_Damage,L3_S1,-1800,1130,14840,163,47,-67,0,-25.23
2537,20:19:52:889,3,Severe_Damage,L3_S1,-1854,1126,15000,159,51,-66,0,134.77
2538,20:19:52:899,3,Severe_Damage,L3_S1,-1860,1152,15016,132,39,-68,0,150.77
2539,20:19:52:909,3,Severe_Damage,L3_S1,-1834,1176,15084,71,48,-85,0,218.77
2540,20:19:52:919,3,Severe_Damage,L3_S1,-1856,1156,15086,-12,29,-92,0,220.77
2541,20:19:52:929,3,Severe_Damage,L3_S1,-1864,1204,15198,-125,40,-107,0,332.77
2542,20:19:52:939,3,Severe_Damage,L3_S1,-1900,1170,15160,-235,21,-119,0,294.77
2543,20:19:52:949,3,Severe_Damage,L3_S1,-1832,1146,15114,-344,25,-141,0,248.77
2544,20:19:52:959,3,Severe_Damage,L3_S1,-1822,1190,15060,-427,22,-161,0,194.77
2545,20:19:52:969,3,Severe_Damage,L3_S1,-1768,1112,14980,-490,20,-168,0,114.77
2546,20:19:52:979,3,Severe_Damage,L3_S1,-1770,1124,14870,-528,32,-170,0,4.77
2547,20:19:52:989,3,Severe_Damage,L3_S1,-1838,1094,14746,-537,20,-173,0,-119.23
2548,20:19:52:999,3,Severe_Damage,L3_S1,-1746,1010,14674,-500,27,-169,0,-191.23
2549,20:19:53:009,3,Severe_Damage,L3_S1,-1798,1046,14588,-444,12,-157,0,-277.23
2550,20:19:53:019,3,Severe_Damage,L3_S1,-1722,1058,14576,-353,28,-149,0,-289.23
2551,20:19:53:029,3,Severe_Damage,L3_S1,-1740,1050,14536,-267,31,-129,0,-329.23
2552,20:19:53:039,3,Severe_Damage,L3_S1,-1798,1014,14594,-158,26,-118,0,-271.23
2553,20:19:53:049,3,Severe_Damage,L3_S1,-1742,1030,14626,-62,33,-102,0,-239.23
2554,20:19:53:059,3,Severe_Damage,L3_S1,-1880,1062,14644,33,37,-84,0,-221.23
2555,20:19:53:069,3,Severe_Damage,L3_S1,-1838,1104,14770,101,47,-74,0,-95.23
2556,20:19:53:079,3,Severe_Damage,L3_S1,-1796,1098,14860,127,37,-68,0,-5.23
2557,20:19:53:089,3,Severe_Damage,L3_S1,-1804,1128,14914,137,40,-74,0,48.77
2558,20:19:53:099,3,Severe_Damage,L3_S1,-1824,1080,15028,97,35,-77,0,162.77
2559,20:19:53:109,3,Severe_Damage,L3_S1,-1878,1092,15066,58,35,-80,0,200.77
2560,20:19:53:119,3,Severe_Damage,L3_S1,-1786,1166,15118,-31,34,-97,0,252.77
2561,20:19:53:129,3,Severe_Damage,L3_S1,-1858,1202,15110,-115,36,-112,0,244.77
2562,20:19:53:139,3,Severe_Damage,L3_S1,-1838,1114,15110,-228,30,-128,0,244.77
2563,20:19:53:149,3,Severe_Damage,L3_S1,-1842,1180,15060,-309,40,-140,0,194.77
2564,20:19:53:159,3,Severe_Damage,L3_S1,-1836,1154,15048,-409,24,-157,0,182.77
2565,20:19:53:169,3,Severe_Damage,L3_S1,-1834,1126,14956,-455,26,-166,0,90.77
2566,20:19:53:179,3,Severe_Damage,L3_S1,-1766,1080,14828,-500,22,-173,0,-37.23
2567,20:19:53:189,3,Severe_Damage,L3_S1,-1798,1078,14762,-502,22,-172,0,-103.23
2568,20:19:53:199,3,Severe_Damage,L3_S1,-1746,1072,14720,-483,26,-170,0,-145.23
2569,20:19:53:209,3,Severe_Damage,L3_S1,-1758,1042,14684,-424,26,-153,0,-181.23
2570,20:19:53:219,3,Severe_Damage,L3_S1,-1760,1058,14564,-353,29,-147,0,-301.23
2571,20:19:53:229,3,Severe_Damage,L3_S1,-1784,1032,14612,-164,29,-119,0,-253.23
2572,20:19:53:239,3,Severe_Damage,L3_S1,-1758,1078,14678,-72,39,-101,0,-187.23
2573,20:19:53:249,3,Severe_Damage,L3_S1,-1806,1054,14722,14,41,-84,0,-143.23
2574,20:19:53:259,3,Severe_Damage,L3_S1,-1750,1102,14778,69,34,-80,0,-87.23
2575,20:19:53:269,3,Severe_Damage,L3_S1,-1822,1060,14854,104,30,-67,0,-11.23
2576,20:19:53:279,3,Severe_Damage,L3_S1,-1838,1104,14946,105,41,-64,0,80.77
2577,20:19:53:289,3,Severe_Damage,L3_S1,-1784,1150,14966,93,36,-69,0,100.77
2578,20:19:53:299,3,Severe_Damage,L3_S1,-1832,1128,15080,26,34,-84,0,214.77
2579,20:19:53:309,3,Severe_Damage,L3_S1,-1892,1116,15028,-32,28,-91,0,162.77
2580,20:19:53:319,3,Severe_Damage,L3_S1,-1774,1152,15122,-120,25,-112,0,256.77
2581,20:19:53:329,3,Severe_Damage,L3_S1,-1840,1174,15124,-204,31,-127,0,258.77
2582,20:19:53:339,3,Severe_Damage,L3_S1,-1832,1154,15112,-301,23,-133,0,246.77
2583,20:19:53:349,3,Severe_Damage,L3_S1,-1784,1144,15006,-371,18,-150,0,140.77
2584,20:19:53:359,3,Severe_Damage,L3_S1,-1806,1172,14986,-437,21,-157,0,120.77
2585,20:19:53:369,3,Severe_Damage,L3_S1,-1788,1088,14878,-467,24,-163,0,12.77
2586,20:19:53:379,3,Severe_Damage,L3_S1,-1800,1130,14722,-477,26,-162,0,-143.23
2587,20:19:53:389,3,Severe_Damage,L3_S1,-1762,1128,14760,-449,25,-155,0,-105.23
2588,20:19:53:399,3,Severe_Damage,L3_S1,-1760,1054,14658,-414,20,-156,0,-207.23
2589,20:19:53:409,3,Severe_Damage,L3_S1,-1788,1038,14624,-342,28,-145,0,-241.23
2590,20:19:53:419,3,Severe_Damage,L3_S1,-1808,1100,14592,-263,24,-133,0,-273.23
2591,20:19:53:429,3,Severe_Damage,L3_S1,-1772,1066,14650,-173,30,-115,0,-215.23
2592,20:19:53:439,3,Severe_Damage,L3_S1,-1782,1068,14572,-90,41,-100,0,-293.23
2593,20:19:53:449,3,Severe_Damage,L3_S1,-1766,1056,14734,-14,37,-91,0,-131.23
2594,20:19:53:459,3,Severe_Damage,L3_S1,-1808,1060,14728,41,32,-84,0,-137.23
2595,20:19:53:469,3,Severe_Damage,L3_S1,-1810,1118,14856,76,43,-85,0,-9.23
2596,20:19:53:479,3,Severe_Damage,L3_S1,-1842,1140,14856,86,37,-75,0,-9.23
2597,20:19:53:489,3,Severe_Damage,L3_S1,-1844,1088,14944,66,39,-81,0,78.77
2598,20:19:53:499,3,Severe_Damage,L3_S1,-1778,1138,15050,21,30,-86,0,184.77
2599,20:19:53:509,3,Severe_Damage,L3_S1,-1874,1098,15158,-38,37,-92,0,292.77
2600,20:19:53:519,3,Severe_Damage,L3_S1,-1816,1132,15054,-127,28,-105,0,188.77
2601,20:19:53:529,3,Severe_Damage,L3_S1,-1848,1194,15082,-205,31,-121,0,216.77
2602,20:19:53:539,3,Severe_Damage,L3_S1,-1828,1164,15040,-286,23,-130,0,174.77
2603,20:19:53:549,3,Severe_Damage,L3_S1,-1880,1140,15040,-353,32,-151,0,174.77
2604,20:19:53:559,3,Severe_Damage,L3_S1,-1876,1060,14986,-418,25,-153,0,120.77
2605,20:19:53:569,3,Severe_Damage,L3_S1,-1802,1110,14874,-445,25,-161,0,8.77
2606,20:19:53:579,3,Severe_Damage,L3_S1,-1728,1092,14780,-460,18,-155,0,-85.23
2607,20:19:53:589,3,Severe_Damage,L3_S1,-1774,1076,14750,-435,35,-154,0,-115.23
2608,20:19:53:599,3,Severe_Damage,L3_S1,-1788,1074,14618,-400,26,-151,0,-247.23
2609,20:19:53:609,3,Severe_Damage,L3_S1,-1740,1078,14626,-332,31,-144,0,-239.23
2610,20:19:53:620,3,Severe_Damage,L3_S1,-1786,1060,14654,-266,27,-138,0,-211.23
2611,20:19:53:629,3,Severe_Damage,L3_S1,-1774,1064,14662,-179,32,-115,0,-203.23
2612,20:19:53:639,3,Severe_Damage,L3_S1,-1798,1060,14744,-116,28,-104,0,-121.23
2613,20:19:53:649,3,Severe_Damage,L3_S1,-1756,1042,14744,-31,33,-95,0,-121.23
2614,20:19:53:659,3,Severe_Damage,L3_S1,-1782,1062,14750,12,26,-85,0,-115.23
2615,20:19:53:669,3,Severe_Damage,L3_S1,-1826,1124,14846,54,42,-78,0,-19.23
2616,20:19:53:679,3,Severe_Damage,L3_S1,-1796,1122,14946,50,36,-85,0,80.77
2617,20:19:53:689,3,Severe_Damage,L3_S1,-1818,1114,15028,43,35,-86,0,162.77
2618,20:19:53:699,3,Severe_Damage,L3_S1,-1850,1146,15056,4,35,-92,0,190.77
2619,20:19:53:709,3,Severe_Damage,L3_S1,-1860,1146,15092,-46,31,-99,0,226.77
2620,20:19:53:719,3,Severe_Damage,L3_S1,-1856,1132,15084,-122,35,-104,0,218.77
2621,20:19:53:729,3,Severe_Damage,L3_S1,-1816,1106,15130,-195,28,-119,0,264.77
2622,20:19:53:739,3,Severe_Damage,L3_S1,-1866,1100,15050,-271,34,-136,0,184.77
2623,20:19:53:749,3,Severe_Damage,L3_S1,-1844,1124,14994,-342,21,-144,0,128.77
2624,20:19:53:759,3,Severe_Damage,L3_S1,-1790,1134,14970,-391,24,-154,0,104.77
2625,20:19:53:769,3,Severe_Damage,L3_S1,-1812,1134,14914,-421,23,-152,0,48.77
2626,20:19:53:779,3,Severe_Damage,L3_S1,-1802,1050,14858,-425,29,-155,0,-7.23
2627,20:19:53:789,3,Severe_Damage,L3_S1,-1792,1084,14800,-421,16,-154,0,-65.23
2628,20:19:53:799,3,Severe_Damage,L3_S1,-1802,1092,14672,-375,31,-147,0,-193.23
2629,20:19:53:809,3,Severe_Damage,L3_S1,-1812,1040,14698,-335,17,-143,0,-167.23
2630,20:19:53:819,3,Severe_Damage,L3_S1,-1790,1066,14546,-257,23,-128,0,-319.23
2631,20:19:53:829,3,Severe_Damage,L3_S1,-1796,1044,14680,-196,38,-118,0,-185.23
2632,20:19:53:839,3,Severe_Damage,L3_S1,-1790,1048,14656,-118,30,-110,0,-209.23
2633,20:19:53:849,3,Severe_Damage,L3_S1,-1810,1076,14718,-51,25,-100,0,-147.23
2634,20:19:53:859,3,Severe_Damage,L3_S1,-1750,1090,14750,-2,33,-89,0,-115.23
2635,20:19:53:869,3,Severe_Damage,L3_S1,-1802,1126,14850,26,38,-81,0,-15.23
2636,20:19:53:879,3,Severe_Damage,L3_S1,-1854,1140,14966,35,41,-83,0,100.77
2637,20:19:53:889,3,Severe_Damage,L3_S1,-1850,1142,14964,21,40,-87,0,98.77
2638,20:19:53:899,3,Severe_Damage,L3_S1,-1842,1144,14986,-12,36,-90,0,120.77
2639,20:19:53:909,3,Severe_Damage,L3_S1,-1834,1112,15080,-62,29,-100,0,214.77
2640,20:19:53:919,3,Severe_Damage,L3_S1,-1856,1188,15156,-124,24,-100,0,290.77
2641,20:19:53:929,3,Severe_Damage,L3_S1,-1856,1182,15048,-193,28,-118,0,182.77
2642,20:19:53:939,3,Severe_Damage,L3_S1,-1840,1134,15006,-258,28,-132,0,140.77
2643,20:19:53:949,3,Severe_Damage,L3_S1,-1864,1178,15032,-319,34,-140,0,166.77
2644,20:19:53:959,3,Severe_Damage,L3_S1,-1834,1132,15022,-370,23,-149,0,156.77
2645,20:19:53:969,3,Severe_Damage,L3_S1,-1808,1100,14922,-396,21,-150,0,56.77
2646,20:19:53:979,3,Severe_Damage,L3_S1,-1788,1100,14830,-403,22,-151,0,-35.23
2647,20:19:53:989,3,Severe_Damage,L3_S1,-1770,1074,14756,-396,26,-150,0,-109.23
2648,20:19:53:999,3,Severe_Damage,L3_S1,-1838,1078,14736,-369,26,-151,0,-129.23
2649,20:19:54:009,3,Severe_Damage,L3_S1,-1764,1068,14682,-323,31,-138,0,-183.23
2650,20:19:54:019,3,Severe_Damage,L3_S1,-1746,1062,14682,-258,25,-124,0,-183.23
2651,20:19:54:029,3,Severe_Damage,L3_S1,-1786,1076,14694,-191,29,-118,0,-171.23
2652,20:19:54:039,3,Severe_Damage,L3_S1,-1762,1038,14654,-130,35,-110,0,-211.23
2653,20:19:54:049,3,Severe_Damage,L3_S1,-1774,1124,14786,-70,30,-107,0,-79.23
2654,20:19:54:059,3,Severe_Damage,L3_S1,-1840,1078,14800,-22,29,-96,0,-65.23
2655,20:19:54:069,3,Severe_Damage,L3_S1,-1774,1076,14874,3,31,-86,0,8.77
2656,20:19:54:079,3,Severe_Damage,L3_S1,-1878,1136,14926,19,33,-89,0,60.77
2657,20:19:54:089,3,Severe_Damage,L3_S1,-1804,1104,14970,3,33,-93,0,104.77
2658,20:19:54:099,3,Severe_Damage,L3_S1,-1800,1170,14992,-22,32,-97,0,126.77
2659,20:19:54:109,3,Severe_Damage,L3_S1,-1808,1144,15016,-71,31,-106,0,150.77
2660,20:19:54:119,3,Severe_Damage,L3_S1,-1824,1112,15080,-123,27,-112,0,214.77
2661,20:19:54:129,3,Severe_Damage,L3_S1,-1848,1136,15106,-187,27,-121,0,240.77
2662,20:19:54:139,3,Severe_Damage,L3_S1,-1806,1136,15034,-248,21,-135,0,168.77
2663,20:19:54:149,3,Severe_Damage,L3_S1,-1820,1134,14970,-302,31,-133,0,104.77
2664,20:19:54:159,3,Severe_Damage,L3_S1,-1832,1068,14910,-353,22,-152,0,44.77
2665,20:19:54:169,3,Severe_Damage,L3_S1,-1802,1118,14900,-379,30,-152,0,34.77
2666,20:19:54:179,3,Severe_Damage,L3_S1,-1744,1076,14860,-393,17,-155,0,-5.23
2667,20:19:54:189,3,Severe_Damage,L3_S1,-1752,1082,14804,-378,19,-150,0,-61.23
2668,20:19:54:199,3,Severe_Damage,L3_S1,-1778,1040,14726,-355,21,-142,0,-139.23
2669,20:19:54:209,3,Severe_Damage,L3_S1,-1752,1086,14744,-313,22,-141,0,-121.23
2670,20:19:54:219,3,Severe_Damage,L3_S1,-1758,1074,14674,-260,30,-135,0,-191.23
2671,20:19:54:229,3,Severe_Damage,L3_S1,-1750,1080,14646,-199,18,-121,0,-219.23
2672,20:19:54:239,3,Severe_Damage,L3_S1,-1738,1070,14696,-140,32,-109,0,-169.23
2673,20:19:54:249,3,Severe_Damage,L3_S1,-1756,1100,14710,-89,25,-105,0,-155.23
2674,20:19:54:259,3,Severe_Damage,L3_S1,-1814,1044,14792,-39,43,-92,0,-73.23
2675,20:19:54:269,3,Severe_Damage,L3_S1,-1840,1112,14872,-17,34,-89,0,6.77
2676,20:19:54:279,3,Severe_Damage,L3_S1,-1794,1084,14882,1,33,-84,0,16.77
2677,20:19:54:289,3,Severe_Damage,L3_S1,-1798,1122,14938,-11,32,-92,0,72.77
2678,20:19:54:299,3,Severe_Damage,L3_S1,-1856,1140,15046,-32,39,-94,0,180.77
2679,20:19:54:309,3,Severe_Damage,L3_S1,-1856,1168,15004,-72,31,-102,0,138.77
2680,20:19:54:319,3,Severe_Damage,L3_S1,-1836,1156,15034,-120,32,-112,0,168.77
2681,20:19:54:329,3,Severe_Damage,L3_S1,-1834,1148,15056,-193,33,-119,0,190.77
2682,20:19:54:339,3,Severe_Damage,L3_S1,-1814,1096,15008,-240,28,-124,0,142.77
2683,20:19:54:349,3,Severe_Damage,L3_S1,-1800,1128,14988,-295,24,-140,0,122.77
2684,20:19:54:359,3,Severe_Damage,L3_S1,-1824,1154,14966,-335,24,-142,0,100.77
2685,20:19:54:369,3,Severe_Damage,L3_S1,-1822,1104,14882,-359,32,-143,0,16.77
2686,20:19:54:379,3,Severe_Damage,L3_S1,-1810,1148,14754,-368,23,-147,0,-111.23
2687,20:19:54:389,3,Severe_Damage,L3_S1,-1798,1106,14852,-372,27,-141,0,-13.23
2688,20:19:54:399,3,Severe_Damage,L3_S1,-1774,1082,14712,-346,35,-146,0,-153.23
2689,20:19:54:409,3,Severe_Damage,L3_S1,-1774,1144,14718,-309,32,-137,0,-147.23
2690,20:19:54:419,3,Severe_Damage,L3_S1,-1822,1106,14692,-262,33,-126,0,-173.23
2691,20:19:54:429,3,Severe_Damage,L3_S1,-1778,1064,14770,-203,30,-123,0,-95.23
2692,20:19:54:439,3,Severe_Damage,L3_S1,-1738,1060,14692,-146,34,-112,0,-173.23
2693,20:19:54:449,3,Severe_Damage,L3_S1,-1800,1080,14766,-96,38,-103,0,-99.23
2694,20:19:54:459,3,Severe_Damage,L3_S1,-1828,1076,14764,-53,36,-94,0,-101.23
2695,20:19:54:470,3,Severe_Damage,L3_S1,-1844,1132,14828,-23,43,-91,0,-37.23
2696,20:19:54:479,3,Severe_Damage,L3_S1,-1728,1074,14922,-12,43,-100,0,56.77
2697,20:19:54:489,3,Severe_Damage,L3_S1,-1842,1172,14922,-22,37,-93,0,56.77
2698,20:19:54:500,3,Severe_Damage,L3_S1,-1824,1060,14982,-47,41,-103,0,116.77
2699,20:19:54:509,3,Severe_Damage,L3_S1,-1780,1132,14962,-83,27,-108,0,96.77
2700,20:19:54:519,3,Severe_Damage,L3_S1,-1882,1128,14990,-128,27,-108,0,124.77
2701,20:19:54:529,3,Severe_Damage,L3_S1,-1790,1116,15012,-180,33,-121,0,146.77
2702,20:19:54:539,3,Severe_Damage,L3_S1,-1886,1130,14960,-229,17,-119,0,94.77
2703,20:19:54:549,3,Severe_Damage,L3_S1,-1808,1150,14998,-292,31,-140,0,132.77
2704,20:19:54:559,3,Severe_Damage,L3_S1,-1810,1122,14858,-326,35,-149,0,-7.23
2705,20:19:54:569,3,Severe_Damage,L3_S1,-1792,1122,14888,-356,13,-148,0,22.77
2706,20:19:54:579,3,Severe_Damage,L3_S1,-1762,1144,14868,-356,42,-149,0,2.77
2707,20:19:54:589,3,Severe_Damage,L3_S1,-1800,1074,14870,-361,6,-141,0,4.77
2708,20:19:54:599,3,Severe_Damage,L3_S1,-1802,1126,14774,-326,47,-142,0,-91.23
2709,20:19:54:609,3,Severe_Damage,L3_S1,-1734,1064,14728,-301,16,-131,0,-137.23
2710,20:19:54:619,3,Severe_Damage,L3_S1,-1818,1074,14722,-249,28,-129,0,-143.23
2711,20:19:54:629,3,Severe_Damage,L3_S1,-1744,1056,14770,-203,23,-128,0,-95.23
2712,20:19:54:639,3,Severe_Damage,L3_S1,-1796,1066,14712,-156,18,-112,0,-153.23
2713,20:19:54:649,3,Severe_Damage,L3_S1,-1800,1080,14698,-114,39,-113,0,-167.23
2714,20:19:54:659,3,Severe_Damage,L3_S1,-1776,1116,14836,-66,31,-94,0,-29.23
2715,20:19:54:669,3,Severe_Damage,L3_S1,-1828,1118,14850,-42,33,-94,0,-15.23
2716,20:19:54:679,3,Severe_Damage,L3_S1,-1798,1116,14950,-32,36,-94,0,84.77
2717,20:19:54:689,3,Severe_Damage,L3_S1,-1824,1106,14904,-36,18,-99,0,38.77
2718,20:19:54:699,3,Severe_Damage,L3_S1,-1812,1132,15068,-55,43,-106,0,202.77
2719,20:19:54:709,3,Severe_Damage,L3_S1,-1848,1114,14968,-85,28,-98,0,102.77
2720,20:19:54:719,3,Severe_Damage,L3_S1,-1808,1116,15006,-125,38,-109,0,140.77
2721,20:19:54:729,3,Severe_Damage,L3_S1,-1830,1118,15026,-188,23,-117,0,160.77
2722,20:19:54:739,3,Severe_Damage,L3_S1,-1804,1194,15010,-218,39,-134,0,144.77
2723,20:19:54:749,3,Severe_Damage,L3_S1,-1854,1164,15010,-284,18,-128,0,144.77
2724,20:19:54:759,3,Severe_Damage,L3_S1,-1840,1118,14926,-304,33,-137,0,60.77
2725,20:19:54:769,3,Severe_Damage,L3_S1,-1796,1126,14954,-339,27,-150,0,88.77
2726,20:19:54:779,3,Severe_Damage,L3_S1,-1840,1138,14864,-340,27,-140,0,-1.23
2727,20:19:54:789,3,Severe_Damage,L3_S1,-1732,1132,14760,-346,31,-155,0,-105.23
2728,20:19:54:799,3,Severe_Damage,L3_S1,-1798,1100,14786,-321,21,-132,0,-79.23
2729,20:19:54:809,3,Severe_Damage,L3_S1,-1772,1076,14742,-297,30,-142,0,-123.23
2730,20:19:54:819,3,Severe_Damage,L3_S1,-1784,1078,14748,-248,25,-132,0,-117.23
2731,20:19:54:829,3,Severe_Damage,L3_S1,-1834,1094,14754,-208,16,-117,0,-111.23
2732,20:19:54:839,3,Severe_Damage,L3_S1,-1774,1100,14754,-148,44,-123,0,-111.23
2733,20:19:54:849,3,Severe_Damage,L3_S1,-1824,1102,14798,-120,20,-101,0,-67.23
2734,20:19:54:859,3,Severe_Damage,L3_S1,-1788,1122,14846,-80,43,-105,0,-19.23
2735,20:19:54:869,3,Severe_Damage,L3_S1,-1764,1114,14862,-56,29,-105,0,-3.23
2736,20:19:54:879,3,Severe_Damage,L3_S1,-1816,1112,14870,-46,28,-91,0,4.77
2737,20:19:54:889,3,Severe_Damage,L3_S1,-1762,1138,14890,-42,43,-100,0,24.77
2738,20:19:54:899,3,Severe_Damage,L3_S1,-1818,1140,14972,-68,14,-92,0,106.77
2739,20:19:54:909,3,Severe_Damage,L3_S1,-1794,1146,14928,-96,44,-116,0,62.77
2740,20:19:54:919,3,Severe_Damage,L3_S1,-1786,1130,15042,-144,19,-107,0,176.77
2741,20:19:54:929,3,Severe_Damage,L3_S1,-1858,1146,14988,-182,35,-107,0,122.77
2742,20:19:54:939,3,Severe_Damage,L3_S1,-1814,1098,14978,-222,34,-119,0,112.77
2743,20:19:54:949,3,Severe_Damage,L3_S1,-1818,1118,14936,-259,19,-131,0,70.77
2744,20:19:54:959,3,Severe_Damage,L3_S1,-1770,1122,14930,-294,44,-143,0,64.77
2745,20:19:54:969,3,Severe_Damage,L3_S1,-1816,1110,14906,-322,21,-134,0,40.77
2746,20:19:54:979,3,Severe_Damage,L3_S1,-1792,1080,14872,-335,31,-148,0,6.77
2747,20:19:54:989,3,Severe_Damage,L3_S1,-1842,1110,14866,-332,26,-144,0,0.77
2748,20:19:54:999,3,Severe_Damage,L3_S1,-1770,1078,14798,-314,30,-146,0,-67.23
2749,20:19:55:010,3,Severe_Damage,L3_S1,-1766,1100,14738,-274,45,-141,0,-127.23
2750,20:19:55:020,3,Severe_Damage,L3_S1,-1784,1058,14768,-251,18,-133,0,-97.23
2751,20:19:55:030,3,Severe_Damage,L3_S1,-1762,1098,14790,-207,39,-120,0,-75.23
2752,20:19:55:039,3,Severe_Damage,L3_S1,-1788,1062,14708,-167,28,-108,0,-157.23
2753,20:19:55:049,3,Severe_Damage,L3_S1,-1800,1086,14792,-126,29,-115,0,-73.23
2754,20:19:55:059,3,Severe_Damage,L3_S1,-1832,1086,14730,-96,33,-109,0,-135.23
2755,20:19:55:069,3,Severe_Damage,L3_S1,-1838,1102,14874,-72,28,-98,0,8.77
2756,20:19:55:079,3,Severe_Damage,L3_S1,-1796,1082,14838,-57,43,-102,0,-27.23
2757,20:19:55:089,3,Severe_Damage,L3_S1,-1850,1138,14850,-59,22,-90,0,-15.23
2758,20:19:55:099,3,Severe_Damage,L3_S1,-1784,1140,14878,-66,41,-98,0,12.77
2759,20:19:55:109,3,Severe_Damage,L3_S1,-1856,1134,15022,-103,31,-101,0,156.77
2760,20:19:55:119,3,Severe_Damage,L3_S1,-1748,1114,14942,-131,33,-112,0,76.77
2761,20:19:55:129,3,Severe_Damage,L3_S1,-1782,1102,14990,-174,30,-116,0,124.77
2762,20:19:55:140,3,Severe_Damage,L3_S1,-1802,1144,14968,-215,24,-125,0,102.77
2763,20:19:55:149,3,Severe_Damage,L3_S1,-1810,1132,14962,-252,34,-126,0,96.77
2764,20:19:55:159,3,Severe_Damage,L3_S1,-1826,1142,14904,-280,21,-121,0,38.77
2765,20:19:55:170,3,Severe_Damage,L3_S1,-1800,1140,14854,-301,29,-135,0,-11.23
2766,20:19:55:180,3,Severe_Damage,L3_S1,-1792,1116,14850,-321,23,-132,0,-15.23
2767,20:19:55:190,3,Severe_Damage,L3_S1,-1812,1092,14816,-316,26,-139,0,-49.23
2768,20:19:55:200,3,Severe_Damage,L3_S1,-1766,1080,14828,-301,37,-137,0,-37.23
2769,20:19:55:210,3,Severe_Damage,L3_S1,-1828,1114,14840,-288,19,-130,0,-25.23
2770,20:19:55:220,3,Severe_Damage,L3_S1,-1768,1074,14812,-246,35,-130,0,-53.23
2771,20:19:55:230,3,Severe_Damage,L3_S1,-1756,1092,14796,-215,18,-125,0,-69.23
2772,20:19:55:239,3,Severe_Damage,L3_S1,-1812,1090,14784,-169,38,-121,0,-81.23
2773,20:19:55:249,3,Severe_Damage,L3_S1,-1754,1054,14788,-142,34,-106,0,-77.23
2774,20:19:55:259,3,Severe_Damage,L3_S1,-1828,1128,14824,-93,37,-102,0,-41.23
2775,20:19:55:269,3,Severe_Damage,L3_S1,-1756,1106,14814,-85,35,-106,0,-51.23
2776,20:19:55:279,3,Severe_Damage,L3_S1,-1842,1078,14862,-66,33,-94,0,-3.23
2777,20:19:55:289,3,Severe_Damage,L3_S1,-1850,1098,14840,-74,29,-104,0,-25.23
2778,20:19:55:300,3,Severe_Damage,L3_S1,-1818,1094,14850,-79,27,-104,0,-15.23
2779,20:19:55:310,3,Severe_Damage,L3_S1,-1812,1140,14944,-107,26,-102,0,78.77
2780,20:19:55:319,3,Severe_Damage,L3_S1,-1800,1166,15016,-125,32,-114,0,150.77
2781,20:19:55:330,3,Severe_Damage,L3_S1,-1856,1152,14978,-174,24,-112,0,112.77
2782,20:19:55:340,3,Severe_Damage,L3_S1,-1820,1152,15066,-208,29,-123,0,200.77
2783,20:19:55:350,3,Severe_Damage,L3_S1,-1842,1132,14924,-248,25,-125,0,58.77
2784,20:19:55:360,3,Severe_Damage,L3_S1,-1842,1126,14906,-274,20,-126,0,40.77
2785,20:19:55:370,3,Severe_Damage,L3_S1,-1822,1116,14894,-297,31,-138,0,28.77
2786,20:19:55:380,3,Severe_Damage,L3_S1,-1780,1112,14864,-303,20,-140,0,-1.23
2787,20:19:55:390,3,Severe_Damage,L3_S1,-1808,1116,14864,-303,34,-144,0,-1.23
2788,20:19:55:400,3,Severe_Damage,L3_S1,-1792,1106,14840,-304,20,-138,0,-25.23
2789,20:19:55:410,3,Severe_Damage,L3_S1,-1780,1102,14780,-268,35,-137,0,-85.23
2790,20:19:55:420,3,Severe_Damage,L3_S1,-1776,1048,14750,-246,33,-127,0,-115.23
2791,20:19:55:430,3,Severe_Damage,L3_S1,-1774,1096,14682,-208,26,-118,0,-183.23
2792,20:19:55:440,3,Severe_Damage,L3_S1,-1768,1072,14848,-170,37,-119,0,-17.23
2793,20:19:55:450,3,Severe_Damage,L3_S1,-1798,1092,14764,-140,24,-110,0,-101.23
2794,20:19:55:460,3,Severe_Damage,L3_S1,-1790,1114,14790,-112,33,-109,0,-75.23
2795,20:19:55:470,3,Severe_Damage,L3_S1,-1802,1088,14854,-91,37,-100,0,-11.23
2796,20:19:55:479,3,Severe_Damage,L3_S1,-1798,1112,14896,-86,34,-92,0,30.77
2797,20:19:55:490,3,Severe_Damage,L3_S1,-1788,1112,14924,-73,33,-96,0,58.77
2798,20:19:55:500,3,Severe_Damage,L3_S1,-1828,1152,14904,-96,23,-105,0,38.77
2799,20:19:55:510,3,Severe_Damage,L3_S1,-1798,1128,15018,-112,35,-110,0,152.77
2800,20:19:55:520,3,Severe_Damage,L3_S1,-1844,1154,14920,-142,30,-105,0,54.77
2801,20:19:55:530,3,Severe_Damage,L3_S1,-1814,1134,14998,-171,29,-120,0,132.77
2802,20:19:55:540,3,Severe_Damage,L3_S1,-1826,1132,14962,-208,30,-118,0,96.77
2803,20:19:55:550,3,Severe_Damage,L3_S1,-1820,1120,14938,-239,33,-127,0,72.77
2804,20:19:55:560,3,Severe_Damage,L3_S1,-1802,1060,14968,-263,44,-134,0,102.77
2805,20:19:55:570,3,Severe_Damage,L3_S1,-1820,1136,14870,-288,27,-131,0,4.77
2806,20:19:55:580,3,Severe_Damage,L3_S1,-1824,1136,14842,-298,38,-133,0,-23.23
2807,20:19:55:590,3,Severe_Damage,L3_S1,-1808,1052,14858,-294,34,-131,0,-7.23
2808,20:19:55:600,3,Severe_Damage,L3_S1,-1812,1108,14820,-289,35,-135,0,-45.23
2809,20:19:55:610,3,Severe_Damage,L3_S1,-1806,1070,14818,-270,30,-129,0,-47.23
2810,20:19:55:620,3,Severe_Damage,L3_S1,-1806,1120,14716,-242,22,-123,0,-149.23
2811,20:19:55:630,3,Severe_Damage,L3_S1,-1746,1116,14716,-208,31,-121,0,-149.23
2812,20:19:55:640,3,Severe_Damage,L3_S1,-1762,1094,14720,-180,29,-113,0,-145.23
2813,20:19:55:650,3,Severe_Damage,L3_S1,-1816,1080,14778,-146,40,-111,0,-87.23
2814,20:19:55:660,3,Severe_Damage,L3_S1,-1770,1092,14784,-122,32,-106,0,-81.23
2815,20:19:55:670,3,Severe_Damage,L3_S1,-1788,1126,14860,-103,35,-104,0,-5.23
2816,20:19:55:679,3,Severe_Damage,L3_S1,-1778,1102,14854,-95,34,-99,0,-11.23
2817,20:19:55:690,3,Severe_Damage,L3_S1,-1836,1114,14820,-85,26,-96,0,-45.23
2818,20:19:55:700,3,Severe_Damage,L3_S1,-1790,1130,14918,-103,23,-99,0,52.77
2819,20:19:55:710,3,Severe_Damage,L3_S1,-1826,1078,14972,-117,28,-103,0,106.77
2820,20:19:55:720,3,Severe_Damage,L3_S1,-1822,1116,14942,-147,29,-111,0,76.77
2821,20:19:55:730,3,Severe_Damage,L3_S1,-1858,1196,14976,-174,28,-114,0,110.77
2822,20:19:55:740,3,Severe_Damage,L3_S1,-1840,1106,14992,-203,26,-116,0,126.77
2823,20:19:55:750,3,Severe_Damage,L3_S1,-1816,1138,14974,-233,27,-127,0,108.77
2824,20:19:55:760,3,Severe_Damage,L3_S1,-1834,1124,14944,-258,26,-131,0,78.77
2825,20:19:55:770,3,Severe_Damage,L3_S1,-1806,1090,14868,-276,24,-129,0,2.77
2826,20:19:55:780,3,Severe_Damage,L3_S1,-1850,1084,14916,-282,30,-139,0,50.77
2827,20:19:55:790,3,Severe_Damage,L3_S1,-1802,1084,14838,-292,25,-137,0,-27.23
2828,20:19:55:800,3,Severe_Damage,L3_S1,-1780,1104,14814,-281,31,-134,0,-51.23
2829,20:19:55:810,3,Severe_Damage,L3_S1,-1742,1080,14758,-266,23,-132,0,-107.23
2830,20:19:55:820,3,Severe_Damage,L3_S1,-1748,1088,14786,-239,28,-128,0,-79.23
2831,20:19:55:830,3,Severe_Damage,L3_S1,-1792,1066,14802,-208,25,-126,0,-63.23
2832,20:19:55:840,3,Severe_Damage,L3_S1,-1758,1070,14740,-181,27,-115,0,-125.23
2833,20:19:55:850,3,Severe_Damage,L3_S1,-1784,1092,14770,-150,37,-115,0,-95.23
2834,20:19:55:860,3,Severe_Damage,L3_S1,-1786,1070,14752,-123,25,-112,0,-113.23
2835,20:19:55:870,3,Severe_Damage,L3_S1,-1794,1126,14790,-105,37,-105,0,-75.23
2836,20:19:55:880,3,Severe_Damage,L3_S1,-1840,1114,14876,-108,34,-102,0,10.77
2837,20:19:55:890,3,Severe_Damage,L3_S1,-1796,1136,14854,-98,35,-107,0,-11.23
2838,20:19:55:900,3,Severe_Damage,L3_S1,-1810,1106,14870,-111,27,-111,0,4.77
2839,20:19:55:910,3,Severe_Damage,L3_S1,-1796,1106,14934,-117,38,-116,0,68.77
2840,20:19:55:920,3,Severe_Damage,L3_S1,-1780,1138,14988,-147,22,-115,0,122.77
2841,20:19:55:930,3,Severe_Damage,L3_S1,-1796,1120,14972,-165,32,-114,0,106.77
2842,20:19:55:940,3,Severe_Damage,L3_S1,-1850,1138,15026,-210,23,-123,0,160.77
2843,20:19:55:950,3,Severe_Damage,L3_S1,-1834,1116,14910,-228,26,-132,0,44.77
2844,20:19:55:960,3,Severe_Damage,L3_S1,-1822,1174,14860,-263,31,-127,0,-5.23
2845,20:19:55:970,3,Severe_Damage,L3_S1,-1808,1128,14918,-268,30,-134,0,52.77
2846,20:19:55:980,3,Severe_Damage,L3_S1,-1824,1136,14870,-278,22,-139,0,4.77
2847,20:19:55:990,3,Severe_Damage,L3_S1,-1796,1102,14890,-278,33,-143,0,24.77
2848,20:19:56:000,3,Severe_Damage,L3_S1,-1786,1104,14792,-279,28,-129,0,-73.23
2849,20:19:56:010,3,Severe_Damage,L3_S1,-1782,1084,14826,-261,25,-122,0,-39.23
2850,20:19:56:020,3,Severe_Damage,L3_S1,-1774,1102,14798,-243,34,-125,0,-67.23
2851,20:19:56:030,3,Severe_Damage,L3_S1,-1788,1122,14842,-217,33,-121,0,-23.23
2852,20:19:56:040,3,Severe_Damage,L3_S1,-1786,1096,14818,-186,36,-122,0,-47.23
2853,20:19:56:050,3,Severe_Damage,L3_S1,-1778,1104,14816,-159,30,-120,0,-49.23
2854,20:19:56:060,3,Severe_Damage,L3_S1,-1792,1128,14780,-133,35,-113,0,-85.23
2855,20:19:56:070,3,Severe_Damage,L3_S1,-1790,1086,14828,-120,34,-105,0,-37.23
2856,20:19:56:080,3,Severe_Damage,L3_S1,-1786,1116,14888,-107,27,-109,0,22.77
2857,20:19:56:090,3,Severe_Damage,L3_S1,-1768,1072,14900,-106,27,-105,0,34.77
2858,20:19:56:100,3,Severe_Damage,L3_S1,-1808,1162,14942,-112,34,-106,0,76.77
2859,20:19:56:110,3,Severe_Damage,L3_S1,-1826,1114,14976,-128,27,-109,0,110.77
2860,20:19:56:120,3,Severe_Damage,L3_S1,-1816,1140,14920,-146,31,-113,0,54.77
2861,20:19:56:130,3,Severe_Damage,L3_S1,-1794,1144,14940,-173,31,-116,0,74.77
2862,20:19:56:140,3,Severe_Damage,L3_S1,-1812,1136,14918,-204,31,-117,0,52.77
2863,20:19:56:150,3,Severe_Damage,L3_S1,-1802,1094,15018,-225,25,-114,0,152.77
2864,20:19:56:160,3,Severe_Damage,L3_S1,-1826,1084,14870,-248,25,-123,0,4.77
2865,20:19:56:170,3,Severe_Damage,L3_S1,-1814,1080,14826,-265,34,-130,0,-39.23
2866,20:19:56:180,3,Severe_Damage,L3_S1,-1784,1070,14850,-271,24,-133,0,-15.23
2867,20:19:56:190,3,Severe_Damage,L3_S1,-1796,1114,14842,-275,36,-128,0,-23.23
2868,20:19:56:200,3,Severe_Damage,L3_S1,-1802,1064,14886,-270,17,-130,0,20.77
2869,20:19:56:210,3,Severe_Damage,L3_S1,-1798,1054,14732,-255,32,-125,0,-133.23
2870,20:19:56:220,3,Severe_Damage,L3_S1,-1816,1092,14808,-238,25,-126,0,-57.23
2871,20:19:56:230,3,Severe_Damage,L3_S1,-1758,1142,14826,-214,33,-118,0,-39.23
2872,20:19:56:240,3,Severe_Damage,L3_S1,-1804,1132,14776,-191,33,-113,0,-89.23
2873,20:19:56:250,3,Severe_Damage,L3_S1,-1792,1120,14766,-165,31,-108,0,-99.23
2874,20:19:56:260,3,Severe_Damage,L3_S1,-1802,1124,14810,-142,33,-108,0,-55.23
2875,20:19:56:270,3,Severe_Damage,L3_S1,-1816,1128,14820,-122,30,-100,0,-45.23
2876,20:19:56:280,3,Severe_Damage,L3_S1,-1810,1132,14834,-111,34,-103,0,-31.23
2877,20:19:56:290,3,Severe_Damage,L3_S1,-1818,1126,14868,-110,33,-104,0,2.77
2878,20:19:56:300,3,Severe_Damage,L3_S1,-1824,1138,14930,-115,35,-106,0,64.77
2879,20:19:56:310,3,Severe_Damage,L3_S1,-1812,1144,14910,-127,32,-106,0,44.77
2880,20:19:56:320,3,Severe_Damage,L3_S1,-1808,1116,14926,-152,22,-112,0,60.77
2881,20:19:56:330,3,Severe_Damage,L3_S1,-1818,1148,14954,-167,27,-117,0,88.77
2882,20:19:56:340,3,Severe_Damage,L3_S1,-1828,1122,14972,-201,26,-114,0,106.77
2883,20:19:56:350,3,Severe_Damage,L3_S1,-1848,1096,14904,-214,34,-123,0,38.77
2884,20:19:56:360,3,Severe_Damage,L3_S1,-1776,1128,14952,-244,29,-128,0,86.77
2885,20:19:56:370,3,Severe_Damage,L3_S1,-1786,1096,14866,-248,34,-123,0,0.77
2886,20:19:56:380,3,Severe_Damage,L3_S1,-1780,1134,14858,-268,19,-135,0,-7.23
2887,20:19:56:390,3,Severe_Damage,L3_S1,-1800,1108,14836,-268,31,-131,0,-29.23
2888,20:19:56:400,3,Severe_Damage,L3_S1,-1830,1118,14794,-273,26,-135,0,-71.23
2889,20:19:56:410,3,Severe_Damage,L3_S1,-1770,1074,14768,-250,28,-126,0,-97.23
2890,20:19:56:420,3,Severe_Damage,L3_S1,-1826,1108,14776,-239,29,-121,0,-89.23
2891,20:19:56:430,3,Severe_Damage,L3_S1,-1796,1104,14790,-203,35,-126,0,-75.23
2892,20:19:56:440,3,Severe_Damage,L3_S1,-1704,1040,14878,-198,22,-121,0,12.77
2893,20:19:56:450,3,Severe_Damage,L3_S1,-1786,1086,14840,-165,30,-116,0,-25.23
2894,20:19:56:460,3,Severe_Damage,L3_S1,-1838,1058,14860,-147,31,-120,0,-5.23
2895,20:19:56:470,3,Severe_Damage,L3_S1,-1830,1120,14876,-132,28,-103,0,10.77
2896,20:19:56:480,3,Severe_Damage,L3_S1,-1802,1174,14882,-121,39,-111,0,16.77
2897,20:19:56:490,3,Severe_Damage,L3_S1,-1786,1144,14874,-123,34,-110,0,8.77
2898,20:19:56:500,3,Severe_Damage,L3_S1,-1842,1124,14930,-121,38,-111,0,64.77
2899,20:19:56:510,3,Severe_Damage,L3_S1,-1806,1084,14868,-137,25,-112,0,2.77
2900,20:19:56:520,3,Severe_Damage,L3_S1,-1804,1092,14790,-146,26,-113,0,-75.23
2901,20:19:56:530,3,Severe_Damage,L3_S1,-1838,1094,14922,-166,29,-116,0,56.77
2902,20:19:56:540,3,Severe_Damage,L3_S1,-1786,1100,14932,-186,29,-125,0,66.77
2903,20:19:56:550,3,Severe_Damage,L3_S1,-1830,1114,14922,-213,30,-127,0,56.77
2904,20:19:56:560,3,Severe_Damage,L3_S1,-1816,1148,14858,-227,31,-123,0,-7.23
2905,20:19:56:570,3,Severe_Damage,L3_S1,-1846,1124,14904,-252,21,-129,0,38.77
2906,20:19:56:580,3,Severe_Damage,L3_S1,-1764,1124,14834,-253,23,-133,0,-31.23
2907,20:19:56:590,3,Severe_Damage,L3_S1,-1810,1118,14866,-257,27,-133,0,0.77
2908,20:19:56:600,3,Severe_Damage,L3_S1,-1776,1120,14810,-256,22,-126,0,-55.23
2909,20:19:56:610,3,Severe_Damage,L3_S1,-1776,1090,14872,-247,35,-128,0,6.77
2910,20:19:56:620,3,Severe_Damage,L3_S1,-1778,1096,14828,-228,26,-126,0,-37.23
2911,20:19:56:630,3,Severe_Damage,L3_S1,-1746,1140,14796,-218,31,-124,0,-69.23
2912,20:19:56:640,3,Severe_Damage,L3_S1,-1778,1112,14804,-194,25,-121,0,-61.23
2913,20:19:56:650,3,Severe_Damage,L3_S1,-1798,1118,14848,-171,35,-117,0,-17.23
2914,20:19:56:660,3,Severe_Damage,L3_S1,-1778,1116,14790,-148,31,-124,0,-75.23
2915,20:19:56:670,3,Severe_Damage,L3_S1,-1782,1112,14826,-130,33,-116,0,-39.23
2916,20:19:56:680,3,Severe_Damage,L3_S1,-1814,1098,14882,-131,27,-110,0,16.77
2917,20:19:56:690,3,Severe_Damage,L3_S1,-1810,1094,14840,-121,33,-111,0,-25.23
2918,20:19:56:700,3,Severe_Damage,L3_S1,-1804,1120,14866,-132,29,-113,0,0.77
2919,20:19:56:710,3,Severe_Damage,L3_S1,-1862,1094,14878,-136,28,-116,0,12.77
2920,20:19:56:720,3,Severe_Damage,L3_S1,-1842,1118,14966,-155,31,-117,0,100.77
2921,20:19:56:730,3,Severe_Damage,L3_S1,-1826,1092,14902,-168,29,-116,0,36.77
2922,20:19:56:740,3,Severe_Damage,L3_S1,-1788,1134,14932,-192,29,-119,0,66.77
2923,20:19:56:750,3,Severe_Damage,L3_S1,-1794,1094,14926,-218,28,-126,0,60.77
2924,20:19:56:760,3,Severe_Damage,L3_S1,-1852,1132,14876,-231,30,-128,0,10.77
2925,20:19:56:770,3,Severe_Damage,L3_S1,-1800,1124,14866,-239,33,-136,0,0.77
2926,20:19:56:780,3,Severe_Damage,L3_S1,-1834,1116,14946,-252,28,-129,0,80.77
2927,20:19:56:790,3,Severe_Damage,L3_S1,-1780,1090,14792,-257,33,-132,0,-73.23
2928,20:19:56:800,3,Severe_Damage,L3_S1,-1770,1084,14856,-251,26,-130,0,-9.23
2929,20:19:56:810,3,Severe_Damage,L3_S1,-1822,1034,14864,-240,26,-126,0,-1.23
2930,20:19:56:820,3,Severe_Damage,L3_S1,-1788,1090,14826,-227,28,-130,0,-39.23
2931,20:19:56:830,3,Severe_Damage,L3_S1,-1740,1080,14830,-211,28,-118,0,-35.23
2932,20:19:56:840,3,Severe_Damage,L3_S1,-1788,1064,14838,-194,31,-121,0,-27.23
2933,20:19:56:850,3,Severe_Damage,L3_S1,-1730,1038,14828,-172,45,-125,0,-37.23
2934,20:19:56:860,3,Severe_Damage,L3_S1,-1812,1090,14844,-158,17,-117,0,-21.23
2935,20:19:56:870,3,Severe_Damage,L3_S1,-1776,1098,14834,-136,36,-113,0,-31.23
2936,20:19:56:880,3,Severe_Damage,L3_S1,-1866,1092,14900,-142,22,-111,0,34.77
2937,20:19:56:890,3,Severe_Damage,L3_S1,-1808,1074,14864,-126,38,-114,0,-1.23
2938,20:19:56:900,3,Severe_Damage,L3_S1,-1786,1124,14908,-137,31,-119,0,42.77
2939,20:19:56:910,3,Severe_Damage,L3_S1,-1866,1116,14910,-139,33,-106,0,44.77
2940,20:19:56:920,3,Severe_Damage,L3_S1,-1796,1094,14950,-155,37,-113,0,84.77
2941,20:19:56:930,3,Severe_Damage,L3_S1,-1866,1132,14882,-169,28,-119,0,16.77
2942,20:19:56:940,3,Severe_Damage,L3_S1,-1808,1090,14882,-190,34,-119,0,16.77
2943,20:19:56:950,3,Severe_Damage,L3_S1,-1790,1088,14950,-207,26,-126,0,84.77
2944,20:19:56:960,3,Severe_Damage,L3_S1,-1808,1088,14894,-226,30,-130,0,28.77
2945,20:19:56:970,3,Severe_Damage,L3_S1,-1800,1116,14894,-236,25,-129,0,28.77
2946,20:19:56:980,3,Severe_Damage,L3_S1,-1824,1078,14862,-250,28,-132,0,-3.23
2947,20:19:56:990,3,Severe_Damage,L3_S1,-1842,1078,14766,-246,25,-131,0,-99.23
2948,20:19:57:000,3,Severe_Damage,L3_S1,-1850,1086,14864,-242,26,-134,0,-1.23
2949,20:19:57:010,3,Severe_Damage,L3_S1,-1850,1068,14780,-243,27,-126,0,-85.23
2950,20:19:57:020,3,Severe_Damage,L3_S1,-1788,1162,14866,-221,33,-131,0,0.77
2951,20:19:57:030,3,Severe_Damage,L3_S1,-1760,1076,14818,-218,25,-122,0,-47.23
2952,20:19:57:040,3,Severe_Damage,L3_S1,-1798,1120,14790,-192,35,-125,0,-75.23
2953,20:19:57:050,3,Severe_Damage,L3_S1,-1824,1056,14828,-179,30,-117,0,-37.23
2954,20:19:57:060,3,Severe_Damage,L3_S1,-1812,1070,14842,-156,33,-120,0,-23.23
2955,20:19:57:070,3,Severe_Damage,L3_S1,-1792,1090,14790,-146,34,-113,0,-75.23
2956,20:19:57:080,3,Severe_Damage,L3_S1,-1732,1116,14808,-132,36,-107,0,-57.23
2957,20:19:57:090,3,Severe_Damage,L3_S1,-1858,1106,14828,-137,30,-110,0,-37.23
2958,20:19:57:100,3,Severe_Damage,L3_S1,-1828,1120,14900,-134,34,-108,0,34.77
2959,20:19:57:110,3,Severe_Damage,L3_S1,-1844,1098,14894,-145,32,-122,0,28.77
2960,20:19:57:120,3,Severe_Damage,L3_S1,-1836,1130,14880,-155,29,-113,0,14.77
2961,20:19:57:130,3,Severe_Damage,L3_S1,-1786,1122,14918,-170,39,-118,0,52.77
2962,20:19:57:140,3,Severe_Damage,L3_S1,-1788,1134,14894,-190,40,-117,0,28.77
2963,20:19:57:150,3,Severe_Damage,L3_S1,-1800,1112,14884,-211,27,-120,0,18.77
2964,20:19:57:160,3,Severe_Damage,L3_S1,-1800,1126,14952,-223,29,-124,0,86.77
2965,20:19:57:170,3,Severe_Damage,L3_S1,-1810,1122,14882,-238,24,-120,0,16.77
2966,20:19:57:180,3,Severe_Damage,L3_S1,-1786,1132,14884,-243,32,-127,0,18.77
2967,20:19:57:190,3,Severe_Damage,L3_S1,-1794,1102,14854,-246,31,-123,0,-11.23
2968,20:19:57:200,3,Severe_Damage,L3_S1,-1794,1138,14826,-240,34,-120,0,-39.23
2969,20:19:57:210,3,Severe_Damage,L3_S1,-1792,1094,14866,-238,41,-123,0,0.77
2970,20:19:57:220,3,Severe_Damage,L3_S1,-1834,1102,14802,-225,26,-121,0,-63.23
2971,20:19:57:230,3,Severe_Damage,L3_S1,-1816,1102,14778,-205,32,-121,0,-87.23
2972,20:19:57:240,3,Severe_Damage,L3_S1,-1778,1088,14832,-188,30,-121,0,-33.23
2973,20:19:57:250,3,Severe_Damage,L3_S1,-1794,1140,14858,-182,29,-117,0,-7.23
2974,20:19:57:260,3,Severe_Damage,L3_S1,-1782,1130,14836,-168,37,-119,0,-29.23
2975,20:19:57:270,3,Severe_Damage,L3_S1,-1784,1084,14850,-150,33,-112,0,-15.23
2976,20:19:57:280,3,Severe_Damage,L3_S1,-1778,1066,14844,-140,36,-116,0,-21.23
2977,20:19:57:290,3,Severe_Damage,L3_S1,-1838,1108,14898,-137,28,-114,0,32.77
2978,20:19:57:300,3,Severe_Damage,L3_S1,-1826,1100,14866,-143,35,-107,0,0.77
2979,20:19:57:310,3,Severe_Damage,L3_S1,-1762,1094,14930,-147,31,-120,0,64.77
2980,20:19:57:320,3,Severe_Damage,L3_S1,-1832,1116,14946,-164,31,-113,0,80.77
2981,20:19:57:330,3,Severe_Damage,L3_S1,-1814,1136,14950,-171,34,-121,0,84.77
2982,20:19:57:340,3,Severe_Damage,L3_S1,-1826,1114,14936,-189,27,-116,0,70.77
2983,20:19:57:350,3,Severe_Damage,L3_S1,-1844,1086,14868,-202,25,-119,0,2.77
2984,20:19:57:360,3,Severe_Damage,L3_S1,-1750,1122,14894,-219,30,-118,0,28.77
2985,20:19:57:370,3,Severe_Damage,L3_S1,-1834,1148,14896,-225,29,-123,0,30.77
2986,20:19:57:380,3,Severe_Damage,L3_S1,-1782,1104,14896,-238,33,-133,0,30.77
2987,20:19:57:390,3,Severe_Damage,L3_S1,-1782,1110,14852,-240,33,-138,0,-13.23
2988,20:19:57:400,3,Severe_Damage,L3_S1,-1830,1100,14820,-241,26,-132,0,-45.23
2989,20:19:57:410,3,Severe_Damage,L3_S1,-1814,1140,14800,-230,25,-127,0,-65.23
2990,20:19:57:420,3,Severe_Damage,L3_S1,-1796,1084,14850,-224,36,-124,0,-15.23
2991,20:19:57:430,3,Severe_Damage,L3_S1,-1836,1110,14784,-212,31,-121,0,-81.23
2992,20:19:57:440,3,Severe_Damage,L3_S1,-1778,1150,14848,-191,34,-121,0,-17.23
2993,20:19:57:450,3,Severe_Damage,L3_S1,-1822,1126,14816,-179,25,-125,0,-49.23
2994,20:19:57:460,3,Severe_Damage,L3_S1,-1836,1062,14814,-163,36,-116,0,-51.23
2995,20:19:57:470,3,Severe_Damage,L3_S1,-1822,1108,14810,-165,28,-120,0,-55.23
2996,20:19:57:480,3,Severe_Damage,L3_S1,-1810,1096,14856,-146,30,-109,0,-9.23
2997,20:19:57:491,3,Severe_Damage,L3_S1,-1814,1078,14810,-153,33,-107,0,-55.23
2998,20:19:57:500,3,Severe_Damage,L3_S1,-1820,1090,14914,-147,30,-106,0,48.77
2999,20:19:57:510,3,Severe_Damage,L3_S1,-1798,1098,14844,-154,33,-120,0,-21.23
3000,20:19:57:520,3,Severe_Damage,L3_S1,-1802,1146,14926,-158,37,-113,0,60.77
3001,20:19:57:530,3,Severe_Damage,L3_S1,-1802,1116,14888,-174,22,-111,0,22.77
3002,20:19:57:541,3,Severe_Damage,L3_S1,-1804,1152,14908,-178,38,-122,0,42.77
3003,20:19:57:550,3,Severe_Damage,L3_S1,-1858,1132,14904,-206,23,-127,0,38.77
3004,20:19:57:560,3,Severe_Damage,L3_S1,-1792,1102,14938,-213,25,-124,0,72.77
3005,20:19:57:570,3,Severe_Damage,L3_S1,-1852,1118,14862,-231,26,-122,0,-3.23
3006,20:19:57:580,3,Severe_Damage,L3_S1,-1766,1094,14886,-231,27,-128,0,20.77
3007,20:19:57:590,3,Severe_Damage,L3_S1,-1770,1140,14928,-238,27,-122,0,62.77
3008,20:19:57:600,3,Severe_Damage,L3_S1,-1784,1126,14824,-237,27,-121,0,-41.23
3009,20:19:57:610,3,Severe_Damage,L3_S1,-1776,1088,14744,-236,33,-126,0,-121.23
3010,20:19:57:620,3,Severe_Damage,L3_S1,-1764,1114,14828,-218,36,-121,0,-37.23
3011,20:19:57:630,3,Severe_Damage,L3_S1,-1814,1084,14824,-208,33,-116,0,-41.23
3012,20:19:57:641,3,Severe_Damage,L3_S1,-1766,1096,14838,-195,27,-117,0,-27.23
3013,20:19:57:650,3,Severe_Damage,L3_S1,-1802,1112,14844,-178,31,-118,0,-21.23
3014,20:19:57:661,3,Severe_Damage,L3_S1,-1798,1094,14822,-166,38,-116,0,-43.23
3015,20:19:57:670,3,Severe_Damage,L3_S1,-1804,1122,14756,-155,33,-121,0,-109.23
3016,20:19:57:681,3,Severe_Damage,L3_S1,-1804,1078,14886,-154,32,-113,0,20.77
3017,20:19:57:691,3,Severe_Damage,L3_S1,-1840,1082,14882,-145,31,-119,0,16.77
3018,20:19:57:700,3,Severe_Damage,L3_S1,-1776,1080,14888,-149,35,-114,0,22.77
3019,20:19:57:711,3,Severe_Damage,L3_S1,-1850,1124,14868,-153,27,-117,0,2.77
3020,20:19:57:720,3,Severe_Damage,L3_S1,-1818,1128,14872,-158,26,-116,0,6.77
3021,20:19:57:730,3,Severe_Damage,L3_S1,-1768,1106,14908,-174,35,-120,0,42.77
3022,20:19:57:741,3,Severe_Damage,L3_S1,-1830,1106,14882,-192,30,-111,0,16.77
3023,20:19:57:750,3,Severe_Damage,L3_S1,-1760,1126,14940,-201,23,-114,0,74.77
3024,20:19:57:761,3,Severe_Damage,L3_S1,-1842,1138,14900,-213,34,-121,0,34.77
3025,20:19:57:771,3,Severe_Damage,L3_S1,-1802,1118,14968,-218,26,-128,0,102.77
3026,20:19:57:780,3,Severe_Damage,L3_S1,-1822,1072,14934,-234,29,-121,0,68.77
3027,20:19:57:790,3,Severe_Damage,L3_S1,-1804,1078,14902,-238,30,-123,0,36.77
3028,20:19:57:800,3,Severe_Damage,L3_S1,-1792,1068,14880,-227,25,-127,0,14.77
3029,20:19:57:810,3,Severe_Damage,L3_S1,-1780,1134,14854,-235,28,-127,0,-11.23
3030,20:19:57:820,3,Severe_Damage,L3_S1,-1876,1124,14880,-221,29,-124,0,14.77
3031,20:19:57:831,3,Severe_Damage,L3_S1,-1792,1096,14890,-211,27,-122,0,24.77
3032,20:19:57:841,3,Severe_Damage,L3_S1,-1774,1132,14864,-190,28,-122,0,-1.23
3033,20:19:57:851,3,Severe_Damage,L3_S1,-1808,1136,14856,-187,29,-119,0,-9.23
3034,20:19:57:861,3,Severe_Damage,L3_S1,-1774,1104,14808,-166,34,-116,0,-57.23
3035,20:19:57:870,3,Severe_Damage,L3_S1,-1804,1128,14864,-162,30,-109,0,-1.23
3036,20:19:57:880,3,Severe_Damage,L3_S1,-1786,1124,14870,-155,28,-115,0,4.77
3037,20:19:57:891,3,Severe_Damage,L3_S1,-1774,1106,14912,-150,33,-114,0,46.77
3038,20:19:57:901,3,Severe_Damage,L3_S1,-1826,1096,14854,-158,26,-118,0,-11.23
3039,20:19:57:911,3,Severe_Damage,L3_S1,-1816,1144,14890,-150,38,-113,0,24.77
3040,20:19:57:921,3,Severe_Damage,L3_S1,-1830,1084,14934,-170,24,-122,0,68.77
3041,20:19:57:930,3,Severe_Damage,L3_S1,-1798,1126,14930,-164,38,-124,0,64.77
3042,20:19:57:940,3,Severe_Damage,L3_S1,-1784,1098,14900,-193,19,-125,0,34.77
3043,20:19:57:950,3,Severe_Damage,L3_S1,-1812,1130,14882,-193,35,-129,0,16.77
3044,20:19:57:961,3,Severe_Damage,L3_S1,-1800,1064,14888,-218,18,-130,0,22.77
3045,20:19:57:971,3,Severe_Damage,L3_S1,-1862,1112,14894,-210,30,-117,0,28.77
3046,20:19:57:981,3,Severe_Damage,L3_S1,-1772,1118,14928,-225,28,-124,0,62.77
3047,20:19:57:991,3,Severe_Damage,L3_S1,-1774,1098,14918,-222,36,-123,0,52.77
3048,20:19:58:001,3,Severe_Damage,L3_S1,-1794,1096,14858,-232,31,-122,0,-7.23
3049,20:19:58:011,3,Severe_Damage,L3_S1,-1804,1114,14804,-217,28,-120,0,-61.23
3050,20:19:58:021,3,Severe_Damage,L3_S1,-1840,1106,14810,-216,36,-120,0,-55.23
3051,20:19:58:031,3,Severe_Damage,L3_S1,-1782,1142,14792,-209,25,-118,0,-73.23
3052,20:19:58:040,3,Severe_Damage,L3_S1,-1810,1136,14790,-201,31,-120,0,-75.23
3053,20:19:58:051,3,Severe_Damage,L3_S1,-1766,1100,14866,-188,31,-115,0,0.77
3054,20:19:58:061,3,Severe_Damage,L3_S1,-1754,1064,14858,-175,31,-118,0,-7.23
3055,20:19:58:071,3,Severe_Damage,L3_S1,-1776,1116,14844,-170,25,-114,0,-21.23
3056,20:19:58:080,3,Severe_Damage,L3_S1,-1836,1122,14806,-157,35,-116,0,-59.23
3057,20:19:58:091,3,Severe_Damage,L3_S1,-1742,1104,14888,-163,30,-117,0,22.77
3058,20:19:58:101,3,Severe_Damage,L3_S1,-1824,1152,14850,-152,34,-113,0,-15.23
3059,20:19:58:111,3,Severe_Damage,L3_S1,-1762,1054,14836,-162,33,-112,0,-29.23
3060,20:19:58:120,3,Severe_Damage,L3_S1,-1794,1088,14872,-158,30,-119,0,6.77
3061,20:19:58:131,3,Severe_Damage,L3_S1,-1802,1156,14930,-181,37,-117,0,64.77
3062,20:19:58:141,3,Severe_Damage,L3_S1,-1830,1106,14886,-182,29,-120,0,20.77
3063,20:19:58:151,3,Severe_Damage,L3_S1,-1790,1132,14900,-201,25,-118,0,34.77
3064,20:19:58:161,3,Severe_Damage,L3_S1,-1810,1106,14878,-202,21,-118,0,12.77
3065,20:19:58:171,3,Severe_Damage,L3_S1,-1820,1136,14938,-219,23,-125,0,72.77
3066,20:19:58:181,3,Severe_Damage,L3_S1,-1782,1116,14896,-215,34,-126,0,30.77
3067,20:19:58:191,3,Severe_Damage,L3_S1,-1768,1122,14936,-219,26,-120,0,70.77
3068,20:19:58:201,3,Severe_Damage,L3_S1,-1828,1102,14848,-225,38,-128,0,-17.23
3069,20:19:58:211,3,Severe_Damage,L3_S1,-1806,1128,14784,-216,27,-128,0,-81.23
3070,20:19:58:221,3,Severe_Damage,L3_S1,-1808,1122,14856,-206,31,-123,0,-9.23
3071,20:19:58:231,3,Severe_Damage,L3_S1,-1768,1050,14820,-196,34,-122,0,-45.23
3072,20:19:58:241,3,Severe_Damage,L3_S1,-1830,1112,14788,-188,35,-114,0,-77.23
3073,20:19:58:251,3,Severe_Damage,L3_S1,-1784,1118,14824,-177,29,-118,0,-41.23
3074,20:19:58:261,3,Severe_Damage,L3_S1,-1852,1116,14836,-168,31,-118,0,-29.23
3075,20:19:58:271,3,Severe_Damage,L3_S1,-1850,1106,14852,-164,33,-122,0,-13.23
3076,20:19:58:281,3,Severe_Damage,L3_S1,-1770,1116,14844,-159,31,-109,0,-21.23
3077,20:19:58:291,3,Severe_Damage,L3_S1,-1850,1134,14906,-157,32,-110,0,40.77
3078,20:19:58:301,3,Severe_Damage,L3_S1,-1788,1124,14866,-167,26,-116,0,0.77
3079,20:19:58:311,3,Severe_Damage,L3_S1,-1822,1094,14890,-168,36,-110,0,24.77
3080,20:19:58:321,3,Severe_Damage,L3_S1,-1840,1104,14858,-179,33,-115,0,-7.23
3081,20:19:58:331,3,Severe_Damage,L3_S1,-1820,1090,14892,-188,29,-123,0,26.77
3082,20:19:58:341,3,Severe_Damage,L3_S1,-1814,1100,14924,-195,27,-119,0,58.77
3083,20:19:58:351,3,Severe_Damage,L3_S1,-1796,1058,14926,-202,35,-123,0,60.77
3084,20:19:58:361,3,Severe_Damage,L3_S1,-1768,1104,14912,-216,23,-130,0,46.77
3085,20:19:58:371,3,Severe_Damage,L3_S1,-1842,1136,14890,-215,32,-135,0,24.77
3086,20:19:58:381,3,Severe_Damage,L3_S1,-1840,1094,14916,-221,25,-127,0,50.77
3087,20:19:58:391,3,Severe_Damage,L3_S1,-1802,1126,14888,-224,31,-126,0,22.77
3088,20:19:58:401,3,Severe_Damage,L3_S1,-1836,1098,14854,-223,36,-129,0,-11.23
3089,20:19:58:411,3,Severe_Damage,L3_S1,-1770,1138,14878,-217,28,-122,0,12.77
3090,20:19:58:421,3,Severe_Damage,L3_S1,-1800,1124,14894,-202,27,-123,0,28.77
3091,20:19:58:431,3,Severe_Damage,L3_S1,-1776,1074,14896,-196,27,-120,0,30.77
3092,20:19:58:441,3,Severe_Damage,L3_S1,-1848,1110,14862,-188,32,-116,0,-3.23
3093,20:19:58:451,3,Severe_Damage,L3_S1,-1814,1116,14856,-179,18,-114,0,-9.23
3094,20:19:58:461,3,Severe_Damage,L3_S1,-1826,1112,14820,-167,32,-120,0,-45.23
3095,20:19:58:471,3,Severe_Damage,L3_S1,-1738,1116,14886,-164,27,-118,0,20.77
3096,20:19:58:481,3,Severe_Damage,L3_S1,-1738,1094,14896,-159,36,-117,0,30.77
3097,20:19:58:491,3,Severe_Damage,L3_S1,-1766,1058,14920,-158,30,-117,0,54.77
3098,20:19:58:501,3,Severe_Damage,L3_S1,-1852,1088,14922,-162,27,-115,0,56.77
3099,20:19:58:511,3,Severe_Damage,L3_S1,-1816,1066,14950,-165,29,-119,0,84.77
3100,20:19:58:521,3,Severe_Damage,L3_S1,-1824,1126,14910,-179,23,-119,0,44.77
3101,20:19:58:531,3,Severe_Damage,L3_S1,-1842,1100,14846,-183,35,-118,0,-19.23
3102,20:19:58:541,3,Severe_Damage,L3_S1,-1794,1090,14906,-194,26,-118,0,40.77
3103,20:19:58:551,3,Severe_Damage,L3_S1,-1880,1120,14896,-198,25,-119,0,30.77
3104,20:19:58:561,3,Severe_Damage,L3_S1,-1804,1112,14898,-213,36,-121,0,32.77
3105,20:19:58:571,3,Severe_Damage,L3_S1,-1822,1090,14848,-214,27,-118,0,-17.23
3106,20:19:58:581,3,Severe_Damage,L3_S1,-1810,1110,14840,-219,33,-121,0,-25.23
3107,20:19:58:591,3,Severe_Damage,L3_S1,-1780,1070,14860,-218,33,-119,0,-5.23
3108,20:19:58:601,3,Severe_Damage,L3_S1,-1788,1080,14862,-219,26,-121,0,-3.23
3109,20:19:58:611,3,Severe_Damage,L3_S1,-1830,1120,14824,-203,34,-126,0,-41.23
3110,20:19:58:621,3,Severe_Damage,L3_S1,-1822,1078,14832,-213,23,-119,0,-33.23
3111,20:19:58:631,3,Severe_Damage,L3_S1,-1808,1120,14912,-194,31,-122,0,46.77
3112,20:19:58:641,3,Severe_Damage,L3_S1,-1770,1152,14918,-191,27,-120,0,52.77
3113,20:19:58:651,3,Severe_Damage,L3_S1,-1796,1132,14876,-176,22,-120,0,10.77
3114,20:19:58:661,3,Severe_Damage,L3_S1,-1764,1066,14862,-175,28,-123,0,-3.23
3115,20:19:58:671,3,Severe_Damage,L3_S1,-1832,1120,14874,-168,34,-117,0,8.77
3116,20:19:58:681,3,Severe_Damage,L3_S1,-1816,1140,14856,-164,38,-116,0,-9.23
3117,20:19:58:691,3,Severe_Damage,L3_S1,-1748,1112,14898,-163,29,-112,0,32.77
3118,20:19:58:701,3,Severe_Damage,L3_S1,-1848,1062,14938,-164,32,-114,0,72.77
3119,20:19:58:711,3,Severe_Damage,L3_S1,-1828,1060,14876,-171,32,-119,0,10.77
3120,20:19:58:721,3,Severe_Damage,L3_S1,-1808,1112,14958,-172,33,-116,0,92.77
3121,20:19:58:731,3,Severe_Damage,L3_S1,-1844,1148,14908,-183,36,-117,0,42.77
3122,20:19:58:741,3,Severe_Damage,L3_S1,-1820,1126,14874,-193,26,-120,0,8.77
3123,20:19:58:751,3,Severe_Damage,L3_S1,-1762,1106,14846,-203,26,-120,0,-19.23
3124,20:19:58:761,3,Severe_Damage,L3_S1,-1806,1146,14864,-206,27,-121,0,-1.23
3125,20:19:58:771,3,Severe_Damage,L3_S1,-1810,1088,14864,-214,31,-124,0,-1.23
3126,20:19:58:781,3,Severe_Damage,L3_S1,-1852,1078,14886,-216,22,-122,0,20.77
3127,20:19:58:791,3,Severe_Damage,L3_S1,-1846,1096,14852,-220,27,-128,0,-13.23
3128,20:19:58:801,3,Severe_Damage,L3_S1,-1810,1112,14808,-213,21,-121,0,-57.23
3129,20:19:58:811,3,Severe_Damage,L3_S1,-1778,1088,14900,-212,30,-122,0,34.77
3130,20:19:58:821,3,Severe_Damage,L3_S1,-1808,1112,14802,-199,28,-125,0,-63.23
3131,20:19:58:831,3,Severe_Damage,L3_S1,-1820,1052,14812,-195,27,-115,0,-53.23
3132,20:19:58:841,3,Severe_Damage,L3_S1,-1736,1124,14882,-189,27,-117,0,16.77
3133,20:19:58:851,3,Severe_Damage,L3_S1,-1754,1052,14852,-184,32,-114,0,-13.23
3134,20:19:58:861,3,Severe_Damage,L3_S1,-1824,1060,14822,-176,24,-120,0,-43.23
3135,20:19:58:871,3,Severe_Damage,L3_S1,-1778,1170,14832,-168,35,-121,0,-33.23
3136,20:19:58:881,3,Severe_Damage,L3_S1,-1800,1142,14872,-169,22,-116,0,6.77
3137,20:19:58:891,3,Severe_Damage,L3_S1,-1782,1130,14840,-165,42,-116,0,-25.23
3138,20:19:58:901,3,Severe_Damage,L3_S1,-1794,1086,14940,-169,33,-113,0,74.77
3139,20:19:58:911,3,Severe_Damage,L3_S1,-1802,1098,14908,-175,33,-115,0,42.77
3140,20:19:58:922,3,Severe_Damage,L3_S1,-1856,1112,14898,-176,32,-115,0,32.77
3141,20:19:58:931,3,Severe_Damage,L3_S1,-1846,1102,14922,-188,20,-121,0,56.77
3142,20:19:58:941,3,Severe_Damage,L3_S1,-1790,1098,14894,-190,33,-123,0,28.77
3143,20:19:58:951,3,Severe_Damage,L3_S1,-1826,1102,14958,-197,26,-122,0,92.77
3144,20:19:58:961,3,Severe_Damage,L3_S1,-1812,1104,14878,-201,32,-119,0,12.77
3145,20:19:58:971,3,Severe_Damage,L3_S1,-1818,1082,14890,-213,25,-123,0,24.77
3146,20:19:58:981,3,Severe_Damage,L3_S1,-1800,1114,14890,-213,33,-122,0,24.77
3147,20:19:58:991,3,Severe_Damage,L3_S1,-1846,1064,14864,-216,29,-124,0,-1.23
3148,20:19:59:001,3,Severe_Damage,L3_S1,-1786,1070,14902,-218,28,-122,0,36.77
3149,20:19:59:011,3,Severe_Damage,L3_S1,-1774,1108,14880,-208,33,-118,0,14.77
3150,20:19:59:021,3,Severe_Damage,L3_S1,-1818,1106,14912,-213,32,-121,0,46.77
3151,20:19:59:031,3,Severe_Damage,L3_S1,-1802,1136,14848,-191,32,-123,0,-17.23
3152,20:19:59:041,3,Severe_Damage,L3_S1,-1784,1142,14880,-187,38,-120,0,14.77
3153,20:19:59:051,3,Severe_Damage,L3_S1,-1794,1082,14868,-168,37,-124,0,2.77
3154,20:19:59:061,3,Severe_Damage,L3_S1,-1794,1114,14896,-179,27,-118,0,30.77
3155,20:19:59:071,3,Severe_Damage,L3_S1,-1800,1126,14822,-165,30,-110,0,-43.23
3156,20:19:59:081,3,Severe_Damage,L3_S1,-1858,1112,14858,-174,27,-112,0,-7.23
3157,20:19:59:091,3,Severe_Damage,L3_S1,-1802,1168,14864,-162,30,-105,0,-1.23
3158,20:19:59:101,3,Severe_Damage,L3_S1,-1808,1094,14914,-171,30,-118,0,48.77
3159,20:19:59:111,3,Severe_Damage,L3_S1,-1828,1110,14870,-169,30,-117,0,4.77
3160,20:19:59:121,3,Severe_Damage,L3_S1,-1886,1152,14894,-188,22,-116,0,28.77
3161,20:19:59:131,3,Severe_Damage,L3_S1,-1774,1156,14878,-185,37,-120,0,12.77
3162,20:19:59:141,3,Severe_Damage,L3_S1,-1830,1110,14876,-196,28,-121,0,10.77
3163,20:19:59:151,3,Severe_Damage,L3_S1,-1820,1108,14826,-194,29,-125,0,-39.23
3164,20:19:59:161,3,Severe_Damage,L3_S1,-1840,1128,14980,-209,30,-122,0,114.77
3165,20:19:59:171,3,Severe_Damage,L3_S1,-1836,1084,14946,-204,29,-120,0,80.77
3166,20:19:59:181,3,Severe_Damage,L3_S1,-1832,1122,14870,-209,37,-125,0,4.77
3167,20:19:59:191,3,Severe_Damage,L3_S1,-1818,1086,14862,-213,31,-128,0,-3.23
3168,20:19:59:201,3,Severe_Damage,L3_S1,-1836,1110,14830,-207,22,-123,0,-35.23
3169,20:19:59:211,3,Severe_Damage,L3_S1,-1790,1090,14812,-207,38,-122,0,-53.23
3170,20:19:59:221,3,Severe_Damage,L3_S1,-1826,1070,14840,-203,34,-123,0,-25.23
3171,20:19:59:231,3,Severe_Damage,L3_S1,-1766,1086,14956,-198,29,-122,0,90.77
3172,20:19:59:241,3,Severe_Damage,L3_S1,-1772,1118,14856,-194,24,-124,0,-9.23
3173,20:19:59:251,3,Severe_Damage,L3_S1,-1792,1066,14886,-184,34,-122,0,20.77
3174,20:19:59:261,3,Severe_Damage,L3_S1,-1758,1076,14826,-171,35,-116,0,-39.23
3175,20:19:59:271,3,Severe_Damage,L3_S1,-1828,1114,14862,-178,41,-114,0,-3.23
3176,20:19:59:281,3,Severe_Damage,L3_S1,-1788,1106,14846,-168,39,-118,0,-19.23
3177,20:19:59:291,3,Severe_Damage,L3_S1,-1828,1160,14896,-174,31,-118,0,30.77
3178,20:19:59:301,3,Severe_Damage,L3_S1,-1832,1140,14874,-169,34,-121,0,8.77
3179,20:19:59:311,3,Severe_Damage,L3_S1,-1832,1106,14892,-173,35,-122,0,26.77
3180,20:19:59:321,3,Severe_Damage,L3_S1,-1816,1110,14802,-179,29,-119,0,-63.23
3181,20:19:59:331,3,Severe_Damage,L3_S1,-1812,1090,14878,-188,33,-120,0,12.77
3182,20:19:59:341,3,Severe_Damage,L3_S1,-1770,1104,14866,-194,22,-119,0,0.77
3183,20:19:59:351,3,Severe_Damage,L3_S1,-1852,1116,14914,-197,35,-121,0,48.77
3184,20:19:59:361,3,Severe_Damage,L3_S1,-1818,1076,14894,-206,31,-124,0,28.77
3185,20:19:59:371,3,Severe_Damage,L3_S1,-1832,1120,14842,-208,34,-119,0,-23.23
3186,20:19:59:381,3,Severe_Damage,L3_S1,-1796,1092,14854,-209,33,-116,0,-11.23
3187,20:19:59:391,3,Severe_Damage,L3_S1,-1768,1086,14882,-211,26,-120,0,16.77
3188,20:19:59:401,3,Severe_Damage,L3_S1,-1812,1076,14800,-213,26,-124,0,-65.23
3189,20:19:59:411,3,Severe_Damage,L3_S1,-1804,1122,14806,-210,32,-124,0,-59.23
3190,20:19:59:421,3,Severe_Damage,L3_S1,-1812,1076,14840,-204,34,-120,0,-25.23
3191,20:19:59:431,3,Severe_Damage,L3_S1,-1786,1102,14844,-199,27,-116,0,-21.23
3192,20:19:59:441,3,Severe_Damage,L3_S1,-1750,1074,14804,-190,29,-120,0,-61.23
3193,20:19:59:451,3,Severe_Damage,L3_S1,-1804,1064,14852,-187,25,-121,0,-13.23
3194,20:19:59:461,3,Severe_Damage,L3_S1,-1788,1084,14806,-178,29,-122,0,-59.23
3195,20:19:59:471,3,Severe_Damage,L3_S1,-1830,1072,14894,-176,29,-120,0,28.77
3196,20:19:59:481,3,Severe_Damage,L3_S1,-1780,1086,14826,-173,42,-121,0,-39.23
3197,20:19:59:491,3,Severe_Damage,L3_S1,-1782,1090,14810,-171,28,-121,0,-55.23
3198,20:19:59:501,3,Severe_Damage,L3_S1,-1854,1070,14854,-170,34,-115,0,-11.23
3199,20:19:59:511,3,Severe_Damage,L3_S1,-1812,1082,14932,-173,36,-118,0,66.77
3200,20:19:59:521,3,Severe_Damage,L3_S1,-1842,1158,14868,-184,28,-115,0,2.77
3201,20:19:59:531,3,Severe_Damage,L3_S1,-1860,1128,14852,-177,35,-123,0,-13.23
3202,20:19:59:541,3,Severe_Damage,L3_S1,-1810,1120,14876,-194,23,-118,0,10.77
3203,20:19:59:551,3,Severe_Damage,L3_S1,-1834,1142,14852,-192,31,-121,0,-13.23
3204,20:19:59:561,3,Severe_Damage,L3_S1,-1766,1180,14910,-206,25,-127,0,44.77
3205,20:19:59:571,3,Severe_Damage,L3_S1,-1808,1118,14846,-201,29,-120,0,-19.23
3206,20:19:59:581,3,Severe_Damage,L3_S1,-1848,1102,14862,-211,27,-125,0,-3.23
3207,20:19:59:591,3,Severe_Damage,L3_S1,-1778,1146,14846,-207,34,-123,0,-19.23
3208,20:19:59:601,3,Severe_Damage,L3_S1,-1800,1094,14862,-218,29,-121,0,-3.23
3209,20:19:59:611,3,Severe_Damage,L3_S1,-1816,1080,14874,-202,33,-123,0,8.77
3210,20:19:59:621,3,Severe_Damage,L3_S1,-1820,1086,14878,-203,24,-122,0,12.77
3211,20:19:59:631,3,Severe_Damage,L3_S1,-1828,1114,14802,-195,29,-119,0,-63.23
3212,20:19:59:641,3,Severe_Damage,L3_S1,-1824,1088,14856,-192,35,-117,0,-9.23
3213,20:19:59:651,3,Severe_Damage,L3_S1,-1814,1072,14900,-183,28,-117,0,34.77
3214,20:19:59:661,3,Severe_Damage,L3_S1,-1802,1120,14920,-183,28,-119,0,54.77
3215,20:19:59:671,3,Severe_Damage,L3_S1,-1842,1110,14888,-176,20,-123,0,22.77
3216,20:19:59:681,3,Severe_Damage,L3_S1,-1798,1078,14920,-179,41,-118,0,54.77
3217,20:19:59:691,3,Severe_Damage,L3_S1,-1770,1090,14830,-178,31,-118,0,-35.23
3218,20:19:59:701,3,Severe_Damage,L3_S1,-1772,1106,14838,-171,36,-119,0,-27.23
3219,20:19:59:711,3,Severe_Damage,L3_S1,-1830,1094,14908,-180,32,-116,0,42.77
3220,20:19:59:721,3,Severe_Damage,L3_S1,-1842,1104,14850,-173,27,-116,0,-15.23
3221,20:19:59:731,3,Severe_Damage,L3_S1,-1818,1086,14884,-186,36,-120,0,18.77
3222,20:19:59:741,3,Severe_Damage,L3_S1,-1832,1066,14878,-187,39,-120,0,12.77
3223,20:19:59:751,3,Severe_Damage,L3_S1,-1802,1106,14874,-204,28,-119,0,8.77
3224,20:19:59:761,3,Severe_Damage,L3_S1,-1790,1130,14888,-200,27,-121,0,22.77
3225,20:19:59:771,3,Severe_Damage,L3_S1,-1834,1108,14888,-210,32,-125,0,22.77
3226,20:19:59:781,3,Severe_Damage,L3_S1,-1788,1132,14854,-205,26,-123,0,-11.23
3227,20:19:59:791,3,Severe_Damage,L3_S1,-1838,1120,14838,-211,31,-126,0,-27.23
3228,20:19:59:801,3,Severe_Damage,L3_S1,-1800,1122,14824,-204,33,-127,0,-41.23
3229,20:19:59:811,3,Severe_Damage,L3_S1,-1838,1146,14878,-207,29,-128,0,12.77
3230,20:19:59:821,3,Severe_Damage,L3_S1,-1816,1050,14820,-200,25,-123,0,-45.23
3231,20:19:59:831,3,Severe_Damage,L3_S1,-1816,1096,14858,-201,35,-123,0,-7.23
3232,20:19:59:841,3,Severe_Damage,L3_S1,-1818,1090,14840,-189,33,-121,0,-25.23
3233,20:19:59:851,3,Severe_Damage,L3_S1,-1786,1104,14886,-184,33,-117,0,20.77
3234,20:19:59:861,3,Severe_Damage,L3_S1,-1792,1104,14818,-180,30,-110,0,-47.23
3235,20:19:59:871,3,Severe_Damage,L3_S1,-1750,1082,14856,-172,34,-114,0,-9.23
3236,20:19:59:881,3,Severe_Damage,L3_S1,-1770,1068,14908,-173,34,-119,0,42.77
3237,20:19:59:891,3,Severe_Damage,L3_S1,-1780,1116,14910,-174,29,-118,0,44.77
3238,20:19:59:901,3,Severe_Damage,L3_S1,-1810,1130,14976,-179,30,-125,0,110.77
3239,20:19:59:911,3,Severe_Damage,L3_S1,-1862,1082,14968,-180,23,-120,0,102.77
3240,20:19:59:921,3,Severe_Damage,L3_S1,-1824,1116,14874,-177,42,-123,0,8.77
3241,20:19:59:931,3,Severe_Damage,L3_S1,-1804,1138,14890,-190,28,-120,0,24.77
3242,20:19:59:941,3,Severe_Damage,L3_S1,-1822,1084,14892,-193,28,-113,0,26.77
3243,20:19:59:951,3,Severe_Damage,L3_S1,-1830,1078,14868,-203,29,-123,0,2.77
3244,20:19:59:961,3,Severe_Damage,L3_S1,-1802,1148,14870,-201,37,-118,0,4.77
3245,20:19:59:971,3,Severe_Damage,L3_S1,-1762,1098,14864,-209,30,-118,0,-1.23
3246,20:19:59:981,3,Severe_Damage,L3_S1,-1844,1126,14858,-200,35,-123,0,-7.23
3247,20:19:59:991,3,Severe_Damage,L3_S1,-1790,1126,14860,-211,21,-121,0,-5.23
3248,20:20:00:001,3,Severe_Damage,L3_S1,-1822,1140,14810,-204,35,-126,0,-55.23
3249,20:20:00:011,3,Severe_Damage,L3_S1,-1832,1080,14832,-210,21,-117,0,-33.23
3250,20:20:00:021,3,Severe_Damage,L3_S1,-1806,1108,14840,-196,28,-123,0,-25.23
3251,20:20:00:031,3,Severe_Damage,L3_S1,-1830,1104,14858,-200,25,-115,0,-7.23
3252,20:20:00:041,3,Severe_Damage,L3_S1,-1800,1124,14870,-185,30,-120,0,4.77
3253,20:20:00:051,3,Severe_Damage,L3_S1,-1786,1098,14832,-185,27,-119,0,-33.23
3254,20:20:00:061,3,Severe_Damage,L3_S1,-1842,1114,14876,-182,31,-119,0,10.77
3255,20:20:00:071,3,Severe_Damage,L3_S1,-1836,1088,14896,-179,32,-117,0,30.77
3256,20:20:00:081,3,Severe_Damage,L3_S1,-1814,1110,14730,-142,32,-114,0,-135.23
3257,20:20:00:091,3,Severe_Damage,L3_S1,-1788,1056,14800,-138,40,-107,0,-65.23
3258,20:20:00:101,3,Severe_Damage,L3_S1,-1792,1142,14880,-90,30,-98,0,14.77
3259,20:20:00:111,3,Severe_Damage,L3_S1,-1804,1128,14924,-112,38,-106,0,58.77
3260,20:20:00:121,3,Severe_Damage,L3_S1,-1854,1130,14950,-113,24,-108,0,84.77
3261,20:20:00:131,3,Severe_Damage,L3_S1,-1788,1158,14906,-148,39,-118,0,40.77
3262,20:20:00:141,3,Severe_Damage,L3_S1,-1788,1134,14964,-185,30,-110,0,98.77
3263,20:20:00:151,3,Severe_Damage,L3_S1,-1822,1086,14946,-206,31,-119,0,80.77
3264,20:20:00:161,3,Severe_Damage,L3_S1,-1762,1082,14950,-237,38,-130,0,84.77
3265,20:20:00:171,3,Severe_Damage,L3_S1,-1816,1090,14896,-268,14,-131,0,30.77
3266,20:20:00:181,3,Severe_Damage,L3_S1,-1808,1120,14920,-285,26,-137,0,54.77
3267,20:20:00:191,3,Severe_Damage,L3_S1,-1830,1148,14886,-294,20,-134,0,20.77
3268,20:20:00:201,3,Severe_Damage,L3_S1,-1830,1074,14870,-297,19,-131,0,4.77
3269,20:20:00:211,3,Severe_Damage,L3_S1,-1822,1082,14774,-289,30,-130,0,-91.23
3270,20:20:00:221,3,Severe_Damage,L3_S1,-1786,1114,14706,-279,16,-136,0,-159.23
3271,20:20:00:231,3,Severe_Damage,L3_S1,-1764,1076,14806,-255,33,-135,1,-59.23
3272,20:20:00:241,3,Severe_Damage,L3_S1,648,15598,-10716,9167,7087,713,1,-25581.23
3273,20:20:00:251,3,Severe_Damage,L3_S1,-1968,140,7872,4212,-14572,2244,1,-6993.23
3274,20:20:00:262,3,Severe_Damage,L3_S1,3666,3744,21654,13634,11916,406,1,6788.77
3275,20:20:00:272,3,Severe_Damage,L3_S1,-2724,1240,29188,9612,-1364,1644,1,14322.77
3276,20:20:00:282,3,Severe_Damage,L3_S1,-12040,6884,19404,8845,-7205,3211,1,4538.77
3277,20:20:00:292,3,Severe_Damage,L3_S1,9634,2076,32767,2952,10232,-2440,1,17901.77
3278,20:20:00:302,3,Severe_Damage,L3_S1,-14762,4836,23820,-530,-6155,1946,1,8954.77
3279,20:20:00:312,3,Severe_Damage,L3_S1,278,4016,25634,-5915,-948,-1357,1,10768.77
3280,20:20:00:322,3,Severe_Damage,L3_S1,2548,3488,26696,-8584,6672,-2864,1,11830.77
3281,20:20:00:332,3,Severe_Damage,L3_S1,-14284,2570,16070,-13244,-8621,10,1,1204.77
3282,20:20:00:342,3,Severe_Damage,L3_S1,10292,2320,19654,-13732,5665,-4253,1,4788.77
3283,20:20:00:352,3,Severe_Damage,L3_S1,-9750,1332,10440,-14969,-3036,-1291,1,-4425.23
3284,20:20:00:362,3,Severe_Damage,L3_S1,-20,-134,8952,-14343,-310,-2599,1,-5913.23
3285,20:20:00:372,3,Severe_Damage,L3_S1,6718,570,5918,-11450,592,-2495,1,-8947.23
3286,20:20:00:382,3,Severe_Damage,L3_S1,-12238,-2246,2126,-9634,-1539,-433,0,-12739.23
3287,20:20:00:392,3,Severe_Damage,L3_S1,14656,-190,3934,-4184,1584,-2248,1,-10931.23
3288,20:20:00:402,3,Severe_Damage,L3_S1,-13654,-2322,376,-1318,-2372,1241,1,-14489.23
3289,20:20:00:412,3,Severe_Damage,L3_S1,10150,-494,5394,4217,3210,-773,1,-9471.23
3290,20:20:00:422,3,Severe_Damage,L3_S1,-5694,-524,4458,7398,-3048,2059,1,-10407.23
3291,20:20:00:431,3,Severe_Damage,L3_S1,36,100,9690,10734,2921,1145,1,-5175.23
3292,20:20:00:442,3,Severe_Damage,L3_S1,2014,1764,12664,13209,-347,1873,1,-2201.23
3293,20:20:00:452,3,Severe_Damage,L3_S1,-8304,1332,15320,13231,-1004,2743,1,454.77
3294,20:20:00:462,3,Severe_Damage,L3_S1,5196,3374,21452,13905,3750,959,1,6586.77
3295,20:20:00:472,3,Severe_Damage,L3_S1,-9928,2654,21722,11105,-3303,2908,1,6856.77
3296,20:20:00:481,3,Severe_Damage,L3_S1,-62,3958,25892,9191,2541,602,1,11026.77
3297,20:20:00:491,3,Severe_Damage,L3_S1,-3164,3728,27208,5277,832,699,1,12342.77
3298,20:20:00:501,3,Severe_Damage,L3_S1,-8248,3522,25542,955,-3077,853,1,10676.77
3299,20:20:00:512,3,Severe_Damage,L3_S1,1458,4138,27630,-2497,4048,-1609,1,12764.77
3300,20:20:00:522,3,Severe_Damage,L3_S1,-7406,3036,22936,-7092,-2892,-352,1,8070.77
3301,20:20:00:532,3,Severe_Damage,L3_S1,-1386,3170,21176,-9796,65,-1927,1,6310.77
3302,20:20:00:542,3,Severe_Damage,L3_S1,60,2348,18688,-12222,1416,-2405,1,3822.77
3303,20:20:00:552,3,Severe_Damage,L3_S1,-7398,1312,12872,-13569,-2966,-1490,1,-1993.23
3304,20:20:00:562,3,Severe_Damage,L3_S1,5504,1088,12388,-13035,1841,-3054,1,-2477.23
3305,20:20:00:572,3,Severe_Damage,L3_S1,-6454,-202,6474,-12237,-2089,-1231,1,-8391.23
3306,20:20:00:582,3,Severe_Damage,L3_S1,3168,-492,6120,-9460,969,-2152,1,-8745.23
3307,20:20:00:592,3,Severe_Damage,L3_S1,-570,-1058,3444,-6376,-1319,-826,1,-11421.23
3308,20:20:00:602,3,Severe_Damage,L3_S1,-2096,-1220,3094,-2629,775,-463,1,-11771.23
3309,20:20:00:611,3,Severe_Damage,L3_S1,3966,-930,4482,1519,-170,-169,1,-10383.23
3310,20:20:00:622,3,Severe_Damage,L3_S1,-5548,-760,4536,5062,-374,1240,1,-10329.23
3311,20:20:00:631,3,Severe_Damage,L3_S1,4786,232,9092,8673,1694,624,1,-5773.23
3312,20:20:00:642,3,Severe_Damage,L3_S1,-6224,558,9980,10672,-1296,2266,1,-4885.23
3313,20:20:00:652,3,Severe_Damage,L3_S1,1646,1580,15268,12381,1855,1349,1,402.77
3314,20:20:00:662,3,Severe_Damage,L3_S1,-3376,2214,17648,12437,-189,2151,1,2782.77
3315,20:20:00:672,3,Severe_Damage,L3_S1,-3614,2638,20636,11320,-56,1842,1,5770.77
3316,20:20:00:682,3,Severe_Damage,L3_S1,-264,3418,24128,9603,1845,993,1,9262.77
3317,20:20:00:692,3,Severe_Damage,L3_S1,-7060,3272,24332,6258,-1694,1527,0,9466.77
3318,20:20:00:702,3,Severe_Damage,L3_S1,-966,3610,26482,3104,1606,-104,1,11616.77
3319,20:20:00:712,3,Severe_Damage,L3_S1,-4016,3666,25282,-836,-140,-65,1,10416.77
3320,20:20:00:722,3,Severe_Damage,L3_S1,-4848,3114,23844,-4632,-1169,-582,1,8978.77
3321,20:20:00:732,3,Severe_Damage,L3_S1,-124,3216,22534,-7476,1625,-1787,0,7668.77
3322,20:20:00:742,3,Severe_Damage,L3_S1,-5398,2196,18564,-10522,-2004,-1249,1,3698.77
3323,20:20:00:752,3,Severe_Damage,L3_S1,-12,1990,16324,-11652,649,-2302,0,1458.77
3324,20:20:00:762,3,Severe_Damage,L3_S1,-1844,1034,12540,-12365,-574,-1951,1,-2325.23
3325,20:20:00:772,3,Severe_Damage,L3_S1,-2344,350,9454,-11667,-724,-1810,1,-5411.23
3326,20:20:00:782,3,Severe_Damage,L3_S1,2258,-72,7652,-9836,239,-1938,1,-7213.23
3327,20:20:00:792,3,Severe_Damage,L3_S1,-3886,-892,4630,-7442,-871,-879,0,-10235.23
3328,20:20:00:802,3,Severe_Damage,L3_S1,3434,-760,5042,-3930,581,-1126,1,-9823.23
3329,20:20:00:812,3,Severe_Damage,L3_S1,-3084,-1092,3938,-619,-729,186,1,-10927.23
3330,20:20:00:821,3,Severe_Damage,L3_S1,1380,-626,5914,3160,877,133,1,-8951.23
3331,20:20:00:832,3,Severe_Damage,L3_S1,-1108,-288,7216,6299,-286,1032,1,-7649.23
3332,20:20:00:841,3,Severe_Damage,L3_S1,-1818,336,9902,8872,519,1343,0,-4963.23
3333,20:20:00:852,3,Severe_Damage,L3_S1,226,1238,13314,10738,742,1430,0,-1551.23
3334,20:20:00:862,3,Severe_Damage,L3_S1,-4240,1558,15674,11191,-393,2000,0,808.77
3335,20:20:00:872,3,Severe_Damage,L3_S1,-254,2476,19552,11098,1405,1329,0,4686.77
3336,20:20:00:882,3,Severe_Damage,L3_S1,-4336,2744,21358,9436,-512,1700,1,6492.77
3337,20:20:00:892,3,Severe_Damage,L3_S1,-2816,3136,23536,7293,516,978,0,8670.77
3338,20:20:00:902,3,Severe_Damage,L3_S1,-2522,3326,24912,4300,734,472,0,10046.77
3339,20:20:00:912,3,Severe_Damage,L3_S1,-4968,3294,24348,835,-966,335,1,9482.77
3340,20:20:00:922,3,Severe_Damage,L3_S1,-1710,3232,24458,-2414,1046,-788,1,9592.77
3341,20:20:00:932,3,Severe_Damage,L3_S1,-3928,2886,22120,-5708,-732,-797,1,7254.77
3342,20:20:00:942,3,Severe_Damage,L3_S1,-2644,2554,19956,-8309,-249,-1435,0,5090.77
3343,20:20:00:952,3,Severe_Damage,L3_S1,-1292,2060,17598,-10154,285,-1857,0,2732.77
3344,20:20:00:962,3,Severe_Damage,L3_S1,-3282,1354,13904,-11154,-1119,-1620,1,-961.23
3345,20:20:00:972,3,Severe_Damage,L3_S1,438,848,11844,-10926,383,-2086,0,-3021.23
3346,20:20:00:982,3,Severe_Damage,L3_S1,-2244,-2,8548,-9976,-925,-1461,0,-6317.23
3347,20:20:00:992,3,Severe_Damage,L3_S1,250,-284,7024,-7831,149,-1472,0,-7841.23
3348,20:20:01:002,3,Severe_Damage,L3_S1,-334,-720,5620,-5219,-341,-880,1,-9245.23
3349,20:20:01:012,3,Severe_Damage,L3_S1,-1092,-832,5140,-2078,-1,-370,1,-9725.23
3350,20:20:01:022,3,Severe_Damage,L3_S1,1024,-630,6040,1272,214,-28,0,-8825.23
3351,20:20:01:032,3,Severe_Damage,L3_S1,-2332,-458,6898,4299,-75,773,0,-7967.23
3352,20:20:01:041,3,Severe_Damage,L3_S1,794,280,9550,7101,686,831,0,-5315.23
3353,20:20:01:052,3,Severe_Damage,L3_S1,-2708,682,11514,8938,-117,1522,1,-3351.23
3354,20:20:01:062,3,Severe_Damage,L3_S1,-982,1410,14796,10119,695,1389,0,-69.23
3355,20:20:01:072,3,Severe_Damage,L3_S1,-2322,1990,17358,10231,290,1572,0,2492.77
3356,20:20:01:082,3,Severe_Damage,L3_S1,-3160,2358,19796,9324,36,1474,0,4930.77
3357,20:20:01:092,3,Severe_Damage,L3_S1,-1964,2876,22226,7736,876,974,0,7360.77
3358,20:20:01:102,3,Severe_Damage,L3_S1,-4174,2920,23176,5127,-425,918,0,8310.77
3359,20:20:01:112,3,Severe_Damage,L3_S1,-2616,3190,24072,2360,515,159,0,9206.77
3360,20:20:01:122,3,Severe_Damage,L3_S1,-3220,3018,23696,-852,-9,-201,0,8830.77
3361,20:20:01:132,3,Severe_Damage,L3_S1,-3562,2842,22374,-3857,-419,-617,0,7508.77
3362,20:20:01:142,3,Severe_Damage,L3_S1,-1850,2662,20846,-6435,453,-1278,1,5980.77
3363,20:20:01:152,3,Severe_Damage,L3_S1,-3250,2072,18062,-8628,-758,-1310,0,3196.77
3364,20:20:01:162,3,Severe_Damage,L3_S1,-1356,1642,15840,-9796,7,-1758,0,974.77
3365,20:20:01:172,3,Severe_Damage,L3_S1,-1578,1066,12928,-10163,-367,-1678,1,-1937.23
3366,20:20:01:182,3,Severe_Damage,L3_S1,-1532,498,10364,-9604,-446,-1574,0,-4501.23
3367,20:20:01:192,3,Severe_Damage,L3_S1,16,-82,8660,-8121,-41,-1474,0,-6205.23
3368,20:20:01:202,3,Severe_Damage,L3_S1,-1612,-442,6678,-5978,-414,-910,1,-8187.23
3369,20:20:01:212,3,Severe_Damage,L3_S1,650,-618,6468,-3248,180,-739,1,-8397.23
3370,20:20:01:222,3,Severe_Damage,L3_S1,-1372,-656,6126,-328,-219,-30,1,-8739.23
3371,20:20:01:232,3,Severe_Damage,L3_S1,-28,-340,7320,2647,327,245,1,-7545.23
3372,20:20:01:242,3,Severe_Damage,L3_S1,-880,-52,8876,5282,88,771,0,-5989.23
3373,20:20:01:252,3,Severe_Damage,L3_S1,-1536,558,10826,7422,281,1111,0,-4039.23
3374,20:20:01:262,3,Severe_Damage,L3_S1,-918,1046,13654,8797,468,1233,0,-1211.23
3375,20:20:01:272,3,Severe_Damage,L3_S1,-2806,1594,15878,9283,76,1498,1,1012.77
3376,20:20:01:282,3,Severe_Damage,L3_S1,-1640,2178,18548,8999,643,1238,0,3682.77
3377,20:20:01:292,3,Severe_Damage,L3_S1,-3196,2480,20492,7746,53,1226,1,5626.77
3378,20:20:01:302,3,Severe_Damage,L3_S1,-2918,2740,22132,5827,244,812,0,7266.77
3379,20:20:01:312,3,Severe_Damage,L3_S1,-2780,2900,23076,3357,319,399,1,8210.77
3380,20:20:01:322,3,Severe_Damage,L3_S1,-3608,2872,22940,521,-264,91,0,8074.77
3381,20:20:01:332,3,Severe_Damage,L3_S1,-2464,2798,22528,-2222,331,-541,0,7662.77
3382,20:20:01:342,3,Severe_Damage,L3_S1,-3118,2528,20916,-4875,-283,-806,0,6050.77
3383,20:20:01:352,3,Severe_Damage,L3_S1,-2450,2294,18940,-6976,-171,-1218,0,4074.77
3384,20:20:01:362,3,Severe_Damage,L3_S1,-1788,1774,16794,-8529,-86,-1498,0,1928.77
3385,20:20:01:372,3,Severe_Damage,L3_S1,-2192,1304,14054,-9204,-514,-1486,0,-811.23
3386,20:20:01:382,3,Severe_Damage,L3_S1,-818,754,12014,-9062,-19,-1622,1,-2851.23
3387,20:20:01:392,3,Severe_Damage,L3_S1,-1404,184,9716,-8114,-461,-1307,0,-5149.23
3388,20:20:01:402,3,Severe_Damage,L3_S1,-442,-194,8252,-6406,-58,-1156,0,-6613.23
3389,20:20:01:412,3,Severe_Damage,L3_S1,-610,-460,7162,-4149,-163,-727,1,-7703.23
3390,20:20:01:422,3,Severe_Damage,L3_S1,-726,-492,6918,-1551,-41,-324,0,-7947.23
3391,20:20:01:432,3,Severe_Damage,L3_S1,-224,-374,7582,1179,144,47,0,-7283.23
3392,20:20:01:442,3,Severe_Damage,L3_S1,-1390,-112,8510,3693,51,557,0,-6355.23
3393,20:20:01:452,3,Severe_Damage,L3_S1,-518,332,10566,5924,386,781,0,-4299.23
3394,20:20:01:462,3,Severe_Damage,L3_S1,-1888,786,12368,7469,164,1163,0,-2497.23
3395,20:20:01:472,3,Severe_Damage,L3_S1,-1498,1332,14932,8317,391,1199,1,66.77
3396,20:20:01:482,3,Severe_Damage,L3_S1,-2194,1740,17164,8371,302,1253,0,2298.77
3397,20:20:01:492,3,Severe_Damage,L3_S1,-2652,2152,19192,7600,144,1152,0,4326.77
3398,20:20:01:502,3,Severe_Damage,L3_S1,-2418,2542,20990,6178,422,841,0,6124.77
3399,20:20:01:512,3,Severe_Damage,L3_S1,-3252,2664,21908,4057,-33,619,0,7042.77
3400,20:20:01:522,3,Severe_Damage,L3_S1,-2778,2754,22400,1685,237,134,0,7534.77
3401,20:20:01:532,3,Severe_Damage,L3_S1,-2998,2674,22040,-920,7,-224,0,7174.77
3402,20:20:01:542,3,Severe_Damage,L3_S1,-2918,2500,21084,-3401,-198,-604,0,6218.77
3403,20:20:01:552,3,Severe_Damage,L3_S1,-2274,2276,19530,-5510,79,-1019,1,4664.77
3404,20:20:01:562,3,Severe_Damage,L3_S1,-2538,1844,17410,-7227,-358,-1195,0,2544.77
3405,20:20:01:572,3,Severe_Damage,L3_S1,-1656,1442,15350,-8178,-117,-1435,0,484.77
3406,20:20:01:582,3,Severe_Damage,L3_S1,-1630,1006,13112,-8385,-281,-1410,0,-1753.23
3407,20:20:01:592,3,Severe_Damage,L3_S1,-1240,522,11084,-7864,-276,-1334,0,-3781.23
3408,20:20:01:602,3,Severe_Damage,L3_S1,-684,80,9476,-6594,-137,-1164,0,-5389.23
3409,20:20:01:612,3,Severe_Damage,L3_S1,-1032,-164,8152,-4759,-216,-811,0,-6713.23
3410,20:20:01:622,3,Severe_Damage,L3_S1,-338,-292,7782,-2512,57,-531,1,-7083.23
3411,20:20:01:632,3,Severe_Damage,L3_S1,-920,-306,7766,-66,-59,-60,0,-7099.23
3412,20:20:01:642,3,Severe_Damage,L3_S1,-684,-82,8780,2335,191,260,0,-6085.23
3413,20:20:01:652,3,Severe_Damage,L3_S1,-1066,154,10020,4496,150,638,0,-4845.23
3414,20:20:01:662,3,Severe_Damage,L3_S1,-1416,660,11802,6215,222,904,0,-3063.23
3415,20:20:01:672,3,Severe_Damage,L3_S1,-1494,1012,13914,7265,334,1042,0,-951.23
3416,20:20:01:682,3,Severe_Damage,L3_S1,-2236,1552,16030,7644,176,1163,0,1164.77
3417,20:20:01:692,3,Severe_Damage,L3_S1,-2108,1922,18106,7269,390,1029,0,3240.77
3418,20:20:01:702,3,Severe_Damage,L3_S1,-2756,2288,19646,6254,161,940,1,4780.77
3419,20:20:01:712,3,Severe_Damage,L3_S1,-2690,2456,21024,4555,182,631,0,6158.77
3420,20:20:01:722,3,Severe_Damage,L3_S1,-2782,2604,21570,2524,171,298,0,6704.77
3421,20:20:01:732,3,Severe_Damage,L3_S1,-3030,2556,21590,160,-65,-32,0,6724.77
3422,20:20:01:742,3,Severe_Damage,L3_S1,-2588,2454,21026,-2099,103,-452,0,6160.77
3423,20:20:01:752,3,Severe_Damage,L3_S1,-2720,2260,19814,-4237,-154,-737,0,4948.77
3424,20:20:01:762,3,Severe_Damage,L3_S1,-2300,1978,18160,-5922,-109,-1041,0,3294.77
3425,20:20:01:772,3,Severe_Damage,L3_S1,-1954,1618,16170,-7143,-155,-1236,0,1304.77
3426,20:20:01:782,3,Severe_Damage,L3_S1,-1814,1104,14156,-7644,-300,-1286,0,-709.23
3427,20:20:01:792,3,Severe_Damage,L3_S1,-1228,724,12236,-7407,-110,-1298,0,-2629.23
3428,20:20:01:802,3,Severe_Damage,L3_S1,-1290,240,10524,-6590,-274,-1105,0,-4341.23
3429,20:20:01:812,3,Severe_Damage,L3_S1,-782,10,9294,-5115,-89,-914,0,-5571.23
3430,20:20:01:822,3,Severe_Damage,L3_S1,-784,-142,8530,-3219,-95,-596,0,-6335.23
3431,20:20:01:832,3,Severe_Damage,L3_S1,-796,-234,8330,-1064,-3,-258,0,-6535.23
3432,20:20:01:842,3,Severe_Damage,L3_S1,-692,-88,8818,1187,96,81,0,-6047.23
3433,20:20:01:852,3,Severe_Damage,L3_S1,-1180,140,9834,3220,96,437,0,-5031.23
3434,20:20:01:862,3,Severe_Damage,L3_S1,-1058,464,11394,4997,236,684,0,-3471.23
3435,20:20:01:872,3,Severe_Damage,L3_S1,-1688,926,13056,6245,208,918,0,-1809.23
3436,20:20:01:882,3,Severe_Damage,L3_S1,-1690,1276,15160,6817,263,976,0,294.77
3437,20:20:01:892,3,Severe_Damage,L3_S1,-2168,1710,16956,6807,259,997,0,2090.77
3438,20:20:01:902,3,Severe_Damage,L3_S1,-2448,1972,18684,6094,200,885,0,3818.77
3439,20:20:01:912,3,Severe_Damage,L3_S1,-2528,2252,19956,4850,228,673,0,5090.77
3440,20:20:01:922,3,Severe_Damage,L3_S1,-2784,2414,20746,3071,76,417,0,5880.77
3441,20:20:01:932,3,Severe_Damage,L3_S1,-2704,2496,21104,1091,132,68,0,6238.77
3442,20:20:01:942,3,Severe_Damage,L3_S1,-2724,2412,20678,-1060,-12,-246,0,5812.77
3443,20:20:01:952,3,Severe_Damage,L3_S1,-2586,2222,19814,-3049,-72,-573,0,4948.77
3444,20:20:01:962,3,Severe_Damage,L3_S1,-2274,2004,18454,-4785,-48,-864,0,3588.77
3445,20:20:01:972,3,Severe_Damage,L3_S1,-2276,1724,16770,-6081,-192,-1042,0,1904.77
3446,20:20:01:982,3,Severe_Damage,L3_S1,-1750,1258,15074,-6848,-143,-1199,0,208.77
3447,20:20:01:992,3,Severe_Damage,L3_S1,-1562,898,13136,-6874,-203,-1179,0,-1729.23
3448,20:20:02:002,3,Severe_Damage,L3_S1,-1282,518,11558,-6387,-192,-1108,0,-3307.23
3449,20:20:02:012,3,Severe_Damage,L3_S1,-1052,218,10218,-5267,-140,-927,0,-4647.23
3450,20:20:02:022,3,Severe_Damage,L3_S1,-988,-52,9382,-3719,-111,-668,0,-5483.23
3451,20:20:02:032,3,Severe_Damage,L3_S1,-764,-82,8950,-1811,5,-390,0,-5915.23
3452,20:20:02:042,3,Severe_Damage,L3_S1,-1058,-42,9144,181,21,-48,0,-5721.23
3453,20:20:02:052,3,Severe_Damage,L3_S1,-958,96,9866,2164,127,245,0,-4999.23
3454,20:20:02:062,3,Severe_Damage,L3_S1,-1264,360,11106,3862,141,534,0,-3759.23
3455,20:20:02:072,3,Severe_Damage,L3_S1,-1472,708,12664,5211,211,741,0,-2201.23
3456,20:20:02:082,3,Severe_Damage,L3_S1,-1724,1166,14314,6034,251,866,0,-551.23
3457,20:20:02:092,3,Severe_Damage,L3_S1,-2026,1420,16078,6199,167,904,0,1212.77
3458,20:20:02:102,3,Severe_Damage,L3_S1,-2248,1836,17642,5854,291,829,0,2776.77
3459,20:20:02:112,3,Severe_Damage,L3_S1,-2468,2050,18986,4899,143,698,0,4120.77
3460,20:20:02:122,3,Severe_Damage,L3_S1,-2600,2172,19990,3492,156,465,0,5124.77
3461,20:20:02:132,3,Severe_Damage,L3_S1,-2638,2346,20384,1747,89,190,0,5518.77
3462,20:20:02:142,3,Severe_Damage,L3_S1,-2696,2270,20336,-175,10,-109,0,5470.77
3463,20:20:02:152,3,Severe_Damage,L3_S1,-2510,2238,19812,-2044,22,-427,0,4946.77
3464,20:20:02:162,3,Severe_Damage,L3_S1,-2410,2042,18686,-3742,-101,-679,0,3820.77
3465,20:20:02:172,3,Severe_Damage,L3_S1,-2174,1740,17250,-5087,-79,-903,0,2384.77
3466,20:20:02:182,3,Severe_Damage,L3_S1,-1958,1436,15626,-5983,-160,-1041,0,760.77
3467,20:20:02:192,3,Severe_Damage,L3_S1,-1704,1010,14082,-6333,-187,-1096,1,-783.23
3468,20:20:02:202,3,Severe_Damage,L3_S1,-1386,758,12494,-6020,-109,-1054,0,-2371.23
3469,20:20:02:212,3,Severe_Damage,L3_S1,-1258,340,11130,-5271,-192,-919,0,-3735.23
3470,20:20:02:222,3,Severe_Damage,L3_S1,-992,144,10154,-4005,-80,-735,0,-4711.23
3471,20:20:02:232,3,Severe_Damage,L3_S1,-1052,26,9564,-2399,-43,-471,0,-5301.23
3472,20:20:02:242,3,Severe_Damage,L3_S1,-892,48,9536,-594,-20,-191,0,-5329.23
3473,20:20:02:252,3,Severe_Damage,L3_S1,-994,176,10004,1220,101,98,0,-4861.23
3474,20:20:02:262,3,Severe_Damage,L3_S1,-1228,290,10998,2862,107,370,0,-3867.23
3475,20:20:02:272,3,Severe_Damage,L3_S1,-1382,592,12178,4255,191,578,0,-2687.23
3476,20:20:02:282,3,Severe_Damage,L3_S1,-1624,914,13668,5196,192,744,0,-1197.23
3477,20:20:02:292,3,Severe_Damage,L3_S1,-1830,1284,15328,5617,229,800,0,462.77
3478,20:20:02:302,3,Severe_Damage,L3_S1,-2046,1614,16834,5466,162,784,0,1968.77
3479,20:20:02:312,3,Severe_Damage,L3_S1,-2406,1876,18164,4808,214,676,0,3298.77
3480,20:20:02:322,3,Severe_Damage,L3_S1,-2424,2066,19148,3714,152,498,0,4282.77
3481,20:20:02:332,3,Severe_Damage,L3_S1,-2646,2150,19784,2206,85,277,0,4918.77
3482,20:20:02:342,3,Severe_Damage,L3_S1,-2616,2230,19880,550,74,-16,0,5014.77
3483,20:20:02:352,3,Severe_Damage,L3_S1,-2544,2100,19626,-1211,-25,-281,0,4760.77
3484,20:20:02:362,3,Severe_Damage,L3_S1,-2458,2044,18764,-2802,-31,-536,0,3898.77
3485,20:20:02:372,3,Severe_Damage,L3_S1,-2160,1744,17630,-4176,-64,-760,0,2764.77
3486,20:20:02:382,3,Severe_Damage,L3_S1,-2066,1538,16134,-5143,-103,-899,0,1268.77
3487,20:20:02:392,3,Severe_Damage,L3_S1,-1682,1138,14762,-5709,-152,-1004,0,-103.23
3488,20:20:02:402,3,Severe_Damage,L3_S1,-1584,948,13158,-5610,-131,-978,0,-1707.23
3489,20:20:02:412,3,Severe_Damage,L3_S1,-1330,594,11972,-5138,-136,-906,0,-2893.23
3490,20:20:02:422,3,Severe_Damage,L3_S1,-1200,358,10848,-4113,-116,-749,0,-4017.23
3491,20:20:02:432,3,Severe_Damage,L3_S1,-1118,164,10272,-2821,-54,-538,0,-4593.23
3492,20:20:02:442,3,Severe_Damage,L3_S1,-1018,124,9990,-1186,13,-279,0,-4875.23
3493,20:20:02:452,3,Severe_Damage,L3_S1,-1118,180,10244,421,17,-18,0,-4621.23
3494,20:20:02:462,3,Severe_Damage,L3_S1,-1202,324,10898,2029,123,229,0,-3967.23
3495,20:20:02:472,3,Severe_Damage,L3_S1,-1418,536,11972,3361,127,449,0,-2893.23
3496,20:20:02:482,3,Severe_Damage,L3_S1,-1502,804,13352,4377,161,610,0,-1513.23
3497,20:20:02:492,3,Severe_Damage,L3_S1,-1872,1232,14592,4991,244,709,0,-273.23
3498,20:20:02:502,3,Severe_Damage,L3_S1,-1936,1420,16200,5004,123,712,0,1334.77
3499,20:20:02:512,3,Severe_Damage,L3_S1,-2262,1754,17388,4643,233,645,0,2522.77
3500,20:20:02:522,3,Severe_Damage,L3_S1,-2286,1892,18480,3742,116,512,0,3614.77
3501,20:20:02:532,3,Severe_Damage,L3_S1,-2498,2032,19152,2568,122,326,0,4286.77
3502,20:20:02:542,3,Severe_Damage,L3_S1,-2478,2090,19432,1064,62,81,0,4566.77
3503,20:20:02:552,3,Severe_Damage,L3_S1,-2510,2072,19286,-483,20,-164,0,4420.77
3504,20:20:02:562,3,Severe_Damage,L3_S1,-2386,1950,18686,-2014,-10,-409,0,3820.77
3505,20:20:02:572,3,Severe_Damage,L3_S1,-2226,1772,17734,-3343,-76,-615,0,2868.77
3506,20:20:02:582,3,Severe_Damage,L3_S1,-2062,1520,16526,-4367,-63,-791,0,1660.77
3507,20:20:02:592,3,Severe_Damage,L3_S1,-1844,1302,15232,-5013,-119,-893,0,366.77
3508,20:20:02:602,3,Severe_Damage,L3_S1,-1738,956,13946,-5208,-125,-918,0,-919.23
3509,20:20:02:612,3,Severe_Damage,L3_S1,-1424,776,12638,-4846,-102,-864,0,-2227.23
3510,20:20:02:622,3,Severe_Damage,L3_S1,-1310,488,11604,-4146,-131,-741,0,-3261.23
3511,20:20:02:632,3,Severe_Damage,L3_S1,-1106,292,10900,-3031,-62,-574,0,-3965.23
3512,20:20:02:642,3,Severe_Damage,L3_S1,-1068,268,10486,-1679,-17,-352,0,-4379.23
3513,20:20:02:652,3,Severe_Damage,L3_S1,-1150,216,10544,-193,31,-117,0,-4321.23
3514,20:20:02:662,3,Severe_Damage,L3_S1,-1182,336,11050,1272,78,110,0,-3815.23
3515,20:20:02:672,3,Severe_Damage,L3_S1,-1360,522,11908,2578,104,319,0,-2957.23
3516,20:20:02:682,3,Severe_Damage,L3_S1,-1424,730,13048,3627,127,480,1,-1817.23
3517,20:20:02:692,3,Severe_Damage,L3_S1,-1752,1084,14174,4332,196,598,0,-691.23
3518,20:20:02:702,3,Severe_Damage,L3_S1,-1818,1254,15574,4525,153,634,0,708.77
3519,20:20:02:712,3,Severe_Damage,L3_S1,-2128,1602,16726,4368,181,601,0,1860.77
3520,20:20:02:722,3,Severe_Damage,L3_S1,-2236,1732,17868,3702,139,498,0,3002.77
3521,20:20:02:732,3,Severe_Damage,L3_S1,-2396,1964,18468,2749,120,346,0,3602.77
3522,20:20:02:742,3,Severe_Damage,L3_S1,-2404,1978,18948,1463,76,141,0,4082.77
3523,20:20:02:752,3,Severe_Damage,L3_S1,-2470,2026,19006,86,44,-70,0,4140.77
3524,20:20:02:762,3,Severe_Damage,L3_S1,-2400,1914,18558,-1336,2,-301,0,3692.77
3525,20:20:02:772,3,Severe_Damage,L3_S1,-2254,1766,17872,-2617,-42,-504,1,3006.77
3526,20:20:02:783,3,Severe_Damage,L3_S1,-2154,1584,16806,-3656,-61,-669,0,1940.77
3527,20:20:02:793,3,Severe_Damage,L3_S1,-1906,1360,15640,-4363,-90,-791,0,774.77
3528,20:20:02:802,3,Severe_Damage,L3_S1,-1728,1086,14536,-4711,-107,-849,0,-329.23
3529,20:20:02:812,3,Severe_Damage,L3_S1,-1590,878,13294,-4552,-114,-809,0,-1571.23
3530,20:20:02:822,3,Severe_Damage,L3_S1,-1386,594,12268,-4052,-75,-736,0,-2597.23
3531,20:20:02:832,3,Severe_Damage,L3_S1,-1246,482,11448,-3156,-90,-586,0,-3417.23
3532,20:20:02:842,3,Severe_Damage,L3_S1,-1182,342,11076,-2025,-24,-412,0,-3789.23
3533,20:20:02:852,3,Severe_Damage,L3_S1,-1212,360,10994,-680,23,-192,0,-3871.23
3534,20:20:02:862,3,Severe_Damage,L3_S1,-1246,354,11230,645,57,9,0,-3635.23
3535,20:20:02:872,3,Severe_Damage,L3_S1,-1360,516,11866,1901,101,206,0,-2999.23
3536,20:20:02:882,3,Severe_Damage,L3_S1,-1496,744,12764,2940,115,380,1,-2101.23
3537,20:20:02:893,3,Severe_Damage,L3_S1,-1586,968,13830,3704,143,496,0,-1035.23
3538,20:20:02:902,3,Severe_Damage,L3_S1,-1934,1222,15046,4060,173,561,0,180.77
3539,20:20:02:912,3,Severe_Damage,L3_S1,-1996,1400,16202,4005,121,551,0,1336.77
3540,20:20:02:922,3,Severe_Damage,L3_S1,-2174,1616,17230,3583,162,479,0,2364.77
3541,20:20:02:932,3,Severe_Damage,L3_S1,-2346,1798,17980,2808,93,357,0,3114.77
3542,20:20:02:942,3,Severe_Damage,L3_S1,-2342,1830,18502,1735,96,192,0,3636.77
3543,20:20:02:952,3,Severe_Damage,L3_S1,-2404,1968,18604,511,55,-3,0,3738.77
3544,20:20:02:962,3,Severe_Damage,L3_S1,-2370,1880,18410,-780,2,-211,0,3544.77
3545,20:20:02:972,3,Severe_Damage,L3_S1,-2298,1814,17794,-1975,-8,-403,1,2928.77
3546,20:20:02:983,3,Severe_Damage,L3_S1,-2158,1628,16976,-3021,-75,-560,0,2110.77
3547,20:20:02:993,3,Severe_Damage,L3_S1,-2004,1386,15892,-3765,-52,-687,0,1026.77
3548,20:20:03:003,3,Severe_Damage,L3_S1,-1774,1192,14902,-4188,-83,-761,0,36.77
3549,20:20:03:013,3,Severe_Damage,L3_S1,-1624,942,13842,-4262,-114,-767,1,-1023.23
3550,20:20:03:023,3,Severe_Damage,L3_S1,-1486,750,12790,-3844,-59,-704,1,-2075.23
3551,20:20:03:032,3,Severe_Damage,L3_S1,-1324,522,11996,-3203,-87,-595,0,-2869.23
3552,20:20:03:043,3,Severe_Damage,L3_S1,-1292,498,11472,-2202,-40,-442,0,-3393.23
3553,20:20:03:052,3,Severe_Damage,L3_S1,-1290,384,11386,-1081,6,-268,0,-3479.23
3554,20:20:03:062,3,Severe_Damage,L3_S1,-1274,386,11404,165,46,-61,0,-3461.23
3555,20:20:03:072,3,Severe_Damage,L3_S1,-1326,526,11958,1317,78,122,1,-2907.23
3556,20:20:03:082,3,Severe_Damage,L3_S1,-1488,678,12672,2343,109,284,1,-2193.23
3557,20:20:03:092,3,Severe_Damage,L3_S1,-1612,888,13662,3110,109,402,0,-1203.23
3558,20:20:03:102,3,Severe_Damage,L3_S1,-1804,1168,14606,3592,169,481,0,-259.23
3559,20:20:03:112,3,Severe_Damage,L3_S1,-1946,1344,15694,3649,124,488,0,828.77
3560,20:20:03:122,3,Severe_Damage,L3_S1,-2096,1548,16660,3398,140,456,0,1794.77
3561,20:20:03:132,3,Severe_Damage,L3_S1,-2328,1818,17920,1935,92,220,0,3054.77
3562,20:20:03:142,3,Severe_Damage,L3_S1,-2294,1780,18304,817,53,39,0,3438.77
3563,20:20:03:153,3,Severe_Damage,L3_S1,-2344,1798,18186,-311,41,-134,0,3320.77
3564,20:20:03:163,3,Severe_Damage,L3_S1,-2250,1720,17812,-1459,-26,-322,0,2946.77
3565,20:20:03:173,3,Severe_Damage,L3_S1,-2126,1626,17088,-2440,-33,-481,1,2222.77
3566,20:20:03:183,3,Severe_Damage,L3_S1,-1946,1406,16254,-3223,-62,-602,0,1388.77
3567,20:20:03:193,3,Severe_Damage,L3_S1,-1832,1180,15258,-3707,-42,-681,0,392.77
3568,20:20:03:203,3,Severe_Damage,L3_S1,-1712,1038,14192,-3875,-85,-708,0,-673.23
3569,20:20:03:213,3,Severe_Damage,L3_S1,-1518,796,13320,-3667,-97,-670,0,-1545.23
3570,20:20:03:223,3,Severe_Damage,L3_S1,-1456,622,12466,-3121,-22,-589,1,-2399.23
3571,20:20:03:233,3,Severe_Damage,L3_S1,-1292,554,11974,-2327,-88,-464,1,-2891.23
3572,20:20:03:242,3,Severe_Damage,L3_S1,-1320,446,11668,-1361,14,-310,0,-3197.23
3573,20:20:03:252,3,Severe_Damage,L3_S1,-1372,482,11656,-237,31,-128,0,-3209.23
3574,20:20:03:262,3,Severe_Damage,L3_S1,-1312,524,12022,826,50,42,0,-2843.23
3575,20:20:03:273,3,Severe_Damage,L3_S1,-1450,708,12598,1817,108,200,0,-2267.23
3576,20:20:03:282,3,Severe_Damage,L3_S1,-1596,804,13464,2575,90,324,0,-1401.23
3577,20:20:03:292,3,Severe_Damage,L3_S1,-1680,1048,14366,3108,125,404,0,-499.23
3578,20:20:03:302,3,Severe_Damage,L3_S1,-1938,1270,15320,3309,158,435,0,454.77
3579,20:20:03:312,3,Severe_Damage,L3_S1,-1922,1382,16234,3148,100,416,0,1368.77
3580,20:20:03:322,3,Severe_Damage,L3_S1,-2176,1582,17012,2700,141,343,0,2146.77
3581,20:20:03:332,3,Severe_Damage,L3_S1,-2234,1720,17560,2006,80,230,0,2694.77
3582,20:20:03:342,3,Severe_Damage,L3_S1,-2232,1750,17910,1053,58,78,0,3044.77
3583,20:20:03:352,3,Severe_Damage,L3_S1,-2314,1796,17880,43,49,-72,0,3014.77
3584,20:20:03:363,3,Severe_Damage,L3_S1,-2190,1632,17646,-1025,-17,-248,0,2780.77
3585,20:20:03:373,3,Severe_Damage,L3_S1,-2146,1604,17112,-1934,-6,-396,0,2246.77
3586,20:20:03:383,3,Severe_Damage,L3_S1,-1994,1436,16372,-2743,-65,-520,0,1506.77
3587,20:20:03:393,3,Severe_Damage,L3_S1,-1932,1318,15390,-3240,-46,-603,1,524.77
3588,20:20:03:403,3,Severe_Damage,L3_S1,-1766,1056,14586,-3503,-46,-649,0,-279.23
3589,20:20:03:413,3,Severe_Damage,L3_S1,-1562,858,13738,-3433,-107,-636,0,-1127.23
3590,20:20:03:423,3,Severe_Damage,L3_S1,-1536,742,12902,-3012,-22,-575,0,-1963.23
3591,20:20:03:433,3,Severe_Damage,L3_S1,-1374,558,12372,-2401,-63,-470,0,-2493.23
3592,20:20:03:443,3,Severe_Damage,L3_S1,-1378,574,11948,-1517,-22,-326,0,-2917.23
3593,20:20:03:452,3,Severe_Damage,L3_S1,-1322,446,11988,-597,31,-183,1,-2877.23
3594,20:20:03:462,3,Severe_Damage,L3_S1,-1408,574,12106,441,46,-18,0,-2759.23
3595,20:20:03:472,3,Severe_Damage,L3_S1,-1414,618,12654,1328,83,126,0,-2211.23
3596,20:20:03:482,3,Severe_Damage,L3_S1,-1566,828,13270,2118,106,245,0,-1595.23
3597,20:20:03:492,3,Severe_Damage,L3_S1,-1696,932,14118,2644,89,334,0,-747.23
3598,20:20:03:503,3,Severe_Damage,L3_S1,-1846,1178,14988,2946,142,377,0,122.77
3599,20:20:03:513,3,Severe_Damage,L3_S1,-1936,1336,15804,2904,107,383,1,938.77
3600,20:20:03:523,3,Severe_Damage,L3_S1,-1992,1470,16598,2569,102,326,0,1732.77
3601,20:20:03:533,3,Severe_Damage,L3_S1,-2198,1588,17232,2003,117,231,0,2366.77
3602,20:20:03:543,3,Severe_Damage,L3_S1,-2178,1702,17528,1232,51,101,0,2662.77
3603,20:20:03:553,3,Severe_Damage,L3_S1,-2244,1664,17686,304,58,-46,0,2820.77
3604,20:20:03:563,3,Severe_Damage,L3_S1,-2260,1662,17396,-622,12,-194,0,2530.77
3605,20:20:03:573,3,Severe_Damage,L3_S1,-2118,1534,17050,-1524,-14,-328,0,2184.77
3606,20:20:03:583,3,Severe_Damage,L3_S1,-2046,1508,16410,-2270,-26,-447,0,1544.77
3607,20:20:03:593,3,Severe_Damage,L3_S1,-1932,1264,15726,-2834,-40,-535,0,860.77
3608,20:20:03:603,3,Severe_Damage,L3_S1,-1756,1122,14856,-3127,-38,-587,0,-9.23
3609,20:20:03:613,3,Severe_Damage,L3_S1,-1702,1040,14022,-3153,-54,-591,0,-843.23
3610,20:20:03:623,3,Severe_Damage,L3_S1,-1516,748,13440,-2915,-86,-553,0,-1425.23
3611,20:20:03:632,3,Severe_Damage,L3_S1,-1558,708,12696,-2346,5,-461,0,-2169.23
3612,20:20:03:643,3,Severe_Damage,L3_S1,-1366,546,12478,-1672,-53,-345,0,-2387.23
3613,20:20:03:653,3,Severe_Damage,L3_S1,-1426,570,12184,-796,33,-221,0,-2681.23
3614,20:20:03:662,3,Severe_Damage,L3_S1,-1420,558,12318,68,31,-83,0,-2547.23
3615,20:20:03:672,3,Severe_Damage,L3_S1,-1474,668,12668,955,58,64,0,-2197.23
3616,20:20:03:682,3,Severe_Damage,L3_S1,-1556,760,13276,1679,91,173,0,-1589.23
3617,20:20:03:692,3,Severe_Damage,L3_S1,-1650,990,13992,2250,81,269,0,-873.23
3618,20:20:03:703,3,Severe_Damage,L3_S1,-1778,1058,14776,2571,113,319,0,-89.23
3619,20:20:03:713,3,Severe_Damage,L3_S1,-1868,1252,15534,2639,121,335,0,668.77
3620,20:20:03:723,3,Severe_Damage,L3_S1,-2054,1420,16208,2440,102,291,0,1342.77
3621,20:20:03:733,3,Severe_Damage,L3_S1,-2050,1594,16832,1954,75,219,0,1966.77
3622,20:20:03:743,3,Severe_Damage,L3_S1,-2214,1598,17158,1311,90,125,0,2292.77
3623,20:20:03:752,3,Severe_Damage,L3_S1,-2160,1634,17358,537,30,-4,0,2492.77
3624,20:20:03:763,3,Severe_Damage,L3_S1,-2164,1626,17322,-330,23,-143,0,2456.77
3625,20:20:03:773,3,Severe_Damage,L3_S1,-2156,1574,16918,-1148,7,-274,0,2052.77
3626,20:20:03:783,3,Severe_Damage,L3_S1,-2026,1456,16500,-1887,-29,-389,0,1634.77
3627,20:20:03:793,3,Severe_Damage,L3_S1,-1974,1356,15792,-2423,-20,-473,0,926.77
3628,20:20:03:803,3,Severe_Damage,L3_S1,-1860,1160,15088,-2788,-39,-531,0,222.77
3629,20:20:03:813,3,Severe_Damage,L3_S1,-1744,1060,14278,-2858,-45,-541,1,-587.23
3630,20:20:03:823,3,Severe_Damage,L3_S1,-1634,844,13764,-2751,-47,-525,0,-1101.23
3631,20:20:03:833,3,Severe_Damage,L3_S1,-1522,780,13094,-2296,-43,-453,0,-1771.23
3632,20:20:03:843,3,Severe_Damage,L3_S1,-1502,622,12686,-1737,5,-364,0,-2179.23
3633,20:20:03:853,3,Severe_Damage,L3_S1,-1402,628,12482,-966,-22,-240,0,-2383.23
3634,20:20:03:863,3,Severe_Damage,L3_S1,-1420,562,12574,-210,43,-127,0,-2291.23
3635,20:20:03:872,3,Severe_Damage,L3_S1,-1480,714,12748,630,62,6,1,-2117.23
3636,20:20:03:883,3,Severe_Damage,L3_S1,-1506,790,13274,1296,57,115,0,-1591.23
3637,20:20:03:893,3,Severe_Damage,L3_S1,-1666,886,13824,1886,117,207,0,-1041.23
3638,20:20:03:903,3,Severe_Damage,L3_S1,-1694,1012,14512,2222,76,263,0,-353.23
3639,20:20:03:913,3,Severe_Damage,L3_S1,-1892,1184,15230,2362,126,284,0,364.77
3640,20:20:03:923,3,Severe_Damage,L3_S1,-1962,1298,15974,2221,98,264,0,1108.77
3641,20:20:03:933,3,Severe_Damage,L3_S1,-2058,1442,16364,1930,107,220,0,1498.77
3642,20:20:03:943,3,Severe_Damage,L3_S1,-2054,1492,16888,1315,49,120,0,2022.77
3643,20:20:03:953,3,Severe_Damage,L3_S1,-2218,1624,17098,674,68,18,0,2232.77
3644,20:20:03:963,3,Severe_Damage,L3_S1,-2124,1596,17068,-102,28,-108,0,2202.77
3645,20:20:03:973,3,Severe_Damage,L3_S1,-2184,1514,16890,-842,11,-218,0,2024.77
3646,20:20:03:983,3,Severe_Damage,L3_S1,-2040,1472,16480,-1525,-9,-331,0,1614.77
3647,20:20:03:993,3,Severe_Damage,L3_S1,-1998,1288,15838,-2089,-31,-420,0,972.77
3648,20:20:04:003,3,Severe_Damage,L3_S1,-1946,1256,15232,-2438,-20,-480,0,366.77
3649,20:20:04:013,3,Severe_Damage,L3_S1,-1692,1062,14624,-2609,-40,-511,0,-241.23
3650,20:20:04:023,3,Severe_Damage,L3_S1,-1720,932,13938,-2503,-24,-482,0,-927.23
3651,20:20:04:033,3,Severe_Damage,L3_S1,-1584,786,13348,-2231,-39,-441,0,-1517.23
3652,20:20:04:043,3,Severe_Damage,L3_S1,-1544,696,13068,-1741,-20,-368,0,-1797.23
3653,20:20:04:053,3,Severe_Damage,L3_S1,-1556,700,12756,-1088,37,-264,0,-2109.23
3654,20:20:04:063,3,Severe_Damage,L3_S1,-1420,672,12788,-391,0,-151,1,-2077.23
3655,20:20:04:072,3,Severe_Damage,L3_S1,-1522,684,12912,330,57,-37,0,-1953.23
3656,20:20:04:082,3,Severe_Damage,L3_S1,-1544,784,13354,995,62,64,0,-1511.23
3657,20:20:04:093,3,Severe_Damage,L3_S1,-1666,854,13818,1534,69,153,0,-1047.23
3658,20:20:04:103,3,Severe_Damage,L3_S1,-1736,1032,14418,1913,91,218,0,-447.23
3659,20:20:04:113,3,Severe_Damage,L3_S1,-1834,1116,15116,2083,89,243,0,250.77
3660,20:20:04:123,3,Severe_Damage,L3_S1,-1948,1254,15666,2036,100,233,1,800.77
3661,20:20:04:133,3,Severe_Damage,L3_S1,-1920,1340,16282,1773,80,189,0,1416.77
3662,20:20:04:143,3,Severe_Damage,L3_S1,-2156,1492,16508,1379,86,134,0,1642.77
3663,20:20:04:152,3,Severe_Damage,L3_S1,-2050,1524,16878,731,23,29,0,2012.77
3664,20:20:04:162,3,Severe_Damage,L3_S1,-2188,1526,16894,94,67,-77,0,2028.77
3665,20:20:04:173,3,Severe_Damage,L3_S1,-2066,1468,16750,-599,1,-186,0,1884.77
3666,20:20:04:183,3,Severe_Damage,L3_S1,-2028,1410,16404,-1229,-2,-290,0,1538.77
3667,20:20:04:193,3,Severe_Damage,L3_S1,-2010,1346,15886,-1767,-18,-368,0,1020.77
3668,20:20:04:203,3,Severe_Damage,L3_S1,-1866,1220,15384,-2150,-33,-431,0,518.77
3669,20:20:04:213,3,Severe_Damage,L3_S1,-1858,1118,14750,-2331,-6,-464,0,-115.23
3670,20:20:04:223,3,Severe_Damage,L3_S1,-1658,960,14208,-2317,-53,-453,0,-657.23
3671,20:20:04:233,3,Severe_Damage,L3_S1,-1672,886,13566,-2091,-9,-418,0,-1299.23
3672,20:20:04:243,3,Severe_Damage,L3_S1,-1472,748,13326,-1727,-36,-367,0,-1539.23
3673,20:20:04:253,3,Severe_Damage,L3_S1,-1558,786,13084,-1159,12,-272,0,-1781.23
3674,20:20:04:263,3,Severe_Damage,L3_S1,-1516,706,13022,-542,22,-174,0,-1843.23
3675,20:20:04:273,3,Severe_Damage,L3_S1,-1492,728,13096,102,12,-76,0,-1769.23
3676,20:20:04:282,3,Severe_Damage,L3_S1,-1602,790,13388,720,77,26,0,-1477.23
3677,20:20:04:293,3,Severe_Damage,L3_S1,-1628,894,13852,1239,48,108,0,-1013.23
3678,20:20:04:303,3,Severe_Damage,L3_S1,-1754,992,14292,1622,95,168,0,-573.23
3679,20:20:04:313,3,Severe_Damage,L3_S1,-1786,1086,14896,1820,66,206,0,30.77
3680,20:20:04:323,3,Severe_Damage,L3_S1,-1874,1236,15446,1843,95,203,0,580.77
3681,20:20:04:333,3,Severe_Damage,L3_S1,-1960,1308,15918,1635,75,169,0,1052.77
3682,20:20:04:343,3,Severe_Damage,L3_S1,-2036,1436,16340,1295,72,120,0,1474.77
3683,20:20:04:353,3,Severe_Damage,L3_S1,-2052,1448,16614,797,69,41,0,1748.77
3684,20:20:04:363,3,Severe_Damage,L3_S1,-2112,1530,16630,247,41,-51,0,1764.77
3685,20:20:04:373,3,Severe_Damage,L3_S1,-2054,1412,16640,-425,7,-159,0,1774.77
3686,20:20:04:383,3,Severe_Damage,L3_S1,-1996,1394,16408,-972,36,-246,0,1542.77
3687,20:20:04:393,3,Severe_Damage,L3_S1,-1922,1372,15918,-1481,-34,-328,0,1052.77
3688,20:20:04:403,3,Severe_Damage,L3_S1,-1840,1220,15490,-1872,-9,-389,0,624.77
3689,20:20:04:413,3,Severe_Damage,L3_S1,-1874,1160,14834,-2058,-17,-417,0,-31.23
3690,20:20:04:423,3,Severe_Damage,L3_S1,-1718,974,14414,-2123,-19,-432,0,-451.23
3691,20:20:04:433,3,Severe_Damage,L3_S1,-1682,962,13866,-1938,-18,-398,0,-999.23
3692,20:20:04:443,3,Severe_Damage,L3_S1,-1628,806,13480,-1660,-18,-360,0,-1385.23
3693,20:20:04:453,3,Severe_Damage,L3_S1,-1552,788,13242,-1193,-2,-285,0,-1623.23
3694,20:20:04:463,3,Severe_Damage,L3_S1,-1554,726,13082,-626,28,-193,0,-1783.23
3695,20:20:04:473,3,Severe_Damage,L3_S1,-1554,764,13210,-77,25,-106,0,-1655.23
3696,20:20:04:483,3,Severe_Damage,L3_S1,-1626,832,13488,495,57,-13,0,-1377.23
3697,20:20:04:492,3,Severe_Damage,L3_S1,-1674,898,13820,978,50,61,0,-1045.23
3698,20:20:04:503,3,Severe_Damage,L3_S1,-1674,950,14266,1360,75,125,0,-599.23
3699,20:20:04:513,3,Severe_Damage,L3_S1,-1798,1092,14736,1575,78,157,0,-129.23
3700,20:20:04:523,3,Severe_Damage,L3_S1,-1870,1132,15206,1623,76,169,0,340.77
3701,20:20:04:533,3,Severe_Damage,L3_S1,-1902,1250,15712,1507,81,150,0,846.77
3702,20:20:04:543,3,Severe_Damage,L3_S1,-1998,1384,16100,1215,60,107,0,1234.77
3703,20:20:04:553,3,Severe_Damage,L3_S1,-2024,1410,16388,800,73,34,0,1522.77
3704,20:20:04:563,3,Severe_Damage,L3_S1,-2048,1452,16504,289,31,-45,0,1638.77
3705,20:20:04:573,3,Severe_Damage,L3_S1,-2064,1414,16416,-253,35,-127,0,1550.77
3706,20:20:04:583,3,Severe_Damage,L3_S1,-2006,1398,16308,-803,12,-221,0,1442.77
3707,20:20:04:593,3,Severe_Damage,L3_S1,-1980,1338,15914,-1268,-6,-288,0,1048.77
3708,20:20:04:603,3,Severe_Damage,L3_S1,-1918,1240,15482,-1637,-13,-348,0,616.77
3709,20:20:04:613,3,Severe_Damage,L3_S1,-1826,1164,15016,-1857,-23,-385,0,150.77
3710,20:20:04:623,3,Severe_Damage,L3_S1,-1786,1026,14500,-1923,-17,-395,0,-365.23
3711,20:20:04:633,3,Severe_Damage,L3_S1,-1664,952,14026,-1814,-18,-382,0,-839.23
3712,20:20:04:643,3,Severe_Damage,L3_S1,-1630,868,13752,-1566,-11,-338,0,-1113.23
3713,20:20:04:653,3,Severe_Damage,L3_S1,-1548,802,13486,-1170,14,-280,0,-1379.23
3714,20:20:04:663,3,Severe_Damage,L3_S1,-1566,808,13318,-693,-10,-203,0,-1547.23
3715,20:20:04:673,3,Severe_Damage,L3_S1,-1592,740,13304,-173,47,-114,0,-1561.23
3716,20:20:04:683,3,Severe_Damage,L3_S1,-1578,800,13576,347,41,-33,0,-1289.23
3717,20:20:04:693,3,Severe_Damage,L3_S1,-1616,922,13836,804,60,33,0,-1029.23
3718,20:20:04:703,3,Severe_Damage,L3_S1,-1682,988,14238,1161,78,91,0,-627.23
3719,20:20:04:713,3,Severe_Damage,L3_S1,-1764,1044,14626,1386,60,127,0,-239.23
3720,20:20:04:723,3,Severe_Damage,L3_S1,-1824,1176,15128,1458,81,140,0,262.77
3721,20:20:04:733,3,Severe_Damage,L3_S1,-1910,1218,15534,1376,74,125,0,668.77
3722,20:20:04:743,3,Severe_Damage,L3_S1,-1962,1322,15930,1136,64,91,0,1064.77
3723,20:20:04:753,3,Severe_Damage,L3_S1,-2012,1380,16192,770,62,32,0,1326.77
3724,20:20:04:763,3,Severe_Damage,L3_S1,-2054,1418,16338,324,43,-30,0,1472.77
3725,20:20:04:773,3,Severe_Damage,L3_S1,-2000,1394,16322,-170,30,-120,0,1456.77
3726,20:20:04:783,3,Severe_Damage,L3_S1,-2030,1306,16144,-663,15,-195,0,1278.77
3727,20:20:04:793,3,Severe_Damage,L3_S1,-1994,1346,15908,-1107,-1,-267,0,1042.77
3728,20:20:04:803,3,Severe_Damage,L3_S1,-1894,1248,15508,-1454,-6,-320,0,642.77
3729,20:20:04:813,3,Severe_Damage,L3_S1,-1914,1188,15094,-1680,-18,-357,0,228.77
3730,20:20:04:824,3,Severe_Damage,L3_S1,-1750,1040,14640,-1768,-3,-373,0,-225.23
3731,20:20:04:833,3,Severe_Damage,L3_S1,-1740,978,14182,-1699,-18,-351,0,-683.23
3732,20:20:04:843,3,Severe_Damage,L3_S1,-1658,926,13858,-1481,-4,-330,0,-1007.23
3733,20:20:04:853,3,Severe_Damage,L3_S1,-1578,848,13606,-1140,0,-269,0,-1259.23
3734,20:20:04:863,3,Severe_Damage,L3_S1,-1634,830,13510,-721,19,-203,0,-1355.23
3735,20:20:04:873,3,Severe_Damage,L3_S1,-1612,824,13480,-257,44,-133,0,-1385.23
3736,20:20:04:883,3,Severe_Damage,L3_S1,-1608,854,13674,222,39,-57,0,-1191.23
3737,20:20:04:893,3,Severe_Damage,L3_S1,-1654,908,13876,644,57,16,0,-989.23
3738,20:20:04:903,3,Severe_Damage,L3_S1,-1712,1016,14232,997,56,69,0,-633.23
3739,20:20:04:913,3,Severe_Damage,L3_S1,-1740,1056,14626,1212,65,100,0,-239.23
3740,20:20:04:923,3,Severe_Damage,L3_S1,-1818,1190,15056,1310,77,117,0,190.77
3741,20:20:04:933,3,Severe_Damage,L3_S1,-1894,1228,15498,1251,72,117,0,632.77
3742,20:20:04:943,3,Severe_Damage,L3_S1,-1962,1338,15684,1055,68,77,0,818.77
3743,20:20:04:953,3,Severe_Damage,L3_S1,-1980,1390,16050,740,56,26,0,1184.77
3744,20:20:04:963,3,Severe_Damage,L3_S1,-1952,1406,16150,344,48,-34,0,1284.77
3745,20:20:04:973,3,Severe_Damage,L3_S1,-1972,1386,16098,-93,40,-102,0,1232.77
3746,20:20:04:983,3,Severe_Damage,L3_S1,-2036,1368,16106,-546,13,-180,0,1240.77
3747,20:20:04:993,3,Severe_Damage,L3_S1,-1954,1294,15856,-957,7,-246,0,990.77
3748,20:20:05:003,3,Severe_Damage,L3_S1,-1938,1258,15408,-1298,-7,-294,0,542.77
3749,20:20:05:013,3,Severe_Damage,L3_S1,-1872,1124,15086,-1511,-6,-321,0,220.77
3750,20:20:05:023,3,Severe_Damage,L3_S1,-1758,1052,14716,-1623,-16,-348,0,-149.23
3751,20:20:05:033,3,Severe_Damage,L3_S1,-1774,1018,14364,-1571,2,-336,0,-501.23
3752,20:20:05:043,3,Severe_Damage,L3_S1,-1658,890,14042,-1405,-25,-311,0,-823.23
3753,20:20:05:053,3,Severe_Damage,L3_S1,-1696,810,13766,-1097,15,-265,0,-1099.23
3754,20:20:05:063,3,Severe_Damage,L3_S1,-1590,894,13584,-737,-1,-204,0,-1281.23
3755,20:20:05:073,3,Severe_Damage,L3_S1,-1578,834,13604,-305,28,-146,0,-1261.23
3756,20:20:05:083,3,Severe_Damage,L3_S1,-1662,870,13696,105,45,-72,0,-1169.23
3757,20:20:05:093,3,Severe_Damage,L3_S1,-1590,926,13900,521,49,-12,0,-965.23
3758,20:20:05:103,3,Severe_Damage,L3_S1,-1740,954,14248,834,59,44,0,-617.23
3759,20:20:05:113,3,Severe_Damage,L3_S1,-1744,1056,14598,1069,72,80,0,-267.23
3760,20:20:05:123,3,Severe_Damage,L3_S1,-1856,1120,14978,1162,56,95,0,112.77
3761,20:20:05:133,3,Severe_Damage,L3_S1,-1874,1192,15424,1129,65,88,0,558.77
3762,20:20:05:143,3,Severe_Damage,L3_S1,-1922,1274,15562,976,58,63,0,696.77
3763,20:20:05:153,3,Severe_Damage,L3_S1,-1984,1318,15920,704,53,28,0,1054.77
3764,20:20:05:163,3,Severe_Damage,L3_S1,-1992,1392,16060,356,43,-29,0,1194.77
3765,20:20:05:173,3,Severe_Damage,L3_S1,-1966,1332,16062,-47,27,-94,0,1196.77
3766,20:20:05:183,3,Severe_Damage,L3_S1,-2026,1390,15878,-457,17,-162,0,1012.77
3767,20:20:05:193,3,Severe_Damage,L3_S1,-1910,1336,15736,-839,3,-226,0,870.77
3768,20:20:05:203,3,Severe_Damage,L3_S1,-1932,1244,15426,-1151,6,-275,0,560.77
3769,20:20:05:213,3,Severe_Damage,L3_S1,-1828,1180,15116,-1378,-5,-305,0,250.77
3770,20:20:05:223,3,Severe_Damage,L3_S1,-1796,1082,14778,-1473,-1,-326,0,-87.23
3771,20:20:05:233,3,Severe_Damage,L3_S1,-1710,1010,14468,-1460,1,-322,0,-397.23
3772,20:20:05:243,3,Severe_Damage,L3_S1,-1728,928,14054,-1316,1,-297,0,-811.23
3773,20:20:05:253,3,Severe_Damage,L3_S1,-1624,928,13944,-1069,-10,-265,0,-921.23
3774,20:20:05:263,3,Severe_Damage,L3_S1,-1610,908,13760,-731,25,-208,0,-1105.23
3775,20:20:05:273,3,Severe_Damage,L3_S1,-1658,896,13698,-356,20,-148,0,-1167.23
3776,20:20:05:283,3,Severe_Damage,L3_S1,-1616,852,13760,35,36,-87,0,-1105.23
3777,20:20:05:293,3,Severe_Damage,L3_S1,-1700,924,14010,395,59,-21,0,-855.23
3778,20:20:05:303,3,Severe_Damage,L3_S1,-1694,982,14266,710,58,22,0,-599.23
3779,20:20:05:313,3,Severe_Damage,L3_S1,-1788,1030,14606,929,62,58,0,-259.23
3780,20:20:05:323,3,Severe_Damage,L3_S1,-1782,1108,14876,1030,67,71,0,10.77
3781,20:20:05:333,3,Severe_Damage,L3_S1,-1870,1190,15206,1020,62,71,0,340.77
3782,20:20:05:343,3,Severe_Damage,L3_S1,-1918,1274,15570,894,63,50,0,704.77
3783,20:20:05:353,3,Severe_Damage,L3_S1,-1908,1306,15862,670,57,20,0,996.77
3784,20:20:05:363,3,Severe_Damage,L3_S1,-1950,1330,15894,357,47,-36,0,1028.77
3785,20:20:05:373,3,Severe_Damage,L3_S1,-1924,1354,15994,-13,25,-92,0,1128.77
3786,20:20:05:383,3,Severe_Damage,L3_S1,-1948,1294,15928,-380,28,-146,0,1062.77
3787,20:20:05:393,3,Severe_Damage,L3_S1,-1900,1238,15762,-734,6,-206,0,896.77
3788,20:20:05:403,3,Severe_Damage,L3_S1,-1844,1238,15444,-1028,9,-259,0,578.77
3789,20:20:05:413,3,Severe_Damage,L3_S1,-1826,1192,15108,-1243,-3,-287,0,242.77
3790,20:20:05:423,3,Severe_Damage,L3_S1,-1772,1112,14876,-1353,-2,-305,0,10.77
3791,20:20:05:433,3,Severe_Damage,L3_S1,-1768,1062,14552,-1347,0,-310,0,-313.23
3792,20:20:05:443,3,Severe_Damage,L3_S1,-1674,998,14190,-1241,-13,-290,0,-675.23
3793,20:20:05:453,3,Severe_Damage,L3_S1,-1640,928,13950,-1020,16,-248,0,-915.23
3794,20:20:05:463,3,Severe_Damage,L3_S1,-1620,862,13818,-734,5,-206,0,-1047.23
3795,20:20:05:473,3,Severe_Damage,L3_S1,-1604,892,13804,-387,34,-151,0,-1061.23
3796,20:20:05:483,3,Severe_Damage,L3_S1,-1624,886,13926,-34,31,-94,0,-939.23
3797,20:20:05:493,3,Severe_Damage,L3_S1,-1676,972,14040,307,48,-39,0,-825.23
3798,20:20:05:503,3,Severe_Damage,L3_S1,-1694,966,14232,582,55,7,0,-633.23
3799,20:20:05:513,3,Severe_Damage,L3_S1,-1748,1036,14582,802,65,36,0,-283.23
3800,20:20:05:523,3,Severe_Damage,L3_S1,-1820,1090,14894,911,57,58,0,28.77
3801,20:20:05:533,3,Severe_Damage,L3_S1,-1860,1172,15122,920,75,59,0,256.77
3802,20:20:05:543,3,Severe_Damage,L3_S1,-1918,1228,15408,802,52,40,0,542.77
3803,20:20:05:553,3,Severe_Damage,L3_S1,-1916,1326,15664,613,63,2,0,798.77
3804,20:20:05:563,3,Severe_Damage,L3_S1,-1946,1292,15840,336,38,-31,0,974.77
3805,20:20:05:573,3,Severe_Damage,L3_S1,-1934,1306,15824,29,27,-86,0,958.77
3806,20:20:05:583,3,Severe_Damage,L3_S1,-2008,1324,15792,-326,48,-142,0,926.77
3807,20:20:05:593,3,Severe_Damage,L3_S1,-1924,1320,15642,-649,4,-194,0,776.77
3808,20:20:05:603,3,Severe_Damage,L3_S1,-1884,1244,15526,-924,8,-237,0,660.77
3809,20:20:05:613,3,Severe_Damage,L3_S1,-1818,1170,15230,-1127,1,-275,0,364.77
3810,20:20:05:623,3,Severe_Damage,L3_S1,-1800,1106,14854,-1249,0,-291,0,-11.23
3811,20:20:05:633,3,Severe_Damage,L3_S1,-1734,1050,14538,-1253,16,-290,0,-327.23
3812,20:20:05:643,3,Severe_Damage,L3_S1,-1746,998,14264,-1159,3,-269,0,-601.23
3813,20:20:05:653,3,Severe_Damage,L3_S1,-1664,966,14006,-974,9,-242,0,-859.23
3814,20:20:05:663,3,Severe_Damage,L3_S1,-1658,954,13906,-706,18,-205,0,-959.23
3815,20:20:05:673,3,Severe_Damage,L3_S1,-1678,900,13910,-417,18,-151,0,-955.23
3816,20:20:05:683,3,Severe_Damage,L3_S1,-1640,948,13986,-84,42,-105,0,-879.23
3817,20:20:05:693,3,Severe_Damage,L3_S1,-1656,986,14144,222,36,-54,0,-721.23
3818,20:20:05:703,3,Severe_Damage,L3_S1,-1714,980,14276,493,61,-13,0,-589.23
3819,20:20:05:713,3,Severe_Damage,L3_S1,-1730,992,14532,693,59,17,0,-333.23
3820,20:20:05:723,3,Severe_Damage,L3_S1,-1784,1128,14884,805,55,44,0,18.77
3821,20:20:05:733,3,Severe_Damage,L3_S1,-1860,1150,15098,826,64,40,0,232.77
3822,20:20:05:743,3,Severe_Damage,L3_S1,-1884,1242,15398,741,56,27,0,532.77
3823,20:20:05:753,3,Severe_Damage,L3_S1,-1964,1276,15618,563,57,5,0,752.77
3824,20:20:05:763,3,Severe_Damage,L3_S1,-1918,1308,15730,322,45,-41,0,864.77
3825,20:20:05:773,3,Severe_Damage,L3_S1,-1956,1292,15738,36,33,-81,0,872.77
3826,20:20:05:783,3,Severe_Damage,L3_S1,-1926,1258,15740,-271,21,-130,0,874.77
3827,20:20:05:793,3,Severe_Damage,L3_S1,-1934,1266,15642,-572,22,-177,0,776.77
3828,20:20:05:803,3,Severe_Damage,L3_S1,-1856,1174,15446,-838,1,-220,0,580.77
3829,20:20:05:813,3,Severe_Damage,L3_S1,-1842,1178,15190,-1022,10,-253,0,324.77
3830,20:20:05:823,3,Severe_Damage,L3_S1,-1792,1094,14944,-1140,-2,-276,0,78.77
3831,20:20:05:833,3,Severe_Damage,L3_S1,-1814,1060,14672,-1153,0,-275,0,-193.23
3832,20:20:05:844,3,Severe_Damage,L3_S1,-1730,978,14410,-1091,20,-267,0,-455.23
3833,20:20:05:853,3,Severe_Damage,L3_S1,-1704,1004,14186,-923,-8,-236,0,-679.23
3834,20:20:05:863,3,Severe_Damage,L3_S1,-1688,938,14004,-700,21,-203,0,-861.23
3835,20:20:05:873,3,Severe_Damage,L3_S1,-1672,956,13962,-420,19,-169,0,-903.23
3836,20:20:05:883,3,Severe_Damage,L3_S1,-1688,920,13970,-136,29,-112,0,-895.23
3837,20:20:05:893,3,Severe_Damage,L3_S1,-1680,918,14134,152,46,-75,0,-731.23
3838,20:20:05:903,3,Severe_Damage,L3_S1,-1682,1018,14280,401,43,-26,0,-585.23
3839,20:20:05:913,3,Severe_Damage,L3_S1,-1740,1002,14580,594,56,10,0,-285.23
3840,20:20:05:923,3,Severe_Damage,L3_S1,-1822,1106,14802,707,59,23,0,-63.23
3841,20:20:05:933,3,Severe_Damage,L3_S1,-1824,1184,15068,736,60,21,0,202.77
3842,20:20:05:943,3,Severe_Damage,L3_S1,-1866,1204,15308,666,54,12,0,442.77
3843,20:20:05:953,3,Severe_Damage,L3_S1,-1858,1264,15510,527,49,-16,0,644.77
3844,20:20:05:963,3,Severe_Damage,L3_S1,-1924,1260,15616,299,36,-42,0,750.77
3845,20:20:05:973,3,Severe_Damage,L3_S1,-1920,1202,15670,53,42,-82,0,804.77
3846,20:20:05:983,3,Severe_Damage,L3_S1,-1904,1280,15674,-239,20,-127,0,808.77
3847,20:20:05:993,3,Severe_Damage,L3_S1,-1882,1288,15514,-501,32,-172,0,648.77
3848,20:20:06:003,3,Severe_Damage,L3_S1,-1880,1226,15434,-761,8,-206,0,568.77
3849,20:20:06:014,3,Severe_Damage,L3_S1,-1874,1242,15160,-922,11,-237,0,294.77
3850,20:20:06:023,3,Severe_Damage,L3_S1,-1778,1128,14932,-1053,-1,-263,0,66.77
3851,20:20:06:034,3,Severe_Damage,L3_S1,-1762,1076,14648,-1067,5,-257,0,-217.23
3852,20:20:06:043,3,Severe_Damage,L3_S1,-1706,1042,14428,-1021,5,-250,0,-437.23
3853,20:20:06:053,3,Severe_Damage,L3_S1,-1712,1002,14296,-865,19,-227,0,-569.23
3854,20:20:06:063,3,Severe_Damage,L3_S1,-1692,968,14116,-678,7,-199,0,-749.23
3855,20:20:06:073,3,Severe_Damage,L3_S1,-1682,938,14096,-423,21,-159,0,-769.23
3856,20:20:06:083,3,Severe_Damage,L3_S1,-1726,974,14060,-167,27,-116,0,-805.23
3857,20:20:06:093,3,Severe_Damage,L3_S1,-1666,934,14220,106,44,-71,0,-645.23
3858,20:20:06:103,3,Severe_Damage,L3_S1,-1734,1012,14324,330,46,-34,0,-541.23
3859,20:20:06:113,3,Severe_Damage,L3_S1,-1778,1070,14636,505,50,-12,0,-229.23
3860,20:20:06:123,3,Severe_Damage,L3_S1,-1798,1078,14766,623,61,8,0,-99.23
3861,20:20:06:133,3,Severe_Damage,L3_S1,-1790,1112,15030,646,60,9,0,164.77
3862,20:20:06:143,3,Severe_Damage,L3_S1,-1830,1170,15264,606,50,5,0,398.77
3863,20:20:06:153,3,Severe_Damage,L3_S1,-1886,1244,15408,469,39,-19,0,542.77
3864,20:20:06:163,3,Severe_Damage,L3_S1,-1904,1296,15512,289,45,-42,0,646.77
3865,20:20:06:173,3,Severe_Damage,L3_S1,-1910,1258,15568,44,34,-84,0,702.77
3866,20:20:06:183,3,Severe_Damage,L3_S1,-1938,1282,15528,-198,41,-119,0,662.77
3867,20:20:06:193,3,Severe_Damage,L3_S1,-1904,1242,15514,-461,18,-163,0,648.77
3868,20:20:06:203,3,Severe_Damage,L3_S1,-1880,1194,15386,-673,21,-200,0,520.77
3869,20:20:06:213,3,Severe_Damage,L3_S1,-1868,1150,15152,-855,3,-221,0,286.77
3870,20:20:06:223,3,Severe_Damage,L3_S1,-1790,1114,15004,-953,9,-237,0,138.77
3871,20:20:06:233,3,Severe_Damage,L3_S1,-1766,1050,14756,-997,-1,-249,0,-109.23
3872,20:20:06:243,3,Severe_Damage,L3_S1,-1766,1060,14510,-947,5,-239,0,-355.23
3873,20:20:06:253,3,Severe_Damage,L3_S1,-1710,960,14312,-834,13,-227,0,-553.23
3874,20:20:06:263,3,Severe_Damage,L3_S1,-1702,960,14192,-655,15,-189,0,-673.23
3875,20:20:06:273,3,Severe_Damage,L3_S1,-1690,962,14204,-428,25,-164,0,-661.23
3876,20:20:06:284,3,Severe_Damage,L3_S1,-1684,946,14186,-186,32,-121,0,-679.23
3877,20:20:06:293,3,Severe_Damage,L3_S1,-1744,986,14202,54,39,-81,0,-663.23
3878,20:20:06:303,3,Severe_Damage,L3_S1,-1708,1030,14448,271,42,-50,0,-417.23
3879,20:20:06:313,3,Severe_Damage,L3_S1,-1744,1048,14552,439,51,-21,0,-313.23
3880,20:20:06:323,3,Severe_Damage,L3_S1,-1776,1092,14790,542,54,-2,0,-75.23
3881,20:20:06:333,3,Severe_Damage,L3_S1,-1800,1144,14980,577,55,9,0,114.77
3882,20:20:06:343,3,Severe_Damage,L3_S1,-1868,1174,15230,535,46,-5,0,364.77
3883,20:20:06:353,3,Severe_Damage,L3_S1,-1838,1244,15416,428,60,-23,0,550.77
3884,20:20:06:363,3,Severe_Damage,L3_S1,-1898,1228,15506,259,42,-45,0,640.77
3885,20:20:06:373,3,Severe_Damage,L3_S1,-1878,1248,15594,49,35,-84,0,728.77
3886,20:20:06:383,3,Severe_Damage,L3_S1,-1928,1264,15562,-185,28,-121,0,696.77
3887,20:20:06:394,3,Severe_Damage,L3_S1,-1892,1212,15500,-415,18,-156,0,634.77
3888,20:20:06:404,3,Severe_Damage,L3_S1,-1904,1198,15284,-618,19,-187,0,418.77
3889,20:20:06:413,3,Severe_Damage,L3_S1,-1824,1132,15128,-789,9,-220,0,262.77
3890,20:20:06:423,3,Severe_Damage,L3_S1,-1798,1152,14964,-887,9,-230,0,98.77
3891,20:20:06:433,3,Severe_Damage,L3_S1,-1746,1084,14752,-922,12,-230,0,-113.23
3892,20:20:06:443,3,Severe_Damage,L3_S1,-1782,1040,14538,-888,3,-222,0,-327.23
3893,20:20:06:453,3,Severe_Damage,L3_S1,-1720,1016,14422,-787,18,-217,0,-443.23
3894,20:20:06:463,3,Severe_Damage,L3_S1,-1702,940,14318,-634,11,-190,0,-547.23
3895,20:20:06:473,3,Severe_Damage,L3_S1,-1718,946,14206,-426,28,-161,0,-659.23
3896,20:20:06:483,3,Severe_Damage,L3_S1,-1710,950,14258,-217,22,-123,0,-607.23
3897,20:20:06:493,3,Severe_Damage,L3_S1,-1760,996,14300,12,36,-82,0,-565.23
3898,20:20:06:503,3,Severe_Damage,L3_S1,-1704,1002,14416,204,36,-58,0,-449.23
3899,20:20:06:513,3,Severe_Damage,L3_S1,-1780,1036,14580,368,62,-35,0,-285.23
3900,20:20:06:523,3,Severe_Damage,L3_S1,-1784,1094,14678,460,51,-21,0,-187.23
3901,20:20:06:533,3,Severe_Damage,L3_S1,-1776,1100,14928,510,53,-11,0,62.77
3902,20:20:06:543,3,Severe_Damage,L3_S1,-1846,1146,15124,478,44,-23,0,258.77
3903,20:20:06:554,3,Severe_Damage,L3_S1,-1884,1144,15346,386,46,-28,0,480.77
3904,20:20:06:563,3,Severe_Damage,L3_S1,-1888,1202,15436,241,43,-53,0,570.77
3905,20:20:06:573,3,Severe_Damage,L3_S1,-1948,1258,15432,46,34,-93,0,566.77
3906,20:20:06:583,3,Severe_Damage,L3_S1,-1860,1278,15508,-167,33,-118,0,642.77
3907,20:20:06:593,3,Severe_Damage,L3_S1,-1896,1226,15438,-379,28,-145,0,572.77
3908,20:20:06:603,3,Severe_Damage,L3_S1,-1892,1184,15314,-564,18,-182,0,448.77
3909,20:20:06:613,3,Severe_Damage,L3_S1,-1842,1148,15148,-726,14,-207,0,282.77
3910,20:20:06:624,3,Severe_Damage,L3_S1,-1850,1176,14938,-814,14,-219,0,72.77
3911,20:20:06:634,3,Severe_Damage,L3_S1,-1766,1116,14818,-865,1,-222,0,-47.23
3912,20:20:06:644,3,Severe_Damage,L3_S1,-1770,1070,14528,-821,18,-225,0,-337.23
3913,20:20:06:654,3,Severe_Damage,L3_S1,-1760,1010,14504,-747,9,-207,0,-361.23
3914,20:20:06:664,3,Severe_Damage,L3_S1,-1766,960,14344,-597,21,-185,0,-521.23
3915,20:20:06:674,3,Severe_Damage,L3_S1,-1708,988,14158,-432,20,-154,0,-707.23
3916,20:20:06:683,3,Severe_Damage,L3_S1,-1712,928,14182,-221,32,-126,0,-683.23
3917,20:20:06:693,3,Severe_Damage,L3_S1,-1716,1016,14306,-28,32,-92,0,-559.23
3918,20:20:06:703,3,Severe_Damage,L3_S1,-1706,1042,14376,158,46,-62,0,-489.23
3919,20:20:06:713,3,Severe_Damage,L3_S1,-1746,1048,14554,307,42,-42,0,-311.23
3920,20:20:06:723,3,Severe_Damage,L3_S1,-1772,1086,14730,407,44,-27,0,-135.23
3921,20:20:06:733,3,Severe_Damage,L3_S1,-1846,1108,15002,442,46,-26,0,136.77
3922,20:20:06:743,3,Severe_Damage,L3_S1,-1822,1094,15150,427,43,-26,0,284.77
3923,20:20:06:753,3,Severe_Damage,L3_S1,-1846,1196,15312,339,41,-30,0,446.77
3924,20:20:06:763,3,Severe_Damage,L3_S1,-1868,1228,15356,212,43,-59,0,490.77
3925,20:20:06:773,3,Severe_Damage,L3_S1,-1858,1234,15428,43,34,-85,0,562.77
3926,20:20:06:784,3,Severe_Damage,L3_S1,-1880,1232,15418,-153,32,-119,0,552.77
3927,20:20:06:794,3,Severe_Damage,L3_S1,-1856,1188,15424,-339,21,-148,0,558.77
3928,20:20:06:804,3,Severe_Damage,L3_S1,-1858,1198,15278,-522,13,-169,0,412.77
3929,20:20:06:814,3,Severe_Damage,L3_S1,-1872,1154,15092,-660,15,-195,0,226.77
3930,20:20:06:824,3,Severe_Damage,L3_S1,-1774,1120,15002,-764,9,-205,0,136.77
3931,20:20:06:834,3,Severe_Damage,L3_S1,-1754,1114,14774,-793,19,-214,0,-91.23
3932,20:20:06:844,3,Severe_Damage,L3_S1,-1738,1052,14636,-782,14,-212,0,-229.23
3933,20:20:06:854,3,Severe_Damage,L3_S1,-1786,1068,14528,-701,15,-207,0,-337.23
3934,20:20:06:864,3,Severe_Damage,L3_S1,-1766,1050,14372,-586,17,-187,0,-493.23
3935,20:20:06:874,3,Severe_Damage,L3_S1,-1774,1004,14362,-419,19,-152,0,-503.23
3936,20:20:06:884,3,Severe_Damage,L3_S1,-1740,968,14298,-242,36,-127,0,-567.23
3937,20:20:06:893,3,Severe_Damage,L3_S1,-1738,960,14388,-58,29,-96,0,-477.23
3938,20:20:06:904,3,Severe_Damage,L3_S1,-1740,1010,14402,122,44,-68,0,-463.23
3939,20:20:06:913,3,Severe_Damage,L3_S1,-1762,1028,14624,253,48,-54,0,-241.23
3940,20:20:06:923,3,Severe_Damage,L3_S1,-1770,1056,14784,355,51,-38,0,-81.23
3941,20:20:06:934,3,Severe_Damage,L3_S1,-1834,1124,14946,382,50,-31,0,80.77
3942,20:20:06:943,3,Severe_Damage,L3_S1,-1818,1156,15010,375,41,-28,0,144.77
3943,20:20:06:953,3,Severe_Damage,L3_S1,-1830,1186,15252,305,46,-40,0,386.77
3944,20:20:06:963,3,Severe_Damage,L3_S1,-1828,1204,15342,188,33,-52,0,476.77
3945,20:20:06:973,3,Severe_Damage,L3_S1,-1838,1186,15418,43,34,-95,0,552.77
3946,20:20:06:984,3,Severe_Damage,L3_S1,-1832,1236,15410,-138,27,-115,0,544.77
3947,20:20:06:994,3,Severe_Damage,L3_S1,-1900,1180,15364,-311,28,-141,0,498.77
3948,20:20:07:004,3,Severe_Damage,L3_S1,-1740,1172,15288,-474,19,-165,0,422.77
3949,20:20:07:014,3,Severe_Damage,L3_S1,-1936,1262,15164,-620,7,-180,0,298.77
3950,20:20:07:024,3,Severe_Damage,L3_S1,-1698,988,14966,-694,26,-208,0,100.77
3951,20:20:07:034,3,Severe_Damage,L3_S1,-1780,1154,14814,-741,13,-195,0,-51.23
3952,20:20:07:044,3,Severe_Damage,L3_S1,-1804,1080,14588,-732,-1,-202,0,-277.23
3953,20:20:07:054,3,Severe_Damage,L3_S1,-1604,1066,14602,-662,38,-204,0,-263.23
3954,20:20:07:064,3,Severe_Damage,L3_S1,-1822,996,14398,-558,-4,-159,0,-467.23
3955,20:20:07:074,3,Severe_Damage,L3_S1,-1682,960,14398,-419,36,-161,0,-467.23
3956,20:20:07:084,3,Severe_Damage,L3_S1,-1718,1032,14306,-247,17,-126,0,-559.23
3957,20:20:07:093,3,Severe_Damage,L3_S1,-1758,982,14450,-92,24,-99,0,-415.23
3958,20:20:07:103,3,Severe_Damage,L3_S1,-1672,1050,14486,89,74,-89,0,-379.23
3959,20:20:07:113,3,Severe_Damage,L3_S1,-1822,1032,14588,189,7,-50,0,-277.23
3960,20:20:07:124,3,Severe_Damage,L3_S1,-1742,1090,14704,310,80,-48,0,-161.23
3961,20:20:07:134,3,Severe_Damage,L3_S1,-1796,1070,14914,329,22,-36,0,48.77
3962,20:20:07:144,3,Severe_Damage,L3_S1,-1876,1164,15030,325,51,-32,0,164.77
3963,20:20:07:154,3,Severe_Damage,L3_S1,-1814,1212,15170,263,49,-52,0,304.77
3964,20:20:07:164,3,Severe_Damage,L3_S1,-1914,1158,15212,166,29,-60,0,346.77
3965,20:20:07:173,3,Severe_Damage,L3_S1,-1894,1238,15342,30,62,-90,0,476.77
3966,20:20:07:184,3,Severe_Damage,L3_S1,-1892,1182,15328,-130,19,-114,0,462.77
3967,20:20:07:194,3,Severe_Damage,L3_S1,-1864,1226,15314,-290,45,-138,0,448.77
3968,20:20:07:204,3,Severe_Damage,L3_S1,-1826,1152,15256,-435,24,-161,0,390.77
3969,20:20:07:214,3,Severe_Damage,L3_S1,-1886,1148,15134,-565,5,-174,0,268.77
3970,20:20:07:224,3,Severe_Damage,L3_S1,-1850,1110,15036,-651,33,-194,0,170.77
3971,20:20:07:234,3,Severe_Damage,L3_S1,-1810,1108,14862,-692,2,-200,0,-3.23
3972,20:20:07:244,3,Severe_Damage,L3_S1,-1734,1072,14718,-696,23,-196,0,-147.23
3973,20:20:07:254,3,Severe_Damage,L3_S1,-1756,1064,14576,-629,13,-189,0,-289.23
3974,20:20:07:264,3,Severe_Damage,L3_S1,-1664,1006,14492,-541,21,-180,0,-373.23
3975,20:20:07:274,3,Severe_Damage,L3_S1,-1724,1046,14428,-398,28,-152,0,-437.23
3976,20:20:07:284,3,Severe_Damage,L3_S1,-1742,1064,14468,-257,15,-129,0,-397.23
3977,20:20:07:294,3,Severe_Damage,L3_S1,-1676,1000,14424,-101,36,-111,0,-441.23
3978,20:20:07:304,3,Severe_Damage,L3_S1,-1842,1068,14506,39,26,-78,0,-359.23
3979,20:20:07:314,3,Severe_Damage,L3_S1,-1720,1074,14648,170,49,-69,0,-217.23
3980,20:20:07:324,3,Severe_Damage,L3_S1,-1752,1042,14750,244,46,-55,0,-115.23
3981,20:20:07:334,3,Severe_Damage,L3_S1,-1908,1162,14910,278,28,-37,0,44.77
3982,20:20:07:344,3,Severe_Damage,L3_S1,-1734,1092,15076,293,64,-55,0,210.77
3983,20:20:07:354,3,Severe_Damage,L3_S1,-1840,1196,15072,224,30,-44,0,206.77
3984,20:20:07:364,3,Severe_Damage,L3_S1,-1902,1188,15192,147,45,-69,0,326.77
3985,20:20:07:374,3,Severe_Damage,L3_S1,-1752,1164,15286,25,43,-102,0,420.77
3986,20:20:07:384,3,Severe_Damage,L3_S1,-1934,1198,15234,-120,15,-107,0,368.77
3987,20:20:07:394,3,Severe_Damage,L3_S1,-1826,1124,15266,-270,55,-141,0,400.77
3988,20:20:07:404,3,Severe_Damage,L3_S1,-1822,1144,15170,-405,10,-148,0,304.77
3989,20:20:07:414,3,Severe_Damage,L3_S1,-1840,1176,15120,-527,16,-176,0,254.77
3990,20:20:07:424,3,Severe_Damage,L3_S1,-1754,1170,15004,-587,33,-192,0,138.77
3991,20:20:07:434,3,Severe_Damage,L3_S1,-1800,1114,14868,-661,-10,-190,0,2.77
3992,20:20:07:444,3,Severe_Damage,L3_S1,-1746,1114,14672,-634,35,-202,0,-193.23
3993,20:20:07:454,3,Severe_Damage,L3_S1,-1740,996,14616,-603,10,-190,0,-249.23
3994,20:20:07:464,3,Severe_Damage,L3_S1,-1790,1050,14542,-512,15,-170,0,-323.23
3995,20:20:07:474,3,Severe_Damage,L3_S1,-1670,1008,14496,-396,30,-157,0,-369.23
3996,20:20:07:484,3,Severe_Damage,L3_S1,-1758,1046,14438,-267,4,-134,0,-427.23
3997,20:20:07:494,3,Severe_Damage,L3_S1,-1712,1060,14464,-126,48,-114,0,-401.23
3998,20:20:07:503,3,Severe_Damage,L3_S1,-1732,1008,14548,10,17,-90,0,-317.23
3999,20:20:07:514,3,Severe_Damage,L3_S1,-1762,1114,14624,121,53,-67,0,-241.23
4000,20:20:07:524,3,Severe_Damage,L3_S1,-1730,1046,14792,208,42,-60,0,-73.23
4001,20:20:07:534,3,Severe_Damage,L3_S1,-1810,1146,14920,244,24,-44,0,54.77
4002,20:20:07:544,3,Severe_Damage,L3_S1,-1830,1130,14996,249,51,-54,0,130.77
4003,20:20:07:554,3,Severe_Damage,L3_S1,-1856,1182,15112,199,23,-55,0,246.77
4004,20:20:07:564,3,Severe_Damage,L3_S1,-1846,1162,15110,124,46,-68,0,244.77
4005,20:20:07:573,3,Severe_Damage,L3_S1,-1860,1220,15322,5,24,-82,0,456.77
4006,20:20:07:584,3,Severe_Damage,L3_S1,-1890,1194,15300,-108,42,-106,0,434.77
4007,20:20:07:594,3,Severe_Damage,L3_S1,-1868,1172,15280,-253,27,-133,0,414.77
4008,20:20:07:604,3,Severe_Damage,L3_S1,-1834,1156,15170,-374,23,-145,0,304.77
4009,20:20:07:614,3,Severe_Damage,L3_S1,-1816,1158,15114,-496,24,-165,0,248.77
4010,20:20:07:624,3,Severe_Damage,L3_S1,-1836,1204,14992,-558,16,-175,0,126.77
4011,20:20:07:634,3,Severe_Damage,L3_S1,-1804,1098,14764,-610,14,-186,0,-101.23
4012,20:20:07:644,3,Severe_Damage,L3_S1,-1714,1064,14738,-602,21,-187,0,-127.23
4013,20:20:07:654,3,Severe_Damage,L3_S1,-1792,1092,14676,-571,13,-175,0,-189.23
4014,20:20:07:664,3,Severe_Damage,L3_S1,-1756,1010,14570,-488,28,-163,0,-295.23
4015,20:20:07:674,3,Severe_Damage,L3_S1,-1778,1034,14452,-387,14,-151,0,-413.23
4016,20:20:07:684,3,Severe_Damage,L3_S1,-1790,1042,14514,-256,32,-133,0,-351.23
4017,20:20:07:694,3,Severe_Damage,L3_S1,-1748,1048,14486,-143,31,-114,0,-379.23
4018,20:20:07:704,3,Severe_Damage,L3_S1,-1702,1046,14556,-22,33,-87,0,-309.23
4019,20:20:07:714,3,Severe_Damage,L3_S1,-1774,1044,14654,87,47,-73,0,-211.23
4020,20:20:07:724,3,Severe_Damage,L3_S1,-1762,1052,14722,164,36,-69,0,-143.23
4021,20:20:07:734,3,Severe_Damage,L3_S1,-1808,1128,14848,207,46,-57,0,-17.23
4022,20:20:07:744,3,Severe_Damage,L3_S1,-1822,1090,14932,208,34,-60,0,66.77
4023,20:20:07:754,3,Severe_Damage,L3_S1,-1792,1122,15108,175,42,-61,0,242.77
4024,20:20:07:764,3,Severe_Damage,L3_S1,-1840,1142,15156,103,34,-73,0,290.77
4025,20:20:07:774,3,Severe_Damage,L3_S1,-1882,1168,15208,9,34,-90,0,342.77
4026,20:20:07:784,3,Severe_Damage,L3_S1,-1880,1202,15156,-115,34,-110,0,290.77
4027,20:20:07:794,3,Severe_Damage,L3_S1,-1866,1248,15158,-229,32,-127,0,292.77
4028,20:20:07:804,3,Severe_Damage,L3_S1,-1822,1146,15166,-360,30,-148,0,300.77
4029,20:20:07:814,3,Severe_Damage,L3_S1,-1804,1158,15080,-444,19,-160,0,214.77
4030,20:20:07:824,3,Severe_Damage,L3_S1,-1792,1150,14972,-527,16,-168,0,106.77
4031,20:20:07:834,3,Severe_Damage,L3_S1,-1814,1094,14850,-572,20,-181,0,-15.23
4032,20:20:07:844,3,Severe_Damage,L3_S1,-1758,1104,14756,-581,13,-179,0,-109.23
4033,20:20:07:854,3,Severe_Damage,L3_S1,-1768,1090,14676,-533,28,-173,0,-189.23
4034,20:20:07:864,3,Severe_Damage,L3_S1,-1744,1036,14676,-478,15,-168,0,-189.23
4035,20:20:07:874,3,Severe_Damage,L3_S1,-1754,1036,14574,-384,28,-157,0,-291.23
4036,20:20:07:884,3,Severe_Damage,L3_S1,-1728,1046,14574,-271,25,-142,0,-291.23
4037,20:20:07:894,3,Severe_Damage,L3_S1,-1728,1044,14532,-159,21,-116,0,-333.23
4038,20:20:07:904,3,Severe_Damage,L3_S1,-1730,1070,14638,-38,35,-98,0,-227.23
4039,20:20:07:914,3,Severe_Damage,L3_S1,-1794,1052,14648,56,32,-75,0,-217.23
4040,20:20:07:924,3,Severe_Damage,L3_S1,-1742,1062,14750,136,44,-69,0,-115.23
4041,20:20:07:934,3,Severe_Damage,L3_S1,-1796,1112,14854,165,34,-65,0,-11.23
4042,20:20:07:944,3,Severe_Damage,L3_S1,-1826,1158,15000,178,43,-62,0,134.77
4043,20:20:07:954,3,Severe_Damage,L3_S1,-1802,1100,15086,144,41,-72,0,220.77
4044,20:20:07:964,3,Severe_Damage,L3_S1,-1834,1160,15112,83,40,-81,0,246.77
4045,20:20:07:974,3,Severe_Damage,L3_S1,-1852,1142,15150,-11,38,-103,0,284.77
4046,20:20:07:984,3,Severe_Damage,L3_S1,-1882,1196,15114,-114,32,-114,0,248.77
4047,20:20:07:994,3,Severe_Damage,L3_S1,-1846,1208,15188,-227,31,-121,0,322.77
4048,20:20:08:004,3,Severe_Damage,L3_S1,-1838,1146,15154,-332,29,-143,0,288.77
4049,20:20:08:014,3,Severe_Damage,L3_S1,-1826,1116,15070,-428,20,-152,0,204.77
4050,20:20:08:024,3,Severe_Damage,L3_S1,-1832,1084,14980,-497,27,-164,0,114.77
4051,20:20:08:034,3,Severe_Damage,L3_S1,-1788,1106,14840,-537,12,-172,0,-25.23
4052,20:20:08:044,3,Severe_Damage,L3_S1,-1760,1054,14800,-541,21,-172,0,-65.23
4053,20:20:08:054,3,Severe_Damage,L3_S1,-1796,1084,14658,-512,13,-174,0,-207.23
4054,20:20:08:064,3,Severe_Damage,L3_S1,-1732,1066,14658,-453,26,-172,0,-207.23
4055,20:20:08:074,3,Severe_Damage,L3_S1,-1804,1080,14586,-372,21,-151,0,-279.23
4056,20:20:08:084,3,Severe_Damage,L3_S1,-1756,1030,14598,-269,38,-133,0,-267.23
4057,20:20:08:094,3,Severe_Damage,L3_S1,-1762,1022,14574,-168,29,-113,0,-291.23
4058,20:20:08:104,3,Severe_Damage,L3_S1,-1788,1054,14572,-59,40,-97,0,-293.23
4059,20:20:08:114,3,Severe_Damage,L3_S1,-1708,1100,14670,28,32,-88,0,-195.23
4060,20:20:08:124,3,Severe_Damage,L3_S1,-1762,1108,14752,97,39,-75,0,-113.23
4061,20:20:08:134,3,Severe_Damage,L3_S1,-1782,1106,14854,135,39,-72,0,-11.23
4062,20:20:08:144,3,Severe_Damage,L3_S1,-1778,1138,15016,147,42,-67,0,150.77
4063,20:20:08:154,3,Severe_Damage,L3_S1,-1844,1126,15038,121,39,-69,0,172.77
4064,20:20:08:164,3,Severe_Damage,L3_S1,-1810,1102,15102,65,41,-84,0,236.77
4065,20:20:08:174,3,Severe_Damage,L3_S1,-1834,1146,15040,-11,35,-96,0,174.77
4066,20:20:08:184,3,Severe_Damage,L3_S1,-1842,1192,15122,-213,26,-125,0,256.77
4067,20:20:08:194,3,Severe_Damage,L3_S1,-1846,1164,15124,-318,23,-144,0,258.77
4068,20:20:08:204,3,Severe_Damage,L3_S1,-1780,1154,15110,-395,30,-155,0,244.77
4069,20:20:08:214,3,Severe_Damage,L3_S1,-1848,1120,15028,-472,17,-162,0,162.77
4070,20:20:08:224,3,Severe_Damage,L3_S1,-1826,1164,14904,-489,32,-171,0,38.77
4071,20:20:08:234,3,Severe_Damage,L3_S1,-1794,1078,14808,-521,13,-173,0,-57.23
4072,20:20:08:244,3,Severe_Damage,L3_S1,-1780,1044,14676,-474,28,-167,0,-189.23
4073,20:20:08:254,3,Severe_Damage,L3_S1,-1774,1068,14690,-447,21,-168,0,-175.23
4074,20:20:08:264,3,Severe_Damage,L3_S1,-1772,1062,14596,-354,21,-147,0,-269.23
4075,20:20:08:274,3,Severe_Damage,L3_S1,-1774,1034,14602,-275,21,-134,0,-263.23
4076,20:20:08:284,3,Severe_Damage,L3_S1,-1772,1088,14584,-165,27,-113,0,-281.23
4077,20:20:08:294,3,Severe_Damage,L3_S1,-1786,1078,14596,-90,26,-104,0,-269.23
4078,20:20:08:304,3,Severe_Damage,L3_S1,-1760,1080,14642,5,46,-95,0,-223.23
4079,20:20:08:314,3,Severe_Damage,L3_S1,-1758,1144,14776,57,32,-81,0,-89.23
4080,20:20:08:324,3,Severe_Damage,L3_S1,-1746,1106,14852,105,42,-72,0,-13.23
4081,20:20:08:334,3,Severe_Damage,L3_S1,-1826,1148,14932,113,43,-74,0,66.77
4082,20:20:08:344,3,Severe_Damage,L3_S1,-1786,1128,15026,88,39,-73,0,160.77
4083,20:20:08:354,3,Severe_Damage,L3_S1,-1862,1118,15072,37,33,-85,0,206.77
4084,20:20:08:364,3,Severe_Damage,L3_S1,-1874,1172,15140,-26,32,-97,0,274.77
4085,20:20:08:374,3,Severe_Damage,L3_S1,-1870,1144,15134,-104,30,-105,0,268.77
4086,20:20:08:384,3,Severe_Damage,L3_S1,-1780,1178,15110,-203,30,-127,0,244.77
4087,20:20:08:394,3,Severe_Damage,L3_S1,-1832,1184,15088,-288,25,-135,0,222.77
4088,20:20:08:404,3,Severe_Damage,L3_S1,-1798,1118,15038,-380,22,-147,0,172.77
4089,20:20:08:414,3,Severe_Damage,L3_S1,-1798,1152,14988,-427,25,-159,0,122.77
4090,20:20:08:424,3,Severe_Damage,L3_S1,-1788,1200,14926,-482,28,-166,0,60.77
4091,20:20:08:434,3,Severe_Damage,L3_S1,-1786,1110,14820,-483,21,-160,0,-45.23
4092,20:20:08:444,3,Severe_Damage,L3_S1,-1822,1092,14740,-471,28,-163,0,-125.23
4093,20:20:08:454,3,Severe_Damage,L3_S1,-1776,1028,14632,-413,26,-157,0,-233.23
4094,20:20:08:464,3,Severe_Damage,L3_S1,-1734,1038,14660,-357,30,-147,0,-205.23
4095,20:20:08:474,3,Severe_Damage,L3_S1,-1814,1032,14580,-270,29,-135,0,-285.23
4096,20:20:08:484,3,Severe_Damage,L3_S1,-1782,1072,14562,-181,34,-126,0,-303.23
4097,20:20:08:494,3,Severe_Damage,L3_S1,-1818,1108,14686,-95,27,-111,0,-179.23
4098,20:20:08:504,3,Severe_Damage,L3_S1,-1784,1080,14768,-15,38,-99,0,-97.23
4099,20:20:08:514,3,Severe_Damage,L3_S1,-1806,1092,14848,41,37,-82,0,-17.23
4100,20:20:08:524,3,Severe_Damage,L3_S1,-1824,1148,14878,80,41,-72,0,12.77
4101,20:20:08:534,3,Severe_Damage,L3_S1,-1800,1128,14934,85,41,-73,0,68.77
4102,20:20:08:544,3,Severe_Damage,L3_S1,-1816,1130,15040,77,40,-76,0,174.77
4103,20:20:08:554,3,Severe_Damage,L3_S1,-1828,1172,15006,30,43,-85,0,140.77
4104,20:20:08:564,3,Severe_Damage,L3_S1,-1814,1138,15178,-30,41,-95,0,312.77
4105,20:20:08:574,3,Severe_Damage,L3_S1,-1858,1154,15076,-115,28,-109,0,210.77
4106,20:20:08:584,3,Severe_Damage,L3_S1,-1838,1154,15124,-190,30,-123,0,258.77
4107,20:20:08:594,3,Severe_Damage,L3_S1,-1828,1146,15122,-282,28,-135,0,256.77
4108,20:20:08:604,3,Severe_Damage,L3_S1,-1896,1162,15004,-355,21,-139,0,138.77
4109,20:20:08:614,3,Severe_Damage,L3_S1,-1852,1120,14966,-412,21,-155,0,100.77
4110,20:20:08:624,3,Severe_Damage,L3_S1,-1778,1164,14870,-448,15,-156,0,4.77
4111,20:20:08:634,3,Severe_Damage,L3_S1,-1798,1144,14864,-455,22,-164,0,-1.23
4112,20:20:08:644,3,Severe_Damage,L3_S1,-1760,1052,14772,-443,21,-161,0,-93.23
4113,20:20:08:654,3,Severe_Damage,L3_S1,-1800,1056,14638,-401,20,-150,0,-227.23
4114,20:20:08:664,3,Severe_Damage,L3_S1,-1738,1022,14706,-348,26,-146,0,-159.23
4115,20:20:08:674,3,Severe_Damage,L3_S1,-1826,1026,14618,-260,26,-132,0,-247.23
4116,20:20:08:684,3,Severe_Damage,L3_S1,-1798,1014,14640,-181,29,-120,0,-225.23
4117,20:20:08:694,3,Severe_Damage,L3_S1,-1772,1042,14658,-97,30,-104,0,-207.23
4118,20:20:08:704,3,Severe_Damage,L3_S1,-1764,1064,14658,-36,36,-95,0,-207.23
4119,20:20:08:714,3,Severe_Damage,L3_S1,-1768,1032,14800,15,36,-85,0,-65.23
4120,20:20:08:724,3,Severe_Damage,L3_S1,-1804,1086,14866,49,39,-84,0,0.77
4121,20:20:08:734,3,Severe_Damage,L3_S1,-1818,1096,14876,64,38,-78,0,10.77
4122,20:20:08:744,3,Severe_Damage,L3_S1,-1812,1152,14986,50,39,-82,0,120.77
4123,20:20:08:754,3,Severe_Damage,L3_S1,-1794,1134,15094,14,34,-89,0,228.77
4124,20:20:08:764,3,Severe_Damage,L3_S1,-1796,1146,15064,-45,34,-99,0,198.77
4125,20:20:08:774,3,Severe_Damage,L3_S1,-1852,1146,15140,-114,28,-108,0,274.77
4126,20:20:08:784,3,Severe_Damage,L3_S1,-1848,1152,15082,-192,26,-120,0,216.77
4127,20:20:08:794,3,Severe_Damage,L3_S1,-1886,1132,14976,-268,28,-130,0,110.77
4128,20:20:08:804,3,Severe_Damage,L3_S1,-1806,1146,14950,-335,22,-142,0,84.77
4129,20:20:08:815,3,Severe_Damage,L3_S1,-1822,1138,14948,-392,21,-153,0,82.77
4130,20:20:08:824,3,Severe_Damage,L3_S1,-1816,1148,14942,-422,20,-165,0,76.77
4131,20:20:08:834,3,Severe_Damage,L3_S1,-1808,1094,14834,-435,19,-160,0,-31.23
4132,20:20:08:844,3,Severe_Damage,L3_S1,-1752,1094,14780,-424,22,-165,0,-85.23
4133,20:20:08:854,3,Severe_Damage,L3_S1,-1760,1092,14646,-392,18,-152,0,-219.23
4134,20:20:08:864,3,Severe_Damage,L3_S1,-1780,1054,14658,-336,28,-146,0,-207.23
4135,20:20:08:874,3,Severe_Damage,L3_S1,-1784,1072,14716,-269,30,-140,0,-149.23
4136,20:20:08:884,3,Severe_Damage,L3_S1,-1724,1102,14664,-199,31,-118,0,-201.23
4137,20:20:08:894,3,Severe_Damage,L3_S1,-1722,1054,14684,-124,35,-105,0,-181.23
4138,20:20:08:904,3,Severe_Damage,L3_S1,-1764,1066,14708,-56,33,-96,0,-157.23
4139,20:20:08:914,3,Severe_Damage,L3_S1,-1776,1092,14798,-4,38,-90,0,-67.23
4140,20:20:08:924,3,Severe_Damage,L3_S1,-1784,1084,14798,28,35,-86,0,-67.23
4141,20:20:08:934,3,Severe_Damage,L3_S1,-1820,1078,14842,47,37,-80,0,-23.23
4142,20:20:08:944,3,Severe_Damage,L3_S1,-1818,1084,14958,33,33,-83,0,92.77
4143,20:20:08:954,3,Severe_Damage,L3_S1,-1828,1112,14962,3,30,-88,0,96.77
4144,20:20:08:964,3,Severe_Damage,L3_S1,-1860,1144,15050,-54,28,-104,0,184.77
4145,20:20:08:974,3,Severe_Damage,L3_S1,-1850,1142,15070,-111,29,-111,0,204.77
4146,20:20:08:984,3,Severe_Damage,L3_S1,-1840,1122,15088,-189,29,-121,0,222.77
4147,20:20:08:994,3,Severe_Damage,L3_S1,-1792,1126,15054,-252,33,-132,0,188.77
4148,20:20:09:004,3,Severe_Damage,L3_S1,-1820,1154,15002,-320,25,-141,0,136.77
4149,20:20:09:014,3,Severe_Damage,L3_S1,-1810,1114,14934,-368,24,-146,0,68.77
4150,20:20:09:024,3,Severe_Damage,L3_S1,-1826,1106,14894,-398,25,-157,0,28.77
4151,20:20:09:034,3,Severe_Damage,L3_S1,-1800,1148,14770,-411,27,-153,0,-95.23
4152,20:20:09:044,3,Severe_Damage,L3_S1,-1826,1064,14752,-403,27,-157,0,-113.23
4153,20:20:09:054,3,Severe_Damage,L3_S1,-1760,1116,14690,-375,34,-152,0,-175.23
4154,20:20:09:064,3,Severe_Damage,L3_S1,-1780,1052,14676,-325,22,-140,0,-189.23
4155,20:20:09:074,3,Severe_Damage,L3_S1,-1774,1044,14692,-265,25,-132,0,-173.23
4156,20:20:09:084,3,Severe_Damage,L3_S1,-1786,1072,14722,-200,27,-124,0,-143.23
4157,20:20:09:094,3,Severe_Damage,L3_S1,-1828,1064,14678,-134,29,-107,0,-187.23
4158,20:20:09:104,3,Severe_Damage,L3_S1,-1750,1116,14732,-66,31,-105,0,-133.23
4159,20:20:09:114,3,Severe_Damage,L3_S1,-1782,1148,14864,-21,37,-98,0,-1.23
4160,20:20:09:124,3,Severe_Damage,L3_S1,-1778,1128,14860,13,38,-89,0,-5.23
4161,20:20:09:134,3,Severe_Damage,L3_S1,-1796,1072,14924,20,34,-92,0,58.77
4162,20:20:09:144,3,Severe_Damage,L3_S1,-1822,1082,14920,8,35,-93,0,54.77
4163,20:20:09:154,3,Severe_Damage,L3_S1,-1788,1114,15018,-14,35,-104,0,152.77
4164,20:20:09:164,3,Severe_Damage,L3_S1,-1844,1144,15018,-65,33,-104,0,152.77
4165,20:20:09:175,3,Severe_Damage,L3_S1,-1816,1152,15042,-116,27,-107,0,176.77
4166,20:20:09:184,3,Severe_Damage,L3_S1,-1798,1136,15140,-183,25,-122,0,274.77
4167,20:20:09:195,3,Severe_Damage,L3_S1,-1832,1144,15074,-248,24,-129,0,208.77
4168,20:20:09:205,3,Severe_Damage,L3_S1,-1788,1172,14972,-303,24,-135,0,106.77
4169,20:20:09:214,3,Severe_Damage,L3_S1,-1798,1064,14974,-357,18,-141,0,108.77
4170,20:20:09:225,3,Severe_Damage,L3_S1,-1778,1090,14952,-379,23,-151,0,86.77
4171,20:20:09:235,3,Severe_Damage,L3_S1,-1772,1116,14802,-397,19,-158,0,-63.23
4172,20:20:09:245,3,Severe_Damage,L3_S1,-1764,1116,14734,-382,22,-149,0,-131.23
4173,20:20:09:255,3,Severe_Damage,L3_S1,-1810,1056,14692,-356,30,-139,0,-173.23
4174,20:20:09:265,3,Severe_Damage,L3_S1,-1762,1056,14660,-311,27,-144,0,-205.23
4175,20:20:09:274,3,Severe_Damage,L3_S1,-1796,1040,14668,-258,30,-132,0,-197.23
4176,20:20:09:285,3,Severe_Damage,L3_S1,-1720,1036,14778,-204,27,-124,0,-87.23
4177,20:20:09:295,3,Severe_Damage,L3_S1,-1792,1036,14724,-137,31,-109,0,-141.23
4178,20:20:09:304,3,Severe_Damage,L3_S1,-1824,1068,14758,-79,39,-102,0,-107.23
4179,20:20:09:314,3,Severe_Damage,L3_S1,-1766,1100,14770,-38,38,-96,0,-95.23
4180,20:20:09:324,3,Severe_Damage,L3_S1,-1844,1098,14918,-8,33,-84,0,52.77
4181,20:20:09:334,3,Severe_Damage,L3_S1,-1798,1130,14872,2,36,-98,0,6.77
4182,20:20:09:344,3,Severe_Damage,L3_S1,-1784,1154,14990,-7,38,-93,0,124.77
4183,20:20:09:354,3,Severe_Damage,L3_S1,-1854,1116,15040,-27,36,-99,0,174.77
4184,20:20:09:364,3,Severe_Damage,L3_S1,-1790,1192,15114,-68,34,-100,0,248.77
4185,20:20:09:375,3,Severe_Damage,L3_S1,-1824,1146,15062,-118,26,-100,0,196.77
4186,20:20:09:385,3,Severe_Damage,L3_S1,-1818,1118,14972,-175,24,-120,0,106.77
4187,20:20:09:394,3,Severe_Damage,L3_S1,-1838,1174,15016,-237,29,-127,0,150.77
4188,20:20:09:405,3,Severe_Damage,L3_S1,-1820,1080,15028,-291,22,-132,0,162.77
4189,20:20:09:415,3,Severe_Damage,L3_S1,-1780,1146,14886,-336,29,-153,0,20.77
4190,20:20:09:425,3,Severe_Damage,L3_S1,-1792,1152,14858,-371,29,-152,0,-7.23
4191,20:20:09:435,3,Severe_Damage,L3_S1,-1830,1092,14820,-383,28,-148,0,-45.23
4192,20:20:09:445,3,Severe_Damage,L3_S1,-1802,1062,14844,-371,23,-147,0,-21.23
4193,20:20:09:455,3,Severe_Damage,L3_S1,-1828,1098,14744,-343,24,-144,0,-121.23
4194,20:20:09:465,3,Severe_Damage,L3_S1,-1756,1090,14742,-308,32,-146,0,-123.23
4195,20:20:09:474,3,Severe_Damage,L3_S1,-1708,1078,14684,-259,27,-134,0,-181.23
4196,20:20:09:485,3,Severe_Damage,L3_S1,-1820,1130,14738,-196,32,-128,0,-127.23
4197,20:20:09:494,3,Severe_Damage,L3_S1,-1736,1068,14680,-149,27,-118,0,-185.23
4198,20:20:09:504,3,Severe_Damage,L3_S1,-1762,1076,14680,-93,32,-104,0,-185.23
4199,20:20:09:514,3,Severe_Damage,L3_S1,-1780,1084,14840,-59,29,-100,0,-25.23
4200,20:20:09:524,3,Severe_Damage,L3_S1,-1774,1144,14918,-31,31,-97,0,52.77
4201,20:20:09:534,3,Severe_Damage,L3_S1,-1740,1082,14998,-9,37,-93,0,132.77
4202,20:20:09:544,3,Severe_Damage,L3_S1,-1820,1086,14894,-18,38,-93,0,28.77
4203,20:20:09:554,3,Severe_Damage,L3_S1,-1776,1144,14946,-38,36,-99,0,80.77
4204,20:20:09:564,3,Severe_Damage,L3_S1,-1846,1148,15004,-74,42,-95,0,138.77
4205,20:20:09:575,3,Severe_Damage,L3_S1,-1880,1122,15042,-121,31,-111,0,176.77
4206,20:20:09:585,3,Severe_Damage,L3_S1,-1814,1126,15040,-177,35,-120,0,174.77
4207,20:20:09:595,3,Severe_Damage,L3_S1,-1818,1128,15056,-232,20,-124,0,190.77
4208,20:20:09:605,3,Severe_Damage,L3_S1,-1824,1140,14954,-284,30,-133,0,88.77
4209,20:20:09:615,3,Severe_Damage,L3_S1,-1810,1148,14904,-332,19,-138,0,38.77
4210,20:20:09:625,3,Severe_Damage,L3_S1,-1784,1118,14832,-352,29,-146,0,-33.23
4211,20:20:09:635,3,Severe_Damage,L3_S1,-1808,1082,14872,-359,20,-147,0,6.77
4212,20:20:09:645,3,Severe_Damage,L3_S1,-1770,1080,14772,-354,21,-149,0,-93.23
4213,20:20:09:655,3,Severe_Damage,L3_S1,-1748,1110,14778,-339,20,-140,0,-87.23
4214,20:20:09:665,3,Severe_Damage,L3_S1,-1782,1088,14720,-306,28,-144,0,-145.23
4215,20:20:09:675,3,Severe_Damage,L3_S1,-1768,1102,14698,-255,33,-133,0,-167.23
4216,20:20:09:685,3,Severe_Damage,L3_S1,-1788,1090,14800,-207,33,-122,0,-65.23
4217,20:20:09:695,3,Severe_Damage,L3_S1,-1788,1064,14720,-157,36,-113,0,-145.23
4218,20:20:09:705,3,Severe_Damage,L3_S1,-1776,1094,14702,-112,35,-107,0,-163.23
4219,20:20:09:714,3,Severe_Damage,L3_S1,-1736,1122,14778,-71,34,-95,0,-87.23
4220,20:20:09:724,3,Severe_Damage,L3_S1,-1756,1098,14764,-43,31,-91,0,-101.23
4221,20:20:09:734,3,Severe_Damage,L3_S1,-1788,1124,14846,-30,30,-90,0,-19.23
4222,20:20:09:744,3,Severe_Damage,L3_S1,-1762,1110,14870,-34,35,-92,0,4.77
4223,20:20:09:755,3,Severe_Damage,L3_S1,-1756,1144,14976,-48,35,-89,0,110.77
4224,20:20:09:765,3,Severe_Damage,L3_S1,-1826,1144,14952,-89,36,-103,0,86.77
4225,20:20:09:775,3,Severe_Damage,L3_S1,-1830,1144,14994,-127,36,-111,0,128.77
4226,20:20:09:785,3,Severe_Damage,L3_S1,-1780,1152,15046,-178,28,-117,0,180.77
4227,20:20:09:795,3,Severe_Damage,L3_S1,-1782,1150,14946,-224,29,-129,0,80.77
4228,20:20:09:805,3,Severe_Damage,L3_S1,-1804,1096,14992,-270,25,-135,0,126.77
4229,20:20:09:815,3,Severe_Damage,L3_S1,-1820,1124,14938,-307,29,-139,0,72.77
4230,20:20:09:825,3,Severe_Damage,L3_S1,-1760,1130,14922,-332,27,-147,0,56.77
4231,20:20:09:835,3,Severe_Damage,L3_S1,-1780,1108,14850,-345,21,-138,0,-15.23
4232,20:20:09:845,3,Severe_Damage,L3_S1,-1788,1112,14736,-341,20,-146,0,-129.23
4233,20:20:09:855,3,Severe_Damage,L3_S1,-1796,1088,14776,-322,28,-143,0,-89.23
4234,20:20:09:865,3,Severe_Damage,L3_S1,-1810,1064,14752,-298,24,-140,0,-113.23
4235,20:20:09:875,3,Severe_Damage,L3_S1,-1740,1104,14674,-250,34,-132,0,-191.23
4236,20:20:09:885,3,Severe_Damage,L3_S1,-1788,1040,14698,-208,25,-122,0,-167.23
4237,20:20:09:895,3,Severe_Damage,L3_S1,-1796,1102,14714,-155,40,-117,0,-151.23
4238,20:20:09:905,3,Severe_Damage,L3_S1,-1834,1082,14822,-118,33,-108,0,-43.23
4239,20:20:09:915,3,Severe_Damage,L3_S1,-1788,1104,14754,-79,28,-104,0,-111.23
4240,20:20:09:924,3,Severe_Damage,L3_S1,-1846,1060,14822,-55,33,-96,0,-43.23
4241,20:20:09:935,3,Severe_Damage,L3_S1,-1790,1078,14910,-45,36,-95,0,44.77
4242,20:20:09:945,3,Severe_Damage,L3_S1,-1838,1106,14864,-46,39,-95,0,-1.23
4243,20:20:09:955,3,Severe_Damage,L3_S1,-1834,1104,15012,-66,34,-94,0,146.77
4244,20:20:09:965,3,Severe_Damage,L3_S1,-1840,1122,14984,-99,31,-103,0,118.77
4245,20:20:09:975,3,Severe_Damage,L3_S1,-1838,1160,14976,-134,38,-113,0,110.77
4246,20:20:09:985,3,Severe_Damage,L3_S1,-1794,1182,14958,-177,32,-117,0,92.77
4247,20:20:09:995,3,Severe_Damage,L3_S1,-1798,1110,14998,-216,32,-125,0,132.77
4248,20:20:10:005,3,Severe_Damage,L3_S1,-1764,1118,14980,-261,34,-137,0,114.77
4249,20:20:10:015,3,Severe_Damage,L3_S1,-1822,1152,14930,-296,22,-133,0,64.77
4250,20:20:10:025,3,Severe_Damage,L3_S1,-1774,1138,14886,-319,24,-136,0,20.77
4251,20:20:10:035,3,Severe_Damage,L3_S1,-1798,1092,14816,-327,21,-142,0,-49.23
4252,20:20:10:045,3,Severe_Damage,L3_S1,-1776,1112,14852,-329,31,-136,0,-13.23
4253,20:20:10:055,3,Severe_Damage,L3_S1,-1770,1052,14838,-318,30,-138,0,-27.23
4254,20:20:10:065,3,Severe_Damage,L3_S1,-1782,1132,14702,-283,30,-127,0,-163.23
4255,20:20:10:075,3,Severe_Damage,L3_S1,-1800,1084,14704,-251,28,-129,0,-161.23
4256,20:20:10:085,3,Severe_Damage,L3_S1,-1728,1086,14662,-214,37,-124,0,-203.23
4257,20:20:10:095,3,Severe_Damage,L3_S1,-1782,1100,14684,-167,28,-110,0,-181.23
4258,20:20:10:105,3,Severe_Damage,L3_S1,-1828,1124,14778,-122,34,-112,0,-87.23
4259,20:20:10:115,3,Severe_Damage,L3_S1,-1788,1062,14796,-86,29,-98,0,-69.23
4260,20:20:10:125,3,Severe_Damage,L3_S1,-1794,1080,14830,-65,37,-100,0,-35.23
4261,20:20:10:135,3,Severe_Damage,L3_S1,-1830,1138,14906,-57,32,-105,0,40.77
4262,20:20:10:145,3,Severe_Damage,L3_S1,-1834,1106,14874,-64,35,-97,0,8.77
4263,20:20:10:155,3,Severe_Damage,L3_S1,-1824,1122,14896,-71,41,-105,0,30.77
4264,20:20:10:165,3,Severe_Damage,L3_S1,-1830,1140,14924,-97,28,-103,0,58.77
4265,20:20:10:175,3,Severe_Damage,L3_S1,-1842,1154,14928,-127,32,-111,0,62.77
4266,20:20:10:185,3,Severe_Damage,L3_S1,-1800,1124,14956,-175,30,-122,0,90.77
4267,20:20:10:195,3,Severe_Damage,L3_S1,-1830,1100,14956,-218,29,-123,0,90.77
4268,20:20:10:205,3,Severe_Damage,L3_S1,-1820,1126,14948,-257,28,-122,0,82.77
4269,20:20:10:215,3,Severe_Damage,L3_S1,-1836,1120,14978,-285,24,-127,0,112.77
4270,20:20:10:225,3,Severe_Damage,L3_S1,-1834,1106,14910,-315,20,-138,0,44.77
4271,20:20:10:235,3,Severe_Damage,L3_S1,-1798,1176,14882,-322,32,-140,0,16.77
4272,20:20:10:245,3,Severe_Damage,L3_S1,-1798,1076,14810,-323,23,-137,0,-55.23
4273,20:20:10:255,3,Severe_Damage,L3_S1,-1784,1076,14720,-305,29,-133,0,-145.23
4274,20:20:10:265,3,Severe_Damage,L3_S1,-1788,1062,14772,-286,24,-132,0,-93.23
4275,20:20:10:275,3,Severe_Damage,L3_S1,-1794,1096,14682,-245,35,-128,0,-183.23
4276,20:20:10:285,3,Severe_Damage,L3_S1,-1786,1104,14808,-207,35,-123,0,-57.23
4277,20:20:10:295,3,Severe_Damage,L3_S1,-1784,1058,14824,-175,23,-121,0,-41.23
4278,20:20:10:305,3,Severe_Damage,L3_S1,-1828,1100,14856,-134,32,-109,0,-9.23
4279,20:20:10:315,3,Severe_Damage,L3_S1,-1790,1126,14816,-99,35,-104,0,-49.23
4280,20:20:10:325,3,Severe_Damage,L3_S1,-1800,1066,14858,-79,31,-101,0,-7.23
4281,20:20:10:335,3,Severe_Damage,L3_S1,-1798,1132,14826,-64,30,-104,0,-39.23
4282,20:20:10:345,3,Severe_Damage,L3_S1,-1772,1176,14882,-66,27,-108,0,16.77
4283,20:20:10:355,3,Severe_Damage,L3_S1,-1818,1110,14982,-81,32,-101,0,116.77
4284,20:20:10:365,3,Severe_Damage,L3_S1,-1818,1114,14906,-108,37,-104,0,40.77
4285,20:20:10:375,3,Severe_Damage,L3_S1,-1826,1120,14958,-141,39,-111,0,92.77
4286,20:20:10:385,3,Severe_Damage,L3_S1,-1886,1130,14944,-169,28,-114,0,78.77
4287,20:20:10:395,3,Severe_Damage,L3_S1,-1832,1128,14990,-211,30,-120,0,124.77
4288,20:20:10:405,3,Severe_Damage,L3_S1,-1806,1140,14924,-250,26,-125,0,58.77
4289,20:20:10:415,3,Severe_Damage,L3_S1,-1800,1122,14870,-280,31,-134,0,4.77
4290,20:20:10:425,3,Severe_Damage,L3_S1,-1828,1086,14852,-301,31,-134,0,-13.23
4291,20:20:10:435,3,Severe_Damage,L3_S1,-1812,1130,14814,-312,26,-140,0,-51.23
4292,20:20:10:445,3,Severe_Damage,L3_S1,-1770,1120,14896,-309,30,-138,0,30.77
4293,20:20:10:455,3,Severe_Damage,L3_S1,-1768,1076,14782,-289,16,-134,0,-83.23
4294,20:20:10:465,3,Severe_Damage,L3_S1,-1774,1118,14740,-261,26,-132,0,-125.23
4295,20:20:10:475,3,Severe_Damage,L3_S1,-1796,1128,14762,-245,27,-126,0,-103.23
4296,20:20:10:485,3,Severe_Damage,L3_S1,-1786,1098,14710,-209,36,-122,0,-155.23
4297,20:20:10:495,3,Severe_Damage,L3_S1,-1776,1076,14786,-174,27,-119,0,-79.23
4298,20:20:10:505,3,Severe_Damage,L3_S1,-1852,1108,14828,-142,21,-113,0,-37.23
4299,20:20:10:515,3,Severe_Damage,L3_S1,-1734,1058,14858,-112,35,-107,0,-7.23
4300,20:20:10:525,3,Severe_Damage,L3_S1,-1790,1168,14844,-89,40,-105,0,-21.23
4301,20:20:10:535,3,Severe_Damage,L3_S1,-1794,1094,14862,-82,34,-102,0,-3.23
4302,20:20:10:545,3,Severe_Damage,L3_S1,-1778,1110,14882,-78,41,-102,0,16.77
4303,20:20:10:555,3,Severe_Damage,L3_S1,-1828,1164,14882,-91,31,-105,0,16.77
4304,20:20:10:565,3,Severe_Damage,L3_S1,-1818,1094,14954,-103,41,-109,0,88.77
4305,20:20:10:575,3,Severe_Damage,L3_S1,-1776,1130,14976,-137,25,-110,0,110.77
4306,20:20:10:585,3,Severe_Damage,L3_S1,-1820,1082,14984,-171,28,-115,0,118.77
4307,20:20:10:595,3,Severe_Damage,L3_S1,-1812,1126,15012,-203,31,-118,0,146.77
4308,20:20:10:605,3,Severe_Damage,L3_S1,-1808,1108,14956,-244,24,-125,0,90.77
4309,20:20:10:615,3,Severe_Damage,L3_S1,-1794,1136,14934,-270,37,-139,0,68.77
4310,20:20:10:625,3,Severe_Damage,L3_S1,-1778,1102,14916,-289,22,-141,0,50.77
4311,20:20:10:635,3,Severe_Damage,L3_S1,-1808,1098,14788,-300,30,-134,0,-77.23
4312,20:20:10:645,3,Severe_Damage,L3_S1,-1818,1080,14868,-300,27,-144,0,2.77
4313,20:20:10:655,3,Severe_Damage,L3_S1,-1802,1128,14782,-288,32,-132,0,-83.23
4314,20:20:10:665,3,Severe_Damage,L3_S1,-1790,1072,14780,-272,31,-121,0,-85.23
4315,20:20:10:675,3,Severe_Damage,L3_S1,-1740,1100,14788,-241,26,-127,0,-77.23
4316,20:20:10:685,3,Severe_Damage,L3_S1,-1808,1102,14708,-215,31,-123,0,-157.23
4317,20:20:10:695,3,Severe_Damage,L3_S1,-1840,1094,14778,-177,26,-117,0,-87.23
4318,20:20:10:705,3,Severe_Damage,L3_S1,-1810,1100,14806,-146,29,-119,0,-59.23
4319,20:20:10:715,3,Severe_Damage,L3_S1,-1774,1146,14844,-115,27,-113,0,-21.23
4320,20:20:10:725,3,Severe_Damage,L3_S1,-1814,1082,14854,-103,26,-102,0,-11.23
4321,20:20:10:735,3,Severe_Damage,L3_S1,-1788,1090,14858,-88,34,-100,0,-7.23
4322,20:20:10:745,3,Severe_Damage,L3_S1,-1840,1132,14866,-87,31,-100,0,0.77
4323,20:20:10:755,3,Severe_Damage,L3_S1,-1832,1092,14980,-100,35,-109,0,114.77
4324,20:20:10:765,3,Severe_Damage,L3_S1,-1792,1108,14976,-119,32,-110,0,110.77
4325,20:20:10:775,3,Severe_Damage,L3_S1,-1798,1116,14976,-142,36,-120,0,110.77
4326,20:20:10:785,3,Severe_Damage,L3_S1,-1808,1116,14966,-176,32,-116,0,100.77
4327,20:20:10:795,3,Severe_Damage,L3_S1,-1856,1160,14980,-203,30,-125,0,114.77
4328,20:20:10:805,3,Severe_Damage,L3_S1,-1838,1162,15006,-234,34,-128,0,140.77
4329,20:20:10:815,3,Severe_Damage,L3_S1,-1844,1120,14924,-263,25,-130,0,58.77
4330,20:20:10:825,3,Severe_Damage,L3_S1,-1808,1100,14864,-280,29,-139,0,-1.23
4331,20:20:10:835,3,Severe_Damage,L3_S1,-1766,1108,14892,-288,22,-135,0,26.77
4332,20:20:10:845,3,Severe_Damage,L3_S1,-1808,1092,14842,-292,23,-131,0,-23.23
4333,20:20:10:855,3,Severe_Damage,L3_S1,-1750,1100,14776,-281,35,-135,0,-89.23
4334,20:20:10:865,3,Severe_Damage,L3_S1,-1826,1058,14740,-263,24,-126,0,-125.23
4335,20:20:10:875,3,Severe_Damage,L3_S1,-1778,1068,14754,-237,28,-131,0,-111.23
4336,20:20:10:885,3,Severe_Damage,L3_S1,-1798,1092,14714,-212,31,-123,0,-151.23
4337,20:20:10:895,3,Severe_Damage,L3_S1,-1798,1086,14790,-186,25,-117,0,-75.23
4338,20:20:10:905,3,Severe_Damage,L3_S1,-1780,1104,14806,-152,33,-114,0,-59.23
4339,20:20:10:915,3,Severe_Damage,L3_S1,-1816,1110,14852,-126,30,-108,0,-13.23
4340,20:20:10:925,3,Severe_Damage,L3_S1,-1750,1146,14794,-108,35,-109,0,-71.23
4341,20:20:10:935,3,Severe_Damage,L3_S1,-1816,1134,14944,-99,30,-101,0,78.77
4342,20:20:10:945,3,Severe_Damage,L3_S1,-1808,1108,14880,-101,33,-105,0,14.77
4343,20:20:10:955,3,Severe_Damage,L3_S1,-1806,1100,14944,-103,29,-104,0,78.77
4344,20:20:10:965,3,Severe_Damage,L3_S1,-1790,1146,14956,-119,32,-105,0,90.77
4345,20:20:10:975,3,Severe_Damage,L3_S1,-1816,1146,14976,-143,25,-111,0,110.77
4346,20:20:10:985,3,Severe_Damage,L3_S1,-1820,1130,14912,-171,28,-119,0,46.77
4347,20:20:10:995,3,Severe_Damage,L3_S1,-1826,1106,14946,-209,27,-119,0,80.77
4348,20:20:11:005,3,Severe_Damage,L3_S1,-1846,1122,14874,-231,34,-128,0,8.77
4349,20:20:11:015,3,Severe_Damage,L3_S1,-1788,1128,14974,-250,27,-129,0,108.77
4350,20:20:11:025,3,Severe_Damage,L3_S1,-1836,1102,14882,-269,25,-137,0,16.77
4351,20:20:11:035,3,Severe_Damage,L3_S1,-1760,1090,14802,-277,28,-135,0,-63.23
4352,20:20:11:045,3,Severe_Damage,L3_S1,-1854,1068,14822,-279,37,-136,0,-43.23
4353,20:20:11:055,3,Severe_Damage,L3_S1,-1792,1078,14864,-272,30,-132,0,-1.23
4354,20:20:11:065,3,Severe_Damage,L3_S1,-1794,1102,14816,-258,25,-133,0,-49.23
4355,20:20:11:075,3,Severe_Damage,L3_S1,-1760,1070,14842,-238,24,-129,0,-23.23
4356,20:20:11:085,3,Severe_Damage,L3_S1,-1768,1104,14850,-210,24,-117,0,-15.23
4357,20:20:11:095,3,Severe_Damage,L3_S1,-1834,1092,14768,-184,25,-119,0,-97.23
4358,20:20:11:105,3,Severe_Damage,L3_S1,-1812,1160,14806,-154,31,-114,0,-59.23
4359,20:20:11:115,3,Severe_Damage,L3_S1,-1794,1086,14808,-133,34,-105,0,-57.23
4360,20:20:11:125,3,Severe_Damage,L3_S1,-1804,1126,14844,-115,27,-101,0,-21.23
4361,20:20:11:135,3,Severe_Damage,L3_S1,-1820,1122,14862,-102,31,-108,0,-3.23
4362,20:20:11:145,3,Severe_Damage,L3_S1,-1776,1092,14906,-103,38,-110,0,40.77
4363,20:20:11:155,3,Severe_Damage,L3_S1,-1830,1152,14866,-110,32,-103,0,0.77
4364,20:20:11:165,3,Severe_Damage,L3_S1,-1818,1116,14940,-127,30,-112,0,74.77
4365,20:20:11:175,3,Severe_Damage,L3_S1,-1808,1116,14946,-149,26,-112,0,80.77
4366,20:20:11:185,3,Severe_Damage,L3_S1,-1842,1144,14912,-173,28,-119,0,46.77
4367,20:20:11:195,3,Severe_Damage,L3_S1,-1766,1168,14912,-193,35,-120,0,46.77
4368,20:20:11:205,3,Severe_Damage,L3_S1,-1814,1166,14944,-223,23,-123,0,78.77
4369,20:20:11:215,3,Severe_Damage,L3_S1,-1752,1144,14876,-244,38,-131,0,10.77
4370,20:20:11:225,3,Severe_Damage,L3_S1,-1832,1086,14942,-263,29,-135,0,76.77
4371,20:20:11:235,3,Severe_Damage,L3_S1,-1770,1102,14914,-274,35,-143,0,48.77
4372,20:20:11:245,3,Severe_Damage,L3_S1,-1820,1112,14828,-275,18,-133,0,-37.23
4373,20:20:11:255,3,Severe_Damage,L3_S1,-1800,1106,14862,-263,32,-138,0,-3.23
4374,20:20:11:265,3,Severe_Damage,L3_S1,-1788,1050,14846,-259,35,-133,0,-19.23
4375,20:20:11:275,3,Severe_Damage,L3_S1,-1806,1096,14842,-238,27,-127,0,-23.23
4376,20:20:11:285,3,Severe_Damage,L3_S1,-1786,1038,14826,-208,34,-123,0,-39.23
4377,20:20:11:295,3,Severe_Damage,L3_S1,-1810,1130,14818,-180,29,-119,0,-47.23
4378,20:20:11:305,3,Severe_Damage,L3_S1,-1810,1124,14894,-161,31,-114,0,28.77
4379,20:20:11:315,3,Severe_Damage,L3_S1,-1798,1142,14834,-136,40,-108,0,-31.23
4380,20:20:11:326,3,Severe_Damage,L3_S1,-1840,1124,14890,-119,28,-101,0,24.77
4381,20:20:11:335,3,Severe_Damage,L3_S1,-1814,1138,14900,-114,41,-102,0,34.77
4382,20:20:11:345,3,Severe_Damage,L3_S1,-1778,1092,14934,-113,29,-105,0,68.77
4383,20:20:11:355,3,Severe_Damage,L3_S1,-1830,1060,14926,-121,36,-114,0,60.77
4384,20:20:11:365,3,Severe_Damage,L3_S1,-1786,1130,14980,-134,36,-114,0,114.77
4385,20:20:11:375,3,Severe_Damage,L3_S1,-1850,1148,14952,-150,27,-105,0,86.77
4386,20:20:11:385,3,Severe_Damage,L3_S1,-1810,1108,14988,-173,40,-117,0,122.77
4387,20:20:11:395,3,Severe_Damage,L3_S1,-1800,1110,14836,-199,29,-123,0,-29.23
4388,20:20:11:405,3,Severe_Damage,L3_S1,-1876,1108,14884,-218,30,-126,0,18.77
4389,20:20:11:415,3,Severe_Damage,L3_S1,-1826,1098,14936,-248,24,-135,0,70.77
4390,20:20:11:425,3,Severe_Damage,L3_S1,-1828,1132,14852,-257,23,-129,0,-13.23
4391,20:20:11:435,3,Severe_Damage,L3_S1,-1828,1084,14854,-269,26,-132,0,-11.23
4392,20:20:11:445,3,Severe_Damage,L3_S1,-1784,1124,14836,-262,34,-133,0,-29.23
4393,20:20:11:455,3,Severe_Damage,L3_S1,-1788,1092,14828,-264,32,-133,0,-37.23
4394,20:20:11:465,3,Severe_Damage,L3_S1,-1824,1106,14804,-251,33,-124,0,-61.23
4395,20:20:11:475,3,Severe_Damage,L3_S1,-1786,1058,14790,-235,36,-126,0,-75.23
4396,20:20:11:485,3,Severe_Damage,L3_S1,-1794,1046,14806,-217,30,-119,0,-59.23
4397,20:20:11:495,3,Severe_Damage,L3_S1,-1820,1090,14836,-189,27,-119,0,-29.23
4398,20:20:11:505,3,Severe_Damage,L3_S1,-1796,1078,14826,-162,28,-119,0,-39.23
4399,20:20:11:515,3,Severe_Damage,L3_S1,-1800,1014,14836,-143,31,-116,0,-29.23
4400,20:20:11:525,3,Severe_Damage,L3_S1,-1766,1086,14826,-130,33,-112,0,-39.23
4401,20:20:11:535,3,Severe_Damage,L3_S1,-1808,1162,14872,-121,27,-108,0,6.77
4402,20:20:11:545,3,Severe_Damage,L3_S1,-1836,1078,14894,-112,38,-110,0,28.77
4403,20:20:11:555,3,Severe_Damage,L3_S1,-1826,1098,14816,-125,36,-106,0,-49.23
4404,20:20:11:565,3,Severe_Damage,L3_S1,-1804,1116,14962,-142,33,-114,0,96.77
4405,20:20:11:575,3,Severe_Damage,L3_S1,-1816,1102,14848,-148,43,-121,0,-17.23
4406,20:20:11:585,3,Severe_Damage,L3_S1,-1836,1154,14898,-174,23,-115,0,32.77
4407,20:20:11:595,3,Severe_Damage,L3_S1,-1784,1094,14942,-194,39,-122,0,76.77
4408,20:20:11:605,3,Severe_Damage,L3_S1,-1798,1120,14972,-218,33,-124,0,106.77
4409,20:20:11:615,3,Severe_Damage,L3_S1,-1784,1106,14918,-235,34,-129,0,52.77
4410,20:20:11:625,3,Severe_Damage,L3_S1,-1798,1140,14938,-253,28,-131,0,72.77
4411,20:20:11:635,3,Severe_Damage,L3_S1,-1854,1142,14892,-262,27,-124,0,26.77
4412,20:20:11:645,3,Severe_Damage,L3_S1,-1804,1106,14854,-261,32,-125,0,-11.23
4413,20:20:11:655,3,Severe_Damage,L3_S1,-1790,1084,14808,-255,26,-130,0,-57.23
4414,20:20:11:665,3,Severe_Damage,L3_S1,-1798,1094,14806,-244,33,-130,0,-59.23
4415,20:20:11:675,3,Severe_Damage,L3_S1,-1810,1110,14806,-228,38,-126,0,-59.23
4416,20:20:11:685,3,Severe_Damage,L3_S1,-1776,1048,14896,-209,30,-128,0,30.77
4417,20:20:11:695,3,Severe_Damage,L3_S1,-1802,1086,14820,-186,39,-122,0,-45.23
4418,20:20:11:705,3,Severe_Damage,L3_S1,-1816,1108,14810,-173,27,-116,0,-55.23
4419,20:20:11:715,3,Severe_Damage,L3_S1,-1814,1106,14858,-148,31,-113,0,-7.23
4420,20:20:11:725,3,Severe_Damage,L3_S1,-1788,1048,14844,-133,33,-115,0,-21.23
4421,20:20:11:735,3,Severe_Damage,L3_S1,-1802,1110,14910,-122,29,-114,0,44.77
4422,20:20:11:745,3,Severe_Damage,L3_S1,-1878,1090,14878,-125,35,-106,0,12.77
4423,20:20:11:755,3,Severe_Damage,L3_S1,-1782,1152,14914,-129,32,-111,0,48.77
4424,20:20:11:766,3,Severe_Damage,L3_S1,-1776,1100,14904,-141,28,-115,0,38.77
4425,20:20:11:775,3,Severe_Damage,L3_S1,-1808,1114,14866,-152,36,-121,0,0.77
4426,20:20:11:785,3,Severe_Damage,L3_S1,-1826,1092,14902,-175,39,-119,0,36.77
4427,20:20:11:795,3,Severe_Damage,L3_S1,-1838,1124,14914,-198,26,-121,0,48.77
4428,20:20:11:805,3,Severe_Damage,L3_S1,-1866,1122,14966,-212,24,-128,0,100.77
4429,20:20:11:815,3,Severe_Damage,L3_S1,-1804,1112,14940,-233,27,-131,0,74.77
4430,20:20:11:825,3,Severe_Damage,L3_S1,-1816,1132,14898,-243,29,-127,0,32.77
4431,20:20:11:835,3,Severe_Damage,L3_S1,-1820,1124,14850,-256,31,-136,0,-15.23
4432,20:20:11:845,3,Severe_Damage,L3_S1,-1810,1102,14858,-254,29,-126,0,-7.23
4433,20:20:11:855,3,Severe_Damage,L3_S1,-1822,1084,14818,-250,27,-129,0,-47.23
4434,20:20:11:865,3,Severe_Damage,L3_S1,-1790,1074,14848,-238,32,-126,0,-17.23
4435,20:20:11:875,3,Severe_Damage,L3_S1,-1814,1080,14838,-226,21,-126,0,-27.23
4436,20:20:11:885,3,Severe_Damage,L3_S1,-1760,1104,14828,-207,32,-124,0,-37.23
4437,20:20:11:895,3,Severe_Damage,L3_S1,-1840,1100,14846,-186,25,-117,0,-19.23
4438,20:20:11:905,3,Severe_Damage,L3_S1,-1758,1086,14774,-166,31,-119,0,-91.23
4439,20:20:11:915,3,Severe_Damage,L3_S1,-1834,1108,14834,-151,34,-112,0,-31.23
4440,20:20:11:925,3,Severe_Damage,L3_S1,-1842,1126,14832,-137,28,-109,0,-33.23
4441,20:20:11:935,3,Severe_Damage,L3_S1,-1776,1076,14922,-133,29,-116,0,56.77
4442,20:20:11:945,3,Severe_Damage,L3_S1,-1802,1078,14872,-125,30,-114,0,6.77
4443,20:20:11:956,3,Severe_Damage,L3_S1,-1754,1094,14904,-129,29,-114,0,38.77
4444,20:20:11:965,3,Severe_Damage,L3_S1,-1840,1104,14860,-144,30,-120,0,-5.23
4445,20:20:11:975,3,Severe_Damage,L3_S1,-1812,1130,14950,-157,30,-112,0,84.77
4446,20:20:11:985,3,Severe_Damage,L3_S1,-1814,1112,14904,-171,34,-121,0,38.77
4447,20:20:11:995,3,Severe_Damage,L3_S1,-1772,1124,14956,-202,28,-119,0,90.77
4448,20:20:12:006,3,Severe_Damage,L3_S1,-1842,1124,14912,-211,34,-125,0,46.77
4449,20:20:12:015,3,Severe_Damage,L3_S1,-1816,1106,14872,-225,28,-126,0,6.77
4450,20:20:12:025,3,Severe_Damage,L3_S1,-1794,1150,14864,-238,25,-129,0,-1.23
4451,20:20:12:035,3,Severe_Damage,L3_S1,-1810,1176,14816,-250,30,-136,0,-49.23
4452,20:20:12:045,3,Severe_Damage,L3_S1,-1824,1180,14900,-254,23,-134,0,34.77
4453,20:20:12:055,3,Severe_Damage,L3_S1,-1800,1072,14860,-244,35,-134,0,-5.23
4454,20:20:12:065,3,Severe_Damage,L3_S1,-1802,1072,14846,-237,28,-130,0,-19.23
4455,20:20:12:076,3,Severe_Damage,L3_S1,-1798,1112,14864,-226,27,-122,0,-1.23
4456,20:20:12:085,3,Severe_Damage,L3_S1,-1788,1070,14812,-207,26,-123,0,-53.23
4457,20:20:12:095,3,Severe_Damage,L3_S1,-1806,1102,14770,-192,26,-124,0,-95.23
4458,20:20:12:105,3,Severe_Damage,L3_S1,-1790,1102,14822,-176,31,-119,0,-43.23
4459,20:20:12:115,3,Severe_Damage,L3_S1,-1780,1088,14844,-159,30,-112,0,-21.23
4460,20:20:12:125,3,Severe_Damage,L3_S1,-1838,1076,14836,-146,33,-111,0,-29.23
4461,20:20:12:135,3,Severe_Damage,L3_S1,-1804,1092,14888,-133,30,-116,0,22.77
4462,20:20:12:145,3,Severe_Damage,L3_S1,-1782,1142,14832,-130,29,-115,0,-33.23
4463,20:20:12:155,3,Severe_Damage,L3_S1,-1772,1076,14866,-138,36,-114,0,0.77
4464,20:20:12:165,3,Severe_Damage,L3_S1,-1822,1098,14902,-148,32,-111,0,36.77
4465,20:20:12:176,3,Severe_Damage,L3_S1,-1808,1148,14950,-158,31,-119,0,84.77
4466,20:20:12:186,3,Severe_Damage,L3_S1,-1806,1128,14920,-176,23,-113,0,54.77
4467,20:20:12:195,3,Severe_Damage,L3_S1,-1790,1110,14978,-196,26,-119,0,112.77
4468,20:20:12:205,3,Severe_Damage,L3_S1,-1834,1150,14960,-213,31,-121,0,94.77
4469,20:20:12:215,3,Severe_Damage,L3_S1,-1786,1080,14924,-224,29,-120,0,58.77
4470,20:20:12:226,3,Severe_Damage,L3_S1,-1776,1088,14848,-233,32,-127,0,-17.23
4471,20:20:12:236,3,Severe_Damage,L3_S1,-1826,1116,14872,-241,27,-126,0,6.77
4472,20:20:12:246,3,Severe_Damage,L3_S1,-1798,1120,14946,-244,32,-132,0,80.77
4473,20:20:12:255,3,Severe_Damage,L3_S1,-1832,1134,14808,-240,27,-128,0,-57.23
4474,20:20:12:265,3,Severe_Damage,L3_S1,-1754,1068,14798,-232,26,-129,0,-67.23
4475,20:20:12:275,3,Severe_Damage,L3_S1,-1828,1120,14824,-221,36,-118,0,-41.23
4476,20:20:12:286,3,Severe_Damage,L3_S1,-1808,1100,14846,-204,24,-119,0,-19.23
4477,20:20:12:295,3,Severe_Damage,L3_S1,-1782,1090,14840,-184,32,-124,0,-25.23
4478,20:20:12:306,3,Severe_Damage,L3_S1,-1812,1094,14804,-170,32,-119,0,-61.23
4479,20:20:12:316,3,Severe_Damage,L3_S1,-1760,1138,14862,-159,26,-116,0,-3.23
4480,20:20:12:326,3,Severe_Damage,L3_S1,-1834,1092,14874,-145,34,-111,0,8.77
4481,20:20:12:336,3,Severe_Damage,L3_S1,-1828,1110,14820,-142,23,-108,0,-45.23
4482,20:20:12:346,3,Severe_Damage,L3_S1,-1796,1092,14852,-137,37,-113,0,-13.23
4483,20:20:12:356,3,Severe_Damage,L3_S1,-1790,1116,14866,-145,25,-117,0,0.77
4484,20:20:12:366,3,Severe_Damage,L3_S1,-1782,1100,14866,-142,35,-109,0,0.77
4485,20:20:12:376,3,Severe_Damage,L3_S1,-1810,1084,14928,-163,26,-115,0,62.77
4486,20:20:12:386,3,Severe_Damage,L3_S1,-1804,1102,14944,-180,25,-115,0,78.77
4487,20:20:12:396,3,Severe_Damage,L3_S1,-1796,1090,14870,-191,32,-124,0,4.77
4488,20:20:12:406,3,Severe_Damage,L3_S1,-1876,1110,14920,-201,30,-122,0,54.77
4489,20:20:12:416,3,Severe_Damage,L3_S1,-1834,1140,14910,-218,29,-130,0,44.77
4490,20:20:12:426,3,Severe_Damage,L3_S1,-1798,1112,14898,-225,31,-127,0,32.77
4491,20:20:12:436,3,Severe_Damage,L3_S1,-1802,1076,14882,-241,21,-119,0,16.77
4492,20:20:12:446,3,Severe_Damage,L3_S1,-1786,1104,14856,-236,30,-126,0,-9.23
4493,20:20:12:456,3,Severe_Damage,L3_S1,-1818,1082,14814,-240,22,-124,0,-51.23
4494,20:20:12:466,3,Severe_Damage,L3_S1,-1800,1106,14878,-230,34,-128,0,12.77
4495,20:20:12:476,3,Severe_Damage,L3_S1,-1768,1088,14736,-221,27,-125,0,-129.23
4496,20:20:12:486,3,Severe_Damage,L3_S1,-1808,1082,14820,-204,23,-119,0,-45.23
4497,20:20:12:496,3,Severe_Damage,L3_S1,-1766,1108,14850,-186,32,-119,0,-15.23
4498,20:20:12:506,3,Severe_Damage,L3_S1,-1810,1112,14768,-173,23,-117,0,-97.23
4499,20:20:12:516,3,Severe_Damage,L3_S1,-1824,1044,14762,-163,30,-119,0,-103.23
4500,20:20:12:526,3,Severe_Damage,L3_S1,-1810,1060,14848,-150,24,-120,0,-17.23
4501,20:20:12:536,3,Severe_Damage,L3_S1,-1802,1144,14838,-143,29,-113,0,-27.23
4502,20:20:12:546,3,Severe_Damage,L3_S1,-1812,1112,14948,-146,30,-115,0,82.77
4503,20:20:12:556,3,Severe_Damage,L3_S1,-1788,1112,14850,-143,27,-108,0,-15.23
4504,20:20:12:566,3,Severe_Damage,L3_S1,-1810,1116,14950,-155,27,-113,0,84.77
4505,20:20:12:576,3,Severe_Damage,L3_S1,-1786,1134,14912,-164,28,-118,0,46.77
4506,20:20:12:586,3,Severe_Damage,L3_S1,-1814,1138,14914,-183,27,-119,0,48.77
4507,20:20:12:596,3,Severe_Damage,L3_S1,-1824,1124,14906,-187,25,-119,0,40.77
4508,20:20:12:606,3,Severe_Damage,L3_S1,-1778,1128,14840,-208,23,-128,0,-25.23
4509,20:20:12:616,3,Severe_Damage,L3_S1,-1818,1158,14966,-217,25,-123,0,100.77
4510,20:20:12:626,3,Severe_Damage,L3_S1,-1824,1098,14922,-227,23,-121,0,56.77
4511,20:20:12:636,3,Severe_Damage,L3_S1,-1792,1074,14912,-232,31,-130,0,46.77
4512,20:20:12:646,3,Severe_Damage,L3_S1,-1816,1062,14822,-243,24,-132,0,-43.23
4513,20:20:12:656,3,Severe_Damage,L3_S1,-1774,1086,14908,-232,33,-134,0,42.77
4514,20:20:12:666,3,Severe_Damage,L3_S1,-1824,1104,14820,-232,34,-123,0,-45.23
4515,20:20:12:676,3,Severe_Damage,L3_S1,-1760,1094,14808,-217,33,-123,0,-57.23
4516,20:20:12:686,3,Severe_Damage,L3_S1,-1778,1082,14850,-206,30,-121,0,-15.23
4517,20:20:12:696,3,Severe_Damage,L3_S1,-1814,1130,14778,-191,23,-119,0,-87.23
4518,20:20:12:706,3,Severe_Damage,L3_S1,-1772,1078,14844,-178,31,-120,0,-21.23
4519,20:20:12:716,3,Severe_Damage,L3_S1,-1798,1072,14784,-169,26,-111,0,-81.23
4520,20:20:12:726,3,Severe_Damage,L3_S1,-1828,1070,14856,-154,32,-117,0,-9.23
4521,20:20:12:736,3,Severe_Damage,L3_S1,-1774,1082,14880,-151,31,-110,0,14.77
4522,20:20:12:746,3,Severe_Damage,L3_S1,-1828,1106,14858,-149,26,-111,0,-7.23
4523,20:20:12:756,3,Severe_Damage,L3_S1,-1832,1092,14868,-148,29,-121,0,2.77
4524,20:20:12:766,3,Severe_Damage,L3_S1,-1826,1170,14826,-154,27,-114,0,-39.23
4525,20:20:12:776,3,Severe_Damage,L3_S1,-1822,1122,14864,-167,37,-110,0,-1.23
4526,20:20:12:786,3,Severe_Damage,L3_S1,-1814,1116,14856,-182,33,-120,0,-9.23
4527,20:20:12:796,3,Severe_Damage,L3_S1,-1824,1160,14842,-190,22,-121,0,-23.23
4528,20:20:12:806,3,Severe_Damage,L3_S1,-1788,1150,14852,-196,35,-119,0,-13.23
4529,20:20:12:816,3,Severe_Damage,L3_S1,-1794,1128,14904,-209,27,-119,0,38.77
4530,20:20:12:826,3,Severe_Damage,L3_S1,-1776,1138,14810,-221,37,-121,0,-55.23
4531,20:20:12:836,3,Severe_Damage,L3_S1,-1810,1108,14944,-228,27,-117,0,78.77
4532,20:20:12:846,3,Severe_Damage,L3_S1,-1774,1146,14844,-233,29,-127,0,-21.23
4533,20:20:12:856,3,Severe_Damage,L3_S1,-1798,1106,14852,-228,24,-130,0,-13.23
4534,20:20:12:866,3,Severe_Damage,L3_S1,-1808,1128,14768,-223,30,-129,0,-97.23
4535,20:20:12:876,3,Severe_Damage,L3_S1,-1794,1112,14844,-213,34,-121,0,-21.23
4536,20:20:12:886,3,Severe_Damage,L3_S1,-1792,1088,14844,-203,27,-125,0,-21.23
4537,20:20:12:896,3,Severe_Damage,L3_S1,-1782,1092,14832,-187,28,-120,0,-33.23
4538,20:20:12:906,3,Severe_Damage,L3_S1,-1838,1106,14850,-181,32,-118,0,-15.23
4539,20:20:12:916,3,Severe_Damage,L3_S1,-1764,1138,14846,-160,38,-118,0,-19.23
4540,20:20:12:926,3,Severe_Damage,L3_S1,-1806,1118,14842,-174,25,-111,0,-23.23
4541,20:20:12:936,3,Severe_Damage,L3_S1,-1770,1070,14846,-149,30,-111,0,-19.23
4542,20:20:12:946,3,Severe_Damage,L3_S1,-1828,1112,14868,-161,27,-113,0,2.77
4543,20:20:12:956,3,Severe_Damage,L3_S1,-1848,1146,14854,-142,43,-114,0,-11.23
4544,20:20:12:966,3,Severe_Damage,L3_S1,-1814,1134,14914,-169,26,-123,0,48.77
4545,20:20:12:976,3,Severe_Damage,L3_S1,-1862,1186,14924,-168,32,-122,0,58.77
4546,20:20:12:986,3,Severe_Damage,L3_S1,-1782,1092,14974,-191,22,-122,0,108.77
4547,20:20:12:996,3,Severe_Damage,L3_S1,-1782,1104,14938,-180,33,-124,0,72.77
4548,20:20:13:006,3,Severe_Damage,L3_S1,-1798,1110,14910,-213,18,-120,0,44.77
4549,20:20:13:016,3,Severe_Damage,L3_S1,-1828,1084,14884,-207,35,-131,0,18.77
4550,20:20:13:026,3,Severe_Damage,L3_S1,-1834,1160,14836,-229,27,-124,0,-29.23
4551,20:20:13:036,3,Severe_Damage,L3_S1,-1772,1114,14892,-219,40,-128,0,26.77
4552,20:20:13:046,3,Severe_Damage,L3_S1,-1768,1098,14836,-227,29,-127,0,-29.23
4553,20:20:13:056,3,Severe_Damage,L3_S1,-1832,1138,14824,-226,34,-125,0,-41.23
4554,20:20:13:066,3,Severe_Damage,L3_S1,-1812,1062,14804,-219,28,-120,0,-61.23
4555,20:20:13:076,3,Severe_Damage,L3_S1,-1774,1044,14812,-212,29,-122,0,-53.23
4556,20:20:13:086,3,Severe_Damage,L3_S1,-1786,1132,14870,-194,28,-126,0,4.77
4557,20:20:13:096,3,Severe_Damage,L3_S1,-1806,1086,14874,-200,19,-124,0,8.77
4558,20:20:13:106,3,Severe_Damage,L3_S1,-1846,1096,14868,-180,28,-119,0,2.77
4559,20:20:13:116,3,Severe_Damage,L3_S1,-1808,1080,14868,-150,32,-110,0,2.77
4560,20:20:13:126,3,Severe_Damage,L3_S1,-1812,1114,14870,-169,30,-119,0,4.77
4561,20:20:13:136,3,Severe_Damage,L3_S1,-1808,1066,14894,-142,40,-122,0,28.77
4562,20:20:13:146,3,Severe_Damage,L3_S1,-1764,1104,14858,-164,21,-120,0,-7.23
4563,20:20:13:156,3,Severe_Damage,L3_S1,-1754,1108,14898,-158,38,-111,0,32.77
4564,20:20:13:166,3,Severe_Damage,L3_S1,-1816,1064,14928,-179,28,-122,0,62.77
4565,20:20:13:176,3,Severe_Damage,L3_S1,-1802,1096,14908,-174,39,-119,0,42.77
4566,20:20:13:186,3,Severe_Damage,L3_S1,-1816,1096,14932,-192,27,-124,0,66.77
4567,20:20:13:196,3,Severe_Damage,L3_S1,-1814,1136,14970,-191,25,-121,0,104.77
4568,20:20:13:206,3,Severe_Damage,L3_S1,-1810,1112,14914,-210,36,-128,0,48.77
4569,20:20:13:216,3,Severe_Damage,L3_S1,-1798,1086,14896,-220,38,-133,0,30.77
4570,20:20:13:226,3,Severe_Damage,L3_S1,-1818,1082,14848,-224,28,-125,0,-17.23
4571,20:20:13:236,3,Severe_Damage,L3_S1,-1752,1102,14850,-228,32,-127,0,-15.23
4572,20:20:13:246,3,Severe_Damage,L3_S1,-1790,1126,14888,-220,25,-124,0,22.77
4573,20:20:13:256,3,Severe_Damage,L3_S1,-1806,1072,14828,-226,27,-123,0,-37.23
4574,20:20:13:266,3,Severe_Damage,L3_S1,-1784,1076,14870,-206,35,-122,0,4.77
4575,20:20:13:276,3,Severe_Damage,L3_S1,-1800,1064,14822,-206,26,-127,0,-43.23
4576,20:20:13:286,3,Severe_Damage,L3_S1,-1772,1124,14836,-184,26,-122,0,-29.23
4577,20:20:13:296,3,Severe_Damage,L3_S1,-1788,1110,14838,-185,23,-120,0,-27.23
4578,20:20:13:306,3,Severe_Damage,L3_S1,-1826,1100,14812,-166,32,-115,0,-53.23
4579,20:20:13:317,3,Severe_Damage,L3_S1,-1810,1068,14884,-170,31,-120,0,18.77
4580,20:20:13:326,3,Severe_Damage,L3_S1,-1818,1146,14856,-164,30,-112,0,-9.23
4581,20:20:13:336,3,Severe_Damage,L3_S1,-1830,1122,14856,-162,39,-110,0,-9.23
4582,20:20:13:346,3,Severe_Damage,L3_S1,-1850,1104,14918,-158,31,-110,0,52.77
4583,20:20:13:356,3,Severe_Damage,L3_S1,-1876,1122,14856,-160,35,-124,0,-9.23
4584,20:20:13:366,3,Severe_Damage,L3_S1,-1802,1124,14924,-173,34,-121,0,58.77
4585,20:20:13:376,3,Severe_Damage,L3_S1,-1784,1112,14898,-176,29,-114,0,32.77
4586,20:20:13:386,3,Severe_Damage,L3_S1,-1800,1084,14870,-190,28,-122,0,4.77
4587,20:20:13:396,3,Severe_Damage,L3_S1,-1818,1096,14876,-196,37,-119,0,10.77
4588,20:20:13:406,3,Severe_Damage,L3_S1,-1804,1124,14896,-210,29,-124,0,30.77
4589,20:20:13:416,3,Severe_Damage,L3_S1,-1802,1180,14872,-214,24,-125,0,6.77
4590,20:20:13:426,3,Severe_Damage,L3_S1,-1832,1094,14892,-221,30,-121,0,26.77
4591,20:20:13:436,3,Severe_Damage,L3_S1,-1774,1112,14838,-220,25,-124,0,-27.23
4592,20:20:13:446,3,Severe_Damage,L3_S1,-1812,1144,14878,-219,47,-119,0,12.77
4593,20:20:13:456,3,Severe_Damage,L3_S1,-1814,1060,14812,-229,27,-125,0,-53.23
4594,20:20:13:466,3,Severe_Damage,L3_S1,-1840,1070,14884,-202,37,-127,0,18.77
4595,20:20:13:476,3,Severe_Damage,L3_S1,-1792,1062,14868,-202,26,-125,0,2.77
4596,20:20:13:486,3,Severe_Damage,L3_S1,-1802,1062,14828,-186,40,-119,0,-37.23
4597,20:20:13:496,3,Severe_Damage,L3_S1,-1820,1090,14836,-188,26,-127,0,-29.23
4598,20:20:13:506,3,Severe_Damage,L3_S1,-1810,1060,14952,-172,30,-112,0,86.77
4599,20:20:13:516,3,Severe_Damage,L3_S1,-1774,1064,14878,-170,35,-113,0,12.77
4600,20:20:13:526,3,Severe_Damage,L3_S1,-1804,1132,14970,-161,31,-114,0,104.77
4601,20:20:13:536,3,Severe_Damage,L3_S1,-1804,1142,14882,-161,31,-111,0,16.77
4602,20:20:13:546,3,Severe_Damage,L3_S1,-1784,1108,14836,-162,31,-119,0,-29.23
4603,20:20:13:556,3,Severe_Damage,L3_S1,-1852,1110,14918,-163,23,-115,0,52.77
4604,20:20:13:566,3,Severe_Damage,L3_S1,-1804,1106,14950,-174,40,-120,0,84.77
4605,20:20:13:576,3,Severe_Damage,L3_S1,-1814,1142,14896,-177,30,-114,0,30.77
4606,20:20:13:586,3,Severe_Damage,L3_S1,-1788,1108,14930,-194,23,-113,0,64.77
4607,20:20:13:596,3,Severe_Damage,L3_S1,-1866,1160,14892,-183,38,-119,0,26.77
4608,20:20:13:606,3,Severe_Damage,L3_S1,-1830,1086,14914,-215,24,-118,0,48.77
4609,20:20:13:616,3,Severe_Damage,L3_S1,-1832,1134,14932,-198,37,-122,0,66.77
4610,20:20:13:626,3,Severe_Damage,L3_S1,-1816,1064,14858,-233,25,-122,0,-7.23
4611,20:20:13:636,3,Severe_Damage,L3_S1,-1828,1110,14852,-213,36,-123,0,-13.23
4612,20:20:13:646,3,Severe_Damage,L3_S1,-1810,1092,14870,-234,24,-125,0,4.77
4613,20:20:13:656,3,Severe_Damage,L3_S1,-1828,1084,14826,-207,32,-120,0,-39.23
4614,20:20:13:666,3,Severe_Damage,L3_S1,-1808,1096,14862,-218,22,-128,0,-3.23
4615,20:20:13:676,3,Severe_Damage,L3_S1,-1850,1100,14796,-196,37,-126,0,-69.23
4616,20:20:13:686,3,Severe_Damage,L3_S1,-1814,1120,14848,-200,23,-116,0,-17.23
4617,20:20:13:696,3,Severe_Damage,L3_S1,-1792,1084,14784,-179,32,-121,0,-81.23
4618,20:20:13:706,3,Severe_Damage,L3_S1,-1792,1116,14830,-177,26,-119,0,-35.23
4619,20:20:13:716,3,Severe_Damage,L3_S1,-1866,1116,14816,-166,34,-122,0,-49.23
4620,20:20:13:726,3,Severe_Damage,L3_S1,-1802,1110,14850,-157,32,-118,0,-15.23
4621,20:20:13:736,3,Severe_Damage,L3_S1,-1770,1100,14840,-164,34,-121,0,-25.23
4622,20:20:13:746,3,Severe_Damage,L3_S1,-1806,1136,14844,-160,22,-110,0,-21.23
4623,20:20:13:756,3,Severe_Damage,L3_S1,-1780,1074,14918,-177,34,-123,0,52.77
4624,20:20:13:766,3,Severe_Damage,L3_S1,-1824,1098,14850,-165,31,-122,0,-15.23
4625,20:20:13:776,3,Severe_Damage,L3_S1,-1758,1118,14912,-189,28,-127,0,46.77
4626,20:20:13:786,3,Severe_Damage,L3_S1,-1894,1110,14824,-186,29,-118,0,-41.23
4627,20:20:13:796,3,Severe_Damage,L3_S1,-1778,1094,14918,-199,31,-130,0,52.77
4628,20:20:13:806,3,Severe_Damage,L3_S1,-1780,1128,14870,-195,32,-123,0,4.77
4629,20:20:13:816,3,Severe_Damage,L3_S1,-1854,1100,14858,-215,22,-120,0,-7.23
4630,20:20:13:826,3,Severe_Damage,L3_S1,-1792,1078,14912,-208,38,-120,0,46.77
4631,20:20:13:836,3,Severe_Damage,L3_S1,-1800,1076,14830,-223,28,-126,0,-35.23
4632,20:20:13:846,3,Severe_Damage,L3_S1,-1814,1112,14892,-219,28,-125,0,26.77
4633,20:20:13:856,3,Severe_Damage,L3_S1,-1736,1098,14826,-209,26,-127,0,-39.23
4634,20:20:13:866,3,Severe_Damage,L3_S1,-1804,1074,14850,-205,26,-124,0,-15.23
4635,20:20:13:876,3,Severe_Damage,L3_S1,-1768,1086,14806,-195,34,-130,0,-59.23
4636,20:20:13:886,3,Severe_Damage,L3_S1,-1766,1070,14832,-199,32,-121,0,-33.23
4637,20:20:13:896,3,Severe_Damage,L3_S1,-1828,1140,14794,-180,40,-123,0,-71.23
4638,20:20:13:906,3,Severe_Damage,L3_S1,-1780,1122,14942,-187,26,-120,0,76.77
4639,20:20:13:916,3,Severe_Damage,L3_S1,-1806,1146,14866,-171,28,-110,0,0.77
4640,20:20:13:926,3,Severe_Damage,L3_S1,-1796,1128,14872,-169,31,-119,0,6.77
4641,20:20:13:936,3,Severe_Damage,L3_S1,-1780,1130,14848,-162,32,-111,0,-17.23
4642,20:20:13:946,3,Severe_Damage,L3_S1,-1820,1108,14886,-174,34,-121,0,20.77
4643,20:20:13:956,3,Severe_Damage,L3_S1,-1814,1100,14850,-170,31,-118,0,-15.23
4644,20:20:13:966,3,Severe_Damage,L3_S1,-1808,1102,14888,-170,29,-120,0,22.77
4645,20:20:13:976,3,Severe_Damage,L3_S1,-1774,1124,14882,-180,23,-126,0,16.77
4646,20:20:13:986,3,Severe_Damage,L3_S1,-1818,1118,14860,-183,29,-121,0,-5.23
4647,20:20:13:996,3,Severe_Damage,L3_S1,-1764,1114,14802,-196,25,-125,0,-63.23
4648,20:20:14:006,3,Severe_Damage,L3_S1,-1796,1110,14832,-201,28,-126,0,-33.23
4649,20:20:14:016,3,Severe_Damage,L3_S1,-1782,1128,14914,-207,28,-123,0,48.77
4650,20:20:14:026,3,Severe_Damage,L3_S1,-1788,1104,14800,-211,28,-124,0,-65.23
4651,20:20:14:036,3,Severe_Damage,L3_S1,-1768,1168,14890,-208,26,-126,0,24.77
4652,20:20:14:046,3,Severe_Damage,L3_S1,-1766,1084,14896,-218,25,-124,0,30.77
4653,20:20:14:056,3,Severe_Damage,L3_S1,-1834,1102,14916,-212,26,-119,0,50.77
4654,20:20:14:066,3,Severe_Damage,L3_S1,-1772,1116,14892,-213,32,-127,0,26.77
4655,20:20:14:076,3,Severe_Damage,L3_S1,-1820,1116,14844,-195,26,-125,0,-21.23
4656,20:20:14:086,3,Severe_Damage,L3_S1,-1828,1094,14844,-194,32,-124,0,-21.23
4657,20:20:14:096,3,Severe_Damage,L3_S1,-1800,1050,14790,-179,34,-121,0,-75.23
4658,20:20:14:106,3,Severe_Damage,L3_S1,-1782,1116,14832,-187,29,-122,0,-33.23
4659,20:20:14:116,3,Severe_Damage,L3_S1,-1822,1126,14794,-165,41,-116,0,-71.23
4660,20:20:14:126,3,Severe_Damage,L3_S1,-1830,1120,14864,-176,24,-120,0,-1.23
4661,20:20:14:136,3,Severe_Damage,L3_S1,-1834,1116,14870,-160,36,-114,0,4.77
4662,20:20:14:146,3,Severe_Damage,L3_S1,-1774,1088,14846,-173,30,-120,0,-19.23
4663,20:20:14:156,3,Severe_Damage,L3_S1,-1748,1106,14900,-166,32,-118,0,34.77
4664,20:20:14:166,3,Severe_Damage,L3_S1,-1800,1076,14866,-185,25,-115,0,0.77
4665,20:20:14:176,3,Severe_Damage,L3_S1,-1860,1088,14930,-182,35,-119,0,64.77
4666,20:20:14:186,3,Severe_Damage,L3_S1,-1802,1140,14940,-192,23,-116,0,74.77
4667,20:20:14:196,3,Severe_Damage,L3_S1,-1822,1086,14852,-194,34,-123,0,-13.23
4668,20:20:14:206,3,Severe_Damage,L3_S1,-1794,1114,14898,-206,24,-115,0,32.77
4669,20:20:14:216,3,Severe_Damage,L3_S1,-1734,1104,14868,-207,33,-121,0,2.77
4670,20:20:14:226,3,Severe_Damage,L3_S1,-1802,1138,14834,-212,22,-123,0,-31.23
4671,20:20:14:236,3,Severe_Damage,L3_S1,-1796,1102,14878,-223,36,-121,0,12.77
4672,20:20:14:246,3,Severe_Damage,L3_S1,-1814,1132,14758,-206,31,-112,0,-107.23
4673,20:20:14:256,3,Severe_Damage,L3_S1,-1810,1096,14912,-219,29,-123,0,46.77
4674,20:20:14:266,3,Severe_Damage,L3_S1,-1796,1150,14862,-199,35,-120,0,-3.23
4675,20:20:14:276,3,Severe_Damage,L3_S1,-1806,1124,14906,-212,29,-121,0,40.77
4676,20:20:14:286,3,Severe_Damage,L3_S1,-1784,1100,14816,-188,33,-121,0,-49.23
4677,20:20:14:296,3,Severe_Damage,L3_S1,-1770,1142,14878,-197,27,-125,0,12.77
4678,20:20:14:306,3,Severe_Damage,L3_S1,-1792,1126,14842,-177,37,-115,0,-23.23
4679,20:20:14:316,3,Severe_Damage,L3_S1,-1766,1076,14940,-181,24,-122,0,74.77
4680,20:20:14:326,3,Severe_Damage,L3_S1,-1852,1046,14862,-168,30,-106,0,-3.23
4681,20:20:14:336,3,Severe_Damage,L3_S1,-1766,1066,14868,-171,35,-119,0,2.77
4682,20:20:14:346,3,Severe_Damage,L3_S1,-1758,1102,14918,-168,29,-114,0,52.77
4683,20:20:14:356,3,Severe_Damage,L3_S1,-1828,1106,14888,-169,32,-120,0,22.77
4684,20:20:14:366,3,Severe_Damage,L3_S1,-1848,1080,14796,-178,31,-114,0,-69.23
4685,20:20:14:376,3,Severe_Damage,L3_S1,-1834,1132,14868,-182,29,-120,0,2.77
4686,20:20:14:386,3,Severe_Damage,L3_S1,-1818,1094,14872,-191,28,-122,0,6.77
4687,20:20:14:396,3,Severe_Damage,L3_S1,-1836,1134,14924,-188,24,-116,0,58.77
4688,20:20:14:406,3,Severe_Damage,L3_S1,-1806,1144,14920,-205,33,-126,0,54.77
4689,20:20:14:416,3,Severe_Damage,L3_S1,-1818,1140,14840,-200,32,-123,0,-25.23
4690,20:20:14:426,3,Severe_Damage,L3_S1,-1794,1090,14846,-211,39,-125,0,-19.23
4691,20:20:14:437,3,Severe_Damage,L3_S1,-1840,1092,14876,-209,30,-127,0,10.77
4692,20:20:14:446,3,Severe_Damage,L3_S1,-1782,1080,14840,-205,34,-119,0,-25.23
4693,20:20:14:456,3,Severe_Damage,L3_S1,-1764,1104,14814,-212,31,-116,0,-51.23
4694,20:20:14:466,3,Severe_Damage,L3_S1,-1810,1102,14816,-202,36,-120,0,-49.23
4695,20:20:14:476,3,Severe_Damage,L3_S1,-1812,1084,14854,-202,32,-124,0,-11.23
4696,20:20:14:486,3,Severe_Damage,L3_S1,-1802,1110,14902,-188,36,-118,0,36.77
4697,20:20:14:496,3,Severe_Damage,L3_S1,-1804,1054,14872,-185,26,-125,0,6.77
4698,20:20:14:506,3,Severe_Damage,L3_S1,-1850,1122,14908,-182,30,-114,0,42.77
4699,20:20:14:516,3,Severe_Damage,L3_S1,-1806,1044,14906,-179,34,-115,0,40.77
4700,20:20:14:526,3,Severe_Damage,L3_S1,-1822,1146,14852,-174,35,-117,0,-13.23
4701,20:20:14:536,3,Severe_Damage,L3_S1,-1816,1094,14894,-168,28,-113,0,28.77
4702,20:20:14:547,3,Severe_Damage,L3_S1,-1802,1118,14872,-174,24,-122,0,6.77
4703,20:20:14:556,3,Severe_Damage,L3_S1,-1802,1088,14858,-168,34,-124,0,-7.23
4704,20:20:14:566,3,Severe_Damage,L3_S1,-1794,1120,14862,-181,21,-119,0,-3.23
4705,20:20:14:576,3,Severe_Damage,L3_S1,-1758,1090,14838,-173,40,-117,0,-27.23
4706,20:20:14:586,3,Severe_Damage,L3_S1,-1794,1122,14930,-201,20,-114,0,64.77
4707,20:20:14:596,3,Severe_Damage,L3_S1,-1806,1132,14912,-185,36,-119,0,46.77
4708,20:20:14:606,3,Severe_Damage,L3_S1,-1782,1098,14922,-203,18,-125,0,56.77
4709,20:20:14:616,3,Severe_Damage,L3_S1,-1838,1086,14854,-201,31,-126,0,-11.23
4710,20:20:14:626,3,Severe_Damage,L3_S1,-1826,1118,14878,-213,29,-130,0,12.77
4711,20:20:14:636,3,Severe_Damage,L3_S1,-1824,1066,14942,-201,36,-116,0,76.77
4712,20:20:14:646,3,Severe_Damage,L3_S1,-1770,1140,14852,-210,20,-122,0,-13.23
4713,20:20:14:656,3,Severe_Damage,L3_S1,-1834,1134,14862,-206,27,-122,0,-3.23
4714,20:20:14:666,3,Severe_Damage,L3_S1,-1782,1096,14904,-208,23,-118,0,38.77
4715,20:20:14:676,3,Severe_Damage,L3_S1,-1738,1114,14844,-197,36,-120,0,-21.23
4716,20:20:14:686,3,Severe_Damage,L3_S1,-1848,1124,14844,-196,26,-122,0,-21.23
4717,20:20:14:697,3,Severe_Damage,L3_S1,-1786,1128,14870,-191,37,-118,0,4.77
4718,20:20:14:707,3,Severe_Damage,L3_S1,-1748,1144,14838,-174,32,-115,0,-27.23
4719,20:20:14:717,3,Severe_Damage,L3_S1,-1802,1106,14842,-183,29,-119,0,-23.23
4720,20:20:14:727,3,Severe_Damage,L3_S1,-1858,1084,14850,-167,26,-112,0,-15.23
4721,20:20:14:737,3,Severe_Damage,L3_S1,-1812,1062,14936,-187,27,-115,0,70.77
4722,20:20:14:747,3,Severe_Damage,L3_S1,-1828,1098,14826,-161,31,-111,0,-39.23
4723,20:20:14:757,3,Severe_Damage,L3_S1,-1758,1094,14898,-182,20,-120,0,32.77
4724,20:20:14:767,3,Severe_Damage,L3_S1,-1834,1080,14850,-170,37,-109,0,-15.23
4725,20:20:14:777,3,Severe_Damage,L3_S1,-1788,1042,14866,-193,26,-121,0,0.77
4726,20:20:14:787,3,Severe_Damage,L3_S1,-1842,1112,14842,-178,31,-116,0,-23.23
4727,20:20:14:797,3,Severe_Damage,L3_S1,-1832,1158,14908,-200,30,-118,0,42.77
4728,20:20:14:807,3,Severe_Damage,L3_S1,-1798,1102,14904,-196,40,-124,0,38.77
4729,20:20:14:817,3,Severe_Damage,L3_S1,-1810,1172,14862,-210,23,-124,0,-3.23
4730,20:20:14:827,3,Severe_Damage,L3_S1,-1840,1084,14866,-206,30,-123,0,0.77
4731,20:20:14:836,3,Severe_Damage,L3_S1,-1782,1174,14856,-211,24,-123,0,-9.23
4732,20:20:14:847,3,Severe_Damage,L3_S1,-1810,1112,14888,-210,23,-119,0,22.77
4733,20:20:14:857,3,Severe_Damage,L3_S1,-1772,1118,14866,-199,29,-120,0,0.77
4734,20:20:14:867,3,Severe_Damage,L3_S1,-1730,1060,14906,-209,31,-119,0,40.77
4735,20:20:14:877,3,Severe_Damage,L3_S1,-1810,1084,14902,-187,30,-117,0,36.77
4736,20:20:14:887,3,Severe_Damage,L3_S1,-1796,1108,14842,-199,36,-124,0,-23.23
4737,20:20:14:897,3,Severe_Damage,L3_S1,-1822,1130,14850,-181,28,-116,0,-15.23
4738,20:20:14:907,3,Severe_Damage,L3_S1,-1770,1108,14898,-181,35,-121,0,32.77
4739,20:20:14:917,3,Severe_Damage,L3_S1,-1814,1122,14840,-167,34,-111,0,-25.23
4740,20:20:14:927,3,Severe_Damage,L3_S1,-1808,1084,14876,-175,29,-120,0,10.77
4741,20:20:14:937,3,Severe_Damage,L3_S1,-1816,1112,14852,-169,33,-118,0,-13.23
4742,20:20:14:947,3,Severe_Damage,L3_S1,-1768,1120,14872,-178,32,-118,0,6.77
4743,20:20:14:957,3,Severe_Damage,L3_S1,-1832,1152,14902,-176,35,-117,0,36.77
4744,20:20:14:967,3,Severe_Damage,L3_S1,-1814,1104,14858,-180,31,-118,0,-7.23
4745,20:20:14:977,3,Severe_Damage,L3_S1,-1838,1108,14876,-186,28,-120,0,10.77
4746,20:20:14:987,3,Severe_Damage,L3_S1,-1746,1114,14872,-184,30,-121,0,6.77
4747,20:20:14:997,3,Severe_Damage,L3_S1,-1814,1100,14866,-196,28,-125,0,0.77
4748,20:20:15:007,3,Severe_Damage,L3_S1,-1820,1128,14870,-189,39,-124,0,4.77
4749,20:20:15:017,3,Severe_Damage,L3_S1,-1854,1106,14894,-205,30,-121,0,28.77
4750,20:20:15:027,3,Severe_Damage,L3_S1,-1820,1080,14906,-189,31,-119,0,40.77
4751,20:20:15:037,3,Severe_Damage,L3_S1,-1796,1116,14834,-208,22,-126,0,-31.23
4752,20:20:15:047,3,Severe_Damage,L3_S1,-1820,1116,14868,-178,38,-115,0,2.77
4753,20:20:15:057,3,Severe_Damage,L3_S1,-1822,1082,14764,-184,34,-115,0,-101.23
4754,20:20:15:067,3,Severe_Damage,L3_S1,-1798,1080,14828,-155,29,-110,0,-37.23
4755,20:20:15:077,3,Severe_Damage,L3_S1,-1796,1094,14832,-141,27,-113,0,-33.23
4756,20:20:15:087,3,Severe_Damage,L3_S1,-1818,1116,14824,-121,36,-113,0,-41.23
4757,20:20:15:097,3,Severe_Damage,L3_S1,-1828,1108,14928,-127,26,-115,0,62.77
4758,20:20:15:107,3,Severe_Damage,L3_S1,-1806,1172,14906,-129,35,-108,0,40.77
4759,20:20:15:117,3,Severe_Damage,L3_S1,-1858,1122,14838,-145,37,-108,0,-27.23
4760,20:20:15:127,3,Severe_Damage,L3_S1,-1808,1172,14974,-168,33,-114,0,108.77
4761,20:20:15:137,3,Severe_Damage,L3_S1,-1796,1106,14936,-192,42,-117,0,70.77
4762,20:20:15:147,3,Severe_Damage,L3_S1,-1800,1118,14950,-207,26,-128,0,84.77
4763,20:20:15:157,3,Severe_Damage,L3_S1,-1804,1140,14876,-238,29,-127,0,10.77
4764,20:20:15:167,3,Severe_Damage,L3_S1,-1798,1116,14934,-262,22,-128,0,68.77
4765,20:20:15:177,3,Severe_Damage,L3_S1,-1828,1120,14884,-284,25,-138,0,18.77
4766,20:20:15:187,3,Severe_Damage,L3_S1,-1818,1120,14848,-293,28,-140,0,-17.23
4767,20:20:15:197,3,Severe_Damage,L3_S1,-1792,1088,14868,-302,23,-138,0,2.77
4768,20:20:15:207,3,Severe_Damage,L3_S1,-1764,1092,14784,-296,24,-135,0,-81.23
4769,20:20:15:217,3,Severe_Damage,L3_S1,-1748,1098,14800,-271,32,-133,0,-65.23
4770,20:20:15:227,3,Severe_Damage,L3_S1,-1744,1120,14806,-252,29,-132,0,-59.23
4771,20:20:15:237,3,Severe_Damage,L3_S1,10388,-11248,16000,-214,32,-123,1,1134.77
4772,20:20:15:247,3,Severe_Damage,L3_S1,1736,6408,-5738,9786,1228,1489,1,-20603.23
4773,20:20:15:257,3,Severe_Damage,L3_S1,-6482,850,6866,5861,-6993,2034,1,-7999.23
4774,20:20:15:267,3,Severe_Damage,L3_S1,7112,-994,32767,11163,9359,-150,1,17901.77
4775,20:20:15:277,3,Severe_Damage,L3_S1,-5766,6846,20100,9398,-3225,2387,1,5234.77
4776,20:20:15:287,3,Severe_Damage,L3_S1,-4826,1754,26382,3268,-1502,734,1,11516.77
4777,20:20:15:297,3,Severe_Damage,L3_S1,1682,5296,27774,3345,5701,-880,1,12908.77
4778,20:20:15:307,3,Severe_Damage,L3_S1,-10438,1158,25140,-4898,-5969,725,1,10274.77
4779,20:20:15:317,3,Severe_Damage,L3_S1,684,5988,21924,-4407,3512,-1820,1,7058.77
4780,20:20:15:327,3,Severe_Damage,L3_S1,-2146,518,24142,-10773,-314,-1726,1,9276.77
4781,20:20:15:337,3,Severe_Damage,L3_S1,-8110,3636,14128,-10771,-2819,-1038,1,-737.23
4782,20:20:15:347,3,Severe_Damage,L3_S1,7450,1262,17328,-13007,3194,-3392,1,2462.77
4783,20:20:15:357,3,Severe_Damage,L3_S1,-10290,466,9236,-12543,-3586,-809,1,-5629.23
4784,20:20:15:367,3,Severe_Damage,L3_S1,6390,552,9262,-11292,2063,-2899,1,-5603.23
4785,20:20:15:377,3,Severe_Damage,L3_S1,-3946,-914,5130,-9275,-1730,-946,1,-9735.23
4786,20:20:15:387,3,Severe_Damage,L3_S1,-954,-574,4410,-5955,579,-1199,1,-10455.23
4787,20:20:15:397,3,Severe_Damage,L3_S1,4690,-1218,4546,-2526,-306,-774,1,-10319.23
4788,20:20:15:407,3,Severe_Damage,L3_S1,-8036,-870,3026,1192,-154,750,1,-11839.23
4789,20:20:15:417,3,Severe_Damage,L3_S1,8564,-568,7986,4939,1013,-207,1,-6879.23
4790,20:20:15:427,3,Severe_Damage,L3_S1,-9316,44,6228,7864,-1312,2140,1,-8637.23
4791,20:20:15:437,3,Severe_Damage,L3_S1,5318,636,13114,10261,2346,635,1,-1751.23
4792,20:20:15:447,3,Severe_Damage,L3_S1,-5318,1596,13370,11574,-1148,2369,1,-1495.23
4793,20:20:15:457,3,Severe_Damage,L3_S1,-2140,1690,17970,11496,708,1596,1,3104.77
4794,20:20:15:467,3,Severe_Damage,L3_S1,242,3152,21268,11179,1678,1337,1,6402.77
4795,20:20:15:477,3,Severe_Damage,L3_S1,-8154,2632,21808,8440,-2341,2039,1,6942.77
4796,20:20:15:487,3,Severe_Damage,L3_S1,1384,3452,25828,6529,3154,48,1,10962.77
4797,20:20:15:497,3,Severe_Damage,L3_S1,-6004,3512,24526,2603,-1626,925,1,9660.77
4798,20:20:15:507,3,Severe_Damage,L3_S1,-4024,3256,24798,-748,-136,-248,1,9932.77
4799,20:20:15:517,3,Severe_Damage,L3_S1,18,3458,24348,-3973,1891,-1240,1,9482.77
4800,20:20:15:527,3,Severe_Damage,L3_S1,-7302,2608,20524,-7544,-2801,-526,1,5658.77
4801,20:20:15:537,3,Severe_Damage,L3_S1,1390,2542,19968,-9437,1982,-2309,0,5102.77
4802,20:20:15:547,3,Severe_Damage,L3_S1,-3944,1736,15384,-11227,-1399,-1485,0,518.77
4803,20:20:15:557,3,Severe_Damage,L3_S1,-2136,1044,12884,-11607,-373,-1958,1,-1981.23
4804,20:20:15:567,3,Severe_Damage,L3_S1,1976,558,10536,-10895,362,-2140,1,-4329.23
4805,20:20:15:577,3,Severe_Damage,L3_S1,-5294,-344,6708,-9584,-1418,-1086,1,-8157.23
4806,20:20:15:587,3,Severe_Damage,L3_S1,4868,-426,6912,-6719,999,-1777,1,-7953.23
4807,20:20:15:597,3,Severe_Damage,L3_S1,-5002,-1108,4072,-4103,-1323,-140,1,-10793.23
4808,20:20:15:607,3,Severe_Damage,L3_S1,3112,-666,5860,-406,1079,-625,1,-9005.23
4809,20:20:15:617,3,Severe_Damage,L3_S1,-1912,-732,5668,2803,-716,632,0,-9197.23
4810,20:20:15:627,3,Severe_Damage,L3_S1,-1166,-240,7796,5863,723,788,0,-7069.23
4811,20:20:15:637,3,Severe_Damage,L3_S1,1058,634,10486,8492,413,1075,1,-4379.23
4812,20:20:15:647,3,Severe_Damage,L3_S1,-4748,826,12460,9815,-438,1851,0,-2405.23
4813,20:20:15:657,3,Severe_Damage,L3_S1,1554,2014,16740,10910,1728,1144,0,1874.77
4814,20:20:15:668,3,Severe_Damage,L3_S1,-5284,2068,18198,10141,-1071,2011,1,3332.77
4815,20:20:15:678,3,Severe_Damage,L3_S1,-1344,2838,21586,9127,1241,1053,0,6720.77
4816,20:20:15:687,3,Severe_Damage,L3_S1,-2836,3008,23238,6837,382,1016,0,8372.77
4817,20:20:15:697,3,Severe_Damage,L3_S1,-5008,3080,23570,3970,-911,827,1,8704.77
4818,20:20:15:707,3,Severe_Damage,L3_S1,-828,3352,24944,1022,1645,-384,0,10078.77
4819,20:20:15:717,3,Severe_Damage,L3_S1,-5390,2980,22962,-2488,-1369,-60,0,8096.77
4820,20:20:15:727,3,Severe_Damage,L3_S1,-1862,2840,22144,-5280,454,-1144,0,7278.77
4821,20:20:15:737,3,Severe_Damage,L3_S1,-2124,2570,19788,-7800,238,-1397,0,4922.77
4822,20:20:15:747,3,Severe_Damage,L3_S1,-3946,1800,16748,-9759,-1356,-1364,1,1882.77
4823,20:20:15:757,3,Severe_Damage,L3_S1,748,1480,14904,-10323,905,-2115,0,38.77
4824,20:20:15:767,3,Severe_Damage,L3_S1,-3762,616,11128,-10538,-1363,-1393,1,-3737.23
4825,20:20:15:777,3,Severe_Damage,L3_S1,808,302,9606,-9260,370,-1821,0,-5259.23
4826,20:20:15:787,3,Severe_Damage,L3_S1,-1216,-340,7098,-7512,-584,-1157,0,-7767.23
4827,20:20:15:797,3,Severe_Damage,L3_S1,-1144,-676,6084,-4935,-8,-852,0,-8781.23
4828,20:20:15:807,3,Severe_Damage,L3_S1,1392,-588,6096,-1885,57,-541,1,-8769.23
4829,20:20:15:817,3,Severe_Damage,L3_S1,-2918,-718,5864,1039,-240,327,1,-9001.23
4830,20:20:15:827,3,Severe_Damage,L3_S1,1958,-128,8070,4210,724,268,1,-6795.23
4831,20:20:15:837,3,Severe_Damage,L3_S1,-3236,76,9158,6527,-416,1249,0,-5707.23
4832,20:20:15:847,3,Severe_Damage,L3_S1,156,890,12254,8557,962,1027,0,-2611.23
4833,20:20:15:857,3,Severe_Damage,L3_S1,-2284,1306,14530,9491,-34,1541,1,-335.23
4834,20:20:15:867,3,Severe_Damage,L3_S1,-2688,1796,17244,9587,302,1464,0,2378.77
4835,20:20:15:877,3,Severe_Damage,L3_S1,-1326,2504,19960,8942,872,1164,1,5094.77
4836,20:20:15:887,3,Severe_Damage,L3_S1,-4442,2618,21246,7101,-614,1315,0,6380.77
4837,20:20:15:897,3,Severe_Damage,L3_S1,-1632,3056,23246,5009,1007,455,0,8380.77
4838,20:20:15:907,3,Severe_Damage,L3_S1,-3854,2978,23354,2087,-303,394,1,8488.77
4839,20:20:15:917,3,Severe_Damage,L3_S1,-3416,2874,23098,-803,-154,-188,0,8232.77
4840,20:20:15:927,3,Severe_Damage,L3_S1,-1960,2816,22378,-3580,652,-840,1,7512.77
4841,20:20:15:937,3,Severe_Damage,L3_S1,-4010,2356,19984,-6237,-995,-844,1,5118.77
4842,20:20:15:947,3,Severe_Damage,L3_S1,-1116,2156,18320,-8027,456,-1586,0,3454.77
4843,20:20:15:958,3,Severe_Damage,L3_S1,-2528,1442,15454,-9346,-603,-1455,1,588.77
4844,20:20:15:967,3,Severe_Damage,L3_S1,-1684,1004,13032,-9583,-323,-1615,1,-1833.23
4845,20:20:15:977,3,Severe_Damage,L3_S1,-264,504,10870,-9034,-12,-1615,0,-3995.23
4846,20:20:15:987,3,Severe_Damage,L3_S1,-2272,-106,8524,-7752,-608,-1157,0,-6341.23
4847,20:20:15:997,3,Severe_Damage,L3_S1,1010,-196,7714,-5536,219,-1159,1,-7151.23
4848,20:20:16:007,3,Severe_Damage,L3_S1,-2120,-632,6422,-3148,-422,-412,0,-8443.23
4849,20:20:16:017,3,Severe_Damage,L3_S1,536,-464,6960,-231,304,-263,1,-7905.23
4850,20:20:16:027,3,Severe_Damage,L3_S1,-1092,-324,7630,2475,-75,376,0,-7235.23
4851,20:20:16:037,3,Severe_Damage,L3_S1,-1154,-36,9186,4970,278,686,0,-5679.23
4852,20:20:16:047,3,Severe_Damage,L3_S1,-400,664,11238,7058,369,957,0,-3627.23
4853,20:20:16:057,3,Severe_Damage,L3_S1,-2746,974,13356,8220,20,1346,0,-1509.23
4854,20:20:16:067,3,Severe_Damage,L3_S1,-926,1644,16216,8872,796,1147,1,1350.77
4855,20:20:16:077,3,Severe_Damage,L3_S1,-3034,1918,18152,8383,-167,1392,0,3286.77
4856,20:20:16:087,3,Severe_Damage,L3_S1,-2344,2424,20460,7349,531,997,0,5594.77
4857,20:20:16:097,3,Severe_Damage,L3_S1,-2672,2686,21812,5472,251,772,0,6946.77
4858,20:20:16:107,3,Severe_Damage,L3_S1,-3574,2780,22390,3088,-216,507,0,7524.77
4859,20:20:16:117,3,Severe_Damage,L3_S1,-2268,2856,22874,547,586,-149,0,8008.77
4860,20:20:16:127,3,Severe_Damage,L3_S1,-3674,2662,21770,-2220,-475,-312,1,6904.77
4861,20:20:16:137,3,Severe_Damage,L3_S1,-2430,2488,20684,-4579,95,-891,0,5818.77
4862,20:20:16:147,3,Severe_Damage,L3_S1,-2308,2140,18782,-6630,-44,-1165,0,3916.77
4863,20:20:16:157,3,Severe_Damage,L3_S1,-2610,1682,16528,-8115,-539,-1300,0,1662.77
4864,20:20:16:167,3,Severe_Damage,L3_S1,-924,1310,14458,-8662,137,-1588,0,-407.23
4865,20:20:16:177,3,Severe_Damage,L3_S1,-2226,666,11820,-8603,-550,-1342,1,-3045.23
4866,20:20:16:187,3,Severe_Damage,L3_S1,-470,356,10124,-7616,-38,-1393,0,-4741.23
4867,20:20:16:197,3,Severe_Damage,L3_S1,-1040,-224,8564,-6070,-298,-1003,0,-6301.23
4868,20:20:16:207,3,Severe_Damage,L3_S1,-860,-330,7614,-3885,-39,-700,0,-7251.23
4869,20:20:16:217,3,Severe_Damage,L3_S1,-118,-392,7520,-1424,21,-367,0,-7345.23
4870,20:20:16:227,3,Severe_Damage,L3_S1,-1490,-324,7808,1106,-42,162,0,-7057.23
4871,20:20:16:237,3,Severe_Damage,L3_S1,-26,-4,9202,3568,342,378,0,-5663.23
4872,20:20:16:247,3,Severe_Damage,L3_S1,-1872,284,10542,5558,5,893,0,-4323.23
4873,20:20:16:257,3,Severe_Damage,L3_S1,-1030,886,12732,7111,485,972,0,-2133.23
4874,20:20:16:267,3,Severe_Damage,L3_S1,-1922,1300,14880,7830,138,1193,0,14.77
4875,20:20:16:277,3,Severe_Damage,L3_S1,-2332,1770,17036,7882,281,1177,0,2170.77
4876,20:20:16:287,3,Severe_Damage,L3_S1,-2004,2142,19168,7186,423,996,0,4302.77
4877,20:20:16:297,3,Severe_Damage,L3_S1,-3254,2388,20468,5737,-56,919,0,5602.77
4878,20:20:16:307,3,Severe_Damage,L3_S1,-2456,2582,21690,3849,437,440,0,6824.77
4879,20:20:16:317,3,Severe_Damage,L3_S1,-3176,2644,21978,1491,-60,201,0,7112.77
4880,20:20:16:327,3,Severe_Damage,L3_S1,-2940,2596,21690,-920,-30,-233,0,6824.77
4881,20:20:16:337,3,Severe_Damage,L3_S1,-2384,2454,20858,-3245,160,-669,1,5992.77
4882,20:20:16:347,3,Severe_Damage,L3_S1,-2934,2150,19020,-5297,-378,-856,0,4154.77
4883,20:20:16:357,3,Severe_Damage,L3_S1,-1734,1902,17448,-6804,89,-1256,1,2582.77
4884,20:20:16:367,3,Severe_Damage,L3_S1,-2132,1350,15302,-7807,-366,-1288,0,436.77
4885,20:20:16:377,3,Severe_Damage,L3_S1,-1544,958,13160,-7896,-206,-1358,1,-1705.23
4886,20:20:16:387,3,Severe_Damage,L3_S1,-992,492,11302,-7412,-128,-1294,0,-3563.23
4887,20:20:16:397,3,Severe_Damage,L3_S1,-1478,96,9622,-6219,-324,-1026,1,-5243.23
4888,20:20:16:407,3,Severe_Damage,L3_S1,-238,-118,8682,-4436,40,-863,1,-6183.23
4889,20:20:16:417,3,Severe_Damage,L3_S1,-1260,-268,8012,-2343,-170,-400,0,-6853.23
4890,20:20:16:427,3,Severe_Damage,L3_S1,-390,-220,8270,7,139,-142,1,-6595.23
4891,20:20:16:437,3,Severe_Damage,L3_S1,-1090,-106,8972,2244,37,302,1,-5893.23
4892,20:20:16:447,3,Severe_Damage,L3_S1,-1182,220,10344,4273,196,590,0,-4521.23
4893,20:20:16:457,3,Severe_Damage,L3_S1,-1092,660,12080,5907,270,823,0,-2785.23
4894,20:20:16:467,3,Severe_Damage,L3_S1,-2038,1042,13876,6861,151,1044,1,-989.23
4895,20:20:16:477,3,Severe_Damage,L3_S1,-1538,1544,16086,7223,409,1006,0,1220.77
4896,20:20:16:487,3,Severe_Damage,L3_S1,-2646,1868,17798,6816,130,1055,0,2932.77
4897,20:20:16:497,3,Severe_Damage,L3_S1,-2356,2240,19478,5854,289,813,0,4612.77
4898,20:20:16:507,3,Severe_Damage,L3_S1,-2630,2348,20640,4253,171,596,0,5774.77
4899,20:20:16:517,3,Severe_Damage,L3_S1,-2996,2492,21152,2290,-9,308,0,6286.77
4900,20:20:16:527,3,Severe_Damage,L3_S1,-2568,2570,21304,118,211,-117,0,6438.77
4901,20:20:16:537,3,Severe_Damage,L3_S1,-3004,2374,20550,-2097,-155,-374,1,5684.77
4902,20:20:16:547,3,Severe_Damage,L3_S1,-2358,2196,19478,-4044,10,-760,0,4612.77
4903,20:20:16:557,3,Severe_Damage,L3_S1,-2256,1920,17776,-5655,-111,-986,0,2910.77
4904,20:20:16:568,3,Severe_Damage,L3_S1,-2166,1520,16016,-6794,-277,-1153,0,1150.77
4905,20:20:16:577,3,Severe_Damage,L3_S1,-1388,1156,14152,-7214,-90,-1281,0,-713.23
4906,20:20:16:587,3,Severe_Damage,L3_S1,-1698,730,12202,-7019,-286,-1170,0,-2663.23
4907,20:20:16:597,3,Severe_Damage,L3_S1,-914,398,10780,-6167,-111,-1114,0,-4085.23
4908,20:20:16:607,3,Severe_Damage,L3_S1,-1064,24,9540,-4807,-182,-830,0,-5325.23
4909,20:20:16:617,3,Severe_Damage,L3_S1,-852,-72,8830,-2970,-32,-576,1,-6035.23
4910,20:20:16:627,3,Severe_Damage,L3_S1,-658,-126,8752,-944,4,-249,1,-6113.23
4911,20:20:16:637,3,Severe_Damage,L3_S1,-1148,-54,9108,1163,40,116,0,-5757.23
4912,20:20:16:647,3,Severe_Damage,L3_S1,-804,212,10262,3110,200,379,0,-4603.23
4913,20:20:16:657,3,Severe_Damage,L3_S1,-1520,454,11542,4729,94,698,0,-3323.23
4914,20:20:16:667,3,Severe_Damage,L3_S1,-1422,924,13304,5926,327,823,0,-1561.23
4915,20:20:16:677,3,Severe_Damage,L3_S1,-1892,1250,15116,6441,172,952,1,250.77
4916,20:20:16:687,3,Severe_Damage,L3_S1,-2174,1712,16884,6404,230,935,0,2018.77
4917,20:20:16:697,3,Severe_Damage,L3_S1,-2180,1936,18592,5704,270,800,0,3726.77
4918,20:20:16:707,3,Severe_Damage,L3_S1,-2726,2248,19656,4523,74,666,0,4790.77
4919,20:20:16:717,3,Severe_Damage,L3_S1,-2484,2310,20604,2835,221,331,0,5738.77
4920,20:20:16:727,3,Severe_Damage,L3_S1,-2836,2392,20656,941,15,81,0,5790.77
4921,20:20:16:737,3,Severe_Damage,L3_S1,-2676,2298,20410,-1090,12,-272,0,5544.77
4922,20:20:16:747,3,Severe_Damage,L3_S1,-2426,2176,19442,-2948,0,-570,0,4576.77
4923,20:20:16:757,3,Severe_Damage,L3_S1,-2510,1890,18152,-4594,-183,-794,0,3286.77
4924,20:20:16:767,3,Severe_Damage,L3_S1,-1900,1652,16676,-5766,-28,-1034,0,1810.77
4925,20:20:16:778,3,Severe_Damage,L3_S1,-1992,1268,14964,-6503,-259,-1101,0,98.77
4926,20:20:16:787,3,Severe_Damage,L3_S1,-1514,926,13186,-6489,-125,-1135,0,-1679.23
4927,20:20:16:798,3,Severe_Damage,L3_S1,-1242,558,11760,-6008,-162,-1050,0,-3105.23
4928,20:20:16:807,3,Severe_Damage,L3_S1,-1282,262,10362,-4936,-181,-862,1,-4503.23
4929,20:20:16:817,3,Severe_Damage,L3_S1,-734,60,9696,-3447,-38,-656,0,-5169.23
4930,20:20:16:827,3,Severe_Damage,L3_S1,-1168,-32,9210,-1645,-75,-317,0,-5655.23
4931,20:20:16:837,3,Severe_Damage,L3_S1,-806,40,9528,253,79,-68,0,-5337.23
4932,20:20:16:847,3,Severe_Damage,L3_S1,-1086,162,10190,2092,75,251,1,-4675.23
4933,20:20:16:858,3,Severe_Damage,L3_S1,-1282,498,11322,3701,171,489,0,-3543.23
4934,20:20:16:867,3,Severe_Damage,L3_S1,-1326,712,12802,4946,190,686,0,-2063.23
4935,20:20:16:877,3,Severe_Damage,L3_S1,-1870,1134,14340,5715,213,831,0,-525.23
4936,20:20:16:887,3,Severe_Damage,L3_S1,-1778,1432,16132,5842,208,820,0,1266.77
4937,20:20:16:897,3,Severe_Damage,L3_S1,-2438,1736,17584,5469,181,804,0,2718.77
4938,20:20:16:907,3,Severe_Damage,L3_S1,-2344,2032,18848,4568,215,623,0,3982.77
4939,20:20:16:917,3,Severe_Damage,L3_S1,-2556,2122,19686,3219,131,429,0,4820.77
4940,20:20:16:927,3,Severe_Damage,L3_S1,-2698,2278,20096,1552,62,167,0,5230.77
4941,20:20:16:937,3,Severe_Damage,L3_S1,-2564,2212,20048,-251,73,-142,0,5182.77
4942,20:20:16:947,3,Severe_Damage,L3_S1,-2640,2150,19456,-2013,-63,-396,0,4590.77
4943,20:20:16:957,3,Severe_Damage,L3_S1,-2240,1960,18434,-3610,-36,-675,0,3568.77
4944,20:20:16:968,3,Severe_Damage,L3_S1,-2222,1640,17010,-4857,-92,-844,0,2144.77
4945,20:20:16:978,3,Severe_Damage,L3_S1,-1902,1410,15508,-5691,-147,-998,0,642.77
4946,20:20:16:988,3,Severe_Damage,L3_S1,-1650,1016,13990,-5975,-136,-1042,0,-875.23
4947,20:20:16:997,3,Severe_Damage,L3_S1,-1554,714,12498,-5671,-142,-986,1,-2367.23
4948,20:20:17:007,3,Severe_Damage,L3_S1,-1112,424,11270,-4933,-147,-883,1,-3595.23
4949,20:20:17:018,3,Severe_Damage,L3_S1,-1198,202,10362,-3723,-100,-667,0,-4503.23
4950,20:20:17:027,3,Severe_Damage,L3_S1,-944,92,9946,-2189,-16,-450,0,-4919.23
4951,20:20:17:037,3,Severe_Damage,L3_S1,-1044,100,9864,-483,8,-163,0,-5001.23
4952,20:20:17:047,3,Severe_Damage,L3_S1,-1132,202,10412,1211,86,95,0,-4453.23
4953,20:20:17:057,3,Severe_Damage,L3_S1,-1196,442,11178,2776,130,346,0,-3687.23
4954,20:20:17:067,3,Severe_Damage,L3_S1,-1516,640,12462,4042,142,561,1,-2403.23
4955,20:20:17:077,3,Severe_Damage,L3_S1,-1568,1040,13812,4950,227,683,0,-1053.23
4956,20:20:17:087,3,Severe_Damage,L3_S1,-1908,1294,15356,5246,156,755,0,490.77
4957,20:20:17:097,3,Severe_Damage,L3_S1,-2078,1634,16732,5149,205,723,0,1866.77
4958,20:20:17:107,3,Severe_Damage,L3_S1,-2300,1834,18100,4469,178,623,0,3234.77
4959,20:20:17:117,3,Severe_Damage,L3_S1,-2524,2064,18974,3438,127,466,0,4108.77
4960,20:20:17:127,3,Severe_Damage,L3_S1,-2476,2132,19544,1995,113,220,0,4678.77
4961,20:20:17:137,3,Severe_Damage,L3_S1,-2636,2138,19600,419,28,-10,0,4734.77
4962,20:20:17:147,3,Severe_Damage,L3_S1,-2450,2064,19300,-1235,12,-296,0,4434.77
4963,20:20:17:158,3,Severe_Damage,L3_S1,-2436,1922,18508,-2736,-26,-528,0,3642.77
4964,20:20:17:167,3,Severe_Damage,L3_S1,-2226,1786,17388,-3995,-93,-718,0,2522.77
4965,20:20:17:177,3,Severe_Damage,L3_S1,-1970,1466,16062,-4902,-58,-880,0,1196.77
4966,20:20:17:188,3,Severe_Damage,L3_S1,-1840,1122,14648,-5399,-182,-942,0,-217.23
4967,20:20:17:197,3,Severe_Damage,L3_S1,-1500,900,13218,-5286,-88,-937,0,-1647.23
4968,20:20:17:207,3,Severe_Damage,L3_S1,-1346,570,12046,-4808,-136,-848,1,-2819.23
4969,20:20:17:217,3,Severe_Damage,L3_S1,-1252,378,11034,-3847,-91,-698,0,-3831.23
4970,20:20:17:228,3,Severe_Damage,L3_S1,-1074,164,10528,-2581,-47,-495,0,-4337.23
4971,20:20:17:237,3,Severe_Damage,L3_S1,-1140,184,10324,-1059,-3,-255,0,-4541.23
4972,20:20:17:247,3,Severe_Damage,L3_S1,-1074,236,10592,482,58,-18,0,-4273.23
4973,20:20:17:257,3,Severe_Damage,L3_S1,-1238,376,11250,1970,84,230,1,-3615.23
4974,20:20:17:267,3,Severe_Damage,L3_S1,-1414,572,12284,3228,144,419,0,-2581.23
4975,20:20:17:277,3,Severe_Damage,L3_S1,-1580,856,13422,4177,147,578,0,-1443.23
4976,20:20:17:287,3,Severe_Damage,L3_S1,-1870,1136,14744,4678,212,664,0,-121.23
4977,20:20:17:297,3,Severe_Damage,L3_S1,-1918,1398,16204,4710,140,667,0,1338.77
4978,20:20:17:307,3,Severe_Damage,L3_S1,-2296,1644,17352,4318,191,602,0,2486.77
4979,20:20:17:318,3,Severe_Damage,L3_S1,-2268,1910,18294,3486,124,459,0,3428.77
4980,20:20:17:327,3,Severe_Damage,L3_S1,-2484,1958,18886,2305,108,282,0,4020.77
4981,20:20:17:337,3,Severe_Damage,L3_S1,-2446,2034,19198,929,79,55,0,4332.77
4982,20:20:17:347,3,Severe_Damage,L3_S1,-2452,2056,19018,-558,25,-175,0,4152.77
4983,20:20:17:358,3,Severe_Damage,L3_S1,-2432,1850,18480,-2002,-27,-403,0,3614.77
4984,20:20:17:368,3,Severe_Damage,L3_S1,-2214,1752,17590,-3226,-47,-606,0,2724.77
4985,20:20:17:378,3,Severe_Damage,L3_S1,-2120,1490,16444,-4181,-78,-754,0,1578.77
4986,20:20:17:388,3,Severe_Damage,L3_S1,-1798,1230,15132,-4769,-109,-852,0,266.77
4987,20:20:17:398,3,Severe_Damage,L3_S1,-1672,952,13860,-4898,-108,-871,0,-1005.23
4988,20:20:17:408,3,Severe_Damage,L3_S1,-1504,724,12692,-4559,-91,-814,1,-2173.23
4989,20:20:17:418,3,Severe_Damage,L3_S1,-1218,520,11700,-3857,-110,-703,1,-3165.23
4990,20:20:17:428,3,Severe_Damage,L3_S1,-1298,306,11104,-2809,-43,-530,0,-3761.23
4991,20:20:17:438,3,Severe_Damage,L3_S1,-1168,290,10800,-1502,-15,-333,0,-4065.23
4992,20:20:17:447,3,Severe_Damage,L3_S1,-1122,268,10764,-105,37,-107,0,-4101.23
4993,20:20:17:457,3,Severe_Damage,L3_S1,-1284,390,11344,1266,87,112,0,-3521.23
4994,20:20:17:467,3,Severe_Damage,L3_S1,-1360,614,12086,2492,109,307,0,-2779.23
4995,20:20:17:477,3,Severe_Damage,L3_S1,-1548,766,13180,3461,126,466,1,-1685.23
4996,20:20:17:487,3,Severe_Damage,L3_S1,-1704,1110,14276,4110,201,566,0,-589.23
4997,20:20:17:497,3,Severe_Damage,L3_S1,-1886,1304,15606,4251,119,592,0,740.77
4998,20:20:17:508,3,Severe_Damage,L3_S1,-2086,1578,16746,4067,188,558,0,1880.77
4999,20:20:17:518,3,Severe_Damage,L3_S1,-2200,1736,17688,3438,121,457,1,2822.77
5000,20:20:17:528,3,Severe_Damage,L3_S1,-2384,1890,18362,2503,102,312,0,3496.77
5001,20:20:17:538,3,Severe_Damage,L3_S1,-2402,1894,18778,1285,83,115,0,3912.77
5002,20:20:17:547,3,Severe_Damage,L3_S1,-2436,1930,18738,-29,24,-86,0,3872.77
5003,20:20:17:558,3,Severe_Damage,L3_S1,-2330,1876,18362,-1351,10,-308,0,3496.77
5004,20:20:17:568,3,Severe_Damage,L3_S1,-2196,1736,17658,-2552,-34,-495,0,2792.77
5005,20:20:17:578,3,Severe_Damage,L3_S1,-2114,1554,16608,-3509,-64,-645,0,1742.77
5006,20:20:17:588,3,Severe_Damage,L3_S1,-1942,1294,15520,-4162,-70,-756,0,654.77
5007,20:20:17:598,3,Severe_Damage,L3_S1,-1818,1062,14410,-4462,-113,-800,0,-455.23
5008,20:20:17:608,3,Severe_Damage,L3_S1,-1498,856,13234,-4282,-87,-770,0,-1631.23
5009,20:20:17:618,3,Severe_Damage,L3_S1,-1390,592,12426,-3779,-69,-690,0,-2439.23
5010,20:20:17:628,3,Severe_Damage,L3_S1,-1286,506,11536,-2912,-62,-550,0,-3329.23
5011,20:20:17:638,3,Severe_Damage,L3_S1,-1146,318,11328,-1845,-30,-379,0,-3537.23
5012,20:20:17:647,3,Severe_Damage,L3_S1,-1208,380,11120,-558,37,-173,0,-3745.23
5013,20:20:17:657,3,Severe_Damage,L3_S1,-1232,344,11480,683,55,20,0,-3385.23
5014,20:20:17:667,3,Severe_Damage,L3_S1,-1400,546,12076,1868,99,205,0,-2789.23
5015,20:20:17:677,3,Severe_Damage,L3_S1,-1540,750,12918,2821,126,357,0,-1947.23
5016,20:20:17:688,3,Severe_Damage,L3_S1,-1644,992,13910,3520,137,474,0,-955.23
5017,20:20:17:698,3,Severe_Damage,L3_S1,-1876,1166,15058,3825,152,525,0,192.77
5018,20:20:17:708,3,Severe_Damage,L3_S1,-2008,1432,16240,3754,126,505,0,1374.77
5019,20:20:17:718,3,Severe_Damage,L3_S1,-2158,1592,17182,3313,146,442,0,2316.77
5020,20:20:17:728,3,Severe_Damage,L3_S1,-2308,1778,17774,2580,105,321,0,2908.77
5021,20:20:17:737,3,Severe_Damage,L3_S1,-2380,1830,18322,1536,72,157,0,3456.77
5022,20:20:17:747,3,Severe_Damage,L3_S1,-2364,1850,18294,394,57,-32,0,3428.77
5023,20:20:17:758,3,Severe_Damage,L3_S1,-2316,1770,18132,-841,-3,-220,0,3266.77
5024,20:20:17:768,3,Severe_Damage,L3_S1,-2250,1776,17508,-1958,-15,-403,0,2642.77
5025,20:20:17:778,3,Severe_Damage,L3_S1,-2044,1570,16890,-2929,-51,-558,0,2024.77
5026,20:20:17:788,3,Severe_Damage,L3_S1,-1956,1386,15830,-3605,-60,-667,0,964.77
5027,20:20:17:798,3,Severe_Damage,L3_S1,-1784,1174,14768,-3988,-77,-730,0,-97.23
5028,20:20:17:808,3,Severe_Damage,L3_S1,-1686,914,13884,-4008,-88,-727,0,-981.23
5029,20:20:17:818,3,Severe_Damage,L3_S1,-1550,770,12778,-3597,-61,-662,0,-2087.23
5030,20:20:17:828,3,Severe_Damage,L3_S1,-1320,570,12096,-2957,-69,-570,1,-2769.23
5031,20:20:17:838,3,Severe_Damage,L3_S1,-1368,460,11704,-2021,-15,-414,0,-3161.23
5032,20:20:17:848,3,Severe_Damage,L3_S1,-1222,364,11550,-934,-13,-239,1,-3315.23
5033,20:20:17:857,3,Severe_Damage,L3_S1,-1298,454,11706,223,47,-54,0,-3159.23
5034,20:20:17:867,3,Severe_Damage,L3_S1,-1348,604,12170,1319,76,122,0,-2695.23
5035,20:20:17:877,3,Severe_Damage,L3_S1,-1488,692,12878,2262,99,270,0,-1987.23
5036,20:20:17:888,3,Severe_Damage,L3_S1,-1650,952,13768,2964,121,383,0,-1097.23
5037,20:20:17:898,3,Severe_Damage,L3_S1,-1786,1112,14768,3380,148,446,0,-97.23
5038,20:20:17:908,3,Severe_Damage,L3_S1,-1940,1334,15736,3424,114,457,0,870.77
5039,20:20:17:918,3,Severe_Damage,L3_S1,-2084,1540,16632,3151,140,411,0,1766.77
5040,20:20:17:928,3,Severe_Damage,L3_S1,-2228,1664,17306,2562,107,313,0,2440.77
5041,20:20:17:938,3,Severe_Damage,L3_S1,-2272,1748,17844,1710,76,178,0,2978.77
5042,20:20:17:947,3,Severe_Damage,L3_S1,-2324,1766,18030,684,63,16,0,3164.77
5043,20:20:17:958,3,Severe_Damage,L3_S1,-2286,1794,17924,-392,18,-152,0,3058.77
5044,20:20:17:968,3,Severe_Damage,L3_S1,-2214,1688,17576,-1462,-3,-323,0,2710.77
5045,20:20:17:978,3,Severe_Damage,L3_S1,-2114,1582,16898,-2384,-29,-468,0,2032.77
5046,20:20:17:988,3,Severe_Damage,L3_S1,-1894,1414,16068,-3107,-66,-582,0,1202.77
5047,20:20:17:998,3,Severe_Damage,L3_S1,-1836,1208,15158,-3524,-33,-659,0,292.77
5048,20:20:18:008,3,Severe_Damage,L3_S1,-1702,1000,14158,-3662,-102,-678,0,-707.23
5049,20:20:18:018,3,Severe_Damage,L3_S1,-1542,832,13232,-3435,-68,-641,0,-1633.23
5050,20:20:18:028,3,Severe_Damage,L3_S1,-1472,636,12564,-2899,-32,-556,0,-2301.23
5051,20:20:18:038,3,Severe_Damage,L3_S1,-1346,446,11892,-1207,18,-281,0,-2973.23
5052,20:20:18:048,3,Severe_Damage,L3_S1,-1318,544,11858,-149,22,-116,0,-3007.23
5053,20:20:18:057,3,Severe_Damage,L3_S1,-1434,548,12206,850,63,48,0,-2659.23
5054,20:20:18:067,3,Severe_Damage,L3_S1,-1488,686,12892,1775,98,187,0,-1973.23
5055,20:20:18:078,3,Severe_Damage,L3_S1,-1546,838,13674,2479,88,300,0,-1191.23
5056,20:20:18:088,3,Severe_Damage,L3_S1,-1762,1074,14514,2931,128,378,0,-351.23
5057,20:20:18:098,3,Severe_Damage,L3_S1,-1880,1272,15362,3113,140,411,0,496.77
5058,20:20:18:108,3,Severe_Damage,L3_S1,-2008,1432,16244,2922,108,376,0,1378.77
5059,20:20:18:118,3,Severe_Damage,L3_S1,-2158,1564,16892,2498,121,307,0,2026.77
5060,20:20:18:128,3,Severe_Damage,L3_S1,-2140,1684,17522,1770,69,194,0,2656.77
5061,20:20:18:137,3,Severe_Damage,L3_S1,-2278,1740,17662,928,74,59,0,2796.77
5062,20:20:18:148,3,Severe_Damage,L3_S1,-2220,1680,17788,-80,34,-109,0,2922.77
5063,20:20:18:158,3,Severe_Damage,L3_S1,-2252,1600,17398,-1025,18,-253,0,2532.77
5064,20:20:18:168,3,Severe_Damage,L3_S1,-2126,1538,16900,-1928,-33,-397,0,2034.77
5065,20:20:18:178,3,Severe_Damage,L3_S1,-1972,1456,16232,-2622,-38,-513,0,1366.77
5066,20:20:18:188,3,Severe_Damage,L3_S1,-1920,1302,15356,-3108,-40,-586,0,490.77
5067,20:20:18:198,3,Severe_Damage,L3_S1,-1736,1098,14526,-3292,-53,-617,0,-339.23
5068,20:20:18:208,3,Severe_Damage,L3_S1,-1692,872,13762,-3222,-51,-605,0,-1103.23
5069,20:20:18:218,3,Severe_Damage,L3_S1,-1440,758,13054,-2808,-78,-537,0,-1811.23
5070,20:20:18:228,3,Severe_Damage,L3_S1,-1466,670,12450,-2179,0,-436,0,-2415.23
5071,20:20:18:238,3,Severe_Damage,L3_S1,-1348,588,12128,-1366,-32,-303,0,-2737.23
5072,20:20:18:248,3,Severe_Damage,L3_S1,-1432,554,12190,-478,42,-169,0,-2675.23
5073,20:20:18:258,3,Severe_Damage,L3_S1,-1414,640,12390,495,50,-16,0,-2475.23
5074,20:20:18:268,3,Severe_Damage,L3_S1,-1448,656,12828,1308,57,122,0,-2037.23
5075,20:20:18:278,3,Severe_Damage,L3_S1,-1606,824,13454,2045,116,241,0,-1411.23
5076,20:20:18:288,3,Severe_Damage,L3_S1,-1696,1038,14310,2511,77,312,0,-555.23
5077,20:20:18:298,3,Severe_Damage,L3_S1,-1868,1174,15036,2760,139,344,0,170.77
5078,20:20:18:308,3,Severe_Damage,L3_S1,-1966,1316,15946,2699,108,336,0,1080.77
5079,20:20:18:318,3,Severe_Damage,L3_S1,-2048,1504,16550,2390,103,288,0,1684.77
5080,20:20:18:328,3,Severe_Damage,L3_S1,-2110,1552,17094,1795,75,196,0,2228.77
5081,20:20:18:338,3,Severe_Damage,L3_S1,-2234,1650,17418,1053,69,86,0,2552.77
5082,20:20:18:348,3,Severe_Damage,L3_S1,-2188,1656,17456,205,44,-62,0,2590.77
5083,20:20:18:358,3,Severe_Damage,L3_S1,-2164,1614,17268,-691,6,-200,0,2402.77
5084,20:20:18:368,3,Severe_Damage,L3_S1,-2138,1562,16740,-1510,-10,-328,0,1874.77
5085,20:20:18:378,3,Severe_Damage,L3_S1,-2052,1346,16322,-2217,-29,-442,0,1456.77
5086,20:20:18:388,3,Severe_Damage,L3_S1,-1904,1330,15562,-2694,-38,-516,0,696.77
5087,20:20:18:398,3,Severe_Damage,L3_S1,-1754,1164,14798,-2963,-38,-560,0,-67.23
5088,20:20:18:408,3,Severe_Damage,L3_S1,-1662,984,14020,-2940,-43,-554,0,-845.23
5089,20:20:18:418,3,Severe_Damage,L3_S1,-1508,790,13418,-2715,-71,-520,0,-1447.23
5090,20:20:18:428,3,Severe_Damage,L3_S1,-1534,740,12758,-2146,-4,-431,0,-2107.23
5091,20:20:18:438,3,Severe_Damage,L3_S1,-1434,534,12580,-1504,-19,-324,0,-2285.23
5092,20:20:18:448,3,Severe_Damage,L3_S1,-1374,634,12336,-662,4,-193,0,-2529.23
5093,20:20:18:458,3,Severe_Damage,L3_S1,-1424,596,12586,135,52,-72,0,-2279.23
5094,20:20:18:468,3,Severe_Damage,L3_S1,-1484,744,12786,973,61,71,0,-2079.23
5095,20:20:18:478,3,Severe_Damage,L3_S1,-1524,826,13394,1626,83,171,0,-1471.23
5096,20:20:18:488,3,Severe_Damage,L3_S1,-1708,982,14094,2148,110,250,0,-771.23
5097,20:20:18:498,3,Severe_Damage,L3_S1,-1768,1142,14842,2410,77,293,0,-23.23
5098,20:20:18:508,3,Severe_Damage,L3_S1,-1912,1262,15582,2440,116,291,0,716.77
5099,20:20:18:518,3,Severe_Damage,L3_S1,-2006,1378,16268,2221,95,266,0,1402.77
5100,20:20:18:528,3,Severe_Damage,L3_S1,-2086,1536,16662,1808,95,195,0,1796.77
5101,20:20:18:538,3,Severe_Damage,L3_S1,-2084,1572,17074,1121,36,89,0,2208.77
5102,20:20:18:548,3,Severe_Damage,L3_S1,-2194,1602,17194,384,67,-25,0,2328.77
5103,20:20:18:558,3,Severe_Damage,L3_S1,-2144,1590,17118,-403,5,-151,0,2252.77
5104,20:20:18:568,3,Severe_Damage,L3_S1,-2124,1484,16814,-1193,4,-279,0,1948.77
5105,20:20:18:578,3,Severe_Damage,L3_S1,-2030,1436,16292,-1825,-9,-387,0,1426.77
5106,20:20:18:588,3,Severe_Damage,L3_S1,-1880,1274,15646,-2359,-46,-460,0,780.77
5107,20:20:18:598,3,Severe_Damage,L3_S1,-1906,1176,14948,-2625,-12,-507,0,82.77
5108,20:20:18:608,3,Severe_Damage,L3_S1,-1666,1006,14318,-2710,-61,-519,0,-547.23
5109,20:20:18:618,3,Severe_Damage,L3_S1,-1678,920,13600,-2504,-25,-483,0,-1265.23
5110,20:20:18:628,3,Severe_Damage,L3_S1,-1450,674,13162,-2163,-60,-432,0,-1703.23
5111,20:20:18:638,3,Severe_Damage,L3_S1,-1492,708,12792,-1506,25,-324,0,-2073.23
5112,20:20:18:648,3,Severe_Damage,L3_S1,-1480,636,12684,-872,0,-228,0,-2181.23
5113,20:20:18:658,3,Severe_Damage,L3_S1,-1486,710,12698,-70,37,-103,0,-2167.23
5114,20:20:18:667,3,Severe_Damage,L3_S1,-1492,756,12988,626,65,9,0,-1877.23
5115,20:20:18:678,3,Severe_Damage,L3_S1,-1578,832,13392,1308,67,125,0,-1473.23
5116,20:20:18:688,3,Severe_Damage,L3_S1,-1652,948,14060,1791,91,198,0,-805.23
5117,20:20:18:698,3,Severe_Damage,L3_S1,-1776,1090,14714,2110,84,253,0,-151.23
5118,20:20:18:708,3,Severe_Damage,L3_S1,-1910,1212,15356,2188,104,256,0,490.77
5119,20:20:18:718,3,Severe_Damage,L3_S1,-2028,1342,15998,2039,90,225,0,1132.77
5120,20:20:18:728,3,Severe_Damage,L3_S1,-2062,1454,16402,1698,81,187,0,1536.77
5121,20:20:18:738,3,Severe_Damage,L3_S1,-2114,1578,16706,1209,86,102,0,1840.77
5122,20:20:18:748,3,Severe_Damage,L3_S1,-2082,1546,17022,485,8,-5,0,2156.77
5123,20:20:18:758,3,Severe_Damage,L3_S1,-2178,1592,16902,-182,65,-120,0,2036.77
5124,20:20:18:768,3,Severe_Damage,L3_S1,-2030,1512,16688,-906,-11,-234,0,1822.77
5125,20:20:18:778,3,Severe_Damage,L3_S1,-2072,1442,16284,-1508,7,-328,0,1418.77
5126,20:20:18:788,3,Severe_Damage,L3_S1,-1880,1256,15742,-2022,-25,-419,0,876.77
5127,20:20:18:798,3,Severe_Damage,L3_S1,-1850,1246,15138,-2323,-31,-460,0,272.77
5128,20:20:18:808,3,Severe_Damage,L3_S1,-1784,1054,14552,-2453,-7,-485,0,-313.23
5129,20:20:18:818,3,Severe_Damage,L3_S1,-1636,928,13902,-2325,-56,-465,0,-963.23
5130,20:20:18:828,3,Severe_Damage,L3_S1,-1652,798,13468,-2042,-23,-417,0,-1397.23
5131,20:20:18:838,3,Severe_Damage,L3_S1,-1516,740,13152,-1566,-20,-344,0,-1713.23
5132,20:20:18:848,3,Severe_Damage,L3_S1,-1526,760,12888,-929,29,-241,0,-1977.23
5133,20:20:18:858,3,Severe_Damage,L3_S1,-1484,668,12968,-303,4,-133,0,-1897.23
5134,20:20:18:868,3,Severe_Damage,L3_S1,-1544,724,13104,397,66,-28,0,-1761.23
5135,20:20:18:878,3,Severe_Damage,L3_S1,-1594,800,13510,982,60,65,0,-1355.23
5136,20:20:18:888,3,Severe_Damage,L3_S1,-1626,926,13936,1486,86,151,0,-929.23
5137,20:20:18:898,3,Severe_Damage,L3_S1,-1776,1020,14520,1793,86,197,0,-345.23
5138,20:20:18:908,3,Severe_Damage,L3_S1,-1810,1140,15114,1944,82,222,0,248.77
5139,20:20:18:918,3,Severe_Damage,L3_S1,-1966,1304,15708,1867,94,211,0,842.77
5140,20:20:18:928,3,Severe_Damage,L3_S1,-1992,1404,16146,1600,65,158,0,1280.77
5141,20:20:18:938,3,Severe_Damage,L3_S1,-2084,1434,16578,1153,76,87,0,1712.77
5142,20:20:18:948,3,Severe_Damage,L3_S1,-2130,1546,16664,650,63,14,0,1798.77
5143,20:20:18:958,3,Severe_Damage,L3_S1,-2062,1436,16764,-69,8,-101,0,1898.77
5144,20:20:18:968,3,Severe_Damage,L3_S1,-2144,1526,16512,-638,50,-194,0,1646.77
5145,20:20:18:978,3,Severe_Damage,L3_S1,-1934,1340,16232,-1268,-30,-291,0,1366.77
5146,20:20:18:988,3,Severe_Damage,L3_S1,-1994,1320,15744,-1696,-2,-360,0,878.77
5147,20:20:18:998,3,Severe_Damage,L3_S1,-1834,1166,15286,-2056,-32,-418,0,420.77
5148,20:20:19:008,3,Severe_Damage,L3_S1,-1824,1100,14670,-2187,-6,-440,0,-195.23
5149,20:20:19:018,3,Severe_Damage,L3_S1,-1678,996,14082,-2155,-21,-428,0,-783.23
5150,20:20:19:028,3,Severe_Damage,L3_S1,-1552,918,13750,-1917,-36,-392,0,-1115.23
5151,20:20:19:038,3,Severe_Damage,L3_S1,-1634,778,13346,-1535,10,-328,0,-1519.23
5152,20:20:19:048,3,Severe_Damage,L3_S1,-1530,726,13196,-1026,-8,-250,0,-1669.23
5153,20:20:19:058,3,Severe_Damage,L3_S1,-1558,822,13118,-393,46,-152,0,-1747.23
5154,20:20:19:068,3,Severe_Damage,L3_S1,-1526,770,13240,154,14,-65,0,-1625.23
5155,20:20:19:078,3,Severe_Damage,L3_S1,-1588,822,13486,753,85,26,0,-1379.23
5156,20:20:19:088,3,Severe_Damage,L3_S1,-1658,908,13978,1194,54,99,0,-887.23
5157,20:20:19:098,3,Severe_Damage,L3_S1,-1734,1002,14368,1535,85,153,0,-497.23
5158,20:20:19:108,3,Severe_Damage,L3_S1,-1780,1168,14978,1695,81,185,0,112.77
5159,20:20:19:118,3,Severe_Damage,L3_S1,-1862,1216,15512,1677,88,176,0,646.77
5160,20:20:19:128,3,Severe_Damage,L3_S1,-1932,1320,15998,1469,85,145,0,1132.77
5161,20:20:19:138,3,Severe_Damage,L3_S1,-2024,1422,16280,1117,62,91,0,1414.77
5162,20:20:19:148,3,Severe_Damage,L3_S1,-2052,1414,16528,636,65,13,0,1662.77
5163,20:20:19:158,3,Severe_Damage,L3_S1,-2108,1468,16568,109,39,-66,0,1702.77
5164,20:20:19:168,3,Severe_Damage,L3_S1,-1996,1448,16388,-465,8,-156,0,1522.77
5165,20:20:19:178,3,Severe_Damage,L3_S1,-2004,1438,16190,-1030,16,-258,0,1324.77
5166,20:20:19:188,3,Severe_Damage,L3_S1,-1956,1292,15748,-1472,-1,-322,0,882.77
5167,20:20:19:198,3,Severe_Damage,L3_S1,-1894,1236,15296,-1781,-13,-374,0,430.77
5168,20:20:19:208,3,Severe_Damage,L3_S1,-1758,1096,14844,-1971,-5,-400,0,-21.23
5169,20:20:19:218,3,Severe_Damage,L3_S1,-1780,1036,14266,-1947,-7,-399,0,-599.23
5170,20:20:19:228,3,Severe_Damage,L3_S1,-1614,886,13890,-1793,-34,-372,0,-975.23
5171,20:20:19:238,3,Severe_Damage,L3_S1,-1600,826,13574,-1462,4,-320,0,-1291.23
5172,20:20:19:248,3,Severe_Damage,L3_S1,-1626,778,13358,-1022,-4,-249,0,-1507.23
5173,20:20:19:258,3,Severe_Damage,L3_S1,-1556,736,13312,-537,4,-175,0,-1553.23
5174,20:20:19:268,3,Severe_Damage,L3_S1,-1588,846,13344,49,55,-84,0,-1521.23
5175,20:20:19:278,3,Severe_Damage,L3_S1,-1592,776,13636,534,45,-9,0,-1229.23
5176,20:20:19:288,3,Severe_Damage,L3_S1,-1682,942,13940,985,83,68,0,-925.23
5177,20:20:19:298,3,Severe_Damage,L3_S1,-1702,996,14370,1287,54,117,0,-495.23
5178,20:20:19:308,3,Severe_Damage,L3_S1,-1796,1140,14820,1475,74,148,0,-45.23
5179,20:20:19:318,3,Severe_Damage,L3_S1,-1876,1210,15278,1480,75,149,0,412.77
5180,20:20:19:328,3,Severe_Damage,L3_S1,-1906,1294,15756,1335,65,123,0,890.77
5181,20:20:19:338,3,Severe_Damage,L3_S1,-1968,1332,16040,1047,72,79,0,1174.77
5182,20:20:19:348,3,Severe_Damage,L3_S1,-2042,1354,16268,628,45,13,0,1402.77
5183,20:20:19:358,3,Severe_Damage,L3_S1,-2048,1452,16388,166,40,-65,0,1522.77
5184,20:20:19:368,3,Severe_Damage,L3_S1,-1990,1346,16362,-376,20,-150,0,1496.77
5185,20:20:19:378,3,Severe_Damage,L3_S1,-1996,1354,15972,-837,7,-218,0,1106.77
5186,20:20:19:388,3,Severe_Damage,L3_S1,-1922,1290,15816,-1286,0,-295,0,950.77
5187,20:20:19:398,3,Severe_Damage,L3_S1,-1926,1256,15322,-1570,-9,-337,0,456.77
5188,20:20:19:408,3,Severe_Damage,L3_S1,-1776,1170,14884,-1770,-21,-381,0,18.77
5189,20:20:19:419,3,Severe_Damage,L3_S1,-1756,1038,14428,-1777,10,-374,0,-437.23
5190,20:20:19:428,3,Severe_Damage,L3_S1,-1666,918,14108,-1670,-24,-358,0,-757.23
5191,20:20:19:438,3,Severe_Damage,L3_S1,-1552,912,13700,-1390,6,-311,0,-1165.23
5192,20:20:19:448,3,Severe_Damage,L3_S1,-1552,844,13520,-1012,6,-248,0,-1345.23
5193,20:20:19:458,3,Severe_Damage,L3_S1,-1560,798,13420,-548,19,-175,0,-1445.23
5194,20:20:19:468,3,Severe_Damage,L3_S1,-1598,850,13536,-70,38,-101,0,-1329.23
5195,20:20:19:478,3,Severe_Damage,L3_S1,-1658,858,13624,400,42,-23,0,-1241.23
5196,20:20:19:488,3,Severe_Damage,L3_S1,-1710,894,13998,812,67,42,0,-867.23
5197,20:20:19:498,3,Severe_Damage,L3_S1,-1694,1012,14354,1122,68,85,0,-511.23
5198,20:20:19:508,3,Severe_Damage,L3_S1,-1786,1126,14776,1303,73,116,0,-89.23
5199,20:20:19:518,3,Severe_Damage,L3_S1,-1812,1158,15200,1339,79,125,0,334.77
5200,20:20:19:528,3,Severe_Damage,L3_S1,-1940,1282,15712,1226,74,110,0,846.77
5201,20:20:19:538,3,Severe_Damage,L3_S1,-2012,1346,15940,972,66,69,0,1074.77
5202,20:20:19:548,3,Severe_Damage,L3_S1,-1946,1366,16156,623,39,13,0,1290.77
5203,20:20:19:558,3,Severe_Damage,L3_S1,-1982,1378,16236,187,54,-60,0,1370.77
5204,20:20:19:568,3,Severe_Damage,L3_S1,-2026,1428,16132,-271,14,-140,0,1266.77
5205,20:20:19:578,3,Severe_Damage,L3_S1,-1942,1390,15978,-735,14,-213,0,1112.77
5206,20:20:19:589,3,Severe_Damage,L3_S1,-1972,1314,15746,-1113,8,-269,0,880.77
5207,20:20:19:598,3,Severe_Damage,L3_S1,-1906,1234,15332,-1430,-6,-321,0,466.77
5208,20:20:19:609,3,Severe_Damage,L3_S1,-1850,1164,14962,-1595,-14,-345,0,96.77
5209,20:20:19:618,3,Severe_Damage,L3_S1,-1762,1080,14480,-1659,-9,-349,0,-385.23
5210,20:20:19:628,3,Severe_Damage,L3_S1,-1654,978,14170,-1549,-12,-336,0,-695.23
5211,20:20:19:639,3,Severe_Damage,L3_S1,-1658,910,13844,-1328,-10,-298,0,-1021.23
5212,20:20:19:648,3,Severe_Damage,L3_S1,-1594,832,13630,-987,8,-243,0,-1235.23
5213,20:20:19:658,3,Severe_Damage,L3_S1,-1598,818,13604,-586,10,-181,0,-1261.23
5214,20:20:19:669,3,Severe_Damage,L3_S1,-1618,904,13588,-142,35,-113,0,-1277.23
5215,20:20:19:678,3,Severe_Damage,L3_S1,-1606,858,13724,288,46,-41,0,-1141.23
5216,20:20:19:688,3,Severe_Damage,L3_S1,-1674,898,13988,673,57,11,0,-877.23
5217,20:20:19:698,3,Severe_Damage,L3_S1,-1746,974,14382,970,62,63,0,-483.23
5218,20:20:19:708,3,Severe_Damage,L3_S1,-1780,1062,14704,1148,63,94,0,-161.23
5219,20:20:19:718,3,Severe_Damage,L3_S1,-1902,1144,15136,1200,66,98,0,270.77
5220,20:20:19:728,3,Severe_Damage,L3_S1,-1880,1234,15518,1110,72,87,0,652.77
5221,20:20:19:738,3,Severe_Damage,L3_S1,-1924,1262,15794,912,52,56,0,928.77
5222,20:20:19:748,3,Severe_Damage,L3_S1,-1916,1294,16080,595,39,5,0,1214.77
5223,20:20:19:758,3,Severe_Damage,L3_S1,-2022,1374,16068,213,65,-50,0,1202.77
5224,20:20:19:768,3,Severe_Damage,L3_S1,-1934,1346,16010,-200,23,-125,0,1144.77
5225,20:20:19:778,3,Severe_Damage,L3_S1,-1962,1346,15944,-622,25,-184,0,1078.77
5226,20:20:19:788,3,Severe_Damage,L3_S1,-1960,1302,15644,-983,13,-246,0,778.77
5227,20:20:19:798,3,Severe_Damage,L3_S1,-1812,1238,15362,-1280,-15,-291,0,496.77
5228,20:20:19:808,3,Severe_Damage,L3_S1,-1842,1116,14974,-1453,2,-314,0,108.77
5229,20:20:19:819,3,Severe_Damage,L3_S1,-1702,1110,14610,-1517,-14,-335,0,-255.23
5230,20:20:19:828,3,Severe_Damage,L3_S1,-1714,1022,14296,-1449,5,-318,0,-569.23
5231,20:20:19:839,3,Severe_Damage,L3_S1,-1698,920,13986,-1257,-13,-287,0,-879.23
5232,20:20:19:848,3,Severe_Damage,L3_S1,-1670,830,13796,-972,14,-244,0,-1069.23
5233,20:20:19:858,3,Severe_Damage,L3_S1,-1632,836,13662,-596,12,-181,0,-1203.23
5234,20:20:19:868,3,Severe_Damage,L3_S1,-1576,840,13656,-209,23,-123,0,-1209.23
5235,20:20:19:878,3,Severe_Damage,L3_S1,-1644,906,13804,194,50,-58,0,-1061.23
5236,20:20:19:888,3,Severe_Damage,L3_S1,-1632,916,14132,544,37,0,0,-733.23
5237,20:20:19:898,3,Severe_Damage,L3_S1,-1704,974,14312,839,74,44,0,-553.23
5238,20:20:19:908,3,Severe_Damage,L3_S1,-1796,1104,14728,1001,58,74,0,-137.23
5239,20:20:19:918,3,Severe_Damage,L3_S1,-1838,1098,15050,1082,79,85,0,184.77
5240,20:20:19:928,3,Severe_Damage,L3_S1,-1930,1230,15462,1008,70,62,0,596.77
5241,20:20:19:938,3,Severe_Damage,L3_S1,-1910,1288,15688,845,53,43,0,822.77
5242,20:20:19:948,3,Severe_Damage,L3_S1,-1952,1302,15894,565,45,0,0,1028.77
5243,20:20:19:958,3,Severe_Damage,L3_S1,-2024,1310,15930,225,48,-56,0,1064.77
5244,20:20:19:968,3,Severe_Damage,L3_S1,-1968,1366,15924,-158,21,-114,0,1058.77
5245,20:20:19:978,3,Severe_Damage,L3_S1,-1980,1320,15868,-535,22,-173,0,1002.77
5246,20:20:19:988,3,Severe_Damage,L3_S1,-1920,1288,15596,-868,9,-221,0,730.77
5247,20:20:19:998,3,Severe_Damage,L3_S1,-1860,1232,15286,-1152,0,-275,0,420.77
5248,20:20:20:009,3,Severe_Damage,L3_S1,-1818,1160,15014,-1328,-6,-305,0,148.77
5249,20:20:20:019,3,Severe_Damage,L3_S1,-1698,1074,14718,-1402,-13,-312,0,-147.23
5250,20:20:20:028,3,Severe_Damage,L3_S1,-1734,1056,14364,-1340,2,-302,0,-501.23
5251,20:20:20:038,3,Severe_Damage,L3_S1,-1730,944,14110,-1194,10,-282,0,-755.23
5252,20:20:20:048,3,Severe_Damage,L3_S1,-1640,918,13874,-928,3,-239,0,-991.23
5253,20:20:20:058,3,Severe_Damage,L3_S1,-1670,898,13840,-619,22,-192,0,-1025.23
5254,20:20:20:068,3,Severe_Damage,L3_S1,-1632,888,13818,-249,20,-134,0,-1047.23
5255,20:20:20:078,3,Severe_Damage,L3_S1,-1642,944,13882,103,41,-76,0,-983.23
5256,20:20:20:088,3,Severe_Damage,L3_S1,-1680,964,14042,441,50,-25,0,-823.23
5257,20:20:20:098,3,Severe_Damage,L3_S1,-1764,1048,14378,703,52,26,0,-487.23
5258,20:20:20:108,3,Severe_Damage,L3_S1,-1784,1062,14644,885,56,55,0,-221.23
5259,20:20:20:118,3,Severe_Damage,L3_S1,-1828,1126,14948,954,57,57,0,82.77
5260,20:20:20:128,3,Severe_Damage,L3_S1,-1838,1200,15292,915,63,54,0,426.77
5261,20:20:20:138,3,Severe_Damage,L3_S1,-1938,1280,15556,767,56,32,0,690.77
5262,20:20:20:148,3,Severe_Damage,L3_S1,-1940,1290,15756,537,41,-9,0,890.77
5263,20:20:20:158,3,Severe_Damage,L3_S1,-1972,1342,15930,239,42,-54,0,1064.77
5264,20:20:20:168,3,Severe_Damage,L3_S1,-1984,1350,15790,-110,21,-99,0,924.77
5265,20:20:20:178,3,Severe_Damage,L3_S1,-1998,1314,15816,-459,25,-160,0,950.77
5266,20:20:20:188,3,Severe_Damage,L3_S1,-1902,1226,15610,-775,14,-213,0,744.77
5267,20:20:20:199,3,Severe_Damage,L3_S1,-1862,1222,15344,-1028,3,-252,0,478.77
5268,20:20:20:208,3,Severe_Damage,L3_S1,-1824,1128,15038,-1205,6,-281,0,172.77
5269,20:20:20:219,3,Severe_Damage,L3_S1,-1796,1128,14736,-1277,-16,-291,0,-129.23
5270,20:20:20:228,3,Severe_Damage,L3_S1,-1740,970,14454,-1254,8,-292,0,-411.23
5271,20:20:20:238,3,Severe_Damage,L3_S1,-1700,954,14214,-1124,0,-274,0,-651.23
5272,20:20:20:248,3,Severe_Damage,L3_S1,-1698,902,14082,-907,30,-238,0,-783.23
5273,20:20:20:258,3,Severe_Damage,L3_S1,-1624,946,13970,-615,0,-187,0,-895.23
5274,20:20:20:268,3,Severe_Damage,L3_S1,-1678,944,13874,-295,40,-139,0,-991.23
5275,20:20:20:280,3,Severe_Damage,L3_S1,-1688,942,14000,36,24,-79,0,-865.23
5276,20:20:20:288,3,Severe_Damage,L3_S1,-1698,942,14124,337,46,-32,0,-741.23
5277,20:20:20:298,3,Severe_Damage,L3_S1,-1800,1026,14362,587,52,4,0,-503.23
5278,20:20:20:308,3,Severe_Damage,L3_S1,-1766,1030,14580,764,57,35,0,-285.23
5279,20:20:20:319,3,Severe_Damage,L3_S1,-1798,1140,14910,844,61,45,0,44.77
5280,20:20:20:328,3,Severe_Damage,L3_S1,-1844,1186,15268,824,57,39,0,402.77
5281,20:20:20:338,3,Severe_Damage,L3_S1,-1904,1206,15456,706,47,21,0,590.77
5282,20:20:20:348,3,Severe_Damage,L3_S1,-1950,1284,15700,497,62,-10,0,834.77
5283,20:20:20:358,3,Severe_Damage,L3_S1,-1962,1354,15654,237,35,-52,0,788.77
5284,20:20:20:368,3,Severe_Damage,L3_S1,-1964,1308,15764,-68,32,-99,0,898.77
5285,20:20:20:379,3,Severe_Damage,L3_S1,-1956,1296,15672,-380,27,-155,0,806.77
5286,20:20:20:389,3,Severe_Damage,L3_S1,-1870,1260,15552,-679,6,-200,0,686.77
5287,20:20:20:399,3,Severe_Damage,L3_S1,-1844,1244,15342,-926,11,-237,0,476.77
5288,20:20:20:408,3,Severe_Damage,L3_S1,-1804,1108,15116,-1100,8,-262,0,250.77
5289,20:20:20:418,3,Severe_Damage,L3_S1,-1778,1088,14824,-1177,1,-275,0,-41.23
5290,20:20:20:429,3,Severe_Damage,L3_S1,-1750,1064,14566,-1167,4,-278,0,-299.23
5291,20:20:20:438,3,Severe_Damage,L3_S1,-1722,968,14332,-1059,18,-258,0,-533.23
5292,20:20:20:448,3,Severe_Damage,L3_S1,-1728,942,14160,-867,23,-231,0,-705.23
5293,20:20:20:458,3,Severe_Damage,L3_S1,-1612,976,14040,-621,6,-185,0,-825.23
5294,20:20:20:469,3,Severe_Damage,L3_S1,-1706,926,13970,-319,31,-139,0,-895.23
5295,20:20:20:478,3,Severe_Damage,L3_S1,-1646,942,14004,-30,25,-92,0,-861.23
5296,20:20:20:488,3,Severe_Damage,L3_S1,-1696,972,14182,262,41,-49,0,-683.23
5297,20:20:20:498,3,Severe_Damage,L3_S1,-1684,1038,14414,487,54,-10,0,-451.23
5298,20:20:20:508,3,Severe_Damage,L3_S1,-1770,1040,14574,663,56,21,0,-291.23
5299,20:20:20:518,3,Severe_Damage,L3_S1,-1852,1128,14992,740,59,26,0,126.77
5300,20:20:20:528,3,Severe_Damage,L3_S1,-1892,1172,15248,742,60,33,0,382.77
5301,20:20:20:538,3,Severe_Damage,L3_S1,-1846,1216,15462,640,46,15,0,596.77
5302,20:20:20:548,3,Severe_Damage,L3_S1,-1926,1238,15532,478,50,-12,0,666.77
5303,20:20:20:558,3,Severe_Damage,L3_S1,-1950,1296,15692,233,44,-56,0,826.77
5304,20:20:20:568,3,Severe_Damage,L3_S1,-1890,1296,15702,-40,38,-101,0,836.77
5305,20:20:20:578,3,Severe_Damage,L3_S1,-1950,1266,15692,-337,24,-143,0,826.77
5306,20:20:20:588,3,Severe_Damage,L3_S1,-1914,1268,15520,-596,33,-183,0,654.77
5307,20:20:20:598,3,Severe_Damage,L3_S1,-1874,1194,15312,-837,4,-221,0,446.77
5308,20:20:20:609,3,Severe_Damage,L3_S1,-1860,1158,15118,-992,11,-246,0,252.77
5309,20:20:20:619,3,Severe_Damage,L3_S1,-1772,1110,14836,-1083,-7,-259,0,-29.23
5310,20:20:20:629,3,Severe_Damage,L3_S1,-1820,1036,14596,-1079,1,-253,0,-269.23
5311,20:20:20:638,3,Severe_Damage,L3_S1,-1736,972,14398,-988,8,-247,0,-467.23
5312,20:20:20:648,3,Severe_Damage,L3_S1,-1696,998,14288,-833,8,-221,0,-577.23
5313,20:20:20:658,3,Severe_Damage,L3_S1,-1724,962,14090,-608,37,-188,0,-775.23
5314,20:20:20:668,3,Severe_Damage,L3_S1,-1636,890,14040,-346,12,-146,0,-825.23
5315,20:20:20:678,3,Severe_Damage,L3_S1,-1728,940,14116,-73,37,-100,0,-749.23
5316,20:20:20:688,3,Severe_Damage,L3_S1,-1662,982,14268,183,36,-66,0,-597.23
5317,20:20:20:698,3,Severe_Damage,L3_S1,-1716,1002,14402,404,34,-20,0,-463.23
5318,20:20:20:708,3,Severe_Damage,L3_S1,-1754,1068,14648,565,62,0,0,-217.23
5319,20:20:20:718,3,Severe_Damage,L3_S1,-1774,1090,14824,653,39,16,0,-41.23
5320,20:20:20:728,3,Severe_Damage,L3_S1,-1844,1152,15148,651,59,19,0,282.77
5321,20:20:20:738,3,Severe_Damage,L3_S1,-1858,1206,15312,576,55,-3,0,446.77
5322,20:20:20:748,3,Severe_Damage,L3_S1,-1888,1222,15406,426,39,-23,0,540.77
5323,20:20:20:758,3,Severe_Damage,L3_S1,-1950,1234,15600,217,51,-58,0,734.77
5324,20:20:20:769,3,Severe_Damage,L3_S1,-1936,1256,15638,-30,21,-93,0,772.77
5325,20:20:20:779,3,Severe_Damage,L3_S1,-1922,1254,15620,-293,36,-139,0,754.77
5326,20:20:20:789,3,Severe_Damage,L3_S1,-1900,1196,15420,-531,19,-179,0,554.77
5327,20:20:20:798,3,Severe_Damage,L3_S1,-1842,1204,15304,-747,3,-208,0,438.77
5328,20:20:20:809,3,Severe_Damage,L3_S1,-1840,1178,15094,-907,14,-235,0,228.77
5329,20:20:20:819,3,Severe_Damage,L3_S1,-1844,1078,14916,-995,-8,-246,0,50.77
5330,20:20:20:829,3,Severe_Damage,L3_S1,-1754,1074,14622,-1005,11,-248,0,-243.23
5331,20:20:20:838,3,Severe_Damage,L3_S1,-1730,988,14418,-935,14,-231,0,-447.23
5332,20:20:20:849,3,Severe_Damage,L3_S1,-1672,998,14292,-798,16,-213,0,-573.23
5333,20:20:20:859,3,Severe_Damage,L3_S1,-1676,936,14192,-598,15,-178,0,-673.23
5334,20:20:20:869,3,Severe_Damage,L3_S1,-1702,936,14146,-356,19,-143,0,-719.23
5335,20:20:20:879,3,Severe_Damage,L3_S1,-1694,1004,14214,-109,29,-111,0,-651.23
5336,20:20:20:888,3,Severe_Damage,L3_S1,-1684,982,14250,123,29,-63,0,-615.23
5337,20:20:20:899,3,Severe_Damage,L3_S1,-1766,990,14348,334,51,-42,0,-517.23
5338,20:20:20:909,3,Severe_Damage,L3_S1,-1762,1024,14572,485,51,-18,0,-293.23
5339,20:20:20:918,3,Severe_Damage,L3_S1,-1812,1106,14826,572,53,6,0,-39.23
5340,20:20:20:928,3,Severe_Damage,L3_S1,-1850,1156,15096,583,60,2,0,230.77
5341,20:20:20:938,3,Severe_Damage,L3_S1,-1922,1212,15240,519,50,-6,0,374.77
5342,20:20:20:948,3,Severe_Damage,L3_S1,-1876,1250,15444,395,51,-31,0,578.77
5343,20:20:20:958,3,Severe_Damage,L3_S1,-1908,1282,15612,204,39,-59,0,746.77
5344,20:20:20:968,3,Severe_Damage,L3_S1,-1916,1202,15580,-15,39,-89,0,714.77
5345,20:20:20:979,3,Severe_Damage,L3_S1,-1888,1218,15506,-257,27,-125,0,640.77
5346,20:20:20:989,3,Severe_Damage,L3_S1,-1966,1244,15432,-480,25,-159,0,566.77
5347,20:20:20:999,3,Severe_Damage,L3_S1,-1844,1204,15334,-690,22,-198,0,468.77
5348,20:20:21:009,3,Severe_Damage,L3_S1,-1860,1216,15130,-819,9,-216,0,264.77
5349,20:20:21:019,3,Severe_Damage,L3_S1,-1804,1106,14868,-920,-1,-231,0,2.77
5350,20:20:21:029,3,Severe_Damage,L3_S1,-1748,1072,14742,-917,11,-242,0,-123.23
5351,20:20:21:039,3,Severe_Damage,L3_S1,-1774,1022,14506,-884,7,-231,0,-359.23
5352,20:20:21:049,3,Severe_Damage,L3_S1,-1720,992,14308,-751,21,-207,0,-557.23
5353,20:20:21:059,3,Severe_Damage,L3_S1,-1642,976,14268,-586,16,-182,0,-597.23
5354,20:20:21:069,3,Severe_Damage,L3_S1,-1738,986,14212,-366,20,-147,0,-653.23
5355,20:20:21:079,3,Severe_Damage,L3_S1,-1718,904,14182,-145,33,-116,0,-683.23
5356,20:20:21:089,3,Severe_Damage,L3_S1,-1718,1002,14342,75,39,-72,0,-523.23
5357,20:20:21:098,3,Severe_Damage,L3_S1,-1708,990,14500,267,47,-48,0,-365.23
5358,20:20:21:110,3,Severe_Damage,L3_S1,-1766,1014,14636,419,51,-24,0,-229.23
5359,20:20:21:119,3,Severe_Damage,L3_S1,-1784,1118,14776,497,51,-12,0,-89.23
5360,20:20:21:129,3,Severe_Damage,L3_S1,-1830,1136,15062,514,57,-15,0,196.77
5361,20:20:21:139,3,Severe_Damage,L3_S1,-1868,1206,15180,469,48,-16,0,314.77
5362,20:20:21:149,3,Severe_Damage,L3_S1,-1894,1188,15306,349,51,-35,0,440.77
5363,20:20:21:158,3,Severe_Damage,L3_S1,-1930,1238,15470,190,33,-64,0,604.77
5364,20:20:21:169,3,Severe_Damage,L3_S1,-1950,1262,15480,-15,34,-94,0,614.77
5365,20:20:21:179,3,Severe_Damage,L3_S1,-1904,1280,15418,-228,28,-127,0,552.77
5366,20:20:21:189,3,Severe_Damage,L3_S1,-1866,1222,15370,-442,17,-165,0,504.77
5367,20:20:21:199,3,Severe_Damage,L3_S1,-1916,1178,15276,-618,22,-186,0,410.77
5368,20:20:21:209,3,Severe_Damage,L3_S1,-1844,1158,15078,-769,12,-212,0,212.77
5369,20:20:21:219,3,Severe_Damage,L3_S1,-1858,1124,14898,-847,7,-231,0,32.77
5370,20:20:21:229,3,Severe_Damage,L3_S1,-1794,1096,14758,-867,6,-224,0,-107.23
5371,20:20:21:239,3,Severe_Damage,L3_S1,-1736,1094,14512,-818,9,-215,0,-353.23
5372,20:20:21:249,3,Severe_Damage,L3_S1,-1768,1052,14428,-717,13,-202,0,-437.23
5373,20:20:21:259,3,Severe_Damage,L3_S1,-1722,1006,14262,-551,27,-175,0,-603.23
5374,20:20:21:269,3,Severe_Damage,L3_S1,-1716,1002,14228,-374,28,-147,0,-637.23
5375,20:20:21:279,3,Severe_Damage,L3_S1,-1752,972,14286,-163,23,-116,0,-579.23
5376,20:20:21:288,3,Severe_Damage,L3_S1,-1712,1006,14356,37,29,-88,0,-509.23
5377,20:20:21:299,3,Severe_Damage,L3_S1,-1770,1012,14448,211,39,-62,0,-417.23
5378,20:20:21:309,3,Severe_Damage,L3_S1,-1742,1020,14622,348,57,-32,0,-243.23
5379,20:20:21:319,3,Severe_Damage,L3_S1,-1798,1078,14850,430,44,-17,0,-15.23
5380,20:20:21:329,3,Severe_Damage,L3_S1,-1792,1134,15046,456,45,-15,0,180.77
5381,20:20:21:339,3,Severe_Damage,L3_S1,-1826,1214,15202,417,48,-29,0,336.77
5382,20:20:21:349,3,Severe_Damage,L3_S1,-1928,1190,15282,323,40,-29,0,416.77
5383,20:20:21:359,3,Severe_Damage,L3_S1,-1858,1212,15432,176,50,-66,0,566.77
5384,20:20:21:369,3,Severe_Damage,L3_S1,-1870,1222,15414,-8,29,-89,0,548.77
5385,20:20:21:379,3,Severe_Damage,L3_S1,-1882,1272,15402,-207,38,-123,0,536.77
5386,20:20:21:389,3,Severe_Damage,L3_S1,-1866,1134,15388,-396,26,-160,0,522.77
5387,20:20:21:399,3,Severe_Damage,L3_S1,-1892,1206,15232,-571,19,-182,0,366.77
5388,20:20:21:409,3,Severe_Damage,L3_S1,-1812,1170,15124,-710,13,-205,0,258.77
5389,20:20:21:419,3,Severe_Damage,L3_S1,-1816,1124,14926,-789,3,-218,0,60.77
5390,20:20:21:429,3,Severe_Damage,L3_S1,-1772,1120,14814,-810,15,-221,0,-51.23
5391,20:20:21:439,3,Severe_Damage,L3_S1,-1768,1064,14636,-773,10,-213,0,-229.23
5392,20:20:21:449,3,Severe_Damage,L3_S1,-1710,1018,14458,-688,13,-199,0,-407.23
5393,20:20:21:459,3,Severe_Damage,L3_S1,-1728,1058,14350,-549,21,-174,0,-515.23
5394,20:20:21:469,3,Severe_Damage,L3_S1,-1716,982,14346,-375,25,-150,0,-519.23
5395,20:20:21:479,3,Severe_Damage,L3_S1,-1704,1022,14400,-194,29,-120,0,-465.23
5396,20:20:21:489,3,Severe_Damage,L3_S1,-1718,1026,14312,-3,30,-88,0,-553.23
5397,20:20:21:499,3,Severe_Damage,L3_S1,-1720,1048,14510,163,37,-68,0,-355.23
5398,20:20:21:509,3,Severe_Damage,L3_S1,-1756,1068,14654,300,47,-41,0,-211.23
5399,20:20:21:519,3,Severe_Damage,L3_S1,-1748,1064,14790,368,44,-28,0,-75.23
5400,20:20:21:529,3,Severe_Damage,L3_S1,-1818,1158,14974,403,49,-19,0,108.77
5401,20:20:21:539,3,Severe_Damage,L3_S1,-1862,1162,15118,363,45,-30,0,252.77
5402,20:20:21:549,3,Severe_Damage,L3_S1,-1822,1202,15210,284,47,-47,0,344.77
5403,20:20:21:559,3,Severe_Damage,L3_S1,-1876,1214,15292,149,30,-61,0,426.77
5404,20:20:21:569,3,Severe_Damage,L3_S1,-1834,1192,15384,-7,28,-85,0,518.77
5405,20:20:21:579,3,Severe_Damage,L3_S1,-1890,1300,15450,-191,30,-121,0,584.77
5406,20:20:21:589,3,Severe_Damage,L3_S1,-1892,1172,15336,-369,29,-145,0,470.77
5407,20:20:21:599,3,Severe_Damage,L3_S1,-1840,1200,15190,-518,23,-176,0,324.77
5408,20:20:21:609,3,Severe_Damage,L3_S1,-1846,1164,15102,-650,18,-193,0,236.77
5409,20:20:21:619,3,Severe_Damage,L3_S1,-1786,1158,14886,-721,12,-205,0,20.77
5410,20:20:21:629,3,Severe_Damage,L3_S1,-1758,1108,14830,-765,7,-206,0,-35.23
5411,20:20:21:639,3,Severe_Damage,L3_S1,-1776,1080,14624,-726,18,-204,0,-241.23
5412,20:20:21:649,3,Severe_Damage,L3_S1,-1740,1068,14552,-652,17,-200,0,-313.23
5413,20:20:21:659,3,Severe_Damage,L3_S1,-1734,994,14384,-511,18,-171,0,-481.23
5414,20:20:21:669,3,Severe_Damage,L3_S1,-1680,1006,14404,-377,23,-156,0,-461.23
5415,20:20:21:679,3,Severe_Damage,L3_S1,-1710,1018,14336,-200,27,-125,0,-529.23
5416,20:20:21:689,3,Severe_Damage,L3_S1,-1704,1028,14374,-46,38,-99,0,-491.23
5417,20:20:21:699,3,Severe_Damage,L3_S1,-1772,1032,14494,122,41,-71,0,-371.23
5418,20:20:21:709,3,Severe_Damage,L3_S1,-1806,1074,14674,238,35,-52,0,-191.23
5419,20:20:21:719,3,Severe_Damage,L3_S1,-1806,1144,14718,330,45,-41,0,-147.23
5420,20:20:21:729,3,Severe_Damage,L3_S1,-1838,1090,15016,342,39,-36,0,150.77
5421,20:20:21:739,3,Severe_Damage,L3_S1,-1820,1140,15142,329,42,-41,0,276.77
5422,20:20:21:749,3,Severe_Damage,L3_S1,-1880,1136,15198,249,49,-55,0,332.77
5423,20:20:21:759,3,Severe_Damage,L3_S1,-1854,1202,15338,125,40,-72,0,472.77
5424,20:20:21:769,3,Severe_Damage,L3_S1,-1870,1190,15422,-10,36,-96,0,556.77
5425,20:20:21:779,3,Severe_Damage,L3_S1,-1824,1196,15292,-175,30,-122,0,426.77
5426,20:20:21:789,3,Severe_Damage,L3_S1,-1874,1210,15296,-337,20,-138,0,430.77
5427,20:20:21:799,3,Severe_Damage,L3_S1,-1862,1186,15186,-481,20,-169,0,320.77
5428,20:20:21:809,3,Severe_Damage,L3_S1,-1840,1180,15014,-593,17,-190,0,148.77
5429,20:20:21:819,3,Severe_Damage,L3_S1,-1852,1156,14918,-680,18,-205,0,52.77
5430,20:20:21:829,3,Severe_Damage,L3_S1,-1762,1060,14784,-708,11,-204,0,-81.23
5431,20:20:21:839,3,Severe_Damage,L3_S1,-1726,1068,14638,-693,14,-207,0,-227.23
5432,20:20:21:849,3,Severe_Damage,L3_S1,-1726,1040,14580,-617,21,-188,0,-285.23
5433,20:20:21:859,3,Severe_Damage,L3_S1,-1710,1042,14446,-515,34,-179,0,-419.23
5434,20:20:21:869,3,Severe_Damage,L3_S1,-1750,1024,14388,-370,19,-144,0,-477.23
5435,20:20:21:879,3,Severe_Damage,L3_S1,-1734,998,14446,-214,23,-132,0,-419.23
5436,20:20:21:889,3,Severe_Damage,L3_S1,-1726,1032,14456,-56,23,-99,0,-409.23
5437,20:20:21:899,3,Severe_Damage,L3_S1,-1784,1026,14548,78,39,-76,0,-317.23
5438,20:20:21:909,3,Severe_Damage,L3_S1,-1720,1052,14704,191,42,-59,0,-161.23
5439,20:20:21:919,3,Severe_Damage,L3_S1,-1804,1098,14786,275,45,-43,0,-79.23
5440,20:20:21:929,3,Severe_Damage,L3_S1,-1782,1092,14926,303,43,-37,0,60.77
5441,20:20:21:939,3,Severe_Damage,L3_S1,-1834,1142,15094,285,44,-49,0,228.77
5442,20:20:21:949,3,Severe_Damage,L3_S1,-1836,1162,15188,221,38,-59,0,322.77
5443,20:20:21:959,3,Severe_Damage,L3_S1,-1870,1218,15272,118,41,-73,0,406.77
5444,20:20:21:969,3,Severe_Damage,L3_S1,-1886,1220,15294,-11,34,-91,0,428.77
5445,20:20:21:979,3,Severe_Damage,L3_S1,-1854,1210,15302,-162,33,-121,0,436.77
5446,20:20:21:989,3,Severe_Damage,L3_S1,-1854,1212,15260,-314,24,-135,0,394.77
5447,20:20:21:999,3,Severe_Damage,L3_S1,-1864,1170,15098,-445,20,-160,0,232.77
5448,20:20:22:009,3,Severe_Damage,L3_S1,-1862,1156,15066,-546,23,-174,0,200.77
5449,20:20:22:019,3,Severe_Damage,L3_S1,-1818,1132,14960,-633,13,-185,0,94.77
5450,20:20:22:029,3,Severe_Damage,L3_S1,-1804,1096,14746,-655,18,-197,0,-119.23
5451,20:20:22:039,3,Severe_Damage,L3_S1,-1712,1022,14680,-639,7,-191,0,-185.23
5452,20:20:22:049,3,Severe_Damage,L3_S1,-1752,1034,14590,-583,19,-187,0,-275.23
5453,20:20:22:059,3,Severe_Damage,L3_S1,-1748,1026,14474,-484,27,-170,0,-391.23
5454,20:20:22:069,3,Severe_Damage,L3_S1,-1760,1008,14546,-366,16,-148,0,-319.23
5455,20:20:22:079,3,Severe_Damage,L3_S1,-1740,1014,14364,-222,31,-130,0,-501.23
5456,20:20:22:089,3,Severe_Damage,L3_S1,-1734,990,14514,-88,27,-99,0,-351.23
5457,20:20:22:099,3,Severe_Damage,L3_S1,-1782,1038,14528,51,36,-81,0,-337.23
5458,20:20:22:109,3,Severe_Damage,L3_S1,-1764,1084,14644,148,36,-69,0,-221.23
5459,20:20:22:119,3,Severe_Damage,L3_S1,-1774,1046,14746,234,41,-58,0,-119.23
5460,20:20:22:129,3,Severe_Damage,L3_S1,-1758,1080,14882,256,47,-52,0,16.77
5461,20:20:22:139,3,Severe_Damage,L3_S1,-1816,1122,15072,245,41,-43,0,206.77
5462,20:20:22:149,3,Severe_Damage,L3_S1,-1838,1166,15172,180,43,-61,0,306.77
5463,20:20:22:159,3,Severe_Damage,L3_S1,-1884,1186,15226,99,34,-79,0,360.77
5464,20:20:22:169,3,Severe_Damage,L3_S1,-1828,1204,15248,-29,29,-98,0,382.77
5465,20:20:22:179,3,Severe_Damage,L3_S1,-1834,1186,15318,-150,41,-115,0,452.77
5466,20:20:22:189,3,Severe_Damage,L3_S1,-1856,1158,15248,-297,16,-136,0,382.77
5467,20:20:22:199,3,Severe_Damage,L3_S1,-1866,1158,15172,-409,25,-161,0,306.77
5468,20:20:22:209,3,Severe_Damage,L3_S1,-1786,1110,15102,-515,15,-171,0,236.77
5469,20:20:22:219,3,Severe_Damage,L3_S1,-1846,1150,14962,-586,23,-181,0,96.77
5470,20:20:22:229,3,Severe_Damage,L3_S1,-1796,1070,14820,-613,21,-192,0,-45.23
5471,20:20:22:239,3,Severe_Damage,L3_S1,-1764,1054,14756,-609,16,-191,0,-109.23
5472,20:20:22:249,3,Severe_Damage,L3_S1,-1748,1044,14608,-551,19,-172,0,-257.23
5473,20:20:22:259,3,Severe_Damage,L3_S1,-1756,1074,14532,-473,20,-167,0,-333.23
5474,20:20:22:269,3,Severe_Damage,L3_S1,-1740,1058,14450,-356,28,-148,0,-415.23
5475,20:20:22:279,3,Severe_Damage,L3_S1,-1732,1006,14502,-233,25,-127,0,-363.23
5476,20:20:22:289,3,Severe_Damage,L3_S1,-1714,1028,14504,-92,29,-101,0,-361.23
5477,20:20:22:299,3,Severe_Damage,L3_S1,-1744,1044,14636,14,42,-92,0,-229.23
5478,20:20:22:309,3,Severe_Damage,L3_S1,-1778,1076,14640,120,32,-79,0,-225.23
5479,20:20:22:319,3,Severe_Damage,L3_S1,-1756,1128,14774,183,41,-59,0,-91.23
5480,20:20:22:329,3,Severe_Damage,L3_S1,-1764,1102,14898,219,39,-47,0,32.77
5481,20:20:22:339,3,Severe_Damage,L3_S1,-1784,1128,15054,209,40,-55,0,188.77
5482,20:20:22:349,3,Severe_Damage,L3_S1,-1818,1172,15136,163,38,-62,0,270.77
5483,20:20:22:359,3,Severe_Damage,L3_S1,-1860,1132,15180,85,37,-78,0,314.77
5484,20:20:22:369,3,Severe_Damage,L3_S1,-1852,1150,15308,-24,36,-93,0,442.77
5485,20:20:22:379,3,Severe_Damage,L3_S1,-1850,1178,15232,-153,30,-110,0,366.77
5486,20:20:22:389,3,Severe_Damage,L3_S1,-1882,1200,15212,-276,31,-132,0,346.77
5487,20:20:22:399,3,Severe_Damage,L3_S1,-1892,1194,15158,-389,18,-148,0,292.77
5488,20:20:22:409,3,Severe_Damage,L3_S1,-1838,1194,15058,-488,16,-163,0,192.77
5489,20:20:22:419,3,Severe_Damage,L3_S1,-1804,1100,14910,-550,24,-182,0,44.77
5490,20:20:22:429,3,Severe_Damage,L3_S1,-1814,1106,14864,-587,14,-181,0,-1.23
5491,20:20:22:439,3,Severe_Damage,L3_S1,-1756,1064,14716,-569,22,-177,0,-149.23
5492,20:20:22:449,3,Severe_Damage,L3_S1,-1726,1056,14644,-538,24,-174,0,-221.23
5493,20:20:22:459,3,Severe_Damage,L3_S1,-1766,1058,14540,-451,27,-163,0,-325.23
5494,20:20:22:469,3,Severe_Damage,L3_S1,-1780,1034,14548,-350,31,-151,0,-317.23
5495,20:20:22:479,3,Severe_Damage,L3_S1,-1722,1064,14474,-241,25,-128,0,-391.23
5496,20:20:22:489,3,Severe_Damage,L3_S1,-1750,1054,14524,-121,37,-109,0,-341.23
5497,20:20:22:499,3,Severe_Damage,L3_S1,-1728,1022,14606,-4,34,-90,0,-259.23
5498,20:20:22:509,3,Severe_Damage,L3_S1,-1788,1034,14744,87,45,-75,0,-121.23
5499,20:20:22:519,3,Severe_Damage,L3_S1,-1702,1062,14844,151,37,-64,0,-21.23
5500,20:20:22:529,3,Severe_Damage,L3_S1,-1816,1126,14868,183,41,-65,0,2.77
5501,20:20:22:539,3,Severe_Damage,L3_S1,-1786,1114,14994,178,42,-63,0,128.77
5502,20:20:22:549,3,Severe_Damage,L3_S1,-1850,1152,15054,135,39,-70,0,188.77
5503,20:20:22:559,3,Severe_Damage,L3_S1,-1868,1182,15112,62,39,-82,0,246.77
5504,20:20:22:569,3,Severe_Damage,L3_S1,-1832,1160,15200,-34,30,-98,0,334.77
5505,20:20:22:579,3,Severe_Damage,L3_S1,-1860,1204,15212,-141,24,-113,0,346.77
5506,20:20:22:589,3,Severe_Damage,L3_S1,-1852,1186,15206,-261,25,-127,0,340.77
5507,20:20:22:599,3,Severe_Damage,L3_S1,-1850,1140,15126,-362,31,-143,0,260.77
5508,20:20:22:609,3,Severe_Damage,L3_S1,-1848,1114,15070,-457,23,-158,0,204.77
5509,20:20:22:619,3,Severe_Damage,L3_S1,-1834,1128,14940,-508,18,-165,0,74.77
5510,20:20:22:629,3,Severe_Damage,L3_S1,-1810,1116,14862,-552,19,-176,0,-3.23
5511,20:20:22:639,3,Severe_Damage,L3_S1,-1766,1036,14780,-537,19,-177,0,-85.23
5512,20:20:22:649,3,Severe_Damage,L3_S1,-1768,1064,14676,-507,16,-178,0,-189.23
5513,20:20:22:659,3,Severe_Damage,L3_S1,-1780,1090,14570,-434,30,-161,0,-295.23
5514,20:20:22:669,3,Severe_Damage,L3_S1,-1744,1040,14578,-347,29,-146,0,-287.23
5515,20:20:22:679,3,Severe_Damage,L3_S1,-1778,1056,14502,-237,31,-131,0,-363.23
5516,20:20:22:689,3,Severe_Damage,L3_S1,-1782,1038,14596,-136,37,-112,0,-269.23
5517,20:20:22:699,3,Severe_Damage,L3_S1,-1778,1070,14598,-27,36,-95,0,-267.23
5518,20:20:22:709,3,Severe_Damage,L3_S1,-1790,1062,14736,48,41,-87,0,-129.23
5519,20:20:22:719,3,Severe_Damage,L3_S1,-1796,1072,14818,121,46,-73,0,-47.23
5520,20:20:22:729,3,Severe_Damage,L3_S1,-1788,1090,14882,152,43,-59,0,16.77
5521,20:20:22:739,3,Severe_Damage,L3_S1,-1822,1116,14958,142,40,-65,0,92.77
5522,20:20:22:749,3,Severe_Damage,L3_S1,-1830,1142,15072,113,38,-73,0,206.77
5523,20:20:22:759,3,Severe_Damage,L3_S1,-1842,1170,15098,41,44,-84,0,232.77
5524,20:20:22:769,3,Severe_Damage,L3_S1,-1832,1168,15118,-42,25,-86,0,252.77
5525,20:20:22:779,3,Severe_Damage,L3_S1,-1824,1146,15240,-139,38,-112,0,374.77
5526,20:20:22:789,3,Severe_Damage,L3_S1,-1868,1144,15134,-242,20,-127,0,268.77
5527,20:20:22:799,3,Severe_Damage,L3_S1,-1864,1112,15170,-342,31,-148,0,304.77
5528,20:20:22:809,3,Severe_Damage,L3_S1,-1856,1176,15058,-421,25,-149,0,192.77
5529,20:20:22:819,3,Severe_Damage,L3_S1,-1834,1160,14988,-494,18,-167,0,122.77
5530,20:20:22:829,3,Severe_Damage,L3_S1,-1786,1094,14774,-506,22,-171,0,-91.23
5531,20:20:22:839,3,Severe_Damage,L3_S1,-1786,1018,14720,-515,10,-172,0,-145.23
5532,20:20:22:849,3,Severe_Damage,L3_S1,-1760,1058,14734,-479,26,-166,0,-131.23
5533,20:20:22:859,3,Severe_Damage,L3_S1,-1806,1050,14606,-424,26,-160,0,-259.23
5534,20:20:22:869,3,Severe_Damage,L3_S1,-1754,1026,14588,-340,26,-142,0,-277.23
5535,20:20:22:879,3,Severe_Damage,L3_S1,-1740,1044,14600,-249,36,-133,0,-265.23
5536,20:20:22:889,3,Severe_Damage,L3_S1,-1792,1024,14586,-147,26,-119,0,-279.23
5537,20:20:22:899,3,Severe_Damage,L3_S1,-1782,1036,14572,-56,36,-95,0,-293.23
5538,20:20:22:909,3,Severe_Damage,L3_S1,-1778,1038,14740,30,25,-78,0,-125.23
5539,20:20:22:919,3,Severe_Damage,L3_S1,-1826,1126,14778,89,37,-78,0,-87.23
5540,20:20:22:929,3,Severe_Damage,L3_S1,-1788,1124,14894,117,46,-72,0,28.77
5541,20:20:22:939,3,Severe_Damage,L3_S1,-1830,1146,14958,110,32,-69,0,92.77
5542,20:20:22:949,3,Severe_Damage,L3_S1,-1808,1130,15024,91,42,-84,0,158.77
5543,20:20:22:959,3,Severe_Damage,L3_S1,-1810,1160,15070,31,33,-84,0,204.77
5544,20:20:22:969,3,Severe_Damage,L3_S1,-1790,1130,15128,-50,38,-96,0,262.77
5545,20:20:22:979,3,Severe_Damage,L3_S1,-1808,1188,15128,-135,34,-107,0,262.77
5546,20:20:22:989,3,Severe_Damage,L3_S1,-1844,1186,15118,-235,28,-124,0,252.77
5547,20:20:22:999,3,Severe_Damage,L3_S1,-1808,1110,15106,-328,21,-146,0,240.77
5548,20:20:23:009,3,Severe_Damage,L3_S1,-1846,1168,15044,-406,23,-154,0,178.77
5549,20:20:23:020,3,Severe_Damage,L3_S1,-1816,1124,14982,-464,17,-162,0,116.77
5550,20:20:23:029,3,Severe_Damage,L3_S1,-1824,1078,14890,-482,19,-166,0,24.77
5551,20:20:23:039,3,Severe_Damage,L3_S1,-1784,1104,14738,-488,13,-164,0,-127.23
5552,20:20:23:049,3,Severe_Damage,L3_S1,-1792,1040,14684,-459,24,-163,0,-181.23
5553,20:20:23:059,3,Severe_Damage,L3_S1,-1746,1044,14608,-403,29,-158,0,-257.23
5554,20:20:23:069,3,Severe_Damage,L3_S1,-1754,1076,14584,-331,29,-147,0,-281.23
5555,20:20:23:079,3,Severe_Damage,L3_S1,-1746,1060,14560,-161,28,-115,0,-305.23
5556,20:20:23:089,3,Severe_Damage,L3_S1,-1782,1084,14650,-62,44,-96,0,-215.23
5557,20:20:23:099,3,Severe_Damage,L3_S1,-1770,1104,14704,7,28,-92,0,-161.23
5558,20:20:23:109,3,Severe_Damage,L3_S1,-1816,1100,14816,71,47,-81,0,-49.23
5559,20:20:23:119,3,Severe_Damage,L3_S1,-1822,1082,14918,87,33,-75,0,52.77
5560,20:20:23:129,3,Severe_Damage,L3_S1,-1764,1092,14898,100,38,-77,0,32.77
5561,20:20:23:139,3,Severe_Damage,L3_S1,-1818,1156,15026,68,30,-75,0,160.77
5562,20:20:23:149,3,Severe_Damage,L3_S1,-1840,1172,15078,18,38,-91,0,212.77
5563,20:20:23:160,3,Severe_Damage,L3_S1,-1818,1178,15114,-55,30,-106,0,248.77
5564,20:20:23:169,3,Severe_Damage,L3_S1,-1854,1190,15132,-135,34,-108,0,266.77
5565,20:20:23:179,3,Severe_Damage,L3_S1,-1822,1128,15098,-219,30,-119,0,232.77
5566,20:20:23:190,3,Severe_Damage,L3_S1,-1840,1188,15056,-305,23,-140,0,190.77
5567,20:20:23:200,3,Severe_Damage,L3_S1,-1826,1170,14970,-374,25,-143,0,104.77
5568,20:20:23:210,3,Severe_Damage,L3_S1,-1840,1138,14944,-433,23,-160,0,78.77
5569,20:20:23:219,3,Severe_Damage,L3_S1,-1806,1062,14872,-452,13,-162,0,6.77
5570,20:20:23:229,3,Severe_Damage,L3_S1,-1752,1058,14792,-474,21,-165,0,-73.23
5571,20:20:23:239,3,Severe_Damage,L3_S1,-1802,1074,14724,-428,29,-157,0,-141.23
5572,20:20:23:249,3,Severe_Damage,L3_S1,-1720,1068,14770,-399,20,-155,0,-95.23
5573,20:20:23:259,3,Severe_Damage,L3_S1,-1782,1066,14664,-315,29,-142,0,-201.23
5574,20:20:23:269,3,Severe_Damage,L3_S1,-1748,1038,14650,-258,27,-130,0,-215.23
5575,20:20:23:280,3,Severe_Damage,L3_S1,-1732,1014,14598,-153,37,-110,0,-267.23
5576,20:20:23:289,3,Severe_Damage,L3_S1,-1802,1104,14642,-90,30,-103,0,-223.23
5577,20:20:23:299,3,Severe_Damage,L3_S1,-1772,1044,14706,-11,41,-86,0,-159.23
5578,20:20:23:309,3,Severe_Damage,L3_S1,-1762,1094,14822,33,38,-78,0,-43.23
5579,20:20:23:319,3,Severe_Damage,L3_S1,-1784,1152,14794,67,36,-81,0,-71.23
5580,20:20:23:329,3,Severe_Damage,L3_S1,-1810,1140,15028,67,37,-81,0,162.77
5581,20:20:23:339,3,Severe_Damage,L3_S1,-1856,1134,14960,52,34,-76,0,94.77
5582,20:20:23:349,3,Severe_Damage,L3_S1,-1852,1172,15076,6,30,-84,0,210.77
5583,20:20:23:359,3,Severe_Damage,L3_S1,-1814,1126,15062,-57,37,-105,0,196.77
5584,20:20:23:370,3,Severe_Damage,L3_S1,-1852,1164,15062,-139,24,-112,0,196.77
5585,20:20:23:379,3,Severe_Damage,L3_S1,-1854,1132,15126,-214,30,-125,0,260.77
5586,20:20:23:390,3,Severe_Damage,L3_S1,-1814,1158,15080,-285,23,-137,0,214.77
5587,20:20:23:399,3,Severe_Damage,L3_S1,-1806,1132,15044,-359,32,-149,0,178.77
5588,20:20:23:410,3,Severe_Damage,L3_S1,-1798,1142,14914,-402,24,-155,0,48.77
5589,20:20:23:419,3,Severe_Damage,L3_S1,-1782,1098,14876,-440,27,-161,0,10.77
5590,20:20:23:430,3,Severe_Damage,L3_S1,-1860,1060,14852,-435,23,-156,0,-13.23
5591,20:20:23:439,3,Severe_Damage,L3_S1,-1760,1080,14762,-419,17,-160,0,-103.23
5592,20:20:23:449,3,Severe_Damage,L3_S1,-1744,1100,14722,-380,29,-148,0,-143.23
5593,20:20:23:459,3,Severe_Damage,L3_S1,-1768,1058,14698,-324,35,-135,0,-167.23
5594,20:20:23:469,3,Severe_Damage,L3_S1,-1814,1060,14650,-248,28,-123,0,-215.23
5595,20:20:23:480,3,Severe_Damage,L3_S1,-1786,1048,14646,-173,30,-111,0,-219.23
5596,20:20:23:490,3,Severe_Damage,L3_S1,-1764,1046,14760,-101,29,-103,0,-105.23
5597,20:20:23:499,3,Severe_Damage,L3_S1,-1778,1076,14748,-29,41,-90,0,-117.23
5598,20:20:23:509,3,Severe_Damage,L3_S1,-1818,1092,14794,13,31,-87,0,-71.23
5599,20:20:23:519,3,Severe_Damage,L3_S1,-1812,1082,14870,41,45,-85,0,4.77
5600,20:20:23:529,3,Severe_Damage,L3_S1,-1810,1108,14968,40,36,-80,0,102.77
5601,20:20:23:539,3,Severe_Damage,L3_S1,-1802,1164,14970,30,42,-84,0,104.77
5602,20:20:23:549,3,Severe_Damage,L3_S1,-1808,1128,14992,-12,41,-93,0,126.77
5603,20:20:23:559,3,Severe_Damage,L3_S1,-1854,1138,15066,-63,28,-100,0,200.77
5604,20:20:23:570,3,Severe_Damage,L3_S1,-1830,1114,15200,-132,31,-111,0,334.77
5605,20:20:23:580,3,Severe_Damage,L3_S1,-1844,1136,15050,-209,26,-118,0,184.77
5606,20:20:23:589,3,Severe_Damage,L3_S1,-1848,1118,15082,-276,32,-131,0,216.77
5607,20:20:23:600,3,Severe_Damage,L3_S1,-1804,1154,15008,-340,20,-153,0,142.77
5608,20:20:23:610,3,Severe_Damage,L3_S1,-1800,1146,14940,-384,25,-150,0,74.77
5609,20:20:23:620,3,Severe_Damage,L3_S1,-1776,1114,14814,-414,21,-155,0,-51.23
5610,20:20:23:630,3,Severe_Damage,L3_S1,-1874,1086,14762,-424,23,-156,0,-103.23
5611,20:20:23:639,3,Severe_Damage,L3_S1,-1798,1062,14778,-406,27,-159,0,-87.23
5612,20:20:23:650,3,Severe_Damage,L3_S1,-1766,1026,14738,-371,25,-151,0,-127.23
5613,20:20:23:660,3,Severe_Damage,L3_S1,-1798,1096,14734,-312,24,-139,0,-131.23
5614,20:20:23:670,3,Severe_Damage,L3_S1,-1768,1082,14700,-248,34,-132,0,-165.23
5615,20:20:23:680,3,Severe_Damage,L3_S1,-1824,1078,14674,-174,36,-112,0,-191.23
5616,20:20:23:690,3,Severe_Damage,L3_S1,-1754,1068,14722,-110,27,-107,0,-143.23
5617,20:20:23:699,3,Severe_Damage,L3_S1,-1772,1080,14748,-47,35,-101,0,-117.23
5618,20:20:23:709,3,Severe_Damage,L3_S1,-1738,1110,14830,-17,36,-94,0,-35.23
5619,20:20:23:719,3,Severe_Damage,L3_S1,-1790,1136,14848,26,40,-89,0,-17.23
5620,20:20:23:729,3,Severe_Damage,L3_S1,-1800,1102,14896,16,30,-86,0,30.77
5621,20:20:23:739,3,Severe_Damage,L3_S1,-1816,1138,14994,15,31,-95,0,128.77
5622,20:20:23:749,3,Severe_Damage,L3_S1,-1810,1116,14958,-34,27,-97,0,92.77
5623,20:20:23:759,3,Severe_Damage,L3_S1,-1838,1140,14996,-71,37,-96,0,130.77
5624,20:20:23:770,3,Severe_Damage,L3_S1,-1836,1198,15064,-141,25,-114,0,198.77
5625,20:20:23:780,3,Severe_Damage,L3_S1,-1828,1174,15000,-198,36,-118,0,134.77
5626,20:20:23:790,3,Severe_Damage,L3_S1,-1790,1142,15010,-277,22,-131,0,144.77
5627,20:20:23:800,3,Severe_Damage,L3_S1,-1792,1118,14974,-321,24,-140,0,108.77
5628,20:20:23:810,3,Severe_Damage,L3_S1,-1782,1152,14946,-363,17,-147,0,80.77
5629,20:20:23:820,3,Severe_Damage,L3_S1,-1786,1110,14878,-387,34,-158,0,12.77
5630,20:20:23:830,3,Severe_Damage,L3_S1,-1746,1088,14758,-398,15,-149,0,-107.23
5631,20:20:23:840,3,Severe_Damage,L3_S1,-1804,1068,14772,-386,29,-153,0,-93.23
5632,20:20:23:850,3,Severe_Damage,L3_S1,-1744,1084,14764,-343,25,-146,0,-101.23
5633,20:20:23:860,3,Severe_Damage,L3_S1,-1758,1066,14678,-311,33,-136,0,-187.23
5634,20:20:23:870,3,Severe_Damage,L3_S1,-1800,1066,14704,-242,35,-122,0,-161.23
5635,20:20:23:880,3,Severe_Damage,L3_S1,-1704,1036,14682,-189,29,-122,0,-183.23
5636,20:20:23:890,3,Severe_Damage,L3_S1,-1794,1104,14748,-114,31,-109,0,-117.23
5637,20:20:23:900,3,Severe_Damage,L3_S1,-1758,1086,14724,-70,29,-106,0,-141.23
5638,20:20:23:909,3,Severe_Damage,L3_S1,-1774,1082,14756,-16,29,-96,0,-109.23
5639,20:20:23:919,3,Severe_Damage,L3_S1,-1780,1112,14848,-4,41,-96,0,-17.23
5640,20:20:23:929,3,Severe_Damage,L3_S1,-1804,1134,14926,10,31,-90,0,60.77
5641,20:20:23:939,3,Severe_Damage,L3_S1,-1852,1126,14946,-7,33,-84,0,80.77
5642,20:20:23:950,3,Severe_Damage,L3_S1,-1812,1114,15036,-31,36,-93,0,170.77
5643,20:20:23:960,3,Severe_Damage,L3_S1,-1790,1132,15024,-79,28,-103,0,158.77
5644,20:20:23:970,3,Severe_Damage,L3_S1,-1840,1150,15060,-132,28,-112,0,194.77
5645,20:20:23:980,3,Severe_Damage,L3_S1,-1792,1142,15078,-191,29,-124,0,212.77
5646,20:20:23:990,3,Severe_Damage,L3_S1,-1808,1200,15050,-259,26,-133,0,184.77
5647,20:20:24:000,3,Severe_Damage,L3_S1,-1828,1148,14928,-315,23,-139,0,62.77
5648,20:20:24:010,3,Severe_Damage,L3_S1,-1764,1170,14976,-354,25,-143,0,110.77
5649,20:20:24:020,3,Severe_Damage,L3_S1,-1820,1128,14832,-376,31,-146,0,-33.23
5650,20:20:24:030,3,Severe_Damage,L3_S1,-1756,1070,14798,-382,23,-149,0,-67.23
5651,20:20:24:040,3,Severe_Damage,L3_S1,-1812,1102,14792,-366,23,-145,0,-73.23
5652,20:20:24:050,3,Severe_Damage,L3_S1,-1770,1042,14766,-343,21,-157,0,-99.23
5653,20:20:24:060,3,Severe_Damage,L3_S1,-1748,1098,14712,-294,26,-136,0,-153.23
5654,20:20:24:070,3,Severe_Damage,L3_S1,-1760,1088,14748,-247,25,-126,0,-117.23
5655,20:20:24:080,3,Severe_Damage,L3_S1,-1820,1034,14710,-184,27,-118,0,-155.23
5656,20:20:24:090,3,Severe_Damage,L3_S1,-1802,1074,14736,-130,34,-110,0,-129.23
5657,20:20:24:100,3,Severe_Damage,L3_S1,-1794,1066,14742,-81,30,-104,0,-123.23
5658,20:20:24:110,3,Severe_Damage,L3_S1,-1758,1038,14826,-36,37,-102,0,-39.23
5659,20:20:24:120,3,Severe_Damage,L3_S1,-1796,1108,14842,-16,36,-96,0,-23.23
5660,20:20:24:130,3,Severe_Damage,L3_S1,-1848,1120,14896,-4,41,-94,0,30.77
5661,20:20:24:140,3,Severe_Damage,L3_S1,-1802,1138,14954,-20,30,-94,0,88.77
5662,20:20:24:150,3,Severe_Damage,L3_S1,-1832,1144,14984,-42,42,-102,0,118.77
5663,20:20:24:160,3,Severe_Damage,L3_S1,-1762,1114,14966,-86,38,-108,0,100.77
5664,20:20:24:170,3,Severe_Damage,L3_S1,-1814,1158,14990,-148,28,-111,0,124.77
5665,20:20:24:180,3,Severe_Damage,L3_S1,-1800,1138,15032,-189,35,-125,0,166.77
5666,20:20:24:190,3,Severe_Damage,L3_S1,-1810,1140,15046,-251,22,-130,0,180.77
5667,20:20:24:200,3,Severe_Damage,L3_S1,-1790,1130,15000,-293,35,-138,0,134.77
5668,20:20:24:210,3,Severe_Damage,L3_S1,-1754,1118,14924,-338,28,-150,0,58.77
5669,20:20:24:220,3,Severe_Damage,L3_S1,-1830,1126,14842,-358,30,-147,0,-23.23
5670,20:20:24:230,3,Severe_Damage,L3_S1,-1810,1104,14884,-374,25,-140,0,18.77
5671,20:20:24:240,3,Severe_Damage,L3_S1,-1786,1098,14790,-357,25,-143,0,-75.23
5672,20:20:24:250,3,Severe_Damage,L3_S1,-1776,1108,14740,-340,23,-140,0,-125.23
5673,20:20:24:260,3,Severe_Damage,L3_S1,-1800,1090,14670,-282,28,-134,0,-195.23
5674,20:20:24:270,3,Severe_Damage,L3_S1,-1762,1114,14756,-248,29,-129,0,-109.23
5675,20:20:24:280,3,Severe_Damage,L3_S1,-1770,1110,14688,-182,38,-121,0,-177.23
5676,20:20:24:290,3,Severe_Damage,L3_S1,-1742,1078,14778,-141,27,-117,0,-87.23
5677,20:20:24:300,3,Severe_Damage,L3_S1,-1778,1078,14804,-89,45,-104,0,-61.23
5678,20:20:24:310,3,Severe_Damage,L3_S1,-1790,1098,14776,-57,40,-96,0,-89.23
5679,20:20:24:320,3,Severe_Damage,L3_S1,-1818,1122,14878,-33,38,-99,0,12.77
5680,20:20:24:330,3,Severe_Damage,L3_S1,-1822,1206,14860,-21,34,-94,0,-5.23
5681,20:20:24:340,3,Severe_Damage,L3_S1,-1824,1126,14906,-45,32,-101,0,40.77
5682,20:20:24:350,3,Severe_Damage,L3_S1,-1816,1110,14950,-48,37,-99,0,84.77
5683,20:20:24:360,3,Severe_Damage,L3_S1,-1792,1112,15036,-97,37,-112,0,170.77
5684,20:20:24:370,3,Severe_Damage,L3_S1,-1772,1138,15008,-123,33,-116,0,142.77
5685,20:20:24:380,3,Severe_Damage,L3_S1,-1816,1116,15008,-197,30,-128,0,142.77
5686,20:20:24:390,3,Severe_Damage,L3_S1,-1794,1146,14986,-233,35,-129,0,120.77
5687,20:20:24:400,3,Severe_Damage,L3_S1,-1824,1122,14962,-293,21,-140,0,96.77
5688,20:20:24:410,3,Severe_Damage,L3_S1,-1816,1090,14892,-308,23,-135,0,26.77
5689,20:20:24:420,3,Severe_Damage,L3_S1,-1844,1136,14892,-347,22,-144,0,26.77
5690,20:20:24:430,3,Severe_Damage,L3_S1,-1814,1138,14790,-345,30,-140,0,-75.23
5691,20:20:24:440,3,Severe_Damage,L3_S1,-1800,1104,14798,-353,19,-143,0,-67.23
5692,20:20:24:450,3,Severe_Damage,L3_S1,-1798,1076,14744,-321,19,-134,0,-121.23
5693,20:20:24:460,3,Severe_Damage,L3_S1,-1762,1076,14680,-289,23,-138,0,-185.23
5694,20:20:24:470,3,Severe_Damage,L3_S1,-1770,1080,14794,-249,29,-137,0,-71.23
5695,20:20:24:480,3,Severe_Damage,L3_S1,-1752,1094,14730,-187,34,-122,0,-135.23
5696,20:20:24:490,3,Severe_Damage,L3_S1,-1796,1044,14704,-148,43,-117,0,-161.23
5697,20:20:24:500,3,Severe_Damage,L3_S1,-1780,1124,14800,-104,37,-105,0,-65.23
5698,20:20:24:510,3,Severe_Damage,L3_S1,-1766,1072,14832,-71,33,-103,0,-33.23
5699,20:20:24:520,3,Severe_Damage,L3_S1,-1812,1080,14834,-37,45,-96,0,-31.23
5700,20:20:24:530,3,Severe_Damage,L3_S1,-1778,1092,14934,-50,34,-98,0,68.77
5701,20:20:24:540,3,Severe_Damage,L3_S1,-1798,1148,14952,-40,38,-99,0,86.77
5702,20:20:24:550,3,Severe_Damage,L3_S1,-1822,1142,14988,-74,30,-96,0,122.77
5703,20:20:24:560,3,Severe_Damage,L3_S1,-1866,1130,14996,-95,30,-95,0,130.77
5704,20:20:24:570,3,Severe_Damage,L3_S1,-1822,1076,15082,-146,31,-119,0,216.77
5705,20:20:24:580,3,Severe_Damage,L3_S1,-1826,1116,15004,-188,25,-119,0,138.77
5706,20:20:24:590,3,Severe_Damage,L3_S1,-1806,1106,14990,-235,38,-127,0,124.77
5707,20:20:24:600,3,Severe_Damage,L3_S1,-1788,1074,14958,-276,22,-130,0,92.77
5708,20:20:24:610,3,Severe_Damage,L3_S1,-1858,1124,14932,-306,25,-139,0,66.77
5709,20:20:24:620,3,Severe_Damage,L3_S1,-1802,1070,14892,-329,24,-146,0,26.77
5710,20:20:24:630,3,Severe_Damage,L3_S1,-1810,1106,14858,-330,22,-141,0,-7.23
5711,20:20:24:640,3,Severe_Damage,L3_S1,-1802,1112,14812,-331,21,-139,0,-53.23
5712,20:20:24:650,3,Severe_Damage,L3_S1,-1788,1074,14736,-314,28,-141,0,-129.23
5713,20:20:24:660,3,Severe_Damage,L3_S1,-1780,1082,14806,-284,23,-131,0,-59.23
5714,20:20:24:670,3,Severe_Damage,L3_S1,-1796,1104,14690,-237,27,-132,0,-175.23
5715,20:20:24:680,3,Severe_Damage,L3_S1,-1804,1048,14784,-196,30,-120,0,-81.23
5716,20:20:24:690,3,Severe_Damage,L3_S1,-1768,1108,14766,-153,29,-111,0,-99.23
5717,20:20:24:700,3,Severe_Damage,L3_S1,-1816,1142,14738,-108,40,-105,0,-127.23
5718,20:20:24:710,3,Severe_Damage,L3_S1,-1828,1114,14850,-83,36,-99,0,-15.23
5719,20:20:24:720,3,Severe_Damage,L3_S1,-1770,1114,14854,-54,40,-101,0,-11.23
5720,20:20:24:730,3,Severe_Damage,L3_S1,-1818,1146,14832,-53,28,-97,0,-33.23
5721,20:20:24:740,3,Severe_Damage,L3_S1,-1824,1126,14908,-57,40,-98,0,42.77
5722,20:20:24:750,3,Severe_Damage,L3_S1,-1816,1102,14978,-81,38,-104,0,112.77
5723,20:20:24:760,3,Severe_Damage,L3_S1,-1848,1130,14974,-105,31,-108,0,108.77
5724,20:20:24:770,3,Severe_Damage,L3_S1,-1836,1120,14996,-147,30,-113,0,130.77
5725,20:20:24:780,3,Severe_Damage,L3_S1,-1868,1152,14980,-186,33,-125,0,114.77
5726,20:20:24:790,3,Severe_Damage,L3_S1,-1854,1150,15008,-225,29,-131,0,142.77
5727,20:20:24:800,3,Severe_Damage,L3_S1,-1772,1152,14990,-267,32,-131,0,124.77
5728,20:20:24:810,3,Severe_Damage,L3_S1,-1812,1110,14866,-295,22,-139,0,0.77
5729,20:20:24:820,3,Severe_Damage,L3_S1,-1812,1118,14914,-318,26,-143,0,48.77
5730,20:20:24:830,3,Severe_Damage,L3_S1,-1784,1092,14886,-321,30,-138,0,20.77
5731,20:20:24:840,3,Severe_Damage,L3_S1,-1724,1090,14832,-328,25,-141,0,-33.23
5732,20:20:24:850,3,Severe_Damage,L3_S1,-1764,1088,14760,-298,30,-141,0,-105.23
5733,20:20:24:860,3,Severe_Damage,L3_S1,-1790,1088,14746,-288,26,-143,0,-119.23
5734,20:20:24:870,3,Severe_Damage,L3_S1,-1768,1074,14730,-232,32,-128,0,-135.23
5735,20:20:24:880,3,Severe_Damage,L3_S1,-1724,1092,14756,-205,24,-129,0,-109.23
5736,20:20:24:890,3,Severe_Damage,L3_S1,-1798,1096,14774,-152,38,-114,0,-91.23
5737,20:20:24:900,3,Severe_Damage,L3_S1,-1772,1094,14804,-127,33,-113,0,-61.23
5738,20:20:24:910,3,Severe_Damage,L3_S1,-1838,1090,14822,-91,40,-103,0,-43.23
5739,20:20:24:920,3,Severe_Damage,L3_S1,-1778,1098,14858,-80,34,-100,0,-7.23
5740,20:20:24:930,3,Severe_Damage,L3_S1,-1842,1060,14908,-57,39,-99,0,42.77
5741,20:20:24:940,3,Severe_Damage,L3_S1,-1790,1124,14910,-67,35,-96,0,44.77
5742,20:20:24:950,3,Severe_Damage,L3_S1,-1776,1112,14944,-84,33,-101,0,78.77
5743,20:20:24:960,3,Severe_Damage,L3_S1,-1776,1186,14970,-110,30,-115,0,104.77
5744,20:20:24:970,3,Severe_Damage,L3_S1,-1870,1102,14992,-147,26,-118,0,126.77
5745,20:20:24:980,3,Severe_Damage,L3_S1,-1850,1120,15008,-179,24,-109,0,142.77
5746,20:20:24:990,3,Severe_Damage,L3_S1,-1830,1168,14986,-231,33,-124,0,120.77
5747,20:20:25:000,3,Severe_Damage,L3_S1,-1854,1104,14916,-256,31,-130,0,50.77
5748,20:20:25:010,3,Severe_Damage,L3_S1,-1804,1082,14962,-293,29,-134,0,96.77
5749,20:20:25:020,3,Severe_Damage,L3_S1,-1840,1136,14914,-298,21,-134,0,48.77
5750,20:20:25:030,3,Severe_Damage,L3_S1,-1774,1120,14884,-318,26,-143,0,18.77
5751,20:20:25:040,3,Severe_Damage,L3_S1,-1788,1136,14828,-304,30,-144,0,-37.23
5752,20:20:25:050,3,Severe_Damage,L3_S1,-1784,1094,14776,-292,27,-138,0,-89.23
5753,20:20:25:060,3,Severe_Damage,L3_S1,-1828,1014,14774,-263,36,-129,0,-91.23
5754,20:20:25:070,3,Severe_Damage,L3_S1,-1750,1076,14794,-240,35,-123,0,-71.23
5755,20:20:25:080,3,Severe_Damage,L3_S1,-1790,1104,14754,-197,26,-121,0,-111.23
5756,20:20:25:090,3,Severe_Damage,L3_S1,-1808,1064,14790,-166,33,-119,0,-75.23
5757,20:20:25:100,3,Severe_Damage,L3_S1,-1776,1102,14684,-132,31,-110,0,-181.23
5758,20:20:25:110,3,Severe_Damage,L3_S1,-1774,1110,14768,-98,42,-106,0,-97.23
5759,20:20:25:120,3,Severe_Damage,L3_S1,-1758,1074,14850,-89,34,-102,0,-15.23
5760,20:20:25:130,3,Severe_Damage,L3_S1,-1820,1096,14884,-68,39,-97,0,18.77
5761,20:20:25:140,3,Severe_Damage,L3_S1,-1790,1098,14934,-79,28,-105,0,68.77
5762,20:20:25:150,3,Severe_Damage,L3_S1,-1852,1136,14950,-86,34,-110,0,84.77
5763,20:20:25:161,3,Severe_Damage,L3_S1,-1750,1126,14940,-119,38,-113,0,74.77
5764,20:20:25:170,3,Severe_Damage,L3_S1,-1840,1164,15076,-145,34,-116,0,210.77
5765,20:20:25:180,3,Severe_Damage,L3_S1,-1836,1118,14958,-184,31,-115,0,92.77
5766,20:20:25:190,3,Severe_Damage,L3_S1,-1812,1100,14958,-211,30,-121,0,92.77
5767,20:20:25:200,3,Severe_Damage,L3_S1,-1840,1144,14904,-246,29,-124,0,38.77
5768,20:20:25:210,3,Severe_Damage,L3_S1,-1786,1116,14902,-281,29,-137,0,36.77
5769,20:20:25:220,3,Severe_Damage,L3_S1,-1814,1148,14866,-296,28,-132,0,0.77
5770,20:20:25:230,3,Severe_Damage,L3_S1,-1794,1104,14848,-307,22,-141,0,-17.23
5771,20:20:25:240,3,Severe_Damage,L3_S1,-1770,1128,14782,-300,28,-138,0,-83.23
5772,20:20:25:250,3,Severe_Damage,L3_S1,-1828,1150,14798,-282,22,-135,0,-67.23
5773,20:20:25:260,3,Severe_Damage,L3_S1,-1812,1096,14772,-261,31,-131,0,-93.23
5774,20:20:25:270,3,Severe_Damage,L3_S1,-1778,1066,14770,-230,28,-130,0,-95.23
5775,20:20:25:280,3,Severe_Damage,L3_S1,-1836,1066,14754,-205,26,-121,0,-111.23
5776,20:20:25:290,3,Severe_Damage,L3_S1,-1788,1122,14732,-160,28,-119,0,-133.23
5777,20:20:25:300,3,Severe_Damage,L3_S1,-1810,1110,14756,-137,25,-110,0,-109.23
5778,20:20:25:311,3,Severe_Damage,L3_S1,-1814,1134,14752,-102,34,-105,0,-113.23
5779,20:20:25:320,3,Severe_Damage,L3_S1,-1798,1080,14840,-102,35,-109,0,-25.23
5780,20:20:25:330,3,Severe_Damage,L3_S1,-1802,1078,14858,-78,35,-108,0,-7.23
5781,20:20:25:340,3,Severe_Damage,L3_S1,-1762,1136,14902,-90,30,-108,0,36.77
5782,20:20:25:350,3,Severe_Damage,L3_S1,-1864,1144,14956,-91,31,-100,0,90.77
5783,20:20:25:360,3,Severe_Damage,L3_S1,-1792,1112,14958,-129,31,-113,0,92.77
5784,20:20:25:370,3,Severe_Damage,L3_S1,-1824,1114,15006,-138,34,-114,0,140.77
5785,20:20:25:380,3,Severe_Damage,L3_S1,-1828,1092,15018,-188,22,-123,0,152.77
5786,20:20:25:390,3,Severe_Damage,L3_S1,-1854,1112,14946,-204,29,-124,0,80.77
5787,20:20:25:400,3,Severe_Damage,L3_S1,-1800,1104,14940,-253,25,-125,0,74.77
5788,20:20:25:410,3,Severe_Damage,L3_S1,-1806,1108,14936,-265,29,-140,0,70.77
5789,20:20:25:420,3,Severe_Damage,L3_S1,-1810,1134,14878,-282,18,-137,0,12.77
5790,20:20:25:430,3,Severe_Damage,L3_S1,-1774,1138,14858,-291,27,-136,0,-7.23
5791,20:20:25:440,3,Severe_Damage,L3_S1,-1794,1100,14820,-288,16,-129,0,-45.23
5792,20:20:25:450,3,Severe_Damage,L3_S1,-1770,1128,14830,-286,31,-135,0,-35.23
5793,20:20:25:460,3,Severe_Damage,L3_S1,-1808,1098,14852,-253,30,-127,0,-13.23
5794,20:20:25:470,3,Severe_Damage,L3_S1,-1790,1084,14780,-238,29,-132,0,-85.23
5795,20:20:25:480,3,Severe_Damage,L3_S1,-1788,1114,14830,-201,27,-123,0,-35.23
5796,20:20:25:490,3,Severe_Damage,L3_S1,-1806,1104,14732,-177,26,-117,0,-133.23
5797,20:20:25:500,3,Severe_Damage,L3_S1,-1768,1106,14782,-129,38,-110,0,-83.23
5798,20:20:25:510,3,Severe_Damage,L3_S1,-1822,1108,14890,-121,31,-102,0,24.77
5799,20:20:25:520,3,Severe_Damage,L3_S1,-1834,1118,14846,-89,35,-102,0,-19.23
5800,20:20:25:530,3,Severe_Damage,L3_S1,-1794,1106,14962,-100,33,-105,0,96.77
5801,20:20:25:540,3,Severe_Damage,L3_S1,-1836,1128,14976,-87,26,-106,0,110.77
5802,20:20:25:550,3,Severe_Damage,L3_S1,-1798,1132,14868,-106,25,-106,0,2.77
5803,20:20:25:560,3,Severe_Damage,L3_S1,-1832,1158,14930,-125,28,-109,0,64.77
5804,20:20:25:570,3,Severe_Damage,L3_S1,-1802,1132,15016,-156,30,-118,0,150.77
5805,20:20:25:580,3,Severe_Damage,L3_S1,-1758,1106,14978,-176,27,-110,0,112.77
5806,20:20:25:590,3,Severe_Damage,L3_S1,-1784,1112,14934,-205,31,-121,0,68.77
5807,20:20:25:601,3,Severe_Damage,L3_S1,-1780,1080,14948,-235,31,-126,0,82.77
5808,20:20:25:610,3,Severe_Damage,L3_S1,-1800,1126,14944,-255,36,-128,0,78.77
5809,20:20:25:620,3,Severe_Damage,L3_S1,-1776,1082,14900,-281,28,-139,0,34.77
5810,20:20:25:630,3,Severe_Damage,L3_S1,-1790,1106,14898,-278,33,-140,0,32.77
5811,20:20:25:640,3,Severe_Damage,L3_S1,-1800,1078,14832,-284,23,-142,0,-33.23
5812,20:20:25:650,3,Severe_Damage,L3_S1,-1832,1128,14834,-267,31,-134,0,-31.23
5813,20:20:25:660,3,Severe_Damage,L3_S1,-1786,1094,14776,-259,23,-131,0,-89.23
5814,20:20:25:670,3,Severe_Damage,L3_S1,-1816,1112,14726,-225,27,-128,0,-139.23
5815,20:20:25:680,3,Severe_Damage,L3_S1,-1800,1102,14772,-207,30,-119,0,-93.23
5816,20:20:25:690,3,Severe_Damage,L3_S1,-1784,1092,14794,-167,30,-116,0,-71.23
5817,20:20:25:700,3,Severe_Damage,L3_S1,-1786,1154,14854,-146,27,-118,0,-11.23
5818,20:20:25:710,3,Severe_Damage,L3_S1,-1784,1122,14886,-126,24,-108,0,20.77
5819,20:20:25:720,3,Severe_Damage,L3_S1,-1846,1118,14862,-103,28,-112,0,-3.23
5820,20:20:25:730,3,Severe_Damage,L3_S1,-1764,1036,14910,-102,32,-105,0,44.77
5821,20:20:25:740,3,Severe_Damage,L3_S1,-1852,1098,14870,-106,34,-106,0,4.77
5822,20:20:25:750,3,Severe_Damage,L3_S1,-1792,1090,14970,-111,33,-107,0,104.77
5823,20:20:25:760,3,Severe_Damage,L3_S1,-1838,1154,14916,-127,30,-113,0,50.77
5824,20:20:25:770,3,Severe_Damage,L3_S1,-1794,1084,14990,-157,32,-110,0,124.77
5825,20:20:25:780,3,Severe_Damage,L3_S1,-1802,1088,14986,-183,25,-117,0,120.77
5826,20:20:25:790,3,Severe_Damage,L3_S1,-1824,1138,15004,-208,29,-130,0,138.77
5827,20:20:25:800,3,Severe_Damage,L3_S1,-1808,1110,14966,-232,28,-130,0,100.77
5828,20:20:25:810,3,Severe_Damage,L3_S1,-1828,1120,14886,-247,30,-132,0,20.77
5829,20:20:25:820,3,Severe_Damage,L3_S1,-1822,1074,14910,-274,26,-134,0,44.77
5830,20:20:25:830,3,Severe_Damage,L3_S1,-1768,1096,14898,-265,30,-130,0,32.77
5831,20:20:25:841,3,Severe_Damage,L3_S1,-1776,1136,14858,-287,23,-132,0,-7.23
5832,20:20:25:851,3,Severe_Damage,L3_S1,-1816,1096,14802,-261,30,-128,0,-63.23
5833,20:20:25:861,3,Severe_Damage,L3_S1,-1808,1070,14844,-253,30,-136,0,-21.23
5834,20:20:25:871,3,Severe_Damage,L3_S1,-1794,1090,14820,-219,25,-127,0,-45.23
5835,20:20:25:880,3,Severe_Damage,L3_S1,-1730,1072,14776,-202,22,-135,0,-89.23
5836,20:20:25:891,3,Severe_Damage,L3_S1,-1770,1150,14794,-171,31,-113,0,-71.23
5837,20:20:25:900,3,Severe_Damage,L3_S1,-1726,1094,14802,-153,20,-114,0,-63.23
5838,20:20:25:910,3,Severe_Damage,L3_S1,-1810,1110,14838,-130,38,-112,0,-27.23
5839,20:20:25:920,3,Severe_Damage,L3_S1,-1814,1164,14872,-113,26,-103,0,6.77
5840,20:20:25:930,3,Severe_Damage,L3_S1,-1770,1098,14886,-106,32,-109,0,20.77
5841,20:20:25:940,3,Severe_Damage,L3_S1,-1792,1148,14842,-110,36,-112,0,-23.23
5842,20:20:25:950,3,Severe_Damage,L3_S1,-1826,1098,14874,-128,31,-114,0,8.77
5843,20:20:25:960,3,Severe_Damage,L3_S1,-1832,1110,14892,-125,29,-111,0,26.77
5844,20:20:25:970,3,Severe_Damage,L3_S1,-1810,1132,15022,-164,29,-117,0,156.77
5845,20:20:25:980,3,Severe_Damage,L3_S1,-1810,1150,14982,-176,37,-120,0,116.77
5846,20:20:25:991,3,Severe_Damage,L3_S1,-1836,1110,15018,-216,25,-127,0,152.77
5847,20:20:26:001,3,Severe_Damage,L3_S1,-1842,1102,14968,-222,34,-127,0,102.77
5848,20:20:26:010,3,Severe_Damage,L3_S1,-1774,1086,14960,-255,24,-134,0,94.77
5849,20:20:26:020,3,Severe_Damage,L3_S1,-1802,1126,14858,-255,32,-129,0,-7.23
5850,20:20:26:030,3,Severe_Damage,L3_S1,-1780,1138,14856,-275,25,-135,0,-9.23
5851,20:20:26:040,3,Severe_Damage,L3_S1,-1762,1134,14814,-264,29,-129,0,-51.23
5852,20:20:26:050,3,Severe_Damage,L3_S1,-1812,1096,14860,-265,23,-136,0,-5.23
5853,20:20:26:060,3,Severe_Damage,L3_S1,-1794,1126,14780,-243,28,-134,0,-85.23
5854,20:20:26:070,3,Severe_Damage,L3_S1,-1782,1144,14804,-226,25,-129,0,-61.23
5855,20:20:26:081,3,Severe_Damage,L3_S1,-1776,1086,14816,-209,38,-127,0,-49.23
5856,20:20:26:090,3,Severe_Damage,L3_S1,-1750,1112,14796,-179,32,-118,0,-69.23
5857,20:20:26:100,3,Severe_Damage,L3_S1,-1796,1100,14778,-164,26,-119,0,-87.23
5858,20:20:26:110,3,Severe_Damage,L3_S1,-1822,1180,14798,-129,35,-110,0,-67.23
5859,20:20:26:120,3,Severe_Damage,L3_S1,-1812,1092,14810,-133,32,-108,0,-55.23
5860,20:20:26:130,3,Severe_Damage,L3_S1,-1794,1132,14882,-111,27,-100,0,16.77
5861,20:20:26:140,3,Severe_Damage,L3_S1,-1772,1130,14914,-124,26,-113,0,48.77
5862,20:20:26:150,3,Severe_Damage,L3_S1,-1834,1128,14860,-118,31,-113,0,-5.23
5863,20:20:26:161,3,Severe_Damage,L3_S1,-1732,1136,14954,-144,29,-117,0,88.77
5864,20:20:26:171,3,Severe_Damage,L3_S1,-1860,1132,14872,-152,27,-115,0,6.77
5865,20:20:26:181,3,Severe_Damage,L3_S1,-1796,1166,14902,-176,31,-121,0,36.77
5866,20:20:26:191,3,Severe_Damage,L3_S1,-1790,1118,14906,-203,27,-118,0,40.77
5867,20:20:26:201,3,Severe_Damage,L3_S1,-1788,1124,14914,-225,34,-128,0,48.77
5868,20:20:26:211,3,Severe_Damage,L3_S1,-1810,1128,14890,-246,29,-125,0,24.77
5869,20:20:26:221,3,Severe_Damage,L3_S1,-1822,1136,14838,-257,32,-131,0,-27.23
5870,20:20:26:231,3,Severe_Damage,L3_S1,-1814,1110,14820,-272,17,-134,0,-45.23
5871,20:20:26:241,3,Severe_Damage,L3_S1,-1804,1068,14878,-261,28,-132,0,12.77
5872,20:20:26:251,3,Severe_Damage,L3_S1,-1796,1088,14838,-260,23,-129,0,-27.23
5873,20:20:26:261,3,Severe_Damage,L3_S1,-1808,1146,14738,-238,28,-125,0,-127.23
5874,20:20:26:271,3,Severe_Damage,L3_S1,-1784,1080,14768,-230,26,-122,0,-97.23
5875,20:20:26:281,3,Severe_Damage,L3_S1,-1798,1118,14790,-201,36,-119,0,-75.23
5876,20:20:26:291,3,Severe_Damage,L3_S1,-1808,1078,14798,-181,33,-116,0,-67.23
5877,20:20:26:301,3,Severe_Damage,L3_S1,-1792,1084,14796,-161,37,-115,0,-69.23
5878,20:20:26:311,3,Severe_Damage,L3_S1,-1802,1128,14816,-131,32,-118,0,-49.23
5879,20:20:26:321,3,Severe_Damage,L3_S1,-1816,1068,14884,-121,31,-109,0,18.77
5880,20:20:26:331,3,Severe_Damage,L3_S1,-1816,1118,14872,-112,31,-104,0,6.77
5881,20:20:26:341,3,Severe_Damage,L3_S1,-1800,1086,14934,-118,29,-109,0,68.77
5882,20:20:26:351,3,Severe_Damage,L3_S1,-1774,1112,14944,-123,33,-109,0,78.77
5883,20:20:26:361,3,Severe_Damage,L3_S1,-1822,1096,14906,-144,28,-112,0,40.77
5884,20:20:26:371,3,Severe_Damage,L3_S1,-1796,1080,14924,-156,32,-117,0,58.77
5885,20:20:26:381,3,Severe_Damage,L3_S1,-1848,1092,14866,-184,25,-125,0,0.77
5886,20:20:26:391,3,Severe_Damage,L3_S1,-1838,1138,14924,-203,31,-122,0,58.77
5887,20:20:26:401,3,Severe_Damage,L3_S1,-1744,1102,14970,-225,29,-122,0,104.77
5888,20:20:26:411,3,Severe_Damage,L3_S1,-1812,1108,14892,-241,27,-124,0,26.77
5889,20:20:26:421,3,Severe_Damage,L3_S1,-1826,1114,14874,-248,33,-133,0,8.77
5890,20:20:26:431,3,Severe_Damage,L3_S1,-1808,1116,14874,-265,27,-132,0,8.77
5891,20:20:26:441,3,Severe_Damage,L3_S1,-1784,1070,14864,-253,29,-128,0,-1.23
5892,20:20:26:451,3,Severe_Damage,L3_S1,-1804,1104,14782,-255,30,-130,0,-83.23
5893,20:20:26:461,3,Severe_Damage,L3_S1,-1756,1112,14842,-231,36,-127,0,-23.23
5894,20:20:26:471,3,Severe_Damage,L3_S1,-1788,1046,14874,-228,26,-135,0,8.77
5895,20:20:26:481,3,Severe_Damage,L3_S1,-1770,1102,14786,-192,38,-122,0,-79.23
5896,20:20:26:491,3,Severe_Damage,L3_S1,-1752,1078,14814,-190,27,-122,0,-51.23
5897,20:20:26:501,3,Severe_Damage,L3_S1,-1788,1078,14820,-156,37,-110,0,-45.23
5898,20:20:26:511,3,Severe_Damage,L3_S1,-1812,1072,14824,-158,30,-114,0,-41.23
5899,20:20:26:521,3,Severe_Damage,L3_S1,-1788,1078,14800,-131,40,-111,0,-65.23
5900,20:20:26:531,3,Severe_Damage,L3_S1,-1816,1110,14816,-133,29,-113,0,-49.23
5901,20:20:26:541,3,Severe_Damage,L3_S1,-1820,1172,14848,-130,38,-107,0,-17.23
5902,20:20:26:551,3,Severe_Damage,L3_S1,-1778,1092,14902,-134,29,-109,0,36.77
5903,20:20:26:561,3,Severe_Damage,L3_S1,-1846,1134,14950,-146,31,-109,0,84.77
5904,20:20:26:571,3,Severe_Damage,L3_S1,-1840,1116,14928,-159,28,-113,0,62.77
5905,20:20:26:581,3,Severe_Damage,L3_S1,-1798,1138,14962,-181,31,-123,0,96.77
5906,20:20:26:591,3,Severe_Damage,L3_S1,-1848,1136,14884,-191,37,-122,0,18.77
5907,20:20:26:601,3,Severe_Damage,L3_S1,-1832,1110,14930,-222,29,-127,0,64.77
5908,20:20:26:611,3,Severe_Damage,L3_S1,-1816,1104,14864,-219,26,-121,0,-1.23
5909,20:20:26:621,3,Severe_Damage,L3_S1,-1758,1134,14950,-254,23,-127,0,84.77
5910,20:20:26:631,3,Severe_Damage,L3_S1,-1800,1114,14882,-242,33,-130,0,16.77
5911,20:20:26:641,3,Severe_Damage,L3_S1,-1790,1110,14852,-259,27,-132,0,-13.23
5912,20:20:26:651,3,Severe_Damage,L3_S1,-1804,1112,14810,-232,34,-127,0,-55.23
5913,20:20:26:661,3,Severe_Damage,L3_S1,-1774,1070,14850,-238,24,-129,0,-15.23
5914,20:20:26:671,3,Severe_Damage,L3_S1,-1816,1094,14740,-221,28,-134,0,-125.23
5915,20:20:26:681,3,Severe_Damage,L3_S1,-1784,1118,14804,-204,32,-125,0,-61.23
5916,20:20:26:691,3,Severe_Damage,L3_S1,-1792,1108,14864,-184,24,-119,0,-1.23
5917,20:20:26:701,3,Severe_Damage,L3_S1,-1760,1088,14842,-162,32,-119,0,-23.23
5918,20:20:26:711,3,Severe_Damage,L3_S1,-1778,1104,14778,-152,25,-108,0,-87.23
5919,20:20:26:721,3,Severe_Damage,L3_S1,-1804,1096,14850,-133,37,-111,0,-15.23
5920,20:20:26:731,3,Severe_Damage,L3_S1,-1824,1108,14884,-142,28,-109,0,18.77
5921,20:20:26:741,3,Severe_Damage,L3_S1,-1782,1126,14824,-133,35,-112,0,-41.23
5922,20:20:26:751,3,Severe_Damage,L3_S1,-1772,1096,14894,-142,22,-113,0,28.77
5923,20:20:26:761,3,Severe_Damage,L3_S1,-1762,1132,14900,-147,42,-112,0,34.77
5924,20:20:26:771,3,Severe_Damage,L3_S1,-1800,1122,14874,-168,31,-120,0,8.77
5925,20:20:26:781,3,Severe_Damage,L3_S1,-1798,1116,14856,-179,30,-115,0,-9.23
5926,20:20:26:791,3,Severe_Damage,L3_S1,-1836,1102,14920,-200,22,-118,0,54.77
5927,20:20:26:801,3,Severe_Damage,L3_S1,-1806,1090,14866,-206,29,-123,0,0.77
5928,20:20:26:811,3,Severe_Damage,L3_S1,-1768,1122,14954,-232,32,-124,0,88.77
5929,20:20:26:821,3,Severe_Damage,L3_S1,-1792,1108,14920,-238,27,-128,0,54.77
5930,20:20:26:831,3,Severe_Damage,L3_S1,-1830,1062,14876,-244,32,-126,0,10.77
5931,20:20:26:841,3,Severe_Damage,L3_S1,-1804,1116,14872,-244,28,-126,0,6.77
5932,20:20:26:851,3,Severe_Damage,L3_S1,-1846,1108,14848,-240,26,-131,0,-17.23
5933,20:20:26:861,3,Severe_Damage,L3_S1,-1768,1100,14842,-230,30,-131,0,-23.23
5934,20:20:26:871,3,Severe_Damage,L3_S1,-1788,1084,14800,-219,31,-117,0,-65.23
5935,20:20:26:881,3,Severe_Damage,L3_S1,-1746,1100,14802,-203,33,-119,0,-63.23
5936,20:20:26:891,3,Severe_Damage,L3_S1,-1780,1064,14768,-190,34,-123,0,-97.23
5937,20:20:26:901,3,Severe_Damage,L3_S1,-1788,1086,14846,-165,36,-118,0,-19.23
5938,20:20:26:911,3,Severe_Damage,L3_S1,-1792,1134,14856,-154,37,-108,0,-9.23
5939,20:20:26:921,3,Severe_Damage,L3_S1,-1816,1086,14884,-143,35,-115,0,18.77
5940,20:20:26:931,3,Severe_Damage,L3_S1,-1790,1130,14914,-142,35,-109,0,48.77
5941,20:20:26:941,3,Severe_Damage,L3_S1,-1780,1128,14906,-130,22,-105,0,40.77
5942,20:20:26:951,3,Severe_Damage,L3_S1,-1810,1100,14914,-147,26,-117,0,48.77
5943,20:20:26:961,3,Severe_Damage,L3_S1,-1806,1116,14876,-146,24,-114,0,10.77
5944,20:20:26:971,3,Severe_Damage,L3_S1,-1862,1110,14862,-173,26,-111,0,-3.23
5945,20:20:26:981,3,Severe_Damage,L3_S1,-1854,1128,14840,-175,31,-107,0,-25.23
5946,20:20:26:991,3,Severe_Damage,L3_S1,-1758,1142,14990,-206,29,-121,0,124.77
5947,20:20:27:001,3,Severe_Damage,L3_S1,-1786,1122,14908,-211,35,-123,0,42.77
5948,20:20:27:011,3,Severe_Damage,L3_S1,-1808,1102,14932,-232,28,-126,0,66.77
5949,20:20:27:021,3,Severe_Damage,L3_S1,-1826,1148,14912,-234,32,-127,0,46.77
5950,20:20:27:031,3,Severe_Damage,L3_S1,-1788,1118,14896,-241,26,-120,0,30.77
5951,20:20:27:041,3,Severe_Damage,L3_S1,-1814,1114,14852,-237,32,-126,0,-13.23
5952,20:20:27:051,3,Severe_Damage,L3_S1,-1774,1124,14926,-230,27,-125,0,60.77
5953,20:20:27:061,3,Severe_Damage,L3_S1,-1758,1134,14814,-230,32,-125,0,-51.23
5954,20:20:27:071,3,Severe_Damage,L3_S1,-1768,1098,14830,-215,24,-126,0,-35.23
5955,20:20:27:081,3,Severe_Damage,L3_S1,-1796,1128,14766,-210,22,-130,0,-99.23
5956,20:20:27:091,3,Severe_Damage,L3_S1,-1732,1106,14820,-179,41,-117,0,-45.23
5957,20:20:27:101,3,Severe_Damage,L3_S1,-1794,1100,14818,-182,22,-115,0,-47.23
5958,20:20:27:111,3,Severe_Damage,L3_S1,-1810,1076,14796,-150,38,-111,0,-69.23
5959,20:20:27:121,3,Severe_Damage,L3_S1,-1782,1126,14856,-156,27,-118,0,-9.23
5960,20:20:27:131,3,Severe_Damage,L3_S1,-1834,1098,14770,-139,32,-114,0,-95.23
5961,20:20:27:141,3,Severe_Damage,L3_S1,-1794,1102,14832,-143,38,-127,0,-33.23
5962,20:20:27:151,3,Severe_Damage,L3_S1,-1838,1122,14884,-140,35,-111,0,18.77
5963,20:20:27:161,3,Severe_Damage,L3_S1,-1810,1100,14898,-161,30,-117,0,32.77
5964,20:20:27:171,3,Severe_Damage,L3_S1,-1780,1150,14902,-167,26,-115,0,36.77
5965,20:20:27:181,3,Severe_Damage,L3_S1,-1772,1100,14934,-187,27,-116,0,68.77
5966,20:20:27:191,3,Severe_Damage,L3_S1,-1818,1136,14864,-196,27,-124,0,-1.23
5967,20:20:27:201,3,Severe_Damage,L3_S1,-1854,1158,14866,-201,35,-124,0,0.77
5968,20:20:27:211,3,Severe_Damage,L3_S1,-1834,1118,14890,-222,19,-122,0,24.77
5969,20:20:27:221,3,Severe_Damage,L3_S1,-1812,1098,14830,-226,31,-125,0,-35.23
5970,20:20:27:231,3,Severe_Damage,L3_S1,-1804,1118,14898,-245,22,-129,0,32.77
5971,20:20:27:241,3,Severe_Damage,L3_S1,-1812,1090,14928,-235,35,-126,0,62.77
5972,20:20:27:251,3,Severe_Damage,L3_S1,-1778,1092,14912,-236,22,-127,0,46.77
5973,20:20:27:261,3,Severe_Damage,L3_S1,-1820,1156,14880,-222,30,-126,0,14.77
5974,20:20:27:271,3,Severe_Damage,L3_S1,-1774,1102,14788,-220,29,-125,0,-77.23
5975,20:20:27:281,3,Severe_Damage,L3_S1,-1824,1138,14846,-199,33,-118,0,-19.23
5976,20:20:27:291,3,Severe_Damage,L3_S1,-1804,1084,14794,-187,30,-108,0,-71.23
5977,20:20:27:301,3,Severe_Damage,L3_S1,-1800,1122,14804,-176,31,-116,0,-61.23
5978,20:20:27:311,3,Severe_Damage,L3_S1,-1830,1110,14804,-161,36,-122,0,-61.23
5979,20:20:27:321,3,Severe_Damage,L3_S1,-1774,1118,14844,-152,36,-120,0,-21.23
5980,20:20:27:331,3,Severe_Damage,L3_S1,-1838,1100,14926,-145,34,-118,0,60.77
5981,20:20:27:341,3,Severe_Damage,L3_S1,-1768,1100,14934,-144,30,-118,0,68.77
5982,20:20:27:351,3,Severe_Damage,L3_S1,-1812,1060,14824,-145,33,-117,0,-41.23
5983,20:20:27:361,3,Severe_Damage,L3_S1,-1790,1132,14866,-153,39,-114,0,0.77
5984,20:20:27:371,3,Severe_Damage,L3_S1,-1794,1120,14936,-167,34,-120,0,70.77
5985,20:20:27:381,3,Severe_Damage,L3_S1,-1812,1138,14940,-175,30,-115,0,74.77
5986,20:20:27:391,3,Severe_Damage,L3_S1,-1840,1110,14900,-194,23,-121,0,34.77
5987,20:20:27:401,3,Severe_Damage,L3_S1,-1828,1130,14824,-204,30,-121,0,-41.23
5988,20:20:27:411,3,Severe_Damage,L3_S1,-1802,1140,14962,-227,25,-129,0,96.77
5989,20:20:27:421,3,Severe_Damage,L3_S1,-1780,1126,14870,-220,26,-127,0,4.77
5990,20:20:27:431,3,Severe_Damage,L3_S1,-1788,1106,14946,-236,30,-125,0,80.77
5991,20:20:27:441,3,Severe_Damage,L3_S1,-1818,1152,14826,-231,36,-127,0,-39.23
5992,20:20:27:451,3,Severe_Damage,L3_S1,-1756,1092,14866,-237,30,-127,0,0.77
5993,20:20:27:461,3,Severe_Damage,L3_S1,-1840,1068,14812,-217,35,-124,0,-53.23
5994,20:20:27:471,3,Severe_Damage,L3_S1,-1784,1110,14844,-218,27,-121,0,-21.23
5995,20:20:27:481,3,Severe_Damage,L3_S1,-1792,1126,14792,-197,25,-121,0,-73.23
5996,20:20:27:491,3,Severe_Damage,L3_S1,-1760,1120,14824,-194,34,-121,0,-41.23
5997,20:20:27:501,3,Severe_Damage,L3_S1,-1794,1096,14840,-171,40,-113,0,-25.23
5998,20:20:27:511,3,Severe_Damage,L3_S1,-1732,1096,14898,-166,29,-123,0,32.77
5999,20:20:27:521,3,Severe_Damage,L3_S1,-1800,1102,14842,-154,26,-115,0,-23.23
6000,20:20:27:531,3,Severe_Damage,L3_S1,-1778,1120,14876,-148,31,-116,0,10.77
6001,20:20:27:541,3,Severe_Damage,L3_S1,-1800,1084,14904,-156,23,-104,0,38.77
6002,20:20:27:551,3,Severe_Damage,L3_S1,-1814,1098,14870,-146,35,-113,0,4.77
6003,20:20:27:561,3,Severe_Damage,L3_S1,-1808,1086,14920,-171,30,-119,0,54.77
6004,20:20:27:571,3,Severe_Damage,L3_S1,-1792,1104,14884,-160,34,-120,0,18.77
6005,20:20:27:581,3,Severe_Damage,L3_S1,-1808,1112,14908,-189,35,-119,0,42.77
6006,20:20:27:591,3,Severe_Damage,L3_S1,-1798,1104,14858,-182,34,-112,0,-7.23
6007,20:20:27:601,3,Severe_Damage,L3_S1,-1798,1114,14902,-220,22,-124,0,36.77
6008,20:20:27:611,3,Severe_Damage,L3_S1,-1776,1132,14856,-205,36,-124,0,-9.23
6009,20:20:27:621,3,Severe_Damage,L3_S1,-1742,1140,14888,-236,26,-129,0,22.77
6010,20:20:27:631,3,Severe_Damage,L3_S1,-1784,1092,14896,-218,41,-128,0,30.77
6011,20:20:27:641,3,Severe_Damage,L3_S1,-1824,1070,14800,-237,27,-128,0,-65.23
6012,20:20:27:651,3,Severe_Damage,L3_S1,-1780,1164,14858,-221,31,-125,0,-7.23
6013,20:20:27:661,3,Severe_Damage,L3_S1,-1814,1090,14862,-222,31,-123,0,-3.23
6014,20:20:27:671,3,Severe_Damage,L3_S1,-1826,1108,14836,-213,27,-119,0,-29.23
6015,20:20:27:681,3,Severe_Damage,L3_S1,-1804,1030,14784,-199,21,-122,0,-81.23
6016,20:20:27:691,3,Severe_Damage,L3_S1,-1776,1086,14810,-196,20,-123,0,-55.23
6017,20:20:27:701,3,Severe_Damage,L3_S1,-1868,1156,14804,-183,28,-116,0,-61.23
6018,20:20:27:711,3,Severe_Damage,L3_S1,-1782,1094,14908,-182,26,-118,0,42.77
6019,20:20:27:721,3,Severe_Damage,L3_S1,-1836,1126,14774,-155,29,-113,0,-91.23
6020,20:20:27:731,3,Severe_Damage,L3_S1,-1764,1102,14904,-165,19,-118,0,38.77
6021,20:20:27:741,3,Severe_Damage,L3_S1,-1778,1126,14918,-148,30,-118,0,52.77
6022,20:20:27:751,3,Severe_Damage,L3_S1,-1772,1096,14898,-166,24,-118,0,32.77
6023,20:20:27:761,3,Severe_Damage,L3_S1,-1802,1114,14818,-159,35,-118,0,-47.23
6024,20:20:27:771,3,Severe_Damage,L3_S1,-1832,1076,14896,-174,20,-119,0,30.77
6025,20:20:27:781,3,Severe_Damage,L3_S1,-1842,1178,14900,-177,32,-121,0,34.77
6026,20:20:27:791,3,Severe_Damage,L3_S1,-1764,1166,14942,-193,31,-125,0,76.77
6027,20:20:27:801,3,Severe_Damage,L3_S1,-1838,1134,14820,-197,24,-123,0,-45.23
6028,20:20:27:811,3,Severe_Damage,L3_S1,-1822,1088,14840,-212,36,-128,0,-25.23
6029,20:20:27:821,3,Severe_Damage,L3_S1,-1774,1170,14900,-227,22,-123,0,34.77
6030,20:20:27:831,3,Severe_Damage,L3_S1,-1830,1130,14820,-215,34,-125,0,-45.23
6031,20:20:27:841,3,Severe_Damage,L3_S1,-1756,1060,14860,-239,25,-126,0,-5.23
6032,20:20:27:851,3,Severe_Damage,L3_S1,-1828,1104,14834,-213,31,-121,0,-31.23
6033,20:20:27:861,3,Severe_Damage,L3_S1,-1754,1048,14850,-221,25,-127,0,-15.23
6034,20:20:27:871,3,Severe_Damage,L3_S1,-1848,1092,14870,-197,39,-125,0,4.77
6035,20:20:27:881,3,Severe_Damage,L3_S1,-1820,1104,14918,-213,21,-127,0,52.77
6036,20:20:27:891,3,Severe_Damage,L3_S1,-1840,1130,14822,-181,46,-121,0,-43.23
6037,20:20:27:901,3,Severe_Damage,L3_S1,-1794,1084,14842,-184,25,-118,0,-23.23
6038,20:20:27:911,3,Severe_Damage,L3_S1,-1836,1116,14846,-163,43,-115,0,-19.23
6039,20:20:27:921,3,Severe_Damage,L3_S1,-1790,1100,14834,-164,27,-117,0,-31.23
6040,20:20:27:931,3,Severe_Damage,L3_S1,-1800,1138,14840,-161,33,-114,0,-25.23
6041,20:20:27:941,3,Severe_Damage,L3_S1,-1794,1110,14800,-157,33,-121,0,-65.23
6042,20:20:27:951,3,Severe_Damage,L3_S1,-1790,1060,14860,-176,28,-117,0,-5.23
6043,20:20:27:961,3,Severe_Damage,L3_S1,-1790,1076,14854,-156,38,-119,0,-11.23
6044,20:20:27:971,3,Severe_Damage,L3_S1,-1788,1142,14848,-184,28,-122,0,-17.23
6045,20:20:27:981,3,Severe_Damage,L3_S1,-1806,1064,14808,-208,22,-119,0,-57.23
6046,20:20:27:991,3,Severe_Damage,L3_S1,-1816,1144,14816,-185,46,-116,0,-49.23
6047,20:20:28:001,3,Severe_Damage,L3_S1,-1782,1088,14912,-231,22,-132,0,46.77
6048,20:20:28:011,3,Severe_Damage,L3_S1,-1818,1156,14854,-201,40,-120,0,-11.23
6049,20:20:28:021,3,Severe_Damage,L3_S1,-1802,1094,14924,-234,21,-127,0,58.77
6050,20:20:28:031,3,Severe_Damage,L3_S1,-1836,1114,14838,-203,39,-126,0,-27.23
6051,20:20:28:041,3,Severe_Damage,L3_S1,-1812,1092,14852,-235,21,-124,0,-13.23
6052,20:20:28:051,3,Severe_Damage,L3_S1,-1800,1138,14826,-207,42,-125,0,-39.23
6053,20:20:28:061,3,Severe_Damage,L3_S1,-1710,1116,14802,-216,14,-123,0,-63.23
6054,20:20:28:071,3,Severe_Damage,L3_S1,-1826,1132,14814,-189,29,-119,0,-51.23
6055,20:20:28:081,3,Severe_Damage,L3_S1,-1774,1112,14930,-197,23,-119,0,64.77
6056,20:20:28:091,3,Severe_Damage,L3_S1,-1776,1102,14872,-177,24,-111,0,6.77
6057,20:20:28:101,3,Severe_Damage,L3_S1,-1786,1100,14818,-167,29,-116,0,-47.23
6058,20:20:28:111,3,Severe_Damage,L3_S1,-1800,1042,14896,-175,30,-117,0,30.77
6059,20:20:28:121,3,Severe_Damage,L3_S1,-1804,1150,14856,-161,36,-119,0,-9.23
6060,20:20:28:131,3,Severe_Damage,L3_S1,-1808,1084,14870,-170,33,-116,0,4.77
6061,20:20:28:141,3,Severe_Damage,L3_S1,-1814,1136,14784,-152,34,-112,0,-81.23
6062,20:20:28:151,3,Severe_Damage,L3_S1,-1776,1108,14906,-178,25,-118,0,40.77
6063,20:20:28:161,3,Severe_Damage,L3_S1,-1794,1134,14830,-157,35,-110,0,-35.23
6064,20:20:28:171,3,Severe_Damage,L3_S1,-1758,1120,14930,-195,18,-119,0,64.77
6065,20:20:28:181,3,Severe_Damage,L3_S1,-1832,1134,14934,-178,39,-118,0,68.77
6066,20:20:28:191,3,Severe_Damage,L3_S1,-1822,1092,15026,-209,21,-122,0,160.77
6067,20:20:28:201,3,Severe_Damage,L3_S1,-1840,1104,14844,-203,29,-122,0,-21.23
6068,20:20:28:211,3,Severe_Damage,L3_S1,-1804,1108,14948,-224,29,-130,0,82.77
6069,20:20:28:221,3,Severe_Damage,L3_S1,-1820,1132,14874,-216,31,-124,0,8.77
6070,20:20:28:231,3,Severe_Damage,L3_S1,-1824,1092,14874,-223,27,-125,0,8.77
6071,20:20:28:241,3,Severe_Damage,L3_S1,-1818,1074,14866,-214,34,-129,0,0.77
6072,20:20:28:251,3,Severe_Damage,L3_S1,-1832,1076,14844,-213,28,-124,0,-21.23
6073,20:20:28:261,3,Severe_Damage,L3_S1,-1794,1066,14862,-206,32,-126,0,-3.23
6074,20:20:28:271,3,Severe_Damage,L3_S1,-1806,1068,14810,-204,29,-121,0,-55.23
6075,20:20:28:281,3,Severe_Damage,L3_S1,-1798,1118,14850,-202,28,-127,0,-15.23
6076,20:20:28:291,3,Severe_Damage,L3_S1,-1766,1118,14870,-179,22,-114,0,4.77
6077,20:20:28:301,3,Severe_Damage,L3_S1,-1752,1118,14880,-179,29,-120,0,14.77
6078,20:20:28:312,3,Severe_Damage,L3_S1,-1800,1138,14882,-164,31,-113,0,16.77
6079,20:20:28:322,3,Severe_Damage,L3_S1,-1812,1078,14842,-170,26,-118,0,-23.23
6080,20:20:28:331,3,Severe_Damage,L3_S1,-1816,1116,14880,-157,33,-118,0,14.77
6081,20:20:28:341,3,Severe_Damage,L3_S1,-1798,1080,14848,-169,30,-117,0,-17.23
6082,20:20:28:351,3,Severe_Damage,L3_S1,-1814,1098,14882,-162,32,-111,0,16.77
6083,20:20:28:361,3,Severe_Damage,L3_S1,-1804,1094,14846,-173,32,-119,0,-19.23
6084,20:20:28:371,3,Severe_Damage,L3_S1,-1776,1054,14878,-184,30,-124,0,12.77
6085,20:20:28:381,3,Severe_Damage,L3_S1,-1742,1128,14898,-186,24,-130,0,32.77
6086,20:20:28:391,3,Severe_Damage,L3_S1,-1828,1126,14916,-194,23,-125,0,50.77
6087,20:20:28:402,3,Severe_Damage,L3_S1,-1818,1164,14946,-201,33,-129,0,80.77
6088,20:20:28:411,3,Severe_Damage,L3_S1,-1800,1084,14872,-220,26,-126,0,6.77
6089,20:20:28:421,3,Severe_Damage,L3_S1,-1828,1132,14850,-214,36,-123,0,-15.23
6090,20:20:28:431,3,Severe_Damage,L3_S1,-1776,1088,14854,-223,34,-126,0,-11.23
6091,20:20:28:442,3,Severe_Damage,L3_S1,-1774,1116,14886,-218,29,-117,0,20.77
6092,20:20:28:451,3,Severe_Damage,L3_S1,-1798,1106,14864,-217,27,-117,0,-1.23
6093,20:20:28:462,3,Severe_Damage,L3_S1,-1814,1108,14896,-212,15,-118,0,30.77
6094,20:20:28:471,3,Severe_Damage,L3_S1,-1760,1120,14878,-195,34,-120,0,12.77
6095,20:20:28:481,3,Severe_Damage,L3_S1,-1752,1066,14896,-197,26,-120,0,30.77
6096,20:20:28:491,3,Severe_Damage,L3_S1,-1786,1082,14916,-179,36,-124,0,50.77
6097,20:20:28:502,3,Severe_Damage,L3_S1,-1764,1064,14862,-185,22,-112,0,-3.23
6098,20:20:28:511,3,Severe_Damage,L3_S1,-1810,1126,14852,-165,34,-117,0,-13.23
6099,20:20:28:521,3,Severe_Damage,L3_S1,-1788,1068,14958,-174,31,-125,0,92.77
6100,20:20:28:532,3,Severe_Damage,L3_S1,-1786,1110,14884,-159,35,-114,0,18.77
6101,20:20:28:541,3,Severe_Damage,L3_S1,-1818,1072,14858,-172,37,-112,0,-7.23
6102,20:20:28:551,3,Severe_Damage,L3_S1,-1826,1120,14852,-162,41,-119,0,-13.23
6103,20:20:28:561,3,Severe_Damage,L3_S1,-1792,1064,14908,-181,25,-117,0,42.77
6104,20:20:28:572,3,Severe_Damage,L3_S1,-1800,1142,14842,-177,32,-115,0,-23.23
6105,20:20:28:582,3,Severe_Damage,L3_S1,-1848,1108,14858,-193,24,-117,0,-7.23
6106,20:20:28:591,3,Severe_Damage,L3_S1,-1822,1106,14876,-195,39,-120,0,10.77
6107,20:20:28:602,3,Severe_Damage,L3_S1,-1816,1108,14896,-208,28,-120,0,30.77
6108,20:20:28:611,3,Severe_Damage,L3_S1,-1810,1114,14936,-213,23,-134,0,70.77
6109,20:20:28:621,3,Severe_Damage,L3_S1,-1854,1144,14846,-205,29,-129,0,-19.23
6110,20:20:28:631,3,Severe_Damage,L3_S1,-1800,1090,14848,-222,22,-130,0,-17.23
6111,20:20:28:642,3,Severe_Damage,L3_S1,-1804,1136,14868,-202,30,-130,0,2.77
6112,20:20:28:651,3,Severe_Damage,L3_S1,-1760,1108,14908,-219,26,-125,0,42.77
6113,20:20:28:662,3,Severe_Damage,L3_S1,-1806,1108,14872,-190,31,-122,0,6.77
6114,20:20:28:672,3,Severe_Damage,L3_S1,-1782,1102,14866,-208,24,-125,0,0.77
6115,20:20:28:682,3,Severe_Damage,L3_S1,-1788,1112,14874,-178,34,-126,0,8.77
6116,20:20:28:691,3,Severe_Damage,L3_S1,-1782,1114,14828,-195,25,-120,0,-37.23
6117,20:20:28:702,3,Severe_Damage,L3_S1,-1824,1072,14836,-166,36,-112,0,-29.23
6118,20:20:28:712,3,Severe_Damage,L3_S1,-1788,1128,14848,-181,28,-110,0,-17.23
6119,20:20:28:722,3,Severe_Damage,L3_S1,-1772,1130,14816,-162,32,-107,0,-49.23
6120,20:20:28:732,3,Severe_Damage,L3_S1,-1790,1094,14858,-177,33,-118,0,-7.23
6121,20:20:28:742,3,Severe_Damage,L3_S1,-1748,1136,14856,-169,36,-112,0,-9.23
6122,20:20:28:752,3,Severe_Damage,L3_S1,-1778,1136,14900,-172,27,-119,0,34.77
6123,20:20:28:762,3,Severe_Damage,L3_S1,-1786,1148,14862,-182,33,-115,0,-3.23
6124,20:20:28:772,3,Severe_Damage,L3_S1,-1840,1106,14870,-181,27,-116,0,4.77
6125,20:20:28:782,3,Severe_Damage,L3_S1,-1776,1100,14912,-194,33,-123,0,46.77
6126,20:20:28:792,3,Severe_Damage,L3_S1,-1836,1182,14884,-188,23,-111,0,18.77
6127,20:20:28:802,3,Severe_Damage,L3_S1,-1806,1080,14926,-211,28,-123,0,60.77
6128,20:20:28:812,3,Severe_Damage,L3_S1,-1838,1152,14898,-204,27,-121,0,32.77
6129,20:20:28:822,3,Severe_Damage,L3_S1,-1826,1178,14868,-217,27,-121,0,2.77
6130,20:20:28:832,3,Severe_Damage,L3_S1,-1810,1112,14838,-204,26,-115,0,-27.23
6131,20:20:28:842,3,Severe_Damage,L3_S1,-1800,1090,14812,-218,28,-121,0,-53.23
6132,20:20:28:852,3,Severe_Damage,L3_S1,-1824,1124,14808,-203,34,-122,0,-57.23
6133,20:20:28:862,3,Severe_Damage,L3_S1,-1800,1094,14870,-212,30,-122,0,4.77
6134,20:20:28:872,3,Severe_Damage,L3_S1,-1808,1080,14838,-196,24,-119,0,-27.23
6135,20:20:28:882,3,Severe_Damage,L3_S1,-1850,1088,14876,-189,32,-122,0,10.77
6136,20:20:28:892,3,Severe_Damage,L3_S1,-1814,1054,14850,-192,25,-120,0,-15.23
6137,20:20:28:902,3,Severe_Damage,L3_S1,-1762,1126,14856,-178,35,-115,0,-9.23
6138,20:20:28:912,3,Severe_Damage,L3_S1,-1768,1096,14910,-180,29,-126,0,44.77
6139,20:20:28:922,3,Severe_Damage,L3_S1,-1774,1114,14818,-163,36,-121,0,-47.23
6140,20:20:28:932,3,Severe_Damage,L3_S1,-1776,1084,14800,-167,34,-121,0,-65.23
6141,20:20:28:942,3,Severe_Damage,L3_S1,-1786,1100,14908,-163,27,-115,0,42.77
6142,20:20:28:952,3,Severe_Damage,L3_S1,-1792,1108,14852,-169,30,-114,0,-13.23
6143,20:20:28:962,3,Severe_Damage,L3_S1,-1794,1092,14866,-176,23,-123,0,0.77
6144,20:20:28:972,3,Severe_Damage,L3_S1,-1800,1142,14876,-179,33,-121,0,10.77
6145,20:20:28:982,3,Severe_Damage,L3_S1,-1782,1142,14866,-188,25,-117,0,0.77
6146,20:20:28:992,3,Severe_Damage,L3_S1,-1826,1140,14876,-194,35,-115,0,10.77
6147,20:20:29:002,3,Severe_Damage,L3_S1,-1792,1108,14866,-209,25,-119,0,0.77
6148,20:20:29:012,3,Severe_Damage,L3_S1,-1852,1106,14880,-204,34,-124,0,14.77
6149,20:20:29:022,3,Severe_Damage,L3_S1,-1804,1152,14936,-216,24,-125,0,70.77
6150,20:20:29:032,3,Severe_Damage,L3_S1,-1818,1080,14828,-199,28,-128,0,-37.23
6151,20:20:29:042,3,Severe_Damage,L3_S1,-1788,1140,14854,-213,20,-128,0,-11.23
6152,20:20:29:052,3,Severe_Damage,L3_S1,-1804,1128,14918,-209,33,-121,0,52.77
6153,20:20:29:062,3,Severe_Damage,L3_S1,-1798,1072,14886,-205,35,-127,0,20.77
6154,20:20:29:072,3,Severe_Damage,L3_S1,-1812,1064,14856,-199,36,-129,0,-9.23
6155,20:20:29:082,3,Severe_Damage,L3_S1,-1806,1092,14830,-192,30,-125,0,-35.23
6156,20:20:29:092,3,Severe_Damage,L3_S1,-1766,1082,14894,-188,37,-125,0,28.77
6157,20:20:29:102,3,Severe_Damage,L3_S1,-1766,1116,14870,-179,32,-109,0,4.77
6158,20:20:29:112,3,Severe_Damage,L3_S1,-1778,1082,14840,-182,29,-115,0,-25.23
6159,20:20:29:122,3,Severe_Damage,L3_S1,-1840,1164,14832,-172,38,-117,0,-33.23
6160,20:20:29:132,3,Severe_Damage,L3_S1,-1804,1144,14912,-180,23,-114,0,46.77
6161,20:20:29:142,3,Severe_Damage,L3_S1,-1862,1108,14810,-166,35,-116,0,-55.23
6162,20:20:29:152,3,Severe_Damage,L3_S1,-1814,1072,14938,-188,28,-120,0,72.77
6163,20:20:29:162,3,Severe_Damage,L3_S1,-1790,1154,14850,-163,36,-123,0,-15.23
6164,20:20:29:172,3,Severe_Damage,L3_S1,-1780,1090,14874,-196,25,-119,0,8.77
6165,20:20:29:182,3,Severe_Damage,L3_S1,-1814,1130,14900,-181,33,-111,0,34.77
6166,20:20:29:192,3,Severe_Damage,L3_S1,-1842,1106,14922,-201,20,-128,0,56.77
6167,20:20:29:202,3,Severe_Damage,L3_S1,-1824,1084,14852,-198,30,-118,0,-13.23
6168,20:20:29:212,3,Severe_Damage,L3_S1,-1794,1098,14932,-213,19,-117,0,66.77
6169,20:20:29:222,3,Severe_Damage,L3_S1,-1812,1104,14880,-203,29,-123,0,14.77
6170,20:20:29:232,3,Severe_Damage,L3_S1,-1804,1136,14888,-211,21,-116,0,22.77
6171,20:20:29:242,3,Severe_Damage,L3_S1,-1778,1130,14902,-205,28,-125,0,36.77
6172,20:20:29:252,3,Severe_Damage,L3_S1,-1804,1138,14860,-199,29,-118,0,-5.23
6173,20:20:29:262,3,Severe_Damage,L3_S1,-1774,1090,14828,-204,37,-121,0,-37.23
6174,20:20:29:272,3,Severe_Damage,L3_S1,-1806,1146,14926,-189,26,-127,0,60.77
6175,20:20:29:282,3,Severe_Damage,L3_S1,-1786,1116,14810,-202,29,-125,0,-55.23
6176,20:20:29:292,3,Severe_Damage,L3_S1,-1818,1136,14832,-180,30,-115,0,-33.23
6177,20:20:29:302,3,Severe_Damage,L3_S1,-1820,1086,14854,-185,32,-119,0,-11.23
6178,20:20:29:312,3,Severe_Damage,L3_S1,-1864,1110,14818,-167,24,-111,0,-47.23
6179,20:20:29:322,3,Severe_Damage,L3_S1,-1792,1078,14862,-180,32,-124,0,-3.23
6180,20:20:29:332,3,Severe_Damage,L3_S1,-1788,1174,14880,-167,34,-119,0,14.77
6181,20:20:29:342,3,Severe_Damage,L3_S1,-1752,1124,14888,-175,27,-120,0,22.77
6182,20:20:29:352,3,Severe_Damage,L3_S1,-1806,1138,14850,-165,32,-119,0,-15.23
6183,20:20:29:362,3,Severe_Damage,L3_S1,-1794,1138,14876,-182,28,-115,0,10.77
6184,20:20:29:372,3,Severe_Damage,L3_S1,-1826,1066,14852,-184,32,-115,0,-13.23
6185,20:20:29:382,3,Severe_Damage,L3_S1,-1766,1044,14892,-189,32,-124,0,26.77
6186,20:20:29:392,3,Severe_Damage,L3_S1,-1808,1096,14918,-193,29,-122,0,52.77
6187,20:20:29:402,3,Severe_Damage,L3_S1,-1770,1124,14888,-199,26,-122,0,22.77
6188,20:20:29:412,3,Severe_Damage,L3_S1,-1814,1106,14964,-208,27,-124,0,98.77
6189,20:20:29:422,3,Severe_Damage,L3_S1,-1852,1128,14820,-208,25,-122,0,-45.23
6190,20:20:29:432,3,Severe_Damage,L3_S1,-1756,1122,14796,-214,21,-118,0,-69.23
6191,20:20:29:442,3,Severe_Damage,L3_S1,-1796,1128,14816,-198,23,-121,0,-49.23
6192,20:20:29:452,3,Severe_Damage,L3_S1,-1796,1072,14910,-208,32,-127,0,44.77
6193,20:20:29:462,3,Severe_Damage,L3_S1,-1862,1078,14874,-205,28,-119,0,8.77
6194,20:20:29:472,3,Severe_Damage,L3_S1,-1820,1104,14834,-201,33,-124,0,-31.23
6195,20:20:29:482,3,Severe_Damage,L3_S1,-1804,1088,14952,-200,33,-124,0,86.77
6196,20:20:29:492,3,Severe_Damage,L3_S1,-1738,1110,14890,-198,37,-122,0,24.77
6197,20:20:29:502,3,Severe_Damage,L3_S1,-1800,1068,14890,-185,32,-120,0,24.77
6198,20:20:29:512,3,Severe_Damage,L3_S1,-1796,1150,14958,-176,31,-117,0,92.77
6199,20:20:29:522,3,Severe_Damage,L3_S1,-1814,1104,14898,-178,29,-114,0,32.77
6200,20:20:29:532,3,Severe_Damage,L3_S1,-1806,1080,14866,-173,34,-115,0,0.77
6201,20:20:29:542,3,Severe_Damage,L3_S1,-1828,1090,14866,-169,17,-118,0,0.77
6202,20:20:29:552,3,Severe_Damage,L3_S1,-1774,1120,14942,-182,27,-119,0,76.77
6203,20:20:29:562,3,Severe_Damage,L3_S1,-1848,1092,14906,-183,33,-110,0,40.77
6204,20:20:29:572,3,Severe_Damage,L3_S1,-1796,1114,14904,-191,28,-119,0,38.77
6205,20:20:29:582,3,Severe_Damage,L3_S1,-1762,1098,14878,-186,36,-119,0,12.77
6206,20:20:29:592,3,Severe_Damage,L3_S1,-1860,1152,14880,-206,25,-122,0,14.77
6207,20:20:29:602,3,Severe_Damage,L3_S1,-1814,1106,14900,-190,35,-119,0,34.77
6208,20:20:29:612,3,Severe_Damage,L3_S1,-1776,1108,14932,-218,22,-122,0,66.77
6209,20:20:29:622,3,Severe_Damage,L3_S1,-1790,1110,14890,-196,27,-113,0,24.77
6210,20:20:29:632,3,Severe_Damage,L3_S1,-1774,1092,14876,-211,29,-126,0,10.77
6211,20:20:29:642,3,Severe_Damage,L3_S1,-1840,1090,14846,-198,34,-120,0,-19.23
6212,20:20:29:652,3,Severe_Damage,L3_S1,-1766,1126,14828,-215,28,-129,0,-37.23
6213,20:20:29:662,3,Severe_Damage,L3_S1,-1794,1140,14872,-195,30,-121,0,6.77
6214,20:20:29:672,3,Severe_Damage,L3_S1,-1792,1120,14914,-211,22,-120,0,48.77
6215,20:20:29:682,3,Severe_Damage,L3_S1,-1808,1108,14874,-187,41,-117,0,8.77
6216,20:20:29:692,3,Severe_Damage,L3_S1,-1836,1146,14810,-196,33,-116,0,-55.23
6217,20:20:29:702,3,Severe_Damage,L3_S1,-1778,1104,14830,-179,39,-117,0,-35.23
6218,20:20:29:712,3,Severe_Damage,L3_S1,-1816,1158,14822,-180,21,-116,0,-43.23
6219,20:20:29:722,3,Severe_Damage,L3_S1,-1750,1066,14862,-177,30,-122,0,-3.23
6220,20:20:29:732,3,Severe_Damage,L3_S1,-1796,1118,14814,-167,24,-116,0,-51.23
6221,20:20:29:742,3,Severe_Damage,L3_S1,-1806,1126,14832,-184,22,-116,0,-33.23
6222,20:20:29:752,3,Severe_Damage,L3_S1,-1784,1130,14846,-174,27,-110,0,-19.23
6223,20:20:29:762,3,Severe_Damage,L3_S1,-1764,1082,14852,-189,29,-114,0,-13.23
6224,20:20:29:772,3,Severe_Damage,L3_S1,-1804,1118,14810,-177,33,-114,0,-55.23
6225,20:20:29:782,3,Severe_Damage,L3_S1,-1754,1088,14940,-198,23,-119,0,74.77
6226,20:20:29:792,3,Severe_Damage,L3_S1,-1828,1128,14872,-185,35,-125,0,6.77
6227,20:20:29:802,3,Severe_Damage,L3_S1,-1828,1104,14902,-204,22,-131,0,36.77
6228,20:20:29:812,3,Severe_Damage,L3_S1,-1794,1146,14894,-186,31,-123,0,28.77
6229,20:20:29:822,3,Severe_Damage,L3_S1,-1864,1130,14858,-213,20,-127,0,-7.23
6230,20:20:29:832,3,Severe_Damage,L3_S1,-1814,1088,14894,-196,34,-115,0,28.77
6231,20:20:29:842,3,Severe_Damage,L3_S1,-1772,1098,14826,-213,24,-126,0,-39.23
6232,20:20:29:852,3,Severe_Damage,L3_S1,-1830,1102,14874,-201,27,-120,0,8.77
6233,20:20:29:862,3,Severe_Damage,L3_S1,-1776,1098,14752,-196,28,-126,0,-113.23
6234,20:20:29:872,3,Severe_Damage,L3_S1,-1770,1126,14758,-154,20,-113,0,-107.23
6235,20:20:29:882,3,Severe_Damage,L3_S1,-1744,1116,14774,-152,36,-123,0,-91.23
6236,20:20:29:892,3,Severe_Damage,L3_S1,-1834,1098,14866,-121,44,-113,0,0.77
6237,20:20:29:902,3,Severe_Damage,L3_S1,-1808,1124,14882,-121,12,-111,0,16.77
6238,20:20:29:912,3,Severe_Damage,L3_S1,-1784,1056,14964,-139,37,-109,0,98.77
6239,20:20:29:922,3,Severe_Damage,L3_S1,-1856,1132,14910,-146,30,-112,0,44.77
6240,20:20:29:932,3,Severe_Damage,L3_S1,-1878,1082,14906,-177,26,-114,0,40.77
6241,20:20:29:942,3,Severe_Damage,L3_S1,-1586,1122,14928,-173,-29,-117,0,62.77
6242,20:20:29:952,3,Severe_Damage,L3_S1,-1974,1118,14948,-194,107,-118,0,82.77
6243,20:20:29:962,3,Severe_Damage,L3_S1,-1804,1130,14888,-185,27,-120,0,22.77
6244,20:20:29:972,3,Severe_Damage,L3_S1,-1754,1120,14932,-206,27,-121,0,66.77
6245,20:20:29:982,3,Severe_Damage,L3_S1,-1886,1118,14850,-223,49,-124,0,-15.23
6246,20:20:29:992,3,Severe_Damage,L3_S1,-1714,1138,14888,-231,15,-132,0,22.77
6247,20:20:30:002,3,Severe_Damage,L3_S1,-1824,1118,14908,-240,37,-127,0,42.77
6248,20:20:30:012,3,Severe_Damage,L3_S1,-1726,1082,14796,-252,7,-129,1,-69.23
6249,20:20:30:022,3,Severe_Damage,L3_S1,10166,26374,-32768,16583,976,2570,1,-47633.23
6250,20:20:30:032,3,Severe_Damage,L3_S1,3698,-23210,32767,-3291,-2790,-838,1,17901.77
6251,20:20:30:042,3,Severe_Damage,L3_S1,-8862,19268,6124,23244,3530,3812,1,-8741.23
6252,20:20:30:052,3,Severe_Damage,L3_S1,5748,1974,27138,1560,-2852,-204,1,12272.77
6253,20:20:30:062,3,Severe_Damage,L3_S1,-12694,-1442,32767,7499,2715,1325,1,17901.77
6254,20:20:30:072,3,Severe_Damage,L3_S1,702,12584,15216,-46,-1638,-301,1,350.77
6255,20:20:30:083,3,Severe_Damage,L3_S1,-5362,-3994,32767,-6619,1908,-1295,1,17901.77
6256,20:20:30:093,3,Severe_Damage,L3_S1,-5070,10238,15610,-4804,-1390,-637,1,744.77
6257,20:20:30:102,3,Severe_Damage,L3_S1,772,-3328,26356,-15145,341,-2851,1,11490.77
6258,20:20:30:112,3,Severe_Damage,L3_S1,-6850,7672,11228,-9199,118,-1303,1,-3637.23
6259,20:20:30:123,3,Severe_Damage,L3_S1,3834,-4180,18592,-17579,-1942,-3057,1,3726.77
6260,20:20:30:133,3,Severe_Damage,L3_S1,-4818,5286,4160,-10416,1967,-1738,1,-10705.23
6261,20:20:30:143,3,Severe_Damage,L3_S1,3016,-3548,10594,-14110,-2919,-2307,1,-4271.23
6262,20:20:30:152,3,Severe_Damage,L3_S1,-3344,866,2508,-7219,2557,-1395,1,-12357.23
6263,20:20:30:162,3,Severe_Damage,L3_S1,2076,-1776,2994,-6430,-2836,-917,0,-11871.23
6264,20:20:30:172,3,Severe_Damage,L3_S1,-566,-1316,4018,-748,2126,-412,1,-10847.23
6265,20:20:30:182,3,Severe_Damage,L3_S1,530,-536,2866,2549,-1559,478,1,-11999.23
6266,20:20:30:192,3,Severe_Damage,L3_S1,-1308,-1060,6700,6489,1581,790,1,-8165.23
6267,20:20:30:202,3,Severe_Damage,L3_S1,58,832,8220,9900,-679,1549,1,-6645.23
6268,20:20:30:212,3,Severe_Damage,L3_S1,-1918,374,12360,11462,939,1725,1,-2505.23
6269,20:20:30:222,3,Severe_Damage,L3_S1,-1276,2450,15190,13251,400,1911,1,324.77
6270,20:20:30:232,3,Severe_Damage,L3_S1,-2858,1830,19448,12247,70,2000,1,4582.77
6271,20:20:30:242,3,Severe_Damage,L3_S1,-1690,3694,21464,11653,757,1608,1,6598.77
6272,20:20:30:252,3,Severe_Damage,L3_S1,-3832,2942,24800,8510,195,1348,1,9934.77
6273,20:20:30:262,3,Severe_Damage,L3_S1,-2876,3884,25320,5821,-26,843,1,10454.77
6274,20:20:30:272,3,Severe_Damage,L3_S1,-3280,3444,26674,1696,674,82,1,11808.77
6275,20:20:30:282,3,Severe_Damage,L3_S1,-4742,3724,25090,-1995,-413,-276,1,10224.77
6276,20:20:30:292,3,Severe_Damage,L3_S1,-2476,3188,24202,-5788,40,-1107,1,9336.77
6277,20:20:30:302,3,Severe_Damage,L3_S1,-2922,2932,21134,-8812,10,-1494,1,6268.77
6278,20:20:30:313,3,Severe_Damage,L3_S1,-2552,2240,18256,-11316,-705,-1847,1,3390.77
6279,20:20:30:322,3,Severe_Damage,L3_S1,-1520,1694,15100,-12370,7,-2148,1,234.77
6280,20:20:30:332,3,Severe_Damage,L3_S1,-1622,870,11446,-12616,-659,-2014,1,-3419.23
6281,20:20:30:342,3,Severe_Damage,L3_S1,-638,124,8780,-11576,-204,-1990,1,-6085.23
6282,20:20:30:352,3,Severe_Damage,L3_S1,-562,-390,6036,-9435,-583,-1527,1,-8829.23
6283,20:20:30:362,3,Severe_Damage,L3_S1,-162,-926,4654,-6583,-4,-1142,1,-10211.23
6284,20:20:30:372,3,Severe_Damage,L3_S1,-14,-996,3942,-3045,-89,-588,1,-10923.23
6285,20:20:30:382,3,Severe_Damage,L3_S1,-294,-1070,4336,599,-156,48,0,-10529.23
6286,20:20:30:392,3,Severe_Damage,L3_S1,-98,-474,5822,4364,405,531,1,-9043.23
6287,20:20:30:402,3,Severe_Damage,L3_S1,-1188,-178,7972,7407,132,1138,1,-6893.23
6288,20:20:30:412,3,Severe_Damage,L3_S1,-662,728,10710,9936,585,1423,1,-4155.23
6289,20:20:30:422,3,Severe_Damage,L3_S1,-1866,1254,13906,11262,156,1751,1,-959.23
6290,20:20:30:432,3,Severe_Damage,L3_S1,-2282,2012,17174,11782,586,1759,1,2308.77
6291,20:20:30:442,3,Severe_Damage,L3_S1,-2202,2578,20204,10951,408,1638,1,5338.77
6292,20:20:30:452,3,Severe_Damage,L3_S1,-3424,2934,22484,9192,166,1423,1,7618.77
6293,20:20:30:462,3,Severe_Damage,L3_S1,-2888,3340,24372,6639,538,907,0,9506.77
6294,20:20:30:472,3,Severe_Damage,L3_S1,-3724,3296,25188,3324,-13,505,0,10322.77
6295,20:20:30:482,3,Severe_Damage,L3_S1,-3264,3382,25004,-146,76,-127,0,10138.77
6296,20:20:30:492,3,Severe_Damage,L3_S1,-2962,3196,24018,-3657,61,-705,0,9152.77
6297,20:20:30:502,3,Severe_Damage,L3_S1,-3296,2944,21734,-6740,-251,-1114,0,6868.77
6298,20:20:30:512,3,Severe_Damage,L3_S1,-2238,2402,19512,-9325,-76,-1644,1,4646.77
6299,20:20:30:523,3,Severe_Damage,L3_S1,-2188,1892,16304,-10915,-501,-1786,1,1438.77
6300,20:20:30:533,3,Severe_Damage,L3_S1,-1586,1152,13440,-11550,-274,-1950,1,-1425.23
6301,20:20:30:542,3,Severe_Damage,L3_S1,-940,572,10476,-11101,-406,-1859,0,-4389.23
6302,20:20:30:552,3,Severe_Damage,L3_S1,-924,-36,7954,-9698,-408,-1589,1,-6911.23
6303,20:20:30:562,3,Severe_Damage,L3_S1,-116,-410,6098,-7310,-109,-1286,0,-8767.23
6304,20:20:30:572,3,Severe_Damage,L3_S1,-540,-892,5006,-4408,-273,-734,1,-9859.23
6305,20:20:30:582,3,Severe_Damage,L3_S1,50,-828,5092,-1048,113,-295,0,-9773.23
6306,20:20:30:592,3,Severe_Damage,L3_S1,-574,-694,5850,2297,-1,308,1,-9015.23
6307,20:20:30:602,3,Severe_Damage,L3_S1,-592,-258,7586,5453,322,754,0,-7279.23
6308,20:20:30:612,3,Severe_Damage,L3_S1,-972,330,9872,7988,270,1176,0,-4993.23
6309,20:20:30:622,3,Severe_Damage,L3_S1,-1618,988,12576,9761,306,1478,0,-2289.23
6310,20:20:30:632,3,Severe_Damage,L3_S1,-1630,1610,15590,10600,515,1557,0,724.77
6311,20:20:30:642,3,Severe_Damage,L3_S1,-2604,2146,18378,10390,278,1599,0,3512.77
6312,20:20:30:652,3,Severe_Damage,L3_S1,-2528,2672,20988,9243,438,1350,0,6122.77
6313,20:20:30:662,3,Severe_Damage,L3_S1,-3156,2966,22728,7184,248,1069,0,7862.77
6314,20:20:30:672,3,Severe_Damage,L3_S1,-3266,3120,23846,4496,142,635,0,8980.77
6315,20:20:30:682,3,Severe_Damage,L3_S1,-3156,3224,24316,1390,208,107,0,9450.77
6316,20:20:30:692,3,Severe_Damage,L3_S1,-3424,3132,23578,-1853,-109,-348,0,8712.77
6317,20:20:30:702,3,Severe_Damage,L3_S1,-2754,2878,22324,-4848,19,-894,0,7458.77
6318,20:20:30:713,3,Severe_Damage,L3_S1,-2710,2466,20096,-7424,-190,-1262,0,5230.77
6319,20:20:30:723,3,Severe_Damage,L3_S1,-2294,2026,17656,-9384,-359,-1573,0,2790.77
6320,20:20:30:733,3,Severe_Damage,L3_S1,-1618,1522,14820,-10303,-223,-1755,1,-45.23
6321,20:20:30:743,3,Severe_Damage,L3_S1,-1630,784,12066,-10440,-403,-1722,0,-2799.23
6322,20:20:30:752,3,Severe_Damage,L3_S1,-804,284,9592,-9501,-268,-1615,0,-5273.23
6323,20:20:30:762,3,Severe_Damage,L3_S1,-816,-212,7712,-7804,-288,-1308,0,-7153.23
6324,20:20:30:772,3,Severe_Damage,L3_S1,-434,-538,6348,-5325,-121,-940,1,-8517.23
6325,20:20:30:782,3,Severe_Damage,L3_S1,-238,-626,5798,-2442,-98,-484,0,-9067.23
6326,20:20:30:792,3,Severe_Damage,L3_S1,-618,-642,6236,623,58,17,0,-8629.23
6327,20:20:30:802,3,Severe_Damage,L3_S1,-480,-302,7432,3624,193,458,0,-7433.23
6328,20:20:30:812,3,Severe_Damage,L3_S1,-1100,32,9284,6188,205,910,0,-5581.23
6329,20:20:30:822,3,Severe_Damage,L3_S1,-1178,786,11548,8223,401,1190,1,-3317.23
6330,20:20:30:832,3,Severe_Damage,L3_S1,-1720,1278,14192,9317,281,1394,1,-673.23
6331,20:20:30:842,3,Severe_Damage,L3_S1,-2170,1816,16928,9637,425,1435,0,2062.77
6332,20:20:30:852,3,Severe_Damage,L3_S1,-2350,2266,19354,8972,316,1344,0,4488.77
6333,20:20:30:862,3,Severe_Damage,L3_S1,-2894,2646,21298,7498,223,1129,0,6432.77
6334,20:20:30:872,3,Severe_Damage,L3_S1,-2836,2886,22718,5298,289,734,0,7852.77
6335,20:20:30:882,3,Severe_Damage,L3_S1,-3250,2958,23340,2596,69,347,0,8474.77
6336,20:20:30:892,3,Severe_Damage,L3_S1,-3074,2978,23224,-291,58,-145,0,8358.77
6337,20:20:30:902,3,Severe_Damage,L3_S1,-2904,2764,22304,-3181,-30,-603,0,7438.77
6338,20:20:30:912,3,Severe_Damage,L3_S1,-2802,2538,20496,-5717,-184,-979,0,5630.77
6339,20:20:30:923,3,Severe_Damage,L3_S1,-2310,2204,18448,-7770,-134,-1349,1,3582.77
6340,20:20:30:933,3,Severe_Damage,L3_S1,-2064,1674,16046,-9129,-313,-1531,1,1180.77
6341,20:20:30:943,3,Severe_Damage,L3_S1,-1576,1094,13446,-9522,-266,-1616,1,-1419.23
6342,20:20:30:953,3,Severe_Damage,L3_S1,-1202,550,11076,-9156,-276,-1546,0,-3789.23
6343,20:20:30:962,3,Severe_Damage,L3_S1,-990,24,9086,-7931,-292,-1336,0,-5779.23
6344,20:20:30:972,3,Severe_Damage,L3_S1,-500,-264,7576,-5953,-125,-1054,1,-7289.23
6345,20:20:30:982,3,Severe_Damage,L3_S1,-708,-518,6852,-3517,-114,-629,0,-8013.23
6346,20:20:30:992,3,Severe_Damage,L3_S1,-380,-506,6796,-727,28,-222,0,-8069.23
6347,20:20:31:002,3,Severe_Damage,L3_S1,-714,-400,7560,2017,98,238,1,-7305.23
6348,20:20:31:012,3,Severe_Damage,L3_S1,-846,-26,8940,4571,204,629,0,-5925.23
6349,20:20:31:022,3,Severe_Damage,L3_S1,-1130,456,10850,6680,257,963,0,-4015.23
6350,20:20:31:032,3,Severe_Damage,L3_S1,-1676,918,13180,8063,292,1196,0,-1685.23
6351,20:20:31:042,3,Severe_Damage,L3_S1,-1762,1532,15568,8720,328,1282,0,702.77
6352,20:20:31:052,3,Severe_Damage,L3_S1,-2390,1940,17932,8485,278,1271,0,3066.77
6353,20:20:31:062,3,Severe_Damage,L3_S1,-2558,2386,19922,7525,302,1098,0,5056.77
6354,20:20:31:072,3,Severe_Damage,L3_S1,-2836,2600,21506,5765,202,828,0,6640.77
6355,20:20:31:082,3,Severe_Damage,L3_S1,-3030,2848,22352,3525,132,472,0,7486.77
6356,20:20:31:092,3,Severe_Damage,L3_S1,-2966,2814,22680,933,85,51,0,7814.77
6357,20:20:31:103,3,Severe_Damage,L3_S1,-3022,2694,22088,-1717,-34,-351,0,7222.77
6358,20:20:31:113,3,Severe_Damage,L3_S1,-2696,2528,20904,-4203,-34,-767,0,6038.77
6359,20:20:31:123,3,Severe_Damage,L3_S1,-2480,2198,18968,-6275,-145,-1085,0,4102.77
6360,20:20:31:133,3,Severe_Damage,L3_S1,-2156,1816,16984,-7838,-227,-1341,0,2118.77
6361,20:20:31:143,3,Severe_Damage,L3_S1,-1700,1344,14668,-8591,-230,-1463,0,-197.23
6362,20:20:31:153,3,Severe_Damage,L3_S1,-1548,796,12412,-8589,-253,-1446,1,-2453.23
6363,20:20:31:163,3,Severe_Damage,L3_S1,-1054,406,10412,-7789,-227,-1330,0,-4453.23
6364,20:20:31:172,3,Severe_Damage,L3_S1,-894,-78,8834,-6329,-200,-1087,0,-6031.23
6365,20:20:31:182,3,Severe_Damage,L3_S1,-706,-262,7784,-4251,-80,-762,0,-7081.23
6366,20:20:31:193,3,Severe_Damage,L3_S1,-592,-420,7470,-1871,-57,-386,0,-7395.23
6367,20:20:31:202,3,Severe_Damage,L3_S1,-726,-308,7780,697,62,22,0,-7085.23
6368,20:20:31:212,3,Severe_Damage,L3_S1,-758,-80,8838,3112,135,390,0,-6027.23
6369,20:20:31:223,3,Severe_Damage,L3_S1,-1160,260,10430,5231,191,733,0,-4435.23
6370,20:20:31:232,3,Severe_Damage,L3_S1,-1404,786,12264,6849,298,987,0,-2601.23
6371,20:20:31:242,3,Severe_Damage,L3_S1,-1682,1182,14506,7696,237,1144,0,-359.23
6372,20:20:31:253,3,Severe_Damage,L3_S1,-2180,1704,16652,7888,325,1160,0,1786.77
6373,20:20:31:263,3,Severe_Damage,L3_S1,-2360,2100,18728,7278,246,1065,1,3862.77
6374,20:20:31:272,3,Severe_Damage,L3_S1,-2704,2420,20260,6012,200,871,0,5394.77
6375,20:20:31:283,3,Severe_Damage,L3_S1,-2798,2576,21372,4141,189,568,0,6506.77
6376,20:20:31:292,3,Severe_Damage,L3_S1,-2964,2630,21942,1905,85,222,0,7076.77
6377,20:20:31:303,3,Severe_Damage,L3_S1,-2884,2644,21640,-501,48,-172,0,6774.77
6378,20:20:31:313,3,Severe_Damage,L3_S1,-2734,2480,20850,-2858,-42,-545,0,5984.77
6379,20:20:31:323,3,Severe_Damage,L3_S1,-2524,2228,19398,-4918,-118,-867,0,4532.77
6380,20:20:31:333,3,Severe_Damage,L3_S1,-2216,1968,17674,-6558,-131,-1139,0,2808.77
6381,20:20:31:343,3,Severe_Damage,L3_S1,-1980,1428,15706,-7630,-237,-1299,0,840.77
6382,20:20:31:353,3,Severe_Damage,L3_S1,-1528,1060,13506,-7873,-200,-1347,0,-1359.23
6383,20:20:31:363,3,Severe_Damage,L3_S1,-1238,576,11600,-7508,-220,-1284,0,-3265.23
6384,20:20:31:373,3,Severe_Damage,L3_S1,-1058,244,10026,-6412,-211,-1094,1,-4839.23
6385,20:20:31:383,3,Severe_Damage,L3_S1,-762,-150,8842,-4772,-116,-849,1,-6023.23
6386,20:20:31:392,3,Severe_Damage,L3_S1,-764,-260,8180,-2687,-58,-514,0,-6685.23
6387,20:20:31:402,3,Severe_Damage,L3_S1,-692,-236,8194,-414,11,-165,1,-6671.23
6388,20:20:31:412,3,Severe_Damage,L3_S1,-904,-126,8946,1857,95,209,0,-5919.23
6389,20:20:31:422,3,Severe_Damage,L3_S1,-1072,200,10160,3919,159,521,0,-4705.23
6390,20:20:31:432,3,Severe_Damage,L3_S1,-1224,600,11748,5599,209,790,0,-3117.23
6391,20:20:31:442,3,Severe_Damage,L3_S1,-1714,990,13644,6715,279,981,0,-1221.23
6392,20:20:31:453,3,Severe_Damage,L3_S1,-1856,1404,15562,7133,215,1031,0,696.77
6393,20:20:31:463,3,Severe_Damage,L3_S1,-2314,1828,17568,6907,281,1013,0,2702.77
6394,20:20:31:472,3,Severe_Damage,L3_S1,-2440,2156,19234,6006,217,862,0,4368.77
6395,20:20:31:482,3,Severe_Damage,L3_S1,-2704,2348,20426,4540,180,638,0,5560.77
6396,20:20:31:492,3,Severe_Damage,L3_S1,-2788,2462,21132,2634,118,331,0,6266.77
6397,20:20:31:502,3,Severe_Damage,L3_S1,-2784,2496,21216,490,56,-9,0,6350.77
6398,20:20:31:513,3,Severe_Damage,L3_S1,-2754,2406,20660,-1692,-14,-358,0,5794.77
6399,20:20:31:523,3,Severe_Damage,L3_S1,-2538,2170,19624,-3701,-56,-684,0,4758.77
6400,20:20:31:533,3,Severe_Damage,L3_S1,-2314,1930,18098,-5371,-109,-937,0,3232.77
6401,20:20:31:543,3,Severe_Damage,L3_S1,-2032,1626,16396,-6586,-156,-1141,1,1530.77
6402,20:20:31:553,3,Severe_Damage,L3_S1,-1718,1194,14488,-7149,-204,-1226,0,-377.23
6403,20:20:31:563,3,Severe_Damage,L3_S1,-1478,818,12600,-7032,-176,-1202,1,-2265.23
6404,20:20:31:573,3,Severe_Damage,L3_S1,-1102,434,11030,-6329,-199,-1095,0,-3835.23
6405,20:20:31:582,3,Severe_Damage,L3_S1,-1046,76,9860,-5053,-139,-887,0,-5005.23
6406,20:20:31:592,3,Severe_Damage,L3_S1,-888,-96,8932,-3294,-54,-619,0,-5933.23
6407,20:20:31:602,3,Severe_Damage,L3_S1,-824,-170,8716,-1304,-24,-301,0,-6149.23
6408,20:20:31:612,3,Severe_Damage,L3_S1,-860,-52,9078,794,70,36,1,-5787.23
6409,20:20:31:622,3,Severe_Damage,L3_S1,-1056,144,10094,2749,106,349,0,-4771.23
6410,20:20:31:632,3,Severe_Damage,L3_S1,-1242,490,11332,4455,156,625,0,-3533.23
6411,20:20:31:643,3,Severe_Damage,L3_S1,-1470,828,13030,5711,254,809,0,-1835.23
6412,20:20:31:653,3,Severe_Damage,L3_S1,-1798,1262,14848,6360,219,922,0,-17.23
6413,20:20:31:663,3,Severe_Damage,L3_S1,-2012,1592,16686,6406,242,926,0,1820.77
6414,20:20:31:673,3,Severe_Damage,L3_S1,-2340,1874,18252,5819,232,832,0,3386.77
6415,20:20:31:683,3,Severe_Damage,L3_S1,-2518,2166,19386,4751,162,666,0,4520.77
6416,20:20:31:693,3,Severe_Damage,L3_S1,-2634,2302,20348,3119,142,403,0,5482.77
6417,20:20:31:702,3,Severe_Damage,L3_S1,-2748,2420,20664,1289,73,117,0,5798.77
6418,20:20:31:713,3,Severe_Damage,L3_S1,-2640,2274,20476,-735,32,-209,0,5610.77
6419,20:20:31:723,3,Severe_Damage,L3_S1,-2582,2204,19576,-2614,-29,-505,0,4710.77
6420,20:20:31:733,3,Severe_Damage,L3_S1,-2402,1988,18446,-4299,-100,-766,0,3580.77
6421,20:20:31:743,3,Severe_Damage,L3_S1,-2112,1746,16904,-5559,-111,-978,0,2038.77
6422,20:20:31:753,3,Severe_Damage,L3_S1,-1878,1310,15186,-6382,-184,-1103,0,320.77
6423,20:20:31:763,3,Severe_Damage,L3_S1,-1580,1004,13464,-6481,-158,-1124,0,-1401.23
6424,20:20:31:773,3,Severe_Damage,L3_S1,-1372,604,11998,-6095,-135,-1063,1,-2867.23
6425,20:20:31:783,3,Severe_Damage,L3_S1,-1136,306,10668,-5111,-159,-899,0,-4197.23
6426,20:20:31:792,3,Severe_Damage,L3_S1,-914,32,9856,-3741,-90,-687,1,-5009.23
6427,20:20:31:803,3,Severe_Damage,L3_S1,-1004,76,9360,-1951,-26,-396,1,-5505.23
6428,20:20:31:813,3,Severe_Damage,L3_S1,-898,-26,9466,-100,8,-113,0,-5399.23
6429,20:20:31:823,3,Severe_Damage,L3_S1,-1116,154,9960,1769,95,198,0,-4905.23
6430,20:20:31:833,3,Severe_Damage,L3_S1,-1216,410,11146,3406,148,452,0,-3719.23
6431,20:20:31:843,3,Severe_Damage,L3_S1,-1406,644,12646,4715,172,657,0,-2219.23
6432,20:20:31:853,3,Severe_Damage,L3_S1,-1776,1112,14004,5598,244,801,1,-861.23
6433,20:20:31:863,3,Severe_Damage,L3_S1,-1854,1360,15912,5796,166,826,0,1046.77
6434,20:20:31:873,3,Severe_Damage,L3_S1,-2294,1708,17272,5565,231,794,1,2406.77
6435,20:20:31:883,3,Severe_Damage,L3_S1,-2308,1962,18638,4713,174,658,0,3772.77
6436,20:20:31:893,3,Severe_Damage,L3_S1,-2588,2144,19576,3478,149,459,0,4710.77
6437,20:20:31:903,3,Severe_Damage,L3_S1,-2588,2192,20026,1848,92,199,0,5160.77
6438,20:20:31:912,3,Severe_Damage,L3_S1,-2544,2204,20076,79,32,-83,0,5210.77
6439,20:20:31:923,3,Severe_Damage,L3_S1,-2560,2166,19558,-1709,-7,-364,0,4692.77
6440,20:20:31:933,3,Severe_Damage,L3_S1,-2288,1994,18624,-3316,-64,-616,0,3758.77
6441,20:20:31:943,3,Severe_Damage,L3_S1,-2334,1724,17282,-4629,-51,-828,0,2416.77
6442,20:20:31:953,3,Severe_Damage,L3_S1,-1914,1458,15778,-5533,-140,-971,0,912.77
6443,20:20:31:963,3,Severe_Damage,L3_S1,-1744,1124,14264,-5927,-162,-1031,0,-601.23
6444,20:20:31:973,3,Severe_Damage,L3_S1,-1552,812,12760,-5709,-112,-992,0,-2105.23
6445,20:20:31:983,3,Severe_Damage,L3_S1,-1180,488,11438,-5076,-169,-895,1,-3427.23
6446,20:20:31:993,3,Severe_Damage,L3_S1,-1154,204,10510,-3943,-89,-719,0,-4355.23
6447,20:20:32:003,3,Severe_Damage,L3_S1,-990,126,10008,-2471,-38,-488,1,-4857.23
6448,20:20:32:013,3,Severe_Damage,L3_S1,-1020,108,9858,-788,-13,-212,0,-5007.23
6449,20:20:32:022,3,Severe_Damage,L3_S1,-1064,182,10302,909,66,55,0,-4563.23
6450,20:20:32:032,3,Severe_Damage,L3_S1,-1278,368,11106,2496,97,308,0,-3759.23
6451,20:20:32:043,3,Severe_Damage,L3_S1,-1370,578,12256,3810,154,509,0,-2609.23
6452,20:20:32:053,3,Severe_Damage,L3_S1,-1566,952,13552,4781,188,659,0,-1313.23
6453,20:20:32:063,3,Severe_Damage,L3_S1,-1852,1146,15088,5202,202,737,0,222.77
6454,20:20:32:073,3,Severe_Damage,L3_S1,-1992,1550,16528,5159,165,732,0,1662.77
6455,20:20:32:083,3,Severe_Damage,L3_S1,-2302,1812,17916,4592,207,636,0,3050.77
6456,20:20:32:093,3,Severe_Damage,L3_S1,-2450,2052,18852,3627,126,492,0,3986.77
6457,20:20:32:103,3,Severe_Damage,L3_S1,-2480,2062,19408,2253,118,267,0,4542.77
6458,20:20:32:112,3,Severe_Damage,L3_S1,-2544,2120,19574,711,66,23,0,4708.77
6459,20:20:32:123,3,Severe_Damage,L3_S1,-2502,2076,19350,-932,5,-237,0,4484.77
6460,20:20:32:133,3,Severe_Damage,L3_S1,-2378,1940,18580,-2452,-33,-485,0,3714.77
6461,20:20:32:143,3,Severe_Damage,L3_S1,-2260,1808,17646,-3767,-68,-691,0,2780.77
6462,20:20:32:153,3,Severe_Damage,L3_S1,-2064,1526,16316,-4739,-79,-843,0,1450.77
6463,20:20:32:163,3,Severe_Damage,L3_S1,-1836,1212,14912,-5314,-160,-922,0,46.77
6464,20:20:32:173,3,Severe_Damage,L3_S1,-1620,878,13432,-5304,-103,-935,0,-1433.23
6465,20:20:32:183,3,Severe_Damage,L3_S1,-1396,590,12354,-4905,-135,-869,0,-2511.23
6466,20:20:32:193,3,Severe_Damage,L3_S1,-1260,428,11190,-4012,-122,-722,0,-3675.23
6467,20:20:32:203,3,Severe_Damage,L3_S1,-1100,178,10650,-2838,-52,-549,0,-4215.23
6468,20:20:32:213,3,Severe_Damage,L3_S1,-1178,162,10324,-1328,-1,-298,0,-4541.23
6469,20:20:32:222,3,Severe_Damage,L3_S1,-1098,212,10510,182,27,-66,1,-4355.23
6470,20:20:32:233,3,Severe_Damage,L3_S1,-1232,382,11102,1702,111,176,0,-3763.23
6471,20:20:32:243,3,Severe_Damage,L3_S1,-1394,566,12070,2980,116,385,0,-2795.23
6472,20:20:32:253,3,Severe_Damage,L3_S1,-1456,796,13286,3998,155,543,0,-1579.23
6473,20:20:32:263,3,Severe_Damage,L3_S1,-1790,1144,14574,4592,200,648,0,-291.23
6474,20:20:32:273,3,Severe_Damage,L3_S1,-1888,1410,16014,4695,143,662,0,1148.77
6475,20:20:32:283,3,Severe_Damage,L3_S1,-2212,1620,17060,4393,190,608,0,2194.77
6476,20:20:32:293,3,Severe_Damage,L3_S1,-2314,1880,18092,3653,123,483,0,3226.77
6477,20:20:32:303,3,Severe_Damage,L3_S1,-2402,1932,18804,2526,109,316,0,3938.77
6478,20:20:32:313,3,Severe_Damage,L3_S1,-2490,2016,19118,1194,87,104,0,4252.77
6479,20:20:32:323,3,Severe_Damage,L3_S1,-2384,1946,19066,-294,10,-129,0,4200.77
6480,20:20:32:333,3,Severe_Damage,L3_S1,-2368,1932,18554,-1713,6,-357,0,3688.77
6481,20:20:32:343,3,Severe_Damage,L3_S1,-2218,1752,17754,-3008,-73,-568,0,2888.77
6482,20:20:32:353,3,Severe_Damage,L3_S1,-2166,1554,16600,-3993,-58,-718,0,1734.77
6483,20:20:32:363,3,Severe_Damage,L3_S1,-1870,1316,15368,-4649,-104,-828,0,502.77
6484,20:20:32:373,3,Severe_Damage,L3_S1,-1618,984,14270,-4897,-131,-869,0,-595.23
6485,20:20:32:383,3,Severe_Damage,L3_S1,-1534,802,12804,-4598,-81,-822,0,-2061.23
6486,20:20:32:393,3,Severe_Damage,L3_S1,-1306,504,11982,-4012,-116,-730,0,-2883.23
6487,20:20:32:403,3,Severe_Damage,L3_S1,-1264,426,11150,-2988,-60,-559,1,-3715.23
6488,20:20:32:413,3,Severe_Damage,L3_S1,-1118,252,10890,-1775,-24,-371,0,-3975.23
6489,20:20:32:423,3,Severe_Damage,L3_S1,-1200,296,10838,-357,21,-142,0,-4027.23
6490,20:20:32:432,3,Severe_Damage,L3_S1,-1202,394,11132,997,64,65,0,-3733.23
6491,20:20:32:443,3,Severe_Damage,L3_S1,-1362,510,12016,2269,108,267,0,-2849.23
6492,20:20:32:453,3,Severe_Damage,L3_S1,-1472,756,13012,3271,119,434,0,-1853.23
6493,20:20:32:463,3,Severe_Damage,L3_S1,-1714,1024,14108,3981,183,543,0,-757.23
6494,20:20:32:473,3,Severe_Damage,L3_S1,-1846,1234,15340,4214,141,587,0,474.77
6495,20:20:32:483,3,Severe_Damage,L3_S1,-2026,1512,16464,4115,165,559,0,1598.77
6496,20:20:32:493,3,Severe_Damage,L3_S1,-2220,1708,17486,3554,140,470,0,2620.77
6497,20:20:32:503,3,Severe_Damage,L3_S1,-2364,1894,18196,2686,105,334,0,3330.77
6498,20:20:32:513,3,Severe_Damage,L3_S1,-2408,1916,18672,1517,104,151,0,3806.77
6499,20:20:32:523,3,Severe_Damage,L3_S1,-2412,1944,18718,225,45,-57,0,3852.77
6500,20:20:32:533,3,Severe_Damage,L3_S1,-2334,1866,18418,-1103,10,-266,0,3552.77
6501,20:20:32:543,3,Severe_Damage,L3_S1,-2218,1746,17732,-2325,-34,-457,0,2866.77
6502,20:20:32:553,3,Severe_Damage,L3_S1,-2108,1580,16842,-3324,-43,-617,0,1976.77
6503,20:20:32:563,3,Severe_Damage,L3_S1,-1894,1366,15744,-4040,-65,-736,0,878.77
6504,20:20:32:573,3,Severe_Damage,L3_S1,-1726,1138,14602,-4399,-108,-792,0,-263.23
6505,20:20:32:583,3,Severe_Damage,L3_S1,-1540,892,13536,-4323,-98,-778,1,-1329.23
6506,20:20:32:593,3,Severe_Damage,L3_S1,-1440,634,12494,-3860,-60,-705,0,-2371.23
6507,20:20:32:603,3,Severe_Damage,L3_S1,-1286,510,11774,-3084,-85,-579,0,-3091.23
6508,20:20:32:613,3,Severe_Damage,L3_S1,-1226,324,11326,-2050,-11,-421,0,-3539.23
6509,20:20:32:623,3,Severe_Damage,L3_S1,-1178,340,11178,-797,8,-220,0,-3687.23
6510,20:20:32:633,3,Severe_Damage,L3_S1,-1248,380,11460,446,52,-19,0,-3405.23
6511,20:20:32:643,3,Severe_Damage,L3_S1,-1418,500,11990,1640,91,171,0,-2875.23
6512,20:20:32:653,3,Severe_Damage,L3_S1,-1476,678,12756,2635,96,335,0,-2109.23
6513,20:20:32:663,3,Severe_Damage,L3_S1,-1622,934,13844,3379,134,442,0,-1021.23
6514,20:20:32:673,3,Severe_Damage,L3_S1,-1820,1206,14872,3785,167,506,0,6.77
6515,20:20:32:683,3,Severe_Damage,L3_S1,-1914,1356,16002,3752,117,506,0,1136.77
6516,20:20:32:693,3,Severe_Damage,L3_S1,-2158,1580,16958,3419,166,451,0,2092.77
6517,20:20:32:703,3,Severe_Damage,L3_S1,-2234,1732,17740,2704,89,343,0,2874.77
6518,20:20:32:713,3,Severe_Damage,L3_S1,-2332,1810,18222,1757,92,190,0,3356.77
6519,20:20:32:723,3,Severe_Damage,L3_S1,-2348,1880,18324,609,41,9,0,3458.77
6520,20:20:32:733,3,Severe_Damage,L3_S1,-2348,1836,18214,-599,13,-184,0,3348.77
6521,20:20:32:743,3,Severe_Damage,L3_S1,-2288,1752,17722,-1745,-9,-370,0,2856.77
6522,20:20:32:753,3,Severe_Damage,L3_S1,-2126,1574,16948,-2730,-39,-526,0,2082.77
6523,20:20:32:763,3,Severe_Damage,L3_S1,-1920,1346,16002,-3481,-64,-633,0,1136.77
6524,20:20:32:773,3,Severe_Damage,L3_S1,-1840,1202,14926,-3898,-59,-711,1,60.77
6525,20:20:32:783,3,Severe_Damage,L3_S1,-1638,964,14008,-4016,-98,-725,0,-857.23
6526,20:20:32:793,3,Severe_Damage,L3_S1,-1504,820,13016,-3672,-74,-665,0,-1849.23
6527,20:20:32:803,3,Severe_Damage,L3_S1,-1444,550,12316,-3097,-33,-584,0,-2549.23
6528,20:20:32:813,3,Severe_Damage,L3_S1,-1278,492,11652,-2179,-58,-428,0,-3213.23
6529,20:20:32:823,3,Severe_Damage,L3_S1,-1256,420,11576,-1178,6,-279,0,-3289.23
6530,20:20:32:833,3,Severe_Damage,L3_S1,-1282,498,11618,25,45,-86,0,-3247.23
6531,20:20:32:843,3,Severe_Damage,L3_S1,-1296,524,12012,1085,50,83,0,-2853.23
6532,20:20:32:853,3,Severe_Damage,L3_S1,-1498,692,12672,2089,121,237,0,-2193.23
6533,20:20:32:863,3,Severe_Damage,L3_S1,-1582,872,13602,2822,83,358,0,-1263.23
6534,20:20:32:873,3,Severe_Damage,L3_S1,-1748,1022,14618,3299,153,432,0,-247.23
6535,20:20:32:883,3,Severe_Damage,L3_S1,-1904,1320,15514,3446,146,461,0,648.77
6536,20:20:32:893,3,Severe_Damage,L3_S1,-2012,1424,16490,3173,103,415,0,1624.77
6537,20:20:32:903,3,Severe_Damage,L3_S1,-2242,1650,17244,2684,151,339,0,2378.77
6538,20:20:32:913,3,Severe_Damage,L3_S1,-2210,1720,17778,1865,63,210,0,2912.77
6539,20:20:32:923,3,Severe_Damage,L3_S1,-2346,1758,18018,905,86,60,0,3152.77
6540,20:20:32:933,3,Severe_Damage,L3_S1,-2292,1778,17992,-202,33,-126,0,3126.77
6541,20:20:32:943,3,Severe_Damage,L3_S1,-2152,1566,17010,-2203,-15,-439,0,2144.77
6542,20:20:32:953,3,Severe_Damage,L3_S1,-2008,1440,16156,-2948,-42,-555,0,1290.77
6543,20:20:32:963,3,Severe_Damage,L3_S1,-1926,1238,15290,-3441,-58,-638,0,424.77
6544,20:20:32:973,3,Severe_Damage,L3_S1,-1740,1048,14296,-3612,-69,-659,0,-569.23
6545,20:20:32:983,3,Severe_Damage,L3_S1,-1590,800,13518,-3510,-113,-647,0,-1347.23
6546,20:20:32:993,3,Severe_Damage,L3_S1,-1500,730,12700,-2974,-15,-565,0,-2165.23
6547,20:20:33:003,3,Severe_Damage,L3_S1,-1402,572,12204,-2298,-45,-457,0,-2661.23
6548,20:20:33:013,3,Severe_Damage,L3_S1,-1340,490,11864,-1373,-11,-304,0,-3001.23
6549,20:20:33:023,3,Severe_Damage,L3_S1,-1362,442,11830,-368,36,-146,0,-3035.23
6550,20:20:33:033,3,Severe_Damage,L3_S1,-1360,570,12166,669,45,20,0,-2699.23
6551,20:20:33:043,3,Severe_Damage,L3_S1,-1492,670,12600,1582,82,153,0,-2265.23
6552,20:20:33:053,3,Severe_Damage,L3_S1,-1542,850,13476,2337,103,277,0,-1389.23
6553,20:20:33:063,3,Severe_Damage,L3_S1,-1704,1050,14308,2840,107,354,0,-557.23
6554,20:20:33:073,3,Severe_Damage,L3_S1,-1812,1170,15284,3043,131,386,0,418.77
6555,20:20:33:083,3,Severe_Damage,L3_S1,-2032,1470,15922,3002,144,382,0,1056.77
6556,20:20:33:093,3,Severe_Damage,L3_S1,-2054,1452,16884,2542,88,308,0,2018.77
6557,20:20:33:103,3,Severe_Damage,L3_S1,-2234,1684,17308,1943,101,222,0,2442.77
6558,20:20:33:113,3,Severe_Damage,L3_S1,-2192,1684,17686,1055,54,74,0,2820.77
6559,20:20:33:123,3,Severe_Damage,L3_S1,-2262,1764,17678,171,58,-59,0,2812.77
6560,20:20:33:133,3,Severe_Damage,L3_S1,-2208,1636,17550,-869,-6,-226,0,2684.77
6561,20:20:33:143,3,Severe_Damage,L3_S1,-2146,1620,16974,-1728,5,-360,0,2108.77
6562,20:20:33:153,3,Severe_Damage,L3_S1,-1998,1426,16266,-2488,-45,-484,0,1400.77
6563,20:20:33:163,3,Severe_Damage,L3_S1,-1920,1282,15562,-3003,-34,-568,1,696.77
6564,20:20:33:173,3,Severe_Damage,L3_S1,-1736,1158,14622,-3242,-60,-607,0,-243.23
6565,20:20:33:183,3,Severe_Damage,L3_S1,-1674,864,13856,-3237,-56,-609,0,-1009.23
6566,20:20:33:193,3,Severe_Damage,L3_S1,-1496,822,13108,-2877,-72,-544,0,-1757.23
6567,20:20:33:203,3,Severe_Damage,L3_S1,-1450,580,12628,-2309,-9,-462,1,-2237.23
6568,20:20:33:213,3,Severe_Damage,L3_S1,-1410,610,12108,-1515,-34,-323,1,-2757.23
6569,20:20:33:223,3,Severe_Damage,L3_S1,-1294,478,12156,-679,27,-198,0,-2709.23
6570,20:20:33:233,3,Severe_Damage,L3_S1,-1444,618,12248,301,57,-46,0,-2617.23
6571,20:20:33:243,3,Severe_Damage,L3_S1,-1426,594,12760,1132,59,89,0,-2105.23
6572,20:20:33:253,3,Severe_Damage,L3_S1,-1622,786,13370,1899,110,213,0,-1495.23
6573,20:20:33:263,3,Severe_Damage,L3_S1,-1680,938,14120,2404,96,290,0,-745.23
6574,20:20:33:273,3,Severe_Damage,L3_S1,-1780,1168,14930,2691,118,339,0,64.77
6575,20:20:33:283,3,Severe_Damage,L3_S1,-1962,1282,15742,2675,121,333,0,876.77
6576,20:20:33:293,3,Severe_Damage,L3_S1,-2056,1502,16304,2464,121,303,0,1438.77
6577,20:20:33:303,3,Severe_Damage,L3_S1,-2116,1526,17002,1883,71,210,0,2136.77
6578,20:20:33:313,3,Severe_Damage,L3_S1,-2232,1646,17276,1208,94,105,0,2410.77
6579,20:20:33:323,3,Severe_Damage,L3_S1,-2184,1644,17426,350,38,-37,0,2560.77
6580,20:20:33:333,3,Severe_Damage,L3_S1,-2218,1656,17274,-493,26,-170,0,2408.77
6581,20:20:33:343,3,Severe_Damage,L3_S1,-2096,1480,16940,-1356,-13,-305,0,2074.77
6582,20:20:33:353,3,Severe_Damage,L3_S1,-2056,1450,16314,-2063,-24,-422,0,1448.77
6583,20:20:33:363,3,Severe_Damage,L3_S1,-1894,1326,15708,-2592,-28,-498,0,842.77
6584,20:20:33:373,3,Severe_Damage,L3_S1,-1816,1140,14934,-2894,-32,-550,0,68.77
6585,20:20:33:383,3,Severe_Damage,L3_S1,-1660,1000,14122,-2934,-53,-556,0,-743.23
6586,20:20:33:393,3,Severe_Damage,L3_S1,-1540,856,13526,-2726,-46,-526,0,-1339.23
6587,20:20:33:403,3,Severe_Damage,L3_S1,-1456,696,12952,-2288,-52,-451,0,-1913.23
6588,20:20:33:413,3,Severe_Damage,L3_S1,-1454,656,12602,-1595,15,-339,0,-2263.23
6589,20:20:33:423,3,Severe_Damage,L3_S1,-1386,608,12466,-857,-20,-224,0,-2399.23
6590,20:20:33:433,3,Severe_Damage,L3_S1,-1532,594,12544,-2,64,-92,0,-2321.23
6591,20:20:33:443,3,Severe_Damage,L3_S1,-1536,644,12758,794,39,35,0,-2107.23
6592,20:20:33:453,3,Severe_Damage,L3_S1,-1532,754,13334,1498,74,147,0,-1531.23
6593,20:20:33:463,3,Severe_Damage,L3_S1,-1646,938,13994,2035,94,234,0,-871.23
6594,20:20:33:473,3,Severe_Damage,L3_S1,-1726,1060,14762,2358,89,281,0,-103.23
6595,20:20:33:483,3,Severe_Damage,L3_S1,-1872,1200,15402,2431,120,292,0,536.77
6596,20:20:33:493,3,Severe_Damage,L3_S1,-1976,1356,16132,2241,95,262,0,1266.77
6597,20:20:33:503,3,Severe_Damage,L3_S1,-2094,1464,16626,1842,101,200,0,1760.77
6598,20:20:33:513,3,Severe_Damage,L3_S1,-2162,1610,16904,1302,84,119,0,2038.77
6599,20:20:33:523,3,Severe_Damage,L3_S1,-2148,1500,17174,489,16,-5,0,2308.77
6600,20:20:33:533,3,Severe_Damage,L3_S1,-2204,1568,16998,-233,71,-124,0,2132.77
6601,20:20:33:543,3,Severe_Damage,L3_S1,-2014,1510,16858,-1047,-24,-258,0,1992.77
6602,20:20:33:553,3,Severe_Damage,L3_S1,-2036,1526,16298,-1682,3,-355,0,1432.77
6603,20:20:33:563,3,Severe_Damage,L3_S1,-1888,1312,15808,-2248,-33,-447,0,942.77
6604,20:20:33:573,3,Severe_Damage,L3_S1,-1892,1216,15078,-2552,-37,-489,0,212.77
6605,20:20:33:583,3,Severe_Damage,L3_S1,-1652,1054,14408,-2672,-33,-522,0,-457.23
6606,20:20:33:593,3,Severe_Damage,L3_S1,-1598,864,13806,-2533,-38,-492,0,-1059.23
6607,20:20:33:603,3,Severe_Damage,L3_S1,-1582,828,13218,-2190,-34,-438,0,-1647.23
6608,20:20:33:613,3,Severe_Damage,L3_S1,-1422,724,12922,-1664,-33,-353,0,-1943.23
6609,20:20:33:623,3,Severe_Damage,L3_S1,-1532,704,12654,-943,41,-236,0,-2211.23
6610,20:20:33:633,3,Severe_Damage,L3_S1,-1358,666,12726,-251,-6,-139,0,-2139.23
6611,20:20:33:643,3,Severe_Damage,L3_S1,-1534,716,12912,510,87,-3,0,-1953.23
6612,20:20:33:653,3,Severe_Damage,L3_S1,-1548,752,13414,1150,57,99,0,-1451.23
6613,20:20:33:663,3,Severe_Damage,L3_S1,-1634,900,13880,1682,75,176,0,-985.23
6614,20:20:33:673,3,Severe_Damage,L3_S1,-1768,1026,14502,2024,97,234,0,-363.23
6615,20:20:33:683,3,Severe_Damage,L3_S1,-1798,1140,15212,2157,81,249,0,346.77
6616,20:20:33:693,3,Severe_Damage,L3_S1,-2000,1324,15802,2052,102,236,0,936.77
6617,20:20:33:703,3,Severe_Damage,L3_S1,-2040,1450,16438,1736,82,185,0,1572.77
6618,20:20:33:713,3,Severe_Damage,L3_S1,-2064,1448,16794,1254,75,110,0,1928.77
6619,20:20:33:723,3,Severe_Damage,L3_S1,-2150,1618,16770,694,67,24,0,1904.77
6620,20:20:33:733,3,Severe_Damage,L3_S1,-2056,1528,16948,-105,-18,-108,0,2082.77
6621,20:20:33:743,3,Severe_Damage,L3_S1,-2158,1492,16692,-727,67,-202,0,1826.77
6622,20:20:33:753,3,Severe_Damage,L3_S1,-1908,1380,16330,-1413,-43,-314,0,1464.77
6623,20:20:33:763,3,Severe_Damage,L3_S1,-1950,1298,15782,-1891,-6,-385,0,916.77
6624,20:20:33:773,3,Severe_Damage,L3_S1,-1786,1192,15244,-2251,-24,-452,0,378.77
6625,20:20:33:783,3,Severe_Damage,L3_S1,-1756,1052,14626,-2398,-21,-471,0,-239.23
6626,20:20:33:793,3,Severe_Damage,L3_S1,-1630,942,13996,-2330,-36,-459,0,-869.23
6627,20:20:33:803,3,Severe_Damage,L3_S1,-1596,860,13550,-2075,-27,-418,0,-1315.23
6628,20:20:33:813,3,Severe_Damage,L3_S1,-1516,810,13172,-1639,-9,-352,0,-1693.23
6629,20:20:33:823,3,Severe_Damage,L3_S1,-1472,734,12982,-1063,-14,-260,0,-1883.23
6630,20:20:33:833,3,Severe_Damage,L3_S1,-1562,714,12900,-395,60,-156,0,-1965.23
6631,20:20:33:843,3,Severe_Damage,L3_S1,-1462,726,13070,246,11,-56,0,-1795.23
6632,20:20:33:853,3,Severe_Damage,L3_S1,-1616,796,13418,871,101,39,0,-1447.23
6633,20:20:33:863,3,Severe_Damage,L3_S1,-1634,960,13894,1371,62,123,0,-971.23
6634,20:20:33:873,3,Severe_Damage,L3_S1,-1728,978,14440,1723,86,190,0,-425.23
6635,20:20:33:883,3,Severe_Damage,L3_S1,-1874,1126,14990,1890,87,205,0,124.77
6636,20:20:33:893,3,Severe_Damage,L3_S1,-1862,1272,15550,1858,92,202,0,684.77
6637,20:20:33:903,3,Severe_Damage,L3_S1,-2026,1406,16074,1622,88,167,0,1208.77
6638,20:20:33:913,3,Severe_Damage,L3_S1,-2050,1442,16440,1229,72,109,0,1574.77
6639,20:20:33:923,3,Severe_Damage,L3_S1,-2078,1466,16692,689,66,21,0,1826.77
6640,20:20:33:933,3,Severe_Damage,L3_S1,-2050,1486,16692,116,38,-71,0,1826.77
6641,20:20:33:943,3,Severe_Damage,L3_S1,-2008,1384,16634,-558,13,-177,0,1768.77
6642,20:20:33:954,3,Severe_Damage,L3_S1,-1988,1456,16198,-1122,0,-272,0,1332.77
6643,20:20:33:963,3,Severe_Damage,L3_S1,-1970,1328,15946,-1636,2,-358,0,1080.77
6644,20:20:33:974,3,Severe_Damage,L3_S1,-1878,1262,15224,-1945,-37,-402,0,358.77
6645,20:20:33:984,3,Severe_Damage,L3_S1,-1812,1070,14858,-2166,-3,-437,0,-7.23
6646,20:20:33:993,3,Severe_Damage,L3_S1,-1716,1016,14212,-2109,-40,-435,1,-653.23
6647,20:20:34:004,3,Severe_Damage,L3_S1,-1616,876,13822,-1958,-26,-397,0,-1043.23
6648,20:20:34:013,3,Severe_Damage,L3_S1,-1548,856,13406,-1562,11,-335,0,-1459.23
6649,20:20:34:023,3,Severe_Damage,L3_S1,-1552,748,13208,-1115,-13,-263,0,-1657.23
6650,20:20:34:033,3,Severe_Damage,L3_S1,-1486,782,13138,-530,15,-171,0,-1727.23
6651,20:20:34:043,3,Severe_Damage,L3_S1,-1568,770,13214,84,61,-82,0,-1651.23
6652,20:20:34:053,3,Severe_Damage,L3_S1,-1564,790,13530,616,16,9,0,-1335.23
6653,20:20:34:063,3,Severe_Damage,L3_S1,-1658,922,13794,1111,100,84,0,-1071.23
6654,20:20:34:073,3,Severe_Damage,L3_S1,-1684,1010,14314,1440,53,136,0,-551.23
6655,20:20:34:083,3,Severe_Damage,L3_S1,-1812,1118,14782,1650,82,172,0,-83.23
6656,20:20:34:093,3,Severe_Damage,L3_S1,-1882,1224,15412,1648,89,163,0,546.77
6657,20:20:34:103,3,Severe_Damage,L3_S1,-1902,1278,15834,1490,62,149,0,968.77
6658,20:20:34:113,3,Severe_Damage,L3_S1,-2016,1398,16174,1159,86,92,0,1308.77
6659,20:20:34:123,3,Severe_Damage,L3_S1,-2004,1408,16462,704,38,29,0,1596.77
6660,20:20:34:133,3,Severe_Damage,L3_S1,-2052,1484,16504,179,55,-60,0,1638.77
6661,20:20:34:143,3,Severe_Damage,L3_S1,-2040,1398,16452,-371,23,-145,0,1586.77
6662,20:20:34:153,3,Severe_Damage,L3_S1,-2010,1396,16162,-897,6,-229,0,1296.77
6663,20:20:34:163,3,Severe_Damage,L3_S1,-1970,1290,15824,-1400,-9,-313,0,958.77
6664,20:20:34:173,3,Severe_Damage,L3_S1,-1908,1186,15360,-1708,6,-357,0,494.77
6665,20:20:34:184,3,Severe_Damage,L3_S1,-1734,1124,14944,-1907,-28,-390,0,78.77
6666,20:20:34:194,3,Severe_Damage,L3_S1,-1776,1062,14404,-1940,9,-398,0,-461.23
6667,20:20:34:204,3,Severe_Damage,L3_S1,-1598,1000,13984,-1782,-45,-372,0,-881.23
6668,20:20:34:213,3,Severe_Damage,L3_S1,-1658,862,13646,-1509,6,-329,0,-1219.23
6669,20:20:34:223,3,Severe_Damage,L3_S1,-1590,826,13412,-1082,6,-259,0,-1453.23
6670,20:20:34:233,3,Severe_Damage,L3_S1,-1522,742,13334,-594,7,-181,0,-1531.23
6671,20:20:34:244,3,Severe_Damage,L3_S1,-1646,826,13374,-69,49,-99,0,-1491.23
6672,20:20:34:253,3,Severe_Damage,L3_S1,-1606,840,13580,463,38,-10,0,-1285.23
6673,20:20:34:264,3,Severe_Damage,L3_S1,-1664,912,13854,894,74,52,0,-1011.23
6674,20:20:34:273,3,Severe_Damage,L3_S1,-1736,998,14328,1245,70,99,0,-537.23
6675,20:20:34:283,3,Severe_Damage,L3_S1,-1746,1090,14816,1421,77,132,0,-49.23
6676,20:20:34:293,3,Severe_Damage,L3_S1,-1866,1170,15242,1471,70,136,0,376.77
6677,20:20:34:303,3,Severe_Damage,L3_S1,-1880,1274,15668,1335,72,121,0,802.77
6678,20:20:34:314,3,Severe_Damage,L3_S1,-1988,1382,16030,1088,54,83,0,1164.77
6679,20:20:34:323,3,Severe_Damage,L3_S1,-2030,1362,16290,679,54,18,0,1424.77
6680,20:20:34:333,3,Severe_Damage,L3_S1,-2000,1420,16276,233,45,-55,0,1410.77
6681,20:20:34:343,3,Severe_Damage,L3_S1,-2036,1378,16300,-287,14,-129,0,1434.77
6682,20:20:34:353,3,Severe_Damage,L3_S1,-2010,1396,16126,-756,36,-217,0,1260.77
6683,20:20:34:364,3,Severe_Damage,L3_S1,-1890,1282,15800,-1204,-22,-284,0,934.77
6684,20:20:34:374,3,Severe_Damage,L3_S1,-1896,1166,15478,-1520,4,-338,0,612.77
6685,20:20:34:384,3,Severe_Damage,L3_S1,-1776,1114,15002,-1736,-21,-371,0,136.77
6686,20:20:34:394,3,Severe_Damage,L3_S1,-1800,1086,14506,-1767,-1,-371,0,-359.23
6687,20:20:34:404,3,Severe_Damage,L3_S1,-1622,918,14170,-1674,-27,-353,0,-695.23
6688,20:20:34:413,3,Severe_Damage,L3_S1,-1654,884,13774,-1418,-2,-306,0,-1091.23
6689,20:20:34:423,3,Severe_Damage,L3_S1,-1576,786,13552,-1070,-2,-254,0,-1313.23
6690,20:20:34:433,3,Severe_Damage,L3_S1,-1566,818,13484,-618,15,-189,0,-1381.23
6691,20:20:34:443,3,Severe_Damage,L3_S1,-1646,840,13446,-150,35,-113,0,-1419.23
6692,20:20:34:453,3,Severe_Damage,L3_S1,-1588,860,13642,334,48,-42,0,-1223.23
6693,20:20:34:463,3,Severe_Damage,L3_S1,-1682,852,13968,739,61,25,0,-897.23
6694,20:20:34:473,3,Severe_Damage,L3_S1,-1700,992,14302,1066,70,79,0,-563.23
6695,20:20:34:483,3,Severe_Damage,L3_S1,-1760,1072,14702,1259,69,109,0,-163.23
6696,20:20:34:493,3,Severe_Damage,L3_S1,-1878,1196,15206,1313,79,114,0,340.77
6697,20:20:34:503,3,Severe_Damage,L3_S1,-1950,1270,15524,1233,77,109,0,658.77
6698,20:20:34:513,3,Severe_Damage,L3_S1,-1974,1284,15904,1002,66,80,0,1038.77
6699,20:20:34:523,3,Severe_Damage,L3_S1,-1940,1382,16084,675,46,19,0,1218.77
6700,20:20:34:533,3,Severe_Damage,L3_S1,-2018,1388,16214,250,56,-45,0,1348.77
6701,20:20:34:544,3,Severe_Damage,L3_S1,-1982,1370,16112,-194,14,-117,0,1246.77
6702,20:20:34:553,3,Severe_Damage,L3_S1,-1980,1406,16010,-650,20,-190,0,1144.77
6703,20:20:34:564,3,Severe_Damage,L3_S1,-1938,1356,15660,-1038,5,-250,0,794.77
6704,20:20:34:574,3,Severe_Damage,L3_S1,-1870,1238,15418,-1368,-11,-300,0,552.77
6705,20:20:34:584,3,Severe_Damage,L3_S1,-1854,1162,14998,-1563,8,-332,0,132.77
6706,20:20:34:594,3,Severe_Damage,L3_S1,-1736,1078,14658,-1634,-19,-348,0,-207.23
6707,20:20:34:604,3,Severe_Damage,L3_S1,-1730,972,14212,-1559,-11,-335,0,-653.23
6708,20:20:34:614,3,Severe_Damage,L3_S1,-1652,938,13928,-1350,-2,-303,0,-937.23
6709,20:20:34:623,3,Severe_Damage,L3_S1,-1602,878,13624,-1042,2,-251,0,-1241.23
6710,20:20:34:633,3,Severe_Damage,L3_S1,-1576,828,13616,-647,21,-190,0,-1249.23
6711,20:20:34:644,3,Severe_Damage,L3_S1,-1600,850,13650,-221,43,-125,0,-1215.23
6712,20:20:34:654,3,Severe_Damage,L3_S1,-1616,858,13714,209,30,-55,0,-1151.23
6713,20:20:34:663,3,Severe_Damage,L3_S1,-1668,896,14016,589,61,3,0,-849.23
6714,20:20:34:673,3,Severe_Damage,L3_S1,-1714,1002,14294,914,53,58,0,-571.23
6715,20:20:34:683,3,Severe_Damage,L3_S1,-1742,1066,14678,1107,64,80,0,-187.23
6716,20:20:34:693,3,Severe_Damage,L3_S1,-1824,1124,15018,1182,67,95,0,152.77
6717,20:20:34:703,3,Severe_Damage,L3_S1,-1888,1204,15498,1124,69,76,0,632.77
6718,20:20:34:713,3,Severe_Damage,L3_S1,-1942,1264,15752,941,62,52,0,886.77
6719,20:20:34:723,3,Severe_Damage,L3_S1,-1952,1314,15936,645,49,15,0,1070.77
6720,20:20:34:733,3,Severe_Damage,L3_S1,-1980,1328,16078,277,48,-43,0,1212.77
6721,20:20:34:744,3,Severe_Damage,L3_S1,-1934,1350,16052,-130,32,-116,0,1186.77
6722,20:20:34:754,3,Severe_Damage,L3_S1,-1980,1368,15978,-547,19,-180,0,1112.77
6723,20:20:34:764,3,Severe_Damage,L3_S1,-1914,1276,15752,-915,15,-234,0,886.77
6724,20:20:34:774,3,Severe_Damage,L3_S1,-1876,1212,15356,-1220,-9,-288,0,490.77
6725,20:20:34:784,3,Severe_Damage,L3_S1,-1870,1150,15042,-1417,6,-316,0,176.77
6726,20:20:34:794,3,Severe_Damage,L3_S1,-1812,1060,14716,-1501,-11,-332,0,-149.23
6727,20:20:34:804,3,Severe_Damage,L3_S1,-1726,1018,14374,-1456,-10,-321,0,-491.23
6728,20:20:34:813,3,Severe_Damage,L3_S1,-1662,928,14024,-1283,1,-296,0,-841.23
6729,20:20:34:824,3,Severe_Damage,L3_S1,-1642,918,13858,-1015,-3,-247,0,-1007.23
6730,20:20:34:834,3,Severe_Damage,L3_S1,-1578,874,13722,-677,29,-198,0,-1143.23
6731,20:20:34:844,3,Severe_Damage,L3_S1,-1622,862,13660,-285,24,-135,0,-1205.23
6732,20:20:34:853,3,Severe_Damage,L3_S1,-1630,868,13782,117,44,-72,0,-1083.23
6733,20:20:34:863,3,Severe_Damage,L3_S1,-1624,938,14036,480,49,-11,0,-829.23
6734,20:20:34:873,3,Severe_Damage,L3_S1,-1746,970,14300,770,56,26,0,-565.23
6735,20:20:34:883,3,Severe_Damage,L3_S1,-1794,1052,14666,956,62,67,0,-199.23
6736,20:20:34:893,3,Severe_Damage,L3_S1,-1836,1144,15008,1046,68,82,0,142.77
6737,20:20:34:904,3,Severe_Damage,L3_S1,-1818,1224,15312,1013,57,75,0,446.77
6738,20:20:34:913,3,Severe_Damage,L3_S1,-1932,1262,15620,870,73,40,0,754.77
6739,20:20:34:923,3,Severe_Damage,L3_S1,-1944,1294,15918,613,39,4,0,1052.77
6740,20:20:34:934,3,Severe_Damage,L3_S1,-1962,1324,15948,294,44,-44,0,1082.77
6741,20:20:34:944,3,Severe_Damage,L3_S1,-1940,1320,15942,-72,29,-101,0,1076.77
6742,20:20:34:954,3,Severe_Damage,L3_S1,-1956,1278,15886,-453,16,-162,0,1020.77
6743,20:20:34:964,3,Severe_Damage,L3_S1,-1934,1290,15694,-796,12,-216,0,828.77
6744,20:20:34:974,3,Severe_Damage,L3_S1,-1906,1258,15398,-1090,-7,-264,0,532.77
6745,20:20:34:984,3,Severe_Damage,L3_S1,-1794,1168,15084,-1284,2,-293,0,218.77
6746,20:20:34:994,3,Severe_Damage,L3_S1,-1814,1068,14824,-1376,-5,-311,0,-41.23
6747,20:20:35:004,3,Severe_Damage,L3_S1,-1704,998,14480,-1347,-12,-304,0,-385.23
6748,20:20:35:014,3,Severe_Damage,L3_S1,-1704,986,14158,-1221,4,-278,0,-707.23
6749,20:20:35:024,3,Severe_Damage,L3_S1,-1668,924,13948,-972,5,-253,0,-917.23
6750,20:20:35:034,3,Severe_Damage,L3_S1,-1604,958,13814,-682,12,-199,0,-1051.23
6751,20:20:35:044,3,Severe_Damage,L3_S1,-1656,906,13794,-322,30,-140,0,-1071.23
6752,20:20:35:053,3,Severe_Damage,L3_S1,-1640,912,13914,24,37,-91,0,-951.23
6753,20:20:35:064,3,Severe_Damage,L3_S1,-1712,946,14098,369,48,-38,0,-767.23
6754,20:20:35:073,3,Severe_Damage,L3_S1,-1748,1038,14324,647,52,9,0,-541.23
6755,20:20:35:083,3,Severe_Damage,L3_S1,-1756,1056,14634,841,62,42,0,-231.23
6756,20:20:35:094,3,Severe_Damage,L3_S1,-1810,1096,14940,931,59,55,0,74.77
6757,20:20:35:104,3,Severe_Damage,L3_S1,-1842,1180,15230,922,64,51,0,364.77
6758,20:20:35:113,3,Severe_Damage,L3_S1,-1948,1232,15482,789,58,43,0,616.77
6759,20:20:35:123,3,Severe_Damage,L3_S1,-1898,1296,15746,578,52,-6,0,880.77
6760,20:20:35:134,3,Severe_Damage,L3_S1,-1970,1316,15862,293,40,-45,0,996.77
6761,20:20:35:144,3,Severe_Damage,L3_S1,-1934,1330,15828,-41,30,-94,0,962.77
6762,20:20:35:154,3,Severe_Damage,L3_S1,-1916,1294,15762,-382,31,-159,0,896.77
6763,20:20:35:164,3,Severe_Damage,L3_S1,-1924,1260,15648,-720,12,-198,0,782.77
6764,20:20:35:174,3,Severe_Damage,L3_S1,-1846,1236,15352,-969,12,-253,0,486.77
6765,20:20:35:184,3,Severe_Damage,L3_S1,-1790,1148,15146,-1169,2,-276,0,280.77
6766,20:20:35:194,3,Severe_Damage,L3_S1,-1834,1108,14870,-1254,3,-290,0,4.77
6767,20:20:35:204,3,Severe_Damage,L3_S1,-1746,1008,14542,-1256,-6,-299,0,-323.23
6768,20:20:35:214,3,Severe_Damage,L3_S1,-1762,950,14256,-1145,-1,-273,0,-609.23
6769,20:20:35:224,3,Severe_Damage,L3_S1,-1650,922,14052,-947,14,-238,0,-813.23
6770,20:20:35:234,3,Severe_Damage,L3_S1,-1606,932,13880,-670,11,-192,0,-985.23
6771,20:20:35:244,3,Severe_Damage,L3_S1,-1680,888,13918,-357,36,-143,0,-947.23
6772,20:20:35:254,3,Severe_Damage,L3_S1,-1636,898,13906,-38,34,-102,0,-959.23
6773,20:20:35:263,3,Severe_Damage,L3_S1,-1712,940,14134,276,41,-44,0,-731.23
6774,20:20:35:274,3,Severe_Damage,L3_S1,-1702,1004,14342,541,55,-5,0,-523.23
6775,20:20:35:283,3,Severe_Damage,L3_S1,-1732,1028,14614,732,52,25,0,-251.23
6776,20:20:35:294,3,Severe_Damage,L3_S1,-1810,1132,14912,821,48,41,0,46.77
6777,20:20:35:303,3,Severe_Damage,L3_S1,-1810,1226,15164,832,60,43,0,298.77
6778,20:20:35:313,3,Severe_Damage,L3_S1,-1860,1200,15356,725,53,29,0,490.77
6779,20:20:35:323,3,Severe_Damage,L3_S1,-1946,1286,15588,540,59,0,0,722.77
6780,20:20:35:334,3,Severe_Damage,L3_S1,-1898,1312,15758,284,40,-43,0,892.77
6781,20:20:35:344,3,Severe_Damage,L3_S1,-1938,1352,15730,-14,25,-89,0,864.77
6782,20:20:35:354,3,Severe_Damage,L3_S1,-1926,1316,15734,-327,35,-143,0,868.77
6783,20:20:35:364,3,Severe_Damage,L3_S1,-1886,1246,15592,-621,6,-185,0,726.77
6784,20:20:35:374,3,Severe_Damage,L3_S1,-1924,1220,15404,-871,25,-225,0,538.77
6785,20:20:35:384,3,Severe_Damage,L3_S1,-1858,1170,15176,-1053,3,-257,0,310.77
6786,20:20:35:394,3,Severe_Damage,L3_S1,-1784,1104,14828,-1159,6,-273,0,-37.23
6787,20:20:35:404,3,Severe_Damage,L3_S1,-1788,1032,14590,-1167,8,-274,0,-275.23
6788,20:20:35:414,3,Severe_Damage,L3_S1,-1684,1022,14380,-1080,-11,-263,0,-485.23
6789,20:20:35:424,3,Severe_Damage,L3_S1,-1682,946,14126,-898,24,-233,0,-739.23
6790,20:20:35:434,3,Severe_Damage,L3_S1,-1626,926,14118,-660,15,-202,0,-747.23
6791,20:20:35:444,3,Severe_Damage,L3_S1,-1660,926,14028,-373,29,-151,0,-837.23
6792,20:20:35:453,3,Severe_Damage,L3_S1,-1682,946,14084,-90,34,-98,0,-781.23
6793,20:20:35:464,3,Severe_Damage,L3_S1,-1658,978,14132,205,36,-57,0,-733.23
6794,20:20:35:474,3,Severe_Damage,L3_S1,-1728,1040,14334,439,43,-18,0,-531.23
6795,20:20:35:483,3,Severe_Damage,L3_S1,-1774,1028,14592,633,61,7,0,-273.23
6796,20:20:35:494,3,Severe_Damage,L3_S1,-1826,1110,14880,726,49,27,0,14.77
6797,20:20:35:504,3,Severe_Damage,L3_S1,-1818,1174,15104,745,58,29,0,238.77
6798,20:20:35:513,3,Severe_Damage,L3_S1,-1894,1202,15346,659,52,17,0,480.77
6799,20:20:35:524,3,Severe_Damage,L3_S1,-1940,1254,15528,502,53,-5,0,662.77
6800,20:20:35:534,3,Severe_Damage,L3_S1,-1882,1318,15624,277,41,-49,0,758.77
6801,20:20:35:543,3,Severe_Damage,L3_S1,-1944,1292,15656,8,39,-95,0,790.77
6802,20:20:35:554,3,Severe_Damage,L3_S1,-1958,1262,15634,-280,22,-134,0,768.77
6803,20:20:35:564,3,Severe_Damage,L3_S1,-1904,1326,15562,-539,22,-177,0,696.77
6804,20:20:35:574,3,Severe_Damage,L3_S1,-1866,1204,15320,-791,7,-213,0,454.77
6805,20:20:35:584,3,Severe_Damage,L3_S1,-1822,1180,15164,-961,6,-244,0,298.77
6806,20:20:35:594,3,Severe_Damage,L3_S1,-1780,1120,14924,-1064,2,-259,0,58.77
6807,20:20:35:604,3,Severe_Damage,L3_S1,-1786,1076,14630,-1077,2,-262,0,-235.23
6808,20:20:35:614,3,Severe_Damage,L3_S1,-1754,1004,14404,-1004,7,-249,0,-461.23
6809,20:20:35:624,3,Severe_Damage,L3_S1,-1680,988,14234,-863,14,-225,0,-631.23
6810,20:20:35:634,3,Severe_Damage,L3_S1,-1680,998,14094,-655,13,-197,0,-771.23
6811,20:20:35:644,3,Severe_Damage,L3_S1,-1680,942,14086,-400,29,-160,0,-779.23
6812,20:20:35:654,3,Severe_Damage,L3_S1,-1672,942,14116,-126,37,-96,0,-749.23
6813,20:20:35:664,3,Severe_Damage,L3_S1,-1694,1006,14284,139,37,-67,0,-581.23
6814,20:20:35:674,3,Severe_Damage,L3_S1,-1766,1036,14408,379,45,-32,0,-457.23
6815,20:20:35:684,3,Severe_Damage,L3_S1,-1760,1040,14602,540,53,-8,0,-263.23
6816,20:20:35:694,3,Severe_Damage,L3_S1,-1790,1064,14846,645,52,13,0,-19.23
6817,20:20:35:704,3,Severe_Damage,L3_S1,-1890,1148,15088,659,51,18,0,222.77
6818,20:20:35:714,3,Severe_Damage,L3_S1,-1846,1174,15312,604,57,6,0,446.77
6819,20:20:35:724,3,Severe_Damage,L3_S1,-1874,1204,15494,451,51,-8,0,628.77
6820,20:20:35:734,3,Severe_Damage,L3_S1,-1902,1268,15610,260,46,-47,0,744.77
6821,20:20:35:744,3,Severe_Damage,L3_S1,-1906,1228,15618,16,35,-83,0,752.77
6822,20:20:35:754,3,Severe_Damage,L3_S1,-1930,1248,15572,-246,21,-128,0,706.77
6823,20:20:35:764,3,Severe_Damage,L3_S1,-1934,1272,15508,-488,20,-168,0,642.77
6824,20:20:35:774,3,Severe_Damage,L3_S1,-1870,1206,15394,-715,9,-203,0,528.77
6825,20:20:35:784,3,Severe_Damage,L3_S1,-1832,1166,15192,-883,12,-234,0,326.77
6826,20:20:35:794,3,Severe_Damage,L3_S1,-1848,1116,14920,-977,16,-247,0,54.77
6827,20:20:35:804,3,Severe_Damage,L3_S1,-1764,1078,14746,-1008,8,-249,0,-119.23
6828,20:20:35:814,3,Severe_Damage,L3_S1,-1776,1048,14504,-945,15,-238,0,-361.23
6829,20:20:35:824,3,Severe_Damage,L3_S1,-1710,1018,14300,-817,8,-221,0,-565.23
6830,20:20:35:834,3,Severe_Damage,L3_S1,-1688,978,14180,-632,19,-192,0,-685.23
6831,20:20:35:844,3,Severe_Damage,L3_S1,-1658,936,14154,-406,23,-148,0,-711.23
6832,20:20:35:854,3,Severe_Damage,L3_S1,-1648,956,14214,-152,29,-113,0,-651.23
6833,20:20:35:864,3,Severe_Damage,L3_S1,-1756,928,14262,91,35,-70,0,-603.23
6834,20:20:35:874,3,Severe_Damage,L3_S1,-1736,1006,14452,297,44,-38,0,-413.23
6835,20:20:35:884,3,Severe_Damage,L3_S1,-1760,1076,14576,456,56,-9,0,-289.23
6836,20:20:35:894,3,Severe_Damage,L3_S1,-1810,1112,14796,566,55,-4,0,-69.23
6837,20:20:35:904,3,Severe_Damage,L3_S1,-1792,1134,15014,598,60,3,0,148.77
6838,20:20:35:914,3,Severe_Damage,L3_S1,-1860,1158,15266,538,43,-2,0,400.77
6839,20:20:35:924,3,Severe_Damage,L3_S1,-1866,1178,15386,415,55,-29,0,520.77
6840,20:20:35:934,3,Severe_Damage,L3_S1,-1898,1266,15502,232,35,-51,0,636.77
6841,20:20:35:944,3,Severe_Damage,L3_S1,-1916,1236,15516,32,46,-89,0,650.77
6842,20:20:35:954,3,Severe_Damage,L3_S1,-1920,1228,15456,-220,22,-123,0,590.77
6843,20:20:35:964,3,Severe_Damage,L3_S1,-1926,1196,15412,-439,24,-156,0,546.77
6844,20:20:35:974,3,Severe_Damage,L3_S1,-1874,1220,15312,-652,18,-195,0,446.77
6845,20:20:35:984,3,Severe_Damage,L3_S1,-1872,1186,15074,-802,14,-220,0,208.77
6846,20:20:35:994,3,Severe_Damage,L3_S1,-1802,1088,14888,-917,1,-238,0,22.77
6847,20:20:36:004,3,Severe_Damage,L3_S1,-1780,1060,14680,-928,20,-242,0,-185.23
6848,20:20:36:014,3,Severe_Damage,L3_S1,-1748,1028,14452,-897,6,-232,0,-413.23
6849,20:20:36:024,3,Severe_Damage,L3_S1,-1728,982,14292,-774,22,-215,0,-573.23
6850,20:20:36:034,3,Severe_Damage,L3_S1,-1732,974,14260,-619,10,-188,0,-605.23
6851,20:20:36:044,3,Severe_Damage,L3_S1,-1682,1000,14194,-407,24,-157,0,-671.23
6852,20:20:36:054,3,Severe_Damage,L3_S1,-1696,988,14216,-187,29,-116,0,-649.23
6853,20:20:36:064,3,Severe_Damage,L3_S1,-1696,1006,14304,37,35,-80,0,-561.23
6854,20:20:36:074,3,Severe_Damage,L3_S1,-1720,1002,14476,237,39,-55,0,-389.23
6855,20:20:36:084,3,Severe_Damage,L3_S1,-1768,1048,14648,394,44,-24,0,-217.23
6856,20:20:36:094,3,Severe_Damage,L3_S1,-1826,1064,14732,491,52,-10,0,-133.23
6857,20:20:36:105,3,Severe_Damage,L3_S1,-1790,1100,14964,514,45,-7,0,98.77
6858,20:20:36:114,3,Severe_Damage,L3_S1,-1856,1220,15148,482,56,-8,0,282.77
6859,20:20:36:124,3,Severe_Damage,L3_S1,-1886,1186,15266,380,42,-24,0,400.77
6860,20:20:36:134,3,Severe_Damage,L3_S1,-1916,1244,15430,223,40,-50,0,564.77
6861,20:20:36:144,3,Severe_Damage,L3_S1,-1912,1270,15484,17,39,-89,0,618.77
6862,20:20:36:154,3,Severe_Damage,L3_S1,-1928,1238,15480,-187,28,-124,0,614.77
6863,20:20:36:164,3,Severe_Damage,L3_S1,-1850,1220,15418,-412,28,-153,0,552.77
6864,20:20:36:174,3,Severe_Damage,L3_S1,-1898,1208,15306,-586,26,-182,0,440.77
6865,20:20:36:184,3,Severe_Damage,L3_S1,-1944,1200,15194,-749,17,-210,0,328.77
6866,20:20:36:194,3,Severe_Damage,L3_S1,-1826,1088,14936,-827,15,-215,0,70.77
6867,20:20:36:204,3,Severe_Damage,L3_S1,-1762,1052,14754,-871,8,-227,0,-111.23
6868,20:20:36:214,3,Severe_Damage,L3_S1,-1730,1040,14548,-824,12,-223,0,-317.23
6869,20:20:36:224,3,Severe_Damage,L3_S1,-1778,974,14426,-740,13,-206,0,-439.23
6870,20:20:36:234,3,Severe_Damage,L3_S1,-1666,974,14334,-588,15,-187,0,-531.23
6871,20:20:36:244,3,Severe_Damage,L3_S1,-1724,972,14274,-404,23,-154,0,-591.23
6872,20:20:36:254,3,Severe_Damage,L3_S1,-1706,976,14252,-200,27,-126,0,-613.23
6873,20:20:36:264,3,Severe_Damage,L3_S1,-1698,976,14330,2,30,-91,0,-535.23
6874,20:20:36:274,3,Severe_Damage,L3_S1,-1746,1038,14468,183,41,-61,0,-397.23
6875,20:20:36:284,3,Severe_Damage,L3_S1,-1770,1072,14648,325,45,-43,0,-217.23
6876,20:20:36:294,3,Severe_Damage,L3_S1,-1812,1120,14784,419,48,-21,0,-81.23
6877,20:20:36:304,3,Severe_Damage,L3_S1,-1834,1108,14948,461,47,-22,0,82.77
6878,20:20:36:314,3,Severe_Damage,L3_S1,-1854,1156,15166,425,48,-23,0,300.77
6879,20:20:36:324,3,Severe_Damage,L3_S1,-1874,1168,15286,339,43,-32,0,420.77
6880,20:20:36:334,3,Severe_Damage,L3_S1,-1884,1190,15384,197,45,-53,0,518.77
6881,20:20:36:344,3,Severe_Damage,L3_S1,-1870,1264,15456,28,40,-83,0,590.77
6882,20:20:36:354,3,Severe_Damage,L3_S1,-1886,1270,15498,-167,37,-117,0,632.77
6883,20:20:36:364,3,Severe_Damage,L3_S1,-1888,1234,15380,-366,30,-141,0,514.77
6884,20:20:36:374,3,Severe_Damage,L3_S1,-1850,1182,15244,-541,24,-174,0,378.77
6885,20:20:36:384,3,Severe_Damage,L3_S1,-1872,1132,15162,-685,10,-198,0,296.77
6886,20:20:36:394,3,Severe_Damage,L3_S1,-1800,1118,14896,-767,18,-208,0,30.77
6887,20:20:36:404,3,Severe_Damage,L3_S1,-1746,1110,14796,-813,13,-213,0,-69.23
6888,20:20:36:414,3,Severe_Damage,L3_S1,-1704,1076,14654,-782,19,-211,0,-211.23
6889,20:20:36:424,3,Severe_Damage,L3_S1,-1742,1002,14468,-710,9,-201,0,-397.23
6890,20:20:36:434,3,Severe_Damage,L3_S1,-1686,1052,14378,-564,21,-179,0,-487.23
6891,20:20:36:444,3,Severe_Damage,L3_S1,-1698,968,14322,-407,22,-162,0,-543.23
6892,20:20:36:454,3,Severe_Damage,L3_S1,-1746,1004,14352,-219,33,-129,0,-513.23
6893,20:20:36:464,3,Severe_Damage,L3_S1,-1698,996,14412,-41,29,-95,0,-453.23
6894,20:20:36:474,3,Severe_Damage,L3_S1,-1738,1080,14478,136,36,-66,0,-387.23
6895,20:20:36:484,3,Severe_Damage,L3_S1,-1694,1026,14566,270,50,-48,0,-299.23
6896,20:20:36:494,3,Severe_Damage,L3_S1,-1760,1118,14742,358,43,-28,0,-123.23
6897,20:20:36:504,3,Severe_Damage,L3_S1,-1824,1126,14886,402,48,-22,0,20.77
6898,20:20:36:514,3,Severe_Damage,L3_S1,-1838,1070,15100,373,46,-24,0,234.77
6899,20:20:36:524,3,Severe_Damage,L3_S1,-1856,1174,15238,298,48,-41,0,372.77
6900,20:20:36:534,3,Severe_Damage,L3_S1,-1858,1230,15326,173,31,-64,0,460.77
6901,20:20:36:544,3,Severe_Damage,L3_S1,-1854,1190,15332,34,41,-86,0,466.77
6902,20:20:36:554,3,Severe_Damage,L3_S1,-1914,1200,15416,-157,24,-108,0,550.77
6903,20:20:36:564,3,Severe_Damage,L3_S1,-1918,1220,15316,-322,44,-143,0,450.77
6904,20:20:36:574,3,Severe_Damage,L3_S1,-1864,1150,15260,-508,10,-168,0,394.77
6905,20:20:36:584,3,Severe_Damage,L3_S1,-1802,1174,15050,-617,22,-187,0,184.77
6906,20:20:36:594,3,Severe_Damage,L3_S1,-1786,1104,15002,-725,12,-208,0,136.77
6907,20:20:36:604,3,Severe_Damage,L3_S1,-1826,1134,14786,-743,17,-202,0,-79.23
6908,20:20:36:614,3,Severe_Damage,L3_S1,-1758,1022,14664,-737,15,-205,0,-201.23
6909,20:20:36:624,3,Severe_Damage,L3_S1,-1722,1032,14420,-664,13,-193,0,-445.23
6910,20:20:36:634,3,Severe_Damage,L3_S1,-1722,968,14422,-561,16,-177,0,-443.23
6911,20:20:36:644,3,Severe_Damage,L3_S1,-1668,1038,14412,-393,19,-152,0,-453.23
6912,20:20:36:654,3,Severe_Damage,L3_S1,-1722,1000,14328,-240,25,-126,0,-537.23
6913,20:20:36:664,3,Severe_Damage,L3_S1,-1694,996,14458,-63,34,-97,0,-407.23
6914,20:20:36:674,3,Severe_Damage,L3_S1,-1742,1032,14514,95,35,-73,0,-351.23
6915,20:20:36:684,3,Severe_Damage,L3_S1,-1768,1022,14602,223,40,-58,0,-263.23
6916,20:20:36:694,3,Severe_Damage,L3_S1,-1778,1050,14842,306,50,-43,0,-23.23
6917,20:20:36:704,3,Severe_Damage,L3_S1,-1826,1138,14898,343,46,-30,0,32.77
6918,20:20:36:714,3,Severe_Damage,L3_S1,-1834,1192,15064,332,42,-38,0,198.77
6919,20:20:36:724,3,Severe_Damage,L3_S1,-1842,1232,15186,265,36,-46,0,320.77
6920,20:20:36:734,3,Severe_Damage,L3_S1,-1902,1186,15254,162,45,-68,0,388.77
6921,20:20:36:744,3,Severe_Damage,L3_S1,-1908,1226,15296,10,34,-88,0,430.77
6922,20:20:36:754,3,Severe_Damage,L3_S1,-1856,1228,15376,-143,28,-114,0,510.77
6923,20:20:36:764,3,Severe_Damage,L3_S1,-1908,1200,15384,-309,20,-138,0,518.77
6924,20:20:36:774,3,Severe_Damage,L3_S1,-1878,1192,15210,-457,21,-164,0,344.77
6925,20:20:36:784,3,Severe_Damage,L3_S1,-1832,1176,15060,-589,16,-187,0,194.77
6926,20:20:36:794,3,Severe_Damage,L3_S1,-1832,1094,14988,-665,11,-194,0,122.77
6927,20:20:36:804,3,Severe_Damage,L3_S1,-1768,1128,14790,-710,14,-203,0,-75.23
6928,20:20:36:814,3,Severe_Damage,L3_S1,-1784,1082,14706,-687,12,-200,0,-159.23
6929,20:20:36:824,3,Severe_Damage,L3_S1,-1750,1004,14582,-630,12,-191,0,-283.23
6930,20:20:36:834,3,Severe_Damage,L3_S1,-1716,986,14486,-529,20,-170,0,-379.23
6931,20:20:36:844,3,Severe_Damage,L3_S1,-1736,988,14382,-400,28,-154,0,-483.23
6932,20:20:36:854,3,Severe_Damage,L3_S1,-1698,1020,14404,-246,30,-135,0,-461.23
6933,20:20:36:864,3,Severe_Damage,L3_S1,-1736,994,14418,-88,32,-110,0,-447.23
6934,20:20:36:874,3,Severe_Damage,L3_S1,-1738,1034,14488,57,37,-89,0,-377.23
6935,20:20:36:884,3,Severe_Damage,L3_S1,-1784,1066,14598,178,35,-61,0,-267.23
6936,20:20:36:894,3,Severe_Damage,L3_S1,-1790,1064,14744,258,33,-49,0,-121.23
6937,20:20:36:904,3,Severe_Damage,L3_S1,-1814,1124,14948,295,50,-47,0,82.77
6938,20:20:36:914,3,Severe_Damage,L3_S1,-1848,1138,15074,283,38,-42,0,208.77
6939,20:20:36:924,3,Severe_Damage,L3_S1,-1842,1172,15148,234,50,-52,0,282.77
6940,20:20:36:934,3,Severe_Damage,L3_S1,-1868,1182,15236,133,34,-69,0,370.77
6941,20:20:36:944,3,Severe_Damage,L3_S1,-1890,1178,15228,5,32,-81,0,362.77
6942,20:20:36:954,3,Severe_Damage,L3_S1,-1846,1232,15278,-133,31,-111,0,412.77
6943,20:20:36:964,3,Severe_Damage,L3_S1,-1916,1190,15302,-281,26,-135,0,436.77
6944,20:20:36:975,3,Severe_Damage,L3_S1,-1848,1210,15276,-420,31,-161,0,410.77
6945,20:20:36:984,3,Severe_Damage,L3_S1,-1818,1128,15160,-530,13,-181,0,294.77
6946,20:20:36:994,3,Severe_Damage,L3_S1,-1878,1128,15034,-610,17,-187,0,168.77
6947,20:20:37:004,3,Severe_Damage,L3_S1,-1802,1104,14796,-654,15,-194,0,-69.23
6948,20:20:37:014,3,Severe_Damage,L3_S1,-1756,1062,14698,-652,8,-189,0,-167.23
6949,20:20:37:024,3,Severe_Damage,L3_S1,-1750,1060,14700,-594,28,-186,0,-165.23
6950,20:20:37:034,3,Severe_Damage,L3_S1,-1756,1020,14502,-513,13,-178,0,-363.23
6951,20:20:37:044,3,Severe_Damage,L3_S1,-1760,1032,14458,-383,35,-153,0,-407.23
6952,20:20:37:054,3,Severe_Damage,L3_S1,-1726,996,14456,-260,21,-137,0,-409.23
6953,20:20:37:064,3,Severe_Damage,L3_S1,-1740,1056,14460,-105,35,-110,0,-405.23
6954,20:20:37:074,3,Severe_Damage,L3_S1,-1708,1034,14588,22,32,-87,0,-277.23
6955,20:20:37:084,3,Severe_Damage,L3_S1,-1744,1052,14684,140,35,-65,0,-181.23
6956,20:20:37:094,3,Severe_Damage,L3_S1,-1796,1064,14822,209,51,-57,0,-43.23
6957,20:20:37:104,3,Severe_Damage,L3_S1,-1808,1096,14852,254,38,-47,0,-13.23
6958,20:20:37:114,3,Severe_Damage,L3_S1,-1816,1138,15004,242,40,-49,0,138.77
6959,20:20:37:124,3,Severe_Damage,L3_S1,-1790,1146,15156,206,39,-54,0,290.77
6960,20:20:37:134,3,Severe_Damage,L3_S1,-1826,1206,15230,120,38,-65,0,364.77
6961,20:20:37:144,3,Severe_Damage,L3_S1,-1872,1154,15244,7,39,-85,0,378.77
6962,20:20:37:154,3,Severe_Damage,L3_S1,-1844,1176,15194,-128,35,-110,0,328.77
6963,20:20:37:164,3,Severe_Damage,L3_S1,-1828,1202,15246,-268,26,-133,0,380.77
6964,20:20:37:174,3,Severe_Damage,L3_S1,-1868,1158,15110,-391,30,-155,0,244.77
6965,20:20:37:184,3,Severe_Damage,L3_S1,-1860,1120,15108,-501,14,-167,0,242.77
6966,20:20:37:194,3,Severe_Damage,L3_S1,-1768,1156,14926,-570,21,-175,0,60.77
6967,20:20:37:204,3,Severe_Damage,L3_S1,-1820,1112,14834,-620,12,-183,0,-31.23
6968,20:20:37:214,3,Severe_Damage,L3_S1,-1762,1052,14682,-609,19,-187,0,-183.23
6969,20:20:37:224,3,Severe_Damage,L3_S1,-1780,1068,14704,-571,23,-181,0,-161.23
6970,20:20:37:235,3,Severe_Damage,L3_S1,-1750,1094,14538,-487,30,-165,0,-327.23
6971,20:20:37:244,3,Severe_Damage,L3_S1,-1736,1088,14568,-388,19,-152,0,-297.23
6972,20:20:37:254,3,Severe_Damage,L3_S1,-1740,1010,14418,-253,25,-129,0,-447.23
6973,20:20:37:264,3,Severe_Damage,L3_S1,-1746,982,14464,-129,33,-112,0,-401.23
6974,20:20:37:274,3,Severe_Damage,L3_S1,-1692,1042,14562,2,27,-89,0,-303.23
6975,20:20:37:284,3,Severe_Damage,L3_S1,-1784,1044,14622,100,36,-78,0,-243.23
6976,20:20:37:294,3,Severe_Damage,L3_S1,-1750,1094,14762,179,41,-59,0,-103.23
6977,20:20:37:304,3,Severe_Damage,L3_S1,-1826,1100,14870,209,44,-53,0,4.77
6978,20:20:37:315,3,Severe_Damage,L3_S1,-1812,1118,15024,217,41,-51,0,158.77
6979,20:20:37:324,3,Severe_Damage,L3_S1,-1862,1142,15146,179,40,-56,0,280.77
6980,20:20:37:334,3,Severe_Damage,L3_S1,-1832,1178,15230,100,41,-73,0,364.77
6981,20:20:37:344,3,Severe_Damage,L3_S1,-1828,1198,15222,-1,43,-86,0,356.77
6982,20:20:37:354,3,Severe_Damage,L3_S1,-1906,1194,15228,-120,23,-109,0,362.77
6983,20:20:37:364,3,Severe_Damage,L3_S1,-1770,1188,15190,-239,29,-127,0,324.77
6984,20:20:37:374,3,Severe_Damage,L3_S1,-1826,1134,15200,-367,17,-144,0,334.77
6985,20:20:37:384,3,Severe_Damage,L3_S1,-1856,1198,15078,-462,28,-163,0,212.77
6986,20:20:37:394,3,Severe_Damage,L3_S1,-1826,1152,14978,-536,16,-174,0,112.77
6987,20:20:37:405,3,Severe_Damage,L3_S1,-1804,1080,14866,-567,23,-174,0,0.77
6988,20:20:37:414,3,Severe_Damage,L3_S1,-1810,1076,14756,-581,22,-178,0,-109.23
6989,20:20:37:425,3,Severe_Damage,L3_S1,-1786,1108,14582,-539,18,-174,0,-283.23
6990,20:20:37:434,3,Severe_Damage,L3_S1,-1734,1070,14526,-474,24,-169,0,-339.23
6991,20:20:37:445,3,Severe_Damage,L3_S1,-1748,1020,14516,-377,18,-145,0,-349.23
6992,20:20:37:455,3,Severe_Damage,L3_S1,-1730,1044,14536,-267,33,-128,0,-329.23
6993,20:20:37:465,3,Severe_Damage,L3_S1,-1740,1052,14490,-145,26,-114,0,-375.23
6994,20:20:37:474,3,Severe_Damage,L3_S1,-1784,1072,14642,-26,33,-93,0,-223.23
6995,20:20:37:484,3,Severe_Damage,L3_S1,-1748,1080,14606,64,36,-87,0,-259.23
6996,20:20:37:494,3,Severe_Damage,L3_S1,-1814,1122,14724,140,32,-69,0,-141.23
6997,20:20:37:504,3,Severe_Damage,L3_S1,-1796,1134,14922,181,37,-66,0,56.77
6998,20:20:37:514,3,Severe_Damage,L3_S1,-1846,1100,14944,186,33,-69,0,78.77
6999,20:20:37:524,3,Severe_Damage,L3_S1,-1826,1118,15052,150,39,-68,0,186.77
7000,20:20:37:534,3,Severe_Damage,L3_S1,-1842,1210,15138,83,38,-67,0,272.77
7001,20:20:37:544,3,Severe_Damage,L3_S1,-1876,1152,15142,-3,30,-90,0,276.77
7002,20:20:37:555,3,Severe_Damage,L3_S1,-1808,1196,15166,-116,26,-107,0,300.77
7003,20:20:37:565,3,Severe_Damage,L3_S1,-1864,1136,15158,-232,29,-127,0,292.77
7004,20:20:37:575,3,Severe_Damage,L3_S1,-1824,1108,15116,-352,17,-141,0,250.77
7005,20:20:37:585,3,Severe_Damage,L3_S1,-1812,1100,15072,-431,23,-154,0,206.77
7006,20:20:37:595,3,Severe_Damage,L3_S1,-1786,1136,15034,-502,16,-172,0,168.77
7007,20:20:37:605,3,Severe_Damage,L3_S1,-1806,1132,14858,-539,15,-168,0,-7.23
7008,20:20:37:615,3,Severe_Damage,L3_S1,-1806,1062,14760,-552,19,-172,0,-105.23
7009,20:20:37:625,3,Severe_Damage,L3_S1,-1752,1094,14688,-518,17,-166,0,-177.23
7010,20:20:37:635,3,Severe_Damage,L3_S1,-1770,1058,14598,-457,20,-158,0,-267.23
7011,20:20:37:645,3,Severe_Damage,L3_S1,-1754,1050,14602,-369,20,-146,0,-263.23
7012,20:20:37:655,3,Severe_Damage,L3_S1,-1770,1034,14592,-264,28,-130,0,-273.23
7013,20:20:37:665,3,Severe_Damage,L3_S1,-1786,1066,14568,-156,26,-112,0,-297.23
7014,20:20:37:674,3,Severe_Damage,L3_S1,-1708,1050,14614,-51,39,-98,0,-251.23
7015,20:20:37:684,3,Severe_Damage,L3_S1,-1812,1060,14718,40,36,-80,0,-147.23
7016,20:20:37:694,3,Severe_Damage,L3_S1,-1790,1056,14754,107,45,-74,0,-111.23
7017,20:20:37:704,3,Severe_Damage,L3_S1,-1808,1098,14816,139,39,-70,0,-49.23
7018,20:20:37:714,3,Severe_Damage,L3_S1,-1828,1148,14912,151,48,-68,0,46.77
7019,20:20:37:724,3,Severe_Damage,L3_S1,-1828,1098,15046,118,43,-78,0,180.77
7020,20:20:37:734,3,Severe_Damage,L3_S1,-1856,1192,15060,64,37,-76,0,194.77
7021,20:20:37:744,3,Severe_Damage,L3_S1,-1828,1180,15126,-21,38,-95,0,260.77
7022,20:20:37:755,3,Severe_Damage,L3_S1,-1836,1182,15132,-112,30,-109,0,266.77
7023,20:20:37:765,3,Severe_Damage,L3_S1,-1896,1174,15126,-226,29,-127,0,260.77
7024,20:20:37:775,3,Severe_Damage,L3_S1,-1852,1136,15148,-314,22,-146,0,282.77
7025,20:20:37:785,3,Severe_Damage,L3_S1,-1822,1158,15044,-407,19,-152,0,178.77
7026,20:20:37:795,3,Severe_Damage,L3_S1,-1836,1148,14928,-466,24,-167,0,62.77
7027,20:20:37:805,3,Severe_Damage,L3_S1,-1784,1162,14942,-509,20,-170,0,76.77
7028,20:20:37:815,3,Severe_Damage,L3_S1,-1782,1062,14760,-514,22,-173,0,-105.23
7029,20:20:37:825,3,Severe_Damage,L3_S1,-1802,1066,14782,-488,27,-166,0,-83.23
7030,20:20:37:835,3,Severe_Damage,L3_S1,-1822,1032,14626,-433,18,-158,0,-239.23
7031,20:20:37:845,3,Severe_Damage,L3_S1,-1802,1038,14614,-361,31,-144,0,-251.23
7032,20:20:37:855,3,Severe_Damage,L3_S1,-1762,1032,14560,-270,29,-127,0,-305.23
7033,20:20:37:865,3,Severe_Damage,L3_S1,-1760,1024,14588,-168,29,-116,0,-277.23
7034,20:20:37:875,3,Severe_Damage,L3_S1,-1752,1034,14572,-73,32,-107,0,-293.23
7035,20:20:37:884,3,Severe_Damage,L3_S1,-1788,1070,14714,10,36,-93,0,-151.23
7036,20:20:37:895,3,Severe_Damage,L3_S1,-1788,1062,14764,74,39,-78,0,-101.23
7037,20:20:37:905,3,Severe_Damage,L3_S1,-1776,1148,14780,112,35,-71,0,-85.23
7038,20:20:37:915,3,Severe_Damage,L3_S1,-1800,1102,14950,122,44,-77,0,84.77
7039,20:20:37:925,3,Severe_Damage,L3_S1,-1844,1130,15026,96,48,-80,0,160.77
7040,20:20:37:935,3,Severe_Damage,L3_S1,-1864,1144,15056,49,42,-85,0,190.77
7041,20:20:37:945,3,Severe_Damage,L3_S1,-1876,1180,15126,-24,32,-90,0,260.77
7042,20:20:37:955,3,Severe_Damage,L3_S1,-1840,1122,15186,-113,32,-108,0,320.77
7043,20:20:37:965,3,Severe_Damage,L3_S1,-1926,1148,15064,-296,30,-139,0,198.77
7044,20:20:37:975,3,Severe_Damage,L3_S1,-1786,1166,14982,-378,25,-157,0,116.77
7045,20:20:37:985,3,Severe_Damage,L3_S1,-1796,1134,14956,-443,30,-165,0,90.77
7046,20:20:37:995,3,Severe_Damage,L3_S1,-1836,1094,14924,-484,19,-176,0,58.77
7047,20:20:38:005,3,Severe_Damage,L3_S1,-1788,1134,14820,-483,21,-166,0,-45.23
7048,20:20:38:015,3,Severe_Damage,L3_S1,-1796,1040,14754,-464,17,-163,0,-111.23
7049,20:20:38:025,3,Severe_Damage,L3_S1,-1764,1020,14624,-415,22,-157,0,-241.23
7050,20:20:38:035,3,Severe_Damage,L3_S1,-1814,1062,14624,-353,18,-143,0,-241.23
7051,20:20:38:045,3,Severe_Damage,L3_S1,-1762,1040,14584,-267,22,-130,0,-281.23
7052,20:20:38:055,3,Severe_Damage,L3_S1,-1822,1040,14558,-180,31,-116,0,-307.23
7053,20:20:38:065,3,Severe_Damage,L3_S1,-1772,1036,14638,-92,25,-106,0,-227.23
7054,20:20:38:075,3,Severe_Damage,L3_S1,-1814,1052,14712,-10,36,-93,0,-153.23
7055,20:20:38:085,3,Severe_Damage,L3_S1,-1792,1052,14772,39,37,-73,0,-93.23
7056,20:20:38:095,3,Severe_Damage,L3_S1,-1834,1108,14882,79,34,-80,0,16.77
7057,20:20:38:105,3,Severe_Damage,L3_S1,-1826,1100,14908,89,34,-77,0,42.77
7058,20:20:38:115,3,Severe_Damage,L3_S1,-1824,1152,14970,72,28,-71,0,104.77
7059,20:20:38:125,3,Severe_Damage,L3_S1,-1816,1156,15046,35,38,-79,0,180.77
7060,20:20:38:135,3,Severe_Damage,L3_S1,-1836,1168,15080,-41,29,-91,0,214.77
7061,20:20:38:145,3,Severe_Damage,L3_S1,-1836,1148,15112,-104,39,-108,0,246.77
7062,20:20:38:155,3,Severe_Damage,L3_S1,-1824,1170,15156,-206,28,-123,0,290.77
7063,20:20:38:165,3,Severe_Damage,L3_S1,-1832,1166,15112,-279,34,-126,0,246.77
7064,20:20:38:175,3,Severe_Damage,L3_S1,-1876,1142,15038,-369,16,-146,0,172.77
7065,20:20:38:185,3,Severe_Damage,L3_S1,-1810,1120,14870,-411,29,-154,0,4.77
7066,20:20:38:195,3,Severe_Damage,L3_S1,-1816,1102,14846,-460,25,-159,0,-19.23
7067,20:20:38:205,3,Severe_Damage,L3_S1,-1814,1088,14850,-457,28,-165,0,-15.23
7068,20:20:38:215,3,Severe_Damage,L3_S1,-1788,1104,14772,-452,24,-161,0,-93.23
7069,20:20:38:225,3,Severe_Damage,L3_S1,-1764,1088,14668,-396,20,-153,0,-197.23
7070,20:20:38:235,3,Severe_Damage,L3_S1,-1756,1042,14714,-350,24,-146,0,-151.23
7071,20:20:38:245,3,Severe_Damage,L3_S1,-1728,1078,14610,-268,27,-134,0,-255.23
7072,20:20:38:255,3,Severe_Damage,L3_S1,-1826,1044,14634,-193,29,-124,0,-231.23
7073,20:20:38:265,3,Severe_Damage,L3_S1,-1734,1052,14640,-108,32,-110,0,-225.23
7074,20:20:38:275,3,Severe_Damage,L3_S1,-1768,1014,14686,-38,37,-90,0,-179.23
7075,20:20:38:285,3,Severe_Damage,L3_S1,-1752,1074,14780,25,41,-91,0,-85.23
7076,20:20:38:295,3,Severe_Damage,L3_S1,-1828,1072,14848,57,37,-80,0,-17.23
7077,20:20:38:305,3,Severe_Damage,L3_S1,-1832,1088,14912,73,40,-77,0,46.77
7078,20:20:38:315,3,Severe_Damage,L3_S1,-1784,1114,15014,57,42,-85,0,148.77
7079,20:20:38:325,3,Severe_Damage,L3_S1,-1826,1130,15038,13,31,-88,0,172.77
7080,20:20:38:335,3,Severe_Damage,L3_S1,-1816,1140,15136,-39,39,-104,0,270.77
7081,20:20:38:345,3,Severe_Damage,L3_S1,-1846,1168,15056,-112,23,-106,0,190.77
7082,20:20:38:355,3,Severe_Damage,L3_S1,-1844,1168,15090,-187,35,-122,0,224.77
7083,20:20:38:365,3,Severe_Damage,L3_S1,-1870,1092,15098,-273,34,-139,0,232.77
7084,20:20:38:375,3,Severe_Damage,L3_S1,-1746,1148,15004,-340,25,-144,0,138.77
7085,20:20:38:385,3,Severe_Damage,L3_S1,-1780,1128,15010,-395,30,-148,0,144.77
7086,20:20:38:395,3,Severe_Damage,L3_S1,-1796,1136,14916,-424,26,-159,0,50.77
7087,20:20:38:405,3,Severe_Damage,L3_S1,-1812,1098,14898,-443,23,-168,0,32.77
7088,20:20:38:415,3,Severe_Damage,L3_S1,-1754,1122,14702,-423,22,-154,0,-163.23
7089,20:20:38:425,3,Severe_Damage,L3_S1,-1794,1112,14692,-397,18,-155,0,-173.23
7090,20:20:38:435,3,Severe_Damage,L3_S1,-1768,1106,14648,-341,22,-153,0,-217.23
7091,20:20:38:445,3,Severe_Damage,L3_S1,-1790,1076,14666,-271,32,-136,0,-199.23
7092,20:20:38:455,3,Severe_Damage,L3_S1,-1778,1058,14690,-194,32,-122,0,-175.23
7093,20:20:38:465,3,Severe_Damage,L3_S1,-1806,1072,14658,-122,36,-115,0,-207.23
7094,20:20:38:475,3,Severe_Damage,L3_S1,-1786,1074,14694,-56,35,-96,0,-171.23
7095,20:20:38:485,3,Severe_Damage,L3_S1,-1792,1128,14764,2,45,-85,0,-101.23
7096,20:20:38:495,3,Severe_Damage,L3_S1,-1796,1074,14832,31,29,-82,0,-33.23
7097,20:20:38:505,3,Severe_Damage,L3_S1,-1802,1136,14854,48,42,-80,0,-11.23
7098,20:20:38:515,3,Severe_Damage,L3_S1,-1756,1104,15024,30,30,-82,0,158.77
7099,20:20:38:525,3,Severe_Damage,L3_S1,-1824,1110,15004,5,39,-90,0,138.77
7100,20:20:38:535,3,Severe_Damage,L3_S1,-1832,1164,15064,-44,37,-93,0,198.77
7101,20:20:38:545,3,Severe_Damage,L3_S1,-1812,1174,15062,-107,32,-105,0,196.77
7102,20:20:38:555,3,Severe_Damage,L3_S1,-1818,1178,15080,-183,33,-125,0,214.77
7103,20:20:38:565,3,Severe_Damage,L3_S1,-1844,1156,15046,-258,27,-131,0,180.77
7104,20:20:38:575,3,Severe_Damage,L3_S1,-1838,1176,14996,-317,19,-144,0,130.77
7105,20:20:38:585,3,Severe_Damage,L3_S1,-1844,1144,14890,-373,27,-147,0,24.77
7106,20:20:38:595,3,Severe_Damage,L3_S1,-1786,1104,14922,-403,20,-158,0,56.77
7107,20:20:38:605,3,Severe_Damage,L3_S1,-1782,1120,14852,-420,25,-161,0,-13.23
7108,20:20:38:615,3,Severe_Damage,L3_S1,-1800,1078,14790,-403,26,-157,0,-75.23
7109,20:20:38:625,3,Severe_Damage,L3_S1,-1788,1064,14764,-380,21,-147,0,-101.23
7110,20:20:38:635,3,Severe_Damage,L3_S1,-1806,1098,14700,-327,34,-141,0,-165.23
7111,20:20:38:645,3,Severe_Damage,L3_S1,-1750,1028,14652,-273,23,-132,0,-213.23
7112,20:20:38:655,3,Severe_Damage,L3_S1,-1770,1070,14680,-202,26,-124,0,-185.23
7113,20:20:38:665,3,Severe_Damage,L3_S1,-1764,1042,14676,-131,30,-116,0,-189.23
7114,20:20:38:675,3,Severe_Damage,L3_S1,-1760,1086,14722,-70,39,-102,0,-143.23
7115,20:20:38:685,3,Severe_Damage,L3_S1,-1796,1084,14732,-25,35,-94,0,-133.23
7116,20:20:38:695,3,Severe_Damage,L3_S1,-1784,1112,14864,13,40,-91,0,-1.23
7117,20:20:38:705,3,Severe_Damage,L3_S1,-1780,1142,14880,29,28,-87,0,14.77
7118,20:20:38:715,3,Severe_Damage,L3_S1,-1794,1122,14880,16,36,-89,0,14.77
7119,20:20:38:725,3,Severe_Damage,L3_S1,-1768,1106,15008,-9,37,-93,0,142.77
7120,20:20:38:735,3,Severe_Damage,L3_S1,-1832,1138,15072,-62,31,-100,0,206.77
7121,20:20:38:745,3,Severe_Damage,L3_S1,-1794,1136,15066,-117,30,-112,0,200.77
7122,20:20:38:755,3,Severe_Damage,L3_S1,-1808,1132,15034,-178,31,-123,0,168.77
7123,20:20:38:765,3,Severe_Damage,L3_S1,-1786,1174,15058,-244,33,-131,0,192.77
7124,20:20:38:775,3,Severe_Damage,L3_S1,-1846,1148,15064,-304,24,-139,0,198.77
7125,20:20:38:785,3,Severe_Damage,L3_S1,-1814,1144,15020,-354,22,-142,0,154.77
7126,20:20:38:795,3,Severe_Damage,L3_S1,-1814,1102,14868,-392,38,-151,0,2.77
7127,20:20:38:805,3,Severe_Damage,L3_S1,-1816,1104,14742,-404,21,-148,0,-123.23
7128,20:20:38:815,3,Severe_Damage,L3_S1,-1746,1094,14794,-389,28,-154,0,-71.23
7129,20:20:38:825,3,Severe_Damage,L3_S1,-1746,1108,14738,-367,23,-154,0,-127.23
7130,20:20:38:835,3,Severe_Damage,L3_S1,-1812,1084,14736,-323,26,-142,0,-129.23
7131,20:20:38:845,3,Severe_Damage,L3_S1,-1778,1026,14724,-267,26,-142,0,-141.23
7132,20:20:38:855,3,Severe_Damage,L3_S1,-1756,1080,14676,-198,29,-118,0,-189.23
7133,20:20:38:865,3,Severe_Damage,L3_S1,-1754,1056,14694,-135,36,-114,0,-171.23
7134,20:20:38:875,3,Severe_Damage,L3_S1,-1750,1072,14692,-82,35,-104,0,-173.23
7135,20:20:38:885,3,Severe_Damage,L3_S1,-1792,1058,14722,-38,34,-98,0,-143.23
7136,20:20:38:895,3,Severe_Damage,L3_S1,-1808,1128,14814,-5,38,-95,0,-51.23
7137,20:20:38:905,3,Severe_Damage,L3_S1,-1744,1102,14820,9,32,-85,0,-45.23
7138,20:20:38:915,3,Severe_Damage,L3_S1,-1796,1092,14934,0,39,-83,0,68.77
7139,20:20:38:925,3,Severe_Damage,L3_S1,-1832,1108,15022,-25,43,-93,0,156.77
7140,20:20:38:935,3,Severe_Damage,L3_S1,-1766,1180,15002,-64,26,-100,0,136.77
7141,20:20:38:945,3,Severe_Damage,L3_S1,-1796,1182,15026,-113,33,-106,0,160.77
7142,20:20:38:955,3,Severe_Damage,L3_S1,-1770,1172,15044,-181,23,-119,0,178.77
7143,20:20:38:965,3,Severe_Damage,L3_S1,-1806,1114,15034,-240,30,-129,0,168.77
7144,20:20:38:975,3,Severe_Damage,L3_S1,-1798,1156,14978,-290,24,-135,0,112.77
7145,20:20:38:985,3,Severe_Damage,L3_S1,-1786,1148,14948,-344,22,-144,0,82.77
7146,20:20:38:995,3,Severe_Damage,L3_S1,-1862,1090,14914,-372,20,-146,0,48.77
7147,20:20:39:005,3,Severe_Damage,L3_S1,-1804,1082,14938,-382,18,-154,0,72.77
7148,20:20:39:015,3,Severe_Damage,L3_S1,-1772,1072,14846,-375,16,-149,0,-19.23
7149,20:20:39:025,3,Severe_Damage,L3_S1,-1768,1062,14758,-355,23,-147,0,-107.23
7150,20:20:39:035,3,Severe_Damage,L3_S1,-1804,1088,14690,-317,21,-138,0,-175.23
7151,20:20:39:045,3,Severe_Damage,L3_S1,-1804,1084,14704,-266,30,-130,0,-161.23
7152,20:20:39:055,3,Severe_Damage,L3_S1,-1756,1090,14820,-209,32,-124,0,-45.23
7153,20:20:39:065,3,Severe_Damage,L3_S1,-1776,1092,14686,-151,28,-114,0,-179.23
7154,20:20:39:075,3,Severe_Damage,L3_S1,-1802,1112,14780,-98,35,-106,0,-85.23
7155,20:20:39:085,3,Severe_Damage,L3_S1,-1788,1128,14846,-55,43,-104,0,-19.23
7156,20:20:39:095,3,Severe_Damage,L3_S1,-1772,1116,14844,-21,40,-94,0,-21.23
7157,20:20:39:105,3,Severe_Damage,L3_S1,-1822,1124,14886,-9,36,-99,0,20.77
7158,20:20:39:115,3,Severe_Damage,L3_S1,-1800,1120,14950,-15,34,-93,0,84.77
7159,20:20:39:125,3,Severe_Damage,L3_S1,-1794,1190,14962,-40,36,-97,0,96.77
7160,20:20:39:135,3,Severe_Damage,L3_S1,-1778,1104,14956,-71,36,-102,0,90.77
7161,20:20:39:145,3,Severe_Damage,L3_S1,-1788,1184,15014,-126,36,-102,0,148.77
7162,20:20:39:155,3,Severe_Damage,L3_S1,-1800,1132,15056,-169,32,-113,0,190.77
7163,20:20:39:165,3,Severe_Damage,L3_S1,-1816,1104,15022,-237,30,-120,0,156.77
7164,20:20:39:175,3,Severe_Damage,L3_S1,-1826,1090,14998,-283,28,-131,0,132.77
7165,20:20:39:185,3,Severe_Damage,L3_S1,-1816,1100,14974,-320,28,-143,0,108.77
7166,20:20:39:195,3,Severe_Damage,L3_S1,-1794,1098,14924,-352,28,-148,0,58.77
7167,20:20:39:205,3,Severe_Damage,L3_S1,-1842,1108,14860,-362,25,-150,0,-5.23
7168,20:20:39:215,3,Severe_Damage,L3_S1,-1732,1084,14792,-367,22,-150,0,-73.23
7169,20:20:39:225,3,Severe_Damage,L3_S1,-1778,1092,14732,-345,24,-139,0,-133.23
7170,20:20:39:235,3,Severe_Damage,L3_S1,-1746,1100,14768,-309,34,-140,0,-97.23
7171,20:20:39:245,3,Severe_Damage,L3_S1,-1776,1064,14756,-262,34,-127,0,-109.23
7172,20:20:39:255,3,Severe_Damage,L3_S1,-1802,1070,14760,-213,33,-125,0,-105.23
7173,20:20:39:265,3,Severe_Damage,L3_S1,-1768,1114,14716,-158,31,-116,0,-149.23
7174,20:20:39:275,3,Severe_Damage,L3_S1,-1782,1098,14686,-109,34,-109,0,-179.23
7175,20:20:39:289,3,Severe_Damage,L3_S1,-1746,1078,14848,-65,32,-101,0,-17.23
7176,20:20:39:295,3,Severe_Damage,L3_S1,-1696,1100,14802,-42,35,-99,0,-63.23
7177,20:20:39:305,3,Severe_Damage,L3_S1,-1758,1114,14876,-23,39,-88,0,10.77
7178,20:20:39:315,3,Severe_Damage,L3_S1,-1824,1074,14904,-31,35,-89,0,38.77
7179,20:20:39:325,3,Severe_Damage,L3_S1,-1828,1156,15020,-46,35,-96,0,154.77
7180,20:20:39:335,3,Severe_Damage,L3_S1,-1830,1156,15076,-82,34,-100,0,210.77
7181,20:20:39:345,3,Severe_Damage,L3_S1,-1826,1154,14932,-118,35,-114,0,66.77
7182,20:20:39:355,3,Severe_Damage,L3_S1,-1832,1162,15024,-167,32,-120,0,158.77
7183,20:20:39:365,3,Severe_Damage,L3_S1,-1844,1140,15020,-223,34,-126,0,154.77
7184,20:20:39:375,3,Severe_Damage,L3_S1,-1848,1114,15032,-270,22,-135,0,166.77
7185,20:20:39:386,3,Severe_Damage,L3_S1,-1772,1114,14932,-303,26,-137,0,66.77
7186,20:20:39:395,3,Severe_Damage,L3_S1,-1774,1122,14912,-340,19,-137,0,46.77
7187,20:20:39:405,3,Severe_Damage,L3_S1,-1778,1088,14938,-349,32,-143,0,72.77
7188,20:20:39:415,3,Severe_Damage,L3_S1,-1828,1146,14776,-349,23,-141,0,-89.23
7189,20:20:39:425,3,Severe_Damage,L3_S1,-1762,1090,14764,-330,23,-143,0,-101.23
7190,20:20:39:436,3,Severe_Damage,L3_S1,-1730,1078,14750,-302,17,-140,0,-115.23
7191,20:20:39:446,3,Severe_Damage,L3_S1,-1794,1070,14690,-256,25,-136,0,-175.23
7192,20:20:39:456,3,Severe_Damage,L3_S1,-1806,1096,14606,-210,24,-131,0,-259.23
7193,20:20:39:465,3,Severe_Damage,L3_S1,-1822,1072,14740,-159,35,-120,0,-125.23
7194,20:20:39:475,3,Severe_Damage,L3_S1,-1772,1100,14750,-116,35,-104,0,-115.23
7195,20:20:39:485,3,Severe_Damage,L3_S1,-1776,1108,14824,-82,36,-105,0,-41.23
7196,20:20:39:495,3,Severe_Damage,L3_S1,-1804,1084,14842,-50,35,-97,0,-23.23
7197,20:20:39:505,3,Severe_Damage,L3_S1,-1814,1104,14844,-40,38,-90,0,-21.23
7198,20:20:39:515,3,Severe_Damage,L3_S1,-1828,1120,14910,-42,31,-94,0,44.77
7199,20:20:39:525,3,Severe_Damage,L3_S1,-1830,1124,14972,-55,34,-96,0,106.77
7200,20:20:39:535,3,Severe_Damage,L3_S1,-1802,1108,14978,-84,28,-99,0,112.77
7201,20:20:39:545,3,Severe_Damage,L3_S1,-1828,1120,14996,-125,36,-112,0,130.77
7202,20:20:39:555,3,Severe_Damage,L3_S1,-1772,1162,14970,-168,32,-121,0,104.77
7203,20:20:39:565,3,Severe_Damage,L3_S1,-1862,1120,15030,-216,27,-124,0,164.77
7204,20:20:39:575,3,Severe_Damage,L3_S1,-1810,1122,14930,-259,25,-141,0,64.77
7205,20:20:39:585,3,Severe_Damage,L3_S1,-1824,1136,14946,-299,26,-136,0,80.77
7206,20:20:39:596,3,Severe_Damage,L3_S1,-1814,1124,14834,-319,27,-137,0,-31.23
7207,20:20:39:605,3,Severe_Damage,L3_S1,-1814,1138,14882,-341,25,-140,0,16.77
7208,20:20:39:616,3,Severe_Damage,L3_S1,-1854,1102,14718,-337,34,-145,0,-147.23
7209,20:20:39:625,3,Severe_Damage,L3_S1,-1780,1080,14738,-321,29,-146,0,-127.23
7210,20:20:39:635,3,Severe_Damage,L3_S1,-1820,1070,14708,-292,25,-137,0,-157.23
7211,20:20:39:645,3,Severe_Damage,L3_S1,-1746,1086,14752,-260,26,-129,0,-113.23
7212,20:20:39:655,3,Severe_Damage,L3_S1,-1772,1092,14730,-215,30,-124,0,-135.23
7213,20:20:39:665,3,Severe_Damage,L3_S1,-1752,1042,14714,-171,35,-121,0,-151.23
7214,20:20:39:675,3,Severe_Damage,L3_S1,-1782,1112,14754,-133,29,-112,0,-111.23
7215,20:20:39:685,3,Severe_Damage,L3_S1,-1828,1086,14822,-93,31,-104,0,-43.23
7216,20:20:39:695,3,Severe_Damage,L3_S1,-1800,1118,14842,-67,31,-99,0,-23.23
7217,20:20:39:705,3,Severe_Damage,L3_S1,-1808,1090,14786,-57,32,-98,0,-79.23
7218,20:20:39:715,3,Severe_Damage,L3_S1,-1816,1126,14874,-54,36,-96,0,8.77
7219,20:20:39:725,3,Severe_Damage,L3_S1,-1820,1084,14948,-66,29,-97,0,82.77
7220,20:20:39:735,3,Severe_Damage,L3_S1,-1818,1116,14984,-94,31,-109,0,118.77
7221,20:20:39:746,3,Severe_Damage,L3_S1,-1832,1086,15004,-126,27,-110,0,138.77
7222,20:20:39:755,3,Severe_Damage,L3_S1,-1838,1126,15006,-172,32,-115,0,140.77
7223,20:20:39:765,3,Severe_Damage,L3_S1,-1836,1124,15028,-209,34,-117,0,162.77
7224,20:20:39:776,3,Severe_Damage,L3_S1,-1786,1130,14956,-252,35,-127,0,90.77
7225,20:20:39:785,3,Severe_Damage,L3_S1,-1846,1102,14912,-284,25,-135,0,46.77
7226,20:20:39:795,3,Severe_Damage,L3_S1,-1822,1114,14960,-309,30,-138,0,94.77
7227,20:20:39:805,3,Severe_Damage,L3_S1,-1804,1126,14848,-319,20,-140,0,-17.23
7228,20:20:39:815,3,Severe_Damage,L3_S1,-1796,1102,14832,-324,22,-137,0,-33.23
7229,20:20:39:825,3,Severe_Damage,L3_S1,-1822,1096,14886,-312,28,-137,0,20.77
7230,20:20:39:835,3,Severe_Damage,L3_S1,-1780,1114,14756,-289,25,-127,0,-109.23
7231,20:20:39:845,3,Severe_Damage,L3_S1,-1790,1094,14820,-250,30,-134,0,-45.23
7232,20:20:39:855,3,Severe_Damage,L3_S1,-1764,1086,14770,-210,23,-128,0,-95.23
7233,20:20:39:865,3,Severe_Damage,L3_S1,-1784,1086,14742,-170,35,-115,0,-123.23
7234,20:20:39:876,3,Severe_Damage,L3_S1,-1752,1094,14764,-137,37,-111,0,-101.23
7235,20:20:39:886,3,Severe_Damage,L3_S1,-1762,1078,14824,-104,37,-102,0,-41.23
7236,20:20:39:895,3,Severe_Damage,L3_S1,-1778,1088,14844,-79,37,-99,0,-21.23
7237,20:20:39:905,3,Severe_Damage,L3_S1,-1774,1078,14744,-67,39,-108,0,-121.23
7238,20:20:39:915,3,Severe_Damage,L3_S1,-1806,1108,14852,-68,36,-102,0,-13.23
7239,20:20:39:925,3,Severe_Damage,L3_S1,-1804,1102,14928,-79,45,-108,0,62.77
7240,20:20:39:936,3,Severe_Damage,L3_S1,-1822,1134,14972,-103,31,-107,0,106.77
7241,20:20:39:946,3,Severe_Damage,L3_S1,-1804,1102,14994,-133,32,-108,0,128.77
7242,20:20:39:956,3,Severe_Damage,L3_S1,-1788,1086,14994,-169,35,-117,0,128.77
7243,20:20:39:966,3,Severe_Damage,L3_S1,-1804,1124,14990,-204,32,-122,0,124.77
7244,20:20:39:976,3,Severe_Damage,L3_S1,-1822,1178,14994,-236,27,-121,0,128.77
7245,20:20:39:986,3,Severe_Damage,L3_S1,-1804,1148,14910,-278,28,-130,0,44.77
7246,20:20:39:996,3,Severe_Damage,L3_S1,-1852,1142,14866,-298,29,-140,0,0.77
7247,20:20:40:006,3,Severe_Damage,L3_S1,-1794,1066,14810,-307,29,-135,0,-55.23
7248,20:20:40:016,3,Severe_Damage,L3_S1,-1834,1116,14790,-310,23,-133,0,-75.23
7249,20:20:40:025,3,Severe_Damage,L3_S1,-1802,1148,14770,-305,24,-133,0,-95.23
7250,20:20:40:036,3,Severe_Damage,L3_S1,-1748,1014,14804,-282,29,-131,0,-61.23
7251,20:20:40:046,3,Severe_Damage,L3_S1,-1764,1058,14720,-247,25,-131,0,-145.23
7252,20:20:40:056,3,Severe_Damage,L3_S1,-1744,1068,14720,-217,30,-134,0,-145.23
7253,20:20:40:066,3,Severe_Damage,L3_S1,-1800,1112,14760,-184,26,-119,0,-105.23
7254,20:20:40:076,3,Severe_Damage,L3_S1,-1794,1036,14770,-144,35,-113,0,-95.23
7255,20:20:40:086,3,Severe_Damage,L3_S1,-1782,1094,14842,-108,32,-111,0,-23.23
7256,20:20:40:096,3,Severe_Damage,L3_S1,-1788,1070,14860,-86,33,-107,0,-5.23
7257,20:20:40:106,3,Severe_Damage,L3_S1,-1742,1116,14858,-78,34,-102,0,-7.23
7258,20:20:40:116,3,Severe_Damage,L3_S1,-1780,1134,14920,-78,32,-105,0,54.77
7259,20:20:40:126,3,Severe_Damage,L3_S1,-1844,1082,14944,-86,30,-100,0,78.77
7260,20:20:40:136,3,Severe_Damage,L3_S1,-1826,1132,14896,-100,35,-99,0,30.77
7261,20:20:40:146,3,Severe_Damage,L3_S1,-1834,1128,15010,-134,26,-106,0,144.77
7262,20:20:40:156,3,Severe_Damage,L3_S1,-1866,1100,14988,-158,32,-114,0,122.77
7263,20:20:40:166,3,Severe_Damage,L3_S1,-1826,1124,15004,-203,26,-121,0,138.77
7264,20:20:40:176,3,Severe_Damage,L3_S1,-1834,1152,14910,-236,27,-126,0,44.77
7265,20:20:40:186,3,Severe_Damage,L3_S1,-1814,1090,14898,-262,29,-133,0,32.77
7266,20:20:40:196,3,Severe_Damage,L3_S1,-1810,1124,14876,-290,27,-142,0,10.77
7267,20:20:40:206,3,Severe_Damage,L3_S1,-1822,1134,14856,-304,30,-138,0,-9.23
7268,20:20:40:216,3,Severe_Damage,L3_S1,-1796,1078,14800,-302,32,-136,0,-65.23
7269,20:20:40:226,3,Severe_Damage,L3_S1,-1792,1076,14836,-287,22,-133,0,-29.23
7270,20:20:40:236,3,Severe_Damage,L3_S1,-1840,1098,14766,-273,23,-129,0,-99.23
7271,20:20:40:246,3,Severe_Damage,L3_S1,-1828,1086,14748,-245,26,-125,0,-117.23
7272,20:20:40:256,3,Severe_Damage,L3_S1,-1796,1074,14766,-216,34,-125,0,-99.23
7273,20:20:40:266,3,Severe_Damage,L3_S1,-1778,1040,14774,-179,35,-125,0,-91.23
7274,20:20:40:276,3,Severe_Damage,L3_S1,-1820,1130,14820,-153,32,-118,0,-45.23
7275,20:20:40:286,3,Severe_Damage,L3_S1,-1786,1150,14788,-119,33,-109,0,-77.23
7276,20:20:40:296,3,Severe_Damage,L3_S1,-1804,1092,14816,-100,35,-107,0,-49.23
7277,20:20:40:305,3,Severe_Damage,L3_S1,-1790,1106,14856,-89,36,-97,0,-9.23
7278,20:20:40:316,3,Severe_Damage,L3_S1,-1778,1198,14888,-91,32,-103,0,22.77
7279,20:20:40:326,3,Severe_Damage,L3_S1,-1822,1100,14920,-97,27,-101,0,54.77
7280,20:20:40:336,3,Severe_Damage,L3_S1,-1838,1086,14974,-109,28,-109,0,108.77
7281,20:20:40:346,3,Severe_Damage,L3_S1,-1754,1142,14990,-132,32,-114,0,124.77
7282,20:20:40:356,3,Severe_Damage,L3_S1,-1816,1148,14968,-167,31,-108,0,102.77
7283,20:20:40:366,3,Severe_Damage,L3_S1,-1816,1144,14908,-198,28,-120,0,42.77
7284,20:20:40:376,3,Severe_Damage,L3_S1,-1828,1096,14912,-229,30,-130,0,46.77
7285,20:20:40:386,3,Severe_Damage,L3_S1,-1828,1086,14896,-259,30,-131,0,30.77
7286,20:20:40:396,3,Severe_Damage,L3_S1,-1804,1160,14860,-280,28,-136,0,-5.23
7287,20:20:40:406,3,Severe_Damage,L3_S1,-1784,1102,14802,-295,25,-141,0,-63.23
7288,20:20:40:416,3,Severe_Damage,L3_S1,-1772,1094,14820,-290,27,-139,0,-45.23
7289,20:20:40:426,3,Severe_Damage,L3_S1,-1802,1058,14818,-291,25,-142,0,-47.23
7290,20:20:40:436,3,Severe_Damage,L3_S1,-1802,1098,14910,-270,29,-126,0,44.77
7291,20:20:40:446,3,Severe_Damage,L3_S1,-1780,1062,14790,-247,30,-127,0,-75.23
7292,20:20:40:456,3,Severe_Damage,L3_S1,-1802,1110,14816,-214,30,-122,0,-49.23
7293,20:20:40:466,3,Severe_Damage,L3_S1,-1738,1142,14768,-180,35,-122,0,-97.23
7294,20:20:40:476,3,Severe_Damage,L3_S1,-1820,1128,14766,-155,28,-113,0,-99.23
7295,20:20:40:486,3,Severe_Damage,L3_S1,-1780,1062,14758,-136,37,-111,0,-107.23
7296,20:20:40:496,3,Severe_Damage,L3_S1,-1778,1104,14802,-113,40,-111,0,-63.23
7297,20:20:40:506,3,Severe_Damage,L3_S1,-1770,1118,14860,-102,35,-107,0,-5.23
7298,20:20:40:516,3,Severe_Damage,L3_S1,-1806,1096,14896,-93,33,-100,0,30.77
7299,20:20:40:526,3,Severe_Damage,L3_S1,-1872,1108,14864,-104,26,-103,0,-1.23
7300,20:20:40:536,3,Severe_Damage,L3_S1,-1804,1128,15010,-115,31,-103,0,144.77
7301,20:20:40:546,3,Severe_Damage,L3_S1,-1796,1128,14970,-139,26,-112,0,104.77
7302,20:20:40:556,3,Severe_Damage,L3_S1,-1810,1182,14946,-167,28,-115,0,80.77
7303,20:20:40:566,3,Severe_Damage,L3_S1,-1808,1120,14956,-199,21,-119,0,90.77
7304,20:20:40:576,3,Severe_Damage,L3_S1,-1748,1124,14946,-225,35,-121,0,80.77
7305,20:20:40:586,3,Severe_Damage,L3_S1,-1828,1132,14960,-252,25,-132,0,94.77
7306,20:20:40:596,3,Severe_Damage,L3_S1,-1790,1128,14864,-272,31,-138,0,-1.23
7307,20:20:40:606,3,Severe_Damage,L3_S1,-1810,1114,14876,-286,34,-135,0,10.77
7308,20:20:40:616,3,Severe_Damage,L3_S1,-1812,1124,14824,-282,24,-137,0,-41.23
7309,20:20:40:626,3,Severe_Damage,L3_S1,-1804,1104,14760,-273,25,-138,0,-105.23
7310,20:20:40:636,3,Severe_Damage,L3_S1,-1794,1136,14816,-258,28,-131,0,-49.23
7311,20:20:40:646,3,Severe_Damage,L3_S1,-1768,1088,14770,-242,30,-126,0,-95.23
7312,20:20:40:656,3,Severe_Damage,L3_S1,-1730,1060,14782,-216,32,-120,0,-83.23
7313,20:20:40:666,3,Severe_Damage,L3_S1,-1756,1086,14756,-187,30,-113,0,-109.23
7314,20:20:40:676,3,Severe_Damage,L3_S1,-1736,1122,14820,-156,33,-114,0,-45.23
7315,20:20:40:686,3,Severe_Damage,L3_S1,-1822,1072,14804,-135,32,-108,0,-61.23
7316,20:20:40:696,3,Severe_Damage,L3_S1,-1846,1120,14846,-116,37,-114,0,-19.23
7317,20:20:40:706,3,Severe_Damage,L3_S1,-1810,1112,14828,-105,41,-103,0,-37.23
7318,20:20:40:716,3,Severe_Damage,L3_S1,-1776,1116,14898,-105,38,-105,0,32.77
7319,20:20:40:726,3,Severe_Damage,L3_S1,-1800,1120,14844,-102,35,-112,0,-21.23
7320,20:20:40:736,3,Severe_Damage,L3_S1,-1784,1166,14952,-119,26,-114,0,86.77
7321,20:20:40:746,3,Severe_Damage,L3_S1,-1866,1146,14974,-139,35,-115,0,108.77
7322,20:20:40:756,3,Severe_Damage,L3_S1,-1784,1148,14910,-168,28,-116,0,44.77
7323,20:20:40:766,3,Severe_Damage,L3_S1,-1800,1120,14964,-195,36,-120,0,98.77
7324,20:20:40:776,3,Severe_Damage,L3_S1,-1788,1122,14948,-219,32,-122,0,82.77
7325,20:20:40:786,3,Severe_Damage,L3_S1,-1810,1118,14954,-240,35,-135,0,88.77
7326,20:20:40:796,3,Severe_Damage,L3_S1,-1776,1136,14862,-258,28,-139,0,-3.23
7327,20:20:40:806,3,Severe_Damage,L3_S1,-1778,1094,14880,-271,35,-141,0,14.77
7328,20:20:40:816,3,Severe_Damage,L3_S1,-1778,1078,14894,-276,28,-141,0,28.77
7329,20:20:40:826,3,Severe_Damage,L3_S1,-1782,1094,14844,-270,34,-128,0,-21.23
7330,20:20:40:836,3,Severe_Damage,L3_S1,-1794,1112,14754,-253,32,-130,0,-111.23
7331,20:20:40:846,3,Severe_Damage,L3_S1,-1804,1090,14772,-244,32,-124,0,-93.23
7332,20:20:40:856,3,Severe_Damage,L3_S1,-1758,1062,14780,-218,25,-123,0,-85.23
7333,20:20:40:866,3,Severe_Damage,L3_S1,-1750,1056,14726,-186,28,-114,0,-139.23
7334,20:20:40:876,3,Severe_Damage,L3_S1,-1814,1118,14826,-161,23,-117,0,-39.23
7335,20:20:40:886,3,Severe_Damage,L3_S1,-1798,1104,14832,-141,33,-118,0,-33.23
7336,20:20:40:896,3,Severe_Damage,L3_S1,-1766,1068,14848,-120,32,-107,0,-17.23
7337,20:20:40:906,3,Severe_Damage,L3_S1,-1764,1132,14852,-112,34,-107,0,-13.23
7338,20:20:40:916,3,Severe_Damage,L3_S1,-1782,1104,14886,-110,34,-104,0,20.77
7339,20:20:40:926,3,Severe_Damage,L3_S1,-1808,1086,14886,-118,28,-111,0,20.77
7340,20:20:40:936,3,Severe_Damage,L3_S1,-1774,1132,14906,-125,33,-115,0,40.77
7341,20:20:40:946,3,Severe_Damage,L3_S1,-1804,1130,14894,-145,24,-116,0,28.77
7342,20:20:40:956,3,Severe_Damage,L3_S1,-1776,1096,14958,-160,28,-123,0,92.77
7343,20:20:40:966,3,Severe_Damage,L3_S1,-1804,1134,14974,-195,27,-128,0,108.77
7344,20:20:40:976,3,Severe_Damage,L3_S1,-1794,1122,14908,-218,26,-124,0,42.77
7345,20:20:40:986,3,Severe_Damage,L3_S1,-1808,1142,14916,-239,25,-134,0,50.77
7346,20:20:40:996,3,Severe_Damage,L3_S1,-1828,1070,14884,-257,31,-126,0,18.77
7347,20:20:41:006,3,Severe_Damage,L3_S1,-1776,1110,14862,-260,30,-127,0,-3.23
7348,20:20:41:016,3,Severe_Damage,L3_S1,-1772,1110,14836,-271,33,-128,0,-29.23
7349,20:20:41:026,3,Severe_Damage,L3_S1,-1832,1094,14810,-267,31,-132,0,-55.23
7350,20:20:41:036,3,Severe_Damage,L3_S1,-1738,1114,14844,-252,32,-134,0,-21.23
7351,20:20:41:046,3,Severe_Damage,L3_S1,-1766,1094,14790,-237,21,-122,0,-75.23
7352,20:20:41:056,3,Severe_Damage,L3_S1,-1760,1106,14800,-216,36,-120,0,-65.23
7353,20:20:41:066,3,Severe_Damage,L3_S1,-1790,1108,14866,-197,31,-120,0,0.77
7354,20:20:41:076,3,Severe_Damage,L3_S1,-1838,1062,14788,-175,36,-119,0,-77.23
7355,20:20:41:086,3,Severe_Damage,L3_S1,-1778,1110,14778,-149,31,-113,0,-87.23
7356,20:20:41:096,3,Severe_Damage,L3_S1,-1790,1102,14850,-129,31,-104,0,-15.23
7357,20:20:41:106,3,Severe_Damage,L3_S1,-1782,1076,14842,-118,34,-108,0,-23.23
7358,20:20:41:116,3,Severe_Damage,L3_S1,-1796,1094,14838,-114,31,-103,0,-27.23
7359,20:20:41:126,3,Severe_Damage,L3_S1,-1800,1104,14848,-114,34,-106,0,-17.23
7360,20:20:41:136,3,Severe_Damage,L3_S1,-1832,1116,14908,-130,35,-111,0,42.77
7361,20:20:41:146,3,Severe_Damage,L3_S1,-1810,1168,14946,-141,26,-108,0,80.77
7362,20:20:41:156,3,Severe_Damage,L3_S1,-1836,1124,14990,-167,37,-119,0,124.77
7363,20:20:41:166,3,Severe_Damage,L3_S1,-1778,1104,14982,-184,35,-121,0,116.77
7364,20:20:41:176,3,Severe_Damage,L3_S1,-1818,1152,14884,-213,31,-123,0,18.77
7365,20:20:41:186,3,Severe_Damage,L3_S1,-1794,1128,14890,-232,28,-129,0,24.77
7366,20:20:41:196,3,Severe_Damage,L3_S1,-1790,1112,14934,-248,26,-132,0,68.77
7367,20:20:41:206,3,Severe_Damage,L3_S1,-1776,1090,14908,-255,31,-132,0,42.77
7368,20:20:41:216,3,Severe_Damage,L3_S1,-1786,1088,14892,-259,23,-134,0,26.77
7369,20:20:41:226,3,Severe_Damage,L3_S1,-1794,1108,14808,-255,23,-134,0,-57.23
7370,20:20:41:236,3,Severe_Damage,L3_S1,-1790,1068,14832,-246,14,-128,0,-33.23
7371,20:20:41:246,3,Severe_Damage,L3_S1,-1784,1064,14814,-232,34,-126,0,-51.23
7372,20:20:41:256,3,Severe_Damage,L3_S1,-1844,1050,14910,-213,31,-122,0,44.77
7373,20:20:41:266,3,Severe_Damage,L3_S1,-1794,1060,14840,-187,35,-118,0,-25.23
7374,20:20:41:276,3,Severe_Damage,L3_S1,-1760,1122,14812,-174,24,-113,0,-53.23
7375,20:20:41:286,3,Severe_Damage,L3_S1,-1834,1116,14892,-150,29,-114,0,26.77
7376,20:20:41:296,3,Severe_Damage,L3_S1,-1810,1108,14860,-129,31,-108,0,-5.23
7377,20:20:41:306,3,Severe_Damage,L3_S1,-1784,1146,14834,-129,34,-108,0,-31.23
7378,20:20:41:316,3,Severe_Damage,L3_S1,-1794,1160,14864,-119,35,-107,0,-1.23
7379,20:20:41:326,3,Severe_Damage,L3_S1,-1790,1128,14856,-125,38,-107,0,-9.23
7380,20:20:41:336,3,Severe_Damage,L3_S1,-1856,1092,14884,-129,38,-113,0,18.77
7381,20:20:41:346,3,Severe_Damage,L3_S1,-1774,1078,14930,-153,39,-118,0,64.77
7382,20:20:41:356,3,Severe_Damage,L3_S1,-1834,1090,14970,-167,28,-120,0,104.77
7383,20:20:41:366,3,Severe_Damage,L3_S1,-1822,1152,14942,-189,35,-126,0,76.77
7384,20:20:41:376,3,Severe_Damage,L3_S1,-1764,1096,14908,-210,26,-121,0,42.77
7385,20:20:41:386,3,Severe_Damage,L3_S1,-1792,1150,14898,-230,31,-124,0,32.77
7386,20:20:41:396,3,Severe_Damage,L3_S1,-1798,1128,14964,-242,33,-126,0,98.77
7387,20:20:41:406,3,Severe_Damage,L3_S1,-1820,1110,14962,-253,26,-126,0,96.77
7388,20:20:41:416,3,Severe_Damage,L3_S1,-1762,1106,14886,-259,27,-128,0,20.77
7389,20:20:41:426,3,Severe_Damage,L3_S1,-1810,1106,14866,-256,31,-132,0,0.77
7390,20:20:41:436,3,Severe_Damage,L3_S1,-1812,1096,14884,-244,37,-131,0,18.77
7391,20:20:41:446,3,Severe_Damage,L3_S1,-1786,1108,14760,-233,29,-134,0,-105.23
7392,20:20:41:456,3,Severe_Damage,L3_S1,-1776,1090,14830,-212,21,-114,0,-35.23
7393,20:20:41:466,3,Severe_Damage,L3_S1,-1776,1066,14782,-197,32,-120,0,-83.23
7394,20:20:41:476,3,Severe_Damage,L3_S1,-1754,1078,14802,-174,33,-112,0,-63.23
7395,20:20:41:486,3,Severe_Damage,L3_S1,-1778,1122,14800,-161,30,-115,0,-65.23
7396,20:20:41:496,3,Severe_Damage,L3_S1,-1814,1090,14778,-142,36,-106,0,-87.23
7397,20:20:41:506,3,Severe_Damage,L3_S1,-1812,1126,14808,-132,23,-106,0,-57.23
7398,20:20:41:516,3,Severe_Damage,L3_S1,-1762,1122,14910,-126,33,-109,0,44.77
7399,20:20:41:526,3,Severe_Damage,L3_S1,-1822,1108,14882,-127,27,-114,0,16.77
7400,20:20:41:536,3,Severe_Damage,L3_S1,-1822,1152,14928,-134,27,-115,0,62.77
7401,20:20:41:546,3,Severe_Damage,L3_S1,-1832,1110,14910,-149,22,-114,0,44.77
7402,20:20:41:556,3,Severe_Damage,L3_S1,-1808,1096,14914,-167,27,-113,0,48.77
7403,20:20:41:566,3,Severe_Damage,L3_S1,-1840,1118,14920,-191,34,-116,0,54.77
7404,20:20:41:576,3,Severe_Damage,L3_S1,-1806,1094,14916,-208,27,-122,0,50.77
7405,20:20:41:586,3,Severe_Damage,L3_S1,-1796,1146,14936,-226,30,-122,0,70.77
7406,20:20:41:596,3,Severe_Damage,L3_S1,-1822,1142,14904,-235,30,-130,0,38.77
7407,20:20:41:606,3,Severe_Damage,L3_S1,-1814,1094,14890,-248,28,-130,0,24.77
7408,20:20:41:616,3,Severe_Damage,L3_S1,-1782,1108,14874,-249,33,-131,0,8.77
7409,20:20:41:626,3,Severe_Damage,L3_S1,-1808,1070,14800,-245,22,-130,0,-65.23
7410,20:20:41:636,3,Severe_Damage,L3_S1,-1726,1128,14856,-248,29,-126,0,-9.23
7411,20:20:41:646,3,Severe_Damage,L3_S1,-1830,1144,14806,-226,29,-125,0,-59.23
7412,20:20:41:656,3,Severe_Damage,L3_S1,-1784,1082,14846,-209,22,-124,0,-19.23
7413,20:20:41:666,3,Severe_Damage,L3_S1,-1820,1052,14860,-194,28,-122,0,-5.23
7414,20:20:41:676,3,Severe_Damage,L3_S1,-1798,1080,14804,-174,33,-120,0,-61.23
7415,20:20:41:686,3,Severe_Damage,L3_S1,-1792,1090,14820,-162,34,-115,0,-45.23
7416,20:20:41:696,3,Severe_Damage,L3_S1,-1810,1132,14798,-151,30,-114,0,-67.23
7417,20:20:41:706,3,Severe_Damage,L3_S1,-1786,1124,14876,-139,31,-114,0,10.77
7418,20:20:41:716,3,Severe_Damage,L3_S1,-1790,1134,14864,-135,27,-110,0,-1.23
7419,20:20:41:726,3,Severe_Damage,L3_S1,-1790,1126,14860,-134,34,-114,0,-5.23
7420,20:20:41:736,3,Severe_Damage,L3_S1,-1810,1088,14904,-138,30,-110,0,38.77
7421,20:20:41:746,3,Severe_Damage,L3_S1,-1806,1150,14864,-153,26,-118,0,-1.23
7422,20:20:41:756,3,Severe_Damage,L3_S1,-1796,1068,14884,-171,32,-119,0,18.77
7423,20:20:41:766,3,Severe_Damage,L3_S1,-1812,1102,14910,-187,36,-120,0,44.77
7424,20:20:41:776,3,Severe_Damage,L3_S1,-1802,1116,14936,-203,32,-126,0,70.77
7425,20:20:41:786,3,Severe_Damage,L3_S1,-1782,1106,14922,-220,35,-126,0,56.77
7426,20:20:41:796,3,Severe_Damage,L3_S1,-1800,1124,14900,-230,23,-125,0,34.77
7427,20:20:41:806,3,Severe_Damage,L3_S1,-1804,1102,14898,-239,27,-126,0,32.77
7428,20:20:41:816,3,Severe_Damage,L3_S1,-1814,1130,14808,-242,30,-124,0,-57.23
7429,20:20:41:826,3,Severe_Damage,L3_S1,-1814,1096,14754,-241,36,-130,0,-111.23
7430,20:20:41:836,3,Severe_Damage,L3_S1,-1824,1090,14826,-245,28,-130,0,-39.23
7431,20:20:41:846,3,Severe_Damage,L3_S1,-1808,1098,14802,-231,33,-118,0,-63.23
7432,20:20:41:856,3,Severe_Damage,L3_S1,-1762,1058,14770,-211,32,-124,0,-95.23
7433,20:20:41:866,3,Severe_Damage,L3_S1,-1776,1108,14786,-196,28,-123,0,-79.23
7434,20:20:41:876,3,Severe_Damage,L3_S1,-1792,1100,14836,-172,26,-114,0,-29.23
7435,20:20:41:886,3,Severe_Damage,L3_S1,-1800,1116,14840,-168,26,-112,0,-25.23
7436,20:20:41:896,3,Severe_Damage,L3_S1,-1784,1088,14894,-155,26,-112,0,28.77
7437,20:20:41:906,3,Severe_Damage,L3_S1,-1758,1148,14900,-145,26,-115,0,34.77
7438,20:20:41:916,3,Severe_Damage,L3_S1,-1826,1120,14882,-137,30,-117,0,16.77
7439,20:20:41:926,3,Severe_Damage,L3_S1,-1804,1136,14870,-146,36,-121,0,4.77
7440,20:20:41:936,3,Severe_Damage,L3_S1,-1790,1088,14894,-151,40,-111,0,28.77
7441,20:20:41:946,3,Severe_Damage,L3_S1,-1826,1082,14946,-163,33,-117,0,80.77
7442,20:20:41:956,3,Severe_Damage,L3_S1,-1828,1118,14854,-174,28,-120,0,-11.23
7443,20:20:41:966,3,Severe_Damage,L3_S1,-1754,1106,14916,-189,26,-124,0,50.77
7444,20:20:41:976,3,Severe_Damage,L3_S1,-1798,1114,14944,-207,26,-128,0,78.77
7445,20:20:41:986,3,Severe_Damage,L3_S1,-1832,1138,14900,-214,22,-130,0,34.77
7446,20:20:41:996,3,Severe_Damage,L3_S1,-1802,1114,14882,-225,32,-127,0,16.77
7447,20:20:42:006,3,Severe_Damage,L3_S1,-1808,1140,14910,-234,28,-126,0,44.77
7448,20:20:42:017,3,Severe_Damage,L3_S1,-1752,1108,14844,-239,32,-133,0,-21.23
7449,20:20:42:026,3,Severe_Damage,L3_S1,-1806,1140,14912,-246,28,-133,0,46.77
7450,20:20:42:036,3,Severe_Damage,L3_S1,-1792,1104,14840,-241,23,-131,0,-25.23
7451,20:20:42:046,3,Severe_Damage,L3_S1,-1738,1096,14868,-227,35,-128,0,2.77
7452,20:20:42:056,3,Severe_Damage,L3_S1,-1796,1104,14728,-215,35,-126,0,-137.23
7453,20:20:42:066,3,Severe_Damage,L3_S1,-1790,1090,14786,-193,26,-120,0,-79.23
7454,20:20:42:076,3,Severe_Damage,L3_S1,-1768,1114,14782,-177,28,-120,0,-83.23
7455,20:20:42:086,3,Severe_Damage,L3_S1,-1816,1094,14852,-160,27,-119,0,-13.23
7456,20:20:42:096,3,Severe_Damage,L3_S1,-1814,1102,14896,-157,32,-117,0,30.77
7457,20:20:42:106,3,Severe_Damage,L3_S1,-1820,1086,14896,-148,30,-112,0,30.77
7458,20:20:42:116,3,Severe_Damage,L3_S1,-1734,1122,14816,-147,33,-114,0,-49.23
7459,20:20:42:126,3,Severe_Damage,L3_S1,-1822,1114,14880,-142,31,-106,0,14.77
7460,20:20:42:136,3,Severe_Damage,L3_S1,-1784,1120,14888,-153,27,-111,0,22.77
7461,20:20:42:146,3,Severe_Damage,L3_S1,-1798,1104,14898,-160,30,-117,0,32.77
7462,20:20:42:156,3,Severe_Damage,L3_S1,-1808,1118,14934,-177,26,-116,0,68.77
7463,20:20:42:166,3,Severe_Damage,L3_S1,-1802,1112,14958,-182,32,-122,0,92.77
7464,20:20:42:176,3,Severe_Damage,L3_S1,-1806,1128,14918,-203,26,-122,0,52.77
7465,20:20:42:186,3,Severe_Damage,L3_S1,-1794,1094,14848,-211,28,-123,0,-17.23
7466,20:20:42:196,3,Severe_Damage,L3_S1,-1776,1078,14864,-220,30,-126,0,-1.23
7467,20:20:42:206,3,Severe_Damage,L3_S1,-1808,1122,14932,-235,28,-122,0,66.77
7468,20:20:42:217,3,Severe_Damage,L3_S1,-1730,1168,14868,-234,31,-124,0,2.77
7469,20:20:42:226,3,Severe_Damage,L3_S1,-1756,1142,14906,-234,33,-131,0,40.77
7470,20:20:42:236,3,Severe_Damage,L3_S1,-1762,1128,14852,-232,31,-122,0,-13.23
7471,20:20:42:247,3,Severe_Damage,L3_S1,-1800,1118,14830,-222,33,-124,0,-35.23
7472,20:20:42:256,3,Severe_Damage,L3_S1,-1770,1102,14836,-210,28,-122,0,-29.23
7473,20:20:42:266,3,Severe_Damage,L3_S1,-1810,1096,14916,-197,30,-125,0,50.77
7474,20:20:42:276,3,Severe_Damage,L3_S1,-1778,1126,14834,-188,26,-124,0,-31.23
7475,20:20:42:286,3,Severe_Damage,L3_S1,-1794,1102,14862,-171,41,-116,0,-3.23
7476,20:20:42:296,3,Severe_Damage,L3_S1,-1764,1078,14856,-161,32,-116,0,-9.23
7477,20:20:42:306,3,Severe_Damage,L3_S1,-1786,1106,14880,-161,37,-114,0,14.77
7478,20:20:42:316,3,Severe_Damage,L3_S1,-1798,1114,14804,-149,35,-114,0,-61.23
7479,20:20:42:327,3,Severe_Damage,L3_S1,-1784,1092,14892,-152,34,-114,0,26.77
7480,20:20:42:336,3,Severe_Damage,L3_S1,-1818,1130,14828,-152,30,-113,0,-37.23
7481,20:20:42:346,3,Severe_Damage,L3_S1,-1820,1118,14890,-157,32,-118,0,24.77
7482,20:20:42:356,3,Severe_Damage,L3_S1,-1780,1106,14970,-168,31,-121,0,104.77
7483,20:20:42:366,3,Severe_Damage,L3_S1,-1816,1104,14906,-187,30,-123,0,40.77
7484,20:20:42:376,3,Severe_Damage,L3_S1,-1832,1128,14858,-197,34,-121,0,-7.23
7485,20:20:42:386,3,Severe_Damage,L3_S1,-1870,1172,14914,-212,24,-123,0,48.77
7486,20:20:42:396,3,Severe_Damage,L3_S1,-1810,1130,14846,-218,32,-127,0,-19.23
7487,20:20:42:408,3,Severe_Damage,L3_S1,-1808,1134,14944,-229,31,-128,0,78.77
7488,20:20:42:416,3,Severe_Damage,L3_S1,-1776,1086,14848,-231,33,-122,0,-17.23
7489,20:20:42:426,3,Severe_Damage,L3_S1,-1796,1096,14824,-227,29,-125,0,-41.23
7490,20:20:42:437,3,Severe_Damage,L3_S1,-1808,1116,14864,-225,26,-127,0,-1.23
7491,20:20:42:447,3,Severe_Damage,L3_S1,-1772,1094,14788,-221,22,-128,0,-77.23
7492,20:20:42:458,3,Severe_Damage,L3_S1,-1784,1106,14866,-212,24,-125,0,0.77
7493,20:20:42:466,3,Severe_Damage,L3_S1,-1810,1076,14780,-203,22,-116,0,-85.23
7494,20:20:42:477,3,Severe_Damage,L3_S1,-1788,1118,14786,-187,39,-118,0,-79.23
7495,20:20:42:486,3,Severe_Damage,L3_S1,-1810,1038,14884,-171,33,-115,0,18.77
7496,20:20:42:496,3,Severe_Damage,L3_S1,-1830,1094,14846,-162,38,-116,0,-19.23
7497,20:20:42:506,3,Severe_Damage,L3_S1,-1770,1114,14866,-154,35,-113,0,0.77
7498,20:20:42:517,3,Severe_Damage,L3_S1,-1814,1096,14866,-151,35,-111,0,0.77
7499,20:20:42:526,3,Severe_Damage,L3_S1,-1784,1066,14876,-149,37,-109,0,10.77
7500,20:20:42:536,3,Severe_Damage,L3_S1,-1814,1148,14956,-151,32,-113,0,90.77
7501,20:20:42:547,3,Severe_Damage,L3_S1,-1832,1100,14912,-160,37,-118,0,46.77
7502,20:20:42:557,3,Severe_Damage,L3_S1,-1802,1124,14934,-177,32,-123,0,68.77
7503,20:20:42:567,3,Severe_Damage,L3_S1,-1780,1108,14874,-180,29,-125,0,8.77
7504,20:20:42:577,3,Severe_Damage,L3_S1,-1830,1078,14882,-194,27,-126,0,16.77
7505,20:20:42:587,3,Severe_Damage,L3_S1,-1812,1132,14882,-209,31,-113,0,16.77
7506,20:20:42:597,3,Severe_Damage,L3_S1,-1782,1094,14884,-220,32,-120,0,18.77
7507,20:20:42:607,3,Severe_Damage,L3_S1,-1806,1124,14794,-224,36,-127,0,-71.23
7508,20:20:42:617,3,Severe_Damage,L3_S1,-1790,1108,14884,-230,30,-124,0,18.77
7509,20:20:42:627,3,Severe_Damage,L3_S1,-1796,1084,14862,-225,32,-122,0,-3.23
7510,20:20:42:637,3,Severe_Damage,L3_S1,-1758,1090,14834,-223,24,-126,0,-31.23
7511,20:20:42:647,3,Severe_Damage,L3_S1,-1790,1086,14774,-215,31,-116,0,-91.23
7512,20:20:42:657,3,Severe_Damage,L3_S1,-1776,1100,14856,-207,25,-122,0,-9.23
7513,20:20:42:667,3,Severe_Damage,L3_S1,-1784,1092,14810,-201,33,-125,0,-55.23
7514,20:20:42:677,3,Severe_Damage,L3_S1,-1832,1100,14810,-185,22,-121,0,-55.23
7515,20:20:42:687,3,Severe_Damage,L3_S1,-1756,1112,14840,-180,35,-115,0,-25.23
7516,20:20:42:697,3,Severe_Damage,L3_S1,-1820,1102,14888,-167,31,-115,0,22.77
7517,20:20:42:707,3,Severe_Damage,L3_S1,-1776,1106,14852,-159,33,-118,0,-13.23
7518,20:20:42:717,3,Severe_Damage,L3_S1,-1834,1096,14826,-153,30,-114,0,-39.23
7519,20:20:42:727,3,Severe_Damage,L3_S1,-1782,1062,14842,-157,35,-116,0,-23.23
7520,20:20:42:737,3,Severe_Damage,L3_S1,-1812,1084,14910,-155,25,-116,0,44.77
7521,20:20:42:747,3,Severe_Damage,L3_S1,-1806,1154,14992,-168,34,-118,0,126.77
7522,20:20:42:757,3,Severe_Damage,L3_S1,-1802,1092,14916,-180,34,-123,0,50.77
7523,20:20:42:767,3,Severe_Damage,L3_S1,-1762,1084,14908,-186,35,-117,0,42.77
7524,20:20:42:777,3,Severe_Damage,L3_S1,-1810,1120,14908,-193,29,-124,0,42.77
7525,20:20:42:787,3,Severe_Damage,L3_S1,-1804,1120,14830,-206,30,-128,0,-35.23
7526,20:20:42:797,3,Severe_Damage,L3_S1,-1830,1110,14904,-219,27,-123,0,38.77
7527,20:20:42:807,3,Severe_Damage,L3_S1,-1800,1044,14920,-220,29,-129,0,54.77
7528,20:20:42:817,3,Severe_Damage,L3_S1,-1816,1148,14778,-231,26,-125,0,-87.23
7529,20:20:42:827,3,Severe_Damage,L3_S1,-1828,1094,14832,-226,26,-131,0,-33.23
7530,20:20:42:837,3,Severe_Damage,L3_S1,-1780,1138,14758,-213,32,-121,0,-107.23
7531,20:20:42:847,3,Severe_Damage,L3_S1,-1792,1120,14826,-214,32,-117,0,-39.23
7532,20:20:42:857,3,Severe_Damage,L3_S1,-1786,1102,14782,-198,39,-120,0,-83.23
7533,20:20:42:867,3,Severe_Damage,L3_S1,-1802,1068,14828,-196,31,-111,0,-37.23
7534,20:20:42:877,3,Severe_Damage,L3_S1,-1832,1128,14810,-174,29,-118,0,-55.23
7535,20:20:42:887,3,Severe_Damage,L3_S1,-1794,1090,14840,-178,24,-118,0,-25.23
7536,20:20:42:897,3,Severe_Damage,L3_S1,-1840,1114,14838,-165,33,-110,0,-27.23
7537,20:20:42:907,3,Severe_Damage,L3_S1,-1824,1086,14830,-165,32,-114,0,-35.23
7538,20:20:42:917,3,Severe_Damage,L3_S1,-1780,1164,14878,-154,36,-116,0,12.77
7539,20:20:42:927,3,Severe_Damage,L3_S1,-1812,1092,14874,-162,28,-115,0,8.77
7540,20:20:42:937,3,Severe_Damage,L3_S1,-1826,1144,14864,-160,29,-116,0,-1.23
7541,20:20:42:947,3,Severe_Damage,L3_S1,-1852,1128,14876,-176,33,-119,0,10.77
7542,20:20:42:957,3,Severe_Damage,L3_S1,-1794,1162,14924,-185,29,-119,0,58.77
7543,20:20:42:967,3,Severe_Damage,L3_S1,-1802,1118,14806,-196,39,-121,0,-59.23
7544,20:20:42:977,3,Severe_Damage,L3_S1,-1864,1116,14828,-209,33,-113,0,-37.23
7545,20:20:42:987,3,Severe_Damage,L3_S1,-1810,1112,14894,-213,33,-123,0,28.77
7546,20:20:42:997,3,Severe_Damage,L3_S1,-1846,1120,14826,-218,23,-122,0,-39.23
7547,20:20:43:007,3,Severe_Damage,L3_S1,-1802,1110,14832,-224,29,-127,0,-33.23
7548,20:20:43:017,3,Severe_Damage,L3_S1,-1820,1132,14820,-226,29,-122,0,-45.23
7549,20:20:43:027,3,Severe_Damage,L3_S1,-1800,1148,14804,-219,28,-124,0,-61.23
7550,20:20:43:037,3,Severe_Damage,L3_S1,-1744,1120,14874,-221,23,-127,0,8.77
7551,20:20:43:047,3,Severe_Damage,L3_S1,-1828,1158,14852,-208,28,-121,0,-13.23
7552,20:20:43:057,3,Severe_Damage,L3_S1,-1760,1064,14828,-198,23,-124,0,-37.23
7553,20:20:43:067,3,Severe_Damage,L3_S1,-1730,1106,14760,-178,28,-120,0,-105.23
7554,20:20:43:077,3,Severe_Damage,L3_S1,-1800,1092,14876,-178,27,-119,0,10.77
7555,20:20:43:087,3,Severe_Damage,L3_S1,-1752,1086,14834,-164,25,-114,0,-31.23
7556,20:20:43:097,3,Severe_Damage,L3_S1,-1792,1116,14872,-169,25,-117,0,6.77
7557,20:20:43:107,3,Severe_Damage,L3_S1,-1822,1128,14812,-160,30,-119,0,-53.23
7558,20:20:43:117,3,Severe_Damage,L3_S1,-1726,1054,14820,-164,36,-119,0,-45.23
7559,20:20:43:127,3,Severe_Damage,L3_S1,-1788,1096,14896,-164,27,-118,0,30.77
7560,20:20:43:137,3,Severe_Damage,L3_S1,-1738,1080,14892,-171,27,-119,0,26.77
7561,20:20:43:147,3,Severe_Damage,L3_S1,-1790,1122,14908,-169,32,-115,0,42.77
7562,20:20:43:157,3,Severe_Damage,L3_S1,-1818,1130,14908,-187,36,-119,0,42.77
7563,20:20:43:167,3,Severe_Damage,L3_S1,-1776,1106,14890,-198,34,-123,0,24.77
7564,20:20:43:177,3,Severe_Damage,L3_S1,-1816,1072,14768,-204,31,-117,0,-97.23
7565,20:20:43:187,3,Severe_Damage,L3_S1,-1818,1104,14842,-202,34,-117,0,-23.23
7566,20:20:43:197,3,Severe_Damage,L3_S1,-1798,1110,14848,-220,27,-119,0,-17.23
7567,20:20:43:207,3,Severe_Damage,L3_S1,-1812,1110,14908,-222,33,-128,0,42.77
7568,20:20:43:217,3,Severe_Damage,L3_S1,-1748,1118,14846,-223,29,-127,0,-19.23
7569,20:20:43:227,3,Severe_Damage,L3_S1,-1772,1108,14864,-219,29,-120,0,-1.23
7570,20:20:43:237,3,Severe_Damage,L3_S1,-1802,1130,14918,-210,35,-125,0,52.77
7571,20:20:43:247,3,Severe_Damage,L3_S1,-1816,1096,14850,-208,27,-127,0,-15.23
7572,20:20:43:257,3,Severe_Damage,L3_S1,-1802,1132,14880,-198,29,-121,0,14.77
7573,20:20:43:267,3,Severe_Damage,L3_S1,-1828,1086,14916,-183,24,-124,0,50.77
7574,20:20:43:277,3,Severe_Damage,L3_S1,-1790,1148,14846,-182,25,-117,0,-19.23
7575,20:20:43:287,3,Severe_Damage,L3_S1,-1744,1108,14876,-177,34,-125,0,10.77
7576,20:20:43:297,3,Severe_Damage,L3_S1,-1770,1094,14852,-169,29,-114,0,-13.23
7577,20:20:43:307,3,Severe_Damage,L3_S1,-1810,1088,14862,-163,38,-118,0,-3.23
7578,20:20:43:317,3,Severe_Damage,L3_S1,-1772,1062,14886,-163,25,-118,0,20.77
7579,20:20:43:327,3,Severe_Damage,L3_S1,-1824,1138,14844,-165,35,-113,0,-21.23
7580,20:20:43:337,3,Severe_Damage,L3_S1,-1812,1130,14890,-172,33,-116,0,24.77
7581,20:20:43:347,3,Severe_Damage,L3_S1,-1834,1118,14846,-174,30,-122,0,-19.23
7582,20:20:43:357,3,Severe_Damage,L3_S1,-1842,1142,14904,-185,31,-122,0,38.77
7583,20:20:43:367,3,Severe_Damage,L3_S1,-1848,1144,14922,-194,33,-123,0,56.77
7584,20:20:43:377,3,Severe_Damage,L3_S1,-1766,1090,14774,-198,28,-119,0,-91.23
7585,20:20:43:387,3,Severe_Damage,L3_S1,-1788,1146,14880,-208,30,-126,0,14.77
7586,20:20:43:397,3,Severe_Damage,L3_S1,-1768,1092,14898,-211,26,-119,0,32.77
7587,20:20:43:407,3,Severe_Damage,L3_S1,-1808,1082,14986,-217,21,-123,0,120.77
7588,20:20:43:417,3,Severe_Damage,L3_S1,-1828,1112,14984,-213,33,-119,0,118.77
7589,20:20:43:427,3,Severe_Damage,L3_S1,-1774,1074,14804,-219,33,-127,0,-61.23
7590,20:20:43:438,3,Severe_Damage,L3_S1,-1858,1106,14904,-210,32,-127,0,38.77
7591,20:20:43:447,3,Severe_Damage,L3_S1,-1760,1074,14890,-203,31,-125,0,24.77
7592,20:20:43:457,3,Severe_Damage,L3_S1,-1758,1098,14886,-196,32,-121,0,20.77
7593,20:20:43:467,3,Severe_Damage,L3_S1,-1800,1098,14888,-184,31,-122,0,22.77
7594,20:20:43:477,3,Severe_Damage,L3_S1,-1860,1094,14918,-179,30,-116,0,52.77
7595,20:20:43:487,3,Severe_Damage,L3_S1,-1832,1128,14782,-167,36,-110,0,-83.23
7596,20:20:43:497,3,Severe_Damage,L3_S1,-1738,1114,14912,-171,31,-120,0,46.77
7597,20:20:43:507,3,Severe_Damage,L3_S1,-1802,1112,14932,-161,28,-113,0,66.77
7598,20:20:43:517,3,Severe_Damage,L3_S1,-1824,1116,14866,-171,31,-127,0,0.77
7599,20:20:43:527,3,Severe_Damage,L3_S1,-1828,1136,14878,-163,30,-120,0,12.77
7600,20:20:43:537,3,Severe_Damage,L3_S1,-1844,1122,14918,-177,34,-122,0,52.77
7601,20:20:43:547,3,Severe_Damage,L3_S1,-1800,1084,14836,-171,32,-123,0,-29.23
7602,20:20:43:557,3,Severe_Damage,L3_S1,-1766,1118,14842,-191,32,-125,0,-23.23
7603,20:20:43:567,3,Severe_Damage,L3_S1,-1852,1126,14864,-185,36,-117,0,-1.23
7604,20:20:43:577,3,Severe_Damage,L3_S1,-1756,1080,14884,-212,32,-122,0,18.77
7605,20:20:43:587,3,Severe_Damage,L3_S1,-1804,1158,14900,-200,29,-121,0,34.77
7606,20:20:43:597,3,Severe_Damage,L3_S1,-1802,1100,14880,-216,29,-124,0,14.77
7607,20:20:43:607,3,Severe_Damage,L3_S1,-1770,1142,14880,-214,24,-126,0,14.77
7608,20:20:43:617,3,Severe_Damage,L3_S1,-1788,1104,14854,-216,33,-122,0,-11.23
7609,20:20:43:627,3,Severe_Damage,L3_S1,-1828,1116,14860,-214,19,-121,0,-5.23
7610,20:20:43:637,3,Severe_Damage,L3_S1,-1768,1146,14854,-215,27,-125,0,-11.23
7611,20:20:43:647,3,Severe_Damage,L3_S1,-1770,1130,14864,-200,31,-124,0,-1.23
7612,20:20:43:657,3,Severe_Damage,L3_S1,-1778,1096,14800,-198,24,-126,0,-65.23
7613,20:20:43:667,3,Severe_Damage,L3_S1,-1764,1120,14802,-192,27,-119,0,-63.23
7614,20:20:43:677,3,Severe_Damage,L3_S1,-1800,1068,14792,-183,23,-117,0,-73.23
7615,20:20:43:687,3,Severe_Damage,L3_S1,-1840,1082,14854,-177,25,-110,0,-11.23
7616,20:20:43:697,3,Severe_Damage,L3_S1,-1828,1078,14806,-172,27,-116,0,-59.23
7617,20:20:43:707,3,Severe_Damage,L3_S1,-1778,1086,14868,-166,29,-113,0,2.77
7618,20:20:43:717,3,Severe_Damage,L3_S1,-1792,1068,14896,-163,27,-110,0,30.77
7619,20:20:43:727,3,Severe_Damage,L3_S1,-1790,1094,14854,-168,32,-121,0,-11.23
7620,20:20:43:737,3,Severe_Damage,L3_S1,-1812,1120,14834,-180,27,-115,0,-31.23
7621,20:20:43:747,3,Severe_Damage,L3_S1,-1778,1074,14910,-178,37,-118,0,44.77
7622,20:20:43:757,3,Severe_Damage,L3_S1,-1814,1096,14804,-180,31,-123,0,-61.23
7623,20:20:43:767,3,Severe_Damage,L3_S1,-1840,1070,14874,-192,31,-124,0,8.77
7624,20:20:43:777,3,Severe_Damage,L3_S1,-1832,1120,14890,-200,32,-124,0,24.77
7625,20:20:43:787,3,Severe_Damage,L3_S1,-1806,1082,14878,-210,37,-121,0,12.77
7626,20:20:43:797,3,Severe_Damage,L3_S1,-1820,1084,14880,-209,32,-120,0,14.77
7627,20:20:43:807,3,Severe_Damage,L3_S1,-1776,1074,14854,-212,32,-124,0,-11.23
7628,20:20:43:817,3,Severe_Damage,L3_S1,-1852,1126,14870,-210,23,-118,0,4.77
7629,20:20:43:827,3,Severe_Damage,L3_S1,-1782,1120,14804,-215,32,-123,0,-61.23
7630,20:20:43:837,3,Severe_Damage,L3_S1,-1814,1100,14850,-218,29,-127,0,-15.23
7631,20:20:43:847,3,Severe_Damage,L3_S1,-1778,1124,14826,-203,32,-125,0,-39.23
7632,20:20:43:857,3,Severe_Damage,L3_S1,-1798,1114,14848,-205,27,-120,0,-17.23
7633,20:20:43:867,3,Severe_Damage,L3_S1,-1764,1122,14856,-185,31,-118,0,-9.23
7634,20:20:43:877,3,Severe_Damage,L3_S1,-1794,1108,14878,-182,27,-118,0,12.77
7635,20:20:43:887,3,Severe_Damage,L3_S1,-1778,1122,14868,-176,29,-118,0,2.77
7636,20:20:43:897,3,Severe_Damage,L3_S1,-1770,1120,14840,-173,28,-112,0,-25.23
7637,20:20:43:907,3,Severe_Damage,L3_S1,-1778,1098,14840,-166,27,-115,0,-25.23
7638,20:20:43:917,3,Severe_Damage,L3_S1,-1826,1084,14848,-168,32,-119,0,-17.23
7639,20:20:43:927,3,Severe_Damage,L3_S1,-1778,1066,14848,-172,29,-115,0,-17.23
7640,20:20:43:937,3,Severe_Damage,L3_S1,-1802,1122,14844,-170,26,-121,0,-21.23
7641,20:20:43:947,3,Severe_Damage,L3_S1,-1790,1122,14870,-180,27,-121,0,4.77
7642,20:20:43:957,3,Severe_Damage,L3_S1,-1784,1136,14908,-176,27,-117,0,42.77
7643,20:20:43:967,3,Severe_Damage,L3_S1,-1818,1108,14890,-193,23,-120,0,24.77
7644,20:20:43:977,3,Severe_Damage,L3_S1,-1820,1150,14908,-187,32,-125,0,42.77
7645,20:20:43:987,3,Severe_Damage,L3_S1,-1788,1114,14888,-208,32,-129,0,22.77
7646,20:20:43:997,3,Severe_Damage,L3_S1,-1782,1100,14888,-208,36,-122,0,22.77
7647,20:20:44:007,3,Severe_Damage,L3_S1,-1770,1134,14900,-219,17,-123,0,34.77
7648,20:20:44:017,3,Severe_Damage,L3_S1,-1790,1126,14852,-208,29,-122,0,-13.23
7649,20:20:44:027,3,Severe_Damage,L3_S1,-1812,1102,14832,-218,22,-120,0,-33.23
7650,20:20:44:037,3,Severe_Damage,L3_S1,-1786,1082,14830,-205,29,-117,0,-35.23
7651,20:20:44:047,3,Severe_Damage,L3_S1,-1810,1120,14872,-201,27,-119,0,6.77
7652,20:20:44:057,3,Severe_Damage,L3_S1,-1736,1112,14824,-194,23,-122,0,-41.23
7653,20:20:44:067,3,Severe_Damage,L3_S1,-1790,1082,14766,-194,33,-119,0,-99.23
7654,20:20:44:077,3,Severe_Damage,L3_S1,-1770,1048,14810,-187,39,-117,0,-55.23
7655,20:20:44:087,3,Severe_Damage,L3_S1,-1780,1094,14788,-181,29,-122,0,-77.23
7656,20:20:44:097,3,Severe_Damage,L3_S1,-1784,1124,14936,-175,28,-122,0,70.77
7657,20:20:44:107,3,Severe_Damage,L3_S1,-1812,1102,14866,-166,30,-113,0,0.77
7658,20:20:44:117,3,Severe_Damage,L3_S1,-1768,1088,14858,-170,36,-113,0,-7.23
7659,20:20:44:127,3,Severe_Damage,L3_S1,-1748,1068,14930,-166,31,-115,0,64.77
7660,20:20:44:137,3,Severe_Damage,L3_S1,-1802,1140,14868,-176,27,-119,0,2.77
7661,20:20:44:147,3,Severe_Damage,L3_S1,-1814,1098,14828,-178,34,-120,0,-37.23
7662,20:20:44:157,3,Severe_Damage,L3_S1,-1826,1110,14816,-190,29,-120,0,-49.23
7663,20:20:44:167,3,Severe_Damage,L3_S1,-1790,1140,14908,-190,30,-116,0,42.77
7664,20:20:44:177,3,Severe_Damage,L3_S1,-1772,1116,14874,-195,23,-126,0,8.77
7665,20:20:44:187,3,Severe_Damage,L3_S1,-1816,1148,14862,-198,34,-121,0,-3.23
7666,20:20:44:197,3,Severe_Damage,L3_S1,-1782,1128,14874,-208,36,-125,0,8.77
7667,20:20:44:207,3,Severe_Damage,L3_S1,-1824,1080,14874,-208,27,-117,0,8.77
7668,20:20:44:217,3,Severe_Damage,L3_S1,-1778,1138,14848,-209,30,-116,0,-17.23
7669,20:20:44:227,3,Severe_Damage,L3_S1,-1812,1132,14860,-211,28,-119,0,-5.23
7670,20:20:44:237,3,Severe_Damage,L3_S1,-1850,1086,14792,-208,27,-122,0,-73.23
7671,20:20:44:247,3,Severe_Damage,L3_S1,-1756,1080,14898,-202,30,-123,0,32.77
7672,20:20:44:257,3,Severe_Damage,L3_S1,-1804,1154,14932,-195,30,-121,0,66.77
7673,20:20:44:267,3,Severe_Damage,L3_S1,-1778,1064,14858,-189,35,-125,0,-7.23
7674,20:20:44:277,3,Severe_Damage,L3_S1,-1800,1100,14874,-185,30,-125,0,8.77
7675,20:20:44:287,3,Severe_Damage,L3_S1,-1826,1144,14868,-180,30,-122,0,2.77
7676,20:20:44:297,3,Severe_Damage,L3_S1,-1802,1092,14840,-178,33,-122,0,-25.23
7677,20:20:44:307,3,Severe_Damage,L3_S1,-1804,1096,14862,-171,35,-120,0,-3.23
7678,20:20:44:317,3,Severe_Damage,L3_S1,-1788,1136,14864,-169,35,-119,0,-1.23
7679,20:20:44:327,3,Severe_Damage,L3_S1,-1824,1102,14796,-173,29,-116,0,-69.23
7680,20:20:44:337,3,Severe_Damage,L3_S1,-1752,1116,14858,-175,29,-118,0,-7.23
7681,20:20:44:347,3,Severe_Damage,L3_S1,-1810,1162,14858,-183,24,-125,0,-7.23
7682,20:20:44:357,3,Severe_Damage,L3_S1,-1842,1152,14888,-192,24,-118,0,22.77
7683,20:20:44:367,3,Severe_Damage,L3_S1,-1816,1136,14868,-196,31,-123,0,2.77
7684,20:20:44:377,3,Severe_Damage,L3_S1,-1802,1088,14854,-194,27,-121,0,-11.23
7685,20:20:44:387,3,Severe_Damage,L3_S1,-1808,1136,14850,-199,25,-120,0,-15.23
7686,20:20:44:397,3,Severe_Damage,L3_S1,-1806,1088,14850,-199,24,-127,0,-15.23
7687,20:20:44:407,3,Severe_Damage,L3_S1,-1804,1106,14872,-208,29,-124,0,6.77
7688,20:20:44:417,3,Severe_Damage,L3_S1,-1804,1088,14848,-205,30,-123,0,-17.23
7689,20:20:44:427,3,Severe_Damage,L3_S1,-1810,1102,14772,-205,32,-126,0,-93.23
7690,20:20:44:437,3,Severe_Damage,L3_S1,-1742,1056,14826,-203,25,-121,0,-39.23
7691,20:20:44:447,3,Severe_Damage,L3_S1,-1772,1100,14862,-200,24,-129,0,-3.23
7692,20:20:44:457,3,Severe_Damage,L3_S1,-1820,1078,14802,-198,25,-123,0,-63.23
7693,20:20:44:467,3,Severe_Damage,L3_S1,-1802,1108,14796,-193,28,-125,0,-69.23
7694,20:20:44:477,3,Severe_Damage,L3_S1,-1802,1072,14910,-190,22,-132,0,44.77
7695,20:20:44:487,3,Severe_Damage,L3_S1,-1838,1128,14822,-179,30,-126,0,-43.23
7696,20:20:44:497,3,Severe_Damage,L3_S1,-1770,1078,14880,-180,31,-120,0,14.77
7697,20:20:44:507,3,Severe_Damage,L3_S1,-1822,1130,14886,-174,30,-117,0,20.77
7698,20:20:44:517,3,Severe_Damage,L3_S1,-1780,1082,14940,-179,30,-121,0,74.77
7699,20:20:44:527,3,Severe_Damage,L3_S1,-1794,1098,14916,-179,27,-115,0,50.77
7700,20:20:44:537,3,Severe_Damage,L3_S1,-1806,1062,14910,-174,30,-116,0,44.77
7701,20:20:44:547,3,Severe_Damage,L3_S1,-1794,1124,14850,-184,28,-119,0,-15.23
7702,20:20:44:557,3,Severe_Damage,L3_S1,-1760,1090,14878,-177,30,-124,0,12.77
7703,20:20:44:567,3,Severe_Damage,L3_S1,-1806,1074,14906,-193,24,-123,0,40.77
7704,20:20:44:578,3,Severe_Damage,L3_S1,-1800,1106,14826,-185,36,-123,0,-39.23
7705,20:20:44:587,3,Severe_Damage,L3_S1,-1794,1098,14932,-203,18,-120,0,66.77
7706,20:20:44:597,3,Severe_Damage,L3_S1,-1814,1126,14880,-195,29,-118,0,14.77
7707,20:20:44:607,3,Severe_Damage,L3_S1,-1786,1110,14864,-212,28,-125,0,-1.23
7708,20:20:44:618,3,Severe_Damage,L3_S1,-1808,1096,14850,-202,31,-125,0,-15.23
7709,20:20:44:628,3,Severe_Damage,L3_S1,-1796,1102,14862,-209,34,-124,0,-3.23
7710,20:20:44:638,3,Severe_Damage,L3_S1,-1796,1060,14868,-200,34,-120,0,2.77
7711,20:20:44:648,3,Severe_Damage,L3_S1,-1808,1122,14854,-205,27,-123,0,-11.23
7712,20:20:44:658,3,Severe_Damage,L3_S1,-1804,1128,14826,-190,34,-130,0,-39.23
7713,20:20:44:667,3,Severe_Damage,L3_S1,-1808,1116,14856,-200,33,-125,0,-9.23
7714,20:20:44:677,3,Severe_Damage,L3_S1,-1786,1140,14836,-184,28,-122,0,-29.23
7715,20:20:44:688,3,Severe_Damage,L3_S1,-1822,1100,14858,-185,23,-125,0,-7.23
7716,20:20:44:697,3,Severe_Damage,L3_S1,-1782,1110,14816,-178,26,-125,0,-49.23
7717,20:20:44:707,3,Severe_Damage,L3_S1,-1822,1116,14836,-174,34,-124,0,-29.23
7718,20:20:44:717,3,Severe_Damage,L3_S1,-1796,1118,14834,-180,34,-124,0,-31.23
7719,20:20:44:727,3,Severe_Damage,L3_S1,-1842,1120,14860,-176,30,-124,0,-5.23
7720,20:20:44:737,3,Severe_Damage,L3_S1,-1804,1100,14832,-172,29,-120,0,-33.23
7721,20:20:44:748,3,Severe_Damage,L3_S1,-1770,1124,14870,-180,28,-116,0,4.77
7722,20:20:44:757,3,Severe_Damage,L3_S1,-1774,1126,14824,-185,25,-122,0,-41.23
7723,20:20:44:768,3,Severe_Damage,L3_S1,-1794,1074,14892,-187,29,-123,0,26.77
7724,20:20:44:778,3,Severe_Damage,L3_S1,-1790,1096,14860,-189,26,-123,0,-5.23
7725,20:20:44:788,3,Severe_Damage,L3_S1,-1774,1114,14842,-188,27,-121,0,-23.23
7726,20:20:44:798,3,Severe_Damage,L3_S1,-1844,1118,14864,-200,29,-125,0,-1.23
7727,20:20:44:807,3,Severe_Damage,L3_S1,-1826,1110,14772,-196,32,-129,0,-93.23
7728,20:20:44:817,3,Severe_Damage,L3_S1,-1802,1138,14830,-202,28,-120,0,-35.23
7729,20:20:44:827,3,Severe_Damage,L3_S1,-1820,1126,14804,-183,30,-119,0,-61.23
7730,20:20:44:837,3,Severe_Damage,L3_S1,-1774,1094,14846,-177,29,-115,0,-19.23
7731,20:20:44:847,3,Severe_Damage,L3_S1,-1840,1174,14824,-153,24,-111,0,-41.23
7732,20:20:44:857,3,Severe_Damage,L3_S1,-1788,1108,14786,-144,28,-112,0,-79.23
7733,20:20:44:868,3,Severe_Damage,L3_S1,-1776,1100,14878,-126,34,-110,0,12.77
7734,20:20:44:878,3,Severe_Damage,L3_S1,-1786,1098,14828,-130,31,-103,0,-37.23
7735,20:20:44:888,3,Severe_Damage,L3_S1,-1808,1104,14944,-138,33,-103,0,78.77
7736,20:20:44:898,3,Severe_Damage,L3_S1,-1812,1142,14910,-158,29,-113,0,44.77
7737,20:20:44:907,3,Severe_Damage,L3_S1,-1760,1106,14886,-177,30,-113,0,20.77
7738,20:20:44:917,3,Severe_Damage,L3_S1,-1790,1096,14952,-202,30,-124,0,86.77
7739,20:20:44:928,3,Severe_Damage,L3_S1,-1826,1084,14898,-232,13,-132,0,32.77
7740,20:20:44:938,3,Severe_Damage,L3_S1,-1850,1124,14882,-238,26,-125,0,16.77
7741,20:20:44:947,3,Severe_Damage,L3_S1,-1770,1110,14934,-248,61,-130,0,68.77
7742,20:20:44:957,3,Severe_Damage,L3_S1,-1834,1128,14862,-261,23,-124,0,-3.23
7743,20:20:44:968,3,Severe_Damage,L3_S1,-1768,1066,14794,-265,33,-133,0,-71.23
7744,20:20:44:978,3,Severe_Damage,L3_S1,-1818,1112,14780,-257,30,-126,0,-85.23
7745,20:20:44:988,3,Severe_Damage,L3_S1,-1786,1074,14834,-260,13,-127,0,-31.23
7746,20:20:44:998,3,Severe_Damage,L3_S1,-1962,1088,14716,-249,94,-133,1,-149.23
7747,20:20:45:008,3,Severe_Damage,L3_S1,-1542,1096,14742,-183,-40,-120,1,-123.23
7748,20:20:45:018,3,Severe_Damage,L3_S1,-1894,1066,14882,-163,58,-117,1,16.77
7749,20:20:45:028,3,Severe_Damage,L3_S1,-28610,-8296,466,3860,3906,458,1,-14399.23
7750,20:20:45:038,3,Severe_Damage,L3_S1,-3622,3136,1248,11976,-9091,2461,1,-13617.23
7751,20:20:45:048,3,Severe_Damage,L3_S1,13690,10284,12584,11856,8057,266,1,-2281.23
7752,20:20:45:058,3,Severe_Damage,L3_S1,-10220,-6440,32767,11732,-2264,2714,0,17901.77
7753,20:20:45:068,3,Severe_Damage,L3_S1,242,14468,14368,11024,-1038,1625,1,-497.23
7754,20:20:45:078,3,Severe_Damage,L3_S1,-324,-1862,32767,955,4389,-858,1,17901.77
7755,20:20:45:088,3,Severe_Damage,L3_S1,-11100,7822,23318,2352,-4505,1494,1,8452.77
7756,20:20:45:098,3,Severe_Damage,L3_S1,3026,1508,30168,-8988,2399,-2413,1,15302.77
7757,20:20:45:108,3,Severe_Damage,L3_S1,-6210,6474,21806,-7069,863,-1085,1,6940.77
7758,20:20:45:118,3,Severe_Damage,L3_S1,-3072,-456,23500,-16075,-3846,-2160,1,8634.77
7759,20:20:45:128,3,Severe_Damage,L3_S1,-536,5448,13864,-13284,4491,-3082,1,-1001.23
7760,20:20:45:138,3,Severe_Damage,L3_S1,-3662,-752,13442,-17871,-4981,-2088,1,-1423.23
7761,20:20:45:148,3,Severe_Damage,L3_S1,640,1370,7768,-14179,2986,-2972,1,-7097.23
7762,20:20:45:158,3,Severe_Damage,L3_S1,502,-746,3838,-13606,-2634,-1960,1,-11027.23
7763,20:20:45:168,3,Severe_Damage,L3_S1,-3748,-1508,3152,-9362,1274,-1545,1,-11713.23
7764,20:20:45:178,3,Severe_Damage,L3_S1,6646,-888,1024,-5217,-1690,-1163,1,-13841.23
7765,20:20:45:188,3,Severe_Damage,L3_S1,-6546,-2220,966,-967,952,263,0,-13899.23
7766,20:20:45:197,3,Severe_Damage,L3_S1,6418,-594,3602,4305,21,-1,1,-11263.23
7767,20:20:45:208,3,Severe_Damage,L3_S1,-4968,-994,4312,7829,-505,1750,1,-10553.23
7768,20:20:45:218,3,Severe_Damage,L3_S1,2202,698,9014,11787,1856,1215,1,-5851.23
7769,20:20:45:228,3,Severe_Damage,L3_S1,-2846,998,12234,13671,-983,2442,1,-2631.23
7770,20:20:45:238,3,Severe_Damage,L3_S1,-2850,2218,16030,14733,1294,2126,1,1164.77
7771,20:20:45:248,3,Severe_Damage,L3_S1,-476,2862,20892,14372,673,1982,1,6026.77
7772,20:20:45:258,3,Severe_Damage,L3_S1,-5740,3318,22738,12343,-851,2329,1,7872.77
7773,20:20:45:268,3,Severe_Damage,L3_S1,-964,3846,26836,9641,2052,901,1,11970.77
7774,20:20:45:278,3,Severe_Damage,L3_S1,-5674,3956,27146,5689,-907,1198,1,12280.77
7775,20:20:45:288,3,Severe_Damage,L3_S1,-3612,3908,27602,1320,-3,112,1,12736.77
7776,20:20:45:298,3,Severe_Damage,L3_S1,-1536,4116,27338,-2944,1268,-922,1,12472.77
7777,20:20:45:308,3,Severe_Damage,L3_S1,-6332,3416,23950,-7301,-1742,-766,1,9084.77
7778,20:20:45:318,3,Severe_Damage,L3_S1,-408,3042,22056,-10492,989,-2202,1,7190.77
7779,20:20:45:328,3,Severe_Damage,L3_S1,-3440,2566,17768,-13104,-735,-2000,1,2902.77
7780,20:20:45:338,3,Severe_Damage,L3_S1,-2478,1408,14254,-14362,-868,-2310,0,-611.23
7781,20:20:45:348,3,Severe_Damage,L3_S1,1126,1094,10814,-14062,342,-2593,0,-4051.23
7782,20:20:45:358,3,Severe_Damage,L3_S1,-3782,-230,6760,-13050,-1364,-1775,1,-8105.23
7783,20:20:45:368,3,Severe_Damage,L3_S1,3106,-528,5182,-10081,457,-2086,0,-9683.23
7784,20:20:45:378,3,Severe_Damage,L3_S1,-2658,-1368,2460,-6995,-968,-836,1,-12405.23
7785,20:20:45:388,3,Severe_Damage,L3_S1,1736,-1318,2834,-2709,603,-767,1,-12031.23
7786,20:20:45:398,3,Severe_Damage,L3_S1,-296,-1188,2876,1449,-501,265,1,-11989.23
7787,20:20:45:408,3,Severe_Damage,L3_S1,-994,-762,4692,5506,549,791,0,-10173.23
7788,20:20:45:418,3,Severe_Damage,L3_S1,1056,100,7692,9127,357,1202,0,-7173.23
7789,20:20:45:428,3,Severe_Damage,L3_S1,-3428,628,10394,11494,-76,1987,0,-4471.23
7790,20:20:45:438,3,Severe_Damage,L3_S1,534,1730,14886,13235,1286,1697,0,20.77
7791,20:20:45:448,3,Severe_Damage,L3_S1,-4030,2166,17680,13198,-446,2312,0,2814.77
7792,20:20:45:458,3,Severe_Damage,L3_S1,-1974,3046,21490,12350,1004,1683,0,6624.77
7793,20:20:45:468,3,Severe_Damage,L3_S1,-3040,3314,24104,10094,461,1524,0,9238.77
7794,20:20:45:478,3,Severe_Damage,L3_S1,-4680,3600,25456,6952,-423,1209,0,10590.77
7795,20:20:45:488,3,Severe_Damage,L3_S1,-2118,3836,26992,3316,1222,143,0,12126.77
7796,20:20:45:498,3,Severe_Damage,L3_S1,-4714,3734,25868,-825,-744,37,0,11002.77
7797,20:20:45:508,3,Severe_Damage,L3_S1,-3234,3498,24916,-4713,232,-934,0,10050.77
7798,20:20:45:518,3,Severe_Damage,L3_S1,-2352,3186,22560,-8075,336,-1477,0,7694.77
7799,20:20:45:528,3,Severe_Damage,L3_S1,-3670,2406,19278,-11040,-1127,-1634,0,4412.77
7800,20:20:45:538,3,Severe_Damage,L3_S1,-732,2090,16330,-12440,482,-2313,1,1464.77
7801,20:20:45:548,3,Severe_Damage,L3_S1,-2602,1092,12392,-13192,-991,-2002,1,-2473.23
7802,20:20:45:558,3,Severe_Damage,L3_S1,-372,544,9458,-12379,-163,-2144,0,-5407.23
7803,20:20:45:568,3,Severe_Damage,L3_S1,-284,-332,6700,-10666,-459,-1772,0,-8165.23
7804,20:20:45:578,3,Severe_Damage,L3_S1,-1254,-828,4524,-7861,-300,-1255,1,-10341.23
7805,20:20:45:588,3,Severe_Damage,L3_S1,1606,-1066,3992,-4399,-96,-925,1,-10873.23
7806,20:20:45:598,3,Severe_Damage,L3_S1,-1852,-1200,3544,-671,-234,-13,1,-11321.23
7807,20:20:45:608,3,Severe_Damage,L3_S1,1402,-742,5160,3265,393,237,0,-9705.23
7808,20:20:45:618,3,Severe_Damage,L3_S1,-1748,-344,6614,6622,-149,1109,0,-8251.23
7809,20:20:45:628,3,Severe_Damage,L3_S1,-376,402,9806,9463,654,1296,0,-5059.23
7810,20:20:45:638,3,Severe_Damage,L3_S1,-1524,1140,12796,11320,174,1743,0,-2069.23
7811,20:20:45:648,3,Severe_Damage,L3_S1,-2492,1864,16004,12042,338,1869,0,1138.77
7812,20:20:45:658,3,Severe_Damage,L3_S1,-1626,2450,19472,11760,740,1656,0,4606.77
7813,20:20:45:668,3,Severe_Damage,L3_S1,-3836,2826,21810,10156,-108,1686,0,6944.77
7814,20:20:45:678,3,Severe_Damage,L3_S1,-2586,3320,24182,7851,757,1022,0,9316.77
7815,20:20:45:688,3,Severe_Damage,L3_S1,-3638,3434,25194,4633,91,710,0,10328.77
7816,20:20:45:698,3,Severe_Damage,L3_S1,-3786,3498,25336,1079,-34,123,0,10470.77
7817,20:20:45:708,3,Severe_Damage,L3_S1,-2668,3402,24750,-2503,552,-624,0,9884.77
7818,20:20:45:718,3,Severe_Damage,L3_S1,-3736,3016,22674,-5956,-527,-904,0,7808.77
7819,20:20:45:728,3,Severe_Damage,L3_S1,-2240,2684,20520,-8710,137,-1573,0,5654.77
7820,20:20:45:738,3,Severe_Damage,L3_S1,-2296,2032,17480,-10775,-333,-1790,0,2614.77
7821,20:20:45:748,3,Severe_Damage,L3_S1,-2136,1488,14252,-11747,-489,-1918,1,-613.23
7822,20:20:45:758,3,Severe_Damage,L3_S1,-610,828,11460,-11673,-141,-2033,0,-3405.23
7823,20:20:45:768,3,Severe_Damage,L3_S1,-1718,52,8530,-10585,-645,-1663,0,-6335.23
7824,20:20:45:778,3,Severe_Damage,L3_S1,342,-344,6606,-8402,-82,-1524,0,-8259.23
7825,20:20:45:788,3,Severe_Damage,L3_S1,-910,-866,5054,-5656,-428,-896,1,-9811.23
7826,20:20:45:798,3,Severe_Damage,L3_S1,38,-850,4774,-2276,30,-498,0,-10091.23
7827,20:20:45:808,3,Severe_Damage,L3_S1,-130,-822,5288,1168,-93,102,0,-9577.23
7828,20:20:45:818,3,Severe_Damage,L3_S1,-898,-456,6592,4495,163,644,0,-8273.23
7829,20:20:45:828,3,Severe_Damage,L3_S1,-192,76,8960,7375,307,1011,1,-5905.23
7830,20:20:45:838,3,Severe_Damage,L3_S1,-1976,714,11360,9462,117,1494,0,-3505.23
7831,20:20:45:848,3,Severe_Damage,L3_S1,-1112,1398,14658,10696,617,1510,0,-207.23
7832,20:20:45:858,3,Severe_Damage,L3_S1,-2614,2038,17346,10837,135,1704,0,2480.77
7833,20:20:45:868,3,Severe_Damage,L3_S1,-2502,2448,20270,9999,458,1462,0,5404.77
7834,20:20:45:878,3,Severe_Damage,L3_S1,-2814,2898,22418,8223,444,1193,0,7552.77
7835,20:20:45:888,3,Severe_Damage,L3_S1,-3596,3158,23684,5621,15,870,0,8818.77
7836,20:20:45:898,3,Severe_Damage,L3_S1,-2840,3312,24532,2613,510,240,0,9666.77
7837,20:20:45:908,3,Severe_Damage,L3_S1,-3558,3144,24134,-742,-87,-154,0,9268.77
7838,20:20:45:918,3,Severe_Damage,L3_S1,-3002,3050,23064,-3901,39,-724,0,8198.77
7839,20:20:45:928,3,Severe_Damage,L3_S1,-2696,2764,21062,-6708,103,-1197,0,6196.77
7840,20:20:45:938,3,Severe_Damage,L3_S1,-2758,2210,18502,-8984,-454,-1463,0,3636.77
7841,20:20:45:948,3,Severe_Damage,L3_S1,-1518,1782,15910,-10279,-50,-1796,1,1044.77
7842,20:20:45:958,3,Severe_Damage,L3_S1,-1880,982,12902,-10740,-473,-1743,0,-1963.23
7843,20:20:45:968,3,Severe_Damage,L3_S1,-986,536,10432,-10146,-295,-1720,0,-4433.23
7844,20:20:45:978,3,Severe_Damage,L3_S1,-690,-98,8162,-8694,-341,-1466,0,-6703.23
7845,20:20:45:988,3,Severe_Damage,L3_S1,-766,-492,6510,-6399,-273,-1076,0,-8355.23
7846,20:20:45:998,3,Severe_Damage,L3_S1,-10,-684,5942,-3592,-109,-694,0,-8923.23
7847,20:20:46:008,3,Severe_Damage,L3_S1,-864,-706,5736,-499,-129,-115,0,-9129.23
7848,20:20:46:018,3,Severe_Damage,L3_S1,-98,-442,6806,2633,173,271,0,-8059.23
7849,20:20:46:028,3,Severe_Damage,L3_S1,-1100,-120,8312,5424,65,810,0,-6553.23
7850,20:20:46:038,3,Severe_Damage,L3_S1,-922,422,10626,7729,343,1104,0,-4239.23
7851,20:20:46:048,3,Severe_Damage,L3_S1,-1526,1060,13246,9191,257,1383,0,-1619.23
7852,20:20:46:058,3,Severe_Damage,L3_S1,-2172,1576,15896,9805,317,1484,0,1030.77
7853,20:20:46:068,3,Severe_Damage,L3_S1,-2068,2162,18640,9511,453,1381,0,3774.77
7854,20:20:46:078,3,Severe_Damage,L3_S1,-2986,2494,20686,8242,173,1278,0,5820.77
7855,20:20:46:088,3,Severe_Damage,L3_S1,-2798,2856,22482,6296,434,872,0,7616.77
7856,20:20:46:098,3,Severe_Damage,L3_S1,-3186,2988,23378,3676,165,509,0,8512.77
7857,20:20:46:108,3,Severe_Damage,L3_S1,-3258,3004,23426,791,94,52,0,8560.77
7858,20:20:46:118,3,Severe_Damage,L3_S1,-2816,2888,22846,-2171,197,-479,0,7980.77
7859,20:20:46:128,3,Severe_Damage,L3_S1,-3248,2670,21358,-4938,-141,-837,0,6492.77
7860,20:20:46:138,3,Severe_Damage,L3_S1,-2290,2276,19300,-7160,-43,-1270,0,4434.77
7861,20:20:46:148,3,Severe_Damage,L3_S1,-2096,1708,17076,-8894,-238,-1506,0,2210.77
7862,20:20:46:158,3,Severe_Damage,L3_S1,-1984,1562,14178,-9580,-330,-1589,0,-687.23
7863,20:20:46:168,3,Severe_Damage,L3_S1,-1016,642,12004,-9575,-251,-1649,0,-2861.23
7864,20:20:46:178,3,Severe_Damage,L3_S1,-1362,270,9578,-8546,-301,-1423,0,-5287.23
7865,20:20:46:188,3,Severe_Damage,L3_S1,-382,-220,8096,-6902,-314,-1208,0,-6769.23
7866,20:20:46:198,3,Severe_Damage,L3_S1,-772,-404,6900,-4479,-126,-791,0,-7965.23
7867,20:20:46:208,3,Severe_Damage,L3_S1,-392,-690,6644,-1845,-117,-393,0,-8221.23
7868,20:20:46:218,3,Severe_Damage,L3_S1,-576,-446,7066,1050,28,80,1,-7799.23
7869,20:20:46:228,3,Severe_Damage,L3_S1,-934,-192,8196,3683,94,499,0,-6669.23
7870,20:20:46:238,3,Severe_Damage,L3_S1,-846,242,10060,6045,223,850,0,-4805.23
7871,20:20:46:248,3,Severe_Damage,L3_S1,-1632,746,12118,7742,251,1159,0,-2747.23
7872,20:20:46:258,3,Severe_Damage,L3_S1,-1534,1274,14742,8654,293,1272,0,-123.23
7873,20:20:46:268,3,Severe_Damage,L3_S1,-2312,1840,17082,8802,326,1317,0,2216.77
7874,20:20:46:278,3,Severe_Damage,L3_S1,-2390,2116,19384,8059,294,1184,0,4518.77
7875,20:20:46:288,3,Severe_Damage,L3_S1,-2750,2586,20920,6603,311,955,0,6054.77
7876,20:20:46:298,3,Severe_Damage,L3_S1,-3104,2790,22168,4450,168,638,0,7302.77
7877,20:20:46:308,3,Severe_Damage,L3_S1,-2874,2764,22614,1982,231,200,0,7748.77
7878,20:20:46:318,3,Severe_Damage,L3_S1,-3008,2786,22378,-733,46,-199,0,7512.77
7879,20:20:46:328,3,Severe_Damage,L3_S1,-2904,2642,21464,-3331,6,-618,0,6598.77
7880,20:20:46:338,3,Severe_Damage,L3_S1,-2498,2346,19802,-5588,-44,-992,1,4936.77
7881,20:20:46:348,3,Severe_Damage,L3_S1,-2386,1918,17702,-7380,-214,-1248,0,2836.77
7882,20:20:46:358,3,Severe_Damage,L3_S1,-1816,1448,15664,-8493,-210,-1458,0,798.77
7883,20:20:46:369,3,Severe_Damage,L3_S1,-1622,1102,13210,-8729,-302,-1461,0,-1655.23
7884,20:20:46:378,3,Severe_Damage,L3_S1,-1166,464,11112,-8266,-241,-1408,0,-3753.23
7885,20:20:46:388,3,Severe_Damage,L3_S1,-876,80,9312,-7021,-256,-1204,0,-5553.23
7886,20:20:46:398,3,Severe_Damage,L3_S1,-814,-178,7992,-5151,-209,-895,0,-6873.23
7887,20:20:46:408,3,Severe_Damage,L3_S1,-498,-468,7532,-2836,-60,-554,0,-7333.23
7888,20:20:46:418,3,Severe_Damage,L3_S1,-734,-402,7508,-286,-36,-122,0,-7357.23
7889,20:20:46:428,3,Severe_Damage,L3_S1,-680,-206,8334,2221,87,243,0,-6531.23
7890,20:20:46:438,3,Severe_Damage,L3_S1,-1018,108,9706,4500,139,620,0,-5159.23
7891,20:20:46:448,3,Severe_Damage,L3_S1,-1232,544,11472,6350,258,910,0,-3393.23
7892,20:20:46:458,3,Severe_Damage,L3_S1,-1572,998,13728,7493,275,1099,0,-1137.23
7893,20:20:46:468,3,Severe_Damage,L3_S1,-2028,1568,15802,7968,267,1183,0,936.77
7894,20:20:46:478,3,Severe_Damage,L3_S1,-2170,1890,18000,7644,333,1112,0,3134.77
7895,20:20:46:488,3,Severe_Damage,L3_S1,-2660,2266,19746,6644,227,974,0,4880.77
7896,20:20:46:498,3,Severe_Damage,L3_S1,-2758,2530,21138,4935,223,689,0,6272.77
7897,20:20:46:508,3,Severe_Damage,L3_S1,-2918,2670,21872,2858,183,360,0,7006.77
7898,20:20:46:518,3,Severe_Damage,L3_S1,-2942,2684,21900,434,67,-17,0,7034.77
7899,20:20:46:528,3,Severe_Damage,L3_S1,-2834,2530,21348,-1964,37,-407,0,6482.77
7900,20:20:46:538,3,Severe_Damage,L3_S1,-2642,2346,20082,-4190,-75,-757,0,5216.77
7901,20:20:46:549,3,Severe_Damage,L3_S1,-2340,2046,18368,-6001,-108,-1049,0,3502.77
7902,20:20:46:559,3,Severe_Damage,L3_S1,-2074,1622,16466,-7335,-198,-1254,0,1600.77
7903,20:20:46:569,3,Severe_Damage,L3_S1,-1690,1274,14352,-7900,-252,-1342,0,-513.23
7904,20:20:46:578,3,Severe_Damage,L3_S1,-1428,788,12282,-7768,-211,-1330,0,-2583.23
7905,20:20:46:589,3,Severe_Damage,L3_S1,-1074,334,10498,-6948,-247,-1187,0,-4367.23
7906,20:20:46:598,3,Severe_Damage,L3_S1,-884,-22,9176,-5511,-179,-964,0,-5689.23
7907,20:20:46:608,3,Severe_Damage,L3_S1,-814,-168,8336,-3549,-82,-645,0,-6529.23
7908,20:20:46:618,3,Severe_Damage,L3_S1,-746,-276,8150,-1341,-26,-302,1,-6715.23
7909,20:20:46:628,3,Severe_Damage,L3_S1,-842,-100,8522,998,51,74,0,-6343.23
7910,20:20:46:638,3,Severe_Damage,L3_S1,-964,68,9584,3142,130,414,0,-5281.23
7911,20:20:46:648,3,Severe_Damage,L3_S1,-1166,408,11128,5025,200,706,0,-3737.23
7912,20:20:46:658,3,Severe_Damage,L3_S1,-1526,864,12806,6393,259,930,0,-2059.23
7913,20:20:46:668,3,Severe_Damage,L3_S1,-1694,1242,14914,7073,255,1031,0,48.77
7914,20:20:46:678,3,Severe_Damage,L3_S1,-2174,1652,16830,7120,288,1052,0,1964.77
7915,20:20:46:688,3,Severe_Damage,L3_S1,-2414,2012,18618,6466,257,939,0,3752.77
7916,20:20:46:698,3,Severe_Damage,L3_S1,-2644,2312,19976,5216,196,744,0,5110.77
7917,20:20:46:708,3,Severe_Damage,L3_S1,-2798,2452,20930,3440,149,461,0,6064.77
7918,20:20:46:718,3,Severe_Damage,L3_S1,-2822,2562,21196,1382,105,127,0,6330.77
7919,20:20:46:728,3,Severe_Damage,L3_S1,-2710,2516,20994,-843,3,-220,0,6128.77
7920,20:20:46:738,3,Severe_Damage,L3_S1,-2674,2310,20102,-2946,-40,-558,0,5236.77
7921,20:20:46:748,3,Severe_Damage,L3_S1,-2410,2052,18776,-4773,-95,-856,0,3910.77
7922,20:20:46:759,3,Severe_Damage,L3_S1,-2206,1782,17064,-6193,-159,-1079,0,2198.77
7923,20:20:46:769,3,Severe_Damage,L3_S1,-1822,1374,15354,-7053,-193,-1220,0,488.77
7924,20:20:46:779,3,Severe_Damage,L3_S1,-1584,1054,13314,-7166,-211,-1227,0,-1551.23
7925,20:20:46:788,3,Severe_Damage,L3_S1,-1312,542,11668,-6725,-182,-1164,0,-3197.23
7926,20:20:46:798,3,Severe_Damage,L3_S1,-1008,220,10152,-5644,-188,-983,0,-4713.23
7927,20:20:46:808,3,Severe_Damage,L3_S1,-914,-14,9264,-4072,-95,-731,0,-5601.23
7928,20:20:46:818,3,Severe_Damage,L3_S1,-722,-124,8686,-2117,-19,-428,0,-6179.23
7929,20:20:46:828,3,Severe_Damage,L3_S1,-930,-88,8866,-60,24,-100,0,-5999.23
7930,20:20:46:838,3,Severe_Damage,L3_S1,-990,22,9572,2011,114,221,0,-5293.23
7931,20:20:46:848,3,Severe_Damage,L3_S1,-1174,316,10750,3826,151,512,0,-4115.23
7932,20:20:46:858,3,Severe_Damage,L3_S1,-1370,688,12352,5292,212,742,0,-2513.23
7933,20:20:46:868,3,Severe_Damage,L3_S1,-1726,1080,14038,6196,268,895,0,-827.23
7934,20:20:46:878,3,Severe_Damage,L3_S1,-1956,1442,15886,6475,204,941,0,1020.77
7935,20:20:46:888,3,Severe_Damage,L3_S1,-2282,1800,17646,6171,283,886,0,2780.77
7936,20:20:46:899,3,Severe_Damage,L3_S1,-2476,2050,19068,5269,179,752,0,4202.77
7937,20:20:46:908,3,Severe_Damage,L3_S1,-2634,2262,20104,3845,159,528,0,5238.77
7938,20:20:46:919,3,Severe_Damage,L3_S1,-2700,2372,20492,2067,105,236,0,5626.77
7939,20:20:46:928,3,Severe_Damage,L3_S1,-2700,2398,20622,77,31,-84,0,5756.77
7940,20:20:46:938,3,Severe_Damage,L3_S1,-2580,2290,20022,-1869,3,-398,0,5156.77
7941,20:20:46:948,3,Severe_Damage,L3_S1,-2400,2072,18986,-3676,-86,-668,0,4120.77
7942,20:20:46:958,3,Severe_Damage,L3_S1,-2254,1788,17570,-5117,-82,-903,0,2704.77
7943,20:20:46:969,3,Severe_Damage,L3_S1,-1996,1506,15898,-6138,-155,-1068,0,1032.77
7944,20:20:46:979,3,Severe_Damage,L3_S1,-1698,1116,14136,-6558,-194,-1125,0,-729.23
7945,20:20:46:989,3,Severe_Damage,L3_S1,-1438,760,12540,-6336,-135,-1097,0,-2325.23
7946,20:20:46:998,3,Severe_Damage,L3_S1,-1160,410,11092,-5612,-195,-981,0,-3773.23
7947,20:20:47:008,3,Severe_Damage,L3_S1,-1016,202,10046,-4356,-111,-779,0,-4819.23
7948,20:20:47:018,3,Severe_Damage,L3_S1,-990,-40,9428,-2722,-39,-527,0,-5437.23
7949,20:20:47:028,3,Severe_Damage,L3_S1,-916,-26,9338,-854,-11,-222,0,-5527.23
7950,20:20:47:038,3,Severe_Damage,L3_S1,-1036,36,9702,1025,81,65,0,-5163.23
7951,20:20:47:048,3,Severe_Damage,L3_S1,-1190,276,10652,2791,123,353,0,-4213.23
7952,20:20:47:058,3,Severe_Damage,L3_S1,-1322,578,12056,4257,171,586,0,-2809.23
7953,20:20:47:068,3,Severe_Damage,L3_S1,-1644,976,13420,5339,216,763,0,-1445.23
7954,20:20:47:079,3,Severe_Damage,L3_S1,-1798,1246,15168,5791,223,832,0,302.77
7955,20:20:47:088,3,Severe_Damage,L3_S1,-2098,1650,16738,5772,189,833,0,1872.77
7956,20:20:47:098,3,Severe_Damage,L3_S1,-2378,1816,18180,5122,223,723,0,3314.77
7957,20:20:47:108,3,Severe_Damage,L3_S1,-2498,2140,19190,4082,153,563,0,4324.77
7958,20:20:47:118,3,Severe_Damage,L3_S1,-2638,2226,19940,2531,104,317,0,5074.77
7959,20:20:47:128,3,Severe_Damage,L3_S1,-2590,2252,20140,835,71,43,0,5274.77
7960,20:20:47:138,3,Severe_Damage,L3_S1,-2578,2190,19880,-1003,5,-249,0,5014.77
7961,20:20:47:149,3,Severe_Damage,L3_S1,-2458,2052,19098,-2694,-23,-519,0,4232.77
7962,20:20:47:159,3,Severe_Damage,L3_S1,-2290,1898,17850,-4158,-83,-755,0,2984.77
7963,20:20:47:169,3,Severe_Damage,L3_S1,-2064,1538,16448,-5238,-100,-929,0,1582.77
7964,20:20:47:179,3,Severe_Damage,L3_S1,-1790,1208,14972,-5883,-168,-1025,0,106.77
7965,20:20:47:189,3,Severe_Damage,L3_S1,-1602,942,13370,-5880,-125,-1023,0,-1495.23
7966,20:20:47:198,3,Severe_Damage,L3_S1,-1376,550,12024,-5442,-138,-952,0,-2841.23
7967,20:20:47:209,3,Severe_Damage,L3_S1,-1142,352,10844,-4459,-136,-794,0,-4021.23
7968,20:20:47:218,3,Severe_Damage,L3_S1,-1040,98,10230,-3147,-66,-587,0,-4635.23
7969,20:20:47:228,3,Severe_Damage,L3_S1,-1022,100,9772,-1483,-8,-330,0,-5093.23
7970,20:20:47:238,3,Severe_Damage,L3_S1,-1040,104,10010,208,27,-56,0,-4855.23
7971,20:20:47:248,3,Severe_Damage,L3_S1,-1176,272,10666,1879,113,205,0,-4199.23
7972,20:20:47:258,3,Severe_Damage,L3_S1,-1348,522,11742,3320,142,436,0,-3123.23
7973,20:20:47:268,3,Severe_Damage,L3_S1,-1438,786,13010,4462,166,614,0,-1855.23
7974,20:20:47:278,3,Severe_Damage,L3_S1,-1804,1170,14452,5131,225,718,0,-413.23
7975,20:20:47:288,3,Severe_Damage,L3_S1,-1918,1356,16002,5252,145,748,0,1136.77
7976,20:20:47:298,3,Severe_Damage,L3_S1,-2218,1710,17314,4927,226,699,0,2448.77
7977,20:20:47:308,3,Severe_Damage,L3_S1,-2380,1924,18432,4086,141,559,0,3566.77
7978,20:20:47:318,3,Severe_Damage,L3_S1,-2448,2040,19252,2868,133,368,0,4386.77
7979,20:20:47:328,3,Severe_Damage,L3_S1,-2602,2134,19588,1377,90,133,0,4722.77
7980,20:20:47:338,3,Severe_Damage,L3_S1,-2506,2122,19470,-256,17,-127,0,4604.77
7981,20:20:47:348,3,Severe_Damage,L3_S1,-2516,2012,18968,-1855,4,-380,0,4102.77
7982,20:20:47:359,3,Severe_Damage,L3_S1,-2238,1838,18056,-3277,-70,-612,0,3190.77
7983,20:20:47:369,3,Severe_Damage,L3_S1,-2096,1638,16808,-4409,-70,-791,0,1942.77
7984,20:20:47:379,3,Severe_Damage,L3_S1,-1908,1362,15492,-5147,-120,-907,0,626.77
7985,20:20:47:389,3,Severe_Damage,L3_S1,-1664,978,14102,-5425,-152,-951,0,-763.23
7986,20:20:47:399,3,Severe_Damage,L3_S1,-1506,712,12768,-5128,-67,-907,0,-2097.23
7987,20:20:47:409,3,Severe_Damage,L3_S1,-1274,498,11608,-4470,-168,-792,0,-3257.23
7988,20:20:47:419,3,Severe_Damage,L3_S1,-1188,302,10800,-3371,-60,-621,0,-4065.23
7989,20:20:47:429,3,Severe_Damage,L3_S1,-1112,160,10418,-1983,-27,-397,0,-4447.23
7990,20:20:47:438,3,Severe_Damage,L3_S1,-1092,224,10358,-439,12,-159,0,-4507.23
7991,20:20:47:448,3,Severe_Damage,L3_S1,-1166,222,10792,1092,81,84,0,-4073.23
7992,20:20:47:458,3,Severe_Damage,L3_S1,-1242,462,11586,2502,100,304,0,-3279.23
7993,20:20:47:468,3,Severe_Damage,L3_S1,-1432,712,12700,3646,142,488,0,-2165.23
7994,20:20:47:478,3,Severe_Damage,L3_S1,-1710,1022,13948,4435,186,619,0,-917.23
7995,20:20:47:488,3,Severe_Damage,L3_S1,-1810,1284,15430,4731,167,658,0,564.77
7996,20:20:47:498,3,Severe_Damage,L3_S1,-2084,1556,16590,4614,185,646,0,1724.77
7997,20:20:47:508,3,Severe_Damage,L3_S1,-2258,1772,17780,4028,153,556,0,2914.77
7998,20:20:47:518,3,Severe_Damage,L3_S1,-2344,1870,18540,3050,124,394,0,3674.77
7999,20:20:47:528,3,Severe_Damage,L3_S1,-2496,2036,19070,1781,97,194,0,4204.77
8000,20:20:47:538,3,Severe_Damage,L3_S1,-2482,2024,19196,333,44,-39,0,4330.77
8001,20:20:47:549,3,Severe_Damage,L3_S1,-2396,2018,18800,-1137,3,-266,0,3934.77
8002,20:20:47:559,3,Severe_Damage,L3_S1,-2320,1826,18064,-2514,-28,-486,0,3198.77
8003,20:20:47:569,3,Severe_Damage,L3_S1,-2098,1694,17066,-3632,-75,-668,0,2200.77
8004,20:20:47:579,3,Severe_Damage,L3_S1,-1996,1420,15926,-4456,-71,-796,0,1060.77
8005,20:20:47:589,3,Severe_Damage,L3_S1,-1716,1100,14678,-4876,-149,-870,0,-187.23
8006,20:20:47:599,3,Severe_Damage,L3_S1,-1596,902,13370,-4794,-80,-848,0,-1495.23
8007,20:20:47:609,3,Severe_Damage,L3_S1,-1374,578,12238,-4336,-100,-778,0,-2627.23
8008,20:20:47:619,3,Severe_Damage,L3_S1,-1304,494,11436,-3459,-99,-634,0,-3429.23
8009,20:20:47:629,3,Severe_Damage,L3_S1,-1166,276,10948,-2335,-29,-461,0,-3917.23
8010,20:20:47:638,3,Severe_Damage,L3_S1,-1158,288,10726,-947,10,-232,0,-4139.23
8011,20:20:47:648,3,Severe_Damage,L3_S1,-1152,292,10990,438,46,-14,0,-3875.23
8012,20:20:47:658,3,Severe_Damage,L3_S1,-1306,434,11600,1780,98,195,0,-3265.23
8013,20:20:47:668,3,Severe_Damage,L3_S1,-1496,684,12522,2902,116,375,0,-2343.23
8014,20:20:47:679,3,Severe_Damage,L3_S1,-1586,868,13608,3766,161,510,0,-1257.23
8015,20:20:47:689,3,Severe_Damage,L3_S1,-1830,1136,14868,4203,165,576,0,2.77
8016,20:20:47:699,3,Severe_Damage,L3_S1,-1962,1418,16068,4235,147,578,0,1202.77
8017,20:20:47:709,3,Severe_Damage,L3_S1,-2184,1648,17150,3850,169,524,0,2284.77
8018,20:20:47:718,3,Severe_Damage,L3_S1,-2428,1880,18532,2030,100,231,0,3666.77
8019,20:20:47:728,3,Severe_Damage,L3_S1,-2454,1972,18812,786,66,37,0,3946.77
8020,20:20:47:739,3,Severe_Damage,L3_S1,-2334,1912,18606,-568,16,-177,0,3740.77
8021,20:20:47:749,3,Severe_Damage,L3_S1,-2286,1842,18086,-1839,-16,-385,0,3220.77
8022,20:20:47:759,3,Severe_Damage,L3_S1,-2184,1674,17214,-2959,-54,-565,0,2348.77
8023,20:20:47:769,3,Severe_Damage,L3_S1,-2032,1494,16222,-3808,-56,-698,0,1356.77
8024,20:20:47:779,3,Severe_Damage,L3_S1,-1832,1284,14976,-4311,-103,-773,0,110.77
8025,20:20:47:789,3,Severe_Damage,L3_S1,-1614,930,13948,-4461,-95,-794,0,-917.23
8026,20:20:47:799,3,Severe_Damage,L3_S1,-1546,772,12770,-4102,-72,-734,0,-2095.23
8027,20:20:47:809,3,Severe_Damage,L3_S1,-1282,532,12006,-3481,-72,-650,0,-2859.23
8028,20:20:47:819,3,Severe_Damage,L3_S1,-1276,402,11386,-2499,-49,-490,0,-3479.23
8029,20:20:47:829,3,Severe_Damage,L3_S1,-1184,332,11246,-1351,-6,-310,0,-3619.23
8030,20:20:47:838,3,Severe_Damage,L3_S1,-1270,358,11188,-65,40,-96,0,-3677.23
8031,20:20:47:848,3,Severe_Damage,L3_S1,-1220,438,11686,1168,65,93,0,-3179.23
8032,20:20:47:858,3,Severe_Damage,L3_S1,-1384,640,12388,2264,107,272,0,-2477.23
8033,20:20:47:868,3,Severe_Damage,L3_S1,-1528,832,13400,3128,116,403,0,-1465.23
8034,20:20:47:879,3,Severe_Damage,L3_S1,-1738,1128,14432,3686,168,496,0,-433.23
8035,20:20:47:889,3,Severe_Damage,L3_S1,-1872,1306,15620,3836,137,514,0,754.77
8036,20:20:47:899,3,Severe_Damage,L3_S1,-2066,1532,16604,3640,154,490,0,1738.77
8037,20:20:47:909,3,Severe_Damage,L3_S1,-2202,1658,17480,3046,119,394,0,2614.77
8038,20:20:47:919,3,Severe_Damage,L3_S1,-2306,1782,18010,2207,88,265,0,3144.77
8039,20:20:47:929,3,Severe_Damage,L3_S1,-2344,1826,18406,1097,73,84,0,3540.77
8040,20:20:47:939,3,Severe_Damage,L3_S1,-2334,1850,18258,-78,33,-101,0,3392.77
8041,20:20:47:949,3,Severe_Damage,L3_S1,-2272,1782,18004,-1293,1,-294,0,3138.77
8042,20:20:47:959,3,Severe_Damage,L3_S1,-2128,1650,17304,-2353,-24,-457,0,2438.77
8043,20:20:47:969,3,Severe_Damage,L3_S1,-2094,1486,16432,-3225,-51,-599,0,1566.77
8044,20:20:47:979,3,Severe_Damage,L3_S1,-1866,1326,15460,-3789,-70,-694,0,594.77
8045,20:20:47:989,3,Severe_Damage,L3_S1,-1784,1066,14324,-4034,-78,-731,0,-541.23
8046,20:20:47:999,3,Severe_Damage,L3_S1,-1510,816,13416,-3902,-108,-709,0,-1449.23
8047,20:20:48:009,3,Severe_Damage,L3_S1,-1438,688,12584,-3377,-32,-624,0,-2281.23
8048,20:20:48:019,3,Severe_Damage,L3_S1,-1318,540,11930,-2623,-63,-507,0,-2935.23
8049,20:20:48:029,3,Severe_Damage,L3_S1,-1240,412,11590,-1626,-20,-352,0,-3275.23
8050,20:20:48:041,3,Severe_Damage,L3_S1,-1280,464,11492,-478,28,-173,0,-3373.23
8051,20:20:48:048,3,Severe_Damage,L3_S1,-1254,472,11734,653,44,5,0,-3131.23
8052,20:20:48:059,3,Severe_Damage,L3_S1,-1424,622,12430,1706,101,175,0,-2435.23
8053,20:20:48:069,3,Severe_Damage,L3_S1,-1518,764,13198,2563,106,314,0,-1667.23
8054,20:20:48:079,3,Severe_Damage,L3_S1,-1648,1004,14154,3158,117,411,0,-711.23
8055,20:20:48:089,3,Severe_Damage,L3_S1,-1846,1206,15092,3443,152,467,0,226.77
8056,20:20:48:099,3,Severe_Damage,L3_S1,-1964,1346,16136,3349,122,438,0,1270.77
8057,20:20:48:109,3,Severe_Damage,L3_S1,-2132,1622,17006,2960,121,383,0,2140.77
8058,20:20:48:119,3,Severe_Damage,L3_S1,-2192,1662,17636,2241,97,265,0,2770.77
8059,20:20:48:129,3,Severe_Damage,L3_S1,-2276,1822,17928,1345,82,124,0,3062.77
8060,20:20:48:139,3,Severe_Damage,L3_S1,-2300,1758,18128,254,40,-43,0,3262.77
8061,20:20:48:149,3,Severe_Damage,L3_S1,-2252,1772,17864,-808,26,-219,0,2998.77
8062,20:20:48:159,3,Severe_Damage,L3_S1,-2162,1660,17316,-1842,-37,-387,0,2450.77
8063,20:20:48:169,3,Severe_Damage,L3_S1,-2078,1536,16548,-2679,-37,-520,0,1682.77
8064,20:20:48:179,3,Severe_Damage,L3_S1,-1972,1330,15646,-3299,-60,-614,0,780.77
8065,20:20:48:189,3,Severe_Damage,L3_S1,-1728,1136,14712,-3601,-62,-660,0,-153.23
8066,20:20:48:199,3,Severe_Damage,L3_S1,-1640,962,13840,-3609,-67,-661,0,-1025.23
8067,20:20:48:209,3,Severe_Damage,L3_S1,-1456,730,13070,-3263,-84,-602,0,-1795.23
8068,20:20:48:219,3,Severe_Damage,L3_S1,-1444,584,12400,-2629,6,-506,0,-2465.23
8069,20:20:48:229,3,Severe_Damage,L3_S1,-1330,534,11972,-1788,-69,-369,0,-2893.23
8070,20:20:48:239,3,Severe_Damage,L3_S1,-1318,430,11896,-824,25,-220,0,-2969.23
8071,20:20:48:248,3,Severe_Damage,L3_S1,-1380,532,12018,258,59,-47,0,-2847.23
8072,20:20:48:259,3,Severe_Damage,L3_S1,-1374,616,12492,1198,44,106,0,-2373.23
8073,20:20:48:269,3,Severe_Damage,L3_S1,-1580,768,13070,2070,137,237,0,-1795.23
8074,20:20:48:279,3,Severe_Damage,L3_S1,-1634,916,13954,2662,74,339,0,-911.23
8075,20:20:48:289,3,Severe_Damage,L3_S1,-1818,1160,14870,3031,131,397,0,4.77
8076,20:20:48:299,3,Severe_Damage,L3_S1,-1960,1248,15756,3049,132,400,0,890.77
8077,20:20:48:309,3,Severe_Damage,L3_S1,-2090,1440,16464,2823,121,361,0,1598.77
8078,20:20:48:319,3,Severe_Damage,L3_S1,-2172,1616,17148,2222,90,264,0,2282.77
8079,20:20:48:329,3,Severe_Damage,L3_S1,-2212,1652,17518,1470,78,146,0,2652.77
8080,20:20:48:339,3,Severe_Damage,L3_S1,-2290,1778,17704,554,49,12,0,2838.77
8081,20:20:48:349,3,Severe_Damage,L3_S1,-2262,1716,17604,-438,28,-151,0,2738.77
8082,20:20:48:359,3,Severe_Damage,L3_S1,-2172,1626,17188,-1379,10,-299,0,2322.77
8083,20:20:48:369,3,Severe_Damage,L3_S1,-2052,1506,16640,-2214,-29,-438,0,1774.77
8084,20:20:48:379,3,Severe_Damage,L3_S1,-2014,1354,15914,-2828,-36,-537,0,1048.77
8085,20:20:48:389,3,Severe_Damage,L3_S1,-1818,1174,15022,-3209,-62,-603,0,156.77
8086,20:20:48:399,3,Severe_Damage,L3_S1,-1746,996,14198,-3282,-36,-613,0,-667.23
8087,20:20:48:409,3,Severe_Damage,L3_S1,-1508,816,13538,-3118,-98,-591,0,-1327.23
8088,20:20:48:419,3,Severe_Damage,L3_S1,-1488,738,12766,-2563,-8,-498,0,-2099.23
8089,20:20:48:429,3,Severe_Damage,L3_S1,-1386,586,12414,-1902,-17,-394,0,-2451.23
8090,20:20:48:439,3,Severe_Damage,L3_S1,-1350,576,12118,-1027,-15,-251,0,-2747.23
8091,20:20:48:449,3,Severe_Damage,L3_S1,-1424,494,12210,-131,44,-109,0,-2655.23
8092,20:20:48:460,3,Severe_Damage,L3_S1,-1378,626,12482,829,53,42,0,-2383.23
8093,20:20:48:469,3,Severe_Damage,L3_S1,-1550,746,13142,1595,74,165,0,-1723.23
8094,20:20:48:479,3,Severe_Damage,L3_S1,-1608,850,13744,2253,117,261,0,-1121.23
8095,20:20:48:489,3,Severe_Damage,L3_S1,-1740,1050,14576,2620,83,327,0,-289.23
8096,20:20:48:499,3,Severe_Damage,L3_S1,-1912,1240,15324,2753,125,348,0,458.77
8097,20:20:48:509,3,Severe_Damage,L3_S1,-2038,1340,16148,2592,119,325,0,1282.77
8098,20:20:48:519,3,Severe_Damage,L3_S1,-2144,1554,16728,2185,88,267,0,1862.77
8099,20:20:48:529,3,Severe_Damage,L3_S1,-2136,1612,17154,1523,74,154,0,2288.77
8100,20:20:48:539,3,Severe_Damage,L3_S1,-2192,1668,17474,734,58,31,0,2608.77
8101,20:20:48:549,3,Severe_Damage,L3_S1,-2142,1652,17410,-127,27,-107,0,2544.77
8102,20:20:48:559,3,Severe_Damage,L3_S1,-2134,1564,17148,-1011,6,-255,0,2282.77
8103,20:20:48:569,3,Severe_Damage,L3_S1,-2088,1512,16714,-1783,-21,-375,0,1848.77
8104,20:20:48:579,3,Severe_Damage,L3_S1,-1932,1394,15996,-2422,-35,-479,0,1130.77
8105,20:20:48:589,3,Severe_Damage,L3_S1,-1900,1236,15260,-2809,-43,-539,0,394.77
8106,20:20:48:599,3,Severe_Damage,L3_S1,-1700,1044,14466,-2983,-55,-570,0,-399.23
8107,20:20:48:609,3,Severe_Damage,L3_S1,-1646,940,13790,-2857,-31,-538,0,-1075.23
8108,20:20:48:619,3,Severe_Damage,L3_S1,-1462,732,13186,-2546,-83,-497,0,-1679.23
8109,20:20:48:629,3,Severe_Damage,L3_S1,-1504,678,12682,-1898,17,-399,0,-2183.23
8110,20:20:48:639,3,Severe_Damage,L3_S1,-1434,558,12444,-1207,-12,-281,0,-2421.23
8111,20:20:48:649,3,Severe_Damage,L3_S1,-1476,612,12376,-356,32,-141,0,-2489.23
8112,20:20:48:659,3,Severe_Damage,L3_S1,-1420,636,12640,453,57,-12,0,-2225.23
8113,20:20:48:669,3,Severe_Damage,L3_S1,-1504,744,13054,1233,60,103,0,-1811.23
8114,20:20:48:679,3,Severe_Damage,L3_S1,-1646,882,13666,1833,103,207,0,-1199.23
8115,20:20:48:689,3,Severe_Damage,L3_S1,-1680,974,14378,2260,89,275,0,-487.23
8116,20:20:48:699,3,Severe_Damage,L3_S1,-1852,1154,15108,2447,107,301,0,242.77
8117,20:20:48:709,3,Severe_Damage,L3_S1,-1982,1302,15830,2369,103,280,0,964.77
8118,20:20:48:719,3,Severe_Damage,L3_S1,-2062,1450,16422,2059,89,243,0,1556.77
8119,20:20:48:729,3,Severe_Damage,L3_S1,-2120,1518,16966,1555,91,161,0,2100.77
8120,20:20:48:739,3,Severe_Damage,L3_S1,-2218,1624,17112,889,52,53,0,2246.77
8121,20:20:48:749,3,Severe_Damage,L3_S1,-2116,1574,17154,70,19,-76,0,2288.77
8122,20:20:48:759,3,Severe_Damage,L3_S1,-2178,1556,17082,-713,50,-203,0,2216.77
8123,20:20:48:769,3,Severe_Damage,L3_S1,-1982,1510,16564,-1414,-34,-319,0,1698.77
8124,20:20:48:779,3,Severe_Damage,L3_S1,-1984,1378,16052,-2060,-16,-418,0,1186.77
8125,20:20:48:789,3,Severe_Damage,L3_S1,-1892,1316,15352,-2433,-24,-484,0,486.77
8126,20:20:48:799,3,Severe_Damage,L3_S1,-1756,1050,14774,-2693,-43,-521,0,-91.23
8127,20:20:48:809,3,Severe_Damage,L3_S1,-1694,1000,14004,-2622,-25,-503,0,-861.23
8128,20:20:48:819,3,Severe_Damage,L3_S1,-1606,816,13478,-2384,-51,-467,0,-1387.23
8129,20:20:48:829,3,Severe_Damage,L3_S1,-1544,698,13068,-1931,-50,-399,0,-1797.23
8130,20:20:48:839,3,Severe_Damage,L3_S1,-1492,716,12664,-1255,40,-291,0,-2201.23
8131,20:20:48:849,3,Severe_Damage,L3_S1,-1402,604,12688,-580,-20,-184,0,-2177.23
8132,20:20:48:859,3,Severe_Damage,L3_S1,-1496,728,12732,202,59,-55,0,-2133.23
8133,20:20:48:869,3,Severe_Damage,L3_S1,-1508,766,13234,875,56,50,0,-1631.23
8134,20:20:48:879,3,Severe_Damage,L3_S1,-1634,876,13612,1506,74,154,0,-1253.23
8135,20:20:48:889,3,Severe_Damage,L3_S1,-1732,968,14278,1898,110,204,0,-587.23
8136,20:20:48:899,3,Severe_Damage,L3_S1,-1828,1202,14894,2146,86,250,0,28.77
8137,20:20:48:909,3,Severe_Damage,L3_S1,-1920,1248,15562,2127,107,251,0,696.77
8138,20:20:48:919,3,Severe_Damage,L3_S1,-1956,1330,16114,1917,95,219,0,1248.77
8139,20:20:48:929,3,Severe_Damage,L3_S1,-2048,1458,16604,1492,72,147,0,1738.77
8140,20:20:48:939,3,Severe_Damage,L3_S1,-2166,1562,16754,972,91,61,0,1888.77
8141,20:20:48:949,3,Severe_Damage,L3_S1,-2062,1508,16986,222,-4,-52,0,2120.77
8142,20:20:48:959,3,Severe_Damage,L3_S1,-2160,1578,16800,-430,54,-156,0,1934.77
8143,20:20:48:969,3,Severe_Damage,L3_S1,-2026,1398,16546,-1164,-12,-271,0,1680.77
8144,20:20:48:979,3,Severe_Damage,L3_S1,-2024,1432,16026,-1668,-9,-348,0,1160.77
8145,20:20:48:989,3,Severe_Damage,L3_S1,-1948,1242,15556,-2156,-34,-432,0,690.77
8146,20:20:48:999,3,Severe_Damage,L3_S1,-1764,1110,14950,-2347,-25,-465,0,84.77
8147,20:20:49:009,3,Severe_Damage,L3_S1,-1724,1004,14270,-2417,-16,-477,0,-595.23
8148,20:20:49:019,3,Severe_Damage,L3_S1,-1590,904,13672,-2211,-39,-445,0,-1193.23
8149,20:20:49:029,3,Severe_Damage,L3_S1,-1608,822,13290,-1862,6,-389,0,-1575.23
8150,20:20:49:039,3,Severe_Damage,L3_S1,-1332,644,13188,-1360,-41,-308,0,-1677.23
8151,20:20:49:049,3,Severe_Damage,L3_S1,-1700,836,12816,-658,44,-181,0,-2049.23
8152,20:20:49:059,3,Severe_Damage,L3_S1,-1226,580,13052,-70,6,-112,0,-1813.23
8153,20:20:49:069,3,Severe_Damage,L3_S1,-1702,906,13138,646,68,22,0,-1727.23
8154,20:20:49:079,3,Severe_Damage,L3_S1,-1606,824,13686,1140,53,87,0,-1179.23
8155,20:20:49:089,3,Severe_Damage,L3_S1,-1662,980,14144,1631,105,150,0,-721.23
8156,20:20:49:099,3,Severe_Damage,L3_S1,-1908,1052,14776,1831,53,215,0,-89.23
8157,20:20:49:109,3,Severe_Damage,L3_S1,-1790,1250,15362,1931,142,202,0,496.77
8158,20:20:49:119,3,Severe_Damage,L3_S1,-1970,1340,15858,1754,56,200,0,992.77
8159,20:20:49:129,3,Severe_Damage,L3_S1,-2034,1428,16396,1419,84,131,0,1530.77
8160,20:20:49:139,3,Severe_Damage,L3_S1,-1998,1470,16598,953,86,56,0,1732.77
8161,20:20:49:149,3,Severe_Damage,L3_S1,-2152,1460,16714,356,-11,-19,0,1848.77
8162,20:20:49:159,3,Severe_Damage,L3_S1,-2012,1506,16598,-233,81,-149,0,1732.77
8163,20:20:49:169,3,Severe_Damage,L3_S1,-2136,1396,16414,-914,-53,-224,0,1548.77
8164,20:20:49:179,3,Severe_Damage,L3_S1,-1998,1358,16064,-1408,37,-320,0,1198.77
8165,20:20:49:189,3,Severe_Damage,L3_S1,-1906,1272,15546,-1834,-29,-380,0,680.77
8166,20:20:49:199,3,Severe_Damage,L3_S1,-1916,1092,15096,-2105,-43,-418,0,230.77
8167,20:20:49:209,3,Severe_Damage,L3_S1,-1656,1080,14498,-2147,25,-441,0,-367.23
8168,20:20:49:219,3,Severe_Damage,L3_S1,-1650,874,14020,-2074,-81,-412,0,-845.23
8169,20:20:49:229,3,Severe_Damage,L3_S1,-1566,840,13562,-1749,34,-378,0,-1303.23
8170,20:20:49:239,3,Severe_Damage,L3_S1,-1592,808,13244,-1331,-32,-293,0,-1621.23
8171,20:20:49:249,3,Severe_Damage,L3_S1,-1546,682,13190,-813,-2,-222,0,-1675.23
8172,20:20:49:259,3,Severe_Damage,L3_S1,-1462,778,13184,-162,69,-118,0,-1681.23
8173,20:20:49:269,3,Severe_Damage,L3_S1,-1548,756,13420,365,7,-23,0,-1445.23
8174,20:20:49:279,3,Severe_Damage,L3_S1,-1524,918,13712,938,101,55,0,-1153.23
8175,20:20:49:289,3,Severe_Damage,L3_S1,-1694,924,14118,1313,51,122,0,-747.23
8176,20:20:49:299,3,Severe_Damage,L3_S1,-1746,1080,14578,1603,80,159,0,-287.23
8177,20:20:49:309,3,Severe_Damage,L3_S1,-1910,1182,15152,1666,90,177,0,286.77
8178,20:20:49:319,3,Severe_Damage,L3_S1,-1956,1242,15572,1599,56,164,0,706.77
8179,20:20:49:329,3,Severe_Damage,L3_S1,-1968,1348,16070,1329,103,113,0,1204.77
8180,20:20:49:339,3,Severe_Damage,L3_S1,-2038,1440,16326,927,37,65,0,1460.77
8181,20:20:49:349,3,Severe_Damage,L3_S1,-2040,1498,16500,423,73,-27,0,1634.77
8182,20:20:49:359,3,Severe_Damage,L3_S1,-2068,1426,16458,-136,22,-111,0,1592.77
8183,20:20:49:369,3,Severe_Damage,L3_S1,-2018,1388,16314,-675,7,-202,0,1448.77
8184,20:20:49:379,3,Severe_Damage,L3_S1,-1942,1326,15952,-1189,11,-283,0,1086.77
8185,20:20:49:389,3,Severe_Damage,L3_S1,-2004,1276,15586,-1602,-24,-338,0,720.77
8186,20:20:49:400,3,Severe_Damage,L3_S1,-1810,1188,15096,-1848,16,-388,0,230.77
8187,20:20:49:409,3,Severe_Damage,L3_S1,-1778,1082,14608,-1959,-36,-394,0,-257.23
8188,20:20:49:419,3,Severe_Damage,L3_S1,-1710,996,14170,-1887,4,-386,0,-695.23
8189,20:20:49:429,3,Severe_Damage,L3_S1,-1612,866,13770,-1655,-29,-351,0,-1095.23
8190,20:20:49:439,3,Severe_Damage,L3_S1,-1582,806,13486,-1291,-4,-294,0,-1379.23
8191,20:20:49:449,3,Severe_Damage,L3_S1,-1592,828,13272,-814,16,-227,0,-1593.23
8192,20:20:49:459,3,Severe_Damage,L3_S1,-1566,720,13230,-293,16,-130,0,-1635.23
8193,20:20:49:469,3,Severe_Damage,L3_S1,-1484,798,13508,232,59,-55,0,-1357.23
8194,20:20:49:479,3,Severe_Damage,L3_S1,-1698,826,13720,716,47,25,0,-1145.23
8195,20:20:49:489,3,Severe_Damage,L3_S1,-1668,960,14118,1109,77,87,0,-747.23
8196,20:20:49:499,3,Severe_Damage,L3_S1,-1724,1102,14634,1374,86,131,0,-231.23
8197,20:20:49:509,3,Severe_Damage,L3_S1,-1904,1204,15090,1487,75,148,0,224.77
8198,20:20:49:519,3,Severe_Damage,L3_S1,-1904,1254,15452,1426,95,131,0,586.77
8199,20:20:49:529,3,Severe_Damage,L3_S1,-2074,1292,15838,1223,54,113,0,972.77
8200,20:20:49:539,3,Severe_Damage,L3_S1,-1966,1368,16204,881,46,49,0,1338.77
8201,20:20:49:549,3,Severe_Damage,L3_S1,-2048,1428,16368,447,69,-13,0,1502.77
8202,20:20:49:559,3,Severe_Damage,L3_S1,-2072,1404,16394,-61,14,-89,0,1528.77
8203,20:20:49:569,3,Severe_Damage,L3_S1,-1958,1368,16254,-556,37,-181,0,1388.77
8204,20:20:49:579,3,Severe_Damage,L3_S1,-1974,1388,15958,-1033,-11,-243,0,1092.77
8205,20:20:49:589,3,Severe_Damage,L3_S1,-1932,1236,15594,-1410,8,-315,0,728.77
8206,20:20:49:599,3,Severe_Damage,L3_S1,-1848,1212,15198,-1662,-24,-357,0,332.77
8207,20:20:49:609,3,Severe_Damage,L3_S1,-1812,1058,14696,-1776,-6,-373,0,-169.23
8208,20:20:49:619,3,Severe_Damage,L3_S1,-1726,1022,14284,-1752,0,-370,0,-581.23
8209,20:20:49:629,3,Severe_Damage,L3_S1,-1644,898,13836,-1560,-39,-337,0,-1029.23
8210,20:20:49:639,3,Severe_Damage,L3_S1,-1594,842,13620,-1247,20,-289,0,-1245.23
8211,20:20:49:649,3,Severe_Damage,L3_S1,-1594,806,13442,-830,-5,-218,0,-1423.23
8212,20:20:49:659,3,Severe_Damage,L3_S1,-1570,860,13496,-367,34,-149,0,-1369.23
8213,20:20:49:669,3,Severe_Damage,L3_S1,-1590,812,13630,123,46,-76,0,-1235.23
8214,20:20:49:679,3,Severe_Damage,L3_S1,-1638,878,13768,568,36,3,0,-1097.23
8215,20:20:49:689,3,Severe_Damage,L3_S1,-1676,920,14146,949,76,59,0,-719.23
8216,20:20:49:699,3,Severe_Damage,L3_S1,-1758,1082,14552,1203,47,111,0,-313.23
8217,20:20:49:709,3,Severe_Damage,L3_S1,-1808,1164,15024,1321,76,119,0,158.77
8218,20:20:49:719,3,Severe_Damage,L3_S1,-1896,1248,15402,1300,73,125,0,536.77
8219,20:20:49:729,3,Severe_Damage,L3_S1,-1930,1318,15770,1133,62,91,0,904.77
8220,20:20:49:739,3,Severe_Damage,L3_S1,-1954,1352,15992,848,53,45,0,1126.77
8221,20:20:49:749,3,Severe_Damage,L3_S1,-2024,1344,16194,451,49,-15,0,1328.77
8222,20:20:49:759,3,Severe_Damage,L3_S1,-1990,1438,16190,12,29,-88,0,1324.77
8223,20:20:49:769,3,Severe_Damage,L3_S1,-2004,1388,16094,-460,30,-163,0,1228.77
8224,20:20:49:780,3,Severe_Damage,L3_S1,-1932,1340,15920,-881,10,-231,0,1054.77
8225,20:20:49:789,3,Severe_Damage,L3_S1,-1878,1290,15602,-1249,-5,-286,0,736.77
8226,20:20:49:799,3,Severe_Damage,L3_S1,-1914,1192,15134,-1501,-5,-324,0,268.77
8227,20:20:49:809,3,Severe_Damage,L3_S1,-1740,1168,14758,-1635,1,-349,0,-107.23
8228,20:20:49:819,3,Severe_Damage,L3_S1,-1740,1054,14446,-1620,2,-345,0,-419.23
8229,20:20:49:829,3,Severe_Damage,L3_S1,-1654,942,13984,-1468,-14,-329,0,-881.23
8230,20:20:49:839,3,Severe_Damage,L3_S1,-1626,896,13756,-1202,6,-293,0,-1109.23
8231,20:20:49:849,3,Severe_Damage,L3_S1,-1642,886,13564,-841,8,-217,0,-1301.23
8232,20:20:49:859,3,Severe_Damage,L3_S1,-1542,818,13622,-412,28,-155,0,-1243.23
8233,20:20:49:869,3,Severe_Damage,L3_S1,-1662,850,13664,22,28,-83,0,-1201.23
8234,20:20:49:879,3,Severe_Damage,L3_S1,-1624,914,13802,444,53,-26,0,-1063.23
8235,20:20:49:889,3,Severe_Damage,L3_S1,-1724,956,14198,784,55,34,0,-667.23
8236,20:20:49:899,3,Severe_Damage,L3_S1,-1726,1042,14494,1050,81,72,0,-371.23
8237,20:20:49:909,3,Severe_Damage,L3_S1,-1798,1090,14874,1177,67,103,0,8.77
8238,20:20:49:919,3,Severe_Damage,L3_S1,-1840,1202,15284,1181,76,102,0,418.77
8239,20:20:49:929,3,Severe_Damage,L3_S1,-1910,1264,15592,1039,72,74,0,726.77
8240,20:20:49:939,3,Severe_Damage,L3_S1,-1918,1336,15850,800,53,40,0,984.77
8241,20:20:49:949,3,Severe_Damage,L3_S1,-1946,1348,16094,453,32,-26,0,1228.77
8242,20:20:49:959,3,Severe_Damage,L3_S1,-1970,1342,16084,55,55,-79,0,1218.77
8243,20:20:49:969,3,Severe_Damage,L3_S1,-2014,1378,16068,-371,8,-148,0,1202.77
8244,20:20:49:979,3,Severe_Damage,L3_S1,-1926,1310,15854,-757,25,-212,0,988.77
8245,20:20:49:989,3,Severe_Damage,L3_S1,-1904,1270,15570,-1107,-9,-270,0,704.77
8246,20:20:49:999,3,Severe_Damage,L3_S1,-1878,1172,15250,-1347,0,-314,0,384.77
8247,20:20:50:009,3,Severe_Damage,L3_S1,-1804,1148,14876,-1487,-4,-327,0,10.77
8248,20:20:50:019,3,Severe_Damage,L3_S1,-1800,1036,14484,-1497,-6,-323,0,-381.23
8249,20:20:50:030,3,Severe_Damage,L3_S1,-1672,1016,14108,-1386,-9,-317,0,-757.23
8250,20:20:50:039,3,Severe_Damage,L3_S1,-1698,880,13902,-1160,-5,-278,0,-963.23
8251,20:20:50:049,3,Severe_Damage,L3_S1,-1676,902,13760,-831,9,-222,0,-1105.23
8252,20:20:50:059,3,Severe_Damage,L3_S1,-1608,864,13696,-461,14,-168,0,-1169.23
8253,20:20:50:069,3,Severe_Damage,L3_S1,-1596,952,13694,-55,42,-100,0,-1171.23
8254,20:20:50:079,3,Severe_Damage,L3_S1,-1644,862,13862,329,41,-40,0,-1003.23
8255,20:20:50:089,3,Severe_Damage,L3_S1,-1666,958,14192,663,51,14,0,-673.23
8256,20:20:50:099,3,Severe_Damage,L3_S1,-1756,1010,14518,906,65,57,0,-347.23
8257,20:20:50:109,3,Severe_Damage,L3_S1,-1830,1084,14852,1046,63,77,0,-13.23
8258,20:20:50:119,3,Severe_Damage,L3_S1,-1854,1188,15186,1054,59,82,0,320.77
8259,20:20:50:129,3,Severe_Damage,L3_S1,-1898,1260,15540,962,58,67,0,674.77
8260,20:20:50:139,3,Severe_Damage,L3_S1,-1914,1254,15834,740,51,31,0,968.77
8261,20:20:50:149,3,Severe_Damage,L3_S1,-1864,1324,15942,441,31,-23,0,1076.77
8262,20:20:50:159,3,Severe_Damage,L3_S1,-2022,1340,15972,88,59,-84,0,1106.77
8263,20:20:50:169,3,Severe_Damage,L3_S1,-1942,1354,15918,-294,7,-145,0,1052.77
8264,20:20:50:179,3,Severe_Damage,L3_S1,-1966,1346,15744,-659,18,-202,0,878.77
8265,20:20:50:189,3,Severe_Damage,L3_S1,-1884,1248,15558,-982,6,-250,0,692.77
8266,20:20:50:200,3,Severe_Damage,L3_S1,-1830,1170,15274,-1224,-19,-279,0,408.77
8267,20:20:50:209,3,Severe_Damage,L3_S1,-1806,1136,14950,-1355,14,-310,0,84.77
8268,20:20:50:219,3,Severe_Damage,L3_S1,-1764,1098,14560,-1389,-8,-310,0,-305.23
8269,20:20:50:229,3,Severe_Damage,L3_S1,-1698,968,14312,-1306,18,-295,0,-553.23
8270,20:20:50:239,3,Severe_Damage,L3_S1,-1668,944,14010,-1099,-8,-270,0,-855.23
8271,20:20:50:249,3,Severe_Damage,L3_S1,-1700,888,13862,-824,13,-214,0,-1003.23
8272,20:20:50:259,3,Severe_Damage,L3_S1,-1606,868,13794,-474,21,-169,0,-1071.23
8273,20:20:50:269,3,Severe_Damage,L3_S1,-1622,864,13830,-121,24,-112,0,-1035.23
8274,20:20:50:279,3,Severe_Damage,L3_S1,-1680,934,13978,239,53,-53,0,-887.23
8275,20:20:50:289,3,Severe_Damage,L3_S1,-1656,948,14214,536,50,0,0,-651.23
8276,20:20:50:299,3,Severe_Damage,L3_S1,-1752,1020,14472,777,58,31,0,-393.23
8277,20:20:50:309,3,Severe_Damage,L3_S1,-1808,1124,14820,918,67,51,0,-45.23
8278,20:20:50:319,3,Severe_Damage,L3_S1,-1818,1126,15084,946,52,58,0,218.77
8279,20:20:50:329,3,Severe_Damage,L3_S1,-1914,1236,15418,874,64,53,0,552.77
8280,20:20:50:339,3,Severe_Damage,L3_S1,-1916,1294,15648,695,53,23,0,782.77
8281,20:20:50:349,3,Severe_Damage,L3_S1,-1996,1256,15844,429,31,-20,0,978.77
8282,20:20:50:359,3,Severe_Damage,L3_S1,-1944,1306,15864,115,41,-70,0,998.77
8283,20:20:50:369,3,Severe_Damage,L3_S1,-1938,1282,15800,-244,22,-127,0,934.77
8284,20:20:50:379,3,Severe_Damage,L3_S1,-1972,1258,15744,-571,24,-186,0,878.77
8285,20:20:50:389,3,Severe_Damage,L3_S1,-1918,1294,15504,-872,1,-225,0,638.77
8286,20:20:50:400,3,Severe_Damage,L3_S1,-1890,1200,15302,-1094,3,-264,0,436.77
8287,20:20:50:410,3,Severe_Damage,L3_S1,-1836,1068,14872,-1242,-3,-296,0,6.77
8288,20:20:50:420,3,Severe_Damage,L3_S1,-1786,1030,14674,-1279,-2,-297,0,-191.23
8289,20:20:50:429,3,Severe_Damage,L3_S1,-1716,988,14320,-1215,12,-280,0,-545.23
8290,20:20:50:439,3,Severe_Damage,L3_S1,-1696,940,14176,-1043,5,-254,0,-689.23
8291,20:20:50:449,3,Severe_Damage,L3_S1,-1670,928,13976,-802,2,-218,0,-889.23
8292,20:20:50:459,3,Severe_Damage,L3_S1,-1640,908,13882,-501,22,-170,0,-983.23
8293,20:20:50:469,3,Severe_Damage,L3_S1,-1666,918,13956,-173,21,-122,0,-909.23
8294,20:20:50:479,3,Severe_Damage,L3_S1,-1678,946,14010,153,40,-71,0,-855.23
8295,20:20:50:489,3,Severe_Damage,L3_S1,-1722,1006,14208,432,44,-20,0,-657.23
8296,20:20:50:499,3,Severe_Damage,L3_S1,-1732,1030,14400,663,51,17,0,-465.23
8297,20:20:50:509,3,Severe_Damage,L3_S1,-1774,1116,14688,806,65,40,0,-177.23
8298,20:20:50:519,3,Severe_Damage,L3_S1,-1834,1152,15106,847,60,46,0,240.77
8299,20:20:50:529,3,Severe_Damage,L3_S1,-1848,1210,15342,799,59,36,0,476.77
8300,20:20:50:539,3,Severe_Damage,L3_S1,-1866,1238,15614,642,54,9,0,748.77
8301,20:20:50:549,3,Severe_Damage,L3_S1,-1904,1294,15676,417,49,-30,0,810.77
8302,20:20:50:559,3,Severe_Damage,L3_S1,-1964,1306,15794,124,36,-69,0,928.77
8303,20:20:50:569,3,Severe_Damage,L3_S1,-1916,1280,15786,-185,36,-120,0,920.77
8304,20:20:50:579,3,Severe_Damage,L3_S1,-1954,1254,15634,-499,15,-171,0,768.77
8305,20:20:50:589,3,Severe_Damage,L3_S1,-1846,1250,15506,-771,14,-210,0,640.77
8306,20:20:50:599,3,Severe_Damage,L3_S1,-1844,1176,15256,-995,5,-253,0,390.77
8307,20:20:50:609,3,Severe_Damage,L3_S1,-1812,1100,14952,-1131,7,-270,0,86.77
8308,20:20:50:620,3,Severe_Damage,L3_S1,-1768,1062,14670,-1186,-1,-282,0,-195.23
8309,20:20:50:629,3,Severe_Damage,L3_S1,-1738,1014,14456,-1129,9,-261,0,-409.23
8310,20:20:50:639,3,Severe_Damage,L3_S1,-1714,930,14232,-997,9,-248,0,-633.23
8311,20:20:50:650,3,Severe_Damage,L3_S1,-1688,920,14096,-780,22,-216,0,-769.23
8312,20:20:50:659,3,Severe_Damage,L3_S1,-1622,924,14008,-525,6,-168,0,-857.23
8313,20:20:50:669,3,Severe_Damage,L3_S1,-1598,922,14028,-211,29,-120,0,-837.23
8314,20:20:50:679,3,Severe_Damage,L3_S1,-1700,978,14112,78,31,-77,0,-753.23
8315,20:20:50:689,3,Severe_Damage,L3_S1,-1726,980,14268,344,49,-31,0,-597.23
8316,20:20:50:699,3,Severe_Damage,L3_S1,-1724,1002,14514,559,48,-1,0,-351.23
8317,20:20:50:709,3,Severe_Damage,L3_S1,-1816,1056,14742,695,54,27,0,-123.23
8318,20:20:50:719,3,Severe_Damage,L3_S1,-1810,1140,15026,761,56,27,0,160.77
8319,20:20:50:729,3,Severe_Damage,L3_S1,-1852,1164,15242,719,50,18,0,376.77
8320,20:20:50:739,3,Severe_Damage,L3_S1,-1880,1230,15446,590,51,6,0,580.77
8321,20:20:50:749,3,Severe_Damage,L3_S1,-1866,1282,15582,390,33,-29,0,716.77
8322,20:20:50:760,3,Severe_Damage,L3_S1,-1974,1298,15654,144,53,-69,0,788.77
8323,20:20:50:769,3,Severe_Damage,L3_S1,-1922,1310,15642,-142,20,-116,0,776.77
8324,20:20:50:779,3,Severe_Damage,L3_S1,-1914,1276,15606,-432,30,-153,0,740.77
8325,20:20:50:789,3,Severe_Damage,L3_S1,-1834,1278,15460,-684,18,-203,0,594.77
8326,20:20:50:799,3,Severe_Damage,L3_S1,-1862,1220,15214,-898,2,-229,0,348.77
8327,20:20:50:810,3,Severe_Damage,L3_S1,-1828,1132,14998,-1031,22,-253,0,132.77
8328,20:20:50:820,3,Severe_Damage,L3_S1,-1802,1116,14756,-1087,1,-263,0,-109.23
8329,20:20:50:830,3,Severe_Damage,L3_S1,-1746,1036,14486,-1060,3,-260,0,-379.23
8330,20:20:50:839,3,Severe_Damage,L3_S1,-1638,924,14290,-942,16,-243,0,-575.23
8331,20:20:50:849,3,Severe_Damage,L3_S1,-1714,1008,14184,-763,8,-209,0,-681.23
8332,20:20:50:859,3,Severe_Damage,L3_S1,-1648,954,14084,-524,19,-179,0,-781.23
8333,20:20:50:870,3,Severe_Damage,L3_S1,-1694,928,14096,-257,23,-131,0,-769.23
8334,20:20:50:879,3,Severe_Damage,L3_S1,-1634,964,14114,16,40,-91,0,-751.23
8335,20:20:50:889,3,Severe_Damage,L3_S1,-1722,1000,14342,257,45,-47,0,-523.23
8336,20:20:50:899,3,Severe_Damage,L3_S1,-1708,1006,14502,466,54,-26,0,-363.23
8337,20:20:50:909,3,Severe_Damage,L3_S1,-1792,1104,14736,611,53,-5,0,-129.23
8338,20:20:50:919,3,Severe_Damage,L3_S1,-1860,1144,14954,666,47,11,0,88.77
8339,20:20:50:929,3,Severe_Damage,L3_S1,-1794,1158,15208,642,66,2,0,342.77
8340,20:20:50:939,3,Severe_Damage,L3_S1,-1900,1208,15390,534,41,-6,0,524.77
8341,20:20:50:949,3,Severe_Damage,L3_S1,-1832,1210,15526,363,48,-40,0,660.77
8342,20:20:50:959,3,Severe_Damage,L3_S1,-1892,1250,15632,132,26,-65,0,766.77
8343,20:20:50:970,3,Severe_Damage,L3_S1,-1972,1270,15572,-111,42,-108,0,706.77
8344,20:20:50:980,3,Severe_Damage,L3_S1,-1858,1204,15524,-377,11,-151,0,658.77
8345,20:20:50:990,3,Severe_Damage,L3_S1,-1940,1216,15398,-611,29,-182,0,532.77
8346,20:20:51:000,3,Severe_Damage,L3_S1,-1836,1220,15248,-816,18,-221,0,382.77
8347,20:20:51:010,3,Severe_Damage,L3_S1,-1804,1130,14988,-943,10,-235,0,122.77
8348,20:20:51:020,3,Severe_Damage,L3_S1,-1760,1124,14814,-1015,5,-248,0,-51.23
8349,20:20:51:030,3,Severe_Damage,L3_S1,-1758,1036,14574,-978,17,-244,0,-291.23
8350,20:20:51:040,3,Severe_Damage,L3_S1,-1778,1030,14360,-892,0,-230,0,-505.23
8351,20:20:51:050,3,Severe_Damage,L3_S1,-1668,1000,14218,-723,28,-213,0,-647.23
8352,20:20:51:059,3,Severe_Damage,L3_S1,-1712,954,14172,-522,0,-179,0,-693.23
8353,20:20:51:070,3,Severe_Damage,L3_S1,-1702,966,14114,-278,38,-136,0,-751.23
8354,20:20:51:079,3,Severe_Damage,L3_S1,-1634,976,14184,-37,32,-97,0,-681.23
8355,20:20:51:089,3,Severe_Damage,L3_S1,-1714,1004,14310,197,40,-58,0,-555.23
8356,20:20:51:100,3,Severe_Damage,L3_S1,-1714,1056,14520,376,57,-30,0,-345.23
8357,20:20:51:109,3,Severe_Damage,L3_S1,-1776,1062,14706,524,42,-15,0,-159.23
8358,20:20:51:119,3,Severe_Damage,L3_S1,-1810,1146,14890,575,59,-8,0,24.77
8359,20:20:51:129,3,Severe_Damage,L3_S1,-1820,1146,15142,571,42,-3,0,276.77
8360,20:20:51:139,3,Severe_Damage,L3_S1,-1858,1234,15312,473,42,-14,0,446.77
8361,20:20:51:149,3,Severe_Damage,L3_S1,-1878,1218,15442,330,56,-36,0,576.77
8362,20:20:51:159,3,Severe_Damage,L3_S1,-1912,1214,15566,136,27,-66,0,700.77
8363,20:20:51:170,3,Severe_Damage,L3_S1,-1832,1252,15530,-95,22,-108,0,664.77
8364,20:20:51:180,3,Severe_Damage,L3_S1,-1936,1260,15470,-324,40,-144,0,604.77
8365,20:20:51:190,3,Severe_Damage,L3_S1,-1826,1202,15388,-551,10,-171,0,522.77
8366,20:20:51:200,3,Severe_Damage,L3_S1,-1826,1198,15212,-725,28,-205,0,346.77
8367,20:20:51:210,3,Severe_Damage,L3_S1,-1880,1128,15078,-860,6,-224,0,212.77
8368,20:20:51:220,3,Severe_Damage,L3_S1,-1752,1086,14840,-912,11,-241,0,-25.23
8369,20:20:51:230,3,Severe_Damage,L3_S1,-1778,1056,14658,-920,11,-237,0,-207.23
8370,20:20:51:240,3,Severe_Damage,L3_S1,-1716,1008,14416,-835,15,-221,0,-449.23
8371,20:20:51:250,3,Severe_Damage,L3_S1,-1708,1004,14308,-700,15,-202,0,-557.23
8372,20:20:51:260,3,Severe_Damage,L3_S1,-1694,934,14218,-508,24,-177,0,-647.23
8373,20:20:51:270,3,Severe_Damage,L3_S1,-1740,960,14192,-297,34,-148,0,-673.23
8374,20:20:51:279,3,Severe_Damage,L3_S1,-1734,990,14216,-75,24,-107,0,-649.23
8375,20:20:51:289,3,Severe_Damage,L3_S1,-1762,994,14310,133,57,-66,0,-555.23
8376,20:20:51:300,3,Severe_Damage,L3_S1,-1732,1042,14494,316,36,-32,0,-371.23
8377,20:20:51:309,3,Severe_Damage,L3_S1,-1752,1082,14754,437,50,-19,0,-111.23
8378,20:20:51:320,3,Severe_Damage,L3_S1,-1790,1092,14858,501,55,-12,0,-7.23
8379,20:20:51:329,3,Severe_Damage,L3_S1,-1904,1190,15058,508,45,-8,0,192.77
8380,20:20:51:340,3,Severe_Damage,L3_S1,-1860,1158,15246,439,54,-30,0,380.77
8381,20:20:51:349,3,Severe_Damage,L3_S1,-1884,1198,15392,309,39,-45,0,526.77
8382,20:20:51:359,3,Severe_Damage,L3_S1,-1862,1206,15446,123,42,-74,0,580.77
8383,20:20:51:370,3,Severe_Damage,L3_S1,-1870,1226,15444,-69,32,-101,0,578.77
8384,20:20:51:380,3,Severe_Damage,L3_S1,-1882,1246,15392,-287,33,-133,0,526.77
8385,20:20:51:390,3,Severe_Damage,L3_S1,-1856,1234,15386,-486,20,-164,0,520.77
8386,20:20:51:400,3,Severe_Damage,L3_S1,-1838,1148,15258,-667,17,-193,0,392.77
8387,20:20:51:410,3,Severe_Damage,L3_S1,-1810,1166,15042,-782,18,-211,0,176.77
8388,20:20:51:420,3,Severe_Damage,L3_S1,-1784,1086,14784,-851,10,-225,0,-81.23
8389,20:20:51:430,3,Severe_Damage,L3_S1,-1772,1032,14706,-857,14,-225,0,-159.23
8390,20:20:51:440,3,Severe_Damage,L3_S1,-1700,1022,14468,-791,16,-216,0,-397.23
8391,20:20:51:450,3,Severe_Damage,L3_S1,-1708,990,14344,-677,9,-199,0,-521.23
8392,20:20:51:460,3,Severe_Damage,L3_S1,-1718,990,14374,-504,30,-170,0,-491.23
8393,20:20:51:470,3,Severe_Damage,L3_S1,-1672,964,14352,-320,19,-144,0,-513.23
8394,20:20:51:480,3,Severe_Damage,L3_S1,-1728,1052,14336,-104,37,-105,0,-529.23
8395,20:20:51:489,3,Severe_Damage,L3_S1,-1696,988,14406,79,32,-81,0,-459.23
8396,20:20:51:500,3,Severe_Damage,L3_S1,-1752,1036,14506,254,48,-49,0,-359.23
8397,20:20:51:510,3,Severe_Damage,L3_S1,-1768,1044,14674,367,51,-37,0,-191.23
8398,20:20:51:520,3,Severe_Damage,L3_S1,-1838,1108,14844,443,51,-19,0,-21.23
8399,20:20:51:530,3,Severe_Damage,L3_S1,-1804,1174,15020,439,50,-27,0,154.77
8400,20:20:51:540,3,Severe_Damage,L3_S1,-1914,1192,15234,386,35,-30,0,368.77
8401,20:20:51:550,3,Severe_Damage,L3_S1,-1850,1188,15350,269,50,-48,0,484.77
8402,20:20:51:560,3,Severe_Damage,L3_S1,-1876,1246,15416,110,35,-65,0,550.77
8403,20:20:51:570,3,Severe_Damage,L3_S1,-1872,1144,15410,-65,40,-97,0,544.77
8404,20:20:51:580,3,Severe_Damage,L3_S1,-1884,1172,15400,-261,23,-132,0,534.77
8405,20:20:51:590,3,Severe_Damage,L3_S1,-1880,1232,15294,-438,16,-162,0,428.77
8406,20:20:51:600,3,Severe_Damage,L3_S1,-1826,1150,15226,-613,18,-189,0,360.77
8407,20:20:51:610,3,Severe_Damage,L3_S1,-1830,1144,15068,-724,10,-202,0,202.77
8408,20:20:51:620,3,Severe_Damage,L3_S1,-1794,1112,14832,-791,11,-213,0,-33.23
8409,20:20:51:630,3,Severe_Damage,L3_S1,-1772,1014,14680,-796,21,-211,0,-185.23
8410,20:20:51:640,3,Severe_Damage,L3_S1,-1776,1066,14546,-751,5,-206,0,-319.23
8411,20:20:51:650,3,Severe_Damage,L3_S1,-1674,1042,14438,-640,24,-190,0,-427.23
8412,20:20:51:660,3,Severe_Damage,L3_S1,-1746,994,14310,-504,15,-163,0,-555.23
8413,20:20:51:670,3,Severe_Damage,L3_S1,-1676,1006,14366,-319,27,-140,0,-499.23
8414,20:20:51:680,3,Severe_Damage,L3_S1,-1740,1000,14286,-142,36,-108,0,-579.23
8415,20:20:51:690,3,Severe_Damage,L3_S1,-1746,948,14444,45,34,-73,0,-421.23
8416,20:20:51:700,3,Severe_Damage,L3_S1,-1766,1060,14512,193,45,-57,0,-353.23
8417,20:20:51:710,3,Severe_Damage,L3_S1,-1802,1056,14712,318,45,-42,0,-153.23
8418,20:20:51:720,3,Severe_Damage,L3_S1,-1796,1106,14912,379,53,-34,0,46.77
8419,20:20:51:730,3,Severe_Damage,L3_S1,-1876,1112,15062,399,44,-31,0,196.77
8420,20:20:51:740,3,Severe_Damage,L3_S1,-1818,1124,15082,339,54,-38,0,216.77
8421,20:20:51:750,3,Severe_Damage,L3_S1,-1876,1218,15258,250,42,-47,0,392.77
8422,20:20:51:760,3,Severe_Damage,L3_S1,-1880,1176,15394,112,42,-77,0,528.77
8423,20:20:51:770,3,Severe_Damage,L3_S1,-1900,1222,15396,-57,31,-100,0,530.77
8424,20:20:51:780,3,Severe_Damage,L3_S1,-1868,1270,15344,-231,24,-130,0,478.77
8425,20:20:51:790,3,Severe_Damage,L3_S1,-1844,1226,15360,-405,36,-159,0,494.77
8426,20:20:51:800,3,Severe_Damage,L3_S1,-1918,1140,15158,-553,14,-174,0,292.77
8427,20:20:51:810,3,Severe_Damage,L3_S1,-1806,1114,15058,-668,25,-196,0,192.77
8428,20:20:51:820,3,Severe_Damage,L3_S1,-1834,1136,14886,-735,11,-203,0,20.77
8429,20:20:51:830,3,Severe_Damage,L3_S1,-1768,1050,14816,-752,16,-208,0,-49.23
8430,20:20:51:840,3,Severe_Damage,L3_S1,-1762,1046,14526,-709,14,-195,0,-339.23
8431,20:20:51:850,3,Severe_Damage,L3_S1,-1782,1016,14408,-619,14,-189,0,-457.23
8432,20:20:51:860,3,Severe_Damage,L3_S1,-1706,1002,14388,-485,28,-171,0,-477.23
8433,20:20:51:870,3,Severe_Damage,L3_S1,-1708,1022,14332,-323,25,-144,0,-533.23
8434,20:20:51:880,3,Severe_Damage,L3_S1,-1684,1020,14390,-156,34,-121,0,-475.23
8435,20:20:51:889,3,Severe_Damage,L3_S1,-1722,996,14440,8,28,-88,0,-425.23
8436,20:20:51:900,3,Severe_Damage,L3_S1,-1798,1046,14466,151,32,-68,0,-399.23
8437,20:20:51:910,3,Severe_Damage,L3_S1,-1738,1044,14694,263,47,-57,0,-171.23
8438,20:20:51:920,3,Severe_Damage,L3_S1,-1780,1092,14792,331,36,-37,0,-73.23
8439,20:20:51:930,3,Severe_Damage,L3_S1,-1776,1152,15006,346,54,-40,0,140.77
8440,20:20:51:940,3,Severe_Damage,L3_S1,-1846,1126,15116,304,40,-35,0,250.77
8441,20:20:51:950,3,Severe_Damage,L3_S1,-1846,1172,15278,224,52,-50,0,412.77
8442,20:20:51:960,3,Severe_Damage,L3_S1,-1876,1192,15340,97,43,-76,0,474.77
8443,20:20:51:970,3,Severe_Damage,L3_S1,-1874,1228,15296,-58,25,-99,0,430.77
8444,20:20:51:980,3,Severe_Damage,L3_S1,-1856,1204,15356,-213,34,-133,0,490.77
8445,20:20:51:990,3,Severe_Damage,L3_S1,-1876,1144,15268,-376,24,-149,0,402.77
8446,20:20:52:000,3,Severe_Damage,L3_S1,-1858,1168,15158,-510,23,-167,0,292.77
8447,20:20:52:010,3,Severe_Damage,L3_S1,-1774,1174,15054,-621,15,-186,0,188.77
8448,20:20:52:020,3,Severe_Damage,L3_S1,-1854,1090,14890,-681,9,-198,0,24.77
8449,20:20:52:030,3,Severe_Damage,L3_S1,-1794,1054,14762,-697,18,-196,0,-103.23
8450,20:20:52:040,3,Severe_Damage,L3_S1,-1812,1084,14646,-666,12,-191,0,-219.23
8451,20:20:52:050,3,Severe_Damage,L3_S1,-1706,1012,14502,-584,21,-185,0,-363.23
8452,20:20:52:060,3,Severe_Damage,L3_S1,-1760,956,14456,-472,23,-173,0,-409.23
8453,20:20:52:070,3,Severe_Damage,L3_S1,-1758,1000,14390,-326,30,-144,0,-475.23
8454,20:20:52:080,3,Severe_Damage,L3_S1,-1730,960,14440,-182,37,-119,0,-425.23
8455,20:20:52:090,3,Severe_Damage,L3_S1,-1756,980,14464,-17,35,-88,0,-401.23
8456,20:20:52:100,3,Severe_Damage,L3_S1,-1788,1038,14582,104,34,-67,0,-283.23
8457,20:20:52:110,3,Severe_Damage,L3_S1,-1818,1058,14614,216,35,-50,0,-251.23
8458,20:20:52:120,3,Severe_Damage,L3_S1,-1800,1094,14812,269,42,-54,0,-53.23
8459,20:20:52:130,3,Severe_Damage,L3_S1,-1816,1116,14948,296,35,-41,0,82.77
8460,20:20:52:140,3,Severe_Damage,L3_S1,-1840,1168,15118,260,44,-47,0,252.77
8461,20:20:52:150,3,Severe_Damage,L3_S1,-1868,1198,15240,199,42,-60,0,374.77
8462,20:20:52:160,3,Severe_Damage,L3_S1,-1850,1168,15270,78,31,-78,0,404.77
8463,20:20:52:170,3,Severe_Damage,L3_S1,-1840,1214,15236,-48,37,-98,0,370.77
8464,20:20:52:180,3,Severe_Damage,L3_S1,-1814,1172,15334,-205,27,-124,0,468.77
8465,20:20:52:190,3,Severe_Damage,L3_S1,-1810,1186,15264,-343,24,-144,0,398.77
8466,20:20:52:200,3,Severe_Damage,L3_S1,-1852,1178,15208,-480,17,-170,0,342.77
8467,20:20:52:210,3,Severe_Damage,L3_S1,-1822,1144,15016,-577,7,-182,0,150.77
8468,20:20:52:220,3,Severe_Damage,L3_S1,-1772,1162,14994,-633,19,-190,0,128.77
8469,20:20:52:230,3,Severe_Damage,L3_S1,-1828,1106,14866,-652,12,-194,0,0.77
8470,20:20:52:240,3,Severe_Damage,L3_S1,-1744,1044,14644,-628,16,-195,0,-221.23
8471,20:20:52:250,3,Severe_Damage,L3_S1,-1756,1038,14542,-567,23,-183,0,-323.23
8472,20:20:52:260,3,Severe_Damage,L3_S1,-1694,994,14474,-462,23,-169,0,-391.23
8473,20:20:52:270,3,Severe_Damage,L3_S1,-1690,1002,14414,-334,31,-143,0,-451.23
8474,20:20:52:280,3,Severe_Damage,L3_S1,-1750,1090,14444,-189,26,-113,0,-421.23
8475,20:20:52:290,3,Severe_Damage,L3_S1,-1710,1050,14510,-52,38,-99,0,-355.23
8476,20:20:52:300,3,Severe_Damage,L3_S1,-1776,1036,14550,79,24,-70,0,-315.23
8477,20:20:52:310,3,Severe_Damage,L3_S1,-1754,1062,14688,164,47,-64,0,-177.23
8478,20:20:52:320,3,Severe_Damage,L3_S1,-1794,1144,14812,236,39,-51,0,-53.23
8479,20:20:52:330,3,Severe_Damage,L3_S1,-1808,1094,14966,255,48,-56,0,100.77
8480,20:20:52:340,3,Severe_Damage,L3_S1,-1820,1172,15064,229,42,-57,0,198.77
8481,20:20:52:350,3,Severe_Damage,L3_S1,-1824,1184,15184,165,37,-64,0,318.77
8482,20:20:52:360,3,Severe_Damage,L3_S1,-1832,1196,15296,72,46,-78,0,430.77
8483,20:20:52:370,3,Severe_Damage,L3_S1,-1894,1160,15246,-47,29,-94,0,380.77
8484,20:20:52:380,3,Severe_Damage,L3_S1,-1836,1184,15332,-182,37,-120,0,466.77
8485,20:20:52:390,3,Severe_Damage,L3_S1,-1868,1152,15230,-318,26,-134,0,364.77
8486,20:20:52:400,3,Severe_Damage,L3_S1,-1856,1172,15172,-441,25,-162,0,306.77
8487,20:20:52:410,3,Severe_Damage,L3_S1,-1762,1136,14992,-528,30,-178,0,126.77
8488,20:20:52:420,3,Severe_Damage,L3_S1,-1768,1120,14850,-590,12,-177,0,-15.23
8489,20:20:52:430,3,Severe_Damage,L3_S1,-1738,1106,14750,-611,26,-191,0,-115.23
8490,20:20:52:440,3,Severe_Damage,L3_S1,-1802,1116,14724,-594,10,-181,0,-141.23
8491,20:20:52:450,3,Severe_Damage,L3_S1,-1720,1052,14594,-528,29,-182,0,-271.23
8492,20:20:52:460,3,Severe_Damage,L3_S1,-1742,962,14574,-444,21,-165,0,-291.23
8493,20:20:52:470,3,Severe_Damage,L3_S1,-1782,1056,14528,-328,22,-143,0,-337.23
8494,20:20:52:480,3,Severe_Damage,L3_S1,-1674,1064,14472,-204,44,-129,0,-393.23
8495,20:20:52:490,3,Severe_Damage,L3_S1,-1778,1022,14530,-76,20,-101,0,-335.23
8496,20:20:52:500,3,Severe_Damage,L3_S1,-1674,1038,14574,41,53,-83,0,-291.23
8497,20:20:52:510,3,Severe_Damage,L3_S1,-1810,1070,14664,129,34,-71,0,-201.23
8498,20:20:52:520,3,Severe_Damage,L3_S1,-1770,1078,14796,193,47,-66,0,-69.23
8499,20:20:52:530,3,Severe_Damage,L3_S1,-1792,1106,14922,210,44,-64,0,56.77
8500,20:20:52:540,3,Severe_Damage,L3_S1,-1860,1138,15022,194,29,-56,0,156.77
8501,20:20:52:550,3,Severe_Damage,L3_S1,-1764,1186,15126,146,46,-75,0,260.77
8502,20:20:52:560,3,Severe_Damage,L3_S1,-1854,1194,15194,55,29,-78,0,328.77
8503,20:20:52:570,3,Severe_Damage,L3_S1,-1882,1200,15204,-49,36,-100,0,338.77
8504,20:20:52:580,3,Severe_Damage,L3_S1,-1850,1170,15250,-174,22,-124,0,384.77
8505,20:20:52:590,3,Severe_Damage,L3_S1,-1868,1156,15172,-292,25,-136,0,306.77
8506,20:20:52:600,3,Severe_Damage,L3_S1,-1844,1120,15092,-408,24,-158,0,226.77
8507,20:20:52:611,3,Severe_Damage,L3_S1,-1842,1128,14956,-492,17,-167,0,90.77
8508,20:20:52:620,3,Severe_Damage,L3_S1,-1794,1108,14938,-557,27,-182,0,72.77
8509,20:20:52:630,3,Severe_Damage,L3_S1,-1814,1106,14798,-573,18,-184,0,-67.23
8510,20:20:52:640,3,Severe_Damage,L3_S1,-1746,1066,14730,-562,12,-180,0,-135.23
8511,20:20:52:650,3,Severe_Damage,L3_S1,-1740,1072,14606,-510,22,-172,0,-259.23
8512,20:20:52:660,3,Severe_Damage,L3_S1,-1774,1046,14580,-437,21,-160,0,-285.23
8513,20:20:52:670,3,Severe_Damage,L3_S1,-1780,1058,14540,-321,36,-153,0,-325.23
8514,20:20:52:680,3,Severe_Damage,L3_S1,-1762,1084,14580,-210,23,-126,0,-285.23
8515,20:20:52:690,3,Severe_Damage,L3_S1,-1758,1106,14598,-96,30,-110,0,-267.23
8516,20:20:52:700,3,Severe_Damage,L3_S1,-1684,1060,14608,9,37,-97,0,-257.23
8517,20:20:52:710,3,Severe_Damage,L3_S1,-1760,1100,14670,98,30,-74,0,-195.23
8518,20:20:52:720,3,Severe_Damage,L3_S1,-1718,1130,14742,152,47,-70,0,-123.23
8519,20:20:52:730,3,Severe_Damage,L3_S1,-1828,1126,14900,174,30,-66,0,34.77
8520,20:20:52:740,3,Severe_Damage,L3_S1,-1786,1160,14990,164,46,-64,0,124.77
8521,20:20:52:750,3,Severe_Damage,L3_S1,-1810,1156,15082,117,42,-73,0,216.77
8522,20:20:52:760,3,Severe_Damage,L3_S1,-1846,1134,15180,43,34,-80,0,314.77
8523,20:20:52:770,3,Severe_Damage,L3_S1,-1892,1142,15200,-159,26,-116,0,334.77
8524,20:20:52:780,3,Severe_Damage,L3_S1,-1840,1192,15172,-272,28,-130,0,306.77
8525,20:20:52:790,3,Severe_Damage,L3_S1,-1854,1216,15158,-376,23,-145,0,292.77
8526,20:20:52:800,3,Severe_Damage,L3_S1,-1808,1112,14986,-466,23,-163,0,120.77
8527,20:20:52:810,3,Severe_Damage,L3_S1,-1816,1112,14930,-518,22,-175,0,64.77
8528,20:20:52:820,3,Severe_Damage,L3_S1,-1786,1110,14846,-551,19,-174,0,-19.23
8529,20:20:52:830,3,Severe_Damage,L3_S1,-1792,1070,14720,-524,20,-173,0,-145.23
8530,20:20:52:840,3,Severe_Damage,L3_S1,-1766,1102,14668,-490,20,-174,0,-197.23
8531,20:20:52:850,3,Severe_Damage,L3_S1,-1764,986,14608,-419,22,-163,0,-257.23
8532,20:20:52:860,3,Severe_Damage,L3_S1,-1756,1044,14470,-328,24,-142,0,-395.23
8533,20:20:52:870,3,Severe_Damage,L3_S1,-1752,992,14572,-221,22,-123,0,-293.23
8534,20:20:52:880,3,Severe_Damage,L3_S1,-1738,1044,14552,-110,36,-109,0,-313.23
8535,20:20:52:890,3,Severe_Damage,L3_S1,-1804,1060,14606,-10,28,-94,0,-259.23
8536,20:20:52:900,3,Severe_Damage,L3_S1,-1762,1082,14682,66,45,-82,0,-183.23
8537,20:20:52:910,3,Severe_Damage,L3_S1,-1854,1100,14828,119,45,-72,0,-37.23
8538,20:20:52:920,3,Severe_Damage,L3_S1,-1818,1140,14878,148,32,-62,0,12.77
8539,20:20:52:930,3,Severe_Damage,L3_S1,-1792,1158,15020,136,45,-70,0,154.77
8540,20:20:52:940,3,Severe_Damage,L3_S1,-1870,1144,15034,103,37,-77,0,168.77
8541,20:20:52:950,3,Severe_Damage,L3_S1,-1820,1154,15216,29,36,-88,0,350.77
8542,20:20:52:960,3,Severe_Damage,L3_S1,-1820,1210,15160,-48,36,-91,0,294.77
8543,20:20:52:970,3,Severe_Damage,L3_S1,-1844,1182,15204,-165,26,-111,0,338.77
8544,20:20:52:980,3,Severe_Damage,L3_S1,-1788,1150,15170,-258,38,-134,0,304.77
8545,20:20:52:990,3,Severe_Damage,L3_S1,-1928,1130,15096,-356,18,-153,0,230.77
8546,20:20:53:000,3,Severe_Damage,L3_S1,-1780,1118,15068,-433,31,-165,0,202.77
8547,20:20:53:010,3,Severe_Damage,L3_S1,-1850,1156,14942,-492,17,-166,0,76.77
8548,20:20:53:020,3,Severe_Damage,L3_S1,-1754,1146,14902,-511,31,-179,0,36.77
8549,20:20:53:030,3,Severe_Damage,L3_S1,-1738,1094,14814,-504,26,-176,0,-51.23
8550,20:20:53:040,3,Severe_Damage,L3_S1,-1832,1094,14668,-469,13,-159,0,-197.23
8551,20:20:53:050,3,Severe_Damage,L3_S1,-1712,1062,14596,-404,40,-157,0,-269.23
8552,20:20:53:061,3,Severe_Damage,L3_S1,-1790,1024,14480,-326,9,-131,0,-385.23
8553,20:20:53:070,3,Severe_Damage,L3_S1,-1706,1054,14616,-230,37,-132,0,-249.23
8554,20:20:53:080,3,Severe_Damage,L3_S1,-1752,1094,14542,-127,23,-105,0,-323.23
8555,20:20:53:090,3,Severe_Damage,L3_S1,-1760,1048,14712,-44,32,-94,0,-153.23
8556,20:20:53:100,3,Severe_Damage,L3_S1,-1732,1088,14708,43,47,-83,0,-157.23
8557,20:20:53:110,3,Severe_Damage,L3_S1,-1842,1110,14852,83,19,-71,0,-13.23
8558,20:20:53:120,3,Severe_Damage,L3_S1,-1786,1116,14932,121,51,-73,0,66.77
8559,20:20:53:130,3,Severe_Damage,L3_S1,-1884,1140,15006,107,24,-67,0,140.77
8560,20:20:53:140,3,Severe_Damage,L3_S1,-1838,1128,15044,78,43,-78,0,178.77
8561,20:20:53:150,3,Severe_Damage,L3_S1,-1870,1116,15098,19,36,-87,0,232.77
8562,20:20:53:160,3,Severe_Damage,L3_S1,-1814,1186,15126,-65,25,-94,0,260.77
8563,20:20:53:170,3,Severe_Damage,L3_S1,-1822,1216,15114,-152,50,-118,0,248.77
8564,20:20:53:180,3,Severe_Damage,L3_S1,-1850,1130,15038,-249,16,-128,0,172.77
8565,20:20:53:190,3,Severe_Damage,L3_S1,-1834,1170,15062,-329,34,-148,0,196.77
8566,20:20:53:200,3,Severe_Damage,L3_S1,-1860,1168,15018,-407,15,-158,0,152.77
8567,20:20:53:211,3,Severe_Damage,L3_S1,-1786,1108,14918,-459,25,-164,0,52.77
8568,20:20:53:220,3,Severe_Damage,L3_S1,-1772,1076,14818,-487,28,-168,0,-47.23
8569,20:20:53:230,3,Severe_Damage,L3_S1,-1762,1128,14740,-480,17,-161,0,-125.23
8570,20:20:53:240,3,Severe_Damage,L3_S1,-1734,1120,14726,-453,32,-166,0,-139.23
8571,20:20:53:250,3,Severe_Damage,L3_S1,-1766,1080,14686,-388,20,-147,0,-179.23
8572,20:20:53:260,3,Severe_Damage,L3_S1,-1772,1056,14668,-324,28,-145,0,-197.23
8573,20:20:53:270,3,Severe_Damage,L3_S1,-1750,1064,14712,-225,28,-132,0,-153.23
8574,20:20:53:280,3,Severe_Damage,L3_S1,-1798,1048,14626,-144,24,-116,0,-239.23
8575,20:20:53:290,3,Severe_Damage,L3_S1,-1730,1026,14634,-56,32,-106,0,-231.23
8576,20:20:53:300,3,Severe_Damage,L3_S1,-1800,1040,14696,12,25,-82,0,-169.23
8577,20:20:53:310,3,Severe_Damage,L3_S1,-1758,1070,14820,67,47,-83,0,-45.23
8578,20:20:53:320,3,Severe_Damage,L3_S1,-1814,1170,14872,90,31,-77,0,6.77
8579,20:20:53:330,3,Severe_Damage,L3_S1,-1800,1158,15008,95,41,-71,0,142.77
8580,20:20:53:340,3,Severe_Damage,L3_S1,-1836,1150,15034,55,41,-87,0,168.77
8581,20:20:53:350,3,Severe_Damage,L3_S1,-1884,1160,15122,2,21,-88,0,256.77
8582,20:20:53:360,3,Severe_Damage,L3_S1,-1784,1168,15118,-66,42,-103,0,252.77
8583,20:20:53:371,3,Severe_Damage,L3_S1,-1884,1142,15044,-150,24,-117,0,178.77
8584,20:20:53:381,3,Severe_Damage,L3_S1,-1842,1122,15106,-238,32,-131,0,240.77
8585,20:20:53:390,3,Severe_Damage,L3_S1,-1852,1136,15056,-317,32,-140,0,190.77
8586,20:20:53:400,3,Severe_Damage,L3_S1,-1852,1108,15032,-386,20,-148,0,166.77
8587,20:20:53:410,3,Severe_Damage,L3_S1,-1780,1118,14974,-426,33,-172,0,108.77
8588,20:20:53:420,3,Severe_Damage,L3_S1,-1842,1096,14798,-461,15,-163,0,-67.23
8589,20:20:53:430,3,Severe_Damage,L3_S1,-1790,1114,14710,-455,28,-166,0,-155.23
8590,20:20:53:440,3,Severe_Damage,L3_S1,-1812,1084,14688,-426,23,-163,0,-177.23
8591,20:20:53:451,3,Severe_Damage,L3_S1,-1750,1106,14676,-382,19,-156,0,-189.23
8592,20:20:53:461,3,Severe_Damage,L3_S1,-1780,1076,14590,-313,29,-146,0,-275.23
8593,20:20:53:471,3,Severe_Damage,L3_S1,-1784,1070,14636,-239,20,-125,0,-229.23
8594,20:20:53:480,3,Severe_Damage,L3_S1,-1768,1034,14638,-154,24,-115,0,-227.23
8595,20:20:53:490,3,Severe_Damage,L3_S1,-1746,1064,14656,-80,34,-104,0,-209.23
8596,20:20:53:500,3,Severe_Damage,L3_S1,-1800,1084,14686,-11,31,-93,0,-179.23
8597,20:20:53:510,3,Severe_Damage,L3_S1,-1776,1036,14820,37,42,-82,0,-45.23
8598,20:20:53:520,3,Severe_Damage,L3_S1,-1792,1098,14824,67,22,-77,0,-41.23
8599,20:20:53:530,3,Severe_Damage,L3_S1,-1824,1130,14930,62,38,-74,0,64.77
8600,20:20:53:540,3,Severe_Damage,L3_S1,-1820,1130,15018,30,26,-80,0,152.77
8601,20:20:53:550,3,Severe_Damage,L3_S1,-1818,1130,14998,-3,43,-90,0,132.77
8602,20:20:53:560,3,Severe_Damage,L3_S1,-1808,1152,15110,-75,32,-98,0,244.77
8603,20:20:53:570,3,Severe_Damage,L3_S1,-1824,1132,15098,-137,31,-113,0,232.77
8604,20:20:53:580,3,Severe_Damage,L3_S1,-1836,1174,15098,-223,22,-124,0,232.77
8605,20:20:53:590,3,Severe_Damage,L3_S1,-1840,1146,15038,-299,33,-132,0,172.77
8606,20:20:53:600,3,Severe_Damage,L3_S1,-1804,1146,15002,-369,26,-148,0,136.77
8607,20:20:53:610,3,Severe_Damage,L3_S1,-1840,1130,14936,-404,28,-153,0,70.77
8608,20:20:53:620,3,Severe_Damage,L3_S1,-1780,1078,14886,-434,28,-154,0,20.77
8609,20:20:53:631,3,Severe_Damage,L3_S1,-1776,1106,14816,-437,21,-160,0,-49.23
8610,20:20:53:641,3,Severe_Damage,L3_S1,-1798,1022,14714,-413,21,-162,0,-151.23
8611,20:20:53:651,3,Severe_Damage,L3_S1,-1774,1088,14630,-368,23,-150,0,-235.23
8612,20:20:53:661,3,Severe_Damage,L3_S1,-1756,1080,14694,-303,22,-139,0,-171.23
8613,20:20:53:671,3,Severe_Damage,L3_S1,-1748,1028,14644,-242,26,-137,0,-221.23
8614,20:20:53:680,3,Severe_Damage,L3_S1,-1768,1090,14652,-159,34,-120,0,-213.23
8615,20:20:53:691,3,Severe_Damage,L3_S1,-1724,1054,14772,-94,29,-109,0,-93.23
8616,20:20:53:700,3,Severe_Damage,L3_S1,-1800,1098,14748,-24,39,-104,0,-117.23
8617,20:20:53:710,3,Severe_Damage,L3_S1,-1818,1118,14842,9,23,-87,0,-23.23
8618,20:20:53:720,3,Severe_Damage,L3_S1,-1794,1170,14854,42,43,-89,0,-11.23
8619,20:20:53:730,3,Severe_Damage,L3_S1,-1840,1138,14952,35,34,-78,0,86.77
8620,20:20:53:740,3,Severe_Damage,L3_S1,-1832,1142,15038,28,42,-79,0,172.77
8621,20:20:53:750,3,Severe_Damage,L3_S1,-1896,1128,15046,-16,38,-96,0,180.77
8622,20:20:53:760,3,Severe_Damage,L3_S1,-1854,1100,15068,-72,32,-95,0,202.77
8623,20:20:53:771,3,Severe_Damage,L3_S1,-1788,1192,15120,-143,32,-111,0,254.77
8624,20:20:53:781,3,Severe_Damage,L3_S1,-1858,1132,15060,-213,24,-115,0,194.77
8625,20:20:53:790,3,Severe_Damage,L3_S1,-1784,1128,15044,-286,25,-134,0,178.77
8626,20:20:53:801,3,Severe_Damage,L3_S1,-1778,1132,14952,-338,33,-143,0,86.77
8627,20:20:53:811,3,Severe_Damage,L3_S1,-1846,1098,14906,-389,23,-147,0,40.77
8628,20:20:53:821,3,Severe_Damage,L3_S1,-1838,1136,14938,-406,30,-158,0,72.77
8629,20:20:53:831,3,Severe_Damage,L3_S1,-1778,1066,14844,-419,19,-159,0,-21.23
8630,20:20:53:841,3,Severe_Damage,L3_S1,-1760,1116,14792,-395,34,-155,0,-73.23
8631,20:20:53:851,3,Severe_Damage,L3_S1,-1778,1126,14720,-360,21,-139,0,-145.23
8632,20:20:53:861,3,Severe_Damage,L3_S1,-1726,1080,14668,-301,22,-134,0,-197.23
8633,20:20:53:871,3,Severe_Damage,L3_S1,-1788,1050,14648,-233,30,-126,0,-217.23
8634,20:20:53:881,3,Severe_Damage,L3_S1,-1740,1050,14714,-160,25,-125,0,-151.23
8635,20:20:53:891,3,Severe_Damage,L3_S1,-1768,1080,14736,-101,34,-109,0,-129.23
8636,20:20:53:900,3,Severe_Damage,L3_S1,-1760,1148,14684,-53,31,-99,0,-181.23
8637,20:20:53:910,3,Severe_Damage,L3_S1,-1766,1104,14800,-5,29,-87,0,-65.23
8638,20:20:53:920,3,Severe_Damage,L3_S1,-1812,1130,14848,22,37,-90,0,-17.23
8639,20:20:53:930,3,Severe_Damage,L3_S1,-1816,1134,14972,25,30,-83,0,106.77
8640,20:20:53:940,3,Severe_Damage,L3_S1,-1800,1142,15046,4,38,-89,0,180.77
8641,20:20:53:951,3,Severe_Damage,L3_S1,-1874,1152,14970,-31,38,-94,0,104.77
8642,20:20:53:961,3,Severe_Damage,L3_S1,-1836,1120,15094,-85,34,-110,0,228.77
8643,20:20:53:971,3,Severe_Damage,L3_S1,-1808,1140,15034,-140,35,-112,0,168.77
8644,20:20:53:981,3,Severe_Damage,L3_S1,-1824,1142,15056,-207,36,-125,0,190.77
8645,20:20:53:991,3,Severe_Damage,L3_S1,-1830,1108,15008,-269,24,-141,0,142.77
8646,20:20:54:001,3,Severe_Damage,L3_S1,-1840,1146,15036,-325,25,-144,0,170.77
8647,20:20:54:011,3,Severe_Damage,L3_S1,-1796,1152,14886,-364,29,-155,0,20.77
8648,20:20:54:021,3,Severe_Damage,L3_S1,-1800,1122,14806,-394,13,-149,0,-59.23
8649,20:20:54:031,3,Severe_Damage,L3_S1,-1808,1084,14822,-386,26,-161,0,-43.23
8650,20:20:54:041,3,Severe_Damage,L3_S1,-1824,1088,14834,-378,17,-150,0,-31.23
8651,20:20:54:051,3,Severe_Damage,L3_S1,-1818,1042,14744,-349,27,-145,0,-121.23
8652,20:20:54:061,3,Severe_Damage,L3_S1,-1798,1110,14662,-294,33,-139,0,-203.23
8653,20:20:54:071,3,Severe_Damage,L3_S1,-1782,1082,14678,-240,22,-129,0,-187.23
8654,20:20:54:081,3,Severe_Damage,L3_S1,-1782,1070,14696,-179,33,-122,0,-169.23
8655,20:20:54:091,3,Severe_Damage,L3_S1,-1726,1112,14692,-118,29,-112,0,-173.23
8656,20:20:54:101,3,Severe_Damage,L3_S1,-1816,1078,14768,-61,33,-97,0,-97.23
8657,20:20:54:111,3,Severe_Damage,L3_S1,-1824,1088,14750,-22,42,-95,0,-115.23
8658,20:20:54:120,3,Severe_Damage,L3_S1,-1774,1078,14814,2,28,-86,0,-51.23
8659,20:20:54:131,3,Severe_Damage,L3_S1,-1798,1070,14902,10,40,-87,0,36.77
8660,20:20:54:140,3,Severe_Damage,L3_S1,-1836,1086,14908,-4,33,-85,0,42.77
8661,20:20:54:151,3,Severe_Damage,L3_S1,-1832,1176,14988,-36,40,-98,0,122.77
8662,20:20:54:161,3,Severe_Damage,L3_S1,-1800,1166,15064,-81,31,-106,0,198.77
8663,20:20:54:171,3,Severe_Damage,L3_S1,-1842,1148,15008,-148,31,-118,0,142.77
8664,20:20:54:181,3,Severe_Damage,L3_S1,-1880,1134,15034,-190,41,-125,0,168.77
8665,20:20:54:191,3,Severe_Damage,L3_S1,-1854,1148,15056,-258,24,-131,0,190.77
8666,20:20:54:201,3,Severe_Damage,L3_S1,-1896,1108,14976,-303,32,-143,0,110.77
8667,20:20:54:211,3,Severe_Damage,L3_S1,-1776,1130,14914,-351,23,-146,0,48.77
8668,20:20:54:221,3,Severe_Damage,L3_S1,-1822,1112,14864,-362,27,-145,0,-1.23
8669,20:20:54:231,3,Severe_Damage,L3_S1,-1818,1142,14874,-374,22,-144,0,8.77
8670,20:20:54:241,3,Severe_Damage,L3_S1,-1788,1082,14830,-355,18,-144,0,-35.23
8671,20:20:54:251,3,Severe_Damage,L3_S1,-1734,1110,14802,-340,15,-146,0,-63.23
8672,20:20:54:261,3,Severe_Damage,L3_S1,-1766,1082,14684,-289,26,-136,0,-181.23
8673,20:20:54:271,3,Severe_Damage,L3_S1,-1746,1088,14674,-240,17,-130,0,-191.23
8674,20:20:54:281,3,Severe_Damage,L3_S1,-1798,1052,14694,-179,30,-122,0,-171.23
8675,20:20:54:291,3,Severe_Damage,L3_S1,-1746,1074,14676,-133,30,-109,0,-189.23
8676,20:20:54:301,3,Severe_Damage,L3_S1,-1796,1112,14756,-75,41,-97,0,-109.23
8677,20:20:54:311,3,Severe_Damage,L3_S1,-1812,1066,14696,-41,25,-99,0,-169.23
8678,20:20:54:321,3,Severe_Damage,L3_S1,-1734,1132,14852,-16,41,-102,0,-13.23
8679,20:20:54:331,3,Severe_Damage,L3_S1,-1814,1142,14978,-8,27,-98,0,112.77
8680,20:20:54:341,3,Severe_Damage,L3_S1,-1802,1102,14960,-15,31,-102,0,94.77
8681,20:20:54:351,3,Severe_Damage,L3_S1,-1830,1112,15024,-53,38,-98,0,158.77
8682,20:20:54:361,3,Severe_Damage,L3_S1,-1776,1120,15044,-94,30,-102,0,178.77
8683,20:20:54:371,3,Severe_Damage,L3_S1,-1822,1120,15022,-139,34,-113,0,156.77
8684,20:20:54:381,3,Severe_Damage,L3_S1,-1858,1154,14980,-197,26,-116,0,114.77
8685,20:20:54:391,3,Severe_Damage,L3_S1,-1818,1162,14996,-246,32,-129,0,130.77
8686,20:20:54:401,3,Severe_Damage,L3_S1,-1810,1120,14964,-302,24,-134,0,98.77
8687,20:20:54:411,3,Severe_Damage,L3_S1,-1802,1114,14986,-330,25,-144,0,120.77
8688,20:20:54:421,3,Severe_Damage,L3_S1,-1758,1064,14944,-359,22,-154,0,78.77
8689,20:20:54:431,3,Severe_Damage,L3_S1,-1794,1106,14828,-362,26,-142,0,-37.23
8690,20:20:54:441,3,Severe_Damage,L3_S1,-1742,1066,14760,-353,32,-141,0,-105.23
8691,20:20:54:451,3,Severe_Damage,L3_S1,-1792,1110,14800,-321,26,-132,0,-65.23
8692,20:20:54:461,3,Severe_Damage,L3_S1,-1798,1060,14750,-289,29,-135,0,-115.23
8693,20:20:54:471,3,Severe_Damage,L3_S1,-1802,1052,14700,-239,35,-129,0,-165.23
8694,20:20:54:481,3,Severe_Damage,L3_S1,-1796,1096,14708,-193,25,-118,0,-157.23
8695,20:20:54:491,3,Severe_Damage,L3_S1,-1806,1104,14662,-135,41,-115,0,-203.23
8696,20:20:54:501,3,Severe_Damage,L3_S1,-1764,1082,14750,-92,26,-104,0,-115.23
8697,20:20:54:511,3,Severe_Damage,L3_S1,-1836,1144,14820,-56,35,-98,0,-45.23
8698,20:20:54:521,3,Severe_Damage,L3_S1,-1810,1126,14906,-36,33,-100,0,40.77
8699,20:20:54:531,3,Severe_Damage,L3_S1,-1806,1140,14926,-32,35,-94,0,60.77
8700,20:20:54:541,3,Severe_Damage,L3_S1,-1802,1132,15022,-33,45,-97,0,156.77
8701,20:20:54:551,3,Severe_Damage,L3_S1,-1784,1140,14978,-60,30,-94,0,112.77
8702,20:20:54:561,3,Severe_Damage,L3_S1,-1818,1166,14986,-96,41,-100,0,120.77
8703,20:20:54:571,3,Severe_Damage,L3_S1,-1824,1118,15038,-150,32,-119,0,172.77
8704,20:20:54:581,3,Severe_Damage,L3_S1,-1890,1176,14982,-192,27,-118,0,116.77
8705,20:20:54:591,3,Severe_Damage,L3_S1,-1844,1144,15064,-239,36,-129,0,198.77
8706,20:20:54:601,3,Severe_Damage,L3_S1,-1844,1124,14954,-282,26,-142,0,88.77
8707,20:20:54:611,3,Severe_Damage,L3_S1,-1794,1150,14876,-323,33,-142,0,10.77
8708,20:20:54:621,3,Severe_Damage,L3_S1,-1786,1134,14838,-348,27,-149,0,-27.23
8709,20:20:54:631,3,Severe_Damage,L3_S1,-1790,1092,14836,-350,24,-146,0,-29.23
8710,20:20:54:641,3,Severe_Damage,L3_S1,-1794,1076,14798,-340,26,-144,0,-67.23
8711,20:20:54:651,3,Severe_Damage,L3_S1,-1740,1102,14774,-321,30,-140,0,-91.23
8712,20:20:54:661,3,Severe_Damage,L3_S1,-1728,1082,14722,-279,24,-140,0,-143.23
8713,20:20:54:671,3,Severe_Damage,L3_S1,-1792,1140,14704,-243,31,-131,0,-161.23
8714,20:20:54:681,3,Severe_Damage,L3_S1,-1784,1074,14708,-190,37,-124,0,-157.23
8715,20:20:54:691,3,Severe_Damage,L3_S1,-1758,1076,14732,-150,28,-117,0,-133.23
8716,20:20:54:701,3,Severe_Damage,L3_S1,-1802,1070,14756,-95,43,-119,0,-109.23
8717,20:20:54:711,3,Severe_Damage,L3_S1,-1798,1108,14828,-75,24,-106,0,-37.23
8718,20:20:54:721,3,Severe_Damage,L3_S1,-1794,1152,14852,-40,44,-97,0,-13.23
8719,20:20:54:731,3,Severe_Damage,L3_S1,-1810,1100,14890,-47,26,-94,0,24.77
8720,20:20:54:741,3,Severe_Damage,L3_S1,-1752,1120,14950,-42,37,-100,0,84.77
8721,20:20:54:751,3,Severe_Damage,L3_S1,-1782,1084,15046,-71,31,-107,0,180.77
8722,20:20:54:761,3,Severe_Damage,L3_S1,-1816,1098,14960,-102,32,-98,0,94.77
8723,20:20:54:771,3,Severe_Damage,L3_S1,-1810,1136,15030,-152,29,-110,0,164.77
8724,20:20:54:781,3,Severe_Damage,L3_S1,-1806,1130,14982,-184,33,-115,0,116.77
8725,20:20:54:791,3,Severe_Damage,L3_S1,-1878,1158,14984,-238,29,-124,0,118.77
8726,20:20:54:801,3,Severe_Damage,L3_S1,-1832,1116,14896,-270,29,-134,0,30.77
8727,20:20:54:811,3,Severe_Damage,L3_S1,-1784,1126,14938,-304,24,-140,0,72.77
8728,20:20:54:821,3,Severe_Damage,L3_S1,-1836,1138,14914,-328,34,-139,0,48.77
8729,20:20:54:831,3,Severe_Damage,L3_S1,-1768,1094,14858,-334,32,-134,0,-7.23
8730,20:20:54:841,3,Severe_Damage,L3_S1,-1778,1124,14836,-328,23,-143,0,-29.23
8731,20:20:54:851,3,Severe_Damage,L3_S1,-1770,1118,14778,-309,27,-136,0,-87.23
8732,20:20:54:861,3,Severe_Damage,L3_S1,-1766,1068,14690,-288,18,-135,0,-175.23
8733,20:20:54:871,3,Severe_Damage,L3_S1,-1812,1092,14732,-241,38,-127,0,-133.23
8734,20:20:54:881,3,Severe_Damage,L3_S1,-1726,1048,14722,-201,29,-121,0,-143.23
8735,20:20:54:891,3,Severe_Damage,L3_S1,-1756,1062,14706,-152,34,-108,0,-159.23
8736,20:20:54:901,3,Severe_Damage,L3_S1,-1758,1114,14874,-117,32,-103,0,8.77
8737,20:20:54:911,3,Severe_Damage,L3_S1,-1816,1084,14898,-80,31,-97,0,32.77
8738,20:20:54:921,3,Severe_Damage,L3_S1,-1788,1076,14870,-67,27,-102,0,4.77
8739,20:20:54:931,3,Severe_Damage,L3_S1,-1786,1062,14906,-48,39,-99,0,40.77
8740,20:20:54:941,3,Severe_Damage,L3_S1,-1770,1128,14918,-64,31,-100,0,52.77
8741,20:20:54:951,3,Severe_Damage,L3_S1,-1826,1140,14910,-74,42,-101,0,44.77
8742,20:20:54:961,3,Severe_Damage,L3_S1,-1808,1116,14936,-109,32,-110,0,70.77
8743,20:20:54:971,3,Severe_Damage,L3_S1,-1832,1124,15030,-141,34,-113,0,164.77
8744,20:20:54:981,3,Severe_Damage,L3_S1,-1826,1112,14974,-186,27,-117,0,108.77
8745,20:20:54:991,3,Severe_Damage,L3_S1,-1798,1136,14992,-225,36,-126,0,126.77
8746,20:20:55:001,3,Severe_Damage,L3_S1,-1802,1148,14996,-266,33,-129,0,130.77
8747,20:20:55:011,3,Severe_Damage,L3_S1,-1782,1142,14914,-294,28,-130,0,48.77
8748,20:20:55:021,3,Severe_Damage,L3_S1,-1812,1122,14868,-315,26,-135,0,2.77
8749,20:20:55:031,3,Severe_Damage,L3_S1,-1792,1054,14816,-327,30,-137,0,-49.23
8750,20:20:55:041,3,Severe_Damage,L3_S1,-1796,1116,14724,-316,24,-139,0,-141.23
8751,20:20:55:051,3,Severe_Damage,L3_S1,-1790,1052,14766,-298,24,-135,0,-99.23
8752,20:20:55:061,3,Severe_Damage,L3_S1,-1772,1102,14782,-270,26,-137,0,-83.23
8753,20:20:55:071,3,Severe_Damage,L3_S1,-1774,1102,14742,-238,32,-133,0,-123.23
8754,20:20:55:081,3,Severe_Damage,L3_S1,-1760,1070,14774,-202,32,-128,0,-91.23
8755,20:20:55:091,3,Severe_Damage,L3_S1,-1778,1100,14788,-165,31,-117,0,-77.23
8756,20:20:55:101,3,Severe_Damage,L3_S1,-1812,1140,14764,-124,34,-108,0,-101.23
8757,20:20:55:111,3,Severe_Damage,L3_S1,-1786,1084,14798,-92,39,-108,0,-67.23
8758,20:20:55:121,3,Severe_Damage,L3_S1,-1778,1126,14852,-76,30,-105,0,-13.23
8759,20:20:55:131,3,Severe_Damage,L3_S1,-1840,1136,14890,-70,31,-103,0,24.77
8760,20:20:55:141,3,Severe_Damage,L3_S1,-1798,1090,14844,-68,36,-105,0,-21.23
8761,20:20:55:151,3,Severe_Damage,L3_S1,-1808,1140,14884,-86,38,-106,0,18.77
8762,20:20:55:161,3,Severe_Damage,L3_S1,-1802,1102,15010,-109,33,-112,0,144.77
8763,20:20:55:171,3,Severe_Damage,L3_S1,-1772,1110,15014,-141,30,-114,0,148.77
8764,20:20:55:181,3,Severe_Damage,L3_S1,-1798,1140,14936,-173,37,-118,0,70.77
8765,20:20:55:191,3,Severe_Damage,L3_S1,-1816,1108,15018,-221,27,-119,0,152.77
8766,20:20:55:201,3,Severe_Damage,L3_S1,-1804,1126,14984,-249,28,-131,0,118.77
8767,20:20:55:211,3,Severe_Damage,L3_S1,-1830,1072,14838,-282,20,-131,0,-27.23
8768,20:20:55:221,3,Severe_Damage,L3_S1,-1798,1094,14880,-300,29,-140,0,14.77
8769,20:20:55:231,3,Severe_Damage,L3_S1,-1790,1062,14918,-316,17,-140,0,52.77
8770,20:20:55:241,3,Severe_Damage,L3_S1,-1734,1100,14832,-303,33,-136,0,-33.23
8771,20:20:55:251,3,Severe_Damage,L3_S1,-1782,1070,14754,-294,20,-142,0,-111.23
8772,20:20:55:261,3,Severe_Damage,L3_S1,-1784,1076,14790,-267,27,-132,0,-75.23
8773,20:20:55:271,3,Severe_Damage,L3_S1,-1788,1102,14790,-243,20,-127,0,-75.23
8774,20:20:55:281,3,Severe_Damage,L3_S1,-1854,1072,14728,-200,32,-117,0,-137.23
8775,20:20:55:291,3,Severe_Damage,L3_S1,-1778,1088,14772,-157,39,-116,0,-93.23
8776,20:20:55:301,3,Severe_Damage,L3_S1,-1784,1066,14834,-140,32,-114,0,-31.23
8777,20:20:55:311,3,Severe_Damage,L3_S1,-1802,1072,14860,-105,38,-109,0,-5.23
8778,20:20:55:321,3,Severe_Damage,L3_S1,-1770,1110,14824,-90,31,-105,0,-41.23
8779,20:20:55:331,3,Severe_Damage,L3_S1,-1810,1114,14934,-72,37,-96,0,68.77
8780,20:20:55:341,3,Severe_Damage,L3_S1,-1796,1102,14940,-84,32,-105,0,74.77
8781,20:20:55:351,3,Severe_Damage,L3_S1,-1800,1116,15014,-88,28,-111,0,148.77
8782,20:20:55:361,3,Severe_Damage,L3_S1,-1838,1124,14984,-115,30,-113,0,118.77
8783,20:20:55:371,3,Severe_Damage,L3_S1,-1808,1130,15016,-140,35,-111,0,150.77
8784,20:20:55:381,3,Severe_Damage,L3_S1,-1796,1096,14946,-184,23,-115,0,80.77
8785,20:20:55:391,3,Severe_Damage,L3_S1,-1816,1116,14962,-211,28,-126,0,96.77
8786,20:20:55:401,3,Severe_Damage,L3_S1,-1818,1096,14972,-254,21,-132,0,106.77
8787,20:20:55:411,3,Severe_Damage,L3_S1,-1792,1148,14938,-266,30,-128,0,72.77
8788,20:20:55:421,3,Severe_Damage,L3_S1,-1780,1162,14900,-294,27,-133,0,34.77
8789,20:20:55:431,3,Severe_Damage,L3_S1,-1812,1114,14898,-298,29,-136,0,32.77
8790,20:20:55:441,3,Severe_Damage,L3_S1,-1766,1074,14862,-298,27,-142,0,-3.23
8791,20:20:55:451,3,Severe_Damage,L3_S1,-1762,1120,14796,-278,29,-134,0,-69.23
8792,20:20:55:461,3,Severe_Damage,L3_S1,-1768,1066,14794,-271,29,-126,0,-71.23
8793,20:20:55:471,3,Severe_Damage,L3_S1,-1740,1066,14766,-236,31,-127,0,-99.23
8794,20:20:55:481,3,Severe_Damage,L3_S1,-1800,1044,14758,-206,31,-119,0,-107.23
8795,20:20:55:492,3,Severe_Damage,L3_S1,-1774,1032,14816,-164,34,-124,0,-49.23
8796,20:20:55:501,3,Severe_Damage,L3_S1,-1810,1102,14812,-137,29,-109,0,-53.23
8797,20:20:55:511,3,Severe_Damage,L3_S1,-1812,1098,14870,-116,29,-108,0,4.77
8798,20:20:55:521,3,Severe_Damage,L3_S1,-1780,1078,14812,-104,26,-100,0,-53.23
8799,20:20:55:531,3,Severe_Damage,L3_S1,-1748,1096,14818,-94,40,-102,0,-47.23
8800,20:20:55:541,3,Severe_Damage,L3_S1,-1750,1140,14896,-83,39,-99,0,30.77
8801,20:20:55:551,3,Severe_Damage,L3_S1,-1786,1100,14920,-100,36,-108,0,54.77
8802,20:20:55:561,3,Severe_Damage,L3_S1,-1790,1160,14974,-115,36,-112,0,108.77
8803,20:20:55:572,3,Severe_Damage,L3_S1,-1780,1108,14930,-153,29,-113,0,64.77
8804,20:20:55:581,3,Severe_Damage,L3_S1,-1806,1106,14996,-178,35,-120,0,130.77
8805,20:20:55:591,3,Severe_Damage,L3_S1,-1790,1100,14974,-209,34,-124,0,108.77
8806,20:20:55:601,3,Severe_Damage,L3_S1,-1768,1090,14966,-239,25,-130,0,100.77
8807,20:20:55:611,3,Severe_Damage,L3_S1,-1884,1102,14966,-264,23,-126,0,100.77
8808,20:20:55:622,3,Severe_Damage,L3_S1,-1786,1142,14886,-275,33,-139,0,20.77
8809,20:20:55:631,3,Severe_Damage,L3_S1,-1844,1076,14872,-292,24,-137,0,6.77
8810,20:20:55:641,3,Severe_Damage,L3_S1,-1796,1086,14812,-295,24,-138,0,-53.23
8811,20:20:55:651,3,Severe_Damage,L3_S1,-1800,1090,14782,-280,25,-139,0,-83.23
8812,20:20:55:661,3,Severe_Damage,L3_S1,-1782,1102,14808,-267,27,-137,0,-57.23
8813,20:20:55:671,3,Severe_Damage,L3_S1,-1778,1096,14794,-232,32,-128,0,-71.23
8814,20:20:55:681,3,Severe_Damage,L3_S1,-1772,1076,14724,-205,26,-119,0,-141.23
8815,20:20:55:691,3,Severe_Damage,L3_S1,-1828,1102,14800,-172,24,-117,0,-65.23
8816,20:20:55:701,3,Severe_Damage,L3_S1,-1818,1064,14738,-152,25,-115,0,-127.23
8817,20:20:55:711,3,Severe_Damage,L3_S1,-1838,1148,14830,-126,29,-103,0,-35.23
8818,20:20:55:721,3,Severe_Damage,L3_S1,-1782,1076,14848,-112,28,-103,0,-17.23
8819,20:20:55:731,3,Severe_Damage,L3_S1,-1828,1032,14894,-90,30,-98,0,28.77
8820,20:20:55:741,3,Severe_Damage,L3_S1,-1788,1116,14946,-99,22,-107,0,80.77
8821,20:20:55:751,3,Severe_Damage,L3_S1,-1826,1122,14936,-102,33,-103,0,70.77
8822,20:20:55:761,3,Severe_Damage,L3_S1,-1786,1092,14944,-129,31,-112,0,78.77
8823,20:20:55:771,3,Severe_Damage,L3_S1,-1826,1130,14944,-144,34,-115,0,78.77
8824,20:20:55:781,3,Severe_Damage,L3_S1,-1822,1116,14946,-174,28,-113,0,80.77
8825,20:20:55:791,3,Severe_Damage,L3_S1,-1816,1146,14920,-207,26,-120,0,54.77
8826,20:20:55:801,3,Severe_Damage,L3_S1,-1788,1134,14896,-236,35,-121,0,30.77
8827,20:20:55:811,3,Severe_Damage,L3_S1,-1796,1108,14898,-260,27,-132,0,32.77
8828,20:20:55:821,3,Severe_Damage,L3_S1,-1822,1132,14950,-275,27,-133,0,84.77
8829,20:20:55:831,3,Severe_Damage,L3_S1,-1790,1118,14862,-281,32,-136,0,-3.23
8830,20:20:55:841,3,Severe_Damage,L3_S1,-1838,1136,14834,-282,22,-132,0,-31.23
8831,20:20:55:851,3,Severe_Damage,L3_S1,-1762,1074,14810,-275,24,-130,0,-55.23
8832,20:20:55:861,3,Severe_Damage,L3_S1,-1794,1082,14758,-252,27,-133,0,-107.23
8833,20:20:55:871,3,Severe_Damage,L3_S1,-1788,1078,14778,-235,26,-129,0,-87.23
8834,20:20:55:881,3,Severe_Damage,L3_S1,-1716,1112,14778,-205,22,-128,0,-87.23
8835,20:20:55:891,3,Severe_Damage,L3_S1,-1816,1118,14764,-177,31,-123,0,-101.23
8836,20:20:55:901,3,Severe_Damage,L3_S1,-1786,1092,14774,-149,32,-114,0,-91.23
8837,20:20:55:911,3,Severe_Damage,L3_S1,-1748,1074,14824,-128,32,-107,0,-41.23
8838,20:20:55:921,3,Severe_Damage,L3_S1,-1802,1124,14878,-112,32,-110,0,12.77
8839,20:20:55:931,3,Severe_Damage,L3_S1,-1794,1120,14884,-108,31,-112,0,18.77
8840,20:20:55:941,3,Severe_Damage,L3_S1,-1814,1092,14924,-103,34,-113,0,58.77
8841,20:20:55:951,3,Severe_Damage,L3_S1,-1800,1132,14940,-113,38,-112,0,74.77
8842,20:20:55:961,3,Severe_Damage,L3_S1,-1822,1080,14936,-119,33,-112,0,70.77
8843,20:20:55:971,3,Severe_Damage,L3_S1,-1828,1112,14946,-149,32,-115,0,80.77
8844,20:20:55:981,3,Severe_Damage,L3_S1,-1840,1116,14956,-170,27,-121,0,90.77
8845,20:20:55:991,3,Severe_Damage,L3_S1,-1782,1098,14976,-203,30,-121,0,110.77
8846,20:20:56:001,3,Severe_Damage,L3_S1,-1828,1116,14930,-222,33,-124,0,64.77
8847,20:20:56:011,3,Severe_Damage,L3_S1,-1784,1154,14836,-252,35,-131,0,-29.23
8848,20:20:56:022,3,Severe_Damage,L3_S1,-1812,1106,14936,-264,33,-135,0,70.77
8849,20:20:56:032,3,Severe_Damage,L3_S1,-1806,1124,14836,-279,26,-125,0,-29.23
8850,20:20:56:042,3,Severe_Damage,L3_S1,-1774,1076,14868,-270,27,-125,0,2.77
8851,20:20:56:052,3,Severe_Damage,L3_S1,-1850,1036,14872,-264,29,-130,0,6.77
8852,20:20:56:062,3,Severe_Damage,L3_S1,-1822,1076,14732,-250,30,-131,0,-133.23
8853,20:20:56:071,3,Severe_Damage,L3_S1,-1800,1082,14738,-231,24,-126,0,-127.23
8854,20:20:56:081,3,Severe_Damage,L3_S1,-1808,1102,14798,-208,38,-123,0,-67.23
8855,20:20:56:091,3,Severe_Damage,L3_S1,-1800,1094,14778,-178,29,-122,0,-87.23
8856,20:20:56:101,3,Severe_Damage,L3_S1,-1810,1066,14728,-161,29,-118,0,-137.23
8857,20:20:56:111,3,Severe_Damage,L3_S1,-1804,1052,14820,-129,30,-114,0,-45.23
8858,20:20:56:122,3,Severe_Damage,L3_S1,-1804,1114,14890,-126,34,-111,0,24.77
8859,20:20:56:131,3,Severe_Damage,L3_S1,-1816,1134,14864,-108,28,-100,0,-1.23
8860,20:20:56:142,3,Severe_Damage,L3_S1,-1794,1116,14894,-112,36,-104,0,28.77
8861,20:20:56:151,3,Severe_Damage,L3_S1,-1800,1120,14944,-116,28,-107,0,78.77
8862,20:20:56:161,3,Severe_Damage,L3_S1,-1816,1128,14926,-129,34,-106,0,60.77
8863,20:20:56:171,3,Severe_Damage,L3_S1,-1808,1148,14952,-148,30,-112,0,86.77
8864,20:20:56:181,3,Severe_Damage,L3_S1,-1826,1128,14954,-177,33,-110,0,88.77
8865,20:20:56:192,3,Severe_Damage,L3_S1,-1840,1150,14886,-204,19,-119,0,20.77
8866,20:20:56:202,3,Severe_Damage,L3_S1,-1786,1130,14902,-224,28,-120,0,36.77
8867,20:20:56:212,3,Severe_Damage,L3_S1,-1798,1108,14982,-243,25,-130,0,116.77
8868,20:20:56:222,3,Severe_Damage,L3_S1,-1798,1110,14934,-256,22,-135,0,68.77
8869,20:20:56:231,3,Severe_Damage,L3_S1,-1762,1114,14884,-262,30,-132,0,18.77
8870,20:20:56:242,3,Severe_Damage,L3_S1,-1780,1096,14828,-264,30,-124,0,-37.23
8871,20:20:56:252,3,Severe_Damage,L3_S1,-1784,1148,14804,-259,33,-131,0,-61.23
8872,20:20:56:261,3,Severe_Damage,L3_S1,-1820,1072,14780,-248,24,-128,0,-85.23
8873,20:20:56:272,3,Severe_Damage,L3_S1,-1780,1086,14760,-228,32,-120,0,-105.23
8874,20:20:56:282,3,Severe_Damage,L3_S1,-1788,1088,14730,-207,22,-120,0,-135.23
8875,20:20:56:291,3,Severe_Damage,L3_S1,-1766,1150,14764,-181,35,-118,0,-101.23
8876,20:20:56:301,3,Severe_Damage,L3_S1,-1734,1106,14802,-160,29,-111,0,-63.23
8877,20:20:56:312,3,Severe_Damage,L3_S1,-1820,1118,14838,-137,37,-108,0,-27.23
8878,20:20:56:322,3,Severe_Damage,L3_S1,-1776,1064,14924,-116,36,-111,0,58.77
8879,20:20:56:332,3,Severe_Damage,L3_S1,-1800,1110,14830,-117,29,-107,0,-35.23
8880,20:20:56:342,3,Severe_Damage,L3_S1,-1778,1112,14890,-110,38,-105,0,24.77
8881,20:20:56:352,3,Severe_Damage,L3_S1,-1788,1134,14964,-128,33,-109,0,98.77
8882,20:20:56:362,3,Severe_Damage,L3_S1,-1804,1122,14888,-127,41,-105,0,22.77
8883,20:20:56:372,3,Severe_Damage,L3_S1,-1796,1116,14974,-152,34,-110,0,108.77
8884,20:20:56:382,3,Severe_Damage,L3_S1,-1822,1096,14892,-170,22,-115,0,26.77
8885,20:20:56:392,3,Severe_Damage,L3_S1,-1820,1158,14898,-202,22,-123,0,32.77
8886,20:20:56:402,3,Severe_Damage,L3_S1,-1812,1098,14902,-210,21,-123,0,36.77
8887,20:20:56:412,3,Severe_Damage,L3_S1,-1822,1142,14946,-245,29,-122,0,80.77
8888,20:20:56:422,3,Severe_Damage,L3_S1,-1820,1136,14878,-250,26,-125,0,12.77
8889,20:20:56:432,3,Severe_Damage,L3_S1,-1794,1094,14894,-264,24,-129,0,28.77
8890,20:20:56:442,3,Severe_Damage,L3_S1,-1820,1122,14890,-259,29,-126,0,24.77
8891,20:20:56:452,3,Severe_Damage,L3_S1,-1816,1046,14850,-259,25,-130,0,-15.23
8892,20:20:56:462,3,Severe_Damage,L3_S1,-1794,1140,14854,-235,30,-129,0,-11.23
8893,20:20:56:472,3,Severe_Damage,L3_S1,-1768,1074,14794,-237,28,-124,0,-71.23
8894,20:20:56:482,3,Severe_Damage,L3_S1,-1744,1100,14842,-203,27,-123,0,-23.23
8895,20:20:56:492,3,Severe_Damage,L3_S1,-1806,1104,14806,-184,32,-117,0,-59.23
8896,20:20:56:502,3,Severe_Damage,L3_S1,-1762,1074,14880,-163,37,-110,0,14.77
8897,20:20:56:512,3,Severe_Damage,L3_S1,-1756,1098,14908,-154,31,-111,0,42.77
8898,20:20:56:522,3,Severe_Damage,L3_S1,-1842,1142,14886,-132,33,-111,0,20.77
8899,20:20:56:532,3,Severe_Damage,L3_S1,-1804,1078,14922,-121,32,-107,0,56.77
8900,20:20:56:542,3,Severe_Damage,L3_S1,-1808,1104,14900,-123,35,-104,0,34.77
8901,20:20:56:552,3,Severe_Damage,L3_S1,-1774,1088,14914,-133,31,-116,0,48.77
8902,20:20:56:562,3,Severe_Damage,L3_S1,-1814,1138,14926,-144,27,-107,0,60.77
8903,20:20:56:572,3,Severe_Damage,L3_S1,-1762,1158,14894,-148,28,-115,0,28.77
8904,20:20:56:582,3,Severe_Damage,L3_S1,-1780,1056,14958,-180,33,-117,0,92.77
8905,20:20:56:592,3,Severe_Damage,L3_S1,-1852,1122,14978,-191,25,-116,0,112.77
8906,20:20:56:602,3,Severe_Damage,L3_S1,-1766,1108,14934,-217,27,-126,0,68.77
8907,20:20:56:612,3,Severe_Damage,L3_S1,-1826,1122,14878,-230,21,-122,0,12.77
8908,20:20:56:622,3,Severe_Damage,L3_S1,-1776,1094,14830,-253,35,-129,0,-35.23
8909,20:20:56:632,3,Severe_Damage,L3_S1,-1792,1100,14896,-257,21,-128,0,30.77
8910,20:20:56:642,3,Severe_Damage,L3_S1,-1794,1110,14892,-260,24,-132,0,26.77
8911,20:20:56:652,3,Severe_Damage,L3_S1,-1722,1162,14808,-249,24,-127,0,-57.23
8912,20:20:56:662,3,Severe_Damage,L3_S1,-1776,1058,14820,-240,22,-127,0,-45.23
8913,20:20:56:672,3,Severe_Damage,L3_S1,-1766,1056,14870,-225,25,-129,0,4.77
8914,20:20:56:682,3,Severe_Damage,L3_S1,-1794,1142,14780,-206,29,-119,0,-85.23
8915,20:20:56:692,3,Severe_Damage,L3_S1,-1786,1060,14832,-192,22,-123,0,-33.23
8916,20:20:56:702,3,Severe_Damage,L3_S1,-1812,1114,14786,-173,33,-116,0,-79.23
8917,20:20:56:712,3,Severe_Damage,L3_S1,-1780,1050,14766,-149,34,-125,0,-99.23
8918,20:20:56:722,3,Severe_Damage,L3_S1,-1808,1088,14776,-131,34,-119,0,-89.23
8919,20:20:56:732,3,Severe_Damage,L3_S1,-1808,1086,14866,-133,36,-116,0,0.77
8920,20:20:56:742,3,Severe_Damage,L3_S1,-1836,1096,14840,-126,37,-111,0,-25.23
8921,20:20:56:752,3,Severe_Damage,L3_S1,-1810,1136,14950,-133,43,-116,0,84.77
8922,20:20:56:762,3,Severe_Damage,L3_S1,-1818,1080,14986,-145,27,-107,0,120.77
8923,20:20:56:772,3,Severe_Damage,L3_S1,-1832,1118,14888,-157,36,-116,0,22.77
8924,20:20:56:782,3,Severe_Damage,L3_S1,-1806,1140,14888,-176,26,-117,0,22.77
8925,20:20:56:792,3,Severe_Damage,L3_S1,-1762,1108,14922,-187,28,-127,0,56.77
8926,20:20:56:802,3,Severe_Damage,L3_S1,-1824,1144,14872,-214,28,-121,0,6.77
8927,20:20:56:812,3,Severe_Damage,L3_S1,-1844,1158,14934,-231,33,-134,0,68.77
8928,20:20:56:822,3,Severe_Damage,L3_S1,-1804,1136,14928,-239,28,-135,0,62.77
8929,20:20:56:832,3,Severe_Damage,L3_S1,-1856,1116,14866,-243,28,-133,0,0.77
8930,20:20:56:842,3,Severe_Damage,L3_S1,-1802,1114,14836,-245,36,-127,0,-29.23
8931,20:20:56:852,3,Severe_Damage,L3_S1,-1834,1082,14834,-253,29,-131,0,-31.23
8932,20:20:56:862,3,Severe_Damage,L3_S1,-1788,1096,14856,-231,35,-128,0,-9.23
8933,20:20:56:872,3,Severe_Damage,L3_S1,-1772,1114,14816,-229,29,-126,0,-49.23
8934,20:20:56:882,3,Severe_Damage,L3_S1,-1734,1104,14778,-203,36,-128,0,-87.23
8935,20:20:56:892,3,Severe_Damage,L3_S1,-1788,1080,14846,-189,26,-129,0,-19.23
8936,20:20:56:902,3,Severe_Damage,L3_S1,-1840,1102,14770,-166,29,-122,0,-95.23
8937,20:20:56:912,3,Severe_Damage,L3_S1,-1820,1084,14864,-155,37,-120,0,-1.23
8938,20:20:56:922,3,Severe_Damage,L3_S1,-1800,1072,14788,-133,28,-112,0,-77.23
8939,20:20:56:932,3,Severe_Damage,L3_S1,-1766,1086,14906,-140,29,-115,0,40.77
8940,20:20:56:942,3,Severe_Damage,L3_S1,-1784,1064,14882,-130,35,-113,0,16.77
8941,20:20:56:952,3,Severe_Damage,L3_S1,-1836,1126,14880,-144,31,-109,0,14.77
8942,20:20:56:962,3,Severe_Damage,L3_S1,-1802,1106,14888,-147,38,-111,0,22.77
8943,20:20:56:972,3,Severe_Damage,L3_S1,-1868,1132,14864,-166,28,-110,0,-1.23
8944,20:20:56:982,3,Severe_Damage,L3_S1,-1798,1136,14930,-176,35,-118,0,64.77
8945,20:20:56:992,3,Severe_Damage,L3_S1,-1808,1102,14858,-193,28,-121,0,-7.23
8946,20:20:57:002,3,Severe_Damage,L3_S1,-1828,1116,14934,-208,28,-122,0,68.77
8947,20:20:57:012,3,Severe_Damage,L3_S1,-1766,1098,14928,-225,30,-126,0,62.77
8948,20:20:57:022,3,Severe_Damage,L3_S1,-1820,1080,14922,-234,26,-131,0,56.77
8949,20:20:57:032,3,Severe_Damage,L3_S1,-1798,1118,14850,-240,30,-127,0,-15.23
8950,20:20:57:042,3,Severe_Damage,L3_S1,-1752,1144,14906,-246,28,-129,0,40.77
8951,20:20:57:052,3,Severe_Damage,L3_S1,-1778,1086,14882,-236,26,-128,0,16.77
8952,20:20:57:062,3,Severe_Damage,L3_S1,-1808,1108,14856,-236,35,-135,0,-9.23
8953,20:20:57:072,3,Severe_Damage,L3_S1,-1790,1096,14834,-218,34,-127,0,-31.23
8954,20:20:57:082,3,Severe_Damage,L3_S1,-1808,1086,14810,-214,31,-127,0,-55.23
8955,20:20:57:092,3,Severe_Damage,L3_S1,-1800,1096,14858,-188,31,-116,0,-7.23
8956,20:20:57:102,3,Severe_Damage,L3_S1,-1818,1086,14822,-177,34,-121,0,-43.23
8957,20:20:57:112,3,Severe_Damage,L3_S1,-1844,1078,14808,-155,33,-120,0,-57.23
8958,20:20:57:122,3,Severe_Damage,L3_S1,-1794,1118,14884,-150,34,-118,0,18.77
8959,20:20:57:132,3,Severe_Damage,L3_S1,-1804,1110,14862,-136,36,-112,0,-3.23
8960,20:20:57:142,3,Severe_Damage,L3_S1,-1794,1066,14872,-141,23,-110,0,6.77
8961,20:20:57:152,3,Severe_Damage,L3_S1,-1768,1108,14922,-145,28,-110,0,56.77
8962,20:20:57:162,3,Severe_Damage,L3_S1,-1810,1152,14948,-152,32,-116,0,82.77
8963,20:20:57:172,3,Severe_Damage,L3_S1,-1774,1148,14854,-161,31,-122,0,-11.23
8964,20:20:57:182,3,Severe_Damage,L3_S1,-1836,1150,14856,-175,33,-115,0,-9.23
8965,20:20:57:192,3,Severe_Damage,L3_S1,-1790,1152,14884,-189,30,-119,0,18.77
8966,20:20:57:202,3,Severe_Damage,L3_S1,-1786,1124,14928,-207,35,-117,0,62.77
8967,20:20:57:212,3,Severe_Damage,L3_S1,-1764,1104,14844,-218,27,-127,0,-21.23
8968,20:20:57:222,3,Severe_Damage,L3_S1,-1840,1130,14862,-233,23,-127,0,-3.23
8969,20:20:57:232,3,Severe_Damage,L3_S1,-1782,1110,14844,-239,26,-121,0,-21.23
8970,20:20:57:242,3,Severe_Damage,L3_S1,-1808,1090,14880,-244,26,-122,0,14.77
8971,20:20:57:252,3,Severe_Damage,L3_S1,-1796,1058,14846,-238,40,-135,0,-19.23
8972,20:20:57:262,3,Severe_Damage,L3_S1,-1794,1144,14832,-230,20,-131,0,-33.23
8973,20:20:57:272,3,Severe_Damage,L3_S1,-1744,1086,14844,-213,32,-135,0,-21.23
8974,20:20:57:282,3,Severe_Damage,L3_S1,-1774,1080,14938,-205,21,-123,0,72.77
8975,20:20:57:292,3,Severe_Damage,L3_S1,-1820,1132,14866,-190,36,-117,0,0.77
8976,20:20:57:302,3,Severe_Damage,L3_S1,-1774,1106,14844,-175,35,-119,0,-21.23
8977,20:20:57:312,3,Severe_Damage,L3_S1,-1778,1140,14822,-164,31,-123,0,-43.23
8978,20:20:57:322,3,Severe_Damage,L3_S1,-1766,1112,14840,-156,36,-113,0,-25.23
8979,20:20:57:332,3,Severe_Damage,L3_S1,-1822,1112,14902,-154,29,-108,0,36.77
8980,20:20:57:342,3,Severe_Damage,L3_S1,-1822,1086,14860,-138,33,-114,0,-5.23
8981,20:20:57:352,3,Severe_Damage,L3_S1,-1772,1120,14942,-145,27,-119,0,76.77
8982,20:20:57:362,3,Severe_Damage,L3_S1,-1814,1104,14900,-150,37,-114,0,34.77
8983,20:20:57:372,3,Severe_Damage,L3_S1,-1802,1098,14940,-168,23,-117,0,74.77
8984,20:20:57:382,3,Severe_Damage,L3_S1,-1806,1182,14944,-173,35,-116,0,78.77
8985,20:20:57:392,3,Severe_Damage,L3_S1,-1790,1094,14888,-198,24,-125,0,22.77
8986,20:20:57:402,3,Severe_Damage,L3_S1,-1808,1076,14926,-205,32,-123,0,60.77
8987,20:20:57:412,3,Severe_Damage,L3_S1,-1814,1120,14908,-222,27,-124,0,42.77
8988,20:20:57:422,3,Severe_Damage,L3_S1,-1826,1098,14894,-218,30,-130,0,28.77
8989,20:20:57:432,3,Severe_Damage,L3_S1,-1810,1122,14838,-229,23,-131,0,-27.23
8990,20:20:57:442,3,Severe_Damage,L3_S1,-1706,1118,14874,-239,33,-125,0,8.77
8991,20:20:57:452,3,Severe_Damage,L3_S1,-1752,1096,14864,-229,36,-130,0,-1.23
8992,20:20:57:462,3,Severe_Damage,L3_S1,-1774,1044,14814,-227,28,-128,0,-51.23
8993,20:20:57:472,3,Severe_Damage,L3_S1,-1788,1124,14818,-215,36,-131,0,-47.23
8994,20:20:57:482,3,Severe_Damage,L3_S1,-1790,1136,14834,-211,35,-122,0,-31.23
8995,20:20:57:492,3,Severe_Damage,L3_S1,-1776,1122,14888,-193,33,-116,0,22.77
8996,20:20:57:502,3,Severe_Damage,L3_S1,-1758,1128,14770,-180,32,-120,0,-95.23
8997,20:20:57:512,3,Severe_Damage,L3_S1,-1814,1072,14806,-157,24,-114,0,-59.23
8998,20:20:57:522,3,Severe_Damage,L3_S1,-1798,1124,14914,-153,30,-123,0,48.77
8999,20:20:57:532,3,Severe_Damage,L3_S1,-1824,1064,14778,-147,34,-114,0,-87.23
9000,20:20:57:542,3,Severe_Damage,L3_S1,-1796,1090,14854,-151,31,-106,0,-11.23
9001,20:20:57:552,3,Severe_Damage,L3_S1,-1760,1098,14898,-145,33,-109,0,32.77
9002,20:20:57:562,3,Severe_Damage,L3_S1,-1844,1134,14872,-163,31,-117,0,6.77
9003,20:20:57:572,3,Severe_Damage,L3_S1,-1830,1140,14878,-160,33,-116,0,12.77
9004,20:20:57:582,3,Severe_Damage,L3_S1,-1788,1110,14932,-182,32,-123,0,66.77
9005,20:20:57:592,3,Severe_Damage,L3_S1,-1806,1104,14896,-184,40,-122,0,30.77
9006,20:20:57:602,3,Severe_Damage,L3_S1,-1832,1080,14960,-209,32,-125,0,94.77
9007,20:20:57:612,3,Severe_Damage,L3_S1,-1794,1116,14898,-206,30,-131,0,32.77
9008,20:20:57:622,3,Severe_Damage,L3_S1,-1790,1066,14886,-224,26,-136,0,20.77
9009,20:20:57:632,3,Severe_Damage,L3_S1,-1820,1094,14868,-228,35,-130,0,2.77
9010,20:20:57:642,3,Severe_Damage,L3_S1,-1816,1122,14854,-229,26,-132,0,-11.23
9011,20:20:57:652,3,Severe_Damage,L3_S1,-1754,1108,14934,-227,24,-130,0,68.77
9012,20:20:57:662,3,Severe_Damage,L3_S1,-1794,1094,14806,-212,31,-131,0,-59.23
9013,20:20:57:672,3,Severe_Damage,L3_S1,-1788,1058,14820,-208,32,-132,0,-45.23
9014,20:20:57:682,3,Severe_Damage,L3_S1,-1782,1076,14836,-191,36,-125,0,-29.23
9015,20:20:57:692,3,Severe_Damage,L3_S1,-1810,1104,14870,-181,27,-117,0,4.77
9016,20:20:57:702,3,Severe_Damage,L3_S1,-1824,1064,14824,-165,32,-125,0,-41.23
9017,20:20:57:712,3,Severe_Damage,L3_S1,-1824,1116,14824,-157,25,-123,0,-41.23
9018,20:20:57:722,3,Severe_Damage,L3_S1,-1764,1064,14882,-151,33,-113,0,16.77
9019,20:20:57:732,3,Severe_Damage,L3_S1,-1824,1110,14860,-146,23,-111,0,-5.23
9020,20:20:57:742,3,Severe_Damage,L3_S1,-1758,1066,14868,-145,30,-112,0,2.77
9021,20:20:57:752,3,Severe_Damage,L3_S1,-1802,1120,14864,-156,30,-117,0,-1.23
9022,20:20:57:762,3,Severe_Damage,L3_S1,-1792,1124,14946,-167,38,-118,0,80.77
9023,20:20:57:772,3,Severe_Damage,L3_S1,-1820,1112,14948,-174,32,-113,0,82.77
9024,20:20:57:782,3,Severe_Damage,L3_S1,-1816,1112,14932,-187,35,-123,0,66.77
9025,20:20:57:792,3,Severe_Damage,L3_S1,-1822,1084,14958,-204,24,-127,0,92.77
9026,20:20:57:802,3,Severe_Damage,L3_S1,-1790,1142,14858,-208,29,-133,0,-7.23
9027,20:20:57:812,3,Severe_Damage,L3_S1,-1802,1118,14940,-219,30,-130,0,74.77
9028,20:20:57:822,3,Severe_Damage,L3_S1,-1828,1122,14866,-224,33,-129,0,0.77
9029,20:20:57:832,3,Severe_Damage,L3_S1,-1812,1118,14928,-231,31,-129,0,62.77
9030,20:20:57:842,3,Severe_Damage,L3_S1,-1808,1094,14876,-230,27,-132,0,10.77
9031,20:20:57:852,3,Severe_Damage,L3_S1,-1746,1096,14844,-222,32,-134,0,-21.23
9032,20:20:57:862,3,Severe_Damage,L3_S1,-1784,1064,14876,-216,27,-127,0,10.77
9033,20:20:57:872,3,Severe_Damage,L3_S1,-1800,1074,14852,-206,33,-127,0,-13.23
9034,20:20:57:882,3,Severe_Damage,L3_S1,-1786,1114,14836,-197,24,-124,0,-29.23
9035,20:20:57:892,3,Severe_Damage,L3_S1,-1846,1148,14786,-177,38,-112,0,-79.23
9036,20:20:57:902,3,Severe_Damage,L3_S1,-1742,1082,14818,-176,26,-117,0,-47.23
9037,20:20:57:912,3,Severe_Damage,L3_S1,-1832,1128,14774,-158,33,-117,0,-91.23
9038,20:20:57:922,3,Severe_Damage,L3_S1,-1788,1110,14864,-162,33,-116,0,-1.23
9039,20:20:57:932,3,Severe_Damage,L3_S1,-1780,1082,14878,-158,26,-112,0,12.77
9040,20:20:57:942,3,Severe_Damage,L3_S1,-1786,1148,14810,-156,30,-113,0,-55.23
9041,20:20:57:952,3,Severe_Damage,L3_S1,-1826,1116,14846,-167,30,-116,0,-19.23
9042,20:20:57:962,3,Severe_Damage,L3_S1,-1782,1106,14840,-162,33,-121,0,-25.23
9043,20:20:57:972,3,Severe_Damage,L3_S1,-1842,1094,14906,-188,25,-123,0,40.77
9044,20:20:57:982,3,Severe_Damage,L3_S1,-1812,1118,14918,-179,26,-115,0,52.77
9045,20:20:57:992,3,Severe_Damage,L3_S1,-1796,1086,14914,-202,23,-125,0,48.77
9046,20:20:58:002,3,Severe_Damage,L3_S1,-1806,1076,14878,-198,26,-117,0,12.77
9047,20:20:58:012,3,Severe_Damage,L3_S1,-1768,1116,14890,-211,33,-128,0,24.77
9048,20:20:58:022,3,Severe_Damage,L3_S1,-1782,1126,14878,-217,31,-121,0,12.77
9049,20:20:58:032,3,Severe_Damage,L3_S1,-1806,1098,14890,-228,22,-128,0,24.77
9050,20:20:58:042,3,Severe_Damage,L3_S1,-1782,1120,14838,-224,31,-125,0,-27.23
9051,20:20:58:052,3,Severe_Damage,L3_S1,-1806,1084,14864,-238,27,-130,0,-1.23
9052,20:20:58:062,3,Severe_Damage,L3_S1,-1766,1086,14874,-209,35,-130,0,8.77
9053,20:20:58:072,3,Severe_Damage,L3_S1,-1830,1022,14868,-206,26,-125,0,2.77
9054,20:20:58:083,3,Severe_Damage,L3_S1,-1810,1100,14884,-188,28,-121,0,18.77
9055,20:20:58:092,3,Severe_Damage,L3_S1,-1758,1118,14880,-179,31,-113,0,14.77
9056,20:20:58:102,3,Severe_Damage,L3_S1,-1788,1120,14810,-170,32,-110,0,-55.23
9057,20:20:58:112,3,Severe_Damage,L3_S1,-1788,1078,14866,-171,25,-116,0,0.77
9058,20:20:58:122,3,Severe_Damage,L3_S1,-1818,1096,14896,-158,24,-115,0,30.77
9059,20:20:58:132,3,Severe_Damage,L3_S1,-1782,1122,14918,-158,27,-113,0,52.77
9060,20:20:58:142,3,Severe_Damage,L3_S1,-1802,1106,14828,-161,28,-109,0,-37.23
9061,20:20:58:152,3,Severe_Damage,L3_S1,-1836,1140,14850,-159,29,-115,0,-15.23
9062,20:20:58:162,3,Severe_Damage,L3_S1,-1746,1130,14848,-166,38,-118,0,-17.23
9063,20:20:58:172,3,Severe_Damage,L3_S1,-1808,1106,14894,-169,27,-116,0,28.77
9064,20:20:58:182,3,Severe_Damage,L3_S1,-1804,1100,14894,-190,36,-125,0,28.77
9065,20:20:58:192,3,Severe_Damage,L3_S1,-1836,1128,14896,-200,29,-121,0,30.77
9066,20:20:58:202,3,Severe_Damage,L3_S1,-1814,1144,14960,-213,25,-124,0,94.77
9067,20:20:58:212,3,Severe_Damage,L3_S1,-1792,1112,14942,-207,30,-123,0,76.77
9068,20:20:58:222,3,Severe_Damage,L3_S1,-1760,1122,14950,-220,31,-121,0,84.77
9069,20:20:58:233,3,Severe_Damage,L3_S1,-1762,1072,14824,-219,27,-120,0,-41.23
9070,20:20:58:242,3,Severe_Damage,L3_S1,-1746,1068,14860,-219,24,-120,0,-5.23
9071,20:20:58:252,3,Severe_Damage,L3_S1,-1812,1146,14902,-219,26,-124,0,36.77
9072,20:20:58:262,3,Severe_Damage,L3_S1,-1766,1138,14814,-207,32,-125,0,-51.23
9073,20:20:58:272,3,Severe_Damage,L3_S1,-1776,1076,14862,-200,22,-125,0,-3.23
9074,20:20:58:283,3,Severe_Damage,L3_S1,-1812,1096,14836,-196,28,-122,0,-29.23
9075,20:20:58:292,3,Severe_Damage,L3_S1,-1798,1098,14882,-190,27,-120,0,16.77
9076,20:20:58:302,3,Severe_Damage,L3_S1,-1778,1124,14856,-172,30,-117,0,-9.23
9077,20:20:58:312,3,Severe_Damage,L3_S1,-1752,1068,14842,-172,26,-117,0,-23.23
9078,20:20:58:322,3,Severe_Damage,L3_S1,-1758,1122,14766,-158,31,-116,0,-99.23
9079,20:20:58:333,3,Severe_Damage,L3_S1,-1824,1118,14862,-162,39,-115,0,-3.23
9080,20:20:58:342,3,Severe_Damage,L3_S1,-1764,1116,14844,-161,30,-116,0,-21.23
9081,20:20:58:353,3,Severe_Damage,L3_S1,-1808,1074,14890,-164,34,-119,0,24.77
9082,20:20:58:363,3,Severe_Damage,L3_S1,-1848,1162,14880,-174,26,-118,0,14.77
9083,20:20:58:372,3,Severe_Damage,L3_S1,-1796,1092,14884,-170,39,-121,0,18.77
9084,20:20:58:382,3,Severe_Damage,L3_S1,-1816,1102,14836,-185,31,-120,0,-29.23
9085,20:20:58:392,3,Severe_Damage,L3_S1,-1806,1104,14820,-196,32,-125,0,-45.23
9086,20:20:58:402,3,Severe_Damage,L3_S1,-1796,1124,14876,-204,32,-122,0,10.77
9087,20:20:58:412,3,Severe_Damage,L3_S1,-1828,1126,14846,-217,24,-118,0,-19.23
9088,20:20:58:422,3,Severe_Damage,L3_S1,-1794,1080,14874,-220,26,-128,0,8.77
9089,20:20:58:432,3,Severe_Damage,L3_S1,-1830,1122,14928,-224,22,-123,0,62.77
9090,20:20:58:442,3,Severe_Damage,L3_S1,-1816,1116,14786,-217,34,-127,0,-79.23
9091,20:20:58:452,3,Severe_Damage,L3_S1,-1778,1120,14796,-222,28,-123,0,-69.23
9092,20:20:58:462,3,Severe_Damage,L3_S1,-1842,1094,14866,-202,27,-113,0,0.77
9093,20:20:58:472,3,Severe_Damage,L3_S1,-1794,1086,14816,-211,35,-127,0,-49.23
9094,20:20:58:483,3,Severe_Damage,L3_S1,-1856,1102,14802,-186,35,-122,0,-63.23
9095,20:20:58:493,3,Severe_Damage,L3_S1,-1800,1086,14806,-191,26,-117,0,-59.23
9096,20:20:58:502,3,Severe_Damage,L3_S1,-1758,1106,14902,-174,31,-112,0,36.77
9097,20:20:58:512,3,Severe_Damage,L3_S1,-1840,1122,14868,-174,23,-113,0,2.77
9098,20:20:58:522,3,Severe_Damage,L3_S1,-1756,1110,14874,-161,27,-111,0,8.77
9099,20:20:58:532,3,Severe_Damage,L3_S1,-1796,1126,14864,-169,28,-111,0,-1.23
9100,20:20:58:542,3,Severe_Damage,L3_S1,-1820,1062,14824,-163,36,-114,0,-41.23
9101,20:20:58:552,3,Severe_Damage,L3_S1,-1782,1114,14922,-177,28,-117,0,56.77
9102,20:20:58:562,3,Severe_Damage,L3_S1,-1848,1118,14848,-175,27,-116,0,-17.23
9103,20:20:58:572,3,Severe_Damage,L3_S1,-1772,1102,14878,-180,30,-115,0,12.77
9104,20:20:58:583,3,Severe_Damage,L3_S1,-1784,1126,14902,-179,28,-116,0,36.77
9105,20:20:58:593,3,Severe_Damage,L3_S1,-1802,1144,14856,-196,34,-126,0,-9.23
9106,20:20:58:603,3,Severe_Damage,L3_S1,-1776,1060,14824,-208,24,-125,0,-41.23
9107,20:20:58:613,3,Severe_Damage,L3_S1,-1818,1066,14902,-206,22,-122,0,36.77
9108,20:20:58:622,3,Severe_Damage,L3_S1,-1816,1098,14900,-218,27,-133,0,34.77
9109,20:20:58:633,3,Severe_Damage,L3_S1,-1824,1098,14908,-211,27,-131,0,42.77
9110,20:20:58:643,3,Severe_Damage,L3_S1,-1802,1114,14820,-220,33,-125,0,-45.23
9111,20:20:58:653,3,Severe_Damage,L3_S1,-1816,1022,14818,-213,29,-131,0,-47.23
9112,20:20:58:663,3,Severe_Damage,L3_S1,-1778,1114,14820,-219,32,-123,0,-45.23
9113,20:20:58:673,3,Severe_Damage,L3_S1,-1758,1106,14816,-194,34,-127,0,-49.23
9114,20:20:58:683,3,Severe_Damage,L3_S1,-1788,1052,14844,-200,35,-124,0,-21.23
9115,20:20:58:693,3,Severe_Damage,L3_S1,-1800,1122,14798,-181,28,-116,0,-67.23
9116,20:20:58:703,3,Severe_Damage,L3_S1,-1746,1122,14834,-179,34,-122,0,-31.23
9117,20:20:58:713,3,Severe_Damage,L3_S1,-1778,1124,14818,-171,26,-118,0,-47.23
9118,20:20:58:723,3,Severe_Damage,L3_S1,-1804,1084,14852,-167,32,-125,0,-13.23
9119,20:20:58:733,3,Severe_Damage,L3_S1,-1770,1132,14876,-160,28,-125,0,10.77
9120,20:20:58:743,3,Severe_Damage,L3_S1,-1834,1132,14818,-167,28,-116,0,-47.23
9121,20:20:58:753,3,Severe_Damage,L3_S1,-1772,1142,14850,-162,34,-116,0,-15.23
9122,20:20:58:763,3,Severe_Damage,L3_S1,-1768,1120,14928,-170,24,-117,0,62.77
9123,20:20:58:773,3,Severe_Damage,L3_S1,-1794,1102,14892,-178,30,-116,0,26.77
9124,20:20:58:783,3,Severe_Damage,L3_S1,-1788,1156,14854,-183,33,-118,0,-11.23
9125,20:20:58:793,3,Severe_Damage,L3_S1,-1846,1074,14938,-194,23,-122,0,72.77
9126,20:20:58:803,3,Severe_Damage,L3_S1,-1792,1108,14842,-199,26,-122,0,-23.23
9127,20:20:58:813,3,Severe_Damage,L3_S1,-1770,1054,14926,-210,35,-122,0,60.77
9128,20:20:58:823,3,Severe_Damage,L3_S1,-1830,1102,14904,-213,33,-117,0,38.77
9129,20:20:58:833,3,Severe_Damage,L3_S1,-1762,1078,14858,-213,33,-129,0,-7.23
9130,20:20:58:843,3,Severe_Damage,L3_S1,-1820,1134,14794,-219,30,-122,0,-71.23
9131,20:20:58:853,3,Severe_Damage,L3_S1,-1796,1084,14818,-215,36,-122,0,-47.23
9132,20:20:58:863,3,Severe_Damage,L3_S1,-1798,1100,14854,-209,22,-120,0,-11.23
9133,20:20:58:873,3,Severe_Damage,L3_S1,-1838,1100,14822,-206,34,-124,0,-43.23
9134,20:20:58:883,3,Severe_Damage,L3_S1,-1766,1080,14866,-199,32,-125,0,0.77
9135,20:20:58:893,3,Severe_Damage,L3_S1,-1786,1080,14768,-190,32,-112,0,-97.23
9136,20:20:58:903,3,Severe_Damage,L3_S1,-1800,1136,14786,-181,30,-116,0,-79.23
9137,20:20:58:913,3,Severe_Damage,L3_S1,-1808,1108,14828,-173,26,-114,0,-37.23
9138,20:20:58:923,3,Severe_Damage,L3_S1,-1794,1126,14844,-173,28,-119,0,-21.23
9139,20:20:58:933,3,Severe_Damage,L3_S1,-1784,1102,14908,-169,27,-116,0,42.77
9140,20:20:58:943,3,Severe_Damage,L3_S1,-1778,1082,14876,-167,27,-118,0,10.77
9141,20:20:58:953,3,Severe_Damage,L3_S1,-1828,1138,14838,-170,33,-116,0,-27.23
9142,20:20:58:963,3,Severe_Damage,L3_S1,-1816,1116,14808,-163,32,-115,0,-57.23
9143,20:20:58:973,3,Severe_Damage,L3_S1,-1772,1110,14908,-182,30,-120,0,42.77
9144,20:20:58:983,3,Severe_Damage,L3_S1,-1816,1112,14882,-182,33,-117,0,16.77
9145,20:20:58:993,3,Severe_Damage,L3_S1,-1784,1140,14848,-200,36,-127,0,-17.23
9146,20:20:59:003,3,Severe_Damage,L3_S1,-1832,1108,14836,-200,30,-125,0,-29.23
9147,20:20:59:013,3,Severe_Damage,L3_S1,-1826,1068,14930,-214,31,-120,0,64.77
9148,20:20:59:023,3,Severe_Damage,L3_S1,-1772,1088,14858,-209,33,-122,0,-7.23
9149,20:20:59:033,3,Severe_Damage,L3_S1,-1808,1128,14848,-218,19,-117,0,-17.23
9150,20:20:59:043,3,Severe_Damage,L3_S1,-1762,1086,14842,-211,26,-126,0,-23.23
9151,20:20:59:053,3,Severe_Damage,L3_S1,-1812,1116,14810,-210,20,-120,0,-55.23
9152,20:20:59:063,3,Severe_Damage,L3_S1,-1828,1120,14918,-209,26,-121,0,52.77
9153,20:20:59:073,3,Severe_Damage,L3_S1,-1834,1140,14904,-201,25,-112,0,38.77
9154,20:20:59:083,3,Severe_Damage,L3_S1,-1860,1100,14786,-198,32,-121,0,-79.23
9155,20:20:59:093,3,Severe_Damage,L3_S1,-1772,1052,14884,-186,36,-122,0,18.77
9156,20:20:59:103,3,Severe_Damage,L3_S1,-1846,1066,14886,-191,27,-116,0,20.77
9157,20:20:59:113,3,Severe_Damage,L3_S1,-1820,1078,14882,-175,37,-118,0,16.77
9158,20:20:59:123,3,Severe_Damage,L3_S1,-1786,1114,14882,-175,32,-113,0,16.77
9159,20:20:59:133,3,Severe_Damage,L3_S1,-1780,1128,14876,-170,32,-112,0,10.77
9160,20:20:59:143,3,Severe_Damage,L3_S1,-1778,1070,14848,-176,33,-120,0,-17.23
9161,20:20:59:153,3,Severe_Damage,L3_S1,-1840,1096,14906,-166,22,-114,0,40.77
9162,20:20:59:163,3,Severe_Damage,L3_S1,-1812,1112,14884,-166,38,-124,0,18.77
9163,20:20:59:173,3,Severe_Damage,L3_S1,-1812,1132,14876,-177,25,-118,0,10.77
9164,20:20:59:183,3,Severe_Damage,L3_S1,-1824,1120,14890,-193,33,-117,0,24.77
9165,20:20:59:193,3,Severe_Damage,L3_S1,-1836,1110,14866,-192,35,-117,0,0.77
9166,20:20:59:203,3,Severe_Damage,L3_S1,-1836,1092,14824,-203,23,-125,0,-41.23
9167,20:20:59:213,3,Severe_Damage,L3_S1,-1764,1124,14848,-204,41,-124,0,-17.23
9168,20:20:59:223,3,Severe_Damage,L3_S1,-1766,1128,14932,-212,23,-121,0,66.77
9169,20:20:59:233,3,Severe_Damage,L3_S1,-1802,1092,14916,-207,32,-123,0,50.77
9170,20:20:59:243,3,Severe_Damage,L3_S1,-1802,1086,14902,-212,30,-127,0,36.77
9171,20:20:59:253,3,Severe_Damage,L3_S1,-1784,1134,14816,-207,25,-121,0,-49.23
9172,20:20:59:263,3,Severe_Damage,L3_S1,-1802,1174,14830,-208,28,-123,0,-35.23
9173,20:20:59:273,3,Severe_Damage,L3_S1,-1802,1170,14810,-198,26,-125,0,-55.23
9174,20:20:59:283,3,Severe_Damage,L3_S1,-1754,1138,14758,-192,30,-127,0,-107.23
9175,20:20:59:293,3,Severe_Damage,L3_S1,-1800,1084,14808,-189,34,-119,0,-57.23
9176,20:20:59:303,3,Severe_Damage,L3_S1,-1782,1074,14840,-187,29,-122,0,-25.23
9177,20:20:59:313,3,Severe_Damage,L3_S1,-1830,1052,14902,-182,31,-119,0,36.77
9178,20:20:59:323,3,Severe_Damage,L3_S1,-1812,1098,14830,-175,22,-114,0,-35.23
9179,20:20:59:333,3,Severe_Damage,L3_S1,-1780,1094,14868,-175,36,-117,0,2.77
9180,20:20:59:343,3,Severe_Damage,L3_S1,-1822,1084,14860,-170,24,-114,0,-5.23
9181,20:20:59:353,3,Severe_Damage,L3_S1,-1768,1112,14940,-171,43,-117,0,74.77
9182,20:20:59:363,3,Severe_Damage,L3_S1,-1800,1088,14852,-173,28,-119,0,-13.23
9183,20:20:59:373,3,Severe_Damage,L3_S1,-1848,1076,14924,-181,35,-118,0,58.77
9184,20:20:59:383,3,Severe_Damage,L3_S1,-1814,1124,14886,-190,29,-127,0,20.77
9185,20:20:59:393,3,Severe_Damage,L3_S1,-1842,1112,14882,-194,32,-120,0,16.77
9186,20:20:59:403,3,Severe_Damage,L3_S1,-1794,1066,14834,-201,34,-123,0,-31.23
9187,20:20:59:413,3,Severe_Damage,L3_S1,-1838,1086,14850,-203,24,-120,0,-15.23
9188,20:20:59:423,3,Severe_Damage,L3_S1,-1802,1130,14884,-208,27,-124,0,18.77
9189,20:20:59:433,3,Severe_Damage,L3_S1,-1804,1114,14928,-210,32,-126,0,62.77
9190,20:20:59:443,3,Severe_Damage,L3_S1,-1816,1100,14880,-214,25,-119,0,14.77
9191,20:20:59:453,3,Severe_Damage,L3_S1,-1770,1114,14888,-213,30,-121,0,22.77
9192,20:20:59:463,3,Severe_Damage,L3_S1,-1786,1112,14794,-205,28,-117,0,-71.23
9193,20:20:59:473,3,Severe_Damage,L3_S1,-1770,1092,14870,-203,26,-127,0,4.77
9194,20:20:59:483,3,Severe_Damage,L3_S1,-1800,1092,14846,-198,32,-124,0,-19.23
9195,20:20:59:493,3,Severe_Damage,L3_S1,-1806,1096,14882,-189,24,-120,0,16.77
9196,20:20:59:503,3,Severe_Damage,L3_S1,-1812,1130,14802,-181,39,-118,0,-63.23
9197,20:20:59:513,3,Severe_Damage,L3_S1,-1782,1086,14854,-181,29,-124,0,-11.23
9198,20:20:59:523,3,Severe_Damage,L3_S1,-1788,1126,14866,-176,37,-124,0,0.77
9199,20:20:59:533,3,Severe_Damage,L3_S1,-1844,1066,14836,-176,34,-117,0,-29.23
9200,20:20:59:543,3,Severe_Damage,L3_S1,-1844,1138,14868,-171,32,-115,0,2.77
9201,20:20:59:553,3,Severe_Damage,L3_S1,-1780,1156,14896,-164,40,-116,0,30.77
9202,20:20:59:563,3,Severe_Damage,L3_S1,-1850,1102,14870,-181,29,-124,0,4.77
9203,20:20:59:573,3,Severe_Damage,L3_S1,-1828,1092,14928,-172,34,-116,0,62.77
9204,20:20:59:583,3,Severe_Damage,L3_S1,-1850,1110,14900,-193,16,-117,0,34.77
9205,20:20:59:593,3,Severe_Damage,L3_S1,-1848,1112,14836,-192,27,-124,0,-29.23
9206,20:20:59:603,3,Severe_Damage,L3_S1,-1784,1126,14864,-205,28,-122,0,-1.23
9207,20:20:59:613,3,Severe_Damage,L3_S1,-1810,1150,14900,-194,28,-123,0,34.77
9208,20:20:59:623,3,Severe_Damage,L3_S1,-1824,1090,14900,-211,34,-134,0,34.77
9209,20:20:59:633,3,Severe_Damage,L3_S1,-1822,1078,14918,-209,29,-120,0,52.77
9210,20:20:59:643,3,Severe_Damage,L3_S1,-1786,1116,14860,-217,35,-122,0,-5.23
9211,20:20:59:653,3,Severe_Damage,L3_S1,-1866,1126,14850,-200,33,-113,0,-15.23
9212,20:20:59:663,3,Severe_Damage,L3_S1,-1814,1070,14888,-208,25,-124,0,22.77
9213,20:20:59:673,3,Severe_Damage,L3_S1,-1790,1084,14858,-193,33,-123,0,-7.23
9214,20:20:59:683,3,Severe_Damage,L3_S1,-1812,1100,14888,-197,25,-123,0,22.77
9215,20:20:59:693,3,Severe_Damage,L3_S1,-1760,1046,14862,-192,33,-125,0,-3.23
9216,20:20:59:703,3,Severe_Damage,L3_S1,-1792,1076,14908,-185,19,-121,0,42.77
9217,20:20:59:713,3,Severe_Damage,L3_S1,-1756,1098,14816,-178,36,-121,0,-49.23
9218,20:20:59:723,3,Severe_Damage,L3_S1,-1744,1124,14864,-179,25,-119,0,-1.23
9219,20:20:59:733,3,Severe_Damage,L3_S1,-1830,1146,14922,-168,29,-117,0,56.77
9220,20:20:59:743,3,Severe_Damage,L3_S1,-1754,1118,14856,-177,39,-127,0,-9.23
9221,20:20:59:753,3,Severe_Damage,L3_S1,-1810,1120,14842,-182,26,-118,0,-23.23
9222,20:20:59:763,3,Severe_Damage,L3_S1,-1792,1124,14864,-177,32,-123,0,-1.23
9223,20:20:59:773,3,Severe_Damage,L3_S1,-1804,1104,14840,-186,27,-119,0,-25.23
9224,20:20:59:783,3,Severe_Damage,L3_S1,-1778,1094,14870,-184,24,-116,0,4.77
9225,20:20:59:793,3,Severe_Damage,L3_S1,-1784,1146,14884,-194,42,-120,0,18.77
9226,20:20:59:803,3,Severe_Damage,L3_S1,-1828,1074,14846,-193,23,-121,0,-19.23
9227,20:20:59:813,3,Severe_Damage,L3_S1,-1756,1090,14902,-206,36,-127,0,36.77
9228,20:20:59:823,3,Severe_Damage,L3_S1,-1814,1114,14854,-203,18,-125,0,-11.23
9229,20:20:59:833,3,Severe_Damage,L3_S1,-1796,1108,14868,-212,32,-129,0,2.77
9230,20:20:59:843,3,Severe_Damage,L3_S1,-1806,1128,14810,-202,26,-128,0,-55.23
9231,20:20:59:853,3,Severe_Damage,L3_S1,-1804,1140,14892,-209,22,-118,0,26.77
9232,20:20:59:863,3,Severe_Damage,L3_S1,-1786,1104,14860,-199,33,-125,0,-5.23
9233,20:20:59:873,3,Severe_Damage,L3_S1,-1814,1132,14912,-201,28,-119,0,46.77
9234,20:20:59:883,3,Severe_Damage,L3_S1,-1848,1118,14906,-195,31,-120,0,40.77
9235,20:20:59:893,3,Severe_Damage,L3_S1,-1808,1102,14910,-195,31,-123,0,44.77
9236,20:20:59:903,3,Severe_Damage,L3_S1,-1850,1128,14866,-187,30,-119,0,0.77
9237,20:20:59:913,3,Severe_Damage,L3_S1,-1776,1116,14892,-182,35,-121,0,26.77
9238,20:20:59:923,3,Severe_Damage,L3_S1,-1762,1096,14896,-186,19,-118,0,30.77
9239,20:20:59:933,3,Severe_Damage,L3_S1,-1792,1088,14792,-175,35,-116,0,-73.23
9240,20:20:59:943,3,Severe_Damage,L3_S1,-1786,1136,14606,-120,29,-110,0,-259.23
9241,20:20:59:953,3,Severe_Damage,L3_S1,-1770,1068,14920,-147,31,-114,0,54.77
9242,20:20:59:963,3,Severe_Damage,L3_S1,-1838,1124,14766,-77,39,-99,0,-99.23
9243,20:20:59:973,3,Severe_Damage,L3_S1,-1786,1050,14908,-122,16,-115,0,42.77
9244,20:20:59:983,3,Severe_Damage,L3_S1,-1858,1134,14858,-90,45,-102,0,-7.23
9245,20:20:59:993,3,Severe_Damage,L3_S1,-1808,1088,14968,-142,18,-107,0,102.77
9246,20:21:00:003,3,Severe_Damage,L3_S1,-1800,1136,14962,-151,51,-121,0,96.77
9247,20:21:00:013,3,Severe_Damage,L3_S1,-1774,1116,14968,-213,19,-124,0,102.77
9248,20:21:00:023,3,Severe_Damage,L3_S1,-1756,1092,14942,-244,-1,-135,0,76.77
9249,20:21:00:033,3,Severe_Damage,L3_S1,-1762,1154,14910,-253,35,-133,0,44.77
9250,20:21:00:043,3,Severe_Damage,L3_S1,-1814,1146,14868,-281,53,-135,0,2.77
9251,20:21:00:053,3,Severe_Damage,L3_S1,-1730,1120,14850,-270,31,-126,0,-15.23
9252,20:21:00:063,3,Severe_Damage,L3_S1,-1850,1096,14906,-302,35,-128,0,40.77
9253,20:21:00:073,3,Severe_Damage,L3_S1,-1896,1014,14838,-296,98,-138,0,-27.23
9254,20:21:00:083,3,Severe_Damage,L3_S1,-1646,1146,14756,-244,-62,-125,1,-109.23
9255,20:21:00:093,3,Severe_Damage,L3_S1,-32768,5832,-22564,3848,5137,591,1,-37429.23
9256,20:21:00:104,3,Severe_Damage,L3_S1,-4156,-11096,25398,5367,-5103,378,1,10532.77
9257,20:21:00:114,3,Severe_Damage,L3_S1,-24322,15088,3910,19109,-2964,3815,1,-10955.23
9258,20:21:00:123,3,Severe_Damage,L3_S1,7680,-5830,32767,4256,4984,-975,1,17901.77
9259,20:21:00:134,3,Severe_Damage,L3_S1,-11782,9014,20704,16028,-1151,3324,1,5838.77
9260,20:21:00:144,3,Severe_Damage,L3_S1,-446,630,31324,-679,-3191,-111,1,16458.77
9261,20:21:00:153,3,Severe_Damage,L3_S1,-4368,7144,26040,4688,6767,-243,0,11174.77
9262,20:21:00:163,3,Severe_Damage,L3_S1,-2894,1992,28014,-6758,-7199,-9,1,13148.77
9263,20:21:00:174,3,Severe_Damage,L3_S1,-3914,4294,24356,-7108,4518,-1949,1,9490.77
9264,20:21:00:184,3,Severe_Damage,L3_S1,-2114,4486,21066,-11897,-1026,-1973,1,6200.77
9265,20:21:00:194,3,Severe_Damage,L3_S1,-3940,-124,19584,-15144,-2883,-1913,1,4718.77
9266,20:21:00:204,3,Severe_Damage,L3_S1,1100,5006,11432,-13991,3600,-3191,1,-3433.23
9267,20:21:00:214,3,Severe_Damage,L3_S1,-3470,-2722,11952,-16836,-4366,-1856,1,-2913.23
9268,20:21:00:223,3,Severe_Damage,L3_S1,634,2842,4306,-11801,3034,-2602,1,-10559.23
9269,20:21:00:234,3,Severe_Damage,L3_S1,852,-3428,4754,-12091,-2950,-1622,1,-10111.23
9270,20:21:00:243,3,Severe_Damage,L3_S1,-2726,544,494,-5432,1849,-1007,1,-14371.23
9271,20:21:00:254,3,Severe_Damage,L3_S1,4998,-2700,3174,-3183,-1790,-775,1,-11691.23
9272,20:21:00:263,3,Severe_Damage,L3_S1,-5748,-716,1040,2853,1028,763,1,-13825.23
9273,20:21:00:273,3,Severe_Damage,L3_S1,5796,-594,5792,6330,255,323,1,-9073.23
9274,20:21:00:283,3,Severe_Damage,L3_S1,-5940,-460,6644,10033,-590,2119,1,-8221.23
9275,20:21:00:293,3,Severe_Damage,L3_S1,2572,1616,11462,12914,1957,1311,1,-3403.23
9276,20:21:00:303,3,Severe_Damage,L3_S1,-3650,1050,15178,13705,-983,2495,1,312.77
9277,20:21:00:314,3,Severe_Damage,L3_S1,-2800,3168,17980,14361,1148,2022,0,3114.77
9278,20:21:00:323,3,Severe_Damage,L3_S1,-470,2692,23378,12513,894,1671,0,8512.77
9279,20:21:00:334,3,Severe_Damage,L3_S1,-6988,3912,23494,10446,-1156,2083,0,8628.77
9280,20:21:00:343,3,Severe_Damage,L3_S1,-206,3544,28138,6668,2006,360,0,13272.77
9281,20:21:00:353,3,Severe_Damage,L3_S1,-5784,4096,26400,2969,-809,772,0,11534.77
9282,20:21:00:363,3,Severe_Damage,L3_S1,-3676,3494,27098,-1779,-352,-372,0,12232.77
9283,20:21:00:374,3,Severe_Damage,L3_S1,-1640,4026,25220,-5286,1548,-1290,0,10354.77
9284,20:21:00:384,3,Severe_Damage,L3_S1,-5516,2824,21996,-9491,-2152,-1089,0,7130.77
9285,20:21:00:394,3,Severe_Damage,L3_S1,-398,2808,19856,-11742,1198,-2386,0,4990.77
9286,20:21:00:404,3,Severe_Damage,L3_S1,-2856,1866,15174,-13577,-1067,-2027,0,308.77
9287,20:21:00:414,3,Severe_Damage,L3_S1,-1952,944,12046,-13937,-566,-2263,1,-2819.23
9288,20:21:00:423,3,Severe_Damage,L3_S1,1172,672,8736,-12819,131,-2332,0,-6129.23
9289,20:21:00:434,3,Severe_Damage,L3_S1,-3192,-906,5482,-11116,-1158,-1500,0,-9383.23
9290,20:21:00:443,3,Severe_Damage,L3_S1,3146,-518,4232,-7557,536,-1668,0,-10633.23
9291,20:21:00:453,3,Severe_Damage,L3_S1,-2836,-1642,2478,-4307,-982,-388,0,-12387.23
9292,20:21:00:463,3,Severe_Damage,L3_S1,2090,-998,3526,186,883,-373,1,-11339.23
9293,20:21:00:473,3,Severe_Damage,L3_S1,-1098,-936,4274,3930,-638,728,1,-10591.23
9294,20:21:00:483,3,Severe_Damage,L3_S1,-736,-376,6756,7673,825,1050,0,-8109.23
9295,20:21:00:493,3,Severe_Damage,L3_S1,280,654,9892,10511,259,1478,0,-4973.23
9296,20:21:00:503,3,Severe_Damage,L3_S1,-3402,1090,12946,12129,-15,2039,0,-1919.23
9297,20:21:00:513,3,Severe_Damage,L3_S1,26,2248,17070,13079,1344,1652,0,2204.77
9298,20:21:00:523,3,Severe_Damage,L3_S1,-4352,2412,19720,12125,-629,2150,0,4854.77
9299,20:21:00:534,3,Severe_Damage,L3_S1,-2128,3290,22956,10687,1119,1383,1,8090.77
9300,20:21:00:543,3,Severe_Damage,L3_S1,-3140,3428,25074,7790,307,1164,0,10208.77
9301,20:21:00:553,3,Severe_Damage,L3_S1,-4608,3580,25646,4370,-526,793,0,10780.77
9302,20:21:00:563,3,Severe_Damage,L3_S1,-1982,3680,26524,631,1250,-307,0,11658.77
9303,20:21:00:574,3,Severe_Damage,L3_S1,-4612,3408,24736,-3367,-907,-356,0,9870.77
9304,20:21:00:584,3,Severe_Damage,L3_S1,-2622,3186,23108,-6784,217,-1279,0,8242.77
9305,20:21:00:594,3,Severe_Damage,L3_S1,-2060,2706,20518,-9697,186,-1713,0,5652.77
9306,20:21:00:604,3,Severe_Damage,L3_S1,-3530,2070,16768,-11774,-1136,-1735,0,1902.77
9307,20:21:00:614,3,Severe_Damage,L3_S1,-78,1452,14170,-12494,484,-2346,0,-695.23
9308,20:21:00:624,3,Severe_Damage,L3_S1,-2588,608,10208,-12388,-1095,-1817,0,-4657.23
9309,20:21:00:633,3,Severe_Damage,L3_S1,268,-12,7974,-10923,14,-1963,1,-6891.23
9310,20:21:00:644,3,Severe_Damage,L3_S1,-502,-600,5526,-8566,-487,-1377,0,-9339.23
9311,20:21:00:653,3,Severe_Damage,L3_S1,-878,-1016,4194,-5481,-161,-914,0,-10671.23
9312,20:21:00:663,3,Severe_Damage,L3_S1,1254,-980,4208,-1792,4,-493,1,-10657.23
9313,20:21:00:673,3,Severe_Damage,L3_S1,-1874,-994,4444,1797,-154,370,0,-10421.23
9314,20:21:00:683,3,Severe_Damage,L3_S1,1278,-308,6728,5431,517,558,1,-8137.23
9315,20:21:00:693,3,Severe_Damage,L3_S1,-2382,72,8574,8244,-126,1390,0,-6291.23
9316,20:21:00:703,3,Severe_Damage,L3_S1,-268,958,11982,10445,724,1395,0,-2883.23
9317,20:21:00:713,3,Severe_Damage,L3_S1,-2132,1536,14884,11520,193,1797,0,18.77
9318,20:21:00:723,3,Severe_Damage,L3_S1,-2618,2064,18096,11489,295,1752,0,3230.77
9319,20:21:00:734,3,Severe_Damage,L3_S1,-1894,2804,21176,10515,819,1440,0,6310.77
9320,20:21:00:744,3,Severe_Damage,L3_S1,-4084,3020,22922,8298,-272,1400,0,8056.77
9321,20:21:00:753,3,Severe_Damage,L3_S1,-2470,3384,24752,5636,800,628,0,9886.77
9322,20:21:00:763,3,Severe_Damage,L3_S1,-3682,3352,25052,2169,-38,328,0,10186.77
9323,20:21:00:774,3,Severe_Damage,L3_S1,-3640,3238,24516,-1308,-132,-258,0,9650.77
9324,20:21:00:783,3,Severe_Damage,L3_S1,-2352,3126,23464,-4647,521,-967,0,8598.77
9325,20:21:00:794,3,Severe_Damage,L3_S1,-3692,2726,20794,-7640,-678,-1137,0,5928.77
9326,20:21:00:804,3,Severe_Damage,L3_S1,-1636,2226,18558,-9843,130,-1779,0,3692.77
9327,20:21:00:814,3,Severe_Damage,L3_S1,-2122,1712,15240,-11126,-430,-1798,0,374.77
9328,20:21:00:824,3,Severe_Damage,L3_S1,-1714,920,12358,-11444,-466,-1875,0,-2507.23
9329,20:21:00:834,3,Severe_Damage,L3_S1,-200,364,9824,-10626,-163,-1860,0,-5041.23
9330,20:21:00:844,3,Severe_Damage,L3_S1,-1654,-310,7142,-8976,-578,-1383,0,-7723.23
9331,20:21:00:853,3,Severe_Damage,L3_S1,658,-586,6014,-6349,47,-1229,1,-8851.23
9332,20:21:00:864,3,Severe_Damage,L3_S1,-1128,-938,4862,-3356,-407,-503,0,-10003.23
9333,20:21:00:873,3,Severe_Damage,L3_S1,308,-800,5416,46,200,-170,1,-9449.23
9334,20:21:00:883,3,Severe_Damage,L3_S1,-640,-514,6292,3329,-46,470,1,-8573.23
9335,20:21:00:893,3,Severe_Damage,L3_S1,-1052,-98,8280,6239,278,897,1,-6585.23
9336,20:21:00:903,3,Severe_Damage,L3_S1,-488,598,10808,8614,360,1195,0,-4057.23
9337,20:21:00:914,3,Severe_Damage,L3_S1,-2360,1118,13432,9959,115,1573,0,-1433.23
9338,20:21:00:924,3,Severe_Damage,L3_S1,-1348,1888,16598,10590,691,1462,0,1732.77
9339,20:21:00:933,3,Severe_Damage,L3_S1,-2954,2274,19020,9981,64,1568,0,4154.77
9340,20:21:00:943,3,Severe_Damage,L3_S1,-2654,2760,21544,8604,475,1217,0,6678.77
9341,20:21:00:953,3,Severe_Damage,L3_S1,-2854,2972,23226,6334,381,892,0,8360.77
9342,20:21:00:963,3,Severe_Damage,L3_S1,-3698,3122,23896,3467,-79,535,0,9030.77
9343,20:21:00:974,3,Severe_Damage,L3_S1,-2670,3158,24210,386,478,-133,0,9344.77
9344,20:21:00:984,3,Severe_Damage,L3_S1,-3498,2964,23136,-2829,-213,-465,0,8270.77
9345,20:21:00:994,3,Severe_Damage,L3_S1,-2740,2780,21454,-5649,-6,-1008,0,6588.77
9346,20:21:01:003,3,Severe_Damage,L3_S1,-2260,2362,19310,-8013,2,-1399,0,4444.77
9347,20:21:01:014,3,Severe_Damage,L3_S1,-2562,1758,16594,-9686,-550,-1546,0,1728.77
9348,20:21:01:024,3,Severe_Damage,L3_S1,-1090,1318,14022,-10288,-26,-1805,0,-843.23
9349,20:21:01:034,3,Severe_Damage,L3_S1,-1678,634,11222,-10142,-543,-1618,0,-3643.23
9350,20:21:01:043,3,Severe_Damage,L3_S1,-644,118,9054,-8930,-212,-1539,0,-5811.23
9351,20:21:01:054,3,Severe_Damage,L3_S1,-568,-336,7282,-6973,-281,-1176,0,-7583.23
9352,20:21:01:064,3,Severe_Damage,L3_S1,-696,-646,6192,-4426,-171,-767,0,-8673.23
9353,20:21:01:073,3,Severe_Damage,L3_S1,90,-626,6014,-1435,-9,-360,0,-8851.23
9354,20:21:01:083,3,Severe_Damage,L3_S1,-1080,-550,6502,1548,-43,212,0,-8363.23
9355,20:21:01:093,3,Severe_Damage,L3_S1,-106,-212,8110,4438,268,536,0,-6755.23
9356,20:21:01:103,3,Severe_Damage,L3_S1,-1548,282,9924,6809,108,1039,0,-4941.23
9357,20:21:01:114,3,Severe_Damage,L3_S1,-1142,790,12476,8513,393,1209,0,-2389.23
9358,20:21:01:124,3,Severe_Damage,L3_S1,-1846,1488,15010,9400,285,1404,0,144.77
9359,20:21:01:134,3,Severe_Damage,L3_S1,-2440,1870,17608,9348,297,1405,0,2742.77
9360,20:21:01:144,3,Severe_Damage,L3_S1,-2256,2436,19976,8497,460,1203,0,5110.77
9361,20:21:01:153,3,Severe_Damage,L3_S1,-3196,2718,21610,6727,96,1031,0,6744.77
9362,20:21:01:163,3,Severe_Damage,L3_S1,-2768,2930,22962,4430,378,562,0,8096.77
9363,20:21:01:173,3,Severe_Damage,L3_S1,-3166,2986,23268,1667,109,188,0,8402.77
9364,20:21:01:184,3,Severe_Damage,L3_S1,-3082,2896,22840,-1211,-30,-264,0,7974.77
9365,20:21:01:194,3,Severe_Damage,L3_S1,-2628,2718,21784,-3947,157,-768,0,6918.77
9366,20:21:01:204,3,Severe_Damage,L3_S1,-2866,2406,19854,-6350,-289,-1037,0,4988.77
9367,20:21:01:214,3,Severe_Damage,L3_S1,-1988,1934,17720,-8142,-79,-1416,0,2854.77
9368,20:21:01:224,3,Severe_Damage,L3_S1,-1930,1458,15262,-9190,-320,-1521,0,396.77
9369,20:21:01:234,3,Severe_Damage,L3_S1,-1592,944,12704,-9354,-300,-1562,0,-2161.23
9370,20:21:01:244,3,Severe_Damage,L3_S1,-832,430,10530,-8699,-245,-1493,0,-4335.23
9371,20:21:01:254,3,Severe_Damage,L3_S1,-1176,-56,8666,-7279,-335,-1195,0,-6199.23
9372,20:21:01:263,3,Severe_Damage,L3_S1,-318,-326,7448,-5131,-76,-936,0,-7417.23
9373,20:21:01:274,3,Severe_Damage,L3_S1,-778,-536,6882,-2643,-185,-464,0,-7983.23
9374,20:21:01:283,3,Severe_Damage,L3_S1,-378,-474,7062,142,95,-98,0,-7803.23
9375,20:21:01:293,3,Severe_Damage,L3_S1,-734,-242,8012,2788,56,353,0,-6853.23
9376,20:21:01:303,3,Severe_Damage,L3_S1,-1060,84,9604,5182,180,733,0,-5261.23
9377,20:21:01:313,3,Severe_Damage,L3_S1,-1066,606,11640,7078,317,998,0,-3225.23
9378,20:21:01:324,3,Severe_Damage,L3_S1,-1862,1134,13826,8175,190,1235,0,-1039.23
9379,20:21:01:334,3,Severe_Damage,L3_S1,-1818,1632,16378,8576,423,1224,0,1512.77
9380,20:21:01:344,3,Severe_Damage,L3_S1,-2484,2054,18468,8100,215,1216,0,3602.77
9381,20:21:01:353,3,Severe_Damage,L3_S1,-2584,2402,20358,6907,291,995,0,5492.77
9382,20:21:01:363,3,Severe_Damage,L3_S1,-2798,2646,21710,5026,264,696,0,6844.77
9383,20:21:01:373,3,Severe_Damage,L3_S1,-3124,2724,22380,2667,33,360,0,7514.77
9384,20:21:01:383,3,Severe_Damage,L3_S1,-2760,2744,22392,120,195,-103,0,7526.77
9385,20:21:01:394,3,Severe_Damage,L3_S1,-2956,2646,21572,-2491,-97,-459,0,6706.77
9386,20:21:01:404,3,Severe_Damage,L3_S1,-2564,2400,20202,-4801,-43,-863,0,5336.77
9387,20:21:01:414,3,Severe_Damage,L3_S1,-2262,2092,18328,-6684,-88,-1152,0,3462.77
9388,20:21:01:424,3,Severe_Damage,L3_S1,-2172,1572,16298,-8032,-303,-1336,0,1432.77
9389,20:21:01:434,3,Severe_Damage,L3_S1,-1458,1234,13962,-8475,-169,-1460,0,-903.23
9390,20:21:01:444,3,Severe_Damage,L3_S1,-1514,620,11786,-8287,-311,-1377,0,-3079.23
9391,20:21:01:454,3,Severe_Damage,L3_S1,-916,278,9898,-7247,-206,-1250,0,-4967.23
9392,20:21:01:464,3,Severe_Damage,L3_S1,-752,-144,8558,-5640,-190,-983,0,-6307.23
9393,20:21:01:474,3,Severe_Damage,L3_S1,-762,-320,7650,-3462,-68,-629,0,-7215.23
9394,20:21:01:484,3,Severe_Damage,L3_S1,-488,-392,7680,-1061,-16,-275,0,-7185.23
9395,20:21:01:493,3,Severe_Damage,L3_S1,-970,-226,8092,1424,60,152,0,-6773.23
9396,20:21:01:503,3,Severe_Damage,L3_S1,-708,94,9442,3726,179,465,0,-5423.23
9397,20:21:01:513,3,Severe_Damage,L3_S1,-1334,458,11002,5673,175,820,0,-3863.23
9398,20:21:01:523,3,Severe_Damage,L3_S1,-1496,876,13008,7035,323,1005,0,-1857.23
9399,20:21:01:534,3,Severe_Damage,L3_S1,-1848,1374,15184,7676,226,1124,0,318.77
9400,20:21:01:544,3,Severe_Damage,L3_S1,-2280,1742,17184,7606,312,1113,0,2318.77
9401,20:21:01:554,3,Severe_Damage,L3_S1,-2290,2160,19162,6823,288,968,0,4296.77
9402,20:21:01:564,3,Severe_Damage,L3_S1,-2860,2388,20604,5349,138,785,0,5738.77
9403,20:21:01:573,3,Severe_Damage,L3_S1,-2686,2548,21510,3422,224,437,0,6644.77
9404,20:21:01:583,3,Severe_Damage,L3_S1,-2878,2592,21764,1141,53,107,0,6898.77
9405,20:21:01:594,3,Severe_Damage,L3_S1,-2830,2506,21340,-1217,-5,-275,0,6474.77
9406,20:21:01:604,3,Severe_Damage,L3_S1,-2522,2380,20446,-3462,1,-661,0,5580.77
9407,20:21:01:614,3,Severe_Damage,L3_S1,-2546,2074,18816,-5367,-182,-923,0,3950.77
9408,20:21:01:624,3,Severe_Damage,L3_S1,-2038,1800,16962,-6810,-113,-1194,0,2096.77
9409,20:21:01:634,3,Severe_Damage,L3_S1,-1862,1328,14988,-7640,-258,-1294,0,122.77
9410,20:21:01:644,3,Severe_Damage,L3_S1,-1554,950,12942,-7658,-207,-1298,0,-1923.23
9411,20:21:01:654,3,Severe_Damage,L3_S1,-1110,506,11106,-7095,-180,-1229,0,-3759.23
9412,20:21:01:664,3,Severe_Damage,L3_S1,-1094,132,9660,-5848,-230,-991,0,-5205.23
9413,20:21:01:674,3,Severe_Damage,L3_S1,-658,-128,8738,-4076,-38,-757,0,-6127.23
9414,20:21:01:684,3,Severe_Damage,L3_S1,-904,-218,8274,-1974,-72,-388,0,-6591.23
9415,20:21:01:693,3,Severe_Damage,L3_S1,-668,-204,8600,300,64,-58,0,-6265.23
9416,20:21:01:703,3,Severe_Damage,L3_S1,-966,-28,9334,2458,103,302,0,-5531.23
9417,20:21:01:714,3,Severe_Damage,L3_S1,-1198,336,10638,4387,171,602,0,-4227.23
9418,20:21:01:724,3,Severe_Damage,L3_S1,-1312,706,12430,5875,255,829,0,-2435.23
9419,20:21:01:734,3,Severe_Damage,L3_S1,-1834,1178,14236,6760,229,986,0,-629.23
9420,20:21:01:744,3,Severe_Damage,L3_S1,-1874,1558,16266,6974,265,999,0,1400.77
9421,20:21:01:754,3,Severe_Damage,L3_S1,-2384,1896,18128,6540,249,959,0,3262.77
9422,20:21:01:764,3,Severe_Damage,L3_S1,-2468,2216,19532,5511,189,780,0,4666.77
9423,20:21:01:774,3,Severe_Damage,L3_S1,-2630,2326,20648,3893,179,523,0,5782.77
9424,20:21:01:784,3,Severe_Damage,L3_S1,-2824,2484,20972,1968,73,234,0,6106.77
9425,20:21:01:794,3,Severe_Damage,L3_S1,-2652,2438,21130,-192,74,-133,0,6264.77
9426,20:21:01:804,3,Severe_Damage,L3_S1,-2680,2350,20244,-2276,-35,-443,0,5378.77
9427,20:21:01:814,3,Severe_Damage,L3_S1,-2346,2138,19134,-4186,-88,-758,0,4268.77
9428,20:21:01:824,3,Severe_Damage,L3_S1,-2218,1888,17520,-5662,-87,-983,0,2654.77
9429,20:21:01:834,3,Severe_Damage,L3_S1,-1974,1456,15798,-6715,-213,-1146,0,932.77
9430,20:21:01:844,3,Severe_Damage,L3_S1,-1524,1094,13968,-7015,-169,-1213,0,-897.23
9431,20:21:01:854,3,Severe_Damage,L3_S1,-1458,686,12162,-6758,-177,-1144,0,-2703.23
9432,20:21:01:864,3,Severe_Damage,L3_S1,-1080,348,10686,-5858,-169,-1013,0,-4179.23
9433,20:21:01:874,3,Severe_Damage,L3_S1,-904,68,9592,-4477,-126,-790,0,-5273.23
9434,20:21:01:884,3,Severe_Damage,L3_S1,-952,-78,8994,-2641,-29,-514,0,-5871.23
9435,20:21:01:893,3,Severe_Damage,L3_S1,-738,-92,9038,-654,5,-198,0,-5827.23
9436,20:21:01:903,3,Severe_Damage,L3_S1,-1022,50,9466,1389,97,131,0,-5399.23
9437,20:21:01:914,3,Severe_Damage,L3_S1,-1052,248,10496,3237,125,414,0,-4369.23
9438,20:21:01:924,3,Severe_Damage,L3_S1,-1308,566,11832,4777,173,669,0,-3033.23
9439,20:21:01:934,3,Severe_Damage,L3_S1,-1596,1050,13488,5859,260,827,0,-1377.23
9440,20:21:01:944,3,Severe_Damage,L3_S1,-1808,1258,15488,6266,189,891,0,622.77
9441,20:21:01:954,3,Severe_Damage,L3_S1,-2192,1710,17088,6177,244,885,0,2222.77
9442,20:21:01:964,3,Severe_Damage,L3_S1,-2302,1958,18680,5404,208,764,0,3814.77
9443,20:21:01:974,3,Severe_Damage,L3_S1,-2626,2200,19640,4219,144,587,0,4774.77
9444,20:21:01:984,3,Severe_Damage,L3_S1,-2528,2260,20430,2509,126,303,0,5564.77
9445,20:21:01:993,3,Severe_Damage,L3_S1,-2706,2382,20480,658,49,20,0,5614.77
9446,20:21:02:004,3,Severe_Damage,L3_S1,-2600,2238,20138,-1308,1,-301,0,5272.77
9447,20:21:02:014,3,Severe_Damage,L3_S1,-2416,2108,19182,-3096,-43,-588,0,4316.77
9448,20:21:02:024,3,Severe_Damage,L3_S1,-2362,1854,17870,-4636,-101,-821,0,3004.77
9449,20:21:02:034,3,Severe_Damage,L3_S1,-1940,1546,16294,-5731,-105,-1004,0,1428.77
9450,20:21:02:044,3,Severe_Damage,L3_S1,-1744,1176,14748,-6361,-197,-1093,0,-117.23
9451,20:21:02:054,3,Severe_Damage,L3_S1,-1574,894,13058,-6276,-119,-1083,0,-1807.23
9452,20:21:02:064,3,Severe_Damage,L3_S1,-1246,542,11630,-5738,-174,-992,0,-3235.23
9453,20:21:02:074,3,Severe_Damage,L3_S1,-1128,260,10444,-4633,-140,-818,0,-4421.23
9454,20:21:02:084,3,Severe_Damage,L3_S1,-958,62,9742,-3147,-42,-599,0,-5123.23
9455,20:21:02:093,3,Severe_Damage,L3_S1,-946,4,9380,-1362,-36,-306,0,-5485.23
9456,20:21:02:103,3,Severe_Damage,L3_S1,-906,70,9724,480,67,-25,0,-5141.23
9457,20:21:02:114,3,Severe_Damage,L3_S1,-1084,194,10490,2244,93,260,0,-4375.23
9458,20:21:02:124,3,Severe_Damage,L3_S1,-1300,520,11582,3765,164,502,0,-3283.23
9459,20:21:02:134,3,Severe_Damage,L3_S1,-1382,758,13102,4923,193,678,0,-1763.23
9460,20:21:02:144,3,Severe_Damage,L3_S1,-1874,1188,14590,5587,237,791,0,-275.23
9461,20:21:02:154,3,Severe_Damage,L3_S1,-1910,1502,16282,5652,167,799,0,1416.77
9462,20:21:02:164,3,Severe_Damage,L3_S1,-2248,1782,17664,5225,227,742,0,2798.77
9463,20:21:02:174,3,Severe_Damage,L3_S1,-2426,2044,18848,4294,166,586,0,3982.77
9464,20:21:02:184,3,Severe_Damage,L3_S1,-2486,2098,19628,2918,112,375,0,4762.77
9465,20:21:02:194,3,Severe_Damage,L3_S1,-2632,2266,19976,1285,82,114,0,5110.77
9466,20:21:02:204,3,Severe_Damage,L3_S1,-2512,2148,19894,-483,18,-169,0,5028.77
9467,20:21:02:214,3,Severe_Damage,L3_S1,-2506,2076,19192,-2177,-13,-438,0,4326.77
9468,20:21:02:224,3,Severe_Damage,L3_S1,-2290,1874,18170,-3687,-56,-681,0,3304.77
9469,20:21:02:234,3,Severe_Damage,L3_S1,-2130,1618,16814,-4844,-82,-857,0,1948.77
9470,20:21:02:244,3,Severe_Damage,L3_S1,-1864,1368,15334,-5584,-148,-978,0,468.77
9471,20:21:02:254,3,Severe_Damage,L3_S1,-1638,926,13866,-5824,-162,-1009,0,-999.23
9472,20:21:02:264,3,Severe_Damage,L3_S1,-1422,684,12404,-5434,-103,-948,0,-2461.23
9473,20:21:02:274,3,Severe_Damage,L3_S1,-1178,398,11292,-4671,-150,-826,0,-3573.23
9474,20:21:02:284,3,Severe_Damage,L3_S1,-1176,196,10498,-3443,-71,-638,0,-4367.23
9475,20:21:02:294,3,Severe_Damage,L3_S1,-1004,88,10000,-1930,-16,-398,0,-4865.23
9476,20:21:02:304,3,Severe_Damage,L3_S1,-1120,110,10070,-256,7,-130,0,-4795.23
9477,20:21:02:314,3,Severe_Damage,L3_S1,-1048,278,10558,1385,103,118,0,-4307.23
9478,20:21:02:324,3,Severe_Damage,L3_S1,-1256,436,11532,2859,114,361,0,-3333.23
9479,20:21:02:334,3,Severe_Damage,L3_S1,-1444,682,12704,4068,160,545,0,-2161.23
9480,20:21:02:344,3,Severe_Damage,L3_S1,-1704,1060,14056,4872,217,673,0,-809.23
9481,20:21:02:354,3,Severe_Damage,L3_S1,-1884,1300,15596,5104,148,720,0,730.77
9482,20:21:02:364,3,Severe_Damage,L3_S1,-2088,1622,16984,4951,222,682,0,2118.77
9483,20:21:02:374,3,Severe_Damage,L3_S1,-2224,1806,18142,4227,139,583,0,3276.77
9484,20:21:02:384,3,Severe_Damage,L3_S1,-2434,2020,18984,3169,142,412,0,4118.77
9485,20:21:02:394,3,Severe_Damage,L3_S1,-2460,2046,19482,1746,82,184,0,4616.77
9486,20:21:02:404,3,Severe_Damage,L3_S1,-2514,2094,19450,199,37,-52,0,4584.77
9487,20:21:02:414,3,Severe_Damage,L3_S1,-2380,2042,19136,-1395,8,-321,0,4270.77
9488,20:21:02:424,3,Severe_Damage,L3_S1,-2358,1896,18320,-2841,-40,-544,0,3454.77
9489,20:21:02:434,3,Severe_Damage,L3_S1,-2150,1730,17188,-4034,-70,-729,0,2322.77
9490,20:21:02:444,3,Severe_Damage,L3_S1,-1884,1404,15816,-4851,-112,-859,0,950.77
9491,20:21:02:454,3,Severe_Damage,L3_S1,-1738,1106,14468,-5271,-139,-923,0,-397.23
9492,20:21:02:464,3,Severe_Damage,L3_S1,-1436,870,13168,-5106,-106,-894,0,-1697.23
9493,20:21:02:474,3,Severe_Damage,L3_S1,-1374,562,12044,-4577,-103,-812,0,-2821.23
9494,20:21:02:484,3,Severe_Damage,L3_S1,-1210,374,11072,-3584,-95,-660,0,-3793.23
9495,20:21:02:494,3,Severe_Damage,L3_S1,-1120,170,10668,-2338,-32,-460,0,-4197.23
9496,20:21:02:504,3,Severe_Damage,L3_S1,-1108,224,10380,-836,11,-224,0,-4485.23
9497,20:21:02:513,3,Severe_Damage,L3_S1,-1084,246,10820,653,49,3,0,-4045.23
9498,20:21:02:524,3,Severe_Damage,L3_S1,-1258,410,11418,2078,99,237,0,-3447.23
9499,20:21:02:534,3,Severe_Damage,L3_S1,-1388,634,12436,3264,130,428,0,-2429.23
9500,20:21:02:544,3,Severe_Damage,L3_S1,-1618,908,13554,4156,172,563,0,-1311.23
9501,20:21:02:554,3,Severe_Damage,L3_S1,-1788,1172,14990,4558,178,625,0,124.77
9502,20:21:02:564,3,Severe_Damage,L3_S1,-1980,1486,16268,4562,155,627,0,1402.77
9503,20:21:02:574,3,Severe_Damage,L3_S1,-2216,1714,17404,4103,182,551,0,2538.77
9504,20:21:02:584,3,Severe_Damage,L3_S1,-2278,1852,18362,3262,108,425,0,3496.77
9505,20:21:02:595,3,Severe_Damage,L3_S1,-2426,1936,18866,2071,102,240,0,4000.77
9506,20:21:02:604,3,Severe_Damage,L3_S1,-2398,1964,18868,-741,-3,-211,0,4002.77
9507,20:21:02:614,3,Severe_Damage,L3_S1,-2336,1832,18312,-2101,-9,-422,0,3446.77
9508,20:21:02:624,3,Severe_Damage,L3_S1,-2162,1700,17376,-3285,-59,-612,0,2510.77
9509,20:21:02:634,3,Severe_Damage,L3_S1,-2020,1510,16236,-4163,-82,-749,0,1370.77
9510,20:21:02:644,3,Severe_Damage,L3_S1,-1786,1202,14970,-4674,-98,-832,0,104.77
9511,20:21:02:654,3,Severe_Damage,L3_S1,-1642,984,13780,-4753,-126,-846,0,-1085.23
9512,20:21:02:664,3,Severe_Damage,L3_S1,-1394,712,12630,-4365,-66,-780,0,-2235.23
9513,20:21:02:674,3,Severe_Damage,L3_S1,-1288,538,11732,-3646,-102,-663,0,-3133.23
9514,20:21:02:684,3,Severe_Damage,L3_S1,-1188,336,11076,-2585,-46,-499,0,-3789.23
9515,20:21:02:694,3,Severe_Damage,L3_S1,-1132,272,10852,-1301,8,-303,0,-4013.23
9516,20:21:02:704,3,Severe_Damage,L3_S1,-1154,276,11000,72,33,-84,0,-3865.23
9517,20:21:02:714,3,Severe_Damage,L3_S1,-1278,420,11494,1392,89,116,0,-3371.23
9518,20:21:02:724,3,Severe_Damage,L3_S1,-1408,596,12320,2561,102,312,0,-2545.23
9519,20:21:02:734,3,Severe_Damage,L3_S1,-1470,848,13404,3466,138,446,0,-1461.23
9520,20:21:02:744,3,Severe_Damage,L3_S1,-1728,1028,14522,4030,180,541,0,-343.23
9521,20:21:02:754,3,Severe_Damage,L3_S1,-1890,1334,15706,4143,128,567,0,840.77
9522,20:21:02:764,3,Severe_Damage,L3_S1,-2104,1556,16828,3881,169,520,0,1962.77
9523,20:21:02:774,3,Severe_Damage,L3_S1,-2228,1780,17722,3249,121,425,0,2856.77
9524,20:21:02:784,3,Severe_Damage,L3_S1,-2290,1806,18334,2268,95,273,0,3468.77
9525,20:21:02:794,3,Severe_Damage,L3_S1,-2340,1954,18666,1104,83,84,0,3800.77
9526,20:21:02:804,3,Severe_Damage,L3_S1,-2340,1906,18604,-215,17,-125,0,3738.77
9527,20:21:02:814,3,Severe_Damage,L3_S1,-2332,1810,18174,-1479,11,-324,0,3308.77
9528,20:21:02:824,3,Severe_Damage,L3_S1,-2212,1694,17470,-2635,-45,-504,0,2604.77
9529,20:21:02:834,3,Severe_Damage,L3_S1,-2070,1536,16460,-3525,-57,-647,0,1594.77
9530,20:21:02:844,3,Severe_Damage,L3_S1,-1846,1272,15396,-4113,-69,-747,0,530.77
9531,20:21:02:854,3,Severe_Damage,L3_S1,-1690,1038,14330,-4347,-90,-781,0,-535.23
9532,20:21:02:864,3,Severe_Damage,L3_S1,-1484,824,13154,-4131,-103,-746,0,-1711.23
9533,20:21:02:874,3,Severe_Damage,L3_S1,-1396,600,12292,-3590,-46,-657,0,-2573.23
9534,20:21:02:884,3,Severe_Damage,L3_S1,-1276,466,11602,-2707,-78,-516,0,-3263.23
9535,20:21:02:894,3,Severe_Damage,L3_S1,-1226,310,11338,-1638,-6,-351,0,-3527.23
9536,20:21:02:904,3,Severe_Damage,L3_S1,-1208,448,11300,-380,27,-150,0,-3565.23
9537,20:21:02:914,3,Severe_Damage,L3_S1,-1258,372,11702,822,54,33,0,-3163.23
9538,20:21:02:924,3,Severe_Damage,L3_S1,-1380,580,12280,1957,102,208,0,-2585.23
9539,20:21:02:934,3,Severe_Damage,L3_S1,-1596,734,13114,2848,103,365,0,-1751.23
9540,20:21:02:944,3,Severe_Damage,L3_S1,-1664,966,14182,3478,152,452,0,-683.23
9541,20:21:02:954,3,Severe_Damage,L3_S1,-1898,1264,15196,3743,151,492,0,330.77
9542,20:21:02:964,3,Severe_Damage,L3_S1,-1978,1386,16372,3605,118,478,0,1506.77
9543,20:21:02:974,3,Severe_Damage,L3_S1,-2096,1658,17188,3160,154,397,0,2322.77
9544,20:21:02:984,3,Severe_Damage,L3_S1,-2274,1724,17762,2361,72,287,0,2896.77
9545,20:21:02:994,3,Severe_Damage,L3_S1,-2288,1822,18258,1359,93,116,0,3392.77
9546,20:21:03:004,3,Severe_Damage,L3_S1,-2318,1868,18296,211,36,-62,0,3430.77
9547,20:21:03:014,3,Severe_Damage,L3_S1,-2332,1780,18014,-970,-10,-237,0,3148.77
9548,20:21:03:024,3,Severe_Damage,L3_S1,-2152,1658,17442,-2048,8,-426,0,2576.77
9549,20:21:03:034,3,Severe_Damage,L3_S1,-2076,1544,16630,-2954,-83,-551,0,1764.77
9550,20:21:03:044,3,Severe_Damage,L3_S1,-1850,1336,15648,-3573,-42,-662,0,782.77
9551,20:21:03:054,3,Severe_Damage,L3_S1,-1790,1128,14612,-3892,-62,-707,0,-253.23
9552,20:21:03:064,3,Severe_Damage,L3_S1,-1598,906,13750,-3879,-128,-701,0,-1115.23
9553,20:21:03:074,3,Severe_Damage,L3_S1,-1442,740,12728,-3439,-29,-638,0,-2137.23
9554,20:21:03:084,3,Severe_Damage,L3_S1,-1406,540,12078,-2780,-72,-526,0,-2787.23
9555,20:21:03:094,3,Severe_Damage,L3_S1,-1224,486,11656,-1831,-21,-386,0,-3209.23
9556,20:21:03:104,3,Severe_Damage,L3_S1,-1294,408,11624,-786,14,-216,0,-3241.23
9557,20:21:03:114,3,Severe_Damage,L3_S1,-1278,478,11790,369,45,-30,0,-3075.23
9558,20:21:03:124,3,Severe_Damage,L3_S1,-1364,568,12342,1398,92,125,0,-2523.23
9559,20:21:03:134,3,Severe_Damage,L3_S1,-1536,768,13014,2306,99,284,0,-1851.23
9560,20:21:03:144,3,Severe_Damage,L3_S1,-1576,924,13924,2949,119,368,0,-941.23
9561,20:21:03:154,3,Severe_Damage,L3_S1,-1850,1154,14966,3314,142,433,0,100.77
9562,20:21:03:164,3,Severe_Damage,L3_S1,-1882,1388,15868,3313,131,425,0,1002.77
9563,20:21:03:174,3,Severe_Damage,L3_S1,-2100,1494,16626,3001,112,387,0,1760.77
9564,20:21:03:184,3,Severe_Damage,L3_S1,-2166,1656,17386,2384,106,287,0,2520.77
9565,20:21:03:194,3,Severe_Damage,L3_S1,-2238,1764,17772,1539,83,143,0,2906.77
9566,20:21:03:204,3,Severe_Damage,L3_S1,-2280,1742,17936,518,41,-4,0,3070.77
9567,20:21:03:214,3,Severe_Damage,L3_S1,-2184,1778,17728,-527,42,-181,0,2862.77
9568,20:21:03:224,3,Severe_Damage,L3_S1,-2156,1608,17328,-1553,-23,-330,0,2462.77
9569,20:21:03:234,3,Severe_Damage,L3_S1,-2080,1564,16772,-2423,-29,-475,0,1906.77
9570,20:21:03:244,3,Severe_Damage,L3_S1,-1936,1398,15908,-3092,-44,-585,0,1042.77
9571,20:21:03:254,3,Severe_Damage,L3_S1,-1854,1184,15018,-3475,-56,-632,0,152.77
9572,20:21:03:264,3,Severe_Damage,L3_S1,-1644,1022,14058,-3543,-61,-647,0,-807.23
9573,20:21:03:274,3,Severe_Damage,L3_S1,-1526,756,13222,-3325,-99,-602,0,-1643.23
9574,20:21:03:284,3,Severe_Damage,L3_S1,-1444,662,12538,-2726,-1,-523,0,-2327.23
9575,20:21:03:294,3,Severe_Damage,L3_S1,-1336,560,12086,-1981,-50,-401,0,-2779.23
9576,20:21:03:304,3,Severe_Damage,L3_S1,-1344,500,11904,-1047,11,-252,0,-2961.23
9577,20:21:03:314,3,Severe_Damage,L3_S1,-1274,502,12012,-28,53,-106,0,-2853.23
9578,20:21:03:324,3,Severe_Damage,L3_S1,-1424,572,12352,951,44,61,0,-2513.23
9579,20:21:03:334,3,Severe_Damage,L3_S1,-1456,734,13002,1818,112,188,0,-1863.23
9580,20:21:03:344,3,Severe_Damage,L3_S1,-1596,876,13798,2482,77,307,0,-1067.23
9581,20:21:03:354,3,Severe_Damage,L3_S1,-1722,1078,14612,2884,127,351,0,-253.23
9582,20:21:03:364,3,Severe_Damage,L3_S1,-1852,1236,15508,2990,128,382,0,642.77
9583,20:21:03:374,3,Severe_Damage,L3_S1,-1992,1436,16232,2836,124,358,0,1366.77
9584,20:21:03:384,3,Severe_Damage,L3_S1,-2014,1542,16928,2309,94,267,0,2062.77
9585,20:21:03:394,3,Severe_Damage,L3_S1,-2256,1670,17402,1641,99,174,0,2536.77
9586,20:21:03:404,3,Severe_Damage,L3_S1,-2206,1728,17710,750,54,24,0,2844.77
9587,20:21:03:414,3,Severe_Damage,L3_S1,-2242,1724,17608,-177,36,-117,0,2742.77
9588,20:21:03:424,3,Severe_Damage,L3_S1,-2160,1672,17298,-1147,-6,-268,0,2432.77
9589,20:21:03:434,3,Severe_Damage,L3_S1,-2064,1532,16784,-1973,-12,-402,0,1918.77
9590,20:21:03:444,3,Severe_Damage,L3_S1,-2048,1390,16088,-2635,-48,-507,0,1222.77
9591,20:21:03:454,3,Severe_Damage,L3_S1,-1776,1204,15244,-3071,-35,-582,0,378.77
9592,20:21:03:464,3,Severe_Damage,L3_S1,-1746,1052,14416,-3198,-64,-598,0,-449.23
9593,20:21:03:474,3,Severe_Damage,L3_S1,-1586,876,13598,-3095,-63,-586,0,-1267.23
9594,20:21:03:484,3,Severe_Damage,L3_S1,-1524,724,12984,-2684,-60,-522,0,-1881.23
9595,20:21:03:494,3,Severe_Damage,L3_S1,-1444,642,12396,-2012,-7,-405,0,-2469.23
9596,20:21:03:504,3,Severe_Damage,L3_S1,-1360,564,12224,-1228,-11,-283,0,-2641.23
9597,20:21:03:514,3,Severe_Damage,L3_S1,-1378,550,12306,-339,24,-141,0,-2559.23
9598,20:21:03:524,3,Severe_Damage,L3_S1,-1398,636,12434,574,74,-11,0,-2431.23
9599,20:21:03:534,3,Severe_Damage,L3_S1,-1482,696,13020,1385,65,126,0,-1845.23
9600,20:21:03:544,3,Severe_Damage,L3_S1,-1638,840,13594,2053,106,226,0,-1271.23
9601,20:21:03:554,3,Severe_Damage,L3_S1,-1670,1038,14374,2483,101,300,0,-491.23
9602,20:21:03:564,3,Severe_Damage,L3_S1,-1832,1216,15136,2673,110,338,0,270.77
9603,20:21:03:574,3,Severe_Damage,L3_S1,-1910,1346,15956,2574,121,317,0,1090.77
9604,20:21:03:584,3,Severe_Damage,L3_S1,-2074,1506,16436,2270,104,272,0,1570.77
9605,20:21:03:594,3,Severe_Damage,L3_S1,-2036,1542,17088,1634,57,162,0,2222.77
9606,20:21:03:604,3,Severe_Damage,L3_S1,-2226,1630,17346,923,94,52,0,2480.77
9607,20:21:03:614,3,Severe_Damage,L3_S1,-2150,1646,17348,65,7,-79,0,2482.77
9608,20:21:03:624,3,Severe_Damage,L3_S1,-2166,1554,17184,-779,34,-216,0,2318.77
9609,20:21:03:635,3,Severe_Damage,L3_S1,-2056,1518,16712,-1578,-24,-338,0,1846.77
9610,20:21:03:644,3,Severe_Damage,L3_S1,-1952,1392,16108,-2236,-22,-448,0,1242.77
9611,20:21:03:655,3,Severe_Damage,L3_S1,-1876,1306,15404,-2670,-26,-521,0,538.77
9612,20:21:03:664,3,Severe_Damage,L3_S1,-1798,1080,14736,-2906,-66,-556,0,-129.23
9613,20:21:03:674,3,Severe_Damage,L3_S1,-1696,970,13936,-2830,-28,-542,0,-929.23
9614,20:21:03:684,3,Severe_Damage,L3_S1,-1548,796,13360,-2575,-66,-504,0,-1505.23
9615,20:21:03:694,3,Severe_Damage,L3_S1,-1504,682,12848,-2027,-24,-418,0,-2017.23
9616,20:21:03:704,3,Severe_Damage,L3_S1,-1468,614,12570,-1346,21,-309,0,-2295.23
9617,20:21:03:714,3,Severe_Damage,L3_S1,-1384,600,12514,-558,0,-182,0,-2351.23
9618,20:21:03:724,3,Severe_Damage,L3_S1,-1490,654,12618,248,65,-50,0,-2247.23
9619,20:21:03:734,3,Severe_Damage,L3_S1,-1498,766,12944,1021,60,72,0,-1921.23
9620,20:21:03:744,3,Severe_Damage,L3_S1,-1560,848,13574,1650,77,170,0,-1291.23
9621,20:21:03:754,3,Severe_Damage,L3_S1,-1678,988,14174,2120,99,244,0,-691.23
9622,20:21:03:764,3,Severe_Damage,L3_S1,-1776,1112,14916,2358,90,276,0,50.77
9623,20:21:03:775,3,Severe_Damage,L3_S1,-1870,1266,15696,2351,107,276,0,830.77
9624,20:21:03:784,3,Severe_Damage,L3_S1,-1994,1422,16286,2094,93,234,0,1420.77
9625,20:21:03:794,3,Severe_Damage,L3_S1,-2072,1448,16814,1630,83,167,0,1948.77
9626,20:21:03:804,3,Severe_Damage,L3_S1,-2152,1658,16966,1052,78,73,0,2100.77
9627,20:21:03:814,3,Severe_Damage,L3_S1,-2054,1584,17180,221,-1,-54,0,2314.77
9628,20:21:03:824,3,Severe_Damage,L3_S1,-2216,1600,16932,-485,69,-165,0,2066.77
9629,20:21:03:835,3,Severe_Damage,L3_S1,-1984,1450,16698,-1259,-38,-294,0,1832.77
9630,20:21:03:844,3,Severe_Damage,L3_S1,-2092,1410,16178,-1853,2,-375,0,1312.77
9631,20:21:03:854,3,Severe_Damage,L3_S1,-1848,1322,15566,-2330,-27,-464,0,700.77
9632,20:21:03:864,3,Severe_Damage,L3_S1,-1824,1104,14924,-2585,-32,-501,0,58.77
9633,20:21:03:874,3,Severe_Damage,L3_S1,-1704,990,14238,-2606,-46,-504,0,-627.23
9634,20:21:03:884,3,Severe_Damage,L3_S1,-1598,820,13652,-2398,-24,-476,0,-1213.23
9635,20:21:03:894,3,Severe_Damage,L3_S1,-1552,690,13164,-2009,-52,-408,0,-1701.23
9636,20:21:03:904,3,Severe_Damage,L3_S1,-1436,694,12886,-1408,6,-311,0,-1979.23
9637,20:21:03:914,3,Severe_Damage,L3_S1,-1462,708,12724,-721,15,-198,0,-2141.23
9638,20:21:03:924,3,Severe_Damage,L3_S1,-1448,702,12884,8,11,-89,0,-1981.23
9639,20:21:03:934,3,Severe_Damage,L3_S1,-1536,744,13170,703,88,21,0,-1695.23
9640,20:21:03:944,3,Severe_Damage,L3_S1,-1598,856,13508,1331,50,120,0,-1357.23
9641,20:21:03:954,3,Severe_Damage,L3_S1,-1666,956,14090,1777,99,188,0,-775.23
9642,20:21:03:964,3,Severe_Damage,L3_S1,-1806,1130,14750,2060,76,238,0,-115.23
9643,20:21:03:974,3,Severe_Damage,L3_S1,-1878,1238,15360,2100,101,234,0,494.77
9644,20:21:03:984,3,Severe_Damage,L3_S1,-1956,1358,15972,1937,95,213,0,1106.77
9645,20:21:03:994,3,Severe_Damage,L3_S1,-2080,1454,16448,1566,72,149,0,1582.77
9646,20:21:04:004,3,Severe_Damage,L3_S1,-2050,1474,16804,1045,82,75,0,1938.77
9647,20:21:04:014,3,Severe_Damage,L3_S1,-2096,1572,16738,436,38,-17,0,1872.77
9648,20:21:04:024,3,Severe_Damage,L3_S1,-2068,1490,16818,-328,0,-140,0,1952.77
9649,20:21:04:034,3,Severe_Damage,L3_S1,-2114,1458,16618,-943,48,-239,0,1752.77
9650,20:21:04:045,3,Severe_Damage,L3_S1,-1932,1406,16100,-1558,-42,-333,0,1234.77
9651,20:21:04:054,3,Severe_Damage,L3_S1,-1862,1236,15704,-2008,9,-411,0,838.77
9652,20:21:04:065,3,Severe_Damage,L3_S1,-1834,1192,15050,-2275,-25,-450,0,184.77
9653,20:21:04:075,3,Severe_Damage,L3_S1,-1690,1068,14414,-2369,-57,-474,0,-451.23
9654,20:21:04:084,3,Severe_Damage,L3_S1,-1660,942,13836,-2222,12,-451,0,-1029.23
9655,20:21:04:094,3,Severe_Damage,L3_S1,-1512,812,13392,-1915,-35,-398,0,-1473.23
9656,20:21:04:104,3,Severe_Damage,L3_S1,-1536,730,13048,-1437,-13,-322,0,-1817.23
9657,20:21:04:114,3,Severe_Damage,L3_S1,-1436,706,12972,-850,1,-226,0,-1893.23
9658,20:21:04:124,3,Severe_Damage,L3_S1,-1554,744,13006,-161,55,-116,0,-1859.23
9659,20:21:04:134,3,Severe_Damage,L3_S1,-1470,762,13202,439,26,-28,0,-1663.23
9660,20:21:04:144,3,Severe_Damage,L3_S1,-1614,850,13540,1033,99,74,0,-1325.23
9661,20:21:04:154,3,Severe_Damage,L3_S1,-1674,916,14006,1473,64,138,0,-859.23
9662,20:21:04:164,3,Severe_Damage,L3_S1,-1698,1068,14674,1763,85,187,0,-191.23
9663,20:21:04:174,3,Severe_Damage,L3_S1,-1864,1144,15186,1858,106,196,0,320.77
9664,20:21:04:184,3,Severe_Damage,L3_S1,-1944,1296,15754,1759,68,191,0,888.77
9665,20:21:04:194,3,Severe_Damage,L3_S1,-2046,1444,16206,1470,95,139,0,1340.77
9666,20:21:04:204,3,Severe_Damage,L3_S1,-2074,1476,16544,1031,53,73,0,1678.77
9667,20:21:04:214,3,Severe_Damage,L3_S1,-2088,1436,16638,481,61,-18,0,1772.77
9668,20:21:04:224,3,Severe_Damage,L3_S1,-2058,1506,16584,-97,25,-108,0,1718.77
9669,20:21:04:234,3,Severe_Damage,L3_S1,-2010,1428,16442,-749,-10,-207,0,1576.77
9670,20:21:04:245,3,Severe_Damage,L3_S1,-1962,1414,16138,-1277,17,-294,0,1272.77
9671,20:21:04:255,3,Severe_Damage,L3_S1,-1894,1284,15704,-1742,-30,-370,0,838.77
9672,20:21:04:265,3,Severe_Damage,L3_S1,-1810,1174,15060,-1997,-17,-408,0,194.77
9673,20:21:04:275,3,Severe_Damage,L3_S1,-1772,1044,14650,-2147,-21,-422,0,-215.23
9674,20:21:04:285,3,Severe_Damage,L3_S1,-1656,942,14072,-2036,-33,-410,0,-793.23
9675,20:21:04:295,3,Severe_Damage,L3_S1,-1566,850,13754,-1811,-2,-377,0,-1111.23
9676,20:21:04:305,3,Severe_Damage,L3_S1,-1584,804,13374,-1394,12,-316,0,-1491.23
9677,20:21:04:314,3,Severe_Damage,L3_S1,-1454,832,13188,-900,-22,-235,0,-1677.23
9678,20:21:04:324,3,Severe_Damage,L3_S1,-1488,740,13192,-340,21,-146,0,-1673.23
9679,20:21:04:334,3,Severe_Damage,L3_S1,-1612,808,13278,289,62,-47,0,-1587.23
9680,20:21:04:344,3,Severe_Damage,L3_S1,-1526,854,13624,770,39,26,0,-1241.23
9681,20:21:04:355,3,Severe_Damage,L3_S1,-1694,968,14038,1226,97,103,0,-827.23
9682,20:21:04:364,3,Severe_Damage,L3_S1,-1694,1012,14562,1501,75,141,0,-303.23
9683,20:21:04:374,3,Severe_Damage,L3_S1,-1814,1166,14994,1646,70,172,0,128.77
9684,20:21:04:384,3,Severe_Damage,L3_S1,-1870,1270,15508,1580,85,152,0,642.77
9685,20:21:04:394,3,Severe_Damage,L3_S1,-1934,1360,15922,1370,65,123,0,1056.77
9686,20:21:04:404,3,Severe_Damage,L3_S1,-2016,1388,16214,989,74,65,0,1348.77
9687,20:21:04:414,3,Severe_Damage,L3_S1,-2028,1476,16432,524,50,-11,0,1566.77
9688,20:21:04:424,3,Severe_Damage,L3_S1,-2074,1476,16432,-22,25,-82,0,1566.77
9689,20:21:04:435,3,Severe_Damage,L3_S1,-1986,1450,16352,-575,26,-182,0,1486.77
9690,20:21:04:445,3,Severe_Damage,L3_S1,-1952,1404,16104,-1087,-5,-264,0,1238.77
9691,20:21:04:455,3,Severe_Damage,L3_S1,-1936,1310,15696,-1496,-7,-326,0,830.77
9692,20:21:04:465,3,Severe_Damage,L3_S1,-1824,1272,15274,-1790,-17,-375,0,408.77
9693,20:21:04:475,3,Severe_Damage,L3_S1,-1744,1058,14728,-1919,-26,-390,0,-137.23
9694,20:21:04:485,3,Severe_Damage,L3_S1,-1652,1024,14310,-1896,-15,-394,0,-555.23
9695,20:21:04:494,3,Severe_Damage,L3_S1,-1668,930,13840,-1690,1,-360,0,-1025.23
9696,20:21:04:505,3,Severe_Damage,L3_S1,-1572,830,13572,-1371,-3,-307,0,-1293.23
9697,20:21:04:514,3,Severe_Damage,L3_S1,-1548,766,13392,-905,6,-237,0,-1473.23
9698,20:21:04:524,3,Severe_Damage,L3_S1,-1508,786,13248,-401,31,-161,0,-1617.23
9699,20:21:04:534,3,Severe_Damage,L3_S1,-1572,850,13492,131,40,-69,0,-1373.23
9700,20:21:04:544,3,Severe_Damage,L3_S1,-1624,864,13654,618,56,9,0,-1211.23
9701,20:21:04:554,3,Severe_Damage,L3_S1,-1676,954,14088,1031,76,70,0,-777.23
9702,20:21:04:564,3,Severe_Damage,L3_S1,-1736,1036,14518,1310,69,113,0,-347.23
9703,20:21:04:574,3,Severe_Damage,L3_S1,-1804,1178,14928,1452,76,138,0,62.77
9704,20:21:04:584,3,Severe_Damage,L3_S1,-1880,1236,15410,1428,64,133,0,544.77
9705,20:21:04:594,3,Severe_Damage,L3_S1,-1972,1290,15698,1266,70,108,0,832.77
9706,20:21:04:604,3,Severe_Damage,L3_S1,-1944,1340,16070,950,64,54,0,1204.77
9707,20:21:04:614,3,Severe_Damage,L3_S1,-2038,1458,16270,535,50,-5,0,1404.77
9708,20:21:04:624,3,Severe_Damage,L3_S1,-1956,1456,16324,46,50,-85,0,1458.77
9709,20:21:04:635,3,Severe_Damage,L3_S1,-1952,1406,16212,-459,22,-165,0,1346.77
9710,20:21:04:645,3,Severe_Damage,L3_S1,-1996,1352,16018,-920,10,-236,0,1152.77
9711,20:21:04:655,3,Severe_Damage,L3_S1,-1854,1308,15668,-1321,1,-305,0,802.77
9712,20:21:04:665,3,Severe_Damage,L3_S1,-1924,1226,15204,-1599,-15,-340,0,338.77
9713,20:21:04:675,3,Severe_Damage,L3_S1,-1776,1104,14878,-1752,0,-374,0,12.77
9714,20:21:04:685,3,Severe_Damage,L3_S1,-1690,1036,14354,-1750,-25,-364,0,-511.23
9715,20:21:04:695,3,Severe_Damage,L3_S1,-1642,910,14010,-1601,12,-342,0,-855.23
9716,20:21:04:705,3,Severe_Damage,L3_S1,-1598,836,13702,-1310,-11,-294,0,-1163.23
9717,20:21:04:714,3,Severe_Damage,L3_S1,-1562,824,13522,-920,8,-239,0,-1343.23
9718,20:21:04:724,3,Severe_Damage,L3_S1,-1540,832,13428,-457,31,-165,0,-1437.23
9719,20:21:04:734,3,Severe_Damage,L3_S1,-1572,844,13492,16,28,-92,0,-1373.23
9720,20:21:04:744,3,Severe_Damage,L3_S1,-1596,892,13774,466,53,-16,0,-1091.23
9721,20:21:04:754,3,Severe_Damage,L3_S1,-1694,936,14074,854,64,46,0,-791.23
9722,20:21:04:764,3,Severe_Damage,L3_S1,-1720,1038,14404,1136,66,93,0,-461.23
9723,20:21:04:774,3,Severe_Damage,L3_S1,-1752,1096,14870,1294,79,112,0,4.77
9724,20:21:04:784,3,Severe_Damage,L3_S1,-1854,1180,15314,1298,65,120,0,448.77
9725,20:21:04:795,3,Severe_Damage,L3_S1,-1894,1270,15642,1170,62,91,0,776.77
9726,20:21:04:805,3,Severe_Damage,L3_S1,-1958,1354,15998,904,82,50,0,1132.77
9727,20:21:04:814,3,Severe_Damage,L3_S1,-1976,1386,16160,539,33,-6,0,1294.77
9728,20:21:04:824,3,Severe_Damage,L3_S1,-2010,1400,16146,110,52,-77,0,1280.77
9729,20:21:04:835,3,Severe_Damage,L3_S1,-1958,1348,16138,-352,15,-151,0,1272.77
9730,20:21:04:845,3,Severe_Damage,L3_S1,-1966,1360,15894,-788,15,-216,0,1028.77
9731,20:21:04:855,3,Severe_Damage,L3_S1,-1894,1260,15628,-1172,0,-273,0,762.77
9732,20:21:04:865,3,Severe_Damage,L3_S1,-1814,1232,15278,-1444,-10,-316,0,412.77
9733,20:21:04:875,3,Severe_Damage,L3_S1,-1836,1118,14850,-1602,-2,-341,0,-15.23
9734,20:21:04:885,3,Severe_Damage,L3_S1,-1722,1026,14476,-1621,-12,-348,0,-389.23
9735,20:21:04:894,3,Severe_Damage,L3_S1,-1686,972,14154,-1500,3,-325,0,-711.23
9736,20:21:04:905,3,Severe_Damage,L3_S1,-1616,934,13812,-1258,-16,-288,0,-1053.23
9737,20:21:04:915,3,Severe_Damage,L3_S1,-1620,868,13648,-911,17,-235,0,-1217.23
9738,20:21:04:925,3,Severe_Damage,L3_S1,-1576,828,13630,-508,16,-172,0,-1235.23
9739,20:21:04:934,3,Severe_Damage,L3_S1,-1584,874,13630,-70,31,-101,0,-1235.23
9740,20:21:04:944,3,Severe_Damage,L3_S1,-1644,884,13832,342,50,-40,0,-1033.23
9741,20:21:04:954,3,Severe_Damage,L3_S1,-1632,932,14090,717,58,18,0,-775.23
9742,20:21:04:964,3,Severe_Damage,L3_S1,-1666,1034,14474,984,71,59,0,-391.23
9743,20:21:04:974,3,Severe_Damage,L3_S1,-1778,1072,14770,1148,70,95,0,-95.23
9744,20:21:04:984,3,Severe_Damage,L3_S1,-1812,1186,15240,1167,71,90,0,374.77
9745,20:21:04:995,3,Severe_Damage,L3_S1,-1924,1266,15428,1077,76,78,0,562.77
9746,20:21:05:004,3,Severe_Damage,L3_S1,-1864,1314,15822,837,52,31,0,956.77
9747,20:21:05:014,3,Severe_Damage,L3_S1,-1984,1344,16038,529,50,-12,0,1172.77
9748,20:21:05:024,3,Severe_Damage,L3_S1,-1990,1338,16044,125,38,-66,0,1178.77
9749,20:21:05:035,3,Severe_Damage,L3_S1,-1892,1366,16044,-277,28,-138,0,1178.77
9750,20:21:05:045,3,Severe_Damage,L3_S1,-1990,1286,15870,-687,17,-203,0,1004.77
9751,20:21:05:055,3,Severe_Damage,L3_S1,-1900,1312,15616,-1028,7,-256,0,750.77
9752,20:21:05:065,3,Severe_Damage,L3_S1,-1828,1198,15308,-1301,-10,-292,0,442.77
9753,20:21:05:075,3,Severe_Damage,L3_S1,-1792,1122,14944,-1455,-1,-322,0,78.77
9754,20:21:05:085,3,Severe_Damage,L3_S1,-1770,1108,14574,-1493,-5,-332,0,-291.23
9755,20:21:05:095,3,Severe_Damage,L3_S1,-1734,1002,14244,-1407,-5,-311,0,-621.23
9756,20:21:05:105,3,Severe_Damage,L3_S1,-1654,940,13976,-1187,5,-272,0,-889.23
9757,20:21:05:114,3,Severe_Damage,L3_S1,-1568,908,13776,-895,9,-238,0,-1089.23
9758,20:21:05:125,3,Severe_Damage,L3_S1,-1556,948,13748,-530,23,-167,0,-1117.23
9759,20:21:05:135,3,Severe_Damage,L3_S1,-1614,856,13796,-143,43,-116,0,-1069.23
9760,20:21:05:144,3,Severe_Damage,L3_S1,-1620,876,13858,248,34,-54,0,-1007.23
9761,20:21:05:154,3,Severe_Damage,L3_S1,-1662,932,14084,583,62,-3,0,-781.23
9762,20:21:05:164,3,Severe_Damage,L3_S1,-1706,1014,14378,850,39,46,0,-487.23
9763,20:21:05:175,3,Severe_Damage,L3_S1,-1752,1090,14760,1003,74,69,0,-105.23
9764,20:21:05:185,3,Severe_Damage,L3_S1,-1832,1146,15116,1046,65,72,0,250.77
9765,20:21:05:194,3,Severe_Damage,L3_S1,-1840,1194,15500,970,48,63,0,634.77
9766,20:21:05:204,3,Severe_Damage,L3_S1,-1970,1298,15660,790,75,30,0,794.77
9767,20:21:05:215,3,Severe_Damage,L3_S1,-1940,1300,15908,504,37,-13,0,1042.77
9768,20:21:05:224,3,Severe_Damage,L3_S1,-1988,1302,15976,164,50,-67,0,1110.77
9769,20:21:05:235,3,Severe_Damage,L3_S1,-1940,1346,15972,-209,30,-120,0,1106.77
9770,20:21:05:245,3,Severe_Damage,L3_S1,-1898,1316,15882,-580,13,-183,0,1016.77
9771,20:21:05:255,3,Severe_Damage,L3_S1,-1874,1276,15540,-911,15,-229,0,674.77
9772,20:21:05:265,3,Severe_Damage,L3_S1,-1852,1164,15278,-1157,-5,-270,0,412.77
9773,20:21:05:275,3,Severe_Damage,L3_S1,-1816,1108,15008,-1314,-3,-303,0,142.77
9774,20:21:05:285,3,Severe_Damage,L3_S1,-1774,1034,14640,-1367,-4,-309,0,-225.23
9775,20:21:05:295,3,Severe_Damage,L3_S1,-1720,1030,14336,-1308,2,-305,0,-529.23
9776,20:21:05:305,3,Severe_Damage,L3_S1,-1692,932,14156,-1133,-2,-273,0,-709.23
9777,20:21:05:315,3,Severe_Damage,L3_S1,-1632,960,13816,-880,5,-225,0,-1049.23
9778,20:21:05:325,3,Severe_Damage,L3_S1,-1610,928,13734,-547,18,-188,0,-1131.23
9779,20:21:05:335,3,Severe_Damage,L3_S1,-1646,898,13844,-196,17,-120,0,-1021.23
9780,20:21:05:344,3,Severe_Damage,L3_S1,-1650,954,13964,160,56,-68,0,-901.23
9781,20:21:05:354,3,Severe_Damage,L3_S1,-1638,948,14162,469,36,-15,0,-703.23
9782,20:21:05:364,3,Severe_Damage,L3_S1,-1752,992,14398,719,58,23,0,-467.23
9783,20:21:05:374,3,Severe_Damage,L3_S1,-1752,1056,14746,877,62,50,0,-119.23
9784,20:21:05:385,3,Severe_Damage,L3_S1,-1834,1148,15102,930,62,56,0,236.77
9785,20:21:05:394,3,Severe_Damage,L3_S1,-1806,1190,15414,883,65,44,0,548.77
9786,20:21:05:404,3,Severe_Damage,L3_S1,-1940,1242,15676,717,54,21,0,810.77
9787,20:21:05:415,3,Severe_Damage,L3_S1,-1962,1316,15750,485,50,-15,0,884.77
9788,20:21:05:425,3,Severe_Damage,L3_S1,-1904,1258,15866,171,19,-66,0,1000.77
9789,20:21:05:435,3,Severe_Damage,L3_S1,-1990,1330,15830,-159,49,-115,0,964.77
9790,20:21:05:445,3,Severe_Damage,L3_S1,-1858,1290,15770,-509,5,-168,0,904.77
9791,20:21:05:455,3,Severe_Damage,L3_S1,-1866,1298,15616,-802,17,-226,0,750.77
9792,20:21:05:465,3,Severe_Damage,L3_S1,-1834,1174,15310,-1055,-2,-262,0,444.77
9793,20:21:05:475,3,Severe_Damage,L3_S1,-1784,1126,15026,-1199,-4,-285,0,160.77
9794,20:21:05:485,3,Severe_Damage,L3_S1,-1790,1062,14730,-1268,4,-292,0,-135.23
9795,20:21:05:495,3,Severe_Damage,L3_S1,-1708,1050,14376,-1216,-4,-283,0,-489.23
9796,20:21:05:505,3,Severe_Damage,L3_S1,-1646,962,14170,-1080,8,-265,0,-695.23
9797,20:21:05:515,3,Severe_Damage,L3_S1,-1672,966,14054,-846,17,-225,0,-811.23
9798,20:21:05:525,3,Severe_Damage,L3_S1,-1626,928,13972,-571,5,-176,0,-893.23
9799,20:21:05:535,3,Severe_Damage,L3_S1,-1608,946,13924,-237,39,-134,0,-941.23
9800,20:21:05:544,3,Severe_Damage,L3_S1,-1678,900,14076,71,34,-76,0,-789.23
9801,20:21:05:555,3,Severe_Damage,L3_S1,-1648,964,14172,371,49,-38,0,-693.23
9802,20:21:05:565,3,Severe_Damage,L3_S1,-1728,1022,14388,603,56,9,0,-477.23
9803,20:21:05:575,3,Severe_Damage,L3_S1,-1744,1024,14720,767,64,28,0,-145.23
9804,20:21:05:585,3,Severe_Damage,L3_S1,-1776,1132,15004,831,61,30,0,138.77
9805,20:21:05:595,3,Severe_Damage,L3_S1,-1832,1168,15304,796,66,29,0,438.77
9806,20:21:05:604,3,Severe_Damage,L3_S1,-1854,1226,15550,670,52,8,0,684.77
9807,20:21:05:615,3,Severe_Damage,L3_S1,-1978,1296,15688,458,43,-23,0,822.77
9808,20:21:05:625,3,Severe_Damage,L3_S1,-1910,1264,15754,186,38,-64,0,888.77
9809,20:21:05:635,3,Severe_Damage,L3_S1,-1948,1308,15686,-127,31,-115,0,820.77
9810,20:21:05:645,3,Severe_Damage,L3_S1,-1910,1318,15692,-424,23,-158,0,826.77
9811,20:21:05:655,3,Severe_Damage,L3_S1,-1846,1214,15516,-713,8,-206,0,650.77
9812,20:21:05:665,3,Severe_Damage,L3_S1,-1904,1184,15346,-937,4,-238,0,480.77
9813,20:21:05:675,3,Severe_Damage,L3_S1,-1782,1164,15044,-1097,3,-260,0,178.77
9814,20:21:05:685,3,Severe_Damage,L3_S1,-1764,1062,14770,-1156,3,-272,0,-95.23
9815,20:21:05:695,3,Severe_Damage,L3_S1,-1752,992,14524,-1141,-1,-266,0,-341.23
9816,20:21:05:705,3,Severe_Damage,L3_S1,-1728,966,14230,-1014,10,-252,0,-635.23
9817,20:21:05:715,3,Severe_Damage,L3_S1,-1680,938,14100,-827,7,-221,0,-765.23
9818,20:21:05:725,3,Severe_Damage,L3_S1,-1640,940,14008,-565,26,-185,0,-857.23
9819,20:21:05:735,3,Severe_Damage,L3_S1,-1666,900,14014,-279,35,-132,0,-851.23
9820,20:21:05:745,3,Severe_Damage,L3_S1,-1612,924,14124,15,27,-89,0,-741.23
9821,20:21:05:755,3,Severe_Damage,L3_S1,-1626,972,14234,291,53,-48,0,-631.23
9822,20:21:05:765,3,Severe_Damage,L3_S1,-1710,996,14410,500,44,-9,0,-455.23
9823,20:21:05:775,3,Severe_Damage,L3_S1,-1740,1040,14622,659,62,18,0,-243.23
9824,20:21:05:785,3,Severe_Damage,L3_S1,-1810,1100,14930,724,53,24,0,64.77
9825,20:21:05:795,3,Severe_Damage,L3_S1,-1888,1162,15142,705,53,22,0,276.77
9826,20:21:05:805,3,Severe_Damage,L3_S1,-1862,1166,15452,610,54,9,0,586.77
9827,20:21:05:815,3,Severe_Damage,L3_S1,-1890,1286,15558,420,42,-25,0,692.77
9828,20:21:05:825,3,Severe_Damage,L3_S1,-1898,1280,15616,198,40,-60,0,750.77
9829,20:21:05:835,3,Severe_Damage,L3_S1,-1930,1278,15700,-94,26,-105,0,834.77
9830,20:21:05:845,3,Severe_Damage,L3_S1,-1894,1256,15588,-369,36,-151,0,722.77
9831,20:21:05:855,3,Severe_Damage,L3_S1,-1892,1204,15484,-635,1,-188,0,618.77
9832,20:21:05:865,3,Severe_Damage,L3_S1,-1854,1230,15286,-841,26,-226,0,420.77
9833,20:21:05:875,3,Severe_Damage,L3_S1,-1834,1174,15004,-1000,-7,-241,0,138.77
9834,20:21:05:885,3,Severe_Damage,L3_S1,-1726,1108,14834,-1055,12,-258,0,-31.23
9835,20:21:05:895,3,Severe_Damage,L3_S1,-1698,1078,14598,-1063,-5,-261,0,-267.23
9836,20:21:05:905,3,Severe_Damage,L3_S1,-1746,1022,14382,-964,7,-246,0,-483.23
9837,20:21:05:915,3,Severe_Damage,L3_S1,-1638,990,14182,-792,18,-221,0,-683.23
9838,20:21:05:925,3,Severe_Damage,L3_S1,-1704,954,14058,-568,5,-173,0,-807.23
9839,20:21:05:935,3,Severe_Damage,L3_S1,-1612,942,14076,-292,42,-140,0,-789.23
9840,20:21:05:945,3,Severe_Damage,L3_S1,-1652,968,14174,-41,18,-94,0,-691.23
9841,20:21:05:955,3,Severe_Damage,L3_S1,-1706,1012,14224,227,55,-59,0,-641.23
9842,20:21:05:965,3,Severe_Damage,L3_S1,-1718,1052,14460,414,42,-29,0,-405.23
9843,20:21:05:975,3,Severe_Damage,L3_S1,-1728,1038,14656,579,52,-4,0,-209.23
9844,20:21:05:985,3,Severe_Damage,L3_S1,-1732,1110,14922,641,58,-2,0,56.77
9845,20:21:05:995,3,Severe_Damage,L3_S1,-1876,1174,15166,641,45,4,0,300.77
9846,20:21:06:005,3,Severe_Damage,L3_S1,-1828,1242,15388,551,63,-5,0,522.77
9847,20:21:06:015,3,Severe_Damage,L3_S1,-1866,1206,15504,394,44,-30,0,638.77
9848,20:21:06:025,3,Severe_Damage,L3_S1,-1910,1244,15622,178,33,-60,0,756.77
9849,20:21:06:035,3,Severe_Damage,L3_S1,-1886,1290,15616,-69,42,-108,0,750.77
9850,20:21:06:045,3,Severe_Damage,L3_S1,-1890,1266,15500,-320,19,-139,0,634.77
9851,20:21:06:055,3,Severe_Damage,L3_S1,-1890,1212,15466,-565,29,-184,0,600.77
9852,20:21:06:065,3,Severe_Damage,L3_S1,-1844,1138,15230,-761,11,-204,0,364.77
9853,20:21:06:075,3,Severe_Damage,L3_S1,-1858,1172,15090,-918,13,-234,0,224.77
9854,20:21:06:085,3,Severe_Damage,L3_S1,-1800,1122,14872,-977,14,-246,0,6.77
9855,20:21:06:095,3,Severe_Damage,L3_S1,-1756,1054,14582,-993,0,-239,0,-283.23
9856,20:21:06:105,3,Severe_Damage,L3_S1,-1708,1046,14380,-895,17,-227,0,-485.23
9857,20:21:06:115,3,Severe_Damage,L3_S1,-1686,980,14240,-755,14,-205,0,-625.23
9858,20:21:06:125,3,Severe_Damage,L3_S1,-1642,924,14194,-546,21,-177,0,-671.23
9859,20:21:06:135,3,Severe_Damage,L3_S1,-1662,946,14226,-327,26,-141,0,-639.23
9860,20:21:06:145,3,Severe_Damage,L3_S1,-1698,1006,14222,-75,38,-103,0,-643.23
9861,20:21:06:155,3,Severe_Damage,L3_S1,-1602,998,14304,149,47,-71,0,-561.23
9862,20:21:06:165,3,Severe_Damage,L3_S1,-1728,1030,14462,354,46,-30,0,-403.23
9863,20:21:06:175,3,Severe_Damage,L3_S1,-1766,1028,14772,489,46,-18,0,-93.23
9864,20:21:06:185,3,Severe_Damage,L3_S1,-1736,1120,14876,575,60,-9,0,10.77
9865,20:21:06:195,3,Severe_Damage,L3_S1,-1848,1162,15044,566,47,-4,0,178.77
9866,20:21:06:205,3,Severe_Damage,L3_S1,-1846,1154,15242,495,57,-14,0,376.77
9867,20:21:06:215,3,Severe_Damage,L3_S1,-1862,1212,15448,356,44,-31,0,582.77
9868,20:21:06:225,3,Severe_Damage,L3_S1,-1918,1246,15588,162,39,-60,0,722.77
9869,20:21:06:235,3,Severe_Damage,L3_S1,-1872,1276,15494,-57,40,-97,0,628.77
9870,20:21:06:245,3,Severe_Damage,L3_S1,-1878,1202,15514,-296,16,-131,0,648.77
9871,20:21:06:255,3,Severe_Damage,L3_S1,-1862,1200,15430,-506,23,-170,0,564.77
9872,20:21:06:265,3,Severe_Damage,L3_S1,-1862,1220,15300,-700,9,-200,0,434.77
9873,20:21:06:275,3,Severe_Damage,L3_S1,-1868,1122,15046,-840,8,-222,0,180.77
9874,20:21:06:285,3,Severe_Damage,L3_S1,-1734,1122,14820,-910,22,-240,0,-45.23
9875,20:21:06:295,3,Severe_Damage,L3_S1,-1750,1100,14688,-920,4,-229,0,-177.23
9876,20:21:06:305,3,Severe_Damage,L3_S1,-1732,1042,14498,-851,15,-226,0,-367.23
9877,20:21:06:315,3,Severe_Damage,L3_S1,-1720,984,14384,-721,4,-204,0,-481.23
9878,20:21:06:325,3,Severe_Damage,L3_S1,-1664,966,14294,-541,27,-177,0,-571.23
9879,20:21:06:335,3,Severe_Damage,L3_S1,-1686,968,14248,-334,17,-147,0,-617.23
9880,20:21:06:345,3,Severe_Damage,L3_S1,-1664,1038,14272,-112,29,-112,0,-593.23
9881,20:21:06:355,3,Severe_Damage,L3_S1,-1676,976,14356,103,37,-78,0,-509.23
9882,20:21:06:365,3,Severe_Damage,L3_S1,-1758,1060,14472,284,44,-45,0,-393.23
9883,20:21:06:375,3,Severe_Damage,L3_S1,-1710,1092,14596,422,52,-26,0,-269.23
9884,20:21:06:385,3,Severe_Damage,L3_S1,-1770,1132,14830,502,55,-13,0,-35.23
9885,20:21:06:395,3,Severe_Damage,L3_S1,-1814,1138,15080,503,53,-10,0,214.77
9886,20:21:06:405,3,Severe_Damage,L3_S1,-1836,1182,15260,444,59,-20,0,394.77
9887,20:21:06:415,3,Severe_Damage,L3_S1,-1866,1206,15302,321,41,-37,0,436.77
9888,20:21:06:425,3,Severe_Damage,L3_S1,-1860,1200,15446,161,52,-65,0,580.77
9889,20:21:06:435,3,Severe_Damage,L3_S1,-1864,1242,15488,-49,27,-95,0,622.77
9890,20:21:06:445,3,Severe_Damage,L3_S1,-1880,1268,15482,-251,28,-126,0,616.77
9891,20:21:06:455,3,Severe_Damage,L3_S1,-1838,1212,15338,-468,14,-164,0,472.77
9892,20:21:06:465,3,Severe_Damage,L3_S1,-1856,1190,15258,-631,16,-191,0,392.77
9893,20:21:06:475,3,Severe_Damage,L3_S1,-1844,1126,15078,-776,7,-212,0,212.77
9894,20:21:06:485,3,Severe_Damage,L3_S1,-1834,1164,14884,-841,10,-215,0,18.77
9895,20:21:06:495,3,Severe_Damage,L3_S1,-1718,1100,14664,-858,15,-229,0,-201.23
9896,20:21:06:505,3,Severe_Damage,L3_S1,-1730,1068,14482,-798,6,-216,0,-383.23
9897,20:21:06:515,3,Severe_Damage,L3_S1,-1716,1034,14418,-694,20,-205,0,-447.23
9898,20:21:06:525,3,Severe_Damage,L3_S1,-1652,1006,14276,-532,18,-171,0,-589.23
9899,20:21:06:535,3,Severe_Damage,L3_S1,-1730,972,14276,-342,24,-143,0,-589.23
9900,20:21:06:545,3,Severe_Damage,L3_S1,-1680,942,14274,-138,28,-112,0,-591.23
9901,20:21:06:555,3,Severe_Damage,L3_S1,-1734,1004,14390,63,38,-80,0,-475.23
9902,20:21:06:565,3,Severe_Damage,L3_S1,-1706,1030,14498,230,37,-61,0,-367.23
9903,20:21:06:575,3,Severe_Damage,L3_S1,-1722,1110,14694,354,44,-42,0,-171.23
9904,20:21:06:585,3,Severe_Damage,L3_S1,-1746,1100,14796,435,41,-24,0,-69.23
9905,20:21:06:595,3,Severe_Damage,L3_S1,-1774,1132,15058,446,58,-18,0,192.77
9906,20:21:06:605,3,Severe_Damage,L3_S1,-1826,1154,15192,399,47,-30,0,326.77
9907,20:21:06:615,3,Severe_Damage,L3_S1,-1840,1200,15302,291,48,-46,0,436.77
9908,20:21:06:625,3,Severe_Damage,L3_S1,-1874,1224,15340,135,38,-67,0,474.77
9909,20:21:06:635,3,Severe_Damage,L3_S1,-1928,1206,15466,-30,39,-98,0,600.77
9910,20:21:06:645,3,Severe_Damage,L3_S1,-1898,1220,15466,-230,29,-129,0,600.77
9911,20:21:06:655,3,Severe_Damage,L3_S1,-1848,1188,15298,-420,20,-155,0,432.77
9912,20:21:06:665,3,Severe_Damage,L3_S1,-1892,1204,15226,-588,19,-183,0,360.77
9913,20:21:06:675,3,Severe_Damage,L3_S1,-1822,1124,15096,-704,12,-203,0,230.77
9914,20:21:06:685,3,Severe_Damage,L3_S1,-1754,1086,14936,-786,13,-219,0,70.77
9915,20:21:06:695,3,Severe_Damage,L3_S1,-1816,1074,14710,-790,13,-216,0,-155.23
9916,20:21:06:705,3,Severe_Damage,L3_S1,-1690,1042,14610,-761,19,-218,0,-255.23
9917,20:21:06:715,3,Severe_Damage,L3_S1,-1718,1020,14404,-652,16,-200,0,-461.23
9918,20:21:06:725,3,Severe_Damage,L3_S1,-1692,1008,14424,-518,27,-172,0,-441.23
9919,20:21:06:735,3,Severe_Damage,L3_S1,-1672,986,14306,-344,24,-142,0,-559.23
9920,20:21:06:745,3,Severe_Damage,L3_S1,-1738,982,14298,-166,32,-113,0,-567.23
9921,20:21:06:755,3,Severe_Damage,L3_S1,-1712,1004,14398,20,40,-88,0,-467.23
9922,20:21:06:765,3,Severe_Damage,L3_S1,-1744,1072,14572,179,40,-61,0,-293.23
9923,20:21:06:775,3,Severe_Damage,L3_S1,-1768,1068,14658,302,47,-47,0,-207.23
9924,20:21:06:785,3,Severe_Damage,L3_S1,-1762,1104,14798,378,47,-29,0,-67.23
9925,20:21:06:795,3,Severe_Damage,L3_S1,-1772,1164,14978,391,44,-31,0,112.77
9926,20:21:06:805,3,Severe_Damage,L3_S1,-1806,1160,15136,351,44,-42,0,270.77
9927,20:21:06:815,3,Severe_Damage,L3_S1,-1812,1178,15210,259,43,-48,0,344.77
9928,20:21:06:825,3,Severe_Damage,L3_S1,-1820,1234,15368,121,37,-70,0,502.77
9929,20:21:06:835,3,Severe_Damage,L3_S1,-1892,1236,15308,-33,32,-92,0,442.77
9930,20:21:06:845,3,Severe_Damage,L3_S1,-1852,1184,15360,-209,32,-123,0,494.77
9931,20:21:06:855,3,Severe_Damage,L3_S1,-1834,1220,15300,-384,26,-151,0,434.77
9932,20:21:06:865,3,Severe_Damage,L3_S1,-1848,1174,15198,-534,15,-179,0,332.77
9933,20:21:06:875,3,Severe_Damage,L3_S1,-1860,1158,15096,-656,17,-196,0,230.77
9934,20:21:06:885,3,Severe_Damage,L3_S1,-1850,1092,14906,-728,11,-205,0,40.77
9935,20:21:06:895,3,Severe_Damage,L3_S1,-1766,1082,14740,-746,24,-210,0,-125.23
9936,20:21:06:905,3,Severe_Damage,L3_S1,-1746,1048,14564,-721,10,-201,0,-301.23
9937,20:21:06:915,3,Severe_Damage,L3_S1,-1732,1054,14522,-627,18,-190,0,-343.23
9938,20:21:06:925,3,Severe_Damage,L3_S1,-1686,1010,14396,-509,13,-169,0,-469.23
9939,20:21:06:935,3,Severe_Damage,L3_S1,-1706,1022,14386,-350,19,-147,0,-479.23
9940,20:21:06:945,3,Severe_Damage,L3_S1,-1702,1014,14416,-179,29,-124,0,-449.23
9941,20:21:06:955,3,Severe_Damage,L3_S1,-1732,1024,14438,-12,28,-94,0,-427.23
9942,20:21:06:965,3,Severe_Damage,L3_S1,-1722,1066,14536,135,46,-69,0,-329.23
9943,20:21:06:975,3,Severe_Damage,L3_S1,-1732,1078,14702,242,48,-51,0,-163.23
9944,20:21:06:985,3,Severe_Damage,L3_S1,-1808,1122,14784,323,48,-42,0,-81.23
9945,20:21:06:995,3,Severe_Damage,L3_S1,-1778,1124,14960,343,42,-43,0,94.77
9946,20:21:07:005,3,Severe_Damage,L3_S1,-1818,1172,15140,317,41,-41,0,274.77
9947,20:21:07:015,3,Severe_Damage,L3_S1,-1806,1158,15238,225,36,-65,0,372.77
9948,20:21:07:025,3,Severe_Damage,L3_S1,-1850,1218,15334,112,37,-72,0,468.77
9949,20:21:07:035,3,Severe_Damage,L3_S1,-1892,1216,15368,-39,31,-91,0,502.77
9950,20:21:07:045,3,Severe_Damage,L3_S1,-1856,1194,15292,-192,38,-126,0,426.77
9951,20:21:07:055,3,Severe_Damage,L3_S1,-1846,1186,15174,-351,21,-142,0,308.77
9952,20:21:07:065,3,Severe_Damage,L3_S1,-1822,1190,15200,-502,20,-164,0,334.77
9953,20:21:07:075,3,Severe_Damage,L3_S1,-1832,1146,15060,-606,25,-178,0,194.77
9954,20:21:07:085,3,Severe_Damage,L3_S1,-1770,1134,14934,-687,12,-195,0,68.77
9955,20:21:07:095,3,Severe_Damage,L3_S1,-1748,1062,14748,-696,19,-197,0,-117.23
9956,20:21:07:105,3,Severe_Damage,L3_S1,-1748,1068,14636,-680,20,-198,0,-229.23
9957,20:21:07:115,3,Severe_Damage,L3_S1,-1704,1026,14470,-601,22,-185,0,-395.23
9958,20:21:07:125,3,Severe_Damage,L3_S1,-1698,1038,14464,-495,19,-170,0,-401.23
9959,20:21:07:136,3,Severe_Damage,L3_S1,-1758,1030,14440,-345,28,-147,0,-425.23
9960,20:21:07:145,3,Severe_Damage,L3_S1,-1712,1032,14432,-198,23,-121,0,-433.23
9961,20:21:07:155,3,Severe_Damage,L3_S1,-1724,1048,14436,-36,36,-102,0,-429.23
9962,20:21:07:165,3,Severe_Damage,L3_S1,-1716,1006,14630,90,43,-80,0,-235.23
9963,20:21:07:175,3,Severe_Damage,L3_S1,-1682,1024,14692,208,35,-56,0,-173.23
9964,20:21:07:185,3,Severe_Damage,L3_S1,-1800,1102,14796,271,47,-46,0,-69.23
9965,20:21:07:195,3,Severe_Damage,L3_S1,-1756,1090,14946,294,47,-46,0,80.77
9966,20:21:07:205,3,Severe_Damage,L3_S1,-1780,1174,15090,268,49,-47,0,224.77
9967,20:21:07:215,3,Severe_Damage,L3_S1,-1848,1226,15130,201,41,-55,0,264.77
9968,20:21:07:225,3,Severe_Damage,L3_S1,-1838,1176,15258,99,44,-72,0,392.77
9969,20:21:07:235,3,Severe_Damage,L3_S1,-1886,1230,15330,-31,34,-95,0,464.77
9970,20:21:07:245,3,Severe_Damage,L3_S1,-1840,1196,15252,-182,26,-118,0,386.77
9971,20:21:07:255,3,Severe_Damage,L3_S1,-1824,1166,15272,-330,27,-147,0,406.77
9972,20:21:07:265,3,Severe_Damage,L3_S1,-1810,1164,15192,-455,23,-161,0,326.77
9973,20:21:07:275,3,Severe_Damage,L3_S1,-1770,1116,15108,-563,28,-188,0,242.77
9974,20:21:07:285,3,Severe_Damage,L3_S1,-1800,1096,14882,-628,15,-194,0,16.77
9975,20:21:07:296,3,Severe_Damage,L3_S1,-1790,1098,14802,-660,16,-196,0,-63.23
9976,20:21:07:305,3,Severe_Damage,L3_S1,-1746,1014,14722,-629,25,-201,0,-143.23
9977,20:21:07:315,3,Severe_Damage,L3_S1,-1796,1050,14562,-573,20,-179,0,-303.23
9978,20:21:07:325,3,Severe_Damage,L3_S1,-1734,1064,14494,-472,30,-166,0,-371.23
9979,20:21:07:336,3,Severe_Damage,L3_S1,-1764,986,14394,-350,21,-157,0,-471.23
9980,20:21:07:345,3,Severe_Damage,L3_S1,-1770,1014,14444,-207,31,-121,0,-421.23
9981,20:21:07:355,3,Severe_Damage,L3_S1,-1684,1034,14472,-72,41,-102,0,-393.23
9982,20:21:07:365,3,Severe_Damage,L3_S1,-1764,1006,14592,56,35,-78,0,-273.23
9983,20:21:07:375,3,Severe_Damage,L3_S1,-1764,1038,14618,160,42,-72,0,-247.23
9984,20:21:07:385,3,Severe_Damage,L3_S1,-1782,1086,14826,221,37,-60,0,-39.23
9985,20:21:07:395,3,Severe_Damage,L3_S1,-1804,1088,14884,250,50,-51,0,18.77
9986,20:21:07:405,3,Severe_Damage,L3_S1,-1740,1134,15070,232,39,-56,0,204.77
9987,20:21:07:415,3,Severe_Damage,L3_S1,-1826,1174,15108,176,43,-61,0,242.77
9988,20:21:07:425,3,Severe_Damage,L3_S1,-1824,1148,15282,83,35,-79,0,416.77
9989,20:21:07:435,3,Severe_Damage,L3_S1,-1846,1184,15264,-27,34,-100,0,398.77
9990,20:21:07:445,3,Severe_Damage,L3_S1,-1856,1140,15250,-169,32,-122,0,384.77
9991,20:21:07:455,3,Severe_Damage,L3_S1,-1826,1190,15256,-298,30,-137,0,390.77
9992,20:21:07:465,3,Severe_Damage,L3_S1,-1858,1174,15078,-426,20,-158,0,212.77
9993,20:21:07:475,3,Severe_Damage,L3_S1,-1838,1164,15014,-517,23,-175,0,148.77
9994,20:21:07:485,3,Severe_Damage,L3_S1,-1796,1106,14964,-581,24,-181,0,98.77
9995,20:21:07:495,3,Severe_Damage,L3_S1,-1750,1072,14784,-611,23,-185,0,-81.23
9996,20:21:07:505,3,Severe_Damage,L3_S1,-1772,1106,14746,-598,19,-184,0,-119.23
9997,20:21:07:515,3,Severe_Damage,L3_S1,-1686,1072,14644,-548,17,-173,0,-221.23
9998,20:21:07:525,3,Severe_Damage,L3_S1,-1740,1066,14522,-452,36,-160,0,-343.23
9999,20:21:07:535,3,Severe_Damage,L3_S1,-1710,1004,14450,-342,30,-144,0,-415.23
10000,20:21:07:545,3,Severe_Damage,L3_S1,-1698,1082,14492,-216,28,-128,0,-373.23
10001,20:21:07:555,3,Severe_Damage,L3_S1,-1772,1048,14536,-92,31,-107,0,-329.23
10002,20:21:07:565,3,Severe_Damage,L3_S1,-1766,1074,14616,25,37,-88,0,-249.23
10003,20:21:07:575,3,Severe_Damage,L3_S1,-1776,1026,14680,126,39,-72,0,-185.23
10004,20:21:07:585,3,Severe_Damage,L3_S1,-1758,1076,14778,179,36,-65,0,-87.23
10005,20:21:07:595,3,Severe_Damage,L3_S1,-1778,1132,14844,219,39,-52,0,-21.23
10006,20:21:07:605,3,Severe_Damage,L3_S1,-1798,1194,15020,191,34,-58,0,154.77
10007,20:21:07:615,3,Severe_Damage,L3_S1,-1798,1160,15072,154,42,-77,0,206.77
10008,20:21:07:625,3,Severe_Damage,L3_S1,-1826,1178,15204,63,40,-83,0,338.77
10009,20:21:07:636,3,Severe_Damage,L3_S1,-1810,1182,15238,-37,34,-102,0,372.77
10010,20:21:07:646,3,Severe_Damage,L3_S1,-1830,1202,15280,-164,29,-115,0,414.77
10011,20:21:07:656,3,Severe_Damage,L3_S1,-1828,1158,15208,-278,29,-135,0,342.77
10012,20:21:07:666,3,Severe_Damage,L3_S1,-1862,1164,15050,-486,20,-162,0,184.77
10013,20:21:07:676,3,Severe_Damage,L3_S1,-1766,1130,14922,-553,19,-184,0,56.77
10014,20:21:07:686,3,Severe_Damage,L3_S1,-1806,1090,14816,-568,18,-188,0,-49.23
10015,20:21:07:696,3,Severe_Damage,L3_S1,-1766,1114,14776,-570,19,-183,0,-89.23
10016,20:21:07:706,3,Severe_Damage,L3_S1,-1714,1086,14686,-521,20,-173,0,-179.23
10017,20:21:07:716,3,Severe_Damage,L3_S1,-1692,998,14556,-444,24,-164,0,-309.23
10018,20:21:07:726,3,Severe_Damage,L3_S1,-1718,1028,14546,-343,31,-153,0,-319.23
10019,20:21:07:736,3,Severe_Damage,L3_S1,-1708,1026,14546,-227,32,-126,0,-319.23
10020,20:21:07:746,3,Severe_Damage,L3_S1,-1718,1078,14552,-107,33,-108,0,-313.23
10021,20:21:07:755,3,Severe_Damage,L3_S1,-1748,1056,14556,0,34,-92,0,-309.23
10022,20:21:07:765,3,Severe_Damage,L3_S1,-1774,1020,14626,87,32,-78,0,-239.23
10023,20:21:07:776,3,Severe_Damage,L3_S1,-1770,1132,14778,152,41,-65,0,-87.23
10024,20:21:07:786,3,Severe_Damage,L3_S1,-1760,1106,14914,170,39,-69,0,48.77
10025,20:21:07:796,3,Severe_Damage,L3_S1,-1776,1086,15024,167,42,-60,0,158.77
10026,20:21:07:805,3,Severe_Damage,L3_S1,-1790,1096,15104,129,37,-72,0,238.77
10027,20:21:07:816,3,Severe_Damage,L3_S1,-1834,1164,15144,63,34,-88,0,278.77
10028,20:21:07:826,3,Severe_Damage,L3_S1,-1856,1174,15200,-45,34,-102,0,334.77
10029,20:21:07:836,3,Severe_Damage,L3_S1,-1868,1200,15156,-152,29,-115,0,290.77
10030,20:21:07:846,3,Severe_Damage,L3_S1,-1782,1154,15172,-270,24,-130,0,306.77
10031,20:21:07:856,3,Severe_Damage,L3_S1,-1818,1124,15136,-370,24,-148,0,270.77
10032,20:21:07:866,3,Severe_Damage,L3_S1,-1808,1160,15096,-452,23,-161,0,230.77
10033,20:21:07:876,3,Severe_Damage,L3_S1,-1814,1144,14954,-512,12,-173,0,88.77
10034,20:21:07:886,3,Severe_Damage,L3_S1,-1746,1086,14858,-541,21,-179,0,-7.23
10035,20:21:07:896,3,Severe_Damage,L3_S1,-1760,1062,14662,-536,19,-179,0,-203.23
10036,20:21:07:906,3,Severe_Damage,L3_S1,-1728,1052,14662,-494,31,-170,0,-203.23
10037,20:21:07:916,3,Severe_Damage,L3_S1,-1720,1030,14580,-427,22,-159,0,-285.23
10038,20:21:07:926,3,Severe_Damage,L3_S1,-1748,1070,14628,-336,19,-147,0,-237.23
10039,20:21:07:936,3,Severe_Damage,L3_S1,-1722,1028,14610,-237,29,-127,0,-255.23
10040,20:21:07:946,3,Severe_Damage,L3_S1,-1770,1048,14598,-122,34,-115,0,-267.23
10041,20:21:07:956,3,Severe_Damage,L3_S1,-1750,1066,14646,-24,35,-96,0,-219.23
10042,20:21:07:966,3,Severe_Damage,L3_S1,-1736,1034,14686,58,35,-81,0,-179.23
10043,20:21:07:976,3,Severe_Damage,L3_S1,-1762,1112,14778,116,40,-77,0,-87.23
10044,20:21:07:986,3,Severe_Damage,L3_S1,-1746,1108,14856,139,34,-70,0,-9.23
10045,20:21:07:996,3,Severe_Damage,L3_S1,-1822,1136,14964,142,42,-72,0,98.77
10046,20:21:08:006,3,Severe_Damage,L3_S1,-1822,1158,15116,104,39,-74,0,250.77
10047,20:21:08:015,3,Severe_Damage,L3_S1,-1848,1172,15122,46,39,-87,0,256.77
10048,20:21:08:026,3,Severe_Damage,L3_S1,-1850,1136,15176,-50,29,-98,0,310.77
10049,20:21:08:036,3,Severe_Damage,L3_S1,-1874,1138,15154,-149,29,-116,0,288.77
10050,20:21:08:046,3,Severe_Damage,L3_S1,-1808,1152,15180,-250,25,-129,0,314.77
10051,20:21:08:056,3,Severe_Damage,L3_S1,-1788,1138,15096,-349,17,-143,0,230.77
10052,20:21:08:066,3,Severe_Damage,L3_S1,-1798,1184,15024,-422,29,-160,0,158.77
10053,20:21:08:076,3,Severe_Damage,L3_S1,-1786,1098,14960,-490,12,-164,0,94.77
10054,20:21:08:086,3,Severe_Damage,L3_S1,-1806,1136,14792,-503,25,-172,0,-73.23
10055,20:21:08:096,3,Severe_Damage,L3_S1,-1712,1052,14770,-509,15,-176,0,-95.23
10056,20:21:08:106,3,Severe_Damage,L3_S1,-1826,1074,14624,-470,22,-167,0,-241.23
10057,20:21:08:116,3,Severe_Damage,L3_S1,-1784,1014,14576,-420,27,-158,0,-289.23
10058,20:21:08:126,3,Severe_Damage,L3_S1,-1736,1068,14544,-330,21,-142,0,-321.23
10059,20:21:08:136,3,Severe_Damage,L3_S1,-1728,1070,14632,-242,27,-127,0,-233.23
10060,20:21:08:146,3,Severe_Damage,L3_S1,-1732,1094,14570,-138,31,-119,0,-295.23
10061,20:21:08:156,3,Severe_Damage,L3_S1,-1746,1052,14634,-48,38,-100,0,-231.23
10062,20:21:08:166,3,Severe_Damage,L3_S1,-1762,1128,14746,35,32,-94,0,-119.23
10063,20:21:08:176,3,Severe_Damage,L3_S1,-1738,1118,14742,89,40,-78,0,-123.23
10064,20:21:08:186,3,Severe_Damage,L3_S1,-1746,1108,14828,114,40,-72,0,-37.23
10065,20:21:08:196,3,Severe_Damage,L3_S1,-1782,1116,14960,113,41,-77,0,94.77
10066,20:21:08:206,3,Severe_Damage,L3_S1,-1834,1182,14958,80,33,-71,0,92.77
10067,20:21:08:216,3,Severe_Damage,L3_S1,-1838,1154,15102,28,47,-91,0,236.77
10068,20:21:08:226,3,Severe_Damage,L3_S1,-1782,1092,15122,-56,24,-105,0,256.77
10069,20:21:08:236,3,Severe_Damage,L3_S1,-1802,1210,15198,-138,37,-111,0,332.77
10070,20:21:08:246,3,Severe_Damage,L3_S1,-1794,1124,15100,-236,28,-127,0,234.77
10071,20:21:08:256,3,Severe_Damage,L3_S1,-1764,1202,15090,-323,21,-138,0,224.77
10072,20:21:08:266,3,Severe_Damage,L3_S1,-1798,1094,15020,-406,28,-157,0,154.77
10073,20:21:08:276,3,Severe_Damage,L3_S1,-1794,1156,14874,-449,18,-166,0,8.77
10074,20:21:08:286,3,Severe_Damage,L3_S1,-1772,1114,14866,-489,16,-168,0,0.77
10075,20:21:08:296,3,Severe_Damage,L3_S1,-1834,1090,14700,-479,20,-162,0,-165.23
10076,20:21:08:306,3,Severe_Damage,L3_S1,-1778,1086,14722,-455,23,-162,0,-143.23
10077,20:21:08:316,3,Severe_Damage,L3_S1,-1754,1052,14710,-398,27,-151,0,-155.23
10078,20:21:08:326,3,Severe_Damage,L3_S1,-1790,1072,14592,-331,27,-136,0,-273.23
10079,20:21:08:336,3,Severe_Damage,L3_S1,-1748,1030,14640,-242,27,-120,0,-225.23
10080,20:21:08:346,3,Severe_Damage,L3_S1,-1706,1058,14640,-152,38,-119,0,-225.23
10081,20:21:08:356,3,Severe_Damage,L3_S1,-1760,1058,14630,-57,28,-105,0,-235.23
10082,20:21:08:366,3,Severe_Damage,L3_S1,-1698,1096,14720,11,40,-95,0,-145.23
10083,20:21:08:376,3,Severe_Damage,L3_S1,-1740,1130,14782,63,34,-85,0,-83.23
10084,20:21:08:386,3,Severe_Damage,L3_S1,-1746,1088,14862,87,39,-75,0,-3.23
10085,20:21:08:396,3,Severe_Damage,L3_S1,-1754,1110,14946,93,40,-82,0,80.77
10086,20:21:08:406,3,Severe_Damage,L3_S1,-1768,1122,14984,59,39,-81,0,118.77
10087,20:21:08:416,3,Severe_Damage,L3_S1,-1842,1146,14972,8,31,-89,0,106.77
10088,20:21:08:426,3,Severe_Damage,L3_S1,-1784,1170,15030,-57,37,-105,0,164.77
10089,20:21:08:436,3,Severe_Damage,L3_S1,-1804,1178,15134,-139,37,-114,0,268.77
10090,20:21:08:446,3,Severe_Damage,L3_S1,-1858,1166,15114,-221,31,-133,0,248.77
10091,20:21:08:456,3,Severe_Damage,L3_S1,-1792,1118,15108,-305,31,-144,0,242.77
10092,20:21:08:466,3,Severe_Damage,L3_S1,-1812,1158,14996,-379,20,-148,0,130.77
10093,20:21:08:476,3,Severe_Damage,L3_S1,-1818,1070,14948,-430,18,-166,0,82.77
10094,20:21:08:486,3,Severe_Damage,L3_S1,-1782,1100,14852,-462,17,-166,0,-13.23
10095,20:21:08:496,3,Severe_Damage,L3_S1,-1774,1114,14772,-459,25,-167,0,-93.23
10096,20:21:08:506,3,Severe_Damage,L3_S1,-1694,1096,14708,-434,23,-166,0,-157.23
10097,20:21:08:516,3,Severe_Damage,L3_S1,-1742,1062,14704,-386,22,-155,0,-161.23
10098,20:21:08:526,3,Severe_Damage,L3_S1,-1728,1026,14644,-321,28,-142,0,-221.23
10099,20:21:08:536,3,Severe_Damage,L3_S1,-1760,1042,14630,-243,27,-130,0,-235.23
10100,20:21:08:546,3,Severe_Damage,L3_S1,-1738,1102,14658,-163,27,-114,0,-207.23
10101,20:21:08:556,3,Severe_Damage,L3_S1,-1708,1086,14646,-81,36,-113,0,-219.23
10102,20:21:08:566,3,Severe_Damage,L3_S1,-1774,1026,14718,-14,31,-99,0,-147.23
10103,20:21:08:576,3,Severe_Damage,L3_S1,-1774,1088,14812,33,42,-91,0,-53.23
10104,20:21:08:586,3,Severe_Damage,L3_S1,-1792,1084,14822,60,40,-76,0,-43.23
10105,20:21:08:596,3,Severe_Damage,L3_S1,-1782,1094,14966,62,35,-84,0,100.77
10106,20:21:08:606,3,Severe_Damage,L3_S1,-1804,1146,15042,45,43,-82,0,176.77
10107,20:21:08:616,3,Severe_Damage,L3_S1,-1812,1146,15066,-8,35,-105,0,200.77
10108,20:21:08:626,3,Severe_Damage,L3_S1,-1838,1180,15080,-60,38,-109,0,214.77
10109,20:21:08:636,3,Severe_Damage,L3_S1,-1810,1126,15074,-134,29,-116,0,208.77
10110,20:21:08:646,3,Severe_Damage,L3_S1,-1812,1180,15096,-214,31,-127,0,230.77
10111,20:21:08:656,3,Severe_Damage,L3_S1,-1742,1174,15048,-289,33,-140,0,182.77
10112,20:21:08:666,3,Severe_Damage,L3_S1,-1820,1120,15010,-359,29,-148,0,144.77
10113,20:21:08:676,3,Severe_Damage,L3_S1,-1838,1116,14918,-407,29,-162,0,52.77
10114,20:21:08:686,3,Severe_Damage,L3_S1,-1786,1062,14890,-438,17,-164,0,24.77
10115,20:21:08:696,3,Severe_Damage,L3_S1,-1762,1102,14798,-428,32,-164,0,-67.23
10116,20:21:08:706,3,Severe_Damage,L3_S1,-1770,1080,14788,-420,21,-155,0,-77.23
10117,20:21:08:716,3,Severe_Damage,L3_S1,-1738,1054,14722,-374,26,-150,0,-143.23
10118,20:21:08:726,3,Severe_Damage,L3_S1,-1758,1096,14618,-317,16,-141,0,-247.23
10119,20:21:08:736,3,Severe_Damage,L3_S1,-1798,1058,14638,-243,29,-132,0,-227.23
10120,20:21:08:746,3,Severe_Damage,L3_S1,-1736,1092,14672,-175,27,-118,0,-193.23
10121,20:21:08:756,3,Severe_Damage,L3_S1,-1752,1054,14696,-91,35,-106,0,-169.23
10122,20:21:08:766,3,Severe_Damage,L3_S1,-1710,1082,14682,-39,32,-98,0,-183.23
10123,20:21:08:776,3,Severe_Damage,L3_S1,-1786,1094,14826,15,33,-82,0,-39.23
10124,20:21:08:786,3,Severe_Damage,L3_S1,-1774,1082,14868,38,39,-87,0,2.77
10125,20:21:08:796,3,Severe_Damage,L3_S1,-1770,1072,14908,42,29,-93,0,42.77
10126,20:21:08:806,3,Severe_Damage,L3_S1,-1808,1084,15030,20,26,-87,0,164.77
10127,20:21:08:816,3,Severe_Damage,L3_S1,-1754,1124,15006,-16,36,-101,0,140.77
10128,20:21:08:826,3,Severe_Damage,L3_S1,-1818,1120,15046,-65,26,-104,0,180.77
10129,20:21:08:837,3,Severe_Damage,L3_S1,-1862,1156,15102,-141,34,-121,0,236.77
10130,20:21:08:846,3,Severe_Damage,L3_S1,-1802,1162,15086,-212,36,-130,0,220.77
10131,20:21:08:856,3,Severe_Damage,L3_S1,-1772,1122,15052,-276,26,-131,0,186.77
10132,20:21:08:866,3,Severe_Damage,L3_S1,-1798,1146,14940,-330,25,-144,0,74.77
10133,20:21:08:876,3,Severe_Damage,L3_S1,-1778,1154,15024,-386,19,-147,0,158.77
10134,20:21:08:886,3,Severe_Damage,L3_S1,-1782,1122,14874,-400,26,-153,0,8.77
10135,20:21:08:896,3,Severe_Damage,L3_S1,-1738,1118,14816,-413,22,-158,0,-49.23
10136,20:21:08:906,3,Severe_Damage,L3_S1,-1784,1078,14768,-393,24,-152,0,-97.23
10137,20:21:08:916,3,Severe_Damage,L3_S1,-1756,1072,14732,-361,29,-152,0,-133.23
10138,20:21:08:926,3,Severe_Damage,L3_S1,-1706,1056,14682,-311,28,-137,0,-183.23
10139,20:21:08:936,3,Severe_Damage,L3_S1,-1748,1056,14680,-252,27,-129,0,-185.23
10140,20:21:08:946,3,Severe_Damage,L3_S1,-1740,1082,14734,-177,23,-115,0,-131.23
10141,20:21:08:956,3,Severe_Damage,L3_S1,-1784,1102,14694,-116,28,-107,0,-171.23
10142,20:21:08:966,3,Severe_Damage,L3_S1,-1736,1056,14720,-52,27,-104,0,-145.23
10143,20:21:08:976,3,Severe_Damage,L3_S1,-1808,1080,14790,-11,34,-88,0,-75.23
10144,20:21:08:986,3,Severe_Damage,L3_S1,-1770,1100,14856,12,37,-87,0,-9.23
10145,20:21:08:996,3,Severe_Damage,L3_S1,-1778,1088,14920,28,38,-88,0,54.77
10146,20:21:09:006,3,Severe_Damage,L3_S1,-1800,1098,14988,7,30,-92,0,122.77
10147,20:21:09:016,3,Severe_Damage,L3_S1,-1834,1164,15052,-19,45,-99,0,186.77
10148,20:21:09:026,3,Severe_Damage,L3_S1,-1796,1106,15046,-76,28,-102,0,180.77
10149,20:21:09:036,3,Severe_Damage,L3_S1,-1780,1138,14986,-129,39,-113,0,120.77
10150,20:21:09:046,3,Severe_Damage,L3_S1,-1814,1132,15020,-198,35,-121,0,154.77
10151,20:21:09:056,3,Severe_Damage,L3_S1,-1866,1146,15022,-262,28,-126,0,156.77
10152,20:21:09:066,3,Severe_Damage,L3_S1,-1878,1136,14914,-318,30,-143,0,48.77
10153,20:21:09:076,3,Severe_Damage,L3_S1,-1800,1146,14968,-363,24,-146,0,102.77
10154,20:21:09:086,3,Severe_Damage,L3_S1,-1834,1094,14898,-390,18,-151,0,32.77
10155,20:21:09:097,3,Severe_Damage,L3_S1,-1774,1110,14794,-397,25,-155,0,-71.23
10156,20:21:09:106,3,Severe_Damage,L3_S1,-1816,1102,14790,-384,18,-149,0,-75.23
10157,20:21:09:116,3,Severe_Damage,L3_S1,-1732,1082,14702,-354,28,-151,0,-163.23
10158,20:21:09:126,3,Severe_Damage,L3_S1,-1784,1082,14724,-301,26,-140,0,-141.23
10159,20:21:09:136,3,Severe_Damage,L3_S1,-1766,1058,14696,-245,27,-124,0,-169.23
10160,20:21:09:146,3,Severe_Damage,L3_S1,-1720,1084,14680,-186,28,-112,0,-185.23
10161,20:21:09:156,3,Severe_Damage,L3_S1,-1742,1092,14690,-121,36,-116,0,-175.23
10162,20:21:09:166,3,Severe_Damage,L3_S1,-1770,1064,14724,-77,30,-102,0,-141.23
10163,20:21:09:176,3,Severe_Damage,L3_S1,-1750,1092,14776,-23,42,-104,0,-89.23
10164,20:21:09:186,3,Severe_Damage,L3_S1,-1802,1058,14856,-9,33,-98,0,-9.23
10165,20:21:09:196,3,Severe_Damage,L3_S1,-1828,1104,14898,14,42,-89,0,32.77
10166,20:21:09:206,3,Severe_Damage,L3_S1,-1774,1096,14954,-6,33,-94,0,88.77
10167,20:21:09:216,3,Severe_Damage,L3_S1,-1796,1110,14984,-24,35,-104,0,118.77
10168,20:21:09:226,3,Severe_Damage,L3_S1,-1780,1088,14978,-84,35,-106,0,112.77
10169,20:21:09:237,3,Severe_Damage,L3_S1,-1804,1156,15050,-132,32,-109,0,184.77
10170,20:21:09:246,3,Severe_Damage,L3_S1,-1814,1118,15022,-199,36,-127,0,156.77
10171,20:21:09:256,3,Severe_Damage,L3_S1,-1794,1096,15058,-244,30,-125,0,192.77
10172,20:21:09:266,3,Severe_Damage,L3_S1,-1762,1102,14944,-308,25,-137,0,78.77
10173,20:21:09:276,3,Severe_Damage,L3_S1,-1808,1086,14990,-336,27,-147,0,124.77
10174,20:21:09:286,3,Severe_Damage,L3_S1,-1816,1106,14920,-372,28,-155,0,54.77
10175,20:21:09:296,3,Severe_Damage,L3_S1,-1764,1092,14842,-374,28,-154,0,-23.23
10176,20:21:09:306,3,Severe_Damage,L3_S1,-1780,1142,14792,-363,38,-154,0,-73.23
10177,20:21:09:316,3,Severe_Damage,L3_S1,-1802,1126,14710,-343,11,-147,0,-155.23
10178,20:21:09:326,3,Severe_Damage,L3_S1,-1756,1084,14702,-294,26,-142,0,-163.23
10179,20:21:09:336,3,Severe_Damage,L3_S1,-1784,1078,14654,-256,27,-135,0,-211.23
10180,20:21:09:346,3,Severe_Damage,L3_S1,-1778,1050,14692,-197,35,-123,0,-173.23
10181,20:21:09:356,3,Severe_Damage,L3_S1,-1736,1100,14718,-137,32,-112,0,-147.23
10182,20:21:09:366,3,Severe_Damage,L3_S1,-1776,1092,14700,-79,33,-103,0,-165.23
10183,20:21:09:376,3,Severe_Damage,L3_S1,-1778,1098,14780,-45,29,-99,0,-85.23
10184,20:21:09:386,3,Severe_Damage,L3_S1,-1764,1148,14866,-14,34,-101,0,0.77
10185,20:21:09:396,3,Severe_Damage,L3_S1,-1754,1160,14908,-11,37,-97,0,42.77
10186,20:21:09:406,3,Severe_Damage,L3_S1,-1768,1070,14918,-15,31,-90,0,52.77
10187,20:21:09:416,3,Severe_Damage,L3_S1,-1822,1100,14954,-50,37,-103,0,88.77
10188,20:21:09:426,3,Severe_Damage,L3_S1,-1800,1134,15058,-87,37,-112,0,192.77
10189,20:21:09:436,3,Severe_Damage,L3_S1,-1808,1184,15076,-134,37,-109,0,210.77
10190,20:21:09:446,3,Severe_Damage,L3_S1,-1822,1136,15054,-190,31,-118,0,188.77
10191,20:21:09:456,3,Severe_Damage,L3_S1,-1808,1146,15016,-241,23,-129,0,150.77
10192,20:21:09:466,3,Severe_Damage,L3_S1,-1760,1106,14954,-287,23,-133,0,88.77
10193,20:21:09:476,3,Severe_Damage,L3_S1,-1806,1136,14906,-331,30,-134,0,40.77
10194,20:21:09:486,3,Severe_Damage,L3_S1,-1762,1088,14850,-350,27,-152,0,-15.23
10195,20:21:09:496,3,Severe_Damage,L3_S1,-1788,1082,14846,-360,26,-153,0,-19.23
10196,20:21:09:506,3,Severe_Damage,L3_S1,-1758,1040,14832,-356,27,-147,0,-33.23
10197,20:21:09:516,3,Severe_Damage,L3_S1,-1762,1060,14736,-332,28,-144,0,-129.23
10198,20:21:09:527,3,Severe_Damage,L3_S1,-1792,1094,14674,-296,25,-142,0,-191.23
10199,20:21:09:536,3,Severe_Damage,L3_S1,-1696,1098,14690,-241,35,-136,0,-175.23
10200,20:21:09:547,3,Severe_Damage,L3_S1,-1792,1080,14726,-202,30,-122,0,-139.23
10201,20:21:09:556,3,Severe_Damage,L3_S1,-1742,1068,14672,-143,41,-121,0,-193.23
10202,20:21:09:566,3,Severe_Damage,L3_S1,-1736,1094,14796,-97,34,-107,0,-69.23
10203,20:21:09:576,3,Severe_Damage,L3_S1,-1792,1100,14780,-58,34,-95,0,-85.23
10204,20:21:09:586,3,Severe_Damage,L3_S1,-1780,1084,14830,-29,43,-95,0,-35.23
10205,20:21:09:596,3,Severe_Damage,L3_S1,-1802,1080,14892,-27,28,-93,0,26.77
10206,20:21:09:606,3,Severe_Damage,L3_S1,-1776,1138,14968,-35,36,-96,0,102.77
10207,20:21:09:616,3,Severe_Damage,L3_S1,-1768,1106,15008,-57,32,-102,0,142.77
10208,20:21:09:626,3,Severe_Damage,L3_S1,-1814,1146,14998,-93,32,-98,0,132.77
10209,20:21:09:637,3,Severe_Damage,L3_S1,-1780,1134,15064,-134,36,-112,0,198.77
10210,20:21:09:647,3,Severe_Damage,L3_S1,-1840,1164,14984,-186,27,-117,0,118.77
10211,20:21:09:657,3,Severe_Damage,L3_S1,-1810,1144,14984,-235,29,-128,0,118.77
10212,20:21:09:667,3,Severe_Damage,L3_S1,-1774,1106,14932,-285,21,-140,0,66.77
10213,20:21:09:677,3,Severe_Damage,L3_S1,-1788,1150,14940,-319,33,-142,0,74.77
10214,20:21:09:687,3,Severe_Damage,L3_S1,-1742,1034,14842,-346,21,-151,0,-23.23
10215,20:21:09:696,3,Severe_Damage,L3_S1,-1792,1082,14806,-345,26,-145,0,-59.23
10216,20:21:09:707,3,Severe_Damage,L3_S1,-1776,1090,14788,-351,18,-143,0,-77.23
10217,20:21:09:717,3,Severe_Damage,L3_S1,-1748,1040,14756,-321,28,-144,0,-109.23
10218,20:21:09:727,3,Severe_Damage,L3_S1,-1740,1092,14702,-296,23,-138,0,-163.23
10219,20:21:09:736,3,Severe_Damage,L3_S1,-1754,1092,14700,-244,23,-134,0,-165.23
10220,20:21:09:747,3,Severe_Damage,L3_S1,-1768,1106,14728,-207,26,-125,0,-137.23
10221,20:21:09:757,3,Severe_Damage,L3_S1,-1778,1076,14722,-151,30,-116,0,-143.23
10222,20:21:09:767,3,Severe_Damage,L3_S1,-1748,1092,14772,-112,31,-111,0,-93.23
10223,20:21:09:776,3,Severe_Damage,L3_S1,-1728,1072,14822,-72,32,-101,0,-43.23
10224,20:21:09:786,3,Severe_Damage,L3_S1,-1770,1136,14882,-48,31,-94,0,16.77
10225,20:21:09:796,3,Severe_Damage,L3_S1,-1712,1138,14918,-35,31,-93,0,52.77
10226,20:21:09:806,3,Severe_Damage,L3_S1,-1800,1114,14990,-46,39,-101,0,124.77
10227,20:21:09:817,3,Severe_Damage,L3_S1,-1784,1106,14978,-63,37,-102,0,112.77
10228,20:21:09:827,3,Severe_Damage,L3_S1,-1812,1144,14972,-97,37,-113,0,106.77
10229,20:21:09:837,3,Severe_Damage,L3_S1,-1808,1142,14924,-138,26,-110,0,58.77
10230,20:21:09:847,3,Severe_Damage,L3_S1,-1800,1170,15000,-177,25,-121,0,134.77
10231,20:21:09:857,3,Severe_Damage,L3_S1,-1828,1116,15030,-239,36,-120,0,164.77
10232,20:21:09:867,3,Severe_Damage,L3_S1,-1772,1172,14968,-266,33,-131,0,102.77
10233,20:21:09:877,3,Severe_Damage,L3_S1,-1744,1114,14928,-311,21,-141,0,62.77
10234,20:21:09:887,3,Severe_Damage,L3_S1,-1774,1074,14850,-321,23,-139,0,-15.23
10235,20:21:09:897,3,Severe_Damage,L3_S1,-1752,1072,14838,-336,25,-145,0,-27.23
10236,20:21:09:907,3,Severe_Damage,L3_S1,-1836,1128,14812,-327,20,-144,0,-53.23
10237,20:21:09:917,3,Severe_Damage,L3_S1,-1790,1100,14714,-319,27,-149,0,-151.23
10238,20:21:09:927,3,Severe_Damage,L3_S1,-1752,1096,14734,-281,26,-136,0,-131.23
10239,20:21:09:937,3,Severe_Damage,L3_S1,-1784,1070,14708,-248,23,-133,0,-157.23
10240,20:21:09:947,3,Severe_Damage,L3_S1,-1734,1062,14766,-204,30,-125,0,-99.23
10241,20:21:09:957,3,Severe_Damage,L3_S1,-1800,1090,14832,-157,28,-114,0,-33.23
10242,20:21:09:967,3,Severe_Damage,L3_S1,-1786,1110,14856,-113,34,-112,0,-9.23
10243,20:21:09:977,3,Severe_Damage,L3_S1,-1750,1062,14784,-78,25,-102,0,-81.23
10244,20:21:09:987,3,Severe_Damage,L3_S1,-1784,1104,14854,-56,37,-101,0,-11.23
10245,20:21:09:997,3,Severe_Damage,L3_S1,-1772,1130,14874,-52,34,-104,0,8.77
10246,20:21:10:007,3,Severe_Damage,L3_S1,-1806,1120,14910,-59,36,-105,0,44.77
10247,20:21:10:017,3,Severe_Damage,L3_S1,-1774,1180,14918,-75,39,-99,0,52.77
10248,20:21:10:027,3,Severe_Damage,L3_S1,-1788,1154,14902,-107,38,-109,0,36.77
10249,20:21:10:037,3,Severe_Damage,L3_S1,-1812,1138,15038,-147,34,-117,0,172.77
10250,20:21:10:047,3,Severe_Damage,L3_S1,-1822,1118,14980,-180,26,-122,0,114.77
10251,20:21:10:057,3,Severe_Damage,L3_S1,-1818,1126,14992,-218,24,-127,0,126.77
10252,20:21:10:067,3,Severe_Damage,L3_S1,-1770,1142,14922,-260,25,-135,0,56.77
10253,20:21:10:077,3,Severe_Damage,L3_S1,-1754,1100,14896,-287,31,-140,0,30.77
10254,20:21:10:087,3,Severe_Damage,L3_S1,-1766,1130,14888,-313,23,-141,0,22.77
10255,20:21:10:097,3,Severe_Damage,L3_S1,-1768,1082,14876,-320,25,-139,0,10.77
10256,20:21:10:107,3,Severe_Damage,L3_S1,-1778,1130,14846,-313,30,-134,0,-19.23
10257,20:21:10:117,3,Severe_Damage,L3_S1,-1788,1106,14796,-304,24,-137,0,-69.23
10258,20:21:10:127,3,Severe_Damage,L3_S1,-1780,1100,14756,-275,28,-134,0,-109.23
10259,20:21:10:137,3,Severe_Damage,L3_S1,-1750,1074,14766,-242,27,-126,0,-99.23
10260,20:21:10:147,3,Severe_Damage,L3_S1,-1752,1074,14684,-207,26,-129,0,-181.23
10261,20:21:10:157,3,Severe_Damage,L3_S1,-1740,1076,14732,-169,31,-123,0,-133.23
10262,20:21:10:167,3,Severe_Damage,L3_S1,-1726,1108,14792,-129,35,-118,0,-73.23
10263,20:21:10:177,3,Severe_Damage,L3_S1,-1736,1108,14856,-93,36,-101,0,-9.23
10264,20:21:10:187,3,Severe_Damage,L3_S1,-1724,1116,14830,-81,29,-101,0,-35.23
10265,20:21:10:197,3,Severe_Damage,L3_S1,-1822,1112,14902,-64,46,-106,0,36.77
10266,20:21:10:207,3,Severe_Damage,L3_S1,-1798,1140,14954,-66,30,-110,0,88.77
10267,20:21:10:217,3,Severe_Damage,L3_S1,-1786,1168,14930,-77,35,-107,0,64.77
10268,20:21:10:227,3,Severe_Damage,L3_S1,-1786,1092,14988,-113,27,-108,0,122.77
10269,20:21:10:237,3,Severe_Damage,L3_S1,-1814,1128,14974,-144,28,-113,0,108.77
10270,20:21:10:247,3,Severe_Damage,L3_S1,-1820,1158,15008,-176,34,-124,0,142.77
10271,20:21:10:257,3,Severe_Damage,L3_S1,-1788,1130,14988,-221,26,-131,0,122.77
10272,20:21:10:267,3,Severe_Damage,L3_S1,-1776,1162,14954,-249,39,-142,0,88.77
10273,20:21:10:277,3,Severe_Damage,L3_S1,-1760,1092,14896,-286,19,-139,0,30.77
10274,20:21:10:287,3,Severe_Damage,L3_S1,-1784,1090,14900,-299,26,-148,0,34.77
10275,20:21:10:297,3,Severe_Damage,L3_S1,-1802,1110,14900,-318,23,-148,0,34.77
10276,20:21:10:307,3,Severe_Damage,L3_S1,-1782,1130,14816,-303,25,-145,0,-49.23
10277,20:21:10:317,3,Severe_Damage,L3_S1,-1728,1108,14770,-311,23,-144,0,-95.23
10278,20:21:10:327,3,Severe_Damage,L3_S1,-1762,1076,14732,-271,27,-130,0,-133.23
10279,20:21:10:337,3,Severe_Damage,L3_S1,-1778,1096,14812,-243,31,-129,0,-53.23
10280,20:21:10:347,3,Severe_Damage,L3_S1,-1754,1098,14728,-198,27,-125,0,-137.23
10281,20:21:10:357,3,Severe_Damage,L3_S1,-1758,1068,14758,-168,27,-120,0,-107.23
10282,20:21:10:367,3,Severe_Damage,L3_S1,-1722,1118,14786,-131,31,-110,0,-79.23
10283,20:21:10:377,3,Severe_Damage,L3_S1,-1790,1082,14830,-107,28,-110,0,-35.23
10284,20:21:10:387,3,Severe_Damage,L3_S1,-1788,1100,14786,-81,31,-99,0,-79.23
10285,20:21:10:397,3,Severe_Damage,L3_S1,-1780,1086,14964,-80,33,-100,0,98.77
10286,20:21:10:407,3,Severe_Damage,L3_S1,-1798,1100,14910,-79,37,-101,0,44.77
10287,20:21:10:417,3,Severe_Damage,L3_S1,-1756,1124,14990,-89,39,-109,0,124.77
10288,20:21:10:427,3,Severe_Damage,L3_S1,-1766,1112,14944,-104,31,-110,0,78.77
10289,20:21:10:437,3,Severe_Damage,L3_S1,-1776,1084,15006,-144,29,-117,0,140.77
10290,20:21:10:447,3,Severe_Damage,L3_S1,-1814,1150,14932,-176,32,-122,0,66.77
10291,20:21:10:457,3,Severe_Damage,L3_S1,-1828,1102,14976,-213,32,-124,0,110.77
10292,20:21:10:467,3,Severe_Damage,L3_S1,-1736,1130,14856,-246,24,-135,0,-9.23
10293,20:21:10:477,3,Severe_Damage,L3_S1,-1826,1120,14964,-269,25,-136,0,98.77
10294,20:21:10:487,3,Severe_Damage,L3_S1,-1802,1096,14934,-293,26,-137,0,68.77
10295,20:21:10:497,3,Severe_Damage,L3_S1,-1776,1122,14904,-307,22,-136,0,38.77
10296,20:21:10:507,3,Severe_Damage,L3_S1,-1798,1096,14902,-298,27,-145,0,36.77
10297,20:21:10:517,3,Severe_Damage,L3_S1,-1760,1062,14756,-285,29,-140,0,-109.23
10298,20:21:10:527,3,Severe_Damage,L3_S1,-1786,1100,14804,-271,24,-141,0,-61.23
10299,20:21:10:537,3,Severe_Damage,L3_S1,-1754,1118,14752,-238,26,-129,0,-113.23
10300,20:21:10:547,3,Severe_Damage,L3_S1,-1734,1058,14786,-213,30,-122,0,-79.23
10301,20:21:10:557,3,Severe_Damage,L3_S1,-1758,1096,14708,-174,36,-116,0,-157.23
10302,20:21:10:567,3,Severe_Damage,L3_S1,-1762,1034,14814,-143,31,-116,0,-51.23
10303,20:21:10:577,3,Severe_Damage,L3_S1,-1770,1132,14826,-119,23,-101,0,-39.23
10304,20:21:10:587,3,Severe_Damage,L3_S1,-1788,1066,14864,-102,36,-104,0,-1.23
10305,20:21:10:597,3,Severe_Damage,L3_S1,-1742,1070,14840,-92,31,-100,0,-25.23
10306,20:21:10:607,3,Severe_Damage,L3_S1,-1802,1154,14946,-92,40,-101,0,80.77
10307,20:21:10:617,3,Severe_Damage,L3_S1,-1810,1140,14884,-100,31,-103,0,18.77
10308,20:21:10:627,3,Severe_Damage,L3_S1,-1744,1114,14926,-122,36,-104,0,60.77
10309,20:21:10:637,3,Severe_Damage,L3_S1,-1740,1126,15022,-154,26,-110,0,156.77
10310,20:21:10:647,3,Severe_Damage,L3_S1,-1816,1144,14968,-174,34,-118,0,102.77
10311,20:21:10:657,3,Severe_Damage,L3_S1,-1790,1130,14932,-212,21,-123,0,66.77
10312,20:21:10:667,3,Severe_Damage,L3_S1,-1830,1160,14980,-237,29,-124,0,114.77
10313,20:21:10:677,3,Severe_Damage,L3_S1,-1782,1128,14902,-260,25,-135,0,36.77
10314,20:21:10:687,3,Severe_Damage,L3_S1,-1794,1118,14858,-279,30,-140,0,-7.23
10315,20:21:10:697,3,Severe_Damage,L3_S1,-1818,1072,14796,-286,40,-139,0,-69.23
10316,20:21:10:707,3,Severe_Damage,L3_S1,-1778,1122,14780,-290,21,-134,0,-85.23
10317,20:21:10:717,3,Severe_Damage,L3_S1,-1768,1066,14790,-276,34,-139,0,-75.23
10318,20:21:10:727,3,Severe_Damage,L3_S1,-1772,1106,14830,-266,20,-131,0,-35.23
10319,20:21:10:737,3,Severe_Damage,L3_S1,-1778,1052,14810,-228,40,-126,0,-55.23
10320,20:21:10:747,3,Severe_Damage,L3_S1,-1764,1122,14780,-213,14,-124,0,-85.23
10321,20:21:10:757,3,Severe_Damage,L3_S1,-1806,1136,14764,-166,31,-113,0,-101.23
10322,20:21:10:767,3,Severe_Damage,L3_S1,-1752,1070,14816,-156,27,-113,0,-49.23
10323,20:21:10:777,3,Severe_Damage,L3_S1,-1790,1140,14838,-112,39,-107,0,-27.23
10324,20:21:10:787,3,Severe_Damage,L3_S1,-1776,1022,14842,-113,21,-106,0,-23.23
10325,20:21:10:797,3,Severe_Damage,L3_S1,-1758,1106,14830,-87,38,-107,0,-35.23
10326,20:21:10:807,3,Severe_Damage,L3_S1,-1770,1134,14918,-101,24,-103,0,52.77
10327,20:21:10:817,3,Severe_Damage,L3_S1,-1804,1130,14970,-101,31,-110,0,104.77
10328,20:21:10:827,3,Severe_Damage,L3_S1,-1820,1098,14974,-124,28,-109,0,108.77
10329,20:21:10:837,3,Severe_Damage,L3_S1,-1758,1132,14924,-141,31,-104,0,58.77
10330,20:21:10:847,3,Severe_Damage,L3_S1,-1784,1104,14870,-175,34,-118,0,4.77
10331,20:21:10:857,3,Severe_Damage,L3_S1,-1798,1098,15000,-209,17,-126,0,134.77
10332,20:21:10:867,3,Severe_Damage,L3_S1,-1774,1088,14934,-229,31,-128,0,68.77
10333,20:21:10:877,3,Severe_Damage,L3_S1,-1812,1120,14884,-252,20,-136,0,18.77
10334,20:21:10:887,3,Severe_Damage,L3_S1,-1800,1144,14846,-267,30,-139,0,-19.23
10335,20:21:10:897,3,Severe_Damage,L3_S1,-1750,1094,14878,-281,31,-141,0,12.77
10336,20:21:10:907,3,Severe_Damage,L3_S1,-1760,1088,14772,-280,33,-134,0,-93.23
10337,20:21:10:917,3,Severe_Damage,L3_S1,-1744,1096,14822,-277,29,-140,0,-43.23
10338,20:21:10:927,3,Severe_Damage,L3_S1,-1752,1108,14794,-251,33,-131,0,-71.23
10339,20:21:10:937,3,Severe_Damage,L3_S1,-1762,1054,14776,-239,29,-136,0,-89.23
10340,20:21:10:948,3,Severe_Damage,L3_S1,-1794,1078,14798,-203,34,-119,0,-67.23
10341,20:21:10:957,3,Severe_Damage,L3_S1,-1782,1088,14860,-189,36,-116,0,-5.23
10342,20:21:10:967,3,Severe_Damage,L3_S1,-1760,1140,14794,-148,32,-115,0,-71.23
10343,20:21:10:977,3,Severe_Damage,L3_S1,-1780,1116,14860,-131,36,-117,0,-5.23
10344,20:21:10:987,3,Severe_Damage,L3_S1,-1786,1118,14870,-111,36,-114,0,4.77
10345,20:21:10:997,3,Severe_Damage,L3_S1,-1784,1152,14914,-107,34,-107,0,48.77
10346,20:21:11:007,3,Severe_Damage,L3_S1,-1786,1148,14874,-97,29,-113,0,8.77
10347,20:21:11:017,3,Severe_Damage,L3_S1,-1808,1136,14900,-110,30,-111,0,34.77
10348,20:21:11:027,3,Severe_Damage,L3_S1,-1802,1116,14884,-121,34,-107,0,18.77
10349,20:21:11:037,3,Severe_Damage,L3_S1,-1810,1184,14910,-147,31,-116,0,44.77
10350,20:21:11:047,3,Severe_Damage,L3_S1,-1790,1070,14960,-172,35,-122,0,94.77
10351,20:21:11:057,3,Severe_Damage,L3_S1,-1794,1114,14926,-205,23,-132,0,60.77
10352,20:21:11:067,3,Severe_Damage,L3_S1,-1810,1144,14914,-226,36,-131,0,48.77
10353,20:21:11:077,3,Severe_Damage,L3_S1,-1766,1140,14926,-255,32,-132,0,60.77
10354,20:21:11:087,3,Severe_Damage,L3_S1,-1740,1080,14842,-267,30,-136,0,-23.23
10355,20:21:11:097,3,Severe_Damage,L3_S1,-1796,1130,14840,-273,24,-134,0,-25.23
10356,20:21:11:107,3,Severe_Damage,L3_S1,-1758,1124,14768,-274,29,-146,0,-97.23
10357,20:21:11:117,3,Severe_Damage,L3_S1,-1768,1080,14822,-267,20,-142,0,-43.23
10358,20:21:11:128,3,Severe_Damage,L3_S1,-1762,1100,14762,-251,25,-130,0,-103.23
10359,20:21:11:137,3,Severe_Damage,L3_S1,-1754,1064,14792,-231,29,-126,0,-73.23
10360,20:21:11:147,3,Severe_Damage,L3_S1,-1756,1100,14856,-209,41,-121,0,-9.23
10361,20:21:11:157,3,Severe_Damage,L3_S1,-1744,1092,14824,-181,22,-124,0,-41.23
10362,20:21:11:167,3,Severe_Damage,L3_S1,-1700,1140,14820,-165,24,-113,0,-45.23
10363,20:21:11:177,3,Severe_Damage,L3_S1,-1796,1074,14848,-135,26,-106,0,-17.23
10364,20:21:11:188,3,Severe_Damage,L3_S1,-1776,1078,14836,-119,40,-109,0,-29.23
10365,20:21:11:198,3,Severe_Damage,L3_S1,-1764,1096,14792,-112,29,-109,0,-73.23
10366,20:21:11:208,3,Severe_Damage,L3_S1,-1772,1118,14940,-107,31,-113,0,74.77
10367,20:21:11:218,3,Severe_Damage,L3_S1,-1768,1102,14942,-116,33,-111,0,76.77
10368,20:21:11:227,3,Severe_Damage,L3_S1,-1786,1142,14940,-130,32,-110,0,74.77
10369,20:21:11:238,3,Severe_Damage,L3_S1,-1792,1136,14980,-152,25,-110,0,114.77
10370,20:21:11:247,3,Severe_Damage,L3_S1,-1780,1122,14938,-168,31,-118,0,72.77
10371,20:21:11:257,3,Severe_Damage,L3_S1,-1790,1134,14894,-196,22,-124,0,28.77
10372,20:21:11:268,3,Severe_Damage,L3_S1,-1784,1138,14886,-217,33,-127,0,20.77
10373,20:21:11:278,3,Severe_Damage,L3_S1,-1808,1128,14848,-254,21,-135,0,-17.23
10374,20:21:11:287,3,Severe_Damage,L3_S1,-1768,1140,14918,-257,32,-139,0,52.77
10375,20:21:11:297,3,Severe_Damage,L3_S1,-1756,1080,14916,-275,24,-135,0,50.77
10376,20:21:11:308,3,Severe_Damage,L3_S1,-1808,1092,14878,-267,30,-128,0,12.77
10377,20:21:11:317,3,Severe_Damage,L3_S1,-1696,1094,14866,-260,28,-128,0,0.77
10378,20:21:11:327,3,Severe_Damage,L3_S1,-1802,1074,14826,-244,33,-127,0,-39.23
10379,20:21:11:337,3,Severe_Damage,L3_S1,-1730,1070,14808,-236,29,-126,0,-57.23
10380,20:21:11:347,3,Severe_Damage,L3_S1,-1812,1086,14866,-208,29,-118,0,0.77
10381,20:21:11:357,3,Severe_Damage,L3_S1,-1770,1068,14842,-186,35,-121,0,-23.23
10382,20:21:11:367,3,Severe_Damage,L3_S1,-1770,1078,14846,-161,29,-118,0,-19.23
10383,20:21:11:377,3,Severe_Damage,L3_S1,-1786,1140,14834,-140,36,-113,0,-31.23
10384,20:21:11:388,3,Severe_Damage,L3_S1,-1806,1096,14834,-124,30,-117,0,-31.23
10385,20:21:11:398,3,Severe_Damage,L3_S1,-1808,1086,14880,-120,36,-115,0,14.77
10386,20:21:11:407,3,Severe_Damage,L3_S1,-1794,1110,14844,-118,32,-108,0,-21.23
10387,20:21:11:418,3,Severe_Damage,L3_S1,-1778,1106,14910,-123,36,-110,0,44.77
10388,20:21:11:428,3,Severe_Damage,L3_S1,-1788,1124,14868,-135,20,-105,0,2.77
10389,20:21:11:438,3,Severe_Damage,L3_S1,-1788,1146,14942,-147,31,-113,0,76.77
10390,20:21:11:447,3,Severe_Damage,L3_S1,-1806,1154,14908,-172,26,-121,0,42.77
10391,20:21:11:457,3,Severe_Damage,L3_S1,-1810,1166,14890,-191,34,-117,0,24.77
10392,20:21:11:467,3,Severe_Damage,L3_S1,-1780,1094,14902,-224,29,-125,0,36.77
10393,20:21:11:477,3,Severe_Damage,L3_S1,-1826,1136,14872,-234,32,-125,0,6.77
10394,20:21:11:488,3,Severe_Damage,L3_S1,-1776,1090,14906,-255,35,-133,0,40.77
10395,20:21:11:498,3,Severe_Damage,L3_S1,-1748,1092,14870,-249,23,-129,0,4.77
10396,20:21:11:508,3,Severe_Damage,L3_S1,-1756,1138,14818,-261,25,-131,0,-47.23
10397,20:21:11:518,3,Severe_Damage,L3_S1,-1768,1124,14788,-256,29,-129,0,-77.23
10398,20:21:11:528,3,Severe_Damage,L3_S1,-1764,1108,14830,-251,30,-130,0,-35.23
10399,20:21:11:538,3,Severe_Damage,L3_S1,-1760,1094,14836,-225,24,-131,0,-29.23
10400,20:21:11:548,3,Severe_Damage,L3_S1,-1720,1048,14824,-207,32,-119,0,-41.23
10401,20:21:11:558,3,Severe_Damage,L3_S1,-1780,1074,14784,-186,23,-128,0,-81.23
10402,20:21:11:568,3,Severe_Damage,L3_S1,-1734,1114,14772,-164,37,-123,0,-93.23
10403,20:21:11:578,3,Severe_Damage,L3_S1,-1776,1076,14810,-146,23,-115,0,-55.23
10404,20:21:11:588,3,Severe_Damage,L3_S1,-1786,1122,14872,-136,24,-116,0,6.77
10405,20:21:11:598,3,Severe_Damage,L3_S1,-1794,1126,14818,-130,39,-107,0,-47.23
10406,20:21:11:608,3,Severe_Damage,L3_S1,-1794,1146,14876,-126,32,-111,0,10.77
10407,20:21:11:618,3,Severe_Damage,L3_S1,-1732,1102,14904,-130,31,-113,0,38.77
10408,20:21:11:628,3,Severe_Damage,L3_S1,-1732,1082,14906,-138,34,-118,0,40.77
10409,20:21:11:638,3,Severe_Damage,L3_S1,-1780,1156,14978,-155,33,-115,0,112.77
10410,20:21:11:648,3,Severe_Damage,L3_S1,-1790,1120,14896,-173,36,-117,0,30.77
10411,20:21:11:658,3,Severe_Damage,L3_S1,-1760,1156,14948,-196,30,-118,0,82.77
10412,20:21:11:668,3,Severe_Damage,L3_S1,-1804,1072,14896,-216,24,-124,0,30.77
10413,20:21:11:678,3,Severe_Damage,L3_S1,-1734,1108,14946,-232,29,-132,0,80.77
10414,20:21:11:688,3,Severe_Damage,L3_S1,-1776,1132,14858,-246,22,-136,0,-7.23
10415,20:21:11:698,3,Severe_Damage,L3_S1,-1798,1110,14866,-254,32,-139,0,0.77
10416,20:21:11:708,3,Severe_Damage,L3_S1,-1774,1130,14940,-257,27,-134,0,74.77
10417,20:21:11:718,3,Severe_Damage,L3_S1,-1790,1072,14822,-248,33,-126,0,-43.23
10418,20:21:11:728,3,Severe_Damage,L3_S1,-1780,1088,14852,-241,22,-127,0,-13.23
10419,20:21:11:738,3,Severe_Damage,L3_S1,-1762,1070,14814,-222,26,-131,0,-51.23
10420,20:21:11:748,3,Severe_Damage,L3_S1,-1750,1090,14804,-209,33,-122,0,-61.23
10421,20:21:11:758,3,Severe_Damage,L3_S1,-1762,1096,14778,-188,31,-129,0,-87.23
10422,20:21:11:768,3,Severe_Damage,L3_S1,-1732,1094,14772,-174,28,-118,0,-93.23
10423,20:21:11:778,3,Severe_Damage,L3_S1,-1776,1104,14804,-160,32,-116,0,-61.23
10424,20:21:11:788,3,Severe_Damage,L3_S1,-1798,1052,14822,-142,36,-112,0,-43.23
10425,20:21:11:798,3,Severe_Damage,L3_S1,-1780,1096,14874,-134,36,-118,0,8.77
10426,20:21:11:808,3,Severe_Damage,L3_S1,-1786,1128,14876,-128,37,-118,0,10.77
10427,20:21:11:818,3,Severe_Damage,L3_S1,-1780,1106,14876,-138,30,-109,0,10.77
10428,20:21:11:828,3,Severe_Damage,L3_S1,-1832,1038,14914,-144,36,-113,0,48.77
10429,20:21:11:838,3,Severe_Damage,L3_S1,-1776,1070,14934,-160,28,-121,0,68.77
10430,20:21:11:848,3,Severe_Damage,L3_S1,-1768,1176,14968,-173,37,-123,0,102.77
10431,20:21:11:858,3,Severe_Damage,L3_S1,-1802,1126,14972,-189,30,-127,0,106.77
10432,20:21:11:868,3,Severe_Damage,L3_S1,-1810,1126,14874,-212,36,-132,0,8.77
10433,20:21:11:878,3,Severe_Damage,L3_S1,-1796,1114,14834,-226,32,-133,0,-31.23
10434,20:21:11:888,3,Severe_Damage,L3_S1,-1826,1162,14872,-243,26,-129,0,6.77
10435,20:21:11:898,3,Severe_Damage,L3_S1,-1772,1132,14882,-246,36,-136,0,16.77
10436,20:21:11:908,3,Severe_Damage,L3_S1,-1758,1108,14812,-254,26,-136,0,-53.23
10437,20:21:11:918,3,Severe_Damage,L3_S1,-1794,1148,14848,-245,24,-127,0,-17.23
10438,20:21:11:928,3,Severe_Damage,L3_S1,-1724,1094,14894,-241,27,-128,0,28.77
10439,20:21:11:938,3,Severe_Damage,L3_S1,-1790,1068,14836,-230,24,-129,0,-29.23
10440,20:21:11:948,3,Severe_Damage,L3_S1,-1764,1078,14802,-212,25,-125,0,-63.23
10441,20:21:11:958,3,Severe_Damage,L3_S1,-1726,1080,14810,-189,34,-123,0,-55.23
10442,20:21:11:968,3,Severe_Damage,L3_S1,-1742,1042,14888,-181,30,-118,0,22.77
10443,20:21:11:978,3,Severe_Damage,L3_S1,-1808,1146,14856,-150,33,-111,0,-9.23
10444,20:21:11:988,3,Severe_Damage,L3_S1,-1780,1076,14866,-142,35,-116,0,0.77
10445,20:21:11:998,3,Severe_Damage,L3_S1,-1766,1102,14892,-137,33,-114,0,26.77
10446,20:21:12:008,3,Severe_Damage,L3_S1,-1762,1120,14896,-138,35,-113,0,30.77
10447,20:21:12:018,3,Severe_Damage,L3_S1,-1792,1078,14860,-139,27,-113,0,-5.23
10448,20:21:12:028,3,Severe_Damage,L3_S1,-1762,1094,14888,-150,29,-121,0,22.77
10449,20:21:12:038,3,Severe_Damage,L3_S1,-1822,1140,14918,-156,30,-119,0,52.77
10450,20:21:12:048,3,Severe_Damage,L3_S1,-1860,1138,14922,-178,35,-119,0,56.77
10451,20:21:12:058,3,Severe_Damage,L3_S1,-1786,1158,14900,-185,30,-126,0,34.77
10452,20:21:12:068,3,Severe_Damage,L3_S1,-1776,1108,14898,-210,33,-120,0,32.77
10453,20:21:12:078,3,Severe_Damage,L3_S1,-1776,1150,14896,-225,24,-126,0,30.77
10454,20:21:12:088,3,Severe_Damage,L3_S1,-1756,1126,14822,-235,34,-131,0,-43.23
10455,20:21:12:098,3,Severe_Damage,L3_S1,-1798,1116,14908,-245,17,-128,0,42.77
10456,20:21:12:108,3,Severe_Damage,L3_S1,-1792,1074,14828,-243,29,-127,0,-37.23
10457,20:21:12:118,3,Severe_Damage,L3_S1,-1780,1078,14806,-240,32,-135,0,-59.23
10458,20:21:12:128,3,Severe_Damage,L3_S1,-1766,1090,14852,-233,27,-133,0,-13.23
10459,20:21:12:138,3,Severe_Damage,L3_S1,-1754,1112,14886,-220,33,-134,0,20.77
10460,20:21:12:148,3,Severe_Damage,L3_S1,-1806,1138,14824,-204,30,-120,0,-41.23
10461,20:21:12:158,3,Severe_Damage,L3_S1,-1778,1096,14848,-189,33,-121,0,-17.23
10462,20:21:12:168,3,Severe_Damage,L3_S1,-1768,1084,14792,-182,27,-120,0,-73.23
10463,20:21:12:178,3,Severe_Damage,L3_S1,-1794,1112,14786,-160,33,-118,0,-79.23
10464,20:21:12:188,3,Severe_Damage,L3_S1,-1796,1136,14880,-145,23,-117,0,14.77
10465,20:21:12:198,3,Severe_Damage,L3_S1,-1778,1112,14858,-147,26,-111,0,-7.23
10466,20:21:12:208,3,Severe_Damage,L3_S1,-1778,1122,14854,-142,32,-110,0,-11.23
10467,20:21:12:218,3,Severe_Damage,L3_S1,-1744,1088,14868,-141,33,-116,0,2.77
10468,20:21:12:228,3,Severe_Damage,L3_S1,-1824,1102,14848,-149,30,-119,0,-17.23
10469,20:21:12:238,3,Severe_Damage,L3_S1,-1780,1098,14942,-184,25,-114,0,76.77
10470,20:21:12:248,3,Severe_Damage,L3_S1,-1778,1106,14888,-185,27,-125,0,22.77
10471,20:21:12:258,3,Severe_Damage,L3_S1,-1756,1116,14866,-200,24,-126,0,0.77
10472,20:21:12:268,3,Severe_Damage,L3_S1,-1798,1132,14904,-216,24,-130,0,38.77
10473,20:21:12:278,3,Severe_Damage,L3_S1,-1804,1128,14878,-229,25,-126,0,12.77
10474,20:21:12:288,3,Severe_Damage,L3_S1,-1772,1120,14880,-235,24,-130,0,14.77
10475,20:21:12:298,3,Severe_Damage,L3_S1,-1798,1114,14862,-238,24,-132,0,-3.23
10476,20:21:12:308,3,Severe_Damage,L3_S1,-1772,1100,14844,-238,25,-129,0,-21.23
10477,20:21:12:318,3,Severe_Damage,L3_S1,-1804,1128,14848,-231,26,-127,0,-17.23
10478,20:21:12:328,3,Severe_Damage,L3_S1,-1788,1108,14834,-224,26,-127,0,-31.23
10479,20:21:12:338,3,Severe_Damage,L3_S1,-1774,1132,14764,-214,31,-126,0,-101.23
10480,20:21:12:348,3,Severe_Damage,L3_S1,-1740,1094,14844,-197,25,-129,0,-21.23
10481,20:21:12:358,3,Severe_Damage,L3_S1,-1766,1124,14852,-182,33,-123,0,-13.23
10482,20:21:12:368,3,Severe_Damage,L3_S1,-1782,1136,14844,-168,33,-123,0,-21.23
10483,20:21:12:378,3,Severe_Damage,L3_S1,-1796,1108,14794,-157,27,-117,0,-71.23
10484,20:21:12:388,3,Severe_Damage,L3_S1,-1812,1074,14924,-141,32,-117,0,58.77
10485,20:21:12:398,3,Severe_Damage,L3_S1,-1782,1124,14872,-152,26,-105,0,6.77
10486,20:21:12:408,3,Severe_Damage,L3_S1,-1782,1122,14888,-142,38,-115,0,22.77
10487,20:21:12:418,3,Severe_Damage,L3_S1,-1794,1078,14916,-158,26,-123,0,50.77
10488,20:21:12:428,3,Severe_Damage,L3_S1,-1756,1094,14922,-156,35,-111,0,56.77
10489,20:21:12:438,3,Severe_Damage,L3_S1,-1764,1108,14950,-182,31,-114,0,84.77
10490,20:21:12:448,3,Severe_Damage,L3_S1,-1794,1138,14932,-182,32,-119,0,66.77
10491,20:21:12:458,3,Severe_Damage,L3_S1,-1818,1154,14966,-205,24,-130,0,100.77
10492,20:21:12:468,3,Severe_Damage,L3_S1,-1802,1110,14858,-211,19,-123,0,-7.23
10493,20:21:12:478,3,Severe_Damage,L3_S1,-1784,1130,14920,-224,28,-129,0,54.77
10494,20:21:12:488,3,Severe_Damage,L3_S1,-1812,1092,14834,-223,31,-129,0,-31.23
10495,20:21:12:498,3,Severe_Damage,L3_S1,-1762,1098,14812,-245,23,-128,0,-53.23
10496,20:21:12:508,3,Severe_Damage,L3_S1,-1794,1116,14884,-229,28,-124,0,18.77
10497,20:21:12:518,3,Severe_Damage,L3_S1,-1758,1102,14778,-233,26,-126,0,-87.23
10498,20:21:12:528,3,Severe_Damage,L3_S1,-1758,1100,14908,-220,25,-124,0,42.77
10499,20:21:12:538,3,Severe_Damage,L3_S1,-1726,1068,14852,-209,32,-124,0,-13.23
10500,20:21:12:548,3,Severe_Damage,L3_S1,-1752,1086,14790,-196,31,-122,0,-75.23
10501,20:21:12:558,3,Severe_Damage,L3_S1,-1760,1098,14836,-180,32,-118,0,-29.23
10502,20:21:12:568,3,Severe_Damage,L3_S1,-1798,1112,14846,-165,28,-109,0,-19.23
10503,20:21:12:578,3,Severe_Damage,L3_S1,-1798,1084,14918,-157,32,-114,0,52.77
10504,20:21:12:588,3,Severe_Damage,L3_S1,-1780,1114,14848,-155,31,-111,0,-17.23
10505,20:21:12:598,3,Severe_Damage,L3_S1,-1832,1090,14896,-148,33,-113,0,30.77
10506,20:21:12:608,3,Severe_Damage,L3_S1,-1762,1118,14854,-149,27,-123,0,-11.23
10507,20:21:12:618,3,Severe_Damage,L3_S1,-1780,1082,14840,-150,30,-122,0,-25.23
10508,20:21:12:628,3,Severe_Damage,L3_S1,-1772,1144,14882,-165,39,-117,0,16.77
10509,20:21:12:638,3,Severe_Damage,L3_S1,-1790,1110,14950,-174,30,-117,0,84.77
10510,20:21:12:648,3,Severe_Damage,L3_S1,-1814,1158,14950,-189,31,-126,0,84.77
10511,20:21:12:658,3,Severe_Damage,L3_S1,-1798,1120,14868,-194,33,-118,0,2.77
10512,20:21:12:668,3,Severe_Damage,L3_S1,-1772,1062,14878,-213,30,-125,0,12.77
10513,20:21:12:678,3,Severe_Damage,L3_S1,-1796,1136,14874,-222,30,-126,0,8.77
10514,20:21:12:688,3,Severe_Damage,L3_S1,-1792,1114,14846,-225,29,-133,0,-19.23
10515,20:21:12:698,3,Severe_Damage,L3_S1,-1742,1108,14876,-234,35,-133,0,10.77
10516,20:21:12:708,3,Severe_Damage,L3_S1,-1790,1124,14854,-234,29,-127,0,-11.23
10517,20:21:12:718,3,Severe_Damage,L3_S1,-1784,1116,14844,-224,22,-125,0,-21.23
10518,20:21:12:728,3,Severe_Damage,L3_S1,-1746,1108,14794,-219,35,-127,0,-71.23
10519,20:21:12:738,3,Severe_Damage,L3_S1,-1828,1140,14822,-210,25,-121,0,-43.23
10520,20:21:12:748,3,Severe_Damage,L3_S1,-1760,1112,14872,-194,37,-124,0,6.77
10521,20:21:12:758,3,Severe_Damage,L3_S1,-1814,1072,14878,-178,21,-118,0,12.77
10522,20:21:12:768,3,Severe_Damage,L3_S1,-1734,1112,14860,-167,32,-122,0,-5.23
10523,20:21:12:779,3,Severe_Damage,L3_S1,-1810,1116,14882,-164,25,-115,0,16.77
10524,20:21:12:788,3,Severe_Damage,L3_S1,-1790,1092,14882,-159,29,-111,0,16.77
10525,20:21:12:798,3,Severe_Damage,L3_S1,-1750,1132,14886,-149,37,-116,0,20.77
10526,20:21:12:808,3,Severe_Damage,L3_S1,-1760,1114,14908,-155,29,-118,0,42.77
10527,20:21:12:818,3,Severe_Damage,L3_S1,-1808,1134,14870,-157,37,-117,0,4.77
10528,20:21:12:828,3,Severe_Damage,L3_S1,-1752,1100,14882,-171,28,-116,0,16.77
10529,20:21:12:838,3,Severe_Damage,L3_S1,-1800,1136,14848,-175,30,-116,0,-17.23
10530,20:21:12:848,3,Severe_Damage,L3_S1,-1758,1110,14952,-180,29,-123,0,86.77
10531,20:21:12:858,3,Severe_Damage,L3_S1,-1818,1116,14908,-196,26,-118,0,42.77
10532,20:21:12:868,3,Severe_Damage,L3_S1,-1792,1100,14940,-204,36,-124,0,74.77
10533,20:21:12:878,3,Severe_Damage,L3_S1,-1770,1118,14918,-224,27,-123,0,52.77
10534,20:21:12:888,3,Severe_Damage,L3_S1,-1782,1130,14834,-228,33,-132,0,-31.23
10535,20:21:12:898,3,Severe_Damage,L3_S1,-1722,1102,14874,-232,25,-127,0,8.77
10536,20:21:12:908,3,Severe_Damage,L3_S1,-1794,1130,14784,-223,31,-131,0,-81.23
10537,20:21:12:918,3,Severe_Damage,L3_S1,-1792,1088,14836,-229,26,-127,0,-29.23
10538,20:21:12:928,3,Severe_Damage,L3_S1,-1810,1112,14822,-207,37,-123,0,-43.23
10539,20:21:12:938,3,Severe_Damage,L3_S1,-1736,1114,14890,-214,33,-119,0,24.77
10540,20:21:12:948,3,Severe_Damage,L3_S1,-1796,1108,14896,-189,34,-122,0,30.77
10541,20:21:12:958,3,Severe_Damage,L3_S1,-1764,1106,14924,-190,30,-128,0,58.77
10542,20:21:12:968,3,Severe_Damage,L3_S1,-1776,1130,14868,-166,36,-124,0,2.77
10543,20:21:12:978,3,Severe_Damage,L3_S1,-1788,1152,14868,-166,31,-121,0,2.77
10544,20:21:12:988,3,Severe_Damage,L3_S1,-1744,1130,14834,-157,27,-118,0,-31.23
10545,20:21:12:998,3,Severe_Damage,L3_S1,-1770,1086,14844,-159,29,-120,0,-21.23
10546,20:21:13:009,3,Severe_Damage,L3_S1,-1796,1144,14870,-156,28,-118,0,4.77
10547,20:21:13:018,3,Severe_Damage,L3_S1,-1758,1056,14904,-165,23,-121,0,38.77
10548,20:21:13:028,3,Severe_Damage,L3_S1,-1832,1102,14922,-164,21,-123,0,56.77
10549,20:21:13:038,3,Severe_Damage,L3_S1,-1778,1096,14898,-168,34,-119,0,32.77
10550,20:21:13:049,3,Severe_Damage,L3_S1,-1790,1124,14956,-186,29,-114,0,90.77
10551,20:21:13:059,3,Severe_Damage,L3_S1,-1780,1158,14958,-192,37,-123,0,92.77
10552,20:21:13:068,3,Severe_Damage,L3_S1,-1798,1150,14860,-208,28,-123,0,-5.23
10553,20:21:13:079,3,Severe_Damage,L3_S1,-1742,1098,14878,-212,29,-125,0,12.77
10554,20:21:13:089,3,Severe_Damage,L3_S1,-1806,1082,14918,-226,28,-127,0,52.77
10555,20:21:13:098,3,Severe_Damage,L3_S1,-1810,1114,14896,-227,22,-122,0,30.77
10556,20:21:13:109,3,Severe_Damage,L3_S1,-1800,1138,14866,-230,28,-136,0,0.77
10557,20:21:13:119,3,Severe_Damage,L3_S1,-1750,1090,14840,-216,27,-127,0,-25.23
10558,20:21:13:129,3,Severe_Damage,L3_S1,-1766,1096,14874,-219,31,-124,0,8.77
10559,20:21:13:139,3,Severe_Damage,L3_S1,-1726,1112,14800,-206,34,-126,0,-65.23
10560,20:21:13:149,3,Severe_Damage,L3_S1,-1824,1102,14866,-199,25,-122,0,0.77
10561,20:21:13:159,3,Severe_Damage,L3_S1,-1798,1116,14830,-177,36,-125,0,-35.23
10562,20:21:13:169,3,Severe_Damage,L3_S1,-1774,1104,14822,-177,28,-128,0,-43.23
10563,20:21:13:179,3,Severe_Damage,L3_S1,-1782,1072,14816,-166,32,-125,0,-49.23
10564,20:21:13:189,3,Severe_Damage,L3_S1,-1772,1068,14878,-154,24,-114,0,12.77
10565,20:21:13:199,3,Severe_Damage,L3_S1,-1828,1140,14852,-153,26,-113,0,-13.23
10566,20:21:13:209,3,Severe_Damage,L3_S1,-1768,1126,14846,-155,35,-116,0,-19.23
10567,20:21:13:219,3,Severe_Damage,L3_S1,-1778,1078,14852,-165,29,-113,0,-13.23
10568,20:21:13:229,3,Severe_Damage,L3_S1,-1826,1140,14894,-171,31,-119,0,28.77
10569,20:21:13:239,3,Severe_Damage,L3_S1,-1774,1126,14862,-181,29,-120,0,-3.23
10570,20:21:13:249,3,Severe_Damage,L3_S1,-1852,1066,14902,-186,27,-120,0,36.77
10571,20:21:13:259,3,Severe_Damage,L3_S1,-1780,1078,14874,-199,33,-125,0,8.77
10572,20:21:13:269,3,Severe_Damage,L3_S1,-1780,1098,14834,-200,29,-125,0,-31.23
10573,20:21:13:279,3,Severe_Damage,L3_S1,-1800,1108,14916,-223,25,-124,0,50.77
10574,20:21:13:289,3,Severe_Damage,L3_S1,-1770,1118,14884,-224,23,-121,0,18.77
10575,20:21:13:299,3,Severe_Damage,L3_S1,-1810,1106,14820,-222,26,-124,0,-45.23
10576,20:21:13:309,3,Severe_Damage,L3_S1,-1786,1100,14812,-219,28,-130,0,-53.23
10577,20:21:13:319,3,Severe_Damage,L3_S1,-1790,1144,14818,-219,33,-124,0,-47.23
10578,20:21:13:329,3,Severe_Damage,L3_S1,-1780,1120,14862,-213,30,-127,0,-3.23
10579,20:21:13:339,3,Severe_Damage,L3_S1,-1784,1052,14888,-203,29,-130,0,22.77
10580,20:21:13:349,3,Severe_Damage,L3_S1,-1794,1076,14882,-197,34,-125,0,16.77
10581,20:21:13:359,3,Severe_Damage,L3_S1,-1802,1086,14894,-186,36,-127,0,28.77
10582,20:21:13:369,3,Severe_Damage,L3_S1,-1776,1120,14864,-173,32,-121,0,-1.23
10583,20:21:13:379,3,Severe_Damage,L3_S1,-1814,1108,14866,-171,36,-117,0,0.77
10584,20:21:13:389,3,Severe_Damage,L3_S1,-1776,1078,14914,-164,32,-120,0,48.77
10585,20:21:13:399,3,Severe_Damage,L3_S1,-1798,1124,14950,-168,28,-119,0,84.77
10586,20:21:13:409,3,Severe_Damage,L3_S1,-1778,1130,14876,-159,36,-120,0,10.77
10587,20:21:13:419,3,Severe_Damage,L3_S1,-1778,1094,14880,-169,26,-113,0,14.77
10588,20:21:13:429,3,Severe_Damage,L3_S1,-1814,1156,14930,-167,32,-110,0,64.77
10589,20:21:13:439,3,Severe_Damage,L3_S1,-1738,1068,14922,-179,26,-127,0,56.77
10590,20:21:13:449,3,Severe_Damage,L3_S1,-1760,1134,14836,-187,33,-127,0,-29.23
10591,20:21:13:459,3,Severe_Damage,L3_S1,-1818,1110,14862,-193,27,-122,0,-3.23
10592,20:21:13:469,3,Severe_Damage,L3_S1,-1762,1120,14868,-196,28,-122,0,2.77
10593,20:21:13:479,3,Severe_Damage,L3_S1,-1774,1132,14884,-212,30,-130,0,18.77
10594,20:21:13:489,3,Severe_Damage,L3_S1,-1742,1106,14930,-220,20,-128,0,64.77
10595,20:21:13:499,3,Severe_Damage,L3_S1,-1790,1064,14858,-221,28,-129,0,-7.23
10596,20:21:13:509,3,Severe_Damage,L3_S1,-1798,1074,14882,-222,20,-124,0,16.77
10597,20:21:13:519,3,Severe_Damage,L3_S1,-1788,1146,14840,-216,27,-126,0,-25.23
10598,20:21:13:529,3,Severe_Damage,L3_S1,-1766,1042,14892,-218,32,-124,0,26.77
10599,20:21:13:539,3,Severe_Damage,L3_S1,-1744,1090,14826,-201,36,-124,0,-39.23
10600,20:21:13:549,3,Severe_Damage,L3_S1,-1748,1102,14850,-199,26,-124,0,-15.23
10601,20:21:13:559,3,Severe_Damage,L3_S1,-1754,1092,14860,-181,25,-120,0,-5.23
10602,20:21:13:569,3,Severe_Damage,L3_S1,-1736,1078,14856,-177,27,-120,0,-9.23
10603,20:21:13:579,3,Severe_Damage,L3_S1,-1808,1122,14868,-165,29,-119,0,2.77
10604,20:21:13:589,3,Severe_Damage,L3_S1,-1772,1138,14904,-171,29,-126,0,38.77
10605,20:21:13:599,3,Severe_Damage,L3_S1,-1812,1118,14912,-158,28,-114,0,46.77
10606,20:21:13:609,3,Severe_Damage,L3_S1,-1812,1098,14858,-166,34,-119,0,-7.23
10607,20:21:13:619,3,Severe_Damage,L3_S1,-1752,1128,14876,-164,26,-113,0,10.77
10608,20:21:13:629,3,Severe_Damage,L3_S1,-1796,1104,14896,-171,31,-115,0,30.77
10609,20:21:13:639,3,Severe_Damage,L3_S1,-1864,1112,14960,-177,29,-119,0,94.77
10610,20:21:13:649,3,Severe_Damage,L3_S1,-1758,1094,14808,-185,32,-125,0,-57.23
10611,20:21:13:659,3,Severe_Damage,L3_S1,-1744,1084,14932,-190,30,-121,0,66.77
10612,20:21:13:669,3,Severe_Damage,L3_S1,-1766,1090,14918,-203,31,-123,0,52.77
10613,20:21:13:679,3,Severe_Damage,L3_S1,-1754,1116,14810,-209,23,-128,0,-55.23
10614,20:21:13:689,3,Severe_Damage,L3_S1,-1810,1122,14872,-215,30,-125,0,6.77
10615,20:21:13:699,3,Severe_Damage,L3_S1,-1774,1054,14878,-216,25,-135,0,12.77
10616,20:21:13:709,3,Severe_Damage,L3_S1,-1816,1108,14848,-215,22,-128,0,-17.23
10617,20:21:13:719,3,Severe_Damage,L3_S1,-1770,1106,14854,-214,37,-128,0,-11.23
10618,20:21:13:729,3,Severe_Damage,L3_S1,-1770,1100,14848,-211,24,-129,0,-17.23
10619,20:21:13:739,3,Severe_Damage,L3_S1,-1766,1112,14812,-200,30,-122,0,-53.23
10620,20:21:13:749,3,Severe_Damage,L3_S1,-1766,1104,14926,-196,28,-128,0,60.77
10621,20:21:13:759,3,Severe_Damage,L3_S1,-1754,1092,14832,-188,23,-120,0,-33.23
10622,20:21:13:769,3,Severe_Damage,L3_S1,-1734,1152,14810,-175,27,-118,0,-55.23
10623,20:21:13:779,3,Severe_Damage,L3_S1,-1764,1070,14900,-174,32,-117,0,34.77
10624,20:21:13:789,3,Severe_Damage,L3_S1,-1774,1110,14852,-170,33,-115,0,-13.23
10625,20:21:13:799,3,Severe_Damage,L3_S1,-1744,1052,14814,-161,38,-117,0,-51.23
10626,20:21:13:809,3,Severe_Damage,L3_S1,-1786,1140,14860,-169,26,-117,0,-5.23
10627,20:21:13:819,3,Severe_Damage,L3_S1,-1768,1098,14888,-164,36,-119,0,22.77
10628,20:21:13:829,3,Severe_Damage,L3_S1,-1756,1088,14906,-172,31,-120,0,40.77
10629,20:21:13:839,3,Severe_Damage,L3_S1,-1818,1106,14862,-177,29,-122,0,-3.23
10630,20:21:13:849,3,Severe_Damage,L3_S1,-1770,1124,14876,-187,23,-128,0,10.77
10631,20:21:13:859,3,Severe_Damage,L3_S1,-1744,1098,14910,-190,27,-121,0,44.77
10632,20:21:13:869,3,Severe_Damage,L3_S1,-1818,1096,14882,-200,28,-123,0,16.77
10633,20:21:13:879,3,Severe_Damage,L3_S1,-1750,1088,14904,-207,29,-125,0,38.77
10634,20:21:13:889,3,Severe_Damage,L3_S1,-1774,1130,14908,-216,30,-121,0,42.77
10635,20:21:13:899,3,Severe_Damage,L3_S1,-1752,1102,14906,-217,28,-124,0,40.77
10636,20:21:13:909,3,Severe_Damage,L3_S1,-1814,1082,14840,-211,26,-132,0,-25.23
10637,20:21:13:919,3,Severe_Damage,L3_S1,-1770,1092,14898,-212,29,-124,0,32.77
10638,20:21:13:929,3,Severe_Damage,L3_S1,-1776,1096,14812,-207,32,-117,0,-53.23
10639,20:21:13:939,3,Severe_Damage,L3_S1,-1768,1092,14828,-207,24,-119,0,-37.23
10640,20:21:13:949,3,Severe_Damage,L3_S1,-1768,1134,14912,-198,26,-119,0,46.77
10641,20:21:13:959,3,Severe_Damage,L3_S1,-1738,1070,14934,-195,28,-127,0,68.77
10642,20:21:13:969,3,Severe_Damage,L3_S1,-1756,1132,14912,-181,33,-121,0,46.77
10643,20:21:13:979,3,Severe_Damage,L3_S1,-1768,1106,14864,-173,31,-125,0,-1.23
10644,20:21:13:989,3,Severe_Damage,L3_S1,-1740,1098,14878,-172,31,-125,0,12.77
10645,20:21:13:999,3,Severe_Damage,L3_S1,-1810,1116,14834,-160,37,-116,0,-31.23
10646,20:21:14:009,3,Severe_Damage,L3_S1,-1762,1062,14902,-170,27,-119,0,36.77
10647,20:21:14:019,3,Severe_Damage,L3_S1,-1812,1124,14842,-164,27,-116,0,-23.23
10648,20:21:14:029,3,Severe_Damage,L3_S1,-1776,1160,14898,-176,30,-125,0,32.77
10649,20:21:14:039,3,Severe_Damage,L3_S1,-1760,1082,14854,-171,35,-120,0,-11.23
10650,20:21:14:049,3,Severe_Damage,L3_S1,-1792,1132,14888,-187,24,-128,0,22.77
10651,20:21:14:059,3,Severe_Damage,L3_S1,-1744,1130,14914,-189,27,-127,0,48.77
10652,20:21:14:069,3,Severe_Damage,L3_S1,-1798,1132,14882,-207,27,-120,0,16.77
10653,20:21:14:079,3,Severe_Damage,L3_S1,-1782,1146,14836,-204,34,-120,0,-29.23
10654,20:21:14:089,3,Severe_Damage,L3_S1,-1776,1094,14820,-216,27,-128,0,-45.23
10655,20:21:14:099,3,Severe_Damage,L3_S1,-1806,1122,14878,-214,30,-124,0,12.77
10656,20:21:14:109,3,Severe_Damage,L3_S1,-1790,1100,14898,-218,33,-131,0,32.77
10657,20:21:14:119,3,Severe_Damage,L3_S1,-1804,1088,14862,-212,32,-117,0,-3.23
10658,20:21:14:129,3,Severe_Damage,L3_S1,-1768,1092,14860,-204,24,-130,0,-5.23
10659,20:21:14:139,3,Severe_Damage,L3_S1,-1806,1070,14858,-199,26,-131,0,-7.23
10660,20:21:14:149,3,Severe_Damage,L3_S1,-1798,1118,14834,-194,35,-120,0,-31.23
10661,20:21:14:159,3,Severe_Damage,L3_S1,-1772,1116,14746,-186,33,-115,0,-119.23
10662,20:21:14:169,3,Severe_Damage,L3_S1,-1762,1148,14876,-181,28,-118,0,10.77
10663,20:21:14:179,3,Severe_Damage,L3_S1,-1816,1104,14848,-174,23,-118,0,-17.23
10664,20:21:14:189,3,Severe_Damage,L3_S1,-1772,1106,14946,-175,29,-117,0,80.77
10665,20:21:14:199,3,Severe_Damage,L3_S1,-1762,1114,14926,-175,33,-116,0,60.77
10666,20:21:14:209,3,Severe_Damage,L3_S1,-1784,1136,14922,-166,37,-125,0,56.77
10667,20:21:14:219,3,Severe_Damage,L3_S1,-1770,1076,14892,-170,29,-120,0,26.77
10668,20:21:14:229,3,Severe_Damage,L3_S1,-1778,1140,14888,-173,35,-112,0,22.77
10669,20:21:14:239,3,Severe_Damage,L3_S1,-1756,1142,14926,-179,32,-125,0,60.77
10670,20:21:14:249,3,Severe_Damage,L3_S1,-1806,1104,14848,-184,28,-124,0,-17.23
10671,20:21:14:259,3,Severe_Damage,L3_S1,-1754,1122,14884,-193,35,-122,0,18.77
10672,20:21:14:269,3,Severe_Damage,L3_S1,-1762,1122,14870,-198,29,-125,0,4.77
10673,20:21:14:279,3,Severe_Damage,L3_S1,-1798,1112,14860,-209,32,-130,0,-5.23
10674,20:21:14:289,3,Severe_Damage,L3_S1,-1744,1128,14830,-205,30,-125,0,-35.23
10675,20:21:14:299,3,Severe_Damage,L3_S1,-1822,1076,14800,-208,30,-124,0,-65.23
10676,20:21:14:309,3,Severe_Damage,L3_S1,-1804,1086,14850,-207,19,-122,0,-15.23
10677,20:21:14:319,3,Severe_Damage,L3_S1,-1776,1118,14828,-209,25,-134,0,-37.23
10678,20:21:14:329,3,Severe_Damage,L3_S1,-1830,1100,14856,-208,19,-126,0,-9.23
10679,20:21:14:339,3,Severe_Damage,L3_S1,-1778,1112,14898,-198,33,-128,0,32.77
10680,20:21:14:349,3,Severe_Damage,L3_S1,-1786,1082,14812,-199,27,-129,0,-53.23
10681,20:21:14:359,3,Severe_Damage,L3_S1,-1756,1122,14876,-184,28,-125,0,10.77
10682,20:21:14:369,3,Severe_Damage,L3_S1,-1768,1120,14932,-183,20,-116,0,66.77
10683,20:21:14:379,3,Severe_Damage,L3_S1,-1802,1106,14864,-177,30,-118,0,-1.23
10684,20:21:14:389,3,Severe_Damage,L3_S1,-1738,1058,14856,-176,30,-124,0,-9.23
10685,20:21:14:399,3,Severe_Damage,L3_S1,-1772,1060,14878,-171,24,-119,0,12.77
10686,20:21:14:409,3,Severe_Damage,L3_S1,-1790,1116,14844,-163,39,-117,0,-21.23
10687,20:21:14:419,3,Severe_Damage,L3_S1,-1740,1082,14944,-170,25,-118,0,78.77
10688,20:21:14:429,3,Severe_Damage,L3_S1,-1768,1080,14886,-172,34,-116,0,20.77
10689,20:21:14:439,3,Severe_Damage,L3_S1,-1744,1082,14904,-182,30,-119,0,38.77
10690,20:21:14:449,3,Severe_Damage,L3_S1,-1800,1132,14856,-183,30,-120,0,-9.23
10691,20:21:14:459,3,Severe_Damage,L3_S1,-1746,1150,14922,-186,35,-123,0,56.77
10692,20:21:14:469,3,Severe_Damage,L3_S1,-1800,1146,14884,-195,28,-118,0,18.77
10693,20:21:14:479,3,Severe_Damage,L3_S1,-1778,1122,14908,-203,29,-126,0,42.77
10694,20:21:14:489,3,Severe_Damage,L3_S1,-1762,1152,14824,-208,19,-122,0,-41.23
10695,20:21:14:499,3,Severe_Damage,L3_S1,-1762,1114,14840,-209,27,-121,0,-25.23
10696,20:21:14:509,3,Severe_Damage,L3_S1,-1808,1118,14832,-212,23,-125,0,-33.23
10697,20:21:14:519,3,Severe_Damage,L3_S1,-1800,1076,14846,-202,32,-124,0,-19.23
10698,20:21:14:529,3,Severe_Damage,L3_S1,-1754,1064,14932,-214,28,-120,0,66.77
10699,20:21:14:539,3,Severe_Damage,L3_S1,-1802,1118,14858,-195,36,-126,0,-7.23
10700,20:21:14:549,3,Severe_Damage,L3_S1,-1746,1106,14848,-204,22,-134,0,-17.23
10701,20:21:14:559,3,Severe_Damage,L3_S1,-1750,1098,14798,-188,29,-123,0,-67.23
10702,20:21:14:570,3,Severe_Damage,L3_S1,-1778,1126,14908,-192,27,-123,0,42.77
10703,20:21:14:580,3,Severe_Damage,L3_S1,-1790,1080,14894,-180,26,-122,0,28.77
10704,20:21:14:590,3,Severe_Damage,L3_S1,-1800,1166,14890,-178,31,-119,0,24.77
10705,20:21:14:599,3,Severe_Damage,L3_S1,-1748,1052,14860,-172,30,-116,0,-5.23
10706,20:21:14:609,3,Severe_Damage,L3_S1,-1798,1114,14884,-172,40,-120,0,18.77
10707,20:21:14:619,3,Severe_Damage,L3_S1,-1792,1100,14848,-172,31,-119,0,-17.23
10708,20:21:14:629,3,Severe_Damage,L3_S1,-1736,1036,14852,-178,28,-122,0,-13.23
10709,20:21:14:639,3,Severe_Damage,L3_S1,-1778,1112,14832,-174,24,-121,0,-33.23
10710,20:21:14:649,3,Severe_Damage,L3_S1,-1730,1112,14860,-182,38,-121,0,-5.23
10711,20:21:14:660,3,Severe_Damage,L3_S1,-1764,1054,14890,-194,20,-124,0,24.77
10712,20:21:14:669,3,Severe_Damage,L3_S1,-1766,1100,14860,-197,29,-120,0,-5.23
10713,20:21:14:679,3,Severe_Damage,L3_S1,-1764,1090,14924,-203,27,-130,0,58.77
10714,20:21:14:690,3,Severe_Damage,L3_S1,-1806,1078,14866,-202,27,-127,0,0.77
10715,20:21:14:700,3,Severe_Damage,L3_S1,-1778,1104,14948,-205,34,-132,0,82.77
10716,20:21:14:710,3,Severe_Damage,L3_S1,-1826,1132,14864,-200,29,-122,0,-1.23
10717,20:21:14:720,3,Severe_Damage,L3_S1,-1774,1098,14888,-208,32,-123,0,22.77
10718,20:21:14:730,3,Severe_Damage,L3_S1,-1784,1080,14768,-203,33,-124,0,-97.23
10719,20:21:14:739,3,Severe_Damage,L3_S1,-1806,1104,14878,-205,26,-125,0,12.77
10720,20:21:14:750,3,Severe_Damage,L3_S1,-1768,1120,14886,-192,37,-120,0,20.77
10721,20:21:14:759,3,Severe_Damage,L3_S1,-1804,1096,14870,-195,27,-117,0,4.77
10722,20:21:14:769,3,Severe_Damage,L3_S1,-1756,1122,14880,-180,33,-120,0,14.77
10723,20:21:14:780,3,Severe_Damage,L3_S1,-1774,1130,14862,-185,34,-124,0,-3.23
10724,20:21:14:790,3,Severe_Damage,L3_S1,-1754,1120,14832,-179,26,-115,0,-33.23
10725,20:21:14:800,3,Severe_Damage,L3_S1,-1774,1108,14834,-181,31,-115,0,-31.23
10726,20:21:14:810,3,Severe_Damage,L3_S1,-1782,1096,14942,-183,25,-121,0,76.77
10727,20:21:14:820,3,Severe_Damage,L3_S1,-1780,1172,14912,-181,28,-125,0,46.77
10728,20:21:14:830,3,Severe_Damage,L3_S1,-1754,1104,14848,-180,23,-126,0,-17.23
10729,20:21:14:840,3,Severe_Damage,L3_S1,-1724,1116,14812,-183,30,-125,0,-53.23
10730,20:21:14:850,3,Severe_Damage,L3_S1,-1804,1088,14828,-182,32,-127,0,-37.23
10731,20:21:14:860,3,Severe_Damage,L3_S1,-1832,1094,14896,-193,29,-126,0,30.77
10732,20:21:14:870,3,Severe_Damage,L3_S1,-1760,1116,14730,-167,37,-122,0,-135.23
10733,20:21:14:880,3,Severe_Damage,L3_S1,-1726,1040,14844,-167,15,-122,0,-21.23
10734,20:21:14:890,3,Severe_Damage,L3_S1,-1750,1138,14834,-136,28,-112,0,-31.23
10735,20:21:14:900,3,Severe_Damage,L3_S1,-1742,1114,14880,-159,24,-121,0,14.77
10736,20:21:14:910,3,Severe_Damage,L3_S1,-1790,1126,14916,-148,34,-113,0,50.77
10737,20:21:14:920,3,Severe_Damage,L3_S1,-1740,1128,14928,-174,24,-114,0,62.77
10738,20:21:14:930,3,Severe_Damage,L3_S1,-1798,1160,14920,-176,36,-118,0,54.77
10739,20:21:14:940,3,Severe_Damage,L3_S1,-1742,1074,14904,-193,28,-124,0,38.77
10740,20:21:14:950,3,Severe_Damage,L3_S1,-1792,1128,14896,-197,42,-124,0,30.77
10741,20:21:14:960,3,Severe_Damage,L3_S1,-1828,1084,14900,-211,27,-122,0,34.77
10742,20:21:14:970,3,Severe_Damage,L3_S1,-1620,1090,14888,-217,-19,-125,0,22.77
10743,20:21:14:980,3,Severe_Damage,L3_S1,-1978,1074,14864,-188,133,-126,0,-1.23
10744,20:21:14:990,3,Severe_Damage,L3_S1,-1668,1094,14896,-194,-16,-130,0,30.77
10745,20:21:15:000,3,Severe_Damage,L3_S1,-1680,1110,14798,-175,50,-125,0,-67.23
10746,20:21:15:010,3,Severe_Damage,L3_S1,-1848,1086,14888,-201,37,-125,0,22.77
10747,20:21:15:020,3,Severe_Damage,L3_S1,-1792,1132,14910,-168,5,-116,1,44.77
10748,20:21:15:030,3,Severe_Damage,L3_S1,-14924,-14028,7166,2803,-770,446,1,-7699.23
10749,20:21:15:040,3,Severe_Damage,L3_S1,-5820,15028,-7852,13730,-3678,2505,1,-22717.23
10750,20:21:15:050,3,Severe_Damage,L3_S1,6166,2028,24338,8726,5890,212,1,9472.77
10751,20:21:15:060,3,Severe_Damage,L3_S1,-12488,-818,32767,15266,719,2897,1,17901.77
10752,20:21:15:070,3,Severe_Damage,L3_S1,-934,11766,17300,8232,-3028,1605,1,2434.77
10753,20:21:15:080,3,Severe_Damage,L3_S1,-1642,-1376,32767,3018,4270,-386,1,17901.77
10754,20:21:15:090,3,Severe_Damage,L3_S1,-8558,8748,22956,1212,-3040,915,1,8090.77
10755,20:21:15:100,3,Severe_Damage,L3_S1,-868,952,30576,-8457,1008,-1833,1,15710.77
10756,20:21:15:110,3,Severe_Damage,L3_S1,-4790,6908,21730,-6995,1298,-1335,1,6864.77
10757,20:21:15:120,3,Severe_Damage,L3_S1,-3270,-1008,23626,-16277,-3291,-2122,1,8760.77
10758,20:21:15:130,3,Severe_Damage,L3_S1,-1994,6316,12846,-12811,3189,-2730,1,-2019.23
10759,20:21:15:140,3,Severe_Damage,L3_S1,-1200,-1908,15394,-18256,-3633,-2502,1,528.77
10760,20:21:15:150,3,Severe_Damage,L3_S1,-1930,2548,5966,-13705,1910,-2523,1,-8899.23
10761,20:21:15:160,3,Severe_Damage,L3_S1,2944,-1524,5914,-14183,-2142,-2321,1,-8951.23
10762,20:21:15:170,3,Severe_Damage,L3_S1,-5226,-952,2340,-9191,1173,-1306,1,-12525.23
10763,20:21:15:180,3,Severe_Damage,L3_S1,6848,-1286,1254,-5789,-1474,-1341,1,-13611.23
10764,20:21:15:190,3,Severe_Damage,L3_S1,-5648,-1928,870,-928,821,207,1,-13995.23
10765,20:21:15:199,3,Severe_Damage,L3_S1,4574,-820,3086,3901,61,84,1,-11779.23
10766,20:21:15:210,3,Severe_Damage,L3_S1,-2924,-898,4362,7926,-335,1536,1,-10503.23
10767,20:21:15:220,3,Severe_Damage,L3_S1,534,452,8492,11616,1314,1450,1,-6373.23
10768,20:21:15:230,3,Severe_Damage,L3_S1,-1480,1064,12242,13830,-245,2220,1,-2623.23
10769,20:21:15:240,3,Severe_Damage,L3_S1,-3312,2106,15602,14817,609,2319,1,736.77
10770,20:21:15:250,3,Severe_Damage,L3_S1,-848,2844,20796,14568,1023,1966,1,5930.77
10771,20:21:15:260,3,Severe_Damage,L3_S1,-5018,3394,22802,12621,-575,2277,1,7936.77
10772,20:21:15:270,3,Severe_Damage,L3_S1,-1282,3912,26464,9862,1172,1163,1,11598.77
10773,20:21:15:280,3,Severe_Damage,L3_S1,-4870,4106,27496,5988,116,997,1,12630.77
10774,20:21:15:290,3,Severe_Damage,L3_S1,-4474,4128,27370,1554,-487,282,1,12504.77
10775,20:21:15:300,3,Severe_Damage,L3_S1,-1918,4026,27446,-2803,1058,-814,1,12580.77
10776,20:21:15:311,3,Severe_Damage,L3_S1,-5146,3548,24412,-7091,-1095,-893,1,9546.77
10777,20:21:15:320,3,Severe_Damage,L3_S1,-1672,3108,22222,-10562,255,-1959,1,7356.77
10778,20:21:15:330,3,Severe_Damage,L3_S1,-2418,2654,18232,-13080,-191,-2153,1,3366.77
10779,20:21:15:340,3,Severe_Damage,L3_S1,-2812,1512,14322,-14497,-1047,-2232,1,-543.23
10780,20:21:15:350,3,Severe_Damage,L3_S1,660,1092,10838,-14247,287,-2585,1,-4027.23
10781,20:21:15:360,3,Severe_Damage,L3_S1,-2564,-218,7088,-13242,-1214,-1910,1,-7777.23
10782,20:21:15:370,3,Severe_Damage,L3_S1,1486,-486,4944,-10393,280,-1962,1,-9921.23
10783,20:21:15:380,3,Severe_Damage,L3_S1,-986,-1360,2734,-7197,-743,-1047,1,-12131.23
10784,20:21:15:390,3,Severe_Damage,L3_S1,428,-1360,2412,-2991,312,-657,1,-12453.23
10785,20:21:15:400,3,Severe_Damage,L3_S1,582,-1164,2884,1276,-211,111,1,-11981.23
10786,20:21:15:410,3,Severe_Damage,L3_S1,-1278,-898,4446,5370,300,831,0,-10419.23
10787,20:21:15:420,3,Severe_Damage,L3_S1,896,44,7406,9057,503,1178,0,-7459.23
10788,20:21:15:430,3,Severe_Damage,L3_S1,-2662,540,10296,11530,-38,1917,0,-4569.23
10789,20:21:15:440,3,Severe_Damage,L3_S1,-342,1652,14440,13290,1031,1796,0,-425.23
10790,20:21:15:450,3,Severe_Damage,L3_S1,-3130,2144,17724,13421,-78,2195,0,2858.77
10791,20:21:15:460,3,Severe_Damage,L3_S1,-2564,2978,21230,12523,650,1817,0,6364.77
10792,20:21:15:470,3,Severe_Damage,L3_S1,-2790,3370,24140,10368,635,1493,0,9274.77
10793,20:21:15:480,3,Severe_Damage,L3_S1,-4412,3572,25540,7210,-304,1214,0,10674.77
10794,20:21:15:490,3,Severe_Damage,L3_S1,-2706,3782,26980,3529,858,269,0,12114.77
10795,20:21:15:500,3,Severe_Damage,L3_S1,-4164,3738,26306,-612,-328,-61,0,11440.77
10796,20:21:15:510,3,Severe_Damage,L3_S1,-3486,3424,25066,-4581,-64,-830,0,10200.77
10797,20:21:15:520,3,Severe_Damage,L3_S1,-2410,3248,22824,-8035,376,-1486,0,7958.77
10798,20:21:15:530,3,Severe_Damage,L3_S1,-3440,2524,19492,-10997,-891,-1673,0,4626.77
10799,20:21:15:540,3,Severe_Damage,L3_S1,-1154,2080,16442,-12583,117,-2236,0,1576.77
10800,20:21:15:550,3,Severe_Damage,L3_S1,-2028,1134,12676,-13275,-654,-2097,1,-2189.23
10801,20:21:15:560,3,Severe_Damage,L3_S1,-992,498,9514,-12607,-414,-2098,1,-5351.23
10802,20:21:15:570,3,Severe_Damage,L3_S1,4,-258,6740,-10856,-307,-1848,1,-8125.23
10803,20:21:15:580,3,Severe_Damage,L3_S1,-1174,-824,4470,-8129,-386,-1274,1,-10395.23
10804,20:21:15:590,3,Severe_Damage,L3_S1,1158,-1094,3696,-4624,-35,-939,0,-11169.23
10805,20:21:15:600,3,Severe_Damage,L3_S1,-1242,-1210,3442,-859,-219,-96,0,-11423.23
10806,20:21:15:610,3,Severe_Damage,L3_S1,738,-836,4860,3089,329,277,1,-10005.23
10807,20:21:15:620,3,Severe_Damage,L3_S1,-1060,-440,6488,6567,-6,1027,0,-8377.23
10808,20:21:15:630,3,Severe_Damage,L3_S1,-800,330,9428,9436,493,1343,1,-5437.23
10809,20:21:15:640,3,Severe_Damage,L3_S1,-1224,1132,12626,11392,327,1692,0,-2239.23
10810,20:21:15:650,3,Severe_Damage,L3_S1,-2520,1716,15818,12180,295,1888,0,952.77
10811,20:21:15:660,3,Severe_Damage,L3_S1,-1788,2450,19344,11927,689,1697,0,4478.77
10812,20:21:15:670,3,Severe_Damage,L3_S1,-3526,2926,21824,10409,51,1663,0,6958.77
10813,20:21:15:680,3,Severe_Damage,L3_S1,-2846,3300,24136,8061,547,1105,0,9270.77
10814,20:21:15:690,3,Severe_Damage,L3_S1,-3426,3460,25294,4886,244,693,0,10428.77
10815,20:21:15:700,3,Severe_Damage,L3_S1,-3800,3474,25550,1263,-92,174,0,10684.77
10816,20:21:15:710,3,Severe_Damage,L3_S1,-2906,3446,24964,-2357,461,-571,0,10098.77
10817,20:21:15:720,3,Severe_Damage,L3_S1,-3462,3066,22928,-5853,-357,-941,0,8062.77
10818,20:21:15:730,3,Severe_Damage,L3_S1,-2546,2732,20610,-8695,-35,-1518,1,5744.77
10819,20:21:15:740,3,Severe_Damage,L3_S1,-2148,2170,17774,-10821,-238,-1817,0,2908.77
10820,20:21:15:750,3,Severe_Damage,L3_S1,-2212,1478,14354,-11870,-520,-1917,0,-511.23
10821,20:21:15:760,3,Severe_Damage,L3_S1,-704,848,11546,-11826,-150,-2048,1,-3319.23
10822,20:21:15:770,3,Severe_Damage,L3_S1,-1360,58,8560,-10801,-621,-1712,1,-6305.23
10823,20:21:15:780,3,Severe_Damage,L3_S1,-104,-332,6518,-8634,-118,-1515,0,-8347.23
10824,20:21:15:790,3,Severe_Damage,L3_S1,-434,-898,4982,-5872,-362,-976,0,-9883.23
10825,20:21:15:800,3,Severe_Damage,L3_S1,-238,-926,4524,-2482,-46,-490,0,-10341.23
10826,20:21:15:810,3,Severe_Damage,L3_S1,74,-842,5116,1014,-9,47,0,-9749.23
10827,20:21:15:820,3,Severe_Damage,L3_S1,-952,-514,6268,4410,115,646,1,-8597.23
10828,20:21:15:830,3,Severe_Damage,L3_S1,-316,42,8752,7340,353,1003,1,-6113.23
10829,20:21:15:840,3,Severe_Damage,L3_S1,-1682,706,11190,9514,156,1470,1,-3675.23
10830,20:21:15:850,3,Severe_Damage,L3_S1,-1392,1392,14442,10781,554,1543,0,-423.23
10831,20:21:15:860,3,Severe_Damage,L3_S1,-2392,2006,17298,11012,268,1678,1,2432.77
10832,20:21:15:870,3,Severe_Damage,L3_S1,-2622,2518,20100,10186,360,1505,0,5234.77
10833,20:21:15:880,3,Severe_Damage,L3_S1,-2728,2982,22430,8447,469,1206,0,7564.77
10834,20:21:15:890,3,Severe_Damage,L3_S1,-3532,3130,23764,5852,72,890,0,8898.77
10835,20:21:15:900,3,Severe_Damage,L3_S1,-3014,3298,24614,2801,378,290,0,9748.77
10836,20:21:15:910,3,Severe_Damage,L3_S1,-3454,3194,24328,-561,41,-153,0,9462.77
10837,20:21:15:920,3,Severe_Damage,L3_S1,-3078,3038,23134,-3796,-45,-693,0,8268.77
10838,20:21:15:930,3,Severe_Damage,L3_S1,-2574,2826,21232,-6654,74,-1187,0,6366.77
10839,20:21:15:940,3,Severe_Damage,L3_S1,-2694,2224,18684,-9011,-390,-1463,0,3818.77
10840,20:21:15:951,3,Severe_Damage,L3_S1,-1656,1784,16004,-10350,-154,-1775,0,1138.77
10841,20:21:15:960,3,Severe_Damage,L3_S1,-1718,1102,13086,-10881,-390,-1789,0,-1779.23
10842,20:21:15:970,3,Severe_Damage,L3_S1,-1122,512,10376,-10328,-377,-1724,1,-4489.23
10843,20:21:15:980,3,Severe_Damage,L3_S1,-524,-144,8212,-8907,-296,-1509,1,-6653.23
10844,20:21:15:990,3,Severe_Damage,L3_S1,-778,-480,6396,-6607,-272,-1099,0,-8469.23
10845,20:21:16:000,3,Severe_Damage,L3_S1,60,-738,5776,-3806,-117,-731,0,-9089.23
10846,20:21:16:010,3,Severe_Damage,L3_S1,-666,-776,5570,-656,-92,-154,0,-9295.23
10847,20:21:16:020,3,Severe_Damage,L3_S1,-174,-510,6544,2513,138,267,1,-8321.23
10848,20:21:16:030,3,Severe_Damage,L3_S1,-888,-128,8128,5378,120,770,0,-6737.23
10849,20:21:16:040,3,Severe_Damage,L3_S1,-1046,476,10428,7725,287,1113,0,-4437.23
10850,20:21:16:050,3,Severe_Damage,L3_S1,-1396,990,13108,9279,321,1349,0,-1757.23
10851,20:21:16:060,3,Severe_Damage,L3_S1,-2140,1604,15766,9941,305,1505,0,900.77
10852,20:21:16:070,3,Severe_Damage,L3_S1,-2090,2120,18582,9670,428,1400,0,3716.77
10853,20:21:16:080,3,Severe_Damage,L3_S1,-2892,2574,20698,8463,244,1278,0,5832.77
10854,20:21:16:090,3,Severe_Damage,L3_S1,-2870,2912,22490,6500,333,917,0,7624.77
10855,20:21:16:100,3,Severe_Damage,L3_S1,-3074,3050,23484,3881,223,524,0,8618.77
10856,20:21:16:110,3,Severe_Damage,L3_S1,-3328,3092,23546,959,57,85,0,8680.77
10857,20:21:16:120,3,Severe_Damage,L3_S1,-2838,2952,23022,-2065,149,-453,0,8156.77
10858,20:21:16:130,3,Severe_Damage,L3_S1,-3032,2716,21436,-4854,-113,-835,0,6570.77
10859,20:21:16:140,3,Severe_Damage,L3_S1,-2428,2320,19490,-7194,-105,-1240,0,4624.77
10860,20:21:16:151,3,Severe_Damage,L3_S1,-2128,1848,17150,-8928,-218,-1511,0,2284.77
10861,20:21:16:160,3,Severe_Damage,L3_S1,-1828,1352,14480,-9730,-360,-1610,0,-385.23
10862,20:21:16:170,3,Severe_Damage,L3_S1,-1186,766,12064,-9709,-230,-1653,0,-2801.23
10863,20:21:16:180,3,Severe_Damage,L3_S1,-1128,248,9652,-8783,-392,-1453,0,-5213.23
10864,20:21:16:190,3,Severe_Damage,L3_S1,-520,-196,8004,-7058,-201,-1225,0,-6861.23
10865,20:21:16:200,3,Severe_Damage,L3_S1,-624,-440,6748,-4714,-185,-819,0,-8117.23
10866,20:21:16:210,3,Severe_Damage,L3_S1,-490,-576,6486,-1995,-83,-405,0,-8379.23
10867,20:21:16:220,3,Severe_Damage,L3_S1,-450,-508,6920,904,54,44,0,-7945.23
10868,20:21:16:230,3,Severe_Damage,L3_S1,-822,-236,8032,3637,81,497,0,-6833.23
10869,20:21:16:240,3,Severe_Damage,L3_S1,-804,236,9882,6045,274,828,0,-4983.23
10870,20:21:16:250,3,Severe_Damage,L3_S1,-1500,706,12040,7767,209,1157,0,-2825.23
10871,20:21:16:260,3,Severe_Damage,L3_S1,-1582,1332,14562,8803,359,1274,0,-303.23
10872,20:21:16:270,3,Severe_Damage,L3_S1,-2230,1800,16982,8926,324,1325,0,2116.77
10873,20:21:16:280,3,Severe_Damage,L3_S1,-2470,2218,19202,8266,271,1216,0,4336.77
10874,20:21:16:290,3,Severe_Damage,L3_S1,-2618,2552,21082,6778,324,965,0,6216.77
10875,20:21:16:300,3,Severe_Damage,L3_S1,-3076,2776,22270,4665,146,670,0,7404.77
10876,20:21:16:310,3,Severe_Damage,L3_S1,-2944,2864,22820,2131,214,228,0,7954.77
10877,20:21:16:320,3,Severe_Damage,L3_S1,-2964,2808,22528,-602,49,-182,0,7662.77
10878,20:21:16:330,3,Severe_Damage,L3_S1,-2844,2628,21596,-3263,-36,-607,0,6730.77
10879,20:21:16:340,3,Severe_Damage,L3_S1,-2534,2420,20004,-5589,-27,-991,0,5138.77
10880,20:21:16:350,3,Severe_Damage,L3_S1,-2362,2062,17872,-7419,-230,-1247,0,3006.77
10881,20:21:16:360,3,Severe_Damage,L3_S1,-1824,1450,15762,-8617,-208,-1472,0,896.77
10882,20:21:16:371,3,Severe_Damage,L3_S1,-1608,1060,13220,-8872,-287,-1482,1,-1645.23
10883,20:21:16:380,3,Severe_Damage,L3_S1,-1188,532,11206,-8466,-277,-1426,0,-3659.23
10884,20:21:16:390,3,Severe_Damage,L3_S1,-864,92,9324,-7199,-233,-1222,1,-5541.23
10885,20:21:16:400,3,Severe_Damage,L3_S1,-758,-218,8012,-5342,-196,-919,0,-6853.23
10886,20:21:16:410,3,Severe_Damage,L3_S1,-546,-428,7346,-2985,-50,-576,0,-7519.23
10887,20:21:16:420,3,Severe_Damage,L3_S1,-700,-420,7360,-425,-43,-144,0,-7505.23
10888,20:21:16:430,3,Severe_Damage,L3_S1,-572,-212,8146,2157,136,242,1,-6719.23
10889,20:21:16:440,3,Severe_Damage,L3_S1,-928,84,9474,4469,137,620,0,-5391.23
10890,20:21:16:450,3,Severe_Damage,L3_S1,-1208,578,11282,6392,257,910,0,-3583.23
10891,20:21:16:460,3,Severe_Damage,L3_S1,-1560,986,13562,7585,297,1092,0,-1303.23
10892,20:21:16:470,3,Severe_Damage,L3_S1,-2026,1502,15744,8111,264,1194,0,878.77
10893,20:21:16:480,3,Severe_Damage,L3_S1,-2180,1944,17994,7823,336,1129,0,3128.77
10894,20:21:16:490,3,Severe_Damage,L3_S1,-2700,2306,19744,6831,228,1007,0,4878.77
10895,20:21:16:500,3,Severe_Damage,L3_S1,-2662,2506,21156,5139,229,722,0,6290.77
10896,20:21:16:510,3,Severe_Damage,L3_S1,-2882,2706,21928,3005,157,391,0,7062.77
10897,20:21:16:520,3,Severe_Damage,L3_S1,-2980,2680,22102,574,41,9,0,7236.77
10898,20:21:16:530,3,Severe_Damage,L3_S1,-2748,2546,21532,-1875,41,-403,0,6666.77
10899,20:21:16:540,3,Severe_Damage,L3_S1,-2680,2422,20216,-4151,-96,-743,0,5350.77
10900,20:21:16:551,3,Severe_Damage,L3_S1,-2316,2126,18500,-6037,-122,-1055,0,3634.77
10901,20:21:16:561,3,Severe_Damage,L3_S1,-1996,1670,16578,-7406,-186,-1268,0,1712.77
10902,20:21:16:571,3,Severe_Damage,L3_S1,-1738,1206,14406,-8052,-264,-1356,0,-459.23
10903,20:21:16:580,3,Severe_Damage,L3_S1,-1374,770,12316,-7920,-183,-1356,0,-2549.23
10904,20:21:16:590,3,Severe_Damage,L3_S1,-1144,388,10512,-7155,-259,-1211,0,-4353.23
10905,20:21:16:600,3,Severe_Damage,L3_S1,-802,2,9116,-5686,-154,-996,1,-5749.23
10906,20:21:16:610,3,Severe_Damage,L3_S1,-770,-198,8180,-3726,-85,-679,0,-6685.23
10907,20:21:16:620,3,Severe_Damage,L3_S1,-728,-318,8002,-1478,-36,-332,0,-6863.23
10908,20:21:16:630,3,Severe_Damage,L3_S1,-770,-138,8356,910,77,39,0,-6509.23
10909,20:21:16:640,3,Severe_Damage,L3_S1,-944,36,9394,3113,118,397,0,-5471.23
10910,20:21:16:650,3,Severe_Damage,L3_S1,-1136,418,10934,5051,217,697,0,-3931.23
10911,20:21:16:660,3,Severe_Damage,L3_S1,-1480,810,12714,6448,245,933,0,-2151.23
10912,20:21:16:670,3,Severe_Damage,L3_S1,-1688,1282,14848,7202,253,1041,0,-17.23
10913,20:21:16:680,3,Severe_Damage,L3_S1,-2086,1706,16742,7271,296,1056,0,1876.77
10914,20:21:16:690,3,Severe_Damage,L3_S1,-2346,2052,18582,6649,237,958,0,3716.77
10915,20:21:16:700,3,Severe_Damage,L3_S1,-2604,2258,20084,5393,216,758,0,5218.77
10916,20:21:16:710,3,Severe_Damage,L3_S1,-2746,2472,21040,3607,139,489,0,6174.77
10917,20:21:16:720,3,Severe_Damage,L3_S1,-2736,2554,21436,1514,97,146,0,6570.77
10918,20:21:16:731,3,Severe_Damage,L3_S1,-2762,2470,21214,-735,17,-205,0,6348.77
10919,20:21:16:741,3,Severe_Damage,L3_S1,-2598,2332,20302,-2903,-53,-549,0,5436.77
10920,20:21:16:750,3,Severe_Damage,L3_S1,-2406,2128,18926,-4783,-70,-850,0,4060.77
10921,20:21:16:761,3,Severe_Damage,L3_S1,-2234,1752,17136,-6241,-163,-1071,0,2270.77
10922,20:21:16:771,3,Severe_Damage,L3_S1,-1844,1338,15408,-7169,-199,-1226,0,542.77
10923,20:21:16:781,3,Severe_Damage,L3_S1,-1644,982,13358,-7307,-201,-1240,0,-1507.23
10924,20:21:16:790,3,Severe_Damage,L3_S1,-1232,542,11686,-6898,-216,-1179,0,-3179.23
10925,20:21:16:801,3,Severe_Damage,L3_S1,-1120,242,10156,-5801,-162,-1010,0,-4709.23
10926,20:21:16:810,3,Severe_Damage,L3_S1,-934,-108,9214,-4246,-122,-761,0,-5651.23
10927,20:21:16:820,3,Severe_Damage,L3_S1,-782,-102,8630,-2254,-26,-445,0,-6235.23
10928,20:21:16:830,3,Severe_Damage,L3_S1,-840,-154,8800,-175,19,-116,0,-6065.23
10929,20:21:16:840,3,Severe_Damage,L3_S1,-890,-16,9446,1961,97,205,0,-5419.23
10930,20:21:16:851,3,Severe_Damage,L3_S1,-1136,306,10618,3813,144,506,0,-4247.23
10931,20:21:16:860,3,Severe_Damage,L3_S1,-1384,618,12198,5338,206,746,0,-2667.23
10932,20:21:16:870,3,Severe_Damage,L3_S1,-1656,1062,13936,6305,266,897,0,-929.23
10933,20:21:16:880,3,Severe_Damage,L3_S1,-1932,1406,15858,6600,194,954,0,992.77
10934,20:21:16:890,3,Severe_Damage,L3_S1,-2408,2062,19074,5415,163,771,0,4208.77
10935,20:21:16:900,3,Severe_Damage,L3_S1,-2640,2280,20150,4027,168,548,0,5284.77
10936,20:21:16:910,3,Severe_Damage,L3_S1,-2656,2372,20772,2185,103,254,0,5906.77
10937,20:21:16:920,3,Severe_Damage,L3_S1,-2740,2408,20752,213,43,-48,0,5886.77
10938,20:21:16:930,3,Severe_Damage,L3_S1,-2632,2252,20252,-1832,5,-390,0,5386.77
10939,20:21:16:940,3,Severe_Damage,L3_S1,-2444,2156,19138,-3638,-79,-664,0,4272.77
10940,20:21:16:951,3,Severe_Damage,L3_S1,-2212,1826,17718,-5160,-93,-917,0,2852.77
10941,20:21:16:961,3,Severe_Damage,L3_S1,-1984,1556,16020,-6202,-124,-1084,0,1154.77
10942,20:21:16:971,3,Severe_Damage,L3_S1,-1714,1138,14352,-6688,-212,-1144,0,-513.23
10943,20:21:16:981,3,Severe_Damage,L3_S1,-1390,760,12492,-6467,-121,-1117,0,-2373.23
10944,20:21:16:991,3,Severe_Damage,L3_S1,-1216,422,11120,-5783,-197,-995,0,-3745.23
10945,20:21:17:000,3,Severe_Damage,L3_S1,-982,136,10076,-4512,-121,-801,0,-4789.23
10946,20:21:17:010,3,Severe_Damage,L3_S1,-916,72,9326,-2866,-47,-549,0,-5539.23
10947,20:21:17:020,3,Severe_Damage,L3_S1,-860,-66,9210,-975,-27,-238,0,-5655.23
10948,20:21:17:030,3,Severe_Damage,L3_S1,-912,62,9662,950,86,51,0,-5203.23
10949,20:21:17:040,3,Severe_Damage,L3_S1,-1114,262,10508,2753,117,340,0,-4357.23
10950,20:21:17:050,3,Severe_Damage,L3_S1,-1322,574,11880,4274,178,572,0,-2985.23
10951,20:21:17:060,3,Severe_Damage,L3_S1,-1530,928,13364,5387,194,761,0,-1501.23
10952,20:21:17:070,3,Severe_Damage,L3_S1,-1830,1278,15010,5920,247,837,0,144.77
10953,20:21:17:080,3,Severe_Damage,L3_S1,-1986,1562,16666,5886,165,832,0,1800.77
10954,20:21:17:090,3,Severe_Damage,L3_S1,-2320,1824,18154,5282,242,739,0,3288.77
10955,20:21:17:100,3,Severe_Damage,L3_S1,-2444,2140,19238,4216,148,575,0,4372.77
10956,20:21:17:110,3,Severe_Damage,L3_S1,-2592,2212,20028,2675,102,333,0,5162.77
10957,20:21:17:120,3,Severe_Damage,L3_S1,-2644,2282,20300,947,81,53,0,5434.77
10958,20:21:17:130,3,Severe_Damage,L3_S1,-2574,2222,19970,-925,10,-237,0,5104.77
10959,20:21:17:141,3,Severe_Damage,L3_S1,-2484,2128,19166,-2645,-43,-508,0,4300.77
10960,20:21:17:151,3,Severe_Damage,L3_S1,-2186,1862,18034,-4168,-84,-749,0,3168.77
10961,20:21:17:161,3,Severe_Damage,L3_S1,-2098,1638,16504,-5289,-95,-925,0,1638.77
10962,20:21:17:171,3,Severe_Damage,L3_S1,-1798,1182,15054,-5962,-166,-1044,0,188.77
10963,20:21:17:181,3,Severe_Damage,L3_S1,-1608,920,13462,-6014,-158,-1041,0,-1403.23
10964,20:21:17:191,3,Severe_Damage,L3_S1,-1330,528,11994,-5575,-124,-971,0,-2871.23
10965,20:21:17:201,3,Severe_Damage,L3_S1,-1118,370,10794,-4610,-163,-816,0,-4071.23
10966,20:21:17:210,3,Severe_Damage,L3_S1,-1032,112,10060,-3280,-62,-614,0,-4805.23
10967,20:21:17:220,3,Severe_Damage,L3_S1,-1052,68,9732,-1602,1,-352,0,-5133.23
10968,20:21:17:230,3,Severe_Damage,L3_S1,-972,84,9906,129,1,-68,0,-4959.23
10969,20:21:17:240,3,Severe_Damage,L3_S1,-1096,220,10524,1820,112,188,0,-4341.23
10970,20:21:17:251,3,Severe_Damage,L3_S1,-1290,456,11604,3326,120,432,0,-3261.23
10971,20:21:17:260,3,Severe_Damage,L3_S1,-1400,732,12972,4480,153,615,0,-1893.23
10972,20:21:17:270,3,Severe_Damage,L3_S1,-1782,1114,14308,5225,251,733,0,-557.23
10973,20:21:17:281,3,Severe_Damage,L3_S1,-1832,1384,15968,5344,133,757,0,1102.77
10974,20:21:17:290,3,Severe_Damage,L3_S1,-2272,1722,17302,5066,237,706,0,2436.77
10975,20:21:17:300,3,Severe_Damage,L3_S1,-2290,1880,18520,4219,139,575,0,3654.77
10976,20:21:17:311,3,Severe_Damage,L3_S1,-2476,2082,19252,3020,141,390,0,4386.77
10977,20:21:17:321,3,Severe_Damage,L3_S1,-2526,2154,19662,1485,89,140,0,4796.77
10978,20:21:17:330,3,Severe_Damage,L3_S1,-2500,2126,19702,-166,10,-118,0,4836.77
10979,20:21:17:341,3,Severe_Damage,L3_S1,-2458,2046,19108,-1791,11,-374,0,4242.77
10980,20:21:17:351,3,Severe_Damage,L3_S1,-2250,1856,18216,-3277,-78,-602,0,3350.77
10981,20:21:17:361,3,Severe_Damage,L3_S1,-2094,1660,16908,-4428,-61,-792,0,2042.77
10982,20:21:17:371,3,Severe_Damage,L3_S1,-1876,1398,15526,-5212,-126,-914,0,660.77
10983,20:21:17:381,3,Severe_Damage,L3_S1,-1640,996,14160,-5525,-169,-963,0,-705.23
10984,20:21:17:391,3,Severe_Damage,L3_S1,-1510,810,12712,-5240,-98,-923,0,-2153.23
10985,20:21:17:401,3,Severe_Damage,L3_S1,-1220,436,11620,-4605,-136,-814,0,-3245.23
10986,20:21:17:410,3,Severe_Damage,L3_S1,-1130,296,10756,-3484,-94,-637,0,-4109.23
10987,20:21:17:421,3,Severe_Damage,L3_S1,-1108,192,10256,-2105,-20,-421,0,-4609.23
10988,20:21:17:430,3,Severe_Damage,L3_S1,-988,222,10288,-525,4,-174,0,-4577.23
10989,20:21:17:440,3,Severe_Damage,L3_S1,-1126,270,10662,1039,72,71,0,-4203.23
10990,20:21:17:450,3,Severe_Damage,L3_S1,-1260,464,11420,2479,113,296,0,-3445.23
10991,20:21:17:460,3,Severe_Damage,L3_S1,-1414,638,12612,3664,153,486,0,-2253.23
10992,20:21:17:470,3,Severe_Damage,L3_S1,-1634,968,13840,4503,183,614,0,-1025.23
10993,20:21:17:481,3,Severe_Damage,L3_S1,-1838,1232,15376,4820,182,664,0,510.77
10994,20:21:17:491,3,Severe_Damage,L3_S1,-2034,1578,16620,4740,165,652,0,1754.77
10995,20:21:17:500,3,Severe_Damage,L3_S1,-2186,1720,17722,4135,172,559,0,2856.77
10996,20:21:17:510,3,Severe_Damage,L3_S1,-2408,1956,18610,3186,130,407,0,3744.77
10997,20:21:17:520,3,Severe_Damage,L3_S1,-2472,2002,19188,1878,89,206,0,4322.77
10998,20:21:17:530,3,Severe_Damage,L3_S1,-2466,2046,19234,444,52,-20,0,4368.77
10999,20:21:17:541,3,Severe_Damage,L3_S1,-2462,1948,18934,-1100,-7,-262,0,4068.77
11000,20:21:17:551,3,Severe_Damage,L3_S1,-2334,1872,18256,-2475,-21,-484,0,3390.77
11001,20:21:17:561,3,Severe_Damage,L3_S1,-2146,1664,17228,-3661,-71,-674,0,2362.77
11002,20:21:17:571,3,Severe_Damage,L3_S1,-2030,1452,15994,-4495,-74,-797,0,1128.77
11003,20:21:17:581,3,Severe_Damage,L3_S1,-1674,1114,14738,-4960,-142,-878,0,-127.23
11004,20:21:17:591,3,Severe_Damage,L3_S1,-1542,932,13326,-4898,-99,-861,0,-1539.23
11005,20:21:17:601,3,Severe_Damage,L3_S1,-1446,608,12274,-4458,-79,-796,0,-2591.23
11006,20:21:17:611,3,Severe_Damage,L3_S1,-1248,468,11402,-3580,-118,-647,0,-3463.23
11007,20:21:17:621,3,Severe_Damage,L3_S1,-1170,290,10820,-2438,-30,-478,0,-4045.23
11008,20:21:17:631,3,Severe_Damage,L3_S1,-1086,256,10674,-1038,12,-265,0,-4191.23
11009,20:21:17:640,3,Severe_Damage,L3_S1,-1146,400,10802,374,37,-36,0,-4063.23
11010,20:21:17:651,3,Severe_Damage,L3_S1,-1298,324,11416,1755,114,180,0,-3449.23
11011,20:21:17:661,3,Severe_Damage,L3_S1,-1402,620,12482,2900,100,357,0,-2383.23
11012,20:21:17:670,3,Severe_Damage,L3_S1,-1586,806,13502,3818,146,517,0,-1363.23
11013,20:21:17:681,3,Severe_Damage,L3_S1,-1748,1086,14730,4267,188,575,0,-135.23
11014,20:21:17:691,3,Severe_Damage,L3_S1,-1950,1456,16020,4348,137,598,0,1154.77
11015,20:21:17:701,3,Severe_Damage,L3_S1,-2214,1560,17178,3960,166,532,0,2312.77
11016,20:21:17:711,3,Severe_Damage,L3_S1,-2190,1828,18034,3234,143,409,0,3168.77
11017,20:21:17:720,3,Severe_Damage,L3_S1,-2368,1906,18592,2135,58,256,0,3726.77
11018,20:21:17:730,3,Severe_Damage,L3_S1,-2384,1920,18892,894,117,34,0,4026.77
11019,20:21:17:741,3,Severe_Damage,L3_S1,-2390,1928,18668,-492,-26,-163,0,3802.77
11020,20:21:17:751,3,Severe_Damage,L3_S1,-2358,1818,18182,-1806,-11,-377,0,3316.77
11021,20:21:17:761,3,Severe_Damage,L3_S1,-2038,1660,17428,-2954,-23,-571,0,2562.77
11022,20:21:17:771,3,Severe_Damage,L3_S1,-2112,1488,16304,-3846,-109,-686,0,1438.77
11023,20:21:17:781,3,Severe_Damage,L3_S1,-1788,1260,15126,-4365,-37,-796,0,260.77
11024,20:21:17:791,3,Severe_Damage,L3_S1,-1696,930,14010,-4550,-166,-792,0,-855.23
11025,20:21:17:801,3,Severe_Damage,L3_S1,-1516,840,12808,-4201,-32,-758,0,-2057.23
11026,20:21:17:811,3,Severe_Damage,L3_S1,-1262,480,12112,-3606,-105,-664,0,-2753.23
11027,20:21:17:821,3,Severe_Damage,L3_S1,-1380,438,11428,-2623,-63,-496,0,-3437.23
11028,20:21:17:831,3,Severe_Damage,L3_S1,-1060,322,11192,-1438,13,-333,0,-3673.23
11029,20:21:17:840,3,Severe_Damage,L3_S1,-1256,358,11142,-137,6,-109,0,-3723.23
11030,20:21:17:850,3,Severe_Damage,L3_S1,-1276,496,11564,1126,94,82,0,-3301.23
11031,20:21:17:860,3,Severe_Damage,L3_S1,-1316,600,12336,2265,105,256,0,-2529.23
11032,20:21:17:871,3,Severe_Damage,L3_S1,-1580,830,13236,3154,121,406,0,-1629.23
11033,20:21:17:881,3,Severe_Damage,L3_S1,-1648,1084,14294,3760,173,495,0,-571.23
11034,20:21:17:891,3,Severe_Damage,L3_S1,-1872,1262,15540,3900,123,529,0,674.77
11035,20:21:17:901,3,Severe_Damage,L3_S1,-2050,1538,16540,3733,157,494,0,1674.77
11036,20:21:17:911,3,Severe_Damage,L3_S1,-2156,1682,17506,3172,125,403,0,2640.77
11037,20:21:17:921,3,Severe_Damage,L3_S1,-2344,1826,18106,2295,83,276,0,3240.77
11038,20:21:17:930,3,Severe_Damage,L3_S1,-2336,1880,18508,1190,89,97,0,3642.77
11039,20:21:17:940,3,Severe_Damage,L3_S1,-2338,1874,18412,-15,37,-93,0,3546.77
11040,20:21:17:951,3,Severe_Damage,L3_S1,-2300,1798,18074,-1251,-12,-283,0,3208.77
11041,20:21:17:961,3,Severe_Damage,L3_S1,-2114,1670,17426,-2343,-14,-458,0,2560.77
11042,20:21:17:971,3,Severe_Damage,L3_S1,-2030,1492,16476,-3245,-58,-591,0,1610.77
11043,20:21:17:981,3,Severe_Damage,L3_S1,-1846,1354,15550,-3848,-54,-703,0,684.77
11044,20:21:17:991,3,Severe_Damage,L3_S1,-1714,1018,14448,-4103,-77,-743,0,-417.23
11045,20:21:18:001,3,Severe_Damage,L3_S1,-1472,792,13446,-3994,-115,-721,0,-1419.23
11046,20:21:18:011,3,Severe_Damage,L3_S1,-1440,640,12522,-3481,-18,-645,0,-2343.23
11047,20:21:18:021,3,Severe_Damage,L3_S1,-1312,480,11858,-2725,-106,-519,0,-3007.23
11048,20:21:18:031,3,Severe_Damage,L3_S1,-1240,502,11478,-1697,23,-368,0,-3387.23
11049,20:21:18:041,3,Severe_Damage,L3_S1,-1284,356,11440,-573,-5,-174,0,-3425.23
11050,20:21:18:050,3,Severe_Damage,L3_S1,-1170,488,11740,632,74,-2,0,-3125.23
11051,20:21:18:060,3,Severe_Damage,L3_S1,-1426,582,12330,1660,73,177,0,-2535.23
11052,20:21:18:071,3,Severe_Damage,L3_S1,-1468,778,13110,2593,130,313,0,-1755.23
11053,20:21:18:081,3,Severe_Damage,L3_S1,-1574,964,14132,3191,104,410,0,-733.23
11054,20:21:18:091,3,Severe_Damage,L3_S1,-1980,1254,15090,3515,152,471,0,224.77
11055,20:21:18:101,3,Severe_Damage,L3_S1,-1818,1400,16062,3443,139,443,0,1196.77
11056,20:21:18:111,3,Severe_Damage,L3_S1,-2180,1588,16946,3053,105,404,0,2080.77
11057,20:21:18:121,3,Severe_Damage,L3_S1,-2206,1720,17642,2362,128,274,0,2776.77
11058,20:21:18:131,3,Severe_Damage,L3_S1,-2234,1804,18062,1417,59,131,0,3196.77
11059,20:21:18:140,3,Severe_Damage,L3_S1,-2342,1814,18112,348,50,-31,0,3246.77
11060,20:21:18:151,3,Severe_Damage,L3_S1,-2182,1766,17980,-777,39,-224,0,3114.77
11061,20:21:18:161,3,Severe_Damage,L3_S1,-2274,1686,17336,-1811,-47,-368,0,2470.77
11062,20:21:18:171,3,Severe_Damage,L3_S1,-2010,1470,16684,-2701,-10,-530,0,1818.77
11063,20:21:18:181,3,Severe_Damage,L3_S1,-1934,1336,15758,-3330,-92,-615,0,892.77
11064,20:21:18:191,3,Severe_Damage,L3_S1,-1824,1164,14846,-3677,-49,-675,0,-19.23
11065,20:21:18:201,3,Severe_Damage,L3_S1,-1554,958,13960,-3697,-75,-685,0,-905.23
11066,20:21:18:211,3,Severe_Damage,L3_S1,-1582,708,12974,-3350,-95,-609,0,-1891.23
11067,20:21:18:221,3,Severe_Damage,L3_S1,-1296,588,12322,-2733,-5,-531,0,-2543.23
11068,20:21:18:231,3,Severe_Damage,L3_S1,-1392,516,11850,-1881,-62,-381,0,-3015.23
11069,20:21:18:241,3,Severe_Damage,L3_S1,-1234,396,11780,-889,32,-242,0,-3085.23
11070,20:21:18:251,3,Severe_Damage,L3_S1,-1284,516,11902,191,42,-59,0,-2963.23
11071,20:21:18:261,3,Severe_Damage,L3_S1,-1388,566,12338,1180,55,97,0,-2527.23
11072,20:21:18:271,3,Severe_Damage,L3_S1,-1418,764,13020,2072,127,228,0,-1845.23
11073,20:21:18:281,3,Severe_Damage,L3_S1,-1620,918,13874,2694,66,343,0,-991.23
11074,20:21:18:291,3,Severe_Damage,L3_S1,-1748,1110,14836,3094,155,385,0,-29.23
11075,20:21:18:301,3,Severe_Damage,L3_S1,-1892,1376,15650,3168,127,411,0,784.77
11076,20:21:18:311,3,Severe_Damage,L3_S1,-2032,1468,16532,2863,102,363,0,1666.77
11077,20:21:18:321,3,Severe_Damage,L3_S1,-2108,1658,17154,2346,127,274,0,2288.77
11078,20:21:18:331,3,Severe_Damage,L3_S1,-2198,1682,17644,1551,54,158,0,2778.77
11079,20:21:18:340,3,Severe_Damage,L3_S1,-2232,1768,17800,646,87,-3,0,2934.77
11080,20:21:18:351,3,Severe_Damage,L3_S1,-2264,1704,17736,-397,-1,-150,0,2870.77
11081,20:21:18:361,3,Severe_Damage,L3_S1,-2190,1632,17286,-1348,8,-310,0,2420.77
11082,20:21:18:371,3,Severe_Damage,L3_S1,-2028,1544,16798,-2211,-30,-439,0,1932.77
11083,20:21:18:381,3,Severe_Damage,L3_S1,-2016,1414,15902,-2857,-46,-536,0,1036.77
11084,20:21:18:391,3,Severe_Damage,L3_S1,-1790,1196,15068,-3270,-36,-609,0,202.77
11085,20:21:18:401,3,Severe_Damage,L3_S1,-1726,1044,14090,-3354,-80,-619,0,-775.23
11086,20:21:18:411,3,Severe_Damage,L3_S1,-1538,852,13470,-3207,-68,-612,0,-1395.23
11087,20:21:18:421,3,Severe_Damage,L3_S1,-1428,714,12724,-2682,-52,-518,0,-2141.23
11088,20:21:18:431,3,Severe_Damage,L3_S1,-1416,522,12314,-1985,-20,-403,0,-2551.23
11089,20:21:18:441,3,Severe_Damage,L3_S1,-1284,568,12116,-1110,-10,-273,0,-2749.23
11090,20:21:18:451,3,Severe_Damage,L3_S1,-1382,504,12164,-184,26,-120,0,-2701.23
11091,20:21:18:461,3,Severe_Damage,L3_S1,-1364,604,12462,790,80,27,0,-2403.23
11092,20:21:18:471,3,Severe_Damage,L3_S1,-1434,682,13054,1593,57,161,0,-1811.23
11093,20:21:18:481,3,Severe_Damage,L3_S1,-1592,908,13650,2268,117,266,0,-1215.23
11094,20:21:18:491,3,Severe_Damage,L3_S1,-1742,1096,14500,2675,103,328,0,-365.23
11095,20:21:18:501,3,Severe_Damage,L3_S1,-1908,1222,15374,2820,118,350,0,508.77
11096,20:21:18:511,3,Severe_Damage,L3_S1,-1968,1414,16124,2699,145,331,0,1258.77
11097,20:21:18:521,3,Severe_Damage,L3_S1,-2078,1496,16802,2266,81,267,0,1936.77
11098,20:21:18:531,3,Severe_Damage,L3_S1,-2076,1632,17188,1629,86,165,0,2322.77
11099,20:21:18:541,3,Severe_Damage,L3_S1,-2192,1602,17506,796,59,38,0,2640.77
11100,20:21:18:551,3,Severe_Damage,L3_S1,-2256,1692,17446,-53,29,-100,0,2580.77
11101,20:21:18:561,3,Severe_Damage,L3_S1,-2112,1640,17234,-981,13,-252,0,2368.77
11102,20:21:18:571,3,Severe_Damage,L3_S1,-2084,1540,16694,-1771,-24,-362,0,1828.77
11103,20:21:18:581,3,Severe_Damage,L3_S1,-1912,1368,16124,-2446,-27,-482,0,1258.77
11104,20:21:18:591,3,Severe_Damage,L3_S1,-1918,1246,15304,-2855,-29,-539,0,438.77
11105,20:21:18:601,3,Severe_Damage,L3_S1,-1674,1032,14522,-3046,-65,-573,0,-343.23
11106,20:21:18:611,3,Severe_Damage,L3_S1,-1650,950,13754,-2943,-34,-559,0,-1111.23
11107,20:21:18:621,3,Severe_Damage,L3_S1,-1514,718,13168,-2635,-87,-501,0,-1697.23
11108,20:21:18:631,3,Severe_Damage,L3_S1,-1442,708,12620,-1990,22,-407,0,-2245.23
11109,20:21:18:641,3,Severe_Damage,L3_S1,-1386,574,12342,-1286,-13,-294,0,-2523.23
11110,20:21:18:651,3,Severe_Damage,L3_S1,-1382,614,12362,-419,27,-155,0,-2503.23
11111,20:21:18:661,3,Severe_Damage,L3_S1,-1458,658,12622,416,53,-25,0,-2243.23
11112,20:21:18:671,3,Severe_Damage,L3_S1,-1514,724,12962,1219,56,100,0,-1903.23
11113,20:21:18:681,3,Severe_Damage,L3_S1,-1628,864,13624,1858,102,193,0,-1241.23
11114,20:21:18:691,3,Severe_Damage,L3_S1,-1738,1006,14300,2302,78,282,0,-565.23
11115,20:21:18:701,3,Severe_Damage,L3_S1,-1806,1186,15090,2509,126,305,0,224.77
11116,20:21:18:711,3,Severe_Damage,L3_S1,-1954,1326,15812,2450,93,298,0,946.77
11117,20:21:18:721,3,Severe_Damage,L3_S1,-2026,1410,16440,2142,101,250,0,1574.77
11118,20:21:18:731,3,Severe_Damage,L3_S1,-2142,1606,16778,1670,99,171,0,1912.77
11119,20:21:18:741,3,Severe_Damage,L3_S1,-2082,1580,17166,908,13,54,0,2300.77
11120,20:21:18:751,3,Severe_Damage,L3_S1,-2170,1648,17222,169,78,-64,0,2356.77
11121,20:21:18:761,3,Severe_Damage,L3_S1,-2068,1558,17054,-674,-10,-194,0,2188.77
11122,20:21:18:771,3,Severe_Damage,L3_S1,-2090,1528,16678,-1407,-1,-307,0,1812.77
11123,20:21:18:781,3,Severe_Damage,L3_S1,-1956,1392,16076,-2046,-14,-419,0,1210.77
11124,20:21:18:791,3,Severe_Damage,L3_S1,-1894,1258,15510,-2510,-41,-485,0,644.77
11125,20:21:18:801,3,Severe_Damage,L3_S1,-1718,1124,14702,-2724,-20,-528,0,-163.23
11126,20:21:18:811,3,Severe_Damage,L3_S1,-1630,926,14042,-2727,-64,-527,0,-823.23
11127,20:21:18:821,3,Severe_Damage,L3_S1,-1618,800,13454,-2452,-20,-482,0,-1411.23
11128,20:21:18:831,3,Severe_Damage,L3_S1,-1438,676,13080,-2041,-62,-408,0,-1785.23
11129,20:21:18:841,3,Severe_Damage,L3_S1,-1536,728,12608,-1332,46,-306,0,-2257.23
11130,20:21:18:851,3,Severe_Damage,L3_S1,-1334,608,12710,-653,-18,-198,0,-2155.23
11131,20:21:18:861,3,Severe_Damage,L3_S1,-1452,686,12738,163,58,-58,0,-2127.23
11132,20:21:18:871,3,Severe_Damage,L3_S1,-1522,728,13098,853,75,42,0,-1767.23
11133,20:21:18:881,3,Severe_Damage,L3_S1,-1562,824,13560,1511,55,146,0,-1305.23
11134,20:21:18:891,3,Severe_Damage,L3_S1,-1710,982,14162,1939,99,212,0,-703.23
11135,20:21:18:901,3,Severe_Damage,L3_S1,-1794,1136,14830,2208,88,259,0,-35.23
11136,20:21:18:911,3,Severe_Damage,L3_S1,-1940,1240,15542,2209,95,261,0,676.77
11137,20:21:18:921,3,Severe_Damage,L3_S1,-1962,1336,16178,2005,93,219,0,1312.77
11138,20:21:18:931,3,Severe_Damage,L3_S1,-2062,1436,16574,1577,79,156,0,1708.77
11139,20:21:18:941,3,Severe_Damage,L3_S1,-2080,1534,16836,1048,90,73,0,1970.77
11140,20:21:18:951,3,Severe_Damage,L3_S1,-2138,1546,16964,307,25,-44,0,2098.77
11141,20:21:18:961,3,Severe_Damage,L3_S1,-2112,1560,16900,-402,17,-157,0,2034.77
11142,20:21:18:971,3,Severe_Damage,L3_S1,-2038,1452,16654,-1118,27,-276,0,1788.77
11143,20:21:18:981,3,Severe_Damage,L3_S1,-1988,1426,16078,-1695,-42,-353,0,1212.77
11144,20:21:18:991,3,Severe_Damage,L3_S1,-1842,1254,15590,-2181,-6,-445,0,724.77
11145,20:21:19:001,3,Severe_Damage,L3_S1,-1850,1180,14956,-2412,-36,-470,0,90.77
11146,20:21:19:011,3,Severe_Damage,L3_S1,-1726,1000,14340,-2484,-51,-478,0,-525.23
11147,20:21:19:021,3,Severe_Damage,L3_S1,-1596,896,13774,-2293,-10,-453,0,-1091.23
11148,20:21:19:031,3,Severe_Damage,L3_S1,-1578,864,13322,-1938,-58,-392,0,-1543.23
11149,20:21:19:041,3,Severe_Damage,L3_S1,-1460,646,13114,-1434,1,-324,0,-1751.23
11150,20:21:19:051,3,Severe_Damage,L3_S1,-1592,740,12804,-728,53,-203,0,-2061.23
11151,20:21:19:061,3,Severe_Damage,L3_S1,-1440,670,12940,-98,-18,-113,0,-1925.23
11152,20:21:19:071,3,Severe_Damage,L3_S1,-1530,774,13150,610,96,8,0,-1715.23
11153,20:21:19:081,3,Severe_Damage,L3_S1,-1574,814,13638,1164,44,97,0,-1227.23
11154,20:21:19:091,3,Severe_Damage,L3_S1,-1646,970,14078,1645,87,170,0,-787.23
11155,20:21:19:101,3,Severe_Damage,L3_S1,-1776,1136,14692,1887,90,204,0,-173.23
11156,20:21:19:111,3,Severe_Damage,L3_S1,-1862,1240,15278,1981,78,222,0,412.77
11157,20:21:19:121,3,Severe_Damage,L3_S1,-1964,1286,15862,1835,94,192,0,996.77
11158,20:21:19:131,3,Severe_Damage,L3_S1,-2030,1416,16326,1502,62,142,0,1460.77
11159,20:21:19:141,3,Severe_Damage,L3_S1,-2032,1484,16668,1021,63,66,0,1802.77
11160,20:21:19:151,3,Severe_Damage,L3_S1,-2040,1504,16850,426,45,-22,0,1984.77
11161,20:21:19:161,3,Severe_Damage,L3_S1,-2062,1542,16672,-188,22,-114,0,1806.77
11162,20:21:19:171,3,Severe_Damage,L3_S1,-1938,1432,16510,-891,-1,-233,0,1644.77
11163,20:21:19:181,3,Severe_Damage,L3_S1,-1986,1422,16120,-1407,19,-316,0,1254.77
11164,20:21:19:191,3,Severe_Damage,L3_S1,-1904,1286,15714,-1871,-41,-384,0,848.77
11165,20:21:19:201,3,Severe_Damage,L3_S1,-1812,1128,15172,-2149,-6,-435,0,306.77
11166,20:21:19:211,3,Severe_Damage,L3_S1,-1766,1014,14452,-2225,-41,-440,0,-413.23
11167,20:21:19:221,3,Severe_Damage,L3_S1,-1596,896,14000,-2144,-27,-430,0,-865.23
11168,20:21:19:231,3,Severe_Damage,L3_S1,-1642,838,13502,-1831,15,-381,0,-1363.23
11169,20:21:19:241,3,Severe_Damage,L3_S1,-1470,754,13178,-1423,-40,-316,0,-1687.23
11170,20:21:19:251,3,Severe_Damage,L3_S1,-1504,710,13104,-854,25,-223,0,-1761.23
11171,20:21:19:261,3,Severe_Damage,L3_S1,-1570,738,13042,-226,40,-123,0,-1823.23
11172,20:21:19:271,3,Severe_Damage,L3_S1,-1466,798,13312,357,22,-38,0,-1553.23
11173,20:21:19:281,3,Severe_Damage,L3_S1,-1592,872,13608,903,92,45,0,-1257.23
11174,20:21:19:291,3,Severe_Damage,L3_S1,-1664,944,14068,1340,58,122,0,-797.23
11175,20:21:19:301,3,Severe_Damage,L3_S1,-1724,1050,14612,1631,69,162,0,-253.23
11176,20:21:19:311,3,Severe_Damage,L3_S1,-1846,1146,15160,1738,101,183,0,294.77
11177,20:21:19:321,3,Severe_Damage,L3_S1,-1820,1232,15670,1661,63,171,0,804.77
11178,20:21:19:331,3,Severe_Damage,L3_S1,-2000,1372,16054,1398,96,127,0,1188.77
11179,20:21:19:341,3,Severe_Damage,L3_S1,-2006,1446,16348,994,54,66,0,1482.77
11180,20:21:19:351,3,Severe_Damage,L3_S1,-2022,1486,16538,490,51,-13,0,1672.77
11181,20:21:19:361,3,Severe_Damage,L3_S1,-2048,1434,16600,-78,29,-106,0,1734.77
11182,20:21:19:371,3,Severe_Damage,L3_S1,-2030,1454,16410,-653,7,-196,0,1544.77
11183,20:21:19:381,3,Severe_Damage,L3_S1,-1938,1404,16072,-1172,-1,-278,0,1206.77
11184,20:21:19:391,3,Severe_Damage,L3_S1,-1898,1282,15684,-1632,-23,-355,0,818.77
11185,20:21:19:401,3,Severe_Damage,L3_S1,-1798,1208,15182,-1883,5,-392,0,316.77
11186,20:21:19:411,3,Severe_Damage,L3_S1,-1690,1086,14704,-2029,-27,-406,0,-161.23
11187,20:21:19:421,3,Severe_Damage,L3_S1,-1632,974,14142,-1944,-16,-392,0,-723.23
11188,20:21:19:431,3,Severe_Damage,L3_S1,-1622,882,13718,-1736,1,-365,0,-1147.23
11189,20:21:19:441,3,Severe_Damage,L3_S1,-1568,840,13426,-1357,-23,-307,0,-1439.23
11190,20:21:19:451,3,Severe_Damage,L3_S1,-1556,798,13286,-886,34,-228,0,-1579.23
11191,20:21:19:461,3,Severe_Damage,L3_S1,-1524,792,13226,-336,14,-143,0,-1639.23
11192,20:21:19:471,3,Severe_Damage,L3_S1,-1490,762,13446,194,33,-60,0,-1419.23
11193,20:21:19:481,3,Severe_Damage,L3_S1,-1616,948,13632,738,72,27,0,-1233.23
11194,20:21:19:491,3,Severe_Damage,L3_S1,-1652,896,14142,1103,47,77,0,-723.23
11195,20:21:19:501,3,Severe_Damage,L3_S1,-1736,1056,14380,1428,97,133,0,-485.23
11196,20:21:19:511,3,Severe_Damage,L3_S1,-1786,1116,15066,1513,74,140,0,200.77
11197,20:21:19:521,3,Severe_Damage,L3_S1,-1944,1276,15484,1506,74,142,0,618.77
11198,20:21:19:531,3,Severe_Damage,L3_S1,-1904,1368,15832,1285,57,110,0,966.77
11199,20:21:19:541,3,Severe_Damage,L3_S1,-1998,1424,16172,952,76,53,0,1306.77
11200,20:21:19:551,3,Severe_Damage,L3_S1,-1970,1460,16300,501,40,-17,0,1434.77
11201,20:21:19:561,3,Severe_Damage,L3_S1,-2008,1454,16344,1,41,-92,0,1478.77
11202,20:21:19:571,3,Severe_Damage,L3_S1,-2004,1388,16300,-527,20,-176,0,1434.77
11203,20:21:19:581,3,Severe_Damage,L3_S1,-1890,1350,16050,-1009,4,-253,0,1184.77
11204,20:21:19:591,3,Severe_Damage,L3_S1,-1940,1282,15644,-1408,-16,-312,0,778.77
11205,20:21:19:602,3,Severe_Damage,L3_S1,-1856,1188,15260,-1696,-16,-359,0,394.77
11206,20:21:19:611,3,Severe_Damage,L3_S1,-1754,1094,14738,-1829,-12,-380,0,-127.23
11207,20:21:19:621,3,Severe_Damage,L3_S1,-1686,980,14286,-1807,-18,-382,0,-579.23
11208,20:21:19:631,3,Severe_Damage,L3_S1,-1662,908,13938,-1621,2,-360,0,-927.23
11209,20:21:19:641,3,Severe_Damage,L3_S1,-1512,834,13620,-1312,-22,-296,0,-1245.23
11210,20:21:19:651,3,Severe_Damage,L3_S1,-1546,844,13448,-896,12,-228,0,-1417.23
11211,20:21:19:661,3,Severe_Damage,L3_S1,-1554,808,13388,-415,27,-159,0,-1477.23
11212,20:21:19:671,3,Severe_Damage,L3_S1,-1594,866,13512,84,34,-71,0,-1353.23
11213,20:21:19:681,3,Severe_Damage,L3_S1,-1592,854,13688,549,61,1,0,-1177.23
11214,20:21:19:691,3,Severe_Damage,L3_S1,-1678,912,14090,946,52,64,0,-775.23
11215,20:21:19:701,3,Severe_Damage,L3_S1,-1728,1056,14492,1219,77,105,0,-373.23
11216,20:21:19:711,3,Severe_Damage,L3_S1,-1784,1162,14850,1360,73,123,0,-15.23
11217,20:21:19:721,3,Severe_Damage,L3_S1,-1836,1200,15392,1348,74,118,0,526.77
11218,20:21:19:731,3,Severe_Damage,L3_S1,-1926,1312,15784,1201,67,98,0,918.77
11219,20:21:19:741,3,Severe_Damage,L3_S1,-1912,1368,16074,908,49,54,0,1208.77
11220,20:21:19:751,3,Severe_Damage,L3_S1,-1996,1362,16244,507,73,-9,0,1378.77
11221,20:21:19:761,3,Severe_Damage,L3_S1,-2024,1416,16328,58,28,-74,0,1462.77
11222,20:21:19:771,3,Severe_Damage,L3_S1,-2018,1408,16166,-420,23,-156,0,1300.77
11223,20:21:19:781,3,Severe_Damage,L3_S1,-1930,1298,15972,-865,7,-230,0,1106.77
11224,20:21:19:791,3,Severe_Damage,L3_S1,-1876,1314,15650,-1246,-3,-288,0,784.77
11225,20:21:19:801,3,Severe_Damage,L3_S1,-1840,1180,15242,-1525,-5,-328,0,376.77
11226,20:21:19:811,3,Severe_Damage,L3_S1,-1784,1132,14828,-1662,1,-358,0,-37.23
11227,20:21:19:821,3,Severe_Damage,L3_S1,-1716,1002,14476,-1674,-22,-355,0,-389.23
11228,20:21:19:831,3,Severe_Damage,L3_S1,-1740,968,14148,-1526,12,-332,0,-717.23
11229,20:21:19:841,3,Severe_Damage,L3_S1,-1594,876,13760,-1261,-25,-293,0,-1105.23
11230,20:21:19:851,3,Severe_Damage,L3_S1,-1612,898,13560,-897,14,-230,0,-1305.23
11231,20:21:19:861,3,Severe_Damage,L3_S1,-1518,780,13540,-472,26,-163,0,-1325.23
11232,20:21:19:871,3,Severe_Damage,L3_S1,-1594,876,13634,-10,30,-92,0,-1231.23
11233,20:21:19:881,3,Severe_Damage,L3_S1,-1662,898,13786,423,55,-25,0,-1079.23
11234,20:21:19:891,3,Severe_Damage,L3_S1,-1632,996,14048,791,55,27,0,-817.23
11235,20:21:19:901,3,Severe_Damage,L3_S1,-1750,1022,14428,1067,71,73,0,-437.23
11236,20:21:19:911,3,Severe_Damage,L3_S1,-1774,1124,14848,1205,70,95,0,-17.23
11237,20:21:19:921,3,Severe_Damage,L3_S1,-1844,1216,15220,1232,71,103,0,354.77
11238,20:21:19:931,3,Severe_Damage,L3_S1,-1902,1298,15586,1092,68,83,0,720.77
11239,20:21:19:941,3,Severe_Damage,L3_S1,-1984,1310,15912,858,56,54,0,1046.77
11240,20:21:19:951,3,Severe_Damage,L3_S1,-1966,1350,16076,508,46,-6,0,1210.77
11241,20:21:19:961,3,Severe_Damage,L3_S1,-1906,1392,16148,104,45,-76,0,1282.77
11242,20:21:19:971,3,Severe_Damage,L3_S1,-1928,1358,16046,-344,19,-142,0,1180.77
11243,20:21:19:981,3,Severe_Damage,L3_S1,-1944,1284,15842,-729,21,-204,0,976.77
11244,20:21:19:991,3,Severe_Damage,L3_S1,-1870,1244,15694,-1114,-7,-271,0,828.77
11245,20:21:20:001,3,Severe_Damage,L3_S1,-1914,1250,15314,-1355,0,-300,0,448.77
11246,20:21:20:011,3,Severe_Damage,L3_S1,-1754,1054,14946,-1535,-6,-333,0,80.77
11247,20:21:20:021,3,Severe_Damage,L3_S1,-1772,1080,14512,-1544,-4,-328,0,-353.23
11248,20:21:20:031,3,Severe_Damage,L3_S1,-1690,956,14122,-1443,4,-318,0,-743.23
11249,20:21:20:042,3,Severe_Damage,L3_S1,-1618,872,13884,-1210,-11,-274,0,-981.23
11250,20:21:20:051,3,Severe_Damage,L3_S1,-1618,864,13756,-889,12,-226,0,-1109.23
11251,20:21:20:061,3,Severe_Damage,L3_S1,-1506,852,13688,-508,27,-175,0,-1177.23
11252,20:21:20:071,3,Severe_Damage,L3_S1,-1678,852,13682,-95,10,-106,0,-1183.23
11253,20:21:20:081,3,Severe_Damage,L3_S1,-1510,908,13942,303,69,-61,0,-923.23
11254,20:21:20:091,3,Severe_Damage,L3_S1,-1710,936,14138,655,32,16,0,-727.23
11255,20:21:20:101,3,Severe_Damage,L3_S1,-1694,990,14424,906,72,52,0,-441.23
11256,20:21:20:111,3,Severe_Damage,L3_S1,-1758,1110,14810,1077,73,76,0,-55.23
11257,20:21:20:121,3,Severe_Damage,L3_S1,-1872,1184,15156,1094,52,84,0,290.77
11258,20:21:20:131,3,Severe_Damage,L3_S1,-1802,1258,15442,1012,91,56,0,576.77
11259,20:21:20:141,3,Severe_Damage,L3_S1,-1952,1314,15726,797,40,45,0,860.77
11260,20:21:20:151,3,Severe_Damage,L3_S1,-1864,1326,15960,508,49,-16,0,1094.77
11261,20:21:20:161,3,Severe_Damage,L3_S1,-1964,1354,16012,128,59,-69,0,1146.77
11262,20:21:20:171,3,Severe_Damage,L3_S1,-1960,1352,15956,-253,0,-129,0,1090.77
11263,20:21:20:181,3,Severe_Damage,L3_S1,-1908,1308,15844,-644,36,-199,0,978.77
11264,20:21:20:191,3,Severe_Damage,L3_S1,-1982,1280,15604,-969,-12,-234,0,738.77
11265,20:21:20:201,3,Severe_Damage,L3_S1,-1794,1196,15288,-1228,2,-293,0,422.77
11266,20:21:20:211,3,Severe_Damage,L3_S1,-1804,1088,15006,-1379,-6,-302,0,140.77
11267,20:21:20:221,3,Severe_Damage,L3_S1,-1720,1008,14664,-1428,-16,-315,0,-201.23
11268,20:21:20:231,3,Severe_Damage,L3_S1,-1690,970,14332,-1345,22,-309,0,-533.23
11269,20:21:20:241,3,Severe_Damage,L3_S1,-1692,988,13990,-1155,-25,-270,0,-875.23
11270,20:21:20:251,3,Severe_Damage,L3_S1,-1560,910,13872,-865,34,-234,0,-993.23
11271,20:21:20:261,3,Severe_Damage,L3_S1,-1686,916,13806,-537,5,-171,0,-1059.23
11272,20:21:20:271,3,Severe_Damage,L3_S1,-1632,858,13806,-157,36,-122,0,-1059.23
11273,20:21:20:281,3,Severe_Damage,L3_S1,-1666,926,13902,205,49,-60,0,-963.23
11274,20:21:20:291,3,Severe_Damage,L3_S1,-1624,980,14174,527,33,-4,0,-691.23
11275,20:21:20:301,3,Severe_Damage,L3_S1,-1688,996,14400,786,66,27,0,-465.23
11276,20:21:20:311,3,Severe_Damage,L3_S1,-1774,1052,14726,937,56,58,0,-139.23
11277,20:21:20:321,3,Severe_Damage,L3_S1,-1816,1106,15054,984,70,64,0,188.77
11278,20:21:20:331,3,Severe_Damage,L3_S1,-1838,1220,15458,920,64,58,0,592.77
11279,20:21:20:341,3,Severe_Damage,L3_S1,-1866,1260,15728,743,57,25,0,862.77
11280,20:21:20:351,3,Severe_Damage,L3_S1,-1976,1290,15832,481,53,-17,0,966.77
11281,20:21:20:361,3,Severe_Damage,L3_S1,-1950,1312,15894,159,14,-60,0,1028.77
11282,20:21:20:371,3,Severe_Damage,L3_S1,-1908,1328,15894,-197,53,-128,0,1028.77
11283,20:21:20:381,3,Severe_Damage,L3_S1,-1964,1272,15740,-546,8,-174,0,874.77
11284,20:21:20:391,3,Severe_Damage,L3_S1,-1858,1250,15590,-861,7,-231,0,724.77
11285,20:21:20:401,3,Severe_Damage,L3_S1,-1838,1204,15226,-1096,14,-270,0,360.77
11286,20:21:20:412,3,Severe_Damage,L3_S1,-1834,1092,14948,-1264,-23,-295,0,82.77
11287,20:21:20:421,3,Severe_Damage,L3_S1,-1722,1076,14626,-1305,15,-306,0,-239.23
11288,20:21:20:431,3,Severe_Damage,L3_S1,-1686,1002,14348,-1261,-9,-293,0,-517.23
11289,20:21:20:441,3,Severe_Damage,L3_S1,-1614,942,14080,-1093,6,-270,0,-785.23
11290,20:21:20:451,3,Severe_Damage,L3_S1,-1646,950,13976,-861,3,-230,0,-889.23
11291,20:21:20:461,3,Severe_Damage,L3_S1,-1584,912,13902,-549,12,-185,0,-963.23
11292,20:21:20:471,3,Severe_Damage,L3_S1,-1614,892,13814,-218,35,-127,0,-1051.23
11293,20:21:20:481,3,Severe_Damage,L3_S1,-1608,884,13980,128,31,-63,0,-885.23
11294,20:21:20:491,3,Severe_Damage,L3_S1,-1662,1016,14210,427,56,-27,0,-655.23
11295,20:21:20:501,3,Severe_Damage,L3_S1,-1766,1076,14404,671,56,22,0,-461.23
11296,20:21:20:511,3,Severe_Damage,L3_S1,-1722,1098,14734,817,54,40,0,-131.23
11297,20:21:20:521,3,Severe_Damage,L3_S1,-1778,1178,15048,877,72,44,0,182.77
11298,20:21:20:531,3,Severe_Damage,L3_S1,-1866,1188,15278,827,55,47,0,412.77
11299,20:21:20:541,3,Severe_Damage,L3_S1,-1802,1222,15578,691,68,14,0,712.77
11300,20:21:20:551,3,Severe_Damage,L3_S1,-1908,1250,15738,456,42,-20,0,872.77
11301,20:21:20:561,3,Severe_Damage,L3_S1,-1894,1284,15886,164,28,-64,0,1020.77
11302,20:21:20:571,3,Severe_Damage,L3_S1,-1946,1324,15752,-150,25,-115,0,886.77
11303,20:21:20:581,3,Severe_Damage,L3_S1,-1914,1282,15736,-480,24,-162,0,870.77
11304,20:21:20:591,3,Severe_Damage,L3_S1,-1832,1226,15536,-761,14,-211,0,670.77
11305,20:21:20:601,3,Severe_Damage,L3_S1,-1876,1226,15254,-1002,3,-250,0,388.77
11306,20:21:20:612,3,Severe_Damage,L3_S1,-1788,1152,14952,-1144,5,-274,0,86.77
11307,20:21:20:621,3,Severe_Damage,L3_S1,-1742,1108,14748,-1213,3,-285,0,-117.23
11308,20:21:20:632,3,Severe_Damage,L3_S1,-1720,1064,14462,-1169,-4,-275,0,-403.23
11309,20:21:20:641,3,Severe_Damage,L3_S1,-1662,930,14302,-1043,22,-271,0,-563.23
11310,20:21:20:651,3,Severe_Damage,L3_S1,-1648,940,14016,-824,4,-222,0,-849.23
11311,20:21:20:661,3,Severe_Damage,L3_S1,-1604,898,14004,-557,38,-187,0,-861.23
11312,20:21:20:671,3,Severe_Damage,L3_S1,-1586,904,13984,-248,17,-139,0,-881.23
11313,20:21:20:681,3,Severe_Damage,L3_S1,-1682,986,14046,51,25,-82,0,-819.23
11314,20:21:20:691,3,Severe_Damage,L3_S1,-1656,934,14168,341,53,-44,0,-697.23
11315,20:21:20:701,3,Severe_Damage,L3_S1,-1690,1046,14538,566,41,5,0,-327.23
11316,20:21:20:711,3,Severe_Damage,L3_S1,-1774,1070,14696,716,72,7,0,-169.23
11317,20:21:20:721,3,Severe_Damage,L3_S1,-1818,1098,15046,774,57,26,0,180.77
11318,20:21:20:731,3,Severe_Damage,L3_S1,-1854,1190,15290,751,64,25,0,424.77
11319,20:21:20:741,3,Severe_Damage,L3_S1,-1864,1234,15474,629,55,8,0,608.77
11320,20:21:20:751,3,Severe_Damage,L3_S1,-1856,1224,15662,428,41,-31,0,796.77
11321,20:21:20:761,3,Severe_Damage,L3_S1,-1892,1270,15640,168,40,-70,0,774.77
11322,20:21:20:771,3,Severe_Damage,L3_S1,-1912,1252,15718,-116,26,-105,0,852.77
11323,20:21:20:782,3,Severe_Damage,L3_S1,-1904,1228,15628,-408,10,-154,0,762.77
11324,20:21:20:792,3,Severe_Damage,L3_S1,-1948,1218,15512,-683,29,-195,0,646.77
11325,20:21:20:801,3,Severe_Damage,L3_S1,-1848,1186,15300,-897,-3,-232,0,434.77
11326,20:21:20:812,3,Severe_Damage,L3_S1,-1798,1136,15040,-1043,20,-264,0,174.77
11327,20:21:20:821,3,Severe_Damage,L3_S1,-1734,1048,14742,-1120,0,-272,0,-123.23
11328,20:21:20:832,3,Severe_Damage,L3_S1,-1690,1082,14528,-1094,6,-262,0,-337.23
11329,20:21:20:841,3,Severe_Damage,L3_S1,-1714,968,14332,-984,11,-246,0,-533.23
11330,20:21:20:851,3,Severe_Damage,L3_S1,-1682,966,14160,-794,19,-215,0,-705.23
11331,20:21:20:861,3,Severe_Damage,L3_S1,-1686,964,14018,-562,14,-179,0,-847.23
11332,20:21:20:871,3,Severe_Damage,L3_S1,-1676,952,14096,-284,26,-150,0,-769.23
11333,20:21:20:881,3,Severe_Damage,L3_S1,-1692,888,14168,1,34,-97,0,-697.23
11334,20:21:20:892,3,Severe_Damage,L3_S1,-1658,1056,14230,257,39,-53,0,-635.23
11335,20:21:20:901,3,Severe_Damage,L3_S1,-1694,1030,14462,475,56,-22,0,-403.23
11336,20:21:20:911,3,Severe_Damage,L3_S1,-1784,1086,14718,616,48,11,0,-147.23
11337,20:21:20:921,3,Severe_Damage,L3_S1,-1772,1092,14906,693,61,14,0,40.77
11338,20:21:20:931,3,Severe_Damage,L3_S1,-1808,1186,15182,666,50,14,0,316.77
11339,20:21:20:941,3,Severe_Damage,L3_S1,-1900,1200,15370,570,53,-2,0,504.77
11340,20:21:20:951,3,Severe_Damage,L3_S1,-1796,1216,15534,395,54,-36,0,668.77
11341,20:21:20:961,3,Severe_Damage,L3_S1,-1930,1298,15702,169,39,-65,0,836.77
11342,20:21:20:971,3,Severe_Damage,L3_S1,-1882,1260,15664,-92,34,-111,0,798.77
11343,20:21:20:982,3,Severe_Damage,L3_S1,-1910,1246,15624,-354,19,-152,0,758.77
11344,20:21:20:991,3,Severe_Damage,L3_S1,-1908,1210,15492,-613,4,-188,0,626.77
11345,20:21:21:002,3,Severe_Damage,L3_S1,-1792,1212,15320,-814,12,-229,0,454.77
11346,20:21:21:012,3,Severe_Damage,L3_S1,-1854,1158,15126,-954,-3,-240,0,260.77
11347,20:21:21:022,3,Severe_Damage,L3_S1,-1750,1098,14904,-1024,9,-263,0,38.77
11348,20:21:21:032,3,Severe_Damage,L3_S1,-1734,1048,14580,-1012,7,-250,0,-285.23
11349,20:21:21:041,3,Severe_Damage,L3_S1,-1766,1024,14402,-931,5,-235,0,-463.23
11350,20:21:21:051,3,Severe_Damage,L3_S1,-1682,946,14236,-751,16,-213,0,-629.23
11351,20:21:21:062,3,Severe_Damage,L3_S1,-1704,966,14186,-558,13,-175,0,-679.23
11352,20:21:21:071,3,Severe_Damage,L3_S1,-1696,956,14132,-297,32,-140,0,-733.23
11353,20:21:21:081,3,Severe_Damage,L3_S1,-1636,932,14220,-57,25,-99,0,-645.23
11354,20:21:21:092,3,Severe_Damage,L3_S1,-1728,974,14256,202,45,-59,0,-609.23
11355,20:21:21:101,3,Severe_Damage,L3_S1,-1684,1046,14494,383,48,-38,0,-371.23
11356,20:21:21:112,3,Severe_Damage,L3_S1,-1744,1032,14672,535,44,-2,0,-193.23
11357,20:21:21:121,3,Severe_Damage,L3_S1,-1800,1096,14896,599,61,4,0,30.77
11358,20:21:21:131,3,Severe_Damage,L3_S1,-1800,1114,15136,605,45,7,0,270.77
11359,20:21:21:142,3,Severe_Damage,L3_S1,-1878,1196,15360,512,50,-12,0,494.77
11360,20:21:21:151,3,Severe_Damage,L3_S1,-1906,1240,15508,365,52,-37,0,642.77
11361,20:21:21:161,3,Severe_Damage,L3_S1,-1888,1252,15536,161,39,-70,0,670.77
11362,20:21:21:172,3,Severe_Damage,L3_S1,-1878,1222,15548,-71,45,-104,0,682.77
11363,20:21:21:182,3,Severe_Damage,L3_S1,-1882,1236,15448,-322,21,-146,0,582.77
11364,20:21:21:192,3,Severe_Damage,L3_S1,-1868,1238,15420,-540,26,-185,0,554.77
11365,20:21:21:202,3,Severe_Damage,L3_S1,-1890,1258,15218,-738,10,-215,0,352.77
11366,20:21:21:212,3,Severe_Damage,L3_S1,-1814,1166,15044,-885,7,-229,0,178.77
11367,20:21:21:222,3,Severe_Damage,L3_S1,-1762,1098,14878,-945,0,-239,0,12.77
11368,20:21:21:232,3,Severe_Damage,L3_S1,-1798,1038,14594,-945,12,-242,0,-271.23
11369,20:21:21:242,3,Severe_Damage,L3_S1,-1702,1004,14522,-873,7,-234,0,-343.23
11370,20:21:21:252,3,Severe_Damage,L3_S1,-1694,940,14264,-737,17,-208,0,-601.23
11371,20:21:21:262,3,Severe_Damage,L3_S1,-1654,942,14206,-539,21,-171,0,-659.23
11372,20:21:21:272,3,Severe_Damage,L3_S1,-1662,972,14174,-319,32,-139,0,-691.23
11373,20:21:21:282,3,Severe_Damage,L3_S1,-1624,968,14294,-73,31,-102,0,-571.23
11374,20:21:21:291,3,Severe_Damage,L3_S1,-1662,998,14372,141,40,-69,0,-493.23
11375,20:21:21:301,3,Severe_Damage,L3_S1,-1722,976,14482,329,43,-37,0,-383.23
11376,20:21:21:312,3,Severe_Damage,L3_S1,-1726,1032,14708,455,54,-22,0,-157.23
11377,20:21:21:321,3,Severe_Damage,L3_S1,-1790,1080,14922,537,48,-6,0,56.77
11378,20:21:21:332,3,Severe_Damage,L3_S1,-1816,1130,15072,530,58,-13,0,206.77
11379,20:21:21:342,3,Severe_Damage,L3_S1,-1812,1188,15370,461,51,-21,0,504.77
11380,20:21:21:352,3,Severe_Damage,L3_S1,-1856,1222,15404,332,49,-37,0,538.77
11381,20:21:21:362,3,Severe_Damage,L3_S1,-1856,1266,15524,157,40,-74,0,658.77
11382,20:21:21:372,3,Severe_Damage,L3_S1,-1906,1248,15604,-54,27,-100,0,738.77
11383,20:21:21:382,3,Severe_Damage,L3_S1,-1896,1250,15536,-280,27,-141,0,670.77
11384,20:21:21:392,3,Severe_Damage,L3_S1,-1836,1242,15348,-495,18,-176,0,482.77
11385,20:21:21:402,3,Severe_Damage,L3_S1,-1804,1170,15196,-677,12,-198,0,330.77
11386,20:21:21:412,3,Severe_Damage,L3_S1,-1796,1178,15082,-801,11,-234,0,216.77
11387,20:21:21:422,3,Severe_Damage,L3_S1,-1790,1096,14872,-879,8,-239,0,6.77
11388,20:21:21:432,3,Severe_Damage,L3_S1,-1736,1116,14750,-878,9,-235,0,-115.23
11389,20:21:21:442,3,Severe_Damage,L3_S1,-1740,1030,14544,-823,14,-214,0,-321.23
11390,20:21:21:452,3,Severe_Damage,L3_S1,-1724,976,14440,-691,18,-200,0,-425.23
11391,20:21:21:462,3,Severe_Damage,L3_S1,-1690,942,14352,-532,19,-184,0,-513.23
11392,20:21:21:472,3,Severe_Damage,L3_S1,-1714,970,14168,-324,19,-149,0,-697.23
11393,20:21:21:482,3,Severe_Damage,L3_S1,-1624,988,14298,-125,26,-113,0,-567.23
11394,20:21:21:491,3,Severe_Damage,L3_S1,-1736,1012,14384,99,38,-73,0,-481.23
11395,20:21:21:502,3,Severe_Damage,L3_S1,-1680,982,14518,259,41,-57,0,-347.23
11396,20:21:21:512,3,Severe_Damage,L3_S1,-1778,1092,14680,398,40,-28,0,-185.23
11397,20:21:21:522,3,Severe_Damage,L3_S1,-1774,1078,14900,460,46,-20,0,34.77
11398,20:21:21:532,3,Severe_Damage,L3_S1,-1746,1180,15078,470,54,-24,0,212.77
11399,20:21:21:542,3,Severe_Damage,L3_S1,-1836,1144,15224,411,43,-26,0,358.77
11400,20:21:21:552,3,Severe_Damage,L3_S1,-1800,1184,15334,299,44,-51,0,468.77
11401,20:21:21:562,3,Severe_Damage,L3_S1,-1926,1204,15432,137,33,-67,0,566.77
11402,20:21:21:572,3,Severe_Damage,L3_S1,-1880,1190,15462,-49,36,-100,0,596.77
11403,20:21:21:582,3,Severe_Damage,L3_S1,-1846,1192,15498,-252,30,-128,0,632.77
11404,20:21:21:592,3,Severe_Damage,L3_S1,-1924,1214,15386,-452,18,-157,0,520.77
11405,20:21:21:602,3,Severe_Damage,L3_S1,-1802,1164,15286,-613,32,-198,0,420.77
11406,20:21:21:612,3,Severe_Damage,L3_S1,-1848,1206,15038,-744,7,-208,0,172.77
11407,20:21:21:622,3,Severe_Damage,L3_S1,-1792,1134,14808,-814,22,-223,0,-57.23
11408,20:21:21:632,3,Severe_Damage,L3_S1,-1736,1010,14722,-830,6,-218,0,-143.23
11409,20:21:21:642,3,Severe_Damage,L3_S1,-1750,1040,14598,-766,14,-207,0,-267.23
11410,20:21:21:652,3,Severe_Damage,L3_S1,-1638,1006,14424,-670,17,-199,0,-441.23
11411,20:21:21:662,3,Severe_Damage,L3_S1,-1730,994,14290,-514,12,-169,0,-575.23
11412,20:21:21:672,3,Severe_Damage,L3_S1,-1666,988,14310,-339,39,-152,0,-555.23
11413,20:21:21:682,3,Severe_Damage,L3_S1,-1720,970,14282,-146,23,-106,0,-583.23
11414,20:21:21:692,3,Severe_Damage,L3_S1,-1714,1018,14392,46,41,-83,0,-473.23
11415,20:21:21:702,3,Severe_Damage,L3_S1,-1714,988,14536,212,41,-63,0,-329.23
11416,20:21:21:712,3,Severe_Damage,L3_S1,-1784,1054,14680,320,38,-42,0,-185.23
11417,20:21:21:722,3,Severe_Damage,L3_S1,-1784,1078,14830,404,51,-36,0,-35.23
11418,20:21:21:733,3,Severe_Damage,L3_S1,-1852,1108,14962,411,39,-22,0,96.77
11419,20:21:21:742,3,Severe_Damage,L3_S1,-1806,1218,15124,369,48,-41,0,258.77
11420,20:21:21:752,3,Severe_Damage,L3_S1,-1858,1228,15306,267,42,-51,0,440.77
11421,20:21:21:762,3,Severe_Damage,L3_S1,-1856,1206,15290,128,38,-74,0,424.77
11422,20:21:21:772,3,Severe_Damage,L3_S1,-1842,1210,15480,-42,39,-104,0,614.77
11423,20:21:21:782,3,Severe_Damage,L3_S1,-1894,1294,15342,-225,21,-125,0,476.77
11424,20:21:21:792,3,Severe_Damage,L3_S1,-1904,1214,15320,-404,27,-157,0,454.77
11425,20:21:21:802,3,Severe_Damage,L3_S1,-1800,1188,15136,-568,12,-182,0,270.77
11426,20:21:21:812,3,Severe_Damage,L3_S1,-1806,1138,15076,-682,14,-203,0,210.77
11427,20:21:21:822,3,Severe_Damage,L3_S1,-1762,1130,14916,-754,18,-208,0,50.77
11428,20:21:21:832,3,Severe_Damage,L3_S1,-1766,1102,14722,-770,5,-211,0,-143.23
11429,20:21:21:842,3,Severe_Damage,L3_S1,-1716,1084,14618,-728,17,-215,0,-247.23
11430,20:21:21:852,3,Severe_Damage,L3_S1,-1720,1026,14410,-634,4,-188,0,-455.23
11431,20:21:21:862,3,Severe_Damage,L3_S1,-1664,1054,14382,-502,23,-169,0,-483.23
11432,20:21:21:872,3,Severe_Damage,L3_S1,-1716,1040,14330,-338,26,-139,0,-535.23
11433,20:21:21:882,3,Severe_Damage,L3_S1,-1754,1020,14352,-162,31,-114,0,-513.23
11434,20:21:21:892,3,Severe_Damage,L3_S1,-1712,988,14420,11,43,-94,0,-445.23
11435,20:21:21:902,3,Severe_Damage,L3_S1,-1736,1064,14478,163,38,-72,0,-387.23
11436,20:21:21:912,3,Severe_Damage,L3_S1,-1752,1048,14640,273,42,-53,0,-225.23
11437,20:21:21:922,3,Severe_Damage,L3_S1,-1780,1068,14888,350,48,-40,0,22.77
11438,20:21:21:932,3,Severe_Damage,L3_S1,-1826,1156,15158,321,48,-41,0,292.77
11439,20:21:21:942,3,Severe_Damage,L3_S1,-1846,1234,15232,241,44,-51,0,366.77
11440,20:21:21:952,3,Severe_Damage,L3_S1,-1816,1210,15368,114,47,-83,0,502.77
11441,20:21:21:962,3,Severe_Damage,L3_S1,-1882,1198,15370,-40,29,-99,0,504.77
11442,20:21:21:972,3,Severe_Damage,L3_S1,-1826,1236,15388,-210,25,-130,0,522.77
11443,20:21:21:982,3,Severe_Damage,L3_S1,-1834,1216,15260,-369,32,-151,0,394.77
11444,20:21:21:992,3,Severe_Damage,L3_S1,-1802,1148,15186,-523,19,-169,0,320.77
11445,20:21:22:002,3,Severe_Damage,L3_S1,-1772,1154,15010,-626,31,-190,0,144.77
11446,20:21:22:012,3,Severe_Damage,L3_S1,-1794,1090,14884,-702,7,-198,0,18.77
11447,20:21:22:022,3,Severe_Damage,L3_S1,-1720,1124,14754,-717,25,-206,0,-111.23
11448,20:21:22:032,3,Severe_Damage,L3_S1,-1738,1034,14530,-682,15,-199,0,-335.23
11449,20:21:22:042,3,Severe_Damage,L3_S1,-1752,1020,14584,-605,17,-190,0,-281.23
11450,20:21:22:052,3,Severe_Damage,L3_S1,-1690,1010,14484,-485,29,-172,0,-381.23
11451,20:21:22:062,3,Severe_Damage,L3_S1,-1710,998,14376,-343,17,-142,0,-489.23
11452,20:21:22:072,3,Severe_Damage,L3_S1,-1712,1026,14414,-179,41,-125,0,-451.23
11453,20:21:22:082,3,Severe_Damage,L3_S1,-1706,1016,14436,-26,28,-91,0,-429.23
11454,20:21:22:092,3,Severe_Damage,L3_S1,-1766,1088,14542,121,41,-77,0,-323.23
11455,20:21:22:102,3,Severe_Damage,L3_S1,-1730,1072,14708,225,44,-63,0,-157.23
11456,20:21:22:112,3,Severe_Damage,L3_S1,-1782,1066,14822,297,42,-43,0,-43.23
11457,20:21:22:122,3,Severe_Damage,L3_S1,-1760,1112,14936,312,46,-44,0,70.77
11458,20:21:22:132,3,Severe_Damage,L3_S1,-1874,1128,15080,292,34,-40,0,214.77
11459,20:21:22:142,3,Severe_Damage,L3_S1,-1834,1182,15206,207,46,-58,0,340.77
11460,20:21:22:152,3,Severe_Damage,L3_S1,-1828,1190,15226,107,40,-71,0,360.77
11461,20:21:22:162,3,Severe_Damage,L3_S1,-1874,1220,15312,-42,25,-97,0,446.77
11462,20:21:22:172,3,Severe_Damage,L3_S1,-1806,1200,15258,-188,37,-126,0,392.77
11463,20:21:22:182,3,Severe_Damage,L3_S1,-1850,1200,15234,-347,25,-143,0,368.77
11464,20:21:22:192,3,Severe_Damage,L3_S1,-1798,1186,15184,-474,28,-170,0,318.77
11465,20:21:22:202,3,Severe_Damage,L3_S1,-1788,1160,15032,-579,12,-188,0,166.77
11466,20:21:22:212,3,Severe_Damage,L3_S1,-1772,1120,14904,-647,22,-196,0,38.77
11467,20:21:22:222,3,Severe_Damage,L3_S1,-1766,1086,14796,-674,13,-198,0,-69.23
11468,20:21:22:232,3,Severe_Damage,L3_S1,-1742,1070,14590,-644,14,-189,0,-275.23
11469,20:21:22:242,3,Severe_Damage,L3_S1,-1744,1046,14544,-583,30,-181,0,-321.23
11470,20:21:22:252,3,Severe_Damage,L3_S1,-1706,1030,14438,-475,17,-160,0,-427.23
11471,20:21:22:262,3,Severe_Damage,L3_S1,-1684,1062,14394,-334,37,-144,0,-471.23
11472,20:21:22:272,3,Severe_Damage,L3_S1,-1700,1040,14460,-203,26,-122,0,-405.23
11473,20:21:22:282,3,Severe_Damage,L3_S1,-1736,1022,14468,-47,32,-98,0,-397.23
11474,20:21:22:292,3,Severe_Damage,L3_S1,-1702,1048,14574,81,43,-84,0,-291.23
11475,20:21:22:302,3,Severe_Damage,L3_S1,-1786,1054,14610,179,34,-57,0,-255.23
11476,20:21:22:312,3,Severe_Damage,L3_S1,-1750,1074,14830,250,53,-54,0,-35.23
11477,20:21:22:322,3,Severe_Damage,L3_S1,-1832,1130,14950,266,34,-45,0,84.77
11478,20:21:22:332,3,Severe_Damage,L3_S1,-1752,1112,15036,245,50,-57,0,170.77
11479,20:21:22:342,3,Severe_Damage,L3_S1,-1838,1138,15170,181,49,-58,0,304.77
11480,20:21:22:352,3,Severe_Damage,L3_S1,-1842,1168,15280,83,35,-76,0,414.77
11481,20:21:22:362,3,Severe_Damage,L3_S1,-1872,1224,15256,-38,39,-100,0,390.77
11482,20:21:22:372,3,Severe_Damage,L3_S1,-1896,1198,15214,-178,33,-118,0,348.77
11483,20:21:22:382,3,Severe_Damage,L3_S1,-1850,1214,15256,-320,36,-149,0,390.77
11484,20:21:22:392,3,Severe_Damage,L3_S1,-1838,1166,15132,-449,19,-164,0,266.77
11485,20:21:22:402,3,Severe_Damage,L3_S1,-1780,1196,15062,-545,16,-169,0,196.77
11486,20:21:22:412,3,Severe_Damage,L3_S1,-1766,1130,14848,-601,27,-192,0,-17.23
11487,20:21:22:422,3,Severe_Damage,L3_S1,-1826,1128,14760,-637,7,-190,0,-105.23
11488,20:21:22:432,3,Severe_Damage,L3_S1,-1742,1118,14682,-611,22,-191,0,-183.23
11489,20:21:22:442,3,Severe_Damage,L3_S1,-1766,1068,14624,-552,13,-171,0,-241.23
11490,20:21:22:452,3,Severe_Damage,L3_S1,-1716,1034,14536,-464,24,-164,0,-329.23
11491,20:21:22:462,3,Severe_Damage,L3_S1,-1712,1046,14506,-337,34,-145,0,-359.23
11492,20:21:22:472,3,Severe_Damage,L3_S1,-1692,1006,14534,-209,24,-119,0,-331.23
11493,20:21:22:482,3,Severe_Damage,L3_S1,-1742,1006,14478,-77,41,-99,0,-387.23
11494,20:21:22:492,3,Severe_Damage,L3_S1,-1720,998,14586,45,33,-87,0,-279.23
11495,20:21:22:502,3,Severe_Damage,L3_S1,-1788,1090,14714,151,52,-77,0,-151.23
11496,20:21:22:512,3,Severe_Damage,L3_S1,-1752,1046,14768,203,43,-58,0,-97.23
11497,20:21:22:522,3,Severe_Damage,L3_S1,-1834,1150,14894,229,37,-52,0,28.77
11498,20:21:22:532,3,Severe_Damage,L3_S1,-1792,1136,15070,218,42,-55,0,204.77
11499,20:21:22:542,3,Severe_Damage,L3_S1,-1802,1160,15118,157,38,-62,0,252.77
11500,20:21:22:552,3,Severe_Damage,L3_S1,-1826,1156,15170,74,42,-78,0,304.77
11501,20:21:22:562,3,Severe_Damage,L3_S1,-1830,1156,15258,-46,34,-98,0,392.77
11502,20:21:22:572,3,Severe_Damage,L3_S1,-1884,1176,15260,-166,33,-111,0,394.77
11503,20:21:22:582,3,Severe_Damage,L3_S1,-1856,1116,15140,-301,28,-144,0,274.77
11504,20:21:22:592,3,Severe_Damage,L3_S1,-1838,1192,15142,-405,23,-156,0,276.77
11505,20:21:22:603,3,Severe_Damage,L3_S1,-1792,1176,15054,-511,23,-177,0,188.77
11506,20:21:22:612,3,Severe_Damage,L3_S1,-1830,1116,14956,-555,18,-179,0,90.77
11507,20:21:22:622,3,Severe_Damage,L3_S1,-1818,1100,14778,-596,19,-182,0,-87.23
11508,20:21:22:632,3,Severe_Damage,L3_S1,-1768,1080,14682,-570,17,-178,0,-183.23
11509,20:21:22:642,3,Severe_Damage,L3_S1,-1768,1054,14620,-538,15,-174,0,-245.23
11510,20:21:22:652,3,Severe_Damage,L3_S1,-1712,1012,14468,-446,28,-157,0,-397.23
11511,20:21:22:662,3,Severe_Damage,L3_S1,-1748,1032,14552,-346,22,-148,0,-313.23
11512,20:21:22:672,3,Severe_Damage,L3_S1,-1726,1046,14508,-221,37,-129,0,-357.23
11513,20:21:22:682,3,Severe_Damage,L3_S1,-1734,1026,14502,-104,35,-107,0,-363.23
11514,20:21:22:692,3,Severe_Damage,L3_S1,-1748,1070,14578,21,39,-89,0,-287.23
11515,20:21:22:702,3,Severe_Damage,L3_S1,-1744,1102,14708,105,39,-76,0,-157.23
11516,20:21:22:712,3,Severe_Damage,L3_S1,-1734,1048,14772,171,37,-62,0,-93.23
11517,20:21:22:722,3,Severe_Damage,L3_S1,-1766,1122,14874,195,44,-62,0,8.77
11518,20:21:22:732,3,Severe_Damage,L3_S1,-1872,1112,14966,180,38,-63,0,100.77
11519,20:21:22:742,3,Severe_Damage,L3_S1,-1820,1102,15122,140,46,-68,0,256.77
11520,20:21:22:752,3,Severe_Damage,L3_S1,-1806,1170,15218,59,31,-86,0,352.77
11521,20:21:22:762,3,Severe_Damage,L3_S1,-1842,1222,15214,-42,32,-97,0,348.77
11522,20:21:22:772,3,Severe_Damage,L3_S1,-1858,1184,15200,-161,29,-117,0,334.77
11523,20:21:22:783,3,Severe_Damage,L3_S1,-1862,1146,15148,-274,30,-137,0,282.77
11524,20:21:22:792,3,Severe_Damage,L3_S1,-1780,1166,15116,-387,27,-157,0,250.77
11525,20:21:22:802,3,Severe_Damage,L3_S1,-1812,1152,15084,-467,18,-167,0,218.77
11526,20:21:22:812,3,Severe_Damage,L3_S1,-1798,1174,14934,-529,31,-178,0,68.77
11527,20:21:22:822,3,Severe_Damage,L3_S1,-1764,1088,14786,-553,18,-178,0,-79.23
11528,20:21:22:832,3,Severe_Damage,L3_S1,-1738,1054,14752,-551,15,-174,0,-113.23
11529,20:21:22:842,3,Severe_Damage,L3_S1,-1730,1050,14590,-495,25,-176,0,-275.23
11530,20:21:22:852,3,Severe_Damage,L3_S1,-1752,1078,14582,-434,19,-163,0,-283.23
11531,20:21:22:862,3,Severe_Damage,L3_S1,-1756,1018,14490,-336,29,-144,0,-375.23
11532,20:21:22:872,3,Severe_Damage,L3_S1,-1682,1034,14572,-225,33,-132,0,-293.23
11533,20:21:22:882,3,Severe_Damage,L3_S1,-1720,1060,14570,-110,24,-115,0,-295.23
11534,20:21:22:892,3,Severe_Damage,L3_S1,-1716,1078,14636,-6,41,-91,0,-229.23
11535,20:21:22:902,3,Severe_Damage,L3_S1,-1738,1068,14712,76,32,-76,0,-153.23
11536,20:21:22:912,3,Severe_Damage,L3_S1,-1762,1106,14796,132,45,-73,0,-69.23
11537,20:21:22:922,3,Severe_Damage,L3_S1,-1778,1136,14954,160,31,-66,0,88.77
11538,20:21:22:932,3,Severe_Damage,L3_S1,-1796,1150,14988,154,39,-71,0,122.77
11539,20:21:22:942,3,Severe_Damage,L3_S1,-1852,1116,15096,114,40,-75,0,230.77
11540,20:21:22:952,3,Severe_Damage,L3_S1,-1830,1150,15076,48,41,-86,0,210.77
11541,20:21:22:962,3,Severe_Damage,L3_S1,-1848,1158,15178,-47,36,-95,0,312.77
11542,20:21:22:972,3,Severe_Damage,L3_S1,-1766,1154,15146,-155,26,-114,0,280.77
11543,20:21:22:982,3,Severe_Damage,L3_S1,-1824,1170,15156,-259,33,-135,0,290.77
11544,20:21:22:992,3,Severe_Damage,L3_S1,-1826,1172,15096,-355,21,-155,0,230.77
11545,20:21:23:002,3,Severe_Damage,L3_S1,-1804,1138,15032,-433,22,-160,0,166.77
11546,20:21:23:013,3,Severe_Damage,L3_S1,-1812,1158,14910,-494,22,-171,0,44.77
11547,20:21:23:022,3,Severe_Damage,L3_S1,-1752,1066,14868,-529,21,-175,0,2.77
11548,20:21:23:033,3,Severe_Damage,L3_S1,-1740,1078,14762,-516,22,-170,0,-103.23
11549,20:21:23:042,3,Severe_Damage,L3_S1,-1754,1078,14684,-487,19,-168,0,-181.23
11550,20:21:23:052,3,Severe_Damage,L3_S1,-1750,1044,14554,-417,31,-160,0,-311.23
11551,20:21:23:062,3,Severe_Damage,L3_S1,-1788,1016,14610,-333,22,-140,0,-255.23
11552,20:21:23:072,3,Severe_Damage,L3_S1,-1688,1014,14598,-228,41,-129,0,-267.23
11553,20:21:23:082,3,Severe_Damage,L3_S1,-1734,1040,14592,-131,31,-116,0,-273.23
11554,20:21:23:092,3,Severe_Damage,L3_S1,-1796,1054,14566,-19,43,-94,0,-299.23
11555,20:21:23:102,3,Severe_Damage,L3_S1,-1730,1022,14754,44,33,-91,0,-111.23
11556,20:21:23:112,3,Severe_Damage,L3_S1,-1812,1106,14762,108,42,-77,0,-103.23
11557,20:21:23:122,3,Severe_Damage,L3_S1,-1776,1086,14944,123,44,-74,0,78.77
11558,20:21:23:132,3,Severe_Damage,L3_S1,-1798,1126,15004,128,44,-75,0,138.77
11559,20:21:23:142,3,Severe_Damage,L3_S1,-1802,1128,15040,82,38,-82,0,174.77
11560,20:21:23:152,3,Severe_Damage,L3_S1,-1824,1138,15114,30,39,-92,0,248.77
11561,20:21:23:162,3,Severe_Damage,L3_S1,-1834,1218,15170,-54,33,-103,0,304.77
11562,20:21:23:173,3,Severe_Damage,L3_S1,-1842,1170,15138,-141,39,-111,0,272.77
11563,20:21:23:182,3,Severe_Damage,L3_S1,-1794,1212,15116,-245,36,-129,0,250.77
11564,20:21:23:193,3,Severe_Damage,L3_S1,-1818,1172,15114,-337,29,-147,0,248.77
11565,20:21:23:202,3,Severe_Damage,L3_S1,-1764,1120,15052,-411,28,-158,0,186.77
11566,20:21:23:213,3,Severe_Damage,L3_S1,-1762,1142,14936,-469,16,-163,0,70.77
11567,20:21:23:222,3,Severe_Damage,L3_S1,-1810,1080,14820,-494,33,-169,0,-45.23
11568,20:21:23:233,3,Severe_Damage,L3_S1,-1764,1062,14820,-498,17,-172,0,-45.23
11569,20:21:23:242,3,Severe_Damage,L3_S1,-1754,1072,14646,-454,21,-163,0,-219.23
11570,20:21:23:252,3,Severe_Damage,L3_S1,-1750,1062,14688,-404,21,-159,0,-177.23
11571,20:21:23:262,3,Severe_Damage,L3_S1,-1766,1046,14632,-323,24,-142,0,-233.23
11572,20:21:23:273,3,Severe_Damage,L3_S1,-1748,1046,14600,-238,30,-128,0,-265.23
11573,20:21:23:282,3,Severe_Damage,L3_S1,-1740,1054,14632,-139,22,-122,0,-233.23
11574,20:21:23:292,3,Severe_Damage,L3_S1,-1742,1060,14668,-59,32,-98,0,-197.23
11575,20:21:23:302,3,Severe_Damage,L3_S1,-1718,1070,14726,26,38,-87,0,-139.23
11576,20:21:23:312,3,Severe_Damage,L3_S1,-1780,1078,14810,73,33,-90,0,-55.23
11577,20:21:23:322,3,Severe_Damage,L3_S1,-1778,1140,14902,105,37,-71,0,36.77
11578,20:21:23:332,3,Severe_Damage,L3_S1,-1796,1140,14990,99,30,-75,0,124.77
11579,20:21:23:342,3,Severe_Damage,L3_S1,-1770,1138,15020,71,40,-86,0,154.77
11580,20:21:23:352,3,Severe_Damage,L3_S1,-1796,1134,15062,15,36,-93,0,196.77
11581,20:21:23:362,3,Severe_Damage,L3_S1,-1822,1162,15184,-57,41,-102,0,318.77
11582,20:21:23:373,3,Severe_Damage,L3_S1,-1840,1152,15170,-147,33,-115,0,304.77
11583,20:21:23:383,3,Severe_Damage,L3_S1,-1826,1170,15080,-233,31,-125,0,214.77
11584,20:21:23:393,3,Severe_Damage,L3_S1,-1820,1192,15076,-315,26,-136,0,210.77
11585,20:21:23:403,3,Severe_Damage,L3_S1,-1828,1092,14978,-393,26,-154,0,112.77
11586,20:21:23:413,3,Severe_Damage,L3_S1,-1808,1126,14956,-438,27,-159,0,90.77
11587,20:21:23:423,3,Severe_Damage,L3_S1,-1756,1094,14846,-465,16,-165,0,-19.23
11588,20:21:23:433,3,Severe_Damage,L3_S1,-1792,1114,14742,-466,22,-162,0,-123.23
11589,20:21:23:443,3,Severe_Damage,L3_S1,-1780,1060,14766,-443,23,-152,0,-99.23
11590,20:21:23:453,3,Severe_Damage,L3_S1,-1740,1126,14630,-393,25,-153,0,-235.23
11591,20:21:23:463,3,Severe_Damage,L3_S1,-1724,1038,14642,-323,31,-141,0,-223.23
11592,20:21:23:473,3,Severe_Damage,L3_S1,-1718,1044,14626,-242,22,-127,0,-239.23
11593,20:21:23:483,3,Severe_Damage,L3_S1,-1744,1082,14628,-149,37,-120,0,-237.23
11594,20:21:23:493,3,Severe_Damage,L3_S1,-1734,1040,14670,-75,35,-95,0,-195.23
11595,20:21:23:502,3,Severe_Damage,L3_S1,-1792,1052,14686,-11,40,-84,0,-179.23
11596,20:21:23:512,3,Severe_Damage,L3_S1,-1766,1112,14864,45,34,-82,0,-1.23
11597,20:21:23:522,3,Severe_Damage,L3_S1,-1760,1122,14838,77,37,-83,0,-27.23
11598,20:21:23:532,3,Severe_Damage,L3_S1,-1788,1068,14988,72,40,-81,0,122.77
11599,20:21:23:542,3,Severe_Damage,L3_S1,-1796,1100,15082,53,46,-95,0,216.77
11600,20:21:23:552,3,Severe_Damage,L3_S1,-1818,1126,15074,4,37,-98,0,208.77
11601,20:21:23:563,3,Severe_Damage,L3_S1,-1830,1132,15120,-57,41,-106,0,254.77
11602,20:21:23:573,3,Severe_Damage,L3_S1,-1854,1174,15062,-139,29,-115,0,196.77
11603,20:21:23:583,3,Severe_Damage,L3_S1,-1796,1118,15050,-220,34,-124,0,184.77
11604,20:21:23:593,3,Severe_Damage,L3_S1,-1822,1138,15056,-300,25,-139,0,190.77
11605,20:21:23:603,3,Severe_Damage,L3_S1,-1788,1142,15138,-363,25,-148,0,272.77
11606,20:21:23:613,3,Severe_Damage,L3_S1,-1794,1104,14968,-424,18,-153,0,102.77
11607,20:21:23:623,3,Severe_Damage,L3_S1,-1800,1122,14918,-444,27,-160,0,52.77
11608,20:21:23:633,3,Severe_Damage,L3_S1,-1786,1076,14832,-450,15,-157,0,-33.23
11609,20:21:23:643,3,Severe_Damage,L3_S1,-1770,1072,14658,-419,23,-160,0,-207.23
11610,20:21:23:653,3,Severe_Damage,L3_S1,-1696,1080,14732,-383,17,-156,0,-133.23
11611,20:21:23:663,3,Severe_Damage,L3_S1,-1786,1052,14614,-311,34,-144,0,-251.23
11612,20:21:23:673,3,Severe_Damage,L3_S1,-1750,1014,14640,-244,31,-137,0,-225.23
11613,20:21:23:683,3,Severe_Damage,L3_S1,-1748,1034,14680,-159,28,-116,0,-185.23
11614,20:21:23:693,3,Severe_Damage,L3_S1,-1784,1026,14758,-88,33,-113,0,-107.23
11615,20:21:23:703,3,Severe_Damage,L3_S1,-1752,1072,14710,-21,26,-94,0,-155.23
11616,20:21:23:713,3,Severe_Damage,L3_S1,-1778,1118,14798,24,33,-87,0,-67.23
11617,20:21:23:722,3,Severe_Damage,L3_S1,-1782,1118,14886,48,31,-83,0,20.77
11618,20:21:23:733,3,Severe_Damage,L3_S1,-1802,1112,14906,51,32,-76,0,40.77
11619,20:21:23:743,3,Severe_Damage,L3_S1,-1790,1092,15040,40,39,-86,0,174.77
11620,20:21:23:753,3,Severe_Damage,L3_S1,-1876,1154,15020,-4,35,-95,0,154.77
11621,20:21:23:763,3,Severe_Damage,L3_S1,-1840,1142,15070,-61,31,-101,0,204.77
11622,20:21:23:773,3,Severe_Damage,L3_S1,-1804,1182,15090,-135,35,-119,0,224.77
11623,20:21:23:783,3,Severe_Damage,L3_S1,-1774,1144,15080,-215,19,-124,0,214.77
11624,20:21:23:793,3,Severe_Damage,L3_S1,-1764,1162,15030,-282,38,-141,0,164.77
11625,20:21:23:803,3,Severe_Damage,L3_S1,-1778,1110,15038,-344,30,-143,0,172.77
11626,20:21:23:813,3,Severe_Damage,L3_S1,-1782,1128,14912,-385,25,-154,0,46.77
11627,20:21:23:823,3,Severe_Damage,L3_S1,-1736,1126,14900,-417,19,-154,0,34.77
11628,20:21:23:833,3,Severe_Damage,L3_S1,-1778,1054,14806,-419,10,-154,0,-59.23
11629,20:21:23:843,3,Severe_Damage,L3_S1,-1756,1088,14688,-406,22,-151,0,-177.23
11630,20:21:23:853,3,Severe_Damage,L3_S1,-1726,1078,14676,-360,26,-151,0,-189.23
11631,20:21:23:863,3,Severe_Damage,L3_S1,-1740,1036,14700,-311,24,-143,0,-165.23
11632,20:21:23:873,3,Severe_Damage,L3_S1,-1734,1042,14652,-244,22,-131,0,-213.23
11633,20:21:23:883,3,Severe_Damage,L3_S1,-1778,1076,14652,-176,32,-119,0,-213.23
11634,20:21:23:893,3,Severe_Damage,L3_S1,-1736,1058,14674,-106,34,-114,0,-191.23
11635,20:21:23:903,3,Severe_Damage,L3_S1,-1784,1074,14786,-46,31,-105,0,-79.23
11636,20:21:23:913,3,Severe_Damage,L3_S1,-1768,1088,14846,4,37,-92,0,-19.23
11637,20:21:23:923,3,Severe_Damage,L3_S1,-1790,1090,14912,28,42,-90,0,46.77
11638,20:21:23:933,3,Severe_Damage,L3_S1,-1792,1070,14878,38,34,-86,0,12.77
11639,20:21:23:943,3,Severe_Damage,L3_S1,-1822,1152,15006,22,37,-93,0,140.77
11640,20:21:23:953,3,Severe_Damage,L3_S1,-1772,1114,15022,-21,32,-99,0,156.77
11641,20:21:23:963,3,Severe_Damage,L3_S1,-1804,1164,15038,-74,35,-110,0,172.77
11642,20:21:23:973,3,Severe_Damage,L3_S1,-1810,1118,15116,-139,25,-111,0,250.77
11643,20:21:23:983,3,Severe_Damage,L3_S1,-1804,1152,15046,-206,25,-122,0,180.77
11644,20:21:23:993,3,Severe_Damage,L3_S1,-1806,1140,15092,-271,24,-135,0,226.77
11645,20:21:24:003,3,Severe_Damage,L3_S1,-1794,1126,15004,-332,27,-146,0,138.77
11646,20:21:24:013,3,Severe_Damage,L3_S1,-1774,1136,14894,-375,31,-149,0,28.77
11647,20:21:24:023,3,Severe_Damage,L3_S1,-1796,1142,14916,-394,26,-154,0,50.77
11648,20:21:24:033,3,Severe_Damage,L3_S1,-1778,1116,14838,-399,19,-161,0,-27.23
11649,20:21:24:043,3,Severe_Damage,L3_S1,-1766,1124,14850,-390,25,-152,0,-15.23
11650,20:21:24:053,3,Severe_Damage,L3_S1,-1738,1052,14714,-349,22,-143,0,-151.23
11651,20:21:24:063,3,Severe_Damage,L3_S1,-1724,1056,14710,-304,24,-142,0,-155.23
11652,20:21:24:073,3,Severe_Damage,L3_S1,-1758,1058,14684,-241,25,-127,0,-181.23
11653,20:21:24:083,3,Severe_Damage,L3_S1,-1724,1040,14706,-179,32,-117,0,-159.23
11654,20:21:24:093,3,Severe_Damage,L3_S1,-1774,1102,14684,-117,33,-107,0,-181.23
11655,20:21:24:103,3,Severe_Damage,L3_S1,-1736,1084,14766,-56,37,-102,0,-99.23
11656,20:21:24:113,3,Severe_Damage,L3_S1,-1770,1082,14796,-12,35,-93,0,-69.23
11657,20:21:24:123,3,Severe_Damage,L3_S1,-1814,1090,14906,6,36,-100,0,40.77
11658,20:21:24:133,3,Severe_Damage,L3_S1,-1788,1090,14908,11,33,-90,0,42.77
11659,20:21:24:143,3,Severe_Damage,L3_S1,-1800,1158,15010,1,37,-94,0,144.77
11660,20:21:24:153,3,Severe_Damage,L3_S1,-1782,1092,14988,-38,29,-101,0,122.77
11661,20:21:24:163,3,Severe_Damage,L3_S1,-1798,1136,15014,-75,41,-107,0,148.77
11662,20:21:24:173,3,Severe_Damage,L3_S1,-1798,1158,15028,-142,27,-108,0,162.77
11663,20:21:24:183,3,Severe_Damage,L3_S1,-1772,1168,15042,-199,30,-126,0,176.77
11664,20:21:24:193,3,Severe_Damage,L3_S1,-1764,1108,14994,-263,33,-129,0,128.77
11665,20:21:24:203,3,Severe_Damage,L3_S1,-1824,1116,14962,-312,33,-136,0,96.77
11666,20:21:24:213,3,Severe_Damage,L3_S1,-1784,1136,14918,-360,27,-151,0,52.77
11667,20:21:24:223,3,Severe_Damage,L3_S1,-1824,1120,14900,-381,23,-153,0,34.77
11668,20:21:24:233,3,Severe_Damage,L3_S1,-1746,1110,14838,-383,29,-160,0,-27.23
11669,20:21:24:243,3,Severe_Damage,L3_S1,-1782,1108,14790,-377,19,-157,0,-75.23
11670,20:21:24:253,3,Severe_Damage,L3_S1,-1778,1090,14752,-346,30,-147,0,-113.23
11671,20:21:24:263,3,Severe_Damage,L3_S1,-1774,1046,14652,-297,21,-140,0,-213.23
11672,20:21:24:273,3,Severe_Damage,L3_S1,-1766,1076,14640,-245,24,-133,0,-225.23
11673,20:21:24:283,3,Severe_Damage,L3_S1,-1770,1084,14716,-187,27,-121,0,-149.23
11674,20:21:24:293,3,Severe_Damage,L3_S1,-1750,1110,14676,-128,38,-112,0,-189.23
11675,20:21:24:303,3,Severe_Damage,L3_S1,-1770,1086,14770,-81,33,-108,0,-95.23
11676,20:21:24:313,3,Severe_Damage,L3_S1,-1756,1120,14738,-33,40,-102,0,-127.23
11677,20:21:24:323,3,Severe_Damage,L3_S1,-1822,1088,14846,-17,31,-90,0,-19.23
11678,20:21:24:333,3,Severe_Damage,L3_S1,-1782,1098,14918,3,38,-93,0,52.77
11679,20:21:24:343,3,Severe_Damage,L3_S1,-1764,1144,14994,-20,34,-101,0,128.77
11680,20:21:24:353,3,Severe_Damage,L3_S1,-1822,1184,15072,-40,35,-100,0,206.77
11681,20:21:24:363,3,Severe_Damage,L3_S1,-1806,1148,15028,-82,31,-106,0,162.77
11682,20:21:24:373,3,Severe_Damage,L3_S1,-1850,1156,15042,-130,34,-119,0,176.77
11683,20:21:24:383,3,Severe_Damage,L3_S1,-1864,1150,14996,-190,28,-130,0,130.77
11684,20:21:24:393,3,Severe_Damage,L3_S1,-1774,1144,14964,-241,26,-124,0,98.77
11685,20:21:24:403,3,Severe_Damage,L3_S1,-1822,1140,14998,-297,30,-135,0,132.77
11686,20:21:24:413,3,Severe_Damage,L3_S1,-1790,1098,14936,-342,19,-150,0,70.77
11687,20:21:24:423,3,Severe_Damage,L3_S1,-1796,1118,14872,-366,29,-150,0,6.77
11688,20:21:24:433,3,Severe_Damage,L3_S1,-1764,1066,14850,-370,29,-152,0,-15.23
11689,20:21:24:443,3,Severe_Damage,L3_S1,-1756,1090,14786,-358,25,-150,0,-79.23
11690,20:21:24:453,3,Severe_Damage,L3_S1,-1822,1064,14752,-337,24,-144,0,-113.23
11691,20:21:24:463,3,Severe_Damage,L3_S1,-1746,1066,14754,-296,25,-135,0,-111.23
11692,20:21:24:473,3,Severe_Damage,L3_S1,-1738,1028,14756,-245,35,-131,0,-109.23
11693,20:21:24:483,3,Severe_Damage,L3_S1,-1772,1060,14712,-192,32,-119,0,-153.23
11694,20:21:24:493,3,Severe_Damage,L3_S1,-1728,1062,14742,-137,31,-115,0,-123.23
11695,20:21:24:503,3,Severe_Damage,L3_S1,-1788,1096,14720,-85,23,-103,0,-145.23
11696,20:21:24:513,3,Severe_Damage,L3_S1,-1782,1112,14812,-53,33,-94,0,-53.23
11697,20:21:24:523,3,Severe_Damage,L3_S1,-1808,1140,14840,-26,34,-100,0,-25.23
11698,20:21:24:533,3,Severe_Damage,L3_S1,-1802,1072,14856,-17,26,-98,0,-9.23
11699,20:21:24:543,3,Severe_Damage,L3_S1,-1770,1126,14920,-26,41,-97,0,54.77
11700,20:21:24:553,3,Severe_Damage,L3_S1,-1808,1100,15034,-56,31,-101,0,168.77
11701,20:21:24:563,3,Severe_Damage,L3_S1,-1780,1108,15008,-91,29,-104,0,142.77
11702,20:21:24:573,3,Severe_Damage,L3_S1,-1804,1166,15042,-138,32,-116,0,176.77
11703,20:21:24:583,3,Severe_Damage,L3_S1,-1804,1120,15064,-192,18,-119,0,198.77
11704,20:21:24:593,3,Severe_Damage,L3_S1,-1774,1124,14998,-238,33,-135,0,132.77
11705,20:21:24:603,3,Severe_Damage,L3_S1,-1802,1166,14960,-287,22,-134,0,94.77
11706,20:21:24:613,3,Severe_Damage,L3_S1,-1766,1158,14976,-324,27,-143,0,110.77
11707,20:21:24:623,3,Severe_Damage,L3_S1,-1758,1122,14876,-345,29,-151,0,10.77
11708,20:21:24:633,3,Severe_Damage,L3_S1,-1802,1086,14862,-358,25,-139,0,-3.23
11709,20:21:24:645,3,Severe_Damage,L3_S1,-1764,1086,14824,-343,38,-143,0,-41.23
11710,20:21:24:653,3,Severe_Damage,L3_S1,-1772,1048,14772,-328,14,-141,0,-93.23
11711,20:21:24:663,3,Severe_Damage,L3_S1,-1722,1100,14748,-281,40,-141,0,-117.23
11712,20:21:24:673,3,Severe_Damage,L3_S1,-1746,1092,14788,-244,27,-135,0,-77.23
11713,20:21:24:683,3,Severe_Damage,L3_S1,-1746,1102,14680,-199,28,-113,0,-185.23
11714,20:21:24:693,3,Severe_Damage,L3_S1,-1732,1078,14738,-147,35,-121,0,-127.23
11715,20:21:24:703,3,Severe_Damage,L3_S1,-1730,1094,14794,-102,28,-106,0,-71.23
11716,20:21:24:713,3,Severe_Damage,L3_S1,-1756,1080,14796,-60,41,-103,0,-69.23
11717,20:21:24:723,3,Severe_Damage,L3_S1,-1736,1104,14856,-42,30,-96,0,-9.23
11718,20:21:24:733,3,Severe_Damage,L3_S1,-1782,1152,14852,-34,30,-92,0,-13.23
11719,20:21:24:743,3,Severe_Damage,L3_S1,-1802,1130,14890,-45,31,-97,0,24.77
11720,20:21:24:753,3,Severe_Damage,L3_S1,-1738,1072,14952,-60,37,-94,0,86.77
11721,20:21:24:763,3,Severe_Damage,L3_S1,-1756,1146,14966,-97,28,-106,0,100.77
11722,20:21:24:773,3,Severe_Damage,L3_S1,-1798,1066,14978,-135,34,-119,0,112.77
11723,20:21:24:783,3,Severe_Damage,L3_S1,-1822,1140,14998,-188,30,-124,0,132.77
11724,20:21:24:793,3,Severe_Damage,L3_S1,-1820,1120,15050,-224,34,-132,0,184.77
11725,20:21:24:803,3,Severe_Damage,L3_S1,-1806,1108,14994,-273,22,-137,0,128.77
11726,20:21:24:813,3,Severe_Damage,L3_S1,-1772,1112,14860,-310,29,-142,0,-5.23
11727,20:21:24:823,3,Severe_Damage,L3_S1,-1780,1132,14892,-339,22,-142,0,26.77
11728,20:21:24:833,3,Severe_Damage,L3_S1,-1814,1130,14896,-341,33,-149,0,30.77
11729,20:21:24:843,3,Severe_Damage,L3_S1,-1790,1060,14818,-339,22,-142,0,-47.23
11730,20:21:24:853,3,Severe_Damage,L3_S1,-1762,1092,14708,-312,24,-144,0,-157.23
11731,20:21:24:863,3,Severe_Damage,L3_S1,-1776,1110,14740,-285,32,-137,0,-125.23
11732,20:21:24:873,3,Severe_Damage,L3_S1,-1786,1038,14778,-241,33,-132,0,-87.23
11733,20:21:24:883,3,Severe_Damage,L3_S1,-1742,1052,14726,-198,35,-125,0,-139.23
11734,20:21:24:893,3,Severe_Damage,L3_S1,-1760,1072,14782,-153,31,-125,0,-83.23
11735,20:21:24:903,3,Severe_Damage,L3_S1,-1734,1068,14782,-109,38,-107,0,-83.23
11736,20:21:24:913,3,Severe_Damage,L3_S1,-1796,1114,14818,-76,35,-94,0,-47.23
11737,20:21:24:923,3,Severe_Damage,L3_S1,-1812,1068,14860,-54,40,-104,0,-5.23
11738,20:21:24:933,3,Severe_Damage,L3_S1,-1772,1140,14850,-50,33,-102,0,-15.23
11739,20:21:24:943,3,Severe_Damage,L3_S1,-1804,1084,14914,-51,32,-96,0,48.77
11740,20:21:24:954,3,Severe_Damage,L3_S1,-1820,1106,15042,-78,34,-106,0,176.77
11741,20:21:24:963,3,Severe_Damage,L3_S1,-1836,1072,14952,-103,29,-112,0,86.77
11742,20:21:24:973,3,Severe_Damage,L3_S1,-1730,1176,14966,-136,36,-124,0,100.77
11743,20:21:24:983,3,Severe_Damage,L3_S1,-1792,1134,14964,-181,23,-124,0,98.77
11744,20:21:24:993,3,Severe_Damage,L3_S1,-1788,1108,14976,-229,30,-123,0,110.77
11745,20:21:25:003,3,Severe_Damage,L3_S1,-1800,1118,14990,-262,39,-129,0,124.77
11746,20:21:25:013,3,Severe_Damage,L3_S1,-1778,1094,14942,-292,29,-142,0,76.77
11747,20:21:25:023,3,Severe_Damage,L3_S1,-1766,1078,14904,-312,27,-142,0,38.77
11748,20:21:25:033,3,Severe_Damage,L3_S1,-1784,1080,14880,-328,29,-149,0,14.77
11749,20:21:25:043,3,Severe_Damage,L3_S1,-1816,1118,14824,-329,20,-146,0,-41.23
11750,20:21:25:054,3,Severe_Damage,L3_S1,-1706,1104,14770,-312,28,-138,0,-95.23
11751,20:21:25:063,3,Severe_Damage,L3_S1,-1778,1088,14766,-281,22,-131,0,-99.23
11752,20:21:25:073,3,Severe_Damage,L3_S1,-1760,1068,14718,-240,35,-129,0,-147.23
11753,20:21:25:083,3,Severe_Damage,L3_S1,-1762,1066,14792,-204,29,-119,0,-73.23
11754,20:21:25:093,3,Severe_Damage,L3_S1,-1762,1106,14776,-159,36,-114,0,-89.23
11755,20:21:25:103,3,Severe_Damage,L3_S1,-1744,1058,14758,-125,30,-112,0,-107.23
11756,20:21:25:113,3,Severe_Damage,L3_S1,-1766,1108,14806,-81,34,-109,0,-59.23
11757,20:21:25:123,3,Severe_Damage,L3_S1,-1770,1124,14790,-68,35,-106,0,-75.23
11758,20:21:25:133,3,Severe_Damage,L3_S1,-1768,1100,14924,-56,26,-106,0,58.77
11759,20:21:25:143,3,Severe_Damage,L3_S1,-1798,1108,14904,-64,35,-105,0,38.77
11760,20:21:25:153,3,Severe_Damage,L3_S1,-1806,1118,14946,-79,33,-100,0,80.77
11761,20:21:25:163,3,Severe_Damage,L3_S1,-1786,1136,14940,-108,33,-110,0,74.77
11762,20:21:25:173,3,Severe_Damage,L3_S1,-1766,1118,14992,-143,36,-123,0,126.77
11763,20:21:25:183,3,Severe_Damage,L3_S1,-1834,1166,15002,-182,27,-124,0,136.77
11764,20:21:25:193,3,Severe_Damage,L3_S1,-1778,1120,14936,-225,31,-127,0,70.77
11765,20:21:25:204,3,Severe_Damage,L3_S1,-1806,1166,14972,-261,26,-131,0,106.77
11766,20:21:25:214,3,Severe_Damage,L3_S1,-1780,1116,14922,-289,29,-139,0,56.77
11767,20:21:25:224,3,Severe_Damage,L3_S1,-1800,1100,14862,-309,31,-137,0,-3.23
11768,20:21:25:234,3,Severe_Damage,L3_S1,-1814,1138,14846,-307,32,-146,0,-19.23
11769,20:21:25:243,3,Severe_Damage,L3_S1,-1778,1108,14802,-316,26,-144,0,-63.23
11770,20:21:25:254,3,Severe_Damage,L3_S1,-1784,1118,14748,-291,27,-132,0,-117.23
11771,20:21:25:264,3,Severe_Damage,L3_S1,-1752,1086,14770,-275,22,-146,0,-95.23
11772,20:21:25:274,3,Severe_Damage,L3_S1,-1804,1076,14728,-232,32,-129,0,-137.23
11773,20:21:25:284,3,Severe_Damage,L3_S1,-1770,1126,14766,-206,32,-125,0,-99.23
11774,20:21:25:294,3,Severe_Damage,L3_S1,-1756,1116,14784,-160,36,-122,0,-81.23
11775,20:21:25:304,3,Severe_Damage,L3_S1,-1786,1070,14802,-134,28,-111,0,-63.23
11776,20:21:25:313,3,Severe_Damage,L3_S1,-1726,1072,14790,-97,33,-111,0,-75.23
11777,20:21:25:324,3,Severe_Damage,L3_S1,-1820,1066,14850,-84,34,-105,0,-15.23
11778,20:21:25:334,3,Severe_Damage,L3_S1,-1784,1124,14890,-66,30,-105,0,24.77
11779,20:21:25:344,3,Severe_Damage,L3_S1,-1766,1114,14916,-74,32,-110,0,50.77
11780,20:21:25:354,3,Severe_Damage,L3_S1,-1846,1152,14968,-83,27,-109,0,102.77
11781,20:21:25:364,3,Severe_Damage,L3_S1,-1834,1090,15006,-111,38,-121,0,140.77
11782,20:21:25:374,3,Severe_Damage,L3_S1,-1766,1118,14900,-142,28,-113,0,34.77
11783,20:21:25:384,3,Severe_Damage,L3_S1,-1802,1136,14912,-181,43,-119,0,46.77
11784,20:21:25:394,3,Severe_Damage,L3_S1,-1808,1158,14988,-219,34,-122,0,122.77
11785,20:21:25:404,3,Severe_Damage,L3_S1,-1792,1168,14946,-249,32,-126,0,80.77
11786,20:21:25:414,3,Severe_Damage,L3_S1,-1768,1132,14960,-273,30,-136,0,94.77
11787,20:21:25:424,3,Severe_Damage,L3_S1,-1756,1116,14910,-292,16,-138,0,44.77
11788,20:21:25:434,3,Severe_Damage,L3_S1,-1790,1120,14906,-303,29,-143,0,40.77
11789,20:21:25:444,3,Severe_Damage,L3_S1,-1756,1116,14828,-295,33,-142,0,-37.23
11790,20:21:25:454,3,Severe_Damage,L3_S1,-1774,1102,14794,-293,24,-131,0,-71.23
11791,20:21:25:464,3,Severe_Damage,L3_S1,-1792,1110,14722,-265,38,-137,0,-143.23
11792,20:21:25:474,3,Severe_Damage,L3_S1,-1776,1134,14778,-244,23,-133,0,-87.23
11793,20:21:25:484,3,Severe_Damage,L3_S1,-1750,1090,14724,-204,34,-122,0,-141.23
11794,20:21:25:494,3,Severe_Damage,L3_S1,-1760,1132,14788,-173,27,-114,0,-77.23
11795,20:21:25:504,3,Severe_Damage,L3_S1,-1776,1092,14782,-139,31,-111,0,-83.23
11796,20:21:25:514,3,Severe_Damage,L3_S1,-1778,1066,14740,-120,36,-112,0,-125.23
11797,20:21:25:524,3,Severe_Damage,L3_S1,-1766,1090,14842,-91,33,-101,0,-23.23
11798,20:21:25:534,3,Severe_Damage,L3_S1,-1796,1092,14802,-82,36,-107,0,-63.23
11799,20:21:25:544,3,Severe_Damage,L3_S1,-1808,1106,14918,-83,34,-103,0,52.77
11800,20:21:25:554,3,Severe_Damage,L3_S1,-1770,1084,14946,-92,34,-112,0,80.77
11801,20:21:25:564,3,Severe_Damage,L3_S1,-1786,1162,14948,-116,30,-108,0,82.77
11802,20:21:25:574,3,Severe_Damage,L3_S1,-1768,1140,14958,-140,34,-119,0,92.77
11803,20:21:25:584,3,Severe_Damage,L3_S1,-1786,1114,15050,-176,32,-120,0,184.77
11804,20:21:25:594,3,Severe_Damage,L3_S1,-1796,1094,15022,-204,29,-121,0,156.77
11805,20:21:25:604,3,Severe_Damage,L3_S1,-1786,1098,14984,-242,28,-132,0,118.77
11806,20:21:25:614,3,Severe_Damage,L3_S1,-1826,1106,14944,-267,27,-136,0,78.77
11807,20:21:25:624,3,Severe_Damage,L3_S1,-1750,1100,14904,-283,24,-136,0,38.77
11808,20:21:25:634,3,Severe_Damage,L3_S1,-1772,1112,14844,-295,29,-136,0,-21.23
11809,20:21:25:644,3,Severe_Damage,L3_S1,-1780,1066,14890,-295,27,-137,0,24.77
11810,20:21:25:654,3,Severe_Damage,L3_S1,-1778,1126,14852,-278,34,-138,0,-13.23
11811,20:21:25:664,3,Severe_Damage,L3_S1,-1844,1056,14836,-264,28,-135,0,-29.23
11812,20:21:25:674,3,Severe_Damage,L3_S1,-1754,1046,14834,-242,28,-126,0,-31.23
11813,20:21:25:684,3,Severe_Damage,L3_S1,-1760,1096,14800,-201,26,-119,0,-65.23
11814,20:21:25:694,3,Severe_Damage,L3_S1,-1754,1080,14782,-181,23,-116,0,-83.23
11815,20:21:25:704,3,Severe_Damage,L3_S1,-1742,1108,14766,-140,39,-114,0,-99.23
11816,20:21:25:714,3,Severe_Damage,L3_S1,-1792,1100,14840,-121,29,-106,0,-25.23
11817,20:21:25:724,3,Severe_Damage,L3_S1,-1760,1124,14882,-95,28,-114,0,16.77
11818,20:21:25:734,3,Severe_Damage,L3_S1,-1776,1138,14810,-93,25,-113,0,-55.23
11819,20:21:25:744,3,Severe_Damage,L3_S1,-1772,1120,14896,-87,30,-111,0,30.77
11820,20:21:25:754,3,Severe_Damage,L3_S1,-1798,1092,14910,-101,34,-115,0,44.77
11821,20:21:25:764,3,Severe_Damage,L3_S1,-1784,1126,14960,-119,31,-109,0,94.77
11822,20:21:25:774,3,Severe_Damage,L3_S1,-1808,1074,14916,-147,36,-114,0,50.77
11823,20:21:25:784,3,Severe_Damage,L3_S1,-1770,1122,14920,-177,30,-112,0,54.77
11824,20:21:25:794,3,Severe_Damage,L3_S1,-1830,1150,14920,-204,28,-122,0,54.77
11825,20:21:25:804,3,Severe_Damage,L3_S1,-1762,1172,14908,-238,33,-128,0,42.77
11826,20:21:25:814,3,Severe_Damage,L3_S1,-1758,1112,14918,-264,23,-128,0,52.77
11827,20:21:25:824,3,Severe_Damage,L3_S1,-1782,1124,14890,-275,28,-138,0,24.77
11828,20:21:25:834,3,Severe_Damage,L3_S1,-1832,1074,14864,-282,28,-134,0,-1.23
11829,20:21:25:844,3,Severe_Damage,L3_S1,-1738,1084,14848,-286,28,-135,0,-17.23
11830,20:21:25:854,3,Severe_Damage,L3_S1,-1774,1150,14772,-276,33,-143,0,-93.23
11831,20:21:25:864,3,Severe_Damage,L3_S1,-1746,1094,14762,-260,32,-139,0,-103.23
11832,20:21:25:874,3,Severe_Damage,L3_S1,-1770,1056,14798,-234,32,-127,0,-67.23
11833,20:21:25:884,3,Severe_Damage,L3_S1,-1778,1110,14802,-208,26,-129,0,-63.23
11834,20:21:25:894,3,Severe_Damage,L3_S1,-1802,1140,14778,-174,27,-115,0,-87.23
11835,20:21:25:904,3,Severe_Damage,L3_S1,-1784,1118,14774,-151,33,-116,0,-91.23
11836,20:21:25:914,3,Severe_Damage,L3_S1,-1782,1066,14842,-126,29,-114,0,-23.23
11837,20:21:25:924,3,Severe_Damage,L3_S1,-1770,1074,14802,-113,33,-112,0,-63.23
11838,20:21:25:934,3,Severe_Damage,L3_S1,-1766,1098,14874,-101,28,-108,0,8.77
11839,20:21:25:944,3,Severe_Damage,L3_S1,-1744,1118,14906,-102,27,-116,0,40.77
11840,20:21:25:954,3,Severe_Damage,L3_S1,-1776,1116,14874,-104,36,-106,0,8.77
11841,20:21:25:964,3,Severe_Damage,L3_S1,-1756,1112,14872,-122,33,-110,0,6.77
11842,20:21:25:974,3,Severe_Damage,L3_S1,-1788,1164,14924,-151,26,-114,0,58.77
11843,20:21:25:984,3,Severe_Damage,L3_S1,-1828,1138,14864,-172,27,-122,0,-1.23
11844,20:21:25:994,3,Severe_Damage,L3_S1,-1808,1124,14982,-200,29,-127,0,116.77
11845,20:21:26:004,3,Severe_Damage,L3_S1,-1794,1122,14948,-230,26,-125,0,82.77
11846,20:21:26:014,3,Severe_Damage,L3_S1,-1788,1124,14938,-250,30,-135,0,72.77
11847,20:21:26:024,3,Severe_Damage,L3_S1,-1814,1146,14934,-270,24,-131,0,68.77
11848,20:21:26:034,3,Severe_Damage,L3_S1,-1788,1118,14854,-281,26,-137,0,-11.23
11849,20:21:26:044,3,Severe_Damage,L3_S1,-1762,1100,14870,-279,26,-133,0,4.77
11850,20:21:26:054,3,Severe_Damage,L3_S1,-1796,1060,14828,-272,25,-136,0,-37.23
11851,20:21:26:064,3,Severe_Damage,L3_S1,-1796,1038,14732,-253,20,-138,0,-133.23
11852,20:21:26:074,3,Severe_Damage,L3_S1,-1762,1052,14752,-231,26,-136,0,-113.23
11853,20:21:26:084,3,Severe_Damage,L3_S1,-1758,1102,14800,-199,21,-126,0,-65.23
11854,20:21:26:094,3,Severe_Damage,L3_S1,-1770,1120,14802,-180,32,-124,0,-63.23
11855,20:21:26:104,3,Severe_Damage,L3_S1,-1822,1090,14768,-156,33,-111,0,-97.23
11856,20:21:26:114,3,Severe_Damage,L3_S1,-1772,1100,14782,-130,31,-111,0,-83.23
11857,20:21:26:124,3,Severe_Damage,L3_S1,-1790,1096,14828,-112,32,-107,0,-37.23
11858,20:21:26:134,3,Severe_Damage,L3_S1,-1758,1140,14844,-106,32,-113,0,-21.23
11859,20:21:26:144,3,Severe_Damage,L3_S1,-1750,1114,14922,-100,26,-109,0,56.77
11860,20:21:26:154,3,Severe_Damage,L3_S1,-1786,1112,14930,-115,32,-106,0,64.77
11861,20:21:26:164,3,Severe_Damage,L3_S1,-1798,1132,14918,-127,35,-111,0,52.77
11862,20:21:26:174,3,Severe_Damage,L3_S1,-1800,1102,14968,-152,32,-110,0,102.77
11863,20:21:26:184,3,Severe_Damage,L3_S1,-1786,1106,14906,-172,28,-115,0,40.77
11864,20:21:26:194,3,Severe_Damage,L3_S1,-1812,1172,14886,-201,25,-122,0,20.77
11865,20:21:26:204,3,Severe_Damage,L3_S1,-1876,1154,14944,-224,30,-122,0,78.77
11866,20:21:26:214,3,Severe_Damage,L3_S1,-1786,1078,14860,-246,33,-138,0,-5.23
11867,20:21:26:224,3,Severe_Damage,L3_S1,-1746,1104,14908,-265,28,-134,0,42.77
11868,20:21:26:234,3,Severe_Damage,L3_S1,-1782,1124,14902,-270,23,-141,0,36.77
11869,20:21:26:244,3,Severe_Damage,L3_S1,-1710,1140,14914,-267,31,-142,0,48.77
11870,20:21:26:254,3,Severe_Damage,L3_S1,-1792,1090,14878,-259,29,-129,0,12.77
11871,20:21:26:264,3,Severe_Damage,L3_S1,-1738,1110,14830,-250,28,-130,0,-35.23
11872,20:21:26:274,3,Severe_Damage,L3_S1,-1788,1052,14820,-235,27,-131,0,-45.23
11873,20:21:26:284,3,Severe_Damage,L3_S1,-1812,1124,14838,-203,32,-120,0,-27.23
11874,20:21:26:294,3,Severe_Damage,L3_S1,-1804,1114,14760,-184,31,-122,0,-105.23
11875,20:21:26:304,3,Severe_Damage,L3_S1,-1820,1094,14834,-159,32,-114,0,-31.23
11876,20:21:26:314,3,Severe_Damage,L3_S1,-1766,1124,14862,-141,31,-107,0,-3.23
11877,20:21:26:324,3,Severe_Damage,L3_S1,-1764,1074,14824,-128,36,-108,0,-41.23
11878,20:21:26:334,3,Severe_Damage,L3_S1,-1802,1134,14876,-118,34,-107,0,10.77
11879,20:21:26:344,3,Severe_Damage,L3_S1,-1788,1122,14878,-116,37,-112,0,12.77
11880,20:21:26:354,3,Severe_Damage,L3_S1,-1830,1114,14892,-119,33,-108,0,26.77
11881,20:21:26:364,3,Severe_Damage,L3_S1,-1782,1140,14968,-139,40,-118,0,102.77
11882,20:21:26:374,3,Severe_Damage,L3_S1,-1814,1114,14916,-156,29,-117,0,50.77
11883,20:21:26:384,3,Severe_Damage,L3_S1,-1788,1084,14956,-178,30,-117,0,90.77
11884,20:21:26:394,3,Severe_Damage,L3_S1,-1808,1174,14960,-200,36,-125,0,94.77
11885,20:21:26:405,3,Severe_Damage,L3_S1,-1758,1068,14870,-219,29,-123,0,4.77
11886,20:21:26:414,3,Severe_Damage,L3_S1,-1796,1132,14884,-232,32,-132,0,18.77
11887,20:21:26:424,3,Severe_Damage,L3_S1,-1806,1084,14890,-255,29,-128,0,24.77
11888,20:21:26:434,3,Severe_Damage,L3_S1,-1828,1098,14870,-259,30,-133,0,4.77
11889,20:21:26:444,3,Severe_Damage,L3_S1,-1802,1102,14834,-262,30,-139,0,-31.23
11890,20:21:26:454,3,Severe_Damage,L3_S1,-1784,1088,14796,-258,28,-135,0,-69.23
11891,20:21:26:464,3,Severe_Damage,L3_S1,-1796,1080,14818,-241,30,-131,0,-47.23
11892,20:21:26:474,3,Severe_Damage,L3_S1,-1764,1060,14820,-229,25,-135,0,-45.23
11893,20:21:26:484,3,Severe_Damage,L3_S1,-1784,1076,14808,-207,21,-124,0,-57.23
11894,20:21:26:494,3,Severe_Damage,L3_S1,-1756,1114,14830,-182,36,-120,0,-35.23
11895,20:21:26:504,3,Severe_Damage,L3_S1,-1752,1098,14852,-167,29,-122,0,-13.23
11896,20:21:26:514,3,Severe_Damage,L3_S1,-1766,1100,14762,-144,34,-112,0,-103.23
11897,20:21:26:524,3,Severe_Damage,L3_S1,-1790,1084,14892,-129,31,-114,0,26.77
11898,20:21:26:534,3,Severe_Damage,L3_S1,-1770,1144,14896,-120,37,-118,0,30.77
11899,20:21:26:544,3,Severe_Damage,L3_S1,-1788,1116,14912,-120,36,-108,0,46.77
11900,20:21:26:554,3,Severe_Damage,L3_S1,-1800,1148,14948,-138,33,-112,0,82.77
11901,20:21:26:564,3,Severe_Damage,L3_S1,-1776,1106,14908,-151,32,-112,0,42.77
11902,20:21:26:574,3,Severe_Damage,L3_S1,-1756,1126,14876,-171,30,-119,0,10.77
11903,20:21:26:584,3,Severe_Damage,L3_S1,-1828,1134,14870,-199,36,-127,0,4.77
11904,20:21:26:594,3,Severe_Damage,L3_S1,-1788,1102,14936,-215,36,-131,0,70.77
11905,20:21:26:604,3,Severe_Damage,L3_S1,-1784,1080,14916,-233,33,-133,0,50.77
11906,20:21:26:614,3,Severe_Damage,L3_S1,-1812,1090,14838,-250,25,-129,0,-27.23
11907,20:21:26:624,3,Severe_Damage,L3_S1,-1790,1102,14846,-259,21,-132,0,-19.23
11908,20:21:26:634,3,Severe_Damage,L3_S1,-1794,1092,14844,-254,31,-136,0,-21.23
11909,20:21:26:644,3,Severe_Damage,L3_S1,-1722,1088,14800,-254,33,-137,0,-65.23
11910,20:21:26:656,3,Severe_Damage,L3_S1,-1800,1134,14818,-239,26,-133,0,-47.23
11911,20:21:26:664,3,Severe_Damage,L3_S1,-1730,1098,14814,-228,33,-129,0,-51.23
11912,20:21:26:674,3,Severe_Damage,L3_S1,-1752,1110,14768,-206,37,-129,0,-97.23
11913,20:21:26:684,3,Severe_Damage,L3_S1,-1764,1080,14764,-189,33,-119,0,-101.23
11914,20:21:26:694,3,Severe_Damage,L3_S1,-1732,1108,14772,-167,33,-117,0,-93.23
11915,20:21:26:704,3,Severe_Damage,L3_S1,-1782,1102,14820,-157,25,-119,0,-45.23
11916,20:21:26:715,3,Severe_Damage,L3_S1,-1774,1112,14886,-135,40,-112,0,20.77
11917,20:21:26:725,3,Severe_Damage,L3_S1,-1780,1114,14898,-126,29,-117,0,32.77
11918,20:21:26:735,3,Severe_Damage,L3_S1,-1756,1128,14976,-119,35,-121,0,110.77
11919,20:21:26:745,3,Severe_Damage,L3_S1,-1798,1112,14836,-132,30,-114,0,-29.23
11920,20:21:26:755,3,Severe_Damage,L3_S1,-1764,1072,14846,-140,31,-116,0,-19.23
11921,20:21:26:765,3,Severe_Damage,L3_S1,-1796,1080,14920,-159,25,-115,0,54.77
11922,20:21:26:774,3,Severe_Damage,L3_S1,-1776,1094,14956,-177,35,-119,0,90.77
11923,20:21:26:784,3,Severe_Damage,L3_S1,-1800,1136,14922,-194,32,-118,0,56.77
11924,20:21:26:794,3,Severe_Damage,L3_S1,-1758,1106,14902,-216,38,-122,0,36.77
11925,20:21:26:805,3,Severe_Damage,L3_S1,-1782,1138,14874,-228,27,-125,0,8.77
11926,20:21:26:814,3,Severe_Damage,L3_S1,-1790,1122,14818,-244,25,-126,0,-47.23
11927,20:21:26:824,3,Severe_Damage,L3_S1,-1766,1122,14860,-247,27,-131,0,-5.23
11928,20:21:26:835,3,Severe_Damage,L3_S1,-1810,1108,14848,-256,28,-127,0,-17.23
11929,20:21:26:845,3,Severe_Damage,L3_S1,-1796,1090,14894,-248,26,-126,0,28.77
11930,20:21:26:854,3,Severe_Damage,L3_S1,-1752,1096,14876,-237,31,-127,0,10.77
11931,20:21:26:864,3,Severe_Damage,L3_S1,-1750,1142,14880,-220,24,-126,0,14.77
11932,20:21:26:875,3,Severe_Damage,L3_S1,-1764,1158,14838,-205,25,-129,0,-27.23
11933,20:21:26:885,3,Severe_Damage,L3_S1,-1746,1144,14792,-191,26,-123,0,-73.23
11934,20:21:26:895,3,Severe_Damage,L3_S1,-1814,1094,14814,-171,31,-123,0,-51.23
11935,20:21:26:905,3,Severe_Damage,L3_S1,-1742,1130,14814,-154,27,-119,0,-51.23
11936,20:21:26:914,3,Severe_Damage,L3_S1,-1824,1072,14840,-139,32,-111,0,-25.23
11937,20:21:26:925,3,Severe_Damage,L3_S1,-1756,1104,14846,-134,38,-107,0,-19.23
11938,20:21:26:935,3,Severe_Damage,L3_S1,-1754,1112,14964,-127,31,-112,0,98.77
11939,20:21:26:945,3,Severe_Damage,L3_S1,-1782,1150,14882,-128,35,-111,0,16.77
11940,20:21:26:955,3,Severe_Damage,L3_S1,-1784,1150,14972,-139,39,-109,0,106.77
11941,20:21:26:965,3,Severe_Damage,L3_S1,-1802,1130,14902,-160,34,-119,0,36.77
11942,20:21:26:975,3,Severe_Damage,L3_S1,-1794,1090,14866,-171,35,-116,0,0.77
11943,20:21:26:985,3,Severe_Damage,L3_S1,-1780,1142,14962,-187,36,-121,0,96.77
11944,20:21:26:995,3,Severe_Damage,L3_S1,-1764,1132,14912,-209,29,-121,0,46.77
11945,20:21:27:005,3,Severe_Damage,L3_S1,-1742,1090,14896,-229,30,-129,0,30.77
11946,20:21:27:015,3,Severe_Damage,L3_S1,-1740,1140,14860,-241,30,-129,0,-5.23
11947,20:21:27:025,3,Severe_Damage,L3_S1,-1734,1076,14862,-242,27,-130,0,-3.23
11948,20:21:27:035,3,Severe_Damage,L3_S1,-1744,1080,14798,-247,28,-122,0,-67.23
11949,20:21:27:045,3,Severe_Damage,L3_S1,-1780,1054,14802,-245,28,-128,0,-63.23
11950,20:21:27:055,3,Severe_Damage,L3_S1,-1754,1056,14856,-230,28,-131,0,-9.23
11951,20:21:27:065,3,Severe_Damage,L3_S1,-1798,1096,14782,-219,26,-120,0,-83.23
11952,20:21:27:075,3,Severe_Damage,L3_S1,-1824,1100,14838,-209,29,-122,0,-27.23
11953,20:21:27:085,3,Severe_Damage,L3_S1,-1780,1110,14810,-189,31,-122,0,-55.23
11954,20:21:27:095,3,Severe_Damage,L3_S1,-1824,1144,14784,-164,31,-118,0,-81.23
11955,20:21:27:105,3,Severe_Damage,L3_S1,-1722,1090,14814,-155,26,-121,0,-51.23
11956,20:21:27:115,3,Severe_Damage,L3_S1,-1780,1092,14784,-143,27,-111,0,-81.23
11957,20:21:27:125,3,Severe_Damage,L3_S1,-1786,1112,14848,-138,38,-117,0,-17.23
11958,20:21:27:135,3,Severe_Damage,L3_S1,-1806,1096,14882,-133,30,-115,0,16.77
11959,20:21:27:145,3,Severe_Damage,L3_S1,-1770,1122,14876,-152,31,-115,0,10.77
11960,20:21:27:155,3,Severe_Damage,L3_S1,-1796,1122,14864,-133,29,-98,0,-1.23
11961,20:21:27:165,3,Severe_Damage,L3_S1,-1748,1118,14944,-161,42,-122,0,78.77
11962,20:21:27:175,3,Severe_Damage,L3_S1,-1838,1140,14842,-172,24,-111,0,-23.23
11963,20:21:27:185,3,Severe_Damage,L3_S1,-1776,1098,14968,-194,28,-121,0,102.77
11964,20:21:27:195,3,Severe_Damage,L3_S1,-1778,1102,14932,-206,32,-127,0,66.77
11965,20:21:27:205,3,Severe_Damage,L3_S1,-1882,1090,14890,-218,11,-119,0,24.77
11966,20:21:27:215,3,Severe_Damage,L3_S1,-1658,1116,14946,-230,49,-143,0,80.77
11967,20:21:27:225,3,Severe_Damage,L3_S1,-1846,1124,14876,-247,1,-119,0,10.77
11968,20:21:27:235,3,Severe_Damage,L3_S1,-1782,1102,14812,-239,50,-139,0,-53.23
11969,20:21:27:245,3,Severe_Damage,L3_S1,-1720,1120,14824,-244,21,-130,0,-41.23
11970,20:21:27:255,3,Severe_Damage,L3_S1,-1820,1094,14800,-235,15,-115,0,-65.23
11971,20:21:27:265,3,Severe_Damage,L3_S1,-1718,1118,14906,-218,48,-135,0,40.77
11972,20:21:27:275,3,Severe_Damage,L3_S1,-1856,1116,14768,-213,7,-110,0,-97.23
11973,20:21:27:285,3,Severe_Damage,L3_S1,-1728,1104,14864,-186,50,-130,0,-1.23
11974,20:21:27:295,3,Severe_Damage,L3_S1,-1748,1086,14768,-183,18,-112,0,-97.23
11975,20:21:27:305,3,Severe_Damage,L3_S1,-1800,1096,14842,-164,37,-114,0,-23.23
11976,20:21:27:315,3,Severe_Damage,L3_S1,-1646,1076,14848,-151,49,-128,0,-17.23
11977,20:21:27:325,3,Severe_Damage,L3_S1,-1858,1108,14834,-155,9,-101,0,-31.23
11978,20:21:27:335,3,Severe_Damage,L3_S1,-1712,1130,14858,-138,63,-120,0,-7.23
11979,20:21:27:345,3,Severe_Damage,L3_S1,-1806,1056,14894,-141,9,-103,0,28.77
11980,20:21:27:355,3,Severe_Damage,L3_S1,-1792,1166,14916,-154,41,-124,0,50.77
11981,20:21:27:365,3,Severe_Damage,L3_S1,-1720,1086,14882,-160,43,-130,0,16.77
11982,20:21:27:375,3,Severe_Damage,L3_S1,-1870,1130,14900,-170,16,-110,0,34.77
11983,20:21:27:385,3,Severe_Damage,L3_S1,-1780,1096,14918,-184,53,-130,0,52.77
11984,20:21:27:395,3,Severe_Damage,L3_S1,-1888,1104,14954,-207,0,-118,0,88.77
11985,20:21:27:405,3,Severe_Damage,L3_S1,-1812,1108,14958,-217,38,-133,0,92.77
11986,20:21:27:415,3,Severe_Damage,L3_S1,-1788,1066,14882,-231,24,-128,0,16.77
11987,20:21:27:425,3,Severe_Damage,L3_S1,-1818,1122,14918,-234,20,-126,0,52.77
11988,20:21:27:435,3,Severe_Damage,L3_S1,-1756,1090,14880,-238,50,-130,0,14.77
11989,20:21:27:445,3,Severe_Damage,L3_S1,-1816,1086,14772,-239,3,-120,0,-93.23
11990,20:21:27:455,3,Severe_Damage,L3_S1,-1762,1172,14812,-227,41,-130,0,-53.23
11991,20:21:27:465,3,Severe_Damage,L3_S1,-1786,1058,14806,-221,16,-120,0,-59.23
11992,20:21:27:475,3,Severe_Damage,L3_S1,-1748,1108,14848,-204,26,-119,0,-17.23
11993,20:21:27:485,3,Severe_Damage,L3_S1,-1760,1126,14764,-192,39,-120,0,-101.23
11994,20:21:27:495,3,Severe_Damage,L3_S1,-1786,1076,14756,-175,10,-114,0,-109.23
11995,20:21:27:505,3,Severe_Damage,L3_S1,-1724,1128,14880,-160,54,-128,0,14.77
11996,20:21:27:515,3,Severe_Damage,L3_S1,-1816,1114,14768,-153,18,-110,0,-97.23
11997,20:21:27:525,3,Severe_Damage,L3_S1,-1748,1112,14822,-140,38,-120,0,-43.23
11998,20:21:27:535,3,Severe_Damage,L3_S1,-1836,1110,14822,-145,26,-121,0,-43.23
11999,20:21:27:545,3,Severe_Damage,L3_S1,-1792,1128,14836,-148,26,-112,0,-29.23
12000,20:21:27:555,3,Severe_Damage,L3_S1,-1758,1140,14896,-153,44,-119,0,30.77
12001,20:21:27:565,3,Severe_Damage,L3_S1,-1808,1098,14888,-162,13,-110,0,22.77
12002,20:21:27:575,3,Severe_Damage,L3_S1,-1786,1116,14964,-168,35,-126,0,98.77
12003,20:21:27:585,3,Severe_Damage,L3_S1,-1794,1070,14926,-189,21,-126,0,60.77
12004,20:21:27:595,3,Severe_Damage,L3_S1,-1778,1106,14906,-199,32,-129,0,40.77
12005,20:21:27:605,3,Severe_Damage,L3_S1,-1760,1132,14864,-214,29,-128,0,-1.23
12006,20:21:27:615,3,Severe_Damage,L3_S1,-1808,1128,14866,-230,16,-119,0,0.77
12007,20:21:27:625,3,Severe_Damage,L3_S1,-1782,1098,14850,-229,43,-138,0,-15.23
12008,20:21:27:635,3,Severe_Damage,L3_S1,-1816,1126,14838,-233,22,-122,0,-27.23
12009,20:21:27:645,3,Severe_Damage,L3_S1,-1736,1134,14798,-233,38,-138,0,-67.23
12010,20:21:27:655,3,Severe_Damage,L3_S1,-1812,1078,14860,-225,30,-127,0,-5.23
12011,20:21:27:665,3,Severe_Damage,L3_S1,-1814,1050,14790,-220,23,-120,0,-75.23
12012,20:21:27:675,3,Severe_Damage,L3_S1,-1738,1122,14854,-205,49,-131,0,-11.23
12013,20:21:27:685,3,Severe_Damage,L3_S1,-1804,1094,14836,-195,11,-116,0,-29.23
12014,20:21:27:695,3,Severe_Damage,L3_S1,-1690,1094,14778,-170,56,-128,0,-87.23
12015,20:21:27:705,3,Severe_Damage,L3_S1,-1866,1094,14828,-171,5,-101,0,-37.23
12016,20:21:27:715,3,Severe_Damage,L3_S1,-1724,1132,14836,-151,42,-118,0,-29.23
12017,20:21:27:725,3,Severe_Damage,L3_S1,-1776,1108,14884,-151,17,-105,0,18.77
12018,20:21:27:735,3,Severe_Damage,L3_S1,-1792,1100,14876,-148,27,-111,0,10.77
12019,20:21:27:745,3,Severe_Damage,L3_S1,-1714,1102,14902,-156,43,-121,0,36.77
12020,20:21:27:755,3,Severe_Damage,L3_S1,-1906,1118,14872,-159,6,-105,0,6.77
12021,20:21:27:765,3,Severe_Damage,L3_S1,-1726,1094,15020,-160,63,-131,0,154.77
12022,20:21:27:775,3,Severe_Damage,L3_S1,-1842,1152,14918,-174,15,-116,0,52.77
12023,20:21:27:785,3,Severe_Damage,L3_S1,-1762,1076,14852,-184,38,-121,0,-13.23
12024,20:21:27:795,3,Severe_Damage,L3_S1,-1750,1104,14852,-196,39,-127,0,-13.23
12025,20:21:27:805,3,Severe_Damage,L3_S1,-1844,1082,14858,-221,11,-116,0,-7.23
12026,20:21:27:815,3,Severe_Damage,L3_S1,-1722,1114,14866,-218,56,-129,0,0.77
12027,20:21:27:825,3,Severe_Damage,L3_S1,-1838,1086,14894,-231,10,-120,0,28.77
12028,20:21:27:835,3,Severe_Damage,L3_S1,-1772,1160,14828,-227,49,-139,0,-37.23
12029,20:21:27:845,3,Severe_Damage,L3_S1,-1794,1126,14836,-233,26,-127,0,-29.23
12030,20:21:27:855,3,Severe_Damage,L3_S1,-1824,1118,14800,-228,34,-126,0,-65.23
12031,20:21:27:865,3,Severe_Damage,L3_S1,-1690,1086,14848,-208,51,-130,0,-17.23
12032,20:21:27:875,3,Severe_Damage,L3_S1,-1800,1112,14842,-207,2,-118,0,-23.23
12033,20:21:27:885,3,Severe_Damage,L3_S1,-1696,1082,14858,-196,53,-132,0,-7.23
12034,20:21:27:895,3,Severe_Damage,L3_S1,-1830,1110,14830,-186,13,-123,0,-35.23
12035,20:21:27:905,3,Severe_Damage,L3_S1,-1738,1050,14882,-171,38,-123,0,16.77
12036,20:21:27:915,3,Severe_Damage,L3_S1,-1760,1096,14840,-170,41,-125,0,-25.23
12037,20:21:27:925,3,Severe_Damage,L3_S1,-1786,1100,14816,-155,19,-111,0,-49.23
12038,20:21:27:935,3,Severe_Damage,L3_S1,-1716,1132,14894,-158,46,-123,0,28.77
12039,20:21:27:945,3,Severe_Damage,L3_S1,-1820,1108,14840,-155,16,-111,0,-25.23
12040,20:21:27:955,3,Severe_Damage,L3_S1,-1766,1072,14930,-164,29,-122,0,64.77
12041,20:21:27:965,3,Severe_Damage,L3_S1,-1822,1116,14822,-157,40,-116,0,-43.23
12042,20:21:27:975,3,Severe_Damage,L3_S1,-1798,1114,14918,-184,18,-118,0,52.77
12043,20:21:27:985,3,Severe_Damage,L3_S1,-1720,1112,14884,-178,49,-122,0,18.77
12044,20:21:27:995,3,Severe_Damage,L3_S1,-1802,1100,14850,-205,13,-117,0,-15.23
12045,20:21:28:005,3,Severe_Damage,L3_S1,-1704,1094,14860,-202,43,-133,0,-5.23
12046,20:21:28:015,3,Severe_Damage,L3_S1,-1816,1066,14936,-224,14,-125,0,70.77
12047,20:21:28:025,3,Severe_Damage,L3_S1,-1818,1084,14884,-224,27,-124,0,18.77
12048,20:21:28:035,3,Severe_Damage,L3_S1,-1754,1048,14876,-229,31,-136,0,10.77
12049,20:21:28:045,3,Severe_Damage,L3_S1,-1830,1110,14790,-223,5,-127,0,-75.23
12050,20:21:28:055,3,Severe_Damage,L3_S1,-1768,1082,14814,-221,47,-148,0,-51.23
12051,20:21:28:065,3,Severe_Damage,L3_S1,-1778,1132,14832,-214,12,-127,0,-33.23
12052,20:21:28:075,3,Severe_Damage,L3_S1,-1750,1156,14858,-203,38,-128,0,-7.23
12053,20:21:28:085,3,Severe_Damage,L3_S1,-1764,1104,14774,-199,33,-121,0,-91.23
12054,20:21:28:095,3,Severe_Damage,L3_S1,-1806,1146,14856,-180,21,-114,0,-9.23
12055,20:21:28:105,3,Severe_Damage,L3_S1,-1784,1134,14866,-170,41,-124,0,0.77
12056,20:21:28:115,3,Severe_Damage,L3_S1,-1778,1036,14852,-169,10,-111,0,-13.23
12057,20:21:28:125,3,Severe_Damage,L3_S1,-1738,1142,14932,-161,42,-118,0,66.77
12058,20:21:28:135,3,Severe_Damage,L3_S1,-1804,1106,14858,-155,30,-111,0,-7.23
12059,20:21:28:145,3,Severe_Damage,L3_S1,-1772,1144,14908,-161,32,-116,0,42.77
12060,20:21:28:155,3,Severe_Damage,L3_S1,-1764,1092,14860,-164,45,-123,0,-5.23
12061,20:21:28:165,3,Severe_Damage,L3_S1,-1788,1106,14906,-173,17,-115,0,40.77
12062,20:21:28:175,3,Severe_Damage,L3_S1,-1772,1112,14880,-171,40,-129,0,14.77
12063,20:21:28:185,3,Severe_Damage,L3_S1,-1852,1100,14850,-190,19,-120,0,-15.23
12064,20:21:28:195,3,Severe_Damage,L3_S1,-1776,1138,14822,-198,35,-124,0,-43.23
12065,20:21:28:205,3,Severe_Damage,L3_S1,-1772,1102,14886,-206,31,-121,0,20.77
12066,20:21:28:215,3,Severe_Damage,L3_S1,-1806,1142,14844,-211,17,-125,0,-21.23
12067,20:21:28:225,3,Severe_Damage,L3_S1,-1768,1144,14922,-216,42,-132,0,56.77
12068,20:21:28:235,3,Severe_Damage,L3_S1,-1806,1070,14864,-222,24,-121,0,-1.23
12069,20:21:28:245,3,Severe_Damage,L3_S1,-1764,1150,14932,-222,40,-125,0,66.77
12070,20:21:28:255,3,Severe_Damage,L3_S1,-1764,1094,14872,-223,26,-123,0,6.77
12071,20:21:28:265,3,Severe_Damage,L3_S1,-1708,1100,14828,-215,37,-125,0,-37.23
12072,20:21:28:275,3,Severe_Damage,L3_S1,-1742,1126,14830,-203,39,-124,0,-35.23
12073,20:21:28:285,3,Severe_Damage,L3_S1,-1814,1096,14840,-195,27,-118,0,-25.23
12074,20:21:28:295,3,Severe_Damage,L3_S1,-1740,1110,14830,-185,37,-126,0,-35.23
12075,20:21:28:305,3,Severe_Damage,L3_S1,-1834,1118,14840,-173,26,-121,0,-25.23
12076,20:21:28:315,3,Severe_Damage,L3_S1,-1778,1136,14838,-169,37,-121,0,-27.23
12077,20:21:28:326,3,Severe_Damage,L3_S1,-1764,1084,14880,-159,34,-115,0,14.77
12078,20:21:28:335,3,Severe_Damage,L3_S1,-1810,1110,14858,-157,36,-109,0,-7.23
12079,20:21:28:345,3,Severe_Damage,L3_S1,-1740,1146,14900,-158,37,-116,0,34.77
12080,20:21:28:355,3,Severe_Damage,L3_S1,-1772,1128,14902,-166,24,-112,0,36.77
12081,20:21:28:365,3,Severe_Damage,L3_S1,-1746,1102,14862,-168,34,-120,0,-3.23
12082,20:21:28:375,3,Severe_Damage,L3_S1,-1830,1140,14882,-179,27,-119,0,16.77
12083,20:21:28:385,3,Severe_Damage,L3_S1,-1784,1074,14858,-181,26,-125,0,-7.23
12084,20:21:28:395,3,Severe_Damage,L3_S1,-1816,1122,14900,-193,33,-122,0,34.77
12085,20:21:28:405,3,Severe_Damage,L3_S1,-1766,1090,14904,-202,23,-128,0,38.77
12086,20:21:28:416,3,Severe_Damage,L3_S1,-1770,1130,14920,-215,32,-132,0,54.77
12087,20:21:28:426,3,Severe_Damage,L3_S1,-1810,1120,14888,-218,31,-134,0,22.77
12088,20:21:28:435,3,Severe_Damage,L3_S1,-1770,1090,14852,-223,35,-131,0,-13.23
12089,20:21:28:445,3,Severe_Damage,L3_S1,-1796,1104,14842,-211,36,-128,0,-23.23
12090,20:21:28:455,3,Severe_Damage,L3_S1,-1784,1102,14814,-222,20,-127,0,-51.23
12091,20:21:28:465,3,Severe_Damage,L3_S1,-1782,1140,14768,-205,44,-129,0,-97.23
12092,20:21:28:475,3,Severe_Damage,L3_S1,-1806,1108,14894,-211,16,-123,0,28.77
12093,20:21:28:486,3,Severe_Damage,L3_S1,-1776,1080,14874,-189,41,-118,0,8.77
12094,20:21:28:495,3,Severe_Damage,L3_S1,-1770,1090,14872,-190,25,-120,0,6.77
12095,20:21:28:506,3,Severe_Damage,L3_S1,-1764,1142,14850,-170,29,-115,0,-15.23
12096,20:21:28:515,3,Severe_Damage,L3_S1,-1772,1150,14864,-175,38,-118,0,-1.23
12097,20:21:28:526,3,Severe_Damage,L3_S1,-1776,1110,14850,-167,26,-117,0,-15.23
12098,20:21:28:536,3,Severe_Damage,L3_S1,-1770,1114,14882,-165,37,-120,0,16.77
12099,20:21:28:546,3,Severe_Damage,L3_S1,-1830,1104,14862,-158,25,-114,0,-3.23
12100,20:21:28:556,3,Severe_Damage,L3_S1,-1794,1086,14908,-162,28,-117,0,42.77
12101,20:21:28:566,3,Severe_Damage,L3_S1,-1788,1166,14900,-172,32,-114,0,34.77
12102,20:21:28:576,3,Severe_Damage,L3_S1,-1780,1110,14886,-179,31,-122,0,20.77
12103,20:21:28:585,3,Severe_Damage,L3_S1,-1790,1098,14872,-187,27,-117,0,6.77
12104,20:21:28:596,3,Severe_Damage,L3_S1,-1794,1114,14912,-196,26,-118,0,46.77
12105,20:21:28:606,3,Severe_Damage,L3_S1,-1798,1070,14902,-203,27,-129,0,36.77
12106,20:21:28:616,3,Severe_Damage,L3_S1,-1790,1150,14898,-202,32,-136,0,32.77
12107,20:21:28:626,3,Severe_Damage,L3_S1,-1820,1124,14846,-219,22,-126,0,-19.23
12108,20:21:28:636,3,Severe_Damage,L3_S1,-1748,1120,14868,-218,33,-127,0,2.77
12109,20:21:28:646,3,Severe_Damage,L3_S1,-1778,1124,14884,-218,28,-127,0,18.77
12110,20:21:28:656,3,Severe_Damage,L3_S1,-1754,1098,14938,-215,36,-130,0,72.77
12111,20:21:28:667,3,Severe_Damage,L3_S1,-1808,1130,14846,-214,31,-112,0,-19.23
12112,20:21:28:676,3,Severe_Damage,L3_S1,-1798,1112,14850,-198,34,-119,0,-15.23
12113,20:21:28:686,3,Severe_Damage,L3_S1,-1772,1112,14848,-191,24,-128,0,-17.23
12114,20:21:28:696,3,Severe_Damage,L3_S1,-1772,1086,14818,-182,34,-119,0,-47.23
12115,20:21:28:706,3,Severe_Damage,L3_S1,-1814,1052,14840,-182,36,-119,0,-25.23
12116,20:21:28:716,3,Severe_Damage,L3_S1,-1770,1112,14884,-174,24,-117,0,18.77
12117,20:21:28:726,3,Severe_Damage,L3_S1,-1810,1096,14828,-167,36,-125,0,-37.23
12118,20:21:28:736,3,Severe_Damage,L3_S1,-1770,1152,14876,-166,28,-118,0,10.77
12119,20:21:28:746,3,Severe_Damage,L3_S1,-1804,1132,14846,-160,23,-120,0,-19.23
12120,20:21:28:756,3,Severe_Damage,L3_S1,-1792,1094,14896,-167,28,-117,0,30.77
12121,20:21:28:766,3,Severe_Damage,L3_S1,-1812,1096,14830,-174,31,-119,0,-35.23
12122,20:21:28:776,3,Severe_Damage,L3_S1,-1754,1130,14872,-178,33,-125,0,6.77
12123,20:21:28:786,3,Severe_Damage,L3_S1,-1822,1108,14874,-188,28,-121,0,8.77
12124,20:21:28:796,3,Severe_Damage,L3_S1,-1792,1126,14824,-199,29,-119,0,-41.23
12125,20:21:28:806,3,Severe_Damage,L3_S1,-1796,1130,14858,-205,34,-116,0,-7.23
12126,20:21:28:816,3,Severe_Damage,L3_S1,-1798,1094,14880,-215,26,-121,0,14.77
12127,20:21:28:826,3,Severe_Damage,L3_S1,-1772,1142,14826,-212,33,-121,0,-39.23
12128,20:21:28:836,3,Severe_Damage,L3_S1,-1772,1124,14894,-212,30,-125,0,28.77
12129,20:21:28:846,3,Severe_Damage,L3_S1,-1776,1056,14842,-210,35,-124,0,-23.23
12130,20:21:28:856,3,Severe_Damage,L3_S1,-1788,1108,14802,-213,35,-123,0,-63.23
12131,20:21:28:866,3,Severe_Damage,L3_S1,-1780,1078,14854,-211,28,-126,0,-11.23
12132,20:21:28:876,3,Severe_Damage,L3_S1,-1828,1132,14878,-199,33,-124,0,12.77
12133,20:21:28:886,3,Severe_Damage,L3_S1,-1772,1088,14822,-201,22,-122,0,-43.23
12134,20:21:28:896,3,Severe_Damage,L3_S1,-1772,1100,14826,-195,29,-116,0,-39.23
12135,20:21:28:906,3,Severe_Damage,L3_S1,-1760,1074,14800,-183,27,-120,0,-65.23
12136,20:21:28:916,3,Severe_Damage,L3_S1,-1786,1082,14840,-176,27,-119,0,-25.23
12137,20:21:28:926,3,Severe_Damage,L3_S1,-1774,1114,14846,-165,30,-119,0,-19.23
12138,20:21:28:936,3,Severe_Damage,L3_S1,-1782,1110,14846,-165,29,-121,0,-19.23
12139,20:21:28:946,3,Severe_Damage,L3_S1,-1774,1126,14872,-162,40,-115,0,6.77
12140,20:21:28:956,3,Severe_Damage,L3_S1,-1776,1114,14882,-167,24,-123,0,16.77
12141,20:21:28:966,3,Severe_Damage,L3_S1,-1732,1122,14850,-171,36,-118,0,-15.23
12142,20:21:28:976,3,Severe_Damage,L3_S1,-1778,1174,14854,-184,21,-124,0,-11.23
12143,20:21:28:986,3,Severe_Damage,L3_S1,-1744,1116,14954,-186,30,-120,0,88.77
12144,20:21:28:996,3,Severe_Damage,L3_S1,-1808,1130,14892,-203,29,-126,0,26.77
12145,20:21:29:006,3,Severe_Damage,L3_S1,-1774,1100,14816,-201,32,-116,0,-49.23
12146,20:21:29:016,3,Severe_Damage,L3_S1,-1772,1096,14918,-210,29,-124,0,52.77
12147,20:21:29:026,3,Severe_Damage,L3_S1,-1744,1086,14898,-212,29,-123,0,32.77
12148,20:21:29:036,3,Severe_Damage,L3_S1,-1762,1074,14850,-213,35,-123,0,-15.23
12149,20:21:29:046,3,Severe_Damage,L3_S1,-1750,1070,14890,-215,24,-123,0,24.77
12150,20:21:29:056,3,Severe_Damage,L3_S1,-1758,1154,14860,-215,33,-126,0,-5.23
12151,20:21:29:066,3,Severe_Damage,L3_S1,-1796,1122,14836,-211,33,-125,0,-29.23
12152,20:21:29:076,3,Severe_Damage,L3_S1,-1778,1052,14876,-197,35,-121,0,10.77
12153,20:21:29:086,3,Severe_Damage,L3_S1,-1800,1124,14848,-196,25,-118,0,-17.23
12154,20:21:29:096,3,Severe_Damage,L3_S1,-1782,1080,14818,-184,34,-119,0,-47.23
