sample_id,timestamp,damage_level,damage_label,session,ax,ay,az,gx,gy,gz,sw420,az_zeroed
158,20:25:46:897,3,Severe_Damage,L3_S2,-1762,1100,14856,-201,42,-130,0,-13.89
159,20:25:46:907,3,Severe_Damage,L3_S2,-1842,1080,14840,-198,23,-120,0,-29.89
160,20:25:46:917,3,Severe_Damage,L3_S2,-1716,1072,14816,-200,46,-131,0,-53.89
161,20:25:46:927,3,Severe_Damage,L3_S2,-1756,1106,14846,-192,25,-117,0,-23.89
162,20:25:46:937,3,Severe_Damage,L3_S2,-1766,1140,14856,-194,35,-119,0,-13.89
163,20:25:46:947,3,Severe_Damage,L3_S2,-1786,1122,14860,-187,37,-120,0,-9.89
164,20:25:46:957,3,Severe_Damage,L3_S2,-1800,1114,14878,-198,25,-122,0,8.11
165,20:25:46:967,3,Severe_Damage,L3_S2,-1772,1100,14956,-175,54,-120,0,86.11
166,20:25:46:977,3,Severe_Damage,L3_S2,-1802,1128,14906,-185,16,-119,0,36.11
167,20:25:46:987,3,Severe_Damage,L3_S2,-1768,1082,14794,-177,36,-121,0,-75.89
168,20:25:46:997,3,Severe_Damage,L3_S2,-1780,1096,14820,-186,34,-118,0,-49.89
169,20:25:47:007,3,Severe_Damage,L3_S2,-1786,1084,14850,-186,30,-115,0,-19.89
170,20:25:47:017,3,Severe_Damage,L3_S2,-1752,1108,14870,-188,38,-126,0,0.11
171,20:25:47:027,3,Severe_Damage,L3_S2,-1800,1138,14850,-189,24,-119,0,-19.89
172,20:25:47:037,3,Severe_Damage,L3_S2,-1778,1170,14906,-183,35,-121,0,36.11
173,20:25:47:047,3,Severe_Damage,L3_S2,-1786,1126,14800,-189,23,-125,0,-69.89
174,20:25:47:057,3,Severe_Damage,L3_S2,-1764,1134,14890,-196,29,-122,0,20.11
175,20:25:47:067,3,Severe_Damage,L3_S2,-1760,1102,14872,-188,42,-125,0,2.11
176,20:25:47:077,3,Severe_Damage,L3_S2,-1768,1072,14872,-195,23,-118,0,2.11
177,20:25:47:087,3,Severe_Damage,L3_S2,-1694,1106,14932,-196,45,-131,0,62.11
178,20:25:47:097,3,Severe_Damage,L3_S2,-1818,1134,14876,-200,18,-127,0,6.11
179,20:25:47:107,3,Severe_Damage,L3_S2,-1812,1108,14888,-198,33,-127,0,18.11
180,20:25:47:117,3,Severe_Damage,L3_S2,-1734,1076,14828,-197,20,-125,0,-41.89
181,20:25:47:127,3,Severe_Damage,L3_S2,-1802,1098,14832,-199,25,-122,0,-37.89
182,20:25:47:137,3,Severe_Damage,L3_S2,-1788,1094,14836,-190,36,-129,0,-33.89
183,20:25:47:147,3,Severe_Damage,L3_S2,-1778,1104,14864,-197,24,-125,0,-5.89
184,20:25:47:157,3,Severe_Damage,L3_S2,-1758,1068,14874,-189,38,-127,0,4.11
185,20:25:47:167,3,Severe_Damage,L3_S2,-1792,1100,14830,-191,23,-121,0,-39.89
186,20:25:47:177,3,Severe_Damage,L3_S2,-1772,1108,14864,-187,31,-123,0,-5.89
187,20:25:47:187,3,Severe_Damage,L3_S2,-1750,1122,14918,-189,33,-119,0,48.11
188,20:25:47:197,3,Severe_Damage,L3_S2,-1834,1114,14870,-183,19,-115,0,0.11
189,20:25:47:207,3,Severe_Damage,L3_S2,-1732,1144,14918,-177,29,-125,0,48.11
190,20:25:47:217,3,Severe_Damage,L3_S2,-1794,1160,14806,-179,17,-117,0,-63.89
191,20:25:47:227,3,Severe_Damage,L3_S2,-1766,1090,14902,-185,31,-126,0,32.11
192,20:25:47:237,3,Severe_Damage,L3_S2,-1776,1146,14918,-188,32,-121,0,48.11
193,20:25:47:247,3,Severe_Damage,L3_S2,-1814,1132,14918,-191,26,-121,0,48.11
194,20:25:47:257,3,Severe_Damage,L3_S2,-1754,1132,14856,-187,40,-123,0,-13.89
195,20:25:47:267,3,Severe_Damage,L3_S2,-1780,1114,14890,-196,24,-118,0,20.11
196,20:25:47:277,3,Severe_Damage,L3_S2,-1772,1116,14876,-192,35,-130,0,6.11
197,20:25:47:287,3,Severe_Damage,L3_S2,-1802,1094,14816,-197,21,-120,0,-53.89
198,20:25:47:297,3,Severe_Damage,L3_S2,-1808,1126,14916,-191,28,-120,0,46.11
199,20:25:47:307,3,Severe_Damage,L3_S2,-1774,1110,14914,-194,33,-125,0,44.11
200,20:25:47:317,3,Severe_Damage,L3_S2,-1750,1128,14886,-204,22,-126,0,16.11
201,20:25:47:327,3,Severe_Damage,L3_S2,-1732,1144,14890,-197,38,-121,0,20.11
202,20:25:47:337,3,Severe_Damage,L3_S2,-1762,1054,14878,-198,19,-121,0,8.11
203,20:25:47:347,3,Severe_Damage,L3_S2,-1760,1124,14842,-192,32,-118,0,-27.89
204,20:25:47:357,3,Severe_Damage,L3_S2,-1750,1088,14796,-196,33,-120,0,-73.89
205,20:25:47:367,3,Severe_Damage,L3_S2,-1808,1146,14848,-186,26,-123,0,-21.89
206,20:25:47:377,3,Severe_Damage,L3_S2,-1758,1062,14906,-186,35,-122,0,36.11
207,20:25:47:387,3,Severe_Damage,L3_S2,-1792,1108,14892,-185,21,-118,0,22.11
208,20:25:47:397,3,Severe_Damage,L3_S2,-1814,1132,14848,-190,28,-119,0,-21.89
209,20:25:47:407,3,Severe_Damage,L3_S2,-1788,1104,14810,-186,28,-121,0,-59.89
210,20:25:47:417,3,Severe_Damage,L3_S2,-1798,1118,14894,-190,27,-124,0,24.11
211,20:25:47:427,3,Severe_Damage,L3_S2,-1784,1104,14822,-181,31,-123,0,-47.89
212,20:25:47:437,3,Severe_Damage,L3_S2,-1812,1142,14864,-182,23,-118,0,-5.89
213,20:25:47:447,3,Severe_Damage,L3_S2,-1792,1152,14862,-185,31,-122,0,-7.89
214,20:25:47:457,3,Severe_Damage,L3_S2,-1756,1082,14864,-191,26,-121,0,-5.89
215,20:25:47:467,3,Severe_Damage,L3_S2,-1838,1120,14874,-194,33,-121,0,4.11
216,20:25:47:477,3,Severe_Damage,L3_S2,-1804,1092,14814,-190,28,-115,0,-55.89
217,20:25:47:487,3,Severe_Damage,L3_S2,-1794,1096,14848,-191,25,-117,0,-21.89
218,20:25:47:497,3,Severe_Damage,L3_S2,-1824,1114,14910,-198,28,-122,0,40.11
219,20:25:47:507,3,Severe_Damage,L3_S2,-1778,1106,14906,-200,20,-122,0,36.11
220,20:25:47:517,3,Severe_Damage,L3_S2,-1742,1180,14872,-197,27,-125,0,2.11
221,20:25:47:527,3,Severe_Damage,L3_S2,-1824,1118,14972,-196,24,-126,0,102.11
222,20:25:47:537,3,Severe_Damage,L3_S2,-1794,1106,14882,-197,27,-124,0,12.11
223,20:25:47:547,3,Severe_Damage,L3_S2,-1714,1136,14838,-198,33,-124,0,-31.89
224,20:25:47:557,3,Severe_Damage,L3_S2,-1788,1104,14800,-186,29,-124,0,-69.89
225,20:25:47:567,3,Severe_Damage,L3_S2,-1770,1108,14902,-189,35,-124,0,32.11
226,20:25:47:577,3,Severe_Damage,L3_S2,-1788,1100,14878,-188,25,-124,0,8.11
227,20:25:47:587,3,Severe_Damage,L3_S2,-1734,1138,14888,-189,36,-124,0,18.11
228,20:25:47:597,3,Severe_Damage,L3_S2,-1768,1092,14866,-189,32,-121,0,-3.89
229,20:25:47:607,3,Severe_Damage,L3_S2,-1802,1120,14816,-187,24,-116,0,-53.89
230,20:25:47:617,3,Severe_Damage,L3_S2,-1764,1120,14900,-188,33,-123,0,30.11
231,20:25:47:627,3,Severe_Damage,L3_S2,-1788,1116,14836,-187,33,-120,0,-33.89
232,20:25:47:637,3,Severe_Damage,L3_S2,-1754,1090,14886,-192,39,-122,0,16.11
233,20:25:47:647,3,Severe_Damage,L3_S2,-1724,1062,14860,-191,26,-117,0,-9.89
234,20:25:47:658,3,Severe_Damage,L3_S2,-1730,1124,14848,-195,30,-123,0,-21.89
235,20:25:47:667,3,Severe_Damage,L3_S2,-1774,1086,14888,-197,33,-132,0,18.11
236,20:25:47:677,3,Severe_Damage,L3_S2,-1796,1126,14926,-194,29,-124,0,56.11
237,20:25:47:687,3,Severe_Damage,L3_S2,-1776,1114,14846,-190,34,-126,0,-23.89
238,20:25:47:697,3,Severe_Damage,L3_S2,-1790,1142,14856,-200,24,-127,0,-13.89
239,20:25:47:707,3,Severe_Damage,L3_S2,-1748,1116,14952,-195,33,-124,0,82.11
240,20:25:47:717,3,Severe_Damage,L3_S2,-1746,1090,14800,-195,37,-125,0,-69.89
241,20:25:47:727,3,Severe_Damage,L3_S2,-1778,1156,14816,-198,26,-129,0,-53.89
242,20:25:47:737,3,Severe_Damage,L3_S2,-1778,1118,14896,-195,36,-120,0,26.11
243,20:25:47:747,3,Severe_Damage,L3_S2,-1818,1050,14852,-194,24,-120,0,-17.89
244,20:25:47:757,3,Severe_Damage,L3_S2,-1784,1134,14818,-191,29,-123,0,-51.89
245,20:25:47:767,3,Severe_Damage,L3_S2,-1804,1074,14848,-186,20,-119,0,-21.89
246,20:25:47:777,3,Severe_Damage,L3_S2,-1744,1150,14892,-187,36,-123,0,22.11
247,20:25:47:787,3,Severe_Damage,L3_S2,-1806,1104,14922,-185,32,-126,0,52.11
248,20:25:47:797,3,Severe_Damage,L3_S2,-1784,1076,14836,-180,31,-118,0,-33.89
249,20:25:47:807,3,Severe_Damage,L3_S2,-1770,1164,14820,-188,33,-122,0,-49.89
250,20:25:47:817,3,Severe_Damage,L3_S2,-1828,1102,14876,-182,32,-121,0,6.11
251,20:25:47:827,3,Severe_Damage,L3_S2,-1756,1110,14876,-182,31,-123,0,6.11
252,20:25:47:837,3,Severe_Damage,L3_S2,-1780,1102,14846,-189,25,-122,0,-23.89
253,20:25:47:847,3,Severe_Damage,L3_S2,-1776,1110,14898,-186,30,-121,0,28.11
254,20:25:47:857,3,Severe_Damage,L3_S2,-1782,1122,14876,-190,27,-119,0,6.11
255,20:25:47:867,3,Severe_Damage,L3_S2,-1770,1126,14918,-194,24,-122,0,48.11
256,20:25:47:877,3,Severe_Damage,L3_S2,-1820,1098,14892,-199,30,-119,0,22.11
257,20:25:47:887,3,Severe_Damage,L3_S2,-1802,1136,14908,-199,23,-122,0,38.11
258,20:25:47:897,3,Severe_Damage,L3_S2,-1780,1058,14840,-192,36,-126,0,-29.89
259,20:25:47:907,3,Severe_Damage,L3_S2,-1764,1100,14774,-192,33,-125,0,-95.89
260,20:25:47:917,3,Severe_Damage,L3_S2,-1804,1120,14848,-196,26,-121,0,-21.89
261,20:25:47:927,3,Severe_Damage,L3_S2,-1790,1070,14912,-191,34,-123,0,42.11
262,20:25:47:937,3,Severe_Damage,L3_S2,-1826,1112,14876,-194,22,-120,0,6.11
263,20:25:47:947,3,Severe_Damage,L3_S2,-1786,1086,14894,-191,35,-123,0,24.11
264,20:25:47:957,3,Severe_Damage,L3_S2,-1838,1068,14782,-190,28,-127,0,-87.89
265,20:25:47:967,3,Severe_Damage,L3_S2,-1786,1120,14908,-196,31,-125,0,38.11
266,20:25:47:977,3,Severe_Damage,L3_S2,-1784,1068,14884,-191,35,-125,0,14.11
267,20:25:47:987,3,Severe_Damage,L3_S2,-1784,1056,14842,-193,25,-121,0,-27.89
268,20:25:47:997,3,Severe_Damage,L3_S2,-1722,1098,14864,-181,35,-123,0,-5.89
269,20:25:48:007,3,Severe_Damage,L3_S2,-1734,1118,14872,-187,29,-128,0,2.11
270,20:25:48:017,3,Severe_Damage,L3_S2,-1816,1086,14886,-184,40,-116,0,16.11
271,20:25:48:027,3,Severe_Damage,L3_S2,-1780,1140,14920,-190,33,-124,0,50.11
272,20:25:48:037,3,Severe_Damage,L3_S2,-1814,1112,14888,-189,25,-121,0,18.11
273,20:25:48:047,3,Severe_Damage,L3_S2,-1774,1148,14946,-197,37,-130,0,76.11
274,20:25:48:057,3,Severe_Damage,L3_S2,-1756,1104,14836,-191,26,-118,0,-33.89
275,20:25:48:067,3,Severe_Damage,L3_S2,-1736,1094,14884,-188,29,-118,0,14.11
276,20:25:48:077,3,Severe_Damage,L3_S2,-1774,1100,14890,-188,33,-129,0,20.11
277,20:25:48:087,3,Severe_Damage,L3_S2,-1756,1108,14936,-199,34,-123,0,66.11
278,20:25:48:098,3,Severe_Damage,L3_S2,-1824,1068,14924,-196,31,-126,0,54.11
279,20:25:48:107,3,Severe_Damage,L3_S2,-1768,1074,14868,-192,16,-123,0,-1.89
280,20:25:48:117,3,Severe_Damage,L3_S2,-1774,1168,14876,-196,29,-127,0,6.11
281,20:25:48:127,3,Severe_Damage,L3_S2,-1768,1088,14840,-191,37,-132,0,-29.89
282,20:25:48:137,3,Severe_Damage,L3_S2,-1784,1056,14818,-194,27,-118,0,-51.89
283,20:25:48:147,3,Severe_Damage,L3_S2,-1788,1102,14834,-195,19,-124,0,-35.89
284,20:25:48:157,3,Severe_Damage,L3_S2,-1802,1130,14884,-193,25,-128,0,14.11
285,20:25:48:167,3,Severe_Damage,L3_S2,-1762,1092,14848,-199,28,-124,0,-21.89
286,20:25:48:177,3,Severe_Damage,L3_S2,-1820,1102,14900,-186,28,-130,0,30.11
287,20:25:48:187,3,Severe_Damage,L3_S2,-1804,1048,14870,-181,30,-128,0,0.11
288,20:25:48:197,3,Severe_Damage,L3_S2,-1782,1082,14882,-182,31,-123,0,12.11
289,20:25:48:207,3,Severe_Damage,L3_S2,-1782,1126,14890,-178,29,-121,0,20.11
290,20:25:48:217,3,Severe_Damage,L3_S2,-1788,1078,14908,-184,26,-120,0,38.11
291,20:25:48:227,3,Severe_Damage,L3_S2,-1780,1086,14886,-183,32,-119,0,16.11
292,20:25:48:237,3,Severe_Damage,L3_S2,-1766,1040,14830,-189,32,-120,0,-39.89
293,20:25:48:247,3,Severe_Damage,L3_S2,-1760,1094,14838,-190,27,-119,0,-31.89
294,20:25:48:257,3,Severe_Damage,L3_S2,-1750,1128,14798,-187,42,-125,0,-71.89
295,20:25:48:268,3,Severe_Damage,L3_S2,-1790,1104,14834,-193,34,-117,0,-35.89
296,20:25:48:277,3,Severe_Damage,L3_S2,-1758,1084,14886,-195,32,-125,0,16.11
297,20:25:48:287,3,Severe_Damage,L3_S2,-1742,1104,14826,-190,32,-116,0,-43.89
298,20:25:48:297,3,Severe_Damage,L3_S2,-1784,1122,14902,-195,30,-122,0,32.11
299,20:25:48:307,3,Severe_Damage,L3_S2,-1780,1124,14862,-197,29,-120,0,-7.89
300,20:25:48:317,3,Severe_Damage,L3_S2,-1794,1086,14854,-198,28,-116,0,-15.89
301,20:25:48:327,3,Severe_Damage,L3_S2,-1792,1090,14828,-201,27,-123,0,-41.89
302,20:25:48:337,3,Severe_Damage,L3_S2,-1768,1104,14864,-189,29,-126,0,-5.89
303,20:25:48:347,3,Severe_Damage,L3_S2,-1770,1082,14850,-194,24,-118,0,-19.89
304,20:25:48:357,3,Severe_Damage,L3_S2,-1778,1112,14872,-192,31,-117,0,2.11
305,20:25:48:367,3,Severe_Damage,L3_S2,-1766,1082,14890,-189,23,-120,0,20.11
306,20:25:48:377,3,Severe_Damage,L3_S2,-1806,1074,14904,-191,26,-127,0,34.11
307,20:25:48:387,3,Severe_Damage,L3_S2,-1750,1108,14870,-187,36,-124,0,0.11
308,20:25:48:397,3,Severe_Damage,L3_S2,-1794,1152,14836,-188,32,-122,0,-33.89
309,20:25:48:407,3,Severe_Damage,L3_S2,-1806,1124,14874,-180,35,-126,0,4.11
310,20:25:48:417,3,Severe_Damage,L3_S2,-1778,1062,14900,-186,31,-117,0,30.11
311,20:25:48:427,3,Severe_Damage,L3_S2,-1766,1116,14856,-187,26,-121,0,-13.89
312,20:25:48:437,3,Severe_Damage,L3_S2,-1768,1072,14858,-185,18,-128,0,-11.89
313,20:25:48:447,3,Severe_Damage,L3_S2,-1828,1140,14878,-186,24,-120,0,8.11
314,20:25:48:457,3,Severe_Damage,L3_S2,-1780,1098,14846,-186,32,-120,0,-23.89
315,20:25:48:467,3,Severe_Damage,L3_S2,-1748,1090,14856,-189,30,-115,0,-13.89
316,20:25:48:477,3,Severe_Damage,L3_S2,-1790,1100,14866,-190,26,-123,0,-3.89
317,20:25:48:487,3,Severe_Damage,L3_S2,-1786,1118,14864,-202,33,-128,0,-5.89
318,20:25:48:497,3,Severe_Damage,L3_S2,-1792,1092,14854,-193,28,-119,0,-15.89
319,20:25:48:507,3,Severe_Damage,L3_S2,-1820,1140,14860,-196,31,-118,0,-9.89
320,20:25:48:517,3,Severe_Damage,L3_S2,-1818,1092,14860,-187,30,-119,0,-9.89
321,20:25:48:527,3,Severe_Damage,L3_S2,-1820,1048,14824,-187,25,-120,0,-45.89
322,20:25:48:537,3,Severe_Damage,L3_S2,-1746,1112,14918,-204,29,-127,0,48.11
323,20:25:48:547,3,Severe_Damage,L3_S2,-1836,1084,14888,-189,21,-121,0,18.11
324,20:25:48:557,3,Severe_Damage,L3_S2,-1728,1070,14952,-192,27,-129,0,82.11
325,20:25:48:568,3,Severe_Damage,L3_S2,-1772,1112,14894,-187,34,-116,0,24.11
326,20:25:48:577,3,Severe_Damage,L3_S2,-1818,1070,14912,-192,22,-116,0,42.11
327,20:25:48:587,3,Severe_Damage,L3_S2,-1744,1060,14954,-182,51,-131,0,84.11
328,20:25:48:597,3,Severe_Damage,L3_S2,-1866,1098,14862,-195,3,-115,0,-7.89
329,20:25:48:607,3,Severe_Damage,L3_S2,-1710,1090,14924,-180,52,-127,0,54.11
330,20:25:48:617,3,Severe_Damage,L3_S2,-1808,1140,14876,-193,12,-117,0,6.11
331,20:25:48:627,3,Severe_Damage,L3_S2,-1800,1090,14794,-188,31,-121,0,-75.89
332,20:25:48:637,3,Severe_Damage,L3_S2,-1700,1098,14938,-183,39,-123,0,68.11
333,20:25:48:647,3,Severe_Damage,L3_S2,-1844,1130,14856,-200,-3,-109,0,-13.89
334,20:25:48:657,3,Severe_Damage,L3_S2,-1708,1142,14890,-187,54,-131,0,20.11
335,20:25:48:667,3,Severe_Damage,L3_S2,-1792,1104,14814,-198,5,-107,0,-55.89
336,20:25:48:677,3,Severe_Damage,L3_S2,-1762,1086,14752,-186,39,-125,0,-117.89
337,20:25:48:687,3,Severe_Damage,L3_S2,-1750,1130,14894,-195,24,-127,0,24.11
338,20:25:48:697,3,Severe_Damage,L3_S2,-1832,1144,14920,-193,18,-125,0,50.11
339,20:25:48:708,3,Severe_Damage,L3_S2,-1718,1126,14890,-195,50,-136,0,20.11
340,20:25:48:717,3,Severe_Damage,L3_S2,-1838,1094,14854,-198,8,-108,0,-15.89
341,20:25:48:727,3,Severe_Damage,L3_S2,-1764,1100,14888,-203,48,-135,0,18.11
342,20:25:48:737,3,Severe_Damage,L3_S2,-1798,1138,14820,-194,22,-124,0,-49.89
343,20:25:48:747,3,Severe_Damage,L3_S2,-1812,1106,14860,-194,24,-115,0,-9.89
344,20:25:48:757,3,Severe_Damage,L3_S2,-1746,1120,14870,-187,46,-129,0,0.11
345,20:25:48:767,3,Severe_Damage,L3_S2,-1878,1074,14906,-199,6,-107,0,36.11
346,20:25:48:778,3,Severe_Damage,L3_S2,-1694,1134,14874,-195,53,-134,0,4.11
347,20:25:48:787,3,Severe_Damage,L3_S2,-1838,1126,14864,-195,11,-114,0,-5.89
348,20:25:48:797,3,Severe_Damage,L3_S2,-1738,1118,14836,-190,36,-125,0,-33.89
349,20:25:48:807,3,Severe_Damage,L3_S2,-1778,1084,14864,-188,37,-129,0,-5.89
350,20:25:48:817,3,Severe_Damage,L3_S2,-1826,1106,14916,-192,17,-113,0,46.11
351,20:25:48:827,3,Severe_Damage,L3_S2,-1746,1168,14896,-190,57,-129,0,26.11
352,20:25:48:837,3,Severe_Damage,L3_S2,-1840,1120,14836,-199,7,-110,0,-33.89
353,20:25:48:847,3,Severe_Damage,L3_S2,-1738,1086,14836,-187,45,-125,0,-33.89
354,20:25:48:857,3,Severe_Damage,L3_S2,-1824,1168,14902,-194,27,-121,0,32.11
355,20:25:48:867,3,Severe_Damage,L3_S2,-1834,1094,14844,-192,31,-119,0,-25.89
356,20:25:48:877,3,Severe_Damage,L3_S2,-1712,1130,14904,-191,46,-131,0,34.11
357,20:25:48:887,3,Severe_Damage,L3_S2,-1870,1148,14876,-196,11,-114,0,6.11
358,20:25:48:897,3,Severe_Damage,L3_S2,-1736,1160,14882,-192,45,-126,0,12.11
359,20:25:48:907,3,Severe_Damage,L3_S2,-1798,1090,14820,-194,24,-123,0,-49.89
360,20:25:48:917,3,Severe_Damage,L3_S2,-1786,1104,14918,-192,30,-122,0,48.11
361,20:25:48:927,3,Severe_Damage,L3_S2,-1770,1038,14870,-189,40,-127,0,0.11
362,20:25:48:937,3,Severe_Damage,L3_S2,-1768,1076,14852,-193,17,-119,0,-17.89
363,20:25:48:947,3,Severe_Damage,L3_S2,-1758,1134,14840,-184,49,-124,0,-29.89
364,20:25:48:957,3,Severe_Damage,L3_S2,-1804,1128,14834,-193,7,-120,0,-35.89
365,20:25:48:967,3,Severe_Damage,L3_S2,-1788,1110,14902,-193,39,-128,0,32.11
366,20:25:48:977,3,Severe_Damage,L3_S2,-1826,1130,14868,-187,29,-127,0,-1.89
367,20:25:48:987,3,Severe_Damage,L3_S2,-1814,1108,14830,-196,17,-122,0,-39.89
368,20:25:48:997,3,Severe_Damage,L3_S2,-1808,1048,14834,-187,47,-123,0,-35.89
369,20:25:49:007,3,Severe_Damage,L3_S2,-1800,1092,14842,-195,18,-114,0,-27.89
370,20:25:49:017,3,Severe_Damage,L3_S2,-1760,1124,14864,-180,47,-124,0,-5.89
371,20:25:49:028,3,Severe_Damage,L3_S2,-1752,1096,14860,-190,21,-117,0,-9.89
372,20:25:49:037,3,Severe_Damage,L3_S2,-1800,1154,14874,-187,30,-118,0,4.11
373,20:25:49:047,3,Severe_Damage,L3_S2,-1816,1080,14860,-189,42,-119,0,-9.89
374,20:25:49:057,3,Severe_Damage,L3_S2,-1774,1124,14822,-192,20,-110,0,-47.89
375,20:25:49:067,3,Severe_Damage,L3_S2,-1722,1108,14892,-193,42,-120,0,22.11
376,20:25:49:077,3,Severe_Damage,L3_S2,-1858,1098,14854,-193,20,-119,0,-15.89
377,20:25:49:087,3,Severe_Damage,L3_S2,-1734,1102,14848,-189,35,-126,0,-21.89
378,20:25:49:098,3,Severe_Damage,L3_S2,-1772,1128,14834,-192,33,-128,0,-35.89
379,20:25:49:107,3,Severe_Damage,L3_S2,-1778,1122,14848,-199,28,-122,0,-21.89
380,20:25:49:117,3,Severe_Damage,L3_S2,-1744,1110,14882,-199,41,-126,0,12.11
381,20:25:49:128,3,Severe_Damage,L3_S2,-1774,1150,14820,-199,26,-122,0,-49.89
382,20:25:49:137,3,Severe_Damage,L3_S2,-1750,1090,14896,-195,42,-127,0,26.11
383,20:25:49:147,3,Severe_Damage,L3_S2,-1814,1152,14824,-194,26,-119,0,-45.89
384,20:25:49:158,3,Severe_Damage,L3_S2,-1754,1100,14878,-193,38,-125,0,8.11
385,20:25:49:168,3,Severe_Damage,L3_S2,-1804,1134,14870,-193,37,-125,0,0.11
386,20:25:49:177,3,Severe_Damage,L3_S2,-1784,1106,14840,-192,24,-110,0,-29.89
387,20:25:49:188,3,Severe_Damage,L3_S2,-1768,1122,14842,-186,37,-122,0,-27.89
388,20:25:49:198,3,Severe_Damage,L3_S2,-1818,1160,14842,-191,22,-121,0,-27.89
389,20:25:49:208,3,Severe_Damage,L3_S2,-1796,1114,14926,-186,40,-129,0,56.11
390,20:25:49:218,3,Severe_Damage,L3_S2,-1782,1078,14834,-190,27,-121,0,-35.89
391,20:25:49:227,3,Severe_Damage,L3_S2,-1842,1120,14896,-184,23,-116,0,26.11
392,20:25:49:237,3,Severe_Damage,L3_S2,-1748,1156,14860,-188,35,-119,0,-9.89
393,20:25:49:247,3,Severe_Damage,L3_S2,-1838,1094,14828,-193,18,-113,0,-41.89
394,20:25:49:258,3,Severe_Damage,L3_S2,-1766,1132,14932,-192,36,-120,0,62.11
395,20:25:49:268,3,Severe_Damage,L3_S2,-1768,1130,14862,-191,25,-125,0,-7.89
396,20:25:49:277,3,Severe_Damage,L3_S2,-1746,1104,14960,-192,33,-119,0,90.11
397,20:25:49:288,3,Severe_Damage,L3_S2,-1758,1064,14878,-186,32,-122,0,8.11
398,20:25:49:298,3,Severe_Damage,L3_S2,-1772,1128,14912,-189,25,-116,0,42.11
399,20:25:49:308,3,Severe_Damage,L3_S2,-1774,1148,14896,-193,36,-118,0,26.11
400,20:25:49:318,3,Severe_Damage,L3_S2,-1786,1122,14864,-191,25,-118,0,-5.89
401,20:25:49:327,3,Severe_Damage,L3_S2,-1746,1124,14832,-201,31,-120,0,-37.89
402,20:25:49:337,3,Severe_Damage,L3_S2,-1754,1126,14868,-192,31,-123,0,-1.89
403,20:25:49:348,3,Severe_Damage,L3_S2,-1834,1102,14822,-197,24,-120,0,-47.89
404,20:25:49:357,3,Severe_Damage,L3_S2,-1754,1164,14864,-190,31,-124,0,-5.89
405,20:25:49:367,3,Severe_Damage,L3_S2,-1778,1102,14892,-188,32,-129,0,22.11
406,20:25:49:378,3,Severe_Damage,L3_S2,-1802,1150,14856,-192,32,-120,0,-13.89
407,20:25:49:388,3,Severe_Damage,L3_S2,-1766,1070,14868,-187,37,-118,0,-1.89
408,20:25:49:398,3,Severe_Damage,L3_S2,-1800,1110,14924,-185,35,-120,0,54.11
409,20:25:49:408,3,Severe_Damage,L3_S2,-1836,1164,14900,-182,35,-120,0,30.11
410,20:25:49:418,3,Severe_Damage,L3_S2,-1784,1068,14938,-187,24,-118,0,68.11
411,20:25:49:428,3,Severe_Damage,L3_S2,-1760,1146,14846,-180,33,-120,0,-23.89
412,20:25:49:438,3,Severe_Damage,L3_S2,-1798,1124,14884,-188,22,-124,0,14.11
413,20:25:49:448,3,Severe_Damage,L3_S2,-1794,1114,14862,-190,34,-129,0,-7.89
414,20:25:49:457,3,Severe_Damage,L3_S2,-1832,1122,14914,-191,21,-126,0,44.11
415,20:25:49:468,3,Severe_Damage,L3_S2,-1774,1116,14840,-190,31,-120,0,-29.89
416,20:25:49:478,3,Severe_Damage,L3_S2,-1822,1100,14896,-194,31,-125,0,26.11
417,20:25:49:488,3,Severe_Damage,L3_S2,-1794,1122,14908,-191,27,-117,0,38.11
418,20:25:49:498,3,Severe_Damage,L3_S2,-1784,1094,14830,-195,32,-120,0,-39.89
419,20:25:49:508,3,Severe_Damage,L3_S2,-1800,1114,14864,-201,30,-124,0,-5.89
420,20:25:49:518,3,Severe_Damage,L3_S2,-1806,1130,14944,-195,35,-123,0,74.11
421,20:25:49:528,3,Severe_Damage,L3_S2,-1776,1080,14834,-194,36,-125,0,-35.89
422,20:25:49:538,3,Severe_Damage,L3_S2,-1788,1112,14908,-190,23,-118,0,38.11
423,20:25:49:548,3,Severe_Damage,L3_S2,-1776,1098,14810,-189,42,-126,0,-59.89
424,20:25:49:558,3,Severe_Damage,L3_S2,-1796,1088,14872,-195,20,-119,0,2.11
425,20:25:49:568,3,Severe_Damage,L3_S2,-1754,1100,14874,-180,30,-122,0,4.11
426,20:25:49:578,3,Severe_Damage,L3_S2,-1754,1100,14854,-190,27,-118,0,-15.89
427,20:25:49:588,3,Severe_Damage,L3_S2,-1774,1148,14866,-187,25,-119,0,-3.89
428,20:25:49:598,3,Severe_Damage,L3_S2,-1794,1124,14868,-191,37,-118,0,-1.89
429,20:25:49:608,3,Severe_Damage,L3_S2,-1824,1104,14910,-187,24,-112,0,40.11
430,20:25:49:618,3,Severe_Damage,L3_S2,-1792,1100,14914,-186,32,-126,0,44.11
431,20:25:49:628,3,Severe_Damage,L3_S2,-1800,1138,14832,-191,20,-122,0,-37.89
432,20:25:49:638,3,Severe_Damage,L3_S2,-1794,1130,14926,-188,26,-132,0,56.11
433,20:25:49:648,3,Severe_Damage,L3_S2,-1764,1122,14924,-193,34,-128,0,54.11
434,20:25:49:658,3,Severe_Damage,L3_S2,-1820,1062,14822,-192,32,-124,0,-47.89
435,20:25:49:668,3,Severe_Damage,L3_S2,-1806,1124,14948,-194,32,-129,0,78.11
436,20:25:49:678,3,Severe_Damage,L3_S2,-1788,1108,14888,-195,24,-128,0,18.11
437,20:25:49:688,3,Severe_Damage,L3_S2,-1772,1096,14902,-200,30,-133,0,32.11
438,20:25:49:698,3,Severe_Damage,L3_S2,-1786,1128,14886,-194,33,-128,0,16.11
439,20:25:49:708,3,Severe_Damage,L3_S2,-1796,1122,14886,-199,30,-122,0,16.11
440,20:25:49:718,3,Severe_Damage,L3_S2,-1798,1084,14876,-188,32,-125,0,6.11
441,20:25:49:728,3,Severe_Damage,L3_S2,-1828,1122,14854,-191,18,-130,0,-15.89
442,20:25:49:738,3,Severe_Damage,L3_S2,-1808,1100,14870,-191,35,-122,0,0.11
443,20:25:49:748,3,Severe_Damage,L3_S2,-1812,1108,14898,-188,23,-120,0,28.11
444,20:25:49:758,3,Severe_Damage,L3_S2,-1776,1110,14888,-188,29,-123,0,18.11
445,20:25:49:768,3,Severe_Damage,L3_S2,-1754,1082,14904,-191,23,-125,0,34.11
446,20:25:49:778,3,Severe_Damage,L3_S2,-1746,1134,14856,-185,21,-123,0,-13.89
447,20:25:49:788,3,Severe_Damage,L3_S2,-1790,1090,14914,-193,28,-120,0,44.11
448,20:25:49:798,3,Severe_Damage,L3_S2,-1764,1116,14874,-186,28,-120,0,4.11
449,20:25:49:808,3,Severe_Damage,L3_S2,-1746,1092,14930,-193,35,-124,0,60.11
450,20:25:49:818,3,Severe_Damage,L3_S2,-1806,1086,14878,-179,19,-115,0,8.11
451,20:25:49:828,3,Severe_Damage,L3_S2,-1774,1130,14908,-189,34,-126,0,38.11
452,20:25:49:838,3,Severe_Damage,L3_S2,-1836,1134,14874,-187,20,-116,0,4.11
453,20:25:49:848,3,Severe_Damage,L3_S2,-1744,1146,14934,-191,34,-121,0,64.11
454,20:25:49:858,3,Severe_Damage,L3_S2,-1736,1134,14866,-195,24,-128,0,-3.89
455,20:25:49:868,3,Severe_Damage,L3_S2,-1848,1142,14828,-192,24,-127,0,-41.89
456,20:25:49:878,3,Severe_Damage,L3_S2,-1688,1126,14842,-200,36,-132,0,-27.89
457,20:25:49:888,3,Severe_Damage,L3_S2,-1778,1104,14794,-193,18,-109,0,-75.89
458,20:25:49:898,3,Severe_Damage,L3_S2,-1768,1084,14846,-191,36,-123,0,-23.89
459,20:25:49:908,3,Severe_Damage,L3_S2,-1798,1138,14850,-200,23,-120,0,-19.89
460,20:25:49:920,3,Severe_Damage,L3_S2,-1764,1146,14880,-202,27,-125,0,10.11
461,20:25:49:928,3,Severe_Damage,L3_S2,-1750,1140,14892,-194,40,-123,0,22.11
462,20:25:49:938,3,Severe_Damage,L3_S2,-1758,1098,14882,-201,22,-121,0,12.11
463,20:25:49:948,3,Severe_Damage,L3_S2,-1728,1114,14874,-183,47,-129,0,4.11
464,20:25:49:958,3,Severe_Damage,L3_S2,-1782,1098,14932,-192,23,-112,0,62.11
465,20:25:49:968,3,Severe_Damage,L3_S2,-1758,1116,14826,-185,34,-121,0,-43.89
466,20:25:49:978,3,Severe_Damage,L3_S2,-1748,1070,14874,-189,34,-118,0,4.11
467,20:25:49:988,3,Severe_Damage,L3_S2,-1774,1084,14878,-190,24,-120,0,8.11
468,20:25:49:998,3,Severe_Damage,L3_S2,-1748,1118,14862,-182,37,-122,0,-7.89
469,20:25:50:008,3,Severe_Damage,L3_S2,-1830,1110,14882,-188,28,-120,0,12.11
470,20:25:50:018,3,Severe_Damage,L3_S2,-1786,1132,14898,-197,39,-120,0,28.11
471,20:25:50:028,3,Severe_Damage,L3_S2,-1764,1064,14874,-189,27,-124,0,4.11
472,20:25:50:038,3,Severe_Damage,L3_S2,-1752,1064,14882,-195,29,-120,0,12.11
473,20:25:50:048,3,Severe_Damage,L3_S2,-1740,1126,14874,-190,36,-123,0,4.11
474,20:25:50:058,3,Severe_Damage,L3_S2,-1794,1050,14878,-193,22,-121,0,8.11
475,20:25:50:068,3,Severe_Damage,L3_S2,-1738,1164,14872,-189,37,-122,0,2.11
476,20:25:50:078,3,Severe_Damage,L3_S2,-1774,1126,14868,-198,20,-122,0,-1.89
477,20:25:50:088,3,Severe_Damage,L3_S2,-1746,1104,14902,-194,35,-123,0,32.11
478,20:25:50:098,3,Severe_Damage,L3_S2,-1800,1104,14858,-197,31,-124,0,-11.89
479,20:25:50:108,3,Severe_Damage,L3_S2,-1778,1060,14824,-196,22,-122,0,-45.89
480,20:25:50:118,3,Severe_Damage,L3_S2,-1752,1096,14900,-196,42,-126,0,30.11
481,20:25:50:128,3,Severe_Damage,L3_S2,-1750,1166,14852,-193,22,-118,0,-17.89
482,20:25:50:138,3,Severe_Damage,L3_S2,-1738,1076,14842,-192,38,-127,0,-27.89
483,20:25:50:148,3,Severe_Damage,L3_S2,-1848,1098,14832,-193,25,-116,0,-37.89
484,20:25:50:158,3,Severe_Damage,L3_S2,-1776,1056,14844,-188,28,-115,0,-25.89
485,20:25:50:168,3,Severe_Damage,L3_S2,-1788,1112,14858,-192,35,-123,0,-11.89
486,20:25:50:178,3,Severe_Damage,L3_S2,-1800,1106,14890,-192,19,-125,0,20.11
487,20:25:50:188,3,Severe_Damage,L3_S2,-1770,1076,14832,-191,35,-125,0,-37.89
488,20:25:50:198,3,Severe_Damage,L3_S2,-1828,1112,14932,-193,27,-117,0,62.11
489,20:25:50:208,3,Severe_Damage,L3_S2,-1840,1124,14832,-185,31,-123,0,-37.89
490,20:25:50:218,3,Severe_Damage,L3_S2,-1746,1114,14928,-187,22,-126,0,58.11
491,20:25:50:228,3,Severe_Damage,L3_S2,-1798,1108,14884,-201,24,-120,0,14.11
492,20:25:50:238,3,Severe_Damage,L3_S2,-1766,1148,14852,-190,36,-131,0,-17.89
493,20:25:50:248,3,Severe_Damage,L3_S2,-1786,1128,14906,-200,15,-118,0,36.11
494,20:25:50:258,3,Severe_Damage,L3_S2,-1764,1088,14846,-197,31,-123,0,-23.89
495,20:25:50:268,3,Severe_Damage,L3_S2,-1772,1102,14826,-198,28,-119,0,-43.89
496,20:25:50:278,3,Severe_Damage,L3_S2,-1822,1094,14794,-192,26,-120,0,-75.89
497,20:25:50:288,3,Severe_Damage,L3_S2,-1742,1114,14860,-196,36,-123,0,-9.89
498,20:25:50:298,3,Severe_Damage,L3_S2,-1770,1112,14836,-196,22,-115,0,-33.89
499,20:25:50:308,3,Severe_Damage,L3_S2,-1748,1158,14866,-197,32,-120,0,-3.89
500,20:25:50:318,3,Severe_Damage,L3_S2,-1742,1110,14858,-194,35,-124,0,-11.89
501,20:25:50:328,3,Severe_Damage,L3_S2,-1800,1168,14888,-197,30,-119,0,18.11
502,20:25:50:338,3,Severe_Damage,L3_S2,-1776,1088,14864,-190,36,-125,0,-5.89
503,20:25:50:348,3,Severe_Damage,L3_S2,-1780,1126,14898,-191,18,-120,0,28.11
504,20:25:50:358,3,Severe_Damage,L3_S2,-1838,1112,14838,-187,30,-124,0,-31.89
505,20:25:50:368,3,Severe_Damage,L3_S2,-1748,1124,14906,-189,28,-124,0,36.11
506,20:25:50:378,3,Severe_Damage,L3_S2,-1724,1156,14840,-189,29,-120,0,-29.89
507,20:25:50:388,3,Severe_Damage,L3_S2,-1812,1104,14818,-183,39,-119,0,-51.89
508,20:25:50:398,3,Severe_Damage,L3_S2,-1800,1156,14868,-189,33,-116,0,-1.89
509,20:25:50:408,3,Severe_Damage,L3_S2,-1760,1112,14832,-187,38,-121,0,-37.89
510,20:25:50:418,3,Severe_Damage,L3_S2,-1802,1138,14902,-196,20,-120,0,32.11
511,20:25:50:428,3,Severe_Damage,L3_S2,-1782,1092,14830,-191,32,-120,0,-39.89
512,20:25:50:438,3,Severe_Damage,L3_S2,-1786,1126,14852,-194,23,-113,0,-17.89
513,20:25:50:448,3,Severe_Damage,L3_S2,-1782,1112,14864,-190,27,-122,0,-5.89
514,20:25:50:458,3,Severe_Damage,L3_S2,-1766,1094,14834,-197,26,-129,0,-35.89
515,20:25:50:468,3,Severe_Damage,L3_S2,-1784,1118,14842,-195,26,-124,0,-27.89
516,20:25:50:478,3,Severe_Damage,L3_S2,-1748,1098,14882,-192,30,-123,0,12.11
517,20:25:50:488,3,Severe_Damage,L3_S2,-1790,1156,14878,-187,21,-122,0,8.11
518,20:25:50:498,3,Severe_Damage,L3_S2,-1774,1118,14860,-192,32,-126,0,-9.89
519,20:25:50:508,3,Severe_Damage,L3_S2,-1802,1146,14964,-196,26,-119,0,94.11
520,20:25:50:518,3,Severe_Damage,L3_S2,-1790,1130,14876,-196,27,-120,0,6.11
521,20:25:50:528,3,Severe_Damage,L3_S2,-1780,1140,14868,-195,43,-124,0,-1.89
522,20:25:50:538,3,Severe_Damage,L3_S2,-1758,1152,14878,-192,25,-121,0,8.11
523,20:25:50:548,3,Severe_Damage,L3_S2,-1770,1154,14928,-192,37,-120,0,58.11
524,20:25:50:558,3,Severe_Damage,L3_S2,-1798,1090,14812,-197,22,-118,0,-57.89
525,20:25:50:568,3,Severe_Damage,L3_S2,-1762,1084,14874,-193,28,-130,0,4.11
526,20:25:50:578,3,Severe_Damage,L3_S2,-1716,1104,14856,-193,30,-122,0,-13.89
527,20:25:50:588,3,Severe_Damage,L3_S2,-1804,1152,14894,-186,27,-121,0,24.11
528,20:25:50:598,3,Severe_Damage,L3_S2,-1754,1094,14826,-188,38,-129,0,-43.89
529,20:25:50:608,3,Severe_Damage,L3_S2,-1830,1112,14858,-188,33,-126,0,-11.89
530,20:25:50:618,3,Severe_Damage,L3_S2,-1756,1090,14822,-188,37,-120,0,-47.89
531,20:25:50:628,3,Severe_Damage,L3_S2,-1784,1132,14854,-191,32,-121,0,-15.89
532,20:25:50:638,3,Severe_Damage,L3_S2,-1760,1122,14838,-188,39,-125,0,-31.89
533,20:25:50:648,3,Severe_Damage,L3_S2,-1806,1132,14868,-187,22,-121,0,-1.89
534,20:25:50:658,3,Severe_Damage,L3_S2,-1774,1124,14856,-188,32,-126,0,-13.89
535,20:25:50:668,3,Severe_Damage,L3_S2,-1766,1104,14840,-191,28,-123,0,-29.89
536,20:25:50:678,3,Severe_Damage,L3_S2,-1844,1124,14904,-198,26,-124,0,34.11
537,20:25:50:688,3,Severe_Damage,L3_S2,-1758,1080,14876,-193,31,-124,0,6.11
538,20:25:50:698,3,Severe_Damage,L3_S2,-1774,1112,14898,-197,23,-119,0,28.11
539,20:25:50:708,3,Severe_Damage,L3_S2,-1766,1090,14928,-185,38,-119,0,58.11
540,20:25:50:718,3,Severe_Damage,L3_S2,-1742,1130,14912,-195,22,-117,0,42.11
541,20:25:50:728,3,Severe_Damage,L3_S2,-1824,1144,14864,-187,33,-117,0,-5.89
542,20:25:50:738,3,Severe_Damage,L3_S2,-1800,1166,14864,-192,27,-123,0,-5.89
543,20:25:50:748,3,Severe_Damage,L3_S2,-1754,1144,14892,-182,32,-123,0,22.11
544,20:25:50:758,3,Severe_Damage,L3_S2,-1730,1080,14836,-187,26,-125,0,-33.89
545,20:25:50:768,3,Severe_Damage,L3_S2,-1814,1088,14878,-180,26,-120,0,8.11
546,20:25:50:778,3,Severe_Damage,L3_S2,-1798,1082,14886,-182,33,-122,0,16.11
547,20:25:50:788,3,Severe_Damage,L3_S2,-1778,1138,14920,-181,29,-118,0,50.11
548,20:25:50:798,3,Severe_Damage,L3_S2,-1774,1090,14892,-189,30,-125,0,22.11
549,20:25:50:808,3,Severe_Damage,L3_S2,-1788,1112,14932,-194,34,-127,0,62.11
550,20:25:50:818,3,Severe_Damage,L3_S2,-1858,1054,14842,-188,30,-124,0,-27.89
551,20:25:50:828,3,Severe_Damage,L3_S2,-1798,1112,14880,-193,33,-122,0,10.11
552,20:25:50:838,3,Severe_Damage,L3_S2,-1770,1078,14910,-197,26,-120,0,40.11
553,20:25:50:848,3,Severe_Damage,L3_S2,-1814,1110,14926,-195,32,-122,0,56.11
554,20:25:50:858,3,Severe_Damage,L3_S2,-1774,1100,14802,-189,32,-123,0,-67.89
555,20:25:50:868,3,Severe_Damage,L3_S2,-1762,1070,14904,-196,27,-123,0,34.11
556,20:25:50:878,3,Severe_Damage,L3_S2,-1750,1102,14874,-188,33,-119,0,4.11
557,20:25:50:888,3,Severe_Damage,L3_S2,-1710,1128,14872,-199,16,-120,0,2.11
558,20:25:50:898,3,Severe_Damage,L3_S2,-1802,1084,14786,-192,29,-127,0,-83.89
559,20:25:50:908,3,Severe_Damage,L3_S2,-1796,1078,14854,-196,36,-119,0,-15.89
560,20:25:50:918,3,Severe_Damage,L3_S2,-1772,1100,14818,-189,33,-120,0,-51.89
561,20:25:50:928,3,Severe_Damage,L3_S2,-1762,1126,14884,-193,30,-118,0,14.11
562,20:25:50:938,3,Severe_Damage,L3_S2,-1830,1086,14884,-192,32,-128,0,14.11
563,20:25:50:948,3,Severe_Damage,L3_S2,-1730,1116,14878,-185,32,-119,0,8.11
564,20:25:50:958,3,Severe_Damage,L3_S2,-1812,1138,14806,-190,29,-119,0,-63.89
565,20:25:50:968,3,Severe_Damage,L3_S2,-1788,1092,14778,-188,24,-120,0,-91.89
566,20:25:50:978,3,Severe_Damage,L3_S2,-1762,1092,14862,-189,31,-122,0,-7.89
567,20:25:50:988,3,Severe_Damage,L3_S2,-1776,1118,14846,-184,33,-124,0,-23.89
568,20:25:50:998,3,Severe_Damage,L3_S2,-1776,1086,14900,-190,38,-124,0,30.11
569,20:25:51:008,3,Severe_Damage,L3_S2,-1794,1088,14810,-190,33,-119,0,-59.89
570,20:25:51:018,3,Severe_Damage,L3_S2,-1802,1082,14898,-190,31,-120,0,28.11
571,20:25:51:028,3,Severe_Damage,L3_S2,-1802,1112,14798,-187,30,-115,0,-71.89
572,20:25:51:038,3,Severe_Damage,L3_S2,-1750,1154,14860,-193,21,-129,0,-9.89
573,20:25:51:048,3,Severe_Damage,L3_S2,-1766,1134,14814,-188,24,-127,0,-55.89
574,20:25:51:058,3,Severe_Damage,L3_S2,-1792,1110,14836,-194,29,-118,0,-33.89
575,20:25:51:068,3,Severe_Damage,L3_S2,-1784,1134,14892,-197,30,-120,0,22.11
576,20:25:51:078,3,Severe_Damage,L3_S2,-1808,1100,14808,-191,32,-127,0,-61.89
577,20:25:51:088,3,Severe_Damage,L3_S2,-1802,1106,14830,-193,25,-129,0,-39.89
578,20:25:51:098,3,Severe_Damage,L3_S2,-1806,1096,14862,-196,27,-125,0,-7.89
579,20:25:51:109,3,Severe_Damage,L3_S2,-1774,1084,14864,-195,26,-125,0,-5.89
580,20:25:51:118,3,Severe_Damage,L3_S2,-1820,1112,14866,-195,29,-120,0,-3.89
581,20:25:51:128,3,Severe_Damage,L3_S2,-1794,1096,14900,-194,24,-119,0,30.11
582,20:25:51:138,3,Severe_Damage,L3_S2,-1792,1116,14806,-193,30,-118,0,-63.89
583,20:25:51:148,3,Severe_Damage,L3_S2,-1788,1114,14892,-191,33,-120,0,22.11
584,20:25:51:158,3,Severe_Damage,L3_S2,-1774,1108,14874,-190,37,-117,0,4.11
585,20:25:51:168,3,Severe_Damage,L3_S2,-1784,1084,14802,-191,25,-126,0,-67.89
586,20:25:51:178,3,Severe_Damage,L3_S2,-1784,1132,14828,-187,28,-126,0,-41.89
587,20:25:51:188,3,Severe_Damage,L3_S2,-1820,1136,14816,-191,34,-119,0,-53.89
588,20:25:51:198,3,Severe_Damage,L3_S2,-1782,1136,14862,-194,29,-125,0,-7.89
589,20:25:51:208,3,Severe_Damage,L3_S2,-1756,1108,14880,-194,32,-124,0,10.11
590,20:25:51:218,3,Severe_Damage,L3_S2,-1850,1136,14864,-197,27,-118,0,-5.89
591,20:25:51:228,3,Severe_Damage,L3_S2,-1714,1132,14976,-194,31,-121,0,106.11
592,20:25:51:238,3,Severe_Damage,L3_S2,-1780,1134,14878,-192,23,-125,0,8.11
593,20:25:51:248,3,Severe_Damage,L3_S2,-1830,1132,14870,-190,29,-124,0,0.11
594,20:25:51:258,3,Severe_Damage,L3_S2,-1744,1120,14902,-197,34,-123,0,32.11
595,20:25:51:268,3,Severe_Damage,L3_S2,-1788,1134,14828,-189,25,-126,0,-41.89
596,20:25:51:278,3,Severe_Damage,L3_S2,-1786,1052,14832,-195,32,-126,0,-37.89
597,20:25:51:288,3,Severe_Damage,L3_S2,-1792,1066,14854,-191,27,-127,0,-15.89
598,20:25:51:298,3,Severe_Damage,L3_S2,-1794,1120,14870,-195,30,-127,0,0.11
599,20:25:51:308,3,Severe_Damage,L3_S2,-1776,1090,14834,-187,32,-129,0,-35.89
600,20:25:51:318,3,Severe_Damage,L3_S2,-1814,1100,14912,-196,27,-122,0,42.11
601,20:25:51:328,3,Severe_Damage,L3_S2,-1758,1104,14928,-187,33,-123,0,58.11
602,20:25:51:338,3,Severe_Damage,L3_S2,-1796,1082,14888,-189,28,-124,0,18.11
603,20:25:51:348,3,Severe_Damage,L3_S2,-1760,1114,14900,-187,29,-123,0,30.11
604,20:25:51:358,3,Severe_Damage,L3_S2,-1786,1110,14874,-187,27,-127,0,4.11
605,20:25:51:368,3,Severe_Damage,L3_S2,-1760,1116,14930,-188,28,-120,0,60.11
606,20:25:51:378,3,Severe_Damage,L3_S2,-1772,1122,14812,-181,31,-119,0,-57.89
607,20:25:51:388,3,Severe_Damage,L3_S2,-1800,1108,14838,-183,20,-117,0,-31.89
608,20:25:51:398,3,Severe_Damage,L3_S2,-1758,1142,14838,-183,35,-119,0,-31.89
609,20:25:51:408,3,Severe_Damage,L3_S2,-1776,1124,14852,-194,24,-122,0,-17.89
610,20:25:51:418,3,Severe_Damage,L3_S2,-1762,1104,14878,-193,33,-125,0,8.11
611,20:25:51:428,3,Severe_Damage,L3_S2,-1770,1032,14822,-198,28,-118,0,-47.89
612,20:25:51:438,3,Severe_Damage,L3_S2,-1762,1074,14836,-184,25,-116,0,-33.89
613,20:25:51:450,3,Severe_Damage,L3_S2,-1786,1088,14850,-189,27,-122,0,-19.89
614,20:25:51:458,3,Severe_Damage,L3_S2,-1818,1104,14796,-191,27,-118,0,-73.89
615,20:25:51:468,3,Severe_Damage,L3_S2,-1762,1124,14868,-194,29,-127,0,-1.89
616,20:25:51:478,3,Severe_Damage,L3_S2,-1794,1116,14826,-187,27,-123,0,-43.89
617,20:25:51:488,3,Severe_Damage,L3_S2,-1786,1088,14884,-184,29,-124,0,14.11
618,20:25:51:498,3,Severe_Damage,L3_S2,-1786,1120,14866,-185,32,-125,0,-3.89
619,20:25:51:508,3,Severe_Damage,L3_S2,-1762,1074,14820,-190,24,-118,0,-49.89
620,20:25:51:518,3,Severe_Damage,L3_S2,-1730,1070,14850,-193,35,-118,0,-19.89
621,20:25:51:528,3,Severe_Damage,L3_S2,-1800,1114,14896,-191,21,-123,0,26.11
622,20:25:51:538,3,Severe_Damage,L3_S2,-1796,1112,14848,-190,25,-128,0,-21.89
623,20:25:51:548,3,Severe_Damage,L3_S2,-1772,1134,14840,-192,34,-128,0,-29.89
624,20:25:51:558,3,Severe_Damage,L3_S2,-1782,1094,14844,-194,26,-120,0,-25.89
625,20:25:51:568,3,Severe_Damage,L3_S2,-1758,1124,14812,-191,33,-121,0,-57.89
626,20:25:51:578,3,Severe_Damage,L3_S2,-1798,1120,14882,-196,22,-117,0,12.11
627,20:25:51:588,3,Severe_Damage,L3_S2,-1794,1084,14850,-190,39,-121,0,-19.89
628,20:25:51:598,3,Severe_Damage,L3_S2,-1834,1150,14800,-195,26,-122,0,-69.89
629,20:25:51:608,3,Severe_Damage,L3_S2,-1774,1096,14860,-180,38,-132,0,-9.89
630,20:25:51:618,3,Severe_Damage,L3_S2,-1786,1138,14838,-191,32,-121,0,-31.89
631,20:25:51:628,3,Severe_Damage,L3_S2,-1780,1098,14792,-190,26,-119,0,-77.89
632,20:25:51:638,3,Severe_Damage,L3_S2,-1688,1130,14878,-186,42,-129,0,8.11
633,20:25:51:648,3,Severe_Damage,L3_S2,-1788,1060,14826,-189,17,-116,0,-43.89
634,20:25:51:658,3,Severe_Damage,L3_S2,-1730,1124,14858,-192,37,-124,0,-11.89
635,20:25:51:668,3,Severe_Damage,L3_S2,-1792,1130,14858,-184,32,-117,0,-11.89
636,20:25:51:678,3,Severe_Damage,L3_S2,-1824,1058,14866,-199,19,-116,0,-3.89
637,20:25:51:688,3,Severe_Damage,L3_S2,-1726,1124,14826,-179,58,-126,0,-43.89
638,20:25:51:698,3,Severe_Damage,L3_S2,-1812,1098,14844,-201,-2,-116,0,-25.89
639,20:25:51:708,3,Severe_Damage,L3_S2,-1796,1162,14812,-181,58,-118,0,-57.89
640,20:25:51:718,3,Severe_Damage,L3_S2,-1788,1064,14852,-196,18,-118,0,-17.89
641,20:25:51:728,3,Severe_Damage,L3_S2,-1754,1112,14858,-185,30,-118,0,-11.89
642,20:25:51:738,3,Severe_Damage,L3_S2,-1814,1112,14830,-195,32,-132,0,-39.89
643,20:25:51:748,3,Severe_Damage,L3_S2,-1770,1078,14810,-185,28,-121,0,-59.89
644,20:25:51:758,3,Severe_Damage,L3_S2,-1770,1138,14846,-187,34,-119,0,-23.89
645,20:25:51:768,3,Severe_Damage,L3_S2,-1854,1112,14850,-196,18,-118,0,-19.89
646,20:25:51:778,3,Severe_Damage,L3_S2,-1774,1142,14810,-189,39,-128,0,-59.89
647,20:25:51:788,3,Severe_Damage,L3_S2,-1770,1164,14848,-192,29,-120,0,-21.89
648,20:25:51:798,3,Severe_Damage,L3_S2,-1786,1120,14846,-186,29,-122,0,-23.89
649,20:25:51:808,3,Severe_Damage,L3_S2,-1744,1128,14898,-202,38,-127,0,28.11
650,20:25:51:818,3,Severe_Damage,L3_S2,-1784,1108,14860,-186,23,-117,0,-9.89
651,20:25:51:828,3,Severe_Damage,L3_S2,-1742,1086,14934,-197,39,-126,0,64.11
652,20:25:51:838,3,Severe_Damage,L3_S2,-1824,1132,14890,-186,22,-118,0,20.11
653,20:25:51:848,3,Severe_Damage,L3_S2,-1750,1124,14984,-192,22,-125,0,114.11
654,20:25:51:858,3,Severe_Damage,L3_S2,-1732,1122,14888,-182,36,-123,0,18.11
655,20:25:51:868,3,Severe_Damage,L3_S2,-1804,1068,14922,-198,8,-120,0,52.11
656,20:25:51:878,3,Severe_Damage,L3_S2,-1762,1080,14910,-187,45,-130,0,40.11
657,20:25:51:888,3,Severe_Damage,L3_S2,-1770,1100,14926,-197,16,-120,0,56.11
658,20:25:51:898,3,Severe_Damage,L3_S2,-1742,1084,14880,-185,37,-124,0,10.11
659,20:25:51:908,3,Severe_Damage,L3_S2,-1758,1096,14826,-191,33,-123,0,-43.89
660,20:25:51:918,3,Severe_Damage,L3_S2,-1828,1126,14846,-192,24,-120,0,-23.89
661,20:25:51:928,3,Severe_Damage,L3_S2,-1830,1158,14908,-189,41,-125,0,38.11
662,20:25:51:938,3,Severe_Damage,L3_S2,-1826,1122,14858,-196,22,-116,0,-11.89
663,20:25:51:948,3,Severe_Damage,L3_S2,-1776,1098,14834,-186,41,-123,0,-35.89
664,20:25:51:958,3,Severe_Damage,L3_S2,-1802,1122,14826,-188,30,-122,0,-43.89
665,20:25:51:968,3,Severe_Damage,L3_S2,-1782,1140,14848,-189,26,-125,0,-21.89
666,20:25:51:978,3,Severe_Damage,L3_S2,-1758,1110,14888,-196,36,-131,0,18.11
667,20:25:51:988,3,Severe_Damage,L3_S2,-1822,1116,14872,-193,27,-128,0,2.11
668,20:25:51:998,3,Severe_Damage,L3_S2,-1740,1108,14850,-195,40,-132,0,-19.89
669,20:25:52:008,3,Severe_Damage,L3_S2,-1826,1078,14910,-189,30,-125,0,40.11
670,20:25:52:018,3,Severe_Damage,L3_S2,-1796,1078,14872,-191,29,-122,0,2.11
671,20:25:52:028,3,Severe_Damage,L3_S2,-1782,1122,14886,-187,30,-115,0,16.11
672,20:25:52:038,3,Severe_Damage,L3_S2,-1764,1096,14888,-193,21,-121,0,18.11
673,20:25:52:048,3,Severe_Damage,L3_S2,-1776,1118,14858,-189,43,-125,0,-11.89
674,20:25:52:058,3,Severe_Damage,L3_S2,-1760,1122,14918,-199,20,-121,0,48.11
675,20:25:52:068,3,Severe_Damage,L3_S2,-1730,1098,14872,-194,32,-127,0,2.11
676,20:25:52:078,3,Severe_Damage,L3_S2,-1770,1122,14828,-192,25,-121,0,-41.89
677,20:25:52:088,3,Severe_Damage,L3_S2,-1750,1126,14852,-193,28,-122,0,-17.89
678,20:25:52:098,3,Severe_Damage,L3_S2,-1796,1088,14846,-187,35,-124,0,-23.89
679,20:25:52:108,3,Severe_Damage,L3_S2,-1812,1108,14846,-191,23,-118,0,-23.89
680,20:25:52:118,3,Severe_Damage,L3_S2,-1754,1094,14838,-189,31,-127,0,-31.89
681,20:25:52:128,3,Severe_Damage,L3_S2,-1760,1114,14868,-183,31,-124,0,-1.89
682,20:25:52:138,3,Severe_Damage,L3_S2,-1778,1110,14874,-185,26,-122,0,4.11
683,20:25:52:148,3,Severe_Damage,L3_S2,-1762,1090,14820,-188,29,-119,0,-49.89
684,20:25:52:158,3,Severe_Damage,L3_S2,-1780,1106,14866,-192,26,-120,0,-3.89
685,20:25:52:168,3,Severe_Damage,L3_S2,-1774,1144,14882,-191,45,-131,0,12.11
686,20:25:52:178,3,Severe_Damage,L3_S2,-1818,1146,14868,-194,10,-119,0,-1.89
687,20:25:52:188,3,Severe_Damage,L3_S2,-1748,1152,14906,-190,39,-119,0,36.11
688,20:25:52:198,3,Severe_Damage,L3_S2,-1800,1136,14866,-194,26,-123,0,-3.89
689,20:25:52:208,3,Severe_Damage,L3_S2,-1778,1098,14912,-190,28,-126,0,42.11
690,20:25:52:218,3,Severe_Damage,L3_S2,-1750,1158,14890,-194,32,-126,0,20.11
691,20:25:52:228,3,Severe_Damage,L3_S2,-1800,1090,14848,-195,26,-120,0,-21.89
692,20:25:52:238,3,Severe_Damage,L3_S2,-1804,1110,14812,-192,40,-122,0,-57.89
693,20:25:52:248,3,Severe_Damage,L3_S2,-1772,1122,14894,-194,28,-120,0,24.11
694,20:25:52:258,3,Severe_Damage,L3_S2,-1804,1116,14882,-186,35,-129,0,12.11
695,20:25:52:268,3,Severe_Damage,L3_S2,-1756,1098,14886,-195,30,-125,0,16.11
696,20:25:52:278,3,Severe_Damage,L3_S2,-1808,1140,14900,-192,25,-117,0,30.11
697,20:25:52:288,3,Severe_Damage,L3_S2,-1736,1114,14834,-193,41,-128,0,-35.89
698,20:25:52:298,3,Severe_Damage,L3_S2,-1828,1090,14876,-188,24,-123,0,6.11
699,20:25:52:308,3,Severe_Damage,L3_S2,-1836,1090,14894,-197,37,-128,0,24.11
700,20:25:52:318,3,Severe_Damage,L3_S2,-1776,1138,14936,-192,35,-125,0,66.11
701,20:25:52:328,3,Severe_Damage,L3_S2,-1806,1088,14908,-195,20,-119,0,38.11
702,20:25:52:338,3,Severe_Damage,L3_S2,-1708,1136,14892,-183,38,-124,0,22.11
703,20:25:52:348,3,Severe_Damage,L3_S2,-1788,1086,14886,-190,23,-122,0,16.11
704,20:25:52:358,3,Severe_Damage,L3_S2,-1782,1100,14884,-188,37,-123,0,14.11
705,20:25:52:368,3,Severe_Damage,L3_S2,-1794,1102,14896,-190,28,-123,0,26.11
706,20:25:52:378,3,Severe_Damage,L3_S2,-1802,1108,14896,-186,30,-121,0,26.11
707,20:25:52:388,3,Severe_Damage,L3_S2,-1772,1090,14882,-189,24,-127,0,12.11
708,20:25:52:398,3,Severe_Damage,L3_S2,-1754,1076,14830,-195,25,-126,0,-39.89
709,20:25:52:408,3,Severe_Damage,L3_S2,-1798,1116,14878,-192,23,-121,0,8.11
710,20:25:52:418,3,Severe_Damage,L3_S2,-1768,1144,14828,-188,28,-130,0,-41.89
711,20:25:52:428,3,Severe_Damage,L3_S2,-1782,1100,14858,-190,32,-125,0,-11.89
712,20:25:52:438,3,Severe_Damage,L3_S2,-1798,1120,14822,-195,33,-121,0,-47.89
713,20:25:52:448,3,Severe_Damage,L3_S2,-1786,1080,14844,-192,23,-118,0,-25.89
714,20:25:52:458,3,Severe_Damage,L3_S2,-1766,1160,14822,-188,34,-121,0,-47.89
715,20:25:52:468,3,Severe_Damage,L3_S2,-1782,1088,14888,-188,31,-126,0,18.11
716,20:25:52:478,3,Severe_Damage,L3_S2,-1764,1130,14892,-188,35,-124,0,22.11
717,20:25:52:488,3,Severe_Damage,L3_S2,-1790,1112,14892,-190,32,-124,0,22.11
718,20:25:52:498,3,Severe_Damage,L3_S2,-1732,1078,14902,-193,32,-124,0,32.11
719,20:25:52:508,3,Severe_Damage,L3_S2,-1800,1106,14880,-194,32,-121,0,10.11
720,20:25:52:518,3,Severe_Damage,L3_S2,-1740,1138,14842,-192,32,-127,0,-27.89
721,20:25:52:528,3,Severe_Damage,L3_S2,-1762,1128,14794,-191,32,-121,0,-75.89
722,20:25:52:538,3,Severe_Damage,L3_S2,-1814,1134,14886,-196,26,-124,0,16.11
723,20:25:52:549,3,Severe_Damage,L3_S2,-1780,1084,14918,-185,36,-127,0,48.11
724,20:25:52:558,3,Severe_Damage,L3_S2,-1824,1104,14894,-192,20,-121,0,24.11
725,20:25:52:568,3,Severe_Damage,L3_S2,-1792,1132,14914,-188,42,-126,0,44.11
726,20:25:52:578,3,Severe_Damage,L3_S2,-1790,1076,14826,-196,29,-128,0,-43.89
727,20:25:52:588,3,Severe_Damage,L3_S2,-1816,1100,14812,-193,20,-123,0,-57.89
728,20:25:52:598,3,Severe_Damage,L3_S2,-1746,1114,14870,-183,29,-132,0,0.11
729,20:25:52:608,3,Severe_Damage,L3_S2,-1746,1116,14842,-190,26,-123,0,-27.89
730,20:25:52:618,3,Severe_Damage,L3_S2,-1800,1132,14838,-191,25,-129,0,-31.89
731,20:25:52:628,3,Severe_Damage,L3_S2,-1754,1088,14868,-199,26,-124,0,-1.89
732,20:25:52:638,3,Severe_Damage,L3_S2,-1818,1094,14850,-187,23,-118,0,-19.89
733,20:25:52:648,3,Severe_Damage,L3_S2,-1766,1124,14962,-195,41,-117,0,92.11
734,20:25:52:658,3,Severe_Damage,L3_S2,-1810,1108,14882,-190,11,-114,0,12.11
735,20:25:52:668,3,Severe_Damage,L3_S2,-1724,1176,14840,-190,47,-137,0,-29.89
736,20:25:52:678,3,Severe_Damage,L3_S2,-1864,1132,14846,-196,10,-125,0,-23.89
737,20:25:52:688,3,Severe_Damage,L3_S2,-1672,1090,14896,-181,48,-134,0,26.11
738,20:25:52:698,3,Severe_Damage,L3_S2,-1786,1080,14932,-201,17,-118,0,62.11
739,20:25:52:708,3,Severe_Damage,L3_S2,-1820,1106,14800,-178,24,-114,0,-69.89
740,20:25:52:719,3,Severe_Damage,L3_S2,-1694,1072,14844,-200,42,-137,0,-25.89
741,20:25:52:728,3,Severe_Damage,L3_S2,-1956,1106,14828,-195,5,-108,0,-41.89
742,20:25:52:738,3,Severe_Damage,L3_S2,-1706,1080,14886,-188,56,-129,0,16.11
743,20:25:52:748,3,Severe_Damage,L3_S2,-1838,1146,14832,-193,7,-113,0,-37.89
744,20:25:52:758,3,Severe_Damage,L3_S2,-1834,1092,14906,-186,30,-121,0,36.11
745,20:25:52:768,3,Severe_Damage,L3_S2,-1652,1104,14886,-182,36,-128,0,16.11
746,20:25:52:778,3,Severe_Damage,L3_S2,-1886,1122,14804,-189,9,-118,0,-65.89
747,20:25:52:788,3,Severe_Damage,L3_S2,-1690,1096,14920,-186,64,-136,0,50.11
748,20:25:52:798,3,Severe_Damage,L3_S2,-1846,1062,14838,-190,15,-116,0,-31.89
749,20:25:52:808,3,Severe_Damage,L3_S2,-1744,1122,14856,-202,48,-127,0,-13.89
750,20:25:52:818,3,Severe_Damage,L3_S2,-1738,1100,14884,-184,27,-126,0,14.11
751,20:25:52:828,3,Severe_Damage,L3_S2,-1830,1094,14820,-199,10,-117,0,-49.89
752,20:25:52:838,3,Severe_Damage,L3_S2,-1680,1082,14912,-177,54,-132,0,42.11
753,20:25:52:848,3,Severe_Damage,L3_S2,-1792,1074,14838,-206,-6,-115,0,-31.89
754,20:25:52:858,3,Severe_Damage,L3_S2,-1746,1104,14850,-185,57,-130,0,-19.89
755,20:25:52:868,3,Severe_Damage,L3_S2,-1804,1060,14946,-203,13,-120,0,76.11
756,20:25:52:878,3,Severe_Damage,L3_S2,-1792,1116,14812,-192,26,-115,0,-57.89
757,20:25:52:888,3,Severe_Damage,L3_S2,-1728,1134,14890,-190,43,-125,0,20.11
758,20:25:52:898,3,Severe_Damage,L3_S2,-1848,1104,14796,-190,10,-114,0,-73.89
759,20:25:52:908,3,Severe_Damage,L3_S2,-1744,1110,14914,-193,56,-130,0,44.11
760,20:25:52:918,3,Severe_Damage,L3_S2,-1816,1092,14834,-197,14,-117,0,-35.89
761,20:25:52:928,3,Severe_Damage,L3_S2,-1804,1078,14800,-190,35,-122,0,-69.89
762,20:25:52:938,3,Severe_Damage,L3_S2,-1784,1094,14874,-193,37,-121,0,4.11
763,20:25:52:948,3,Severe_Damage,L3_S2,-1806,1114,14824,-186,14,-118,0,-45.89
764,20:25:52:958,3,Severe_Damage,L3_S2,-1768,1100,14878,-188,50,-130,0,8.11
765,20:25:52:968,3,Severe_Damage,L3_S2,-1826,1124,14882,-190,16,-118,0,12.11
766,20:25:52:978,3,Severe_Damage,L3_S2,-1734,1106,14906,-199,42,-124,0,36.11
767,20:25:52:988,3,Severe_Damage,L3_S2,-1804,1128,14814,-190,23,-121,0,-55.89
768,20:25:52:998,3,Severe_Damage,L3_S2,-1796,1104,14884,-196,20,-124,0,14.11
769,20:25:53:008,3,Severe_Damage,L3_S2,-1768,1082,14744,-191,48,-124,0,-125.89
770,20:25:53:018,3,Severe_Damage,L3_S2,-1774,1098,14832,-199,14,-120,0,-37.89
771,20:25:53:028,3,Severe_Damage,L3_S2,-1742,1110,14852,-185,55,-130,0,-17.89
772,20:25:53:038,3,Severe_Damage,L3_S2,-1844,1120,14864,-198,6,-120,0,-5.89
773,20:25:53:048,3,Severe_Damage,L3_S2,-1766,1108,14860,-190,33,-127,0,-9.89
774,20:25:53:058,3,Severe_Damage,L3_S2,-1804,1104,14810,-195,31,-119,0,-59.89
775,20:25:53:068,3,Severe_Damage,L3_S2,-1836,1084,14796,-193,23,-120,0,-73.89
776,20:25:53:078,3,Severe_Damage,L3_S2,-1748,1134,14944,-190,46,-122,0,74.11
777,20:25:53:088,3,Severe_Damage,L3_S2,-1808,1090,14870,-194,17,-122,0,0.11
778,20:25:53:098,3,Severe_Damage,L3_S2,-1768,1110,14854,-185,49,-124,0,-15.89
779,20:25:53:110,3,Severe_Damage,L3_S2,-1842,1122,14906,-191,20,-118,0,36.11
780,20:25:53:118,3,Severe_Damage,L3_S2,-1762,1132,14900,-183,29,-119,0,30.11
781,20:25:53:128,3,Severe_Damage,L3_S2,-1746,1106,14830,-194,40,-123,0,-39.89
782,20:25:53:138,3,Severe_Damage,L3_S2,-1800,1126,14808,-191,17,-117,0,-61.89
783,20:25:53:148,3,Severe_Damage,L3_S2,-1720,1064,14896,-189,47,-132,0,26.11
784,20:25:53:158,3,Severe_Damage,L3_S2,-1800,1084,14876,-194,16,-123,0,6.11
785,20:25:53:168,3,Severe_Damage,L3_S2,-1742,1106,14902,-194,45,-124,0,32.11
786,20:25:53:178,3,Severe_Damage,L3_S2,-1816,1058,14878,-194,23,-122,0,8.11
787,20:25:53:188,3,Severe_Damage,L3_S2,-1776,1090,14842,-190,21,-121,0,-27.89
788,20:25:53:198,3,Severe_Damage,L3_S2,-1740,1114,14822,-191,50,-126,0,-47.89
789,20:25:53:209,3,Severe_Damage,L3_S2,-1808,1124,14800,-196,33,-118,0,-69.89
790,20:25:53:219,3,Severe_Damage,L3_S2,-1790,1104,14878,-192,47,-124,0,8.11
791,20:25:53:228,3,Severe_Damage,L3_S2,-1802,1084,14930,-194,25,-120,0,60.11
792,20:25:53:238,3,Severe_Damage,L3_S2,-1790,1078,14870,-191,32,-123,0,0.11
793,20:25:53:248,3,Severe_Damage,L3_S2,-1732,1188,14842,-192,34,-122,0,-27.89
794,20:25:53:258,3,Severe_Damage,L3_S2,-1824,1070,14870,-193,16,-117,0,0.11
795,20:25:53:268,3,Severe_Damage,L3_S2,-1704,1056,14844,-188,45,-121,0,-25.89
796,20:25:53:278,3,Severe_Damage,L3_S2,-1816,1142,14806,-187,23,-121,0,-63.89
797,20:25:53:288,3,Severe_Damage,L3_S2,-1760,1088,14874,-187,29,-125,0,4.11
798,20:25:53:298,3,Severe_Damage,L3_S2,-1752,1122,14884,-191,28,-125,0,14.11
799,20:25:53:308,3,Severe_Damage,L3_S2,-1808,1100,14846,-194,19,-123,0,-23.89
800,20:25:53:318,3,Severe_Damage,L3_S2,-1770,1096,14896,-184,45,-121,0,26.11
801,20:25:53:328,3,Severe_Damage,L3_S2,-1828,1116,14866,-193,21,-115,0,-3.89
802,20:25:53:338,3,Severe_Damage,L3_S2,-1708,1118,14830,-186,42,-125,0,-39.89
803,20:25:53:348,3,Severe_Damage,L3_S2,-1744,1122,14874,-194,24,-123,0,4.11
804,20:25:53:358,3,Severe_Damage,L3_S2,-1770,1150,14832,-193,26,-126,0,-37.89
805,20:25:53:368,3,Severe_Damage,L3_S2,-1758,1072,14852,-184,34,-128,0,-17.89
806,20:25:53:378,3,Severe_Damage,L3_S2,-1788,1096,14858,-190,30,-121,0,-11.89
807,20:25:53:388,3,Severe_Damage,L3_S2,-1750,1130,14892,-193,37,-128,0,22.11
808,20:25:53:398,3,Severe_Damage,L3_S2,-1790,1126,14892,-183,25,-128,0,22.11
809,20:25:53:409,3,Severe_Damage,L3_S2,-1794,1154,14826,-194,29,-123,0,-43.89
810,20:25:53:419,3,Severe_Damage,L3_S2,-1758,1102,14878,-184,36,-124,0,8.11
811,20:25:53:428,3,Severe_Damage,L3_S2,-1806,1088,14892,-192,20,-118,0,22.11
812,20:25:53:439,3,Severe_Damage,L3_S2,-1780,1062,14948,-194,34,-125,0,78.11
813,20:25:53:448,3,Severe_Damage,L3_S2,-1752,1056,14848,-189,20,-120,0,-21.89
814,20:25:53:458,3,Severe_Damage,L3_S2,-1776,1118,14860,-188,38,-124,0,-9.89
815,20:25:53:468,3,Severe_Damage,L3_S2,-1822,1090,14836,-186,30,-119,0,-33.89
816,20:25:53:478,3,Severe_Damage,L3_S2,-1784,1110,14838,-195,22,-120,0,-31.89
817,20:25:53:488,3,Severe_Damage,L3_S2,-1788,1090,14904,-193,33,-125,0,34.11
818,20:25:53:498,3,Severe_Damage,L3_S2,-1772,1112,14936,-194,25,-122,0,66.11
819,20:25:53:508,3,Severe_Damage,L3_S2,-1776,1160,14868,-187,36,-116,0,-1.89
820,20:25:53:518,3,Severe_Damage,L3_S2,-1778,1104,14860,-194,24,-120,0,-9.89
821,20:25:53:529,3,Severe_Damage,L3_S2,-1772,1158,14758,-185,30,-121,0,-111.89
822,20:25:53:538,3,Severe_Damage,L3_S2,-1764,1118,14868,-194,27,-124,0,-1.89
823,20:25:53:548,3,Severe_Damage,L3_S2,-1790,1112,14836,-190,28,-124,0,-33.89
824,20:25:53:558,3,Severe_Damage,L3_S2,-1764,1122,14872,-183,31,-124,0,2.11
825,20:25:53:568,3,Severe_Damage,L3_S2,-1752,1080,14818,-188,27,-113,0,-51.89
826,20:25:53:578,3,Severe_Damage,L3_S2,-1734,1158,14886,-195,33,-123,0,16.11
827,20:25:53:588,3,Severe_Damage,L3_S2,-1772,1098,14866,-192,30,-127,0,-3.89
828,20:25:53:598,3,Severe_Damage,L3_S2,-1792,1108,14836,-197,25,-127,0,-33.89
829,20:25:53:608,3,Severe_Damage,L3_S2,-1770,1084,14874,-190,34,-113,0,4.11
830,20:25:53:618,3,Severe_Damage,L3_S2,-1764,1084,14890,-194,22,-116,0,20.11
831,20:25:53:628,3,Severe_Damage,L3_S2,-1746,1116,14884,-194,34,-126,0,14.11
832,20:25:53:638,3,Severe_Damage,L3_S2,-1808,1128,14870,-194,25,-113,0,0.11
833,20:25:53:648,3,Severe_Damage,L3_S2,-1770,1130,14860,-195,27,-117,0,-9.89
834,20:25:53:658,3,Severe_Damage,L3_S2,-1776,1120,14864,-190,24,-118,0,-5.89
835,20:25:53:668,3,Severe_Damage,L3_S2,-1768,1092,14850,-189,26,-124,0,-19.89
836,20:25:53:678,3,Severe_Damage,L3_S2,-1770,1158,14872,-186,38,-120,0,2.11
837,20:25:53:688,3,Severe_Damage,L3_S2,-1754,1112,14834,-189,23,-120,0,-35.89
838,20:25:53:698,3,Severe_Damage,L3_S2,-1776,1068,14840,-186,32,-124,0,-29.89
839,20:25:53:708,3,Severe_Damage,L3_S2,-1766,1092,14838,-195,30,-128,0,-31.89
840,20:25:53:718,3,Severe_Damage,L3_S2,-1784,1120,14902,-194,29,-118,0,32.11
841,20:25:53:729,3,Severe_Damage,L3_S2,-1758,1078,14930,-190,33,-118,0,60.11
842,20:25:53:738,3,Severe_Damage,L3_S2,-1758,1138,14884,-187,26,-117,0,14.11
843,20:25:53:748,3,Severe_Damage,L3_S2,-1746,1078,14834,-191,39,-121,0,-35.89
844,20:25:53:758,3,Severe_Damage,L3_S2,-1732,1068,14836,-187,28,-119,0,-33.89
845,20:25:53:768,3,Severe_Damage,L3_S2,-1788,1118,14890,-191,27,-121,0,20.11
846,20:25:53:778,3,Severe_Damage,L3_S2,-1742,1096,14892,-186,35,-117,0,22.11
847,20:25:53:788,3,Severe_Damage,L3_S2,-1826,1142,14932,-190,23,-116,0,62.11
848,20:25:53:798,3,Severe_Damage,L3_S2,-1802,1128,14838,-189,46,-117,0,-31.89
849,20:25:53:809,3,Severe_Damage,L3_S2,-1764,1146,14894,-193,26,-122,0,24.11
850,20:25:53:819,3,Severe_Damage,L3_S2,-1774,1108,14862,-187,36,-123,0,-7.89
851,20:25:53:828,3,Severe_Damage,L3_S2,-1864,1090,14822,-196,23,-117,0,-47.89
852,20:25:53:839,3,Severe_Damage,L3_S2,-1808,1104,14886,-194,34,-125,0,16.11
853,20:25:53:848,3,Severe_Damage,L3_S2,-1832,1124,14888,-190,31,-114,0,18.11
854,20:25:53:858,3,Severe_Damage,L3_S2,-1752,1140,14858,-191,19,-119,0,-11.89
855,20:25:53:869,3,Severe_Damage,L3_S2,-1792,1118,14822,-193,35,-121,0,-47.89
856,20:25:53:879,3,Severe_Damage,L3_S2,-1766,1114,14836,-193,28,-126,0,-33.89
857,20:25:53:888,3,Severe_Damage,L3_S2,-1778,1094,14914,-190,28,-125,0,44.11
858,20:25:53:898,3,Severe_Damage,L3_S2,-1790,1106,14902,-195,32,-125,0,32.11
859,20:25:53:909,3,Severe_Damage,L3_S2,-1790,1110,14804,-188,30,-133,0,-65.89
860,20:25:53:918,3,Severe_Damage,L3_S2,-1802,1134,14878,-195,32,-124,0,8.11
861,20:25:53:928,3,Severe_Damage,L3_S2,-1822,1136,14880,-193,31,-117,0,10.11
862,20:25:53:938,3,Severe_Damage,L3_S2,-1758,1074,14920,-191,29,-120,0,50.11
863,20:25:53:949,3,Severe_Damage,L3_S2,-1830,1068,14864,-192,29,-121,0,-5.89
864,20:25:53:959,3,Severe_Damage,L3_S2,-1806,1124,14848,-188,30,-118,0,-21.89
865,20:25:53:969,3,Severe_Damage,L3_S2,-1776,1122,14894,-187,32,-118,0,24.11
866,20:25:53:979,3,Severe_Damage,L3_S2,-1826,1132,14810,-188,28,-122,0,-59.89
867,20:25:53:989,3,Severe_Damage,L3_S2,-1788,1120,14898,-189,38,-122,0,28.11
868,20:25:53:999,3,Severe_Damage,L3_S2,-1770,1066,14876,-192,23,-125,0,6.11
869,20:25:54:009,3,Severe_Damage,L3_S2,-1790,1116,14902,-188,39,-123,0,32.11
870,20:25:54:019,3,Severe_Damage,L3_S2,-1762,1132,14854,-194,25,-122,0,-15.89
871,20:25:54:028,3,Severe_Damage,L3_S2,-1764,1124,14808,-192,35,-124,0,-61.89
872,20:25:54:039,3,Severe_Damage,L3_S2,-1756,1100,14908,-192,37,-121,0,38.11
873,20:25:54:049,3,Severe_Damage,L3_S2,-1796,1110,14906,-189,29,-123,0,36.11
874,20:25:54:058,3,Severe_Damage,L3_S2,-1772,1148,14882,-195,30,-126,0,12.11
875,20:25:54:069,3,Severe_Damage,L3_S2,-1790,1118,14908,-199,25,-120,0,38.11
876,20:25:54:079,3,Severe_Damage,L3_S2,-1750,1148,14904,-192,22,-123,0,34.11
877,20:25:54:089,3,Severe_Damage,L3_S2,-1750,1102,14898,-189,29,-126,0,28.11
878,20:25:54:099,3,Severe_Damage,L3_S2,-1792,1080,14852,-189,26,-122,0,-17.89
879,20:25:54:108,3,Severe_Damage,L3_S2,-1772,1102,14860,-188,29,-118,0,-9.89
880,20:25:54:119,3,Severe_Damage,L3_S2,-1782,1106,14868,-191,22,-110,0,-1.89
881,20:25:54:129,3,Severe_Damage,L3_S2,-1752,1110,14832,-195,27,-125,0,-37.89
882,20:25:54:138,3,Severe_Damage,L3_S2,-1764,1132,14794,-187,25,-125,0,-75.89
883,20:25:54:149,3,Severe_Damage,L3_S2,-1774,1094,14848,-195,19,-122,0,-21.89
884,20:25:54:159,3,Severe_Damage,L3_S2,-1800,1106,14908,-190,35,-121,0,38.11
885,20:25:54:169,3,Severe_Damage,L3_S2,-1776,1090,14850,-189,24,-123,0,-19.89
886,20:25:54:179,3,Severe_Damage,L3_S2,-1776,1112,14802,-188,34,-120,0,-67.89
887,20:25:54:189,3,Severe_Damage,L3_S2,-1848,1116,14854,-193,21,-123,0,-15.89
888,20:25:54:199,3,Severe_Damage,L3_S2,-1790,1148,14818,-189,35,-122,0,-51.89
889,20:25:54:209,3,Severe_Damage,L3_S2,-1830,1084,14892,-192,38,-127,0,22.11
890,20:25:54:219,3,Severe_Damage,L3_S2,-1802,1072,14822,-189,28,-123,0,-47.89
891,20:25:54:229,3,Severe_Damage,L3_S2,-1836,1120,14912,-190,28,-121,0,42.11
892,20:25:54:239,3,Severe_Damage,L3_S2,-1774,1102,14914,-194,28,-115,0,44.11
893,20:25:54:249,3,Severe_Damage,L3_S2,-1780,1066,14918,-192,31,-123,0,48.11
894,20:25:54:259,3,Severe_Damage,L3_S2,-1788,1110,14830,-197,27,-125,0,-39.89
895,20:25:54:269,3,Severe_Damage,L3_S2,-1792,1136,14860,-200,30,-131,0,-9.89
896,20:25:54:279,3,Severe_Damage,L3_S2,-1788,1122,14914,-192,42,-128,0,44.11
897,20:25:54:289,3,Severe_Damage,L3_S2,-1818,1130,14860,-193,21,-121,0,-9.89
898,20:25:54:299,3,Severe_Damage,L3_S2,-1762,1118,14916,-189,36,-121,0,46.11
899,20:25:54:309,3,Severe_Damage,L3_S2,-1738,1104,14846,-196,22,-115,0,-23.89
900,20:25:54:319,3,Severe_Damage,L3_S2,-1806,1152,14882,-193,28,-127,0,12.11
901,20:25:54:329,3,Severe_Damage,L3_S2,-1806,1104,14882,-192,31,-128,0,12.11
902,20:25:54:339,3,Severe_Damage,L3_S2,-1778,1114,14932,-192,25,-124,0,62.11
903,20:25:54:349,3,Severe_Damage,L3_S2,-1778,1114,14836,-187,32,-123,0,-33.89
904,20:25:54:359,3,Severe_Damage,L3_S2,-1788,1120,14840,-191,26,-127,0,-29.89
905,20:25:54:369,3,Severe_Damage,L3_S2,-1764,1138,14860,-184,33,-121,0,-9.89
906,20:25:54:379,3,Severe_Damage,L3_S2,-1778,1120,14882,-191,25,-122,0,12.11
907,20:25:54:389,3,Severe_Damage,L3_S2,-1846,1128,14836,-187,25,-116,0,-33.89
908,20:25:54:399,3,Severe_Damage,L3_S2,-1752,1164,14916,-195,28,-127,0,46.11
909,20:25:54:409,3,Severe_Damage,L3_S2,-1776,1094,14886,-187,29,-122,0,16.11
910,20:25:54:419,3,Severe_Damage,L3_S2,-1776,1084,14870,-190,33,-123,0,0.11
911,20:25:54:429,3,Severe_Damage,L3_S2,-1776,1104,14820,-186,34,-125,0,-49.89
912,20:25:54:439,3,Severe_Damage,L3_S2,-1762,1082,14886,-197,28,-126,0,16.11
913,20:25:54:449,3,Severe_Damage,L3_S2,-1802,1080,14850,-184,29,-127,0,-19.89
914,20:25:54:459,3,Severe_Damage,L3_S2,-1786,1118,14864,-192,20,-126,0,-5.89
915,20:25:54:469,3,Severe_Damage,L3_S2,-1754,1148,14890,-194,28,-119,0,20.11
916,20:25:54:479,3,Severe_Damage,L3_S2,-1792,1108,14818,-189,24,-123,0,-51.89
917,20:25:54:489,3,Severe_Damage,L3_S2,-1768,1114,14868,-188,31,-123,0,-1.89
918,20:25:54:499,3,Severe_Damage,L3_S2,-1778,1114,14874,-193,26,-116,0,4.11
919,20:25:54:509,3,Severe_Damage,L3_S2,-1764,1088,14902,-191,33,-126,0,32.11
920,20:25:54:519,3,Severe_Damage,L3_S2,-1784,1090,14814,-187,33,-119,0,-55.89
921,20:25:54:529,3,Severe_Damage,L3_S2,-1800,1060,14842,-190,36,-127,0,-27.89
922,20:25:54:539,3,Severe_Damage,L3_S2,-1768,1150,14870,-196,34,-124,0,0.11
923,20:25:54:549,3,Severe_Damage,L3_S2,-1748,1082,14864,-190,34,-128,0,-5.89
924,20:25:54:559,3,Severe_Damage,L3_S2,-1746,1112,14842,-192,31,-124,0,-27.89
925,20:25:54:569,3,Severe_Damage,L3_S2,-1768,1092,14910,-197,32,-122,0,40.11
926,20:25:54:579,3,Severe_Damage,L3_S2,-1790,1094,14884,-184,32,-120,0,14.11
927,20:25:54:589,3,Severe_Damage,L3_S2,-1830,1088,14926,-194,35,-124,0,56.11
928,20:25:54:599,3,Severe_Damage,L3_S2,-1792,1148,14844,-195,25,-121,0,-25.89
929,20:25:54:609,3,Severe_Damage,L3_S2,-1784,1136,14908,-197,37,-121,0,38.11
930,20:25:54:619,3,Severe_Damage,L3_S2,-1770,1098,14882,-190,30,-115,0,12.11
931,20:25:54:629,3,Severe_Damage,L3_S2,-1776,1046,14880,-190,28,-121,0,10.11
932,20:25:54:639,3,Severe_Damage,L3_S2,-1788,1076,14884,-185,35,-124,0,14.11
933,20:25:54:649,3,Severe_Damage,L3_S2,-1778,1100,14892,-191,31,-127,0,22.11
934,20:25:54:659,3,Severe_Damage,L3_S2,-1780,1088,14900,-188,35,-123,0,30.11
935,20:25:54:669,3,Severe_Damage,L3_S2,-1782,1164,14900,-192,26,-117,0,30.11
936,20:25:54:679,3,Severe_Damage,L3_S2,-1784,1112,14940,-193,36,-117,0,70.11
937,20:25:54:689,3,Severe_Damage,L3_S2,-1784,1072,14798,-197,30,-120,0,-71.89
938,20:25:54:699,3,Severe_Damage,L3_S2,-1798,1104,14790,-193,31,-123,0,-79.89
939,20:25:54:709,3,Severe_Damage,L3_S2,-1726,1120,14884,-187,31,-120,0,14.11
940,20:25:54:719,3,Severe_Damage,L3_S2,-1784,1110,14836,-189,24,-124,0,-33.89
941,20:25:54:729,3,Severe_Damage,L3_S2,-1774,1120,14844,-190,29,-125,0,-25.89
942,20:25:54:739,3,Severe_Damage,L3_S2,-1710,1094,14870,-195,27,-125,0,0.11
943,20:25:54:749,3,Severe_Damage,L3_S2,-1788,1116,14860,-199,28,-125,0,-9.89
944,20:25:54:759,3,Severe_Damage,L3_S2,-1784,1070,14864,-192,31,-127,0,-5.89
945,20:25:54:769,3,Severe_Damage,L3_S2,-1748,1108,14862,-191,33,-119,0,-7.89
946,20:25:54:779,3,Severe_Damage,L3_S2,-1740,1106,14848,-188,31,-130,0,-21.89
947,20:25:54:789,3,Severe_Damage,L3_S2,-1756,1094,14880,-184,29,-128,0,10.11
948,20:25:54:799,3,Severe_Damage,L3_S2,-1790,1088,14806,-193,25,-127,0,-63.89
949,20:25:54:809,3,Severe_Damage,L3_S2,-1802,1112,14900,-191,29,-121,0,30.11
950,20:25:54:819,3,Severe_Damage,L3_S2,-1780,1112,14808,-190,36,-126,0,-61.89
951,20:25:54:829,3,Severe_Damage,L3_S2,-1780,1158,14838,-190,23,-125,0,-31.89
952,20:25:54:839,3,Severe_Damage,L3_S2,-1802,1066,14820,-187,33,-124,0,-49.89
953,20:25:54:849,3,Severe_Damage,L3_S2,-1762,1094,14880,-191,29,-123,0,10.11
954,20:25:54:859,3,Severe_Damage,L3_S2,-1768,1082,14884,-188,29,-121,0,14.11
955,20:25:54:869,3,Severe_Damage,L3_S2,-1758,1144,14812,-180,34,-126,0,-57.89
956,20:25:54:879,3,Severe_Damage,L3_S2,-1752,1122,14844,-196,27,-124,0,-25.89
957,20:25:54:889,3,Severe_Damage,L3_S2,-1796,1130,14886,-188,36,-116,0,16.11
958,20:25:54:899,3,Severe_Damage,L3_S2,-1776,1094,14932,-195,28,-123,0,62.11
959,20:25:54:909,3,Severe_Damage,L3_S2,-1790,1112,14922,-187,29,-122,0,52.11
960,20:25:54:919,3,Severe_Damage,L3_S2,-1744,1122,14924,-189,30,-120,0,54.11
961,20:25:54:929,3,Severe_Damage,L3_S2,-1772,1150,14924,-189,33,-116,0,54.11
962,20:25:54:939,3,Severe_Damage,L3_S2,-1810,1112,14894,-200,31,-118,0,24.11
963,20:25:54:949,3,Severe_Damage,L3_S2,-1802,1120,14848,-190,32,-109,0,-21.89
964,20:25:54:959,3,Severe_Damage,L3_S2,-1810,1100,14796,-194,29,-116,0,-73.89
965,20:25:54:969,3,Severe_Damage,L3_S2,-1734,1136,14838,-189,37,-118,0,-31.89
966,20:25:54:979,3,Severe_Damage,L3_S2,-1792,1130,14862,-189,21,-117,0,-7.89
967,20:25:54:989,3,Severe_Damage,L3_S2,-1792,1136,14868,-188,30,-123,0,-1.89
968,20:25:54:999,3,Severe_Damage,L3_S2,-1794,1128,14860,-195,28,-120,0,-9.89
969,20:25:55:009,3,Severe_Damage,L3_S2,-1796,1102,14904,-187,33,-124,0,34.11
970,20:25:55:019,3,Severe_Damage,L3_S2,-1774,1120,14936,-190,25,-126,0,66.11
971,20:25:55:029,3,Severe_Damage,L3_S2,-1748,1140,14896,-190,36,-123,0,26.11
972,20:25:55:039,3,Severe_Damage,L3_S2,-1764,1092,14876,-186,39,-118,0,6.11
973,20:25:55:049,3,Severe_Damage,L3_S2,-1768,1088,14850,-192,32,-121,0,-19.89
974,20:25:55:059,3,Severe_Damage,L3_S2,-1754,1098,14834,-189,33,-115,0,-35.89
975,20:25:55:069,3,Severe_Damage,L3_S2,-1754,1094,14866,-197,27,-122,0,-3.89
976,20:25:55:079,3,Severe_Damage,L3_S2,-1764,1102,14906,-192,29,-121,0,36.11
977,20:25:55:089,3,Severe_Damage,L3_S2,-1740,1100,14828,-193,35,-120,0,-41.89
978,20:25:55:099,3,Severe_Damage,L3_S2,-1756,1110,14798,-184,32,-126,0,-71.89
979,20:25:55:109,3,Severe_Damage,L3_S2,-1778,1108,14908,-196,34,-122,0,38.11
980,20:25:55:119,3,Severe_Damage,L3_S2,-1782,1124,14868,-186,32,-123,0,-1.89
981,20:25:55:129,3,Severe_Damage,L3_S2,-1818,1080,14866,-191,25,-127,0,-3.89
982,20:25:55:139,3,Severe_Damage,L3_S2,-1792,1120,14916,-186,31,-126,0,46.11
983,20:25:55:149,3,Severe_Damage,L3_S2,-1766,1100,14818,-190,28,-121,0,-51.89
984,20:25:55:159,3,Severe_Damage,L3_S2,-1822,1130,14838,-185,36,-119,0,-31.89
985,20:25:55:169,3,Severe_Damage,L3_S2,-1816,1148,14894,-188,22,-126,0,24.11
986,20:25:55:179,3,Severe_Damage,L3_S2,-1784,1094,14810,-184,28,-120,0,-59.89
987,20:25:55:189,3,Severe_Damage,L3_S2,-1788,1126,14824,-192,17,-121,0,-45.89
988,20:25:55:199,3,Severe_Damage,L3_S2,-1804,1092,14936,-195,34,-128,0,66.11
989,20:25:55:209,3,Severe_Damage,L3_S2,-1800,1110,14930,-193,27,-122,0,60.11
990,20:25:55:219,3,Severe_Damage,L3_S2,-1782,1114,14862,-193,27,-120,0,-7.89
991,20:25:55:229,3,Severe_Damage,L3_S2,-1764,1086,14868,-192,26,-118,0,-1.89
992,20:25:55:239,3,Severe_Damage,L3_S2,-1812,1072,14898,-192,28,-116,0,28.11
993,20:25:55:249,3,Severe_Damage,L3_S2,-1818,1100,14884,-192,29,-123,0,14.11
994,20:25:55:259,3,Severe_Damage,L3_S2,-1796,1116,14948,-191,23,-123,0,78.11
995,20:25:55:269,3,Severe_Damage,L3_S2,-1804,1114,14854,-190,31,-113,0,-15.89
996,20:25:55:279,3,Severe_Damage,L3_S2,-1784,1100,14912,-190,32,-124,0,42.11
997,20:25:55:289,3,Severe_Damage,L3_S2,-1760,1100,14906,-199,26,-125,0,36.11
998,20:25:55:299,3,Severe_Damage,L3_S2,-1796,1078,14844,-194,34,-118,0,-25.89
999,20:25:55:309,3,Severe_Damage,L3_S2,-1754,1094,14844,-192,30,-124,0,-25.89
1000,20:25:55:319,3,Severe_Damage,L3_S2,-1800,1100,14880,-189,27,-121,0,10.11
1001,20:25:55:329,3,Severe_Damage,L3_S2,-1744,1080,14854,-194,29,-122,0,-15.89
1002,20:25:55:339,3,Severe_Damage,L3_S2,-1756,1120,14854,-191,31,-116,0,-15.89
1003,20:25:55:349,3,Severe_Damage,L3_S2,-1766,1086,14794,-192,33,-115,0,-75.89
1004,20:25:55:359,3,Severe_Damage,L3_S2,-1758,1154,14868,-192,34,-121,0,-1.89
1005,20:25:55:369,3,Severe_Damage,L3_S2,-1794,1116,14924,-190,36,-128,0,54.11
1006,20:25:55:379,3,Severe_Damage,L3_S2,-1752,1168,14872,-192,26,-121,0,2.11
1007,20:25:55:389,3,Severe_Damage,L3_S2,-1834,1080,14884,-192,21,-121,0,14.11
1008,20:25:55:399,3,Severe_Damage,L3_S2,-1792,1126,14900,-194,29,-120,0,30.11
1009,20:25:55:409,3,Severe_Damage,L3_S2,-1764,1080,14830,-191,36,-122,0,-39.89
1010,20:25:55:419,3,Severe_Damage,L3_S2,-1798,1142,14900,-199,27,-119,0,30.11
1011,20:25:55:429,3,Severe_Damage,L3_S2,-1762,1124,14794,-183,38,-121,0,-75.89
1012,20:25:55:439,3,Severe_Damage,L3_S2,-1730,1144,14922,-194,24,-118,0,52.11
1013,20:25:55:449,3,Severe_Damage,L3_S2,-1806,1114,14880,-188,34,-124,0,10.11
1014,20:25:55:459,3,Severe_Damage,L3_S2,-1778,1092,14902,-195,29,-120,0,32.11
1015,20:25:55:469,3,Severe_Damage,L3_S2,-1840,1144,14870,-188,31,-119,0,0.11
1016,20:25:55:479,3,Severe_Damage,L3_S2,-1804,1138,14862,-196,30,-119,0,-7.89
1017,20:25:55:489,3,Severe_Damage,L3_S2,-1786,1106,14870,-189,28,-117,0,0.11
1018,20:25:55:499,3,Severe_Damage,L3_S2,-1864,1108,14844,-192,29,-116,0,-25.89
1019,20:25:55:509,3,Severe_Damage,L3_S2,-1738,1110,14878,-189,38,-121,0,8.11
1020,20:25:55:519,3,Severe_Damage,L3_S2,-1798,1116,14852,-192,21,-123,0,-17.89
1021,20:25:55:529,3,Severe_Damage,L3_S2,-1782,1110,14864,-189,36,-124,0,-5.89
1022,20:25:55:539,3,Severe_Damage,L3_S2,-1798,1136,14884,-186,31,-116,0,14.11
1023,20:25:55:549,3,Severe_Damage,L3_S2,-1830,1106,14924,-195,35,-121,0,54.11
1024,20:25:55:559,3,Severe_Damage,L3_S2,-1758,1122,14812,-188,29,-126,0,-57.89
1025,20:25:55:569,3,Severe_Damage,L3_S2,-1748,1072,14914,-197,24,-125,0,44.11
1026,20:25:55:579,3,Severe_Damage,L3_S2,-1780,1086,14868,-187,36,-125,0,-1.89
1027,20:25:55:589,3,Severe_Damage,L3_S2,-1792,1102,14906,-197,28,-122,0,36.11
1028,20:25:55:599,3,Severe_Damage,L3_S2,-1814,1082,14888,-193,30,-124,0,18.11
1029,20:25:55:609,3,Severe_Damage,L3_S2,-1766,1132,14852,-191,36,-129,0,-17.89
1030,20:25:55:619,3,Severe_Damage,L3_S2,-1774,1070,14872,-191,33,-126,0,2.11
1031,20:25:55:629,3,Severe_Damage,L3_S2,-1764,1054,14846,-195,29,-126,0,-23.89
1032,20:25:55:639,3,Severe_Damage,L3_S2,-1720,1046,14860,-184,36,-124,0,-9.89
1033,20:25:55:649,3,Severe_Damage,L3_S2,-1738,1102,14872,-190,26,-124,0,2.11
1034,20:25:55:659,3,Severe_Damage,L3_S2,-1762,1120,14890,-189,28,-123,0,20.11
1035,20:25:55:669,3,Severe_Damage,L3_S2,-1790,1112,14830,-193,25,-122,0,-39.89
1036,20:25:55:679,3,Severe_Damage,L3_S2,-1792,1142,14848,-186,35,-128,0,-21.89
1037,20:25:55:689,3,Severe_Damage,L3_S2,-1740,1088,14850,-188,23,-120,0,-19.89
1038,20:25:55:699,3,Severe_Damage,L3_S2,-1802,1116,14806,-193,31,-122,0,-63.89
1039,20:25:55:709,3,Severe_Damage,L3_S2,-1792,1110,14834,-192,30,-123,0,-35.89
1040,20:25:55:719,3,Severe_Damage,L3_S2,-1760,1116,14852,-187,35,-117,0,-17.89
1041,20:25:55:729,3,Severe_Damage,L3_S2,-1830,1104,14934,-192,30,-123,0,64.11
1042,20:25:55:739,3,Severe_Damage,L3_S2,-1738,1088,14840,-194,32,-120,0,-29.89
1043,20:25:55:749,3,Severe_Damage,L3_S2,-1764,1082,14868,-189,30,-115,0,-1.89
1044,20:25:55:759,3,Severe_Damage,L3_S2,-1774,1104,14850,-191,34,-122,0,-19.89
1045,20:25:55:769,3,Severe_Damage,L3_S2,-1792,1106,14822,-189,27,-124,0,-47.89
1046,20:25:55:779,3,Severe_Damage,L3_S2,-1762,1104,14882,-193,23,-124,0,12.11
1047,20:25:55:789,3,Severe_Damage,L3_S2,-1786,1100,14882,-191,21,-121,0,12.11
1048,20:25:55:799,3,Severe_Damage,L3_S2,-1702,1098,14884,-192,31,-117,0,14.11
1049,20:25:55:809,3,Severe_Damage,L3_S2,-1810,1106,14862,-193,36,-111,0,-7.89
1050,20:25:55:819,3,Severe_Damage,L3_S2,-1776,1108,14758,-196,32,-121,0,-111.89
1051,20:25:55:829,3,Severe_Damage,L3_S2,-1766,1122,14874,-194,30,-117,0,4.11
1052,20:25:55:839,3,Severe_Damage,L3_S2,-1770,1114,14872,-195,27,-122,0,2.11
1053,20:25:55:849,3,Severe_Damage,L3_S2,-1760,1126,14828,-187,30,-123,0,-41.89
1054,20:25:55:859,3,Severe_Damage,L3_S2,-1768,1108,14880,-189,28,-125,0,10.11
1055,20:25:55:869,3,Severe_Damage,L3_S2,-1756,1070,14890,-188,34,-128,0,20.11
1056,20:25:55:879,3,Severe_Damage,L3_S2,-1826,1080,14920,-190,32,-133,0,50.11
1057,20:25:55:889,3,Severe_Damage,L3_S2,-1824,1066,14870,-188,30,-129,0,0.11
1058,20:25:55:899,3,Severe_Damage,L3_S2,-1794,1134,14920,-191,29,-126,0,50.11
1059,20:25:55:909,3,Severe_Damage,L3_S2,-1754,1154,14840,-190,33,-117,0,-29.89
1060,20:25:55:919,3,Severe_Damage,L3_S2,-1782,1116,14908,-192,25,-114,0,38.11
1061,20:25:55:929,3,Severe_Damage,L3_S2,-1800,1102,14880,-192,26,-117,0,10.11
1062,20:25:55:939,3,Severe_Damage,L3_S2,-1784,1148,14908,-190,38,-121,0,38.11
1063,20:25:55:949,3,Severe_Damage,L3_S2,-1774,1098,14906,-187,27,-117,0,36.11
1064,20:25:55:959,3,Severe_Damage,L3_S2,-1832,1102,14836,-188,29,-118,0,-33.89
1065,20:25:55:969,3,Severe_Damage,L3_S2,-1788,1100,14878,-187,27,-117,0,8.11
1066,20:25:55:979,3,Severe_Damage,L3_S2,-1776,1098,14848,-196,27,-120,0,-21.89
1067,20:25:55:989,3,Severe_Damage,L3_S2,-1806,1136,14896,-191,31,-118,0,26.11
1068,20:25:55:999,3,Severe_Damage,L3_S2,-1792,1124,14890,-196,29,-117,0,20.11
1069,20:25:56:009,3,Severe_Damage,L3_S2,-1772,1110,14836,-187,29,-123,0,-33.89
1070,20:25:56:019,3,Severe_Damage,L3_S2,-1754,1114,14858,-191,37,-127,0,-11.89
1071,20:25:56:029,3,Severe_Damage,L3_S2,-1840,1138,14796,-190,29,-129,0,-73.89
1072,20:25:56:039,3,Severe_Damage,L3_S2,-1782,1094,14866,-191,33,-125,0,-3.89
1073,20:25:56:049,3,Severe_Damage,L3_S2,-1754,1122,14822,-190,30,-113,0,-47.89
1074,20:25:56:059,3,Severe_Damage,L3_S2,-1786,1102,14892,-187,29,-119,0,22.11
1075,20:25:56:069,3,Severe_Damage,L3_S2,-1776,1134,14894,-190,33,-126,0,24.11
1076,20:25:56:079,3,Severe_Damage,L3_S2,-1836,1096,14872,-197,28,-120,0,2.11
1077,20:25:56:089,3,Severe_Damage,L3_S2,-1742,1134,14858,-183,29,-127,0,-11.89
1078,20:25:56:099,3,Severe_Damage,L3_S2,-1760,1104,14904,-192,27,-120,0,34.11
1079,20:25:56:109,3,Severe_Damage,L3_S2,-1806,1124,14880,-189,27,-123,0,10.11
1080,20:25:56:119,3,Severe_Damage,L3_S2,-1824,1176,14850,-189,36,-125,0,-19.89
1081,20:25:56:129,3,Severe_Damage,L3_S2,-1792,1080,14824,-192,33,-115,0,-45.89
1082,20:25:56:139,3,Severe_Damage,L3_S2,-1808,1100,14786,-187,29,-127,0,-83.89
1083,20:25:56:149,3,Severe_Damage,L3_S2,-1778,1080,14870,-184,25,-125,0,0.11
1084,20:25:56:159,3,Severe_Damage,L3_S2,-1842,1106,14882,-194,27,-116,0,12.11
1085,20:25:56:169,3,Severe_Damage,L3_S2,-1794,1138,14910,-183,34,-123,0,40.11
1086,20:25:56:179,3,Severe_Damage,L3_S2,-1762,1118,14828,-188,23,-119,0,-41.89
1087,20:25:56:189,3,Severe_Damage,L3_S2,-1790,1140,14882,-187,35,-120,0,12.11
1088,20:25:56:199,3,Severe_Damage,L3_S2,-1792,1118,14882,-187,32,-120,0,12.11
1089,20:25:56:209,3,Severe_Damage,L3_S2,-1798,1102,14810,-200,34,-114,0,-59.89
1090,20:25:56:219,3,Severe_Damage,L3_S2,-1768,1118,14898,-191,32,-122,0,28.11
1091,20:25:56:229,3,Severe_Damage,L3_S2,-1748,1106,14890,-193,25,-122,0,20.11
1092,20:25:56:239,3,Severe_Damage,L3_S2,-1786,1046,14870,-189,36,-120,0,0.11
1093,20:25:56:249,3,Severe_Damage,L3_S2,-1784,1130,14826,-189,31,-124,0,-43.89
1094,20:25:56:259,3,Severe_Damage,L3_S2,-1790,1158,14804,-187,30,-120,0,-65.89
1095,20:25:56:269,3,Severe_Damage,L3_S2,-1744,1106,14850,-191,35,-124,0,-19.89
1096,20:25:56:279,3,Severe_Damage,L3_S2,-1748,1086,14906,-192,25,-124,0,36.11
1097,20:25:56:289,3,Severe_Damage,L3_S2,-1798,1128,14902,-190,33,-126,0,32.11
1098,20:25:56:299,3,Severe_Damage,L3_S2,-1812,1118,14828,-190,21,-124,0,-41.89
1099,20:25:56:309,3,Severe_Damage,L3_S2,-1756,1068,14874,-192,28,-117,0,4.11
1100,20:25:56:319,3,Severe_Damage,L3_S2,-1772,1104,14860,-190,25,-105,0,-9.89
1101,20:25:56:330,3,Severe_Damage,L3_S2,-1786,1092,14916,-194,27,-118,0,46.11
1102,20:25:56:339,3,Severe_Damage,L3_S2,-1806,1088,14906,-192,31,-118,0,36.11
1103,20:25:56:349,3,Severe_Damage,L3_S2,-1734,1100,14886,-191,31,-122,0,16.11
1104,20:25:56:359,3,Severe_Damage,L3_S2,-1772,1100,14912,-194,33,-123,0,42.11
1105,20:25:56:369,3,Severe_Damage,L3_S2,-1812,1126,14922,-191,31,-121,0,52.11
1106,20:25:56:379,3,Severe_Damage,L3_S2,-1752,1086,14848,-180,37,-122,0,-21.89
1107,20:25:56:389,3,Severe_Damage,L3_S2,-1810,1114,14864,-191,32,-119,0,-5.89
1108,20:25:56:399,3,Severe_Damage,L3_S2,-1752,1088,14872,-192,37,-127,0,2.11
1109,20:25:56:409,3,Severe_Damage,L3_S2,-1778,1082,14818,-197,27,-125,0,-51.89
1110,20:25:56:419,3,Severe_Damage,L3_S2,-1832,1112,14860,-194,30,-124,0,-9.89
1111,20:25:56:429,3,Severe_Damage,L3_S2,-1774,1076,14816,-191,34,-125,0,-53.89
1112,20:25:56:439,3,Severe_Damage,L3_S2,-1778,1106,14888,-193,34,-121,0,18.11
1113,20:25:56:450,3,Severe_Damage,L3_S2,-1748,1130,14890,-192,30,-120,0,20.11
1114,20:25:56:459,3,Severe_Damage,L3_S2,-1778,1102,14924,-192,26,-124,0,54.11
1115,20:25:56:469,3,Severe_Damage,L3_S2,-1804,1136,14912,-187,32,-122,0,42.11
1116,20:25:56:479,3,Severe_Damage,L3_S2,-1804,1094,14876,-194,32,-124,0,6.11
1117,20:25:56:489,3,Severe_Damage,L3_S2,-1746,1074,14904,-191,32,-121,0,34.11
1118,20:25:56:499,3,Severe_Damage,L3_S2,-1716,1124,14842,-190,33,-126,0,-27.89
1119,20:25:56:509,3,Severe_Damage,L3_S2,-1754,1142,14866,-185,39,-123,0,-3.89
1120,20:25:56:519,3,Severe_Damage,L3_S2,-1768,1090,14954,-191,32,-120,0,84.11
1121,20:25:56:529,3,Severe_Damage,L3_S2,-1780,1130,14890,-187,28,-119,0,20.11
1122,20:25:56:539,3,Severe_Damage,L3_S2,-1774,1126,14846,-195,26,-124,0,-23.89
1123,20:25:56:549,3,Severe_Damage,L3_S2,-1792,1104,14884,-189,22,-122,0,14.11
1124,20:25:56:559,3,Severe_Damage,L3_S2,-1752,1112,14884,-189,29,-125,0,14.11
1125,20:25:56:569,3,Severe_Damage,L3_S2,-1810,1118,14874,-187,27,-117,0,4.11
1126,20:25:56:579,3,Severe_Damage,L3_S2,-1772,1128,14912,-194,36,-117,0,42.11
1127,20:25:56:589,3,Severe_Damage,L3_S2,-1784,1084,14874,-193,36,-120,0,4.11
1128,20:25:56:599,3,Severe_Damage,L3_S2,-1754,1100,14842,-188,34,-116,0,-27.89
1129,20:25:56:610,3,Severe_Damage,L3_S2,-1770,1072,14864,-193,30,-119,0,-5.89
1130,20:25:56:619,3,Severe_Damage,L3_S2,-1784,1102,14836,-197,22,-119,0,-33.89
1131,20:25:56:629,3,Severe_Damage,L3_S2,-1802,1078,14860,-197,28,-129,0,-9.89
1132,20:25:56:639,3,Severe_Damage,L3_S2,-1792,1110,14854,-194,29,-128,0,-15.89
1133,20:25:56:649,3,Severe_Damage,L3_S2,-1814,1104,14798,-201,32,-121,0,-71.89
1134,20:25:56:659,3,Severe_Damage,L3_S2,-1766,1106,14872,-192,25,-121,0,2.11
1135,20:25:56:669,3,Severe_Damage,L3_S2,-1824,1116,14886,-192,30,-118,0,16.11
1136,20:25:56:679,3,Severe_Damage,L3_S2,-1806,1140,14890,-198,28,-126,0,20.11
1137,20:25:56:689,3,Severe_Damage,L3_S2,-1746,1078,14856,-195,36,-125,0,-13.89
1138,20:25:56:699,3,Severe_Damage,L3_S2,-1802,1124,14864,-187,33,-120,0,-5.89
1139,20:25:56:709,3,Severe_Damage,L3_S2,-1766,1108,14880,-191,36,-122,0,10.11
1140,20:25:56:719,3,Severe_Damage,L3_S2,-1812,1076,14920,-191,22,-114,0,50.11
1141,20:25:56:729,3,Severe_Damage,L3_S2,-1760,1154,14900,-189,25,-119,0,30.11
1142,20:25:56:739,3,Severe_Damage,L3_S2,-1756,1122,14844,-189,33,-117,0,-25.89
1143,20:25:56:749,3,Severe_Damage,L3_S2,-1804,1144,14892,-189,29,-113,0,22.11
1144,20:25:56:759,3,Severe_Damage,L3_S2,-1790,1086,14860,-189,28,-122,0,-9.89
1145,20:25:56:769,3,Severe_Damage,L3_S2,-1806,1132,14850,-186,37,-124,0,-19.89
1146,20:25:56:779,3,Severe_Damage,L3_S2,-1804,1096,14874,-187,33,-121,0,4.11
1147,20:25:56:789,3,Severe_Damage,L3_S2,-1798,1084,14980,-193,28,-124,0,110.11
1148,20:25:56:799,3,Severe_Damage,L3_S2,-1770,1114,14868,-196,28,-124,0,-1.89
1149,20:25:56:809,3,Severe_Damage,L3_S2,-1790,1120,14884,-191,28,-116,0,14.11
1150,20:25:56:820,3,Severe_Damage,L3_S2,-1750,1068,14888,-194,33,-114,0,18.11
1151,20:25:56:830,3,Severe_Damage,L3_S2,-1766,1114,14912,-197,29,-118,0,42.11
1152,20:25:56:840,3,Severe_Damage,L3_S2,-1758,1132,14938,-194,36,-129,0,68.11
1153,20:25:56:849,3,Severe_Damage,L3_S2,-1766,1186,14878,-194,30,-119,0,8.11
1154,20:25:56:859,3,Severe_Damage,L3_S2,-1762,1116,14862,-193,27,-121,0,-7.89
1155,20:25:56:869,3,Severe_Damage,L3_S2,-1798,1138,14810,-193,27,-122,0,-59.89
1156,20:25:56:879,3,Severe_Damage,L3_S2,-1806,1146,14864,-195,25,-126,0,-5.89
1157,20:25:56:889,3,Severe_Damage,L3_S2,-1796,1086,14880,-187,23,-115,0,10.11
1158,20:25:56:899,3,Severe_Damage,L3_S2,-1770,1114,14908,-188,29,-123,0,38.11
1159,20:25:56:909,3,Severe_Damage,L3_S2,-1838,1090,14870,-190,18,-128,0,0.11
1160,20:25:56:919,3,Severe_Damage,L3_S2,-1794,1110,14902,-192,34,-128,0,32.11
1161,20:25:56:929,3,Severe_Damage,L3_S2,-1798,1106,14822,-196,27,-118,0,-47.89
1162,20:25:56:939,3,Severe_Damage,L3_S2,-1796,1134,14864,-184,27,-118,0,-5.89
1163,20:25:56:949,3,Severe_Damage,L3_S2,-1748,1162,14842,-190,25,-119,0,-27.89
1164,20:25:56:960,3,Severe_Damage,L3_S2,-1816,1098,14900,-197,24,-118,0,30.11
1165,20:25:56:970,3,Severe_Damage,L3_S2,-1788,1136,14840,-187,37,-119,0,-29.89
1166,20:25:56:979,3,Severe_Damage,L3_S2,-1776,1088,14846,-196,25,-121,0,-23.89
1167,20:25:56:990,3,Severe_Damage,L3_S2,-1838,1148,14802,-192,31,-124,0,-67.89
1168,20:25:56:999,3,Severe_Damage,L3_S2,-1764,1098,14856,-193,27,-125,0,-13.89
1169,20:25:57:009,3,Severe_Damage,L3_S2,-1806,1116,14888,-192,24,-123,0,18.11
1170,20:25:57:019,3,Severe_Damage,L3_S2,-1740,1112,14926,-193,30,-119,0,56.11
1171,20:25:57:030,3,Severe_Damage,L3_S2,-1756,1104,14864,-189,33,-115,0,-5.89
1172,20:25:57:039,3,Severe_Damage,L3_S2,-1794,1108,14840,-195,24,-122,0,-29.89
1173,20:25:57:050,3,Severe_Damage,L3_S2,-1776,1114,14862,-190,29,-124,0,-7.89
1174,20:25:57:059,3,Severe_Damage,L3_S2,-1770,1112,14858,-193,24,-109,0,-11.89
1175,20:25:57:070,3,Severe_Damage,L3_S2,-1756,1096,14906,-191,32,-123,0,36.11
1176,20:25:57:079,3,Severe_Damage,L3_S2,-1782,1102,14894,-194,27,-122,0,24.11
1177,20:25:57:089,3,Severe_Damage,L3_S2,-1758,1080,14838,-185,31,-122,0,-31.89
1178,20:25:57:099,3,Severe_Damage,L3_S2,-1786,1126,14814,-185,33,-122,0,-55.89
1179,20:25:57:109,3,Severe_Damage,L3_S2,-1798,1116,14842,-192,35,-118,0,-27.89
1180,20:25:57:119,3,Severe_Damage,L3_S2,-1772,1100,14908,-193,34,-124,0,38.11
1181,20:25:57:129,3,Severe_Damage,L3_S2,-1812,1082,14888,-190,33,-116,0,18.11
1182,20:25:57:140,3,Severe_Damage,L3_S2,-1770,1120,14840,-189,34,-123,0,-29.89
1183,20:25:57:149,3,Severe_Damage,L3_S2,-1768,1148,14780,-188,35,-120,0,-89.89
1184,20:25:57:159,3,Severe_Damage,L3_S2,-1774,1102,14824,-189,33,-124,0,-45.89
1185,20:25:57:170,3,Severe_Damage,L3_S2,-1772,1084,14854,-195,34,-125,0,-15.89
1186,20:25:57:179,3,Severe_Damage,L3_S2,-1818,1136,14836,-188,29,-122,0,-33.89
1187,20:25:57:190,3,Severe_Damage,L3_S2,-1780,1110,14856,-195,29,-124,0,-13.89
1188,20:25:57:200,3,Severe_Damage,L3_S2,-1754,1128,14852,-190,29,-121,0,-17.89
1189,20:25:57:210,3,Severe_Damage,L3_S2,-1810,1136,14874,-193,34,-126,0,4.11
1190,20:25:57:219,3,Severe_Damage,L3_S2,-1808,1130,14910,-185,32,-119,0,40.11
1191,20:25:57:230,3,Severe_Damage,L3_S2,-1814,1128,14868,-190,24,-126,0,-1.89
1192,20:25:57:240,3,Severe_Damage,L3_S2,-1810,1112,14802,-192,31,-117,0,-67.89
1193,20:25:57:250,3,Severe_Damage,L3_S2,-1808,1076,14876,-196,31,-121,0,6.11
1194,20:25:57:260,3,Severe_Damage,L3_S2,-1802,1098,14944,-189,32,-115,0,74.11
1195,20:25:57:270,3,Severe_Damage,L3_S2,-1778,1116,14868,-191,28,-116,0,-1.89
1196,20:25:57:280,3,Severe_Damage,L3_S2,-1748,1150,14844,-192,24,-119,0,-25.89
1197,20:25:57:290,3,Severe_Damage,L3_S2,-1766,1098,14828,-198,30,-121,0,-41.89
1198,20:25:57:300,3,Severe_Damage,L3_S2,-1798,1096,14846,-196,29,-112,0,-23.89
1199,20:25:57:310,3,Severe_Damage,L3_S2,-1750,1112,14884,-189,25,-115,0,14.11
1200,20:25:57:320,3,Severe_Damage,L3_S2,-1784,1098,14860,-187,20,-118,0,-9.89
1201,20:25:57:330,3,Severe_Damage,L3_S2,-1822,1138,14836,-189,22,-125,0,-33.89
1202,20:25:57:340,3,Severe_Damage,L3_S2,-1758,1134,14850,-190,30,-121,0,-19.89
1203,20:25:57:350,3,Severe_Damage,L3_S2,-1786,1122,14854,-186,22,-125,0,-15.89
1204,20:25:57:360,3,Severe_Damage,L3_S2,-1762,1126,14878,-190,33,-126,0,8.11
1205,20:25:57:370,3,Severe_Damage,L3_S2,-1808,1064,14842,-189,18,-120,0,-27.89
1206,20:25:57:380,3,Severe_Damage,L3_S2,-1760,1102,14866,-191,32,-128,0,-3.89
1207,20:25:57:390,3,Severe_Damage,L3_S2,-1766,1148,14858,-188,26,-121,0,-11.89
1208,20:25:57:400,3,Severe_Damage,L3_S2,-1736,1038,14924,-193,35,-116,0,54.11
1209,20:25:57:410,3,Severe_Damage,L3_S2,-1780,1114,14828,-193,32,-123,0,-41.89
1210,20:25:57:420,3,Severe_Damage,L3_S2,-1774,1140,14906,-193,27,-119,0,36.11
1211,20:25:57:430,3,Severe_Damage,L3_S2,-1776,1110,14852,-183,29,-123,0,-17.89
1212,20:25:57:440,3,Severe_Damage,L3_S2,-1750,1112,14882,-191,27,-122,0,12.11
1213,20:25:57:450,3,Severe_Damage,L3_S2,-1818,1092,14844,-196,25,-124,0,-25.89
1214,20:25:57:460,3,Severe_Damage,L3_S2,-1766,1122,14838,-192,34,-126,0,-31.89
1215,20:25:57:470,3,Severe_Damage,L3_S2,-1834,1100,14940,-193,28,-117,0,70.11
1216,20:25:57:480,3,Severe_Damage,L3_S2,-1766,1058,14842,-184,31,-117,0,-27.89
1217,20:25:57:490,3,Severe_Damage,L3_S2,-1828,1098,14870,-194,26,-124,0,0.11
1218,20:25:57:500,3,Severe_Damage,L3_S2,-1806,1126,14836,-194,33,-124,0,-33.89
1219,20:25:57:510,3,Severe_Damage,L3_S2,-1746,1072,14852,-192,32,-119,0,-17.89
1220,20:25:57:520,3,Severe_Damage,L3_S2,-1774,1102,14878,-197,25,-124,0,8.11
1221,20:25:57:530,3,Severe_Damage,L3_S2,-1818,1108,14870,-189,39,-121,0,0.11
1222,20:25:57:540,3,Severe_Damage,L3_S2,-1812,1128,14830,-192,16,-117,0,-39.89
1223,20:25:57:550,3,Severe_Damage,L3_S2,-1830,1140,14900,-191,31,-115,0,30.11
1224,20:25:57:560,3,Severe_Damage,L3_S2,-1802,1092,14824,-195,27,-124,0,-45.89
1225,20:25:57:570,3,Severe_Damage,L3_S2,-1752,1114,14880,-191,26,-120,0,10.11
1226,20:25:57:580,3,Severe_Damage,L3_S2,-1748,1126,14910,-192,31,-122,0,40.11
1227,20:25:57:590,3,Severe_Damage,L3_S2,-1768,1118,14882,-188,27,-119,0,12.11
1228,20:25:57:600,3,Severe_Damage,L3_S2,-1752,1112,14856,-188,31,-116,0,-13.89
1229,20:25:57:610,3,Severe_Damage,L3_S2,-1792,1088,14850,-189,31,-121,0,-19.89
1230,20:25:57:620,3,Severe_Damage,L3_S2,-1780,1084,14824,-184,36,-124,0,-45.89
1231,20:25:57:630,3,Severe_Damage,L3_S2,-1786,1110,14862,-190,34,-121,0,-7.89
1232,20:25:57:640,3,Severe_Damage,L3_S2,-1798,1126,14848,-187,27,-125,0,-21.89
1233,20:25:57:650,3,Severe_Damage,L3_S2,-1778,1092,14900,-192,32,-131,0,30.11
1234,20:25:57:660,3,Severe_Damage,L3_S2,-1760,1102,14860,-185,26,-120,0,-9.89
1235,20:25:57:670,3,Severe_Damage,L3_S2,-1744,1130,14884,-188,34,-124,0,14.11
1236,20:25:57:680,3,Severe_Damage,L3_S2,-1836,1106,14872,-196,29,-123,0,2.11
1237,20:25:57:690,3,Severe_Damage,L3_S2,-1764,1104,14860,-195,24,-128,0,-9.89
1238,20:25:57:700,3,Severe_Damage,L3_S2,-1764,1136,14872,-191,24,-118,0,2.11
1239,20:25:57:710,3,Severe_Damage,L3_S2,-1798,1134,14874,-190,26,-119,0,4.11
1240,20:25:57:720,3,Severe_Damage,L3_S2,-1772,1114,14914,-187,32,-128,0,44.11
1241,20:25:57:730,3,Severe_Damage,L3_S2,-1796,1120,14882,-196,25,-121,0,12.11
1242,20:25:57:740,3,Severe_Damage,L3_S2,-1784,1096,14892,-185,30,-126,0,22.11
1243,20:25:57:750,3,Severe_Damage,L3_S2,-1782,1126,14900,-184,27,-122,0,30.11
1244,20:25:57:760,3,Severe_Damage,L3_S2,-1758,1090,14870,-188,26,-127,0,0.11
1245,20:25:57:770,3,Severe_Damage,L3_S2,-1764,1120,14850,-185,28,-120,0,-19.89
1246,20:25:57:780,3,Severe_Damage,L3_S2,-1804,1072,14858,-194,19,-119,0,-11.89
1247,20:25:57:790,3,Severe_Damage,L3_S2,-1786,1072,14846,-193,31,-126,0,-23.89
1248,20:25:57:800,3,Severe_Damage,L3_S2,-1768,1106,14782,-193,26,-118,0,-87.89
1249,20:25:57:810,3,Severe_Damage,L3_S2,-1808,1074,14796,-187,35,-123,0,-73.89
1250,20:25:57:820,3,Severe_Damage,L3_S2,-1772,1106,14892,-193,41,-125,0,22.11
1251,20:25:57:830,3,Severe_Damage,L3_S2,-1784,1126,14878,-192,27,-121,0,8.11
1252,20:25:57:840,3,Severe_Damage,L3_S2,-1744,1112,14834,-197,41,-125,0,-35.89
1253,20:25:57:850,3,Severe_Damage,L3_S2,-1758,1100,14890,-189,23,-115,0,20.11
1254,20:25:57:860,3,Severe_Damage,L3_S2,-1736,1120,14900,-189,35,-118,0,30.11
1255,20:25:57:870,3,Severe_Damage,L3_S2,-1766,1094,14828,-190,30,-116,0,-41.89
1256,20:25:57:880,3,Severe_Damage,L3_S2,-1766,1070,14798,-192,32,-123,0,-71.89
1257,20:25:57:890,3,Severe_Damage,L3_S2,-1760,1110,14904,-191,36,-116,0,34.11
1258,20:25:57:900,3,Severe_Damage,L3_S2,-1728,1098,14906,-190,26,-119,0,36.11
1259,20:25:57:910,3,Severe_Damage,L3_S2,-1798,1130,14836,-190,25,-119,0,-33.89
1260,20:25:57:920,3,Severe_Damage,L3_S2,-1790,1096,14806,-187,31,-126,0,-63.89
1261,20:25:57:930,3,Severe_Damage,L3_S2,-1794,1152,14858,-194,28,-125,0,-11.89
1262,20:25:57:940,3,Severe_Damage,L3_S2,-1772,1122,14872,-193,25,-118,0,2.11
1263,20:25:57:950,3,Severe_Damage,L3_S2,-1774,1110,14796,-190,25,-118,0,-73.89
1264,20:25:57:960,3,Severe_Damage,L3_S2,-1778,1108,14888,-192,27,-120,0,18.11
1265,20:25:57:970,3,Severe_Damage,L3_S2,-1758,1096,14948,-188,25,-122,0,78.11
1266,20:25:57:980,3,Severe_Damage,L3_S2,-1782,1108,14934,-186,27,-117,0,64.11
1267,20:25:57:990,3,Severe_Damage,L3_S2,-1804,1084,14840,-197,31,-116,0,-29.89
1268,20:25:58:000,3,Severe_Damage,L3_S2,-1720,1092,14910,-193,31,-122,0,40.11
1269,20:25:58:010,3,Severe_Damage,L3_S2,-1808,1146,14874,-191,35,-116,0,4.11
1270,20:25:58:020,3,Severe_Damage,L3_S2,-1788,1136,14872,-190,28,-119,0,2.11
1271,20:25:58:030,3,Severe_Damage,L3_S2,-1732,1084,14850,-190,33,-118,0,-19.89
1272,20:25:58:040,3,Severe_Damage,L3_S2,-1752,1094,14852,-196,22,-114,0,-17.89
1273,20:25:58:050,3,Severe_Damage,L3_S2,-1754,1126,14834,-190,40,-117,0,-35.89
1274,20:25:58:060,3,Severe_Damage,L3_S2,-1732,1088,14850,-191,25,-124,0,-19.89
1275,20:25:58:070,3,Severe_Damage,L3_S2,-1796,1094,14842,-194,23,-122,0,-27.89
1276,20:25:58:080,3,Severe_Damage,L3_S2,-1758,1102,14890,-186,33,-129,0,20.11
1277,20:25:58:090,3,Severe_Damage,L3_S2,-1802,1110,14876,-194,19,-117,0,6.11
1278,20:25:58:100,3,Severe_Damage,L3_S2,-1740,1106,14904,-181,40,-123,0,34.11
1279,20:25:58:110,3,Severe_Damage,L3_S2,-1752,1098,14858,-196,27,-120,0,-11.89
1280,20:25:58:120,3,Severe_Damage,L3_S2,-1802,1108,14864,-186,28,-114,0,-5.89
1281,20:25:58:130,3,Severe_Damage,L3_S2,-1748,1068,14860,-184,32,-126,0,-9.89
1282,20:25:58:140,3,Severe_Damage,L3_S2,-1798,1088,14872,-187,21,-115,0,2.11
1283,20:25:58:150,3,Severe_Damage,L3_S2,-1742,1112,14828,-189,42,-125,0,-41.89
1284,20:25:58:160,3,Severe_Damage,L3_S2,-1782,1086,14854,-192,19,-114,0,-15.89
1285,20:25:58:170,3,Severe_Damage,L3_S2,-1792,1100,14866,-192,23,-118,0,-3.89
1286,20:25:58:180,3,Severe_Damage,L3_S2,-1730,1086,14886,-188,33,-115,0,16.11
1287,20:25:58:190,3,Severe_Damage,L3_S2,-1810,1078,14872,-194,21,-117,0,2.11
1288,20:25:58:200,3,Severe_Damage,L3_S2,-1762,1096,14844,-187,36,-123,0,-25.89
1289,20:25:58:210,3,Severe_Damage,L3_S2,-1752,1082,14826,-194,26,-121,0,-43.89
1290,20:25:58:220,3,Severe_Damage,L3_S2,-1798,1126,14858,-194,31,-120,0,-11.89
1291,20:25:58:230,3,Severe_Damage,L3_S2,-1744,1082,14878,-190,32,-126,0,8.11
1292,20:25:58:240,3,Severe_Damage,L3_S2,-1762,1102,14888,-200,23,-124,0,18.11
1293,20:25:58:250,3,Severe_Damage,L3_S2,-1786,1172,14862,-193,37,-114,0,-7.89
1294,20:25:58:260,3,Severe_Damage,L3_S2,-1826,1092,14918,-199,32,-117,0,48.11
1295,20:25:58:270,3,Severe_Damage,L3_S2,-1800,1150,14900,-190,33,-117,0,30.11
1296,20:25:58:280,3,Severe_Damage,L3_S2,-1796,1156,14868,-186,35,-126,0,-1.89
1297,20:25:58:290,3,Severe_Damage,L3_S2,-1796,1154,14824,-192,22,-122,0,-45.89
1298,20:25:58:300,3,Severe_Damage,L3_S2,-1762,1114,14880,-187,28,-125,0,10.11
1299,20:25:58:310,3,Severe_Damage,L3_S2,-1794,1108,14886,-188,22,-118,0,16.11
1300,20:25:58:320,3,Severe_Damage,L3_S2,-1782,1094,14884,-192,31,-118,0,14.11
1301,20:25:58:330,3,Severe_Damage,L3_S2,-1802,1134,14812,-189,22,-116,0,-57.89
1302,20:25:58:340,3,Severe_Damage,L3_S2,-1788,1134,14836,-188,27,-124,0,-33.89
1303,20:25:58:350,3,Severe_Damage,L3_S2,-1774,1114,14826,-195,31,-124,0,-43.89
1304,20:25:58:360,3,Severe_Damage,L3_S2,-1784,1140,14900,-187,25,-126,0,30.11
1305,20:25:58:370,3,Severe_Damage,L3_S2,-1776,1148,14932,-194,26,-119,0,62.11
1306,20:25:58:380,3,Severe_Damage,L3_S2,-1788,1116,14868,-194,27,-117,0,-1.89
1307,20:25:58:390,3,Severe_Damage,L3_S2,-1790,1078,14848,-195,35,-121,0,-21.89
1308,20:25:58:400,3,Severe_Damage,L3_S2,-1806,1074,14852,-195,30,-125,0,-17.89
1309,20:25:58:410,3,Severe_Damage,L3_S2,-1734,1096,14848,-192,26,-127,0,-21.89
1310,20:25:58:420,3,Severe_Damage,L3_S2,-1826,1128,14886,-190,32,-127,0,16.11
1311,20:25:58:430,3,Severe_Damage,L3_S2,-1800,1140,14884,-193,26,-119,0,14.11
1312,20:25:58:440,3,Severe_Damage,L3_S2,-1738,1118,14904,-187,37,-126,0,34.11
1313,20:25:58:450,3,Severe_Damage,L3_S2,-1830,1114,14888,-190,26,-119,0,18.11
1314,20:25:58:460,3,Severe_Damage,L3_S2,-1766,1116,14848,-186,33,-122,0,-21.89
1315,20:25:58:470,3,Severe_Damage,L3_S2,-1750,1080,14876,-193,31,-115,0,6.11
1316,20:25:58:480,3,Severe_Damage,L3_S2,-1774,1082,14900,-197,25,-118,0,30.11
1317,20:25:58:490,3,Severe_Damage,L3_S2,-1750,1120,14886,-193,35,-122,0,16.11
1318,20:25:58:500,3,Severe_Damage,L3_S2,-1790,1106,14842,-194,18,-114,0,-27.89
1319,20:25:58:510,3,Severe_Damage,L3_S2,-1760,1110,14840,-189,27,-120,0,-29.89
1320,20:25:58:520,3,Severe_Damage,L3_S2,-1768,1110,14862,-195,26,-128,0,-7.89
1321,20:25:58:530,3,Severe_Damage,L3_S2,-1812,1096,14860,-186,27,-129,0,-9.89
1322,20:25:58:540,3,Severe_Damage,L3_S2,-1724,1104,14862,-190,35,-125,0,-7.89
1323,20:25:58:550,3,Severe_Damage,L3_S2,-1814,1116,14892,-191,23,-122,0,22.11
1324,20:25:58:560,3,Severe_Damage,L3_S2,-1810,1090,14882,-194,39,-120,0,12.11
1325,20:25:58:570,3,Severe_Damage,L3_S2,-1780,1136,14930,-194,31,-113,0,60.11
1326,20:25:58:580,3,Severe_Damage,L3_S2,-1794,1090,14882,-191,33,-121,0,12.11
1327,20:25:58:590,3,Severe_Damage,L3_S2,-1754,1068,14894,-187,38,-125,0,24.11
1328,20:25:58:600,3,Severe_Damage,L3_S2,-1826,1092,14834,-187,33,-117,0,-35.89
1329,20:25:58:610,3,Severe_Damage,L3_S2,-1738,1076,14920,-192,35,-115,0,50.11
1330,20:25:58:620,3,Severe_Damage,L3_S2,-1740,1094,14890,-189,27,-115,0,20.11
1331,20:25:58:630,3,Severe_Damage,L3_S2,-1736,1118,14842,-195,31,-116,0,-27.89
1332,20:25:58:640,3,Severe_Damage,L3_S2,-1810,1108,14898,-187,28,-121,0,28.11
1333,20:25:58:650,3,Severe_Damage,L3_S2,-1760,1112,14906,-188,30,-122,0,36.11
1334,20:25:58:660,3,Severe_Damage,L3_S2,-1768,1108,14880,-190,35,-120,0,10.11
1335,20:25:58:670,3,Severe_Damage,L3_S2,-1760,1124,14838,-186,30,-128,0,-31.89
1336,20:25:58:680,3,Severe_Damage,L3_S2,-1806,1156,14918,-194,27,-121,0,48.11
1337,20:25:58:690,3,Severe_Damage,L3_S2,-1760,1144,14844,-189,30,-120,0,-25.89
1338,20:25:58:700,3,Severe_Damage,L3_S2,-1750,1100,14926,-186,32,-120,0,56.11
1339,20:25:58:710,3,Severe_Damage,L3_S2,-1848,1104,14864,-185,34,-123,0,-5.89
1340,20:25:58:720,3,Severe_Damage,L3_S2,-1756,1098,14922,-192,31,-120,0,52.11
1341,20:25:58:730,3,Severe_Damage,L3_S2,-1728,1056,14922,-192,19,-127,0,52.11
1342,20:25:58:740,3,Severe_Damage,L3_S2,-1754,1138,14780,-186,25,-119,0,-89.89
1343,20:25:58:750,3,Severe_Damage,L3_S2,-1716,1106,14868,-181,32,-116,0,-1.89
1344,20:25:58:760,3,Severe_Damage,L3_S2,-1812,1118,14872,-196,22,-118,0,2.11
1345,20:25:58:770,3,Severe_Damage,L3_S2,-1788,1100,14814,-188,29,-121,0,-55.89
1346,20:25:58:780,3,Severe_Damage,L3_S2,-1786,1108,14864,-192,35,-125,0,-5.89
1347,20:25:58:790,3,Severe_Damage,L3_S2,-1814,1096,14862,-186,25,-118,0,-7.89
1348,20:25:58:800,3,Severe_Damage,L3_S2,-1780,1084,14866,-190,36,-117,0,-3.89
1349,20:25:58:810,3,Severe_Damage,L3_S2,-1786,1082,14916,-188,20,-118,0,46.11
1350,20:25:58:820,3,Severe_Damage,L3_S2,-1764,1124,14920,-191,26,-122,0,50.11
1351,20:25:58:830,3,Severe_Damage,L3_S2,-1772,1112,14870,-197,30,-128,0,0.11
1352,20:25:58:840,3,Severe_Damage,L3_S2,-1774,1118,14862,-189,31,-123,0,-7.89
1353,20:25:58:850,3,Severe_Damage,L3_S2,-1738,1088,14898,-194,32,-127,0,28.11
1354,20:25:58:860,3,Severe_Damage,L3_S2,-1760,1108,14852,-191,27,-119,0,-17.89
1355,20:25:58:870,3,Severe_Damage,L3_S2,-1798,1130,14886,-192,32,-123,0,16.11
1356,20:25:58:880,3,Severe_Damage,L3_S2,-1788,1096,14858,-192,28,-117,0,-11.89
1357,20:25:58:890,3,Severe_Damage,L3_S2,-1774,1116,14858,-194,29,-117,0,-11.89
1358,20:25:58:900,3,Severe_Damage,L3_S2,-1766,1122,14866,-189,33,-124,0,-3.89
1359,20:25:58:910,3,Severe_Damage,L3_S2,-1766,1094,14898,-194,24,-121,0,28.11
1360,20:25:58:920,3,Severe_Damage,L3_S2,-1818,1112,14834,-185,28,-126,0,-35.89
1361,20:25:58:930,3,Severe_Damage,L3_S2,-1774,1116,14948,-193,23,-120,0,78.11
1362,20:25:58:940,3,Severe_Damage,L3_S2,-1736,1150,14876,-190,28,-116,0,6.11
1363,20:25:58:950,3,Severe_Damage,L3_S2,-1746,1126,14878,-190,29,-124,0,8.11
1364,20:25:58:960,3,Severe_Damage,L3_S2,-1774,1090,14894,-193,32,-124,0,24.11
1365,20:25:58:970,3,Severe_Damage,L3_S2,-1774,1096,14920,-185,25,-119,0,50.11
1366,20:25:58:980,3,Severe_Damage,L3_S2,-1732,1060,14864,-186,32,-135,0,-5.89
1367,20:25:58:990,3,Severe_Damage,L3_S2,-1782,1112,14868,-188,28,-124,0,-1.89
1368,20:25:59:000,3,Severe_Damage,L3_S2,-1780,1148,14892,-188,30,-126,0,22.11
1369,20:25:59:010,3,Severe_Damage,L3_S2,-1818,1092,14830,-194,29,-126,0,-39.89
1370,20:25:59:020,3,Severe_Damage,L3_S2,-1814,1142,14884,-190,23,-121,0,14.11
1371,20:25:59:030,3,Severe_Damage,L3_S2,-1738,1140,14916,-194,48,-128,0,46.11
1372,20:25:59:040,3,Severe_Damage,L3_S2,-1776,1056,14814,-189,17,-116,0,-55.89
1373,20:25:59:050,3,Severe_Damage,L3_S2,-1726,1050,14828,-187,42,-124,0,-41.89
1374,20:25:59:060,3,Severe_Damage,L3_S2,-1816,1124,14852,-194,28,-122,0,-17.89
1375,20:25:59:070,3,Severe_Damage,L3_S2,-1808,1088,14840,-195,28,-124,0,-29.89
1376,20:25:59:080,3,Severe_Damage,L3_S2,-1740,1082,14844,-191,41,-129,0,-25.89
1377,20:25:59:090,3,Severe_Damage,L3_S2,-1784,1116,14944,-199,23,-113,0,74.11
1378,20:25:59:100,3,Severe_Damage,L3_S2,-1756,1116,14892,-191,45,-123,0,22.11
1379,20:25:59:110,3,Severe_Damage,L3_S2,-1788,1106,14872,-194,29,-123,0,2.11
1380,20:25:59:120,3,Severe_Damage,L3_S2,-1844,1112,14896,-189,28,-117,0,26.11
1381,20:25:59:130,3,Severe_Damage,L3_S2,-1750,1124,14900,-192,36,-124,0,30.11
1382,20:25:59:140,3,Severe_Damage,L3_S2,-1850,1076,14846,-197,18,-114,0,-23.89
1383,20:25:59:150,3,Severe_Damage,L3_S2,-1758,1118,14844,-191,42,-124,0,-25.89
1384,20:25:59:160,3,Severe_Damage,L3_S2,-1794,1092,14822,-192,21,-113,0,-47.89
1385,20:25:59:170,3,Severe_Damage,L3_S2,-1756,1116,14918,-187,34,-117,0,48.11
1386,20:25:59:180,3,Severe_Damage,L3_S2,-1776,1134,14874,-194,33,-122,0,4.11
1387,20:25:59:190,3,Severe_Damage,L3_S2,-1814,1088,14898,-189,32,-118,0,28.11
1388,20:25:59:200,3,Severe_Damage,L3_S2,-1746,1088,14878,-187,38,-117,0,8.11
1389,20:25:59:210,3,Severe_Damage,L3_S2,-1802,1112,14848,-187,25,-118,0,-21.89
1390,20:25:59:220,3,Severe_Damage,L3_S2,-1780,1130,14926,-202,35,-117,0,56.11
1391,20:25:59:230,3,Severe_Damage,L3_S2,-1818,1076,14860,-186,27,-117,0,-9.89
1392,20:25:59:240,3,Severe_Damage,L3_S2,-1744,1098,14864,-190,28,-124,0,-5.89
1393,20:25:59:250,3,Severe_Damage,L3_S2,-1792,1096,14866,-190,32,-126,0,-3.89
1394,20:25:59:260,3,Severe_Damage,L3_S2,-1786,1130,14830,-193,24,-119,0,-39.89
1395,20:25:59:270,3,Severe_Damage,L3_S2,-1746,1130,14864,-191,34,-121,0,-5.89
1396,20:25:59:280,3,Severe_Damage,L3_S2,-1824,1104,14844,-188,25,-120,0,-25.89
1397,20:25:59:290,3,Severe_Damage,L3_S2,-1802,1076,14844,-190,34,-122,0,-25.89
1398,20:25:59:300,3,Severe_Damage,L3_S2,-1832,1120,14888,-197,29,-122,0,18.11
1399,20:25:59:310,3,Severe_Damage,L3_S2,-1784,1112,14866,-192,28,-125,0,-3.89
1400,20:25:59:320,3,Severe_Damage,L3_S2,-1774,1070,14896,-192,41,-124,0,26.11
1401,20:25:59:330,3,Severe_Damage,L3_S2,-1802,1116,14838,-194,23,-121,0,-31.89
1402,20:25:59:340,3,Severe_Damage,L3_S2,-1766,1108,14902,-185,39,-115,0,32.11
1403,20:25:59:350,3,Severe_Damage,L3_S2,-1774,1102,14836,-195,27,-120,0,-33.89
1404,20:25:59:360,3,Severe_Damage,L3_S2,-1788,1100,14920,-188,25,-120,0,50.11
1405,20:25:59:370,3,Severe_Damage,L3_S2,-1760,1054,14906,-190,33,-130,0,36.11
1406,20:25:59:380,3,Severe_Damage,L3_S2,-1826,1096,14862,-193,26,-126,0,-7.89
1407,20:25:59:390,3,Severe_Damage,L3_S2,-1750,1060,14886,-200,33,-134,0,16.11
1408,20:25:59:400,3,Severe_Damage,L3_S2,-1776,1134,14828,-191,27,-119,0,-41.89
1409,20:25:59:410,3,Severe_Damage,L3_S2,-1764,1104,14926,-193,30,-121,0,56.11
1410,20:25:59:421,3,Severe_Damage,L3_S2,-1730,1096,14876,-187,32,-124,0,6.11
1411,20:25:59:430,3,Severe_Damage,L3_S2,-1810,1120,14854,-184,21,-116,0,-15.89
1412,20:25:59:440,3,Severe_Damage,L3_S2,-1760,1126,14882,-186,30,-121,0,12.11
1413,20:25:59:450,3,Severe_Damage,L3_S2,-1762,1166,14866,-192,20,-116,0,-3.89
1414,20:25:59:460,3,Severe_Damage,L3_S2,-1774,1094,14928,-190,35,-121,0,58.11
1415,20:25:59:470,3,Severe_Damage,L3_S2,-1784,1126,14802,-190,30,-122,0,-67.89
1416,20:25:59:480,3,Severe_Damage,L3_S2,-1766,1128,14896,-196,24,-123,0,26.11
1417,20:25:59:490,3,Severe_Damage,L3_S2,-1816,1072,14896,-194,32,-126,0,26.11
1418,20:25:59:500,3,Severe_Damage,L3_S2,-1782,1142,14850,-193,24,-120,0,-19.89
1419,20:25:59:510,3,Severe_Damage,L3_S2,-1748,1090,14868,-185,35,-121,0,-1.89
1420,20:25:59:520,3,Severe_Damage,L3_S2,-1764,1180,14878,-192,23,-127,0,8.11
1421,20:25:59:530,3,Severe_Damage,L3_S2,-1800,1110,14868,-189,32,-127,0,-1.89
1422,20:25:59:540,3,Severe_Damage,L3_S2,-1744,1112,14858,-196,25,-120,0,-11.89
1423,20:25:59:550,3,Severe_Damage,L3_S2,-1786,1124,14874,-189,28,-123,0,4.11
1424,20:25:59:560,3,Severe_Damage,L3_S2,-1764,1108,14870,-195,33,-123,0,0.11
1425,20:25:59:570,3,Severe_Damage,L3_S2,-1824,1140,14926,-193,26,-120,0,56.11
1426,20:25:59:580,3,Severe_Damage,L3_S2,-1760,1108,14828,-192,35,-122,0,-41.89
1427,20:25:59:590,3,Severe_Damage,L3_S2,-1774,1104,14940,-187,39,-120,0,70.11
1428,20:25:59:600,3,Severe_Damage,L3_S2,-1778,1100,14848,-197,27,-119,0,-21.89
1429,20:25:59:610,3,Severe_Damage,L3_S2,-1774,1158,14874,-191,39,-121,0,4.11
1430,20:25:59:620,3,Severe_Damage,L3_S2,-1770,1082,14858,-193,22,-122,0,-11.89
1431,20:25:59:630,3,Severe_Damage,L3_S2,-1774,1090,14794,-193,31,-123,0,-75.89
1432,20:25:59:640,3,Severe_Damage,L3_S2,-1770,1132,14870,-193,23,-117,0,0.11
1433,20:25:59:650,3,Severe_Damage,L3_S2,-1718,1156,14956,-191,34,-127,0,86.11
1434,20:25:59:660,3,Severe_Damage,L3_S2,-1786,1126,14918,-189,29,-130,0,48.11
1435,20:25:59:670,3,Severe_Damage,L3_S2,-1756,1090,14912,-194,20,-125,0,42.11
1436,20:25:59:680,3,Severe_Damage,L3_S2,-1808,1104,14790,-193,30,-129,0,-79.89
1437,20:25:59:690,3,Severe_Damage,L3_S2,-1778,1100,14826,-198,21,-130,0,-43.89
1438,20:25:59:700,3,Severe_Damage,L3_S2,-1792,1094,14872,-187,36,-120,0,2.11
1439,20:25:59:710,3,Severe_Damage,L3_S2,-1808,1130,14872,-191,28,-116,0,2.11
1440,20:25:59:720,3,Severe_Damage,L3_S2,-1778,1146,14874,-188,37,-118,0,4.11
1441,20:25:59:730,3,Severe_Damage,L3_S2,-1752,1098,14856,-192,33,-117,0,-13.89
1442,20:25:59:740,3,Severe_Damage,L3_S2,-1776,1082,14868,-190,34,-118,0,-1.89
1443,20:25:59:750,3,Severe_Damage,L3_S2,-1748,1092,14862,-187,26,-123,0,-7.89
1444,20:25:59:761,3,Severe_Damage,L3_S2,-1766,1104,14918,-183,32,-121,0,48.11
1445,20:25:59:771,3,Severe_Damage,L3_S2,-1794,1152,14914,-183,28,-113,0,44.11
1446,20:25:59:780,3,Severe_Damage,L3_S2,-1774,1160,14966,-187,32,-120,0,96.11
1447,20:25:59:791,3,Severe_Damage,L3_S2,-1758,1104,14882,-194,29,-120,0,12.11
1448,20:25:59:801,3,Severe_Damage,L3_S2,-1774,1128,14854,-194,31,-131,0,-15.89
1449,20:25:59:810,3,Severe_Damage,L3_S2,-1752,1112,14886,-192,24,-126,0,16.11
1450,20:25:59:820,3,Severe_Damage,L3_S2,-1796,1136,14846,-189,35,-126,0,-23.89
1451,20:25:59:830,3,Severe_Damage,L3_S2,-1798,1144,14888,-187,28,-128,0,18.11
1452,20:25:59:840,3,Severe_Damage,L3_S2,-1776,1176,14852,-187,24,-120,0,-17.89
1453,20:25:59:850,3,Severe_Damage,L3_S2,-1782,1120,14876,-184,30,-119,0,6.11
1454,20:25:59:860,3,Severe_Damage,L3_S2,-1760,1128,14848,-190,30,-119,0,-21.89
1455,20:25:59:871,3,Severe_Damage,L3_S2,-1778,1114,14918,-186,29,-122,0,48.11
1456,20:25:59:880,3,Severe_Damage,L3_S2,-1798,1068,14856,-193,27,-119,0,-13.89
1457,20:25:59:890,3,Severe_Damage,L3_S2,-1738,1092,14842,-186,24,-121,0,-27.89
1458,20:25:59:900,3,Severe_Damage,L3_S2,-1772,1106,14796,-192,29,-126,0,-73.89
1459,20:25:59:910,3,Severe_Damage,L3_S2,-1744,1102,14888,-190,35,-128,0,18.11
1460,20:25:59:921,3,Severe_Damage,L3_S2,-1814,1074,14896,-189,34,-125,0,26.11
1461,20:25:59:931,3,Severe_Damage,L3_S2,-1748,1092,14890,-193,33,-124,0,20.11
1462,20:25:59:940,3,Severe_Damage,L3_S2,-1786,1138,14804,-196,30,-124,0,-65.89
1463,20:25:59:950,3,Severe_Damage,L3_S2,-1796,1120,14910,-195,28,-123,0,40.11
1464,20:25:59:960,3,Severe_Damage,L3_S2,-1784,1126,14884,-187,36,-117,0,14.11
1465,20:25:59:970,3,Severe_Damage,L3_S2,-1794,1112,14822,-184,28,-112,0,-47.89
1466,20:25:59:980,3,Severe_Damage,L3_S2,-1806,1112,14878,-182,30,-116,0,8.11
1467,20:25:59:991,3,Severe_Damage,L3_S2,-1752,1064,14892,-192,37,-119,0,22.11
1468,20:26:00:000,3,Severe_Damage,L3_S2,-1774,1160,14868,-190,31,-120,0,-1.89
1469,20:26:00:011,3,Severe_Damage,L3_S2,-1802,1116,14872,-185,31,-121,0,2.11
1470,20:26:00:021,3,Severe_Damage,L3_S2,-1764,1114,14858,-192,30,-120,0,-11.89
1471,20:26:00:031,3,Severe_Damage,L3_S2,-1800,1154,14852,-193,35,-116,0,-17.89
1472,20:26:00:040,3,Severe_Damage,L3_S2,-1774,1124,14782,-191,32,-123,0,-87.89
1473,20:26:00:051,3,Severe_Damage,L3_S2,-1788,1164,14926,-185,25,-125,0,56.11
1474,20:26:00:060,3,Severe_Damage,L3_S2,-1740,1118,14894,-187,31,-122,0,24.11
1475,20:26:00:070,3,Severe_Damage,L3_S2,-1772,1108,14882,-192,30,-121,0,12.11
1476,20:26:00:080,3,Severe_Damage,L3_S2,-1764,1088,14872,-192,32,-120,0,2.11
1477,20:26:00:091,3,Severe_Damage,L3_S2,-1782,1110,14894,-190,29,-119,0,24.11
1478,20:26:00:101,3,Severe_Damage,L3_S2,-1784,1138,14850,-190,21,-119,0,-19.89
1479,20:26:00:110,3,Severe_Damage,L3_S2,-1764,1074,14882,-188,31,-122,0,12.11
1480,20:26:00:121,3,Severe_Damage,L3_S2,-1788,1096,14842,-190,29,-118,0,-27.89
1481,20:26:00:131,3,Severe_Damage,L3_S2,-1770,1114,14868,-192,30,-128,0,-1.89
1482,20:26:00:141,3,Severe_Damage,L3_S2,-1690,1098,14870,-192,32,-127,0,0.11
1483,20:26:00:151,3,Severe_Damage,L3_S2,-1750,1102,14836,-195,28,-122,0,-33.89
1484,20:26:00:161,3,Severe_Damage,L3_S2,-1816,1118,14914,-195,30,-122,0,44.11
1485,20:26:00:171,3,Severe_Damage,L3_S2,-1784,1100,14834,-192,27,-116,0,-35.89
1486,20:26:00:181,3,Severe_Damage,L3_S2,-1786,1044,14926,-190,34,-123,0,56.11
1487,20:26:00:191,3,Severe_Damage,L3_S2,-1722,1096,14888,-192,29,-124,0,18.11
1488,20:26:00:201,3,Severe_Damage,L3_S2,-1806,1098,14844,-192,27,-122,0,-25.89
1489,20:26:00:211,3,Severe_Damage,L3_S2,-1796,1108,14876,-193,35,-112,0,6.11
1490,20:26:00:221,3,Severe_Damage,L3_S2,-1786,1170,14866,-192,27,-114,0,-3.89
1491,20:26:00:231,3,Severe_Damage,L3_S2,-1792,1142,14868,-193,26,-120,0,-1.89
1492,20:26:00:241,3,Severe_Damage,L3_S2,-1778,1120,14852,-189,30,-126,0,-17.89
1493,20:26:00:251,3,Severe_Damage,L3_S2,-1778,1118,14800,-193,24,-127,0,-69.89
1494,20:26:00:261,3,Severe_Damage,L3_S2,-1826,1124,14876,-192,27,-124,0,6.11
1495,20:26:00:271,3,Severe_Damage,L3_S2,-1772,1100,14840,-195,24,-126,0,-29.89
1496,20:26:00:281,3,Severe_Damage,L3_S2,-1798,1128,14832,-192,24,-114,0,-37.89
1497,20:26:00:291,3,Severe_Damage,L3_S2,-1774,1116,14886,-185,29,-119,0,16.11
1498,20:26:00:301,3,Severe_Damage,L3_S2,-1768,1096,14892,-187,27,-118,0,22.11
1499,20:26:00:311,3,Severe_Damage,L3_S2,-1776,1126,14840,-190,28,-126,0,-29.89
1500,20:26:00:321,3,Severe_Damage,L3_S2,-1794,1122,14852,-185,34,-130,0,-17.89
1501,20:26:00:331,3,Severe_Damage,L3_S2,-1790,1100,14886,-191,26,-123,0,16.11
1502,20:26:00:341,3,Severe_Damage,L3_S2,-1748,1118,14898,-187,30,-128,0,28.11
1503,20:26:00:351,3,Severe_Damage,L3_S2,-1756,1092,14896,-189,20,-120,0,26.11
1504,20:26:00:361,3,Severe_Damage,L3_S2,-1792,1122,14856,-192,27,-121,0,-13.89
1505,20:26:00:371,3,Severe_Damage,L3_S2,-1816,1126,14902,-191,27,-127,0,32.11
1506,20:26:00:381,3,Severe_Damage,L3_S2,-1756,1086,14810,-196,27,-124,0,-59.89
1507,20:26:00:391,3,Severe_Damage,L3_S2,-1772,1094,14790,-191,33,-123,0,-79.89
1508,20:26:00:401,3,Severe_Damage,L3_S2,-1810,1078,14798,-192,29,-126,0,-71.89
1509,20:26:00:411,3,Severe_Damage,L3_S2,-1756,1112,14842,-187,28,-124,0,-27.89
1510,20:26:00:421,3,Severe_Damage,L3_S2,-1786,1086,14878,-190,31,-122,0,8.11
1511,20:26:00:431,3,Severe_Damage,L3_S2,-1778,1064,14914,-186,26,-124,0,44.11
1512,20:26:00:441,3,Severe_Damage,L3_S2,-1774,1120,14908,-184,24,-126,0,38.11
1513,20:26:00:451,3,Severe_Damage,L3_S2,-1826,1110,14912,-187,25,-122,0,42.11
1514,20:26:00:461,3,Severe_Damage,L3_S2,-1798,1104,14824,-190,20,-116,0,-45.89
1515,20:26:00:471,3,Severe_Damage,L3_S2,-1754,1156,14844,-187,24,-121,0,-25.89
1516,20:26:00:481,3,Severe_Damage,L3_S2,-1786,1102,14820,-186,27,-122,0,-49.89
1517,20:26:00:491,3,Severe_Damage,L3_S2,-1722,1108,14786,-189,26,-117,0,-83.89
1518,20:26:00:501,3,Severe_Damage,L3_S2,-1798,1084,14804,-191,31,-118,0,-65.89
1519,20:26:00:511,3,Severe_Damage,L3_S2,-1768,1068,14818,-193,40,-116,0,-51.89
1520,20:26:00:521,3,Severe_Damage,L3_S2,-1782,1080,14838,-191,31,-119,0,-31.89
1521,20:26:00:531,3,Severe_Damage,L3_S2,-1760,1090,14866,-190,29,-126,0,-3.89
1522,20:26:00:541,3,Severe_Damage,L3_S2,-1802,1128,14838,-191,25,-121,0,-31.89
1523,20:26:00:551,3,Severe_Damage,L3_S2,-1768,1044,14800,-194,30,-121,0,-69.89
1524,20:26:00:561,3,Severe_Damage,L3_S2,-1788,1086,14904,-194,27,-121,0,34.11
1525,20:26:00:571,3,Severe_Damage,L3_S2,-1750,1068,14892,-187,29,-120,0,22.11
1526,20:26:00:581,3,Severe_Damage,L3_S2,-1738,1088,14960,-187,29,-122,0,90.11
1527,20:26:00:591,3,Severe_Damage,L3_S2,-1776,1104,14890,-194,20,-124,0,20.11
1528,20:26:00:601,3,Severe_Damage,L3_S2,-1770,1112,14874,-194,30,-117,0,4.11
1529,20:26:00:611,3,Severe_Damage,L3_S2,-1838,1106,14892,-194,23,-122,0,22.11
1530,20:26:00:621,3,Severe_Damage,L3_S2,-1796,1090,14796,-191,34,-121,0,-73.89
1531,20:26:00:631,3,Severe_Damage,L3_S2,-1786,1136,14802,-193,31,-126,0,-67.89
1532,20:26:00:641,3,Severe_Damage,L3_S2,-1824,1078,14920,-192,24,-127,0,50.11
1533,20:26:00:651,3,Severe_Damage,L3_S2,-1756,1114,14874,-191,33,-125,0,4.11
1534,20:26:00:661,3,Severe_Damage,L3_S2,-1812,1046,14936,-194,27,-126,0,66.11
1535,20:26:00:671,3,Severe_Damage,L3_S2,-1790,1074,14846,-194,31,-120,0,-23.89
1536,20:26:00:681,3,Severe_Damage,L3_S2,-1766,1106,14882,-192,37,-126,0,12.11
1537,20:26:00:691,3,Severe_Damage,L3_S2,-1804,1096,14844,-190,29,-124,0,-25.89
1538,20:26:00:701,3,Severe_Damage,L3_S2,-1762,1056,14864,-188,38,-125,0,-5.89
1539,20:26:00:711,3,Severe_Damage,L3_S2,-1792,1070,14886,-190,28,-121,0,16.11
1540,20:26:00:721,3,Severe_Damage,L3_S2,-1820,1108,14846,-184,29,-118,0,-23.89
1541,20:26:00:731,3,Severe_Damage,L3_S2,-1772,1054,14850,-183,30,-116,0,-19.89
1542,20:26:00:741,3,Severe_Damage,L3_S2,-1786,1174,14908,-189,22,-119,0,38.11
1543,20:26:00:751,3,Severe_Damage,L3_S2,-1786,1144,14898,-191,30,-121,0,28.11
1544,20:26:00:761,3,Severe_Damage,L3_S2,-1800,1142,14846,-191,29,-120,0,-23.89
1545,20:26:00:771,3,Severe_Damage,L3_S2,-1824,1146,14876,-194,31,-117,0,6.11
1546,20:26:00:781,3,Severe_Damage,L3_S2,-1784,1108,14870,-180,31,-120,0,0.11
1547,20:26:00:791,3,Severe_Damage,L3_S2,-1748,1108,14878,-192,29,-126,0,8.11
1548,20:26:00:801,3,Severe_Damage,L3_S2,-1812,1164,14846,-191,36,-123,0,-23.89
1549,20:26:00:811,3,Severe_Damage,L3_S2,-1780,1092,14854,-191,27,-122,0,-15.89
1550,20:26:00:821,3,Severe_Damage,L3_S2,-1746,1072,14906,-188,35,-121,0,36.11
1551,20:26:00:831,3,Severe_Damage,L3_S2,-1776,1076,14850,-188,32,-124,0,-19.89
1552,20:26:00:841,3,Severe_Damage,L3_S2,-1804,1166,14908,-192,26,-123,0,38.11
1553,20:26:00:851,3,Severe_Damage,L3_S2,-1826,1088,14830,-188,29,-128,0,-39.89
1554,20:26:00:861,3,Severe_Damage,L3_S2,-1740,1082,14836,-187,33,-124,0,-33.89
1555,20:26:00:871,3,Severe_Damage,L3_S2,-1778,1114,14874,-194,25,-119,0,4.11
1556,20:26:00:881,3,Severe_Damage,L3_S2,-1760,1100,14838,-187,31,-122,0,-31.89
1557,20:26:00:891,3,Severe_Damage,L3_S2,-1790,1076,14798,-190,29,-115,0,-71.89
1558,20:26:00:901,3,Severe_Damage,L3_S2,-1776,1104,14890,-195,21,-118,0,20.11
1559,20:26:00:911,3,Severe_Damage,L3_S2,-1738,1126,14858,-187,26,-123,0,-11.89
1560,20:26:00:921,3,Severe_Damage,L3_S2,-1758,1118,14898,-186,30,-123,0,28.11
1561,20:26:00:931,3,Severe_Damage,L3_S2,-1810,1116,14910,-187,39,-124,0,40.11
1562,20:26:00:941,3,Severe_Damage,L3_S2,-1788,1142,14878,-192,26,-117,0,8.11
1563,20:26:00:951,3,Severe_Damage,L3_S2,-1780,1088,14854,-192,23,-128,0,-15.89
1564,20:26:00:961,3,Severe_Damage,L3_S2,-1796,1112,14834,-193,27,-129,0,-35.89
1565,20:26:00:971,3,Severe_Damage,L3_S2,-1780,1094,14918,-191,28,-123,0,48.11
1566,20:26:00:981,3,Severe_Damage,L3_S2,-1816,1130,14808,-194,34,-125,0,-61.89
1567,20:26:00:991,3,Severe_Damage,L3_S2,-1788,1142,14790,-194,28,-123,0,-79.89
1568,20:26:01:001,3,Severe_Damage,L3_S2,-1788,1068,14844,-193,34,-123,0,-25.89
1569,20:26:01:011,3,Severe_Damage,L3_S2,-1770,1164,14844,-191,31,-115,0,-25.89
1570,20:26:01:021,3,Severe_Damage,L3_S2,-1804,1102,14842,-190,32,-114,0,-27.89
1571,20:26:01:031,3,Severe_Damage,L3_S2,-1804,1126,14886,-187,21,-126,0,16.11
1572,20:26:01:041,3,Severe_Damage,L3_S2,-1758,1126,14854,-191,25,-126,0,-15.89
1573,20:26:01:051,3,Severe_Damage,L3_S2,-1782,1118,14842,-186,25,-124,0,-27.89
1574,20:26:01:061,3,Severe_Damage,L3_S2,-1786,1112,14852,-191,29,-124,0,-17.89
1575,20:26:01:071,3,Severe_Damage,L3_S2,-1734,1046,14862,-189,28,-120,0,-7.89
1576,20:26:01:081,3,Severe_Damage,L3_S2,-1782,1144,14948,-191,28,-120,0,78.11
1577,20:26:01:091,3,Severe_Damage,L3_S2,-1786,1114,14890,-187,31,-114,0,20.11
1578,20:26:01:101,3,Severe_Damage,L3_S2,-1764,1094,14864,-187,35,-127,0,-5.89
1579,20:26:01:111,3,Severe_Damage,L3_S2,-1762,1120,14790,-191,31,-122,0,-79.89
1580,20:26:01:121,3,Severe_Damage,L3_S2,-1768,1118,14876,-197,28,-127,0,6.11
1581,20:26:01:131,3,Severe_Damage,L3_S2,-1754,1146,14962,-187,34,-129,0,92.11
1582,20:26:01:141,3,Severe_Damage,L3_S2,-1792,1114,14942,-195,27,-123,0,72.11
1583,20:26:01:151,3,Severe_Damage,L3_S2,-1792,1076,14886,-192,31,-123,0,16.11
1584,20:26:01:161,3,Severe_Damage,L3_S2,-1752,1102,14880,-194,23,-120,0,10.11
1585,20:26:01:171,3,Severe_Damage,L3_S2,-1788,1080,14826,-192,26,-122,0,-43.89
1586,20:26:01:181,3,Severe_Damage,L3_S2,-1778,1118,14892,-189,22,-121,0,22.11
1587,20:26:01:191,3,Severe_Damage,L3_S2,-1766,1136,14912,-188,31,-126,0,42.11
1588,20:26:01:201,3,Severe_Damage,L3_S2,-1824,1144,14878,-195,26,-118,0,8.11
1589,20:26:01:211,3,Severe_Damage,L3_S2,-1754,1098,14858,-190,26,-123,0,-11.89
1590,20:26:01:221,3,Severe_Damage,L3_S2,-1832,1084,14892,-195,32,-125,0,22.11
1591,20:26:01:231,3,Severe_Damage,L3_S2,-1750,1122,14890,-190,33,-125,0,20.11
1592,20:26:01:241,3,Severe_Damage,L3_S2,-1788,1106,14904,-194,30,-119,0,34.11
1593,20:26:01:251,3,Severe_Damage,L3_S2,-1748,1128,14920,-193,31,-117,0,50.11
1594,20:26:01:261,3,Severe_Damage,L3_S2,-1762,1070,14842,-190,29,-121,0,-27.89
1595,20:26:01:271,3,Severe_Damage,L3_S2,-1814,1102,14904,-190,32,-118,0,34.11
1596,20:26:01:281,3,Severe_Damage,L3_S2,-1820,1130,14858,-191,29,-126,0,-11.89
1597,20:26:01:291,3,Severe_Damage,L3_S2,-1790,1102,14842,-195,32,-128,0,-27.89
1598,20:26:01:301,3,Severe_Damage,L3_S2,-1850,1104,14802,-195,17,-129,0,-67.89
1599,20:26:01:311,3,Severe_Damage,L3_S2,-1768,1052,14854,-184,41,-126,0,-15.89
1600,20:26:01:321,3,Severe_Damage,L3_S2,-1806,1086,14816,-194,20,-123,0,-53.89
1601,20:26:01:331,3,Severe_Damage,L3_S2,-1768,1130,14828,-188,39,-118,0,-41.89
1602,20:26:01:341,3,Severe_Damage,L3_S2,-1742,1066,14862,-191,29,-123,0,-7.89
1603,20:26:01:351,3,Severe_Damage,L3_S2,-1876,1108,14932,-193,28,-126,0,62.11
1604,20:26:01:361,3,Severe_Damage,L3_S2,-1756,1112,14818,-190,42,-126,0,-51.89
1605,20:26:01:371,3,Severe_Damage,L3_S2,-1798,1110,14888,-197,26,-121,0,18.11
1606,20:26:01:381,3,Severe_Damage,L3_S2,-1786,1104,14772,-193,30,-123,0,-97.89
1607,20:26:01:391,3,Severe_Damage,L3_S2,-1790,1076,14872,-195,26,-129,0,2.11
1608,20:26:01:401,3,Severe_Damage,L3_S2,-1768,1148,14868,-192,26,-128,0,-1.89
1609,20:26:01:411,3,Severe_Damage,L3_S2,-1770,1098,14872,-185,33,-125,0,2.11
1610,20:26:01:421,3,Severe_Damage,L3_S2,-1760,1122,14854,-187,25,-125,0,-15.89
1611,20:26:01:431,3,Severe_Damage,L3_S2,-1758,1138,14830,-194,30,-117,0,-39.89
1612,20:26:01:441,3,Severe_Damage,L3_S2,-1786,1110,14882,-184,33,-119,0,12.11
1613,20:26:01:451,3,Severe_Damage,L3_S2,-1812,1112,14880,-196,15,-116,0,10.11
1614,20:26:01:461,3,Severe_Damage,L3_S2,-1750,1118,14812,-184,35,-121,0,-57.89
1615,20:26:01:471,3,Severe_Damage,L3_S2,-1746,1142,14892,-195,22,-116,0,22.11
1616,20:26:01:481,3,Severe_Damage,L3_S2,-1772,1114,14846,-186,37,-115,0,-23.89
1617,20:26:01:491,3,Severe_Damage,L3_S2,-1746,1070,14874,-193,34,-120,0,4.11
1618,20:26:01:501,3,Severe_Damage,L3_S2,-1794,1114,14862,-189,36,-123,0,-7.89
1619,20:26:01:511,3,Severe_Damage,L3_S2,-1784,1132,14834,-189,30,-125,0,-35.89
1620,20:26:01:521,3,Severe_Damage,L3_S2,-1776,1098,14862,-197,25,-127,0,-7.89
1621,20:26:01:531,3,Severe_Damage,L3_S2,-1802,1130,14860,-193,31,-123,0,-9.89
1622,20:26:01:541,3,Severe_Damage,L3_S2,-1792,1122,14838,-199,30,-124,0,-31.89
1623,20:26:01:551,3,Severe_Damage,L3_S2,-1786,1118,14854,-192,32,-123,0,-15.89
1624,20:26:01:561,3,Severe_Damage,L3_S2,-1796,1122,14824,-191,29,-121,0,-45.89
1625,20:26:01:572,3,Severe_Damage,L3_S2,-1754,1086,14892,-191,22,-121,0,22.11
1626,20:26:01:581,3,Severe_Damage,L3_S2,-1772,1104,14854,-192,34,-119,0,-15.89
1627,20:26:01:591,3,Severe_Damage,L3_S2,-1812,1088,14836,-189,31,-116,0,-33.89
1628,20:26:01:601,3,Severe_Damage,L3_S2,-1748,1076,14856,-196,33,-123,0,-13.89
1629,20:26:01:611,3,Severe_Damage,L3_S2,-1760,1138,14896,-189,25,-121,0,26.11
1630,20:26:01:621,3,Severe_Damage,L3_S2,-1778,1090,14902,-187,27,-122,0,32.11
1631,20:26:01:631,3,Severe_Damage,L3_S2,-1742,1128,14814,-184,33,-125,0,-55.89
1632,20:26:01:641,3,Severe_Damage,L3_S2,-1798,1068,14836,-190,19,-117,0,-33.89
1633,20:26:01:651,3,Severe_Damage,L3_S2,-1756,1056,14886,-186,30,-124,0,16.11
1634,20:26:01:661,3,Severe_Damage,L3_S2,-1808,1134,14846,-189,23,-119,0,-23.89
1635,20:26:01:671,3,Severe_Damage,L3_S2,-1834,1066,14832,-192,41,-125,0,-37.89
1636,20:26:01:681,3,Severe_Damage,L3_S2,-1812,1128,14874,-199,36,-126,0,4.11
1637,20:26:01:691,3,Severe_Damage,L3_S2,-1830,1050,14874,-193,26,-119,0,4.11
1638,20:26:01:701,3,Severe_Damage,L3_S2,-1792,1122,14928,-190,36,-120,0,58.11
1639,20:26:01:711,3,Severe_Damage,L3_S2,-1778,1148,14924,-193,30,-123,0,54.11
1640,20:26:01:721,3,Severe_Damage,L3_S2,-1752,1094,14878,-185,34,-130,0,8.11
1641,20:26:01:731,3,Severe_Damage,L3_S2,-1808,1082,14822,-192,27,-130,0,-47.89
1642,20:26:01:741,3,Severe_Damage,L3_S2,-1806,1134,14768,-187,26,-118,0,-101.89
1643,20:26:01:751,3,Severe_Damage,L3_S2,-1776,1074,14920,-190,33,-124,0,50.11
1644,20:26:01:761,3,Severe_Damage,L3_S2,-1806,1086,14894,-197,24,-116,0,24.11
1645,20:26:01:771,3,Severe_Damage,L3_S2,-1758,1152,14868,-189,34,-123,0,-1.89
1646,20:26:01:781,3,Severe_Damage,L3_S2,-1800,1072,14906,-195,27,-127,0,36.11
1647,20:26:01:791,3,Severe_Damage,L3_S2,-1808,1086,14876,-190,26,-119,0,6.11
1648,20:26:01:801,3,Severe_Damage,L3_S2,-1762,1098,14886,-194,30,-121,0,16.11
1649,20:26:01:811,3,Severe_Damage,L3_S2,-1780,1090,14890,-189,30,-121,0,20.11
1650,20:26:01:821,3,Severe_Damage,L3_S2,-1840,1060,14878,-186,36,-126,0,8.11
1651,20:26:01:831,3,Severe_Damage,L3_S2,-1784,1182,14844,-186,32,-127,0,-25.89
1652,20:26:01:841,3,Severe_Damage,L3_S2,-1768,1084,14952,-192,29,-120,0,82.11
1653,20:26:01:851,3,Severe_Damage,L3_S2,-1790,1084,14918,-190,29,-128,0,48.11
1654,20:26:01:861,3,Severe_Damage,L3_S2,-1812,1070,14884,-196,23,-121,0,14.11
1655,20:26:01:871,3,Severe_Damage,L3_S2,-1830,1116,14922,-195,29,-116,0,52.11
1656,20:26:01:881,3,Severe_Damage,L3_S2,-1790,1106,14890,-194,24,-121,0,20.11
1657,20:26:01:891,3,Severe_Damage,L3_S2,-1788,1128,14918,-192,30,-128,0,48.11
1658,20:26:01:901,3,Severe_Damage,L3_S2,-1814,1100,14888,-190,29,-118,0,18.11
1659,20:26:01:912,3,Severe_Damage,L3_S2,-1794,1140,14894,-186,33,-120,0,24.11
1660,20:26:01:921,3,Severe_Damage,L3_S2,-1774,1152,14858,-190,34,-128,0,-11.89
1661,20:26:01:931,3,Severe_Damage,L3_S2,-1780,1118,14872,-190,23,-123,0,2.11
1662,20:26:01:941,3,Severe_Damage,L3_S2,-1744,1126,14884,-196,25,-112,0,14.11
1663,20:26:01:951,3,Severe_Damage,L3_S2,-1776,1106,14902,-191,28,-119,0,32.11
1664,20:26:01:961,3,Severe_Damage,L3_S2,-1814,1084,14832,-189,36,-123,0,-37.89
1665,20:26:01:971,3,Severe_Damage,L3_S2,-1806,1088,14816,-191,27,-123,0,-53.89
1666,20:26:01:981,3,Severe_Damage,L3_S2,-1788,1112,14830,-187,34,-124,0,-39.89
1667,20:26:01:991,3,Severe_Damage,L3_S2,-1790,1096,14846,-195,27,-123,0,-23.89
1668,20:26:02:001,3,Severe_Damage,L3_S2,-1778,1118,14852,-189,34,-122,0,-17.89
1669,20:26:02:011,3,Severe_Damage,L3_S2,-1780,1122,14850,-197,32,-126,0,-19.89
1670,20:26:02:021,3,Severe_Damage,L3_S2,-1788,1134,14836,-189,28,-126,0,-33.89
1671,20:26:02:031,3,Severe_Damage,L3_S2,-1808,1130,14888,-192,28,-120,0,18.11
1672,20:26:02:041,3,Severe_Damage,L3_S2,-1760,1110,14898,-192,35,-120,0,28.11
1673,20:26:02:051,3,Severe_Damage,L3_S2,-1834,1094,14860,-201,23,-123,0,-9.89
1674,20:26:02:061,3,Severe_Damage,L3_S2,-1784,1112,14862,-192,37,-125,0,-7.89
1675,20:26:02:071,3,Severe_Damage,L3_S2,-1828,1124,14880,-196,35,-124,0,10.11
1676,20:26:02:081,3,Severe_Damage,L3_S2,-1800,1142,14874,-196,32,-124,0,4.11
1677,20:26:02:091,3,Severe_Damage,L3_S2,-1778,1108,14832,-190,35,-114,0,-37.89
1678,20:26:02:101,3,Severe_Damage,L3_S2,-1806,1134,14794,-196,29,-115,0,-75.89
1679,20:26:02:111,3,Severe_Damage,L3_S2,-1820,1068,14862,-191,30,-121,0,-7.89
1680,20:26:02:121,3,Severe_Damage,L3_S2,-1790,1114,14840,-191,22,-114,0,-29.89
1681,20:26:02:131,3,Severe_Damage,L3_S2,-1740,1120,14828,-184,32,-117,0,-41.89
1682,20:26:02:141,3,Severe_Damage,L3_S2,-1754,1080,14888,-191,35,-127,0,18.11
1683,20:26:02:151,3,Severe_Damage,L3_S2,-1808,1136,14834,-188,29,-122,0,-35.89
1684,20:26:02:161,3,Severe_Damage,L3_S2,-1806,1142,14894,-189,33,-125,0,24.11
1685,20:26:02:171,3,Severe_Damage,L3_S2,-1816,1114,14814,-186,30,-116,0,-55.89
1686,20:26:02:181,3,Severe_Damage,L3_S2,-1780,1132,14940,-192,32,-121,0,70.11
1687,20:26:02:191,3,Severe_Damage,L3_S2,-1758,1102,14820,-186,37,-118,0,-49.89
1688,20:26:02:201,3,Severe_Damage,L3_S2,-1732,1100,14852,-196,29,-116,0,-17.89
1689,20:26:02:211,3,Severe_Damage,L3_S2,-1798,1142,14874,-193,26,-116,0,4.11
1690,20:26:02:221,3,Severe_Damage,L3_S2,-1750,1152,14876,-194,26,-121,0,6.11
1691,20:26:02:231,3,Severe_Damage,L3_S2,-1838,1112,14804,-195,26,-119,0,-65.89
1692,20:26:02:241,3,Severe_Damage,L3_S2,-1802,1146,14802,-187,28,-120,0,-67.89
1693,20:26:02:251,3,Severe_Damage,L3_S2,-1708,1094,14874,-188,32,-123,0,4.11
1694,20:26:02:261,3,Severe_Damage,L3_S2,-1762,1140,14876,-192,29,-115,0,6.11
1695,20:26:02:271,3,Severe_Damage,L3_S2,-1742,1170,14832,-191,29,-127,0,-37.89
1696,20:26:02:281,3,Severe_Damage,L3_S2,-1846,1132,14848,-199,19,-116,0,-21.89
1697,20:26:02:291,3,Severe_Damage,L3_S2,-1788,1104,14898,-190,32,-124,0,28.11
1698,20:26:02:301,3,Severe_Damage,L3_S2,-1790,1116,14896,-186,32,-126,0,26.11
1699,20:26:02:311,3,Severe_Damage,L3_S2,-1824,1122,14884,-189,25,-113,0,14.11
1700,20:26:02:321,3,Severe_Damage,L3_S2,-1760,1108,14866,-193,43,-122,0,-3.89
1701,20:26:02:331,3,Severe_Damage,L3_S2,-1780,1106,14888,-190,30,-123,0,18.11
1702,20:26:02:341,3,Severe_Damage,L3_S2,-1770,1080,14830,-189,29,-128,0,-39.89
1703,20:26:02:351,3,Severe_Damage,L3_S2,-1752,1114,14830,-189,31,-124,0,-39.89
1704,20:26:02:361,3,Severe_Damage,L3_S2,-1788,1076,14896,-194,33,-125,0,26.11
1705,20:26:02:371,3,Severe_Damage,L3_S2,-1780,1098,14834,-191,39,-124,0,-35.89
1706,20:26:02:381,3,Severe_Damage,L3_S2,-1800,1082,14886,-193,32,-118,0,16.11
1707,20:26:02:391,3,Severe_Damage,L3_S2,-1788,1108,14866,-188,34,-121,0,-3.89
1708,20:26:02:401,3,Severe_Damage,L3_S2,-1756,1138,14916,-180,30,-122,0,46.11
1709,20:26:02:411,3,Severe_Damage,L3_S2,-1792,1142,14864,-193,17,-121,0,-5.89
1710,20:26:02:421,3,Severe_Damage,L3_S2,-1746,1110,14850,-186,41,-122,0,-19.89
1711,20:26:02:431,3,Severe_Damage,L3_S2,-1788,1114,14890,-197,28,-123,0,20.11
1712,20:26:02:441,3,Severe_Damage,L3_S2,-1798,1114,14846,-188,30,-125,0,-23.89
1713,20:26:02:452,3,Severe_Damage,L3_S2,-1744,1180,14838,-194,32,-118,0,-31.89
1714,20:26:02:461,3,Severe_Damage,L3_S2,-1752,1106,14880,-188,36,-124,0,10.11
1715,20:26:02:471,3,Severe_Damage,L3_S2,-1746,1090,14864,-190,29,-122,0,-5.89
1716,20:26:02:481,3,Severe_Damage,L3_S2,-1764,1082,14948,-188,31,-118,0,78.11
1717,20:26:02:491,3,Severe_Damage,L3_S2,-1822,1082,14808,-195,26,-117,0,-61.89
1718,20:26:02:501,3,Severe_Damage,L3_S2,-1740,1102,14848,-188,25,-117,0,-21.89
1719,20:26:02:511,3,Severe_Damage,L3_S2,-1752,1076,14914,-190,23,-117,0,44.11
1720,20:26:02:521,3,Severe_Damage,L3_S2,-1782,1112,14854,-189,36,-125,0,-15.89
1721,20:26:02:531,3,Severe_Damage,L3_S2,-1746,1116,14828,-196,30,-123,0,-41.89
1722,20:26:02:541,3,Severe_Damage,L3_S2,-1756,1076,14822,-197,28,-122,0,-47.89
1723,20:26:02:551,3,Severe_Damage,L3_S2,-1756,1154,14826,-194,27,-127,0,-43.89
1724,20:26:02:561,3,Severe_Damage,L3_S2,-1806,1108,14932,-191,30,-120,0,62.11
1725,20:26:02:571,3,Severe_Damage,L3_S2,-1780,1072,14894,-187,27,-119,0,24.11
1726,20:26:02:581,3,Severe_Damage,L3_S2,-1786,1120,14870,-192,27,-126,0,0.11
1727,20:26:02:591,3,Severe_Damage,L3_S2,-1786,1112,14894,-187,29,-121,0,24.11
1728,20:26:02:601,3,Severe_Damage,L3_S2,-1754,1114,14866,-185,26,-127,0,-3.89
1729,20:26:02:611,3,Severe_Damage,L3_S2,-1744,1114,14922,-183,33,-124,0,52.11
1730,20:26:02:621,3,Severe_Damage,L3_S2,-1762,1088,14828,-196,25,-120,0,-41.89
1731,20:26:02:632,3,Severe_Damage,L3_S2,-1796,1092,14918,-187,36,-121,0,48.11
1732,20:26:02:642,3,Severe_Damage,L3_S2,-1760,1068,14870,-188,26,-114,0,0.11
1733,20:26:02:651,3,Severe_Damage,L3_S2,-1780,1080,14914,-181,33,-125,0,44.11
1734,20:26:02:661,3,Severe_Damage,L3_S2,-1786,1104,14888,-193,26,-126,0,18.11
1735,20:26:02:671,3,Severe_Damage,L3_S2,-1782,1106,14890,-189,31,-116,0,20.11
1736,20:26:02:681,3,Severe_Damage,L3_S2,-1748,1096,14858,-190,31,-119,0,-11.89
1737,20:26:02:691,3,Severe_Damage,L3_S2,-1802,1152,14828,-187,25,-120,0,-41.89
1738,20:26:02:701,3,Severe_Damage,L3_S2,-1800,1082,14868,-194,27,-124,0,-1.89
1739,20:26:02:711,3,Severe_Damage,L3_S2,-1746,1130,14848,-190,29,-124,0,-21.89
1740,20:26:02:721,3,Severe_Damage,L3_S2,-1770,1130,14794,-193,26,-119,0,-75.89
1741,20:26:02:731,3,Severe_Damage,L3_S2,-1716,1060,14900,-191,38,-132,0,30.11
1742,20:26:02:741,3,Severe_Damage,L3_S2,-1784,1110,14900,-193,23,-126,0,30.11
1743,20:26:02:751,3,Severe_Damage,L3_S2,-1774,1138,14834,-192,35,-125,0,-35.89
1744,20:26:02:761,3,Severe_Damage,L3_S2,-1748,1122,14902,-189,30,-119,0,32.11
1745,20:26:02:771,3,Severe_Damage,L3_S2,-1782,1100,14866,-193,32,-122,0,-3.89
1746,20:26:02:781,3,Severe_Damage,L3_S2,-1788,1134,14788,-184,32,-126,0,-81.89
1747,20:26:02:791,3,Severe_Damage,L3_S2,-1782,1112,14894,-194,26,-119,0,24.11
1748,20:26:02:801,3,Severe_Damage,L3_S2,-1794,1110,14898,-188,34,-121,0,28.11
1749,20:26:02:811,3,Severe_Damage,L3_S2,-1746,1094,14824,-189,28,-122,0,-45.89
1750,20:26:02:821,3,Severe_Damage,L3_S2,-1764,1100,14864,-187,39,-117,0,-5.89
1751,20:26:02:831,3,Severe_Damage,L3_S2,-1740,1128,14858,-198,32,-120,0,-11.89
1752,20:26:02:841,3,Severe_Damage,L3_S2,-1810,1142,14836,-189,28,-118,0,-33.89
1753,20:26:02:851,3,Severe_Damage,L3_S2,-1798,1110,14868,-191,33,-113,0,-1.89
1754,20:26:02:862,3,Severe_Damage,L3_S2,-1742,1080,14848,-184,34,-124,0,-21.89
1755,20:26:02:871,3,Severe_Damage,L3_S2,-1788,1124,14884,-188,30,-119,0,14.11
1756,20:26:02:881,3,Severe_Damage,L3_S2,-1768,1110,14892,-190,35,-124,0,22.11
1757,20:26:02:891,3,Severe_Damage,L3_S2,-1764,1098,14880,-194,22,-125,0,10.11
1758,20:26:02:902,3,Severe_Damage,L3_S2,-1808,1132,14856,-193,30,-127,0,-13.89
1759,20:26:02:911,3,Severe_Damage,L3_S2,-1760,1102,14864,-189,21,-124,0,-5.89
1760,20:26:02:921,3,Severe_Damage,L3_S2,-1798,1162,14942,-191,28,-121,0,72.11
1761,20:26:02:931,3,Severe_Damage,L3_S2,-1780,1100,14806,-194,29,-120,0,-63.89
1762,20:26:02:941,3,Severe_Damage,L3_S2,-1814,1088,14866,-189,37,-121,0,-3.89
1763,20:26:02:952,3,Severe_Damage,L3_S2,-1790,1098,14848,-196,30,-121,0,-21.89
1764,20:26:02:961,3,Severe_Damage,L3_S2,-1774,1086,14874,-190,34,-124,0,4.11
1765,20:26:02:972,3,Severe_Damage,L3_S2,-1772,1100,14874,-196,31,-122,0,4.11
1766,20:26:02:982,3,Severe_Damage,L3_S2,-1762,1096,14836,-187,28,-112,0,-33.89
1767,20:26:02:991,3,Severe_Damage,L3_S2,-1824,1100,14890,-193,25,-128,0,20.11
1768,20:26:03:001,3,Severe_Damage,L3_S2,-1796,1130,14908,-195,35,-123,0,38.11
1769,20:26:03:012,3,Severe_Damage,L3_S2,-1770,1118,14860,-187,35,-124,0,-9.89
1770,20:26:03:022,3,Severe_Damage,L3_S2,-1792,1110,14906,-195,35,-119,0,36.11
1771,20:26:03:032,3,Severe_Damage,L3_S2,-1798,1116,14932,-190,27,-117,0,62.11
1772,20:26:03:042,3,Severe_Damage,L3_S2,-1794,1110,14844,-190,35,-121,0,-25.89
1773,20:26:03:052,3,Severe_Damage,L3_S2,-1826,1094,14898,-185,37,-121,0,28.11
1774,20:26:03:062,3,Severe_Damage,L3_S2,-1786,1090,14954,-196,33,-119,0,84.11
1775,20:26:03:072,3,Severe_Damage,L3_S2,-1808,1132,14882,-187,37,-122,0,12.11
1776,20:26:03:082,3,Severe_Damage,L3_S2,-1816,1162,14866,-190,26,-116,0,-3.89
1777,20:26:03:092,3,Severe_Damage,L3_S2,-1784,1106,14816,-184,27,-119,0,-53.89
1778,20:26:03:102,3,Severe_Damage,L3_S2,-1772,1130,14780,-199,26,-128,0,-89.89
1779,20:26:03:112,3,Severe_Damage,L3_S2,-1762,1114,14840,-186,35,-122,0,-29.89
1780,20:26:03:122,3,Severe_Damage,L3_S2,-1822,1132,14912,-195,26,-124,0,42.11
1781,20:26:03:132,3,Severe_Damage,L3_S2,-1776,1112,14950,-188,28,-121,0,80.11
1782,20:26:03:142,3,Severe_Damage,L3_S2,-1782,1118,14808,-191,23,-118,0,-61.89
1783,20:26:03:152,3,Severe_Damage,L3_S2,-1732,1114,14882,-192,31,-119,0,12.11
1784,20:26:03:162,3,Severe_Damage,L3_S2,-1806,1050,14866,-192,32,-125,0,-3.89
1785,20:26:03:172,3,Severe_Damage,L3_S2,-1800,1116,14846,-193,35,-118,0,-23.89
1786,20:26:03:182,3,Severe_Damage,L3_S2,-1744,1104,14884,-196,23,-122,0,14.11
1787,20:26:03:192,3,Severe_Damage,L3_S2,-1696,1142,14806,-190,29,-129,0,-63.89
1788,20:26:03:202,3,Severe_Damage,L3_S2,-1776,1096,14850,-194,23,-126,0,-19.89
1789,20:26:03:212,3,Severe_Damage,L3_S2,-1744,1120,14802,-192,31,-123,0,-67.89
1790,20:26:03:222,3,Severe_Damage,L3_S2,-1738,1122,14874,-190,29,-116,0,4.11
1791,20:26:03:232,3,Severe_Damage,L3_S2,-1780,1080,14878,-191,25,-121,0,8.11
1792,20:26:03:242,3,Severe_Damage,L3_S2,-1802,1074,14866,-185,30,-124,0,-3.89
1793,20:26:03:252,3,Severe_Damage,L3_S2,-1804,1152,14826,-194,24,-119,0,-43.89
1794,20:26:03:262,3,Severe_Damage,L3_S2,-1822,1134,14824,-188,28,-120,0,-45.89
1795,20:26:03:272,3,Severe_Damage,L3_S2,-1808,1094,14888,-197,32,-124,0,18.11
1796,20:26:03:282,3,Severe_Damage,L3_S2,-1772,1112,14866,-195,32,-119,0,-3.89
1797,20:26:03:292,3,Severe_Damage,L3_S2,-1784,1116,14908,-194,34,-124,0,38.11
1798,20:26:03:302,3,Severe_Damage,L3_S2,-1768,1102,14874,-192,27,-124,0,4.11
1799,20:26:03:312,3,Severe_Damage,L3_S2,-1768,1130,14810,-190,27,-119,0,-59.89
1800,20:26:03:322,3,Severe_Damage,L3_S2,-1780,1088,14894,-187,31,-126,0,24.11
1801,20:26:03:332,3,Severe_Damage,L3_S2,-1782,1110,14844,-187,28,-125,0,-25.89
1802,20:26:03:342,3,Severe_Damage,L3_S2,-1802,1134,14764,-144,50,-127,0,-105.89
1803,20:26:03:352,3,Severe_Damage,L3_S2,-1742,1054,14906,-153,19,-115,0,36.11
1804,20:26:03:362,3,Severe_Damage,L3_S2,-1802,1144,14834,-80,37,-102,0,-35.89
1805,20:26:03:372,3,Severe_Damage,L3_S2,-1724,1082,14924,-118,18,-108,0,54.11
1806,20:26:03:382,3,Severe_Damage,L3_S2,-1830,1150,14928,-101,45,-108,0,58.11
1807,20:26:03:392,3,Severe_Damage,L3_S2,-1760,1094,14990,-148,25,-116,0,120.11
1808,20:26:03:402,3,Severe_Damage,L3_S2,-1740,1112,14918,-166,32,-116,0,48.11
1809,20:26:03:412,3,Severe_Damage,L3_S2,-1794,1140,14946,-198,65,-121,0,76.11
1810,20:26:03:422,3,Severe_Damage,L3_S2,-1774,1136,14938,-240,-4,-126,0,68.11
1811,20:26:03:432,3,Severe_Damage,L3_S2,-1806,1162,14896,-218,38,-130,0,26.11
1812,20:26:03:442,3,Severe_Damage,L3_S2,-1820,1086,14970,-272,64,-132,0,100.11
1813,20:26:03:452,3,Severe_Damage,L3_S2,-1744,1174,14790,-249,-2,-122,0,-79.89
1814,20:26:03:462,3,Severe_Damage,L3_S2,-1788,1048,14884,-300,55,-138,0,14.11
1815,20:26:03:472,3,Severe_Damage,L3_S2,-1874,1106,14692,-237,66,-128,0,-177.89
1816,20:26:03:482,3,Severe_Damage,L3_S2,-17450,-32768,-29560,-84,-2,-148,1,-44429.89
1817,20:26:03:492,3,Severe_Damage,L3_S2,-26682,-1382,17836,16378,-693,2793,1,2966.11
1818,20:26:03:502,3,Severe_Damage,L3_S2,12282,13024,2812,9918,696,840,1,-12057.89
1819,20:26:03:512,3,Severe_Damage,L3_S2,-5736,-10106,32767,13912,666,2463,1,17897.11
1820,20:26:03:522,3,Severe_Damage,L3_S2,-4654,16726,13198,12560,-14,1759,1,-1671.89
1821,20:26:03:532,3,Severe_Damage,L3_S2,-2256,-4484,32767,-436,960,-470,1,17897.11
1822,20:26:03:542,3,Severe_Damage,L3_S2,-8022,11206,21082,5837,-389,1063,1,6212.11
1823,20:26:03:552,3,Severe_Damage,L3_S2,1024,-3268,32767,-12061,-312,-2265,1,17897.11
1824,20:26:03:562,3,Severe_Damage,L3_S2,-7504,11202,15910,-3770,1442,-630,1,1040.11
1825,20:26:03:572,3,Severe_Damage,L3_S2,988,-4694,30992,-19205,-2593,-3166,1,16122.11
1826,20:26:03:582,3,Severe_Damage,L3_S2,-7084,8958,8936,-11585,2556,-1996,0,-5933.89
1827,20:26:03:594,3,Severe_Damage,L3_S2,3352,-2260,17536,-20152,-3639,-3213,1,2666.11
1828,20:26:03:602,3,Severe_Damage,L3_S2,-5742,1962,6682,-14281,2654,-2392,1,-8187.89
1829,20:26:03:612,3,Severe_Damage,L3_S2,5008,-258,3650,-15126,-3226,-2491,1,-11219.89
1830,20:26:03:622,3,Severe_Damage,L3_S2,-3832,-2350,3826,-10489,2028,-1742,1,-11043.89
1831,20:26:03:632,3,Severe_Damage,L3_S2,3494,-208,-1156,-6072,-1998,-1105,1,-16025.89
1832,20:26:03:642,3,Severe_Damage,L3_S2,-1302,-3274,1476,-2042,1159,-347,1,-13393.89
1833,20:26:03:652,3,Severe_Damage,L3_S2,1166,98,850,4188,-472,528,1,-14019.89
1834,20:26:03:662,3,Severe_Damage,L3_S2,-174,-1976,4900,7370,382,1129,1,-9969.89
1835,20:26:03:672,3,Severe_Damage,L3_S2,-1182,1236,6492,12473,582,1865,1,-8377.89
1836,20:26:03:682,3,Severe_Damage,L3_S2,-650,196,12616,13846,318,2091,1,-2253.89
1837,20:26:03:692,3,Severe_Damage,L3_S2,-2916,2832,14786,16115,490,2513,0,-83.89
1838,20:26:03:702,3,Severe_Damage,L3_S2,-1970,2386,20660,14994,759,2154,1,5790.11
1839,20:26:03:712,3,Severe_Damage,L3_S2,-4002,3886,23090,14002,20,2244,1,8220.11
1840,20:26:03:722,3,Severe_Damage,L3_S2,-3162,3762,26684,10477,747,1450,1,11814.11
1841,20:26:03:732,3,Severe_Damage,L3_S2,-3438,4344,28004,6960,21,1037,1,13134.11
1842,20:26:03:742,3,Severe_Damage,L3_S2,-4154,4248,28532,2071,124,304,1,13662.11
1843,20:26:03:752,3,Severe_Damage,L3_S2,-2908,4128,27864,-2458,269,-576,1,12994.11
1844,20:26:03:762,3,Severe_Damage,L3_S2,-4746,3966,25664,-6992,-224,-1094,1,10794.11
1845,20:26:03:772,3,Severe_Damage,L3_S2,-2672,3288,22752,-10831,-181,-1891,1,7882.11
1846,20:26:03:782,3,Severe_Damage,L3_S2,-1516,2746,18802,-13522,-437,-2281,1,3932.11
1847,20:26:03:793,3,Severe_Damage,L3_S2,-3132,1856,15000,-15171,-440,-2405,1,130.11
1848,20:26:03:802,3,Severe_Damage,L3_S2,70,1030,11004,-15145,-451,-2577,1,-3865.89
1849,20:26:03:812,3,Severe_Damage,L3_S2,-1288,-86,7128,-14085,-604,-2207,1,-7741.89
1850,20:26:03:822,3,Severe_Damage,L3_S2,-28,-510,4282,-11357,-287,-1911,1,-10587.89
1851,20:26:03:832,3,Severe_Damage,L3_S2,596,-1416,2466,-7940,-451,-1326,1,-12403.89
1852,20:26:03:842,3,Severe_Damage,L3_S2,-402,-1418,1616,-3643,129,-646,1,-13253.89
1853,20:26:03:852,3,Severe_Damage,L3_S2,858,-1504,2214,835,-104,2,1,-12655.89
1854,20:26:03:862,3,Severe_Damage,L3_S2,-548,-928,3656,5292,168,780,1,-11213.89
1855,20:26:03:872,3,Severe_Damage,L3_S2,-148,-208,6618,9093,416,1291,1,-8251.89
1856,20:26:03:882,3,Severe_Damage,L3_S2,-1234,592,9768,12079,298,1852,1,-5101.89
1857,20:26:03:892,3,Severe_Damage,L3_S2,-1412,1464,13772,13790,628,2029,1,-1097.89
1858,20:26:03:902,3,Severe_Damage,L3_S2,-2318,2268,17604,14248,388,2154,1,2734.11
1859,20:26:03:912,3,Severe_Damage,L3_S2,-2776,2904,21180,13389,449,2005,1,6310.11
1860,20:26:03:922,3,Severe_Damage,L3_S2,-3000,3474,24286,11220,546,1653,0,9416.11
1861,20:26:03:932,3,Severe_Damage,L3_S2,-3844,3842,26234,8056,165,1237,1,11364.11
1862,20:26:03:942,3,Severe_Damage,L3_S2,-3556,3934,27418,4142,397,510,0,12548.11
1863,20:26:03:952,3,Severe_Damage,L3_S2,-3592,3968,27134,-151,-9,-90,0,12264.11
1864,20:26:03:962,3,Severe_Damage,L3_S2,-4044,3702,25798,-4380,-1,-779,0,10928.11
1865,20:26:03:972,3,Severe_Damage,L3_S2,-2364,3386,23388,-8120,-95,-1428,0,8518.11
1866,20:26:03:982,3,Severe_Damage,L3_S2,-3388,2800,20262,-11307,-373,-1821,1,5392.11
1867,20:26:03:992,3,Severe_Damage,L3_S2,-1828,2178,16740,-13149,-308,-2223,0,1870.11
1868,20:26:04:002,3,Severe_Damage,L3_S2,-1354,1322,13032,-13998,-570,-2284,0,-1837.89
1869,20:26:04:012,3,Severe_Damage,L3_S2,-1336,634,9458,-13425,-417,-2192,0,-5411.89
1870,20:26:04:022,3,Severe_Damage,L3_S2,62,-374,6658,-11754,-479,-1961,1,-8211.89
1871,20:26:04:032,3,Severe_Damage,L3_S2,-756,-730,4066,-8861,-278,-1440,0,-10803.89
1872,20:26:04:042,3,Severe_Damage,L3_S2,608,-1276,3200,-5373,-228,-976,1,-11669.89
1873,20:26:04:052,3,Severe_Damage,L3_S2,-298,-1236,2762,-1265,-55,-244,1,-12107.89
1874,20:26:04:062,3,Severe_Damage,L3_S2,94,-1044,3984,2790,181,317,1,-10885.89
1875,20:26:04:072,3,Severe_Damage,L3_S2,-370,-482,5860,6621,168,956,0,-9009.89
1876,20:26:04:082,3,Severe_Damage,L3_S2,-982,232,8616,9694,403,1431,0,-6253.89
1877,20:26:04:092,3,Severe_Damage,L3_S2,-1108,1046,12112,11886,387,1763,0,-2757.89
1878,20:26:04:102,3,Severe_Damage,L3_S2,-2204,1762,15606,12867,427,1959,0,736.11
1879,20:26:04:112,3,Severe_Damage,L3_S2,-2242,2474,19152,12684,499,1871,0,4282.11
1880,20:26:04:122,3,Severe_Damage,L3_S2,-3072,3022,22052,11272,352,1717,1,7182.11
1881,20:26:04:132,3,Severe_Damage,L3_S2,-3180,3350,24414,8824,406,1291,0,9544.11
1882,20:26:04:142,3,Severe_Damage,L3_S2,-3480,3692,25812,5568,270,780,0,10942.11
1883,20:26:04:152,3,Severe_Damage,L3_S2,-3670,3630,26196,1787,81,208,0,11326.11
1884,20:26:04:163,3,Severe_Damage,L3_S2,-3302,3540,25520,-2098,204,-464,0,10650.11
1885,20:26:04:172,3,Severe_Damage,L3_S2,-3300,3252,23786,-5806,-108,-990,0,8916.11
1886,20:26:04:182,3,Severe_Damage,L3_S2,-2820,2926,21296,-8923,-150,-1512,0,6426.11
1887,20:26:04:192,3,Severe_Damage,L3_S2,-2262,2358,18206,-11245,-276,-1888,0,3336.11
1888,20:26:04:202,3,Severe_Damage,L3_S2,-1962,1616,14796,-12506,-426,-2054,0,-73.89
1889,20:26:04:213,3,Severe_Damage,L3_S2,-1110,910,11574,-12579,-349,-2110,0,-3295.89
1890,20:26:04:222,3,Severe_Damage,L3_S2,-978,178,8564,-11567,-488,-1884,0,-6305.89
1891,20:26:04:232,3,Severe_Damage,L3_S2,-360,-430,6132,-9417,-250,-1594,0,-8737.89
1892,20:26:04:242,3,Severe_Damage,L3_S2,-174,-906,4590,-6539,-319,-1105,0,-10279.89
1893,20:26:04:252,3,Severe_Damage,L3_S2,-146,-1040,3938,-3014,-112,-559,0,-10931.89
1894,20:26:04:261,3,Severe_Damage,L3_S2,-62,-1012,4402,703,3,10,1,-10467.89
1895,20:26:04:272,3,Severe_Damage,L3_S2,-502,-590,5680,4333,113,611,1,-9189.89
1896,20:26:04:282,3,Severe_Damage,L3_S2,-586,-8,8000,7485,292,1064,1,-6869.89
1897,20:26:04:292,3,Severe_Damage,L3_S2,-1220,624,10792,9889,240,1485,0,-4077.89
1898,20:26:04:302,3,Severe_Damage,L3_S2,-1560,1316,14044,11328,474,1678,0,-825.89
1899,20:26:04:312,3,Severe_Damage,L3_S2,-2160,2014,17174,11688,353,1767,0,2304.11
1900,20:26:04:322,3,Severe_Damage,L3_S2,-2610,2576,20162,10933,362,1637,0,5292.11
1901,20:26:04:332,3,Severe_Damage,L3_S2,-2850,2978,22662,9162,426,1338,0,7792.11
1902,20:26:04:342,3,Severe_Damage,L3_S2,-3354,3324,24252,6537,222,960,0,9382.11
1903,20:26:04:352,3,Severe_Damage,L3_S2,-3274,3382,25150,3305,282,407,0,10280.11
1904,20:26:04:362,3,Severe_Damage,L3_S2,-3406,3418,24830,-191,134,-124,1,9960.11
1905,20:26:04:372,3,Severe_Damage,L3_S2,-3212,3184,23794,-3688,-1,-679,0,8924.11
1906,20:26:04:382,3,Severe_Damage,L3_S2,-2852,2952,21828,-6741,-8,-1175,0,6958.11
1907,20:26:04:392,3,Severe_Damage,L3_S2,-2556,2396,19340,-9306,-283,-1551,0,4470.11
1908,20:26:04:402,3,Severe_Damage,L3_S2,-1970,1940,16348,-10841,-254,-1822,0,1478.11
1909,20:26:04:412,3,Severe_Damage,L3_S2,-1626,1210,13366,-11499,-348,-1904,0,-1503.89
1910,20:26:04:422,3,Severe_Damage,L3_S2,-1142,578,10388,-11022,-420,-1827,1,-4481.89
1911,20:26:04:432,3,Severe_Damage,L3_S2,-646,-108,8036,-9611,-330,-1614,0,-6833.89
1912,20:26:04:442,3,Severe_Damage,L3_S2,-524,-524,6190,-7260,-294,-1221,1,-8679.89
1913,20:26:04:452,3,Severe_Damage,L3_S2,-166,-812,5154,-4351,-187,-790,1,-9715.89
1914,20:26:04:462,3,Severe_Damage,L3_S2,-356,-874,5012,-1036,-81,-242,0,-9857.89
1915,20:26:04:472,3,Severe_Damage,L3_S2,-316,-608,5948,2321,77,260,1,-8921.89
1916,20:26:04:482,3,Severe_Damage,L3_S2,-666,-192,7554,5419,163,754,0,-7315.89
1917,20:26:04:492,3,Severe_Damage,L3_S2,-964,372,9920,7968,236,1160,1,-4949.89
1918,20:26:04:502,3,Severe_Damage,L3_S2,-1370,922,12748,9683,330,1426,0,-2121.89
1919,20:26:04:512,3,Severe_Damage,L3_S2,-1976,1636,15488,10521,332,1574,1,618.11
1920,20:26:04:522,3,Severe_Damage,L3_S2,-2222,2196,18424,10302,377,1527,0,3554.11
1921,20:26:04:532,3,Severe_Damage,L3_S2,-2796,2618,20866,9157,346,1363,0,5996.11
1922,20:26:04:542,3,Severe_Damage,L3_S2,-2976,2982,22740,7111,316,1025,0,7870.11
1923,20:26:04:552,3,Severe_Damage,L3_S2,-3156,3102,23880,4442,276,604,1,9010.11
1924,20:26:04:562,3,Severe_Damage,L3_S2,-3206,3188,24152,1333,131,126,1,9282.11
1925,20:26:04:572,3,Severe_Damage,L3_S2,-3120,3106,23542,-1833,134,-401,0,8672.11
1926,20:26:04:582,3,Severe_Damage,L3_S2,-3000,2866,22104,-4832,-23,-855,0,7234.11
1927,20:26:04:592,3,Severe_Damage,L3_S2,-2632,2580,19998,-7366,-94,-1260,1,5128.11
1928,20:26:04:602,3,Severe_Damage,L3_S2,-2188,2004,17590,-9281,-241,-1567,1,2720.11
1929,20:26:04:612,3,Severe_Damage,L3_S2,-1818,1484,14742,-10205,-296,-1696,1,-127.89
1930,20:26:04:622,3,Severe_Damage,L3_S2,-1324,848,12100,-10310,-308,-1730,0,-2769.89
1931,20:26:04:632,3,Severe_Damage,L3_S2,-1026,264,9594,-9399,-382,-1560,0,-5275.89
1932,20:26:04:642,3,Severe_Damage,L3_S2,-614,-210,7694,-7686,-261,-1306,0,-7175.89
1933,20:26:04:652,3,Severe_Damage,L3_S2,-522,-538,6500,-5258,-222,-918,1,-8369.89
1934,20:26:04:662,3,Severe_Damage,L3_S2,-414,-694,5952,-2407,-128,-466,1,-8917.89
1935,20:26:04:672,3,Severe_Damage,L3_S2,-408,-604,6396,636,4,13,0,-8473.89
1936,20:26:04:682,3,Severe_Damage,L3_S2,-698,-320,7492,3576,92,477,1,-7377.89
1937,20:26:04:692,3,Severe_Damage,L3_S2,-848,170,9380,6147,222,867,0,-5489.89
1938,20:26:04:702,3,Severe_Damage,L3_S2,-1338,686,11630,8084,233,1185,0,-3239.89
1939,20:26:04:712,3,Severe_Damage,L3_S2,-1694,1242,14276,9223,324,1355,0,-593.89
1940,20:26:04:722,3,Severe_Damage,L3_S2,-2098,1794,16872,9485,343,1403,1,2002.11
1941,20:26:04:732,3,Severe_Damage,L3_S2,-2438,2260,19212,8852,296,1305,1,4342.11
1942,20:26:04:742,3,Severe_Damage,L3_S2,-2726,2604,21234,7366,342,1059,0,6364.11
1943,20:26:04:752,3,Severe_Damage,L3_S2,-3006,2852,22622,5183,228,726,0,7752.11
1944,20:26:04:762,3,Severe_Damage,L3_S2,-3070,2974,23272,2560,219,302,1,8402.11
1945,20:26:04:772,3,Severe_Damage,L3_S2,-3058,2920,22994,-323,103,-143,0,8124.11
1946,20:26:04:782,3,Severe_Damage,L3_S2,-2934,2790,22122,-3148,14,-589,0,7252.11
1947,20:26:04:792,3,Severe_Damage,L3_S2,-2626,2472,20498,-5648,-16,-995,0,5628.11
1948,20:26:04:802,3,Severe_Damage,L3_S2,-2376,2122,18346,-7664,-177,-1302,1,3476.11
1949,20:26:04:812,3,Severe_Damage,L3_S2,-1942,1634,15986,-8961,-241,-1515,1,1116.11
1950,20:26:04:822,3,Severe_Damage,L3_S2,-1546,1090,13448,-9380,-274,-1575,0,-1421.89
1951,20:26:04:833,3,Severe_Damage,L3_S2,-1280,564,11088,-9003,-323,-1511,0,-3781.89
1952,20:26:04:842,3,Severe_Damage,L3_S2,-902,34,9208,-7771,-276,-1317,1,-5661.89
1953,20:26:04:852,3,Severe_Damage,L3_S2,-680,-232,7688,-5847,-222,-1000,0,-7181.89
1954,20:26:04:862,3,Severe_Damage,L3_S2,-526,-502,6974,-3436,-127,-634,0,-7895.89
1955,20:26:04:872,3,Severe_Damage,L3_S2,-574,-458,6864,-723,-44,-201,0,-8005.89
1956,20:26:04:882,3,Severe_Damage,L3_S2,-614,-298,7698,1989,48,213,0,-7171.89
1957,20:26:04:892,3,Severe_Damage,L3_S2,-886,-8,9054,4481,137,608,0,-5815.89
1958,20:26:04:902,3,Severe_Damage,L3_S2,-1180,548,10916,6568,220,940,0,-3953.89
1959,20:26:04:912,3,Severe_Damage,L3_S2,-1484,956,13218,7903,280,1150,0,-1651.89
1960,20:26:04:922,3,Severe_Damage,L3_S2,-1924,1524,15498,8545,303,1257,0,628.11
1961,20:26:04:932,3,Severe_Damage,L3_S2,-2150,1916,17938,8311,312,1215,0,3068.11
1962,20:26:04:942,3,Severe_Damage,L3_S2,-2624,2380,19868,7349,285,1070,0,4998.11
1963,20:26:04:952,3,Severe_Damage,L3_S2,-2802,2582,21418,5647,260,799,0,6548.11
1964,20:26:04:962,3,Severe_Damage,L3_S2,-2894,2724,22204,3440,202,447,0,7334.11
1965,20:26:04:972,3,Severe_Damage,L3_S2,-3028,2756,22500,906,120,49,0,7630.11
1966,20:26:04:982,3,Severe_Damage,L3_S2,-2858,2698,21942,-1698,61,-370,0,7072.11
1967,20:26:04:992,3,Severe_Damage,L3_S2,-2716,2472,20752,-4123,-33,-746,1,5882.11
1968,20:26:05:002,3,Severe_Damage,L3_S2,-2450,2182,18910,-6157,-111,-1065,0,4040.11
1969,20:26:05:012,3,Severe_Damage,L3_S2,-2118,1766,16862,-7680,-202,-1312,0,1992.11
1970,20:26:05:022,3,Severe_Damage,L3_S2,-1724,1342,14644,-8396,-262,-1413,0,-225.89
1971,20:26:05:032,3,Severe_Damage,L3_S2,-1416,762,12454,-8402,-231,-1419,0,-2415.89
1972,20:26:05:042,3,Severe_Damage,L3_S2,-1132,378,10486,-7618,-288,-1288,1,-4383.89
1973,20:26:05:052,3,Severe_Damage,L3_S2,-826,-22,9018,-6182,-218,-1073,1,-5851.89
1974,20:26:05:062,3,Severe_Damage,L3_S2,-812,-230,7984,-4144,-124,-744,0,-6885.89
1975,20:26:05:072,3,Severe_Damage,L3_S2,-540,-386,7626,-1811,-78,-381,0,-7243.89
1976,20:26:05:082,3,Severe_Damage,L3_S2,-696,-260,7964,680,57,16,0,-6905.89
1977,20:26:05:092,3,Severe_Damage,L3_S2,-870,-24,9000,3044,104,383,0,-5869.89
1978,20:26:05:102,3,Severe_Damage,L3_S2,-1012,282,10484,5122,185,704,0,-4385.89
1979,20:26:05:112,3,Severe_Damage,L3_S2,-1482,776,12404,6659,248,957,0,-2465.89
1980,20:26:05:122,3,Severe_Damage,L3_S2,-1678,1256,14554,7523,253,1093,0,-315.89
1981,20:26:05:132,3,Severe_Damage,L3_S2,-2108,1680,16722,7676,323,1119,0,1852.11
1982,20:26:05:143,3,Severe_Damage,L3_S2,-2392,2074,18630,7118,264,1036,0,3760.11
1983,20:26:05:152,3,Severe_Damage,L3_S2,-2580,2294,20232,5829,234,828,0,5362.11
1984,20:26:05:163,3,Severe_Damage,L3_S2,-2824,2518,21284,4048,199,547,0,6414.11
1985,20:26:05:172,3,Severe_Damage,L3_S2,-2818,2600,21728,1834,124,197,0,6858.11
1986,20:26:05:182,3,Severe_Damage,L3_S2,-2840,2568,21558,-489,67,-168,0,6688.11
1987,20:26:05:193,3,Severe_Damage,L3_S2,-2722,2374,20774,-2811,-20,-539,0,5904.11
1988,20:26:05:202,3,Severe_Damage,L3_S2,-2456,2198,19304,-4802,-67,-848,0,4434.11
1989,20:26:05:213,3,Severe_Damage,L3_S2,-2234,1920,17592,-6417,-143,-1107,0,2722.11
1990,20:26:05:223,3,Severe_Damage,L3_S2,-1894,1438,15644,-7442,-216,-1269,0,774.11
1991,20:26:05:233,3,Severe_Damage,L3_S2,-1612,1092,13510,-7673,-215,-1302,0,-1359.89
1992,20:26:05:242,3,Severe_Damage,L3_S2,-1206,566,11654,-7324,-233,-1248,0,-3215.89
1993,20:26:05:253,3,Severe_Damage,L3_S2,-1092,226,10106,-6246,-189,-1071,1,-4763.89
1994,20:26:05:262,3,Severe_Damage,L3_S2,-822,-44,8964,-4653,-162,-825,0,-5905.89
1995,20:26:05:272,3,Severe_Damage,L3_S2,-800,-190,8332,-2614,-41,-504,0,-6537.89
1996,20:26:05:282,3,Severe_Damage,L3_S2,-776,-190,8384,-400,1,-151,0,-6485.89
1997,20:26:05:292,3,Severe_Damage,L3_S2,-890,-4,9116,1824,89,193,0,-5753.89
1998,20:26:05:302,3,Severe_Damage,L3_S2,-1130,186,10306,3823,159,509,0,-4563.89
1999,20:26:05:312,3,Severe_Damage,L3_S2,-1250,568,11894,5469,198,765,0,-2975.89
2000,20:26:05:323,3,Severe_Damage,L3_S2,-1710,1034,13616,6540,285,939,0,-1253.89
2001,20:26:05:332,3,Severe_Damage,L3_S2,-1826,1390,15642,6941,216,1001,0,772.11
2002,20:26:05:342,3,Severe_Damage,L3_S2,-2198,1810,17514,6729,293,970,0,2644.11
2003,20:26:05:352,3,Severe_Damage,L3_S2,-2412,2118,19158,5847,202,830,0,4288.11
2004,20:26:05:362,3,Severe_Damage,L3_S2,-2604,2302,20380,4404,191,602,0,5510.11
2005,20:26:05:372,3,Severe_Damage,L3_S2,-2700,2460,20924,2563,124,312,0,6054.11
2006,20:26:05:382,3,Severe_Damage,L3_S2,-2708,2456,21056,461,64,-17,0,6186.11
2007,20:26:05:393,3,Severe_Damage,L3_S2,-2668,2348,20510,-1661,-10,-349,0,5640.11
2008,20:26:05:402,3,Severe_Damage,L3_S2,-2476,2198,19508,-3630,-67,-663,0,4638.11
2009,20:26:05:413,3,Severe_Damage,L3_S2,-2252,1952,18022,-5239,-108,-927,0,3152.11
2010,20:26:05:423,3,Severe_Damage,L3_S2,-2036,1528,16308,-6437,-166,-1111,0,1438.11
2011,20:26:05:433,3,Severe_Damage,L3_S2,-1692,1226,14478,-6960,-217,-1188,0,-391.89
2012,20:26:05:443,3,Severe_Damage,L3_S2,-1416,816,12662,-6865,-168,-1173,0,-2207.89
2013,20:26:05:453,3,Severe_Damage,L3_S2,-1180,424,11058,-6161,-191,-1059,0,-3811.89
2014,20:26:05:462,3,Severe_Damage,L3_S2,-988,144,9878,-4912,-141,-866,0,-4991.89
2015,20:26:05:473,3,Severe_Damage,L3_S2,-946,-54,9160,-3210,-53,-602,1,-5709.89
2016,20:26:05:482,3,Severe_Damage,L3_S2,-784,-96,8912,-1247,-19,-292,0,-5957.89
2017,20:26:05:492,3,Severe_Damage,L3_S2,-938,2,9228,780,74,25,0,-5641.89
2018,20:26:05:502,3,Severe_Damage,L3_S2,-1018,228,10192,2695,117,327,0,-4677.89
2019,20:26:05:512,3,Severe_Damage,L3_S2,-1204,468,11400,4348,156,587,0,-3469.89
2020,20:26:05:522,3,Severe_Damage,L3_S2,-1552,868,13016,5585,248,786,0,-1853.89
2021,20:26:05:532,3,Severe_Damage,L3_S2,-1716,1176,14910,6181,212,883,0,40.11
2022,20:26:05:542,3,Severe_Damage,L3_S2,-2064,1618,16602,6244,219,898,0,1732.11
2023,20:26:05:552,3,Severe_Damage,L3_S2,-2284,1848,18154,5663,249,805,0,3284.11
2024,20:26:05:562,3,Severe_Damage,L3_S2,-2518,2124,19260,4614,152,645,0,4390.11
2025,20:26:05:572,3,Severe_Damage,L3_S2,-2576,2230,20200,3019,131,384,0,5330.11
2026,20:26:05:582,3,Severe_Damage,L3_S2,-2738,2356,20538,1230,83,102,0,5668.11
2027,20:26:05:592,3,Severe_Damage,L3_S2,-2640,2266,20368,-741,12,-210,0,5498.11
2028,20:26:05:603,3,Severe_Damage,L3_S2,-2516,2158,19490,-2575,-24,-495,0,4620.11
2029,20:26:05:613,3,Severe_Damage,L3_S2,-2342,1938,18314,-4218,-91,-749,0,3444.11
2030,20:26:05:623,3,Severe_Damage,L3_S2,-2108,1670,16742,-5434,-100,-951,0,1872.11
2031,20:26:05:633,3,Severe_Damage,L3_S2,-1798,1218,15238,-6228,-186,-1075,0,368.11
2032,20:26:05:643,3,Severe_Damage,L3_S2,-1602,1004,13552,-6339,-155,-1095,0,-1317.89
2033,20:26:05:653,3,Severe_Damage,L3_S2,-1362,630,12044,-5943,-140,-1040,0,-2825.89
2034,20:26:05:663,3,Severe_Damage,L3_S2,-1154,366,10694,-4985,-154,-873,0,-4175.89
2035,20:26:05:672,3,Severe_Damage,L3_S2,-966,34,9886,-3619,-79,-666,0,-4983.89
2036,20:26:05:682,3,Severe_Damage,L3_S2,-1010,28,9480,-1893,-21,-388,0,-5389.89
2037,20:26:05:692,3,Severe_Damage,L3_S2,-934,8,9612,-70,22,-113,0,-5257.89
2038,20:26:05:702,3,Severe_Damage,L3_S2,-1064,160,10246,1732,100,176,0,-4623.89
2039,20:26:05:712,3,Severe_Damage,L3_S2,-1242,442,11240,3344,136,432,0,-3629.89
2040,20:26:05:722,3,Severe_Damage,L3_S2,-1384,734,12552,4642,178,630,0,-2317.89
2041,20:26:05:732,3,Severe_Damage,L3_S2,-1730,1052,14174,5419,212,758,0,-695.89
2042,20:26:05:742,3,Severe_Damage,L3_S2,-1864,1422,15840,5685,183,805,0,970.11
2043,20:26:05:752,3,Severe_Damage,L3_S2,-2200,1670,17314,5390,220,759,0,2444.11
2044,20:26:05:762,3,Severe_Damage,L3_S2,-2354,1920,18494,4607,175,636,0,3624.11
2045,20:26:05:772,3,Severe_Damage,L3_S2,-2454,2074,19478,3335,123,435,0,4608.11
2046,20:26:05:782,3,Severe_Damage,L3_S2,-2638,2242,19994,1785,96,197,0,5124.11
2047,20:26:05:792,3,Severe_Damage,L3_S2,-2546,2168,19944,35,35,-88,0,5074.11
2048,20:26:05:803,3,Severe_Damage,L3_S2,-2568,2154,19458,-1703,5,-359,0,4588.11
2049,20:26:05:813,3,Severe_Damage,L3_S2,-2386,1910,18524,-3277,-61,-609,0,3654.11
2050,20:26:05:823,3,Severe_Damage,L3_S2,-2174,1652,17230,-4549,-68,-813,0,2360.11
2051,20:26:05:833,3,Severe_Damage,L3_S2,-1936,1514,15758,-5403,-145,-947,0,888.11
2052,20:26:05:843,3,Severe_Damage,L3_S2,-1648,1048,14330,-5823,-147,-1014,0,-539.89
2053,20:26:05:853,3,Severe_Damage,L3_S2,-1508,804,12782,-5555,-121,-967,0,-2087.89
2054,20:26:05:863,3,Severe_Damage,L3_S2,-1224,470,11552,-4955,-147,-877,0,-3317.89
2055,20:26:05:873,3,Severe_Damage,L3_S2,-1134,308,10600,-3815,-88,-695,0,-4269.89
2056,20:26:05:882,3,Severe_Damage,L3_S2,-990,140,10114,-2398,-38,-471,0,-4755.89
2057,20:26:05:892,3,Severe_Damage,L3_S2,-1000,106,9952,-734,17,-202,0,-4917.89
2058,20:26:05:902,3,Severe_Damage,L3_S2,-1088,222,10426,910,58,55,0,-4443.89
2059,20:26:05:912,3,Severe_Damage,L3_S2,-1202,346,11292,2461,114,296,0,-3577.89
2060,20:26:05:922,3,Severe_Damage,L3_S2,-1374,624,12322,3764,147,505,0,-2547.89
2061,20:26:05:932,3,Severe_Damage,L3_S2,-1594,936,13616,4668,194,649,0,-1253.89
2062,20:26:05:943,3,Severe_Damage,L3_S2,-1786,1208,15144,5087,176,715,0,274.11
2063,20:26:05:952,3,Severe_Damage,L3_S2,-2080,1524,16532,5029,190,703,0,1662.11
2064,20:26:05:962,3,Severe_Damage,L3_S2,-2426,1924,18800,3491,144,461,0,3930.11
2065,20:26:05:972,3,Severe_Damage,L3_S2,-2490,2136,19390,2187,96,254,0,4520.11
2066,20:26:05:982,3,Severe_Damage,L3_S2,-2452,2130,19546,633,51,3,0,4676.11
2067,20:26:05:993,3,Severe_Damage,L3_S2,-2504,2086,19220,-938,20,-242,0,4350.11
2068,20:26:06:003,3,Severe_Damage,L3_S2,-2342,1914,18576,-2456,-30,-479,0,3706.11
2069,20:26:06:013,3,Severe_Damage,L3_S2,-2244,1748,17484,-3712,-57,-676,0,2614.11
2070,20:26:06:023,3,Severe_Damage,L3_S2,-1998,1490,16150,-4665,-96,-833,0,1280.11
2071,20:26:06:033,3,Severe_Damage,L3_S2,-1880,1170,14982,-5212,-124,-918,0,112.11
2072,20:26:06:043,3,Severe_Damage,L3_S2,-1524,904,13516,-5187,-128,-913,0,-1353.89
2073,20:26:06:053,3,Severe_Damage,L3_S2,-1414,562,12296,-4778,-93,-847,0,-2573.89
2074,20:26:06:063,3,Severe_Damage,L3_S2,-1208,432,11264,-3894,-111,-699,0,-3605.89
2075,20:26:06:073,3,Severe_Damage,L3_S2,-1104,248,10768,-2734,-64,-523,0,-4101.89
2076,20:26:06:083,3,Severe_Damage,L3_S2,-1164,250,10442,-1260,23,-288,0,-4427.89
2077,20:26:06:092,3,Severe_Damage,L3_S2,-1068,228,10672,231,17,-67,0,-4197.89
2078,20:26:06:103,3,Severe_Damage,L3_S2,-1240,342,11220,1698,112,179,0,-3649.89
2079,20:26:06:112,3,Severe_Damage,L3_S2,-1382,548,12118,2956,116,375,0,-2751.89
2080,20:26:06:123,3,Severe_Damage,L3_S2,-1540,822,13288,3943,164,525,0,-1581.89
2081,20:26:06:133,3,Severe_Damage,L3_S2,-1788,1108,14498,4478,171,618,0,-371.89
2082,20:26:06:143,3,Severe_Damage,L3_S2,-1882,1428,15900,4608,165,638,0,1030.11
2083,20:26:06:153,3,Severe_Damage,L3_S2,-2154,1634,17082,4274,173,581,0,2212.11
2084,20:26:06:163,3,Severe_Damage,L3_S2,-2250,1828,18034,3528,131,465,0,3164.11
2085,20:26:06:173,3,Severe_Damage,L3_S2,-2374,1960,18732,2424,113,297,0,3862.11
2086,20:26:06:182,3,Severe_Damage,L3_S2,-2408,2008,19140,1099,55,87,0,4270.11
2087,20:26:06:193,3,Severe_Damage,L3_S2,-2430,2008,18974,-327,23,-142,0,4104.11
2088,20:26:06:203,3,Severe_Damage,L3_S2,-2374,1910,18446,-1751,-8,-373,0,3576.11
2089,20:26:06:213,3,Severe_Damage,L3_S2,-2192,1778,17574,-2981,-49,-562,0,2704.11
2090,20:26:06:223,3,Severe_Damage,L3_S2,-1988,1526,16546,-3963,-70,-721,0,1676.11
2091,20:26:06:233,3,Severe_Damage,L3_S2,-1904,1364,15280,-4564,-84,-812,0,410.11
2092,20:26:06:243,3,Severe_Damage,L3_S2,-1578,958,14174,-4809,-138,-852,0,-695.89
2093,20:26:06:253,3,Severe_Damage,L3_S2,-1574,798,12854,-4475,-58,-803,0,-2015.89
2094,20:26:06:263,3,Severe_Damage,L3_S2,-1320,514,11976,-3902,-117,-709,0,-2893.89
2095,20:26:06:273,3,Severe_Damage,L3_S2,-1242,416,11254,-2885,-67,-555,0,-3615.89
2096,20:26:06:283,3,Severe_Damage,L3_S2,-1182,294,10824,-1675,-8,-362,0,-4045.89
2097,20:26:06:293,3,Severe_Damage,L3_S2,-1194,294,10924,-298,23,-143,0,-3945.89
2098,20:26:06:302,3,Severe_Damage,L3_S2,-1216,394,11282,1044,69,69,0,-3587.89
2099,20:26:06:313,3,Severe_Damage,L3_S2,-1352,572,12042,2267,109,261,0,-2827.89
2100,20:26:06:323,3,Severe_Damage,L3_S2,-1484,754,13114,3248,121,415,0,-1755.89
2101,20:26:06:333,3,Severe_Damage,L3_S2,-1674,1024,14238,3911,174,521,0,-631.89
2102,20:26:06:343,3,Severe_Damage,L3_S2,-1890,1262,15288,4156,155,563,0,418.11
2103,20:26:06:353,3,Severe_Damage,L3_S2,-1980,1536,16558,3994,141,541,0,1688.11
2104,20:26:06:363,3,Severe_Damage,L3_S2,-2194,1672,17500,3442,143,454,0,2630.11
2105,20:26:06:373,3,Severe_Damage,L3_S2,-2324,1844,18146,2575,96,312,0,3276.11
2106,20:26:06:383,3,Severe_Damage,L3_S2,-2376,1878,18612,1423,91,135,0,3742.11
2107,20:26:06:393,3,Severe_Damage,L3_S2,-2394,1926,18680,147,38,-68,0,3810.11
2108,20:26:06:403,3,Severe_Damage,L3_S2,-2306,1858,18288,-1142,15,-276,0,3418.11
2109,20:26:06:413,3,Severe_Damage,L3_S2,-2180,1766,17626,-2332,-29,-462,0,2756.11
2110,20:26:06:423,3,Severe_Damage,L3_S2,-2054,1548,16736,-3299,-51,-615,0,1866.11
2111,20:26:06:433,3,Severe_Damage,L3_S2,-1918,1352,15600,-3981,-71,-720,0,730.11
2112,20:26:06:443,3,Severe_Damage,L3_S2,-1756,1104,14570,-4333,-105,-775,0,-299.89
2113,20:26:06:453,3,Severe_Damage,L3_S2,-1494,900,13546,-4217,-93,-765,0,-1323.89
2114,20:26:06:463,3,Severe_Damage,L3_S2,-1386,602,12570,-3770,-43,-693,0,-2299.89
2115,20:26:06:473,3,Severe_Damage,L3_S2,-1272,502,11772,-2970,-84,-560,0,-3097.89
2116,20:26:06:483,3,Severe_Damage,L3_S2,-1234,356,11360,-1963,-19,-406,0,-3509.89
2117,20:26:06:493,3,Severe_Damage,L3_S2,-1266,386,11226,-712,25,-201,0,-3643.89
2118,20:26:06:502,3,Severe_Damage,L3_S2,-1200,412,11540,502,38,-13,0,-3329.89
2119,20:26:06:513,3,Severe_Damage,L3_S2,-1342,586,12004,1667,99,175,0,-2865.89
2120,20:26:06:523,3,Severe_Damage,L3_S2,-1476,698,12920,2629,101,323,0,-1949.89
2121,20:26:06:533,3,Severe_Damage,L3_S2,-1698,926,13942,3330,121,434,0,-927.89
2122,20:26:06:543,3,Severe_Damage,L3_S2,-1812,1174,14888,3714,165,490,0,18.11
2123,20:26:06:553,3,Severe_Damage,L3_S2,-1992,1368,16060,3683,129,484,0,1190.11
2124,20:26:06:563,3,Severe_Damage,L3_S2,-2032,1624,16932,3313,128,435,0,2062.11
2125,20:26:06:573,3,Severe_Damage,L3_S2,-2256,1696,17768,2600,122,317,0,2898.11
2126,20:26:06:583,3,Severe_Damage,L3_S2,-2332,1810,18150,1672,75,175,0,3280.11
2127,20:26:06:593,3,Severe_Damage,L3_S2,-2304,1792,18396,505,56,-15,0,3526.11
2128,20:26:06:603,3,Severe_Damage,L3_S2,-2324,1834,18102,-635,24,-192,0,3232.11
2129,20:26:06:613,3,Severe_Damage,L3_S2,-2170,1698,17634,-1792,-29,-369,0,2764.11
2130,20:26:06:623,3,Severe_Damage,L3_S2,-2104,1594,16786,-2721,-38,-520,0,1916.11
2131,20:26:06:633,3,Severe_Damage,L3_S2,-1976,1404,15994,-3451,-55,-641,0,1124.11
2132,20:26:06:643,3,Severe_Damage,L3_S2,-1800,1194,14874,-3832,-71,-697,0,4.11
2133,20:26:06:653,3,Severe_Damage,L3_S2,-1610,884,14006,-3949,-95,-714,0,-863.89
2134,20:26:06:663,3,Severe_Damage,L3_S2,-1500,820,12942,-3553,-55,-648,0,-1927.89
2135,20:26:06:673,3,Severe_Damage,L3_S2,-1332,596,12342,-2995,-52,-572,0,-2527.89
2136,20:26:06:683,3,Severe_Damage,L3_S2,-1276,500,11742,-2097,-39,-426,0,-3127.89
2137,20:26:06:693,3,Severe_Damage,L3_S2,-1274,404,11630,-1073,7,-261,0,-3239.89
2138,20:26:06:702,3,Severe_Damage,L3_S2,-1284,480,11734,77,58,-84,0,-3135.89
2139,20:26:06:712,3,Severe_Damage,L3_S2,-1318,578,12076,1134,61,83,0,-2793.89
2140,20:26:06:723,3,Severe_Damage,L3_S2,-1448,622,12746,2089,109,236,0,-2123.89
2141,20:26:06:733,3,Severe_Damage,L3_S2,-1582,844,13756,2809,102,345,0,-1113.89
2142,20:26:06:743,3,Severe_Damage,L3_S2,-1766,1114,14686,3229,130,420,0,-183.89
2143,20:26:06:753,3,Severe_Damage,L3_S2,-1870,1276,15536,3365,155,437,0,666.11
2144,20:26:06:763,3,Severe_Damage,L3_S2,-2040,1424,16422,3114,110,408,0,1552.11
2145,20:26:06:773,3,Severe_Damage,L3_S2,-2122,1654,17236,2573,111,317,0,2366.11
2146,20:26:06:783,3,Severe_Damage,L3_S2,-2244,1684,17840,1762,89,187,0,2970.11
2147,20:26:06:793,3,Severe_Damage,L3_S2,-2238,1774,17950,825,60,42,0,3080.11
2148,20:26:06:803,3,Severe_Damage,L3_S2,-2260,1746,17940,-271,21,-131,0,3070.11
2149,20:26:06:813,3,Severe_Damage,L3_S2,-2188,1712,17504,-1278,9,-296,0,2634.11
2150,20:26:06:823,3,Severe_Damage,L3_S2,-2074,1548,16980,-2236,-39,-449,0,2110.11
2151,20:26:06:833,3,Severe_Damage,L3_S2,-2052,1402,16152,-2919,-24,-557,0,1282.11
2152,20:26:06:843,3,Severe_Damage,L3_S2,-1770,1188,15162,-3408,-64,-636,0,292.11
2153,20:26:06:853,3,Severe_Damage,L3_S2,-1796,1106,14278,-3553,-56,-662,0,-591.89
2154,20:26:06:863,3,Severe_Damage,L3_S2,-1546,838,13516,-3411,-95,-636,0,-1353.89
2155,20:26:06:873,3,Severe_Damage,L3_S2,-1498,684,12692,-2896,-10,-547,0,-2177.89
2156,20:26:06:883,3,Severe_Damage,L3_S2,-1348,574,12214,-2198,-70,-435,0,-2655.89
2157,20:26:06:893,3,Severe_Damage,L3_S2,-1326,446,11962,-1312,10,-305,0,-2907.89
2158,20:26:06:903,3,Severe_Damage,L3_S2,-1366,562,11876,-290,29,-135,0,-2993.89
2159,20:26:06:912,3,Severe_Damage,L3_S2,-1276,572,12220,688,49,16,0,-2649.89
2160,20:26:06:923,3,Severe_Damage,L3_S2,-1468,716,12834,1605,101,165,0,-2035.89
2161,20:26:06:933,3,Severe_Damage,L3_S2,-1580,858,13576,2318,89,282,0,-1293.89
2162,20:26:06:943,3,Severe_Damage,L3_S2,-1712,1008,14394,2811,124,342,0,-475.89
2163,20:26:06:953,3,Severe_Damage,L3_S2,-1854,1204,15282,2987,110,378,0,412.11
2164,20:26:06:963,3,Severe_Damage,L3_S2,-1948,1388,15988,2918,138,364,0,1118.11
2165,20:26:06:973,3,Severe_Damage,L3_S2,-2052,1520,16846,2474,84,302,0,1976.11
2166,20:26:06:983,3,Severe_Damage,L3_S2,-2188,1674,17336,1833,85,197,0,2466.11
2167,20:26:06:993,3,Severe_Damage,L3_S2,-2174,1688,17674,981,73,61,0,2804.11
2168,20:26:07:003,3,Severe_Damage,L3_S2,-2212,1732,17642,85,32,-71,0,2772.11
2169,20:26:07:013,3,Severe_Damage,L3_S2,-2128,1608,17484,-910,-2,-232,0,2614.11
2170,20:26:07:023,3,Severe_Damage,L3_S2,-2132,1566,16862,-1756,1,-369,0,1992.11
2171,20:26:07:033,3,Severe_Damage,L3_S2,-1974,1386,16300,-2496,-54,-489,0,1430.11
2172,20:26:07:043,3,Severe_Damage,L3_S2,-1894,1274,15438,-2973,-19,-567,0,568.11
2173,20:26:07:053,3,Severe_Damage,L3_S2,-1728,1122,14596,-3202,-58,-598,0,-273.89
2174,20:26:07:063,3,Severe_Damage,L3_S2,-1636,886,13870,-3171,-77,-596,0,-999.89
2175,20:26:07:073,3,Severe_Damage,L3_S2,-1536,772,13150,-2788,-41,-531,0,-1719.89
2176,20:26:07:083,3,Severe_Damage,L3_S2,-1450,634,12644,-2227,-25,-445,0,-2225.89
2177,20:26:07:093,3,Severe_Damage,L3_S2,-1316,572,12252,-1438,-19,-317,0,-2617.89
2178,20:26:07:103,3,Severe_Damage,L3_S2,-1360,494,12260,-592,23,-186,0,-2609.89
2179,20:26:07:113,3,Severe_Damage,L3_S2,-1422,634,12278,361,50,-35,0,-2591.89
2180,20:26:07:123,3,Severe_Damage,L3_S2,-1460,670,12852,1165,61,89,0,-2017.89
2181,20:26:07:133,3,Severe_Damage,L3_S2,-1564,812,13348,1906,101,211,0,-1521.89
2182,20:26:07:143,3,Severe_Damage,L3_S2,-1666,948,14094,2388,89,280,0,-775.89
2183,20:26:07:153,3,Severe_Damage,L3_S2,-1804,1184,14960,2653,110,324,0,90.11
2184,20:26:07:163,3,Severe_Damage,L3_S2,-1990,1302,15812,2616,116,322,0,942.11
2185,20:26:07:173,3,Severe_Damage,L3_S2,-2004,1510,16374,2387,116,282,0,1504.11
2186,20:26:07:183,3,Severe_Damage,L3_S2,-2114,1552,16946,1824,76,199,0,2076.11
2187,20:26:07:193,3,Severe_Damage,L3_S2,-2088,1652,17292,1119,51,83,0,2422.11
2188,20:26:07:203,3,Severe_Damage,L3_S2,-2170,1624,17448,284,79,-53,0,2578.11
2189,20:26:07:213,3,Severe_Damage,L3_S2,-2144,1638,17278,-550,-12,-177,0,2408.11
2190,20:26:07:223,3,Severe_Damage,L3_S2,-2088,1448,16882,-1396,7,-314,0,2012.11
2191,20:26:07:233,3,Severe_Damage,L3_S2,-2004,1496,16326,-2062,-31,-410,0,1456.11
2192,20:26:07:243,3,Severe_Damage,L3_S2,-1888,1252,15614,-2603,-51,-502,0,744.11
2193,20:26:07:253,3,Severe_Damage,L3_S2,-1784,1158,14804,-2851,-5,-548,0,-65.89
2194,20:26:07:263,3,Severe_Damage,L3_S2,-1642,948,14112,-2895,-82,-545,0,-757.89
2195,20:26:07:273,3,Severe_Damage,L3_S2,-1630,886,13378,-2650,-13,-505,0,-1491.89
2196,20:26:07:283,3,Severe_Damage,L3_S2,-1446,654,12996,-2237,-75,-445,0,-1873.89
2197,20:26:07:293,3,Severe_Damage,L3_S2,-1460,698,12600,-1501,30,-328,0,-2269.89
2198,20:26:07:303,3,Severe_Damage,L3_S2,-1376,562,12496,-795,-3,-218,0,-2373.89
2199,20:26:07:313,3,Severe_Damage,L3_S2,-1452,632,12582,63,36,-84,0,-2287.89
2200,20:26:07:323,3,Severe_Damage,L3_S2,-1472,682,12876,823,68,35,0,-1993.89
2201,20:26:07:333,3,Severe_Damage,L3_S2,-1560,812,13376,1521,56,146,0,-1493.89
2202,20:26:07:343,3,Severe_Damage,L3_S2,-1630,1014,14060,2026,98,223,0,-809.89
2203,20:26:07:353,3,Severe_Damage,L3_S2,-1776,1136,14778,2331,91,278,0,-91.89
2204,20:26:07:363,3,Severe_Damage,L3_S2,-1912,1266,15452,2377,110,282,0,582.11
2205,20:26:07:373,3,Severe_Damage,L3_S2,-1934,1342,16076,2180,93,249,0,1206.11
2206,20:26:07:383,3,Severe_Damage,L3_S2,-2010,1504,16634,1796,94,192,0,1764.11
2207,20:26:07:393,3,Severe_Damage,L3_S2,-2124,1550,16916,1202,78,102,0,2046.11
2208,20:26:07:403,3,Severe_Damage,L3_S2,-2080,1554,17140,439,4,-16,0,2270.11
2209,20:26:07:413,3,Severe_Damage,L3_S2,-2162,1576,17024,-305,80,-143,0,2154.11
2210,20:26:07:423,3,Severe_Damage,L3_S2,-2010,1544,16720,-1058,-42,-257,0,1850.11
2211,20:26:07:433,3,Severe_Damage,L3_S2,-2026,1398,16402,-1728,4,-364,0,1532.11
2212,20:26:07:443,3,Severe_Damage,L3_S2,-1924,1390,15664,-2220,-20,-443,0,794.11
2213,20:26:07:453,3,Severe_Damage,L3_S2,-1838,1150,15128,-2564,-38,-490,0,258.11
2214,20:26:07:463,3,Severe_Damage,L3_S2,-1684,1084,14306,-2613,-23,-506,0,-563.89
2215,20:26:07:473,3,Severe_Damage,L3_S2,-1626,890,13776,-2493,-40,-481,0,-1093.89
2216,20:26:07:483,3,Severe_Damage,L3_S2,-1586,744,13330,-2130,-29,-430,0,-1539.89
2217,20:26:07:493,3,Severe_Damage,L3_S2,-1412,696,12892,-1585,-30,-339,0,-1977.89
2218,20:26:07:503,3,Severe_Damage,L3_S2,-1552,706,12698,-895,42,-229,0,-2171.89
2219,20:26:07:513,3,Severe_Damage,L3_S2,-1400,636,12752,-193,-3,-124,0,-2117.89
2220,20:26:07:523,3,Severe_Damage,L3_S2,-1562,680,13024,535,71,-5,0,-1845.89
2221,20:26:07:533,3,Severe_Damage,L3_S2,-1478,810,13410,1186,46,96,0,-1459.89
2222,20:26:07:543,3,Severe_Damage,L3_S2,-1590,936,13966,1684,79,178,0,-903.89
2223,20:26:07:553,3,Severe_Damage,L3_S2,-1772,1088,14622,2018,97,224,0,-247.89
2224,20:26:07:563,3,Severe_Damage,L3_S2,-1802,1198,15294,2116,82,238,0,424.11
2225,20:26:07:573,3,Severe_Damage,L3_S2,-2000,1332,15898,2004,103,229,0,1028.11
2226,20:26:07:583,3,Severe_Damage,L3_S2,-1994,1406,16342,1689,72,172,0,1472.11
2227,20:26:07:593,3,Severe_Damage,L3_S2,-2040,1468,16690,1202,87,100,0,1820.11
2228,20:26:07:603,3,Severe_Damage,L3_S2,-2116,1574,16794,612,58,9,0,1924.11
2229,20:26:07:613,3,Severe_Damage,L3_S2,-2038,1512,16878,-146,5,-109,0,2008.11
2230,20:26:07:623,3,Severe_Damage,L3_S2,-2130,1490,16662,-777,53,-211,0,1792.11
2231,20:26:07:633,3,Severe_Damage,L3_S2,-1956,1412,16318,-1412,-43,-315,0,1448.11
2232,20:26:07:643,3,Severe_Damage,L3_S2,-1942,1270,15810,-1914,4,-392,0,940.11
2233,20:26:07:653,3,Severe_Damage,L3_S2,-1860,1244,15224,-2231,-11,-443,0,354.11
2234,20:26:07:663,3,Severe_Damage,L3_S2,-1706,1038,14604,-2392,-50,-466,0,-265.89
2235,20:26:07:673,3,Severe_Damage,L3_S2,-1700,974,13970,-2279,5,-452,0,-899.89
2236,20:26:07:683,3,Severe_Damage,L3_S2,-1570,914,13520,-2027,-32,-411,0,-1349.89
2237,20:26:07:693,3,Severe_Damage,L3_S2,-1468,756,13204,-1594,-34,-343,0,-1665.89
2238,20:26:07:703,3,Severe_Damage,L3_S2,-1512,748,12960,-976,41,-247,0,-1909.89
2239,20:26:07:713,3,Severe_Damage,L3_S2,-1478,742,12952,-370,-7,-151,0,-1917.89
2240,20:26:07:723,3,Severe_Damage,L3_S2,-1538,754,13142,312,59,-52,0,-1727.89
2241,20:26:07:733,3,Severe_Damage,L3_S2,-1568,816,13468,876,60,46,0,-1401.89
2242,20:26:07:743,3,Severe_Damage,L3_S2,-1646,902,13872,1395,56,130,0,-997.89
2243,20:26:07:753,3,Severe_Damage,L3_S2,-1630,972,14516,1707,98,178,0,-353.89
2244,20:26:07:763,3,Severe_Damage,L3_S2,-1864,1116,15010,1871,67,213,0,140.11
2245,20:26:07:773,3,Severe_Damage,L3_S2,-1838,1256,15592,1817,83,190,0,722.11
2246,20:26:07:783,3,Severe_Damage,L3_S2,-2000,1360,16084,1573,83,157,0,1214.11
2247,20:26:07:793,3,Severe_Damage,L3_S2,-2042,1446,16426,1171,61,88,0,1556.11
2248,20:26:07:803,3,Severe_Damage,L3_S2,-2034,1436,16720,638,69,4,0,1850.11
2249,20:26:07:813,3,Severe_Damage,L3_S2,-2134,1600,16478,86,32,-75,0,1608.11
2250,20:26:07:823,3,Severe_Damage,L3_S2,-2002,1438,16578,-623,5,-192,0,1708.11
2251,20:26:07:833,3,Severe_Damage,L3_S2,-2066,1398,16280,-1130,37,-268,0,1410.11
2252,20:26:07:843,3,Severe_Damage,L3_S2,-1898,1322,15784,-1642,-41,-346,0,914.11
2253,20:26:07:853,3,Severe_Damage,L3_S2,-1840,1246,15354,-1959,15,-402,0,484.11
2254,20:26:07:863,3,Severe_Damage,L3_S2,-1794,1126,14690,-2126,-42,-420,0,-179.89
2255,20:26:07:873,3,Severe_Damage,L3_S2,-1568,966,14246,-2109,-24,-431,0,-623.89
2256,20:26:07:883,3,Severe_Damage,L3_S2,-1584,902,13706,-1890,-2,-386,0,-1163.89
2257,20:26:07:893,3,Severe_Damage,L3_S2,-1548,828,13424,-1543,-6,-336,0,-1445.89
2258,20:26:07:903,3,Severe_Damage,L3_S2,-1446,770,13284,-1060,-21,-262,0,-1585.89
2259,20:26:07:913,3,Severe_Damage,L3_S2,-1616,776,13116,-454,51,-169,0,-1753.89
2260,20:26:07:923,3,Severe_Damage,L3_S2,-1386,742,13354,95,18,-81,0,-1515.89
2261,20:26:07:933,3,Severe_Damage,L3_S2,-1574,812,13498,661,62,17,0,-1371.89
2262,20:26:07:943,3,Severe_Damage,L3_S2,-1596,914,13934,1111,81,88,0,-935.89
2263,20:26:07:953,3,Severe_Damage,L3_S2,-1658,1028,14372,1466,57,143,0,-497.89
2264,20:26:07:963,3,Severe_Damage,L3_S2,-1838,1134,14904,1620,92,165,0,34.11
2265,20:26:07:973,3,Severe_Damage,L3_S2,-1854,1256,15486,1637,62,163,0,616.11
2266,20:26:07:983,3,Severe_Damage,L3_S2,-1954,1300,15834,1448,78,136,0,964.11
2267,20:26:07:993,3,Severe_Damage,L3_S2,-1944,1410,16176,1122,71,75,0,1306.11
2268,20:26:08:003,3,Severe_Damage,L3_S2,-2004,1456,16472,665,48,15,0,1602.11
2269,20:26:08:013,3,Severe_Damage,L3_S2,-2058,1442,16482,130,49,-73,0,1612.11
2270,20:26:08:023,3,Severe_Damage,L3_S2,-2042,1452,16324,-405,19,-157,0,1454.11
2271,20:26:08:033,3,Severe_Damage,L3_S2,-1986,1344,16136,-935,-4,-238,0,1266.11
2272,20:26:08:043,3,Severe_Damage,L3_S2,-1894,1304,15754,-1400,7,-312,0,884.11
2273,20:26:08:053,3,Severe_Damage,L3_S2,-1896,1180,15360,-1722,-7,-364,0,490.11
2274,20:26:08:063,3,Severe_Damage,L3_S2,-1824,1188,14890,-1895,-12,-391,0,20.11
2275,20:26:08:074,3,Severe_Damage,L3_S2,-1748,1020,14462,-1913,-19,-392,0,-407.89
2276,20:26:08:083,3,Severe_Damage,L3_S2,-1644,886,13876,-1750,-20,-365,0,-993.89
2277,20:26:08:093,3,Severe_Damage,L3_S2,-1598,804,13670,-1466,3,-326,0,-1199.89
2278,20:26:08:103,3,Severe_Damage,L3_S2,-1512,806,13318,-1031,6,-255,0,-1551.89
2279,20:26:08:113,3,Severe_Damage,L3_S2,-1526,816,13350,-556,28,-177,0,-1519.89
2280,20:26:08:123,3,Severe_Damage,L3_S2,-1562,736,13480,-43,24,-96,0,-1389.89
2281,20:26:08:133,3,Severe_Damage,L3_S2,-1614,840,13616,499,70,-15,0,-1253.89
2282,20:26:08:143,3,Severe_Damage,L3_S2,-1590,914,13974,896,43,49,0,-895.89
2283,20:26:08:153,3,Severe_Damage,L3_S2,-1784,1068,14370,1238,87,101,0,-499.89
2284,20:26:08:163,3,Severe_Damage,L3_S2,-1780,1092,14820,1406,60,131,0,-49.89
2285,20:26:08:173,3,Severe_Damage,L3_S2,-1852,1206,15252,1448,76,139,0,382.11
2286,20:26:08:183,3,Severe_Damage,L3_S2,-1920,1344,15678,1316,82,116,0,808.11
2287,20:26:08:193,3,Severe_Damage,L3_S2,-1972,1340,16026,1050,54,81,0,1156.11
2288,20:26:08:203,3,Severe_Damage,L3_S2,-1982,1370,16274,656,62,6,0,1404.11
2289,20:26:08:213,3,Severe_Damage,L3_S2,-2014,1434,16266,189,38,-62,0,1396.11
2290,20:26:08:223,3,Severe_Damage,L3_S2,-1996,1412,16246,-303,19,-144,0,1376.11
2291,20:26:08:233,3,Severe_Damage,L3_S2,-1942,1386,16088,-787,26,-223,0,1218.11
2292,20:26:08:243,3,Severe_Damage,L3_S2,-1956,1282,15786,-1200,-12,-281,0,916.11
2293,20:26:08:253,3,Severe_Damage,L3_S2,-1848,1194,15402,-1524,-7,-341,0,532.11
2294,20:26:08:263,3,Severe_Damage,L3_S2,-1788,1164,14954,-1709,-6,-362,0,84.11
2295,20:26:08:273,3,Severe_Damage,L3_S2,-1730,1022,14530,-1752,-16,-367,0,-339.89
2296,20:26:08:283,3,Severe_Damage,L3_S2,-1584,964,14088,-1641,-5,-346,0,-781.89
2297,20:26:08:293,3,Severe_Damage,L3_S2,-1650,872,13782,-1392,-10,-308,0,-1087.89
2298,20:26:08:303,3,Severe_Damage,L3_S2,-1546,828,13580,-1032,-4,-255,0,-1289.89
2299,20:26:08:313,3,Severe_Damage,L3_S2,-1558,830,13488,-593,23,-183,0,-1381.89
2300,20:26:08:323,3,Severe_Damage,L3_S2,-1544,840,13526,-120,28,-107,0,-1343.89
2301,20:26:08:333,3,Severe_Damage,L3_S2,-1554,892,13722,342,50,-41,0,-1147.89
2302,20:26:08:343,3,Severe_Damage,L3_S2,-1646,882,14036,747,46,34,0,-833.89
2303,20:26:08:353,3,Severe_Damage,L3_S2,-1670,1044,14408,1058,65,79,0,-461.89
2304,20:26:08:363,3,Severe_Damage,L3_S2,-1730,1106,14720,1249,69,108,0,-149.89
2305,20:26:08:373,3,Severe_Damage,L3_S2,-1818,1202,15140,1291,70,112,0,270.11
2306,20:26:08:383,3,Severe_Damage,L3_S2,-1894,1268,15618,1208,55,94,0,748.11
2307,20:26:08:393,3,Severe_Damage,L3_S2,-1990,1260,15844,973,78,64,0,974.11
2308,20:26:08:403,3,Severe_Damage,L3_S2,-1958,1376,16074,640,36,11,0,1204.11
2309,20:26:08:413,3,Severe_Damage,L3_S2,-1956,1352,16170,226,45,-58,0,1300.11
2310,20:26:08:423,3,Severe_Damage,L3_S2,-2060,1424,16204,-225,27,-121,0,1334.11
2311,20:26:08:433,3,Severe_Damage,L3_S2,-1992,1352,15988,-667,9,-192,0,1118.11
2312,20:26:08:443,3,Severe_Damage,L3_S2,-1856,1296,15746,-1050,16,-255,0,876.11
2313,20:26:08:454,3,Severe_Damage,L3_S2,-1886,1238,15348,-1367,-23,-299,0,478.11
2314,20:26:08:463,3,Severe_Damage,L3_S2,-1804,1128,15014,-1548,5,-339,0,144.11
2315,20:26:08:474,3,Severe_Damage,L3_S2,-1752,1078,14594,-1611,-14,-342,0,-275.89
2316,20:26:08:483,3,Severe_Damage,L3_S2,-1718,1010,14198,-1530,-6,-326,0,-671.89
2317,20:26:08:493,3,Severe_Damage,L3_S2,-1544,890,13884,-1314,12,-308,0,-985.89
2318,20:26:08:503,3,Severe_Damage,L3_S2,-1686,924,13720,-1008,-19,-251,0,-1149.89
2319,20:26:08:513,3,Severe_Damage,L3_S2,-1566,816,13644,-612,38,-193,0,-1225.89
2320,20:26:08:523,3,Severe_Damage,L3_S2,-1548,870,13658,-194,13,-125,0,-1211.89
2321,20:26:08:533,3,Severe_Damage,L3_S2,-1648,902,13804,229,42,-58,0,-1065.89
2322,20:26:08:543,3,Severe_Damage,L3_S2,-1594,910,14010,616,66,-5,0,-859.89
2323,20:26:08:553,3,Severe_Damage,L3_S2,-1752,982,14324,908,46,51,0,-545.89
2324,20:26:08:563,3,Severe_Damage,L3_S2,-1690,1080,14696,1103,82,76,0,-173.89
2325,20:26:08:573,3,Severe_Damage,L3_S2,-1792,1140,15064,1167,61,94,0,194.11
2326,20:26:08:583,3,Severe_Damage,L3_S2,-1920,1236,15448,1097,71,82,0,578.11
2327,20:26:08:593,3,Severe_Damage,L3_S2,-1830,1298,15710,910,49,49,0,840.11
2328,20:26:08:603,3,Severe_Damage,L3_S2,-2042,1340,15926,610,61,11,0,1056.11
2329,20:26:08:613,3,Severe_Damage,L3_S2,-1880,1368,16086,253,43,-53,0,1216.11
2330,20:26:08:623,3,Severe_Damage,L3_S2,-1912,1332,16042,-170,23,-114,0,1172.11
2331,20:26:08:633,3,Severe_Damage,L3_S2,-1946,1346,15886,-559,24,-178,0,1016.11
2332,20:26:08:643,3,Severe_Damage,L3_S2,-1900,1312,15730,-920,7,-249,0,860.11
2333,20:26:08:653,3,Severe_Damage,L3_S2,-1858,1188,15344,-1215,-4,-282,0,474.11
2334,20:26:08:664,3,Severe_Damage,L3_S2,-1816,1154,15096,-1412,-2,-314,0,226.11
2335,20:26:08:674,3,Severe_Damage,L3_S2,-1734,1052,14702,-1480,-10,-324,0,-167.89
2336,20:26:08:683,3,Severe_Damage,L3_S2,-1712,974,14294,-1431,-7,-316,0,-575.89
2337,20:26:08:693,3,Severe_Damage,L3_S2,-1662,900,13990,-1251,11,-291,0,-879.89
2338,20:26:08:703,3,Severe_Damage,L3_S2,-1582,880,13820,-983,-9,-244,0,-1049.89
2339,20:26:08:713,3,Severe_Damage,L3_S2,-1606,858,13730,-631,21,-190,0,-1139.89
2340,20:26:08:723,3,Severe_Damage,L3_S2,-1660,862,13720,-244,16,-131,0,-1149.89
2341,20:26:08:733,3,Severe_Damage,L3_S2,-1600,884,13840,142,44,-77,0,-1029.89
2342,20:26:08:743,3,Severe_Damage,L3_S2,-1670,950,14056,499,51,-13,0,-813.89
2343,20:26:08:753,3,Severe_Damage,L3_S2,-1690,1024,14344,779,65,30,0,-525.89
2344,20:26:08:763,3,Severe_Damage,L3_S2,-1770,1042,14714,966,76,64,0,-155.89
2345,20:26:08:773,3,Severe_Damage,L3_S2,-1818,1148,15016,1039,63,72,0,146.11
2346,20:26:08:783,3,Severe_Damage,L3_S2,-1824,1266,15348,997,66,68,0,478.11
2347,20:26:08:793,3,Severe_Damage,L3_S2,-1884,1286,15648,831,55,40,0,778.11
2348,20:26:08:803,3,Severe_Damage,L3_S2,-1882,1344,15824,582,51,-2,0,954.11
2349,20:26:08:814,3,Severe_Damage,L3_S2,-1892,1304,15980,259,42,-53,0,1110.11
2350,20:26:08:823,3,Severe_Damage,L3_S2,-1906,1282,15948,-111,33,-109,0,1078.11
2351,20:26:08:833,3,Severe_Damage,L3_S2,-2030,1376,15860,-483,13,-166,0,990.11
2352,20:26:08:843,3,Severe_Damage,L3_S2,-1856,1242,15650,-809,4,-225,0,780.11
2353,20:26:08:853,3,Severe_Damage,L3_S2,-1848,1216,15478,-1097,9,-262,0,608.11
2354,20:26:08:864,3,Severe_Damage,L3_S2,-1900,1178,15128,-1288,-20,-288,0,258.11
2355,20:26:08:874,3,Severe_Damage,L3_S2,-1696,1076,14802,-1359,21,-319,0,-67.89
2356,20:26:08:884,3,Severe_Damage,L3_S2,-1758,1016,14488,-1331,-20,-291,0,-381.89
2357,20:26:08:893,3,Severe_Damage,L3_S2,-1664,980,14206,-1184,7,-281,0,-663.89
2358,20:26:08:903,3,Severe_Damage,L3_S2,-1590,924,13956,-943,14,-250,0,-913.89
2359,20:26:08:914,3,Severe_Damage,L3_S2,-1632,876,13866,-645,-18,-183,0,-1003.89
2360,20:26:08:923,3,Severe_Damage,L3_S2,-1552,846,13912,-286,59,-146,0,-957.89
2361,20:26:08:933,3,Severe_Damage,L3_S2,-1698,858,13922,59,5,-76,0,-947.89
2362,20:26:08:943,3,Severe_Damage,L3_S2,-1690,936,14104,384,65,-28,0,-765.89
2363,20:26:08:953,3,Severe_Damage,L3_S2,-1660,970,14408,658,53,14,0,-461.89
2364,20:26:08:963,3,Severe_Damage,L3_S2,-1824,1024,14680,832,41,44,0,-189.89
2365,20:26:08:973,3,Severe_Damage,L3_S2,-1766,1156,14934,930,81,44,0,64.11
2366,20:26:08:983,3,Severe_Damage,L3_S2,-1856,1174,15246,894,41,50,0,376.11
2367,20:26:08:993,3,Severe_Damage,L3_S2,-1914,1262,15492,764,75,26,0,622.11
2368,20:26:09:003,3,Severe_Damage,L3_S2,-1814,1266,15712,551,32,-8,0,842.11
2369,20:26:09:013,3,Severe_Damage,L3_S2,-1958,1298,15812,259,51,-51,0,942.11
2370,20:26:09:023,3,Severe_Damage,L3_S2,-1908,1284,15920,-66,43,-106,0,1050.11
2371,20:26:09:033,3,Severe_Damage,L3_S2,-1882,1294,15764,-408,4,-149,0,894.11
2372,20:26:09:043,3,Severe_Damage,L3_S2,-1874,1316,15590,-729,23,-204,0,720.11
2373,20:26:09:054,3,Severe_Damage,L3_S2,-1846,1172,15360,-980,-3,-244,0,490.11
2374,20:26:09:064,3,Severe_Damage,L3_S2,-1776,1144,15116,-1168,-4,-268,0,246.11
2375,20:26:09:074,3,Severe_Damage,L3_S2,-1812,1118,14840,-1249,6,-290,0,-29.89
2376,20:26:09:084,3,Severe_Damage,L3_S2,-1768,1008,14552,-1233,3,-288,0,-317.89
2377,20:26:09:094,3,Severe_Damage,L3_S2,-1704,1000,14204,-1118,2,-268,0,-665.89
2378,20:26:09:104,3,Severe_Damage,L3_S2,-1674,940,14068,-914,2,-232,0,-801.89
2379,20:26:09:113,3,Severe_Damage,L3_S2,-1586,944,13960,-641,5,-196,0,-909.89
2380,20:26:09:123,3,Severe_Damage,L3_S2,-1630,912,13928,-323,26,-142,0,-941.89
2381,20:26:09:133,3,Severe_Damage,L3_S2,-1654,908,14018,-2,33,-88,0,-851.89
2382,20:26:09:143,3,Severe_Damage,L3_S2,-1658,988,14164,298,41,-43,0,-705.89
2383,20:26:09:153,3,Severe_Damage,L3_S2,-1702,1022,14380,549,48,-1,0,-489.89
2384,20:26:09:164,3,Severe_Damage,L3_S2,-1694,1094,14618,728,56,21,0,-251.89
2385,20:26:09:173,3,Severe_Damage,L3_S2,-1830,1124,14930,815,52,34,0,60.11
2386,20:26:09:183,3,Severe_Damage,L3_S2,-1844,1160,15176,806,60,36,0,306.11
2387,20:26:09:193,3,Severe_Damage,L3_S2,-1876,1244,15448,697,60,11,0,578.11
2388,20:26:09:203,3,Severe_Damage,L3_S2,-1944,1274,15550,503,37,-15,0,680.11
2389,20:26:09:213,3,Severe_Damage,L3_S2,-1838,1314,15748,258,48,-52,0,878.11
2390,20:26:09:223,3,Severe_Damage,L3_S2,-1910,1256,15722,-48,47,-101,0,852.11
2391,20:26:09:234,3,Severe_Damage,L3_S2,-1914,1296,15670,-344,23,-152,0,800.11
2392,20:26:09:244,3,Severe_Damage,L3_S2,-1886,1224,15514,-645,19,-193,0,644.11
2393,20:26:09:253,3,Severe_Damage,L3_S2,-1872,1230,15366,-878,5,-231,0,496.11
2394,20:26:09:264,3,Severe_Damage,L3_S2,-1834,1128,15202,-1056,9,-260,0,332.11
2395,20:26:09:274,3,Severe_Damage,L3_S2,-1768,1158,14806,-1146,-1,-271,0,-63.89
2396,20:26:09:284,3,Severe_Damage,L3_S2,-1758,1060,14568,-1143,12,-274,0,-301.89
2397,20:26:09:294,3,Severe_Damage,L3_S2,-1684,1008,14338,-1059,2,-261,0,-531.89
2398,20:26:09:304,3,Severe_Damage,L3_S2,-1652,982,14126,-877,0,-235,0,-743.89
2399,20:26:09:313,3,Severe_Damage,L3_S2,-1654,956,14050,-629,18,-193,0,-819.89
2400,20:26:09:323,3,Severe_Damage,L3_S2,-1610,922,13974,-351,9,-145,0,-895.89
2401,20:26:09:333,3,Severe_Damage,L3_S2,-1624,970,14052,-54,56,-107,0,-817.89
2402,20:26:09:343,3,Severe_Damage,L3_S2,-1740,1010,14226,213,26,-50,0,-643.89
2403,20:26:09:353,3,Severe_Damage,L3_S2,-1664,972,14410,465,58,-22,0,-459.89
2404,20:26:09:363,3,Severe_Damage,L3_S2,-1704,1012,14720,631,53,5,0,-149.89
2405,20:26:09:373,3,Severe_Damage,L3_S2,-1796,1116,14904,720,52,24,0,34.11
2406,20:26:09:383,3,Severe_Damage,L3_S2,-1812,1106,15188,722,73,23,0,318.11
2407,20:26:09:393,3,Severe_Damage,L3_S2,-1860,1196,15402,630,43,9,0,532.11
2408,20:26:09:403,3,Severe_Damage,L3_S2,-1884,1238,15540,469,57,-15,0,670.11
2409,20:26:09:414,3,Severe_Damage,L3_S2,-1906,1258,15734,239,27,-57,0,864.11
2410,20:26:09:424,3,Severe_Damage,L3_S2,-1922,1276,15646,-22,41,-100,0,776.11
2411,20:26:09:434,3,Severe_Damage,L3_S2,-1872,1256,15616,-307,27,-143,0,746.11
2412,20:26:09:444,3,Severe_Damage,L3_S2,-1900,1228,15532,-572,13,-181,0,662.11
2413,20:26:09:454,3,Severe_Damage,L3_S2,-1862,1246,15308,-798,23,-220,0,438.11
2414,20:26:09:464,3,Severe_Damage,L3_S2,-1856,1112,15114,-961,3,-245,0,244.11
2415,20:26:09:474,3,Severe_Damage,L3_S2,-1802,1092,14896,-1059,15,-261,0,26.11
2416,20:26:09:484,3,Severe_Damage,L3_S2,-1708,1046,14596,-1061,7,-260,0,-273.89
2417,20:26:09:494,3,Severe_Damage,L3_S2,-1730,992,14430,-995,-2,-248,0,-439.89
2418,20:26:09:504,3,Severe_Damage,L3_S2,-1646,984,14258,-834,15,-225,0,-611.89
2419,20:26:09:514,3,Severe_Damage,L3_S2,-1720,926,14184,-619,5,-187,0,-685.89
2420,20:26:09:524,3,Severe_Damage,L3_S2,-1634,982,14072,-367,37,-153,0,-797.89
2421,20:26:09:534,3,Severe_Damage,L3_S2,-1684,958,14086,-102,28,-110,0,-783.89
2422,20:26:09:543,3,Severe_Damage,L3_S2,-1664,946,14252,153,34,-74,0,-617.89
2423,20:26:09:553,3,Severe_Damage,L3_S2,-1682,1008,14426,376,46,-37,0,-443.89
2424,20:26:09:563,3,Severe_Damage,L3_S2,-1732,1050,14612,541,44,-9,0,-257.89
2425,20:26:09:573,3,Severe_Damage,L3_S2,-1778,1104,14854,633,57,7,0,-15.89
2426,20:26:09:583,3,Severe_Damage,L3_S2,-1836,1188,15152,646,44,9,0,282.11
2427,20:26:09:593,3,Severe_Damage,L3_S2,-1840,1200,15332,577,52,-4,0,462.11
2428,20:26:09:603,3,Severe_Damage,L3_S2,-1878,1274,15466,435,47,-23,0,596.11
2429,20:26:09:614,3,Severe_Damage,L3_S2,-1918,1242,15616,231,38,-54,0,746.11
2430,20:26:09:624,3,Severe_Damage,L3_S2,-1852,1240,15606,-7,30,-94,0,736.11
2431,20:26:09:634,3,Severe_Damage,L3_S2,-1972,1272,15536,-260,30,-141,0,666.11
2432,20:26:09:644,3,Severe_Damage,L3_S2,-1848,1216,15480,-511,10,-173,0,610.11
2433,20:26:09:654,3,Severe_Damage,L3_S2,-1880,1208,15318,-723,16,-203,0,448.11
2434,20:26:09:664,3,Severe_Damage,L3_S2,-1838,1144,15136,-873,8,-232,0,266.11
2435,20:26:09:674,3,Severe_Damage,L3_S2,-1750,1110,14892,-966,5,-249,0,22.11
2436,20:26:09:684,3,Severe_Damage,L3_S2,-1778,1134,14648,-991,8,-247,0,-221.89
2437,20:26:09:694,3,Severe_Damage,L3_S2,-1660,1062,14332,-928,20,-239,0,-537.89
2438,20:26:09:704,3,Severe_Damage,L3_S2,-1620,1036,14316,-794,3,-218,0,-553.89
2439,20:26:09:714,3,Severe_Damage,L3_S2,-1724,962,14128,-607,21,-187,0,-741.89
2440,20:26:09:724,3,Severe_Damage,L3_S2,-1654,980,14132,-379,20,-152,0,-737.89
2441,20:26:09:734,3,Severe_Damage,L3_S2,-1700,972,14198,-140,28,-113,0,-671.89
2442,20:26:09:743,3,Severe_Damage,L3_S2,-1696,988,14222,98,47,-82,0,-647.89
2443,20:26:09:754,3,Severe_Damage,L3_S2,-1670,1034,14426,304,41,-45,0,-443.89
2444,20:26:09:764,3,Severe_Damage,L3_S2,-1792,1036,14656,463,48,-16,0,-213.89
2445,20:26:09:774,3,Severe_Damage,L3_S2,-1804,1112,14798,554,50,-9,0,-71.89
2446,20:26:09:784,3,Severe_Damage,L3_S2,-1802,1154,15036,571,45,-1,0,166.11
2447,20:26:09:794,3,Severe_Damage,L3_S2,-1784,1202,15180,512,55,-17,0,310.11
2448,20:26:09:804,3,Severe_Damage,L3_S2,-1830,1208,15346,386,39,-35,0,476.11
2449,20:26:09:814,3,Severe_Damage,L3_S2,-1898,1228,15486,208,45,-61,0,616.11
2450,20:26:09:823,3,Severe_Damage,L3_S2,-1870,1280,15518,-6,25,-87,0,648.11
2451,20:26:09:834,3,Severe_Damage,L3_S2,-1874,1226,15486,-230,29,-124,0,616.11
2452,20:26:09:844,3,Severe_Damage,L3_S2,-1858,1224,15404,-452,17,-165,0,534.11
2453,20:26:09:854,3,Severe_Damage,L3_S2,-1860,1194,15290,-654,15,-192,0,420.11
2454,20:26:09:864,3,Severe_Damage,L3_S2,-1822,1138,15164,-800,7,-222,0,294.11
2455,20:26:09:874,3,Severe_Damage,L3_S2,-1762,1132,14888,-894,3,-229,0,18.11
2456,20:26:09:884,3,Severe_Damage,L3_S2,-1730,1092,14630,-918,18,-236,0,-239.89
2457,20:26:09:894,3,Severe_Damage,L3_S2,-1696,1070,14516,-872,6,-225,0,-353.89
2458,20:26:09:904,3,Severe_Damage,L3_S2,-1698,990,14328,-755,18,-217,0,-541.89
2459,20:26:09:914,3,Severe_Damage,L3_S2,-1690,936,14208,-587,18,-188,0,-661.89
2460,20:26:09:924,3,Severe_Damage,L3_S2,-1710,952,14218,-381,21,-152,0,-651.89
2461,20:26:09:934,3,Severe_Damage,L3_S2,-1702,982,14160,-168,40,-124,0,-709.89
2462,20:26:09:944,3,Severe_Damage,L3_S2,-1722,1010,14334,53,25,-79,0,-535.89
2463,20:26:09:954,3,Severe_Damage,L3_S2,-1682,1038,14476,244,35,-57,0,-393.89
2464,20:26:09:964,3,Severe_Damage,L3_S2,-1744,1042,14610,388,50,-39,0,-259.89
2465,20:26:09:974,3,Severe_Damage,L3_S2,-1796,1090,14832,474,37,-20,0,-37.89
2466,20:26:09:984,3,Severe_Damage,L3_S2,-1812,1152,15014,504,57,-9,0,144.11
2467,20:26:09:994,3,Severe_Damage,L3_S2,-1850,1188,15176,451,40,-20,0,306.11
2468,20:26:10:004,3,Severe_Damage,L3_S2,-1866,1192,15388,351,53,-41,0,518.11
2469,20:26:10:014,3,Severe_Damage,L3_S2,-1844,1212,15394,194,37,-61,0,524.11
2470,20:26:10:024,3,Severe_Damage,L3_S2,-1892,1270,15448,7,35,-86,0,578.11
2471,20:26:10:034,3,Severe_Damage,L3_S2,-1878,1234,15494,-205,37,-123,0,624.11
2472,20:26:10:044,3,Severe_Damage,L3_S2,-1878,1236,15452,-414,17,-155,0,582.11
2473,20:26:10:054,3,Severe_Damage,L3_S2,-1830,1182,15284,-595,17,-176,0,414.11
2474,20:26:10:064,3,Severe_Damage,L3_S2,-1820,1148,15114,-737,8,-206,0,244.11
2475,20:26:10:074,3,Severe_Damage,L3_S2,-1840,1094,14918,-828,11,-223,0,48.11
2476,20:26:10:084,3,Severe_Damage,L3_S2,-1754,1124,14764,-844,14,-230,0,-105.89
2477,20:26:10:094,3,Severe_Damage,L3_S2,-1760,1052,14590,-814,12,-220,0,-279.89
2478,20:26:10:108,3,Severe_Damage,L3_S2,-1728,1042,14412,-711,26,-208,0,-457.89
2479,20:26:10:114,3,Severe_Damage,L3_S2,-1692,968,14308,-566,17,-182,0,-561.89
2480,20:26:10:124,3,Severe_Damage,L3_S2,-1694,982,14324,-381,16,-151,0,-545.89
2481,20:26:10:134,3,Severe_Damage,L3_S2,-1664,974,14250,-188,25,-129,0,-619.89
2482,20:26:10:144,3,Severe_Damage,L3_S2,-1706,1070,14308,6,33,-89,0,-561.89
2483,20:26:10:154,3,Severe_Damage,L3_S2,-1704,1056,14440,180,33,-65,0,-429.89
2484,20:26:10:164,3,Severe_Damage,L3_S2,-1776,1044,14582,322,47,-38,0,-287.89
2485,20:26:10:174,3,Severe_Damage,L3_S2,-1732,1064,14716,407,49,-27,0,-153.89
2486,20:26:10:184,3,Severe_Damage,L3_S2,-1806,1122,14988,440,52,-20,0,118.11
2487,20:26:10:194,3,Severe_Damage,L3_S2,-1814,1182,15170,402,51,-25,0,300.11
2488,20:26:10:204,3,Severe_Damage,L3_S2,-1896,1198,15302,311,48,-36,0,432.11
2489,20:26:10:214,3,Severe_Damage,L3_S2,-1842,1198,15370,173,39,-74,0,500.11
2490,20:26:10:224,3,Severe_Damage,L3_S2,-1872,1254,15374,3,20,-95,0,504.11
2491,20:26:10:234,3,Severe_Damage,L3_S2,-1874,1228,15452,-182,41,-121,0,582.11
2492,20:26:10:244,3,Severe_Damage,L3_S2,-1828,1192,15424,-370,12,-154,0,554.11
2493,20:26:10:254,3,Severe_Damage,L3_S2,-1830,1174,15254,-534,26,-179,0,384.11
2494,20:26:10:264,3,Severe_Damage,L3_S2,-1838,1156,15076,-671,14,-199,0,206.11
2495,20:26:10:274,3,Severe_Damage,L3_S2,-1852,1152,14998,-763,2,-214,0,128.11
2496,20:26:10:284,3,Severe_Damage,L3_S2,-1802,1110,14736,-789,21,-214,0,-133.89
2497,20:26:10:294,3,Severe_Damage,L3_S2,-1752,1032,14634,-762,8,-207,0,-235.89
2498,20:26:10:304,3,Severe_Damage,L3_S2,-1748,994,14536,-672,16,-194,0,-333.89
2499,20:26:10:314,3,Severe_Damage,L3_S2,-1686,1010,14376,-548,19,-182,0,-493.89
2500,20:26:10:324,3,Severe_Damage,L3_S2,-1710,1030,14312,-383,26,-153,0,-557.89
2501,20:26:10:334,3,Severe_Damage,L3_S2,-1734,1054,14332,-205,35,-131,0,-537.89
2502,20:26:10:344,3,Severe_Damage,L3_S2,-1726,930,14488,-24,34,-95,0,-381.89
2503,20:26:10:354,3,Severe_Damage,L3_S2,-1732,1030,14486,137,41,-64,0,-383.89
2504,20:26:10:364,3,Severe_Damage,L3_S2,-1780,1040,14648,277,45,-47,0,-221.89
2505,20:26:10:374,3,Severe_Damage,L3_S2,-1786,1112,14792,349,42,-40,0,-77.89
2506,20:26:10:384,3,Severe_Damage,L3_S2,-1822,1132,14964,376,52,-33,0,94.11
2507,20:26:10:394,3,Severe_Damage,L3_S2,-1854,1118,15138,357,53,-33,0,268.11
2508,20:26:10:404,3,Severe_Damage,L3_S2,-1838,1152,15244,271,51,-47,0,374.11
2509,20:26:10:414,3,Severe_Damage,L3_S2,-1830,1236,15308,155,45,-62,0,438.11
2510,20:26:10:424,3,Severe_Damage,L3_S2,-1878,1200,15394,3,35,-89,0,524.11
2511,20:26:10:434,3,Severe_Damage,L3_S2,-1900,1240,15366,-171,29,-115,0,496.11
2512,20:26:10:444,3,Severe_Damage,L3_S2,-1814,1182,15304,-342,29,-148,0,434.11
2513,20:26:10:454,3,Severe_Damage,L3_S2,-1860,1184,15234,-502,16,-166,0,364.11
2514,20:26:10:464,3,Severe_Damage,L3_S2,-1766,1232,15114,-622,12,-188,0,244.11
2515,20:26:10:474,3,Severe_Damage,L3_S2,-1772,1150,14992,-709,9,-205,0,122.11
2516,20:26:10:484,3,Severe_Damage,L3_S2,-1796,1076,14770,-736,10,-208,0,-99.89
2517,20:26:10:494,3,Severe_Damage,L3_S2,-1740,1068,14704,-720,9,-200,0,-165.89
2518,20:26:10:504,3,Severe_Damage,L3_S2,-1726,1062,14574,-643,14,-192,0,-295.89
2519,20:26:10:514,3,Severe_Damage,L3_S2,-1712,1018,14444,-528,19,-181,0,-425.89
2520,20:26:10:524,3,Severe_Damage,L3_S2,-1716,1026,14380,-381,25,-157,0,-489.89
2521,20:26:10:534,3,Severe_Damage,L3_S2,-1716,988,14406,-219,31,-130,0,-463.89
2522,20:26:10:544,3,Severe_Damage,L3_S2,-1718,1006,14418,-55,34,-105,0,-451.89
2523,20:26:10:554,3,Severe_Damage,L3_S2,-1698,1030,14466,94,33,-82,0,-403.89
2524,20:26:10:564,3,Severe_Damage,L3_S2,-1734,1044,14582,209,42,-52,0,-287.89
2525,20:26:10:574,3,Severe_Damage,L3_S2,-1778,1068,14794,295,46,-43,0,-75.89
2526,20:26:10:584,3,Severe_Damage,L3_S2,-1820,1120,14876,326,33,-35,0,6.11
2527,20:26:10:594,3,Severe_Damage,L3_S2,-1796,1192,15034,310,51,-39,0,164.11
2528,20:26:10:604,3,Severe_Damage,L3_S2,-1814,1124,15196,244,33,-53,0,326.11
2529,20:26:10:614,3,Severe_Damage,L3_S2,-1864,1242,15280,130,37,-67,0,410.11
2530,20:26:10:624,3,Severe_Damage,L3_S2,-1862,1236,15376,-9,28,-96,0,506.11
2531,20:26:10:634,3,Severe_Damage,L3_S2,-1818,1200,15370,-159,35,-118,0,500.11
2532,20:26:10:644,3,Severe_Damage,L3_S2,-1838,1216,15246,-317,26,-140,0,376.11
2533,20:26:10:654,3,Severe_Damage,L3_S2,-1818,1154,15214,-462,21,-164,0,344.11
2534,20:26:10:664,3,Severe_Damage,L3_S2,-1822,1132,15132,-578,12,-180,0,262.11
2535,20:26:10:674,3,Severe_Damage,L3_S2,-1786,1144,14988,-651,24,-193,0,118.11
2536,20:26:10:684,3,Severe_Damage,L3_S2,-1770,1104,14852,-688,15,-198,0,-17.89
2537,20:26:10:694,3,Severe_Damage,L3_S2,-1746,1068,14684,-672,25,-196,0,-185.89
2538,20:26:10:704,3,Severe_Damage,L3_S2,-1716,1024,14570,-607,19,-185,0,-299.89
2539,20:26:10:714,3,Severe_Damage,L3_S2,-1676,1052,14404,-509,24,-170,0,-465.89
2540,20:26:10:724,3,Severe_Damage,L3_S2,-1690,1026,14460,-371,25,-156,0,-409.89
2541,20:26:10:734,3,Severe_Damage,L3_S2,-1650,1032,14362,-232,29,-138,0,-507.89
2542,20:26:10:744,3,Severe_Damage,L3_S2,-1682,1032,14420,-81,32,-104,0,-449.89
2543,20:26:10:754,3,Severe_Damage,L3_S2,-1696,1056,14596,59,32,-84,0,-273.89
2544,20:26:10:764,3,Severe_Damage,L3_S2,-1740,1086,14568,168,35,-65,0,-301.89
2545,20:26:10:774,3,Severe_Damage,L3_S2,-1768,1046,14808,246,39,-54,0,-61.89
2546,20:26:10:784,3,Severe_Damage,L3_S2,-1756,1136,14944,278,43,-51,0,74.11
2547,20:26:10:794,3,Severe_Damage,L3_S2,-1770,1204,15082,267,47,-47,0,212.11
2548,20:26:10:804,3,Severe_Damage,L3_S2,-1846,1142,15152,211,46,-57,0,282.11
2549,20:26:10:814,3,Severe_Damage,L3_S2,-1858,1204,15266,119,38,-80,0,396.11
2550,20:26:10:824,3,Severe_Damage,L3_S2,-1808,1200,15260,-10,38,-93,0,390.11
2551,20:26:10:834,3,Severe_Damage,L3_S2,-1810,1186,15300,-151,27,-113,0,430.11
2552,20:26:10:844,3,Severe_Damage,L3_S2,-1868,1172,15216,-300,28,-139,0,346.11
2553,20:26:10:854,3,Severe_Damage,L3_S2,-1800,1162,15188,-429,25,-159,0,318.11
2554,20:26:10:864,3,Severe_Damage,L3_S2,-1808,1176,15098,-538,23,-175,0,228.11
2555,20:26:10:874,3,Severe_Damage,L3_S2,-1802,1120,14928,-611,15,-186,0,58.11
2556,20:26:10:884,3,Severe_Damage,L3_S2,-1786,1110,14774,-639,15,-198,0,-95.89
2557,20:26:10:894,3,Severe_Damage,L3_S2,-1750,1062,14700,-637,7,-190,0,-169.89
2558,20:26:10:904,3,Severe_Damage,L3_S2,-1756,1050,14602,-589,22,-183,0,-267.89
2559,20:26:10:914,3,Severe_Damage,L3_S2,-1724,1042,14536,-491,15,-167,0,-333.89
2560,20:26:10:924,3,Severe_Damage,L3_S2,-1726,1046,14492,-362,27,-156,0,-377.89
2561,20:26:10:934,3,Severe_Damage,L3_S2,-1646,1016,14490,-235,22,-135,0,-379.89
2562,20:26:10:944,3,Severe_Damage,L3_S2,-1722,1022,14484,-100,30,-109,0,-385.89
2563,20:26:10:954,3,Severe_Damage,L3_S2,-1726,1038,14522,34,35,-94,0,-347.89
2564,20:26:10:964,3,Severe_Damage,L3_S2,-1732,1098,14682,136,36,-70,0,-187.89
2565,20:26:10:974,3,Severe_Damage,L3_S2,-1806,1082,14774,211,42,-54,0,-95.89
2566,20:26:10:984,3,Severe_Damage,L3_S2,-1796,1080,14950,241,46,-47,0,80.11
2567,20:26:10:994,3,Severe_Damage,L3_S2,-1788,1136,15030,237,34,-53,0,160.11
2568,20:26:11:004,3,Severe_Damage,L3_S2,-1838,1092,15138,181,40,-63,0,268.11
2569,20:26:11:014,3,Severe_Damage,L3_S2,-1834,1162,15188,-15,31,-97,0,318.11
2570,20:26:11:024,3,Severe_Damage,L3_S2,-1808,1208,15266,-142,31,-117,0,396.11
2571,20:26:11:034,3,Severe_Damage,L3_S2,-1824,1196,15274,-276,20,-139,0,404.11
2572,20:26:11:044,3,Severe_Damage,L3_S2,-1856,1174,15126,-397,24,-153,0,256.11
2573,20:26:11:054,3,Severe_Damage,L3_S2,-1778,1192,15006,-499,22,-172,0,136.11
2574,20:26:11:064,3,Severe_Damage,L3_S2,-1810,1136,14992,-565,20,-180,0,122.11
2575,20:26:11:074,3,Severe_Damage,L3_S2,-1784,1134,14848,-596,19,-186,0,-21.89
2576,20:26:11:084,3,Severe_Damage,L3_S2,-1766,1060,14690,-595,25,-187,0,-179.89
2577,20:26:11:094,3,Severe_Damage,L3_S2,-1784,1032,14678,-551,20,-181,0,-191.89
2578,20:26:11:104,3,Severe_Damage,L3_S2,-1700,1042,14590,-469,24,-163,0,-279.89
2579,20:26:11:114,3,Severe_Damage,L3_S2,-1738,1036,14550,-364,18,-151,0,-319.89
2580,20:26:11:124,3,Severe_Damage,L3_S2,-1734,1036,14552,-245,31,-132,0,-317.89
2581,20:26:11:134,3,Severe_Damage,L3_S2,-1742,1074,14610,-122,27,-112,0,-259.89
2582,20:26:11:144,3,Severe_Damage,L3_S2,-1702,1040,14600,6,44,-86,0,-269.89
2583,20:26:11:154,3,Severe_Damage,L3_S2,-1750,1100,14714,105,41,-71,0,-155.89
2584,20:26:11:164,3,Severe_Damage,L3_S2,-1714,1062,14800,170,35,-63,0,-69.89
2585,20:26:11:174,3,Severe_Damage,L3_S2,-1780,1110,14822,208,42,-55,0,-47.89
2586,20:26:11:184,3,Severe_Damage,L3_S2,-1816,1106,14960,197,45,-64,0,90.11
2587,20:26:11:194,3,Severe_Damage,L3_S2,-1800,1174,15058,155,43,-68,0,188.11
2588,20:26:11:204,3,Severe_Damage,L3_S2,-1804,1206,15146,75,41,-75,0,276.11
2589,20:26:11:214,3,Severe_Damage,L3_S2,-1846,1128,15200,-27,27,-89,0,330.11
2590,20:26:11:224,3,Severe_Damage,L3_S2,-1876,1200,15118,-138,30,-112,0,248.11
2591,20:26:11:234,3,Severe_Damage,L3_S2,-1830,1156,15196,-253,34,-138,0,326.11
2592,20:26:11:244,3,Severe_Damage,L3_S2,-1828,1110,15062,-371,16,-155,0,192.11
2593,20:26:11:254,3,Severe_Damage,L3_S2,-1814,1166,15012,-463,21,-164,0,142.11
2594,20:26:11:264,3,Severe_Damage,L3_S2,-1780,1156,14954,-539,20,-177,0,84.11
2595,20:26:11:274,3,Severe_Damage,L3_S2,-1774,1088,14878,-573,11,-181,0,8.11
2596,20:26:11:284,3,Severe_Damage,L3_S2,-1752,1088,14754,-565,21,-182,0,-115.89
2597,20:26:11:294,3,Severe_Damage,L3_S2,-1764,1060,14660,-520,19,-168,0,-209.89
2598,20:26:11:304,3,Severe_Damage,L3_S2,-1728,1060,14604,-449,29,-162,0,-265.89
2599,20:26:11:314,3,Severe_Damage,L3_S2,-1738,1016,14498,-352,29,-147,0,-371.89
2600,20:26:11:324,3,Severe_Damage,L3_S2,-1764,1060,14460,-241,29,-136,0,-409.89
2601,20:26:11:334,3,Severe_Damage,L3_S2,-1734,1058,14554,-133,38,-117,0,-315.89
2602,20:26:11:344,3,Severe_Damage,L3_S2,-1746,1082,14648,-22,30,-98,0,-221.89
2603,20:26:11:354,3,Severe_Damage,L3_S2,-1742,1076,14694,72,40,-83,0,-175.89
2604,20:26:11:364,3,Severe_Damage,L3_S2,-1766,1140,14752,131,38,-68,0,-117.89
2605,20:26:11:374,3,Severe_Damage,L3_S2,-1766,1134,14850,169,44,-62,0,-19.89
2606,20:26:11:384,3,Severe_Damage,L3_S2,-1824,1142,15038,168,44,-63,0,168.11
2607,20:26:11:394,3,Severe_Damage,L3_S2,-1832,1138,15108,128,44,-61,0,238.11
2608,20:26:11:404,3,Severe_Damage,L3_S2,-1816,1162,15124,56,38,-82,0,254.11
2609,20:26:11:414,3,Severe_Damage,L3_S2,-1836,1162,15192,-29,36,-98,0,322.11
2610,20:26:11:424,3,Severe_Damage,L3_S2,-1806,1180,15196,-138,27,-116,0,326.11
2611,20:26:11:434,3,Severe_Damage,L3_S2,-1836,1138,15188,-244,29,-126,0,318.11
2612,20:26:11:444,3,Severe_Damage,L3_S2,-1838,1090,15054,-355,27,-146,0,184.11
2613,20:26:11:454,3,Severe_Damage,L3_S2,-1796,1144,14984,-439,25,-162,0,114.11
2614,20:26:11:464,3,Severe_Damage,L3_S2,-1792,1086,14974,-498,19,-172,0,104.11
2615,20:26:11:474,3,Severe_Damage,L3_S2,-1782,1108,14834,-533,21,-178,0,-35.89
2616,20:26:11:484,3,Severe_Damage,L3_S2,-1760,1136,14782,-530,18,-183,0,-87.89
2617,20:26:11:494,3,Severe_Damage,L3_S2,-1748,1056,14722,-499,28,-177,0,-147.89
2618,20:26:11:504,3,Severe_Damage,L3_S2,-1726,1068,14592,-432,24,-155,0,-277.89
2619,20:26:11:514,3,Severe_Damage,L3_S2,-1714,1058,14592,-348,17,-140,0,-277.89
2620,20:26:11:524,3,Severe_Damage,L3_S2,-1758,990,14490,-246,28,-128,0,-379.89
2621,20:26:11:534,3,Severe_Damage,L3_S2,-1740,1006,14544,-147,34,-116,0,-325.89
2622,20:26:11:544,3,Severe_Damage,L3_S2,-1744,1058,14604,-39,44,-101,0,-265.89
2623,20:26:11:554,3,Severe_Damage,L3_S2,-1792,1084,14666,41,36,-87,0,-203.89
2624,20:26:11:564,3,Severe_Damage,L3_S2,-1782,1120,14788,96,39,-76,0,-81.89
2625,20:26:11:574,3,Severe_Damage,L3_S2,-1738,1082,14874,125,37,-72,0,4.11
2626,20:26:11:584,3,Severe_Damage,L3_S2,-1764,1140,14972,134,42,-64,0,102.11
2627,20:26:11:594,3,Severe_Damage,L3_S2,-1754,1188,15064,107,41,-78,0,194.11
2628,20:26:11:604,3,Severe_Damage,L3_S2,-1838,1136,15084,49,34,-85,0,214.11
2629,20:26:11:614,3,Severe_Damage,L3_S2,-1840,1146,15154,-34,29,-97,0,284.11
2630,20:26:11:624,3,Severe_Damage,L3_S2,-1774,1184,15202,-134,28,-111,0,332.11
2631,20:26:11:634,3,Severe_Damage,L3_S2,-1826,1194,15232,-233,27,-129,0,362.11
2632,20:26:11:644,3,Severe_Damage,L3_S2,-1762,1132,15144,-333,32,-144,0,274.11
2633,20:26:11:654,3,Severe_Damage,L3_S2,-1826,1154,15094,-417,25,-153,0,224.11
2634,20:26:11:664,3,Severe_Damage,L3_S2,-1754,1146,14958,-465,30,-169,0,88.11
2635,20:26:11:674,3,Severe_Damage,L3_S2,-1730,1118,14892,-503,18,-170,0,22.11
2636,20:26:11:684,3,Severe_Damage,L3_S2,-1794,1068,14780,-509,24,-170,0,-89.89
2637,20:26:11:694,3,Severe_Damage,L3_S2,-1718,1076,14710,-475,35,-156,0,-159.89
2638,20:26:11:704,3,Severe_Damage,L3_S2,-1792,1094,14672,-423,18,-153,0,-197.89
2639,20:26:11:714,3,Severe_Damage,L3_S2,-1712,1042,14570,-345,23,-141,0,-299.89
2640,20:26:11:724,3,Severe_Damage,L3_S2,-1728,1018,14608,-246,29,-130,0,-261.89
2641,20:26:11:734,3,Severe_Damage,L3_S2,-1782,1094,14598,-150,36,-113,0,-271.89
2642,20:26:11:744,3,Severe_Damage,L3_S2,-1734,1078,14608,-62,41,-106,0,-261.89
2643,20:26:11:754,3,Severe_Damage,L3_S2,-1718,1074,14696,19,37,-91,0,-173.89
2644,20:26:11:764,3,Severe_Damage,L3_S2,-1766,1088,14778,73,38,-77,0,-91.89
2645,20:26:11:774,3,Severe_Damage,L3_S2,-1800,1056,14874,105,36,-76,0,4.11
2646,20:26:11:784,3,Severe_Damage,L3_S2,-1774,1160,14912,106,37,-76,0,42.11
2647,20:26:11:794,3,Severe_Damage,L3_S2,-1812,1150,15080,85,42,-82,0,210.11
2648,20:26:11:804,3,Severe_Damage,L3_S2,-1826,1158,15106,27,40,-86,0,236.11
2649,20:26:11:814,3,Severe_Damage,L3_S2,-1838,1156,15068,-44,36,-99,0,198.11
2650,20:26:11:824,3,Severe_Damage,L3_S2,-1806,1144,15144,-130,30,-110,0,274.11
2651,20:26:11:834,3,Severe_Damage,L3_S2,-1830,1184,15112,-222,32,-121,0,242.11
2652,20:26:11:844,3,Severe_Damage,L3_S2,-1810,1178,15074,-315,26,-136,0,204.11
2653,20:26:11:854,3,Severe_Damage,L3_S2,-1790,1168,15014,-389,28,-157,0,144.11
2654,20:26:11:864,3,Severe_Damage,L3_S2,-1788,1140,14970,-448,15,-159,0,100.11
2655,20:26:11:875,3,Severe_Damage,L3_S2,-1776,1134,14858,-475,26,-167,0,-11.89
2656,20:26:11:884,3,Severe_Damage,L3_S2,-1766,1110,14760,-478,21,-167,0,-109.89
2657,20:26:11:894,3,Severe_Damage,L3_S2,-1706,1022,14698,-456,24,-168,0,-171.89
2658,20:26:11:904,3,Severe_Damage,L3_S2,-1776,1040,14634,-406,25,-151,0,-235.89
2659,20:26:11:914,3,Severe_Damage,L3_S2,-1762,1046,14628,-340,27,-142,0,-241.89
2660,20:26:11:924,3,Severe_Damage,L3_S2,-1704,1072,14644,-258,27,-135,0,-225.89
2661,20:26:11:934,3,Severe_Damage,L3_S2,-1764,1046,14628,-170,32,-125,0,-241.89
2662,20:26:11:944,3,Severe_Damage,L3_S2,-1770,1028,14668,-83,37,-107,0,-201.89
2663,20:26:11:954,3,Severe_Damage,L3_S2,-1720,1098,14672,-5,33,-97,0,-197.89
2664,20:26:11:964,3,Severe_Damage,L3_S2,-1762,1088,14766,50,32,-91,0,-103.89
2665,20:26:11:974,3,Severe_Damage,L3_S2,-1786,1106,14882,76,38,-80,0,12.11
2666,20:26:11:984,3,Severe_Damage,L3_S2,-1814,1138,14922,84,35,-77,0,52.11
2667,20:26:11:994,3,Severe_Damage,L3_S2,-1820,1170,15084,59,38,-85,0,214.11
2668,20:26:12:004,3,Severe_Damage,L3_S2,-1810,1170,15094,16,40,-91,0,224.11
2669,20:26:12:014,3,Severe_Damage,L3_S2,-1790,1142,15106,-57,34,-100,0,236.11
2670,20:26:12:024,3,Severe_Damage,L3_S2,-1850,1106,15138,-130,35,-111,0,268.11
2671,20:26:12:035,3,Severe_Damage,L3_S2,-1798,1156,15140,-219,31,-119,0,270.11
2672,20:26:12:045,3,Severe_Damage,L3_S2,-1820,1140,15042,-296,33,-134,0,172.11
2673,20:26:12:054,3,Severe_Damage,L3_S2,-1844,1146,15022,-371,25,-146,0,152.11
2674,20:26:12:065,3,Severe_Damage,L3_S2,-1800,1092,14894,-420,24,-158,0,24.11
2675,20:26:12:075,3,Severe_Damage,L3_S2,-1800,1134,14882,-448,22,-165,0,12.11
2676,20:26:12:084,3,Severe_Damage,L3_S2,-1748,1106,14874,-451,27,-161,0,4.11
2677,20:26:12:094,3,Severe_Damage,L3_S2,-1740,1084,14616,-433,22,-159,0,-253.89
2678,20:26:12:104,3,Severe_Damage,L3_S2,-1742,1028,14630,-388,30,-153,0,-239.89
2679,20:26:12:115,3,Severe_Damage,L3_S2,-1726,1058,14626,-329,13,-139,0,-243.89
2680,20:26:12:125,3,Severe_Damage,L3_S2,-1752,1022,14652,-256,24,-129,0,-217.89
2681,20:26:12:134,3,Severe_Damage,L3_S2,-1718,1080,14550,-176,32,-120,0,-319.89
2682,20:26:12:144,3,Severe_Damage,L3_S2,-1764,1076,14684,-92,35,-116,0,-185.89
2683,20:26:12:154,3,Severe_Damage,L3_S2,-1762,1068,14702,-22,38,-93,0,-167.89
2684,20:26:12:165,3,Severe_Damage,L3_S2,-1696,1064,14768,26,42,-93,0,-101.89
2685,20:26:12:174,3,Severe_Damage,L3_S2,-1750,1144,14818,53,33,-83,0,-51.89
2686,20:26:12:184,3,Severe_Damage,L3_S2,-1738,1114,14872,61,44,-85,0,2.11
2687,20:26:12:194,3,Severe_Damage,L3_S2,-1814,1112,14994,37,32,-91,0,124.11
2688,20:26:12:204,3,Severe_Damage,L3_S2,-1806,1172,15002,0,35,-93,0,132.11
2689,20:26:12:214,3,Severe_Damage,L3_S2,-1788,1158,15104,-62,39,-105,0,234.11
2690,20:26:12:225,3,Severe_Damage,L3_S2,-1818,1142,15090,-128,27,-115,0,220.11
2691,20:26:12:235,3,Severe_Damage,L3_S2,-1830,1168,15122,-202,24,-124,0,252.11
2692,20:26:12:245,3,Severe_Damage,L3_S2,-1882,1140,15070,-284,24,-134,0,200.11
2693,20:26:12:255,3,Severe_Damage,L3_S2,-1828,1140,15024,-348,28,-147,0,154.11
2694,20:26:12:265,3,Severe_Damage,L3_S2,-1716,1096,14984,-397,19,-156,0,114.11
2695,20:26:12:275,3,Severe_Damage,L3_S2,-1792,1130,14836,-422,21,-156,0,-33.89
2696,20:26:12:285,3,Severe_Damage,L3_S2,-1734,1084,14782,-430,21,-159,0,-87.89
2697,20:26:12:295,3,Severe_Damage,L3_S2,-1710,1092,14752,-419,15,-161,0,-117.89
2698,20:26:12:305,3,Severe_Damage,L3_S2,-1782,1068,14688,-377,24,-158,0,-181.89
2699,20:26:12:315,3,Severe_Damage,L3_S2,-1700,1070,14552,-316,36,-141,0,-317.89
2700,20:26:12:325,3,Severe_Damage,L3_S2,-1788,1070,14652,-249,28,-127,0,-217.89
2701,20:26:12:335,3,Severe_Damage,L3_S2,-1780,1092,14700,-174,39,-119,0,-169.89
2702,20:26:12:345,3,Severe_Damage,L3_S2,-1744,1068,14686,-108,30,-106,0,-183.89
2703,20:26:12:354,3,Severe_Damage,L3_S2,-1704,1074,14782,-42,39,-91,0,-87.89
2704,20:26:12:364,3,Severe_Damage,L3_S2,-1762,1082,14808,9,39,-86,0,-61.89
2705,20:26:12:374,3,Severe_Damage,L3_S2,-1764,1130,14856,33,39,-84,0,-13.89
2706,20:26:12:384,3,Severe_Damage,L3_S2,-1764,1122,14882,44,44,-88,0,12.11
2707,20:26:12:394,3,Severe_Damage,L3_S2,-1836,1120,15002,26,33,-91,0,132.11
2708,20:26:12:404,3,Severe_Damage,L3_S2,-1814,1160,15026,-11,33,-98,0,156.11
2709,20:26:12:415,3,Severe_Damage,L3_S2,-1824,1156,15010,-65,40,-105,0,140.11
2710,20:26:12:425,3,Severe_Damage,L3_S2,-1798,1138,15112,-131,30,-115,0,242.11
2711,20:26:12:435,3,Severe_Damage,L3_S2,-1812,1174,15084,-202,34,-123,0,214.11
2712,20:26:12:445,3,Severe_Damage,L3_S2,-1860,1146,14980,-271,23,-138,0,110.11
2713,20:26:12:455,3,Severe_Damage,L3_S2,-1804,1144,15064,-337,22,-145,0,194.11
2714,20:26:12:465,3,Severe_Damage,L3_S2,-1846,1110,14980,-381,19,-148,0,110.11
2715,20:26:12:475,3,Severe_Damage,L3_S2,-1778,1128,14920,-407,23,-153,0,50.11
2716,20:26:12:485,3,Severe_Damage,L3_S2,-1754,1108,14812,-411,23,-155,0,-57.89
2717,20:26:12:495,3,Severe_Damage,L3_S2,-1780,1074,14744,-397,23,-159,0,-125.89
2718,20:26:12:505,3,Severe_Damage,L3_S2,-1788,1050,14732,-364,25,-153,0,-137.89
2719,20:26:12:515,3,Severe_Damage,L3_S2,-1770,1080,14708,-313,20,-143,0,-161.89
2720,20:26:12:525,3,Severe_Damage,L3_S2,-1690,1070,14670,-248,28,-128,0,-199.89
2721,20:26:12:535,3,Severe_Damage,L3_S2,-1774,1062,14638,-187,35,-118,0,-231.89
2722,20:26:12:545,3,Severe_Damage,L3_S2,-1760,1096,14696,-112,38,-107,0,-173.89
2723,20:26:12:555,3,Severe_Damage,L3_S2,-1816,1126,14762,-67,32,-105,0,-107.89
2724,20:26:12:565,3,Severe_Damage,L3_S2,-1778,1088,14812,-11,31,-98,0,-57.89
2725,20:26:12:574,3,Severe_Damage,L3_S2,-1756,1100,14838,9,37,-96,0,-31.89
2726,20:26:12:584,3,Severe_Damage,L3_S2,-1780,1122,14906,14,36,-92,0,36.11
2727,20:26:12:594,3,Severe_Damage,L3_S2,-1798,1148,15048,8,29,-92,0,178.11
2728,20:26:12:605,3,Severe_Damage,L3_S2,-1816,1170,15012,-21,34,-89,0,142.11
2729,20:26:12:615,3,Severe_Damage,L3_S2,-1822,1104,15050,-72,31,-102,0,180.11
2730,20:26:12:625,3,Severe_Damage,L3_S2,-1738,1104,15088,-131,33,-117,0,218.11
2731,20:26:12:635,3,Severe_Damage,L3_S2,-1840,1144,15038,-195,27,-122,0,168.11
2732,20:26:12:645,3,Severe_Damage,L3_S2,-1766,1124,15076,-258,42,-139,0,206.11
2733,20:26:12:655,3,Severe_Damage,L3_S2,-1812,1128,14972,-316,27,-141,0,102.11
2734,20:26:12:665,3,Severe_Damage,L3_S2,-1804,1118,14944,-356,27,-147,0,74.11
2735,20:26:12:675,3,Severe_Damage,L3_S2,-1748,1116,14906,-383,22,-151,0,36.11
2736,20:26:12:685,3,Severe_Damage,L3_S2,-1746,1140,14806,-391,24,-153,0,-63.89
2737,20:26:12:695,3,Severe_Damage,L3_S2,-1760,1068,14754,-375,23,-150,0,-115.89
2738,20:26:12:707,3,Severe_Damage,L3_S2,-1734,1108,14658,-351,27,-145,0,-211.89
2739,20:26:12:715,3,Severe_Damage,L3_S2,-1772,1090,14710,-301,29,-145,0,-159.89
2740,20:26:12:725,3,Severe_Damage,L3_S2,-1758,1064,14700,-254,28,-130,0,-169.89
2741,20:26:12:735,3,Severe_Damage,L3_S2,-1756,1146,14644,-186,27,-121,0,-225.89
2742,20:26:12:745,3,Severe_Damage,L3_S2,-1766,1092,14688,-130,34,-114,0,-181.89
2743,20:26:12:755,3,Severe_Damage,L3_S2,-1776,1046,14756,-79,34,-107,0,-113.89
2744,20:26:12:765,3,Severe_Damage,L3_S2,-1758,1098,14788,-33,31,-87,0,-81.89
2745,20:26:12:775,3,Severe_Damage,L3_S2,-1734,1128,14908,-10,38,-92,0,38.11
2746,20:26:12:784,3,Severe_Damage,L3_S2,-1738,1086,14842,2,34,-91,0,-27.89
2747,20:26:12:795,3,Severe_Damage,L3_S2,-1804,1120,14940,-11,38,-95,0,70.11
2748,20:26:12:805,3,Severe_Damage,L3_S2,-1802,1150,15020,-39,36,-93,0,150.11
2749,20:26:12:815,3,Severe_Damage,L3_S2,-1794,1142,15078,-80,36,-109,0,208.11
2750,20:26:12:825,3,Severe_Damage,L3_S2,-1838,1144,14994,-130,27,-113,0,124.11
2751,20:26:12:835,3,Severe_Damage,L3_S2,-1802,1124,15012,-191,27,-129,0,142.11
2752,20:26:12:845,3,Severe_Damage,L3_S2,-1820,1156,15038,-247,28,-130,0,168.11
2753,20:26:12:855,3,Severe_Damage,L3_S2,-1764,1074,14976,-302,26,-135,0,106.11
2754,20:26:12:865,3,Severe_Damage,L3_S2,-1798,1104,14938,-341,26,-146,0,68.11
2755,20:26:12:875,3,Severe_Damage,L3_S2,-1792,1158,14858,-363,22,-150,0,-11.89
2756,20:26:12:885,3,Severe_Damage,L3_S2,-1784,1134,14706,-376,20,-153,0,-163.89
2757,20:26:12:895,3,Severe_Damage,L3_S2,-1786,1110,14824,-365,25,-141,0,-45.89
2758,20:26:12:905,3,Severe_Damage,L3_S2,-1758,1108,14742,-337,28,-147,0,-127.89
2759,20:26:12:915,3,Severe_Damage,L3_S2,-1752,1082,14664,-300,34,-140,0,-205.89
2760,20:26:12:925,3,Severe_Damage,L3_S2,-1780,1078,14674,-243,31,-124,0,-195.89
2761,20:26:12:935,3,Severe_Damage,L3_S2,-1760,1066,14812,-189,32,-126,0,-57.89
2762,20:26:12:945,3,Severe_Damage,L3_S2,-1748,1062,14752,-142,27,-115,0,-117.89
2763,20:26:12:955,3,Severe_Damage,L3_S2,-1712,1048,14798,-90,36,-110,0,-71.89
2764,20:26:12:965,3,Severe_Damage,L3_S2,-1798,1054,14800,-45,30,-101,0,-69.89
2765,20:26:12:975,3,Severe_Damage,L3_S2,-1782,1106,14810,-28,35,-96,0,-59.89
2766,20:26:12:985,3,Severe_Damage,L3_S2,-1782,1090,14960,-17,39,-97,0,90.11
2767,20:26:12:995,3,Severe_Damage,L3_S2,-1818,1108,15058,-28,30,-91,0,188.11
2768,20:26:13:005,3,Severe_Damage,L3_S2,-1800,1114,14964,-45,36,-99,0,94.11
2769,20:26:13:015,3,Severe_Damage,L3_S2,-1786,1160,15058,-88,23,-105,0,188.11
2770,20:26:13:025,3,Severe_Damage,L3_S2,-1820,1164,15026,-137,33,-108,0,156.11
2771,20:26:13:035,3,Severe_Damage,L3_S2,-1820,1068,15060,-192,28,-116,0,190.11
2772,20:26:13:045,3,Severe_Damage,L3_S2,-1758,1142,15022,-236,30,-125,0,152.11
2773,20:26:13:055,3,Severe_Damage,L3_S2,-1762,1122,14992,-290,25,-137,0,122.11
2774,20:26:13:065,3,Severe_Damage,L3_S2,-1784,1130,15028,-327,32,-142,0,158.11
2775,20:26:13:075,3,Severe_Damage,L3_S2,-1808,1106,14900,-351,26,-145,0,30.11
2776,20:26:13:085,3,Severe_Damage,L3_S2,-1744,1084,14828,-358,33,-150,0,-41.89
2777,20:26:13:095,3,Severe_Damage,L3_S2,-1770,1100,14836,-354,18,-149,0,-33.89
2778,20:26:13:105,3,Severe_Damage,L3_S2,-1750,1094,14722,-328,26,-150,0,-147.89
2779,20:26:13:115,3,Severe_Damage,L3_S2,-1754,1078,14770,-294,21,-139,0,-99.89
2780,20:26:13:125,3,Severe_Damage,L3_S2,-1782,1078,14726,-251,29,-137,0,-143.89
2781,20:26:13:135,3,Severe_Damage,L3_S2,-1722,1062,14728,-198,32,-128,0,-141.89
2782,20:26:13:145,3,Severe_Damage,L3_S2,-1764,1110,14782,-150,27,-118,0,-87.89
2783,20:26:13:155,3,Severe_Damage,L3_S2,-1712,1110,14776,-103,33,-110,0,-93.89
2784,20:26:13:165,3,Severe_Damage,L3_S2,-1748,1084,14816,-67,35,-97,0,-53.89
2785,20:26:13:175,3,Severe_Damage,L3_S2,-1780,1122,14882,-44,36,-99,0,12.11
2786,20:26:13:185,3,Severe_Damage,L3_S2,-1768,1044,14844,-32,32,-102,0,-25.89
2787,20:26:13:195,3,Severe_Damage,L3_S2,-1752,1114,14914,-39,33,-99,0,44.11
2788,20:26:13:205,3,Severe_Damage,L3_S2,-1798,1140,14956,-59,38,-110,0,86.11
2789,20:26:13:215,3,Severe_Damage,L3_S2,-1800,1144,15014,-89,36,-108,0,144.11
2790,20:26:13:225,3,Severe_Damage,L3_S2,-1836,1114,14990,-135,32,-111,0,120.11
2791,20:26:13:235,3,Severe_Damage,L3_S2,-1800,1104,14962,-187,30,-121,0,92.11
2792,20:26:13:245,3,Severe_Damage,L3_S2,-1790,1138,15006,-245,23,-131,0,136.11
2793,20:26:13:255,3,Severe_Damage,L3_S2,-1816,1140,14954,-275,24,-132,0,84.11
2794,20:26:13:265,3,Severe_Damage,L3_S2,-1774,1132,14950,-316,26,-145,0,80.11
2795,20:26:13:275,3,Severe_Damage,L3_S2,-1762,1148,14916,-330,36,-144,0,46.11
2796,20:26:13:285,3,Severe_Damage,L3_S2,-1782,1118,14838,-340,24,-146,0,-31.89
2797,20:26:13:295,3,Severe_Damage,L3_S2,-1734,1104,14844,-333,25,-150,0,-25.89
2798,20:26:13:305,3,Severe_Damage,L3_S2,-1786,1072,14692,-323,27,-141,0,-177.89
2799,20:26:13:315,3,Severe_Damage,L3_S2,-1746,1104,14732,-284,32,-148,0,-137.89
2800,20:26:13:325,3,Severe_Damage,L3_S2,-1752,1110,14724,-246,31,-138,0,-145.89
2801,20:26:13:335,3,Severe_Damage,L3_S2,-1744,1070,14708,-201,36,-126,0,-161.89
2802,20:26:13:345,3,Severe_Damage,L3_S2,-1754,1108,14752,-153,31,-119,0,-117.89
2803,20:26:13:355,3,Severe_Damage,L3_S2,-1766,1100,14808,-106,28,-115,0,-61.89
2804,20:26:13:365,3,Severe_Damage,L3_S2,-1794,1076,14840,-76,32,-104,0,-29.89
2805,20:26:13:375,3,Severe_Damage,L3_S2,-1730,1122,14852,-55,30,-103,0,-17.89
2806,20:26:13:385,3,Severe_Damage,L3_S2,-1784,1094,14832,-54,28,-99,0,-37.89
2807,20:26:13:395,3,Severe_Damage,L3_S2,-1778,1130,14886,-54,38,-97,0,16.11
2808,20:26:13:405,3,Severe_Damage,L3_S2,-1788,1132,14986,-71,35,-97,0,116.11
2809,20:26:13:415,3,Severe_Damage,L3_S2,-1822,1102,14966,-96,37,-109,0,96.11
2810,20:26:13:425,3,Severe_Damage,L3_S2,-1802,1154,15006,-134,33,-116,0,136.11
2811,20:26:13:435,3,Severe_Damage,L3_S2,-1828,1166,14946,-181,30,-119,0,76.11
2812,20:26:13:445,3,Severe_Damage,L3_S2,-1826,1150,15008,-226,32,-126,0,138.11
2813,20:26:13:455,3,Severe_Damage,L3_S2,-1762,1118,14940,-269,35,-137,0,70.11
2814,20:26:13:465,3,Severe_Damage,L3_S2,-1798,1096,14982,-302,34,-141,0,112.11
2815,20:26:13:475,3,Severe_Damage,L3_S2,-1820,1092,14906,-324,25,-150,0,36.11
2816,20:26:13:485,3,Severe_Damage,L3_S2,-1818,1130,14834,-333,30,-142,0,-35.89
2817,20:26:13:495,3,Severe_Damage,L3_S2,-1764,1128,14738,-328,29,-150,0,-131.89
2818,20:26:13:505,3,Severe_Damage,L3_S2,-1742,1092,14792,-309,27,-141,0,-77.89
2819,20:26:13:515,3,Severe_Damage,L3_S2,-1768,1096,14834,-278,28,-136,0,-35.89
2820,20:26:13:525,3,Severe_Damage,L3_S2,-1810,1114,14760,-238,28,-130,0,-109.89
2821,20:26:13:535,3,Severe_Damage,L3_S2,-1802,1076,14688,-200,25,-119,0,-181.89
2822,20:26:13:545,3,Severe_Damage,L3_S2,-1752,1060,14732,-159,34,-112,0,-137.89
2823,20:26:13:555,3,Severe_Damage,L3_S2,-1716,1058,14754,-123,21,-112,0,-115.89
2824,20:26:13:565,3,Severe_Damage,L3_S2,-1762,1086,14832,-90,38,-105,0,-37.89
2825,20:26:13:575,3,Severe_Damage,L3_S2,-1774,1100,14830,-69,29,-99,0,-39.89
2826,20:26:13:585,3,Severe_Damage,L3_S2,-1808,1132,14900,-58,32,-99,0,30.11
2827,20:26:13:595,3,Severe_Damage,L3_S2,-1816,1132,14926,-60,34,-105,0,56.11
2828,20:26:13:605,3,Severe_Damage,L3_S2,-1800,1104,14970,-81,34,-111,0,100.11
2829,20:26:13:615,3,Severe_Damage,L3_S2,-1812,1148,15008,-111,35,-106,0,138.11
2830,20:26:13:625,3,Severe_Damage,L3_S2,-1788,1136,14948,-144,27,-112,0,78.11
2831,20:26:13:635,3,Severe_Damage,L3_S2,-1846,1138,14978,-181,24,-122,0,108.11
2832,20:26:13:645,3,Severe_Damage,L3_S2,-1742,1118,14952,-222,28,-130,0,82.11
2833,20:26:13:655,3,Severe_Damage,L3_S2,-1764,1156,14988,-258,26,-133,0,118.11
2834,20:26:13:665,3,Severe_Damage,L3_S2,-1768,1140,14930,-286,28,-136,0,60.11
2835,20:26:13:675,3,Severe_Damage,L3_S2,-1766,1138,14880,-312,26,-141,0,10.11
2836,20:26:13:685,3,Severe_Damage,L3_S2,-1770,1098,14880,-320,23,-145,0,10.11
2837,20:26:13:695,3,Severe_Damage,L3_S2,-1784,1080,14838,-313,27,-142,0,-31.89
2838,20:26:13:705,3,Severe_Damage,L3_S2,-1738,1074,14832,-297,23,-140,0,-37.89
2839,20:26:13:715,3,Severe_Damage,L3_S2,-1796,1088,14824,-271,27,-131,0,-45.89
2840,20:26:13:725,3,Severe_Damage,L3_S2,-1756,1064,14724,-241,27,-127,0,-145.89
2841,20:26:13:735,3,Severe_Damage,L3_S2,-1734,1070,14718,-205,28,-123,0,-151.89
2842,20:26:13:745,3,Severe_Damage,L3_S2,-1766,1102,14714,-164,19,-115,0,-155.89
2843,20:26:13:755,3,Severe_Damage,L3_S2,-1770,1098,14786,-117,27,-109,0,-83.89
2844,20:26:13:765,3,Severe_Damage,L3_S2,-1780,1060,14772,-98,30,-110,0,-97.89
2845,20:26:13:775,3,Severe_Damage,L3_S2,-1778,1122,14868,-80,32,-113,0,-1.89
2846,20:26:13:785,3,Severe_Damage,L3_S2,-1816,1118,14960,-75,29,-105,0,90.11
2847,20:26:13:795,3,Severe_Damage,L3_S2,-1780,1142,14922,-68,30,-108,0,52.11
2848,20:26:13:805,3,Severe_Damage,L3_S2,-1802,1140,14948,-90,35,-111,0,78.11
2849,20:26:13:815,3,Severe_Damage,L3_S2,-1786,1108,14974,-111,36,-105,0,104.11
2850,20:26:13:825,3,Severe_Damage,L3_S2,-1792,1122,14976,-145,34,-111,0,106.11
2851,20:26:13:835,3,Severe_Damage,L3_S2,-1756,1114,15018,-184,37,-127,0,148.11
2852,20:26:13:845,3,Severe_Damage,L3_S2,-1758,1150,15026,-217,26,-127,0,156.11
2853,20:26:13:855,3,Severe_Damage,L3_S2,-1812,1094,14948,-254,31,-131,0,78.11
2854,20:26:13:865,3,Severe_Damage,L3_S2,-1774,1114,14786,-285,29,-138,0,-83.89
2855,20:26:13:875,3,Severe_Damage,L3_S2,-1776,1140,14966,-297,29,-142,0,96.11
2856,20:26:13:885,3,Severe_Damage,L3_S2,-1744,1062,14852,-306,31,-142,0,-17.89
2857,20:26:13:895,3,Severe_Damage,L3_S2,-1764,1090,14832,-311,27,-141,0,-37.89
2858,20:26:13:905,3,Severe_Damage,L3_S2,-1752,1108,14832,-295,34,-143,0,-37.89
2859,20:26:13:915,3,Severe_Damage,L3_S2,-1746,1082,14750,-272,30,-139,0,-119.89
2860,20:26:13:925,3,Severe_Damage,L3_S2,-1758,1108,14768,-243,33,-126,0,-101.89
2861,20:26:13:935,3,Severe_Damage,L3_S2,-1726,1116,14792,-211,30,-121,0,-77.89
2862,20:26:13:945,3,Severe_Damage,L3_S2,-1786,1070,14778,-165,26,-117,0,-91.89
2863,20:26:13:955,3,Severe_Damage,L3_S2,-1742,1084,14782,-133,32,-115,0,-87.89
2864,20:26:13:965,3,Severe_Damage,L3_S2,-1784,1102,14844,-105,28,-116,0,-25.89
2865,20:26:13:975,3,Severe_Damage,L3_S2,-1780,1058,14848,-83,29,-117,0,-21.89
2866,20:26:13:985,3,Severe_Damage,L3_S2,-1772,1106,14920,-75,35,-107,0,50.11
2867,20:26:13:995,3,Severe_Damage,L3_S2,-1800,1140,14944,-76,29,-101,0,74.11
2868,20:26:14:005,3,Severe_Damage,L3_S2,-1824,1134,14968,-88,34,-108,0,98.11
2869,20:26:14:015,3,Severe_Damage,L3_S2,-1810,1096,14998,-117,27,-110,0,128.11
2870,20:26:14:025,3,Severe_Damage,L3_S2,-1796,1098,14968,-147,27,-113,0,98.11
2871,20:26:14:035,3,Severe_Damage,L3_S2,-1772,1118,14984,-181,27,-116,0,114.11
2872,20:26:14:045,3,Severe_Damage,L3_S2,-1760,1118,14918,-215,30,-132,0,48.11
2873,20:26:14:055,3,Severe_Damage,L3_S2,-1804,1104,14928,-252,28,-132,0,58.11
2874,20:26:14:065,3,Severe_Damage,L3_S2,-1784,1080,14950,-271,26,-141,0,80.11
2875,20:26:14:075,3,Severe_Damage,L3_S2,-1800,1096,14898,-291,26,-134,0,28.11
2876,20:26:14:085,3,Severe_Damage,L3_S2,-1800,1112,14824,-297,24,-137,0,-45.89
2877,20:26:14:095,3,Severe_Damage,L3_S2,-1804,1118,14848,-295,28,-133,0,-21.89
2878,20:26:14:105,3,Severe_Damage,L3_S2,-1790,1118,14826,-282,27,-129,0,-43.89
2879,20:26:14:115,3,Severe_Damage,L3_S2,-1752,1084,14792,-261,30,-129,0,-77.89
2880,20:26:14:125,3,Severe_Damage,L3_S2,-1762,1140,14794,-238,27,-132,0,-75.89
2881,20:26:14:135,3,Severe_Damage,L3_S2,-1748,1104,14822,-203,29,-121,0,-47.89
2882,20:26:14:145,3,Severe_Damage,L3_S2,-1752,1090,14814,-174,24,-122,0,-55.89
2883,20:26:14:155,3,Severe_Damage,L3_S2,-1824,1106,14814,-139,37,-108,0,-55.89
2884,20:26:14:165,3,Severe_Damage,L3_S2,-1796,1108,14846,-115,30,-115,0,-23.89
2885,20:26:14:175,3,Severe_Damage,L3_S2,-1774,1110,14848,-96,30,-113,0,-21.89
2886,20:26:14:185,3,Severe_Damage,L3_S2,-1792,1090,14812,-86,31,-108,0,-57.89
2887,20:26:14:195,3,Severe_Damage,L3_S2,-1776,1100,14896,-89,41,-108,0,26.11
2888,20:26:14:205,3,Severe_Damage,L3_S2,-1790,1140,14960,-100,29,-104,0,90.11
2889,20:26:14:215,3,Severe_Damage,L3_S2,-1788,1150,14962,-117,32,-108,0,92.11
2890,20:26:14:225,3,Severe_Damage,L3_S2,-1798,1104,14966,-149,29,-113,0,96.11
2891,20:26:14:235,3,Severe_Damage,L3_S2,-1794,1144,14952,-177,35,-116,0,82.11
2892,20:26:14:245,3,Severe_Damage,L3_S2,-1764,1100,14960,-205,32,-126,0,90.11
2893,20:26:14:255,3,Severe_Damage,L3_S2,-1804,1102,14940,-237,29,-129,0,70.11
2894,20:26:14:265,3,Severe_Damage,L3_S2,-1824,1116,14968,-261,24,-128,0,98.11
2895,20:26:14:275,3,Severe_Damage,L3_S2,-1810,1106,14904,-279,27,-135,0,34.11
2896,20:26:14:285,3,Severe_Damage,L3_S2,-1790,1112,14908,-284,24,-139,0,38.11
2897,20:26:14:295,3,Severe_Damage,L3_S2,-1776,1118,14854,-280,32,-136,0,-15.89
2898,20:26:14:305,3,Severe_Damage,L3_S2,-1826,1072,14802,-271,21,-138,0,-67.89
2899,20:26:14:315,3,Severe_Damage,L3_S2,-1734,1082,14752,-260,30,-131,0,-117.89
2900,20:26:14:325,3,Severe_Damage,L3_S2,-1770,1116,14816,-235,26,-127,0,-53.89
2901,20:26:14:335,3,Severe_Damage,L3_S2,-1764,1108,14790,-204,26,-121,0,-79.89
2902,20:26:14:345,3,Severe_Damage,L3_S2,-1778,1108,14758,-173,37,-119,0,-111.89
2903,20:26:14:355,3,Severe_Damage,L3_S2,-1804,1114,14830,-154,31,-117,0,-39.89
2904,20:26:14:365,3,Severe_Damage,L3_S2,-1754,1088,14808,-124,34,-109,0,-61.89
2905,20:26:14:375,3,Severe_Damage,L3_S2,-1796,1134,14848,-108,35,-104,0,-21.89
2906,20:26:14:385,3,Severe_Damage,L3_S2,-1774,1112,14830,-96,28,-106,0,-39.89
2907,20:26:14:395,3,Severe_Damage,L3_S2,-1818,1114,14934,-100,30,-109,0,64.11
2908,20:26:14:405,3,Severe_Damage,L3_S2,-1804,1120,14936,-110,34,-108,0,66.11
2909,20:26:14:415,3,Severe_Damage,L3_S2,-1786,1140,14928,-119,34,-111,0,58.11
2910,20:26:14:425,3,Severe_Damage,L3_S2,-1786,1122,14932,-147,25,-116,0,62.11
2911,20:26:14:435,3,Severe_Damage,L3_S2,-1826,1096,14916,-175,25,-117,0,46.11
2912,20:26:14:445,3,Severe_Damage,L3_S2,-1780,1100,14954,-205,29,-120,0,84.11
2913,20:26:14:455,3,Severe_Damage,L3_S2,-1782,1126,14922,-236,30,-128,0,52.11
2914,20:26:14:465,3,Severe_Damage,L3_S2,-1818,1136,14894,-258,33,-132,0,24.11
2915,20:26:14:475,3,Severe_Damage,L3_S2,-1756,1122,14906,-269,20,-133,0,36.11
2916,20:26:14:485,3,Severe_Damage,L3_S2,-1774,1098,14852,-279,29,-138,0,-17.89
2917,20:26:14:495,3,Severe_Damage,L3_S2,-1716,1108,14838,-279,25,-138,0,-31.89
2918,20:26:14:505,3,Severe_Damage,L3_S2,-1764,1090,14846,-272,29,-131,0,-23.89
2919,20:26:14:515,3,Severe_Damage,L3_S2,-1774,1034,14808,-259,26,-132,0,-61.89
2920,20:26:14:525,3,Severe_Damage,L3_S2,-1760,1066,14754,-234,28,-133,0,-115.89
2921,20:26:14:535,3,Severe_Damage,L3_S2,-1720,1096,14832,-205,18,-126,0,-37.89
2922,20:26:14:545,3,Severe_Damage,L3_S2,-1780,1094,14808,-180,34,-117,0,-61.89
2923,20:26:14:555,3,Severe_Damage,L3_S2,-1764,1104,14816,-151,26,-113,0,-53.89
2924,20:26:14:565,3,Severe_Damage,L3_S2,-1786,1094,14796,-124,27,-106,0,-73.89
2925,20:26:14:575,3,Severe_Damage,L3_S2,-1748,1122,14820,-116,30,-104,0,-49.89
2926,20:26:14:585,3,Severe_Damage,L3_S2,-1780,1106,14904,-108,34,-115,0,34.11
2927,20:26:14:595,3,Severe_Damage,L3_S2,-1780,1126,14888,-102,27,-121,0,18.11
2928,20:26:14:605,3,Severe_Damage,L3_S2,-1810,1116,14936,-113,27,-115,0,66.11
2929,20:26:14:615,3,Severe_Damage,L3_S2,-1784,1144,14956,-131,27,-108,0,86.11
2930,20:26:14:625,3,Severe_Damage,L3_S2,-1746,1140,14954,-149,26,-109,0,84.11
2931,20:26:14:636,3,Severe_Damage,L3_S2,-1794,1088,14880,-173,26,-116,0,10.11
2932,20:26:14:645,3,Severe_Damage,L3_S2,-1802,1120,14972,-207,30,-126,0,102.11
2933,20:26:14:656,3,Severe_Damage,L3_S2,-1792,1126,14896,-223,27,-124,0,26.11
2934,20:26:14:665,3,Severe_Damage,L3_S2,-1778,1124,14918,-254,23,-124,0,48.11
2935,20:26:14:675,3,Severe_Damage,L3_S2,-1780,1130,14884,-262,32,-128,0,14.11
2936,20:26:14:685,3,Severe_Damage,L3_S2,-1770,1070,14922,-276,19,-126,0,52.11
2937,20:26:14:695,3,Severe_Damage,L3_S2,-1778,1118,14866,-267,30,-129,0,-3.89
2938,20:26:14:705,3,Severe_Damage,L3_S2,-1740,1098,14808,-263,29,-135,0,-61.89
2939,20:26:14:715,3,Severe_Damage,L3_S2,-1792,1138,14850,-249,29,-131,0,-19.89
2940,20:26:14:725,3,Severe_Damage,L3_S2,-1752,1102,14846,-226,28,-126,0,-23.89
2941,20:26:14:735,3,Severe_Damage,L3_S2,-1770,1076,14832,-201,41,-123,0,-37.89
2942,20:26:14:745,3,Severe_Damage,L3_S2,-1812,1074,14812,-181,30,-115,0,-57.89
2943,20:26:14:756,3,Severe_Damage,L3_S2,-1744,1044,14870,-153,33,-122,0,0.11
2944,20:26:14:765,3,Severe_Damage,L3_S2,-1832,1090,14860,-133,29,-108,0,-9.89
2945,20:26:14:776,3,Severe_Damage,L3_S2,-1778,1090,14854,-119,38,-112,0,-15.89
2946,20:26:14:786,3,Severe_Damage,L3_S2,-1786,1122,14882,-110,36,-111,0,12.11
2947,20:26:14:795,3,Severe_Damage,L3_S2,-1814,1110,14828,-115,42,-102,0,-41.89
2948,20:26:14:805,3,Severe_Damage,L3_S2,-1702,1142,14958,-117,35,-120,0,88.11
2949,20:26:14:815,3,Severe_Damage,L3_S2,-1742,1122,14892,-137,31,-110,0,22.11
2950,20:26:14:825,3,Severe_Damage,L3_S2,-1760,1140,14916,-155,34,-112,0,46.11
2951,20:26:14:836,3,Severe_Damage,L3_S2,-1740,1112,14912,-173,26,-116,0,42.11
2952,20:26:14:846,3,Severe_Damage,L3_S2,-1788,1120,14930,-204,27,-129,0,60.11
2953,20:26:14:856,3,Severe_Damage,L3_S2,-1790,1116,14920,-228,29,-131,0,50.11
2954,20:26:14:866,3,Severe_Damage,L3_S2,-1770,1146,14914,-243,19,-133,0,44.11
2955,20:26:14:875,3,Severe_Damage,L3_S2,-1782,1100,14910,-258,25,-130,0,40.11
2956,20:26:14:886,3,Severe_Damage,L3_S2,-1770,1098,14862,-264,33,-138,0,-7.89
2957,20:26:14:896,3,Severe_Damage,L3_S2,-1802,1100,14836,-263,25,-131,0,-33.89
2958,20:26:14:905,3,Severe_Damage,L3_S2,-1762,1080,14888,-256,35,-128,0,18.11
2959,20:26:14:915,3,Severe_Damage,L3_S2,-1744,1130,14830,-250,27,-127,0,-39.89
2960,20:26:14:926,3,Severe_Damage,L3_S2,-1756,1130,14798,-225,33,-127,0,-71.89
2961,20:26:14:936,3,Severe_Damage,L3_S2,-1734,1082,14814,-206,33,-128,0,-55.89
2962,20:26:14:946,3,Severe_Damage,L3_S2,-1702,1110,14798,-185,36,-117,0,-71.89
2963,20:26:14:956,3,Severe_Damage,L3_S2,-1758,1074,14848,-164,27,-117,0,-21.89
2964,20:26:14:965,3,Severe_Damage,L3_S2,-1774,1068,14770,-142,26,-116,0,-99.89
2965,20:26:14:976,3,Severe_Damage,L3_S2,-1768,1140,14856,-126,27,-108,0,-13.89
2966,20:26:14:985,3,Severe_Damage,L3_S2,-1834,1116,14878,-121,36,-113,0,8.11
2967,20:26:14:996,3,Severe_Damage,L3_S2,-1780,1102,14918,-123,31,-114,0,48.11
2968,20:26:15:006,3,Severe_Damage,L3_S2,-1800,1120,14940,-129,35,-117,0,70.11
2969,20:26:15:016,3,Severe_Damage,L3_S2,-1758,1114,14954,-133,35,-118,0,84.11
2970,20:26:15:026,3,Severe_Damage,L3_S2,-1800,1114,14972,-156,33,-123,0,102.11
2971,20:26:15:036,3,Severe_Damage,L3_S2,-1736,1112,14960,-179,21,-124,0,90.11
2972,20:26:15:046,3,Severe_Damage,L3_S2,-1802,1094,14912,-206,30,-120,0,42.11
2973,20:26:15:056,3,Severe_Damage,L3_S2,-1806,1136,14884,-220,28,-122,0,14.11
2974,20:26:15:066,3,Severe_Damage,L3_S2,-1728,1066,14900,-233,23,-135,0,30.11
2975,20:26:15:076,3,Severe_Damage,L3_S2,-1850,1124,14888,-251,21,-134,0,18.11
2976,20:26:15:086,3,Severe_Damage,L3_S2,-1764,1078,14880,-256,22,-134,0,10.11
2977,20:26:15:096,3,Severe_Damage,L3_S2,-1776,1100,14828,-258,34,-135,0,-41.89
2978,20:26:15:106,3,Severe_Damage,L3_S2,-1800,1116,14852,-258,30,-128,0,-17.89
2979,20:26:15:116,3,Severe_Damage,L3_S2,-1804,1058,14828,-240,36,-129,0,-41.89
2980,20:26:15:126,3,Severe_Damage,L3_S2,-1742,1100,14754,-228,24,-128,0,-115.89
2981,20:26:15:136,3,Severe_Damage,L3_S2,-1786,1100,14834,-203,30,-124,0,-35.89
2982,20:26:15:146,3,Severe_Damage,L3_S2,-1746,1096,14826,-188,33,-124,0,-43.89
2983,20:26:15:156,3,Severe_Damage,L3_S2,-1782,1070,14796,-165,29,-113,0,-73.89
2984,20:26:15:166,3,Severe_Damage,L3_S2,-1760,1112,14828,-150,37,-114,0,-41.89
2985,20:26:15:176,3,Severe_Damage,L3_S2,-1778,1156,14866,-131,31,-115,0,-3.89
2986,20:26:15:186,3,Severe_Damage,L3_S2,-1754,1072,14896,-127,29,-109,0,26.11
2987,20:26:15:196,3,Severe_Damage,L3_S2,-1766,1148,14872,-125,36,-119,0,2.11
2988,20:26:15:206,3,Severe_Damage,L3_S2,-1800,1108,14892,-130,35,-114,0,22.11
2989,20:26:15:216,3,Severe_Damage,L3_S2,-1796,1108,14980,-146,33,-115,0,110.11
2990,20:26:15:226,3,Severe_Damage,L3_S2,-1792,1168,14962,-157,35,-123,0,92.11
2991,20:26:15:236,3,Severe_Damage,L3_S2,-1808,1110,14934,-193,20,-119,0,64.11
2992,20:26:15:246,3,Severe_Damage,L3_S2,-1724,1164,14922,-193,53,-128,0,52.11
2993,20:26:15:256,3,Severe_Damage,L3_S2,-1878,1140,14924,-227,10,-120,0,54.11
2994,20:26:15:266,3,Severe_Damage,L3_S2,-1768,1144,14932,-227,38,-134,0,62.11
2995,20:26:15:276,3,Severe_Damage,L3_S2,-1742,1154,14854,-258,22,-132,0,-15.89
2996,20:26:15:286,3,Severe_Damage,L3_S2,-1842,1100,14880,-248,24,-135,0,10.11
2997,20:26:15:296,3,Severe_Damage,L3_S2,-1712,1082,14898,-254,40,-149,0,28.11
2998,20:26:15:306,3,Severe_Damage,L3_S2,-1790,1112,14812,-248,-2,-123,0,-57.89
2999,20:26:15:316,3,Severe_Damage,L3_S2,-1720,1082,14828,-237,53,-141,0,-41.89
3000,20:26:15:326,3,Severe_Damage,L3_S2,-1856,1054,14772,-227,18,-126,0,-97.89
3001,20:26:15:336,3,Severe_Damage,L3_S2,-1762,1086,14756,-209,30,-126,0,-113.89
3002,20:26:15:346,3,Severe_Damage,L3_S2,-1714,1114,14838,-183,34,-123,0,-31.89
3003,20:26:15:356,3,Severe_Damage,L3_S2,-1830,1148,14874,-168,8,-111,0,4.11
3004,20:26:15:366,3,Severe_Damage,L3_S2,-1768,1130,14836,-149,48,-119,0,-33.89
3005,20:26:15:376,3,Severe_Damage,L3_S2,-1740,1104,14828,-146,12,-110,0,-41.89
3006,20:26:15:386,3,Severe_Damage,L3_S2,-1784,1130,14894,-127,37,-117,0,24.11
3007,20:26:15:396,3,Severe_Damage,L3_S2,-1740,1082,14908,-128,30,-120,0,38.11
3008,20:26:15:406,3,Severe_Damage,L3_S2,-1766,1098,14966,-136,25,-111,0,96.11
3009,20:26:15:416,3,Severe_Damage,L3_S2,-1740,1132,14930,-143,40,-118,0,60.11
3010,20:26:15:426,3,Severe_Damage,L3_S2,-1838,1096,14930,-163,12,-114,0,60.11
3011,20:26:15:436,3,Severe_Damage,L3_S2,-1830,1106,14952,-175,43,-129,0,82.11
3012,20:26:15:446,3,Severe_Damage,L3_S2,-1756,1102,14948,-197,26,-123,0,78.11
3013,20:26:15:456,3,Severe_Damage,L3_S2,-1836,1120,14926,-214,29,-126,0,56.11
3014,20:26:15:466,3,Severe_Damage,L3_S2,-1748,1148,14934,-228,40,-133,0,64.11
3015,20:26:15:476,3,Severe_Damage,L3_S2,-1814,1120,14902,-238,19,-128,0,32.11
3016,20:26:15:486,3,Severe_Damage,L3_S2,-1758,1114,14830,-250,54,-141,0,-39.89
3017,20:26:15:496,3,Severe_Damage,L3_S2,-1792,1104,14892,-246,13,-130,0,22.11
3018,20:26:15:506,3,Severe_Damage,L3_S2,-1722,1092,14866,-242,36,-135,0,-3.89
3019,20:26:15:516,3,Severe_Damage,L3_S2,-1772,1090,14842,-236,26,-134,0,-27.89
3020,20:26:15:526,3,Severe_Damage,L3_S2,-1758,1092,14858,-223,21,-128,0,-11.89
3021,20:26:15:536,3,Severe_Damage,L3_S2,-1734,1104,14850,-203,39,-123,0,-19.89
3022,20:26:15:546,3,Severe_Damage,L3_S2,-1836,1068,14814,-189,12,-125,0,-55.89
3023,20:26:15:556,3,Severe_Damage,L3_S2,-1748,1080,14838,-167,39,-119,0,-31.89
3024,20:26:15:566,3,Severe_Damage,L3_S2,-1784,1140,14780,-160,25,-111,0,-89.89
3025,20:26:15:576,3,Severe_Damage,L3_S2,-1762,1102,14862,-144,32,-106,0,-7.89
3026,20:26:15:586,3,Severe_Damage,L3_S2,-1734,1088,14810,-135,46,-110,0,-59.89
3027,20:26:15:596,3,Severe_Damage,L3_S2,-1842,1144,14870,-136,22,-109,0,0.11
3028,20:26:15:606,3,Severe_Damage,L3_S2,-1780,1132,14954,-142,43,-119,0,84.11
3029,20:26:15:616,3,Severe_Damage,L3_S2,-1810,1102,14856,-157,19,-109,0,-13.89
3030,20:26:15:626,3,Severe_Damage,L3_S2,-1790,1132,14878,-164,35,-117,0,8.11
3031,20:26:15:636,3,Severe_Damage,L3_S2,-1818,1090,14930,-182,36,-124,0,60.11
3032,20:26:15:646,3,Severe_Damage,L3_S2,-1780,1098,14922,-197,18,-118,0,52.11
3033,20:26:15:656,3,Severe_Damage,L3_S2,-1766,1128,14884,-205,40,-128,0,14.11
3034,20:26:15:666,3,Severe_Damage,L3_S2,-1806,1098,14884,-231,14,-124,0,14.11
3035,20:26:15:676,3,Severe_Damage,L3_S2,-1788,1102,14868,-244,40,-131,0,-1.89
3036,20:26:15:686,3,Severe_Damage,L3_S2,-1722,1108,14920,-242,24,-131,0,50.11
3037,20:26:15:696,3,Severe_Damage,L3_S2,-1804,1076,14908,-243,24,-127,0,38.11
3038,20:26:15:706,3,Severe_Damage,L3_S2,-1740,1100,14894,-239,31,-128,0,24.11
3039,20:26:15:716,3,Severe_Damage,L3_S2,-1760,1114,14782,-234,19,-119,0,-87.89
3040,20:26:15:726,3,Severe_Damage,L3_S2,-1770,1034,14778,-219,35,-127,0,-91.89
3041,20:26:15:736,3,Severe_Damage,L3_S2,-1738,1062,14740,-216,28,-122,0,-129.89
3042,20:26:15:746,3,Severe_Damage,L3_S2,-1800,1108,14880,-187,31,-125,0,10.11
3043,20:26:15:756,3,Severe_Damage,L3_S2,-1758,1102,14816,-175,32,-126,0,-53.89
3044,20:26:15:766,3,Severe_Damage,L3_S2,-1786,1118,14830,-158,22,-116,0,-39.89
3045,20:26:15:776,3,Severe_Damage,L3_S2,-1770,1070,14818,-146,39,-123,0,-51.89
3046,20:26:15:786,3,Severe_Damage,L3_S2,-1804,1130,14870,-138,27,-109,0,0.11
3047,20:26:15:796,3,Severe_Damage,L3_S2,-1758,1106,14904,-139,35,-116,0,34.11
3048,20:26:15:806,3,Severe_Damage,L3_S2,-1814,1102,14914,-141,32,-112,0,44.11
3049,20:26:15:816,3,Severe_Damage,L3_S2,-1792,1096,14896,-149,35,-118,0,26.11
3050,20:26:15:826,3,Severe_Damage,L3_S2,-1794,1114,14874,-158,38,-125,0,4.11
3051,20:26:15:836,3,Severe_Damage,L3_S2,-1794,1088,14944,-179,24,-124,0,74.11
3052,20:26:15:846,3,Severe_Damage,L3_S2,-1778,1104,14942,-191,36,-120,0,72.11
3053,20:26:15:856,3,Severe_Damage,L3_S2,-1788,1088,14910,-212,21,-125,0,40.11
3054,20:26:15:866,3,Severe_Damage,L3_S2,-1792,1116,14838,-221,30,-128,0,-31.89
3055,20:26:15:876,3,Severe_Damage,L3_S2,-1718,1116,14916,-230,27,-126,0,46.11
3056,20:26:15:886,3,Severe_Damage,L3_S2,-1814,1074,14900,-234,24,-123,0,30.11
3057,20:26:15:896,3,Severe_Damage,L3_S2,-1788,1118,14880,-231,35,-132,0,10.11
3058,20:26:15:906,3,Severe_Damage,L3_S2,-1836,1104,14926,-234,21,-125,0,56.11
3059,20:26:15:916,3,Severe_Damage,L3_S2,-1794,1070,14872,-224,36,-126,0,2.11
3060,20:26:15:926,3,Severe_Damage,L3_S2,-1782,1072,14774,-221,30,-122,0,-95.89
3061,20:26:15:936,3,Severe_Damage,L3_S2,-1812,1126,14822,-203,23,-121,0,-47.89
3062,20:26:15:946,3,Severe_Damage,L3_S2,-1778,1080,14846,-188,32,-122,0,-23.89
3063,20:26:15:956,3,Severe_Damage,L3_S2,-1804,1096,14824,-181,19,-117,0,-45.89
3064,20:26:15:966,3,Severe_Damage,L3_S2,-1710,1090,14912,-165,37,-125,0,42.11
3065,20:26:15:976,3,Severe_Damage,L3_S2,-1766,1138,14888,-148,26,-113,0,18.11
3066,20:26:15:986,3,Severe_Damage,L3_S2,-1760,1120,14888,-138,33,-116,0,18.11
3067,20:26:15:996,3,Severe_Damage,L3_S2,-1806,1112,14936,-149,26,-119,0,66.11
3068,20:26:16:006,3,Severe_Damage,L3_S2,-1784,1108,14958,-147,41,-124,0,88.11
3069,20:26:16:016,3,Severe_Damage,L3_S2,-1866,1116,14952,-165,19,-113,0,82.11
3070,20:26:16:026,3,Severe_Damage,L3_S2,-1748,1134,14880,-177,33,-125,0,10.11
3071,20:26:16:036,3,Severe_Damage,L3_S2,-1744,1128,14890,-187,33,-124,0,20.11
3072,20:26:16:046,3,Severe_Damage,L3_S2,-1810,1112,14816,-208,22,-125,0,-53.89
3073,20:26:16:056,3,Severe_Damage,L3_S2,-1748,1126,14882,-220,34,-128,0,12.11
3074,20:26:16:066,3,Severe_Damage,L3_S2,-1750,1116,14954,-229,20,-121,0,84.11
3075,20:26:16:076,3,Severe_Damage,L3_S2,-1742,1144,14840,-234,36,-134,0,-29.89
3076,20:26:16:086,3,Severe_Damage,L3_S2,-1768,1134,14840,-236,34,-130,0,-29.89
3077,20:26:16:096,3,Severe_Damage,L3_S2,-1760,1110,14804,-237,25,-126,0,-65.89
3078,20:26:16:106,3,Severe_Damage,L3_S2,-1758,1068,14794,-219,33,-134,0,-75.89
3079,20:26:16:116,3,Severe_Damage,L3_S2,-1816,1106,14828,-217,23,-128,0,-41.89
3080,20:26:16:126,3,Severe_Damage,L3_S2,-1778,1124,14844,-200,39,-127,0,-25.89
3081,20:26:16:136,3,Severe_Damage,L3_S2,-1766,1130,14798,-190,27,-123,0,-71.89
3082,20:26:16:146,3,Severe_Damage,L3_S2,-1794,1082,14812,-180,30,-120,0,-57.89
3083,20:26:16:156,3,Severe_Damage,L3_S2,-1760,1098,14884,-167,36,-119,0,14.11
3084,20:26:16:166,3,Severe_Damage,L3_S2,-1776,1132,14860,-157,26,-117,0,-9.89
3085,20:26:16:176,3,Severe_Damage,L3_S2,-1810,1148,14914,-151,41,-114,0,44.11
3086,20:26:16:186,3,Severe_Damage,L3_S2,-1808,1108,14928,-148,28,-112,0,58.11
3087,20:26:16:196,3,Severe_Damage,L3_S2,-1790,1120,14924,-153,30,-113,0,54.11
3088,20:26:16:206,3,Severe_Damage,L3_S2,-1756,1136,14854,-159,36,-117,0,-15.89
3089,20:26:16:216,3,Severe_Damage,L3_S2,-1782,1126,14964,-169,25,-116,0,94.11
3090,20:26:16:226,3,Severe_Damage,L3_S2,-1804,1062,14944,-181,36,-112,0,74.11
3091,20:26:16:236,3,Severe_Damage,L3_S2,-1784,1094,14894,-194,29,-115,0,24.11
3092,20:26:16:246,3,Severe_Damage,L3_S2,-1746,1102,14930,-201,34,-122,0,60.11
3093,20:26:16:256,3,Severe_Damage,L3_S2,-1770,1106,14924,-209,29,-125,0,54.11
3094,20:26:16:266,3,Severe_Damage,L3_S2,-1744,1094,14952,-223,30,-128,0,82.11
3095,20:26:16:276,3,Severe_Damage,L3_S2,-1808,1092,14898,-230,42,-128,0,28.11
3096,20:26:16:286,3,Severe_Damage,L3_S2,-1792,1080,14874,-234,27,-130,0,4.11
3097,20:26:16:296,3,Severe_Damage,L3_S2,-1752,1108,14800,-225,33,-126,0,-69.89
3098,20:26:16:306,3,Severe_Damage,L3_S2,-1782,1056,14838,-222,23,-119,0,-31.89
3099,20:26:16:316,3,Severe_Damage,L3_S2,-1760,1110,14818,-212,27,-134,0,-51.89
3100,20:26:16:326,3,Severe_Damage,L3_S2,-1746,1116,14844,-203,24,-121,0,-25.89
3101,20:26:16:336,3,Severe_Damage,L3_S2,-1794,1122,14858,-191,19,-117,0,-11.89
3102,20:26:16:346,3,Severe_Damage,L3_S2,-1796,1130,14820,-176,44,-119,0,-49.89
3103,20:26:16:356,3,Severe_Damage,L3_S2,-1772,1134,14838,-173,32,-115,0,-31.89
3104,20:26:16:366,3,Severe_Damage,L3_S2,-1786,1108,14832,-158,30,-117,0,-37.89
3105,20:26:16:376,3,Severe_Damage,L3_S2,-1780,1058,14850,-160,28,-111,0,-19.89
3106,20:26:16:386,3,Severe_Damage,L3_S2,-1760,1100,14844,-148,24,-116,0,-25.89
3107,20:26:16:396,3,Severe_Damage,L3_S2,-1796,1140,14868,-153,27,-120,0,-1.89
3108,20:26:16:406,3,Severe_Damage,L3_S2,-1798,1152,14914,-155,29,-119,0,44.11
3109,20:26:16:416,3,Severe_Damage,L3_S2,-1788,1094,14866,-167,38,-117,0,-3.89
3110,20:26:16:426,3,Severe_Damage,L3_S2,-1758,1146,14848,-177,29,-117,0,-21.89
3111,20:26:16:436,3,Severe_Damage,L3_S2,-1762,1112,14900,-192,32,-124,0,30.11
3112,20:26:16:446,3,Severe_Damage,L3_S2,-1734,1090,14886,-202,33,-115,0,16.11
3113,20:26:16:456,3,Severe_Damage,L3_S2,-1740,1124,14862,-220,28,-127,0,-7.89
3114,20:26:16:466,3,Severe_Damage,L3_S2,-1722,1156,14862,-221,35,-127,0,-7.89
3115,20:26:16:476,3,Severe_Damage,L3_S2,-1734,1122,14874,-224,32,-129,0,4.11
3116,20:26:16:486,3,Severe_Damage,L3_S2,-1776,1106,14842,-228,28,-127,0,-27.89
3117,20:26:16:496,3,Severe_Damage,L3_S2,-1788,1112,14880,-223,26,-128,0,10.11
3118,20:26:16:506,3,Severe_Damage,L3_S2,-1754,1110,14924,-222,29,-126,0,54.11
3119,20:26:16:516,3,Severe_Damage,L3_S2,-1764,1100,14850,-210,27,-121,0,-19.89
3120,20:26:16:526,3,Severe_Damage,L3_S2,-1750,1096,14846,-206,23,-119,0,-23.89
3121,20:26:16:536,3,Severe_Damage,L3_S2,-1786,1142,14734,-191,26,-121,0,-135.89
3122,20:26:16:546,3,Severe_Damage,L3_S2,-1818,1068,14796,-185,28,-115,0,-73.89
3123,20:26:16:556,3,Severe_Damage,L3_S2,-1776,1066,14830,-169,24,-118,0,-39.89
3124,20:26:16:566,3,Severe_Damage,L3_S2,-1796,1100,14906,-164,32,-121,0,36.11
3125,20:26:16:576,3,Severe_Damage,L3_S2,-1794,1102,14850,-161,31,-119,0,-19.89
3126,20:26:16:586,3,Severe_Damage,L3_S2,-1808,1098,14860,-161,34,-115,0,-9.89
3127,20:26:16:596,3,Severe_Damage,L3_S2,-1782,1120,14836,-154,33,-119,0,-33.89
3128,20:26:16:606,3,Severe_Damage,L3_S2,-1740,1100,14886,-168,37,-118,0,16.11
3129,20:26:16:616,3,Severe_Damage,L3_S2,-1764,1098,14926,-172,32,-119,0,56.11
3130,20:26:16:626,3,Severe_Damage,L3_S2,-1748,1108,14946,-183,38,-122,0,76.11
3131,20:26:16:636,3,Severe_Damage,L3_S2,-1806,1086,14948,-187,29,-129,0,78.11
3132,20:26:16:646,3,Severe_Damage,L3_S2,-1804,1132,14868,-200,28,-124,0,-1.89
3133,20:26:16:656,3,Severe_Damage,L3_S2,-1782,1096,14888,-211,24,-123,0,18.11
3134,20:26:16:666,3,Severe_Damage,L3_S2,-1792,1108,14874,-216,32,-122,0,4.11
3135,20:26:16:676,3,Severe_Damage,L3_S2,-1746,1092,14854,-226,31,-126,0,-15.89
3136,20:26:16:686,3,Severe_Damage,L3_S2,-1784,1140,14850,-228,29,-133,0,-19.89
3137,20:26:16:696,3,Severe_Damage,L3_S2,-1794,1114,14840,-225,34,-134,0,-29.89
3138,20:26:16:706,3,Severe_Damage,L3_S2,-1786,1096,14876,-218,31,-128,0,6.11
3139,20:26:16:716,3,Severe_Damage,L3_S2,-1776,1100,14872,-215,22,-128,0,2.11
3140,20:26:16:726,3,Severe_Damage,L3_S2,-1756,1066,14876,-198,30,-118,0,6.11
3141,20:26:16:736,3,Severe_Damage,L3_S2,-1784,1076,14800,-193,30,-121,0,-69.89
3142,20:26:16:746,3,Severe_Damage,L3_S2,-1770,1102,14826,-178,34,-124,0,-43.89
3143,20:26:16:756,3,Severe_Damage,L3_S2,-1780,1108,14830,-174,22,-115,0,-39.89
3144,20:26:16:766,3,Severe_Damage,L3_S2,-1776,1148,14780,-165,33,-119,0,-89.89
3145,20:26:16:776,3,Severe_Damage,L3_S2,-1786,1152,14854,-161,33,-116,0,-15.89
3146,20:26:16:786,3,Severe_Damage,L3_S2,-1770,1114,14874,-160,27,-117,0,4.11
3147,20:26:16:796,3,Severe_Damage,L3_S2,-1804,1150,14896,-160,29,-116,0,26.11
3148,20:26:16:806,3,Severe_Damage,L3_S2,-1768,1152,14866,-163,25,-115,0,-3.89
3149,20:26:16:816,3,Severe_Damage,L3_S2,-1792,1114,14870,-171,28,-117,0,0.11
3150,20:26:16:826,3,Severe_Damage,L3_S2,-1772,1124,14906,-182,30,-121,0,36.11
3151,20:26:16:836,3,Severe_Damage,L3_S2,-1780,1114,14836,-186,31,-121,0,-33.89
3152,20:26:16:846,3,Severe_Damage,L3_S2,-1792,1146,14794,-196,28,-124,0,-75.89
3153,20:26:16:856,3,Severe_Damage,L3_S2,-1772,1108,14844,-207,28,-130,0,-25.89
3154,20:26:16:866,3,Severe_Damage,L3_S2,-1756,1126,14846,-217,23,-128,0,-23.89
3155,20:26:16:876,3,Severe_Damage,L3_S2,-1824,1126,14866,-226,28,-122,0,-3.89
3156,20:26:16:886,3,Severe_Damage,L3_S2,-1770,1078,14832,-222,27,-123,0,-37.89
3157,20:26:16:896,3,Severe_Damage,L3_S2,-1766,1114,14808,-225,27,-126,0,-61.89
3158,20:26:16:906,3,Severe_Damage,L3_S2,-1770,1112,14812,-216,31,-124,0,-57.89
3159,20:26:16:917,3,Severe_Damage,L3_S2,-1796,1126,14790,-214,25,-124,0,-79.89
3160,20:26:16:926,3,Severe_Damage,L3_S2,-1776,1100,14792,-200,28,-123,0,-77.89
3161,20:26:16:936,3,Severe_Damage,L3_S2,-1764,1118,14904,-191,35,-126,0,34.11
3162,20:26:16:946,3,Severe_Damage,L3_S2,-1846,1130,14810,-186,27,-118,0,-59.89
3163,20:26:16:956,3,Severe_Damage,L3_S2,-1762,1070,14802,-171,27,-123,0,-67.89
3164,20:26:16:966,3,Severe_Damage,L3_S2,-1806,1040,14884,-164,23,-124,0,14.11
3165,20:26:16:976,3,Severe_Damage,L3_S2,-1820,1136,14898,-162,35,-120,0,28.11
3166,20:26:16:986,3,Severe_Damage,L3_S2,-1768,1112,14840,-157,40,-120,0,-29.89
3167,20:26:16:996,3,Severe_Damage,L3_S2,-1772,1142,14928,-168,35,-119,0,58.11
3168,20:26:17:006,3,Severe_Damage,L3_S2,-1796,1106,14896,-166,26,-122,0,26.11
3169,20:26:17:016,3,Severe_Damage,L3_S2,-1780,1152,14912,-173,22,-118,0,42.11
3170,20:26:17:026,3,Severe_Damage,L3_S2,-1794,1148,14884,-186,26,-108,0,14.11
3171,20:26:17:036,3,Severe_Damage,L3_S2,-1774,1112,14890,-192,32,-118,0,20.11
3172,20:26:17:046,3,Severe_Damage,L3_S2,-1718,1142,14926,-197,27,-120,0,56.11
3173,20:26:17:056,3,Severe_Damage,L3_S2,-1784,1098,14904,-203,36,-124,0,34.11
3174,20:26:17:066,3,Severe_Damage,L3_S2,-1714,1100,14884,-212,33,-118,0,14.11
3175,20:26:17:076,3,Severe_Damage,L3_S2,-1796,1110,14826,-220,23,-121,0,-43.89
3176,20:26:17:086,3,Severe_Damage,L3_S2,-1810,1090,14884,-223,27,-125,0,14.11
3177,20:26:17:096,3,Severe_Damage,L3_S2,-1806,1110,14796,-221,28,-127,0,-73.89
3178,20:26:17:106,3,Severe_Damage,L3_S2,-1766,1066,14860,-222,31,-127,0,-9.89
3179,20:26:17:116,3,Severe_Damage,L3_S2,-1818,1144,14826,-210,31,-124,0,-43.89
3180,20:26:17:126,3,Severe_Damage,L3_S2,-1788,1130,14874,-206,27,-127,0,4.11
3181,20:26:17:136,3,Severe_Damage,L3_S2,-1744,1084,14846,-197,31,-119,0,-23.89
3182,20:26:17:146,3,Severe_Damage,L3_S2,-1778,1116,14828,-184,36,-118,0,-41.89
3183,20:26:17:156,3,Severe_Damage,L3_S2,-1756,1114,14888,-176,31,-123,0,18.11
3184,20:26:17:166,3,Severe_Damage,L3_S2,-1764,1108,14802,-171,30,-123,0,-67.89
3185,20:26:17:176,3,Severe_Damage,L3_S2,-1798,1106,14844,-169,26,-112,0,-25.89
3186,20:26:17:186,3,Severe_Damage,L3_S2,-1848,1148,14902,-162,31,-122,0,32.11
3187,20:26:17:196,3,Severe_Damage,L3_S2,-1784,1104,14878,-163,33,-118,0,8.11
3188,20:26:17:206,3,Severe_Damage,L3_S2,-1806,1198,14868,-167,32,-110,0,-1.89
3189,20:26:17:216,3,Severe_Damage,L3_S2,-1820,1102,14880,-174,30,-113,0,10.11
3190,20:26:17:227,3,Severe_Damage,L3_S2,-1802,1130,14838,-182,31,-119,0,-31.89
3191,20:26:17:236,3,Severe_Damage,L3_S2,-1778,1116,14914,-186,30,-123,0,44.11
3192,20:26:17:246,3,Severe_Damage,L3_S2,-1772,1146,14842,-198,32,-126,0,-27.89
3193,20:26:17:257,3,Severe_Damage,L3_S2,-1800,1124,14906,-206,24,-120,0,36.11
3194,20:26:17:266,3,Severe_Damage,L3_S2,-1722,1122,14868,-208,32,-119,0,-1.89
3195,20:26:17:276,3,Severe_Damage,L3_S2,-1798,1098,14878,-216,23,-120,0,8.11
3196,20:26:17:286,3,Severe_Damage,L3_S2,-1792,1118,14828,-217,26,-124,0,-41.89
3197,20:26:17:296,3,Severe_Damage,L3_S2,-1794,1094,14792,-214,23,-130,0,-77.89
3198,20:26:17:306,3,Severe_Damage,L3_S2,-1802,1094,14906,-212,22,-126,0,36.11
3199,20:26:17:316,3,Severe_Damage,L3_S2,-1716,1088,14892,-211,31,-125,0,22.11
3200,20:26:17:326,3,Severe_Damage,L3_S2,-1756,1078,14826,-198,24,-122,0,-43.89
3201,20:26:17:336,3,Severe_Damage,L3_S2,-1784,1102,14886,-192,25,-129,0,16.11
3202,20:26:17:346,3,Severe_Damage,L3_S2,-1792,1152,14822,-187,28,-123,0,-47.89
3203,20:26:17:357,3,Severe_Damage,L3_S2,-1754,1142,14894,-178,27,-117,0,24.11
3204,20:26:17:366,3,Severe_Damage,L3_S2,-1750,1156,14892,-174,35,-116,0,22.11
3205,20:26:17:377,3,Severe_Damage,L3_S2,-1768,1122,14928,-179,30,-126,0,58.11
3206,20:26:17:387,3,Severe_Damage,L3_S2,-1762,1094,14856,-161,24,-123,0,-13.89
3207,20:26:17:396,3,Severe_Damage,L3_S2,-1816,1114,14882,-161,34,-119,0,12.11
3208,20:26:17:406,3,Severe_Damage,L3_S2,-1772,1096,14852,-173,26,-114,0,-17.89
3209,20:26:17:416,3,Severe_Damage,L3_S2,-1802,1134,14848,-175,33,-119,0,-21.89
3210,20:26:17:426,3,Severe_Damage,L3_S2,-1726,1108,14882,-175,23,-119,0,12.11
3211,20:26:17:436,3,Severe_Damage,L3_S2,-1794,1142,14940,-191,30,-123,0,70.11
3212,20:26:17:446,3,Severe_Damage,L3_S2,-1760,1088,14890,-192,35,-123,0,20.11
3213,20:26:17:456,3,Severe_Damage,L3_S2,-1734,1080,14904,-203,25,-124,0,34.11
3214,20:26:17:466,3,Severe_Damage,L3_S2,-1814,1098,14912,-213,31,-130,0,42.11
3215,20:26:17:476,3,Severe_Damage,L3_S2,-1776,1094,14870,-215,38,-129,0,0.11
3216,20:26:17:486,3,Severe_Damage,L3_S2,-1794,1086,14762,-220,31,-123,0,-107.89
3217,20:26:17:496,3,Severe_Damage,L3_S2,-1738,1086,14858,-205,32,-133,0,-11.89
3218,20:26:17:507,3,Severe_Damage,L3_S2,-1744,1078,14832,-215,25,-132,0,-37.89
3219,20:26:17:517,3,Severe_Damage,L3_S2,-1750,1128,14882,-204,31,-121,0,12.11
3220,20:26:17:526,3,Severe_Damage,L3_S2,-1750,1080,14900,-207,30,-125,0,30.11
3221,20:26:17:537,3,Severe_Damage,L3_S2,-1766,1124,14846,-188,25,-122,0,-23.89
3222,20:26:17:546,3,Severe_Damage,L3_S2,-1774,1110,14950,-180,30,-121,0,80.11
3223,20:26:17:557,3,Severe_Damage,L3_S2,-1748,1074,14842,-182,32,-118,0,-27.89
3224,20:26:17:567,3,Severe_Damage,L3_S2,-1806,1104,14892,-178,25,-119,0,22.11
3225,20:26:17:577,3,Severe_Damage,L3_S2,-1760,1102,14860,-167,26,-123,0,-9.89
3226,20:26:17:587,3,Severe_Damage,L3_S2,-1816,1102,14902,-172,33,-119,0,32.11
3227,20:26:17:596,3,Severe_Damage,L3_S2,-1778,1088,14892,-163,33,-120,0,22.11
3228,20:26:17:607,3,Severe_Damage,L3_S2,-1820,1082,14908,-169,29,-112,0,38.11
3229,20:26:17:617,3,Severe_Damage,L3_S2,-1772,1148,14898,-174,19,-121,0,28.11
3230,20:26:17:626,3,Severe_Damage,L3_S2,-1794,1134,14908,-182,24,-122,0,38.11
3231,20:26:17:636,3,Severe_Damage,L3_S2,-1766,1104,14862,-190,28,-117,0,-7.89
3232,20:26:17:647,3,Severe_Damage,L3_S2,-1784,1114,14902,-198,29,-113,0,32.11
3233,20:26:17:656,3,Severe_Damage,L3_S2,-1806,1080,14876,-205,31,-119,0,6.11
3234,20:26:17:667,3,Severe_Damage,L3_S2,-1820,1128,14874,-207,22,-124,0,4.11
3235,20:26:17:677,3,Severe_Damage,L3_S2,-1772,1132,14866,-213,26,-123,0,-3.89
3236,20:26:17:687,3,Severe_Damage,L3_S2,-1804,1132,14876,-209,34,-124,0,6.11
3237,20:26:17:697,3,Severe_Damage,L3_S2,-1804,1082,14900,-214,31,-128,0,30.11
3238,20:26:17:707,3,Severe_Damage,L3_S2,-1726,1100,14830,-209,35,-125,0,-39.89
3239,20:26:17:717,3,Severe_Damage,L3_S2,-1784,1082,14902,-205,28,-120,0,32.11
3240,20:26:17:727,3,Severe_Damage,L3_S2,-1740,1102,14818,-197,36,-121,0,-51.89
3241,20:26:17:737,3,Severe_Damage,L3_S2,-1782,1110,14856,-188,25,-124,0,-13.89
3242,20:26:17:746,3,Severe_Damage,L3_S2,-1722,1120,14758,-187,30,-121,0,-111.89
3243,20:26:17:757,3,Severe_Damage,L3_S2,-1758,1132,14842,-176,29,-126,0,-27.89
3244,20:26:17:767,3,Severe_Damage,L3_S2,-1746,1134,14664,-141,8,-120,0,-205.89
3245,20:26:17:777,3,Severe_Damage,L3_S2,-1838,1030,14766,-134,48,-123,0,-103.89
3246,20:26:17:787,3,Severe_Damage,L3_S2,-1724,1126,14836,-73,35,-107,0,-33.89
3247,20:26:17:797,3,Severe_Damage,L3_S2,-1816,1078,14934,-98,30,-103,0,64.11
3248,20:26:17:806,3,Severe_Damage,L3_S2,-1792,1166,14938,-72,51,-111,0,68.11
3249,20:26:17:817,3,Severe_Damage,L3_S2,-1752,1142,14930,-116,21,-112,0,60.11
3250,20:26:17:827,3,Severe_Damage,L3_S2,-1836,1136,14960,-137,46,-116,0,90.11
3251,20:26:17:837,3,Severe_Damage,L3_S2,-1786,1144,15012,-186,27,-117,0,142.11
3252,20:26:17:847,3,Severe_Damage,L3_S2,-1792,1154,15008,-209,24,-120,0,138.11
3253,20:26:17:857,3,Severe_Damage,L3_S2,-1720,1138,14856,-261,37,-137,0,-13.89
3254,20:26:17:867,3,Severe_Damage,L3_S2,-1766,1022,14818,-272,43,-136,0,-51.89
3255,20:26:17:877,3,Severe_Damage,L3_S2,-1798,1116,14912,-214,11,-132,0,42.11
3256,20:26:17:887,3,Severe_Damage,L3_S2,-1732,1096,14894,-244,19,-133,0,24.11
3257,20:26:17:897,3,Severe_Damage,L3_S2,-1806,1094,14958,-205,42,-126,0,88.11
3258,20:26:17:907,3,Severe_Damage,L3_S2,-1766,1114,14802,-228,37,-121,0,-67.89
3259,20:26:17:917,3,Severe_Damage,L3_S2,-1374,1086,14514,-207,37,-123,1,-355.89
3260,20:26:17:927,3,Severe_Damage,L3_S2,-30120,2122,-14730,4594,6584,697,1,-29599.89
3261,20:26:17:937,3,Severe_Damage,L3_S2,786,-5884,29144,5872,-8525,1125,1,14274.11
3262,20:26:17:947,3,Severe_Damage,L3_S2,-2544,10090,5214,14390,1930,1979,1,-9655.89
3263,20:26:17:957,3,Severe_Damage,L3_S2,-166,-2566,30252,4994,107,563,1,15382.11
3264,20:26:17:967,3,Severe_Damage,L3_S2,-8302,7208,21122,9884,1215,1617,1,6252.11
3265,20:26:17:977,3,Severe_Damage,L3_S2,2050,1316,29060,204,-974,-323,1,14190.11
3266,20:26:17:987,3,Severe_Damage,L3_S2,-7184,5414,23556,1217,1394,185,1,8686.11
3267,20:26:17:997,3,Severe_Damage,L3_S2,-1550,1978,26488,-6191,-1253,-1134,1,11618.11
3268,20:26:18:007,3,Severe_Damage,L3_S2,-2420,3472,19588,-6957,914,-1216,1,4718.11
3269,20:26:18:017,3,Severe_Damage,L3_S2,-3250,3076,18250,-10450,-577,-1714,0,3380.11
3270,20:26:18:027,3,Severe_Damage,L3_S2,-1082,756,17746,-12077,-622,-2018,1,2876.11
3271,20:26:18:037,3,Severe_Damage,L3_S2,-2640,2390,11616,-11644,20,-1881,1,-3253.89
3272,20:26:18:047,3,Severe_Damage,L3_S2,196,-538,11492,-12246,-754,-2057,1,-3377.89
3273,20:26:18:057,3,Severe_Damage,L3_S2,-1874,674,6534,-9598,88,-1557,1,-8335.89
3274,20:26:18:067,3,Severe_Damage,L3_S2,718,-1244,6128,-8093,-582,-1387,1,-8741.89
3275,20:26:18:077,3,Severe_Damage,L3_S2,-856,-534,4142,-4171,222,-726,1,-10727.89
3276,20:26:18:087,3,Severe_Damage,L3_S2,162,-1210,4730,-1248,-272,-289,1,-10139.89
3277,20:26:18:096,3,Severe_Damage,L3_S2,-286,-650,5338,2745,318,324,1,-9531.89
3278,20:26:18:106,3,Severe_Damage,L3_S2,-892,-212,7004,5787,82,839,0,-7865.89
3279,20:26:18:116,3,Severe_Damage,L3_S2,-564,146,9760,8522,361,1213,0,-5109.89
3280,20:26:18:127,3,Severe_Damage,L3_S2,-1808,1200,12284,10414,341,1575,1,-2585.89
3281,20:26:18:137,3,Severe_Damage,L3_S2,-1586,1442,15994,11094,363,1632,0,1124.11
3282,20:26:18:147,3,Severe_Damage,L3_S2,-2640,2530,18424,11098,454,1665,0,3554.11
3283,20:26:18:157,3,Severe_Damage,L3_S2,-2678,2476,21592,9539,185,1419,0,6722.11
3284,20:26:18:167,3,Severe_Damage,L3_S2,-3226,3266,23104,7655,474,1093,0,8234.11
3285,20:26:18:177,3,Severe_Damage,L3_S2,-3172,3182,24744,4503,-37,657,0,9874.11
3286,20:26:18:187,3,Severe_Damage,L3_S2,-3492,3410,24576,1462,276,120,0,9706.11
3287,20:26:18:197,3,Severe_Damage,L3_S2,-3022,3036,24292,-2147,-62,-433,0,9422.11
3288,20:26:18:207,3,Severe_Damage,L3_S2,-3228,3130,22448,-5198,-114,-875,1,7578.11
3289,20:26:18:217,3,Severe_Damage,L3_S2,-2482,2550,20266,-7937,-38,-1393,0,5396.11
3290,20:26:18:227,3,Severe_Damage,L3_S2,-2232,2046,17732,-9965,-424,-1642,0,2862.11
3291,20:26:18:237,3,Severe_Damage,L3_S2,-1946,1666,14588,-10879,-238,-1807,1,-281.89
3292,20:26:18:247,3,Severe_Damage,L3_S2,-1046,638,11996,-11026,-385,-1845,1,-2873.89
3293,20:26:18:257,3,Severe_Damage,L3_S2,-1216,340,9110,-9951,-329,-1629,1,-5759.89
3294,20:26:18:267,3,Severe_Damage,L3_S2,-370,-366,7220,-8155,-220,-1393,0,-7649.89
3295,20:26:18:277,3,Severe_Damage,L3_S2,-568,-600,5744,-5485,-215,-927,0,-9125.89
3296,20:26:18:287,3,Severe_Damage,L3_S2,-112,-792,5384,-2461,-46,-498,1,-9485.89
3297,20:26:18:296,3,Severe_Damage,L3_S2,-454,-718,5762,828,52,43,0,-9107.89
3298,20:26:18:307,3,Severe_Damage,L3_S2,-626,-368,7032,3944,146,524,0,-7837.89
3299,20:26:18:316,3,Severe_Damage,L3_S2,-784,110,8994,6686,298,944,1,-5875.89
3300,20:26:18:327,3,Severe_Damage,L3_S2,-1378,656,11468,8728,277,1289,0,-3401.89
3301,20:26:18:337,3,Severe_Damage,L3_S2,-1600,1284,14386,9905,432,1452,0,-483.89
3302,20:26:18:347,3,Severe_Damage,L3_S2,-2190,1912,17000,10190,321,1528,0,2130.11
3303,20:26:18:357,3,Severe_Damage,L3_S2,-2404,2422,19646,9453,380,1384,0,4776.11
3304,20:26:18:367,3,Severe_Damage,L3_S2,-2892,2804,21680,7839,262,1152,0,6810.11
3305,20:26:18:377,3,Severe_Damage,L3_S2,-3038,2932,23202,5495,181,781,0,8332.11
3306,20:26:18:387,3,Severe_Damage,L3_S2,-3178,3086,23910,2645,233,313,0,9040.11
3307,20:26:18:397,3,Severe_Damage,L3_S2,-3210,3062,23692,-447,-44,-143,0,8822.11
3308,20:26:18:407,3,Severe_Damage,L3_S2,-2882,2966,22632,-3474,16,-655,0,7762.11
3309,20:26:18:417,3,Severe_Damage,L3_S2,-2740,2652,20880,-6154,-156,-1057,0,6010.11
3310,20:26:18:427,3,Severe_Damage,L3_S2,-2370,2200,18566,-8305,-226,-1405,1,3696.11
3311,20:26:18:437,3,Severe_Damage,L3_S2,-1866,1694,15988,-9662,-255,-1625,0,1118.11
3312,20:26:18:447,3,Severe_Damage,L3_S2,-1694,1126,13310,-10096,-354,-1662,0,-1559.89
3313,20:26:18:457,3,Severe_Damage,L3_S2,-982,542,10788,-9632,-253,-1623,1,-4081.89
3314,20:26:18:467,3,Severe_Damage,L3_S2,-898,-12,8702,-8316,-311,-1384,0,-6167.89
3315,20:26:18:477,3,Severe_Damage,L3_S2,-530,-334,7042,-6179,-164,-1067,1,-7827.89
3316,20:26:18:487,3,Severe_Damage,L3_S2,-432,-640,6304,-3585,-95,-656,0,-8565.89
3317,20:26:18:497,3,Severe_Damage,L3_S2,-494,-628,6236,-650,-23,-196,0,-8633.89
3318,20:26:18:507,3,Severe_Damage,L3_S2,-482,-414,7140,2288,163,249,0,-7729.89
3319,20:26:18:517,3,Severe_Damage,L3_S2,-958,-74,8566,4964,168,708,0,-6303.89
3320,20:26:18:527,3,Severe_Damage,L3_S2,-976,480,10736,7171,331,1017,0,-4133.89
3321,20:26:18:537,3,Severe_Damage,L3_S2,-1642,978,13090,8601,289,1268,1,-1779.89
3322,20:26:18:547,3,Severe_Damage,L3_S2,-1852,1600,15792,9242,346,1359,0,922.11
3323,20:26:18:557,3,Severe_Damage,L3_S2,-2290,2012,18228,8990,338,1322,0,3358.11
3324,20:26:18:567,3,Severe_Damage,L3_S2,-2692,2430,20322,7878,244,1166,0,5452.11
3325,20:26:18:577,3,Severe_Damage,L3_S2,-2774,2742,21950,6040,278,854,0,7080.11
3326,20:26:18:587,3,Severe_Damage,L3_S2,-3102,2914,22826,3620,118,493,1,7956.11
3327,20:26:18:597,3,Severe_Damage,L3_S2,-3022,2930,23076,876,93,37,0,8206.11
3328,20:26:18:607,3,Severe_Damage,L3_S2,-2966,2822,22496,-1934,-10,-398,0,7626.11
3329,20:26:18:617,3,Severe_Damage,L3_S2,-2768,2610,21140,-4548,-106,-801,0,6270.11
3330,20:26:18:627,3,Severe_Damage,L3_S2,-2462,2262,19220,-6720,-84,-1167,1,4350.11
3331,20:26:18:637,3,Severe_Damage,L3_S2,-2202,1772,17038,-8377,-283,-1405,1,2168.11
3332,20:26:18:647,3,Severe_Damage,L3_S2,-1694,1390,14514,-9083,-236,-1526,1,-355.89
3333,20:26:18:657,3,Severe_Damage,L3_S2,-1400,750,12186,-9089,-271,-1526,0,-2683.89
3334,20:26:18:667,3,Severe_Damage,L3_S2,-1068,314,9940,-8186,-264,-1374,1,-4929.89
3335,20:26:18:677,3,Severe_Damage,L3_S2,-704,-134,8450,-6613,-196,-1134,1,-6419.89
3336,20:26:18:687,3,Severe_Damage,L3_S2,-742,-342,7308,-4388,-108,-773,0,-7561.89
3337,20:26:18:697,3,Severe_Damage,L3_S2,-436,-516,7046,-1826,-41,-395,0,-7823.89
3338,20:26:18:706,3,Severe_Damage,L3_S2,-664,-410,7428,865,72,39,0,-7441.89
3339,20:26:18:717,3,Severe_Damage,L3_S2,-760,-106,8500,3428,156,438,0,-6369.89
3340,20:26:18:727,3,Severe_Damage,L3_S2,-1046,310,10198,5666,215,795,0,-4671.89
3341,20:26:18:737,3,Severe_Damage,L3_S2,-1424,776,12352,7297,283,1051,0,-2517.89
3342,20:26:18:747,3,Severe_Damage,L3_S2,-1564,1288,14612,8220,272,1191,0,-257.89
3343,20:26:18:757,3,Severe_Damage,L3_S2,-2266,1708,16930,8342,328,1223,0,2060.11
3344,20:26:18:767,3,Severe_Damage,L3_S2,-2390,2222,18976,7705,280,1119,0,4106.11
3345,20:26:18:777,3,Severe_Damage,L3_S2,-2632,2464,20712,6282,213,906,1,5842.11
3346,20:26:18:787,3,Severe_Damage,L3_S2,-2864,2712,21892,4318,167,587,0,7022.11
3347,20:26:18:797,3,Severe_Damage,L3_S2,-2882,2726,22446,1915,108,205,0,7576.11
3348,20:26:18:807,3,Severe_Damage,L3_S2,-2978,2746,22100,-629,4,-185,0,7230.11
3349,20:26:18:817,3,Severe_Damage,L3_S2,-2724,2556,21172,-3137,-17,-595,0,6302.11
3350,20:26:18:827,3,Severe_Damage,L3_S2,-2530,2252,19586,-5292,-104,-925,0,4716.11
3351,20:26:18:837,3,Severe_Damage,L3_S2,-2242,1962,17658,-7027,-167,-1196,0,2788.11
3352,20:26:18:847,3,Severe_Damage,L3_S2,-1846,1432,15598,-8102,-234,-1370,1,728.11
3353,20:26:18:857,3,Severe_Damage,L3_S2,-1586,1060,13344,-8337,-236,-1399,0,-1525.89
3354,20:26:18:867,3,Severe_Damage,L3_S2,-1120,532,11338,-7920,-214,-1351,0,-3531.89
3355,20:26:18:877,3,Severe_Damage,L3_S2,-1020,152,9628,-6726,-208,-1149,0,-5241.89
3356,20:26:18:887,3,Severe_Damage,L3_S2,-758,-164,8380,-4952,-120,-874,0,-6489.89
3357,20:26:18:897,3,Severe_Damage,L3_S2,-700,-342,7812,-2743,-47,-515,1,-7057.89
3358,20:26:18:907,3,Severe_Damage,L3_S2,-666,-358,7792,-311,5,-137,1,-7077.89
3359,20:26:18:917,3,Severe_Damage,L3_S2,-736,-138,8570,2086,115,228,0,-6299.89
3360,20:26:18:927,3,Severe_Damage,L3_S2,-1068,130,9976,4263,148,582,0,-4893.89
3361,20:26:18:937,3,Severe_Damage,L3_S2,-1198,564,11642,6041,248,847,0,-3227.89
3362,20:26:18:947,3,Severe_Damage,L3_S2,-1628,1002,13662,7150,265,1039,0,-1207.89
3363,20:26:18:957,3,Severe_Damage,L3_S2,-1898,1476,15830,7599,251,1101,0,960.11
3364,20:26:18:967,3,Severe_Damage,L3_S2,-2254,1870,17864,7313,292,1054,0,2994.11
3365,20:26:18:977,3,Severe_Damage,L3_S2,-2518,2230,19540,6340,179,914,0,4670.11
3366,20:26:18:987,3,Severe_Damage,L3_S2,-2628,2404,20874,4739,195,651,0,6004.11
3367,20:26:18:997,3,Severe_Damage,L3_S2,-2858,2564,21454,2725,127,339,0,6584.11
3368,20:26:19:007,3,Severe_Damage,L3_S2,-2814,2602,21620,417,49,-34,0,6750.11
3369,20:26:19:017,3,Severe_Damage,L3_S2,-2756,2522,21072,-1881,1,-393,0,6202.11
3370,20:26:19:027,3,Severe_Damage,L3_S2,-2530,2270,19836,-4018,-93,-720,0,4966.11
3371,20:26:19:037,3,Severe_Damage,L3_S2,-2302,2004,18240,-5763,-95,-1006,1,3370.11
3372,20:26:19:047,3,Severe_Damage,L3_S2,-2034,1602,16374,-7043,-195,-1201,0,1504.11
3373,20:26:19:057,3,Severe_Damage,L3_S2,-1658,1234,14354,-7578,-213,-1286,0,-515.89
3374,20:26:19:067,3,Severe_Damage,L3_S2,-1458,766,12350,-7450,-182,-1262,0,-2519.89
3375,20:26:19:077,3,Severe_Damage,L3_S2,-1194,336,10702,-6661,-221,-1134,0,-4167.89
3376,20:26:19:087,3,Severe_Damage,L3_S2,-862,14,9414,-5272,-159,-925,0,-5455.89
3377,20:26:19:097,3,Severe_Damage,L3_S2,-868,-182,8544,-3400,-63,-626,0,-6325.89
3378,20:26:19:107,3,Severe_Damage,L3_S2,-698,-176,8380,-1266,-13,-291,0,-6489.89
3379,20:26:19:117,3,Severe_Damage,L3_S2,-850,-78,8796,956,64,54,0,-6073.89
3380,20:26:19:127,3,Severe_Damage,L3_S2,-1008,100,9848,3036,150,377,0,-5021.89
3381,20:26:19:137,3,Severe_Damage,L3_S2,-1126,446,11222,4818,164,663,0,-3647.89
3382,20:26:19:147,3,Severe_Damage,L3_S2,-1562,866,12922,6137,274,874,0,-1947.89
3383,20:26:19:157,3,Severe_Damage,L3_S2,-1710,1244,14888,6766,217,973,0,18.11
3384,20:26:19:167,3,Severe_Damage,L3_S2,-2092,1734,16816,6815,249,987,0,1946.11
3385,20:26:19:177,3,Severe_Damage,L3_S2,-2304,1910,18524,6172,246,875,0,3654.11
3386,20:26:19:187,3,Severe_Damage,L3_S2,-2604,2200,19804,4983,177,696,0,4934.11
3387,20:26:19:197,3,Severe_Damage,L3_S2,-2658,2348,20750,3255,126,421,0,5880.11
3388,20:26:19:207,3,Severe_Damage,L3_S2,-2766,2454,21056,1290,83,112,0,6186.11
3389,20:26:19:217,3,Severe_Damage,L3_S2,-2706,2440,20810,-853,3,-217,0,5940.11
3390,20:26:19:227,3,Severe_Damage,L3_S2,-2512,2248,19944,-2863,-27,-535,1,5074.11
3391,20:26:19:237,3,Severe_Damage,L3_S2,-2374,2042,18666,-4626,-86,-818,1,3796.11
3392,20:26:19:247,3,Severe_Damage,L3_S2,-2160,1720,16902,-5956,-110,-1040,0,2032.11
3393,20:26:19:257,3,Severe_Damage,L3_S2,-1758,1280,15278,-6781,-221,-1162,0,408.11
3394,20:26:19:267,3,Severe_Damage,L3_S2,-1692,982,13398,-6875,-161,-1171,0,-1471.89
3395,20:26:19:277,3,Severe_Damage,L3_S2,-1234,594,11756,-6432,-177,-1106,0,-3113.89
3396,20:26:19:287,3,Severe_Damage,L3_S2,-1120,226,10318,-5388,-163,-930,1,-4551.89
3397,20:26:19:297,3,Severe_Damage,L3_S2,-914,8,9434,-3878,-76,-703,0,-5435.89
3398,20:26:19:307,3,Severe_Damage,L3_S2,-818,-100,8948,-1990,-37,-406,0,-5921.89
3399,20:26:19:317,3,Severe_Damage,L3_S2,-936,-66,9138,3,46,-92,0,-5731.89
3400,20:26:19:327,3,Severe_Damage,L3_S2,-916,108,9828,1965,81,211,0,-5041.89
3401,20:26:19:337,3,Severe_Damage,L3_S2,-1202,392,10960,3716,144,490,0,-3909.89
3402,20:26:19:347,3,Severe_Damage,L3_S2,-1358,638,12462,5104,203,707,0,-2407.89
3403,20:26:19:357,3,Severe_Damage,L3_S2,-1680,1082,14130,5966,241,852,0,-739.89
3404,20:26:19:367,3,Severe_Damage,L3_S2,-1876,1378,15926,6194,190,886,0,1056.11
3405,20:26:19:377,3,Severe_Damage,L3_S2,-2146,1810,17562,5900,266,839,0,2692.11
3406,20:26:19:387,3,Severe_Damage,L3_S2,-2346,2054,18940,5005,152,700,0,4070.11
3407,20:26:19:397,3,Severe_Damage,L3_S2,-2572,2196,19936,3630,158,476,0,5066.11
3408,20:26:19:407,3,Severe_Damage,L3_S2,-2654,2316,20364,1918,87,212,0,5494.11
3409,20:26:19:417,3,Severe_Damage,L3_S2,-2584,2290,20430,12,33,-91,0,5560.11
3410,20:26:19:427,3,Severe_Damage,L3_S2,-2532,2214,19838,-1870,-6,-389,0,4968.11
3411,20:26:19:437,3,Severe_Damage,L3_S2,-2356,1988,18786,-3585,-76,-652,0,3916.11
3412,20:26:19:447,3,Severe_Damage,L3_S2,-2242,1748,17390,-4971,-69,-873,0,2520.11
3413,20:26:19:458,3,Severe_Damage,L3_S2,-1952,1450,15720,-5909,-163,-1018,0,850.11
3414,20:26:19:467,3,Severe_Damage,L3_S2,-1724,1088,14244,-6317,-171,-1091,0,-625.89
3415,20:26:19:477,3,Severe_Damage,L3_S2,-1430,768,12606,-6047,-137,-1045,1,-2263.89
3416,20:26:19:487,3,Severe_Damage,L3_S2,-1154,398,11242,-5362,-169,-938,1,-3627.89
3417,20:26:19:497,3,Severe_Damage,L3_S2,-1016,230,10226,-4123,-107,-734,0,-4643.89
3418,20:26:19:507,3,Severe_Damage,L3_S2,-976,26,9628,-2545,-40,-490,0,-5241.89
3419,20:26:19:517,3,Severe_Damage,L3_S2,-974,14,9458,-755,4,-205,0,-5411.89
3420,20:26:19:527,3,Severe_Damage,L3_S2,-1004,144,9960,1053,80,75,1,-4909.89
3421,20:26:19:537,3,Severe_Damage,L3_S2,-1148,304,10900,2731,120,340,0,-3969.89
3422,20:26:19:547,3,Severe_Damage,L3_S2,-1370,592,12146,4138,174,561,0,-2723.89
3423,20:26:19:557,3,Severe_Damage,L3_S2,-1604,970,13652,5136,204,713,0,-1217.89
3424,20:26:19:567,3,Severe_Damage,L3_S2,-1766,1250,15242,5563,192,780,0,372.11
3425,20:26:19:577,3,Severe_Damage,L3_S2,-2120,1614,16754,5499,219,767,0,1884.11
3426,20:26:19:587,3,Severe_Damage,L3_S2,-2282,1858,18108,4892,202,671,0,3238.11
3427,20:26:19:597,3,Severe_Damage,L3_S2,-2422,2084,19052,3814,139,516,0,4182.11
3428,20:26:19:607,3,Severe_Damage,L3_S2,-2538,2174,19792,2362,120,278,0,4922.11
3429,20:26:19:617,3,Severe_Damage,L3_S2,-2536,2206,19900,692,44,27,0,5030.11
3430,20:26:19:627,3,Severe_Damage,L3_S2,-2532,2142,19608,-1044,17,-253,0,4738.11
3431,20:26:19:637,3,Severe_Damage,L3_S2,-2340,2060,18874,-2677,-44,-507,0,4004.11
3432,20:26:19:647,3,Severe_Damage,L3_S2,-2218,1820,17736,-4063,-66,-730,0,2866.11
3433,20:26:19:657,3,Severe_Damage,L3_S2,-1990,1554,16332,-5076,-115,-896,0,1462.11
3434,20:26:19:667,3,Severe_Damage,L3_S2,-1788,1192,14876,-5669,-143,-985,0,6.11
3435,20:26:19:677,3,Severe_Damage,L3_S2,-1588,982,13328,-5631,-138,-976,0,-1541.89
3436,20:26:19:687,3,Severe_Damage,L3_S2,-1314,568,12080,-5189,-107,-916,0,-2789.89
3437,20:26:19:697,3,Severe_Damage,L3_S2,-1184,436,10972,-4221,-126,-747,0,-3897.89
3438,20:26:19:707,3,Severe_Damage,L3_S2,-1060,152,10366,-2943,-47,-555,0,-4503.89
3439,20:26:19:717,3,Severe_Damage,L3_S2,-1070,136,9942,-1337,-8,-301,0,-4927.89
3440,20:26:19:727,3,Severe_Damage,L3_S2,-1054,162,10218,281,32,-49,0,-4651.89
3441,20:26:19:737,3,Severe_Damage,L3_S2,-1180,336,10920,1891,114,201,0,-3949.89
3442,20:26:19:747,3,Severe_Damage,L3_S2,-1324,518,11910,3254,131,414,0,-2959.89
3443,20:26:19:757,3,Severe_Damage,L3_S2,-1524,834,13110,4339,183,586,0,-1759.89
3444,20:26:19:767,3,Severe_Damage,L3_S2,-1782,1066,14630,4906,180,681,0,-239.89
3445,20:26:19:777,3,Severe_Damage,L3_S2,-1948,1442,16046,5050,187,702,0,1176.11
3446,20:26:19:787,3,Severe_Damage,L3_S2,-2146,1694,17344,4680,181,638,0,2474.11
3447,20:26:19:797,3,Severe_Damage,L3_S2,-2334,1926,18420,3865,155,524,0,3550.11
3448,20:26:19:807,3,Severe_Damage,L3_S2,-2402,2032,19166,2658,120,330,0,4296.11
3449,20:26:19:817,3,Severe_Damage,L3_S2,-2466,2070,19442,1209,70,97,0,4572.11
3450,20:26:19:827,3,Severe_Damage,L3_S2,-2500,2072,19234,-355,31,-146,0,4364.11
3451,20:26:19:838,3,Severe_Damage,L3_S2,-2382,1990,18776,-1911,-22,-389,0,3906.11
3452,20:26:19:848,3,Severe_Damage,L3_S2,-2286,1814,17842,-3236,-42,-594,0,2972.11
3453,20:26:19:858,3,Severe_Damage,L3_S2,-2028,1608,16690,-4316,-84,-768,0,1820.11
3454,20:26:19:867,3,Severe_Damage,L3_S2,-1882,1378,15342,-4974,-97,-873,0,472.11
3455,20:26:19:877,3,Severe_Damage,L3_S2,-1598,956,14084,-5221,-151,-916,0,-785.89
3456,20:26:19:887,3,Severe_Damage,L3_S2,-1456,740,12666,-4881,-80,-856,0,-2203.89
3457,20:26:19:897,3,Severe_Damage,L3_S2,-1268,502,11626,-4228,-127,-752,0,-3243.89
3458,20:26:19:907,3,Severe_Damage,L3_S2,-1172,310,10916,-3133,-74,-588,0,-3953.89
3459,20:26:19:917,3,Severe_Damage,L3_S2,-1108,212,10572,-1803,1,-380,0,-4297.89
3460,20:26:19:927,3,Severe_Damage,L3_S2,-1068,206,10628,-307,10,-136,0,-4241.89
3461,20:26:19:937,3,Severe_Damage,L3_S2,-1192,316,11084,1156,79,90,0,-3785.89
3462,20:26:19:947,3,Severe_Damage,L3_S2,-1318,530,11856,2488,113,296,0,-3013.89
3463,20:26:19:957,3,Severe_Damage,L3_S2,-1446,756,12902,3559,118,469,0,-1967.89
3464,20:26:19:967,3,Severe_Damage,L3_S2,-1698,1036,14092,4292,188,579,0,-777.89
3465,20:26:19:978,3,Severe_Damage,L3_S2,-1846,1260,15488,4540,151,623,0,618.11
3466,20:26:19:987,3,Severe_Damage,L3_S2,-2046,1588,16696,4389,165,601,0,1826.11
3467,20:26:19:997,3,Severe_Damage,L3_S2,-2236,1736,17730,3778,166,506,0,2860.11
3468,20:26:20:007,3,Severe_Damage,L3_S2,-2350,1936,18462,2831,99,358,0,3592.11
3469,20:26:20:017,3,Severe_Damage,L3_S2,-2446,1996,18958,1566,90,152,0,4088.11
3470,20:26:20:027,3,Severe_Damage,L3_S2,-2372,1992,18952,188,30,-60,0,4082.11
3471,20:26:20:037,3,Severe_Damage,L3_S2,-2376,1934,18566,-1232,-2,-277,0,3696.11
3472,20:26:20:048,3,Severe_Damage,L3_S2,-2248,1790,17950,-2521,-28,-492,0,3080.11
3473,20:26:20:058,3,Severe_Damage,L3_S2,-2118,1608,16950,-3593,-61,-658,0,2080.11
3474,20:26:20:068,3,Severe_Damage,L3_S2,-1928,1368,15752,-4331,-82,-770,0,882.11
3475,20:26:20:078,3,Severe_Damage,L3_S2,-1724,1142,14622,-4712,-125,-838,0,-247.89
3476,20:26:20:088,3,Severe_Damage,L3_S2,-1522,884,13288,-4597,-115,-810,0,-1581.89
3477,20:26:20:098,3,Severe_Damage,L3_S2,-1396,610,12334,-4098,-57,-739,0,-2535.89
3478,20:26:20:107,3,Severe_Damage,L3_S2,-1190,456,11482,-3227,-111,-598,0,-3387.89
3479,20:26:20:117,3,Severe_Damage,L3_S2,-1168,304,11114,-2131,-18,-424,0,-3755.89
3480,20:26:20:127,3,Severe_Damage,L3_S2,-1152,348,10848,-773,22,-207,0,-4021.89
3481,20:26:20:137,3,Severe_Damage,L3_S2,-1184,364,11184,544,30,-8,0,-3685.89
3482,20:26:20:147,3,Severe_Damage,L3_S2,-1318,474,11754,1830,121,191,0,-3115.89
3483,20:26:20:157,3,Severe_Damage,L3_S2,-1414,678,12676,2873,96,362,0,-2193.89
3484,20:26:20:167,3,Severe_Damage,L3_S2,-1634,940,13818,3646,145,483,0,-1051.89
3485,20:26:20:178,3,Severe_Damage,L3_S2,-1836,1182,14924,4071,184,549,0,54.11
3486,20:26:20:187,3,Severe_Damage,L3_S2,-1968,1396,16136,4034,137,548,0,1266.11
3487,20:26:20:197,3,Severe_Damage,L3_S2,-2114,1642,17172,3639,124,484,0,2302.11
3488,20:26:20:207,3,Severe_Damage,L3_S2,-2242,1742,17994,2858,136,361,0,3124.11
3489,20:26:20:217,3,Severe_Damage,L3_S2,-2338,1936,18396,1855,65,205,0,3526.11
3490,20:26:20:227,3,Severe_Damage,L3_S2,-2362,1926,18690,579,50,0,0,3820.11
3491,20:26:20:238,3,Severe_Damage,L3_S2,-2362,1948,18374,-655,26,-195,0,3504.11
3492,20:26:20:248,3,Severe_Damage,L3_S2,-2236,1734,17924,-1919,-42,-397,0,3054.11
3493,20:26:20:258,3,Severe_Damage,L3_S2,-2116,1624,16968,-2927,-17,-560,0,2098.11
3494,20:26:20:268,3,Severe_Damage,L3_S2,-1932,1420,16074,-3747,-81,-693,0,1204.11
3495,20:26:20:278,3,Severe_Damage,L3_S2,-1826,1200,14876,-4161,-80,-751,0,6.11
3496,20:26:20:288,3,Severe_Damage,L3_S2,-1564,938,13872,-4279,-121,-763,0,-997.89
3497,20:26:20:298,3,Severe_Damage,L3_S2,-1504,796,12832,-3883,-46,-705,0,-2037.89
3498,20:26:20:308,3,Severe_Damage,L3_S2,-1312,504,12046,-3264,-77,-606,0,-2823.89
3499,20:26:20:318,3,Severe_Damage,L3_S2,-1276,442,11502,-2301,-42,-449,0,-3367.89
3500,20:26:20:327,3,Severe_Damage,L3_S2,-1212,380,11276,-1161,3,-273,0,-3593.89
3501,20:26:20:337,3,Severe_Damage,L3_S2,-1268,414,11382,58,46,-85,0,-3487.89
3502,20:26:20:347,3,Severe_Damage,L3_S2,-1338,560,11874,1245,59,105,0,-2995.89
3503,20:26:20:358,3,Severe_Damage,L3_S2,-1410,612,12636,2275,110,267,0,-2233.89
3504,20:26:20:368,3,Severe_Damage,L3_S2,-1558,842,13526,3070,100,394,0,-1343.89
3505,20:26:20:377,3,Severe_Damage,L3_S2,-1668,1042,14592,3536,141,459,0,-277.89
3506,20:26:20:387,3,Severe_Damage,L3_S2,-1928,1374,15572,3705,168,491,0,702.11
3507,20:26:20:398,3,Severe_Damage,L3_S2,-2038,1462,16674,3390,100,447,0,1804.11
3508,20:26:20:408,3,Severe_Damage,L3_S2,-2188,1690,17396,2859,144,368,0,2526.11
3509,20:26:20:417,3,Severe_Damage,L3_S2,-2212,1746,17936,1959,86,218,0,3066.11
3510,20:26:20:427,3,Severe_Damage,L3_S2,-2310,1900,18206,938,70,52,0,3336.11
3511,20:26:20:438,3,Severe_Damage,L3_S2,-2228,1790,18226,-265,26,-134,0,3356.11
3512,20:26:20:448,3,Severe_Damage,L3_S2,-2264,1826,17800,-1353,-5,-299,0,2930.11
3513,20:26:20:458,3,Severe_Damage,L3_S2,-2104,1634,17198,-2388,-37,-474,0,2328.11
3514,20:26:20:468,3,Severe_Damage,L3_S2,-2008,1470,16272,-3176,-36,-591,0,1402.11
3515,20:26:20:478,3,Severe_Damage,L3_S2,-1800,1246,15284,-3686,-64,-671,0,414.11
3516,20:26:20:488,3,Severe_Damage,L3_S2,-1658,1014,14324,-3885,-84,-704,0,-545.89
3517,20:26:20:498,3,Severe_Damage,L3_S2,-1550,892,13362,-3699,-82,-668,0,-1507.89
3518,20:26:20:508,3,Severe_Damage,L3_S2,-1446,628,12528,-3177,-26,-592,0,-2341.89
3519,20:26:20:518,3,Severe_Damage,L3_S2,-1304,544,11950,-2400,-72,-467,0,-2919.89
3520,20:26:20:528,3,Severe_Damage,L3_S2,-1220,366,11700,-1446,-8,-323,0,-3169.89
3521,20:26:20:537,3,Severe_Damage,L3_S2,-1310,506,11640,-314,44,-148,0,-3229.89
3522,20:26:20:547,3,Severe_Damage,L3_S2,-1224,534,11928,739,29,20,0,-2941.89
3523,20:26:20:558,3,Severe_Damage,L3_S2,-1454,672,12582,1753,119,181,0,-2287.89
3524,20:26:20:567,3,Severe_Damage,L3_S2,-1542,852,13336,2535,99,310,0,-1533.89
3525,20:26:20:578,3,Severe_Damage,L3_S2,-1674,1020,14290,3074,124,393,0,-579.89
3526,20:26:20:588,3,Severe_Damage,L3_S2,-1758,1168,15368,3288,146,424,0,498.11
3527,20:26:20:598,3,Severe_Damage,L3_S2,-2036,1460,16104,3215,135,420,0,1234.11
3528,20:26:20:607,3,Severe_Damage,L3_S2,-2062,1532,17040,2723,89,338,0,2170.11
3529,20:26:20:618,3,Severe_Damage,L3_S2,-2184,1710,17570,2059,113,234,0,2700.11
3530,20:26:20:627,3,Severe_Damage,L3_S2,-2220,1730,17890,1129,61,88,0,3020.11
3531,20:26:20:637,3,Severe_Damage,L3_S2,-2270,1770,17850,142,49,-65,0,2980.11
3532,20:26:20:648,3,Severe_Damage,L3_S2,-2208,1734,17652,-952,-7,-240,0,2782.11
3533,20:26:20:658,3,Severe_Damage,L3_S2,-2154,1652,17088,-1874,0,-383,0,2218.11
3534,20:26:20:668,3,Severe_Damage,L3_S2,-1974,1446,16376,-2687,-41,-515,0,1506.11
3535,20:26:20:678,3,Severe_Damage,L3_S2,-1864,1288,15462,-3220,-40,-594,0,592.11
3536,20:26:20:688,3,Severe_Damage,L3_S2,-1732,1148,14656,-3479,-51,-642,0,-213.89
3537,20:26:20:698,3,Severe_Damage,L3_S2,-1570,930,13854,-3462,-103,-640,0,-1015.89
3538,20:26:20:708,3,Severe_Damage,L3_S2,-1536,778,12994,-3040,-22,-577,0,-1875.89
3539,20:26:20:718,3,Severe_Damage,L3_S2,-1396,608,12426,-2446,-40,-486,0,-2443.89
3540,20:26:20:728,3,Severe_Damage,L3_S2,-1330,586,12072,-1590,-24,-340,0,-2797.89
3541,20:26:20:737,3,Severe_Damage,L3_S2,-1260,454,11966,-656,25,-195,0,-2903.89
3542,20:26:20:747,3,Severe_Damage,L3_S2,-1374,600,12154,369,39,-36,0,-2715.89
3543,20:26:20:757,3,Severe_Damage,L3_S2,-1410,634,12602,1268,75,107,0,-2267.89
3544,20:26:20:767,3,Severe_Damage,L3_S2,-1550,780,13282,2075,104,236,0,-1587.89
3545,20:26:20:777,3,Severe_Damage,L3_S2,-1642,1006,14106,2627,95,318,0,-763.89
3546,20:26:20:788,3,Severe_Damage,L3_S2,-1836,1190,14930,2916,128,364,0,60.11
3547,20:26:20:798,3,Severe_Damage,L3_S2,-1962,1330,15818,2902,118,366,0,948.11
3548,20:26:20:808,3,Severe_Damage,L3_S2,-2030,1554,16458,2643,130,330,0,1588.11
3549,20:26:20:818,3,Severe_Damage,L3_S2,-2096,1560,17128,2019,63,228,0,2258.11
3550,20:26:20:828,3,Severe_Damage,L3_S2,-2222,1628,17460,1291,104,110,0,2590.11
3551,20:26:20:837,3,Severe_Damage,L3_S2,-2180,1700,17492,387,44,-38,0,2622.11
3552,20:26:20:848,3,Severe_Damage,L3_S2,-2194,1678,17482,-551,16,-179,0,2612.11
3553,20:26:20:858,3,Severe_Damage,L3_S2,-2108,1608,17106,-1460,4,-330,0,2236.11
3554,20:26:20:868,3,Severe_Damage,L3_S2,-2032,1482,16474,-2227,-39,-441,0,1604.11
3555,20:26:20:878,3,Severe_Damage,L3_S2,-1880,1352,15666,-2784,-30,-531,0,796.11
3556,20:26:20:888,3,Severe_Damage,L3_S2,-1782,1182,14908,-3110,-48,-584,0,38.11
3557,20:26:20:898,3,Severe_Damage,L3_S2,-1672,1028,14082,-3133,-64,-585,0,-787.89
3558,20:26:20:908,3,Severe_Damage,L3_S2,-1456,774,13440,-2942,-69,-556,0,-1429.89
3559,20:26:20:918,3,Severe_Damage,L3_S2,-1526,742,12782,-2379,-6,-469,0,-2087.89
3560,20:26:20:928,3,Severe_Damage,L3_S2,-1332,604,12476,-1718,-33,-367,0,-2393.89
3561,20:26:20:938,3,Severe_Damage,L3_S2,-1440,580,12202,-863,19,-229,0,-2667.89
3562,20:26:20:948,3,Severe_Damage,L3_S2,-1450,614,12726,892,65,56,0,-2143.89
3563,20:26:20:958,3,Severe_Damage,L3_S2,-1560,786,13254,1633,79,168,0,-1615.89
3564,20:26:20:968,3,Severe_Damage,L3_S2,-1666,924,13878,2210,97,260,0,-991.89
3565,20:26:20:978,3,Severe_Damage,L3_S2,-1798,1090,14674,2548,106,314,0,-195.89
3566,20:26:20:988,3,Severe_Damage,L3_S2,-1860,1272,15548,2615,96,318,0,678.11
3567,20:26:20:998,3,Severe_Damage,L3_S2,-1972,1426,16230,2437,119,286,0,1360.11
3568,20:26:21:008,3,Severe_Damage,L3_S2,-2098,1562,16770,2015,92,232,0,1900.11
3569,20:26:21:018,3,Severe_Damage,L3_S2,-2082,1624,17186,1324,39,114,0,2316.11
3570,20:26:21:027,3,Severe_Damage,L3_S2,-2180,1638,17242,586,71,-4,0,2372.11
3571,20:26:21:038,3,Severe_Damage,L3_S2,-2128,1602,17240,-275,14,-136,0,2370.11
3572,20:26:21:048,3,Severe_Damage,L3_S2,-2138,1544,16990,-1093,9,-262,0,2120.11
3573,20:26:21:058,3,Severe_Damage,L3_S2,-2086,1498,16516,-1826,-6,-384,0,1646.11
3574,20:26:21:068,3,Severe_Damage,L3_S2,-1938,1350,15836,-2400,-40,-472,0,966.11
3575,20:26:21:078,3,Severe_Damage,L3_S2,-1830,1152,15152,-2763,-27,-526,0,282.11
3576,20:26:21:088,3,Severe_Damage,L3_S2,-1706,1018,14348,-2866,-55,-548,0,-521.89
3577,20:26:21:098,3,Severe_Damage,L3_S2,-1634,872,13680,-2711,-34,-520,0,-1189.89
3578,20:26:21:108,3,Severe_Damage,L3_S2,-1414,734,13216,-2377,-68,-459,0,-1653.89
3579,20:26:21:118,3,Severe_Damage,L3_S2,-1444,738,12664,-1720,12,-358,0,-2205.89
3580,20:26:21:128,3,Severe_Damage,L3_S2,-1366,564,12582,-1044,-3,-250,0,-2287.89
3581,20:26:21:138,3,Severe_Damage,L3_S2,-1414,652,12548,-216,38,-120,0,-2321.89
3582,20:26:21:147,3,Severe_Damage,L3_S2,-1492,728,12736,549,72,-4,0,-2133.89
3583,20:26:21:158,3,Severe_Damage,L3_S2,-1540,814,13142,1282,66,110,0,-1727.89
3584,20:26:21:168,3,Severe_Damage,L3_S2,-1584,858,13850,1838,95,195,0,-1019.89
3585,20:26:21:178,3,Severe_Damage,L3_S2,-1670,1034,14540,2202,95,254,0,-329.89
3586,20:26:21:188,3,Severe_Damage,L3_S2,-1872,1178,15222,2340,93,281,0,352.11
3587,20:26:21:198,3,Severe_Damage,L3_S2,-1894,1366,15908,2232,107,262,0,1038.11
3588,20:26:21:208,3,Severe_Damage,L3_S2,-2016,1440,16448,1896,90,208,0,1578.11
3589,20:26:21:218,3,Severe_Damage,L3_S2,-2116,1496,16820,1404,91,129,0,1950.11
3590,20:26:21:228,3,Severe_Damage,L3_S2,-2108,1570,17078,695,44,18,0,2208.11
3591,20:26:21:238,3,Severe_Damage,L3_S2,-2108,1616,17010,-48,20,-100,0,2140.11
3592,20:26:21:248,3,Severe_Damage,L3_S2,-2090,1534,16830,-810,48,-224,0,1960.11
3593,20:26:21:258,3,Severe_Damage,L3_S2,-1986,1502,16396,-1473,-44,-310,0,1526.11
3594,20:26:21:268,3,Severe_Damage,L3_S2,-1950,1320,15868,-2059,0,-420,0,998.11
3595,20:26:21:278,3,Severe_Damage,L3_S2,-1856,1268,15260,-2405,-31,-470,0,390.11
3596,20:26:21:288,3,Severe_Damage,L3_S2,-1750,1036,14612,-2600,-47,-501,0,-257.89
3597,20:26:21:298,3,Severe_Damage,L3_S2,-1584,932,13906,-2504,-18,-491,0,-963.89
3598,20:26:21:308,3,Severe_Damage,L3_S2,-1558,818,13332,-2254,-44,-438,0,-1537.89
3599,20:26:21:318,3,Severe_Damage,L3_S2,-1482,746,13082,-1769,-35,-371,0,-1787.89
3600,20:26:21:328,3,Severe_Damage,L3_S2,-1482,712,12744,-1111,30,-265,0,-2125.89
3601,20:26:21:338,3,Severe_Damage,L3_S2,-1418,642,12714,-443,-11,-156,0,-2155.89
3602,20:26:21:348,3,Severe_Damage,L3_S2,-1438,734,12922,299,73,-51,0,-1947.89
3603,20:26:21:358,3,Severe_Damage,L3_S2,-1610,734,13268,943,52,55,0,-1601.89
3604,20:26:21:368,3,Severe_Damage,L3_S2,-1574,874,13836,1504,86,144,0,-1033.89
3605,20:26:21:378,3,Severe_Damage,L3_S2,-1702,1000,14386,1881,83,208,0,-483.89
3606,20:26:21:388,3,Severe_Damage,L3_S2,-1808,1184,15102,2065,93,235,0,232.11
3607,20:26:21:398,3,Severe_Damage,L3_S2,-1886,1266,15568,2030,105,228,0,698.11
3608,20:26:21:408,3,Severe_Damage,L3_S2,-1954,1372,16122,1779,85,188,0,1252.11
3609,20:26:21:418,3,Severe_Damage,L3_S2,-2024,1452,16602,1340,88,121,0,1732.11
3610,20:26:21:428,3,Severe_Damage,L3_S2,-2094,1558,16738,819,64,35,0,1868.11
3611,20:26:21:438,3,Severe_Damage,L3_S2,-2062,1528,16902,98,19,-72,0,2032.11
3612,20:26:21:448,3,Severe_Damage,L3_S2,-2008,1548,16614,-543,28,-173,0,1744.11
3613,20:26:21:458,3,Severe_Damage,L3_S2,-1980,1404,16368,-1223,0,-281,0,1498.11
3614,20:26:21:468,3,Severe_Damage,L3_S2,-1920,1346,15946,-1710,-24,-354,0,1076.11
3615,20:26:21:478,3,Severe_Damage,L3_S2,-1830,1166,15456,-2133,-16,-428,0,586.11
3616,20:26:21:488,3,Severe_Damage,L3_S2,-1732,1174,14828,-2292,-31,-452,0,-41.89
3617,20:26:21:498,3,Severe_Damage,L3_S2,-1686,918,14230,-2317,-43,-465,0,-639.89
3618,20:26:21:508,3,Severe_Damage,L3_S2,-1550,902,13648,-2094,-14,-430,0,-1221.89
3619,20:26:21:518,3,Severe_Damage,L3_S2,-1572,750,13366,-1750,-33,-369,0,-1503.89
3620,20:26:21:528,3,Severe_Damage,L3_S2,-1468,746,13070,-1176,5,-271,0,-1799.89
3621,20:26:21:538,3,Severe_Damage,L3_S2,-1432,728,13004,-576,28,-179,0,-1865.89
3622,20:26:21:547,3,Severe_Damage,L3_S2,-1472,774,13052,76,9,-82,0,-1817.89
3623,20:26:21:557,3,Severe_Damage,L3_S2,-1542,808,13390,681,84,5,0,-1479.89
3624,20:26:21:568,3,Severe_Damage,L3_S2,-1588,882,13768,1213,40,101,0,-1101.89
3625,20:26:21:578,3,Severe_Damage,L3_S2,-1678,964,14272,1585,93,152,0,-597.89
3626,20:26:21:588,3,Severe_Damage,L3_S2,-1766,1090,14782,1813,79,192,0,-87.89
3627,20:26:21:598,3,Severe_Damage,L3_S2,-1818,1250,15408,1818,73,196,0,538.11
3628,20:26:21:608,3,Severe_Damage,L3_S2,-1888,1366,15942,1649,92,167,0,1072.11
3629,20:26:21:618,3,Severe_Damage,L3_S2,-2046,1478,16350,1294,61,116,0,1480.11
3630,20:26:21:628,3,Severe_Damage,L3_S2,-2018,1440,16550,817,64,33,0,1680.11
3631,20:26:21:638,3,Severe_Damage,L3_S2,-2044,1542,16646,234,37,-53,0,1776.11
3632,20:26:21:648,3,Severe_Damage,L3_S2,-2060,1492,16578,-352,37,-143,0,1708.11
3633,20:26:21:658,3,Severe_Damage,L3_S2,-2020,1410,16344,-955,-5,-239,0,1474.11
3634,20:26:21:668,3,Severe_Damage,L3_S2,-1944,1384,15886,-1471,-17,-319,0,1016.11
3635,20:26:21:678,3,Severe_Damage,L3_S2,-1814,1244,15498,-1849,14,-388,0,628.11
3636,20:26:21:688,3,Severe_Damage,L3_S2,-1780,1228,14918,-2050,-32,-419,0,48.11
3637,20:26:21:698,3,Severe_Damage,L3_S2,-1734,1036,14402,-2099,-29,-429,0,-467.89
3638,20:26:21:708,3,Severe_Damage,L3_S2,-1620,934,13898,-1936,-15,-397,0,-971.89
3639,20:26:21:718,3,Severe_Damage,L3_S2,-1600,810,13574,-1652,-8,-349,0,-1295.89
3640,20:26:21:728,3,Severe_Damage,L3_S2,-1528,834,13208,-1188,1,-282,0,-1661.89
3641,20:26:21:738,3,Severe_Damage,L3_S2,-1494,692,13190,-684,-9,-195,0,-1679.89
3642,20:26:21:748,3,Severe_Damage,L3_S2,-1536,758,13136,-55,76,-102,0,-1733.89
3643,20:26:21:758,3,Severe_Damage,L3_S2,-1500,808,13498,467,5,-18,0,-1371.89
3644,20:26:21:768,3,Severe_Damage,L3_S2,-1642,900,13826,978,98,64,0,-1043.89
3645,20:26:21:778,3,Severe_Damage,L3_S2,-1656,974,14242,1334,66,114,0,-627.89
3646,20:26:21:788,3,Severe_Damage,L3_S2,-1764,1086,14776,1563,71,157,0,-93.89
3647,20:26:21:798,3,Severe_Damage,L3_S2,-1844,1204,15258,1616,98,161,0,388.11
3648,20:26:21:808,3,Severe_Damage,L3_S2,-1836,1302,15750,1496,57,145,0,880.11
3649,20:26:21:818,3,Severe_Damage,L3_S2,-1930,1394,16114,1221,77,93,0,1244.11
3650,20:26:21:828,3,Severe_Damage,L3_S2,-1936,1426,16408,805,45,30,0,1538.11
3651,20:26:21:838,3,Severe_Damage,L3_S2,-2032,1432,16482,302,42,-39,0,1612.11
3652,20:26:21:848,3,Severe_Damage,L3_S2,-2022,1468,16474,-246,36,-132,0,1604.11
3653,20:26:21:858,3,Severe_Damage,L3_S2,-2002,1404,16198,-777,7,-215,0,1328.11
3654,20:26:21:868,3,Severe_Damage,L3_S2,-1980,1400,15904,-1257,6,-294,0,1034.11
3655,20:26:21:878,3,Severe_Damage,L3_S2,-1898,1296,15472,-1623,-24,-344,0,602.11
3656,20:26:21:888,3,Severe_Damage,L3_S2,-1792,1168,15070,-1851,-12,-383,0,200.11
3657,20:26:21:898,3,Severe_Damage,L3_S2,-1698,1066,14538,-1912,-23,-392,0,-331.89
3658,20:26:21:908,3,Severe_Damage,L3_S2,-1718,958,14050,-1820,-18,-378,0,-819.89
3659,20:26:21:918,3,Severe_Damage,L3_S2,-1550,888,13738,-1553,10,-342,0,-1131.89
3660,20:26:21:928,3,Severe_Damage,L3_S2,-1528,828,13424,-1177,-28,-270,0,-1445.89
3661,20:26:21:938,3,Severe_Damage,L3_S2,-1532,838,13352,-699,35,-202,0,-1517.89
3662,20:26:21:948,3,Severe_Damage,L3_S2,-1496,802,13426,-184,19,-123,0,-1443.89
3663,20:26:21:958,3,Severe_Damage,L3_S2,-1534,818,13486,333,50,-37,0,-1383.89
3664,20:26:21:968,3,Severe_Damage,L3_S2,-1606,870,13864,791,65,29,0,-1005.89
3665,20:26:21:978,3,Severe_Damage,L3_S2,-1674,998,14262,1146,58,91,0,-607.89
3666,20:26:21:988,3,Severe_Damage,L3_S2,-1724,1068,14644,1379,80,124,0,-225.89
3667,20:26:21:998,3,Severe_Damage,L3_S2,-1800,1144,15104,1454,64,139,0,234.11
3668,20:26:22:008,3,Severe_Damage,L3_S2,-1896,1262,15586,1369,75,122,0,716.11
3669,20:26:22:018,3,Severe_Damage,L3_S2,-1890,1334,15892,1141,75,76,0,1022.11
3670,20:26:22:028,3,Severe_Damage,L3_S2,-1974,1368,16176,779,40,30,0,1306.11
3671,20:26:22:038,3,Severe_Damage,L3_S2,-1976,1408,16286,336,56,-47,0,1416.11
3672,20:26:22:048,3,Severe_Damage,L3_S2,-1978,1442,16314,-156,22,-115,0,1444.11
3673,20:26:22:058,3,Severe_Damage,L3_S2,-1966,1436,16168,-654,20,-197,0,1298.11
3674,20:26:22:068,3,Severe_Damage,L3_S2,-1940,1358,15898,-1098,7,-262,0,1028.11
3675,20:26:22:078,3,Severe_Damage,L3_S2,-1892,1248,15496,-1449,-12,-318,0,626.11
3676,20:26:22:088,3,Severe_Damage,L3_S2,-1754,1180,14992,-1672,-2,-353,0,122.11
3677,20:26:22:098,3,Severe_Damage,L3_S2,-1762,1100,14694,-1762,-19,-363,0,-175.89
3678,20:26:22:108,3,Severe_Damage,L3_S2,-1706,992,14256,-1694,-11,-360,0,-613.89
3679,20:26:22:118,3,Severe_Damage,L3_S2,-1640,928,13866,-1479,-3,-329,0,-1003.89
3680,20:26:22:128,3,Severe_Damage,L3_S2,-1596,826,13648,-1143,-12,-277,0,-1221.89
3681,20:26:22:138,3,Severe_Damage,L3_S2,-1586,834,13516,-726,20,-209,0,-1353.89
3682,20:26:22:148,3,Severe_Damage,L3_S2,-1570,846,13466,-261,16,-132,0,-1403.89
3683,20:26:22:158,3,Severe_Damage,L3_S2,-1612,820,13616,209,45,-61,0,-1253.89
3684,20:26:22:168,3,Severe_Damage,L3_S2,-1638,890,13864,641,58,2,0,-1005.89
3685,20:26:22:178,3,Severe_Damage,L3_S2,-1646,944,14216,985,58,55,0,-653.89
3686,20:26:22:188,3,Severe_Damage,L3_S2,-1746,1024,14660,1215,74,109,0,-209.89
3687,20:26:22:198,3,Severe_Damage,L3_S2,-1764,1094,15014,1300,58,114,0,144.11
3688,20:26:22:208,3,Severe_Damage,L3_S2,-1924,1258,15432,1253,79,106,0,562.11
3689,20:26:22:218,3,Severe_Damage,L3_S2,-1866,1254,15762,1058,48,79,0,892.11
3690,20:26:22:228,3,Severe_Damage,L3_S2,-1958,1388,16034,752,83,21,0,1164.11
3691,20:26:22:238,3,Severe_Damage,L3_S2,-1984,1376,16156,355,29,-31,0,1286.11
3692,20:26:22:248,3,Severe_Damage,L3_S2,-1956,1354,16106,-90,35,-105,0,1236.11
3693,20:26:22:258,3,Severe_Damage,L3_S2,-1944,1392,15998,-541,18,-179,0,1128.11
3694,20:26:22:268,3,Severe_Damage,L3_S2,-1984,1354,15844,-956,-2,-245,0,974.11
3695,20:26:22:278,3,Severe_Damage,L3_S2,-1820,1252,15524,-1289,4,-292,0,654.11
3696,20:26:22:288,3,Severe_Damage,L3_S2,-1780,1208,15134,-1516,-11,-324,0,264.11
3697,20:26:22:298,3,Severe_Damage,L3_S2,-1778,1084,14710,-1611,-2,-347,0,-159.89
3698,20:26:22:308,3,Severe_Damage,L3_S2,-1646,986,14394,-1578,-16,-335,0,-475.89
3699,20:26:22:318,3,Severe_Damage,L3_S2,-1686,930,13968,-1397,16,-309,0,-901.89
3700,20:26:22:328,3,Severe_Damage,L3_S2,-1574,868,13794,-1119,6,-266,0,-1075.89
3701,20:26:22:338,3,Severe_Damage,L3_S2,-1550,876,13544,-741,2,-201,0,-1325.89
3702,20:26:22:348,3,Severe_Damage,L3_S2,-1578,824,13634,-320,45,-148,0,-1235.89
3703,20:26:22:358,3,Severe_Damage,L3_S2,-1576,898,13724,103,32,-73,0,-1145.89
3704,20:26:22:368,3,Severe_Damage,L3_S2,-1634,936,13878,507,59,-16,0,-991.89
3705,20:26:22:378,3,Severe_Damage,L3_S2,-1652,960,14224,836,59,39,0,-645.89
3706,20:26:22:388,3,Severe_Damage,L3_S2,-1720,1062,14566,1052,64,85,0,-303.89
3707,20:26:22:398,3,Severe_Damage,L3_S2,-1836,1156,14936,1163,71,93,0,66.11
3708,20:26:22:408,3,Severe_Damage,L3_S2,-1848,1200,15390,1133,62,83,0,520.11
3709,20:26:22:418,3,Severe_Damage,L3_S2,-1844,1314,15638,985,51,60,0,768.11
3710,20:26:22:428,3,Severe_Damage,L3_S2,-1944,1312,15902,712,68,17,0,1032.11
3711,20:26:22:438,3,Severe_Damage,L3_S2,-1942,1358,16022,363,35,-41,0,1152.11
3712,20:26:22:448,3,Severe_Damage,L3_S2,-1952,1392,16008,-34,42,-98,0,1138.11
3713,20:26:22:458,3,Severe_Damage,L3_S2,-1948,1322,15964,-451,21,-159,0,1094.11
3714,20:26:22:468,3,Severe_Damage,L3_S2,-1912,1296,15802,-839,4,-223,0,932.11
3715,20:26:22:478,3,Severe_Damage,L3_S2,-1846,1240,15528,-1146,7,-278,0,658.11
3716,20:26:22:488,3,Severe_Damage,L3_S2,-1796,1160,15100,-1365,-16,-302,0,230.11
3717,20:26:22:498,3,Severe_Damage,L3_S2,-1736,1092,14864,-1474,4,-330,0,-5.89
3718,20:26:22:508,3,Severe_Damage,L3_S2,-1700,1062,14428,-1462,-11,-328,0,-441.89
3719,20:26:22:518,3,Severe_Damage,L3_S2,-1644,980,14082,-1323,9,-296,0,-787.89
3720,20:26:22:528,3,Severe_Damage,L3_S2,-1588,862,13904,-1071,-14,-263,0,-965.89
3721,20:26:22:538,3,Severe_Damage,L3_S2,-1590,892,13682,-744,25,-214,0,-1187.89
3722,20:26:22:548,3,Severe_Damage,L3_S2,-1602,850,13742,-363,22,-153,0,-1127.89
3723,20:26:22:558,3,Severe_Damage,L3_S2,-1550,870,13800,24,30,-84,0,-1069.89
3724,20:26:22:568,3,Severe_Damage,L3_S2,-1650,916,13962,388,54,-32,0,-907.89
3725,20:26:22:578,3,Severe_Damage,L3_S2,-1678,996,14220,701,50,13,0,-649.89
3726,20:26:22:588,3,Severe_Damage,L3_S2,-1702,1064,14624,921,57,50,0,-245.89
3727,20:26:22:598,3,Severe_Damage,L3_S2,-1810,1094,14862,1034,62,75,0,-7.89
3728,20:26:22:608,3,Severe_Damage,L3_S2,-1836,1202,15300,1026,64,68,0,430.11
3729,20:26:22:618,3,Severe_Damage,L3_S2,-1894,1248,15532,902,54,42,0,662.11
3730,20:26:22:628,3,Severe_Damage,L3_S2,-1922,1278,15758,678,47,15,0,888.11
3731,20:26:22:638,3,Severe_Damage,L3_S2,-1830,1296,15898,365,53,-35,0,1028.11
3732,20:26:22:648,3,Severe_Damage,L3_S2,-1920,1328,15926,5,28,-88,0,1056.11
3733,20:26:22:658,3,Severe_Damage,L3_S2,-1912,1324,15886,-373,19,-153,0,1016.11
3734,20:26:22:668,3,Severe_Damage,L3_S2,-1902,1290,15718,-727,12,-206,0,848.11
3735,20:26:22:678,3,Severe_Damage,L3_S2,-1882,1256,15518,-1029,3,-253,0,648.11
3736,20:26:22:688,3,Severe_Damage,L3_S2,-1814,1142,15240,-1238,4,-286,0,370.11
3737,20:26:22:698,3,Severe_Damage,L3_S2,-1838,1090,14798,-1354,-9,-305,0,-71.89
3738,20:26:22:708,3,Severe_Damage,L3_S2,-1652,1064,14502,-1353,-1,-311,0,-367.89
3739,20:26:22:718,3,Severe_Damage,L3_S2,-1700,996,14248,-1244,5,-290,0,-621.89
3740,20:26:22:728,3,Severe_Damage,L3_S2,-1628,936,13926,-1037,-3,-256,0,-943.89
3741,20:26:22:738,3,Severe_Damage,L3_S2,-1670,902,13764,-747,17,-213,0,-1105.89
3742,20:26:22:748,3,Severe_Damage,L3_S2,-1606,900,13770,-406,22,-160,0,-1099.89
3743,20:26:22:758,3,Severe_Damage,L3_S2,-1646,906,13922,-42,34,-101,0,-947.89
3744,20:26:22:768,3,Severe_Damage,L3_S2,-1668,930,14044,292,45,-50,0,-825.89
3745,20:26:22:778,3,Severe_Damage,L3_S2,-1684,1008,14318,584,55,3,0,-551.89
3746,20:26:22:788,3,Severe_Damage,L3_S2,-1724,1028,14508,791,60,36,0,-361.89
3747,20:26:22:798,3,Severe_Damage,L3_S2,-1796,1058,14804,918,58,56,0,-65.89
3748,20:26:22:808,3,Severe_Damage,L3_S2,-1818,1146,15160,920,66,55,0,290.11
3749,20:26:22:818,3,Severe_Damage,L3_S2,-1870,1224,15464,829,56,37,0,594.11
3750,20:26:22:828,3,Severe_Damage,L3_S2,-1862,1252,15636,621,43,0,0,766.11
3751,20:26:22:838,3,Severe_Damage,L3_S2,-1902,1276,15834,351,57,-40,0,964.11
3752,20:26:22:848,3,Severe_Damage,L3_S2,-1926,1384,15876,31,11,-88,0,1006.11
3753,20:26:22:858,3,Severe_Damage,L3_S2,-1908,1274,15880,-310,34,-146,0,1010.11
3754,20:26:22:868,3,Severe_Damage,L3_S2,-1918,1246,15670,-634,16,-197,0,800.11
3755,20:26:22:878,3,Severe_Damage,L3_S2,-1830,1260,15480,-911,10,-237,0,610.11
3756,20:26:22:888,3,Severe_Damage,L3_S2,-1814,1204,15140,-1126,3,-268,0,270.11
3757,20:26:22:898,3,Severe_Damage,L3_S2,-1736,1120,14906,-1237,8,-285,0,36.11
3758,20:26:22:908,3,Severe_Damage,L3_S2,-1772,1098,14604,-1252,0,-291,0,-265.89
3759,20:26:22:918,3,Severe_Damage,L3_S2,-1700,1006,14380,-1171,5,-277,0,-489.89
3760,20:26:22:928,3,Severe_Damage,L3_S2,-1618,966,14064,-990,7,-248,0,-805.89
3761,20:26:22:938,3,Severe_Damage,L3_S2,-1640,962,13956,-732,12,-206,0,-913.89
3762,20:26:22:948,3,Severe_Damage,L3_S2,-1618,904,13928,-432,22,-158,0,-941.89
3763,20:26:22:958,3,Severe_Damage,L3_S2,-1602,898,13938,-99,33,-107,0,-931.89
3764,20:26:22:968,3,Severe_Damage,L3_S2,-1674,912,14072,202,39,-60,0,-797.89
3765,20:26:22:978,3,Severe_Damage,L3_S2,-1676,998,14228,480,57,-14,0,-641.89
3766,20:26:22:988,3,Severe_Damage,L3_S2,-1706,1056,14618,686,44,17,0,-251.89
3767,20:26:22:998,3,Severe_Damage,L3_S2,-1772,1106,14858,803,66,33,0,-11.89
3768,20:26:23:008,3,Severe_Damage,L3_S2,-1844,1152,15118,824,55,39,0,248.11
3769,20:26:23:018,3,Severe_Damage,L3_S2,-1804,1182,15372,752,60,22,0,502.11
3770,20:26:23:028,3,Severe_Damage,L3_S2,-1886,1256,15608,585,44,3,0,738.11
3771,20:26:23:038,3,Severe_Damage,L3_S2,-1948,1330,15722,342,62,-40,0,852.11
3772,20:26:23:048,3,Severe_Damage,L3_S2,-1886,1310,15732,61,24,-84,0,862.11
3773,20:26:23:058,3,Severe_Damage,L3_S2,-1954,1306,15768,-260,30,-130,0,898.11
3774,20:26:23:068,3,Severe_Damage,L3_S2,-1898,1284,15604,-550,26,-177,0,734.11
3775,20:26:23:078,3,Severe_Damage,L3_S2,-1848,1220,15430,-817,2,-223,0,560.11
3776,20:26:23:088,3,Severe_Damage,L3_S2,-1854,1192,15180,-1012,17,-253,0,310.11
3777,20:26:23:098,3,Severe_Damage,L3_S2,-1790,1120,14908,-1131,0,-272,0,38.11
3778,20:26:23:108,3,Severe_Damage,L3_S2,-1780,1068,14658,-1158,2,-269,0,-211.89
3779,20:26:23:118,3,Severe_Damage,L3_S2,-1672,1010,14404,-1091,11,-266,0,-465.89
3780,20:26:23:128,3,Severe_Damage,L3_S2,-1662,958,14246,-933,12,-243,0,-623.89
3781,20:26:23:138,3,Severe_Damage,L3_S2,-1644,958,14074,-711,9,-200,0,-795.89
3782,20:26:23:149,3,Severe_Damage,L3_S2,-1630,952,13930,-445,40,-159,0,-939.89
3783,20:26:23:158,3,Severe_Damage,L3_S2,-1674,956,14020,-155,29,-113,0,-849.89
3784,20:26:23:168,3,Severe_Damage,L3_S2,-1676,942,14160,140,43,-70,0,-709.89
3785,20:26:23:178,3,Severe_Damage,L3_S2,-1670,990,14308,388,42,-32,0,-561.89
3786,20:26:23:188,3,Severe_Damage,L3_S2,-1718,1076,14520,586,48,-5,0,-349.89
3787,20:26:23:198,3,Severe_Damage,L3_S2,-1776,1078,14798,706,45,16,0,-71.89
3788,20:26:23:208,3,Severe_Damage,L3_S2,-1780,1158,15058,739,56,24,0,188.11
3789,20:26:23:218,3,Severe_Damage,L3_S2,-1864,1202,15234,678,61,11,0,364.11
3790,20:26:23:228,3,Severe_Damage,L3_S2,-1916,1246,15560,529,53,-8,0,690.11
3791,20:26:23:238,3,Severe_Damage,L3_S2,-1866,1280,15572,325,27,-39,0,702.11
3792,20:26:23:248,3,Severe_Damage,L3_S2,-1908,1296,15756,67,56,-83,0,886.11
3793,20:26:23:258,3,Severe_Damage,L3_S2,-1892,1300,15630,-207,29,-128,0,760.11
3794,20:26:23:268,3,Severe_Damage,L3_S2,-1894,1246,15614,-496,20,-169,0,744.11
3795,20:26:23:278,3,Severe_Damage,L3_S2,-1866,1244,15400,-731,16,-210,0,530.11
3796,20:26:23:288,3,Severe_Damage,L3_S2,-1812,1182,15240,-928,6,-237,0,370.11
3797,20:26:23:298,3,Severe_Damage,L3_S2,-1844,1120,15048,-1030,17,-254,0,178.11
3798,20:26:23:308,3,Severe_Damage,L3_S2,-1754,1076,14690,-1078,0,-266,0,-179.89
3799,20:26:23:318,3,Severe_Damage,L3_S2,-1730,1016,14472,-1014,6,-254,0,-397.89
3800,20:26:23:328,3,Severe_Damage,L3_S2,-1620,968,14298,-891,15,-233,0,-571.89
3801,20:26:23:338,3,Severe_Damage,L3_S2,-1694,958,14110,-697,24,-192,0,-759.89
3802,20:26:23:348,3,Severe_Damage,L3_S2,-1654,968,14156,-455,15,-154,0,-713.89
3803,20:26:23:358,3,Severe_Damage,L3_S2,-1656,954,14086,-184,38,-122,0,-783.89
3804,20:26:23:368,3,Severe_Damage,L3_S2,-1688,974,14206,73,33,-85,0,-663.89
3805,20:26:23:378,3,Severe_Damage,L3_S2,-1712,970,14294,313,52,-52,0,-575.89
3806,20:26:23:388,3,Severe_Damage,L3_S2,-1740,978,14514,489,54,-13,0,-355.89
3807,20:26:23:398,3,Severe_Damage,L3_S2,-1730,1114,14750,612,48,3,0,-119.89
3808,20:26:23:408,3,Severe_Damage,L3_S2,-1800,1134,15046,649,54,5,0,176.11
3809,20:26:23:418,3,Severe_Damage,L3_S2,-1790,1200,15210,605,51,1,0,340.11
3810,20:26:23:428,3,Severe_Damage,L3_S2,-1872,1190,15440,486,50,-17,0,570.11
3811,20:26:23:438,3,Severe_Damage,L3_S2,-1848,1250,15526,301,31,-43,0,656.11
3812,20:26:23:448,3,Severe_Damage,L3_S2,-1928,1246,15624,78,52,-76,0,754.11
3813,20:26:23:458,3,Severe_Damage,L3_S2,-1846,1250,15598,-176,15,-114,0,728.11
3814,20:26:23:468,3,Severe_Damage,L3_S2,-1866,1282,15518,-430,25,-155,0,648.11
3815,20:26:23:478,3,Severe_Damage,L3_S2,-1856,1232,15344,-655,24,-196,0,474.11
3816,20:26:23:488,3,Severe_Damage,L3_S2,-1794,1108,15208,-840,-1,-220,0,338.11
3817,20:26:23:498,3,Severe_Damage,L3_S2,-1800,1166,14970,-946,9,-240,0,100.11
3818,20:26:23:508,3,Severe_Damage,L3_S2,-1724,1062,14758,-988,-1,-240,0,-111.89
3819,20:26:23:518,3,Severe_Damage,L3_S2,-1732,1082,14482,-952,12,-247,0,-387.89
3820,20:26:23:528,3,Severe_Damage,L3_S2,-1688,1014,14354,-845,7,-222,0,-515.89
3821,20:26:23:538,3,Severe_Damage,L3_S2,-1668,1036,14232,-672,17,-197,0,-637.89
3822,20:26:23:548,3,Severe_Damage,L3_S2,-1680,986,14112,-460,20,-163,0,-757.89
3823,20:26:23:558,3,Severe_Damage,L3_S2,-1650,960,14184,-225,32,-124,0,-685.89
3824,20:26:23:568,3,Severe_Damage,L3_S2,-1676,1000,14220,20,40,-89,0,-649.89
3825,20:26:23:578,3,Severe_Damage,L3_S2,-1706,1028,14410,236,37,-50,0,-459.89
3826,20:26:23:588,3,Severe_Damage,L3_S2,-1690,1052,14528,416,57,-22,0,-341.89
3827,20:26:23:598,3,Severe_Damage,L3_S2,-1742,1076,14764,522,52,-10,0,-105.89
3828,20:26:23:608,3,Severe_Damage,L3_S2,-1734,1092,14936,572,59,-7,0,66.11
3829,20:26:23:618,3,Severe_Damage,L3_S2,-1810,1186,15202,538,49,-7,0,332.11
3830,20:26:23:628,3,Severe_Damage,L3_S2,-1916,1198,15288,442,47,-16,0,418.11
3831,20:26:23:638,3,Severe_Damage,L3_S2,-1868,1250,15524,278,44,-47,0,654.11
3832,20:26:23:648,3,Severe_Damage,L3_S2,-1824,1242,15512,80,31,-87,0,642.11
3833,20:26:23:659,3,Severe_Damage,L3_S2,-1894,1218,15564,-156,43,-114,0,694.11
3834,20:26:23:669,3,Severe_Damage,L3_S2,-1898,1246,15512,-371,15,-158,0,642.11
3835,20:26:23:678,3,Severe_Damage,L3_S2,-1808,1228,15332,-583,17,-183,0,462.11
3836,20:26:23:689,3,Severe_Damage,L3_S2,-1806,1190,15198,-753,12,-212,0,328.11
3837,20:26:23:698,3,Severe_Damage,L3_S2,-1800,1144,15018,-869,12,-223,0,148.11
3838,20:26:23:708,3,Severe_Damage,L3_S2,-1742,1092,14798,-915,19,-232,0,-71.89
3839,20:26:23:718,3,Severe_Damage,L3_S2,-1744,1060,14538,-897,13,-231,0,-331.89
3840,20:26:23:728,3,Severe_Damage,L3_S2,-1690,988,14414,-800,14,-220,0,-455.89
3841,20:26:23:738,3,Severe_Damage,L3_S2,-1696,1012,14270,-649,17,-192,0,-599.89
3842,20:26:23:749,3,Severe_Damage,L3_S2,-1682,966,14256,-461,26,-171,0,-613.89
3843,20:26:23:758,3,Severe_Damage,L3_S2,-1680,958,14202,-242,32,-126,0,-667.89
3844,20:26:23:768,3,Severe_Damage,L3_S2,-1644,952,14292,-26,38,-92,0,-577.89
3845,20:26:23:778,3,Severe_Damage,L3_S2,-1690,992,14382,182,36,-58,0,-487.89
3846,20:26:23:788,3,Severe_Damage,L3_S2,-1742,1048,14558,345,47,-36,0,-311.89
3847,20:26:23:798,3,Severe_Damage,L3_S2,-1742,1092,14756,458,57,-19,0,-113.89
3848,20:26:23:808,3,Severe_Damage,L3_S2,-1810,1110,14898,499,51,-15,0,28.11
3849,20:26:23:818,3,Severe_Damage,L3_S2,-1802,1166,15082,485,58,-19,0,212.11
3850,20:26:23:828,3,Severe_Damage,L3_S2,-1812,1204,15314,389,43,-29,0,444.11
3851,20:26:23:838,3,Severe_Damage,L3_S2,-1848,1234,15420,255,41,-48,0,550.11
3852,20:26:23:848,3,Severe_Damage,L3_S2,-1828,1234,15468,71,39,-81,0,598.11
3853,20:26:23:859,3,Severe_Damage,L3_S2,-1860,1216,15488,-136,34,-113,0,618.11
3854,20:26:23:869,3,Severe_Damage,L3_S2,-1868,1192,15406,-343,30,-144,0,536.11
3855,20:26:23:879,3,Severe_Damage,L3_S2,-1838,1204,15256,-544,20,-181,0,386.11
3856,20:26:23:889,3,Severe_Damage,L3_S2,-1856,1240,15154,-694,14,-201,0,284.11
3857,20:26:23:899,3,Severe_Damage,L3_S2,-1764,1152,14924,-802,13,-223,0,54.11
3858,20:26:23:909,3,Severe_Damage,L3_S2,-1764,1108,14898,-851,0,-224,0,28.11
3859,20:26:23:919,3,Severe_Damage,L3_S2,-1754,1074,14616,-834,16,-227,0,-253.89
3860,20:26:23:929,3,Severe_Damage,L3_S2,-1688,1036,14466,-754,10,-210,0,-403.89
3861,20:26:23:939,3,Severe_Damage,L3_S2,-1718,1000,14364,-626,17,-189,0,-505.89
3862,20:26:23:948,3,Severe_Damage,L3_S2,-1670,956,14318,-447,20,-160,0,-551.89
3863,20:26:23:959,3,Severe_Damage,L3_S2,-1702,980,14274,-260,25,-133,0,-595.89
3864,20:26:23:968,3,Severe_Damage,L3_S2,-1676,974,14334,-55,38,-107,0,-535.89
3865,20:26:23:978,3,Severe_Damage,L3_S2,-1682,1006,14380,130,34,-68,0,-489.89
3866,20:26:23:988,3,Severe_Damage,L3_S2,-1754,1012,14534,282,46,-46,0,-335.89
3867,20:26:23:998,3,Severe_Damage,L3_S2,-1708,1108,14742,388,46,-35,0,-127.89
3868,20:26:24:008,3,Severe_Damage,L3_S2,-1786,1122,14888,437,50,-28,0,18.11
3869,20:26:24:018,3,Severe_Damage,L3_S2,-1822,1154,15068,423,50,-36,0,198.11
3870,20:26:24:028,3,Severe_Damage,L3_S2,-1842,1184,15200,350,47,-41,0,330.11
3871,20:26:24:038,3,Severe_Damage,L3_S2,-1836,1186,15358,228,51,-60,0,488.11
3872,20:26:24:048,3,Severe_Damage,L3_S2,-1848,1232,15398,73,44,-79,0,528.11
3873,20:26:24:059,3,Severe_Damage,L3_S2,-1876,1244,15464,-118,32,-108,0,594.11
3874,20:26:24:069,3,Severe_Damage,L3_S2,-1810,1188,15474,-303,30,-142,0,604.11
3875,20:26:24:079,3,Severe_Damage,L3_S2,-1838,1216,15320,-485,11,-165,0,450.11
3876,20:26:24:089,3,Severe_Damage,L3_S2,-1826,1224,15210,-641,29,-193,0,340.11
3877,20:26:24:099,3,Severe_Damage,L3_S2,-1744,1154,14986,-745,8,-212,0,116.11
3878,20:26:24:109,3,Severe_Damage,L3_S2,-1784,1118,14780,-793,12,-213,0,-89.89
3879,20:26:24:119,3,Severe_Damage,L3_S2,-1732,1084,14670,-785,14,-208,0,-199.89
3880,20:26:24:129,3,Severe_Damage,L3_S2,-1730,1030,14506,-717,10,-200,0,-363.89
3881,20:26:24:139,3,Severe_Damage,L3_S2,-1668,990,14428,-600,21,-195,0,-441.89
3882,20:26:24:149,3,Severe_Damage,L3_S2,-1680,982,14316,-450,26,-160,0,-553.89
3883,20:26:24:159,3,Severe_Damage,L3_S2,-1716,1016,14242,-265,28,-136,0,-627.89
3884,20:26:24:169,3,Severe_Damage,L3_S2,-1688,986,14338,-85,34,-104,0,-531.89
3885,20:26:24:179,3,Severe_Damage,L3_S2,-1736,1032,14474,86,32,-83,0,-395.89
3886,20:26:24:188,3,Severe_Damage,L3_S2,-1668,1086,14582,228,49,-56,0,-287.89
3887,20:26:24:199,3,Severe_Damage,L3_S2,-1786,1122,14756,331,40,-44,0,-113.89
3888,20:26:24:208,3,Severe_Damage,L3_S2,-1798,1138,14882,380,53,-36,0,12.11
3889,20:26:24:218,3,Severe_Damage,L3_S2,-1824,1134,15046,374,45,-34,0,176.11
3890,20:26:24:228,3,Severe_Damage,L3_S2,-1842,1158,15160,313,44,-47,0,290.11
3891,20:26:24:238,3,Severe_Damage,L3_S2,-1836,1210,15342,203,45,-60,0,472.11
3892,20:26:24:248,3,Severe_Damage,L3_S2,-1840,1216,15316,60,39,-86,0,446.11
3893,20:26:24:259,3,Severe_Damage,L3_S2,-1770,1236,15462,-110,34,-110,0,592.11
3894,20:26:24:269,3,Severe_Damage,L3_S2,-1864,1198,15344,-287,19,-140,0,474.11
3895,20:26:24:279,3,Severe_Damage,L3_S2,-1826,1184,15294,-449,28,-165,0,424.11
3896,20:26:24:289,3,Severe_Damage,L3_S2,-1762,1180,15150,-595,18,-183,0,280.11
3897,20:26:24:299,3,Severe_Damage,L3_S2,-1824,1176,14954,-686,19,-196,0,84.11
3898,20:26:24:309,3,Severe_Damage,L3_S2,-1770,1114,14876,-743,11,-213,0,6.11
3899,20:26:24:319,3,Severe_Damage,L3_S2,-1780,1066,14624,-738,15,-214,0,-245.89
3900,20:26:24:329,3,Severe_Damage,L3_S2,-1736,1068,14568,-677,16,-201,0,-301.89
3901,20:26:24:339,3,Severe_Damage,L3_S2,-1688,1002,14412,-576,22,-182,0,-457.89
3902,20:26:24:349,3,Severe_Damage,L3_S2,-1694,1046,14404,-439,15,-159,0,-465.89
3903,20:26:24:359,3,Severe_Damage,L3_S2,-1668,1020,14376,-275,29,-145,0,-493.89
3904,20:26:24:369,3,Severe_Damage,L3_S2,-1740,1008,14426,-111,30,-112,0,-443.89
3905,20:26:24:378,3,Severe_Damage,L3_S2,-1750,1042,14470,53,49,-85,0,-399.89
3906,20:26:24:389,3,Severe_Damage,L3_S2,-1758,1052,14590,188,48,-64,0,-279.89
3907,20:26:24:399,3,Severe_Damage,L3_S2,-1800,1072,14756,283,52,-44,0,-113.89
3908,20:26:24:408,3,Severe_Damage,L3_S2,-1758,1070,14876,335,53,-33,0,6.11
3909,20:26:24:419,3,Severe_Damage,L3_S2,-1810,1150,15018,321,43,-40,0,148.11
3910,20:26:24:429,3,Severe_Damage,L3_S2,-1810,1202,15244,276,47,-48,0,374.11
3911,20:26:24:439,3,Severe_Damage,L3_S2,-1868,1156,15296,178,44,-68,0,426.11
3912,20:26:24:448,3,Severe_Damage,L3_S2,-1872,1186,15292,49,33,-83,0,422.11
3913,20:26:24:459,3,Severe_Damage,L3_S2,-1862,1228,15350,-101,30,-113,0,480.11
3914,20:26:24:469,3,Severe_Damage,L3_S2,-1858,1212,15340,-263,22,-134,0,470.11
3915,20:26:24:479,3,Severe_Damage,L3_S2,-1810,1162,15228,-417,29,-161,0,358.11
3916,20:26:24:489,3,Severe_Damage,L3_S2,-1808,1184,15094,-551,16,-186,0,224.11
3917,20:26:24:499,3,Severe_Damage,L3_S2,-1814,1138,14942,-644,8,-187,0,72.11
3918,20:26:24:509,3,Severe_Damage,L3_S2,-1736,1104,14856,-685,18,-200,0,-13.89
3919,20:26:24:519,3,Severe_Damage,L3_S2,-1736,1066,14692,-689,8,-201,0,-177.89
3920,20:26:24:529,3,Severe_Damage,L3_S2,-1758,1040,14608,-640,27,-192,0,-261.89
3921,20:26:24:539,3,Severe_Damage,L3_S2,-1722,1040,14496,-553,12,-183,0,-373.89
3922,20:26:24:549,3,Severe_Damage,L3_S2,-1712,980,14500,-429,28,-159,0,-369.89
3923,20:26:24:559,3,Severe_Damage,L3_S2,-1692,1006,14348,-281,32,-137,0,-521.89
3924,20:26:24:569,3,Severe_Damage,L3_S2,-1746,956,14490,-130,28,-112,0,-379.89
3925,20:26:24:578,3,Severe_Damage,L3_S2,-1740,1024,14566,14,37,-92,0,-303.89
3926,20:26:24:589,3,Severe_Damage,L3_S2,-1730,1074,14626,143,40,-69,0,-243.89
3927,20:26:24:599,3,Severe_Damage,L3_S2,-1724,1108,14772,231,40,-52,0,-97.89
3928,20:26:24:609,3,Severe_Damage,L3_S2,-1756,1106,14920,279,43,-47,0,50.11
3929,20:26:24:619,3,Severe_Damage,L3_S2,-1824,1142,15004,290,41,-46,0,134.11
3930,20:26:24:629,3,Severe_Damage,L3_S2,-1808,1168,15142,243,45,-60,0,272.11
3931,20:26:24:639,3,Severe_Damage,L3_S2,-1848,1188,15224,163,41,-69,0,354.11
3932,20:26:24:649,3,Severe_Damage,L3_S2,-1768,1176,15314,41,38,-86,0,444.11
3933,20:26:24:659,3,Severe_Damage,L3_S2,-1858,1164,15298,-98,25,-101,0,428.11
3934,20:26:24:669,3,Severe_Damage,L3_S2,-1838,1202,15302,-240,28,-128,0,432.11
3935,20:26:24:679,3,Severe_Damage,L3_S2,-1862,1174,15186,-385,26,-154,0,316.11
3936,20:26:24:689,3,Severe_Damage,L3_S2,-1814,1196,15122,-505,19,-167,0,252.11
3937,20:26:24:699,3,Severe_Damage,L3_S2,-1766,1166,15000,-594,24,-189,0,130.11
3938,20:26:24:709,3,Severe_Damage,L3_S2,-1786,1104,14880,-648,16,-195,0,10.11
3939,20:26:24:719,3,Severe_Damage,L3_S2,-1754,1066,14764,-648,18,-199,0,-105.89
3940,20:26:24:729,3,Severe_Damage,L3_S2,-1762,1010,14630,-609,19,-188,0,-239.89
3941,20:26:24:739,3,Severe_Damage,L3_S2,-1740,1068,14568,-533,18,-174,0,-301.89
3942,20:26:24:749,3,Severe_Damage,L3_S2,-1684,1030,14528,-429,24,-154,0,-341.89
3943,20:26:24:759,3,Severe_Damage,L3_S2,-1706,1026,14392,-289,17,-134,0,-477.89
3944,20:26:24:769,3,Severe_Damage,L3_S2,-1682,1012,14444,-147,31,-120,0,-425.89
3945,20:26:24:779,3,Severe_Damage,L3_S2,-1742,1032,14544,-14,28,-91,0,-325.89
3946,20:26:24:789,3,Severe_Damage,L3_S2,-1750,1058,14616,103,30,-70,0,-253.89
3947,20:26:24:799,3,Severe_Damage,L3_S2,-1778,1106,14774,195,44,-67,0,-95.89
3948,20:26:24:809,3,Severe_Damage,L3_S2,-1766,1102,14888,237,36,-54,0,18.11
3949,20:26:24:819,3,Severe_Damage,L3_S2,-1800,1142,15026,245,40,-51,0,156.11
3950,20:26:24:829,3,Severe_Damage,L3_S2,-1748,1140,15078,209,32,-52,0,208.11
3951,20:26:24:839,3,Severe_Damage,L3_S2,-1864,1174,15136,136,42,-67,0,266.11
3952,20:26:24:849,3,Severe_Damage,L3_S2,-1828,1182,15234,33,34,-86,0,364.11
3953,20:26:24:859,3,Severe_Damage,L3_S2,-1868,1174,15238,-102,23,-104,0,368.11
3954,20:26:24:869,3,Severe_Damage,L3_S2,-1834,1244,15238,-225,31,-128,0,368.11
3955,20:26:24:879,3,Severe_Damage,L3_S2,-1798,1174,15204,-362,20,-138,0,334.11
3956,20:26:24:889,3,Severe_Damage,L3_S2,-1856,1158,15018,-469,22,-155,0,148.11
3957,20:26:24:899,3,Severe_Damage,L3_S2,-1786,1146,14950,-559,19,-175,0,80.11
3958,20:26:24:909,3,Severe_Damage,L3_S2,-1828,1114,14900,-599,24,-187,0,30.11
3959,20:26:24:919,3,Severe_Damage,L3_S2,-1772,1106,14724,-619,22,-185,0,-145.89
3960,20:26:24:929,3,Severe_Damage,L3_S2,-1786,1070,14630,-578,18,-181,0,-239.89
3961,20:26:24:939,3,Severe_Damage,L3_S2,-1736,1022,14586,-511,21,-175,0,-283.89
3962,20:26:24:949,3,Severe_Damage,L3_S2,-1772,1060,14460,-407,32,-156,0,-409.89
3963,20:26:24:959,3,Severe_Damage,L3_S2,-1692,992,14506,-297,30,-141,0,-363.89
3964,20:26:24:969,3,Severe_Damage,L3_S2,-1750,1076,14548,-164,26,-119,0,-321.89
3965,20:26:24:979,3,Severe_Damage,L3_S2,-1732,1040,14516,-40,39,-96,0,-353.89
3966,20:26:24:989,3,Severe_Damage,L3_S2,-1814,1052,14626,67,38,-81,0,-243.89
3967,20:26:24:999,3,Severe_Damage,L3_S2,-1732,1112,14816,153,40,-71,0,-53.89
3968,20:26:25:009,3,Severe_Damage,L3_S2,-1716,1086,14796,197,41,-57,0,-73.89
3969,20:26:25:019,3,Severe_Damage,L3_S2,-1798,1106,14968,210,39,-60,0,98.11
3970,20:26:25:029,3,Severe_Damage,L3_S2,-1806,1166,14994,178,35,-61,0,124.11
3971,20:26:25:039,3,Severe_Damage,L3_S2,-1810,1128,15200,108,43,-72,0,330.11
3972,20:26:25:049,3,Severe_Damage,L3_S2,-1854,1156,15220,22,38,-87,0,350.11
3973,20:26:25:059,3,Severe_Damage,L3_S2,-1828,1162,15292,-92,29,-106,0,422.11
3974,20:26:25:069,3,Severe_Damage,L3_S2,-1810,1208,15274,-216,31,-126,0,404.11
3975,20:26:25:079,3,Severe_Damage,L3_S2,-1784,1188,15198,-336,19,-149,0,328.11
3976,20:26:25:089,3,Severe_Damage,L3_S2,-1806,1146,15122,-432,27,-165,0,252.11
3977,20:26:25:099,3,Severe_Damage,L3_S2,-1772,1136,14996,-516,12,-173,0,126.11
3978,20:26:25:109,3,Severe_Damage,L3_S2,-1780,1090,14898,-563,21,-175,0,28.11
3979,20:26:25:119,3,Severe_Damage,L3_S2,-1746,1050,14768,-572,15,-177,0,-101.89
3980,20:26:25:129,3,Severe_Damage,L3_S2,-1750,1076,14692,-551,25,-184,0,-177.89
3981,20:26:25:139,3,Severe_Damage,L3_S2,-1734,1072,14606,-485,19,-171,0,-263.89
3982,20:26:25:149,3,Severe_Damage,L3_S2,-1724,1066,14516,-406,22,-156,0,-353.89
3983,20:26:25:159,3,Severe_Damage,L3_S2,-1742,1012,14542,-294,35,-142,0,-327.89
3984,20:26:25:169,3,Severe_Damage,L3_S2,-1746,1042,14512,-176,35,-119,0,-357.89
3985,20:26:25:179,3,Severe_Damage,L3_S2,-1738,1078,14564,-58,38,-100,0,-305.89
3986,20:26:25:189,3,Severe_Damage,L3_S2,-1726,1072,14682,34,41,-91,0,-187.89
3987,20:26:25:199,3,Severe_Damage,L3_S2,-1766,1096,14738,119,33,-78,0,-131.89
3988,20:26:25:209,3,Severe_Damage,L3_S2,-1760,1114,14860,162,42,-72,0,-9.89
3989,20:26:25:219,3,Severe_Damage,L3_S2,-1762,1136,14948,177,33,-56,0,78.11
3990,20:26:25:229,3,Severe_Damage,L3_S2,-1822,1142,15068,148,40,-69,0,198.11
3991,20:26:25:239,3,Severe_Damage,L3_S2,-1828,1184,15160,92,30,-82,0,290.11
3992,20:26:25:249,3,Severe_Damage,L3_S2,-1842,1222,15116,4,32,-90,0,246.11
3993,20:26:25:259,3,Severe_Damage,L3_S2,-1826,1176,15198,-91,33,-102,0,328.11
3994,20:26:25:269,3,Severe_Damage,L3_S2,-1802,1202,15150,-203,23,-127,0,280.11
3995,20:26:25:279,3,Severe_Damage,L3_S2,-1792,1158,15190,-307,29,-145,0,320.11
3996,20:26:25:289,3,Severe_Damage,L3_S2,-1784,1184,15068,-407,23,-159,0,198.11
3997,20:26:25:299,3,Severe_Damage,L3_S2,-1804,1154,14988,-483,21,-168,0,118.11
3998,20:26:25:309,3,Severe_Damage,L3_S2,-1742,1142,14930,-531,21,-183,0,60.11
3999,20:26:25:319,3,Severe_Damage,L3_S2,-1740,1092,14854,-540,23,-173,0,-15.89
4000,20:26:25:329,3,Severe_Damage,L3_S2,-1754,1100,14696,-519,21,-175,0,-173.89
4001,20:26:25:339,3,Severe_Damage,L3_S2,-1728,1030,14598,-470,22,-165,0,-271.89
4002,20:26:25:349,3,Severe_Damage,L3_S2,-1702,1050,14546,-393,30,-145,0,-323.89
4003,20:26:25:359,3,Severe_Damage,L3_S2,-1756,1072,14598,-291,32,-136,0,-271.89
4004,20:26:25:369,3,Severe_Damage,L3_S2,-1758,1046,14560,-182,28,-129,0,-309.89
4005,20:26:25:379,3,Severe_Damage,L3_S2,-1728,1062,14678,-79,37,-108,0,-191.89
4006,20:26:25:389,3,Severe_Damage,L3_S2,-1754,1078,14704,14,39,-93,0,-165.89
4007,20:26:25:399,3,Severe_Damage,L3_S2,-1770,1100,14742,83,41,-83,0,-127.89
4008,20:26:25:409,3,Severe_Damage,L3_S2,-1752,1138,14842,133,42,-72,0,-27.89
4009,20:26:25:419,3,Severe_Damage,L3_S2,-1828,1108,14944,140,36,-72,0,74.11
4010,20:26:25:429,3,Severe_Damage,L3_S2,-1766,1188,14960,133,41,-74,0,90.11
4011,20:26:25:439,3,Severe_Damage,L3_S2,-1772,1114,15064,78,40,-90,0,194.11
4012,20:26:25:449,3,Severe_Damage,L3_S2,-1800,1172,15180,1,40,-90,0,310.11
4013,20:26:25:459,3,Severe_Damage,L3_S2,-1800,1170,15204,-94,39,-110,0,334.11
4014,20:26:25:469,3,Severe_Damage,L3_S2,-1840,1226,15200,-194,26,-123,0,330.11
4015,20:26:25:479,3,Severe_Damage,L3_S2,-1844,1156,15180,-299,28,-133,0,310.11
4016,20:26:25:489,3,Severe_Damage,L3_S2,-1800,1142,15062,-382,26,-157,0,192.11
4017,20:26:25:499,3,Severe_Damage,L3_S2,-1776,1162,15048,-456,27,-166,0,178.11
4018,20:26:25:509,3,Severe_Damage,L3_S2,-1838,1112,14914,-495,21,-174,0,44.11
4019,20:26:25:519,3,Severe_Damage,L3_S2,-1736,1124,14814,-515,19,-173,0,-55.89
4020,20:26:25:529,3,Severe_Damage,L3_S2,-1746,1112,14712,-496,23,-166,0,-157.89
4021,20:26:25:539,3,Severe_Damage,L3_S2,-1740,1070,14584,-446,22,-167,0,-285.89
4022,20:26:25:549,3,Severe_Damage,L3_S2,-1734,1082,14640,-375,29,-144,0,-229.89
4023,20:26:25:560,3,Severe_Damage,L3_S2,-1750,1076,14584,-292,26,-130,0,-285.89
4024,20:26:25:569,3,Severe_Damage,L3_S2,-1716,1088,14582,-189,27,-130,0,-287.89
4025,20:26:25:579,3,Severe_Damage,L3_S2,-1760,1050,14648,-96,37,-110,0,-221.89
4026,20:26:25:589,3,Severe_Damage,L3_S2,-1746,1042,14686,-12,41,-104,0,-183.89
4027,20:26:25:599,3,Severe_Damage,L3_S2,-1702,1022,14706,53,31,-88,0,-163.89
4028,20:26:25:609,3,Severe_Damage,L3_S2,-1792,1076,14788,101,36,-76,0,-81.89
4029,20:26:25:619,3,Severe_Damage,L3_S2,-1778,1090,14940,116,38,-80,0,70.11
4030,20:26:25:629,3,Severe_Damage,L3_S2,-1810,1164,15062,105,39,-80,0,192.11
4031,20:26:25:639,3,Severe_Damage,L3_S2,-1818,1148,15026,57,35,-89,0,156.11
4032,20:26:25:649,3,Severe_Damage,L3_S2,-1772,1186,15086,-8,40,-101,0,216.11
4033,20:26:25:659,3,Severe_Damage,L3_S2,-1852,1184,15206,-89,28,-107,0,336.11
4034,20:26:25:669,3,Severe_Damage,L3_S2,-1820,1150,15148,-189,38,-124,0,278.11
4035,20:26:25:679,3,Severe_Damage,L3_S2,-1802,1132,15068,-279,18,-130,0,198.11
4036,20:26:25:689,3,Severe_Damage,L3_S2,-1832,1148,15102,-363,29,-150,0,232.11
4037,20:26:25:699,3,Severe_Damage,L3_S2,-1816,1134,15036,-425,28,-158,0,166.11
4038,20:26:25:709,3,Severe_Damage,L3_S2,-1766,1136,14892,-468,18,-163,0,22.11
4039,20:26:25:719,3,Severe_Damage,L3_S2,-1778,1132,14834,-483,24,-164,0,-35.89
4040,20:26:25:730,3,Severe_Damage,L3_S2,-1768,1090,14706,-471,18,-160,0,-163.89
4041,20:26:25:739,3,Severe_Damage,L3_S2,-1782,1136,14636,-432,27,-153,0,-233.89
4042,20:26:25:749,3,Severe_Damage,L3_S2,-1716,1044,14604,-365,33,-148,0,-265.89
4043,20:26:25:759,3,Severe_Damage,L3_S2,-1742,1060,14550,-287,28,-138,0,-319.89
4044,20:26:25:769,3,Severe_Damage,L3_S2,-1748,1056,14592,-202,33,-131,0,-277.89
4045,20:26:25:779,3,Severe_Damage,L3_S2,-1678,1078,14672,-113,31,-113,0,-197.89
4046,20:26:25:789,3,Severe_Damage,L3_S2,-1778,1122,14688,-37,30,-98,0,-181.89
4047,20:26:25:799,3,Severe_Damage,L3_S2,-1690,1092,14732,33,36,-83,0,-137.89
4048,20:26:25:809,3,Severe_Damage,L3_S2,-1766,1076,14856,68,32,-75,0,-13.89
4049,20:26:25:819,3,Severe_Damage,L3_S2,-1814,1086,14918,88,42,-76,0,48.11
4050,20:26:25:829,3,Severe_Damage,L3_S2,-1788,1170,14998,76,36,-80,0,128.11
4051,20:26:25:839,3,Severe_Damage,L3_S2,-1818,1174,15012,40,37,-82,0,142.11
4052,20:26:25:849,3,Severe_Damage,L3_S2,-1780,1164,15094,-24,36,-95,0,224.11
4053,20:26:25:859,3,Severe_Damage,L3_S2,-1796,1180,15084,-95,37,-107,0,214.11
4054,20:26:25:869,3,Severe_Damage,L3_S2,-1838,1168,15088,-180,23,-121,0,218.11
4055,20:26:25:879,3,Severe_Damage,L3_S2,-1772,1164,15102,-260,31,-136,0,232.11
4056,20:26:25:889,3,Severe_Damage,L3_S2,-1872,1152,15072,-343,27,-145,0,202.11
4057,20:26:25:899,3,Severe_Damage,L3_S2,-1766,1132,15008,-400,28,-153,0,138.11
4058,20:26:25:909,3,Severe_Damage,L3_S2,-1776,1120,14976,-442,19,-160,0,106.11
4059,20:26:25:919,3,Severe_Damage,L3_S2,-1778,1142,14838,-463,21,-166,0,-31.89
4060,20:26:25:929,3,Severe_Damage,L3_S2,-1768,1048,14700,-448,23,-158,0,-169.89
4061,20:26:25:939,3,Severe_Damage,L3_S2,-1764,1064,14738,-416,27,-157,0,-131.89
4062,20:26:25:949,3,Severe_Damage,L3_S2,-1682,1064,14668,-360,29,-147,0,-201.89
4063,20:26:25:959,3,Severe_Damage,L3_S2,-1736,1022,14644,-284,28,-140,0,-225.89
4064,20:26:25:969,3,Severe_Damage,L3_S2,-1756,1136,14674,-204,22,-129,0,-195.89
4065,20:26:25:979,3,Severe_Damage,L3_S2,-1726,1034,14630,-126,32,-110,0,-239.89
4066,20:26:25:989,3,Severe_Damage,L3_S2,-1806,1032,14760,-55,36,-97,0,-109.89
4067,20:26:25:999,3,Severe_Damage,L3_S2,-1710,1110,14794,46,33,-87,0,-75.89
4068,20:26:26:009,3,Severe_Damage,L3_S2,-1824,1138,14858,66,33,-85,0,-11.89
4069,20:26:26:019,3,Severe_Damage,L3_S2,-1764,1112,14962,57,40,-88,0,92.11
4070,20:26:26:029,3,Severe_Damage,L3_S2,-1760,1148,14968,23,33,-97,0,98.11
4071,20:26:26:039,3,Severe_Damage,L3_S2,-1824,1174,15036,-28,35,-94,0,166.11
4072,20:26:26:049,3,Severe_Damage,L3_S2,-1784,1146,15114,-98,37,-109,0,244.11
4073,20:26:26:059,3,Severe_Damage,L3_S2,-1828,1152,15026,-173,27,-112,0,156.11
4074,20:26:26:069,3,Severe_Damage,L3_S2,-1790,1114,15070,-255,29,-136,0,200.11
4075,20:26:26:079,3,Severe_Damage,L3_S2,-1766,1108,15052,-321,30,-140,0,182.11
4076,20:26:26:089,3,Severe_Damage,L3_S2,-1816,1126,14990,-377,21,-148,0,120.11
4077,20:26:26:099,3,Severe_Damage,L3_S2,-1782,1142,14978,-420,23,-162,0,108.11
4078,20:26:26:109,3,Severe_Damage,L3_S2,-1774,1102,14822,-439,14,-160,0,-47.89
4079,20:26:26:119,3,Severe_Damage,L3_S2,-1786,1092,14832,-425,29,-163,0,-37.89
4080,20:26:26:129,3,Severe_Damage,L3_S2,-1774,1108,14756,-397,19,-157,0,-113.89
4081,20:26:26:139,3,Severe_Damage,L3_S2,-1728,1068,14724,-350,20,-149,0,-145.89
4082,20:26:26:149,3,Severe_Damage,L3_S2,-1732,1082,14552,-279,28,-136,0,-317.89
4083,20:26:26:159,3,Severe_Damage,L3_S2,-1770,1074,14678,-216,26,-122,0,-191.89
4084,20:26:26:169,3,Severe_Damage,L3_S2,-1728,1064,14730,-133,36,-116,0,-139.89
4085,20:26:26:179,3,Severe_Damage,L3_S2,-1758,1090,14762,-67,37,-106,0,-107.89
4086,20:26:26:189,3,Severe_Damage,L3_S2,-1748,1102,14690,-10,40,-94,0,-179.89
4087,20:26:26:199,3,Severe_Damage,L3_S2,-1744,1110,14824,22,34,-95,0,-45.89
4088,20:26:26:209,3,Severe_Damage,L3_S2,-1774,1122,14928,38,29,-90,0,58.11
4089,20:26:26:219,3,Severe_Damage,L3_S2,-1798,1146,14990,36,35,-89,0,120.11
4090,20:26:26:229,3,Severe_Damage,L3_S2,-1772,1174,15048,11,31,-91,0,178.11
4091,20:26:26:239,3,Severe_Damage,L3_S2,-1780,1172,14992,-37,39,-94,0,122.11
4092,20:26:26:249,3,Severe_Damage,L3_S2,-1794,1122,15078,-97,31,-107,0,208.11
4093,20:26:26:259,3,Severe_Damage,L3_S2,-1832,1172,14980,-173,27,-118,0,110.11
4094,20:26:26:269,3,Severe_Damage,L3_S2,-1796,1134,15062,-243,30,-131,0,192.11
4095,20:26:26:279,3,Severe_Damage,L3_S2,-1806,1106,15006,-305,25,-148,0,136.11
4096,20:26:26:290,3,Severe_Damage,L3_S2,-1764,1140,14938,-359,33,-145,0,68.11
4097,20:26:26:299,3,Severe_Damage,L3_S2,-1772,1102,14836,-402,27,-151,0,-33.89
4098,20:26:26:309,3,Severe_Damage,L3_S2,-1784,1122,14920,-415,24,-158,0,50.11
4099,20:26:26:319,3,Severe_Damage,L3_S2,-1712,1136,14816,-412,24,-154,0,-53.89
4100,20:26:26:330,3,Severe_Damage,L3_S2,-1736,1070,14684,-383,29,-157,0,-185.89
4101,20:26:26:339,3,Severe_Damage,L3_S2,-1744,1044,14696,-344,27,-149,0,-173.89
4102,20:26:26:350,3,Severe_Damage,L3_S2,-1808,1068,14638,-279,25,-137,0,-231.89
4103,20:26:26:359,3,Severe_Damage,L3_S2,-1704,1038,14666,-213,32,-126,0,-203.89
4104,20:26:26:369,3,Severe_Damage,L3_S2,-1738,1078,14688,-140,31,-116,0,-181.89
4105,20:26:26:379,3,Severe_Damage,L3_S2,-1762,1060,14730,-80,30,-109,0,-139.89
4106,20:26:26:389,3,Severe_Damage,L3_S2,-1718,1078,14716,-29,39,-101,0,-153.89
4107,20:26:26:399,3,Severe_Damage,L3_S2,-1798,1102,14800,3,30,-90,0,-69.89
4108,20:26:26:409,3,Severe_Damage,L3_S2,-1784,1160,14898,25,35,-94,0,28.11
4109,20:26:26:419,3,Severe_Damage,L3_S2,-1814,1108,14996,24,31,-93,0,126.11
4110,20:26:26:429,3,Severe_Damage,L3_S2,-1712,1144,15002,-7,36,-99,0,132.11
4111,20:26:26:439,3,Severe_Damage,L3_S2,-1754,1160,15032,-47,34,-96,0,162.11
4112,20:26:26:449,3,Severe_Damage,L3_S2,-1870,1106,15064,-104,32,-105,0,194.11
4113,20:26:26:460,3,Severe_Damage,L3_S2,-1790,1144,15044,-166,29,-125,0,174.11
4114,20:26:26:469,3,Severe_Damage,L3_S2,-1796,1136,15032,-223,28,-130,0,162.11
4115,20:26:26:480,3,Severe_Damage,L3_S2,-1822,1138,15012,-289,29,-141,0,142.11
4116,20:26:26:490,3,Severe_Damage,L3_S2,-1790,1130,14938,-342,29,-149,0,68.11
4117,20:26:26:499,3,Severe_Damage,L3_S2,-1814,1086,14890,-383,28,-154,0,20.11
4118,20:26:26:509,3,Severe_Damage,L3_S2,-1774,1106,14808,-395,30,-149,0,-61.89
4119,20:26:26:519,3,Severe_Damage,L3_S2,-1784,1090,14772,-397,17,-149,0,-97.89
4120,20:26:26:529,3,Severe_Damage,L3_S2,-1714,1088,14702,-362,27,-156,0,-167.89
4121,20:26:26:540,3,Severe_Damage,L3_S2,-1744,1056,14744,-341,16,-144,0,-125.89
4122,20:26:26:549,3,Severe_Damage,L3_S2,-1698,1080,14694,-266,34,-132,0,-175.89
4123,20:26:26:559,3,Severe_Damage,L3_S2,-1728,1092,14746,-225,30,-124,0,-123.89
4124,20:26:26:570,3,Severe_Damage,L3_S2,-1748,1062,14718,-153,35,-115,0,-151.89
4125,20:26:26:579,3,Severe_Damage,L3_S2,-1748,1106,14814,-99,40,-107,0,-55.89
4126,20:26:26:589,3,Severe_Damage,L3_S2,-1784,1094,14890,-48,25,-95,0,20.11
4127,20:26:26:599,3,Severe_Damage,L3_S2,-1762,1134,14820,-6,36,-99,0,-49.89
4128,20:26:26:609,3,Severe_Damage,L3_S2,-1720,1098,14890,0,33,-96,0,20.11
4129,20:26:26:619,3,Severe_Damage,L3_S2,-1760,1156,14980,3,36,-90,0,110.11
4130,20:26:26:629,3,Severe_Damage,L3_S2,-1742,1150,15048,-27,39,-106,0,178.11
4131,20:26:26:639,3,Severe_Damage,L3_S2,-1822,1146,15004,-57,26,-100,0,134.11
4132,20:26:26:650,3,Severe_Damage,L3_S2,-1830,1166,15066,-113,35,-106,0,196.11
4133,20:26:26:660,3,Severe_Damage,L3_S2,-1700,1114,15044,-168,33,-119,0,174.11
4134,20:26:26:670,3,Severe_Damage,L3_S2,-1808,1142,15016,-227,20,-119,0,146.11
4135,20:26:26:680,3,Severe_Damage,L3_S2,-1754,1138,14992,-278,33,-143,0,122.11
4136,20:26:26:689,3,Severe_Damage,L3_S2,-1832,1122,14964,-333,7,-136,0,94.11
4137,20:26:26:700,3,Severe_Damage,L3_S2,-1796,1130,14934,-363,36,-151,0,64.11
4138,20:26:26:710,3,Severe_Damage,L3_S2,-1744,1128,14854,-381,26,-150,0,-15.89
4139,20:26:26:720,3,Severe_Damage,L3_S2,-1742,1098,14792,-377,11,-158,0,-77.89
4140,20:26:26:730,3,Severe_Damage,L3_S2,-1740,1006,14770,-353,37,-158,0,-99.89
4141,20:26:26:740,3,Severe_Damage,L3_S2,-1760,1046,14714,-322,12,-135,0,-155.89
4142,20:26:26:750,3,Severe_Damage,L3_S2,-1738,1142,14670,-274,42,-132,0,-199.89
4143,20:26:26:760,3,Severe_Damage,L3_S2,-1786,1122,14728,-220,21,-126,0,-141.89
4144,20:26:26:770,3,Severe_Damage,L3_S2,-1788,1110,14740,-164,30,-115,0,-129.89
4145,20:26:26:780,3,Severe_Damage,L3_S2,-1734,1006,14736,-104,44,-110,0,-133.89
4146,20:26:26:789,3,Severe_Damage,L3_S2,-1740,1078,14812,-62,23,-97,0,-57.89
4147,20:26:26:799,3,Severe_Damage,L3_S2,-1740,1088,14862,-28,38,-99,0,-7.89
4148,20:26:26:809,3,Severe_Damage,L3_S2,-1754,1164,14900,-18,28,-91,0,30.11
4149,20:26:26:819,3,Severe_Damage,L3_S2,-1782,1138,14922,-10,35,-95,0,52.11
4150,20:26:26:830,3,Severe_Damage,L3_S2,-1778,1150,14968,-28,39,-102,0,98.11
4151,20:26:26:840,3,Severe_Damage,L3_S2,-1788,1128,14978,-68,23,-102,0,108.11
4152,20:26:26:850,3,Severe_Damage,L3_S2,-1794,1164,15058,-112,38,-118,0,188.11
4153,20:26:26:860,3,Severe_Damage,L3_S2,-1802,1118,15062,-174,15,-119,0,192.11
4154,20:26:26:870,3,Severe_Damage,L3_S2,-1752,1142,15014,-218,27,-131,0,144.11
4155,20:26:26:880,3,Severe_Damage,L3_S2,-1790,1166,14964,-271,23,-130,0,94.11
4156,20:26:26:890,3,Severe_Damage,L3_S2,-1826,1138,14924,-313,16,-138,0,54.11
4157,20:26:26:900,3,Severe_Damage,L3_S2,-1746,1108,14888,-341,31,-151,0,18.11
4158,20:26:26:910,3,Severe_Damage,L3_S2,-1808,1088,14866,-363,9,-146,0,-3.89
4159,20:26:26:920,3,Severe_Damage,L3_S2,-1724,1088,14834,-356,31,-154,0,-35.89
4160,20:26:26:930,3,Severe_Damage,L3_S2,-1776,1068,14826,-349,14,-146,0,-43.89
4161,20:26:26:940,3,Severe_Damage,L3_S2,-1762,1086,14748,-311,16,-145,0,-121.89
4162,20:26:26:950,3,Severe_Damage,L3_S2,-1684,1090,14790,-262,35,-139,0,-79.89
4163,20:26:26:960,3,Severe_Damage,L3_S2,-1784,1078,14724,-220,18,-120,0,-145.89
4164,20:26:26:970,3,Severe_Damage,L3_S2,-1738,1058,14744,-166,43,-127,0,-125.89
4165,20:26:26:980,3,Severe_Damage,L3_S2,-1786,1080,14788,-123,17,-109,0,-81.89
4166,20:26:26:990,3,Severe_Damage,L3_S2,-1716,1074,14738,-70,43,-107,0,-131.89
4167,20:26:27:000,3,Severe_Damage,L3_S2,-1736,1106,14812,-43,34,-96,0,-57.89
4168,20:26:27:009,3,Severe_Damage,L3_S2,-1776,1130,14816,-24,27,-93,0,-53.89
4169,20:26:27:019,3,Severe_Damage,L3_S2,-1740,1160,14898,-31,39,-97,0,28.11
4170,20:26:27:030,3,Severe_Damage,L3_S2,-1836,1170,14900,-45,23,-93,0,30.11
4171,20:26:27:040,3,Severe_Damage,L3_S2,-1800,1152,14948,-69,44,-103,0,78.11
4172,20:26:27:050,3,Severe_Damage,L3_S2,-1798,1142,15034,-113,30,-111,0,164.11
4173,20:26:27:060,3,Severe_Damage,L3_S2,-1802,1172,15034,-162,31,-120,0,164.11
4174,20:26:27:070,3,Severe_Damage,L3_S2,-1804,1150,15006,-208,29,-125,0,136.11
4175,20:26:27:080,3,Severe_Damage,L3_S2,-1792,1140,14992,-264,25,-130,0,122.11
4176,20:26:27:090,3,Severe_Damage,L3_S2,-1806,1178,14976,-305,32,-144,0,106.11
4177,20:26:27:100,3,Severe_Damage,L3_S2,-1764,1084,14866,-331,25,-142,0,-3.89
4178,20:26:27:110,3,Severe_Damage,L3_S2,-1756,1106,14880,-349,23,-141,0,10.11
4179,20:26:27:120,3,Severe_Damage,L3_S2,-1798,1066,14774,-346,27,-154,0,-95.89
4180,20:26:27:130,3,Severe_Damage,L3_S2,-1738,1082,14820,-332,23,-148,0,-49.89
4181,20:26:27:140,3,Severe_Damage,L3_S2,-1758,1114,14760,-301,30,-139,0,-109.89
4182,20:26:27:150,3,Severe_Damage,L3_S2,-1748,1064,14750,-268,14,-134,0,-119.89
4183,20:26:27:160,3,Severe_Damage,L3_S2,-1772,1118,14760,-212,36,-129,0,-109.89
4184,20:26:27:170,3,Severe_Damage,L3_S2,-1776,1084,14772,-183,19,-113,0,-97.89
4185,20:26:27:180,3,Severe_Damage,L3_S2,-1720,1070,14734,-126,42,-119,0,-135.89
4186,20:26:27:190,3,Severe_Damage,L3_S2,-1684,1110,14840,-100,24,-103,0,-29.89
4187,20:26:27:200,3,Severe_Damage,L3_S2,-1754,1122,14794,-59,35,-102,0,-75.89
4188,20:26:27:210,3,Severe_Damage,L3_S2,-1720,1134,14862,-44,39,-102,0,-7.89
4189,20:26:27:220,3,Severe_Damage,L3_S2,-1810,1132,14908,-42,14,-89,0,38.11
4190,20:26:27:230,3,Severe_Damage,L3_S2,-1766,1092,14956,-49,55,-109,0,86.11
4191,20:26:27:240,3,Severe_Damage,L3_S2,-1810,1158,14988,-84,16,-107,0,118.11
4192,20:26:27:250,3,Severe_Damage,L3_S2,-1794,1158,14934,-117,40,-116,0,64.11
4193,20:26:27:260,3,Severe_Damage,L3_S2,-1742,1122,14976,-163,31,-125,0,106.11
4194,20:26:27:270,3,Severe_Damage,L3_S2,-1888,1162,14930,-208,16,-116,0,60.11
4195,20:26:27:280,3,Severe_Damage,L3_S2,-1736,1146,14992,-251,48,-141,0,122.11
4196,20:26:27:290,3,Severe_Damage,L3_S2,-1768,1118,14912,-300,8,-134,0,42.11
4197,20:26:27:300,3,Severe_Damage,L3_S2,-1740,1152,14892,-313,32,-143,0,22.11
4198,20:26:27:310,3,Severe_Damage,L3_S2,-1742,1106,14862,-331,25,-146,0,-7.89
4199,20:26:27:320,3,Severe_Damage,L3_S2,-1806,1120,14850,-334,19,-134,0,-19.89
4200,20:26:27:330,3,Severe_Damage,L3_S2,-1722,1084,14772,-321,41,-143,0,-97.89
4201,20:26:27:340,3,Severe_Damage,L3_S2,-1828,1058,14758,-302,11,-127,0,-111.89
4202,20:26:27:350,3,Severe_Damage,L3_S2,-1738,1028,14734,-261,46,-132,0,-135.89
4203,20:26:27:360,3,Severe_Damage,L3_S2,-1788,1074,14708,-219,21,-128,0,-161.89
4204,20:26:27:370,3,Severe_Damage,L3_S2,-1746,1070,14710,-182,29,-127,0,-159.89
4205,20:26:27:380,3,Severe_Damage,L3_S2,-1748,1122,14754,-139,42,-113,0,-115.89
4206,20:26:27:390,3,Severe_Damage,L3_S2,-1820,1104,14788,-99,22,-107,0,-81.89
4207,20:26:27:400,3,Severe_Damage,L3_S2,-1728,1138,14782,-69,43,-109,0,-87.89
4208,20:26:27:410,3,Severe_Damage,L3_S2,-1758,1090,14902,-56,29,-100,0,32.11
4209,20:26:27:420,3,Severe_Damage,L3_S2,-1780,1130,14938,-50,40,-102,0,68.11
4210,20:26:27:430,3,Severe_Damage,L3_S2,-1790,1128,14936,-67,33,-105,0,66.11
4211,20:26:27:440,3,Severe_Damage,L3_S2,-1798,1100,14950,-89,23,-107,0,80.11
4212,20:26:27:450,3,Severe_Damage,L3_S2,-1772,1110,14982,-119,39,-120,0,112.11
4213,20:26:27:460,3,Severe_Damage,L3_S2,-1818,1122,15032,-158,15,-116,0,162.11
4214,20:26:27:470,3,Severe_Damage,L3_S2,-1748,1132,14976,-203,39,-129,0,106.11
4215,20:26:27:480,3,Severe_Damage,L3_S2,-1802,1126,14992,-247,30,-126,0,122.11
4216,20:26:27:490,3,Severe_Damage,L3_S2,-1786,1078,15012,-277,24,-132,0,142.11
4217,20:26:27:500,3,Severe_Damage,L3_S2,-1778,1100,14946,-299,41,-143,0,76.11
4218,20:26:27:510,3,Severe_Damage,L3_S2,-1764,1124,14924,-325,22,-139,0,54.11
4219,20:26:27:520,3,Severe_Damage,L3_S2,-1690,1068,14856,-323,43,-150,0,-13.89
4220,20:26:27:530,3,Severe_Damage,L3_S2,-1810,1062,14806,-318,23,-136,0,-63.89
4221,20:26:27:540,3,Severe_Damage,L3_S2,-1692,1096,14794,-290,28,-142,0,-75.89
4222,20:26:27:550,3,Severe_Damage,L3_S2,-1736,1110,14750,-253,24,-135,0,-119.89
4223,20:26:27:560,3,Severe_Damage,L3_S2,-1762,1070,14690,-219,22,-123,0,-179.89
4224,20:26:27:570,3,Severe_Damage,L3_S2,-1710,1096,14750,-174,46,-125,0,-119.89
4225,20:26:27:580,3,Severe_Damage,L3_S2,-1744,1114,14834,-140,19,-115,0,-35.89
4226,20:26:27:590,3,Severe_Damage,L3_S2,-1752,1094,14800,-105,37,-110,0,-69.89
4227,20:26:27:600,3,Severe_Damage,L3_S2,-1730,1086,14814,-77,36,-106,0,-55.89
4228,20:26:27:610,3,Severe_Damage,L3_S2,-1750,1104,14882,-70,27,-107,0,12.11
4229,20:26:27:620,3,Severe_Damage,L3_S2,-1786,1098,14970,-70,36,-104,0,100.11
4230,20:26:27:630,3,Severe_Damage,L3_S2,-1782,1098,14964,-79,16,-103,0,94.11
4231,20:26:27:640,3,Severe_Damage,L3_S2,-1784,1132,14976,-96,41,-110,0,106.11
4232,20:26:27:650,3,Severe_Damage,L3_S2,-1804,1120,14966,-129,24,-105,0,96.11
4233,20:26:27:660,3,Severe_Damage,L3_S2,-1774,1148,15042,-159,33,-126,0,172.11
4234,20:26:27:670,3,Severe_Damage,L3_S2,-1802,1118,14980,-199,33,-125,0,110.11
4235,20:26:27:680,3,Severe_Damage,L3_S2,-1808,1106,14960,-242,16,-125,0,90.11
4236,20:26:27:690,3,Severe_Damage,L3_S2,-1802,1138,14954,-269,31,-134,0,84.11
4237,20:26:27:700,3,Severe_Damage,L3_S2,-1792,1108,14900,-293,14,-135,0,30.11
4238,20:26:27:710,3,Severe_Damage,L3_S2,-1762,1140,14888,-303,36,-146,0,18.11
4239,20:26:27:720,3,Severe_Damage,L3_S2,-1770,1100,14886,-314,24,-138,0,16.11
4240,20:26:27:730,3,Severe_Damage,L3_S2,-1772,1094,14826,-302,24,-139,0,-43.89
4241,20:26:27:740,3,Severe_Damage,L3_S2,-1734,1056,14806,-286,27,-142,0,-63.89
4242,20:26:27:750,3,Severe_Damage,L3_S2,-1766,1108,14786,-257,21,-136,0,-83.89
4243,20:26:27:760,3,Severe_Damage,L3_S2,-1794,1070,14828,-229,34,-127,0,-41.89
4244,20:26:27:770,3,Severe_Damage,L3_S2,-1744,1072,14772,-188,31,-124,0,-97.89
4245,20:26:27:780,3,Severe_Damage,L3_S2,-1774,1096,14762,-157,23,-118,0,-107.89
4246,20:26:27:790,3,Severe_Damage,L3_S2,-1766,1052,14834,-128,35,-112,0,-35.89
4247,20:26:27:800,3,Severe_Damage,L3_S2,-1782,1136,14882,-98,25,-108,0,12.11
4248,20:26:27:810,3,Severe_Damage,L3_S2,-1748,1058,14864,-79,43,-102,0,-5.89
4249,20:26:27:820,3,Severe_Damage,L3_S2,-1798,1086,14904,-84,33,-102,0,34.11
4250,20:26:27:830,3,Severe_Damage,L3_S2,-1746,1102,14898,-89,30,-100,0,28.11
4251,20:26:27:840,3,Severe_Damage,L3_S2,-1758,1116,14912,-101,32,-109,0,42.11
4252,20:26:27:850,3,Severe_Damage,L3_S2,-1766,1136,14994,-134,35,-110,0,124.11
4253,20:26:27:860,3,Severe_Damage,L3_S2,-1762,1140,14986,-163,30,-119,0,116.11
4254,20:26:27:870,3,Severe_Damage,L3_S2,-1780,1190,14940,-199,32,-124,0,70.11
4255,20:26:27:880,3,Severe_Damage,L3_S2,-1750,1114,14912,-232,18,-127,0,42.11
4256,20:26:27:890,3,Severe_Damage,L3_S2,-1750,1120,14894,-254,39,-137,0,24.11
4257,20:26:27:900,3,Severe_Damage,L3_S2,-1812,1176,14900,-283,20,-140,0,30.11
4258,20:26:27:910,3,Severe_Damage,L3_S2,-1762,1092,14894,-296,35,-141,0,24.11
4259,20:26:27:920,3,Severe_Damage,L3_S2,-1752,1140,14756,-296,26,-149,0,-113.89
4260,20:26:27:930,3,Severe_Damage,L3_S2,-1776,1118,14792,-295,31,-133,0,-77.89
4261,20:26:27:940,3,Severe_Damage,L3_S2,-1738,1044,14812,-278,38,-136,0,-57.89
4262,20:26:27:950,3,Severe_Damage,L3_S2,-1770,1090,14722,-260,22,-131,0,-147.89
4263,20:26:27:960,3,Severe_Damage,L3_S2,-1768,1092,14748,-223,44,-130,0,-121.89
4264,20:26:27:970,3,Severe_Damage,L3_S2,-1774,1120,14806,-187,28,-118,0,-63.89
4265,20:26:27:980,3,Severe_Damage,L3_S2,-1748,1082,14786,-152,36,-121,0,-83.89
4266,20:26:27:990,3,Severe_Damage,L3_S2,-1806,1094,14834,-130,30,-114,0,-35.89
4267,20:26:28:000,3,Severe_Damage,L3_S2,-1738,1102,14850,-109,31,-109,0,-19.89
4268,20:26:28:010,3,Severe_Damage,L3_S2,-1752,1094,14898,-95,39,-100,0,28.11
4269,20:26:28:020,3,Severe_Damage,L3_S2,-1790,1146,14890,-88,33,-98,0,20.11
4270,20:26:28:030,3,Severe_Damage,L3_S2,-1796,1128,14908,-90,37,-105,0,38.11
4271,20:26:28:040,3,Severe_Damage,L3_S2,-1806,1134,14956,-108,31,-108,0,86.11
4272,20:26:28:050,3,Severe_Damage,L3_S2,-1792,1158,14906,-132,29,-116,0,36.11
4273,20:26:28:060,3,Severe_Damage,L3_S2,-1738,1108,14950,-158,39,-123,0,80.11
4274,20:26:28:070,3,Severe_Damage,L3_S2,-1788,1132,14958,-199,18,-121,0,88.11
4275,20:26:28:080,3,Severe_Damage,L3_S2,-1794,1118,14984,-223,34,-131,0,114.11
4276,20:26:28:090,3,Severe_Damage,L3_S2,-1760,1078,14846,-254,23,-129,0,-23.89
4277,20:26:28:100,3,Severe_Damage,L3_S2,-1814,1128,14886,-272,28,-133,0,16.11
4278,20:26:28:110,3,Severe_Damage,L3_S2,-1784,1112,14886,-289,23,-142,0,16.11
4279,20:26:28:120,3,Severe_Damage,L3_S2,-1838,1102,14852,-292,18,-142,0,-17.89
4280,20:26:28:130,3,Severe_Damage,L3_S2,-1740,1130,14792,-284,22,-143,0,-77.89
4281,20:26:28:140,3,Severe_Damage,L3_S2,-1750,1098,14804,-268,20,-133,0,-65.89
4282,20:26:28:150,3,Severe_Damage,L3_S2,-1730,1060,14762,-243,39,-132,0,-107.89
4283,20:26:28:160,3,Severe_Damage,L3_S2,-1728,1038,14800,-219,25,-131,0,-69.89
4284,20:26:28:170,3,Severe_Damage,L3_S2,-1808,1102,14798,-189,29,-119,0,-71.89
4285,20:26:28:180,3,Severe_Damage,L3_S2,-1710,1134,14810,-160,33,-116,0,-59.89
4286,20:26:28:190,3,Severe_Damage,L3_S2,-1782,1096,14782,-133,22,-111,0,-87.89
4287,20:26:28:200,3,Severe_Damage,L3_S2,-1762,1080,14866,-117,33,-112,0,-3.89
4288,20:26:28:210,3,Severe_Damage,L3_S2,-1754,1090,14832,-103,24,-105,0,-37.89
4289,20:26:28:220,3,Severe_Damage,L3_S2,-1722,1060,14880,-98,34,-107,0,10.11
4290,20:26:28:230,3,Severe_Damage,L3_S2,-1744,1082,14900,-105,40,-113,0,30.11
4291,20:26:28:240,3,Severe_Damage,L3_S2,-1770,1064,14882,-113,21,-118,0,12.11
4292,20:26:28:250,3,Severe_Damage,L3_S2,-1808,1120,14888,-133,37,-120,0,18.11
4293,20:26:28:260,3,Severe_Damage,L3_S2,-1754,1114,14944,-162,28,-121,0,74.11
4294,20:26:28:270,3,Severe_Damage,L3_S2,-1764,1126,14976,-185,32,-123,0,106.11
4295,20:26:28:280,3,Severe_Damage,L3_S2,-1812,1144,14978,-214,26,-132,0,108.11
4296,20:26:28:290,3,Severe_Damage,L3_S2,-1752,1120,14874,-244,20,-128,0,4.11
4297,20:26:28:300,3,Severe_Damage,L3_S2,-1812,1160,14898,-270,32,-127,0,28.11
4298,20:26:28:310,3,Severe_Damage,L3_S2,-1790,1098,14890,-282,22,-136,0,20.11
4299,20:26:28:320,3,Severe_Damage,L3_S2,-1752,1116,14890,-274,26,-143,0,20.11
4300,20:26:28:330,3,Severe_Damage,L3_S2,-1778,1160,14854,-272,27,-137,0,-15.89
4301,20:26:28:340,3,Severe_Damage,L3_S2,-1792,1114,14878,-264,25,-138,0,8.11
4302,20:26:28:350,3,Severe_Damage,L3_S2,-1756,1098,14806,-244,33,-131,0,-63.89
4303,20:26:28:360,3,Severe_Damage,L3_S2,-1760,1088,14784,-224,20,-125,0,-85.89
4304,20:26:28:370,3,Severe_Damage,L3_S2,-1734,1066,14788,-195,25,-123,0,-81.89
4305,20:26:28:380,3,Severe_Damage,L3_S2,-1764,1108,14756,-167,26,-111,0,-113.89
4306,20:26:28:390,3,Severe_Damage,L3_S2,-1724,1116,14790,-142,32,-114,0,-79.89
4307,20:26:28:400,3,Severe_Damage,L3_S2,-1728,1126,14816,-122,26,-117,0,-53.89
4308,20:26:28:410,3,Severe_Damage,L3_S2,-1744,1096,14856,-112,27,-107,0,-13.89
4309,20:26:28:420,3,Severe_Damage,L3_S2,-1774,1124,14844,-106,39,-109,0,-25.89
4310,20:26:28:430,3,Severe_Damage,L3_S2,-1790,1122,14916,-108,23,-108,0,46.11
4311,20:26:28:440,3,Severe_Damage,L3_S2,-1800,1110,14962,-114,29,-111,0,92.11
4312,20:26:28:450,3,Severe_Damage,L3_S2,-1774,1104,14930,-142,33,-113,0,60.11
4313,20:26:28:460,3,Severe_Damage,L3_S2,-1798,1128,14962,-159,23,-117,0,92.11
4314,20:26:28:470,3,Severe_Damage,L3_S2,-1746,1108,14894,-187,27,-122,0,24.11
4315,20:26:28:480,3,Severe_Damage,L3_S2,-1826,1162,14952,-216,18,-123,0,82.11
4316,20:26:28:490,3,Severe_Damage,L3_S2,-1748,1090,14932,-234,32,-130,0,62.11
4317,20:26:28:500,3,Severe_Damage,L3_S2,-1758,1108,14942,-259,19,-134,0,72.11
4318,20:26:28:510,3,Severe_Damage,L3_S2,-1860,1080,14864,-264,28,-134,0,-5.89
4319,20:26:28:520,3,Severe_Damage,L3_S2,-1760,1076,14818,-278,32,-145,0,-51.89
4320,20:26:28:530,3,Severe_Damage,L3_S2,-1798,1094,14858,-269,20,-132,0,-11.89
4321,20:26:28:540,3,Severe_Damage,L3_S2,-1732,1100,14806,-259,36,-138,0,-63.89
4322,20:26:28:550,3,Severe_Damage,L3_S2,-1782,1130,14806,-240,16,-131,0,-63.89
4323,20:26:28:560,3,Severe_Damage,L3_S2,-1770,1094,14780,-220,31,-129,0,-89.89
4324,20:26:28:570,3,Severe_Damage,L3_S2,-1740,1102,14776,-201,33,-124,0,-93.89
4325,20:26:28:580,3,Severe_Damage,L3_S2,-1794,1078,14758,-171,29,-111,0,-111.89
4326,20:26:28:590,3,Severe_Damage,L3_S2,-1722,1086,14860,-144,29,-115,0,-9.89
4327,20:26:28:600,3,Severe_Damage,L3_S2,-1798,1120,14888,-125,28,-111,0,18.11
4328,20:26:28:610,3,Severe_Damage,L3_S2,-1794,1126,14864,-120,31,-105,0,-5.89
4329,20:26:28:620,3,Severe_Damage,L3_S2,-1750,1128,14832,-112,36,-111,0,-37.89
4330,20:26:28:630,3,Severe_Damage,L3_S2,-1776,1096,14868,-119,34,-110,0,-1.89
4331,20:26:28:640,3,Severe_Damage,L3_S2,-1742,1146,14906,-128,43,-112,0,36.11
4332,20:26:28:650,3,Severe_Damage,L3_S2,-1794,1130,14906,-139,27,-112,0,36.11
4333,20:26:28:660,3,Severe_Damage,L3_S2,-1768,1140,14980,-166,30,-119,0,110.11
4334,20:26:28:670,3,Severe_Damage,L3_S2,-1790,1126,14962,-188,31,-119,0,92.11
4335,20:26:28:680,3,Severe_Damage,L3_S2,-1776,1142,14944,-210,25,-121,0,74.11
4336,20:26:28:690,3,Severe_Damage,L3_S2,-1822,1140,14894,-233,36,-132,0,24.11
4337,20:26:28:700,3,Severe_Damage,L3_S2,-1770,1114,14988,-258,21,-127,0,118.11
4338,20:26:28:710,3,Severe_Damage,L3_S2,-1778,1158,14888,-262,27,-136,0,18.11
4339,20:26:28:720,3,Severe_Damage,L3_S2,-1802,1112,14870,-270,15,-137,0,0.11
4340,20:26:28:730,3,Severe_Damage,L3_S2,-1754,1088,14852,-263,23,-135,0,-17.89
4341,20:26:28:740,3,Severe_Damage,L3_S2,-1798,1074,14866,-256,20,-130,0,-3.89
4342,20:26:28:750,3,Severe_Damage,L3_S2,-1806,1076,14866,-243,31,-131,0,-3.89
4343,20:26:28:760,3,Severe_Damage,L3_S2,-1764,1114,14782,-216,28,-129,0,-87.89
4344,20:26:28:770,3,Severe_Damage,L3_S2,-1776,1082,14830,-197,30,-124,0,-39.89
4345,20:26:28:780,3,Severe_Damage,L3_S2,-1740,1090,14808,-174,36,-122,0,-61.89
4346,20:26:28:790,3,Severe_Damage,L3_S2,-1812,1118,14846,-152,30,-114,0,-23.89
4347,20:26:28:800,3,Severe_Damage,L3_S2,-1780,1142,14800,-134,32,-120,0,-69.89
4348,20:26:28:810,3,Severe_Damage,L3_S2,-1768,1106,14872,-120,41,-109,0,2.11
4349,20:26:28:820,3,Severe_Damage,L3_S2,-1812,1096,14902,-114,31,-108,0,32.11
4350,20:26:28:830,3,Severe_Damage,L3_S2,-1726,1086,14978,-115,38,-107,0,108.11
4351,20:26:28:840,3,Severe_Damage,L3_S2,-1774,1142,14960,-128,31,-111,0,90.11
4352,20:26:28:850,3,Severe_Damage,L3_S2,-1794,1110,14866,-144,34,-114,0,-3.89
4353,20:26:28:860,3,Severe_Damage,L3_S2,-1824,1164,14878,-168,26,-116,0,8.11
4354,20:26:28:870,3,Severe_Damage,L3_S2,-1736,1136,14990,-189,22,-119,0,120.11
4355,20:26:28:880,3,Severe_Damage,L3_S2,-1774,1108,14980,-203,29,-122,0,110.11
4356,20:26:28:890,3,Severe_Damage,L3_S2,-1784,1112,14884,-231,27,-128,0,14.11
4357,20:26:28:900,3,Severe_Damage,L3_S2,-1792,1100,14850,-244,29,-126,0,-19.89
4358,20:26:28:910,3,Severe_Damage,L3_S2,-1776,1114,14900,-255,26,-135,0,30.11
4359,20:26:28:920,3,Severe_Damage,L3_S2,-1810,1134,14834,-263,26,-132,0,-35.89
4360,20:26:28:930,3,Severe_Damage,L3_S2,-1732,1148,14864,-263,23,-136,0,-5.89
4361,20:26:28:940,3,Severe_Damage,L3_S2,-1784,1086,14870,-246,23,-130,0,0.11
4362,20:26:28:950,3,Severe_Damage,L3_S2,-1790,1072,14810,-234,34,-130,0,-59.89
4363,20:26:28:960,3,Severe_Damage,L3_S2,-1790,1086,14814,-217,22,-120,0,-55.89
4364,20:26:28:970,3,Severe_Damage,L3_S2,-1804,1106,14768,-205,27,-124,0,-101.89
4365,20:26:28:981,3,Severe_Damage,L3_S2,-1750,1050,14786,-177,31,-116,0,-83.89
4366,20:26:28:990,3,Severe_Damage,L3_S2,-1786,1044,14852,-162,22,-108,0,-17.89
4367,20:26:29:000,3,Severe_Damage,L3_S2,-1780,1078,14774,-142,38,-114,0,-95.89
4368,20:26:29:010,3,Severe_Damage,L3_S2,-1752,1082,14866,-127,25,-112,0,-3.89
4369,20:26:29:020,3,Severe_Damage,L3_S2,-1770,1100,14896,-128,41,-106,0,26.11
4370,20:26:29:030,3,Severe_Damage,L3_S2,-1778,1088,14940,-130,31,-107,0,70.11
4371,20:26:29:040,3,Severe_Damage,L3_S2,-1786,1076,14930,-137,32,-109,0,60.11
4372,20:26:29:050,3,Severe_Damage,L3_S2,-1768,1112,14916,-146,27,-112,0,46.11
4373,20:26:29:061,3,Severe_Damage,L3_S2,-1782,1148,14900,-169,23,-118,0,30.11
4374,20:26:29:070,3,Severe_Damage,L3_S2,-1804,1136,14950,-190,34,-121,0,80.11
4375,20:26:29:080,3,Severe_Damage,L3_S2,-1762,1114,14928,-207,29,-126,0,58.11
4376,20:26:29:090,3,Severe_Damage,L3_S2,-1760,1078,14894,-225,34,-126,0,24.11
4377,20:26:29:100,3,Severe_Damage,L3_S2,-1800,1160,14864,-246,29,-130,0,-5.89
4378,20:26:29:110,3,Severe_Damage,L3_S2,-1776,1084,14870,-254,20,-136,0,0.11
4379,20:26:29:120,3,Severe_Damage,L3_S2,-1744,1074,14840,-258,32,-128,0,-29.89
4380,20:26:29:130,3,Severe_Damage,L3_S2,-1772,1080,14816,-260,30,-130,0,-53.89
4381,20:26:29:141,3,Severe_Damage,L3_S2,-1742,1066,14808,-247,32,-131,0,-61.89
4382,20:26:29:150,3,Severe_Damage,L3_S2,-1780,1110,14766,-227,24,-124,0,-103.89
4383,20:26:29:161,3,Severe_Damage,L3_S2,-1752,1068,14834,-214,26,-124,0,-35.89
4384,20:26:29:171,3,Severe_Damage,L3_S2,-1746,1082,14794,-194,29,-124,0,-75.89
4385,20:26:29:180,3,Severe_Damage,L3_S2,-1790,1110,14848,-172,26,-117,0,-21.89
4386,20:26:29:191,3,Severe_Damage,L3_S2,-1764,1108,14766,-156,38,-112,0,-103.89
4387,20:26:29:200,3,Severe_Damage,L3_S2,-1738,1120,14846,-151,21,-107,0,-23.89
4388,20:26:29:210,3,Severe_Damage,L3_S2,-1710,1076,14836,-130,42,-115,0,-33.89
4389,20:26:29:221,3,Severe_Damage,L3_S2,-1782,1068,14862,-137,24,-117,0,-7.89
4390,20:26:29:230,3,Severe_Damage,L3_S2,-1788,1150,14858,-131,31,-108,0,-11.89
4391,20:26:29:240,3,Severe_Damage,L3_S2,-1724,1158,14940,-144,34,-115,0,70.11
4392,20:26:29:250,3,Severe_Damage,L3_S2,-1812,1176,14842,-149,19,-110,0,-27.89
4393,20:26:29:260,3,Severe_Damage,L3_S2,-1746,1120,14894,-169,29,-114,0,24.11
4394,20:26:29:271,3,Severe_Damage,L3_S2,-1816,1142,14994,-183,22,-127,0,124.11
4395,20:26:29:280,3,Severe_Damage,L3_S2,-1766,1098,14956,-210,26,-121,0,86.11
4396,20:26:29:291,3,Severe_Damage,L3_S2,-1766,1162,14958,-223,26,-129,0,88.11
4397,20:26:29:301,3,Severe_Damage,L3_S2,-1834,1126,14904,-243,26,-125,0,34.11
4398,20:26:29:311,3,Severe_Damage,L3_S2,-1736,1082,14840,-240,42,-131,0,-29.89
4399,20:26:29:321,3,Severe_Damage,L3_S2,-1756,1088,14820,-251,20,-129,0,-49.89
4400,20:26:29:331,3,Severe_Damage,L3_S2,-1750,1140,14806,-255,33,-130,0,-63.89
4401,20:26:29:341,3,Severe_Damage,L3_S2,-1740,1126,14814,-242,28,-130,0,-55.89
4402,20:26:29:351,3,Severe_Damage,L3_S2,-1786,1090,14874,-232,27,-121,0,4.11
4403,20:26:29:361,3,Severe_Damage,L3_S2,-1774,1112,14856,-214,22,-122,0,-13.89
4404,20:26:29:371,3,Severe_Damage,L3_S2,-1774,1082,14808,-205,21,-123,0,-61.89
4405,20:26:29:381,3,Severe_Damage,L3_S2,-1780,1150,14860,-184,32,-118,0,-9.89
4406,20:26:29:391,3,Severe_Damage,L3_S2,-1790,1096,14842,-163,24,-111,0,-27.89
4407,20:26:29:401,3,Severe_Damage,L3_S2,-1782,1088,14850,-155,28,-111,0,-19.89
4408,20:26:29:411,3,Severe_Damage,L3_S2,-1768,1112,14842,-136,35,-106,0,-27.89
4409,20:26:29:421,3,Severe_Damage,L3_S2,-1794,1082,14850,-137,23,-101,0,-19.89
4410,20:26:29:431,3,Severe_Damage,L3_S2,-1754,1150,14848,-135,34,-114,0,-21.89
4411,20:26:29:441,3,Severe_Damage,L3_S2,-1816,1100,14950,-140,28,-110,0,80.11
4412,20:26:29:451,3,Severe_Damage,L3_S2,-1730,1096,14918,-153,30,-119,0,48.11
4413,20:26:29:461,3,Severe_Damage,L3_S2,-1774,1140,14886,-168,36,-113,0,16.11
4414,20:26:29:471,3,Severe_Damage,L3_S2,-1784,1110,14904,-186,27,-123,0,34.11
4415,20:26:29:481,3,Severe_Damage,L3_S2,-1718,1122,14936,-194,33,-132,0,66.11
4416,20:26:29:491,3,Severe_Damage,L3_S2,-1698,1114,14832,-213,27,-127,0,-37.89
4417,20:26:29:501,3,Severe_Damage,L3_S2,-1756,1132,14816,-231,39,-131,0,-53.89
4418,20:26:29:511,3,Severe_Damage,L3_S2,-1780,1078,14894,-247,26,-131,0,24.11
4419,20:26:29:521,3,Severe_Damage,L3_S2,-1766,1118,14862,-244,28,-130,0,-7.89
4420,20:26:29:531,3,Severe_Damage,L3_S2,-1726,1072,14902,-240,36,-135,0,32.11
4421,20:26:29:541,3,Severe_Damage,L3_S2,-1756,1066,14822,-236,20,-130,0,-47.89
4422,20:26:29:551,3,Severe_Damage,L3_S2,-1800,1060,14842,-231,28,-129,0,-27.89
4423,20:26:29:561,3,Severe_Damage,L3_S2,-1746,1144,14842,-218,17,-125,0,-27.89
4424,20:26:29:571,3,Severe_Damage,L3_S2,-1774,1118,14792,-194,24,-125,0,-77.89
4425,20:26:29:581,3,Severe_Damage,L3_S2,-1742,1104,14760,-185,32,-125,0,-109.89
4426,20:26:29:591,3,Severe_Damage,L3_S2,-1764,1108,14814,-171,28,-123,0,-55.89
4427,20:26:29:601,3,Severe_Damage,L3_S2,-1742,1090,14854,-151,34,-121,0,-15.89
4428,20:26:29:611,3,Severe_Damage,L3_S2,-1790,1130,14856,-150,32,-110,0,-13.89
4429,20:26:29:621,3,Severe_Damage,L3_S2,-1764,1126,14870,-141,46,-119,0,0.11
4430,20:26:29:631,3,Severe_Damage,L3_S2,-1806,1100,14846,-138,35,-113,0,-23.89
4431,20:26:29:641,3,Severe_Damage,L3_S2,-1808,1112,14858,-148,33,-123,0,-11.89
4432,20:26:29:651,3,Severe_Damage,L3_S2,-1736,1104,14890,-156,37,-112,0,20.11
4433,20:26:29:661,3,Severe_Damage,L3_S2,-1832,1130,14916,-170,24,-114,0,46.11
4434,20:26:29:671,3,Severe_Damage,L3_S2,-1770,1088,14890,-184,29,-121,0,20.11
4435,20:26:29:681,3,Severe_Damage,L3_S2,-1780,1156,14876,-196,26,-121,0,6.11
4436,20:26:29:691,3,Severe_Damage,L3_S2,-1766,1090,14896,-214,39,-126,0,26.11
4437,20:26:29:701,3,Severe_Damage,L3_S2,-1790,1042,14924,-229,25,-131,0,54.11
4438,20:26:29:711,3,Severe_Damage,L3_S2,-1782,1106,14880,-237,28,-127,0,10.11
4439,20:26:29:721,3,Severe_Damage,L3_S2,-1776,1058,14928,-242,42,-132,0,58.11
4440,20:26:29:731,3,Severe_Damage,L3_S2,-1812,1094,14824,-234,32,-128,0,-45.89
4441,20:26:29:741,3,Severe_Damage,L3_S2,-1726,1094,14810,-237,37,-131,0,-59.89
4442,20:26:29:751,3,Severe_Damage,L3_S2,-1702,1130,14780,-228,35,-129,0,-89.89
4443,20:26:29:761,3,Severe_Damage,L3_S2,-1770,1124,14860,-222,33,-123,0,-9.89
4444,20:26:29:771,3,Severe_Damage,L3_S2,-1774,1106,14808,-199,42,-120,0,-61.89
4445,20:26:29:781,3,Severe_Damage,L3_S2,-1778,1124,14778,-187,27,-120,0,-91.89
4446,20:26:29:791,3,Severe_Damage,L3_S2,-1758,1106,14838,-176,34,-122,0,-31.89
4447,20:26:29:801,3,Severe_Damage,L3_S2,-1798,1128,14886,-159,23,-114,0,16.11
4448,20:26:29:811,3,Severe_Damage,L3_S2,-1758,1162,14888,-149,35,-118,0,18.11
4449,20:26:29:821,3,Severe_Damage,L3_S2,-1718,1110,14892,-145,27,-117,0,22.11
4450,20:26:29:831,3,Severe_Damage,L3_S2,-1786,1150,14902,-142,28,-109,0,32.11
4451,20:26:29:841,3,Severe_Damage,L3_S2,-1784,1094,14896,-150,42,-117,0,26.11
4452,20:26:29:851,3,Severe_Damage,L3_S2,-1770,1128,14952,-147,30,-124,0,82.11
4453,20:26:29:861,3,Severe_Damage,L3_S2,-1784,1134,14868,-163,36,-120,0,-1.89
4454,20:26:29:871,3,Severe_Damage,L3_S2,-1794,1126,14992,-185,29,-120,0,122.11
4455,20:26:29:881,3,Severe_Damage,L3_S2,-1796,1136,14920,-196,33,-123,0,50.11
4456,20:26:29:891,3,Severe_Damage,L3_S2,-1770,1122,14922,-212,30,-125,0,52.11
4457,20:26:29:901,3,Severe_Damage,L3_S2,-1808,1094,14880,-222,26,-130,0,10.11
4458,20:26:29:911,3,Severe_Damage,L3_S2,-1730,1068,14916,-238,36,-139,0,46.11
4459,20:26:29:921,3,Severe_Damage,L3_S2,-1774,1140,14842,-239,28,-127,0,-27.89
4460,20:26:29:931,3,Severe_Damage,L3_S2,-1734,1136,14906,-242,37,-126,0,36.11
4461,20:26:29:941,3,Severe_Damage,L3_S2,-1778,1094,14814,-226,30,-132,0,-55.89
4462,20:26:29:951,3,Severe_Damage,L3_S2,-1780,1112,14850,-231,26,-128,0,-19.89
4463,20:26:29:961,3,Severe_Damage,L3_S2,-1750,1092,14842,-206,33,-133,0,-27.89
4464,20:26:29:971,3,Severe_Damage,L3_S2,-1794,1098,14830,-201,24,-122,0,-39.89
4465,20:26:29:981,3,Severe_Damage,L3_S2,-1746,1106,14846,-185,35,-119,0,-23.89
4466,20:26:29:991,3,Severe_Damage,L3_S2,-1768,1168,14852,-179,30,-116,0,-17.89
4467,20:26:30:001,3,Severe_Damage,L3_S2,-1796,1140,14844,-159,29,-121,0,-25.89
4468,20:26:30:011,3,Severe_Damage,L3_S2,-1786,1102,14864,-149,24,-121,0,-5.89
4469,20:26:30:021,3,Severe_Damage,L3_S2,-1784,1072,14810,-146,28,-122,0,-59.89
4470,20:26:30:031,3,Severe_Damage,L3_S2,-1776,1072,14874,-143,39,-116,0,4.11
4471,20:26:30:041,3,Severe_Damage,L3_S2,-1776,1138,14890,-150,25,-113,0,20.11
4472,20:26:30:051,3,Severe_Damage,L3_S2,-1776,1140,14852,-152,31,-114,0,-17.89
4473,20:26:30:061,3,Severe_Damage,L3_S2,-1782,1132,14896,-167,30,-118,0,26.11
4474,20:26:30:071,3,Severe_Damage,L3_S2,-1762,1124,14912,-187,24,-117,0,42.11
4475,20:26:30:081,3,Severe_Damage,L3_S2,-1798,1122,14890,-194,28,-125,0,20.11
4476,20:26:30:091,3,Severe_Damage,L3_S2,-1806,1088,14882,-210,25,-127,0,12.11
4477,20:26:30:101,3,Severe_Damage,L3_S2,-1788,1112,14838,-219,29,-133,0,-31.89
4478,20:26:30:111,3,Severe_Damage,L3_S2,-1806,1114,14980,-222,28,-132,0,110.11
4479,20:26:30:121,3,Severe_Damage,L3_S2,-1768,1122,14860,-235,25,-130,0,-9.89
4480,20:26:30:131,3,Severe_Damage,L3_S2,-1806,1122,14864,-239,33,-130,0,-5.89
4481,20:26:30:141,3,Severe_Damage,L3_S2,-1794,1110,14824,-228,29,-123,0,-45.89
4482,20:26:30:151,3,Severe_Damage,L3_S2,-1768,1104,14808,-226,29,-134,0,-61.89
4483,20:26:30:161,3,Severe_Damage,L3_S2,-1754,1082,14812,-217,23,-129,0,-57.89
4484,20:26:30:171,3,Severe_Damage,L3_S2,-1720,1110,14848,-202,22,-123,0,-21.89
4485,20:26:30:181,3,Severe_Damage,L3_S2,-1714,1066,14788,-188,29,-116,0,-81.89
4486,20:26:30:191,3,Severe_Damage,L3_S2,-1762,1100,14756,-173,33,-120,0,-113.89
4487,20:26:30:201,3,Severe_Damage,L3_S2,-1764,1100,14798,-168,28,-119,0,-71.89
4488,20:26:30:211,3,Severe_Damage,L3_S2,-1778,1098,14848,-152,30,-112,0,-21.89
4489,20:26:30:221,3,Severe_Damage,L3_S2,-1758,1082,14922,-154,28,-123,0,52.11
4490,20:26:30:231,3,Severe_Damage,L3_S2,-1760,1140,14894,-147,25,-117,0,24.11
4491,20:26:30:241,3,Severe_Damage,L3_S2,-1758,1084,14922,-149,25,-117,0,52.11
4492,20:26:30:251,3,Severe_Damage,L3_S2,-1798,1146,14906,-156,39,-113,0,36.11
4493,20:26:30:261,3,Severe_Damage,L3_S2,-1836,1090,14926,-165,33,-119,0,56.11
4494,20:26:30:271,3,Severe_Damage,L3_S2,-1788,1084,14866,-182,32,-123,0,-3.89
4495,20:26:30:281,3,Severe_Damage,L3_S2,-1786,1122,14914,-193,30,-121,0,44.11
4496,20:26:30:291,3,Severe_Damage,L3_S2,-1778,1154,14890,-204,32,-123,0,20.11
4497,20:26:30:301,3,Severe_Damage,L3_S2,-1748,1128,14910,-217,30,-125,0,40.11
4498,20:26:30:311,3,Severe_Damage,L3_S2,-1800,1126,14840,-227,21,-133,0,-29.89
4499,20:26:30:321,3,Severe_Damage,L3_S2,-1728,1100,14902,-225,28,-129,0,32.11
4500,20:26:30:331,3,Severe_Damage,L3_S2,-1738,1130,14854,-226,29,-131,0,-15.89
4501,20:26:30:341,3,Severe_Damage,L3_S2,-1708,1082,14870,-225,31,-130,0,0.11
4502,20:26:30:351,3,Severe_Damage,L3_S2,-1792,1072,14824,-225,34,-131,0,-45.89
4503,20:26:30:361,3,Severe_Damage,L3_S2,-1790,1098,14846,-201,32,-127,0,-23.89
4504,20:26:30:371,3,Severe_Damage,L3_S2,-1764,1078,14806,-197,36,-120,0,-63.89
4505,20:26:30:381,3,Severe_Damage,L3_S2,-1764,1132,14852,-184,24,-122,0,-17.89
4506,20:26:30:391,3,Severe_Damage,L3_S2,-1782,1100,14860,-176,30,-124,0,-9.89
4507,20:26:30:401,3,Severe_Damage,L3_S2,-1734,1112,14852,-168,30,-117,0,-17.89
4508,20:26:30:411,3,Severe_Damage,L3_S2,-1752,1132,14818,-157,34,-117,0,-51.89
4509,20:26:30:421,3,Severe_Damage,L3_S2,-1782,1082,14842,-155,27,-114,0,-27.89
4510,20:26:30:431,3,Severe_Damage,L3_S2,-1734,1098,14880,-154,33,-113,0,10.11
4511,20:26:30:441,3,Severe_Damage,L3_S2,-1786,1068,14840,-157,33,-111,0,-29.89
4512,20:26:30:451,3,Severe_Damage,L3_S2,-1806,1076,14956,-164,28,-115,0,86.11
4513,20:26:30:461,3,Severe_Damage,L3_S2,-1782,1146,14854,-170,36,-115,0,-15.89
4514,20:26:30:471,3,Severe_Damage,L3_S2,-1758,1154,14900,-183,29,-123,0,30.11
4515,20:26:30:481,3,Severe_Damage,L3_S2,-1786,1118,14876,-190,32,-123,0,6.11
4516,20:26:30:491,3,Severe_Damage,L3_S2,-1822,1168,14912,-208,30,-126,0,42.11
4517,20:26:30:501,3,Severe_Damage,L3_S2,-1764,1120,14850,-215,28,-120,0,-19.89
4518,20:26:30:511,3,Severe_Damage,L3_S2,-1778,1128,14870,-221,33,-129,0,0.11
4519,20:26:30:521,3,Severe_Damage,L3_S2,-1768,1120,14882,-222,28,-128,0,12.11
4520,20:26:30:531,3,Severe_Damage,L3_S2,-1726,1090,14922,-231,23,-127,0,52.11
4521,20:26:30:541,3,Severe_Damage,L3_S2,-1762,1114,14894,-227,28,-125,0,24.11
4522,20:26:30:551,3,Severe_Damage,L3_S2,-1738,1116,14894,-220,31,-129,0,24.11
4523,20:26:30:561,3,Severe_Damage,L3_S2,-1734,1114,14844,-213,35,-125,0,-25.89
4524,20:26:30:571,3,Severe_Damage,L3_S2,-1734,1112,14802,-203,28,-117,0,-67.89
4525,20:26:30:581,3,Severe_Damage,L3_S2,-1730,1112,14846,-187,30,-121,0,-23.89
4526,20:26:30:591,3,Severe_Damage,L3_S2,-1828,1080,14808,-176,25,-124,0,-61.89
4527,20:26:30:601,3,Severe_Damage,L3_S2,-1796,1108,14808,-171,33,-121,0,-61.89
4528,20:26:30:611,3,Severe_Damage,L3_S2,-1766,1120,14928,-160,31,-118,0,58.11
4529,20:26:30:621,3,Severe_Damage,L3_S2,-1774,1112,14922,-159,26,-112,0,52.11
4530,20:26:30:631,3,Severe_Damage,L3_S2,-1748,1092,15024,-154,32,-118,0,154.11
4531,20:26:30:641,3,Severe_Damage,L3_S2,-1798,1152,14876,-163,27,-117,0,6.11
4532,20:26:30:651,3,Severe_Damage,L3_S2,-1718,1116,14846,-163,39,-123,0,-23.89
4533,20:26:30:661,3,Severe_Damage,L3_S2,-1724,1122,14902,-173,29,-123,0,32.11
4534,20:26:30:671,3,Severe_Damage,L3_S2,-1824,1118,14888,-180,23,-125,0,18.11
4535,20:26:30:681,3,Severe_Damage,L3_S2,-1744,1128,14886,-194,29,-123,0,16.11
4536,20:26:30:691,3,Severe_Damage,L3_S2,-1794,1130,14882,-199,23,-123,0,12.11
4537,20:26:30:701,3,Severe_Damage,L3_S2,-1760,1126,14946,-209,30,-127,0,76.11
4538,20:26:30:711,3,Severe_Damage,L3_S2,-1776,1112,14982,-217,26,-124,0,112.11
4539,20:26:30:721,3,Severe_Damage,L3_S2,-1784,1136,14862,-221,20,-120,0,-7.89
4540,20:26:30:731,3,Severe_Damage,L3_S2,-1780,1084,14876,-229,28,-125,0,6.11
4541,20:26:30:741,3,Severe_Damage,L3_S2,-1752,1056,14886,-228,25,-118,0,16.11
4542,20:26:30:751,3,Severe_Damage,L3_S2,-1726,1122,14792,-219,30,-121,0,-77.89
4543,20:26:30:761,3,Severe_Damage,L3_S2,-1726,1066,14798,-208,23,-123,0,-71.89
4544,20:26:30:771,3,Severe_Damage,L3_S2,-1786,1110,14778,-199,26,-123,0,-91.89
4545,20:26:30:781,3,Severe_Damage,L3_S2,-1742,1108,14798,-189,29,-126,0,-71.89
4546,20:26:30:791,3,Severe_Damage,L3_S2,-1778,1134,14786,-181,30,-126,0,-83.89
4547,20:26:30:801,3,Severe_Damage,L3_S2,-1756,1116,14862,-168,37,-114,0,-7.89
4548,20:26:30:811,3,Severe_Damage,L3_S2,-1764,1088,14868,-165,31,-119,0,-1.89
4549,20:26:30:821,3,Severe_Damage,L3_S2,-1788,1134,14908,-161,32,-115,0,38.11
4550,20:26:30:831,3,Severe_Damage,L3_S2,-1780,1136,14850,-158,30,-119,0,-19.89
4551,20:26:30:841,3,Severe_Damage,L3_S2,-1774,1104,14864,-163,32,-117,0,-5.89
4552,20:26:30:851,3,Severe_Damage,L3_S2,-1770,1152,14940,-173,33,-120,0,70.11
4553,20:26:30:861,3,Severe_Damage,L3_S2,-1784,1060,14934,-173,22,-115,0,64.11
4554,20:26:30:871,3,Severe_Damage,L3_S2,-1742,1080,14914,-186,24,-118,0,44.11
4555,20:26:30:881,3,Severe_Damage,L3_S2,-1774,1116,14930,-185,31,-126,0,60.11
4556,20:26:30:891,3,Severe_Damage,L3_S2,-1794,1110,15004,-207,24,-127,0,134.11
4557,20:26:30:901,3,Severe_Damage,L3_S2,-1772,1118,14878,-211,35,-127,0,8.11
4558,20:26:30:911,3,Severe_Damage,L3_S2,-1794,1082,14814,-217,32,-129,0,-55.89
4559,20:26:30:921,3,Severe_Damage,L3_S2,-1772,1154,14878,-221,31,-123,0,8.11
4560,20:26:30:931,3,Severe_Damage,L3_S2,-1764,1118,14822,-216,32,-129,0,-47.89
4561,20:26:30:941,3,Severe_Damage,L3_S2,-1726,1134,14808,-216,25,-130,0,-61.89
4562,20:26:30:951,3,Severe_Damage,L3_S2,-1764,1090,14838,-209,31,-132,0,-31.89
4563,20:26:30:961,3,Severe_Damage,L3_S2,-1794,1062,14838,-197,23,-130,0,-31.89
4564,20:26:30:971,3,Severe_Damage,L3_S2,-1750,1146,14810,-186,34,-121,0,-59.89
4565,20:26:30:981,3,Severe_Damage,L3_S2,-1734,1104,14848,-182,34,-123,0,-21.89
4566,20:26:30:991,3,Severe_Damage,L3_S2,-1752,1118,14830,-176,28,-128,0,-39.89
4567,20:26:31:001,3,Severe_Damage,L3_S2,-1814,1122,14822,-164,24,-120,0,-47.89
4568,20:26:31:011,3,Severe_Damage,L3_S2,-1742,1144,14862,-160,36,-122,0,-7.89
4569,20:26:31:021,3,Severe_Damage,L3_S2,-1780,1104,14834,-162,33,-114,0,-35.89
4570,20:26:31:031,3,Severe_Damage,L3_S2,-1746,1136,14910,-170,35,-119,0,40.11
4571,20:26:31:041,3,Severe_Damage,L3_S2,-1784,1114,14948,-166,33,-116,0,78.11
4572,20:26:31:051,3,Severe_Damage,L3_S2,-1810,1120,14884,-174,29,-124,0,14.11
4573,20:26:31:061,3,Severe_Damage,L3_S2,-1786,1126,14852,-185,29,-124,0,-17.89
4574,20:26:31:071,3,Severe_Damage,L3_S2,-1796,1094,14930,-195,27,-119,0,60.11
4575,20:26:31:081,3,Severe_Damage,L3_S2,-1764,1104,14888,-199,29,-126,0,18.11
4576,20:26:31:091,3,Severe_Damage,L3_S2,-1814,1096,14934,-204,30,-123,0,64.11
4577,20:26:31:101,3,Severe_Damage,L3_S2,-1772,1096,14924,-216,30,-127,0,54.11
4578,20:26:31:111,3,Severe_Damage,L3_S2,-1744,1050,14882,-223,30,-126,0,12.11
4579,20:26:31:121,3,Severe_Damage,L3_S2,-1808,1090,14796,-219,32,-123,0,-73.89
4580,20:26:31:131,3,Severe_Damage,L3_S2,-1806,1086,14874,-219,31,-128,0,4.11
4581,20:26:31:141,3,Severe_Damage,L3_S2,-1788,1094,14886,-214,30,-121,0,16.11
4582,20:26:31:151,3,Severe_Damage,L3_S2,-1762,1128,14868,-204,28,-123,0,-1.89
4583,20:26:31:161,3,Severe_Damage,L3_S2,-1732,1112,14822,-191,30,-121,0,-47.89
4584,20:26:31:171,3,Severe_Damage,L3_S2,-1796,1132,14864,-190,25,-121,0,-5.89
4585,20:26:31:181,3,Severe_Damage,L3_S2,-1762,1074,14816,-180,30,-122,0,-53.89
4586,20:26:31:191,3,Severe_Damage,L3_S2,-1730,1100,14904,-177,24,-119,0,34.11
4587,20:26:31:201,3,Severe_Damage,L3_S2,-1796,1112,14794,-171,34,-112,0,-75.89
4588,20:26:31:212,3,Severe_Damage,L3_S2,-1774,1110,14848,-168,25,-120,0,-21.89
4589,20:26:31:221,3,Severe_Damage,L3_S2,-1732,1126,14916,-163,29,-126,0,46.11
4590,20:26:31:231,3,Severe_Damage,L3_S2,-1758,1180,14884,-167,29,-116,0,14.11
4591,20:26:31:241,3,Severe_Damage,L3_S2,-1766,1092,14926,-174,26,-114,0,56.11
4592,20:26:31:251,3,Severe_Damage,L3_S2,-1770,1132,14886,-177,37,-115,0,16.11
4593,20:26:31:261,3,Severe_Damage,L3_S2,-1766,1112,14914,-185,32,-111,0,44.11
4594,20:26:31:271,3,Severe_Damage,L3_S2,-1788,1076,14888,-193,33,-117,0,18.11
4595,20:26:31:281,3,Severe_Damage,L3_S2,-1774,1140,14956,-209,27,-120,0,86.11
4596,20:26:31:291,3,Severe_Damage,L3_S2,-1760,1090,14836,-200,28,-124,0,-33.89
4597,20:26:31:301,3,Severe_Damage,L3_S2,-1712,1116,14842,-211,25,-128,0,-27.89
4598,20:26:31:311,3,Severe_Damage,L3_S2,-1758,1140,14812,-203,22,-124,0,-57.89
4599,20:26:31:321,3,Severe_Damage,L3_S2,-1744,1124,14860,-218,27,-125,0,-9.89
4600,20:26:31:331,3,Severe_Damage,L3_S2,-1766,1088,14844,-210,30,-128,0,-25.89
4601,20:26:31:341,3,Severe_Damage,L3_S2,-1760,1066,14864,-211,26,-130,0,-5.89
4602,20:26:31:352,3,Severe_Damage,L3_S2,-1768,1102,14900,-199,28,-117,0,30.11
4603,20:26:31:361,3,Severe_Damage,L3_S2,-1788,1132,14848,-193,26,-124,0,-21.89
4604,20:26:31:371,3,Severe_Damage,L3_S2,-1728,1062,14864,-184,24,-124,0,-5.89
4605,20:26:31:381,3,Severe_Damage,L3_S2,-1782,1134,14800,-180,23,-119,0,-69.89
4606,20:26:31:391,3,Severe_Damage,L3_S2,-1740,1120,14838,-172,32,-131,0,-31.89
4607,20:26:31:401,3,Severe_Damage,L3_S2,-1780,1098,14916,-174,29,-118,0,46.11
4608,20:26:31:411,3,Severe_Damage,L3_S2,-1724,1070,14896,-162,36,-119,0,26.11
4609,20:26:31:421,3,Severe_Damage,L3_S2,-1762,1076,14920,-165,28,-122,0,50.11
4610,20:26:31:431,3,Severe_Damage,L3_S2,-1806,1124,14966,-164,26,-117,0,96.11
4611,20:26:31:441,3,Severe_Damage,L3_S2,-1722,1066,14872,-174,49,-124,0,2.11
4612,20:26:31:451,3,Severe_Damage,L3_S2,-1796,1116,14854,-177,12,-111,0,-15.89
4613,20:26:31:461,3,Severe_Damage,L3_S2,-1792,1140,14870,-184,48,-126,0,0.11
4614,20:26:31:471,3,Severe_Damage,L3_S2,-1792,1116,14872,-188,18,-116,0,2.11
4615,20:26:31:481,3,Severe_Damage,L3_S2,-1764,1102,14810,-198,28,-125,0,-59.89
4616,20:26:31:491,3,Severe_Damage,L3_S2,-1790,1102,14876,-208,35,-124,0,6.11
4617,20:26:31:501,3,Severe_Damage,L3_S2,-1820,1090,14856,-212,17,-124,0,-13.89
4618,20:26:31:511,3,Severe_Damage,L3_S2,-1758,1088,14858,-212,38,-130,0,-11.89
4619,20:26:31:521,3,Severe_Damage,L3_S2,-1794,1114,14892,-214,22,-123,0,22.11
4620,20:26:31:531,3,Severe_Damage,L3_S2,-1774,1110,14906,-208,36,-130,0,36.11
4621,20:26:31:541,3,Severe_Damage,L3_S2,-1742,1132,14838,-206,23,-125,0,-31.89
4622,20:26:31:551,3,Severe_Damage,L3_S2,-1786,1122,14880,-204,36,-120,0,10.11
4623,20:26:31:561,3,Severe_Damage,L3_S2,-1742,1108,14812,-200,38,-124,0,-57.89
4624,20:26:31:571,3,Severe_Damage,L3_S2,-1756,1096,14812,-193,21,-124,0,-57.89
4625,20:26:31:581,3,Severe_Damage,L3_S2,-1784,1108,14838,-184,35,-124,0,-31.89
4626,20:26:31:591,3,Severe_Damage,L3_S2,-1796,1082,14838,-180,20,-120,0,-31.89
4627,20:26:31:601,3,Severe_Damage,L3_S2,-1754,1090,14836,-170,31,-124,0,-33.89
4628,20:26:31:611,3,Severe_Damage,L3_S2,-1854,1110,14868,-173,38,-118,0,-1.89
4629,20:26:31:621,3,Severe_Damage,L3_S2,-1784,1138,14858,-171,29,-116,0,-11.89
4630,20:26:31:631,3,Severe_Damage,L3_S2,-1766,1138,14904,-173,34,-116,0,34.11
4631,20:26:31:641,3,Severe_Damage,L3_S2,-1800,1094,14890,-173,29,-122,0,20.11
4632,20:26:31:651,3,Severe_Damage,L3_S2,-1738,1152,14894,-178,40,-121,0,24.11
4633,20:26:31:661,3,Severe_Damage,L3_S2,-1782,1124,14884,-182,35,-116,0,14.11
4634,20:26:31:672,3,Severe_Damage,L3_S2,-1784,1130,14962,-185,31,-120,0,92.11
4635,20:26:31:681,3,Severe_Damage,L3_S2,-1766,1160,14858,-189,29,-128,0,-11.89
4636,20:26:31:691,3,Severe_Damage,L3_S2,-1772,1082,14856,-199,31,-118,0,-13.89
4637,20:26:31:702,3,Severe_Damage,L3_S2,-1746,1108,14876,-208,34,-124,0,6.11
4638,20:26:31:711,3,Severe_Damage,L3_S2,-1796,1078,14868,-210,20,-124,0,-1.89
4639,20:26:31:721,3,Severe_Damage,L3_S2,-1800,1148,14862,-214,35,-128,0,-7.89
4640,20:26:31:731,3,Severe_Damage,L3_S2,-1790,1090,14822,-212,26,-129,0,-47.89
4641,20:26:31:742,3,Severe_Damage,L3_S2,-1804,1116,14844,-215,27,-122,0,-25.89
4642,20:26:31:751,3,Severe_Damage,L3_S2,-1746,1100,14868,-204,33,-132,0,-1.89
4643,20:26:31:761,3,Severe_Damage,L3_S2,-1776,1136,14834,-195,30,-124,0,-35.89
4644,20:26:31:771,3,Severe_Damage,L3_S2,-1768,1094,14798,-192,15,-127,0,-71.89
4645,20:26:31:782,3,Severe_Damage,L3_S2,-1768,1078,14808,-177,31,-126,0,-61.89
4646,20:26:31:791,3,Severe_Damage,L3_S2,-1782,1052,14926,-178,22,-120,0,56.11
4647,20:26:31:802,3,Severe_Damage,L3_S2,-1756,1096,14886,-180,40,-122,0,16.11
4648,20:26:31:812,3,Severe_Damage,L3_S2,-1778,1090,14830,-175,26,-113,0,-39.89
4649,20:26:31:822,3,Severe_Damage,L3_S2,-1740,1120,14866,-179,28,-110,0,-3.89
4650,20:26:31:832,3,Severe_Damage,L3_S2,-1714,1120,14878,-172,36,-119,0,8.11
4651,20:26:31:841,3,Severe_Damage,L3_S2,-1736,1122,14858,-178,23,-127,0,-11.89
4652,20:26:31:852,3,Severe_Damage,L3_S2,-1750,1096,14844,-167,35,-116,0,-25.89
4653,20:26:31:862,3,Severe_Damage,L3_S2,-1742,1098,14866,-190,18,-120,0,-3.89
4654,20:26:31:872,3,Severe_Damage,L3_S2,-1780,1078,14864,-187,40,-118,0,-5.89
4655,20:26:31:882,3,Severe_Damage,L3_S2,-1772,1110,14962,-208,23,-125,0,92.11
4656,20:26:31:892,3,Severe_Damage,L3_S2,-1768,1076,14862,-203,33,-126,0,-7.89
4657,20:26:31:902,3,Severe_Damage,L3_S2,-1752,1078,14794,-209,32,-125,0,-75.89
4658,20:26:31:912,3,Severe_Damage,L3_S2,-1772,1070,14868,-207,30,-119,0,-1.89
4659,20:26:31:922,3,Severe_Damage,L3_S2,-1766,1090,14734,-209,27,-124,0,-135.89
4660,20:26:31:932,3,Severe_Damage,L3_S2,-1796,1092,14876,-202,29,-119,0,6.11
4661,20:26:31:942,3,Severe_Damage,L3_S2,-1772,1086,14870,-203,24,-123,0,0.11
4662,20:26:31:952,3,Severe_Damage,L3_S2,-1744,1086,14784,-201,27,-123,0,-85.89
4663,20:26:31:962,3,Severe_Damage,L3_S2,-1752,1086,14814,-200,34,-120,0,-55.89
4664,20:26:31:972,3,Severe_Damage,L3_S2,-1808,1104,14870,-194,33,-122,0,0.11
4665,20:26:31:982,3,Severe_Damage,L3_S2,-1770,1094,14852,-183,33,-120,0,-17.89
4666,20:26:31:992,3,Severe_Damage,L3_S2,-1760,1094,14844,-179,32,-122,0,-25.89
4667,20:26:32:002,3,Severe_Damage,L3_S2,-1822,1104,14786,-171,32,-122,0,-83.89
4668,20:26:32:012,3,Severe_Damage,L3_S2,-1732,1068,14892,-173,38,-129,0,22.11
4669,20:26:32:022,3,Severe_Damage,L3_S2,-1776,1070,14858,-173,22,-117,0,-11.89
4670,20:26:32:032,3,Severe_Damage,L3_S2,-1742,1106,14924,-176,32,-117,0,54.11
4671,20:26:32:042,3,Severe_Damage,L3_S2,-1780,1114,14822,-174,27,-118,0,-47.89
4672,20:26:32:052,3,Severe_Damage,L3_S2,-1792,1120,14840,-182,34,-121,0,-29.89
4673,20:26:32:062,3,Severe_Damage,L3_S2,-1776,1092,14908,-185,39,-120,0,38.11
4674,20:26:32:072,3,Severe_Damage,L3_S2,-1790,1130,14892,-195,24,-119,0,22.11
4675,20:26:32:082,3,Severe_Damage,L3_S2,-1810,1128,14910,-192,34,-118,0,40.11
4676,20:26:32:092,3,Severe_Damage,L3_S2,-1790,1108,14862,-203,27,-123,0,-7.89
4677,20:26:32:102,3,Severe_Damage,L3_S2,-1814,1082,14898,-199,31,-124,0,28.11
4678,20:26:32:112,3,Severe_Damage,L3_S2,-1746,1078,14890,-204,30,-128,0,20.11
4679,20:26:32:122,3,Severe_Damage,L3_S2,-1794,1106,14838,-210,27,-124,0,-31.89
4680,20:26:32:132,3,Severe_Damage,L3_S2,-1752,1110,14812,-210,35,-124,0,-57.89
4681,20:26:32:142,3,Severe_Damage,L3_S2,-1770,1118,14886,-207,29,-129,0,16.11
4682,20:26:32:152,3,Severe_Damage,L3_S2,-1794,1064,14850,-208,25,-122,0,-19.89
4683,20:26:32:162,3,Severe_Damage,L3_S2,-1716,1096,14880,-201,41,-120,0,10.11
4684,20:26:32:172,3,Severe_Damage,L3_S2,-1784,1128,14850,-194,31,-118,0,-19.89
4685,20:26:32:182,3,Severe_Damage,L3_S2,-1794,1094,14794,-188,38,-119,0,-75.89
4686,20:26:32:192,3,Severe_Damage,L3_S2,-1744,1102,14818,-186,27,-116,0,-51.89
4687,20:26:32:202,3,Severe_Damage,L3_S2,-1802,1116,14852,-182,35,-117,0,-17.89
4688,20:26:32:212,3,Severe_Damage,L3_S2,-1760,1096,14898,-179,30,-115,0,28.11
4689,20:26:32:222,3,Severe_Damage,L3_S2,-1740,1124,14868,-178,23,-118,0,-1.89
4690,20:26:32:232,3,Severe_Damage,L3_S2,-1720,1084,14872,-169,26,-118,0,2.11
4691,20:26:32:242,3,Severe_Damage,L3_S2,-1764,1094,14866,-176,31,-120,0,-3.89
4692,20:26:32:252,3,Severe_Damage,L3_S2,-1798,1124,14856,-181,30,-119,0,-13.89
4693,20:26:32:262,3,Severe_Damage,L3_S2,-1786,1128,14870,-192,32,-122,0,0.11
4694,20:26:32:272,3,Severe_Damage,L3_S2,-1774,1098,14900,-185,27,-123,0,30.11
4695,20:26:32:282,3,Severe_Damage,L3_S2,-1736,1118,14764,-193,34,-124,0,-105.89
4696,20:26:32:292,3,Severe_Damage,L3_S2,-1780,1102,14818,-191,24,-120,0,-51.89
4697,20:26:32:302,3,Severe_Damage,L3_S2,-1732,1154,14850,-212,28,-124,0,-19.89
4698,20:26:32:312,3,Severe_Damage,L3_S2,-1728,1120,14894,-201,24,-121,0,24.11
4699,20:26:32:322,3,Severe_Damage,L3_S2,-1720,1128,14876,-211,28,-128,0,6.11
4700,20:26:32:332,3,Severe_Damage,L3_S2,-1760,1078,14860,-203,31,-126,0,-9.89
4701,20:26:32:342,3,Severe_Damage,L3_S2,-1724,1074,14862,-203,25,-125,0,-7.89
4702,20:26:32:352,3,Severe_Damage,L3_S2,-1766,1136,14866,-196,34,-129,0,-3.89
4703,20:26:32:362,3,Severe_Damage,L3_S2,-1780,1084,14874,-200,30,-120,0,4.11
4704,20:26:32:372,3,Severe_Damage,L3_S2,-1728,1116,14828,-199,31,-117,0,-41.89
4705,20:26:32:382,3,Severe_Damage,L3_S2,-1772,1094,14786,-189,26,-120,0,-83.89
4706,20:26:32:392,3,Severe_Damage,L3_S2,-1768,1068,14822,-182,33,-121,0,-47.89
4707,20:26:32:402,3,Severe_Damage,L3_S2,-1792,1144,14894,-181,32,-120,0,24.11
4708,20:26:32:412,3,Severe_Damage,L3_S2,-1802,1088,14880,-174,28,-118,0,10.11
4709,20:26:32:422,3,Severe_Damage,L3_S2,-1770,1110,14824,-170,30,-118,0,-45.89
4710,20:26:32:432,3,Severe_Damage,L3_S2,-1758,1168,14866,-176,28,-124,0,-3.89
4711,20:26:32:442,3,Severe_Damage,L3_S2,-1800,1176,14918,-176,29,-125,0,48.11
4712,20:26:32:452,3,Severe_Damage,L3_S2,-1776,1118,14890,-182,34,-130,0,20.11
4713,20:26:32:462,3,Severe_Damage,L3_S2,-1806,1116,14880,-188,26,-122,0,10.11
4714,20:26:32:472,3,Severe_Damage,L3_S2,-1772,1122,14864,-196,34,-125,0,-5.89
4715,20:26:32:482,3,Severe_Damage,L3_S2,-1822,1134,14906,-203,32,-123,0,36.11
4716,20:26:32:492,3,Severe_Damage,L3_S2,-1754,1088,14876,-204,37,-128,0,6.11
4717,20:26:32:502,3,Severe_Damage,L3_S2,-1832,1110,14892,-199,32,-120,0,22.11
4718,20:26:32:512,3,Severe_Damage,L3_S2,-1770,1100,14902,-204,36,-124,0,32.11
4719,20:26:32:522,3,Severe_Damage,L3_S2,-1784,1080,14872,-199,35,-120,0,2.11
4720,20:26:32:532,3,Severe_Damage,L3_S2,-1820,1122,14872,-204,27,-120,0,2.11
4721,20:26:32:542,3,Severe_Damage,L3_S2,-1760,1084,14830,-199,33,-120,0,-39.89
4722,20:26:32:552,3,Severe_Damage,L3_S2,-1810,1080,14874,-203,28,-113,0,4.11
4723,20:26:32:562,3,Severe_Damage,L3_S2,-1796,1120,14824,-193,31,-124,0,-45.89
4724,20:26:32:572,3,Severe_Damage,L3_S2,-1712,1110,14814,-194,20,-126,0,-55.89
4725,20:26:32:582,3,Severe_Damage,L3_S2,-1760,1114,14832,-186,34,-127,0,-37.89
4726,20:26:32:592,3,Severe_Damage,L3_S2,-1754,1130,14838,-185,31,-119,0,-31.89
4727,20:26:32:602,3,Severe_Damage,L3_S2,-1738,1154,14832,-176,30,-118,0,-37.89
4728,20:26:32:612,3,Severe_Damage,L3_S2,-1762,1108,14816,-183,41,-116,0,-53.89
4729,20:26:32:622,3,Severe_Damage,L3_S2,-1788,1082,14876,-180,27,-123,0,6.11
4730,20:26:32:632,3,Severe_Damage,L3_S2,-1716,1114,14904,-177,28,-121,0,34.11
4731,20:26:32:642,3,Severe_Damage,L3_S2,-1826,1166,14906,-180,28,-121,0,36.11
4732,20:26:32:652,3,Severe_Damage,L3_S2,-1792,1110,14804,-182,32,-123,0,-65.89
4733,20:26:32:662,3,Severe_Damage,L3_S2,-1762,1130,14832,-183,33,-125,0,-37.89
4734,20:26:32:672,3,Severe_Damage,L3_S2,-1820,1118,14888,-186,30,-111,0,18.11
4735,20:26:32:682,3,Severe_Damage,L3_S2,-1744,1104,14890,-190,35,-119,0,20.11
4736,20:26:32:692,3,Severe_Damage,L3_S2,-1734,1122,14846,-195,28,-121,0,-23.89
4737,20:26:32:702,3,Severe_Damage,L3_S2,-1778,1136,14894,-205,32,-125,0,24.11
4738,20:26:32:712,3,Severe_Damage,L3_S2,-1772,1148,14788,-205,29,-119,0,-81.89
4739,20:26:32:722,3,Severe_Damage,L3_S2,-1770,1114,14834,-209,33,-119,0,-35.89
4740,20:26:32:732,3,Severe_Damage,L3_S2,-1764,1088,14906,-205,32,-130,0,36.11
4741,20:26:32:742,3,Severe_Damage,L3_S2,-1786,1114,14916,-200,23,-125,0,46.11
4742,20:26:32:752,3,Severe_Damage,L3_S2,-1730,1134,14902,-197,35,-130,0,32.11
4743,20:26:32:762,3,Severe_Damage,L3_S2,-1776,1130,14830,-200,27,-125,0,-39.89
4744,20:26:32:772,3,Severe_Damage,L3_S2,-1822,1076,14854,-193,33,-120,0,-15.89
4745,20:26:32:782,3,Severe_Damage,L3_S2,-1720,1066,14798,-188,34,-125,0,-71.89
4746,20:26:32:792,3,Severe_Damage,L3_S2,-1794,1078,14858,-186,27,-121,0,-11.89
4747,20:26:32:802,3,Severe_Damage,L3_S2,-1758,1110,14912,-182,37,-127,0,42.11
4748,20:26:32:812,3,Severe_Damage,L3_S2,-1758,1106,14916,-182,32,-119,0,46.11
4749,20:26:32:822,3,Severe_Damage,L3_S2,-1776,1124,14818,-179,33,-130,0,-51.89
4750,20:26:32:832,3,Severe_Damage,L3_S2,-1746,1098,14898,-179,41,-119,0,28.11
4751,20:26:32:842,3,Severe_Damage,L3_S2,-1780,1106,14938,-180,28,-122,0,68.11
4752,20:26:32:852,3,Severe_Damage,L3_S2,-1742,1148,14866,-182,40,-122,0,-3.89
4753,20:26:32:862,3,Severe_Damage,L3_S2,-1744,1136,14834,-182,18,-118,0,-35.89
4754,20:26:32:872,3,Severe_Damage,L3_S2,-1782,1118,14872,-187,33,-123,0,2.11
4755,20:26:32:882,3,Severe_Damage,L3_S2,-1748,1100,14890,-190,35,-118,0,20.11
4756,20:26:32:892,3,Severe_Damage,L3_S2,-1794,1082,14846,-205,33,-129,0,-23.89
4757,20:26:32:902,3,Severe_Damage,L3_S2,-1742,1142,14824,-200,36,-122,0,-45.89
4758,20:26:32:912,3,Severe_Damage,L3_S2,-1764,1080,14862,-210,24,-120,0,-7.89
4759,20:26:32:922,3,Severe_Damage,L3_S2,-1788,1148,14856,-199,27,-118,0,-13.89
4760,20:26:32:932,3,Severe_Damage,L3_S2,-1768,1136,14896,-204,27,-124,0,26.11
4761,20:26:32:942,3,Severe_Damage,L3_S2,-1782,1138,14864,-201,24,-122,0,-5.89
4762,20:26:32:952,3,Severe_Damage,L3_S2,-1750,1108,14880,-202,28,-121,0,10.11
4763,20:26:32:962,3,Severe_Damage,L3_S2,-1770,1152,14884,-192,22,-120,0,14.11
4764,20:26:32:972,3,Severe_Damage,L3_S2,-1778,1104,14882,-198,37,-120,0,12.11
4765,20:26:32:982,3,Severe_Damage,L3_S2,-1766,1114,14872,-191,31,-123,0,2.11
4766,20:26:32:992,3,Severe_Damage,L3_S2,-1772,1140,14844,-176,23,-124,0,-25.89
4767,20:26:33:002,3,Severe_Damage,L3_S2,-1796,1046,14748,-157,34,-119,0,-121.89
4768,20:26:33:012,3,Severe_Damage,L3_S2,-1754,1122,14822,-135,31,-111,0,-47.89
4769,20:26:33:022,3,Severe_Damage,L3_S2,-1778,1088,14876,-133,36,-112,0,6.11
4770,20:26:33:032,3,Severe_Damage,L3_S2,-1756,1088,14902,-129,30,-116,0,32.11
4771,20:26:33:042,3,Severe_Damage,L3_S2,-1732,1136,14954,-143,34,-116,0,84.11
4772,20:26:33:052,3,Severe_Damage,L3_S2,-1776,1116,14916,-149,33,-116,0,46.11
4773,20:26:33:062,3,Severe_Damage,L3_S2,-1748,1098,14920,-166,30,-116,0,50.11
4774,20:26:33:072,3,Severe_Damage,L3_S2,-1812,1126,14942,-186,34,-125,0,72.11
4775,20:26:33:082,3,Severe_Damage,L3_S2,-1680,1086,14740,-187,-63,-125,0,-129.89
4776,20:26:33:092,3,Severe_Damage,L3_S2,-1798,1080,14958,-172,111,-125,0,88.11
4777,20:26:33:102,3,Severe_Damage,L3_S2,-1848,1144,14898,-161,40,-111,0,28.11
4778,20:26:33:112,3,Severe_Damage,L3_S2,-1700,1114,14894,-189,24,-123,0,24.11
4779,20:26:33:122,3,Severe_Damage,L3_S2,-1830,1150,14874,-219,62,-125,0,4.11
4780,20:26:33:132,3,Severe_Damage,L3_S2,-1756,1178,14934,-194,5,-128,0,64.11
4781,20:26:33:142,3,Severe_Damage,L3_S2,21172,4736,-32768,2878,-2629,253,1,-47637.89
4782,20:26:33:152,3,Severe_Damage,L3_S2,-17278,-6920,26496,4462,2682,1088,1,11626.11
4783,20:26:33:162,3,Severe_Damage,L3_S2,-1900,9324,14782,13031,2183,1275,1,-87.89
4784,20:26:33:172,3,Severe_Damage,L3_S2,-3726,-3896,26726,2392,-3755,1004,1,11856.11
4785,20:26:33:182,3,Severe_Damage,L3_S2,-6132,5300,21210,8441,3968,603,1,6340.11
4786,20:26:33:192,3,Severe_Damage,L3_S2,4118,-2712,20896,-1091,-1732,-298,1,6026.11
4787,20:26:33:202,3,Severe_Damage,L3_S2,-9168,7992,14080,2841,1898,629,1,-789.89
4788,20:26:33:212,3,Severe_Damage,L3_S2,1332,-5482,8952,-2491,-45,-1076,1,-5917.89
4789,20:26:33:222,3,Severe_Damage,L3_S2,3662,1274,916,4316,5166,-297,1,-13953.89
4790,20:26:33:232,3,Severe_Damage,L3_S2,-3526,7356,12078,3498,-1919,938,1,-2791.89
4791,20:26:33:243,3,Severe_Damage,L3_S2,-5168,-3098,32767,1078,-6777,1275,1,17897.11
4792,20:26:33:252,3,Severe_Damage,L3_S2,-1950,9404,20300,4599,4504,39,1,5430.11
4793,20:26:33:262,3,Severe_Damage,L3_S2,-2546,-184,30510,-5652,-2248,-673,1,15640.11
4794,20:26:33:272,3,Severe_Damage,L3_S2,-7508,5688,20790,-4265,-373,-433,1,5920.11
4795,20:26:33:283,3,Severe_Damage,L3_S2,3740,1804,23406,-11287,1458,-2544,1,8536.11
4796,20:26:33:293,3,Severe_Damage,L3_S2,-9456,2786,15202,-10997,-1305,-1052,1,332.11
4797,20:26:33:302,3,Severe_Damage,L3_S2,4436,1456,15960,-13368,-207,-2769,1,1090.11
4798,20:26:33:312,3,Severe_Damage,L3_S2,-4020,628,10678,-12665,-309,-1792,1,-4191.89
4799,20:26:33:322,3,Severe_Damage,L3_S2,-1480,644,7720,-11671,-776,-1886,1,-7149.89
4800,20:26:33:332,3,Severe_Damage,L3_S2,3484,-1196,6966,-9616,318,-1880,1,-7903.89
4801,20:26:33:342,3,Severe_Damage,L3_S2,-5786,-188,2288,-6182,-479,-583,1,-12581.89
4802,20:26:33:352,3,Severe_Damage,L3_S2,6194,-1842,5728,-3018,270,-1123,1,-9141.89
4803,20:26:33:362,3,Severe_Damage,L3_S2,-4928,-240,1798,1444,-214,706,1,-13071.89
4804,20:26:33:372,3,Severe_Damage,L3_S2,1698,-1360,6212,4637,1838,189,1,-8657.89
4805,20:26:33:382,3,Severe_Damage,L3_S2,-854,616,7388,8928,-1891,1593,0,-7481.89
4806,20:26:33:392,3,Severe_Damage,L3_S2,-1854,504,11752,10470,1012,1476,0,-3117.89
4807,20:26:33:402,3,Severe_Damage,L3_S2,-300,1788,15024,12352,805,1689,0,154.11
4808,20:26:33:413,3,Severe_Damage,L3_S2,-4502,2118,17516,11888,-1019,2163,0,2646.11
4809,20:26:33:422,3,Severe_Damage,L3_S2,-254,2832,21934,11176,2129,1182,0,7064.11
4810,20:26:33:432,3,Severe_Damage,L3_S2,-5062,3242,22844,8842,-1133,1721,0,7974.11
4811,20:26:33:442,3,Severe_Damage,L3_S2,-2562,3246,25388,5941,663,676,0,10518.11
4812,20:26:33:452,3,Severe_Damage,L3_S2,-2794,3736,25744,2605,879,171,1,10874.11
4813,20:26:33:462,3,Severe_Damage,L3_S2,-5096,3180,24824,-1465,-1552,61,0,9954.11
4814,20:26:33:472,3,Severe_Damage,L3_S2,-1272,3476,24154,-4552,1559,-1241,0,9284.11
4815,20:26:33:483,3,Severe_Damage,L3_S2,-4098,2734,21246,-8082,-1100,-1086,0,6376.11
4816,20:26:33:493,3,Severe_Damage,L3_S2,-2298,2412,18524,-10227,-224,-1751,0,3654.11
4817,20:26:33:502,3,Severe_Damage,L3_S2,-590,1760,15880,-11694,321,-2111,0,1010.11
4818,20:26:33:513,3,Severe_Damage,L3_S2,-3664,918,11810,-12095,-1288,-1681,1,-3059.89
4819,20:26:33:522,3,Severe_Damage,L3_S2,1672,518,9914,-11152,501,-2198,0,-4955.89
4820,20:26:33:532,3,Severe_Damage,L3_S2,-2870,-456,6528,-9567,-992,-1280,0,-8341.89
4821,20:26:33:542,3,Severe_Damage,L3_S2,1156,-510,5616,-6724,333,-1363,0,-9253.89
4822,20:26:33:552,3,Severe_Damage,L3_S2,-448,-1038,4458,-3631,-515,-553,0,-10411.89
4823,20:26:33:562,3,Severe_Damage,L3_S2,-1008,-956,4650,-60,285,-76,0,-10219.89
4824,20:26:33:572,3,Severe_Damage,L3_S2,1366,-600,6230,3477,143,319,0,-8639.89
4825,20:26:33:582,3,Severe_Damage,L3_S2,-2950,-196,7486,6468,-2,1152,1,-7383.89
4826,20:26:33:592,3,Severe_Damage,L3_S2,1210,620,10938,9081,841,1055,0,-3931.89
4827,20:26:33:602,3,Severe_Damage,L3_S2,-3378,1068,12992,10486,-273,1815,0,-1877.89
4828,20:26:33:612,3,Severe_Damage,L3_S2,-964,1840,16762,11161,943,1475,0,1892.11
4829,20:26:33:622,3,Severe_Damage,L3_S2,-2648,2420,19302,10615,168,1648,0,4432.11
4830,20:26:33:632,3,Severe_Damage,L3_S2,-3584,2770,21652,9058,9,1419,0,6782.11
4831,20:26:33:642,3,Severe_Damage,L3_S2,-1852,3162,23914,6835,1008,771,0,9044.11
4832,20:26:33:652,3,Severe_Damage,L3_S2,-4640,3202,24228,3688,-693,746,0,9358.11
4833,20:26:33:662,3,Severe_Damage,L3_S2,-2490,3330,24836,519,625,-187,0,9966.11
4834,20:26:33:672,3,Severe_Damage,L3_S2,-3214,3160,23690,-2894,-16,-520,0,8820.11
4835,20:26:33:682,3,Severe_Damage,L3_S2,-3548,2806,21770,-5983,-634,-916,0,6900.11
4836,20:26:33:692,3,Severe_Damage,L3_S2,-1376,2600,19868,-8381,551,-1621,0,4998.11
4837,20:26:33:703,3,Severe_Damage,L3_S2,-3306,1810,16662,-10258,-989,-1502,0,1792.11
4838,20:26:33:712,3,Severe_Damage,L3_S2,-852,1368,14096,-10861,101,-1956,0,-773.89
4839,20:26:33:723,3,Severe_Damage,L3_S2,-1390,700,11094,-10728,-496,-1736,0,-3775.89
4840,20:26:33:732,3,Severe_Damage,L3_S2,-1358,6,8606,-9517,-387,-1548,0,-6263.89
4841,20:26:33:742,3,Severe_Damage,L3_S2,574,-304,6956,-7371,-7,-1359,0,-7913.89
4842,20:26:33:752,3,Severe_Damage,L3_S2,-1856,-786,5534,-4780,-423,-684,0,-9335.89
4843,20:26:33:762,3,Severe_Damage,L3_S2,1276,-718,5698,-1520,267,-504,0,-9171.89
4844,20:26:33:772,3,Severe_Damage,L3_S2,-1680,-672,5858,1578,-213,310,1,-9011.89
4845,20:26:33:782,3,Severe_Damage,L3_S2,192,-232,7720,4692,490,515,0,-7149.89
4846,20:26:33:792,3,Severe_Damage,L3_S2,-1216,246,9640,7215,93,1098,1,-5229.89
4847,20:26:33:802,3,Severe_Damage,L3_S2,-1604,818,12184,8999,358,1329,0,-2685.89
4848,20:26:33:812,3,Severe_Damage,L3_S2,-1062,1554,15146,10025,560,1408,0,276.11
4849,20:26:33:822,3,Severe_Damage,L3_S2,-3134,1980,17574,9896,-29,1600,0,2704.11
4850,20:26:33:832,3,Severe_Damage,L3_S2,-1722,2558,20438,9082,757,1192,0,5568.11
4851,20:26:33:843,3,Severe_Damage,L3_S2,-3492,2734,22014,7169,-63,1150,0,7144.11
4852,20:26:33:852,3,Severe_Damage,L3_S2,-3028,3030,23426,4739,241,623,0,8556.11
4853,20:26:33:862,3,Severe_Damage,L3_S2,-2834,3082,23894,1847,355,143,0,9024.11
4854,20:26:33:873,3,Severe_Damage,L3_S2,-3722,2958,23226,-1277,-429,-169,0,8356.11
4855,20:26:33:882,3,Severe_Damage,L3_S2,-2258,2862,22372,-4128,368,-865,0,7502.11
4856,20:26:33:893,3,Severe_Damage,L3_S2,-3054,2508,20072,-6725,-393,-1065,0,5202.11
4857,20:26:33:903,3,Severe_Damage,L3_S2,-2214,2008,17870,-8668,-233,-1479,0,3000.11
4858,20:26:33:913,3,Severe_Damage,L3_S2,-1506,1618,15362,-9713,-95,-1672,0,492.11
4859,20:26:33:923,3,Severe_Damage,L3_S2,-2102,862,12586,-9996,-582,-1575,0,-2283.89
4860,20:26:33:932,3,Severe_Damage,L3_S2,-318,468,10272,-9214,-21,-1645,0,-4597.89
4861,20:26:33:943,3,Severe_Damage,L3_S2,-1460,-210,8186,-7779,-466,-1224,0,-6683.89
4862,20:26:33:952,3,Severe_Damage,L3_S2,-36,-394,6970,-5453,30,-1020,0,-7899.89
4863,20:26:33:962,3,Severe_Damage,L3_S2,-530,-622,6266,-2818,-190,-507,0,-8603.89
4864,20:26:33:972,3,Severe_Damage,L3_S2,-676,-586,6462,132,102,-71,0,-8407.89
4865,20:26:33:982,3,Severe_Damage,L3_S2,-150,-316,7596,2999,167,332,0,-7273.89
4866,20:26:33:992,3,Severe_Damage,L3_S2,-1534,24,9098,5503,107,837,0,-5771.89
4867,20:26:34:002,3,Severe_Damage,L3_S2,-632,644,11462,7560,487,1007,0,-3407.89
4868,20:26:34:012,3,Severe_Damage,L3_S2,-2156,1108,13738,8720,94,1367,0,-1131.89
4869,20:26:34:022,3,Severe_Damage,L3_S2,-1694,1722,16484,9170,521,1287,0,1614.11
4870,20:26:34:032,3,Severe_Damage,L3_S2,-2374,2160,18754,8674,245,1291,0,3884.11
4871,20:26:34:042,3,Severe_Damage,L3_S2,-2934,2516,20710,7365,165,1101,0,5840.11
4872,20:26:34:052,3,Severe_Damage,L3_S2,-2544,2782,22246,5402,437,694,0,7376.11
4873,20:26:34:062,3,Severe_Damage,L3_S2,-3464,2818,22816,2855,-140,438,0,7946.11
4874,20:26:34:072,3,Severe_Damage,L3_S2,-2760,2910,22918,147,235,-131,0,8048.11
4875,20:26:34:082,3,Severe_Damage,L3_S2,-2972,2688,22154,-2635,-54,-495,0,7284.11
4876,20:26:34:093,3,Severe_Damage,L3_S2,-2862,2492,20516,-5118,-241,-870,0,5646.11
4877,20:26:34:102,3,Severe_Damage,L3_S2,-2048,2198,18634,-7128,71,-1283,0,3764.11
4878,20:26:34:113,3,Severe_Damage,L3_S2,-2420,1600,16188,-8564,-466,-1380,0,1318.11
4879,20:26:34:123,3,Severe_Damage,L3_S2,-1304,1220,13904,-9032,-108,-1567,0,-965.89
4880,20:26:34:133,3,Severe_Damage,L3_S2,-1422,658,11618,-8836,-335,-1457,0,-3251.89
4881,20:26:34:142,3,Severe_Damage,L3_S2,-1058,228,9604,-7750,-250,-1308,0,-5265.89
4882,20:26:34:153,3,Severe_Damage,L3_S2,-416,-184,8188,-5992,-122,-1056,0,-6681.89
4883,20:26:34:162,3,Severe_Damage,L3_S2,-1038,-470,7192,-3724,-169,-627,0,-7677.89
4884,20:26:34:172,3,Severe_Damage,L3_S2,-64,-442,7206,-1087,86,-317,0,-7663.89
4885,20:26:34:182,3,Severe_Damage,L3_S2,-1100,-350,7638,1522,-21,195,0,-7231.89
4886,20:26:34:192,3,Severe_Damage,L3_S2,-644,-16,9064,4021,260,492,0,-5805.89
4887,20:26:34:202,3,Severe_Damage,L3_S2,-1224,452,10762,6096,170,878,0,-4107.89
4888,20:26:34:212,3,Severe_Damage,L3_S2,-1596,876,12850,7504,291,1090,0,-2019.89
4889,20:26:34:222,3,Severe_Damage,L3_S2,-1570,1468,15270,8256,353,1179,0,400.11
4890,20:26:34:232,3,Severe_Damage,L3_S2,-2510,1772,17450,8123,190,1224,0,2580.11
4891,20:26:34:242,3,Severe_Damage,L3_S2,-2222,2238,19500,7336,401,1014,0,4630.11
4892,20:26:34:252,3,Severe_Damage,L3_S2,-2902,2470,21038,5707,99,842,0,6168.11
4893,20:26:34:262,3,Severe_Damage,L3_S2,-2914,2666,21890,3683,191,485,0,7020.11
4894,20:26:34:272,3,Severe_Damage,L3_S2,-2770,2662,22254,1234,136,84,0,7384.11
4895,20:26:34:283,3,Severe_Damage,L3_S2,-3086,2652,21706,-1308,-115,-262,0,6836.11
4896,20:26:34:292,3,Severe_Damage,L3_S2,-2450,2468,20816,-3687,70,-706,0,5946.11
4897,20:26:34:303,3,Severe_Damage,L3_S2,-2590,2150,19076,-5745,-203,-968,0,4206.11
4898,20:26:34:313,3,Severe_Damage,L3_S2,-2102,1858,17088,-7287,-148,-1255,1,2218.11
4899,20:26:34:323,3,Severe_Damage,L3_S2,-1694,1292,15104,-8150,-207,-1389,0,234.11
4900,20:26:34:333,3,Severe_Damage,L3_S2,-1648,920,12694,-8194,-288,-1359,0,-2175.89
4901,20:26:34:343,3,Severe_Damage,L3_S2,-878,466,10932,-7570,-150,-1323,0,-3937.89
4902,20:26:34:353,3,Severe_Damage,L3_S2,-1180,18,9208,-6246,-264,-1041,0,-5661.89
4903,20:26:34:362,3,Severe_Damage,L3_S2,-514,-130,8200,-4338,-31,-805,0,-6669.89
4904,20:26:34:372,3,Severe_Damage,L3_S2,-796,-368,7772,-2103,-90,-398,0,-7097.89
4905,20:26:34:382,3,Severe_Damage,L3_S2,-678,-222,8052,342,75,-50,0,-6817.89
4906,20:26:34:392,3,Severe_Damage,L3_S2,-788,-106,8988,2639,111,325,0,-5881.89
4907,20:26:34:402,3,Severe_Damage,L3_S2,-1276,276,10344,4725,167,665,0,-4525.89
4908,20:26:34:412,3,Severe_Damage,L3_S2,-1080,716,12216,6326,297,871,0,-2653.89
4909,20:26:34:422,3,Severe_Damage,L3_S2,-2016,1154,14154,7239,185,1081,0,-715.89
4910,20:26:34:433,3,Severe_Damage,L3_S2,-1744,1618,16402,7504,347,1052,0,1532.11
4911,20:26:34:443,3,Severe_Damage,L3_S2,-2440,2004,18232,7005,210,1039,0,3362.11
4912,20:26:34:452,3,Severe_Damage,L3_S2,-2606,2290,19884,5906,205,843,0,5014.11
4913,20:26:34:462,3,Severe_Damage,L3_S2,-2544,2524,21168,4171,227,542,0,6298.11
4914,20:26:34:472,3,Severe_Damage,L3_S2,-3076,2608,21406,2091,-4,276,0,6536.11
4915,20:26:34:483,3,Severe_Damage,L3_S2,-2592,2504,21512,-208,140,-155,0,6642.11
4916,20:26:34:493,3,Severe_Damage,L3_S2,-2824,2472,20768,-2445,-85,-448,0,5898.11
4917,20:26:34:503,3,Severe_Damage,L3_S2,-2512,2184,19430,-4482,-90,-802,0,4560.11
4918,20:26:34:513,3,Severe_Damage,L3_S2,-2084,1928,17712,-6058,-60,-1070,0,2842.11
4919,20:26:34:523,3,Severe_Damage,L3_S2,-2182,1452,15822,-7201,-275,-1190,0,952.11
4920,20:26:34:533,3,Severe_Damage,L3_S2,-1336,1108,13826,-7487,-132,-1302,0,-1043.89
4921,20:26:34:543,3,Severe_Damage,L3_S2,-1512,646,11878,-7233,-236,-1212,0,-2991.89
4922,20:26:34:553,3,Severe_Damage,L3_S2,-1048,292,10356,-6253,-160,-1088,0,-4513.89
4923,20:26:34:562,3,Severe_Damage,L3_S2,-754,14,9176,-4759,-147,-839,0,-5693.89
4924,20:26:34:573,3,Severe_Damage,L3_S2,-1036,-158,8562,-2825,-58,-518,0,-6307.89
4925,20:26:34:582,3,Severe_Damage,L3_S2,-566,-170,8532,-650,42,-220,0,-6337.89
4926,20:26:34:592,3,Severe_Damage,L3_S2,-1042,-34,9034,1494,19,174,0,-5835.89
4927,20:26:34:602,3,Severe_Damage,L3_S2,-922,206,10234,3512,219,430,0,-4635.89
4928,20:26:34:612,3,Severe_Damage,L3_S2,-1326,546,11686,5135,119,731,0,-3183.89
4929,20:26:34:622,3,Severe_Damage,L3_S2,-1582,1010,13488,6295,306,895,0,-1381.89
4930,20:26:34:633,3,Severe_Damage,L3_S2,-1766,1368,15444,6739,220,962,0,574.11
4931,20:26:34:643,3,Severe_Damage,L3_S2,-2306,1730,17218,6606,218,962,0,2348.11
4932,20:26:34:653,3,Severe_Damage,L3_S2,-2228,2058,18916,5830,283,805,0,4046.11
4933,20:26:34:662,3,Severe_Damage,L3_S2,-2688,2288,20026,4487,112,641,0,5156.11
4934,20:26:34:672,3,Severe_Damage,L3_S2,-2606,2436,20878,2709,151,320,0,6008.11
4935,20:26:34:682,3,Severe_Damage,L3_S2,-2722,2436,20938,686,72,14,0,6068.11
4936,20:26:34:693,3,Severe_Damage,L3_S2,-2746,2366,20486,-1392,-49,-303,0,5616.11
4937,20:26:34:703,3,Severe_Damage,L3_S2,-2342,2192,19590,-3334,9,-635,0,4720.11
4938,20:26:34:713,3,Severe_Damage,L3_S2,-2396,1914,18112,-4969,-139,-855,0,3242.11
4939,20:26:34:723,3,Severe_Damage,L3_S2,-1988,1618,16440,-6156,-99,-1076,0,1570.11
4940,20:26:34:733,3,Severe_Damage,L3_S2,-1710,1166,14716,-6793,-226,-1162,0,-153.89
4941,20:26:34:743,3,Severe_Damage,L3_S2,-1558,834,12908,-6724,-159,-1146,0,-1961.89
4942,20:26:34:753,3,Severe_Damage,L3_S2,-1086,452,11350,-6131,-145,-1061,0,-3519.89
4943,20:26:34:763,3,Severe_Damage,L3_S2,-1168,172,10022,-4954,-174,-850,0,-4847.89
4944,20:26:34:772,3,Severe_Damage,L3_S2,-768,-54,9326,-3340,-25,-635,0,-5543.89
4945,20:26:34:782,3,Severe_Damage,L3_S2,-918,-74,9014,-1436,-54,-305,0,-5855.89
4946,20:26:34:792,3,Severe_Damage,L3_S2,-862,0,9380,544,87,-20,0,-5489.89
4947,20:26:34:802,3,Severe_Damage,L3_S2,-1046,186,10142,2429,88,287,0,-4727.89
4948,20:26:34:812,3,Severe_Damage,L3_S2,-1312,434,11434,4069,157,541,0,-3435.89
4949,20:26:34:822,3,Severe_Damage,L3_S2,-1442,822,12918,5339,243,737,0,-1951.89
4950,20:26:34:833,3,Severe_Damage,L3_S2,-1810,1134,14650,5972,172,865,0,-219.89
4951,20:26:34:842,3,Severe_Damage,L3_S2,-1954,1528,16402,6099,261,858,0,1532.11
4952,20:26:34:853,3,Severe_Damage,L3_S2,-2366,1838,17900,5612,206,806,0,3030.11
4953,20:26:34:863,3,Severe_Damage,L3_S2,-2440,2058,19152,4612,174,636,0,4282.11
4954,20:26:34:873,3,Severe_Damage,L3_S2,-2538,2240,20072,3124,151,396,0,5202.11
4955,20:26:34:882,3,Severe_Damage,L3_S2,-2706,2342,20292,1375,48,134,0,5422.11
4956,20:26:34:893,3,Severe_Damage,L3_S2,-2502,2246,20230,-515,73,-189,0,5360.11
4957,20:26:34:903,3,Severe_Damage,L3_S2,-2494,2136,19498,-2348,-70,-449,0,4628.11
4958,20:26:34:913,3,Severe_Damage,L3_S2,-2312,1962,18478,-3953,-53,-715,0,3608.11
4959,20:26:34:923,3,Severe_Damage,L3_S2,-2156,1678,16988,-5214,-86,-921,0,2118.11
4960,20:26:34:933,3,Severe_Damage,L3_S2,-1904,1368,15228,-5991,-189,-1027,0,358.11
4961,20:26:34:943,3,Severe_Damage,L3_S2,-1502,978,13778,-6226,-142,-1079,0,-1091.89
4962,20:26:34:953,3,Severe_Damage,L3_S2,-1490,676,12206,-5828,-154,-1003,0,-2663.89
4963,20:26:34:963,3,Severe_Damage,L3_S2,-1096,426,10912,-4994,-146,-893,0,-3957.89
4964,20:26:34:973,3,Severe_Damage,L3_S2,-1058,164,10092,-3676,-92,-661,0,-4777.89
4965,20:26:34:982,3,Severe_Damage,L3_S2,-992,58,9634,-2035,-15,-417,0,-5235.89
4966,20:26:34:992,3,Severe_Damage,L3_S2,-910,22,9730,-256,15,-137,0,-5139.89
4967,20:26:35:002,3,Severe_Damage,L3_S2,-1164,162,10146,1523,83,151,0,-4723.89
4968,20:26:35:012,3,Severe_Damage,L3_S2,-1036,410,11272,3103,148,383,0,-3597.89
4969,20:26:35:023,3,Severe_Damage,L3_S2,-1496,746,12514,4411,147,612,0,-2355.89
4970,20:26:35:032,3,Severe_Damage,L3_S2,-1592,994,14058,5210,226,716,0,-811.89
4971,20:26:35:043,3,Severe_Damage,L3_S2,-1936,1392,15608,5539,181,783,0,738.11
4972,20:26:35:053,3,Severe_Damage,L3_S2,-2148,1614,17156,5286,201,745,0,2286.11
4973,20:26:35:063,3,Severe_Damage,L3_S2,-2278,1950,18282,4588,206,627,0,3412.11
4974,20:26:35:073,3,Severe_Damage,L3_S2,-2516,2030,19302,3367,84,453,0,4432.11
4975,20:26:35:083,3,Severe_Damage,L3_S2,-2472,2186,19842,1897,139,196,0,4972.11
4976,20:26:35:093,3,Severe_Damage,L3_S2,-2558,2166,19840,200,14,-53,0,4970.11
4977,20:26:35:106,3,Severe_Damage,L3_S2,-2524,2090,19422,-1505,4,-330,0,4552.11
4978,20:26:35:113,3,Severe_Damage,L3_S2,-2292,1938,18510,-3048,-26,-576,0,3640.11
4979,20:26:35:123,3,Severe_Damage,L3_S2,-2238,1704,17278,-4341,-104,-766,0,2408.11
4980,20:26:35:133,3,Severe_Damage,L3_S2,-1896,1522,15872,-5201,-87,-921,0,1002.11
4981,20:26:35:143,3,Severe_Damage,L3_S2,-1752,1038,14522,-5676,-177,-975,0,-347.89
4982,20:26:35:153,3,Severe_Damage,L3_S2,-1560,890,12886,-5461,-102,-958,0,-1983.89
4983,20:26:35:163,3,Severe_Damage,L3_S2,-1222,454,11764,-4916,-128,-870,0,-3105.89
4984,20:26:35:173,3,Severe_Damage,L3_S2,-1148,310,10674,-3827,-115,-687,0,-4195.89
4985,20:26:35:183,3,Severe_Damage,L3_S2,-948,148,10308,-2486,-22,-492,0,-4561.89
4986,20:26:35:193,3,Severe_Damage,L3_S2,-1114,146,10044,-865,-14,-223,0,-4825.89
4987,20:26:35:202,3,Severe_Damage,L3_S2,-1038,224,10526,733,77,8,0,-4343.89
4988,20:26:35:212,3,Severe_Damage,L3_S2,-1252,352,11146,2264,96,259,0,-3723.89
4989,20:26:35:223,3,Severe_Damage,L3_S2,-1366,640,12268,3537,136,465,0,-2601.89
4990,20:26:35:233,3,Severe_Damage,L3_S2,-1546,930,13568,4481,200,602,0,-1301.89
4991,20:26:35:243,3,Severe_Damage,L3_S2,-1816,1238,14954,4911,150,687,0,84.11
4992,20:26:35:253,3,Severe_Damage,L3_S2,-1964,1498,16404,4922,219,678,0,1534.11
4993,20:26:35:263,3,Severe_Damage,L3_S2,-2262,1758,17508,4416,146,607,0,2638.11
4994,20:26:35:273,3,Severe_Damage,L3_S2,-2370,1964,18602,3499,146,462,0,3732.11
4995,20:26:35:283,3,Severe_Damage,L3_S2,-2444,1994,19226,2231,114,263,0,4356.11
4996,20:26:35:292,3,Severe_Damage,L3_S2,-2504,2074,19398,757,32,38,0,4528.11
4997,20:26:35:303,3,Severe_Damage,L3_S2,-2380,2074,19158,-783,52,-221,0,4288.11
4998,20:26:35:313,3,Severe_Damage,L3_S2,-2334,1890,18462,-2280,-58,-446,0,3592.11
4999,20:26:35:323,3,Severe_Damage,L3_S2,-2246,1764,17492,-3514,-41,-650,0,2622.11
5000,20:26:35:333,3,Severe_Damage,L3_S2,-1918,1470,16310,-4472,-90,-803,0,1440.11
5001,20:26:35:343,3,Severe_Damage,L3_S2,-1778,1246,14886,-5025,-123,-880,0,16.11
5002,20:26:35:353,3,Severe_Damage,L3_S2,-1478,922,13652,-5103,-110,-906,0,-1217.89
5003,20:26:35:363,3,Severe_Damage,L3_S2,-1480,652,12432,-4674,-99,-822,0,-2437.89
5004,20:26:35:373,3,Severe_Damage,L3_S2,-1240,434,11512,-3890,-94,-707,0,-3357.89
5005,20:26:35:383,3,Severe_Damage,L3_S2,-1142,244,10952,-2750,-74,-527,0,-3917.89
5006,20:26:35:393,3,Severe_Damage,L3_S2,-1128,252,10436,-1356,11,-312,0,-4433.89
5007,20:26:35:402,3,Severe_Damage,L3_S2,-1064,212,10716,98,23,-73,0,-4153.89
5008,20:26:35:413,3,Severe_Damage,L3_S2,-1212,394,11194,1529,84,151,0,-3675.89
5009,20:26:35:423,3,Severe_Damage,L3_S2,-1338,644,12160,2782,123,345,0,-2709.89
5010,20:26:35:433,3,Severe_Damage,L3_S2,-1540,778,13294,3741,118,496,0,-1575.89
5011,20:26:35:443,3,Severe_Damage,L3_S2,-1720,1120,14484,4351,214,587,0,-385.89
5012,20:26:35:453,3,Severe_Damage,L3_S2,-1920,1370,15834,4467,144,609,0,964.11
5013,20:26:35:463,3,Severe_Damage,L3_S2,-2116,1620,17008,4184,148,573,0,2138.11
5014,20:26:35:473,3,Severe_Damage,L3_S2,-2216,1756,17956,3484,169,459,0,3086.11
5015,20:26:35:483,3,Severe_Damage,L3_S2,-2364,1868,18616,2459,75,303,0,3746.11
5016,20:26:35:493,3,Severe_Damage,L3_S2,-2394,2002,18948,1158,98,87,0,4078.11
5017,20:26:35:503,3,Severe_Damage,L3_S2,-2404,1946,18772,-213,20,-123,0,3902.11
5018,20:26:35:513,3,Severe_Damage,L3_S2,-2318,1888,18452,-1603,-10,-345,0,3582.11
5019,20:26:35:523,3,Severe_Damage,L3_S2,-2174,1770,17634,-2797,-28,-536,0,2764.11
5020,20:26:35:533,3,Severe_Damage,L3_S2,-2066,1540,16522,-3795,-87,-679,0,1652.11
5021,20:26:35:543,3,Severe_Damage,L3_S2,-1866,1302,15330,-4397,-67,-792,0,460.11
5022,20:26:35:553,3,Severe_Damage,L3_S2,-1680,972,14266,-4684,-139,-827,0,-603.89
5023,20:26:35:563,3,Severe_Damage,L3_S2,-1468,820,12978,-4393,-77,-786,0,-1891.89
5024,20:26:35:573,3,Severe_Damage,L3_S2,-1340,476,12114,-3849,-84,-702,0,-2755.89
5025,20:26:35:583,3,Severe_Damage,L3_S2,-1230,396,11398,-2880,-81,-543,0,-3471.89
5026,20:26:35:593,3,Severe_Damage,L3_S2,-1162,274,11090,-1738,-12,-365,0,-3779.89
5027,20:26:35:603,3,Severe_Damage,L3_S2,-1196,330,10966,-384,37,-151,0,-3903.89
5028,20:26:35:612,3,Severe_Damage,L3_S2,-1186,388,11432,910,54,45,0,-3437.89
5029,20:26:35:623,3,Severe_Damage,L3_S2,-1338,558,12104,2123,115,246,0,-2765.89
5030,20:26:35:633,3,Severe_Damage,L3_S2,-1446,780,13044,3090,103,389,0,-1825.89
5031,20:26:35:643,3,Severe_Damage,L3_S2,-1654,1006,14138,3738,134,500,0,-731.89
5032,20:26:35:653,3,Severe_Damage,L3_S2,-1928,1316,15236,4053,186,546,0,366.11
5033,20:26:35:663,3,Severe_Damage,L3_S2,-1946,1416,16438,3865,117,521,0,1568.11
5034,20:26:35:673,3,Severe_Damage,L3_S2,-2196,1768,17326,3410,155,445,0,2456.11
5035,20:26:35:683,3,Severe_Damage,L3_S2,-2254,1776,18156,2529,110,304,0,3286.11
5036,20:26:35:693,3,Severe_Damage,L3_S2,-2386,1962,18392,1489,74,150,0,3522.11
5037,20:26:35:703,3,Severe_Damage,L3_S2,-2338,1894,18610,195,49,-62,0,3740.11
5038,20:26:35:713,3,Severe_Damage,L3_S2,-2312,1898,18256,-1017,12,-249,0,3386.11
5039,20:26:35:723,3,Severe_Damage,L3_S2,-2148,1760,17620,-2212,-48,-442,0,2750.11
5040,20:26:35:733,3,Severe_Damage,L3_S2,-2058,1614,16704,-3152,-27,-583,0,1834.11
5041,20:26:35:743,3,Severe_Damage,L3_S2,-1930,1328,15640,-3850,-85,-698,0,770.11
5042,20:26:35:753,3,Severe_Damage,L3_S2,-1736,1162,14604,-4179,-74,-760,0,-265.89
5043,20:26:35:763,3,Severe_Damage,L3_S2,-1602,894,13534,-4141,-114,-738,0,-1335.89
5044,20:26:35:773,3,Severe_Damage,L3_S2,-1432,696,12594,-3679,-45,-681,0,-2275.89
5045,20:26:35:783,3,Severe_Damage,L3_S2,-1292,522,11868,-2956,-66,-568,0,-3001.89
5046,20:26:35:793,3,Severe_Damage,L3_S2,-1244,376,11522,-1970,-40,-398,0,-3347.89
5047,20:26:35:803,3,Severe_Damage,L3_S2,-1192,462,11308,-774,42,-225,0,-3561.89
5048,20:26:35:813,3,Severe_Damage,L3_S2,-1244,512,11600,393,25,-23,0,-3269.89
5049,20:26:35:823,3,Severe_Damage,L3_S2,-1282,608,12036,1548,95,151,0,-2833.89
5050,20:26:35:833,3,Severe_Damage,L3_S2,-1440,698,12770,2484,102,297,0,-2099.89
5051,20:26:35:843,3,Severe_Damage,L3_S2,-1622,930,13838,3194,119,410,0,-1031.89
5052,20:26:35:853,3,Severe_Damage,L3_S2,-1758,1170,14980,3549,157,466,0,110.11
5053,20:26:35:863,3,Severe_Damage,L3_S2,-2048,1402,15894,3610,145,480,0,1024.11
5054,20:26:35:873,3,Severe_Damage,L3_S2,-2008,1488,16844,3208,115,407,0,1974.11
5055,20:26:35:883,3,Severe_Damage,L3_S2,-2298,1750,17534,2583,115,323,0,2664.11
5056,20:26:35:893,3,Severe_Damage,L3_S2,-2312,1866,18162,604,66,5,0,3292.11
5057,20:26:35:903,3,Severe_Damage,L3_S2,-2260,1758,18070,-608,-1,-181,0,3200.11
5058,20:26:35:913,3,Severe_Damage,L3_S2,-2222,1738,17572,-1649,19,-356,0,2702.11
5059,20:26:35:923,3,Severe_Damage,L3_S2,-2120,1576,16794,-2614,-57,-504,0,1924.11
5060,20:26:35:933,3,Severe_Damage,L3_S2,-1926,1408,15930,-3298,-47,-620,0,1060.11
5061,20:26:35:944,3,Severe_Damage,L3_S2,-1802,1226,14956,-3713,-56,-678,0,86.11
5062,20:26:35:953,3,Severe_Damage,L3_S2,-1708,932,13970,-3825,-97,-691,0,-899.89
5063,20:26:35:963,3,Severe_Damage,L3_S2,-1446,778,13138,-3492,-68,-646,0,-1731.89
5064,20:26:35:973,3,Severe_Damage,L3_S2,-1454,550,12398,-2947,-31,-557,0,-2471.89
5065,20:26:35:983,3,Severe_Damage,L3_S2,-1268,510,11872,-2079,-55,-423,0,-2997.89
5066,20:26:35:993,3,Severe_Damage,L3_S2,-1292,436,11774,-1121,3,-267,0,-3095.89
5067,20:26:36:003,3,Severe_Damage,L3_S2,-1296,490,11838,18,46,-97,0,-3031.89
5068,20:26:36:013,3,Severe_Damage,L3_S2,-1304,522,12220,1022,50,64,0,-2649.89
5069,20:26:36:023,3,Severe_Damage,L3_S2,-1530,746,12812,1978,116,217,0,-2057.89
5070,20:26:36:033,3,Severe_Damage,L3_S2,-1580,888,13652,2675,99,322,0,-1217.89
5071,20:26:36:043,3,Severe_Damage,L3_S2,-1724,1094,14538,3116,120,402,0,-331.89
5072,20:26:36:053,3,Severe_Damage,L3_S2,-1870,1306,15550,3220,134,413,0,680.11
5073,20:26:36:063,3,Severe_Damage,L3_S2,-1992,1540,16364,3059,143,389,0,1494.11
5074,20:26:36:073,3,Severe_Damage,L3_S2,-2080,1554,17142,2487,71,300,0,2272.11
5075,20:26:36:083,3,Severe_Damage,L3_S2,-2200,1706,17644,1771,116,186,0,2774.11
5076,20:26:36:093,3,Severe_Damage,L3_S2,-2232,1732,17848,830,43,39,0,2978.11
5077,20:26:36:103,3,Severe_Damage,L3_S2,-2244,1728,17778,-193,39,-129,0,2908.11
5078,20:26:36:113,3,Severe_Damage,L3_S2,-2188,1702,17492,-1203,7,-285,0,2622.11
5079,20:26:36:123,3,Severe_Damage,L3_S2,-2112,1480,16922,-2107,-36,-421,0,2052.11
5080,20:26:36:133,3,Severe_Damage,L3_S2,-1964,1478,16074,-2811,-16,-537,0,1204.11
5081,20:26:36:143,3,Severe_Damage,L3_S2,-1832,1210,15268,-3284,-68,-609,0,398.11
5082,20:26:36:153,3,Severe_Damage,L3_S2,-1780,1076,14266,-3429,-40,-631,0,-603.89
5083,20:26:36:163,3,Severe_Damage,L3_S2,-1506,790,13542,-3338,-111,-619,0,-1327.89
5084,20:26:36:173,3,Severe_Damage,L3_S2,-1506,802,12798,-2822,-9,-536,0,-2071.89
5085,20:26:36:183,3,Severe_Damage,L3_S2,-1378,582,12422,-2191,-38,-438,0,-2447.89
5086,20:26:36:193,3,Severe_Damage,L3_S2,-1384,544,11990,-1296,-20,-294,0,-2879.89
5087,20:26:36:203,3,Severe_Damage,L3_S2,-1332,512,12024,-360,54,-153,0,-2845.89
5088,20:26:36:213,3,Severe_Damage,L3_S2,-1384,608,12256,648,47,13,0,-2613.89
5089,20:26:36:223,3,Severe_Damage,L3_S2,-1462,716,12780,1488,82,145,0,-2089.89
5090,20:26:36:233,3,Severe_Damage,L3_S2,-1576,790,13546,2212,104,259,0,-1323.89
5091,20:26:36:243,3,Severe_Damage,L3_S2,-1666,1044,14276,2685,106,326,0,-593.89
5092,20:26:36:253,3,Severe_Damage,L3_S2,-1794,1262,15228,2884,117,365,0,358.11
5093,20:26:36:263,3,Severe_Damage,L3_S2,-2004,1380,16020,2798,129,354,0,1150.11
5094,20:26:36:273,3,Severe_Damage,L3_S2,-2040,1456,16698,2432,99,292,0,1828.11
5095,20:26:36:283,3,Severe_Damage,L3_S2,-2136,1622,17198,1790,69,193,0,2328.11
5096,20:26:36:293,3,Severe_Damage,L3_S2,-2168,1650,17488,987,74,60,0,2618.11
5097,20:26:36:303,3,Severe_Damage,L3_S2,-2176,1750,17538,113,23,-76,0,2668.11
5098,20:26:36:313,3,Severe_Damage,L3_S2,-2208,1626,17360,-845,1,-227,0,2490.11
5099,20:26:36:323,3,Severe_Damage,L3_S2,-2104,1604,16854,-1658,0,-355,0,1984.11
5100,20:26:36:333,3,Severe_Damage,L3_S2,-1958,1386,16274,-2396,-54,-468,0,1404.11
5101,20:26:36:343,3,Severe_Damage,L3_S2,-1874,1296,15466,-2851,-17,-543,0,596.11
5102,20:26:36:353,3,Severe_Damage,L3_S2,-1752,1054,14732,-3102,-56,-579,0,-137.89
5103,20:26:36:363,3,Severe_Damage,L3_S2,-1630,924,13858,-3047,-60,-570,0,-1011.89
5104,20:26:36:373,3,Severe_Damage,L3_S2,-1490,772,13190,-2761,-57,-531,0,-1679.89
5105,20:26:36:383,3,Severe_Damage,L3_S2,-1474,708,12688,-2150,-7,-426,0,-2181.89
5106,20:26:36:393,3,Severe_Damage,L3_S2,-1352,646,12356,-1447,-35,-322,0,-2513.89
5107,20:26:36:403,3,Severe_Damage,L3_S2,-1368,558,12316,-605,25,-185,0,-2553.89
5108,20:26:36:413,3,Severe_Damage,L3_S2,-1386,618,12508,284,41,-44,0,-2361.89
5109,20:26:36:423,3,Severe_Damage,L3_S2,-1464,652,12922,1094,66,86,0,-1947.89
5110,20:26:36:433,3,Severe_Damage,L3_S2,-1594,856,13470,1800,88,194,0,-1399.89
5111,20:26:36:443,3,Severe_Damage,L3_S2,-1598,954,14210,2282,86,259,0,-659.89
5112,20:26:36:453,3,Severe_Damage,L3_S2,-1752,1202,14930,2555,105,306,0,60.11
5113,20:26:36:463,3,Severe_Damage,L3_S2,-1932,1294,15692,2532,115,304,0,822.11
5114,20:26:36:473,3,Severe_Damage,L3_S2,-1996,1418,16370,2284,104,267,0,1500.11
5115,20:26:36:483,3,Severe_Damage,L3_S2,-2154,1600,16776,1826,99,197,0,1906.11
5116,20:26:36:493,3,Severe_Damage,L3_S2,-2096,1580,17202,1073,35,81,0,2332.11
5117,20:26:36:503,3,Severe_Damage,L3_S2,-2228,1648,17302,334,69,-40,0,2432.11
5118,20:26:36:513,3,Severe_Damage,L3_S2,-2116,1648,17158,-532,0,-180,0,2288.11
5119,20:26:36:523,3,Severe_Damage,L3_S2,-2110,1530,16846,-1299,-11,-290,0,1976.11
5120,20:26:36:533,3,Severe_Damage,L3_S2,-1928,1398,16244,-1986,-6,-413,0,1374.11
5121,20:26:36:543,3,Severe_Damage,L3_S2,-1878,1316,15626,-2489,-51,-478,0,756.11
5122,20:26:36:553,3,Severe_Damage,L3_S2,-1842,1108,14840,-2761,-13,-524,0,-29.89
5123,20:26:36:563,3,Severe_Damage,L3_S2,-1594,1004,14246,-2797,-67,-530,0,-623.89
5124,20:26:36:573,3,Severe_Damage,L3_S2,-1644,896,13474,-2584,-34,-495,0,-1395.89
5125,20:26:36:583,3,Severe_Damage,L3_S2,-1400,698,13096,-2171,-55,-436,0,-1773.89
5126,20:26:36:593,3,Severe_Damage,L3_S2,-1544,710,12680,-1494,10,-326,0,-2189.89
5127,20:26:36:603,3,Severe_Damage,L3_S2,-1306,644,12564,-796,-3,-229,0,-2305.89
5128,20:26:36:613,3,Severe_Damage,L3_S2,-1468,638,12610,15,54,-92,0,-2259.89
5129,20:26:36:623,3,Severe_Damage,L3_S2,-1486,696,12998,763,45,27,0,-1871.89
5130,20:26:36:633,3,Severe_Damage,L3_S2,-1512,842,13444,1428,90,132,0,-1425.89
5131,20:26:36:643,3,Severe_Damage,L3_S2,-1678,964,13966,1926,81,212,0,-903.89
5132,20:26:36:653,3,Severe_Damage,L3_S2,-1734,1100,14730,2223,99,250,0,-139.89
5133,20:26:36:663,3,Severe_Damage,L3_S2,-1868,1250,15426,2288,97,271,0,556.11
5134,20:26:36:673,3,Severe_Damage,L3_S2,-1924,1414,16076,2115,90,235,0,1206.11
5135,20:26:36:683,3,Severe_Damage,L3_S2,-2014,1464,16596,1723,101,175,0,1726.11
5136,20:26:36:693,3,Severe_Damage,L3_S2,-2158,1562,16786,1204,72,103,0,1916.11
5137,20:26:36:703,3,Severe_Damage,L3_S2,-2000,1524,17104,444,32,-28,0,2234.11
5138,20:26:36:713,3,Severe_Damage,L3_S2,-2130,1566,16954,-258,37,-135,0,2084.11
5139,20:26:36:723,3,Severe_Damage,L3_S2,-2030,1496,16764,-1015,2,-265,0,1894.11
5140,20:26:36:733,3,Severe_Damage,L3_S2,-1988,1418,16278,-1626,-11,-353,0,1408.11
5141,20:26:36:743,3,Severe_Damage,L3_S2,-1998,1274,15700,-2151,-26,-435,0,830.11
5142,20:26:36:753,3,Severe_Damage,L3_S2,-1766,1226,15064,-2438,-27,-477,0,194.11
5143,20:26:36:763,3,Severe_Damage,L3_S2,-1728,1022,14404,-2541,-45,-489,0,-465.89
5144,20:26:36:773,3,Severe_Damage,L3_S2,-1594,928,13786,-2400,-21,-468,0,-1083.89
5145,20:26:36:783,3,Severe_Damage,L3_S2,-1482,798,13428,-2103,-35,-421,0,-1441.89
5146,20:26:36:793,3,Severe_Damage,L3_S2,-1506,738,12926,-1525,-14,-332,0,-1943.89
5147,20:26:36:803,3,Severe_Damage,L3_S2,-1446,634,12824,-922,18,-245,0,-2045.89
5148,20:26:36:813,3,Severe_Damage,L3_S2,-1506,728,12774,-202,9,-119,0,-2095.89
5149,20:26:36:823,3,Severe_Damage,L3_S2,-1460,752,13044,472,68,-27,0,-1825.89
5150,20:26:36:833,3,Severe_Damage,L3_S2,-1552,896,13450,1115,51,86,0,-1419.89
5151,20:26:36:843,3,Severe_Damage,L3_S2,-1664,940,14002,1597,98,160,0,-867.89
5152,20:26:36:853,3,Severe_Damage,L3_S2,-1696,1042,14620,1930,83,215,0,-249.89
5153,20:26:36:863,3,Severe_Damage,L3_S2,-1856,1160,15176,2026,99,229,0,306.11
5154,20:26:36:873,3,Severe_Damage,L3_S2,-1886,1290,15744,1936,94,211,0,874.11
5155,20:26:36:883,3,Severe_Damage,L3_S2,-2046,1380,16320,1630,74,167,0,1450.11
5156,20:26:36:893,3,Severe_Damage,L3_S2,-2000,1494,16586,1157,69,86,0,1716.11
5157,20:26:36:903,3,Severe_Damage,L3_S2,-2092,1486,16858,563,45,-12,0,1988.11
5158,20:26:36:913,3,Severe_Damage,L3_S2,-2112,1538,16712,-44,57,-97,0,1842.11
5159,20:26:36:923,3,Severe_Damage,L3_S2,-1950,1398,16714,-805,-19,-215,0,1844.11
5160,20:26:36:933,3,Severe_Damage,L3_S2,-2106,1468,16190,-1324,19,-296,0,1320.11
5161,20:26:36:943,3,Severe_Damage,L3_S2,-1840,1326,15810,-1859,-32,-390,0,940.11
5162,20:26:36:953,3,Severe_Damage,L3_S2,-1876,1270,15242,-2137,-24,-421,0,372.11
5163,20:26:36:963,3,Severe_Damage,L3_S2,-1724,1082,14690,-2292,-16,-456,0,-179.89
5164,20:26:36:973,3,Severe_Damage,L3_S2,-1638,944,14052,-2209,-54,-443,0,-817.89
5165,20:26:36:983,3,Severe_Damage,L3_S2,-1620,868,13528,-1963,-15,-411,0,-1341.89
5166,20:26:36:993,3,Severe_Damage,L3_S2,-1460,726,13290,-1549,-13,-343,0,-1579.89
5167,20:26:37:003,3,Severe_Damage,L3_S2,-1524,790,13034,-952,18,-230,0,-1835.89
5168,20:26:37:013,3,Severe_Damage,L3_S2,-1400,708,13102,-388,8,-152,0,-1767.89
5169,20:26:37:023,3,Severe_Damage,L3_S2,-1504,756,13198,278,51,-41,0,-1671.89
5170,20:26:37:033,3,Severe_Damage,L3_S2,-1516,764,13490,824,61,34,0,-1379.89
5171,20:26:37:043,3,Severe_Damage,L3_S2,-1568,880,13932,1314,75,118,0,-937.89
5172,20:26:37:053,3,Severe_Damage,L3_S2,-1680,1038,14476,1628,66,170,0,-393.89
5173,20:26:37:063,3,Severe_Damage,L3_S2,-1758,1178,15074,1788,94,188,0,204.11
5174,20:26:37:073,3,Severe_Damage,L3_S2,-1898,1244,15600,1742,80,189,0,730.11
5175,20:26:37:084,3,Severe_Damage,L3_S2,-1972,1386,16116,1517,91,150,0,1246.11
5176,20:26:37:093,3,Severe_Damage,L3_S2,-2030,1454,16368,1122,74,76,0,1498.11
5177,20:26:37:103,3,Severe_Damage,L3_S2,-2072,1464,16532,610,38,9,0,1662.11
5178,20:26:37:113,3,Severe_Damage,L3_S2,-2068,1464,16616,33,47,-85,0,1746.11
5179,20:26:37:123,3,Severe_Damage,L3_S2,-2038,1428,16510,-567,6,-175,0,1640.11
5180,20:26:37:133,3,Severe_Damage,L3_S2,-1970,1416,16204,-1099,19,-263,0,1334.11
5181,20:26:37:143,3,Severe_Damage,L3_S2,-1850,1286,15828,-1593,-38,-339,0,958.11
5182,20:26:37:153,3,Severe_Damage,L3_S2,-1906,1232,15200,-1899,-4,-391,0,330.11
5183,20:26:37:164,3,Severe_Damage,L3_S2,-1686,1088,14768,-2074,-18,-415,0,-101.89
5184,20:26:37:174,3,Severe_Damage,L3_S2,-1692,1026,14260,-2028,-31,-407,0,-609.89
5185,20:26:37:183,3,Severe_Damage,L3_S2,-1578,890,13816,-1843,-8,-389,0,-1053.89
5186,20:26:37:193,3,Severe_Damage,L3_S2,-1594,850,13498,-1472,-21,-323,0,-1371.89
5187,20:26:37:203,3,Severe_Damage,L3_S2,-1506,774,13182,-1008,12,-257,0,-1687.89
5188,20:26:37:213,3,Severe_Damage,L3_S2,-1504,778,13220,-446,23,-164,0,-1649.89
5189,20:26:37:223,3,Severe_Damage,L3_S2,-1546,812,13348,118,31,-77,0,-1521.89
5190,20:26:37:233,3,Severe_Damage,L3_S2,-1544,820,13628,656,54,9,0,-1241.89
5191,20:26:37:243,3,Severe_Damage,L3_S2,-1616,924,14000,1107,65,77,0,-869.89
5192,20:26:37:253,3,Severe_Damage,L3_S2,-1642,1036,14474,1414,75,124,0,-395.89
5193,20:26:37:263,3,Severe_Damage,L3_S2,-1810,1108,14944,1582,89,163,0,74.11
5194,20:26:37:273,3,Severe_Damage,L3_S2,-1850,1264,15356,1571,74,153,0,486.11
5195,20:26:37:283,3,Severe_Damage,L3_S2,-1874,1296,15792,1404,58,125,0,922.11
5196,20:26:37:293,3,Severe_Damage,L3_S2,-2000,1390,16176,1070,75,72,0,1306.11
5197,20:26:37:303,3,Severe_Damage,L3_S2,-1968,1396,16360,619,48,9,0,1490.11
5198,20:26:37:313,3,Severe_Damage,L3_S2,-2048,1442,16452,95,32,-71,0,1582.11
5199,20:26:37:323,3,Severe_Damage,L3_S2,-1990,1420,16420,-440,28,-165,0,1550.11
5200,20:26:37:333,3,Severe_Damage,L3_S2,-1966,1364,16108,-957,2,-241,0,1238.11
5201,20:26:37:343,3,Severe_Damage,L3_S2,-1894,1300,15728,-1393,-8,-315,0,858.11
5202,20:26:37:354,3,Severe_Damage,L3_S2,-1816,1226,15330,-1704,-13,-355,0,460.11
5203,20:26:37:363,3,Severe_Damage,L3_S2,-1802,1122,14874,-1882,-9,-392,0,4.11
5204,20:26:37:374,3,Severe_Damage,L3_S2,-1658,1016,14334,-1879,-4,-396,0,-535.89
5205,20:26:37:384,3,Severe_Damage,L3_S2,-1628,948,13976,-1727,-33,-365,0,-893.89
5206,20:26:37:393,3,Severe_Damage,L3_S2,-1560,874,13642,-1419,10,-315,0,-1227.89
5207,20:26:37:403,3,Severe_Damage,L3_S2,-1562,806,13322,-1000,11,-254,0,-1547.89
5208,20:26:37:413,3,Severe_Damage,L3_S2,-1484,774,13358,-511,9,-167,0,-1511.89
5209,20:26:37:423,3,Severe_Damage,L3_S2,-1540,856,13446,3,41,-96,0,-1423.89
5210,20:26:37:433,3,Severe_Damage,L3_S2,-1570,860,13646,501,40,-14,0,-1223.89
5211,20:26:37:443,3,Severe_Damage,L3_S2,-1614,932,13984,926,61,51,0,-885.89
5212,20:26:37:453,3,Severe_Damage,L3_S2,-1672,996,14396,1234,71,99,0,-473.89
5213,20:26:37:463,3,Severe_Damage,L3_S2,-1790,1094,14824,1403,67,131,0,-45.89
5214,20:26:37:474,3,Severe_Damage,L3_S2,-1808,1206,15310,1419,71,137,0,440.11
5215,20:26:37:483,3,Severe_Damage,L3_S2,-1894,1290,15652,1280,61,120,0,782.11
5216,20:26:37:493,3,Severe_Damage,L3_S2,-1948,1368,16016,1013,70,71,0,1146.11
5217,20:26:37:503,3,Severe_Damage,L3_S2,-2030,1372,16262,623,49,8,0,1392.11
5218,20:26:37:513,3,Severe_Damage,L3_S2,-1954,1380,16296,157,42,-64,0,1426.11
5219,20:26:37:523,3,Severe_Damage,L3_S2,-1998,1362,16186,-339,18,-143,0,1316.11
5220,20:26:37:534,3,Severe_Damage,L3_S2,-1928,1338,16032,-810,12,-221,0,1162.11
5221,20:26:37:544,3,Severe_Damage,L3_S2,-1914,1322,15684,-1222,-9,-285,0,814.11
5222,20:26:37:554,3,Severe_Damage,L3_S2,-1844,1238,15338,-1527,-8,-340,0,468.11
5223,20:26:37:564,3,Severe_Damage,L3_S2,-1760,1138,14950,-1705,-12,-366,0,80.11
5224,20:26:37:573,3,Severe_Damage,L3_S2,-1816,1012,14570,-1734,1,-363,0,-299.89
5225,20:26:37:584,3,Severe_Damage,L3_S2,-1616,964,14198,-1613,-26,-344,0,-671.89
5226,20:26:37:593,3,Severe_Damage,L3_S2,-1580,924,13732,-1356,8,-312,0,-1137.89
5227,20:26:37:603,3,Severe_Damage,L3_S2,-1536,834,13576,-995,3,-247,0,-1293.89
5228,20:26:37:613,3,Severe_Damage,L3_S2,-1554,820,13498,-559,23,-179,0,-1371.89
5229,20:26:37:623,3,Severe_Damage,L3_S2,-1604,814,13522,-92,30,-105,0,-1347.89
5230,20:26:37:633,3,Severe_Damage,L3_S2,-1598,898,13620,368,40,-31,0,-1249.89
5231,20:26:37:643,3,Severe_Damage,L3_S2,-1638,924,14010,756,60,30,0,-859.89
5232,20:26:37:653,3,Severe_Damage,L3_S2,-1714,1018,14422,1069,68,77,0,-447.89
5233,20:26:37:663,3,Severe_Damage,L3_S2,-1770,1082,14742,1245,70,97,0,-127.89
5234,20:26:37:673,3,Severe_Damage,L3_S2,-1854,1186,15262,1279,67,104,0,392.11
5235,20:26:37:683,3,Severe_Damage,L3_S2,-1810,1240,15532,1188,50,89,0,662.11
5236,20:26:37:693,3,Severe_Damage,L3_S2,-1936,1324,15898,948,69,59,0,1028.11
5237,20:26:37:703,3,Severe_Damage,L3_S2,-1928,1398,16034,611,40,8,0,1164.11
5238,20:26:37:713,3,Severe_Damage,L3_S2,-1930,1364,16182,195,46,-63,0,1312.11
5239,20:26:37:724,3,Severe_Damage,L3_S2,-1984,1426,16126,-252,30,-134,0,1256.11
5240,20:26:37:734,3,Severe_Damage,L3_S2,-1956,1326,15986,-688,16,-199,0,1116.11
5241,20:26:37:744,3,Severe_Damage,L3_S2,-1918,1328,15630,-1072,8,-260,0,760.11
5242,20:26:37:754,3,Severe_Damage,L3_S2,-1862,1258,15362,-1368,-15,-308,0,492.11
5243,20:26:37:763,3,Severe_Damage,L3_S2,-1770,1134,15028,-1546,1,-339,0,158.11
5244,20:26:37:774,3,Severe_Damage,L3_S2,-1766,1078,14562,-1599,-6,-341,0,-307.89
5245,20:26:37:784,3,Severe_Damage,L3_S2,-1618,994,14218,-1507,-13,-336,0,-651.89
5246,20:26:37:794,3,Severe_Damage,L3_S2,-1622,878,13920,-1297,-5,-293,0,-949.89
5247,20:26:37:803,3,Severe_Damage,L3_S2,-1620,876,13804,-982,7,-244,0,-1065.89
5248,20:26:37:813,3,Severe_Damage,L3_S2,-1556,888,13596,-600,19,-183,0,-1273.89
5249,20:26:37:824,3,Severe_Damage,L3_S2,-1598,866,13628,-176,40,-114,0,-1241.89
5250,20:26:37:833,3,Severe_Damage,L3_S2,-1582,856,13752,246,43,-54,0,-1117.89
5251,20:26:37:843,3,Severe_Damage,L3_S2,-1616,916,14002,624,60,6,0,-867.89
5252,20:26:37:853,3,Severe_Damage,L3_S2,-1686,996,14376,909,60,52,0,-493.89
5253,20:26:37:863,3,Severe_Damage,L3_S2,-1764,1092,14724,1093,68,79,0,-145.89
5254,20:26:37:873,3,Severe_Damage,L3_S2,-1774,1136,15190,1142,58,91,0,320.11
5255,20:26:37:883,3,Severe_Damage,L3_S2,-1858,1234,15420,1080,41,81,0,550.11
5256,20:26:37:893,3,Severe_Damage,L3_S2,-1912,1288,15734,888,73,41,0,864.11
5257,20:26:37:903,3,Severe_Damage,L3_S2,-1922,1322,16018,585,39,7,0,1148.11
5258,20:26:37:913,3,Severe_Damage,L3_S2,-1970,1354,16116,227,54,-58,0,1246.11
5259,20:26:37:924,3,Severe_Damage,L3_S2,-1964,1356,16106,-181,30,-119,0,1236.11
5260,20:26:37:934,3,Severe_Damage,L3_S2,-1912,1364,15836,-570,17,-181,0,966.11
5261,20:26:37:944,3,Severe_Damage,L3_S2,-1882,1252,15750,-938,8,-248,0,880.11
5262,20:26:37:954,3,Severe_Damage,L3_S2,-1896,1216,15406,-1216,-1,-283,0,536.11
5263,20:26:37:964,3,Severe_Damage,L3_S2,-1784,1138,15038,-1407,-9,-311,0,168.11
5264,20:26:37:974,3,Severe_Damage,L3_S2,-1746,1046,14658,-1467,-8,-323,0,-211.89
5265,20:26:37:984,3,Severe_Damage,L3_S2,-1724,986,14340,-1413,1,-315,0,-529.89
5266,20:26:37:994,3,Severe_Damage,L3_S2,-1592,924,14064,-1238,-11,-289,0,-805.89
5267,20:26:38:004,3,Severe_Damage,L3_S2,-1670,910,13862,-965,10,-241,0,-1007.89
5268,20:26:38:014,3,Severe_Damage,L3_S2,-1604,876,13710,-609,13,-191,0,-1159.89
5269,20:26:38:024,3,Severe_Damage,L3_S2,-1578,882,13738,-232,29,-127,0,-1131.89
5270,20:26:38:033,3,Severe_Damage,L3_S2,-1676,906,13858,154,46,-66,0,-1011.89
5271,20:26:38:043,3,Severe_Damage,L3_S2,-1620,938,14100,503,47,-15,0,-769.89
5272,20:26:38:053,3,Severe_Damage,L3_S2,-1706,1012,14346,777,59,29,0,-523.89
5273,20:26:38:063,3,Severe_Damage,L3_S2,-1794,1106,14704,963,65,60,0,-165.89
5274,20:26:38:073,3,Severe_Damage,L3_S2,-1786,1146,14966,1028,64,68,0,96.11
5275,20:26:38:083,3,Severe_Damage,L3_S2,-1858,1240,15344,981,61,59,0,474.11
5276,20:26:38:093,3,Severe_Damage,L3_S2,-1880,1268,15660,817,60,33,0,790.11
5277,20:26:38:103,3,Severe_Damage,L3_S2,-1930,1330,15816,566,35,-3,0,946.11
5278,20:26:38:113,3,Severe_Damage,L3_S2,-1958,1344,15914,237,63,-59,0,1044.11
5279,20:26:38:124,3,Severe_Damage,L3_S2,-1900,1332,15944,-128,22,-110,0,1074.11
5280,20:26:38:134,3,Severe_Damage,L3_S2,-1918,1336,15864,-501,25,-173,0,994.11
5281,20:26:38:144,3,Severe_Damage,L3_S2,-1904,1240,15632,-826,10,-232,0,762.11
5282,20:26:38:154,3,Severe_Damage,L3_S2,-1794,1204,15324,-1105,-7,-271,0,454.11
5283,20:26:38:164,3,Severe_Damage,L3_S2,-1782,1154,15090,-1279,4,-298,0,220.11
5284,20:26:38:174,3,Severe_Damage,L3_S2,-1766,1066,14722,-1352,-8,-305,0,-147.89
5285,20:26:38:184,3,Severe_Damage,L3_S2,-1686,1052,14444,-1315,7,-304,0,-425.89
5286,20:26:38:194,3,Severe_Damage,L3_S2,-1664,1002,14156,-1170,-5,-280,0,-713.89
5287,20:26:38:204,3,Severe_Damage,L3_S2,-1646,962,13956,-930,9,-242,0,-913.89
5288,20:26:38:214,3,Severe_Damage,L3_S2,-1610,934,13860,-621,16,-186,0,-1009.89
5289,20:26:38:224,3,Severe_Damage,L3_S2,-1638,922,13910,-280,32,-141,0,-959.89
5290,20:26:38:233,3,Severe_Damage,L3_S2,-1636,942,13940,69,50,-83,0,-929.89
5291,20:26:38:243,3,Severe_Damage,L3_S2,-1652,962,14118,399,48,-33,0,-751.89
5292,20:26:38:253,3,Severe_Damage,L3_S2,-1722,972,14400,661,54,9,0,-469.89
5293,20:26:38:263,3,Severe_Damage,L3_S2,-1742,1064,14672,837,59,39,0,-197.89
5294,20:26:38:273,3,Severe_Damage,L3_S2,-1782,1098,14970,910,59,49,0,100.11
5295,20:26:38:283,3,Severe_Damage,L3_S2,-1826,1214,15262,886,74,41,0,392.11
5296,20:26:38:293,3,Severe_Damage,L3_S2,-1862,1236,15548,748,59,26,0,678.11
5297,20:26:38:304,3,Severe_Damage,L3_S2,-1898,1254,15732,525,57,-9,0,862.11
5298,20:26:38:314,3,Severe_Damage,L3_S2,-1906,1338,15826,241,32,-53,0,956.11
5299,20:26:38:324,3,Severe_Damage,L3_S2,-1936,1284,15798,-85,44,-111,0,928.11
5300,20:26:38:334,3,Severe_Damage,L3_S2,-1940,1284,15780,-424,9,-156,0,910.11
5301,20:26:38:344,3,Severe_Damage,L3_S2,-1920,1274,15634,-729,19,-209,0,764.11
5302,20:26:38:354,3,Severe_Damage,L3_S2,-1890,1212,15406,-979,15,-256,0,536.11
5303,20:26:38:364,3,Severe_Damage,L3_S2,-1870,1146,15150,-1159,2,-274,0,280.11
5304,20:26:38:374,3,Severe_Damage,L3_S2,-1750,1118,14848,-1237,5,-291,0,-21.89
5305,20:26:38:384,3,Severe_Damage,L3_S2,-1724,1098,14484,-1226,5,-285,0,-385.89
5306,20:26:38:394,3,Severe_Damage,L3_S2,-1698,1032,14250,-1103,3,-263,0,-619.89
5307,20:26:38:404,3,Severe_Damage,L3_S2,-1638,932,14142,-903,12,-229,0,-727.89
5308,20:26:38:414,3,Severe_Damage,L3_S2,-1636,892,13894,-624,25,-191,0,-975.89
5309,20:26:38:424,3,Severe_Damage,L3_S2,-1606,892,13994,-321,29,-151,0,-875.89
5310,20:26:38:433,3,Severe_Damage,L3_S2,-1610,954,13982,8,42,-92,0,-887.89
5311,20:26:38:443,3,Severe_Damage,L3_S2,-1692,970,14166,303,38,-45,0,-703.89
5312,20:26:38:453,3,Severe_Damage,L3_S2,-1690,958,14386,553,55,-13,0,-483.89
5313,20:26:38:464,3,Severe_Damage,L3_S2,-1784,1112,14636,733,56,21,0,-233.89
5314,20:26:38:474,3,Severe_Damage,L3_S2,-1774,1072,14916,810,66,33,0,46.11
5315,20:26:38:484,3,Severe_Damage,L3_S2,-1804,1196,15176,792,63,27,0,306.11
5316,20:26:38:493,3,Severe_Damage,L3_S2,-1896,1258,15462,684,62,20,0,592.11
5317,20:26:38:504,3,Severe_Damage,L3_S2,-1910,1266,15616,491,45,-19,0,746.11
5318,20:26:38:514,3,Severe_Damage,L3_S2,-1914,1318,15676,242,33,-59,0,806.11
5319,20:26:38:524,3,Severe_Damage,L3_S2,-1958,1288,15724,-55,36,-96,0,854.11
5320,20:26:38:534,3,Severe_Damage,L3_S2,-1852,1278,15716,-356,16,-145,0,846.11
5321,20:26:38:544,3,Severe_Damage,L3_S2,-1858,1252,15538,-648,24,-202,0,668.11
5322,20:26:38:554,3,Severe_Damage,L3_S2,-1820,1174,15398,-887,6,-231,0,528.11
5323,20:26:38:564,3,Severe_Damage,L3_S2,-1758,1154,15076,-1057,7,-257,0,206.11
5324,20:26:38:574,3,Severe_Damage,L3_S2,-1734,1084,14798,-1142,9,-270,0,-71.89
5325,20:26:38:584,3,Severe_Damage,L3_S2,-1734,1060,14578,-1127,-5,-269,0,-291.89
5326,20:26:38:594,3,Severe_Damage,L3_S2,-1628,1002,14358,-1038,20,-261,0,-511.89
5327,20:26:38:604,3,Severe_Damage,L3_S2,-1642,928,14154,-857,-3,-226,0,-715.89
5328,20:26:38:614,3,Severe_Damage,L3_S2,-1638,952,14102,-625,35,-195,0,-767.89
5329,20:26:38:624,3,Severe_Damage,L3_S2,-1670,950,14006,-337,24,-148,0,-863.89
5330,20:26:38:634,3,Severe_Damage,L3_S2,-1612,954,14074,-48,34,-104,0,-795.89
5331,20:26:38:644,3,Severe_Damage,L3_S2,-1682,928,14208,230,53,-65,0,-661.89
5332,20:26:38:654,3,Severe_Damage,L3_S2,-1776,968,14412,449,39,-22,0,-457.89
5333,20:26:38:664,3,Severe_Damage,L3_S2,-1746,1046,14674,624,62,1,0,-195.89
5334,20:26:38:674,3,Severe_Damage,L3_S2,-1838,1112,14878,713,50,28,0,8.11
5335,20:26:38:684,3,Severe_Damage,L3_S2,-1790,1156,15236,717,65,23,0,366.11
5336,20:26:38:694,3,Severe_Damage,L3_S2,-1860,1234,15430,619,55,1,0,560.11
5337,20:26:38:704,3,Severe_Damage,L3_S2,-1954,1274,15524,454,42,-21,0,654.11
5338,20:26:38:714,3,Severe_Damage,L3_S2,-1908,1290,15608,235,43,-63,0,738.11
5339,20:26:38:724,3,Severe_Damage,L3_S2,-1902,1262,15646,-29,19,-94,0,776.11
5340,20:26:38:734,3,Severe_Damage,L3_S2,-1884,1258,15580,-310,37,-143,0,710.11
5341,20:26:38:744,3,Severe_Damage,L3_S2,-1856,1276,15516,-580,9,-184,0,646.11
5342,20:26:38:754,3,Severe_Damage,L3_S2,-1864,1196,15338,-795,12,-209,0,468.11
5343,20:26:38:764,3,Severe_Damage,L3_S2,-1778,1152,15156,-957,13,-242,0,286.11
5344,20:26:38:774,3,Severe_Damage,L3_S2,-1758,1130,14854,-1049,0,-255,0,-15.89
5345,20:26:38:784,3,Severe_Damage,L3_S2,-1706,1038,14638,-1055,15,-260,0,-231.89
5346,20:26:38:794,3,Severe_Damage,L3_S2,-1702,1034,14392,-981,9,-251,0,-477.89
5347,20:26:38:804,3,Severe_Damage,L3_S2,-1714,966,14216,-822,24,-219,0,-653.89
5348,20:26:38:814,3,Severe_Damage,L3_S2,-1600,972,14146,-613,10,-187,0,-723.89
5349,20:26:38:824,3,Severe_Damage,L3_S2,-1708,950,14030,-357,30,-151,0,-839.89
5350,20:26:38:834,3,Severe_Damage,L3_S2,-1622,956,14098,-90,32,-113,0,-771.89
5351,20:26:38:844,3,Severe_Damage,L3_S2,-1676,986,14232,154,46,-73,0,-637.89
5352,20:26:38:854,3,Severe_Damage,L3_S2,-1726,968,14430,374,57,-30,0,-439.89
5353,20:26:38:864,3,Severe_Damage,L3_S2,-1728,1100,14596,528,46,-5,0,-273.89
5354,20:26:38:874,3,Severe_Damage,L3_S2,-1788,1110,14906,629,56,11,0,36.11
5355,20:26:38:884,3,Severe_Damage,L3_S2,-1814,1146,15112,633,61,6,0,242.11
5356,20:26:38:894,3,Severe_Damage,L3_S2,-1830,1148,15336,563,49,-7,0,466.11
5357,20:26:38:904,3,Severe_Damage,L3_S2,-1866,1242,15488,420,42,-28,0,618.11
5358,20:26:38:914,3,Severe_Damage,L3_S2,-1886,1254,15580,221,36,-54,0,710.11
5359,20:26:38:924,3,Severe_Damage,L3_S2,-1900,1286,15694,-13,29,-92,0,824.11
5360,20:26:38:934,3,Severe_Damage,L3_S2,-1884,1258,15594,-263,32,-136,0,724.11
5361,20:26:38:944,3,Severe_Damage,L3_S2,-1834,1258,15476,-510,17,-172,0,606.11
5362,20:26:38:954,3,Severe_Damage,L3_S2,-1898,1194,15332,-719,24,-205,0,462.11
5363,20:26:38:964,3,Severe_Damage,L3_S2,-1826,1148,15072,-880,6,-226,0,202.11
5364,20:26:38:974,3,Severe_Damage,L3_S2,-1766,1110,14906,-967,12,-246,0,36.11
5365,20:26:38:984,3,Severe_Damage,L3_S2,-1758,1098,14684,-978,12,-247,0,-185.89
5366,20:26:38:994,3,Severe_Damage,L3_S2,-1744,1016,14436,-912,15,-237,0,-433.89
5367,20:26:39:004,3,Severe_Damage,L3_S2,-1674,1024,14302,-783,15,-221,0,-567.89
5368,20:26:39:014,3,Severe_Damage,L3_S2,-1740,972,14200,-595,21,-188,0,-669.89
5369,20:26:39:024,3,Severe_Damage,L3_S2,-1666,1000,14240,-370,8,-156,0,-629.89
5370,20:26:39:034,3,Severe_Damage,L3_S2,-1722,974,14148,-134,39,-110,0,-721.89
5371,20:26:39:044,3,Severe_Damage,L3_S2,-1724,1020,14270,98,33,-80,0,-599.89
5372,20:26:39:054,3,Severe_Damage,L3_S2,-1658,1002,14476,293,48,-51,0,-393.89
5373,20:26:39:064,3,Severe_Damage,L3_S2,-1780,1072,14540,454,46,-24,0,-329.89
5374,20:26:39:074,3,Severe_Damage,L3_S2,-1724,1062,14814,546,51,-9,0,-55.89
5375,20:26:39:084,3,Severe_Damage,L3_S2,-1826,1144,15024,553,58,-8,0,154.11
5376,20:26:39:094,3,Severe_Damage,L3_S2,-1814,1158,15246,502,55,-14,0,376.11
5377,20:26:39:110,3,Severe_Damage,L3_S2,-1848,1236,15354,384,46,-32,0,484.11
5378,20:26:39:114,3,Severe_Damage,L3_S2,-1862,1234,15506,200,36,-60,0,636.11
5379,20:26:39:124,3,Severe_Damage,L3_S2,-1894,1250,15494,1,33,-93,0,624.11
5380,20:26:39:134,3,Severe_Damage,L3_S2,-1872,1256,15488,-239,24,-127,0,618.11
5381,20:26:39:144,3,Severe_Damage,L3_S2,-1810,1258,15422,-451,30,-164,0,552.11
5382,20:26:39:154,3,Severe_Damage,L3_S2,-1876,1160,15320,-653,8,-194,0,450.11
5383,20:26:39:164,3,Severe_Damage,L3_S2,-1838,1166,15108,-796,19,-220,0,238.11
5384,20:26:39:174,3,Severe_Damage,L3_S2,-1734,1126,14896,-886,4,-236,0,26.11
5385,20:26:39:184,3,Severe_Damage,L3_S2,-1774,1080,14698,-903,11,-236,0,-171.89
5386,20:26:39:194,3,Severe_Damage,L3_S2,-1688,1022,14542,-854,9,-224,0,-327.89
5387,20:26:39:204,3,Severe_Damage,L3_S2,-1694,1042,14404,-744,12,-206,0,-465.89
5388,20:26:39:214,3,Severe_Damage,L3_S2,-1702,1038,14306,-578,15,-186,0,-563.89
5389,20:26:39:224,3,Severe_Damage,L3_S2,-1638,966,14238,-376,28,-160,0,-631.89
5390,20:26:39:234,3,Severe_Damage,L3_S2,-1680,1010,14270,-166,22,-114,0,-599.89
5391,20:26:39:244,3,Severe_Damage,L3_S2,-1668,1012,14318,53,42,-93,0,-551.89
5392,20:26:39:254,3,Severe_Damage,L3_S2,-1734,1036,14524,235,42,-57,0,-345.89
5393,20:26:39:264,3,Severe_Damage,L3_S2,-1748,1072,14688,379,49,-39,0,-181.89
5394,20:26:39:274,3,Severe_Damage,L3_S2,-1714,1124,14792,467,43,-18,0,-77.89
5395,20:26:39:284,3,Severe_Damage,L3_S2,-1818,1168,15036,488,50,-21,0,166.11
5396,20:26:39:294,3,Severe_Damage,L3_S2,-1792,1196,15116,446,44,-20,0,246.11
5397,20:26:39:304,3,Severe_Damage,L3_S2,-1848,1190,15368,341,48,-36,0,498.11
5398,20:26:39:314,3,Severe_Damage,L3_S2,-1888,1242,15400,186,42,-68,0,530.11
5399,20:26:39:324,3,Severe_Damage,L3_S2,-1896,1240,15506,-5,24,-93,0,636.11
5400,20:26:39:334,3,Severe_Damage,L3_S2,-1894,1252,15446,-208,30,-128,0,576.11
5401,20:26:39:344,3,Severe_Damage,L3_S2,-1840,1258,15440,-417,21,-160,0,570.11
5402,20:26:39:354,3,Severe_Damage,L3_S2,-1794,1186,15248,-590,19,-187,0,378.11
5403,20:26:39:364,3,Severe_Damage,L3_S2,-1820,1168,15106,-731,10,-209,0,236.11
5404,20:26:39:374,3,Severe_Damage,L3_S2,-1822,1092,14988,-811,11,-216,0,118.11
5405,20:26:39:384,3,Severe_Damage,L3_S2,-1716,1082,14728,-841,27,-220,0,-141.89
5406,20:26:39:394,3,Severe_Damage,L3_S2,-1722,1048,14558,-797,13,-221,0,-311.89
5407,20:26:39:404,3,Severe_Damage,L3_S2,-1692,1018,14384,-709,16,-203,0,-485.89
5408,20:26:39:414,3,Severe_Damage,L3_S2,-1662,1014,14352,-561,21,-177,0,-517.89
5409,20:26:39:424,3,Severe_Damage,L3_S2,-1700,988,14252,-385,26,-147,0,-617.89
5410,20:26:39:434,3,Severe_Damage,L3_S2,-1706,1024,14330,-188,34,-114,0,-539.89
5411,20:26:39:444,3,Severe_Damage,L3_S2,-1742,1020,14282,13,33,-87,0,-587.89
5412,20:26:39:454,3,Severe_Damage,L3_S2,-1720,1020,14468,187,45,-73,0,-401.89
5413,20:26:39:464,3,Severe_Damage,L3_S2,-1780,1120,14610,320,43,-38,0,-259.89
5414,20:26:39:474,3,Severe_Damage,L3_S2,-1784,1116,14732,406,46,-28,0,-137.89
5415,20:26:39:484,3,Severe_Damage,L3_S2,-1792,1166,14932,431,49,-21,0,62.11
5416,20:26:39:494,3,Severe_Damage,L3_S2,-1836,1188,15134,393,45,-25,0,264.11
5417,20:26:39:504,3,Severe_Damage,L3_S2,-1838,1192,15288,303,43,-42,0,418.11
5418,20:26:39:514,3,Severe_Damage,L3_S2,-1852,1236,15370,168,41,-61,0,500.11
5419,20:26:39:524,3,Severe_Damage,L3_S2,-1840,1232,15414,-5,31,-90,0,544.11
5420,20:26:39:534,3,Severe_Damage,L3_S2,-1810,1224,15426,-186,26,-125,0,556.11
5421,20:26:39:544,3,Severe_Damage,L3_S2,-1840,1216,15360,-371,23,-151,0,490.11
5422,20:26:39:554,3,Severe_Damage,L3_S2,-1852,1130,15202,-542,22,-183,0,332.11
5423,20:26:39:564,3,Severe_Damage,L3_S2,-1844,1190,15118,-669,15,-200,0,248.11
5424,20:26:39:574,3,Severe_Damage,L3_S2,-1792,1116,14930,-757,19,-210,0,60.11
5425,20:26:39:584,3,Severe_Damage,L3_S2,-1742,1088,14742,-780,11,-214,0,-127.89
5426,20:26:39:594,3,Severe_Damage,L3_S2,-1682,1034,14560,-762,15,-218,0,-309.89
5427,20:26:39:604,3,Severe_Damage,L3_S2,-1752,1022,14524,-680,24,-201,0,-345.89
5428,20:26:39:614,3,Severe_Damage,L3_S2,-1716,1000,14454,-551,17,-175,0,-415.89
5429,20:26:39:624,3,Severe_Damage,L3_S2,-1678,968,14362,-383,29,-150,0,-507.89
5430,20:26:39:634,3,Severe_Damage,L3_S2,-1662,1026,14338,-200,28,-119,0,-531.89
5431,20:26:39:644,3,Severe_Damage,L3_S2,-1648,1032,14390,-26,35,-102,0,-479.89
5432,20:26:39:654,3,Severe_Damage,L3_S2,-1716,1036,14542,134,41,-68,0,-327.89
5433,20:26:39:664,3,Severe_Damage,L3_S2,-1736,1042,14566,258,49,-51,0,-303.89
5434,20:26:39:674,3,Severe_Damage,L3_S2,-1804,1104,14792,344,40,-41,0,-77.89
5435,20:26:39:684,3,Severe_Damage,L3_S2,-1756,1110,14972,379,50,-33,0,102.11
5436,20:26:39:694,3,Severe_Damage,L3_S2,-1822,1142,15118,352,46,-37,0,248.11
5437,20:26:39:704,3,Severe_Damage,L3_S2,-1860,1196,15258,274,43,-48,0,388.11
5438,20:26:39:714,3,Severe_Damage,L3_S2,-1824,1194,15302,154,42,-71,0,432.11
5439,20:26:39:724,3,Severe_Damage,L3_S2,-1826,1224,15376,-2,30,-93,0,506.11
5440,20:26:39:734,3,Severe_Damage,L3_S2,-1860,1206,15350,-171,26,-116,0,480.11
5441,20:26:39:744,3,Severe_Damage,L3_S2,-1856,1202,15348,-336,31,-152,0,478.11
5442,20:26:39:754,3,Severe_Damage,L3_S2,-1840,1158,15234,-494,12,-170,0,364.11
5443,20:26:39:764,3,Severe_Damage,L3_S2,-1844,1176,15074,-611,24,-193,0,204.11
5444,20:26:39:774,3,Severe_Damage,L3_S2,-1786,1134,14908,-705,9,-205,0,38.11
5445,20:26:39:784,3,Severe_Damage,L3_S2,-1756,1098,14774,-734,19,-213,0,-95.89
5446,20:26:39:794,3,Severe_Damage,L3_S2,-1728,1062,14624,-705,15,-207,0,-245.89
5447,20:26:39:804,3,Severe_Damage,L3_S2,-1712,1116,14554,-640,18,-193,0,-315.89
5448,20:26:39:814,3,Severe_Damage,L3_S2,-1710,996,14360,-524,25,-175,0,-509.89
5449,20:26:39:824,3,Severe_Damage,L3_S2,-1694,996,14354,-379,23,-152,0,-515.89
5450,20:26:39:834,3,Severe_Damage,L3_S2,-1740,1026,14422,-214,28,-129,0,-447.89
5451,20:26:39:844,3,Severe_Damage,L3_S2,-1668,986,14536,-61,28,-102,0,-333.89
5452,20:26:39:854,3,Severe_Damage,L3_S2,-1700,1038,14486,93,40,-77,0,-383.89
5453,20:26:39:864,3,Severe_Damage,L3_S2,-1716,1036,14708,207,48,-61,0,-161.89
5454,20:26:39:874,3,Severe_Damage,L3_S2,-1754,1112,14786,291,46,-44,0,-83.89
5455,20:26:39:884,3,Severe_Damage,L3_S2,-1784,1148,14970,318,44,-37,0,100.11
5456,20:26:39:894,3,Severe_Damage,L3_S2,-1828,1194,15064,301,46,-54,0,194.11
5457,20:26:39:904,3,Severe_Damage,L3_S2,-1840,1220,15188,242,37,-54,0,318.11
5458,20:26:39:914,3,Severe_Damage,L3_S2,-1868,1210,15278,133,47,-67,0,408.11
5459,20:26:39:924,3,Severe_Damage,L3_S2,-1868,1224,15276,-3,36,-90,0,406.11
5460,20:26:39:934,3,Severe_Damage,L3_S2,-1794,1224,15294,-158,30,-119,0,424.11
5461,20:26:39:944,3,Severe_Damage,L3_S2,-1840,1240,15240,-317,18,-145,0,370.11
5462,20:26:39:954,3,Severe_Damage,L3_S2,-1808,1166,15194,-458,25,-159,0,324.11
5463,20:26:39:964,3,Severe_Damage,L3_S2,-1828,1200,15122,-572,17,-183,0,252.11
5464,20:26:39:974,3,Severe_Damage,L3_S2,-1828,1100,14842,-654,14,-193,0,-27.89
5465,20:26:39:984,3,Severe_Damage,L3_S2,-1764,1110,14794,-687,17,-196,0,-75.89
5466,20:26:39:994,3,Severe_Damage,L3_S2,-1746,1092,14662,-672,17,-195,0,-207.89
5467,20:26:40:004,3,Severe_Damage,L3_S2,-1730,1046,14592,-609,19,-187,0,-277.89
5468,20:26:40:014,3,Severe_Damage,L3_S2,-1734,1026,14426,-508,26,-170,0,-443.89
5469,20:26:40:024,3,Severe_Damage,L3_S2,-1686,1052,14422,-371,18,-148,0,-447.89
5470,20:26:40:034,3,Severe_Damage,L3_S2,-1728,1030,14404,-225,33,-125,0,-465.89
5471,20:26:40:044,3,Severe_Damage,L3_S2,-1766,1044,14436,-78,37,-102,0,-433.89
5472,20:26:40:054,3,Severe_Damage,L3_S2,-1754,1034,14594,52,37,-89,0,-275.89
5473,20:26:40:064,3,Severe_Damage,L3_S2,-1698,1078,14638,165,36,-67,0,-231.89
5474,20:26:40:074,3,Severe_Damage,L3_S2,-1758,1120,14750,245,40,-56,0,-119.89
5475,20:26:40:084,3,Severe_Damage,L3_S2,-1770,1148,14884,278,45,-48,0,14.11
5476,20:26:40:094,3,Severe_Damage,L3_S2,-1786,1114,15050,268,35,-52,0,180.11
5477,20:26:40:104,3,Severe_Damage,L3_S2,-1804,1152,15178,213,47,-60,0,308.11
5478,20:26:40:114,3,Severe_Damage,L3_S2,-1838,1196,15300,112,35,-72,0,430.11
5479,20:26:40:124,3,Severe_Damage,L3_S2,-1856,1190,15244,-9,38,-98,0,374.11
5480,20:26:40:134,3,Severe_Damage,L3_S2,-1814,1218,15298,-149,32,-117,0,428.11
5481,20:26:40:144,3,Severe_Damage,L3_S2,-1842,1218,15226,-289,31,-137,0,356.11
5482,20:26:40:154,3,Severe_Damage,L3_S2,-1794,1138,15230,-426,18,-157,0,360.11
5483,20:26:40:164,3,Severe_Damage,L3_S2,-1814,1172,15046,-536,16,-176,0,176.11
5484,20:26:40:174,3,Severe_Damage,L3_S2,-1800,1104,15010,-612,24,-191,0,140.11
5485,20:26:40:184,3,Severe_Damage,L3_S2,-1752,1128,14790,-632,21,-195,0,-79.89
5486,20:26:40:194,3,Severe_Damage,L3_S2,-1772,1090,14706,-634,17,-190,0,-163.89
5487,20:26:40:204,3,Severe_Damage,L3_S2,-1786,1046,14572,-576,15,-187,0,-297.89
5488,20:26:40:214,3,Severe_Damage,L3_S2,-1700,1034,14492,-494,17,-171,0,-377.89
5489,20:26:40:224,3,Severe_Damage,L3_S2,-1724,1032,14466,-376,30,-147,0,-403.89
5490,20:26:40:234,3,Severe_Damage,L3_S2,-1698,1018,14484,-240,32,-130,0,-385.89
5491,20:26:40:244,3,Severe_Damage,L3_S2,-1728,1050,14498,-98,41,-110,0,-371.89
5492,20:26:40:254,3,Severe_Damage,L3_S2,-1778,1046,14550,30,39,-78,0,-319.89
5493,20:26:40:264,3,Severe_Damage,L3_S2,-1722,1044,14620,132,51,-74,0,-249.89
5494,20:26:40:274,3,Severe_Damage,L3_S2,-1758,1112,14722,203,33,-57,0,-147.89
5495,20:26:40:284,3,Severe_Damage,L3_S2,-1754,1112,14838,239,54,-56,0,-31.89
5496,20:26:40:294,3,Severe_Damage,L3_S2,-1764,1154,15042,231,47,-61,0,172.11
5497,20:26:40:304,3,Severe_Damage,L3_S2,-1876,1186,15054,178,34,-64,0,184.11
5498,20:26:40:314,3,Severe_Damage,L3_S2,-1728,1186,15236,95,54,-82,0,366.11
5499,20:26:40:324,3,Severe_Damage,L3_S2,-1848,1198,15214,-17,18,-86,0,344.11
5500,20:26:40:334,3,Severe_Damage,L3_S2,-1800,1184,15256,-140,36,-115,0,386.11
5501,20:26:40:344,3,Severe_Damage,L3_S2,-1840,1162,15238,-272,21,-133,0,368.11
5502,20:26:40:354,3,Severe_Damage,L3_S2,-1840,1148,15160,-393,26,-153,0,290.11
5503,20:26:40:364,3,Severe_Damage,L3_S2,-1800,1132,15070,-496,23,-177,0,200.11
5504,20:26:40:374,3,Severe_Damage,L3_S2,-1812,1112,14952,-576,15,-177,0,82.11
5505,20:26:40:384,3,Severe_Damage,L3_S2,-1696,1070,14844,-605,26,-197,0,-25.89
5506,20:26:40:394,3,Severe_Damage,L3_S2,-1758,1070,14748,-594,15,-183,0,-121.89
5507,20:26:40:404,3,Severe_Damage,L3_S2,-1784,1066,14626,-545,21,-179,0,-243.89
5508,20:26:40:414,3,Severe_Damage,L3_S2,-1722,1046,14546,-464,28,-164,0,-323.89
5509,20:26:40:424,3,Severe_Damage,L3_S2,-1752,1012,14570,-365,16,-142,0,-299.89
5510,20:26:40:434,3,Severe_Damage,L3_S2,-1678,1046,14476,-242,43,-136,0,-393.89
5511,20:26:40:444,3,Severe_Damage,L3_S2,-1750,1026,14510,-122,19,-109,0,-359.89
5512,20:26:40:454,3,Severe_Damage,L3_S2,-1748,1010,14582,0,42,-88,0,-287.89
5513,20:26:40:464,3,Severe_Damage,L3_S2,-1734,1074,14688,98,36,-69,0,-181.89
5514,20:26:40:474,3,Severe_Damage,L3_S2,-1764,1104,14730,164,30,-63,0,-139.89
5515,20:26:40:484,3,Severe_Damage,L3_S2,-1750,1142,14840,204,49,-66,0,-29.89
5516,20:26:40:494,3,Severe_Damage,L3_S2,-1788,1134,14988,198,30,-59,0,118.11
5517,20:26:40:504,3,Severe_Damage,L3_S2,-1800,1150,15110,161,45,-71,0,240.11
5518,20:26:40:514,3,Severe_Damage,L3_S2,-1824,1110,15192,82,38,-88,0,322.11
5519,20:26:40:524,3,Severe_Damage,L3_S2,-1870,1168,15132,-17,43,-95,0,262.11
5520,20:26:40:534,3,Severe_Damage,L3_S2,-1854,1174,15230,-137,38,-111,0,360.11
5521,20:26:40:544,3,Severe_Damage,L3_S2,-1868,1200,15186,-257,20,-126,0,316.11
5522,20:26:40:554,3,Severe_Damage,L3_S2,-1774,1140,15154,-375,33,-151,0,284.11
5523,20:26:40:564,3,Severe_Damage,L3_S2,-1802,1142,15074,-460,14,-168,0,204.11
5524,20:26:40:574,3,Severe_Damage,L3_S2,-1742,1092,14936,-533,26,-176,0,66.11
5525,20:26:40:584,3,Severe_Damage,L3_S2,-1744,1076,14874,-559,21,-183,0,4.11
5526,20:26:40:595,3,Severe_Damage,L3_S2,-1772,1090,14822,-560,11,-180,0,-47.89
5527,20:26:40:604,3,Severe_Damage,L3_S2,-1742,1088,14668,-517,30,-178,0,-201.89
5528,20:26:40:614,3,Severe_Damage,L3_S2,-1744,1070,14606,-451,7,-160,0,-263.89
5529,20:26:40:624,3,Severe_Damage,L3_S2,-1728,1064,14604,-358,32,-151,0,-265.89
5530,20:26:40:635,3,Severe_Damage,L3_S2,-1768,1020,14600,-252,22,-124,0,-269.89
5531,20:26:40:645,3,Severe_Damage,L3_S2,-1724,1074,14522,-131,34,-107,0,-347.89
5532,20:26:40:654,3,Severe_Damage,L3_S2,-1736,1078,14524,-27,34,-96,0,-345.89
5533,20:26:40:664,3,Severe_Damage,L3_S2,-1714,1046,14672,73,30,-81,0,-197.89
5534,20:26:40:674,3,Severe_Damage,L3_S2,-1738,1120,14784,129,52,-72,0,-85.89
5535,20:26:40:684,3,Severe_Damage,L3_S2,-1814,1090,14862,162,49,-69,0,-7.89
5536,20:26:40:694,3,Severe_Damage,L3_S2,-1790,1096,14996,164,48,-67,0,126.11
5537,20:26:40:704,3,Severe_Damage,L3_S2,-1822,1170,15054,131,39,-73,0,184.11
5538,20:26:40:714,3,Severe_Damage,L3_S2,-1848,1152,15118,65,37,-85,0,248.11
5539,20:26:40:724,3,Severe_Damage,L3_S2,-1798,1180,15144,-28,42,-94,0,274.11
5540,20:26:40:734,3,Severe_Damage,L3_S2,-1882,1176,15202,-137,22,-108,0,332.11
5541,20:26:40:744,3,Severe_Damage,L3_S2,-1760,1172,15200,-246,34,-136,0,330.11
5542,20:26:40:755,3,Severe_Damage,L3_S2,-1798,1168,15100,-349,24,-142,0,230.11
5543,20:26:40:764,3,Severe_Damage,L3_S2,-1792,1184,15038,-437,21,-161,0,168.11
5544,20:26:40:774,3,Severe_Damage,L3_S2,-1808,1126,14922,-494,20,-168,0,52.11
5545,20:26:40:784,3,Severe_Damage,L3_S2,-1834,1102,14838,-532,14,-171,0,-31.89
5546,20:26:40:795,3,Severe_Damage,L3_S2,-1748,1084,14772,-532,25,-181,0,-97.89
5547,20:26:40:804,3,Severe_Damage,L3_S2,-1794,1098,14708,-503,11,-169,0,-161.89
5548,20:26:40:814,3,Severe_Damage,L3_S2,-1758,1076,14556,-439,24,-164,0,-313.89
5549,20:26:40:824,3,Severe_Damage,L3_S2,-1766,1072,14632,-348,22,-150,0,-237.89
5550,20:26:40:835,3,Severe_Damage,L3_S2,-1738,1018,14558,-244,19,-134,0,-311.89
5551,20:26:40:845,3,Severe_Damage,L3_S2,-1740,1048,14590,-142,33,-116,0,-279.89
5552,20:26:40:854,3,Severe_Damage,L3_S2,-1734,1040,14594,-45,34,-96,0,-275.89
5553,20:26:40:864,3,Severe_Damage,L3_S2,-1712,1028,14668,31,44,-82,0,-201.89
5554,20:26:40:874,3,Severe_Damage,L3_S2,-1738,1134,14770,90,35,-77,0,-99.89
5555,20:26:40:884,3,Severe_Damage,L3_S2,-1806,1094,14906,133,33,-72,0,36.11
5556,20:26:40:894,3,Severe_Damage,L3_S2,-1772,1118,14942,133,40,-73,0,72.11
5557,20:26:40:904,3,Severe_Damage,L3_S2,-1780,1160,15040,98,35,-75,0,170.11
5558,20:26:40:915,3,Severe_Damage,L3_S2,-1826,1148,15130,43,42,-92,0,260.11
5559,20:26:40:925,3,Severe_Damage,L3_S2,-1794,1158,15162,-133,32,-117,0,292.11
5560,20:26:40:935,3,Severe_Damage,L3_S2,-1780,1136,15102,-232,34,-124,0,232.11
5561,20:26:40:945,3,Severe_Damage,L3_S2,-1758,1158,15152,-332,22,-148,0,282.11
5562,20:26:40:955,3,Severe_Damage,L3_S2,-1782,1130,15060,-407,21,-161,0,190.11
5563,20:26:40:965,3,Severe_Damage,L3_S2,-1720,1114,14920,-473,25,-166,0,50.11
5564,20:26:40:975,3,Severe_Damage,L3_S2,-1796,1118,14818,-501,21,-168,0,-51.89
5565,20:26:40:985,3,Severe_Damage,L3_S2,-1772,1086,14810,-506,26,-174,0,-59.89
5566,20:26:40:995,3,Severe_Damage,L3_S2,-1700,1088,14692,-471,18,-168,0,-177.89
5567,20:26:41:005,3,Severe_Damage,L3_S2,-1766,1062,14612,-419,28,-156,0,-257.89
5568,20:26:41:015,3,Severe_Damage,L3_S2,-1700,1044,14586,-341,29,-149,0,-283.89
5569,20:26:41:025,3,Severe_Damage,L3_S2,-1710,1034,14622,-253,31,-137,0,-247.89
5570,20:26:41:035,3,Severe_Damage,L3_S2,-1726,1100,14676,-156,32,-115,0,-193.89
5571,20:26:41:045,3,Severe_Damage,L3_S2,-1716,1078,14644,-67,36,-99,0,-225.89
5572,20:26:41:055,3,Severe_Damage,L3_S2,-1772,1086,14750,14,42,-88,0,-119.89
5573,20:26:41:064,3,Severe_Damage,L3_S2,-1788,1088,14770,66,35,-88,0,-99.89
5574,20:26:41:074,3,Severe_Damage,L3_S2,-1724,1102,14830,98,35,-76,0,-39.89
5575,20:26:41:084,3,Severe_Damage,L3_S2,-1850,1124,14924,104,41,-64,0,54.11
5576,20:26:41:095,3,Severe_Damage,L3_S2,-1790,1152,15036,76,48,-78,0,166.11
5577,20:26:41:104,3,Severe_Damage,L3_S2,-1760,1166,15056,27,24,-88,0,186.11
5578,20:26:41:115,3,Severe_Damage,L3_S2,-1846,1178,15114,-45,36,-100,0,244.11
5579,20:26:41:125,3,Severe_Damage,L3_S2,-1788,1152,15106,-129,35,-114,0,236.11
5580,20:26:41:135,3,Severe_Damage,L3_S2,-1830,1190,15164,-219,33,-124,0,294.11
5581,20:26:41:145,3,Severe_Damage,L3_S2,-1808,1146,15044,-308,26,-147,0,174.11
5582,20:26:41:155,3,Severe_Damage,L3_S2,-1828,1150,15034,-383,22,-159,0,164.11
5583,20:26:41:165,3,Severe_Damage,L3_S2,-1796,1142,14966,-435,15,-163,0,96.11
5584,20:26:41:175,3,Severe_Damage,L3_S2,-1788,1154,14882,-472,21,-168,0,12.11
5585,20:26:41:185,3,Severe_Damage,L3_S2,-1790,1130,14806,-474,16,-170,0,-63.89
5586,20:26:41:195,3,Severe_Damage,L3_S2,-1764,1084,14702,-452,23,-165,0,-167.89
5587,20:26:41:205,3,Severe_Damage,L3_S2,-1760,1064,14600,-403,16,-155,0,-269.89
5588,20:26:41:215,3,Severe_Damage,L3_S2,-1742,1030,14666,-334,31,-142,0,-203.89
5589,20:26:41:225,3,Severe_Damage,L3_S2,-1724,1058,14562,-250,30,-136,0,-307.89
5590,20:26:41:235,3,Severe_Damage,L3_S2,-1704,1072,14568,-173,22,-122,0,-301.89
5591,20:26:41:245,3,Severe_Damage,L3_S2,-1674,1090,14628,-78,27,-104,0,-241.89
5592,20:26:41:255,3,Severe_Damage,L3_S2,-1752,1094,14684,-11,31,-97,0,-185.89
5593,20:26:41:264,3,Severe_Damage,L3_S2,-1768,1102,14808,48,45,-87,0,-61.89
5594,20:26:41:274,3,Severe_Damage,L3_S2,-1740,1090,14884,75,39,-78,0,14.11
5595,20:26:41:284,3,Severe_Damage,L3_S2,-1794,1128,14940,79,45,-74,0,70.11
5596,20:26:41:294,3,Severe_Damage,L3_S2,-1776,1182,14994,54,38,-83,0,124.11
5597,20:26:41:304,3,Severe_Damage,L3_S2,-1796,1174,15064,17,39,-91,0,194.11
5598,20:26:41:315,3,Severe_Damage,L3_S2,-1782,1154,15056,-50,31,-97,0,186.11
5599,20:26:41:325,3,Severe_Damage,L3_S2,-1814,1146,15152,-126,27,-111,0,282.11
5600,20:26:41:335,3,Severe_Damage,L3_S2,-1854,1188,15148,-211,27,-120,0,278.11
5601,20:26:41:345,3,Severe_Damage,L3_S2,-1794,1158,15102,-292,28,-143,0,232.11
5602,20:26:41:355,3,Severe_Damage,L3_S2,-1792,1126,15044,-362,16,-153,0,174.11
5603,20:26:41:365,3,Severe_Damage,L3_S2,-1796,1118,14936,-417,26,-158,0,66.11
5604,20:26:41:375,3,Severe_Damage,L3_S2,-1780,1156,14908,-449,16,-166,0,38.11
5605,20:26:41:385,3,Severe_Damage,L3_S2,-1754,1124,14748,-454,21,-159,0,-121.89
5606,20:26:41:395,3,Severe_Damage,L3_S2,-1768,1088,14782,-431,17,-155,0,-87.89
5607,20:26:41:405,3,Severe_Damage,L3_S2,-1740,1086,14730,-388,26,-154,0,-139.89
5608,20:26:41:415,3,Severe_Damage,L3_S2,-1754,1060,14678,-328,25,-148,0,-191.89
5609,20:26:41:425,3,Severe_Damage,L3_S2,-1732,1044,14610,-257,27,-133,0,-259.89
5610,20:26:41:435,3,Severe_Damage,L3_S2,-1758,1036,14694,-172,24,-122,0,-175.89
5611,20:26:41:445,3,Severe_Damage,L3_S2,-1766,1084,14702,-98,32,-112,0,-167.89
5612,20:26:41:455,3,Severe_Damage,L3_S2,-1750,1056,14720,-21,40,-100,0,-149.89
5613,20:26:41:464,3,Severe_Damage,L3_S2,-1782,1060,14810,20,39,-85,0,-59.89
5614,20:26:41:475,3,Severe_Damage,L3_S2,-1754,1120,14832,58,42,-90,0,-37.89
5615,20:26:41:485,3,Severe_Damage,L3_S2,-1804,1124,14924,60,35,-92,0,54.11
5616,20:26:41:495,3,Severe_Damage,L3_S2,-1802,1136,15012,49,31,-84,0,142.11
5617,20:26:41:504,3,Severe_Damage,L3_S2,-1780,1148,15014,1,28,-99,0,144.11
5618,20:26:41:515,3,Severe_Damage,L3_S2,-1804,1138,15056,-60,36,-99,0,186.11
5619,20:26:41:525,3,Severe_Damage,L3_S2,-1762,1162,15102,-127,37,-109,0,232.11
5620,20:26:41:535,3,Severe_Damage,L3_S2,-1784,1140,15100,-209,30,-130,0,230.11
5621,20:26:41:545,3,Severe_Damage,L3_S2,-1780,1152,15098,-278,30,-137,0,228.11
5622,20:26:41:555,3,Severe_Damage,L3_S2,-1854,1128,15072,-344,29,-152,0,202.11
5623,20:26:41:565,3,Severe_Damage,L3_S2,-1768,1118,14968,-392,25,-150,0,98.11
5624,20:26:41:575,3,Severe_Damage,L3_S2,-1760,1080,14884,-426,24,-158,0,14.11
5625,20:26:41:585,3,Severe_Damage,L3_S2,-1752,1084,14804,-431,15,-161,0,-65.89
5626,20:26:41:595,3,Severe_Damage,L3_S2,-1792,1126,14774,-421,17,-158,0,-95.89
5627,20:26:41:605,3,Severe_Damage,L3_S2,-1776,1108,14642,-377,22,-153,0,-227.89
5628,20:26:41:615,3,Severe_Damage,L3_S2,-1748,1082,14610,-320,25,-150,0,-259.89
5629,20:26:41:625,3,Severe_Damage,L3_S2,-1766,1052,14556,-254,24,-136,0,-313.89
5630,20:26:41:635,3,Severe_Damage,L3_S2,-1726,1096,14664,-180,31,-125,0,-205.89
5631,20:26:41:645,3,Severe_Damage,L3_S2,-1802,1082,14728,-113,20,-104,0,-141.89
5632,20:26:41:655,3,Severe_Damage,L3_S2,-1774,1062,14760,-55,36,-99,0,-109.89
5633,20:26:41:665,3,Severe_Damage,L3_S2,-1748,1110,14794,1,32,-93,0,-75.89
5634,20:26:41:675,3,Severe_Damage,L3_S2,-1774,1088,14880,25,34,-88,0,10.11
5635,20:26:41:685,3,Severe_Damage,L3_S2,-1764,1108,14942,34,40,-92,0,72.11
5636,20:26:41:695,3,Severe_Damage,L3_S2,-1818,1110,14954,23,29,-94,0,84.11
5637,20:26:41:705,3,Severe_Damage,L3_S2,-1804,1122,15006,-10,34,-92,0,136.11
5638,20:26:41:715,3,Severe_Damage,L3_S2,-1826,1188,15058,-59,37,-105,0,188.11
5639,20:26:41:725,3,Severe_Damage,L3_S2,-1884,1164,15046,-126,27,-109,0,176.11
5640,20:26:41:735,3,Severe_Damage,L3_S2,-1736,1150,15114,-204,33,-128,0,244.11
5641,20:26:41:745,3,Severe_Damage,L3_S2,-1776,1168,15058,-261,23,-136,0,188.11
5642,20:26:41:755,3,Severe_Damage,L3_S2,-1782,1122,15036,-325,23,-146,0,166.11
5643,20:26:41:765,3,Severe_Damage,L3_S2,-1782,1164,14916,-372,19,-152,0,46.11
5644,20:26:41:775,3,Severe_Damage,L3_S2,-1752,1090,14892,-405,22,-160,0,22.11
5645,20:26:41:785,3,Severe_Damage,L3_S2,-1764,1092,14796,-405,18,-156,0,-73.89
5646,20:26:41:795,3,Severe_Damage,L3_S2,-1760,1102,14764,-393,12,-154,0,-105.89
5647,20:26:41:805,3,Severe_Damage,L3_S2,-1784,1062,14708,-366,21,-151,0,-161.89
5648,20:26:41:815,3,Severe_Damage,L3_S2,-1766,1032,14658,-315,21,-145,0,-211.89
5649,20:26:41:825,3,Severe_Damage,L3_S2,-1750,1082,14674,-255,35,-125,0,-195.89
5650,20:26:41:835,3,Severe_Damage,L3_S2,-1708,1068,14662,-190,28,-114,0,-207.89
5651,20:26:41:845,3,Severe_Damage,L3_S2,-1762,1094,14678,-122,34,-118,0,-191.89
5652,20:26:41:855,3,Severe_Damage,L3_S2,-1730,1070,14784,-66,32,-106,0,-85.89
5653,20:26:41:865,3,Severe_Damage,L3_S2,-1788,1058,14762,-16,31,-96,0,-107.89
5654,20:26:41:875,3,Severe_Damage,L3_S2,-1808,1100,14904,7,33,-88,0,34.11
5655,20:26:41:885,3,Severe_Damage,L3_S2,-1776,1076,14914,17,35,-91,0,44.11
5656,20:26:41:895,3,Severe_Damage,L3_S2,-1768,1060,14968,8,33,-95,0,98.11
5657,20:26:41:905,3,Severe_Damage,L3_S2,-1752,1140,15082,-28,36,-94,0,212.11
5658,20:26:41:915,3,Severe_Damage,L3_S2,-1782,1110,15078,-68,32,-101,0,208.11
5659,20:26:41:925,3,Severe_Damage,L3_S2,-1846,1154,15082,-128,25,-112,0,212.11
5660,20:26:41:935,3,Severe_Damage,L3_S2,-1822,1156,15090,-188,24,-122,0,220.11
5661,20:26:41:945,3,Severe_Damage,L3_S2,-1818,1162,15048,-250,27,-133,0,178.11
5662,20:26:41:955,3,Severe_Damage,L3_S2,-1804,1194,15016,-310,30,-138,0,146.11
5663,20:26:41:965,3,Severe_Damage,L3_S2,-1764,1100,14900,-354,26,-143,0,30.11
5664,20:26:41:975,3,Severe_Damage,L3_S2,-1816,1132,14872,-383,19,-146,0,2.11
5665,20:26:41:985,3,Severe_Damage,L3_S2,-1764,1078,14818,-396,28,-154,0,-51.89
5666,20:26:41:995,3,Severe_Damage,L3_S2,-1730,1136,14780,-377,28,-154,0,-89.89
5667,20:26:42:005,3,Severe_Damage,L3_S2,-1762,1084,14692,-352,26,-152,0,-177.89
5668,20:26:42:015,3,Severe_Damage,L3_S2,-1754,1050,14654,-308,26,-141,0,-215.89
5669,20:26:42:025,3,Severe_Damage,L3_S2,-1726,1088,14694,-253,27,-137,0,-175.89
5670,20:26:42:035,3,Severe_Damage,L3_S2,-1770,1078,14736,-193,28,-121,0,-133.89
5671,20:26:42:045,3,Severe_Damage,L3_S2,-1782,1060,14734,-128,31,-113,0,-135.89
5672,20:26:42:055,3,Severe_Damage,L3_S2,-1782,1114,14734,-80,27,-104,0,-135.89
5673,20:26:42:065,3,Severe_Damage,L3_S2,-1764,1114,14808,-34,37,-93,0,-61.89
5674,20:26:42:075,3,Severe_Damage,L3_S2,-1812,1086,14794,-7,35,-85,0,-75.89
5675,20:26:42:085,3,Severe_Damage,L3_S2,-1762,1132,14812,4,40,-85,0,-57.89
5676,20:26:42:095,3,Severe_Damage,L3_S2,-1752,1156,14996,-10,27,-98,0,126.11
5677,20:26:42:105,3,Severe_Damage,L3_S2,-1808,1094,14990,-36,34,-99,0,120.11
5678,20:26:42:115,3,Severe_Damage,L3_S2,-1834,1142,15004,-77,41,-104,0,134.11
5679,20:26:42:125,3,Severe_Damage,L3_S2,-1790,1202,15040,-129,29,-113,0,170.11
5680,20:26:42:135,3,Severe_Damage,L3_S2,-1756,1130,15026,-185,30,-118,0,156.11
5681,20:26:42:145,3,Severe_Damage,L3_S2,-1826,1134,14956,-244,24,-131,0,86.11
5682,20:26:42:155,3,Severe_Damage,L3_S2,-1748,1150,14964,-300,25,-141,0,94.11
5683,20:26:42:165,3,Severe_Damage,L3_S2,-1776,1170,14916,-337,22,-145,0,46.11
5684,20:26:42:175,3,Severe_Damage,L3_S2,-1786,1150,14962,-362,25,-147,0,92.11
5685,20:26:42:185,3,Severe_Damage,L3_S2,-1842,1148,14802,-373,33,-147,0,-67.89
5686,20:26:42:195,3,Severe_Damage,L3_S2,-1756,1082,14874,-363,37,-149,0,4.11
5687,20:26:42:205,3,Severe_Damage,L3_S2,-1734,1066,14714,-335,30,-147,0,-155.89
5688,20:26:42:215,3,Severe_Damage,L3_S2,-1734,1094,14664,-297,27,-142,0,-205.89
5689,20:26:42:225,3,Severe_Damage,L3_S2,-1774,1076,14706,-252,23,-134,0,-163.89
5690,20:26:42:235,3,Severe_Damage,L3_S2,-1750,1072,14718,-198,28,-127,0,-151.89
5691,20:26:42:245,3,Severe_Damage,L3_S2,-1722,1042,14650,-138,28,-114,0,-219.89
5692,20:26:42:255,3,Severe_Damage,L3_S2,-1722,1076,14704,-91,36,-100,0,-165.89
5693,20:26:42:265,3,Severe_Damage,L3_S2,-1754,1076,14732,-54,33,-95,0,-137.89
5694,20:26:42:275,3,Severe_Damage,L3_S2,-1798,1084,14788,-33,33,-93,0,-81.89
5695,20:26:42:285,3,Severe_Damage,L3_S2,-1778,1136,14886,-19,36,-94,0,16.11
5696,20:26:42:295,3,Severe_Damage,L3_S2,-1748,1160,14890,-25,33,-99,0,20.11
5697,20:26:42:305,3,Severe_Damage,L3_S2,-1796,1172,15032,-55,31,-101,0,162.11
5698,20:26:42:315,3,Severe_Damage,L3_S2,-1814,1162,14934,-85,31,-110,0,64.11
5699,20:26:42:325,3,Severe_Damage,L3_S2,-1804,1106,14992,-133,36,-121,0,122.11
5700,20:26:42:335,3,Severe_Damage,L3_S2,-1768,1142,15048,-184,29,-124,0,178.11
5701,20:26:42:345,3,Severe_Damage,L3_S2,-1830,1158,15032,-234,34,-137,0,162.11
5702,20:26:42:355,3,Severe_Damage,L3_S2,-1780,1126,14958,-287,30,-138,0,88.11
5703,20:26:42:365,3,Severe_Damage,L3_S2,-1814,1110,14972,-330,28,-146,0,102.11
5704,20:26:42:375,3,Severe_Damage,L3_S2,-1790,1116,14914,-347,31,-153,0,44.11
5705,20:26:42:385,3,Severe_Damage,L3_S2,-1818,1094,14828,-362,23,-147,0,-41.89
5706,20:26:42:395,3,Severe_Damage,L3_S2,-1780,1102,14816,-349,25,-140,0,-53.89
5707,20:26:42:405,3,Severe_Damage,L3_S2,-1718,1100,14856,-327,28,-144,0,-13.89
5708,20:26:42:415,3,Severe_Damage,L3_S2,-1778,1120,14748,-299,19,-143,0,-121.89
5709,20:26:42:425,3,Severe_Damage,L3_S2,-1736,1068,14728,-250,31,-133,0,-141.89
5710,20:26:42:435,3,Severe_Damage,L3_S2,-1768,1104,14716,-196,27,-123,0,-153.89
5711,20:26:42:445,3,Severe_Damage,L3_S2,-1762,1088,14788,-147,34,-115,0,-81.89
5712,20:26:42:455,3,Severe_Damage,L3_S2,-1750,1062,14780,-99,22,-112,0,-89.89
5713,20:26:42:465,3,Severe_Damage,L3_S2,-1764,1098,14842,-66,33,-111,0,-27.89
5714,20:26:42:475,3,Severe_Damage,L3_S2,-1786,1136,14904,-45,41,-97,0,34.11
5715,20:26:42:486,3,Severe_Damage,L3_S2,-1770,1096,14918,-39,35,-101,0,48.11
5716,20:26:42:495,3,Severe_Damage,L3_S2,-1764,1084,14930,-36,29,-97,0,60.11
5717,20:26:42:505,3,Severe_Damage,L3_S2,-1784,1096,14958,-65,31,-103,0,88.11
5718,20:26:42:515,3,Severe_Damage,L3_S2,-1766,1146,14994,-91,34,-101,0,124.11
5719,20:26:42:525,3,Severe_Damage,L3_S2,-1784,1104,14994,-135,30,-112,0,124.11
5720,20:26:42:535,3,Severe_Damage,L3_S2,-1794,1140,15016,-178,31,-126,0,146.11
5721,20:26:42:545,3,Severe_Damage,L3_S2,-1812,1140,14956,-231,28,-126,0,86.11
5722,20:26:42:555,3,Severe_Damage,L3_S2,-1804,1158,14944,-276,26,-130,0,74.11
5723,20:26:42:565,3,Severe_Damage,L3_S2,-1770,1144,14896,-308,27,-140,0,26.11
5724,20:26:42:575,3,Severe_Damage,L3_S2,-1774,1128,14862,-330,22,-139,0,-7.89
5725,20:26:42:585,3,Severe_Damage,L3_S2,-1750,1088,14864,-336,27,-144,0,-5.89
5726,20:26:42:595,3,Severe_Damage,L3_S2,-1764,1082,14794,-342,27,-137,0,-75.89
5727,20:26:42:605,3,Severe_Damage,L3_S2,-1724,1052,14798,-318,21,-140,0,-71.89
5728,20:26:42:615,3,Severe_Damage,L3_S2,-1718,1060,14750,-287,29,-135,0,-119.89
5729,20:26:42:625,3,Severe_Damage,L3_S2,-1796,1112,14728,-250,32,-135,0,-141.89
5730,20:26:42:635,3,Severe_Damage,L3_S2,-1760,1112,14726,-211,29,-120,0,-143.89
5731,20:26:42:645,3,Severe_Damage,L3_S2,-1788,1106,14844,-160,28,-123,0,-25.89
5732,20:26:42:655,3,Severe_Damage,L3_S2,-1764,1084,14812,-117,41,-113,0,-57.89
5733,20:26:42:665,3,Severe_Damage,L3_S2,-1800,1082,14794,-80,37,-103,0,-75.89
5734,20:26:42:675,3,Severe_Damage,L3_S2,-1778,1058,14792,-55,38,-106,0,-77.89
5735,20:26:42:685,3,Severe_Damage,L3_S2,-1796,1136,14880,-43,34,-96,0,10.11
5736,20:26:42:695,3,Severe_Damage,L3_S2,-1826,1080,14860,-53,32,-97,0,-9.89
5737,20:26:42:705,3,Severe_Damage,L3_S2,-1784,1146,14982,-66,30,-103,0,112.11
5738,20:26:42:716,3,Severe_Damage,L3_S2,-1810,1154,14956,-98,34,-108,0,86.11
5739,20:26:42:725,3,Severe_Damage,L3_S2,-1788,1154,14942,-136,32,-120,0,72.11
5740,20:26:42:735,3,Severe_Damage,L3_S2,-1784,1148,15000,-179,30,-124,0,130.11
5741,20:26:42:745,3,Severe_Damage,L3_S2,-1800,1124,14982,-222,34,-128,0,112.11
5742,20:26:42:755,3,Severe_Damage,L3_S2,-1786,1096,14972,-268,32,-132,0,102.11
5743,20:26:42:765,3,Severe_Damage,L3_S2,-1784,1160,14922,-298,25,-141,0,52.11
5744,20:26:42:775,3,Severe_Damage,L3_S2,-1752,1140,14910,-327,24,-146,0,40.11
5745,20:26:42:786,3,Severe_Damage,L3_S2,-1770,1136,14864,-335,22,-146,0,-5.89
5746,20:26:42:795,3,Severe_Damage,L3_S2,-1746,1136,14868,-330,27,-146,0,-1.89
5747,20:26:42:806,3,Severe_Damage,L3_S2,-1758,1072,14776,-311,30,-140,0,-93.89
5748,20:26:42:815,3,Severe_Damage,L3_S2,-1728,1080,14806,-288,24,-137,0,-63.89
5749,20:26:42:825,3,Severe_Damage,L3_S2,-1760,1080,14736,-249,25,-128,0,-133.89
5750,20:26:42:835,3,Severe_Damage,L3_S2,-1776,1080,14742,-205,31,-125,0,-127.89
5751,20:26:42:845,3,Severe_Damage,L3_S2,-1768,1072,14722,-163,29,-121,0,-147.89
5752,20:26:42:855,3,Severe_Damage,L3_S2,-1790,1048,14802,-125,33,-113,0,-67.89
5753,20:26:42:865,3,Severe_Damage,L3_S2,-1770,1096,14786,-90,38,-107,0,-83.89
5754,20:26:42:875,3,Severe_Damage,L3_S2,-1740,1114,14802,-70,36,-104,0,-67.89
5755,20:26:42:885,3,Severe_Damage,L3_S2,-1796,1098,14834,-58,34,-96,0,-35.89
5756,20:26:42:895,3,Severe_Damage,L3_S2,-1756,1126,14910,-61,29,-104,0,40.11
5757,20:26:42:905,3,Severe_Damage,L3_S2,-1752,1122,14940,-79,29,-103,0,70.11
5758,20:26:42:915,3,Severe_Damage,L3_S2,-1726,1108,14962,-102,30,-111,0,92.11
5759,20:26:42:926,3,Severe_Damage,L3_S2,-1802,1154,15050,-136,35,-118,0,180.11
5760,20:26:42:935,3,Severe_Damage,L3_S2,-1870,1166,14950,-174,27,-113,0,80.11
5761,20:26:42:945,3,Severe_Damage,L3_S2,-1766,1136,14960,-219,31,-120,0,90.11
5762,20:26:42:955,3,Severe_Damage,L3_S2,-1768,1138,14994,-252,23,-129,0,124.11
5763,20:26:42:965,3,Severe_Damage,L3_S2,-1774,1128,14968,-292,27,-138,0,98.11
5764,20:26:42:975,3,Severe_Damage,L3_S2,-1772,1150,14804,-310,21,-133,0,-65.89
5765,20:26:42:985,3,Severe_Damage,L3_S2,-1746,1080,14856,-322,25,-139,0,-13.89
5766,20:26:42:995,3,Severe_Damage,L3_S2,-1770,1086,14842,-315,31,-141,0,-27.89
5767,20:26:43:005,3,Severe_Damage,L3_S2,-1784,1050,14758,-303,22,-138,0,-111.89
5768,20:26:43:015,3,Severe_Damage,L3_S2,-1764,1104,14754,-278,31,-137,0,-115.89
5769,20:26:43:025,3,Severe_Damage,L3_S2,-1718,1054,14796,-239,28,-125,0,-73.89
5770,20:26:43:036,3,Severe_Damage,L3_S2,-1764,1076,14746,-210,38,-130,0,-123.89
5771,20:26:43:045,3,Severe_Damage,L3_S2,-1782,1096,14770,-166,29,-118,0,-99.89
5772,20:26:43:055,3,Severe_Damage,L3_S2,-1732,1104,14784,-137,36,-116,0,-85.89
5773,20:26:43:065,3,Severe_Damage,L3_S2,-1802,1110,14804,-105,33,-105,0,-65.89
5774,20:26:43:075,3,Severe_Damage,L3_S2,-1756,1060,14850,-82,32,-100,0,-19.89
5775,20:26:43:085,3,Severe_Damage,L3_S2,-1806,1118,14846,-68,38,-99,0,-23.89
5776,20:26:43:095,3,Severe_Damage,L3_S2,-1788,1148,14920,-72,33,-102,0,50.11
5777,20:26:43:105,3,Severe_Damage,L3_S2,-1770,1108,14942,-86,31,-104,0,72.11
5778,20:26:43:115,3,Severe_Damage,L3_S2,-1820,1128,14924,-108,34,-104,0,54.11
5779,20:26:43:125,3,Severe_Damage,L3_S2,-1796,1088,14998,-139,25,-118,0,128.11
5780,20:26:43:135,3,Severe_Damage,L3_S2,-1796,1162,14992,-179,39,-123,0,122.11
5781,20:26:43:145,3,Severe_Damage,L3_S2,-1844,1102,14964,-216,23,-126,0,94.11
5782,20:26:43:155,3,Severe_Damage,L3_S2,-1770,1126,14980,-247,31,-131,0,110.11
5783,20:26:43:165,3,Severe_Damage,L3_S2,-1826,1112,14878,-280,26,-137,0,8.11
5784,20:26:43:175,3,Severe_Damage,L3_S2,-1768,1118,14892,-297,24,-143,0,22.11
5785,20:26:43:185,3,Severe_Damage,L3_S2,-1790,1092,14836,-312,19,-139,0,-33.89
5786,20:26:43:195,3,Severe_Damage,L3_S2,-1760,1138,14772,-309,26,-136,0,-97.89
5787,20:26:43:205,3,Severe_Damage,L3_S2,-1766,1104,14832,-293,28,-137,0,-37.89
5788,20:26:43:215,3,Severe_Damage,L3_S2,-1770,1100,14800,-270,30,-134,0,-69.89
5789,20:26:43:225,3,Severe_Damage,L3_S2,-1732,1096,14734,-240,26,-127,0,-135.89
5790,20:26:43:235,3,Severe_Damage,L3_S2,-1770,1096,14768,-203,28,-129,0,-101.89
5791,20:26:43:245,3,Severe_Damage,L3_S2,-1790,1082,14780,-172,31,-124,0,-89.89
5792,20:26:43:256,3,Severe_Damage,L3_S2,-1704,1090,14790,-138,28,-115,0,-79.89
5793,20:26:43:265,3,Severe_Damage,L3_S2,-1802,1084,14844,-110,38,-106,0,-25.89
5794,20:26:43:275,3,Severe_Damage,L3_S2,-1812,1106,14826,-90,38,-112,0,-43.89
5795,20:26:43:286,3,Severe_Damage,L3_S2,-1790,1118,14880,-82,29,-104,0,10.11
5796,20:26:43:295,3,Severe_Damage,L3_S2,-1796,1164,14894,-85,29,-108,0,24.11
5797,20:26:43:305,3,Severe_Damage,L3_S2,-1792,1106,14978,-96,32,-114,0,108.11
5798,20:26:43:315,3,Severe_Damage,L3_S2,-1808,1092,14944,-111,34,-112,0,74.11
5799,20:26:43:326,3,Severe_Damage,L3_S2,-1790,1140,14942,-143,36,-109,0,72.11
5800,20:26:43:335,3,Severe_Damage,L3_S2,-1796,1146,14958,-174,31,-125,0,88.11
5801,20:26:43:345,3,Severe_Damage,L3_S2,-1784,1130,14948,-211,30,-128,0,78.11
5802,20:26:43:356,3,Severe_Damage,L3_S2,-1828,1074,14876,-238,25,-131,0,6.11
5803,20:26:43:365,3,Severe_Damage,L3_S2,-1786,1110,14916,-270,26,-135,0,46.11
5804,20:26:43:376,3,Severe_Damage,L3_S2,-1780,1134,14880,-286,31,-138,0,10.11
5805,20:26:43:386,3,Severe_Damage,L3_S2,-1764,1092,14838,-291,23,-143,0,-31.89
5806,20:26:43:395,3,Severe_Damage,L3_S2,-1720,1090,14802,-299,25,-142,0,-67.89
5807,20:26:43:405,3,Severe_Damage,L3_S2,-1756,1090,14806,-283,31,-139,0,-63.89
5808,20:26:43:416,3,Severe_Damage,L3_S2,-1788,1102,14820,-263,30,-134,0,-49.89
5809,20:26:43:426,3,Severe_Damage,L3_S2,-1764,1102,14742,-236,30,-130,0,-127.89
5810,20:26:43:436,3,Severe_Damage,L3_S2,-1790,1150,14802,-201,32,-123,0,-67.89
5811,20:26:43:446,3,Severe_Damage,L3_S2,-1746,1064,14772,-173,27,-117,0,-97.89
5812,20:26:43:456,3,Severe_Damage,L3_S2,-1786,1070,14804,-139,27,-118,0,-65.89
5813,20:26:43:466,3,Severe_Damage,L3_S2,-1744,1086,14788,-116,37,-114,0,-81.89
5814,20:26:43:475,3,Severe_Damage,L3_S2,-1786,1100,14822,-99,29,-111,0,-47.89
5815,20:26:43:485,3,Severe_Damage,L3_S2,-1772,1124,14874,-91,34,-112,0,4.11
5816,20:26:43:495,3,Severe_Damage,L3_S2,-1780,1134,14882,-84,30,-105,0,12.11
5817,20:26:43:506,3,Severe_Damage,L3_S2,-1856,1064,14956,-96,26,-109,0,86.11
5818,20:26:43:516,3,Severe_Damage,L3_S2,-1788,1124,14966,-121,32,-112,0,96.11
5819,20:26:43:526,3,Severe_Damage,L3_S2,-1816,1144,14986,-143,25,-117,0,116.11
5820,20:26:43:536,3,Severe_Damage,L3_S2,-1740,1112,14966,-172,27,-122,0,96.11
5821,20:26:43:546,3,Severe_Damage,L3_S2,-1776,1158,14922,-204,30,-127,0,52.11
5822,20:26:43:556,3,Severe_Damage,L3_S2,-1806,1132,14992,-235,29,-128,0,122.11
5823,20:26:43:566,3,Severe_Damage,L3_S2,-1754,1114,14924,-261,26,-134,0,54.11
5824,20:26:43:576,3,Severe_Damage,L3_S2,-1754,1112,14942,-275,26,-139,0,72.11
5825,20:26:43:586,3,Severe_Damage,L3_S2,-1778,1098,14818,-285,31,-139,0,-51.89
5826,20:26:43:596,3,Severe_Damage,L3_S2,-1800,1118,14820,-285,36,-139,0,-49.89
5827,20:26:43:606,3,Severe_Damage,L3_S2,-1816,1104,14826,-280,18,-138,0,-43.89
5828,20:26:43:616,3,Severe_Damage,L3_S2,-1760,1094,14772,-261,32,-137,0,-97.89
5829,20:26:43:626,3,Severe_Damage,L3_S2,-1786,1060,14840,-237,27,-124,0,-29.89
5830,20:26:43:636,3,Severe_Damage,L3_S2,-1764,1092,14816,-202,32,-127,0,-53.89
5831,20:26:43:646,3,Severe_Damage,L3_S2,-1770,1082,14816,-184,30,-113,0,-53.89
5832,20:26:43:656,3,Severe_Damage,L3_S2,-1754,1106,14754,-149,33,-120,0,-115.89
5833,20:26:43:666,3,Severe_Damage,L3_S2,-1764,1064,14816,-130,27,-116,0,-53.89
5834,20:26:43:676,3,Severe_Damage,L3_S2,-1782,1110,14782,-108,31,-115,0,-87.89
5835,20:26:43:686,3,Severe_Damage,L3_S2,-1774,1130,14856,-101,30,-113,0,-13.89
5836,20:26:43:696,3,Severe_Damage,L3_S2,-1832,1172,14924,-100,31,-109,0,54.11
5837,20:26:43:706,3,Severe_Damage,L3_S2,-1836,1148,14908,-107,30,-111,0,38.11
5838,20:26:43:716,3,Severe_Damage,L3_S2,-1780,1098,14926,-119,33,-111,0,56.11
5839,20:26:43:726,3,Severe_Damage,L3_S2,-1780,1120,14880,-153,29,-110,0,10.11
5840,20:26:43:736,3,Severe_Damage,L3_S2,-1766,1172,14954,-172,32,-116,0,84.11
5841,20:26:43:746,3,Severe_Damage,L3_S2,-1784,1124,14894,-199,25,-128,0,24.11
5842,20:26:43:756,3,Severe_Damage,L3_S2,-1790,1124,14958,-232,25,-130,0,88.11
5843,20:26:43:766,3,Severe_Damage,L3_S2,-1784,1100,14968,-247,33,-131,0,98.11
5844,20:26:43:776,3,Severe_Damage,L3_S2,-1760,1078,14846,-267,23,-133,0,-23.89
5845,20:26:43:786,3,Severe_Damage,L3_S2,-1796,1160,14790,-272,26,-137,0,-79.89
5846,20:26:43:796,3,Severe_Damage,L3_S2,-1798,1134,14854,-284,17,-136,0,-15.89
5847,20:26:43:806,3,Severe_Damage,L3_S2,-1744,1144,14818,-276,25,-139,0,-51.89
5848,20:26:43:816,3,Severe_Damage,L3_S2,-1740,1068,14762,-255,25,-138,0,-107.89
5849,20:26:43:826,3,Severe_Damage,L3_S2,-1740,1112,14784,-238,26,-129,0,-85.89
5850,20:26:43:836,3,Severe_Damage,L3_S2,-1758,1100,14778,-210,29,-121,0,-91.89
5851,20:26:43:846,3,Severe_Damage,L3_S2,-1780,1098,14822,-187,33,-120,0,-47.89
5852,20:26:43:856,3,Severe_Damage,L3_S2,-1780,1116,14748,-163,29,-123,0,-121.89
5853,20:26:43:866,3,Severe_Damage,L3_S2,-1738,1098,14800,-136,29,-114,0,-69.89
5854,20:26:43:876,3,Severe_Damage,L3_S2,-1784,1116,14900,-110,34,-110,0,30.11
5855,20:26:43:886,3,Severe_Damage,L3_S2,-1774,1094,14856,-112,26,-112,0,-13.89
5856,20:26:43:896,3,Severe_Damage,L3_S2,-1750,1138,14880,-113,35,-109,0,10.11
5857,20:26:43:906,3,Severe_Damage,L3_S2,-1792,1088,14880,-120,39,-113,0,10.11
5858,20:26:43:916,3,Severe_Damage,L3_S2,-1768,1130,14918,-126,28,-109,0,48.11
5859,20:26:43:926,3,Severe_Damage,L3_S2,-1766,1150,14948,-147,33,-116,0,78.11
5860,20:26:43:936,3,Severe_Damage,L3_S2,-1824,1100,14910,-179,30,-113,0,40.11
5861,20:26:43:946,3,Severe_Damage,L3_S2,-1750,1148,14922,-204,26,-125,0,52.11
5862,20:26:43:956,3,Severe_Damage,L3_S2,-1840,1144,14910,-223,26,-130,0,40.11
5863,20:26:43:966,3,Severe_Damage,L3_S2,-1830,1142,14938,-247,26,-133,0,68.11
5864,20:26:43:976,3,Severe_Damage,L3_S2,-1792,1102,14856,-260,26,-139,0,-13.89
5865,20:26:43:986,3,Severe_Damage,L3_S2,-1796,1120,14890,-271,26,-137,0,20.11
5866,20:26:43:996,3,Severe_Damage,L3_S2,-1814,1106,14786,-261,31,-140,0,-83.89
5867,20:26:44:006,3,Severe_Damage,L3_S2,-1728,1108,14818,-263,29,-129,0,-51.89
5868,20:26:44:016,3,Severe_Damage,L3_S2,-1770,1104,14762,-254,28,-128,0,-107.89
5869,20:26:44:026,3,Severe_Damage,L3_S2,-1768,1106,14794,-232,32,-126,0,-75.89
5870,20:26:44:036,3,Severe_Damage,L3_S2,-1776,1104,14844,-208,33,-125,0,-25.89
5871,20:26:44:046,3,Severe_Damage,L3_S2,-1732,1098,14788,-179,29,-123,0,-81.89
5872,20:26:44:056,3,Severe_Damage,L3_S2,-1776,1064,14824,-160,29,-122,0,-45.89
5873,20:26:44:066,3,Severe_Damage,L3_S2,-1758,1124,14838,-141,26,-117,0,-31.89
5874,20:26:44:076,3,Severe_Damage,L3_S2,-1748,1140,14898,-127,39,-109,0,28.11
5875,20:26:44:086,3,Severe_Damage,L3_S2,-1820,1062,14856,-112,30,-108,0,-13.89
5876,20:26:44:096,3,Severe_Damage,L3_S2,-1784,1130,14922,-115,32,-106,0,52.11
5877,20:26:44:106,3,Severe_Damage,L3_S2,-1790,1086,14916,-125,29,-113,0,46.11
5878,20:26:44:116,3,Severe_Damage,L3_S2,-1780,1130,14874,-132,33,-117,0,4.11
5879,20:26:44:126,3,Severe_Damage,L3_S2,-1794,1136,14906,-150,24,-113,0,36.11
5880,20:26:44:136,3,Severe_Damage,L3_S2,-1796,1134,14928,-172,35,-114,0,58.11
5881,20:26:44:146,3,Severe_Damage,L3_S2,-1812,1114,14902,-197,33,-124,0,32.11
5882,20:26:44:156,3,Severe_Damage,L3_S2,-1752,1132,14880,-220,29,-126,0,10.11
5883,20:26:44:166,3,Severe_Damage,L3_S2,-1800,1100,14924,-248,28,-126,0,54.11
5884,20:26:44:176,3,Severe_Damage,L3_S2,-1760,1108,14910,-253,29,-131,0,40.11
5885,20:26:44:186,3,Severe_Damage,L3_S2,-1714,1060,14904,-269,25,-132,0,34.11
5886,20:26:44:196,3,Severe_Damage,L3_S2,-1816,1142,14840,-265,30,-135,0,-29.89
5887,20:26:44:206,3,Severe_Damage,L3_S2,-1776,1092,14840,-259,25,-132,0,-29.89
5888,20:26:44:216,3,Severe_Damage,L3_S2,-1802,1122,14808,-247,33,-127,0,-61.89
5889,20:26:44:226,3,Severe_Damage,L3_S2,-1756,1060,14740,-232,28,-124,0,-129.89
5890,20:26:44:236,3,Severe_Damage,L3_S2,-1786,1106,14780,-212,30,-126,0,-89.89
5891,20:26:44:246,3,Severe_Damage,L3_S2,-1780,1102,14756,-185,40,-117,0,-113.89
5892,20:26:44:256,3,Severe_Damage,L3_S2,-1800,1094,14818,-169,34,-109,0,-51.89
5893,20:26:44:266,3,Severe_Damage,L3_S2,-1772,1084,14830,-148,35,-120,0,-39.89
5894,20:26:44:276,3,Severe_Damage,L3_S2,-1778,1134,14858,-134,25,-117,0,-11.89
5895,20:26:44:286,3,Severe_Damage,L3_S2,-1774,1090,14832,-120,27,-114,0,-37.89
5896,20:26:44:296,3,Severe_Damage,L3_S2,-1788,1126,14880,-121,24,-116,0,10.11
5897,20:26:44:306,3,Severe_Damage,L3_S2,-1806,1118,14884,-127,30,-114,0,14.11
5898,20:26:44:316,3,Severe_Damage,L3_S2,-1782,1112,14896,-139,24,-115,0,26.11
5899,20:26:44:326,3,Severe_Damage,L3_S2,-1804,1104,14950,-153,31,-120,0,80.11
5900,20:26:44:336,3,Severe_Damage,L3_S2,-1780,1092,14880,-172,29,-121,0,10.11
5901,20:26:44:346,3,Severe_Damage,L3_S2,-1768,1120,14916,-192,29,-120,0,46.11
5902,20:26:44:356,3,Severe_Damage,L3_S2,-1810,1112,14958,-212,32,-127,0,88.11
5903,20:26:44:366,3,Severe_Damage,L3_S2,-1770,1102,14936,-233,33,-136,0,66.11
5904,20:26:44:376,3,Severe_Damage,L3_S2,-1792,1118,14848,-254,19,-129,0,-21.89
5905,20:26:44:386,3,Severe_Damage,L3_S2,-1748,1120,14802,-260,27,-133,0,-67.89
5906,20:26:44:396,3,Severe_Damage,L3_S2,-1768,1144,14848,-264,24,-137,0,-21.89
5907,20:26:44:406,3,Severe_Damage,L3_S2,-1800,1102,14750,-253,31,-137,0,-119.89
5908,20:26:44:416,3,Severe_Damage,L3_S2,-1764,1050,14848,-241,30,-139,0,-21.89
5909,20:26:44:426,3,Severe_Damage,L3_S2,-1818,1102,14894,-222,30,-125,0,24.11
5910,20:26:44:436,3,Severe_Damage,L3_S2,-1764,1076,14840,-205,28,-128,0,-29.89
5911,20:26:44:446,3,Severe_Damage,L3_S2,-1746,1084,14860,-185,30,-123,0,-9.89
5912,20:26:44:456,3,Severe_Damage,L3_S2,-1750,1098,14848,-166,24,-116,0,-21.89
5913,20:26:44:466,3,Severe_Damage,L3_S2,-1794,1100,14840,-152,34,-111,0,-29.89
5914,20:26:44:476,3,Severe_Damage,L3_S2,-1796,1078,14838,-137,27,-112,0,-31.89
5915,20:26:44:486,3,Severe_Damage,L3_S2,-1774,1088,14852,-130,38,-115,0,-17.89
5916,20:26:44:496,3,Severe_Damage,L3_S2,-1764,1118,14884,-128,31,-105,0,14.11
5917,20:26:44:506,3,Severe_Damage,L3_S2,-1850,1112,14856,-130,27,-116,0,-13.89
5918,20:26:44:516,3,Severe_Damage,L3_S2,-1792,1054,14904,-136,33,-112,0,34.11
5919,20:26:44:526,3,Severe_Damage,L3_S2,-1802,1106,14878,-150,31,-119,0,8.11
5920,20:26:44:536,3,Severe_Damage,L3_S2,-1768,1134,14952,-169,32,-123,0,82.11
5921,20:26:44:546,3,Severe_Damage,L3_S2,-1760,1124,14912,-190,28,-128,0,42.11
5922,20:26:44:556,3,Severe_Damage,L3_S2,-1814,1144,14894,-212,30,-129,0,24.11
5923,20:26:44:566,3,Severe_Damage,L3_S2,-1738,1094,14884,-233,22,-131,0,14.11
5924,20:26:44:576,3,Severe_Damage,L3_S2,-1752,1140,14920,-249,26,-127,0,50.11
5925,20:26:44:586,3,Severe_Damage,L3_S2,-1830,1116,14826,-247,37,-132,0,-43.89
5926,20:26:44:596,3,Severe_Damage,L3_S2,-1748,1072,14870,-255,29,-140,0,0.11
5927,20:26:44:606,3,Severe_Damage,L3_S2,-1770,1116,14798,-245,21,-126,0,-71.89
5928,20:26:44:616,3,Severe_Damage,L3_S2,-1816,1096,14814,-245,33,-127,0,-55.89
5929,20:26:44:626,3,Severe_Damage,L3_S2,-1762,1054,14844,-230,34,-122,0,-25.89
5930,20:26:44:636,3,Severe_Damage,L3_S2,-1766,1106,14820,-208,30,-128,0,-49.89
5931,20:26:44:646,3,Severe_Damage,L3_S2,-1784,1090,14832,-187,27,-122,0,-37.89
5932,20:26:44:656,3,Severe_Damage,L3_S2,-1770,1096,14800,-178,25,-113,0,-69.89
5933,20:26:44:666,3,Severe_Damage,L3_S2,-1780,1092,14796,-156,30,-119,0,-73.89
5934,20:26:44:676,3,Severe_Damage,L3_S2,-1752,1142,14866,-141,33,-120,0,-3.89
5935,20:26:44:686,3,Severe_Damage,L3_S2,-1778,1152,14874,-131,29,-111,0,4.11
5936,20:26:44:696,3,Severe_Damage,L3_S2,-1762,1122,14860,-129,31,-117,0,-9.89
5937,20:26:44:706,3,Severe_Damage,L3_S2,-1796,1108,14832,-135,26,-112,0,-37.89
5938,20:26:44:716,3,Severe_Damage,L3_S2,-1762,1144,14850,-141,26,-113,0,-19.89
5939,20:26:44:726,3,Severe_Damage,L3_S2,-1772,1110,14930,-157,32,-113,0,60.11
5940,20:26:44:736,3,Severe_Damage,L3_S2,-1796,1156,14888,-176,29,-114,0,18.11
5941,20:26:44:746,3,Severe_Damage,L3_S2,-1762,1124,14918,-192,28,-121,0,48.11
5942,20:26:44:756,3,Severe_Damage,L3_S2,-1810,1120,14950,-205,26,-124,0,80.11
5943,20:26:44:766,3,Severe_Damage,L3_S2,-1780,1116,14890,-221,32,-123,0,20.11
5944,20:26:44:776,3,Severe_Damage,L3_S2,-1746,1132,14896,-233,30,-127,0,26.11
5945,20:26:44:786,3,Severe_Damage,L3_S2,-1770,1084,14890,-245,28,-125,0,20.11
5946,20:26:44:796,3,Severe_Damage,L3_S2,-1760,1100,14842,-247,29,-129,0,-27.89
5947,20:26:44:806,3,Severe_Damage,L3_S2,-1780,1130,14880,-246,28,-128,0,10.11
5948,20:26:44:816,3,Severe_Damage,L3_S2,-1794,1106,14854,-240,32,-124,0,-15.89
5949,20:26:44:826,3,Severe_Damage,L3_S2,-1746,1058,14822,-219,36,-129,0,-47.89
5950,20:26:44:836,3,Severe_Damage,L3_S2,-1720,1094,14798,-206,30,-127,0,-71.89
5951,20:26:44:846,3,Severe_Damage,L3_S2,-1754,1094,14792,-191,41,-119,0,-77.89
5952,20:26:44:856,3,Severe_Damage,L3_S2,-1804,1058,14834,-177,26,-123,0,-35.89
5953,20:26:44:866,3,Severe_Damage,L3_S2,-1752,1124,14816,-161,33,-121,0,-53.89
5954,20:26:44:876,3,Severe_Damage,L3_S2,-1776,1110,14844,-154,31,-119,0,-25.89
5955,20:26:44:886,3,Severe_Damage,L3_S2,-1774,1114,14850,-150,27,-112,0,-19.89
5956,20:26:44:896,3,Severe_Damage,L3_S2,-1774,1128,14894,-139,28,-112,0,24.11
5957,20:26:44:906,3,Severe_Damage,L3_S2,-1740,1110,14928,-135,34,-114,0,58.11
5958,20:26:44:916,3,Severe_Damage,L3_S2,-1814,1138,14916,-145,35,-106,0,46.11
5959,20:26:44:926,3,Severe_Damage,L3_S2,-1766,1114,14864,-155,29,-113,0,-5.89
5960,20:26:44:937,3,Severe_Damage,L3_S2,-1746,1128,14866,-181,25,-115,0,-3.89
5961,20:26:44:946,3,Severe_Damage,L3_S2,-1788,1082,14932,-194,28,-117,0,62.11
5962,20:26:44:956,3,Severe_Damage,L3_S2,-1754,1074,14870,-209,30,-125,0,0.11
5963,20:26:44:966,3,Severe_Damage,L3_S2,-1788,1094,14920,-223,27,-128,0,50.11
5964,20:26:44:976,3,Severe_Damage,L3_S2,-1772,1152,14854,-232,26,-135,0,-15.89
5965,20:26:44:986,3,Severe_Damage,L3_S2,-1746,1094,14888,-245,21,-134,0,18.11
5966,20:26:44:996,3,Severe_Damage,L3_S2,-1766,1112,14832,-241,26,-132,0,-37.89
5967,20:26:45:006,3,Severe_Damage,L3_S2,-1766,1112,14846,-242,25,-133,0,-23.89
5968,20:26:45:016,3,Severe_Damage,L3_S2,-1784,1112,14830,-230,36,-129,0,-39.89
5969,20:26:45:026,3,Severe_Damage,L3_S2,-1742,1070,14874,-222,25,-129,0,4.11
5970,20:26:45:036,3,Severe_Damage,L3_S2,-1754,1092,14796,-207,27,-120,0,-73.89
5971,20:26:45:046,3,Severe_Damage,L3_S2,-1794,1088,14804,-191,32,-122,0,-65.89
5972,20:26:45:056,3,Severe_Damage,L3_S2,-1748,1088,14832,-177,29,-120,0,-37.89
5973,20:26:45:066,3,Severe_Damage,L3_S2,-1774,1106,14868,-167,22,-109,0,-1.89
5974,20:26:45:076,3,Severe_Damage,L3_S2,-1778,1102,14842,-147,31,-129,0,-27.89
5975,20:26:45:086,3,Severe_Damage,L3_S2,-1756,1114,14870,-142,30,-119,0,0.11
5976,20:26:45:096,3,Severe_Damage,L3_S2,-1720,1100,14872,-145,31,-117,0,2.11
5977,20:26:45:106,3,Severe_Damage,L3_S2,-1762,1098,14842,-141,26,-115,0,-27.89
5978,20:26:45:116,3,Severe_Damage,L3_S2,-1804,1116,14926,-150,24,-114,0,56.11
5979,20:26:45:126,3,Severe_Damage,L3_S2,-1786,1142,14892,-161,33,-112,0,22.11
5980,20:26:45:136,3,Severe_Damage,L3_S2,-1734,1088,14882,-170,35,-118,0,12.11
5981,20:26:45:146,3,Severe_Damage,L3_S2,-1764,1146,14952,-186,31,-122,0,82.11
5982,20:26:45:156,3,Severe_Damage,L3_S2,-1764,1126,14922,-207,34,-125,0,52.11
5983,20:26:45:166,3,Severe_Damage,L3_S2,-1786,1128,14852,-220,25,-127,0,-17.89
5984,20:26:45:176,3,Severe_Damage,L3_S2,-1786,1118,14922,-227,32,-130,0,52.11
5985,20:26:45:186,3,Severe_Damage,L3_S2,-1748,1170,14886,-236,26,-128,0,16.11
5986,20:26:45:196,3,Severe_Damage,L3_S2,-1790,1142,14844,-236,31,-132,0,-25.89
5987,20:26:45:206,3,Severe_Damage,L3_S2,-1782,1116,14820,-234,40,-130,0,-49.89
5988,20:26:45:216,3,Severe_Damage,L3_S2,-1788,1040,14812,-234,29,-125,0,-57.89
5989,20:26:45:226,3,Severe_Damage,L3_S2,-1728,1100,14872,-218,29,-128,0,2.11
5990,20:26:45:236,3,Severe_Damage,L3_S2,-1772,1096,14862,-213,24,-122,0,-7.89
5991,20:26:45:246,3,Severe_Damage,L3_S2,-1792,1136,14816,-190,36,-123,0,-53.89
5992,20:26:45:256,3,Severe_Damage,L3_S2,-1784,1110,14852,-181,34,-118,0,-17.89
5993,20:26:45:266,3,Severe_Damage,L3_S2,-1772,1136,14880,-166,39,-119,0,10.11
5994,20:26:45:276,3,Severe_Damage,L3_S2,-1776,1114,14860,-161,33,-117,0,-9.89
5995,20:26:45:286,3,Severe_Damage,L3_S2,-1750,1132,14940,-146,41,-119,0,70.11
5996,20:26:45:296,3,Severe_Damage,L3_S2,-1786,1146,14940,-148,35,-125,0,70.11
5997,20:26:45:306,3,Severe_Damage,L3_S2,-1808,1136,14914,-140,32,-120,0,44.11
5998,20:26:45:316,3,Severe_Damage,L3_S2,-1766,1124,14898,-150,22,-115,0,28.11
5999,20:26:45:326,3,Severe_Damage,L3_S2,-1794,1148,14850,-161,33,-116,0,-19.89
6000,20:26:45:336,3,Severe_Damage,L3_S2,-1782,1112,14936,-177,28,-117,0,66.11
6001,20:26:45:346,3,Severe_Damage,L3_S2,-1798,1120,14928,-184,33,-112,0,58.11
6002,20:26:45:356,3,Severe_Damage,L3_S2,-1770,1122,14826,-199,26,-114,0,-43.89
6003,20:26:45:366,3,Severe_Damage,L3_S2,-1750,1038,14912,-216,25,-127,0,42.11
6004,20:26:45:376,3,Severe_Damage,L3_S2,-1798,1088,14828,-230,33,-132,0,-41.89
6005,20:26:45:386,3,Severe_Damage,L3_S2,-1752,1096,14852,-233,26,-130,0,-17.89
6006,20:26:45:396,3,Severe_Damage,L3_S2,-1776,1144,14896,-236,30,-126,0,26.11
6007,20:26:45:406,3,Severe_Damage,L3_S2,-1762,1096,14882,-236,25,-118,0,12.11
6008,20:26:45:416,3,Severe_Damage,L3_S2,-1734,1120,14846,-226,28,-123,0,-23.89
6009,20:26:45:426,3,Severe_Damage,L3_S2,-1750,1126,14842,-221,35,-131,0,-27.89
6010,20:26:45:436,3,Severe_Damage,L3_S2,-1788,1074,14852,-203,18,-123,0,-17.89
6011,20:26:45:446,3,Severe_Damage,L3_S2,-1730,1154,14886,-194,44,-126,0,16.11
6012,20:26:45:456,3,Severe_Damage,L3_S2,-1826,1128,14780,-181,11,-114,0,-89.89
6013,20:26:45:466,3,Severe_Damage,L3_S2,-1698,1114,14900,-164,40,-130,0,30.11
6014,20:26:45:476,3,Severe_Damage,L3_S2,-1812,1186,14836,-162,19,-117,0,-33.89
6015,20:26:45:487,3,Severe_Damage,L3_S2,-1750,1060,14906,-155,36,-118,0,36.11
6016,20:26:45:496,3,Severe_Damage,L3_S2,-1720,1094,14850,-154,35,-117,0,-19.89
6017,20:26:45:506,3,Severe_Damage,L3_S2,-1890,1116,14840,-152,18,-105,0,-29.89
6018,20:26:45:516,3,Severe_Damage,L3_S2,-1754,1104,14922,-151,49,-124,0,52.11
6019,20:26:45:526,3,Severe_Damage,L3_S2,-1830,1094,14902,-173,13,-103,0,32.11
6020,20:26:45:537,3,Severe_Damage,L3_S2,-1738,1152,14914,-168,47,-116,0,44.11
6021,20:26:45:547,3,Severe_Damage,L3_S2,-1736,1122,15000,-186,23,-119,0,130.11
6022,20:26:45:556,3,Severe_Damage,L3_S2,-1846,1102,14876,-202,25,-124,0,6.11
6023,20:26:45:566,3,Severe_Damage,L3_S2,-1786,1124,14952,-209,44,-139,0,82.11
6024,20:26:45:576,3,Severe_Damage,L3_S2,-1824,1140,14874,-224,5,-120,0,4.11
6025,20:26:45:587,3,Severe_Damage,L3_S2,-1786,1122,14832,-227,42,-135,0,-37.89
6026,20:26:45:596,3,Severe_Damage,L3_S2,-1794,1112,14868,-230,17,-126,0,-1.89
6027,20:26:45:606,3,Severe_Damage,L3_S2,-1794,1102,14814,-230,24,-122,0,-55.89
6028,20:26:45:616,3,Severe_Damage,L3_S2,-1714,1116,14814,-225,39,-131,0,-55.89
6029,20:26:45:626,3,Severe_Damage,L3_S2,-1830,1146,14818,-220,3,-116,0,-51.89
6030,20:26:45:636,3,Severe_Damage,L3_S2,-1724,1094,14862,-207,42,-133,0,-7.89
6031,20:26:45:646,3,Severe_Damage,L3_S2,-1780,1124,14808,-196,15,-120,0,-61.89
6032,20:26:45:656,3,Severe_Damage,L3_S2,-1838,1120,14852,-187,32,-122,0,-17.89
6033,20:26:45:667,3,Severe_Damage,L3_S2,-1748,1050,14872,-166,31,-123,0,2.11
6034,20:26:45:676,3,Severe_Damage,L3_S2,-1798,1120,14852,-165,19,-121,0,-17.89
6035,20:26:45:687,3,Severe_Damage,L3_S2,-1772,1138,14854,-151,47,-126,0,-15.89
6036,20:26:45:696,3,Severe_Damage,L3_S2,-1744,1100,14838,-158,16,-116,0,-31.89
6037,20:26:45:706,3,Severe_Damage,L3_S2,-1742,1138,14856,-153,41,-119,0,-13.89
6038,20:26:45:716,3,Severe_Damage,L3_S2,-1840,1096,14870,-160,33,-111,0,0.11
6039,20:26:45:726,3,Severe_Damage,L3_S2,-1780,1112,14852,-161,28,-113,0,-17.89
6040,20:26:45:736,3,Severe_Damage,L3_S2,-1754,1144,14884,-176,42,-125,0,14.11
6041,20:26:45:746,3,Severe_Damage,L3_S2,-1816,1106,14876,-181,20,-119,0,6.11
6042,20:26:45:756,3,Severe_Damage,L3_S2,-1752,1116,14928,-201,33,-124,0,58.11
6043,20:26:45:766,3,Severe_Damage,L3_S2,-1776,1080,14874,-202,19,-121,0,4.11
6044,20:26:45:776,3,Severe_Damage,L3_S2,-1712,1062,14880,-215,30,-130,0,10.11
6045,20:26:45:786,3,Severe_Damage,L3_S2,-1750,1108,14890,-222,38,-125,0,20.11
6046,20:26:45:796,3,Severe_Damage,L3_S2,-1778,1066,14926,-228,17,-121,0,56.11
6047,20:26:45:807,3,Severe_Damage,L3_S2,-1750,1106,14916,-223,42,-130,0,46.11
6048,20:26:45:817,3,Severe_Damage,L3_S2,-1788,1108,14792,-225,20,-117,0,-77.89
6049,20:26:45:827,3,Severe_Damage,L3_S2,-1748,1088,14860,-213,45,-122,0,-9.89
6050,20:26:45:837,3,Severe_Damage,L3_S2,-1762,1068,14854,-198,31,-127,0,-15.89
6051,20:26:45:847,3,Severe_Damage,L3_S2,-1738,1126,14808,-182,36,-123,0,-61.89
6052,20:26:45:857,3,Severe_Damage,L3_S2,-1818,1120,14870,-175,18,-111,0,0.11
6053,20:26:45:867,3,Severe_Damage,L3_S2,-1766,1124,14862,-163,42,-117,0,-7.89
6054,20:26:45:877,3,Severe_Damage,L3_S2,-1744,1152,14826,-160,24,-112,0,-43.89
6055,20:26:45:887,3,Severe_Damage,L3_S2,-1778,1104,14860,-161,34,-114,0,-9.89
6056,20:26:45:897,3,Severe_Damage,L3_S2,-1744,1134,14872,-163,34,-116,0,2.11
6057,20:26:45:907,3,Severe_Damage,L3_S2,-1798,1118,14928,-154,19,-119,0,58.11
6058,20:26:45:916,3,Severe_Damage,L3_S2,-1772,1098,14852,-171,38,-125,0,-17.89
6059,20:26:45:926,3,Severe_Damage,L3_S2,-1788,1086,14840,-176,23,-118,0,-29.89
6060,20:26:45:937,3,Severe_Damage,L3_S2,-1710,1104,14898,-191,35,-123,0,28.11
6061,20:26:45:947,3,Severe_Damage,L3_S2,-1808,1120,14906,-199,32,-127,0,36.11
6062,20:26:45:957,3,Severe_Damage,L3_S2,-1792,1112,14870,-214,18,-124,0,0.11
6063,20:26:45:967,3,Severe_Damage,L3_S2,-1746,1162,14856,-209,38,-128,0,-13.89
6064,20:26:45:977,3,Severe_Damage,L3_S2,-1768,1110,14874,-228,15,-127,0,4.11
6065,20:26:45:987,3,Severe_Damage,L3_S2,-1736,1106,14858,-221,37,-132,0,-11.89
6066,20:26:45:997,3,Severe_Damage,L3_S2,-1758,1098,14730,-221,26,-124,0,-139.89
6067,20:26:46:007,3,Severe_Damage,L3_S2,-1774,1092,14822,-212,36,-125,0,-47.89
6068,20:26:46:017,3,Severe_Damage,L3_S2,-1762,1092,14784,-209,31,-122,0,-85.89
6069,20:26:46:027,3,Severe_Damage,L3_S2,-1806,1150,14846,-206,20,-123,0,-23.89
6070,20:26:46:037,3,Severe_Damage,L3_S2,-1740,1124,14852,-193,42,-126,0,-17.89
6071,20:26:46:047,3,Severe_Damage,L3_S2,-1778,1106,14832,-187,29,-127,0,-37.89
6072,20:26:46:057,3,Severe_Damage,L3_S2,-1776,1104,14860,-177,35,-125,0,-9.89
6073,20:26:46:067,3,Severe_Damage,L3_S2,-1790,1108,14842,-169,32,-112,0,-27.89
6074,20:26:46:077,3,Severe_Damage,L3_S2,-1816,1090,14770,-161,33,-112,0,-99.89
6075,20:26:46:087,3,Severe_Damage,L3_S2,-1792,1086,14868,-166,33,-120,0,-1.89
6076,20:26:46:097,3,Severe_Damage,L3_S2,-1760,1152,14884,-164,22,-113,0,14.11
6077,20:26:46:107,3,Severe_Damage,L3_S2,-1748,1142,14908,-166,40,-113,0,38.11
6078,20:26:46:117,3,Severe_Damage,L3_S2,-1798,1134,14952,-176,19,-116,0,82.11
6079,20:26:46:127,3,Severe_Damage,L3_S2,-1718,1136,14890,-175,30,-124,0,20.11
6080,20:26:46:137,3,Severe_Damage,L3_S2,-1774,1146,14858,-187,30,-124,0,-11.89
6081,20:26:46:147,3,Severe_Damage,L3_S2,-1774,1088,14892,-194,18,-122,0,22.11
6082,20:26:46:157,3,Severe_Damage,L3_S2,-1758,1120,14912,-205,31,-131,0,42.11
6083,20:26:46:167,3,Severe_Damage,L3_S2,-1796,1118,14854,-212,18,-126,0,-15.89
6084,20:26:46:177,3,Severe_Damage,L3_S2,-1762,1058,14916,-219,42,-128,0,46.11
6085,20:26:46:187,3,Severe_Damage,L3_S2,-1762,1088,14934,-217,34,-122,0,64.11
6086,20:26:46:197,3,Severe_Damage,L3_S2,-1780,1102,14818,-216,33,-128,0,-51.89
6087,20:26:46:207,3,Severe_Damage,L3_S2,-1776,1068,14858,-224,34,-130,0,-11.89
6088,20:26:46:217,3,Severe_Damage,L3_S2,-1792,1092,14856,-213,26,-126,0,-13.89
6089,20:26:46:227,3,Severe_Damage,L3_S2,-1740,1122,14854,-206,32,-130,0,-15.89
6090,20:26:46:237,3,Severe_Damage,L3_S2,-1820,1152,14792,-197,26,-123,0,-77.89
6091,20:26:46:247,3,Severe_Damage,L3_S2,-1772,1082,14896,-194,21,-119,0,26.11
6092,20:26:46:257,3,Severe_Damage,L3_S2,-1770,1108,14812,-178,32,-117,0,-57.89
6093,20:26:46:267,3,Severe_Damage,L3_S2,-1792,1108,14820,-170,21,-120,0,-49.89
6094,20:26:46:277,3,Severe_Damage,L3_S2,-1712,1124,14848,-160,39,-123,0,-21.89
6095,20:26:46:287,3,Severe_Damage,L3_S2,-1776,1120,14876,-163,20,-115,0,6.11
6096,20:26:46:297,3,Severe_Damage,L3_S2,-1784,1124,14872,-160,38,-124,0,2.11
6097,20:26:46:307,3,Severe_Damage,L3_S2,-1782,1138,14836,-163,26,-115,0,-33.89
6098,20:26:46:317,3,Severe_Damage,L3_S2,-1772,1096,14924,-177,25,-121,0,54.11
6099,20:26:46:327,3,Severe_Damage,L3_S2,-1808,1154,14802,-173,36,-119,0,-67.89
6100,20:26:46:337,3,Severe_Damage,L3_S2,-1794,1122,14922,-191,20,-124,0,52.11
6101,20:26:46:347,3,Severe_Damage,L3_S2,-1760,1124,14884,-195,36,-126,0,14.11
6102,20:26:46:357,3,Severe_Damage,L3_S2,-1748,1120,14902,-204,21,-121,0,32.11
6103,20:26:46:367,3,Severe_Damage,L3_S2,-1786,1068,14916,-207,32,-121,0,46.11
6104,20:26:46:377,3,Severe_Damage,L3_S2,-1770,1092,14922,-216,23,-130,0,52.11
6105,20:26:46:387,3,Severe_Damage,L3_S2,-1844,1084,14854,-212,19,-122,0,-15.89
6106,20:26:46:397,3,Severe_Damage,L3_S2,-1762,1094,14892,-224,28,-134,0,22.11
6107,20:26:46:407,3,Severe_Damage,L3_S2,-1808,1110,14918,-219,21,-128,0,48.11
6108,20:26:46:417,3,Severe_Damage,L3_S2,-1770,1096,14846,-213,25,-125,0,-23.89
6109,20:26:46:427,3,Severe_Damage,L3_S2,-1756,1076,14786,-207,27,-124,0,-83.89
6110,20:26:46:437,3,Severe_Damage,L3_S2,-1758,1100,14798,-197,29,-124,0,-71.89
6111,20:26:46:447,3,Severe_Damage,L3_S2,-1766,1150,14884,-184,35,-124,0,14.11
6112,20:26:46:457,3,Severe_Damage,L3_S2,-1818,1098,14840,-182,28,-118,0,-29.89
6113,20:26:46:468,3,Severe_Damage,L3_S2,-1746,1104,14888,-172,40,-126,0,18.11
6114,20:26:46:477,3,Severe_Damage,L3_S2,-1792,1086,14860,-167,29,-119,0,-9.89
6115,20:26:46:487,3,Severe_Damage,L3_S2,-1734,1124,14856,-162,34,-118,0,-13.89
6116,20:26:46:497,3,Severe_Damage,L3_S2,-1746,1120,14898,-165,35,-117,0,28.11
6117,20:26:46:507,3,Severe_Damage,L3_S2,-1784,1142,14838,-171,29,-119,0,-31.89
6118,20:26:46:517,3,Severe_Damage,L3_S2,-1780,1150,14918,-171,34,-127,0,48.11
6119,20:26:46:527,3,Severe_Damage,L3_S2,-1828,1120,14930,-177,28,-122,0,60.11
6120,20:26:46:537,3,Severe_Damage,L3_S2,-1750,1138,14934,-181,36,-120,0,64.11
6121,20:26:46:547,3,Severe_Damage,L3_S2,-1816,1120,14908,-192,29,-118,0,38.11
6122,20:26:46:557,3,Severe_Damage,L3_S2,-1790,1108,14990,-198,36,-121,0,120.11
6123,20:26:46:567,3,Severe_Damage,L3_S2,-1756,1106,14814,-200,40,-128,0,-55.89
6124,20:26:46:577,3,Severe_Damage,L3_S2,-1826,1094,14818,-212,27,-123,0,-51.89
6125,20:26:46:587,3,Severe_Damage,L3_S2,-1694,1092,14854,-216,34,-131,0,-15.89
6126,20:26:46:597,3,Severe_Damage,L3_S2,-1780,1106,14786,-216,18,-125,0,-83.89
6127,20:26:46:607,3,Severe_Damage,L3_S2,-1724,1084,14868,-213,31,-132,0,-1.89
6128,20:26:46:617,3,Severe_Damage,L3_S2,-1738,1122,14864,-213,24,-127,0,-5.89
6129,20:26:46:627,3,Severe_Damage,L3_S2,-1784,1066,14830,-209,24,-127,0,-39.89
6130,20:26:46:637,3,Severe_Damage,L3_S2,-1806,1096,14900,-196,35,-121,0,30.11
6131,20:26:46:647,3,Severe_Damage,L3_S2,-1788,1100,14852,-189,23,-118,0,-17.89
6132,20:26:46:657,3,Severe_Damage,L3_S2,-1738,1136,14848,-174,34,-120,0,-21.89
6133,20:26:46:667,3,Severe_Damage,L3_S2,-1758,1070,14788,-175,26,-122,0,-81.89
6134,20:26:46:677,3,Severe_Damage,L3_S2,-1778,1098,14882,-171,31,-119,0,12.11
6135,20:26:46:687,3,Severe_Damage,L3_S2,-1772,1098,14814,-166,34,-116,0,-55.89
6136,20:26:46:697,3,Severe_Damage,L3_S2,-1754,1118,14884,-167,21,-117,0,14.11
6137,20:26:46:707,3,Severe_Damage,L3_S2,-1812,1110,14838,-167,31,-119,0,-31.89
6138,20:26:46:717,3,Severe_Damage,L3_S2,-1796,1112,14912,-174,24,-115,0,42.11
6139,20:26:46:727,3,Severe_Damage,L3_S2,-1758,1120,14854,-181,31,-125,0,-15.89
6140,20:26:46:737,3,Severe_Damage,L3_S2,-1800,1140,14912,-192,33,-120,0,42.11
6141,20:26:46:747,3,Severe_Damage,L3_S2,-1780,1122,14878,-200,21,-122,0,8.11
6142,20:26:46:757,3,Severe_Damage,L3_S2,-1802,1134,14936,-208,28,-120,0,66.11
6143,20:26:46:767,3,Severe_Damage,L3_S2,-1764,1106,14856,-209,26,-121,0,-13.89
6144,20:26:46:777,3,Severe_Damage,L3_S2,-1784,1112,14902,-208,38,-120,0,32.11
6145,20:26:46:787,3,Severe_Damage,L3_S2,-1800,1090,14868,-214,26,-123,0,-1.89
6146,20:26:46:797,3,Severe_Damage,L3_S2,-1796,1114,14876,-211,36,-126,0,6.11
6147,20:26:46:807,3,Severe_Damage,L3_S2,-1790,1126,14862,-212,29,-126,0,-7.89
6148,20:26:46:817,3,Severe_Damage,L3_S2,-1754,1154,14878,-205,26,-132,0,8.11
6149,20:26:46:827,3,Severe_Damage,L3_S2,-1740,1088,14796,-203,25,-124,0,-73.89
6150,20:26:46:837,3,Severe_Damage,L3_S2,-1756,1132,14816,-191,34,-117,0,-53.89
6151,20:26:46:847,3,Severe_Damage,L3_S2,-1746,1098,14796,-182,32,-127,0,-73.89
6152,20:26:46:857,3,Severe_Damage,L3_S2,-1780,1152,14802,-179,23,-122,0,-67.89
6153,20:26:46:867,3,Severe_Damage,L3_S2,-1798,1108,14814,-174,31,-123,0,-55.89
6154,20:26:46:877,3,Severe_Damage,L3_S2,-1744,1128,14884,-169,27,-120,0,14.11
6155,20:26:46:887,3,Severe_Damage,L3_S2,-1782,1088,14892,-166,25,-120,0,22.11
6156,20:26:46:897,3,Severe_Damage,L3_S2,-1764,1126,14898,-175,29,-127,0,28.11
6157,20:26:46:907,3,Severe_Damage,L3_S2,-1802,1124,14912,-172,28,-116,0,42.11
6158,20:26:46:917,3,Severe_Damage,L3_S2,-1782,1118,14908,-177,37,-116,0,38.11
6159,20:26:46:927,3,Severe_Damage,L3_S2,-1768,1104,14840,-180,34,-122,0,-29.89
6160,20:26:46:937,3,Severe_Damage,L3_S2,-1784,1080,14938,-189,31,-123,0,68.11
6161,20:26:46:947,3,Severe_Damage,L3_S2,-1770,1112,14940,-183,29,-124,0,70.11
6162,20:26:46:957,3,Severe_Damage,L3_S2,-1784,1114,14892,-201,19,-119,0,22.11
6163,20:26:46:967,3,Severe_Damage,L3_S2,-1788,1118,14902,-199,29,-128,0,32.11
6164,20:26:46:977,3,Severe_Damage,L3_S2,-1788,1146,14890,-214,25,-131,0,20.11
6165,20:26:46:987,3,Severe_Damage,L3_S2,-1796,1114,14896,-211,28,-130,0,26.11
6166,20:26:46:997,3,Severe_Damage,L3_S2,-1746,1100,14860,-212,24,-130,0,-9.89
6167,20:26:47:007,3,Severe_Damage,L3_S2,-1748,1104,14854,-208,19,-132,0,-15.89
6168,20:26:47:017,3,Severe_Damage,L3_S2,-1768,1090,14900,-213,32,-123,0,30.11
6169,20:26:47:027,3,Severe_Damage,L3_S2,-1744,1094,14858,-204,29,-124,0,-11.89
6170,20:26:47:037,3,Severe_Damage,L3_S2,-1800,1096,14894,-193,28,-113,0,24.11
6171,20:26:47:047,3,Severe_Damage,L3_S2,-1778,1108,14886,-186,35,-118,0,16.11
6172,20:26:47:057,3,Severe_Damage,L3_S2,-1736,1136,14812,-184,29,-123,0,-57.89
6173,20:26:47:067,3,Severe_Damage,L3_S2,-1776,1050,14888,-180,30,-117,0,18.11
6174,20:26:47:077,3,Severe_Damage,L3_S2,-1734,1072,14940,-176,35,-114,0,70.11
6175,20:26:47:087,3,Severe_Damage,L3_S2,-1786,1094,14918,-171,33,-119,0,48.11
6176,20:26:47:097,3,Severe_Damage,L3_S2,-1788,1098,14938,-164,30,-127,0,68.11
6177,20:26:47:107,3,Severe_Damage,L3_S2,-1758,1084,14896,-176,31,-119,0,26.11
6178,20:26:47:117,3,Severe_Damage,L3_S2,-1752,1134,14922,-181,23,-113,0,52.11
6179,20:26:47:127,3,Severe_Damage,L3_S2,-1784,1108,14916,-179,28,-114,0,46.11
6180,20:26:47:137,3,Severe_Damage,L3_S2,-1740,1126,14838,-186,28,-116,0,-31.89
6181,20:26:47:147,3,Severe_Damage,L3_S2,-1774,1128,14830,-197,26,-117,0,-39.89
6182,20:26:47:157,3,Severe_Damage,L3_S2,-1688,1134,14824,-198,30,-117,0,-45.89
6183,20:26:47:167,3,Severe_Damage,L3_S2,-1818,1156,14864,-210,32,-117,0,-5.89
6184,20:26:47:177,3,Severe_Damage,L3_S2,-1732,1114,14908,-208,33,-123,0,38.11
6185,20:26:47:187,3,Severe_Damage,L3_S2,-1782,1138,14882,-209,27,-126,0,12.11
6186,20:26:47:197,3,Severe_Damage,L3_S2,-1818,1086,14846,-212,35,-123,0,-23.89
6187,20:26:47:207,3,Severe_Damage,L3_S2,-1792,1062,14882,-211,28,-129,0,12.11
6188,20:26:47:217,3,Severe_Damage,L3_S2,-1714,1030,14854,-208,28,-126,0,-15.89
6189,20:26:47:227,3,Severe_Damage,L3_S2,-1764,1120,14844,-202,22,-124,0,-25.89
6190,20:26:47:237,3,Severe_Damage,L3_S2,-1742,1096,14792,-198,27,-128,0,-77.89
6191,20:26:47:247,3,Severe_Damage,L3_S2,-1772,1156,14782,-192,23,-119,0,-87.89
6192,20:26:47:257,3,Severe_Damage,L3_S2,-1704,1120,14822,-182,26,-115,0,-47.89
6193,20:26:47:267,3,Severe_Damage,L3_S2,-1746,1140,14842,-181,24,-114,0,-27.89
6194,20:26:47:277,3,Severe_Damage,L3_S2,-1788,1104,14900,-184,30,-119,0,30.11
6195,20:26:47:287,3,Severe_Damage,L3_S2,-1792,1078,14852,-175,25,-117,0,-17.89
6196,20:26:47:297,3,Severe_Damage,L3_S2,-1792,1094,14882,-176,30,-114,0,12.11
6197,20:26:47:307,3,Severe_Damage,L3_S2,-1792,1086,14802,-180,20,-117,0,-67.89
6198,20:26:47:317,3,Severe_Damage,L3_S2,-1782,1134,14874,-185,27,-123,0,4.11
6199,20:26:47:327,3,Severe_Damage,L3_S2,-1790,1118,14834,-178,25,-121,0,-35.89
6200,20:26:47:337,3,Severe_Damage,L3_S2,-1754,1160,14892,-190,32,-124,0,22.11
6201,20:26:47:347,3,Severe_Damage,L3_S2,-1778,1110,14926,-195,30,-121,0,56.11
6202,20:26:47:357,3,Severe_Damage,L3_S2,-1814,1074,14896,-200,26,-125,0,26.11
6203,20:26:47:367,3,Severe_Damage,L3_S2,-1730,1128,14872,-197,29,-125,0,2.11
6204,20:26:47:377,3,Severe_Damage,L3_S2,-1768,1130,14908,-208,25,-126,0,38.11
6205,20:26:47:387,3,Severe_Damage,L3_S2,-1790,1126,14852,-202,31,-123,0,-17.89
6206,20:26:47:397,3,Severe_Damage,L3_S2,-1770,1090,14868,-208,23,-123,0,-1.89
6207,20:26:47:407,3,Severe_Damage,L3_S2,-1788,1076,14808,-204,32,-127,0,-61.89
6208,20:26:47:417,3,Severe_Damage,L3_S2,-1798,1134,14874,-207,26,-127,0,4.11
6209,20:26:47:427,3,Severe_Damage,L3_S2,-1800,1132,14860,-203,34,-122,0,-9.89
6210,20:26:47:437,3,Severe_Damage,L3_S2,-1784,1082,14838,-197,31,-120,0,-31.89
6211,20:26:47:447,3,Severe_Damage,L3_S2,-1782,1078,14862,-192,26,-115,0,-7.89
6212,20:26:47:457,3,Severe_Damage,L3_S2,-1748,1082,14872,-191,27,-121,0,2.11
6213,20:26:47:467,3,Severe_Damage,L3_S2,-1780,1106,14898,-188,36,-117,0,28.11
6214,20:26:47:477,3,Severe_Damage,L3_S2,-1758,1106,14840,-184,33,-114,0,-29.89
6215,20:26:47:487,3,Severe_Damage,L3_S2,-1762,1142,14868,-176,34,-116,0,-1.89
6216,20:26:47:497,3,Severe_Damage,L3_S2,-1756,1108,14948,-175,31,-122,0,78.11
6217,20:26:47:507,3,Severe_Damage,L3_S2,-1790,1090,14898,-179,22,-124,0,28.11
6218,20:26:47:517,3,Severe_Damage,L3_S2,-1776,1132,14932,-179,34,-121,0,62.11
6219,20:26:47:527,3,Severe_Damage,L3_S2,-1742,1074,14830,-180,27,-120,0,-39.89
6220,20:26:47:537,3,Severe_Damage,L3_S2,-1762,1106,14912,-182,26,-122,0,42.11
6221,20:26:47:547,3,Severe_Damage,L3_S2,-1746,1148,14854,-193,26,-124,0,-15.89
6222,20:26:47:557,3,Severe_Damage,L3_S2,-1786,1118,14912,-196,28,-123,0,42.11
6223,20:26:47:567,3,Severe_Damage,L3_S2,-1764,1122,14912,-201,29,-128,0,42.11
6224,20:26:47:577,3,Severe_Damage,L3_S2,-1786,1120,14840,-205,29,-119,0,-29.89
6225,20:26:47:587,3,Severe_Damage,L3_S2,-1764,1102,14872,-206,29,-127,0,2.11
6226,20:26:47:597,3,Severe_Damage,L3_S2,-1816,1144,14900,-202,26,-121,0,30.11
6227,20:26:47:607,3,Severe_Damage,L3_S2,-1772,1114,14880,-207,26,-126,0,10.11
6228,20:26:47:617,3,Severe_Damage,L3_S2,-1726,1110,14846,-203,25,-128,0,-23.89
6229,20:26:47:627,3,Severe_Damage,L3_S2,-1822,1126,14822,-203,28,-122,0,-47.89
6230,20:26:47:637,3,Severe_Damage,L3_S2,-1744,1100,14808,-192,36,-124,0,-61.89
6231,20:26:47:647,3,Severe_Damage,L3_S2,-1770,1126,14916,-193,24,-120,0,46.11
6232,20:26:47:657,3,Severe_Damage,L3_S2,-1792,1122,14840,-186,29,-117,0,-29.89
6233,20:26:47:667,3,Severe_Damage,L3_S2,-1760,1076,14926,-187,25,-118,0,56.11
6234,20:26:47:677,3,Severe_Damage,L3_S2,-1770,1116,14816,-181,27,-127,0,-53.89
6235,20:26:47:687,3,Severe_Damage,L3_S2,-1824,1138,14904,-182,34,-123,0,34.11
6236,20:26:47:697,3,Severe_Damage,L3_S2,-1828,1114,14884,-176,34,-121,0,14.11
6237,20:26:47:707,3,Severe_Damage,L3_S2,-1804,1136,14850,-175,29,-123,0,-19.89
6238,20:26:47:717,3,Severe_Damage,L3_S2,-1804,1072,14898,-178,21,-118,0,28.11
6239,20:26:47:727,3,Severe_Damage,L3_S2,-1786,1112,14850,-182,23,-122,0,-19.89
6240,20:26:47:737,3,Severe_Damage,L3_S2,-1754,1080,14862,-187,30,-126,0,-7.89
6241,20:26:47:747,3,Severe_Damage,L3_S2,-1782,1108,14862,-193,26,-125,0,-7.89
6242,20:26:47:757,3,Severe_Damage,L3_S2,-1778,1136,14932,-195,32,-123,0,62.11
6243,20:26:47:767,3,Severe_Damage,L3_S2,-1764,1162,14558,-131,39,-114,0,-311.89
6244,20:26:47:777,3,Severe_Damage,L3_S2,-1732,1078,14878,-168,17,-120,0,8.11
6245,20:26:47:787,3,Severe_Damage,L3_S2,-1828,1192,14852,-67,46,-104,0,-17.89
6246,20:26:47:797,3,Severe_Damage,L3_S2,-1764,1070,14956,-134,20,-118,0,86.11
6247,20:26:47:807,3,Severe_Damage,L3_S2,-1812,1134,14914,-100,45,-110,0,44.11
6248,20:26:47:817,3,Severe_Damage,L3_S2,-1792,1134,14930,-167,26,-119,0,60.11
6249,20:26:47:827,3,Severe_Damage,L3_S2,-1766,1140,15024,-181,35,-112,0,154.11
6250,20:26:47:837,3,Severe_Damage,L3_S2,-1820,1162,15008,-225,33,-125,0,138.11
6251,20:26:47:847,3,Severe_Damage,L3_S2,-1758,1162,14922,-253,19,-132,0,52.11
6252,20:26:47:857,3,Severe_Damage,L3_S2,-1790,1174,14904,-273,38,-139,0,34.11
6253,20:26:47:867,3,Severe_Damage,L3_S2,-1864,1098,14794,-295,22,-137,0,-75.89
6254,20:26:47:877,3,Severe_Damage,L3_S2,-1654,1074,14782,-281,25,-143,0,-87.89
6255,20:26:47:887,3,Severe_Damage,L3_S2,-1794,1144,14712,-232,70,-121,0,-157.89
6256,20:26:47:897,3,Severe_Damage,L3_S2,-1794,1052,14852,-210,17,-125,1,-17.89
6257,20:26:47:908,3,Severe_Damage,L3_S2,14128,5424,-3344,3724,-5540,675,1,-18213.89
6258,20:26:47:918,3,Severe_Damage,L3_S2,6330,8892,-6242,11593,-1900,2237,1,-21111.89
6259,20:26:47:928,3,Severe_Damage,L3_S2,13998,-10354,32767,4822,8455,-103,1,17897.11
6260,20:26:47:938,3,Severe_Damage,L3_S2,-10702,15490,6318,17334,-1946,3728,1,-8551.89
6261,20:26:47:947,3,Severe_Damage,L3_S2,5302,-3756,32767,3668,1632,-789,1,17897.11
6262,20:26:47:958,3,Severe_Damage,L3_S2,-7542,7192,21544,7021,2311,1180,1,6674.11
6263,20:26:47:968,3,Severe_Damage,L3_S2,-5886,4302,24984,-1850,-4045,413,1,10114.11
6264,20:26:47:978,3,Severe_Damage,L3_S2,-2536,1380,30816,-3327,4646,-1492,1,15946.11
6265,20:26:47:988,3,Severe_Damage,L3_S2,-4246,6096,18166,-7925,-3683,-521,1,3296.11
6266,20:26:47:998,3,Severe_Damage,L3_S2,-1892,856,23548,-11594,1072,-2198,1,8678.11
6267,20:26:48:008,3,Severe_Damage,L3_S2,-2486,4110,15712,-11784,851,-2145,1,842.11
6268,20:26:48:018,3,Severe_Damage,L3_S2,-1856,-514,13640,-15138,-3123,-1906,1,-1229.89
6269,20:26:48:028,3,Severe_Damage,L3_S2,-230,2802,9830,-12106,2919,-2645,0,-5039.89
6270,20:26:48:038,3,Severe_Damage,L3_S2,-1942,-2166,8672,-13155,-3487,-1555,1,-6197.89
6271,20:26:48:048,3,Severe_Damage,L3_S2,1022,1176,3464,-8257,2272,-1834,1,-11405.89
6272,20:26:48:058,3,Severe_Damage,L3_S2,-76,-2406,4806,-6958,-2040,-929,1,-10063.89
6273,20:26:48:067,3,Severe_Damage,L3_S2,-1464,-586,2438,-1579,996,-345,1,-12431.89
6274,20:26:48:077,3,Severe_Damage,L3_S2,2880,-1060,4348,1532,-346,-36,1,-10521.89
6275,20:26:48:087,3,Severe_Damage,L3_S2,-4360,-916,5314,5573,132,1164,1,-9555.89
6276,20:26:48:097,3,Severe_Damage,L3_S2,3492,640,8526,8980,883,848,1,-6343.89
6277,20:26:48:108,3,Severe_Damage,L3_S2,-4832,206,11046,10826,-708,2109,1,-3823.89
6278,20:26:48:117,3,Severe_Damage,L3_S2,374,2164,14980,12723,1719,1490,1,110.11
6279,20:26:48:128,3,Severe_Damage,L3_S2,-3292,1824,18414,12126,-353,2059,1,3544.11
6280,20:26:48:138,3,Severe_Damage,L3_S2,-3340,3228,20554,11576,168,1787,1,5684.11
6281,20:26:48:148,3,Severe_Damage,L3_S2,-1036,2976,24768,9076,1465,1008,1,9898.11
6282,20:26:48:158,3,Severe_Damage,L3_S2,-5796,3686,24160,6240,-1351,1370,1,9290.11
6283,20:26:48:168,3,Severe_Damage,L3_S2,-1832,3492,26678,2544,1505,-93,1,11808.11
6284,20:26:48:178,3,Severe_Damage,L3_S2,-3930,3650,25186,-1102,-296,-125,1,10316.11
6285,20:26:48:188,3,Severe_Damage,L3_S2,-4040,3228,23768,-4986,-854,-726,1,8898.11
6286,20:26:48:198,3,Severe_Damage,L3_S2,-1050,3086,22230,-7883,1242,-1702,1,7360.11
6287,20:26:48:208,3,Severe_Damage,L3_S2,-4516,2198,18342,-10660,-1694,-1384,1,3472.11
6288,20:26:48:218,3,Severe_Damage,L3_S2,-318,1816,16154,-11902,575,-2253,1,1284.11
6289,20:26:48:228,3,Severe_Damage,L3_S2,-2042,1142,12190,-12329,-676,-1911,1,-2679.89
6290,20:26:48:238,3,Severe_Damage,L3_S2,-1470,210,9330,-11637,-591,-1878,0,-5539.89
6291,20:26:48:248,3,Severe_Damage,L3_S2,1164,-82,7056,-9648,73,-1784,1,-7813.89
6292,20:26:48:258,3,Severe_Damage,L3_S2,-2796,-926,4696,-7165,-739,-943,0,-10173.89
6293,20:26:48:267,3,Severe_Damage,L3_S2,2536,-804,4784,-3621,419,-963,1,-10085.89
6294,20:26:48:278,3,Severe_Damage,L3_S2,-2364,-1100,4114,-244,-588,160,1,-10755.89
6295,20:26:48:288,3,Severe_Damage,L3_S2,1150,-578,5896,3520,779,221,1,-8973.89
6296,20:26:48:298,3,Severe_Damage,L3_S2,-1302,-136,7410,6622,-289,1087,0,-7459.89
6297,20:26:48:307,3,Severe_Damage,L3_S2,-1260,408,10308,9150,551,1330,0,-4561.89
6298,20:26:48:318,3,Severe_Damage,L3_S2,-648,1292,13448,10902,625,1505,1,-1421.89
6299,20:26:48:328,3,Severe_Damage,L3_S2,-3336,1730,16146,11265,-327,1906,0,1276.11
6300,20:26:48:338,3,Severe_Damage,L3_S2,-1026,2578,19780,11043,1292,1377,1,4910.11
6301,20:26:48:348,3,Severe_Damage,L3_S2,-3988,2734,21702,9289,-419,1597,1,6832.11
6302,20:26:48:357,3,Severe_Damage,L3_S2,-2758,3314,23686,7046,571,917,0,8816.11
6303,20:26:48:367,3,Severe_Damage,L3_S2,-2842,3282,25000,3958,586,452,0,10130.11
6304,20:26:48:378,3,Severe_Damage,L3_S2,-4384,3262,24482,494,-723,206,0,9612.11
6305,20:26:48:388,3,Severe_Damage,L3_S2,-2034,3256,24266,-2801,890,-788,0,9396.11
6306,20:26:48:398,3,Severe_Damage,L3_S2,-3644,2872,21958,-6046,-613,-886,1,7088.11
6307,20:26:48:408,3,Severe_Damage,L3_S2,-2544,2550,19748,-8604,-153,-1479,0,4878.11
6308,20:26:48:418,3,Severe_Damage,L3_S2,-1400,2006,17134,-10331,123,-1829,1,2264.11
6309,20:26:48:428,3,Severe_Damage,L3_S2,-2924,1306,13714,-11233,-911,-1682,1,-1155.89
6310,20:26:48:438,3,Severe_Damage,L3_S2,258,796,11380,-10905,155,-2002,0,-3489.89
6311,20:26:48:448,3,Severe_Damage,L3_S2,-1912,-56,8378,-9814,-762,-1464,0,-6491.89
6312,20:26:48:457,3,Severe_Damage,L3_S2,138,-344,6794,-7610,41,-1390,1,-8075.89
6313,20:26:48:468,3,Severe_Damage,L3_S2,-374,-798,5504,-4911,-355,-823,1,-9365.89
6314,20:26:48:477,3,Severe_Damage,L3_S2,-804,-826,5158,-1711,-4,-332,0,-9711.89
6315,20:26:48:487,3,Severe_Damage,L3_S2,616,-636,5986,1623,149,64,1,-8883.89
6316,20:26:48:497,3,Severe_Damage,L3_S2,-1778,-386,7104,4647,-56,769,1,-7765.89
6317,20:26:48:507,3,Severe_Damage,L3_S2,272,304,9720,7379,600,912,0,-5149.89
6318,20:26:48:517,3,Severe_Damage,L3_S2,-2322,756,11918,9145,-88,1484,0,-2951.89
6319,20:26:48:528,3,Severe_Damage,L3_S2,-1130,1504,15076,10224,657,1415,1,206.11
6320,20:26:48:538,3,Severe_Damage,L3_S2,-2300,2072,17820,10190,263,1546,0,2950.11
6321,20:26:48:548,3,Severe_Damage,L3_S2,-2994,2466,20210,9229,160,1410,0,5340.11
6322,20:26:48:558,3,Severe_Damage,L3_S2,-2214,2898,22366,7469,736,968,0,7496.11
6323,20:26:48:568,3,Severe_Damage,L3_S2,-3904,3004,23312,4849,-263,820,0,8442.11
6324,20:26:48:578,3,Severe_Damage,L3_S2,-2694,3154,24142,1994,463,111,0,9272.11
6325,20:26:48:588,3,Severe_Damage,L3_S2,-3216,3052,23566,-1195,26,-256,0,8696.11
6326,20:26:48:598,3,Severe_Damage,L3_S2,-3332,2836,22254,-4198,-279,-691,0,7384.11
6327,20:26:48:608,3,Severe_Damage,L3_S2,-2004,2610,20508,-6724,323,-1270,0,5638.11
6328,20:26:48:618,3,Severe_Damage,L3_S2,-3012,2004,17904,-8831,-628,-1367,1,3034.11
6329,20:26:48:628,3,Severe_Damage,L3_S2,-1330,1592,15474,-9860,-56,-1727,0,604.11
6330,20:26:48:638,3,Severe_Damage,L3_S2,-1638,924,12718,-10174,-385,-1660,1,-2151.89
6331,20:26:48:648,3,Severe_Damage,L3_S2,-1374,404,10104,-9458,-387,-1552,0,-4765.89
6332,20:26:48:658,3,Severe_Damage,L3_S2,-50,-66,8304,-7917,-135,-1398,0,-6565.89
6333,20:26:48:668,3,Severe_Damage,L3_S2,-1426,-492,6586,-5683,-332,-879,0,-8283.89
6334,20:26:48:677,3,Severe_Damage,L3_S2,468,-592,6392,-2905,57,-649,0,-8477.89
6335,20:26:48:687,3,Severe_Damage,L3_S2,-1180,-660,6176,22,-167,0,0,-8693.89
6336,20:26:48:697,3,Severe_Damage,L3_S2,-176,-396,7488,2963,265,311,1,-7381.89
6337,20:26:48:707,3,Severe_Damage,L3_S2,-994,86,8990,5574,85,816,0,-5879.89
6338,20:26:48:718,3,Severe_Damage,L3_S2,-1410,548,11160,7600,287,1112,0,-3709.89
6339,20:26:48:728,3,Severe_Damage,L3_S2,-1108,1218,13844,8919,418,1257,0,-1025.89
6340,20:26:48:738,3,Severe_Damage,L3_S2,-2580,1660,16278,9282,139,1449,0,1408.11
6341,20:26:48:748,3,Severe_Damage,L3_S2,-1832,2194,18892,8900,575,1225,0,4022.11
6342,20:26:48:758,3,Severe_Damage,L3_S2,-3046,2486,20706,7540,95,1164,0,5836.11
6343,20:26:48:768,3,Severe_Damage,L3_S2,-2858,2784,22232,5551,263,768,1,7362.11
6344,20:26:48:778,3,Severe_Damage,L3_S2,-2818,2946,23052,3031,307,350,0,8182.11
6345,20:26:48:787,3,Severe_Damage,L3_S2,-3424,2870,22990,187,-163,8,0,8120.11
6346,20:26:48:798,3,Severe_Damage,L3_S2,-2492,2822,22320,-2548,273,-570,0,7450.11
6347,20:26:48:808,3,Severe_Damage,L3_S2,-2968,2532,20624,-5140,-251,-852,0,5754.11
6348,20:26:48:818,3,Severe_Damage,L3_S2,-2384,2218,18738,-7189,-149,-1237,0,3868.11
6349,20:26:48:828,3,Severe_Damage,L3_S2,-1792,1692,16514,-8649,-136,-1489,0,1644.11
6350,20:26:48:838,3,Severe_Damage,L3_S2,-2038,1206,13808,-9208,-465,-1484,0,-1061.89
6351,20:26:48:848,3,Severe_Damage,L3_S2,-840,650,11758,-8976,-89,-1569,0,-3111.89
6352,20:26:48:858,3,Severe_Damage,L3_S2,-1336,240,9492,-7928,-417,-1284,0,-5377.89
6353,20:26:48:868,3,Severe_Damage,L3_S2,-444,-212,8128,-6159,-115,-1101,1,-6741.89
6354,20:26:48:878,3,Severe_Damage,L3_S2,-628,-342,7098,-3834,-146,-681,1,-7771.89
6355,20:26:48:888,3,Severe_Damage,L3_S2,-670,-554,6882,-1228,-44,-271,0,-7987.89
6356,20:26:48:897,3,Severe_Damage,L3_S2,-286,-328,7586,1503,126,110,0,-7283.89
6357,20:26:48:907,3,Severe_Damage,L3_S2,-1270,-56,8800,3958,59,574,0,-6069.89
6358,20:26:48:917,3,Severe_Damage,L3_S2,-706,452,10642,6154,351,821,0,-4227.89
6359,20:26:48:928,3,Severe_Damage,L3_S2,-1780,858,12690,7568,181,1145,0,-2179.89
6360,20:26:48:938,3,Severe_Damage,L3_S2,-1684,1396,15172,8364,359,1191,0,302.11
6361,20:26:48:948,3,Severe_Damage,L3_S2,-2188,1862,17512,8286,316,1215,0,2642.11
6362,20:26:48:958,3,Severe_Damage,L3_S2,-2618,2298,19412,7471,183,1108,0,4542.11
6363,20:26:48:968,3,Severe_Damage,L3_S2,-2422,2544,21190,5890,356,801,0,6320.11
6364,20:26:48:977,3,Severe_Damage,L3_S2,-3186,2754,21996,3799,43,555,0,7126.11
6365,20:26:48:988,3,Severe_Damage,L3_S2,-2720,2736,22408,1350,186,86,0,7538.11
6366,20:26:48:998,3,Severe_Damage,L3_S2,-2892,2674,21902,-1224,15,-274,0,7032.11
6367,20:26:49:008,3,Severe_Damage,L3_S2,-2812,2534,20864,-3680,-153,-651,0,5994.11
6368,20:26:49:018,3,Severe_Damage,L3_S2,-2248,2256,19306,-5727,32,-1039,0,4436.11
6369,20:26:49:028,3,Severe_Damage,L3_S2,-2454,1864,17166,-7346,-308,-1202,0,2296.11
6370,20:26:49:038,3,Severe_Damage,L3_S2,-1608,1340,15252,-8254,-163,-1426,0,382.11
6371,20:26:49:048,3,Severe_Damage,L3_S2,-1526,972,12790,-8303,-257,-1387,0,-2079.89
6372,20:26:49:058,3,Severe_Damage,L3_S2,-1186,414,10870,-7736,-273,-1306,1,-3999.89
6373,20:26:49:068,3,Severe_Damage,L3_S2,-780,24,9268,-6370,-164,-1108,1,-5601.89
6374,20:26:49:078,3,Severe_Damage,L3_S2,-1006,-294,8088,-4497,-181,-766,1,-6781.89
6375,20:26:49:088,3,Severe_Damage,L3_S2,-412,-354,7812,-2188,29,-471,1,-7057.89
6376,20:26:49:097,3,Severe_Damage,L3_S2,-990,-348,7886,237,-34,-18,0,-6983.89
6377,20:26:49:107,3,Severe_Damage,L3_S2,-674,-136,8858,2619,178,296,0,-6011.89
6378,20:26:49:118,3,Severe_Damage,L3_S2,-1080,242,10270,4720,142,657,0,-4599.89
6379,20:26:49:128,3,Severe_Damage,L3_S2,-1450,740,12052,6372,260,909,0,-2817.89
6380,20:26:49:138,3,Severe_Damage,L3_S2,-1466,1172,14280,7327,299,1041,0,-589.89
6381,20:26:49:148,3,Severe_Damage,L3_S2,-2262,1622,16250,7597,198,1132,1,1380.11
6382,20:26:49:158,3,Severe_Damage,L3_S2,-2086,1944,18290,7163,371,1008,0,3420.11
6383,20:26:49:168,3,Severe_Damage,L3_S2,-2646,2300,19832,6021,159,885,0,4962.11
6384,20:26:49:178,3,Severe_Damage,L3_S2,-2782,2450,21082,4312,189,593,0,6212.11
6385,20:26:49:188,3,Severe_Damage,L3_S2,-2716,2612,21574,2222,168,244,0,6704.11
6386,20:26:49:198,3,Severe_Damage,L3_S2,-3010,2598,21504,-122,-67,-79,0,6634.11
6387,20:26:49:208,3,Severe_Damage,L3_S2,-2496,2470,20850,-2372,67,-492,0,5980.11
6388,20:26:49:218,3,Severe_Damage,L3_S2,-2618,2218,19540,-4466,-142,-777,0,4670.11
6389,20:26:49:228,3,Severe_Damage,L3_S2,-2224,1922,17794,-6097,-128,-1053,0,2924.11
6390,20:26:49:238,3,Severe_Damage,L3_S2,-1878,1470,16006,-7245,-138,-1251,1,1136.11
6391,20:26:49:248,3,Severe_Damage,L3_S2,-1744,1130,13836,-7613,-327,-1269,0,-1033.89
6392,20:26:49:258,3,Severe_Damage,L3_S2,-1198,628,12066,-7329,-92,-1277,1,-2803.89
6393,20:26:49:268,3,Severe_Damage,L3_S2,-1178,274,10282,-6398,-269,-1075,0,-4587.89
6394,20:26:49:278,3,Severe_Damage,L3_S2,-782,4,9196,-4900,-118,-872,0,-5673.89
6395,20:26:49:288,3,Severe_Damage,L3_S2,-804,-194,8514,-2933,-46,-551,0,-6355.89
6396,20:26:49:298,3,Severe_Damage,L3_S2,-824,-184,8466,-763,-29,-206,0,-6403.89
6397,20:26:49:307,3,Severe_Damage,L3_S2,-696,-92,9018,1465,125,120,1,-5851.89
6398,20:26:49:318,3,Severe_Damage,L3_S2,-1216,192,10034,3458,86,472,0,-4835.89
6399,20:26:49:328,3,Severe_Damage,L3_S2,-1044,484,11626,5178,231,702,0,-3243.89
6400,20:26:49:338,3,Severe_Damage,L3_S2,-1712,972,13352,6349,232,920,1,-1517.89
6401,20:26:49:348,3,Severe_Damage,L3_S2,-1756,1344,15394,6835,246,962,0,524.11
6402,20:26:49:358,3,Severe_Damage,L3_S2,-2232,1766,17216,6735,262,968,0,2346.11
6403,20:26:49:368,3,Severe_Damage,L3_S2,-2374,2004,18884,5950,206,844,1,4014.11
6404,20:26:49:378,3,Severe_Damage,L3_S2,-2546,2288,20068,4631,199,633,0,5198.11
6405,20:26:49:388,3,Severe_Damage,L3_S2,-2798,2424,20764,2831,69,369,0,5894.11
6406,20:26:49:398,3,Severe_Damage,L3_S2,-2654,2430,21082,793,116,16,1,6212.11
6407,20:26:49:408,3,Severe_Damage,L3_S2,-2708,2414,20646,-1321,-20,-291,0,5776.11
6408,20:26:49:418,3,Severe_Damage,L3_S2,-2472,2180,19680,-3301,-50,-621,0,4810.11
6409,20:26:49:428,3,Severe_Damage,L3_S2,-2338,2024,18262,-4966,-72,-875,0,3392.11
6410,20:26:49:438,3,Severe_Damage,L3_S2,-2186,1680,16590,-6200,-160,-1065,0,1720.11
6411,20:26:49:448,3,Severe_Damage,L3_S2,-1574,1210,14842,-6881,-193,-1187,0,-27.89
6412,20:26:49:458,3,Severe_Damage,L3_S2,-1648,874,12892,-6832,-176,-1143,0,-1977.89
6413,20:26:49:468,3,Severe_Damage,L3_S2,-1124,440,11346,-6249,-152,-1089,0,-3523.89
6414,20:26:49:478,3,Severe_Damage,L3_S2,-1124,202,10046,-5078,-167,-878,0,-4823.89
6415,20:26:49:488,3,Severe_Damage,L3_S2,-928,-22,9328,-3480,-54,-644,0,-5541.89
6416,20:26:49:498,3,Severe_Damage,L3_S2,-732,-72,9054,-1534,-33,-344,0,-5815.89
6417,20:26:49:507,3,Severe_Damage,L3_S2,-1040,-16,9272,460,40,-10,0,-5597.89
6418,20:26:49:518,3,Severe_Damage,L3_S2,-874,220,10118,2392,130,269,0,-4751.89
6419,20:26:49:528,3,Severe_Damage,L3_S2,-1342,436,11354,4064,142,556,0,-3515.89
6420,20:26:49:538,3,Severe_Damage,L3_S2,-1368,788,12784,5371,246,750,0,-2085.89
6421,20:26:49:548,3,Severe_Damage,L3_S2,-1742,1100,14558,6048,222,860,0,-311.89
6422,20:26:49:558,3,Severe_Damage,L3_S2,-2022,1520,16282,6192,199,885,0,1412.11
6423,20:26:49:568,3,Severe_Damage,L3_S2,-2208,1828,17960,5727,265,794,0,3090.11
6424,20:26:49:578,3,Severe_Damage,L3_S2,-2456,2114,19088,4747,128,671,0,4218.11
6425,20:26:49:588,3,Severe_Damage,L3_S2,-2512,2258,20060,3247,157,413,0,5190.11
6426,20:26:49:598,3,Severe_Damage,L3_S2,-2648,2374,20448,1488,78,151,0,5578.11
6427,20:26:49:608,3,Severe_Damage,L3_S2,-2672,2306,20284,-432,26,-161,0,5414.11
6428,20:26:49:618,3,Severe_Damage,L3_S2,-2462,2178,19690,-2289,-4,-460,0,4820.11
6429,20:26:49:628,3,Severe_Damage,L3_S2,-2328,1984,18468,-3939,-101,-708,0,3598.11
6430,20:26:49:638,3,Severe_Damage,L3_S2,-2064,1730,17106,-5226,-69,-929,0,2236.11
6431,20:26:49:648,3,Severe_Damage,L3_S2,-1854,1392,15456,-6051,-185,-1044,0,586.11
6432,20:26:49:658,3,Severe_Damage,L3_S2,-1622,1002,13744,-6308,-170,-1090,0,-1125.89
6433,20:26:49:668,3,Severe_Damage,L3_S2,-1366,684,12208,-5936,-111,-1030,0,-2661.89
6434,20:26:49:678,3,Severe_Damage,L3_S2,-1248,344,10942,-5107,-175,-886,0,-3927.89
6435,20:26:49:688,3,Severe_Damage,L3_S2,-920,110,10060,-3791,-73,-697,0,-4809.89
6436,20:26:49:698,3,Severe_Damage,L3_S2,-1070,-4,9572,-2145,-44,-424,1,-5297.89
6437,20:26:49:708,3,Severe_Damage,L3_S2,-878,26,9630,-343,21,-147,0,-5239.89
6438,20:26:49:718,3,Severe_Damage,L3_S2,-1054,132,10146,1457,88,139,0,-4723.89
6439,20:26:49:728,3,Severe_Damage,L3_S2,-1208,366,11154,3080,127,387,0,-3715.89
6440,20:26:49:738,3,Severe_Damage,L3_S2,-1338,708,12426,4431,187,598,0,-2443.89
6441,20:26:49:748,3,Severe_Damage,L3_S2,-1710,926,13944,5267,196,742,0,-925.89
6442,20:26:49:758,3,Severe_Damage,L3_S2,-1808,1364,15530,5609,203,790,0,660.11
6443,20:26:49:768,3,Severe_Damage,L3_S2,-2226,1618,17102,5391,192,766,0,2232.11
6444,20:26:49:778,3,Severe_Damage,L3_S2,-2316,1888,18322,4696,194,646,0,3452.11
6445,20:26:49:788,3,Severe_Damage,L3_S2,-2462,2114,19266,3495,122,465,0,4396.11
6446,20:26:49:798,3,Severe_Damage,L3_S2,-2570,2182,19780,1989,102,228,0,4910.11
6447,20:26:49:808,3,Severe_Damage,L3_S2,-2512,2204,19916,290,50,-45,0,5046.11
6448,20:26:49:818,3,Severe_Damage,L3_S2,-2526,2144,19460,-1440,-15,-309,0,4590.11
6449,20:26:49:828,3,Severe_Damage,L3_S2,-2326,2004,18626,-3019,-33,-572,1,3756.11
6450,20:26:49:838,3,Severe_Damage,L3_S2,-2218,1732,17344,-4336,-86,-770,0,2474.11
6451,20:26:49:848,3,Severe_Damage,L3_S2,-1920,1442,15898,-5234,-116,-918,0,1028.11
6452,20:26:49:858,3,Severe_Damage,L3_S2,-1622,1038,14590,-5731,-148,-995,0,-279.89
6453,20:26:49:868,3,Severe_Damage,L3_S2,-1548,886,12936,-5552,-127,-952,0,-1933.89
6454,20:26:49:878,3,Severe_Damage,L3_S2,-1224,464,11822,-5013,-119,-883,0,-3047.89
6455,20:26:49:888,3,Severe_Damage,L3_S2,-1146,364,10674,-3937,-122,-701,0,-4195.89
6456,20:26:49:898,3,Severe_Damage,L3_S2,-1032,142,10188,-2595,-38,-503,0,-4681.89
6457,20:26:49:908,3,Severe_Damage,L3_S2,-1004,142,10056,-951,14,-234,0,-4813.89
6458,20:26:49:918,3,Severe_Damage,L3_S2,-1024,174,10366,659,46,18,0,-4503.89
6459,20:26:49:928,3,Severe_Damage,L3_S2,-1114,340,11110,2228,129,250,0,-3759.89
6460,20:26:49:938,3,Severe_Damage,L3_S2,-1410,550,12094,3542,114,464,0,-2775.89
6461,20:26:49:948,3,Severe_Damage,L3_S2,-1552,898,13562,4512,200,603,0,-1307.89
6462,20:26:49:958,3,Severe_Damage,L3_S2,-1798,1152,14962,4974,158,691,0,92.11
6463,20:26:49:968,3,Severe_Damage,L3_S2,-2018,1502,16376,5006,201,694,0,1506.11
6464,20:26:49:978,3,Severe_Damage,L3_S2,-2222,1712,17596,4528,184,621,0,2726.11
6465,20:26:49:988,3,Severe_Damage,L3_S2,-2352,1896,18628,3599,125,478,0,3758.11
6466,20:26:49:998,3,Severe_Damage,L3_S2,-2462,2032,19166,2337,125,275,0,4296.11
6467,20:26:50:008,3,Severe_Damage,L3_S2,-2508,2064,19476,846,38,44,0,4606.11
6468,20:26:50:018,3,Severe_Damage,L3_S2,-2464,2064,19308,-714,38,-206,0,4438.11
6469,20:26:50:028,3,Severe_Damage,L3_S2,-2396,1898,18606,-2226,-24,-444,0,3736.11
6470,20:26:50:038,3,Severe_Damage,L3_S2,-2198,1702,17556,-3509,-52,-640,0,2686.11
6471,20:26:50:048,3,Severe_Damage,L3_S2,-2010,1556,16370,-4484,-77,-800,0,1500.11
6472,20:26:50:058,3,Severe_Damage,L3_S2,-1814,1226,15050,-5076,-128,-887,0,180.11
6473,20:26:50:068,3,Severe_Damage,L3_S2,-1540,988,13684,-5158,-123,-913,0,-1185.89
6474,20:26:50:078,3,Severe_Damage,L3_S2,-1444,638,12470,-4777,-93,-841,0,-2399.89
6475,20:26:50:088,3,Severe_Damage,L3_S2,-1240,448,11482,-3987,-114,-723,0,-3387.89
6476,20:26:50:098,3,Severe_Damage,L3_S2,-1074,302,10874,-2858,-50,-553,0,-3995.89
6477,20:26:50:111,3,Severe_Damage,L3_S2,-1112,200,10450,-1440,-3,-320,0,-4419.89
6478,20:26:50:118,3,Severe_Damage,L3_S2,-1026,206,10650,26,29,-89,0,-4219.89
6479,20:26:50:128,3,Severe_Damage,L3_S2,-1252,346,11186,1486,94,143,0,-3683.89
6480,20:26:50:138,3,Severe_Damage,L3_S2,-1342,532,11998,2754,118,331,1,-2871.89
6481,20:26:50:148,3,Severe_Damage,L3_S2,-1480,814,13196,3751,125,502,0,-1673.89
6482,20:26:50:158,3,Severe_Damage,L3_S2,-1720,1098,14398,4385,196,605,0,-471.89
6483,20:26:50:168,3,Severe_Damage,L3_S2,-1864,1362,15692,4537,161,627,1,822.11
6484,20:26:50:178,3,Severe_Damage,L3_S2,-2124,1638,16912,4266,155,582,0,2042.11
6485,20:26:50:188,3,Severe_Damage,L3_S2,-2248,1722,18012,3576,173,470,0,3142.11
6486,20:26:50:198,3,Severe_Damage,L3_S2,-2346,1952,18596,2565,78,321,0,3726.11
6487,20:26:50:209,3,Severe_Damage,L3_S2,-2400,1994,19034,1237,72,101,0,4164.11
6488,20:26:50:218,3,Severe_Damage,L3_S2,-2342,2042,18854,-126,34,-115,0,3984.11
6489,20:26:50:228,3,Severe_Damage,L3_S2,-2364,1908,18522,-1566,-15,-327,1,3652.11
6490,20:26:50:238,3,Severe_Damage,L3_S2,-2228,1782,17632,-2775,-20,-533,1,2762.11
6491,20:26:50:248,3,Severe_Damage,L3_S2,-2046,1512,16568,-3808,-85,-688,0,1698.11
6492,20:26:50:258,3,Severe_Damage,L3_S2,-1892,1358,15424,-4423,-77,-797,0,554.11
6493,20:26:50:268,3,Severe_Damage,L3_S2,-1648,938,14318,-4744,-114,-838,1,-551.89
6494,20:26:50:278,3,Severe_Damage,L3_S2,-1516,838,13078,-4473,-107,-790,0,-1791.89
6495,20:26:50:288,3,Severe_Damage,L3_S2,-1334,558,12126,-3938,-62,-719,0,-2743.89
6496,20:26:50:298,3,Severe_Damage,L3_S2,-1222,444,11240,-2971,-91,-556,0,-3629.89
6497,20:26:50:308,3,Severe_Damage,L3_S2,-1166,278,10978,-1824,-1,-391,0,-3891.89
6498,20:26:50:318,3,Severe_Damage,L3_S2,-1202,272,10946,-452,29,-167,0,-3923.89
6499,20:26:50:328,3,Severe_Damage,L3_S2,-1190,356,11354,852,47,35,0,-3515.89
6500,20:26:50:338,3,Severe_Damage,L3_S2,-1326,556,12012,2095,110,236,1,-2857.89
6501,20:26:50:348,3,Severe_Damage,L3_S2,-1452,706,12964,3087,105,389,0,-1905.89
6502,20:26:50:358,3,Severe_Damage,L3_S2,-1608,984,14030,3765,162,498,0,-839.89
6503,20:26:50:368,3,Severe_Damage,L3_S2,-1864,1304,15138,4093,179,553,0,268.11
6504,20:26:50:378,3,Severe_Damage,L3_S2,-1952,1414,16328,3949,142,529,0,1458.11
6505,20:26:50:388,3,Severe_Damage,L3_S2,-2184,1688,17254,3495,154,459,0,2384.11
6506,20:26:50:398,3,Severe_Damage,L3_S2,-2224,1740,18104,2615,95,316,0,3234.11
6507,20:26:50:408,3,Severe_Damage,L3_S2,-2296,1920,18396,1574,83,155,0,3526.11
6508,20:26:50:418,3,Severe_Damage,L3_S2,-2342,1856,18584,268,29,-47,0,3714.11
6509,20:26:50:428,3,Severe_Damage,L3_S2,-2338,1920,18342,-954,31,-240,0,3472.11
6510,20:26:50:438,3,Severe_Damage,L3_S2,-2252,1750,17792,-2192,-40,-434,0,2922.11
6511,20:26:50:448,3,Severe_Damage,L3_S2,-2098,1592,16808,-3137,-39,-585,0,1938.11
6512,20:26:50:458,3,Severe_Damage,L3_S2,-1870,1338,15758,-3876,-88,-697,0,888.11
6513,20:26:50:468,3,Severe_Damage,L3_S2,-1766,1198,14648,-4215,-84,-758,0,-221.89
6514,20:26:50:478,3,Severe_Damage,L3_S2,-1538,914,13688,-4208,-105,-756,0,-1181.89
6515,20:26:50:488,3,Severe_Damage,L3_S2,-1434,714,12680,-3753,-47,-674,0,-2189.89
6516,20:26:50:498,3,Severe_Damage,L3_S2,-1310,498,11914,-3040,-61,-570,0,-2955.89
6517,20:26:50:508,3,Severe_Damage,L3_S2,-1224,396,11464,-2044,-34,-415,0,-3405.89
6518,20:26:50:518,3,Severe_Damage,L3_S2,-1250,418,11256,-854,20,-228,0,-3613.89
6519,20:26:50:528,3,Severe_Damage,L3_S2,-1216,422,11548,350,36,-43,1,-3321.89
6520,20:26:50:538,3,Severe_Damage,L3_S2,-1372,556,11998,1509,82,146,1,-2871.89
6521,20:26:50:548,3,Severe_Damage,L3_S2,-1446,704,12846,2479,113,289,0,-2023.89
6522,20:26:50:558,3,Severe_Damage,L3_S2,-1586,980,13792,3201,109,408,0,-1077.89
6523,20:26:50:568,3,Severe_Damage,L3_S2,-1754,1110,14878,3589,151,472,0,8.11
6524,20:26:50:578,3,Severe_Damage,L3_S2,-1910,1400,15822,3672,155,483,0,952.11
6525,20:26:50:588,3,Severe_Damage,L3_S2,-2054,1522,16896,3274,103,425,0,2026.11
6526,20:26:50:598,3,Severe_Damage,L3_S2,-2258,1732,17538,2669,134,329,0,2668.11
6527,20:26:50:608,3,Severe_Damage,L3_S2,-2262,1778,18086,1717,73,179,0,3216.11
6528,20:26:50:618,3,Severe_Damage,L3_S2,-2324,1810,18148,678,78,20,0,3278.11
6529,20:26:50:628,3,Severe_Damage,L3_S2,-2304,1770,18082,-532,8,-177,0,3212.11
6530,20:26:50:638,3,Severe_Damage,L3_S2,-2218,1746,17648,-1609,-5,-348,0,2778.11
6531,20:26:50:648,3,Severe_Damage,L3_S2,-2122,1540,16902,-2591,-43,-501,0,2032.11
6532,20:26:50:658,3,Severe_Damage,L3_S2,-1992,1432,16060,-3314,-56,-615,0,1190.11
6533,20:26:50:668,3,Severe_Damage,L3_S2,-1812,1230,14990,-3740,-66,-682,0,120.11
6534,20:26:50:678,3,Severe_Damage,L3_S2,-1646,974,14110,-3871,-95,-700,0,-759.89
6535,20:26:50:688,3,Severe_Damage,L3_S2,-1492,790,13140,-3565,-85,-648,0,-1729.89
6536,20:26:50:698,3,Severe_Damage,L3_S2,-1386,594,12456,-3010,-31,-568,0,-2413.89
6537,20:26:50:708,3,Severe_Damage,L3_S2,-1306,566,11858,-2160,-64,-428,0,-3011.89
6538,20:26:50:718,3,Severe_Damage,L3_S2,-1290,404,11784,-1191,5,-282,0,-3085.89
6539,20:26:50:728,3,Severe_Damage,L3_S2,-1308,478,11744,-39,40,-95,0,-3125.89
6540,20:26:50:738,3,Severe_Damage,L3_S2,-1324,576,12222,980,43,66,0,-2647.89
6541,20:26:50:748,3,Severe_Damage,L3_S2,-1456,740,12820,1966,110,224,0,-2049.89
6542,20:26:50:758,3,Severe_Damage,L3_S2,-1544,850,13654,2672,87,328,0,-1215.89
6543,20:26:50:768,3,Severe_Damage,L3_S2,-1746,1092,14458,3143,135,400,0,-411.89
6544,20:26:50:778,3,Severe_Damage,L3_S2,-1868,1198,15512,3274,128,422,0,642.11
6545,20:26:50:788,3,Severe_Damage,L3_S2,-2014,1536,16330,3130,149,402,0,1460.11
6546,20:26:50:798,3,Severe_Damage,L3_S2,-2214,1738,17646,1843,108,202,0,2776.11
6547,20:26:50:808,3,Severe_Damage,L3_S2,-2244,1766,17808,892,51,53,0,2938.11
6548,20:26:50:818,3,Severe_Damage,L3_S2,-2282,1730,17844,-143,34,-106,0,2974.11
6549,20:26:50:828,3,Severe_Damage,L3_S2,-2156,1720,17434,-1166,6,-269,0,2564.11
6550,20:26:50:838,3,Severe_Damage,L3_S2,-2080,1528,16944,-2096,-34,-417,0,2074.11
6551,20:26:50:848,3,Severe_Damage,L3_S2,-2014,1444,16260,-2807,-26,-533,0,1390.11
6552,20:26:50:858,3,Severe_Damage,L3_S2,-1866,1240,15376,-3316,-62,-604,0,506.11
6553,20:26:50:868,3,Severe_Damage,L3_S2,-1714,1054,14382,-3468,-47,-633,0,-487.89
6554,20:26:50:878,3,Severe_Damage,L3_S2,-1532,790,13656,-3394,-110,-624,0,-1213.89
6555,20:26:50:888,3,Severe_Damage,L3_S2,-1474,738,12820,-2886,-52,-541,0,-2049.89
6556,20:26:50:898,3,Severe_Damage,L3_S2,-1378,564,12284,-2258,-4,-450,0,-2585.89
6557,20:26:50:908,3,Severe_Damage,L3_S2,-1286,512,11938,-1355,-49,-290,0,-2931.89
6558,20:26:50:918,3,Severe_Damage,L3_S2,-1312,406,12010,-425,50,-161,0,-2859.89
6559,20:26:50:928,3,Severe_Damage,L3_S2,-1378,588,12258,605,45,6,0,-2611.89
6560,20:26:50:938,3,Severe_Damage,L3_S2,-1430,662,12810,1462,65,142,0,-2059.89
6561,20:26:50:948,3,Severe_Damage,L3_S2,-1566,828,13562,2221,123,255,0,-1307.89
6562,20:26:50:958,3,Severe_Damage,L3_S2,-1702,1038,14350,2691,82,337,0,-519.89
6563,20:26:50:968,3,Severe_Damage,L3_S2,-1810,1186,15190,2926,136,366,0,320.11
6564,20:26:50:978,3,Severe_Damage,L3_S2,-2008,1372,15922,2855,124,360,0,1052.11
6565,20:26:50:988,3,Severe_Damage,L3_S2,-2070,1498,16684,2483,105,296,0,1814.11
6566,20:26:50:998,3,Severe_Damage,L3_S2,-2096,1658,17156,1864,81,199,0,2286.11
6567,20:26:51:008,3,Severe_Damage,L3_S2,-2238,1628,17572,1048,81,73,0,2702.11
6568,20:26:51:018,3,Severe_Damage,L3_S2,-2236,1702,17552,170,39,-69,0,2682.11
6569,20:26:51:028,3,Severe_Damage,L3_S2,-2192,1614,17446,-806,7,-219,0,2576.11
6570,20:26:51:038,3,Severe_Damage,L3_S2,-2162,1598,16922,-1635,-11,-355,0,2052.11
6571,20:26:51:048,3,Severe_Damage,L3_S2,-1954,1406,16316,-2375,-37,-472,0,1446.11
6572,20:26:51:058,3,Severe_Damage,L3_S2,-1908,1302,15496,-2867,-32,-547,0,626.11
6573,20:26:51:069,3,Severe_Damage,L3_S2,-1740,1124,14630,-3133,-49,-588,0,-239.89
6574,20:26:51:078,3,Severe_Damage,L3_S2,-1634,988,13902,-3091,-44,-576,0,-967.89
6575,20:26:51:088,3,Severe_Damage,L3_S2,-1440,748,13324,-2828,-93,-540,0,-1545.89
6576,20:26:51:098,3,Severe_Damage,L3_S2,-1518,734,12608,-2212,14,-441,1,-2261.89
6577,20:26:51:108,3,Severe_Damage,L3_S2,-1338,542,12434,-1517,-27,-334,0,-2435.89
6578,20:26:51:118,3,Severe_Damage,L3_S2,-1406,566,12242,-639,12,-194,0,-2627.89
6579,20:26:51:128,3,Severe_Damage,L3_S2,-1400,564,12388,231,62,-58,0,-2481.89
6580,20:26:51:138,3,Severe_Damage,L3_S2,-1428,728,12820,1090,49,80,0,-2049.89
6581,20:26:51:148,3,Severe_Damage,L3_S2,-1522,806,13392,1777,88,190,0,-1477.89
6582,20:26:51:158,3,Severe_Damage,L3_S2,-1678,944,14140,2299,95,269,0,-729.89
6583,20:26:51:168,3,Severe_Damage,L3_S2,-1808,1146,14918,2576,105,310,0,48.11
6584,20:26:51:178,3,Severe_Damage,L3_S2,-1896,1298,15654,2582,100,308,0,784.11
6585,20:26:51:188,3,Severe_Damage,L3_S2,-1994,1416,16294,2333,110,270,0,1424.11
6586,20:26:51:198,3,Severe_Damage,L3_S2,-2110,1576,16810,1871,95,197,0,1940.11
6587,20:26:51:208,3,Severe_Damage,L3_S2,-2108,1622,17186,1152,53,92,0,2316.11
6588,20:26:51:218,3,Severe_Damage,L3_S2,-2148,1620,17264,356,64,-37,0,2394.11
6589,20:26:51:228,3,Severe_Damage,L3_S2,-2134,1612,17230,-464,16,-167,0,2360.11
6590,20:26:51:239,3,Severe_Damage,L3_S2,-2060,1518,16914,-1296,-7,-300,0,2044.11
6591,20:26:51:248,3,Severe_Damage,L3_S2,-2090,1468,16318,-1965,-8,-402,0,1448.11
6592,20:26:51:259,3,Severe_Damage,L3_S2,-1896,1254,15686,-2502,-47,-497,0,816.11
6593,20:26:51:269,3,Severe_Damage,L3_S2,-1816,1146,14858,-2789,-32,-530,0,-11.89
6594,20:26:51:278,3,Severe_Damage,L3_S2,-1650,950,14176,-2831,-49,-538,0,-693.89
6595,20:26:51:289,3,Severe_Damage,L3_S2,-1618,872,13522,-2624,-36,-507,0,-1347.89
6596,20:26:51:299,3,Severe_Damage,L3_S2,-1406,732,13170,-2233,-71,-438,0,-1699.89
6597,20:26:51:309,3,Severe_Damage,L3_S2,-1502,690,12618,-1539,40,-333,0,-2251.89
6598,20:26:51:318,3,Severe_Damage,L3_S2,-1358,576,12540,-848,-25,-230,0,-2329.89
6599,20:26:51:328,3,Severe_Damage,L3_S2,-1448,662,12528,-13,48,-88,0,-2341.89
6600,20:26:51:338,3,Severe_Damage,L3_S2,-1452,720,12924,732,60,21,0,-1945.89
6601,20:26:51:348,3,Severe_Damage,L3_S2,-1512,866,13408,1430,56,132,0,-1461.89
6602,20:26:51:358,3,Severe_Damage,L3_S2,-1658,934,14042,1933,103,212,0,-827.89
6603,20:26:51:368,3,Severe_Damage,L3_S2,-1738,1108,14636,2246,72,265,0,-233.89
6604,20:26:51:378,3,Severe_Damage,L3_S2,-1884,1244,15434,2316,117,271,0,564.11
6605,20:26:51:388,3,Severe_Damage,L3_S2,-1934,1352,16006,2154,89,247,0,1136.11
6606,20:26:51:398,3,Severe_Damage,L3_S2,-2018,1460,16564,1761,89,184,0,1694.11
6607,20:26:51:408,3,Severe_Damage,L3_S2,-2108,1588,16808,1257,97,108,0,1938.11
6608,20:26:51:418,3,Severe_Damage,L3_S2,-2078,1524,17104,478,13,-15,0,2234.11
6609,20:26:51:428,3,Severe_Damage,L3_S2,-2144,1612,17004,-223,52,-118,0,2134.11
6610,20:26:51:438,3,Severe_Damage,L3_S2,-2010,1482,16810,-997,4,-250,0,1940.11
6611,20:26:51:449,3,Severe_Damage,L3_S2,-2038,1442,16316,-1613,-22,-341,0,1446.11
6612,20:26:51:459,3,Severe_Damage,L3_S2,-1938,1286,15848,-2154,-4,-433,0,978.11
6613,20:26:51:469,3,Severe_Damage,L3_S2,-1774,1200,15104,-2451,-46,-482,0,234.11
6614,20:26:51:479,3,Severe_Damage,L3_S2,-1664,1050,14438,-2580,-38,-501,0,-431.89
6615,20:26:51:489,3,Severe_Damage,L3_S2,-1586,906,13862,-2438,-17,-477,0,-1007.89
6616,20:26:51:499,3,Severe_Damage,L3_S2,-1558,834,13362,-2134,-63,-418,0,-1507.89
6617,20:26:51:509,3,Severe_Damage,L3_S2,-1430,720,13026,-1601,-1,-346,0,-1843.89
6618,20:26:51:518,3,Severe_Damage,L3_S2,-1522,720,12828,-938,32,-237,0,-2041.89
6619,20:26:51:528,3,Severe_Damage,L3_S2,-1416,728,12862,-252,-10,-135,0,-2007.89
6620,20:26:51:538,3,Severe_Damage,L3_S2,-1506,736,13038,459,93,-21,0,-1831.89
6621,20:26:51:548,3,Severe_Damage,L3_S2,-1516,822,13418,1093,41,87,0,-1451.89
6622,20:26:51:558,3,Severe_Damage,L3_S2,-1598,906,13952,1596,98,165,0,-917.89
6623,20:26:51:568,3,Severe_Damage,L3_S2,-1678,1040,14546,1932,84,217,0,-323.89
6624,20:26:51:578,3,Severe_Damage,L3_S2,-1774,1160,15176,2057,87,230,0,306.11
6625,20:26:51:588,3,Severe_Damage,L3_S2,-1914,1292,15744,1975,106,219,0,874.11
6626,20:26:51:598,3,Severe_Damage,L3_S2,-1988,1422,16310,1670,84,169,0,1440.11
6627,20:26:51:608,3,Severe_Damage,L3_S2,-2020,1436,16682,1212,74,94,0,1812.11
6628,20:26:51:618,3,Severe_Damage,L3_S2,-2088,1570,16732,659,61,9,0,1862.11
6629,20:26:51:628,3,Severe_Damage,L3_S2,-2020,1494,16862,-92,-4,-108,0,1992.11
6630,20:26:51:638,3,Severe_Damage,L3_S2,-2096,1486,16576,-701,52,-198,0,1706.11
6631,20:26:51:649,3,Severe_Damage,L3_S2,-1946,1400,16300,-1352,-20,-306,0,1430.11
6632,20:26:51:659,3,Severe_Damage,L3_S2,-1938,1322,15810,-1815,-8,-375,0,940.11
6633,20:26:51:669,3,Severe_Damage,L3_S2,-1792,1240,15262,-2170,-13,-434,0,392.11
6634,20:26:51:679,3,Severe_Damage,L3_S2,-1712,1078,14650,-2305,-40,-451,0,-219.89
6635,20:26:51:689,3,Severe_Damage,L3_S2,-1652,992,14090,-2261,-26,-450,0,-779.89
6636,20:26:51:699,3,Severe_Damage,L3_S2,-1530,894,13556,-1991,-31,-407,0,-1313.89
6637,20:26:51:709,3,Severe_Damage,L3_S2,-1526,762,13256,-1606,-35,-340,0,-1613.89
6638,20:26:51:718,3,Severe_Damage,L3_S2,-1474,698,13026,-1014,6,-251,0,-1843.89
6639,20:26:51:728,3,Severe_Damage,L3_S2,-1548,692,13026,-402,34,-154,0,-1843.89
6640,20:26:51:738,3,Severe_Damage,L3_S2,-1496,740,13102,232,20,-58,0,-1767.89
6641,20:26:51:748,3,Severe_Damage,L3_S2,-1586,760,13484,811,85,38,0,-1385.89
6642,20:26:51:758,3,Severe_Damage,L3_S2,-1662,964,13840,1309,52,122,0,-1029.89
6643,20:26:51:768,3,Severe_Damage,L3_S2,-1710,1004,14506,1637,84,168,0,-363.89
6644,20:26:51:779,3,Severe_Damage,L3_S2,-1826,1156,14994,1809,84,195,0,124.11
6645,20:26:51:788,3,Severe_Damage,L3_S2,-1822,1230,15584,1775,63,188,0,714.11
6646,20:26:51:798,3,Severe_Damage,L3_S2,-1928,1362,15966,1555,98,152,0,1096.11
6647,20:26:51:809,3,Severe_Damage,L3_S2,-1944,1414,16404,1173,50,99,0,1534.11
6648,20:26:51:818,3,Severe_Damage,L3_S2,-2092,1528,16590,692,80,21,0,1720.11
6649,20:26:51:828,3,Severe_Damage,L3_S2,-2052,1470,16594,82,24,-80,0,1724.11
6650,20:26:51:839,3,Severe_Damage,L3_S2,-1968,1464,16468,-522,8,-176,0,1598.11
6651,20:26:51:849,3,Severe_Damage,L3_S2,-2020,1352,16252,-1087,26,-259,0,1382.11
6652,20:26:51:859,3,Severe_Damage,L3_S2,-1924,1338,15782,-1544,-34,-324,0,912.11
6653,20:26:51:869,3,Severe_Damage,L3_S2,-1858,1184,15330,-1905,-5,-384,0,460.11
6654,20:26:51:879,3,Severe_Damage,L3_S2,-1776,1096,14734,-2056,-18,-417,0,-135.89
6655,20:26:51:889,3,Severe_Damage,L3_S2,-1656,988,14286,-2067,-32,-419,0,-583.89
6656,20:26:51:899,3,Severe_Damage,L3_S2,-1620,896,13844,-1865,-4,-390,0,-1025.89
6657,20:26:51:909,3,Severe_Damage,L3_S2,-1506,874,13492,-1524,-20,-334,0,-1377.89
6658,20:26:51:918,3,Severe_Damage,L3_S2,-1528,788,13304,-1088,9,-266,0,-1565.89
6659,20:26:51:928,3,Severe_Damage,L3_S2,-1482,784,13166,-511,11,-168,0,-1703.89
6660,20:26:51:938,3,Severe_Damage,L3_S2,-1546,798,13238,46,56,-76,0,-1631.89
6661,20:26:51:948,3,Severe_Damage,L3_S2,-1568,844,13522,587,36,3,0,-1347.89
6662,20:26:51:958,3,Severe_Damage,L3_S2,-1686,910,13890,1045,84,66,0,-979.89
6663,20:26:51:969,3,Severe_Damage,L3_S2,-1700,1054,14366,1394,67,121,0,-503.89
6664,20:26:51:978,3,Severe_Damage,L3_S2,-1764,1100,14872,1556,66,147,0,2.11
6665,20:26:51:989,3,Severe_Damage,L3_S2,-1832,1248,15348,1586,91,158,0,478.11
6666,20:26:51:999,3,Severe_Damage,L3_S2,-1902,1308,15798,1420,68,136,0,928.11
6667,20:26:52:008,3,Severe_Damage,L3_S2,-1968,1400,16104,1108,85,81,0,1234.11
6668,20:26:52:018,3,Severe_Damage,L3_S2,-2004,1428,16308,682,48,11,0,1438.11
6669,20:26:52:028,3,Severe_Damage,L3_S2,-1956,1440,16414,174,40,-56,0,1544.11
6670,20:26:52:039,3,Severe_Damage,L3_S2,-2034,1510,16284,-333,38,-135,0,1414.11
6671,20:26:52:049,3,Severe_Damage,L3_S2,-1956,1302,16264,-916,-16,-232,0,1394.11
6672,20:26:52:059,3,Severe_Damage,L3_S2,-2006,1332,15734,-1299,21,-301,0,864.11
6673,20:26:52:069,3,Severe_Damage,L3_S2,-1846,1178,15400,-1672,-27,-354,0,530.11
6674,20:26:52:079,3,Severe_Damage,L3_S2,-1818,1172,14906,-1827,-8,-382,0,36.11
6675,20:26:52:089,3,Severe_Damage,L3_S2,-1692,1024,14458,-1878,-9,-387,0,-411.89
6676,20:26:52:099,3,Severe_Damage,L3_S2,-1678,962,14016,-1732,-36,-357,0,-853.89
6677,20:26:52:109,3,Severe_Damage,L3_S2,-1554,852,13704,-1455,10,-324,0,-1165.89
6678,20:26:52:119,3,Severe_Damage,L3_S2,-1550,812,13454,-1057,-9,-245,0,-1415.89
6679,20:26:52:129,3,Severe_Damage,L3_S2,-1572,814,13436,-572,26,-184,0,-1433.89
6680,20:26:52:139,3,Severe_Damage,L3_S2,-1546,818,13376,-73,29,-105,0,-1493.89
6681,20:26:52:148,3,Severe_Damage,L3_S2,-1592,868,13658,412,39,-28,0,-1211.89
6682,20:26:52:158,3,Severe_Damage,L3_S2,-1630,948,13908,879,98,41,0,-961.89
6683,20:26:52:168,3,Severe_Damage,L3_S2,-1604,982,14376,1147,37,92,0,-493.89
6684,20:26:52:179,3,Severe_Damage,L3_S2,-1780,1128,14704,1386,109,122,0,-165.89
6685,20:26:52:189,3,Severe_Damage,L3_S2,-1790,1206,15240,1395,59,126,0,370.11
6686,20:26:52:199,3,Severe_Damage,L3_S2,-1886,1264,15650,1300,70,109,0,780.11
6687,20:26:52:209,3,Severe_Damage,L3_S2,-1868,1364,15918,1032,55,67,0,1048.11
6688,20:26:52:219,3,Severe_Damage,L3_S2,-2034,1416,16182,659,63,15,0,1312.11
6689,20:26:52:229,3,Severe_Damage,L3_S2,-2002,1476,16212,222,38,-56,0,1342.11
6690,20:26:52:239,3,Severe_Damage,L3_S2,-2010,1418,16248,-276,24,-138,0,1378.11
6691,20:26:52:249,3,Severe_Damage,L3_S2,-2038,1382,15996,-738,14,-202,0,1126.11
6692,20:26:52:259,3,Severe_Damage,L3_S2,-1870,1330,15740,-1158,2,-271,0,870.11
6693,20:26:52:269,3,Severe_Damage,L3_S2,-1844,1248,15362,-1466,-10,-310,0,492.11
6694,20:26:52:279,3,Severe_Damage,L3_S2,-1754,1130,14996,-1658,-4,-354,0,126.11
6695,20:26:52:289,3,Severe_Damage,L3_S2,-1786,1074,14584,-1710,4,-361,0,-285.89
6696,20:26:52:299,3,Severe_Damage,L3_S2,-1708,982,14172,-1618,-10,-344,0,-697.89
6697,20:26:52:309,3,Severe_Damage,L3_S2,-1640,856,13844,-1381,-11,-310,0,-1025.89
6698,20:26:52:319,3,Severe_Damage,L3_S2,-1552,854,13620,-1038,-6,-254,0,-1249.89
6699,20:26:52:329,3,Severe_Damage,L3_S2,-1558,850,13544,-621,11,-186,0,-1325.89
6700,20:26:52:339,3,Severe_Damage,L3_S2,-1612,864,13612,-158,36,-111,0,-1257.89
6701,20:26:52:348,3,Severe_Damage,L3_S2,-1530,884,13730,298,40,-46,0,-1139.89
6702,20:26:52:358,3,Severe_Damage,L3_S2,-1652,952,13976,703,64,15,0,-893.89
6703,20:26:52:368,3,Severe_Damage,L3_S2,-1700,994,14342,1013,65,67,0,-527.89
6704,20:26:52:379,3,Severe_Damage,L3_S2,-1758,1094,14734,1204,79,94,0,-135.89
6705,20:26:52:389,3,Severe_Damage,L3_S2,-1826,1144,15082,1261,75,112,0,212.11
6706,20:26:52:399,3,Severe_Damage,L3_S2,-1834,1266,15528,1179,67,98,0,658.11
6707,20:26:52:409,3,Severe_Damage,L3_S2,-1926,1306,15810,974,48,58,0,940.11
6708,20:26:52:419,3,Severe_Damage,L3_S2,-1936,1364,16056,645,59,11,0,1186.11
6709,20:26:52:429,3,Severe_Damage,L3_S2,-1944,1420,16194,242,25,-48,0,1324.11
6710,20:26:52:439,3,Severe_Damage,L3_S2,-2012,1364,16156,-196,38,-121,0,1286.11
6711,20:26:52:449,3,Severe_Damage,L3_S2,-1950,1328,15958,-622,15,-189,0,1088.11
6712,20:26:52:459,3,Severe_Damage,L3_S2,-1932,1294,15754,-1015,-9,-251,0,884.11
6713,20:26:52:469,3,Severe_Damage,L3_S2,-1864,1218,15416,-1309,7,-301,0,546.11
6714,20:26:52:479,3,Severe_Damage,L3_S2,-1784,1182,15102,-1514,-17,-331,0,232.11
6715,20:26:52:489,3,Severe_Damage,L3_S2,-1710,1064,14670,-1570,7,-343,0,-199.89
6716,20:26:52:499,3,Severe_Damage,L3_S2,-1688,1034,14296,-1504,0,-325,0,-573.89
6717,20:26:52:509,3,Severe_Damage,L3_S2,-1630,922,14022,-1312,-20,-297,0,-847.89
6718,20:26:52:519,3,Severe_Damage,L3_S2,-1562,928,13764,-1013,19,-256,0,-1105.89
6719,20:26:52:529,3,Severe_Damage,L3_S2,-1552,816,13598,-641,0,-198,0,-1271.89
6720,20:26:52:539,3,Severe_Damage,L3_S2,-1632,864,13662,-216,30,-128,0,-1207.89
6721,20:26:52:549,3,Severe_Damage,L3_S2,-1618,878,13798,185,44,-63,0,-1071.89
6722,20:26:52:559,3,Severe_Damage,L3_S2,-1678,958,13992,568,40,1,0,-877.89
6723,20:26:52:568,3,Severe_Damage,L3_S2,-1642,998,14256,865,71,39,0,-613.89
6724,20:26:52:579,3,Severe_Damage,L3_S2,-1736,1050,14668,1060,63,76,0,-201.89
6725,20:26:52:589,3,Severe_Damage,L3_S2,-1834,1146,15098,1129,73,81,0,228.11
6726,20:26:52:599,3,Severe_Damage,L3_S2,-1826,1202,15480,1068,61,79,0,610.11
6727,20:26:52:609,3,Severe_Damage,L3_S2,-1878,1280,15704,890,47,52,0,834.11
6728,20:26:52:618,3,Severe_Damage,L3_S2,-1974,1294,15898,619,66,9,0,1028.11
6729,20:26:52:629,3,Severe_Damage,L3_S2,-1956,1358,15966,263,31,-51,0,1096.11
6730,20:26:52:639,3,Severe_Damage,L3_S2,-1958,1346,16080,-135,27,-109,0,1210.11
6731,20:26:52:649,3,Severe_Damage,L3_S2,-1932,1334,15878,-525,24,-172,0,1008.11
6732,20:26:52:659,3,Severe_Damage,L3_S2,-1866,1270,15676,-887,-8,-235,0,806.11
6733,20:26:52:669,3,Severe_Damage,L3_S2,-1854,1226,15390,-1179,7,-279,0,520.11
6734,20:26:52:679,3,Severe_Damage,L3_S2,-1776,1196,15078,-1369,-10,-308,0,208.11
6735,20:26:52:689,3,Severe_Damage,L3_S2,-1732,1072,14720,-1455,3,-317,0,-149.89
6736,20:26:52:699,3,Severe_Damage,L3_S2,-1692,1014,14426,-1404,12,-313,0,-443.89
6737,20:26:52:709,3,Severe_Damage,L3_S2,-1630,950,14132,-1247,-19,-293,0,-737.89
6738,20:26:52:719,3,Severe_Damage,L3_S2,-1608,912,13876,-978,17,-250,0,-993.89
6739,20:26:52:729,3,Severe_Damage,L3_S2,-1634,876,13748,-646,1,-195,0,-1121.89
6740,20:26:52:739,3,Severe_Damage,L3_S2,-1570,878,13860,-278,25,-128,0,-1009.89
6741,20:26:52:749,3,Severe_Damage,L3_S2,-1584,916,13874,106,48,-76,0,-995.89
6742,20:26:52:759,3,Severe_Damage,L3_S2,-1634,946,13932,457,44,-18,0,-937.89
6743,20:26:52:769,3,Severe_Damage,L3_S2,-1700,996,14304,734,60,26,0,-565.89
6744,20:26:52:779,3,Severe_Damage,L3_S2,-1754,1052,14702,928,69,56,0,-167.89
6745,20:26:52:789,3,Severe_Damage,L3_S2,-1798,1154,15022,1003,63,67,0,152.11
6746,20:26:52:799,3,Severe_Damage,L3_S2,-1856,1220,15314,974,64,67,0,444.11
6747,20:26:52:809,3,Severe_Damage,L3_S2,-1900,1256,15542,829,54,43,0,672.11
6748,20:26:52:819,3,Severe_Damage,L3_S2,-1866,1324,15812,588,37,1,0,942.11
6749,20:26:52:829,3,Severe_Damage,L3_S2,-1982,1248,15988,263,57,-55,0,1118.11
6750,20:26:52:839,3,Severe_Damage,L3_S2,-1918,1356,15982,-84,13,-104,0,1112.11
6751,20:26:52:849,3,Severe_Damage,L3_S2,-1926,1300,15828,-447,23,-162,0,958.11
6752,20:26:52:859,3,Severe_Damage,L3_S2,-1880,1242,15670,-779,8,-208,0,800.11
6753,20:26:52:869,3,Severe_Damage,L3_S2,-1820,1240,15448,-1059,0,-258,0,578.11
6754,20:26:52:879,3,Severe_Damage,L3_S2,-1792,1124,15122,-1245,12,-292,0,252.11
6755,20:26:52:889,3,Severe_Damage,L3_S2,-1690,1080,14792,-1337,-6,-304,0,-77.89
6756,20:26:52:899,3,Severe_Damage,L3_S2,-1726,1086,14516,-1309,16,-299,0,-353.89
6757,20:26:52:909,3,Severe_Damage,L3_S2,-1630,944,14160,-1178,-10,-277,0,-709.89
6758,20:26:52:919,3,Severe_Damage,L3_S2,-1640,934,13988,-957,8,-240,0,-881.89
6759,20:26:52:929,3,Severe_Damage,L3_S2,-1600,904,13850,-655,13,-195,0,-1019.89
6760,20:26:52:939,3,Severe_Damage,L3_S2,-1628,874,13826,-313,17,-142,0,-1043.89
6761,20:26:52:949,3,Severe_Damage,L3_S2,-1654,894,13900,34,37,-85,0,-969.89
6762,20:26:52:959,3,Severe_Damage,L3_S2,-1672,940,14106,357,40,-40,0,-763.89
6763,20:26:52:969,3,Severe_Damage,L3_S2,-1700,994,14324,618,59,6,0,-545.89
6764,20:26:52:979,3,Severe_Damage,L3_S2,-1716,1036,14662,809,59,27,0,-207.89
6765,20:26:52:989,3,Severe_Damage,L3_S2,-1798,1124,14940,899,49,48,0,70.11
6766,20:26:52:999,3,Severe_Damage,L3_S2,-1834,1194,15286,881,61,45,0,416.11
6767,20:26:53:009,3,Severe_Damage,L3_S2,-1788,1244,15506,758,57,27,0,636.11
6768,20:26:53:019,3,Severe_Damage,L3_S2,-1882,1268,15650,547,38,-4,0,780.11
6769,20:26:53:029,3,Severe_Damage,L3_S2,-1948,1310,15804,273,58,-47,0,934.11
6770,20:26:53:039,3,Severe_Damage,L3_S2,-1884,1368,15802,-42,25,-92,0,932.11
6771,20:26:53:049,3,Severe_Damage,L3_S2,-1920,1340,15794,-381,38,-150,0,924.11
6772,20:26:53:059,3,Severe_Damage,L3_S2,-1876,1292,15610,-686,12,-193,0,740.11
6773,20:26:53:069,3,Severe_Damage,L3_S2,-1846,1238,15400,-951,-3,-243,0,530.11
6774,20:26:53:079,3,Severe_Damage,L3_S2,-1854,1156,15034,-1129,12,-270,0,164.11
6775,20:26:53:089,3,Severe_Damage,L3_S2,-1754,1102,14760,-1224,-8,-287,0,-109.89
6776,20:26:53:099,3,Severe_Damage,L3_S2,-1742,1062,14546,-1213,13,-286,0,-323.89
6777,20:26:53:109,3,Severe_Damage,L3_S2,-1638,1038,14252,-1104,-2,-268,0,-617.89
6778,20:26:53:119,3,Severe_Damage,L3_S2,-1646,936,14082,-909,17,-234,0,-787.89
6779,20:26:53:129,3,Severe_Damage,L3_S2,-1594,952,13942,-649,21,-197,0,-927.89
6780,20:26:53:139,3,Severe_Damage,L3_S2,-1630,920,13944,-349,24,-147,0,-925.89
6781,20:26:53:149,3,Severe_Damage,L3_S2,-1644,992,14012,-29,45,-98,0,-857.89
6782,20:26:53:159,3,Severe_Damage,L3_S2,-1622,950,14146,263,39,-50,0,-723.89
6783,20:26:53:169,3,Severe_Damage,L3_S2,-1690,976,14402,513,59,-11,0,-467.89
6784,20:26:53:179,3,Severe_Damage,L3_S2,-1720,1002,14636,701,59,9,0,-233.89
6785,20:26:53:189,3,Severe_Damage,L3_S2,-1836,1124,14904,792,51,30,0,34.11
6786,20:26:53:199,3,Severe_Damage,L3_S2,-1828,1192,15198,789,57,30,0,328.11
6787,20:26:53:209,3,Severe_Damage,L3_S2,-1874,1222,15386,698,51,19,0,516.11
6788,20:26:53:219,3,Severe_Damage,L3_S2,-1894,1264,15598,520,44,-10,0,728.11
6789,20:26:53:229,3,Severe_Damage,L3_S2,-1914,1342,15734,266,33,-45,0,864.11
6790,20:26:53:239,3,Severe_Damage,L3_S2,-1878,1300,15752,-19,42,-92,0,882.11
6791,20:26:53:249,3,Severe_Damage,L3_S2,-1898,1286,15690,-325,20,-140,0,820.11
6792,20:26:53:259,3,Severe_Damage,L3_S2,-1888,1276,15526,-602,22,-183,0,656.11
6793,20:26:53:269,3,Severe_Damage,L3_S2,-1836,1202,15354,-845,1,-220,0,484.11
6794,20:26:53:279,3,Severe_Damage,L3_S2,-1832,1172,15108,-1023,8,-257,0,238.11
6795,20:26:53:289,3,Severe_Damage,L3_S2,-1764,1112,14802,-1120,5,-267,0,-67.89
6796,20:26:53:299,3,Severe_Damage,L3_S2,-1736,1068,14602,-1130,22,-264,0,-267.89
6797,20:26:53:309,3,Severe_Damage,L3_S2,-1658,994,14344,-1050,2,-251,0,-525.89
6798,20:26:53:319,3,Severe_Damage,L3_S2,-1678,976,14158,-877,9,-226,0,-711.89
6799,20:26:53:329,3,Severe_Damage,L3_S2,-1648,910,14090,-642,14,-189,0,-779.89
6800,20:26:53:339,3,Severe_Damage,L3_S2,-1652,914,14000,-373,21,-145,0,-869.89
6801,20:26:53:349,3,Severe_Damage,L3_S2,-1664,930,14040,-88,38,-107,0,-829.89
6802,20:26:53:359,3,Severe_Damage,L3_S2,-1684,970,14202,193,29,-64,0,-667.89
6803,20:26:53:369,3,Severe_Damage,L3_S2,-1710,980,14360,430,52,-25,0,-509.89
6804,20:26:53:379,3,Severe_Damage,L3_S2,-1740,1064,14582,595,54,6,0,-287.89
6805,20:26:53:389,3,Severe_Damage,L3_S2,-1788,1094,14856,690,62,21,0,-13.89
6806,20:26:53:399,3,Severe_Damage,L3_S2,-1786,1162,15112,701,55,19,0,242.11
6807,20:26:53:409,3,Severe_Damage,L3_S2,-1888,1204,15348,626,50,17,0,478.11
6808,20:26:53:419,3,Severe_Damage,L3_S2,-1842,1260,15476,475,51,-22,0,606.11
6809,20:26:53:429,3,Severe_Damage,L3_S2,-1890,1256,15636,261,27,-54,0,766.11
6810,20:26:53:439,3,Severe_Damage,L3_S2,-1922,1262,15656,-1,50,-97,0,786.11
6811,20:26:53:449,3,Severe_Damage,L3_S2,-1838,1298,15632,-271,15,-132,0,762.11
6812,20:26:53:459,3,Severe_Damage,L3_S2,-1914,1294,15542,-535,25,-173,0,672.11
6813,20:26:53:469,3,Severe_Damage,L3_S2,-1856,1174,15378,-759,18,-217,0,508.11
6814,20:26:53:479,3,Severe_Damage,L3_S2,-1824,1204,15146,-933,5,-235,0,276.11
6815,20:26:53:489,3,Severe_Damage,L3_S2,-1762,1144,14884,-1035,14,-257,0,14.11
6816,20:26:53:499,3,Severe_Damage,L3_S2,-1692,1036,14626,-1046,-1,-253,0,-243.89
6817,20:26:53:509,3,Severe_Damage,L3_S2,-1768,988,14440,-978,16,-243,0,-429.89
6818,20:26:53:519,3,Severe_Damage,L3_S2,-1632,956,14284,-842,2,-223,0,-585.89
6819,20:26:53:529,3,Severe_Damage,L3_S2,-1692,966,14154,-641,24,-193,0,-715.89
6820,20:26:53:539,3,Severe_Damage,L3_S2,-1698,902,14168,-390,31,-152,0,-701.89
6821,20:26:53:549,3,Severe_Damage,L3_S2,-1622,938,14118,-129,33,-106,0,-751.89
6822,20:26:53:559,3,Severe_Damage,L3_S2,-1672,1002,14224,119,41,-69,0,-645.89
6823,20:26:53:569,3,Severe_Damage,L3_S2,-1692,1024,14386,345,46,-39,0,-483.89
6824,20:26:53:579,3,Severe_Damage,L3_S2,-1762,1050,14662,506,44,-13,0,-207.89
6825,20:26:53:589,3,Severe_Damage,L3_S2,-1764,1138,14798,606,58,2,0,-71.89
6826,20:26:53:599,3,Severe_Damage,L3_S2,-1830,1084,15084,629,54,5,0,214.11
6827,20:26:53:609,3,Severe_Damage,L3_S2,-1842,1168,15228,566,52,0,0,358.11
6828,20:26:53:619,3,Severe_Damage,L3_S2,-1876,1248,15422,439,52,-14,0,552.11
6829,20:26:53:629,3,Severe_Damage,L3_S2,-1880,1242,15484,244,38,-46,0,614.11
6830,20:26:53:639,3,Severe_Damage,L3_S2,-1882,1266,15576,18,31,-91,0,706.11
6831,20:26:53:649,3,Severe_Damage,L3_S2,-1892,1242,15528,-227,36,-125,0,658.11
6832,20:26:53:659,3,Severe_Damage,L3_S2,-1850,1244,15446,-473,22,-166,0,576.11
6833,20:26:53:669,3,Severe_Damage,L3_S2,-1850,1202,15382,-686,25,-204,0,512.11
6834,20:26:53:679,3,Severe_Damage,L3_S2,-1756,1158,15100,-848,5,-230,0,230.11
6835,20:26:53:689,3,Severe_Damage,L3_S2,-1750,1112,14914,-947,16,-244,0,44.11
6836,20:26:53:699,3,Severe_Damage,L3_S2,-1740,1064,14642,-963,9,-243,0,-227.89
6837,20:26:53:709,3,Severe_Damage,L3_S2,-1672,1056,14466,-919,20,-234,0,-403.89
6838,20:26:53:719,3,Severe_Damage,L3_S2,-1662,1004,14346,-795,3,-217,0,-523.89
6839,20:26:53:729,3,Severe_Damage,L3_S2,-1702,944,14174,-621,17,-186,0,-695.89
6840,20:26:53:739,3,Severe_Damage,L3_S2,-1600,996,14114,-396,25,-157,0,-755.89
6841,20:26:53:750,3,Severe_Damage,L3_S2,-1688,946,14110,-162,20,-118,0,-759.89
6842,20:26:53:759,3,Severe_Damage,L3_S2,-1648,972,14354,71,47,-80,0,-515.89
6843,20:26:53:769,3,Severe_Damage,L3_S2,-1682,1052,14428,269,44,-46,0,-441.89
6844,20:26:53:779,3,Severe_Damage,L3_S2,-1766,1050,14588,432,47,-25,0,-281.89
6845,20:26:53:789,3,Severe_Damage,L3_S2,-1784,1066,14770,527,49,-7,0,-99.89
6846,20:26:53:799,3,Severe_Damage,L3_S2,-1814,1156,14950,553,44,-5,0,80.11
6847,20:26:53:809,3,Severe_Damage,L3_S2,-1848,1244,15226,506,47,-18,0,356.11
6848,20:26:53:819,3,Severe_Damage,L3_S2,-1862,1224,15334,397,52,-32,0,464.11
6849,20:26:53:829,3,Severe_Damage,L3_S2,-1866,1210,15392,229,42,-60,0,522.11
6850,20:26:53:839,3,Severe_Damage,L3_S2,-1852,1260,15494,24,36,-97,0,624.11
6851,20:26:53:849,3,Severe_Damage,L3_S2,-1904,1244,15552,-204,37,-129,0,682.11
6852,20:26:53:859,3,Severe_Damage,L3_S2,-1860,1256,15454,-424,16,-160,0,584.11
6853,20:26:53:869,3,Severe_Damage,L3_S2,-1872,1212,15312,-623,16,-186,0,442.11
6854,20:26:53:879,3,Severe_Damage,L3_S2,-1852,1152,15140,-773,16,-216,0,270.11
6855,20:26:53:889,3,Severe_Damage,L3_S2,-1784,1120,14926,-867,6,-228,0,56.11
6856,20:26:53:899,3,Severe_Damage,L3_S2,-1822,1092,14698,-896,13,-235,0,-171.89
6857,20:26:53:909,3,Severe_Damage,L3_S2,-1748,1018,14522,-852,15,-235,0,-347.89
6858,20:26:53:919,3,Severe_Damage,L3_S2,-1706,1004,14374,-752,21,-215,0,-495.89
6859,20:26:53:929,3,Severe_Damage,L3_S2,-1666,956,14292,-599,14,-188,0,-577.89
6860,20:26:53:939,3,Severe_Damage,L3_S2,-1646,972,14240,-403,25,-164,0,-629.89
6861,20:26:53:949,3,Severe_Damage,L3_S2,-1614,988,14232,-194,27,-124,0,-637.89
6862,20:26:53:959,3,Severe_Damage,L3_S2,-1664,992,14312,20,43,-92,0,-557.89
6863,20:26:53:969,3,Severe_Damage,L3_S2,-1704,1062,14476,207,47,-60,0,-393.89
6864,20:26:53:979,3,Severe_Damage,L3_S2,-1750,1078,14572,357,38,-31,0,-297.89
6865,20:26:53:989,3,Severe_Damage,L3_S2,-1732,1038,14758,458,46,-26,0,-111.89
6866,20:26:53:999,3,Severe_Damage,L3_S2,-1810,1138,15074,483,41,-19,0,204.11
6867,20:26:54:009,3,Severe_Damage,L3_S2,-1884,1100,15174,452,57,-27,0,304.11
6868,20:26:54:019,3,Severe_Damage,L3_S2,-1850,1178,15280,351,42,-41,0,410.11
6869,20:26:54:029,3,Severe_Damage,L3_S2,-1840,1242,15430,212,41,-60,0,560.11
6870,20:26:54:039,3,Severe_Damage,L3_S2,-1876,1240,15482,21,30,-82,0,612.11
6871,20:26:54:049,3,Severe_Damage,L3_S2,-1820,1248,15480,-180,24,-115,0,610.11
6872,20:26:54:059,3,Severe_Damage,L3_S2,-1920,1242,15366,-377,41,-143,0,496.11
6873,20:26:54:069,3,Severe_Damage,L3_S2,-1820,1182,15268,-561,13,-175,0,398.11
6874,20:26:54:079,3,Severe_Damage,L3_S2,-1796,1170,15120,-704,17,-201,0,250.11
6875,20:26:54:089,3,Severe_Damage,L3_S2,-1810,1106,14924,-802,8,-213,0,54.11
6876,20:26:54:099,3,Severe_Damage,L3_S2,-1772,1104,14772,-839,5,-216,0,-97.89
6877,20:26:54:109,3,Severe_Damage,L3_S2,-1724,1086,14626,-804,16,-218,0,-243.89
6878,20:26:54:119,3,Severe_Damage,L3_S2,-1712,1030,14506,-722,13,-210,0,-363.89
6879,20:26:54:129,3,Severe_Damage,L3_S2,-1704,994,14346,-581,19,-182,0,-523.89
6880,20:26:54:139,3,Severe_Damage,L3_S2,-1714,950,14328,-404,27,-156,0,-541.89
6881,20:26:54:149,3,Severe_Damage,L3_S2,-1658,1010,14290,-213,12,-127,0,-579.89
6882,20:26:54:159,3,Severe_Damage,L3_S2,-1704,950,14378,-23,43,-96,0,-491.89
6883,20:26:54:169,3,Severe_Damage,L3_S2,-1686,1028,14440,160,38,-72,0,-429.89
6884,20:26:54:179,3,Severe_Damage,L3_S2,-1692,1054,14638,294,49,-46,0,-231.89
6885,20:26:54:189,3,Severe_Damage,L3_S2,-1782,1118,14766,383,53,-31,0,-103.89
6886,20:26:54:199,3,Severe_Damage,L3_S2,-1784,1156,14862,421,40,-31,0,-7.89
6887,20:26:54:209,3,Severe_Damage,L3_S2,-1802,1180,15038,394,48,-33,0,168.11
6888,20:26:54:219,3,Severe_Damage,L3_S2,-1828,1190,15326,318,45,-43,0,456.11
6889,20:26:54:229,3,Severe_Damage,L3_S2,-1776,1222,15328,182,39,-57,0,458.11
6890,20:26:54:239,3,Severe_Damage,L3_S2,-1914,1202,15460,24,28,-89,0,590.11
6891,20:26:54:249,3,Severe_Damage,L3_S2,-1862,1210,15394,-160,27,-114,0,524.11
6892,20:26:54:259,3,Severe_Damage,L3_S2,-1854,1258,15252,-341,24,-142,0,382.11
6893,20:26:54:269,3,Severe_Damage,L3_S2,-1820,1180,15272,-509,22,-176,0,402.11
6894,20:26:54:279,3,Severe_Damage,L3_S2,-1864,1176,15116,-642,22,-195,0,246.11
6895,20:26:54:289,3,Severe_Damage,L3_S2,-1786,1170,14996,-738,12,-200,0,126.11
6896,20:26:54:299,3,Severe_Damage,L3_S2,-1762,1108,14860,-778,17,-212,0,-9.89
6897,20:26:54:309,3,Severe_Damage,L3_S2,-1764,1058,14624,-756,7,-206,0,-245.89
6898,20:26:54:319,3,Severe_Damage,L3_S2,-1668,1066,14520,-681,22,-206,0,-349.89
6899,20:26:54:329,3,Severe_Damage,L3_S2,-1710,1004,14454,-564,22,-182,0,-415.89
6900,20:26:54:339,3,Severe_Damage,L3_S2,-1696,972,14360,-410,26,-154,0,-509.89
6901,20:26:54:349,3,Severe_Damage,L3_S2,-1716,986,14306,-234,26,-130,0,-563.89
6902,20:26:54:359,3,Severe_Damage,L3_S2,-1744,1030,14366,-59,27,-96,0,-503.89
6903,20:26:54:369,3,Severe_Damage,L3_S2,-1664,1012,14502,108,39,-74,0,-367.89
6904,20:26:54:379,3,Severe_Damage,L3_S2,-1708,1088,14592,230,31,-54,0,-277.89
6905,20:26:54:389,3,Severe_Damage,L3_S2,-1786,1104,14766,333,41,-36,0,-103.89
6906,20:26:54:399,3,Severe_Damage,L3_S2,-1742,1156,14916,362,45,-36,0,46.11
6907,20:26:54:409,3,Severe_Damage,L3_S2,-1812,1142,15024,351,48,-32,0,154.11
6908,20:26:54:419,3,Severe_Damage,L3_S2,-1850,1194,15208,277,46,-50,0,338.11
6909,20:26:54:429,3,Severe_Damage,L3_S2,-1886,1212,15310,171,42,-69,0,440.11
6910,20:26:54:439,3,Severe_Damage,L3_S2,-1840,1212,15316,15,33,-92,0,446.11
6911,20:26:54:450,3,Severe_Damage,L3_S2,-1862,1212,15330,-138,28,-118,0,460.11
6912,20:26:54:460,3,Severe_Damage,L3_S2,-1858,1236,15316,-316,15,-139,0,446.11
6913,20:26:54:471,3,Severe_Damage,L3_S2,-1836,1176,15192,-470,27,-165,0,322.11
6914,20:26:54:479,3,Severe_Damage,L3_S2,-1796,1166,15076,-599,14,-184,0,206.11
6915,20:26:54:489,3,Severe_Damage,L3_S2,-1732,1090,14942,-680,12,-197,0,72.11
6916,20:26:54:499,3,Severe_Damage,L3_S2,-1750,1086,14822,-721,12,-203,0,-47.89
6917,20:26:54:510,3,Severe_Damage,L3_S2,-1750,1066,14728,-710,10,-203,0,-141.89
6918,20:26:54:519,3,Severe_Damage,L3_S2,-1706,1084,14490,-645,15,-196,0,-379.89
6919,20:26:54:530,3,Severe_Damage,L3_S2,-1686,998,14462,-539,28,-175,0,-407.89
6920,20:26:54:540,3,Severe_Damage,L3_S2,-1666,1048,14348,-401,26,-151,0,-521.89
6921,20:26:54:550,3,Severe_Damage,L3_S2,-1674,1014,14392,-240,34,-130,0,-477.89
6922,20:26:54:559,3,Severe_Damage,L3_S2,-1726,990,14472,-85,29,-102,0,-397.89
6923,20:26:54:569,3,Severe_Damage,L3_S2,-1702,1064,14484,62,38,-81,0,-385.89
6924,20:26:54:579,3,Severe_Damage,L3_S2,-1754,1080,14562,194,42,-64,0,-307.89
6925,20:26:54:589,3,Severe_Damage,L3_S2,-1712,1074,14804,270,49,-56,0,-65.89
6926,20:26:54:599,3,Severe_Damage,L3_S2,-1806,1170,14838,319,40,-40,0,-31.89
6927,20:26:54:609,3,Severe_Damage,L3_S2,-1782,1130,15024,300,43,-41,0,154.11
6928,20:26:54:619,3,Severe_Damage,L3_S2,-1814,1238,15176,250,47,-58,0,306.11
6929,20:26:54:629,3,Severe_Damage,L3_S2,-1860,1226,15234,143,33,-57,0,364.11
6930,20:26:54:639,3,Severe_Damage,L3_S2,-1758,1220,15280,15,44,-88,0,410.11
6931,20:26:54:649,3,Severe_Damage,L3_S2,-1876,1176,15266,-138,22,-109,0,396.11
6932,20:26:54:659,3,Severe_Damage,L3_S2,-1836,1166,15276,-289,37,-144,0,406.11
6933,20:26:54:670,3,Severe_Damage,L3_S2,-1824,1212,15212,-431,21,-166,0,342.11
6934,20:26:54:680,3,Severe_Damage,L3_S2,-1824,1150,15126,-548,16,-181,0,256.11
6935,20:26:54:689,3,Severe_Damage,L3_S2,-1770,1188,14948,-636,34,-190,0,78.11
6936,20:26:54:700,3,Severe_Damage,L3_S2,-1850,1126,14864,-679,2,-190,0,-5.89
6937,20:26:54:709,3,Severe_Damage,L3_S2,-1712,1072,14660,-668,28,-205,0,-209.89
6938,20:26:54:720,3,Severe_Damage,L3_S2,-1780,1084,14580,-620,12,-188,0,-289.89
6939,20:26:54:730,3,Severe_Damage,L3_S2,-1766,1044,14486,-519,15,-168,0,-383.89
6940,20:26:54:740,3,Severe_Damage,L3_S2,-1638,1014,14488,-393,37,-158,0,-381.89
6941,20:26:54:749,3,Severe_Damage,L3_S2,-1716,978,14372,-257,11,-118,0,-497.89
6942,20:26:54:760,3,Severe_Damage,L3_S2,-1648,1014,14524,-111,53,-115,0,-345.89
6943,20:26:54:769,3,Severe_Damage,L3_S2,-1772,1036,14506,25,15,-86,0,-363.89
6944,20:26:54:779,3,Severe_Damage,L3_S2,-1762,1060,14702,144,46,-74,0,-167.89
6945,20:26:54:790,3,Severe_Damage,L3_S2,-1688,1090,14718,227,47,-62,0,-151.89
6946,20:26:54:799,3,Severe_Damage,L3_S2,-1774,1104,14866,266,31,-37,0,-3.89
6947,20:26:54:810,3,Severe_Damage,L3_S2,-1748,1146,15048,268,63,-53,0,178.11
6948,20:26:54:819,3,Severe_Damage,L3_S2,-1824,1156,15180,213,27,-64,0,310.11
6949,20:26:54:829,3,Severe_Damage,L3_S2,-1814,1176,15160,129,51,-74,0,290.11
6950,20:26:54:839,3,Severe_Damage,L3_S2,-1852,1204,15254,9,33,-95,0,384.11
6951,20:26:54:850,3,Severe_Damage,L3_S2,-1890,1204,15306,-129,22,-103,0,436.11
6952,20:26:54:860,3,Severe_Damage,L3_S2,-1796,1206,15262,-272,36,-131,0,392.11
6953,20:26:54:869,3,Severe_Damage,L3_S2,-1870,1150,15148,-404,6,-142,0,278.11
6954,20:26:54:880,3,Severe_Damage,L3_S2,-1804,1148,15064,-514,36,-171,0,194.11
6955,20:26:54:890,3,Severe_Damage,L3_S2,-1836,1090,14980,-582,15,-184,0,110.11
6956,20:26:54:900,3,Severe_Damage,L3_S2,-1780,1142,14864,-635,14,-190,0,-5.89
6957,20:26:54:910,3,Severe_Damage,L3_S2,-1684,1086,14754,-624,31,-193,0,-115.89
6958,20:26:54:920,3,Severe_Damage,L3_S2,-1790,1068,14598,-581,6,-180,0,-271.89
6959,20:26:54:930,3,Severe_Damage,L3_S2,-1696,1046,14560,-492,40,-181,0,-309.89
6960,20:26:54:940,3,Severe_Damage,L3_S2,-1742,1006,14514,-388,13,-151,0,-355.89
6961,20:26:54:950,3,Severe_Damage,L3_S2,-1700,1004,14480,-252,36,-136,0,-389.89
6962,20:26:54:960,3,Severe_Damage,L3_S2,-1724,1052,14458,-125,32,-110,0,-411.89
6963,20:26:54:969,3,Severe_Damage,L3_S2,-1728,1000,14538,7,32,-87,0,-331.89
6964,20:26:54:980,3,Severe_Damage,L3_S2,-1744,1076,14666,115,48,-75,0,-203.89
6965,20:26:54:990,3,Severe_Damage,L3_S2,-1762,1102,14752,185,37,-49,0,-117.89
6966,20:26:54:999,3,Severe_Damage,L3_S2,-1734,1124,14936,229,48,-53,0,66.11
6967,20:26:55:009,3,Severe_Damage,L3_S2,-1828,1156,15034,227,37,-59,0,164.11
6968,20:26:55:019,3,Severe_Damage,L3_S2,-1824,1142,15032,189,40,-65,0,162.11
6969,20:26:55:029,3,Severe_Damage,L3_S2,-1794,1184,15148,106,37,-71,0,278.11
6970,20:26:55:039,3,Severe_Damage,L3_S2,-1822,1194,15238,4,24,-89,0,368.11
6971,20:26:55:050,3,Severe_Damage,L3_S2,-1800,1152,15274,-124,50,-118,0,404.11
6972,20:26:55:060,3,Severe_Damage,L3_S2,-1828,1164,15256,-247,22,-134,0,386.11
6973,20:26:55:070,3,Severe_Damage,L3_S2,-1800,1180,15168,-373,25,-160,0,298.11
6974,20:26:55:080,3,Severe_Damage,L3_S2,-1810,1162,15084,-474,17,-164,0,214.11
6975,20:26:55:090,3,Severe_Damage,L3_S2,-1784,1130,14952,-553,17,-177,0,82.11
6976,20:26:55:100,3,Severe_Damage,L3_S2,-1690,1146,14838,-588,29,-185,0,-31.89
6977,20:26:55:110,3,Severe_Damage,L3_S2,-1724,1098,14776,-594,7,-179,0,-93.89
6978,20:26:55:120,3,Severe_Damage,L3_S2,-1684,1074,14558,-551,27,-186,0,-311.89
6979,20:26:55:130,3,Severe_Damage,L3_S2,-1742,1066,14542,-478,14,-167,0,-327.89
6980,20:26:55:140,3,Severe_Damage,L3_S2,-1750,1070,14556,-372,25,-155,0,-313.89
6981,20:26:55:150,3,Severe_Damage,L3_S2,-1704,1020,14530,-263,38,-128,0,-339.89
6982,20:26:55:160,3,Severe_Damage,L3_S2,-1758,1024,14570,-139,23,-109,0,-299.89
6983,20:26:55:170,3,Severe_Damage,L3_S2,-1738,1036,14576,-25,35,-95,0,-293.89
6984,20:26:55:179,3,Severe_Damage,L3_S2,-1782,1080,14628,84,26,-75,0,-241.89
6985,20:26:55:190,3,Severe_Damage,L3_S2,-1768,1078,14764,156,43,-68,0,-105.89
6986,20:26:55:200,3,Severe_Damage,L3_S2,-1788,1114,14892,190,36,-59,0,22.11
6987,20:26:55:209,3,Severe_Damage,L3_S2,-1824,1138,15016,189,34,-54,0,146.11
6988,20:26:55:219,3,Severe_Damage,L3_S2,-1790,1158,15026,154,52,-67,0,156.11
6989,20:26:55:229,3,Severe_Damage,L3_S2,-1802,1208,15194,83,24,-75,0,324.11
6990,20:26:55:240,3,Severe_Damage,L3_S2,-1764,1146,15194,-9,50,-96,0,324.11
6991,20:26:55:250,3,Severe_Damage,L3_S2,-1834,1142,15164,-119,20,-109,0,294.11
6992,20:26:55:260,3,Severe_Damage,L3_S2,-1804,1158,15174,-237,27,-132,0,304.11
6993,20:26:55:270,3,Severe_Damage,L3_S2,-1878,1150,15116,-350,17,-150,0,246.11
6994,20:26:55:280,3,Severe_Damage,L3_S2,-1810,1140,15064,-446,17,-167,0,194.11
6995,20:26:55:290,3,Severe_Damage,L3_S2,-1810,1172,14914,-510,26,-172,0,44.11
6996,20:26:55:300,3,Severe_Damage,L3_S2,-1778,1076,14922,-556,7,-179,0,52.11
6997,20:26:55:310,3,Severe_Damage,L3_S2,-1730,1102,14754,-553,14,-174,0,-115.89
6998,20:26:55:320,3,Severe_Damage,L3_S2,-1694,1122,14634,-521,18,-174,0,-235.89
6999,20:26:55:330,3,Severe_Damage,L3_S2,-1682,1068,14528,-461,24,-168,0,-341.89
7000,20:26:55:340,3,Severe_Damage,L3_S2,-1684,1062,14588,-371,31,-146,0,-281.89
7001,20:26:55:350,3,Severe_Damage,L3_S2,-1736,1000,14504,-261,24,-130,0,-365.89
7002,20:26:55:360,3,Severe_Damage,L3_S2,-1728,1048,14518,-151,33,-118,0,-351.89
7003,20:26:55:370,3,Severe_Damage,L3_S2,-1762,1090,14642,-43,27,-93,0,-227.89
7004,20:26:55:380,3,Severe_Damage,L3_S2,-1720,1086,14692,43,42,-90,0,-177.89
7005,20:26:55:390,3,Severe_Damage,L3_S2,-1744,1080,14766,119,41,-75,0,-103.89
7006,20:26:55:400,3,Severe_Damage,L3_S2,-1770,1156,14840,152,38,-67,0,-29.89
7007,20:26:55:410,3,Severe_Damage,L3_S2,-1762,1104,14960,163,53,-65,0,90.11
7008,20:26:55:420,3,Severe_Damage,L3_S2,-1840,1180,14990,126,34,-67,0,120.11
7009,20:26:55:430,3,Severe_Damage,L3_S2,-1804,1166,15134,71,44,-79,0,264.11
7010,20:26:55:440,3,Severe_Damage,L3_S2,-1800,1154,15184,-26,34,-84,0,314.11
7011,20:26:55:450,3,Severe_Damage,L3_S2,-1822,1164,15186,-115,36,-106,0,316.11
7012,20:26:55:460,3,Severe_Damage,L3_S2,-1840,1150,15148,-228,28,-125,0,278.11
7013,20:26:55:470,3,Severe_Damage,L3_S2,-1866,1144,15110,-329,17,-140,0,240.11
7014,20:26:55:480,3,Severe_Damage,L3_S2,-1784,1156,15040,-420,25,-158,0,170.11
7015,20:26:55:490,3,Severe_Damage,L3_S2,-1804,1164,14946,-485,14,-166,0,76.11
7016,20:26:55:500,3,Severe_Damage,L3_S2,-1754,1128,14892,-523,18,-174,0,22.11
7017,20:26:55:510,3,Severe_Damage,L3_S2,-1740,1092,14782,-531,15,-175,0,-87.89
7018,20:26:55:520,3,Severe_Damage,L3_S2,-1774,1048,14774,-501,11,-175,0,-95.89
7019,20:26:55:530,3,Severe_Damage,L3_S2,-1724,1036,14614,-441,30,-169,0,-255.89
7020,20:26:55:540,3,Severe_Damage,L3_S2,-1702,1056,14586,-366,18,-148,0,-283.89
7021,20:26:55:550,3,Severe_Damage,L3_S2,-1706,1058,14608,-264,28,-128,0,-261.89
7022,20:26:55:560,3,Severe_Damage,L3_S2,-1738,1032,14564,-166,28,-116,0,-305.89
7023,20:26:55:570,3,Severe_Damage,L3_S2,-1768,1042,14622,-64,33,-95,0,-247.89
7024,20:26:55:580,3,Severe_Damage,L3_S2,-1796,1068,14712,28,44,-87,0,-157.89
7025,20:26:55:590,3,Severe_Damage,L3_S2,-1774,1106,14770,85,37,-76,0,-99.89
7026,20:26:55:600,3,Severe_Damage,L3_S2,-1764,1098,14846,127,45,-70,0,-23.89
7027,20:26:55:610,3,Severe_Damage,L3_S2,-1814,1116,14912,130,37,-69,0,42.11
7028,20:26:55:620,3,Severe_Damage,L3_S2,-1808,1158,15068,107,40,-69,0,198.11
7029,20:26:55:630,3,Severe_Damage,L3_S2,-1800,1176,15134,53,33,-83,0,264.11
7030,20:26:55:640,3,Severe_Damage,L3_S2,-1840,1142,15092,-22,35,-99,0,222.11
7031,20:26:55:650,3,Severe_Damage,L3_S2,-1818,1168,15178,-118,31,-110,0,308.11
7032,20:26:55:660,3,Severe_Damage,L3_S2,-1784,1142,15076,-211,35,-128,0,206.11
7033,20:26:55:670,3,Severe_Damage,L3_S2,-1788,1162,15096,-307,25,-142,0,226.11
7034,20:26:55:680,3,Severe_Damage,L3_S2,-1800,1162,15050,-384,24,-144,0,180.11
7035,20:26:55:690,3,Severe_Damage,L3_S2,-1740,1112,14984,-453,13,-160,0,114.11
7036,20:26:55:700,3,Severe_Damage,L3_S2,-1790,1146,14890,-488,22,-165,0,20.11
7037,20:26:55:710,3,Severe_Damage,L3_S2,-1756,1126,14820,-496,14,-174,0,-49.89
7038,20:26:55:720,3,Severe_Damage,L3_S2,-1754,1076,14746,-480,30,-170,0,-123.89
7039,20:26:55:730,3,Severe_Damage,L3_S2,-1762,1080,14650,-430,13,-164,0,-219.89
7040,20:26:55:740,3,Severe_Damage,L3_S2,-1706,1066,14650,-354,31,-154,0,-219.89
7041,20:26:55:750,3,Severe_Damage,L3_S2,-1746,1076,14638,-268,10,-131,0,-231.89
7042,20:26:55:760,3,Severe_Damage,L3_S2,-1728,1072,14568,-170,32,-125,0,-301.89
7043,20:26:55:770,3,Severe_Damage,L3_S2,-1776,1110,14648,-85,29,-107,0,-221.89
7044,20:26:55:780,3,Severe_Damage,L3_S2,-1778,1088,14672,-1,37,-91,0,-197.89
7045,20:26:55:790,3,Severe_Damage,L3_S2,-1742,1124,14804,57,43,-82,0,-65.89
7046,20:26:55:800,3,Severe_Damage,L3_S2,-1808,1110,14832,93,34,-67,0,-37.89
7047,20:26:55:810,3,Severe_Damage,L3_S2,-1772,1092,14932,106,50,-79,0,62.11
7048,20:26:55:820,3,Severe_Damage,L3_S2,-1838,1160,15138,29,36,-90,0,268.11
7049,20:26:55:830,3,Severe_Damage,L3_S2,-1768,1198,15110,-32,27,-97,0,240.11
7050,20:26:55:840,3,Severe_Damage,L3_S2,-1818,1166,15174,-109,17,-107,0,304.11
7051,20:26:55:850,3,Severe_Damage,L3_S2,-1762,1146,15094,-201,34,-132,0,224.11
7052,20:26:55:860,3,Severe_Damage,L3_S2,-1862,1098,15054,-290,11,-134,0,184.11
7053,20:26:55:870,3,Severe_Damage,L3_S2,-1812,1124,15038,-368,36,-157,0,168.11
7054,20:26:55:880,3,Severe_Damage,L3_S2,-1800,1102,14974,-426,21,-161,0,104.11
7055,20:26:55:890,3,Severe_Damage,L3_S2,-1794,1120,14898,-464,18,-166,0,28.11
7056,20:26:55:900,3,Severe_Damage,L3_S2,-1726,1086,14808,-467,31,-169,0,-61.89
7057,20:26:55:910,3,Severe_Damage,L3_S2,-1788,1084,14698,-454,7,-159,0,-171.89
7058,20:26:55:920,3,Severe_Damage,L3_S2,-1744,1106,14722,-411,37,-158,0,-147.89
7059,20:26:55:930,3,Severe_Damage,L3_S2,-1720,1008,14648,-346,19,-142,0,-221.89
7060,20:26:55:940,3,Severe_Damage,L3_S2,-1698,1078,14636,-264,28,-135,0,-233.89
7061,20:26:55:950,3,Severe_Damage,L3_S2,-1716,1038,14634,-183,34,-120,0,-235.89
7062,20:26:55:960,3,Severe_Damage,L3_S2,-1764,1022,14712,-100,22,-105,0,-157.89
7063,20:26:55:970,3,Severe_Damage,L3_S2,-1700,1076,14686,-23,44,-98,0,-183.89
7064,20:26:55:980,3,Severe_Damage,L3_S2,-1794,1118,14774,28,27,-88,0,-95.89
7065,20:26:55:990,3,Severe_Damage,L3_S2,-1740,1064,14816,70,42,-79,0,-53.89
7066,20:26:56:000,3,Severe_Damage,L3_S2,-1764,1162,14904,77,37,-77,0,34.11
7067,20:26:56:010,3,Severe_Damage,L3_S2,-1762,1100,14984,57,29,-77,0,114.11
7068,20:26:56:020,3,Severe_Damage,L3_S2,-1750,1154,15144,13,50,-95,0,274.11
7069,20:26:56:030,3,Severe_Damage,L3_S2,-1832,1142,15028,-43,18,-95,0,158.11
7070,20:26:56:040,3,Severe_Damage,L3_S2,-1772,1140,15098,-119,46,-110,0,228.11
7071,20:26:56:050,3,Severe_Damage,L3_S2,-1888,1134,15068,-199,24,-118,0,198.11
7072,20:26:56:060,3,Severe_Damage,L3_S2,-1814,1166,15150,-276,26,-136,0,280.11
7073,20:26:56:070,3,Severe_Damage,L3_S2,-1762,1170,15018,-342,29,-150,0,148.11
7074,20:26:56:080,3,Severe_Damage,L3_S2,-1784,1110,14966,-405,15,-158,0,96.11
7075,20:26:56:090,3,Severe_Damage,L3_S2,-1776,1076,14900,-434,36,-169,0,30.11
7076,20:26:56:100,3,Severe_Damage,L3_S2,-1792,1096,14824,-447,16,-157,0,-45.89
7077,20:26:56:110,3,Severe_Damage,L3_S2,-1732,1092,14788,-426,27,-167,0,-81.89
7078,20:26:56:120,3,Severe_Damage,L3_S2,-1742,1086,14754,-395,24,-155,0,-115.89
7079,20:26:56:130,3,Severe_Damage,L3_S2,-1750,1062,14642,-337,17,-149,0,-227.89
7080,20:26:56:140,3,Severe_Damage,L3_S2,-1696,1124,14646,-267,33,-137,0,-223.89
7081,20:26:56:150,3,Severe_Damage,L3_S2,-1724,1094,14646,-186,25,-115,0,-223.89
7082,20:26:56:160,3,Severe_Damage,L3_S2,-1746,1052,14718,-113,41,-115,0,-151.89
7083,20:26:56:170,3,Severe_Damage,L3_S2,-1754,1066,14762,-44,37,-96,0,-107.89
7084,20:26:56:180,3,Severe_Damage,L3_S2,-1724,1152,14774,14,39,-87,0,-95.89
7085,20:26:56:190,3,Severe_Damage,L3_S2,-1772,1148,14818,51,42,-93,0,-51.89
7086,20:26:56:200,3,Severe_Damage,L3_S2,-1820,1140,14906,58,27,-86,0,36.11
7087,20:26:56:210,3,Severe_Damage,L3_S2,-1734,1152,15002,48,46,-95,0,132.11
7088,20:26:56:220,3,Severe_Damage,L3_S2,-1800,1124,15028,6,21,-88,0,158.11
7089,20:26:56:230,3,Severe_Damage,L3_S2,-1758,1162,15046,-46,31,-106,0,176.11
7090,20:26:56:240,3,Severe_Damage,L3_S2,-1810,1166,15050,-117,34,-116,0,180.11
7091,20:26:56:250,3,Severe_Damage,L3_S2,-1826,1150,15092,-195,25,-114,0,222.11
7092,20:26:56:260,3,Severe_Damage,L3_S2,-1794,1112,14992,-259,38,-141,0,122.11
7093,20:26:56:270,3,Severe_Damage,L3_S2,-1844,1106,14936,-333,24,-150,0,66.11
7094,20:26:56:280,3,Severe_Damage,L3_S2,-1790,1128,14952,-378,29,-158,0,82.11
7095,20:26:56:290,3,Severe_Damage,L3_S2,-1746,1100,14882,-409,23,-159,0,12.11
7096,20:26:56:300,3,Severe_Damage,L3_S2,-1786,1132,14858,-419,29,-156,0,-11.89
7097,20:26:56:310,3,Severe_Damage,L3_S2,-1690,1024,14768,-405,32,-155,0,-101.89
7098,20:26:56:320,3,Severe_Damage,L3_S2,-1772,1082,14674,-381,29,-142,0,-195.89
7099,20:26:56:330,3,Severe_Damage,L3_S2,-1736,1038,14686,-330,36,-140,0,-183.89
7100,20:26:56:340,3,Severe_Damage,L3_S2,-1780,1064,14602,-269,31,-132,0,-267.89
7101,20:26:56:350,3,Severe_Damage,L3_S2,-1722,1076,14634,-196,33,-125,0,-235.89
7102,20:26:56:360,3,Severe_Damage,L3_S2,-1762,1084,14666,-122,44,-115,0,-203.89
7103,20:26:56:370,3,Severe_Damage,L3_S2,-1704,1058,14738,-64,28,-98,0,-131.89
7104,20:26:56:380,3,Severe_Damage,L3_S2,-1770,1098,14740,-11,41,-93,0,-129.89
7105,20:26:56:390,3,Severe_Damage,L3_S2,-1746,1112,14806,21,26,-86,0,-63.89
7106,20:26:56:400,3,Severe_Damage,L3_S2,-1772,1070,14898,37,47,-84,0,28.11
7107,20:26:56:410,3,Severe_Damage,L3_S2,-1800,1116,14850,26,33,-85,0,-19.89
7108,20:26:56:420,3,Severe_Damage,L3_S2,-1758,1116,15030,-7,37,-95,0,160.11
7109,20:26:56:430,3,Severe_Damage,L3_S2,-1818,1134,15062,-54,39,-98,0,192.11
7110,20:26:56:440,3,Severe_Damage,L3_S2,-1820,1146,15082,-117,26,-105,0,212.11
7111,20:26:56:450,3,Severe_Damage,L3_S2,-1754,1136,15054,-183,30,-122,0,184.11
7112,20:26:56:460,3,Severe_Damage,L3_S2,-1844,1186,15064,-258,23,-125,0,194.11
7113,20:26:56:470,3,Severe_Damage,L3_S2,-1812,1172,14968,-309,33,-138,0,98.11
7114,20:26:56:480,3,Severe_Damage,L3_S2,-1782,1142,14982,-362,24,-149,0,112.11
7115,20:26:56:490,3,Severe_Damage,L3_S2,-1798,1092,14908,-394,23,-158,0,38.11
7116,20:26:56:500,3,Severe_Damage,L3_S2,-1728,1084,14838,-406,29,-159,0,-31.89
7117,20:26:56:510,3,Severe_Damage,L3_S2,-1734,1092,14732,-390,16,-153,0,-137.89
7118,20:26:56:520,3,Severe_Damage,L3_S2,-1790,1064,14682,-368,28,-153,0,-187.89
7119,20:26:56:530,3,Severe_Damage,L3_S2,-1748,1100,14642,-321,20,-151,0,-227.89
7120,20:26:56:540,3,Severe_Damage,L3_S2,-1750,1042,14656,-262,28,-134,0,-213.89
7121,20:26:56:550,3,Severe_Damage,L3_S2,-1732,1026,14704,-194,32,-120,0,-165.89
7122,20:26:56:560,3,Severe_Damage,L3_S2,-1754,1088,14694,-138,21,-114,0,-175.89
7123,20:26:56:570,3,Severe_Damage,L3_S2,-1754,1104,14692,-73,33,-108,0,-177.89
7124,20:26:56:580,3,Severe_Damage,L3_S2,-1764,1118,14778,-31,34,-104,0,-91.89
7125,20:26:56:590,3,Severe_Damage,L3_S2,-1812,1110,14740,2,36,-93,0,-129.89
7126,20:26:56:600,3,Severe_Damage,L3_S2,-1750,1116,14884,12,35,-97,0,14.11
7127,20:26:56:610,3,Severe_Damage,L3_S2,-1816,1156,14864,4,32,-89,0,-5.89
7128,20:26:56:620,3,Severe_Damage,L3_S2,-1810,1166,14946,-22,34,-91,0,76.11
7129,20:26:56:630,3,Severe_Damage,L3_S2,-1784,1102,15100,-66,26,-98,0,230.11
7130,20:26:56:640,3,Severe_Damage,L3_S2,-1784,1146,15088,-119,33,-108,0,218.11
7131,20:26:56:650,3,Severe_Damage,L3_S2,-1822,1130,15038,-179,29,-131,0,168.11
7132,20:26:56:660,3,Severe_Damage,L3_S2,-1800,1138,15004,-248,19,-127,0,134.11
7133,20:26:56:670,3,Severe_Damage,L3_S2,-1762,1116,14936,-297,39,-138,0,66.11
7134,20:26:56:680,3,Severe_Damage,L3_S2,-1782,1082,14872,-352,15,-148,0,2.11
7135,20:26:56:690,3,Severe_Damage,L3_S2,-1804,1116,15004,-374,22,-154,0,134.11
7136,20:26:56:700,3,Severe_Damage,L3_S2,-1756,1170,14860,-387,22,-158,0,-9.89
7137,20:26:56:710,3,Severe_Damage,L3_S2,-1752,1102,14836,-386,28,-153,0,-33.89
7138,20:26:56:720,3,Severe_Damage,L3_S2,-1760,1058,14778,-357,31,-149,0,-91.89
7139,20:26:56:730,3,Severe_Damage,L3_S2,-1712,1064,14646,-316,25,-145,0,-223.89
7140,20:26:56:740,3,Severe_Damage,L3_S2,-1754,1094,14660,-258,25,-136,0,-209.89
7141,20:26:56:750,3,Severe_Damage,L3_S2,-1752,1096,14646,-206,26,-134,0,-223.89
7142,20:26:56:760,3,Severe_Damage,L3_S2,-1766,1078,14672,-146,29,-115,0,-197.89
7143,20:26:56:770,3,Severe_Damage,L3_S2,-1788,1110,14820,-90,34,-102,0,-49.89
7144,20:26:56:780,3,Severe_Damage,L3_S2,-1796,1128,14808,-50,32,-105,0,-61.89
7145,20:26:56:790,3,Severe_Damage,L3_S2,-1740,1144,14808,-20,40,-95,0,-61.89
7146,20:26:56:800,3,Severe_Damage,L3_S2,-1742,1122,14880,-4,40,-92,0,10.11
7147,20:26:56:810,3,Severe_Damage,L3_S2,-1724,1114,14910,-9,27,-94,0,40.11
7148,20:26:56:820,3,Severe_Damage,L3_S2,-1814,1152,14912,-35,35,-93,0,42.11
7149,20:26:56:830,3,Severe_Damage,L3_S2,-1754,1132,15034,-78,28,-106,0,164.11
7150,20:26:56:840,3,Severe_Damage,L3_S2,-1780,1154,14970,-122,39,-113,0,100.11
7151,20:26:56:850,3,Severe_Damage,L3_S2,-1810,1152,15050,-179,26,-115,0,180.11
7152,20:26:56:860,3,Severe_Damage,L3_S2,-1770,1152,14984,-232,28,-130,0,114.11
7153,20:26:56:870,3,Severe_Damage,L3_S2,-1808,1126,14914,-288,31,-142,0,44.11
7154,20:26:56:880,3,Severe_Damage,L3_S2,-1778,1158,14980,-329,27,-147,0,110.11
7155,20:26:56:891,3,Severe_Damage,L3_S2,-1782,1092,14944,-366,28,-148,0,74.11
7156,20:26:56:900,3,Severe_Damage,L3_S2,-1778,1080,14806,-369,28,-148,0,-63.89
7157,20:26:56:910,3,Severe_Damage,L3_S2,-1766,1080,14862,-362,26,-147,0,-7.89
7158,20:26:56:920,3,Severe_Damage,L3_S2,-1772,1110,14694,-342,17,-148,0,-175.89
7159,20:26:56:930,3,Severe_Damage,L3_S2,-1740,1078,14768,-298,24,-140,0,-101.89
7160,20:26:56:940,3,Severe_Damage,L3_S2,-1744,1090,14760,-260,22,-123,0,-109.89
7161,20:26:56:951,3,Severe_Damage,L3_S2,-1744,1084,14698,-199,28,-119,0,-171.89
7162,20:26:56:960,3,Severe_Damage,L3_S2,-1758,1116,14780,-153,25,-119,0,-89.89
7163,20:26:56:970,3,Severe_Damage,L3_S2,-1706,1120,14726,-103,25,-108,0,-143.89
7164,20:26:56:980,3,Severe_Damage,L3_S2,-1746,1078,14774,-60,41,-101,0,-95.89
7165,20:26:56:990,3,Severe_Damage,L3_S2,-1778,1096,14868,-29,31,-94,0,-1.89
7166,20:26:57:000,3,Severe_Damage,L3_S2,-1768,1156,14834,-26,38,-94,0,-35.89
7167,20:26:57:010,3,Severe_Damage,L3_S2,-1786,1090,14916,-26,31,-92,0,46.11
7168,20:26:57:020,3,Severe_Damage,L3_S2,-1788,1132,14932,-51,38,-94,0,62.11
7169,20:26:57:031,3,Severe_Damage,L3_S2,-1768,1140,15038,-79,38,-103,0,168.11
7170,20:26:57:040,3,Severe_Damage,L3_S2,-1834,1088,14990,-133,28,-102,0,120.11
7171,20:26:57:051,3,Severe_Damage,L3_S2,-1792,1136,14986,-173,35,-116,0,116.11
7172,20:26:57:060,3,Severe_Damage,L3_S2,-1762,1102,15024,-225,20,-126,0,154.11
7173,20:26:57:070,3,Severe_Damage,L3_S2,-1774,1132,15020,-273,23,-139,0,150.11
7174,20:26:57:080,3,Severe_Damage,L3_S2,-1800,1122,15000,-316,20,-140,0,130.11
7175,20:26:57:090,3,Severe_Damage,L3_S2,-1744,1114,14896,-341,18,-148,0,26.11
7176,20:26:57:100,3,Severe_Damage,L3_S2,-1798,1082,14846,-350,29,-151,0,-23.89
7177,20:26:57:110,3,Severe_Damage,L3_S2,-1762,1100,14772,-351,24,-150,0,-97.89
7178,20:26:57:120,3,Severe_Damage,L3_S2,-1762,1090,14822,-326,29,-144,0,-47.89
7179,20:26:57:131,3,Severe_Damage,L3_S2,-1740,1062,14738,-297,29,-145,0,-131.89
7180,20:26:57:140,3,Severe_Damage,L3_S2,-1710,1058,14734,-252,29,-133,0,-135.89
7181,20:26:57:151,3,Severe_Damage,L3_S2,-1750,1112,14794,-209,35,-122,0,-75.89
7182,20:26:57:160,3,Severe_Damage,L3_S2,-1748,1094,14700,-160,27,-115,0,-169.89
7183,20:26:57:170,3,Severe_Damage,L3_S2,-1664,1122,14776,-119,38,-119,0,-93.89
7184,20:26:57:180,3,Severe_Damage,L3_S2,-1738,1102,14784,-73,25,-97,0,-85.89
7185,20:26:57:191,3,Severe_Damage,L3_S2,-1750,1080,14880,-46,36,-103,0,10.11
7186,20:26:57:200,3,Severe_Damage,L3_S2,-1790,1094,14884,-34,30,-101,0,14.11
7187,20:26:57:210,3,Severe_Damage,L3_S2,-1812,1126,14872,-41,27,-97,0,2.11
7188,20:26:57:220,3,Severe_Damage,L3_S2,-1768,1118,14914,-52,43,-104,0,44.11
7189,20:26:57:230,3,Severe_Damage,L3_S2,-1796,1144,14972,-90,24,-108,0,102.11
7190,20:26:57:240,3,Severe_Damage,L3_S2,-1804,1106,14974,-130,30,-112,0,104.11
7191,20:26:57:251,3,Severe_Damage,L3_S2,-1818,1104,15020,-176,23,-120,0,150.11
7192,20:26:57:261,3,Severe_Damage,L3_S2,-1812,1166,14998,-223,29,-124,0,128.11
7193,20:26:57:271,3,Severe_Damage,L3_S2,-1754,1122,14938,-268,29,-127,0,68.11
7194,20:26:57:280,3,Severe_Damage,L3_S2,-1822,1120,14922,-298,20,-132,0,52.11
7195,20:26:57:291,3,Severe_Damage,L3_S2,-1774,1118,14852,-325,22,-143,0,-17.89
7196,20:26:57:300,3,Severe_Damage,L3_S2,-1772,1108,14892,-341,26,-149,0,22.11
7197,20:26:57:311,3,Severe_Damage,L3_S2,-1804,1142,14846,-342,21,-143,0,-23.89
7198,20:26:57:321,3,Severe_Damage,L3_S2,-1716,1052,14806,-323,29,-138,0,-63.89
7199,20:26:57:331,3,Severe_Damage,L3_S2,-1790,1062,14722,-290,18,-136,0,-147.89
7200,20:26:57:341,3,Severe_Damage,L3_S2,-1770,1082,14792,-249,35,-126,0,-77.89
7201,20:26:57:351,3,Severe_Damage,L3_S2,-1752,1084,14780,-208,27,-125,0,-89.89
7202,20:26:57:361,3,Severe_Damage,L3_S2,-1752,1050,14778,-163,32,-120,0,-91.89
7203,20:26:57:371,3,Severe_Damage,L3_S2,-1738,1030,14764,-123,33,-106,0,-105.89
7204,20:26:57:380,3,Severe_Damage,L3_S2,-1736,1092,14818,-88,33,-104,0,-51.89
7205,20:26:57:391,3,Severe_Damage,L3_S2,-1762,1128,14900,-67,34,-103,0,30.11
7206,20:26:57:400,3,Severe_Damage,L3_S2,-1786,1142,14876,-54,35,-100,0,6.11
7207,20:26:57:411,3,Severe_Damage,L3_S2,-1782,1104,14920,-52,31,-104,0,50.11
7208,20:26:57:420,3,Severe_Damage,L3_S2,-1798,1142,14968,-62,29,-98,0,98.11
7209,20:26:57:430,3,Severe_Damage,L3_S2,-1818,1138,14932,-91,24,-102,0,62.11
7210,20:26:57:441,3,Severe_Damage,L3_S2,-1818,1106,15074,-130,34,-114,0,204.11
7211,20:26:57:451,3,Severe_Damage,L3_S2,-1774,1126,14976,-177,32,-116,0,106.11
7212,20:26:57:461,3,Severe_Damage,L3_S2,-1792,1164,14928,-214,29,-121,0,58.11
7213,20:26:57:471,3,Severe_Damage,L3_S2,-1808,1126,14968,-260,30,-133,0,98.11
7214,20:26:57:481,3,Severe_Damage,L3_S2,-1806,1138,14948,-293,24,-135,0,78.11
7215,20:26:57:491,3,Severe_Damage,L3_S2,-1826,1140,14838,-311,25,-134,0,-31.89
7216,20:26:57:501,3,Severe_Damage,L3_S2,-1782,1092,14908,-326,25,-145,0,38.11
7217,20:26:57:511,3,Severe_Damage,L3_S2,-1786,1126,14752,-320,31,-142,0,-117.89
7218,20:26:57:521,3,Severe_Damage,L3_S2,-1764,1122,14820,-312,31,-140,0,-49.89
7219,20:26:57:531,3,Severe_Damage,L3_S2,-1746,1102,14752,-283,27,-132,0,-117.89
7220,20:26:57:541,3,Severe_Damage,L3_S2,-1738,1116,14788,-248,32,-132,0,-81.89
7221,20:26:57:551,3,Severe_Damage,L3_S2,-1702,1092,14764,-207,31,-128,0,-105.89
7222,20:26:57:561,3,Severe_Damage,L3_S2,-1722,1076,14768,-167,27,-121,0,-101.89
7223,20:26:57:571,3,Severe_Damage,L3_S2,-1734,1054,14832,-126,38,-112,0,-37.89
7224,20:26:57:581,3,Severe_Damage,L3_S2,-1774,1084,14804,-90,27,-103,0,-65.89
7225,20:26:57:591,3,Severe_Damage,L3_S2,-1722,1110,14830,-67,43,-101,0,-39.89
7226,20:26:57:601,3,Severe_Damage,L3_S2,-1756,1090,14946,-53,41,-106,0,76.11
7227,20:26:57:610,3,Severe_Damage,L3_S2,-1780,1080,14948,-58,34,-98,0,78.11
7228,20:26:57:621,3,Severe_Damage,L3_S2,-1818,1094,14918,-76,34,-101,0,48.11
7229,20:26:57:631,3,Severe_Damage,L3_S2,-1758,1094,14958,-105,23,-105,0,88.11
7230,20:26:57:641,3,Severe_Damage,L3_S2,-1786,1142,14960,-135,35,-110,0,90.11
7231,20:26:57:651,3,Severe_Damage,L3_S2,-1772,1142,15016,-174,28,-120,0,146.11
7232,20:26:57:661,3,Severe_Damage,L3_S2,-1784,1144,15000,-217,28,-125,0,130.11
7233,20:26:57:671,3,Severe_Damage,L3_S2,-1780,1178,15032,-249,24,-134,0,162.11
7234,20:26:57:681,3,Severe_Damage,L3_S2,-1796,1144,14984,-283,29,-135,0,114.11
7235,20:26:57:691,3,Severe_Damage,L3_S2,-1742,1110,14908,-303,30,-140,0,38.11
7236,20:26:57:701,3,Severe_Damage,L3_S2,-1802,1138,14828,-314,22,-135,0,-41.89
7237,20:26:57:711,3,Severe_Damage,L3_S2,-1744,1152,14868,-316,28,-142,0,-1.89
7238,20:26:57:721,3,Severe_Damage,L3_S2,-1752,1094,14808,-301,21,-138,0,-61.89
7239,20:26:57:731,3,Severe_Damage,L3_S2,-1752,1108,14764,-275,27,-134,0,-105.89
7240,20:26:57:741,3,Severe_Damage,L3_S2,-1744,1080,14750,-245,24,-134,0,-119.89
7241,20:26:57:751,3,Severe_Damage,L3_S2,-1782,1088,14744,-211,28,-126,0,-125.89
7242,20:26:57:761,3,Severe_Damage,L3_S2,-1742,1068,14732,-170,31,-121,0,-137.89
7243,20:26:57:771,3,Severe_Damage,L3_S2,-1788,1098,14734,-141,24,-104,0,-135.89
7244,20:26:57:781,3,Severe_Damage,L3_S2,-1738,1064,14816,-104,36,-108,0,-53.89
7245,20:26:57:791,3,Severe_Damage,L3_S2,-1790,1092,14868,-84,33,-96,0,-1.89
7246,20:26:57:801,3,Severe_Damage,L3_S2,-1760,1116,14796,-75,28,-99,0,-73.89
7247,20:26:57:811,3,Severe_Damage,L3_S2,-1762,1164,14970,-74,37,-109,0,100.11
7248,20:26:57:821,3,Severe_Damage,L3_S2,-1864,1158,14940,-86,33,-104,0,70.11
7249,20:26:57:831,3,Severe_Damage,L3_S2,-1774,1128,15008,-99,31,-102,0,138.11
7250,20:26:57:841,3,Severe_Damage,L3_S2,-1742,1152,14956,-130,29,-123,0,86.11
7251,20:26:57:851,3,Severe_Damage,L3_S2,-1812,1128,14904,-172,25,-117,0,34.11
7252,20:26:57:861,3,Severe_Damage,L3_S2,-1748,1110,14962,-205,34,-126,0,92.11
7253,20:26:57:871,3,Severe_Damage,L3_S2,-1824,1166,14950,-241,27,-124,0,80.11
7254,20:26:57:881,3,Severe_Damage,L3_S2,-1754,1132,15046,-267,27,-131,0,176.11
7255,20:26:57:891,3,Severe_Damage,L3_S2,-1730,1160,14914,-286,27,-139,0,44.11
7256,20:26:57:901,3,Severe_Damage,L3_S2,-1784,1146,14868,-297,30,-146,0,-1.89
7257,20:26:57:911,3,Severe_Damage,L3_S2,-1746,1090,14782,-305,30,-145,0,-87.89
7258,20:26:57:921,3,Severe_Damage,L3_S2,-1776,1094,14720,-296,24,-140,0,-149.89
7259,20:26:57:931,3,Severe_Damage,L3_S2,-1738,1084,14778,-276,28,-132,0,-91.89
7260,20:26:57:941,3,Severe_Damage,L3_S2,-1766,1118,14756,-246,26,-132,0,-113.89
7261,20:26:57:951,3,Severe_Damage,L3_S2,-1752,1094,14728,-209,27,-123,0,-141.89
7262,20:26:57:961,3,Severe_Damage,L3_S2,-1732,1120,14802,-177,26,-122,0,-67.89
7263,20:26:57:971,3,Severe_Damage,L3_S2,-1714,1104,14818,-139,30,-111,0,-51.89
7264,20:26:57:981,3,Severe_Damage,L3_S2,-1766,1074,14872,-113,30,-109,0,2.11
7265,20:26:57:991,3,Severe_Damage,L3_S2,-1764,1118,14798,-96,36,-104,0,-71.89
7266,20:26:58:001,3,Severe_Damage,L3_S2,-1758,1106,14824,-83,33,-101,0,-45.89
7267,20:26:58:011,3,Severe_Damage,L3_S2,-1818,1104,14964,-80,34,-99,0,94.11
7268,20:26:58:021,3,Severe_Damage,L3_S2,-1764,1124,14880,-87,26,-110,0,10.11
7269,20:26:58:031,3,Severe_Damage,L3_S2,-1802,1166,14940,-111,38,-117,0,70.11
7270,20:26:58:041,3,Severe_Damage,L3_S2,-1784,1108,15018,-142,32,-119,0,148.11
7271,20:26:58:051,3,Severe_Damage,L3_S2,-1810,1148,14976,-172,36,-120,0,106.11
7272,20:26:58:061,3,Severe_Damage,L3_S2,-1792,1174,14962,-202,38,-126,0,92.11
7273,20:26:58:071,3,Severe_Damage,L3_S2,-1800,1106,14944,-231,31,-134,0,74.11
7274,20:26:58:081,3,Severe_Damage,L3_S2,-1814,1160,14930,-266,32,-137,0,60.11
7275,20:26:58:091,3,Severe_Damage,L3_S2,-1784,1106,14920,-283,26,-136,0,50.11
7276,20:26:58:101,3,Severe_Damage,L3_S2,-1760,1128,14884,-294,31,-135,0,14.11
7277,20:26:58:111,3,Severe_Damage,L3_S2,-1780,1120,14806,-300,24,-142,0,-63.89
7278,20:26:58:121,3,Severe_Damage,L3_S2,-1762,1066,14764,-280,28,-139,0,-105.89
7279,20:26:58:131,3,Severe_Damage,L3_S2,-1750,1092,14816,-268,31,-134,0,-53.89
7280,20:26:58:141,3,Severe_Damage,L3_S2,-1784,1110,14842,-241,26,-127,0,-27.89
7281,20:26:58:151,3,Severe_Damage,L3_S2,-1756,1106,14798,-210,41,-128,0,-71.89
7282,20:26:58:161,3,Severe_Damage,L3_S2,-1746,1056,14812,-177,32,-121,0,-57.89
7283,20:26:58:171,3,Severe_Damage,L3_S2,-1760,1072,14834,-152,35,-118,0,-35.89
7284,20:26:58:181,3,Severe_Damage,L3_S2,-1748,1088,14786,-127,32,-112,0,-83.89
7285,20:26:58:191,3,Severe_Damage,L3_S2,-1792,1152,14846,-109,36,-112,0,-23.89
7286,20:26:58:201,3,Severe_Damage,L3_S2,-1792,1104,14960,-93,36,-104,0,90.11
7287,20:26:58:211,3,Severe_Damage,L3_S2,-1760,1122,14894,-91,27,-105,0,24.11
7288,20:26:58:221,3,Severe_Damage,L3_S2,-1744,1134,14910,-99,28,-109,0,40.11
7289,20:26:58:231,3,Severe_Damage,L3_S2,-1740,1146,15012,-125,34,-112,0,142.11
7290,20:26:58:241,3,Severe_Damage,L3_S2,-1796,1168,14982,-136,28,-115,0,112.11
7291,20:26:58:251,3,Severe_Damage,L3_S2,-1766,1112,14990,-170,30,-122,0,120.11
7292,20:26:58:261,3,Severe_Damage,L3_S2,-1766,1150,14968,-203,32,-131,0,98.11
7293,20:26:58:271,3,Severe_Damage,L3_S2,-1812,1106,14948,-229,33,-128,0,78.11
7294,20:26:58:281,3,Severe_Damage,L3_S2,-1800,1118,14968,-259,34,-130,0,98.11
7295,20:26:58:291,3,Severe_Damage,L3_S2,-1792,1102,14888,-277,26,-132,0,18.11
7296,20:26:58:301,3,Severe_Damage,L3_S2,-1760,1062,14876,-288,29,-130,0,6.11
7297,20:26:58:311,3,Severe_Damage,L3_S2,-1778,1082,14882,-293,20,-139,0,12.11
7298,20:26:58:321,3,Severe_Damage,L3_S2,-1812,1094,14798,-284,33,-144,0,-71.89
7299,20:26:58:331,3,Severe_Damage,L3_S2,-1712,1062,14808,-268,26,-138,0,-61.89
7300,20:26:58:341,3,Severe_Damage,L3_S2,-1732,1054,14766,-246,33,-124,0,-103.89
7301,20:26:58:351,3,Severe_Damage,L3_S2,-1750,1064,14848,-213,31,-121,0,-21.89
7302,20:26:58:361,3,Severe_Damage,L3_S2,-1758,1102,14814,-185,26,-117,0,-55.89
7303,20:26:58:371,3,Severe_Damage,L3_S2,-1734,1094,14746,-153,35,-114,0,-123.89
7304,20:26:58:381,3,Severe_Damage,L3_S2,-1780,1116,14794,-134,31,-106,0,-75.89
7305,20:26:58:391,3,Severe_Damage,L3_S2,-1772,1110,14856,-110,32,-107,0,-13.89
7306,20:26:58:401,3,Severe_Damage,L3_S2,-1720,1116,14852,-101,30,-108,0,-17.89
7307,20:26:58:411,3,Severe_Damage,L3_S2,-1784,1124,14928,-103,24,-107,0,58.11
7308,20:26:58:421,3,Severe_Damage,L3_S2,-1778,1146,14954,-109,40,-113,0,84.11
7309,20:26:58:431,3,Severe_Damage,L3_S2,-1832,1142,14998,-121,31,-114,0,128.11
7310,20:26:58:441,3,Severe_Damage,L3_S2,-1750,1126,14932,-150,36,-119,0,62.11
7311,20:26:58:451,3,Severe_Damage,L3_S2,-1826,1158,14904,-168,29,-116,0,34.11
7312,20:26:58:461,3,Severe_Damage,L3_S2,-1842,1118,14978,-199,31,-122,0,108.11
7313,20:26:58:471,3,Severe_Damage,L3_S2,-1798,1118,14932,-221,29,-130,0,62.11
7314,20:26:58:481,3,Severe_Damage,L3_S2,-1748,1092,14904,-244,19,-134,0,34.11
7315,20:26:58:491,3,Severe_Damage,L3_S2,-1768,1140,14826,-266,25,-135,0,-43.89
7316,20:26:58:501,3,Severe_Damage,L3_S2,-1766,1068,14904,-281,29,-137,0,34.11
7317,20:26:58:511,3,Severe_Damage,L3_S2,-1756,1074,14838,-277,28,-142,0,-31.89
7318,20:26:58:521,3,Severe_Damage,L3_S2,-1732,1106,14870,-271,26,-143,0,0.11
7319,20:26:58:531,3,Severe_Damage,L3_S2,-1766,1108,14814,-255,29,-134,0,-55.89
7320,20:26:58:541,3,Severe_Damage,L3_S2,-1748,1048,14732,-240,29,-131,0,-137.89
7321,20:26:58:551,3,Severe_Damage,L3_S2,-1746,1122,14814,-211,27,-125,0,-55.89
7322,20:26:58:561,3,Severe_Damage,L3_S2,-1764,1112,14792,-185,31,-127,0,-77.89
7323,20:26:58:571,3,Severe_Damage,L3_S2,-1772,1098,14788,-167,31,-123,0,-81.89
7324,20:26:58:581,3,Severe_Damage,L3_S2,-1780,1074,14818,-136,28,-114,0,-51.89
7325,20:26:58:591,3,Severe_Damage,L3_S2,-1740,1106,14940,-127,29,-112,0,70.11
7326,20:26:58:601,3,Severe_Damage,L3_S2,-1766,1136,14842,-112,29,-114,0,-27.89
7327,20:26:58:611,3,Severe_Damage,L3_S2,-1766,1108,14940,-113,34,-110,0,70.11
7328,20:26:58:621,3,Severe_Damage,L3_S2,-1776,1106,14906,-115,32,-109,0,36.11
7329,20:26:58:631,3,Severe_Damage,L3_S2,-1748,1118,14974,-126,36,-110,0,104.11
7330,20:26:58:641,3,Severe_Damage,L3_S2,-1822,1132,15040,-150,35,-111,0,170.11
7331,20:26:58:651,3,Severe_Damage,L3_S2,-1804,1162,14980,-174,31,-118,0,110.11
7332,20:26:58:661,3,Severe_Damage,L3_S2,-1770,1104,15032,-199,31,-128,0,162.11
7333,20:26:58:671,3,Severe_Damage,L3_S2,-1786,1140,14880,-219,22,-121,0,10.11
7334,20:26:58:681,3,Severe_Damage,L3_S2,-1748,1110,14920,-238,23,-124,0,50.11
7335,20:26:58:691,3,Severe_Damage,L3_S2,-1796,1116,14846,-262,21,-131,0,-23.89
7336,20:26:58:701,3,Severe_Damage,L3_S2,-1762,1140,14898,-265,28,-136,0,28.11
7337,20:26:58:711,3,Severe_Damage,L3_S2,-1752,1090,14844,-272,28,-130,0,-25.89
7338,20:26:58:721,3,Severe_Damage,L3_S2,-1792,1092,14788,-261,21,-130,0,-81.89
7339,20:26:58:731,3,Severe_Damage,L3_S2,-1760,1066,14782,-254,30,-133,0,-87.89
7340,20:26:58:741,3,Severe_Damage,L3_S2,-1766,1026,14764,-232,26,-125,0,-105.89
7341,20:26:58:751,3,Severe_Damage,L3_S2,-1750,1122,14670,-205,26,-122,0,-199.89
7342,20:26:58:761,3,Severe_Damage,L3_S2,-1762,1074,14812,-187,34,-127,0,-57.89
7343,20:26:58:771,3,Severe_Damage,L3_S2,-1756,1094,14804,-168,33,-125,0,-65.89
7344,20:26:58:781,3,Severe_Damage,L3_S2,-1790,1142,14872,-146,39,-118,0,2.11
7345,20:26:58:791,3,Severe_Damage,L3_S2,-1756,1132,14874,-127,27,-117,0,4.11
7346,20:26:58:801,3,Severe_Damage,L3_S2,-1786,1122,14856,-118,32,-108,0,-13.89
7347,20:26:58:811,3,Severe_Damage,L3_S2,-1784,1098,14854,-117,37,-110,0,-15.89
7348,20:26:58:821,3,Severe_Damage,L3_S2,-1784,1094,14918,-118,27,-110,0,48.11
7349,20:26:58:831,3,Severe_Damage,L3_S2,-1762,1152,14938,-133,27,-108,0,68.11
7350,20:26:58:841,3,Severe_Damage,L3_S2,-1766,1154,14910,-146,30,-119,0,40.11
7351,20:26:58:851,3,Severe_Damage,L3_S2,-1776,1132,14966,-170,29,-118,0,96.11
7352,20:26:58:861,3,Severe_Damage,L3_S2,-1816,1134,14974,-196,40,-128,0,104.11
7353,20:26:58:871,3,Severe_Damage,L3_S2,-1808,1120,14838,-215,25,-129,0,-31.89
7354,20:26:58:881,3,Severe_Damage,L3_S2,-1764,1116,14930,-237,30,-129,0,60.11
7355,20:26:58:891,3,Severe_Damage,L3_S2,-1754,1102,14990,-246,36,-131,0,120.11
7356,20:26:58:901,3,Severe_Damage,L3_S2,-1796,1100,14868,-261,28,-132,0,-1.89
7357,20:26:58:911,3,Severe_Damage,L3_S2,-1742,1114,14832,-265,25,-138,0,-37.89
7358,20:26:58:921,3,Severe_Damage,L3_S2,-1736,1132,14810,-261,26,-133,0,-59.89
7359,20:26:58:931,3,Severe_Damage,L3_S2,-1748,1086,14872,-252,26,-125,0,2.11
7360,20:26:58:941,3,Severe_Damage,L3_S2,-1744,1108,14816,-230,29,-126,0,-53.89
7361,20:26:58:951,3,Severe_Damage,L3_S2,-1792,1104,14762,-213,33,-128,0,-107.89
7362,20:26:58:961,3,Severe_Damage,L3_S2,-1738,1114,14790,-193,31,-121,0,-79.89
7363,20:26:58:971,3,Severe_Damage,L3_S2,-1766,1110,14832,-167,29,-123,0,-37.89
7364,20:26:58:981,3,Severe_Damage,L3_S2,-1746,1130,14786,-149,24,-113,0,-83.89
7365,20:26:58:991,3,Severe_Damage,L3_S2,-1814,1096,14846,-133,34,-106,0,-23.89
7366,20:26:59:001,3,Severe_Damage,L3_S2,-1742,1092,14890,-127,31,-117,0,20.11
7367,20:26:59:011,3,Severe_Damage,L3_S2,-1786,1074,14922,-120,32,-110,0,52.11
7368,20:26:59:021,3,Severe_Damage,L3_S2,-1782,1134,14890,-130,40,-114,0,20.11
7369,20:26:59:031,3,Severe_Damage,L3_S2,-1772,1118,14928,-133,37,-110,0,58.11
7370,20:26:59:041,3,Severe_Damage,L3_S2,-1752,1118,14902,-149,30,-114,0,32.11
7371,20:26:59:051,3,Severe_Damage,L3_S2,-1754,1142,14998,-167,30,-119,0,128.11
7372,20:26:59:061,3,Severe_Damage,L3_S2,-1772,1144,14942,-192,26,-123,0,72.11
7373,20:26:59:071,3,Severe_Damage,L3_S2,-1764,1118,14904,-215,29,-130,0,34.11
7374,20:26:59:081,3,Severe_Damage,L3_S2,-1782,1142,14892,-232,27,-128,0,22.11
7375,20:26:59:091,3,Severe_Damage,L3_S2,-1776,1158,14846,-249,32,-130,0,-23.89
7376,20:26:59:101,3,Severe_Damage,L3_S2,-1774,1148,14876,-253,33,-130,0,6.11
7377,20:26:59:111,3,Severe_Damage,L3_S2,-1782,1144,14810,-261,26,-135,0,-59.89
7378,20:26:59:121,3,Severe_Damage,L3_S2,-1778,1076,14846,-253,26,-134,0,-23.89
7379,20:26:59:131,3,Severe_Damage,L3_S2,-1780,1062,14802,-252,19,-139,0,-67.89
7380,20:26:59:141,3,Severe_Damage,L3_S2,-1774,1154,14806,-228,23,-130,0,-63.89
7381,20:26:59:151,3,Severe_Damage,L3_S2,-1764,1112,14804,-214,30,-130,0,-65.89
7382,20:26:59:161,3,Severe_Damage,L3_S2,-1800,1082,14836,-190,31,-116,0,-33.89
7383,20:26:59:171,3,Severe_Damage,L3_S2,-1790,1056,14742,-165,34,-123,0,-127.89
7384,20:26:59:181,3,Severe_Damage,L3_S2,-1792,1100,14858,-153,26,-113,0,-11.89
7385,20:26:59:191,3,Severe_Damage,L3_S2,-1810,1112,14908,-138,36,-112,0,38.11
7386,20:26:59:201,3,Severe_Damage,L3_S2,-1772,1094,14822,-128,27,-116,0,-47.89
7387,20:26:59:211,3,Severe_Damage,L3_S2,-1780,1126,14844,-128,35,-105,0,-25.89
7388,20:26:59:221,3,Severe_Damage,L3_S2,-1786,1132,14898,-132,37,-103,0,28.11
7389,20:26:59:231,3,Severe_Damage,L3_S2,-1782,1130,14866,-142,30,-116,0,-3.89
7390,20:26:59:241,3,Severe_Damage,L3_S2,-1822,1128,14932,-155,41,-119,0,62.11
7391,20:26:59:251,3,Severe_Damage,L3_S2,-1744,1108,14922,-168,35,-120,0,52.11
7392,20:26:59:261,3,Severe_Damage,L3_S2,-1780,1102,14918,-188,30,-115,0,48.11
7393,20:26:59:271,3,Severe_Damage,L3_S2,-1768,1108,14932,-210,29,-125,0,62.11
7394,20:26:59:281,3,Severe_Damage,L3_S2,-1778,1086,14934,-230,24,-131,0,64.11
7395,20:26:59:291,3,Severe_Damage,L3_S2,-1776,1146,14896,-239,24,-129,0,26.11
7396,20:26:59:301,3,Severe_Damage,L3_S2,-1748,1110,14900,-248,20,-135,0,30.11
7397,20:26:59:311,3,Severe_Damage,L3_S2,-1770,1046,14864,-256,28,-132,0,-5.89
7398,20:26:59:321,3,Severe_Damage,L3_S2,-1748,1108,14806,-248,33,-131,0,-63.89
7399,20:26:59:331,3,Severe_Damage,L3_S2,-1758,1116,14838,-234,28,-132,0,-31.89
7400,20:26:59:341,3,Severe_Damage,L3_S2,-1732,1102,14732,-223,23,-125,0,-137.89
7401,20:26:59:351,3,Severe_Damage,L3_S2,-1780,1126,14834,-213,27,-120,0,-35.89
7402,20:26:59:361,3,Severe_Damage,L3_S2,-1738,1106,14794,-198,23,-120,0,-75.89
7403,20:26:59:371,3,Severe_Damage,L3_S2,-1738,1024,14796,-178,30,-123,0,-73.89
7404,20:26:59:382,3,Severe_Damage,L3_S2,-1726,1096,14850,-159,31,-116,0,-19.89
7405,20:26:59:391,3,Severe_Damage,L3_S2,-1748,1100,14804,-145,36,-109,0,-65.89
7406,20:26:59:401,3,Severe_Damage,L3_S2,-1750,1128,14862,-134,36,-115,0,-7.89
7407,20:26:59:411,3,Severe_Damage,L3_S2,-1748,1114,14916,-128,31,-113,0,46.11
7408,20:26:59:421,3,Severe_Damage,L3_S2,-1708,1122,14858,-129,28,-115,0,-11.89
7409,20:26:59:431,3,Severe_Damage,L3_S2,-1792,1108,14910,-148,30,-114,0,40.11
7410,20:26:59:442,3,Severe_Damage,L3_S2,-1752,1100,14884,-156,29,-113,0,14.11
7411,20:26:59:451,3,Severe_Damage,L3_S2,-1760,1094,14988,-169,35,-120,0,118.11
7412,20:26:59:461,3,Severe_Damage,L3_S2,-1800,1148,14948,-188,26,-123,0,78.11
7413,20:26:59:471,3,Severe_Damage,L3_S2,-1764,1142,14948,-202,27,-124,0,78.11
7414,20:26:59:481,3,Severe_Damage,L3_S2,-1774,1116,14964,-219,30,-128,0,94.11
7415,20:26:59:491,3,Severe_Damage,L3_S2,-1712,1078,14868,-236,26,-132,0,-1.89
7416,20:26:59:501,3,Severe_Damage,L3_S2,-1778,1102,14902,-242,23,-133,0,32.11
7417,20:26:59:511,3,Severe_Damage,L3_S2,-1770,1094,14858,-247,22,-131,0,-11.89
7418,20:26:59:521,3,Severe_Damage,L3_S2,-1814,1112,14840,-245,20,-129,0,-29.89
7419,20:26:59:531,3,Severe_Damage,L3_S2,-1778,1106,14824,-233,24,-133,0,-45.89
7420,20:26:59:541,3,Severe_Damage,L3_S2,-1754,1164,14810,-226,25,-132,0,-59.89
7421,20:26:59:551,3,Severe_Damage,L3_S2,-1784,1136,14816,-203,28,-128,0,-53.89
7422,20:26:59:561,3,Severe_Damage,L3_S2,-1736,1090,14868,-194,30,-124,0,-1.89
7423,20:26:59:571,3,Severe_Damage,L3_S2,-1754,1102,14848,-179,27,-120,0,-21.89
7424,20:26:59:581,3,Severe_Damage,L3_S2,-1780,1110,14842,-162,23,-121,0,-27.89
7425,20:26:59:591,3,Severe_Damage,L3_S2,-1756,1098,14892,-153,27,-120,0,22.11
7426,20:26:59:601,3,Severe_Damage,L3_S2,-1754,1084,14850,-143,32,-117,0,-19.89
7427,20:26:59:611,3,Severe_Damage,L3_S2,-1766,1104,14906,-139,30,-114,0,36.11
7428,20:26:59:621,3,Severe_Damage,L3_S2,-1802,1114,14900,-136,37,-115,0,30.11
7429,20:26:59:631,3,Severe_Damage,L3_S2,-1782,1076,14882,-149,32,-117,0,12.11
7430,20:26:59:641,3,Severe_Damage,L3_S2,-1800,1090,14844,-158,24,-114,0,-25.89
7431,20:26:59:651,3,Severe_Damage,L3_S2,-1810,1136,14894,-176,35,-127,0,24.11
7432,20:26:59:661,3,Severe_Damage,L3_S2,-1774,1122,14894,-188,28,-119,0,24.11
7433,20:26:59:671,3,Severe_Damage,L3_S2,-1760,1130,14926,-197,26,-121,0,56.11
7434,20:26:59:681,3,Severe_Damage,L3_S2,-1782,1128,14924,-218,29,-127,0,54.11
7435,20:26:59:692,3,Severe_Damage,L3_S2,-1774,1102,14830,-224,21,-124,0,-39.89
7436,20:26:59:702,3,Severe_Damage,L3_S2,-1720,1144,14916,-241,44,-136,0,46.11
7437,20:26:59:712,3,Severe_Damage,L3_S2,-1808,1084,14830,-247,11,-127,0,-39.89
7438,20:26:59:722,3,Severe_Damage,L3_S2,-1752,1104,14848,-233,37,-133,0,-21.89
7439,20:26:59:732,3,Severe_Damage,L3_S2,-1748,1128,14808,-238,25,-115,0,-61.89
7440,20:26:59:741,3,Severe_Damage,L3_S2,-1772,1078,14868,-219,29,-122,0,-1.89
7441,20:26:59:751,3,Severe_Damage,L3_S2,-1722,1108,14858,-211,33,-125,0,-11.89
7442,20:26:59:761,3,Severe_Damage,L3_S2,-1862,1040,14826,-196,11,-108,0,-43.89
7443,20:26:59:771,3,Severe_Damage,L3_S2,-1704,1094,14880,-179,48,-125,0,10.11
7444,20:26:59:782,3,Severe_Damage,L3_S2,-1820,1112,14780,-163,13,-108,0,-89.89
7445,20:26:59:791,3,Severe_Damage,L3_S2,-1744,1078,14784,-154,48,-119,0,-85.89
7446,20:26:59:802,3,Severe_Damage,L3_S2,-1714,1092,14822,-144,29,-119,0,-47.89
7447,20:26:59:811,3,Severe_Damage,L3_S2,-1852,1146,14848,-139,17,-105,0,-21.89
7448,20:26:59:821,3,Severe_Damage,L3_S2,-1716,1158,14858,-145,51,-125,0,-11.89
7449,20:26:59:831,3,Severe_Damage,L3_S2,-1850,1138,14882,-153,9,-106,0,12.11
7450,20:26:59:842,3,Severe_Damage,L3_S2,-1722,1134,14974,-160,50,-124,0,104.11
7451,20:26:59:851,3,Severe_Damage,L3_S2,-1752,1142,14866,-172,18,-120,0,-3.89
7452,20:26:59:862,3,Severe_Damage,L3_S2,-1852,1096,14894,-185,22,-124,0,24.11
7453,20:26:59:872,3,Severe_Damage,L3_S2,-1692,1098,14918,-198,40,-131,0,48.11
7454,20:26:59:882,3,Severe_Damage,L3_S2,-1828,1144,14892,-217,13,-112,0,22.11
7455,20:26:59:892,3,Severe_Damage,L3_S2,-1728,1104,14842,-220,50,-130,0,-27.89
7456,20:26:59:902,3,Severe_Damage,L3_S2,-1776,1112,14872,-232,14,-123,0,2.11
7457,20:26:59:912,3,Severe_Damage,L3_S2,-1824,1076,14892,-232,28,-129,0,22.11
7458,20:26:59:922,3,Severe_Damage,L3_S2,-1712,1102,14908,-239,39,-139,0,38.11
7459,20:26:59:932,3,Severe_Damage,L3_S2,-1832,1096,14816,-235,18,-124,0,-53.89
7460,20:26:59:942,3,Severe_Damage,L3_S2,-1724,1080,14876,-223,52,-133,0,6.11
7461,20:26:59:952,3,Severe_Damage,L3_S2,-1758,1092,14874,-205,19,-122,0,4.11
7462,20:26:59:962,3,Severe_Damage,L3_S2,-1766,1126,14812,-198,33,-124,0,-57.89
7463,20:26:59:972,3,Severe_Damage,L3_S2,-1784,1104,14820,-181,25,-123,0,-49.89
7464,20:26:59:982,3,Severe_Damage,L3_S2,-1752,1100,14842,-167,20,-115,0,-27.89
7465,20:26:59:992,3,Severe_Damage,L3_S2,-1774,1102,14868,-155,44,-123,0,-1.89
7466,20:27:00:002,3,Severe_Damage,L3_S2,-1778,1088,14858,-147,16,-118,0,-11.89
7467,20:27:00:012,3,Severe_Damage,L3_S2,-1720,1086,14824,-144,42,-123,0,-45.89
7468,20:27:00:022,3,Severe_Damage,L3_S2,-1746,1114,14822,-148,26,-110,0,-47.89
7469,20:27:00:032,3,Severe_Damage,L3_S2,-1746,1172,14946,-152,32,-119,0,76.11
7470,20:27:00:042,3,Severe_Damage,L3_S2,-1742,1114,14896,-160,33,-121,0,26.11
7471,20:27:00:052,3,Severe_Damage,L3_S2,-1824,1114,14980,-174,22,-116,0,110.11
7472,20:27:00:062,3,Severe_Damage,L3_S2,-1758,1130,14944,-188,42,-134,0,74.11
7473,20:27:00:072,3,Severe_Damage,L3_S2,-1776,1128,14914,-204,20,-125,0,44.11
7474,20:27:00:082,3,Severe_Damage,L3_S2,-1764,1102,14906,-211,38,-128,0,36.11
7475,20:27:00:092,3,Severe_Damage,L3_S2,-1754,1122,14856,-222,38,-124,0,-13.89
7476,20:27:00:102,3,Severe_Damage,L3_S2,-1768,1110,14880,-224,21,-126,0,10.11
7477,20:27:00:112,3,Severe_Damage,L3_S2,-1754,1090,14912,-232,35,-133,0,42.11
7478,20:27:00:122,3,Severe_Damage,L3_S2,-1858,1090,14822,-234,15,-118,0,-47.89
7479,20:27:00:132,3,Severe_Damage,L3_S2,-1738,1120,14828,-225,40,-135,0,-41.89
7480,20:27:00:142,3,Severe_Damage,L3_S2,-1772,1098,14816,-218,19,-120,0,-53.89
7481,20:27:00:152,3,Severe_Damage,L3_S2,-1780,1076,14832,-203,25,-120,0,-37.89
7482,20:27:00:162,3,Severe_Damage,L3_S2,-1776,1080,14786,-192,40,-123,0,-83.89
7483,20:27:00:172,3,Severe_Damage,L3_S2,-1804,1106,14844,-182,21,-117,0,-25.89
7484,20:27:00:182,3,Severe_Damage,L3_S2,-1684,1116,14832,-166,37,-123,0,-37.89
7485,20:27:00:192,3,Severe_Damage,L3_S2,-1804,1102,14848,-159,21,-111,0,-21.89
7486,20:27:00:202,3,Severe_Damage,L3_S2,-1722,1158,14806,-156,31,-117,0,-63.89
7487,20:27:00:212,3,Severe_Damage,L3_S2,-1786,1114,14934,-154,39,-120,0,64.11
7488,20:27:00:222,3,Severe_Damage,L3_S2,-1806,1136,14884,-157,18,-115,0,14.11
7489,20:27:00:232,3,Severe_Damage,L3_S2,-1744,1156,14894,-153,34,-121,0,24.11
7490,20:27:00:242,3,Severe_Damage,L3_S2,-1772,1146,14948,-175,19,-117,0,78.11
7491,20:27:00:252,3,Severe_Damage,L3_S2,-1786,1106,14902,-178,39,-119,0,32.11
7492,20:27:00:262,3,Severe_Damage,L3_S2,-1806,1114,14876,-191,29,-119,0,6.11
7493,20:27:00:272,3,Severe_Damage,L3_S2,-1770,1076,14862,-199,24,-128,0,-7.89
7494,20:27:00:282,3,Severe_Damage,L3_S2,-1792,1116,14914,-211,32,-124,0,44.11
7495,20:27:00:292,3,Severe_Damage,L3_S2,-1770,1128,14902,-224,16,-124,0,32.11
7496,20:27:00:302,3,Severe_Damage,L3_S2,-1796,1094,14820,-222,39,-129,0,-49.89
7497,20:27:00:312,3,Severe_Damage,L3_S2,-1750,1084,14844,-231,21,-128,0,-25.89
7498,20:27:00:322,3,Severe_Damage,L3_S2,-1770,1148,14820,-228,25,-126,0,-49.89
7499,20:27:00:332,3,Severe_Damage,L3_S2,-1792,1146,14848,-224,26,-134,0,-21.89
7500,20:27:00:342,3,Severe_Damage,L3_S2,-1752,1080,14854,-215,24,-128,0,-15.89
7501,20:27:00:352,3,Severe_Damage,L3_S2,-1772,1096,14792,-209,29,-125,0,-77.89
7502,20:27:00:362,3,Severe_Damage,L3_S2,-1764,1082,14874,-198,25,-124,0,4.11
7503,20:27:00:372,3,Severe_Damage,L3_S2,-1784,1150,14826,-187,29,-122,0,-43.89
7504,20:27:00:382,3,Severe_Damage,L3_S2,-1744,1120,14792,-173,25,-123,0,-77.89
7505,20:27:00:392,3,Severe_Damage,L3_S2,-1766,1086,14846,-165,29,-122,0,-23.89
7506,20:27:00:402,3,Severe_Damage,L3_S2,-1774,1150,14826,-151,36,-117,0,-43.89
7507,20:27:00:412,3,Severe_Damage,L3_S2,-1804,1144,14806,-161,21,-113,0,-63.89
7508,20:27:00:422,3,Severe_Damage,L3_S2,-1732,1146,14834,-157,35,-114,0,-35.89
7509,20:27:00:432,3,Severe_Damage,L3_S2,-1780,1058,14880,-155,31,-113,0,10.11
7510,20:27:00:442,3,Severe_Damage,L3_S2,-1762,1054,14884,-164,33,-124,0,14.11
7511,20:27:00:452,3,Severe_Damage,L3_S2,-1772,1122,14948,-172,28,-123,0,78.11
7512,20:27:00:462,3,Severe_Damage,L3_S2,-1812,1080,14988,-184,24,-124,0,118.11
7513,20:27:00:472,3,Severe_Damage,L3_S2,-1762,1096,14922,-195,32,-126,0,52.11
7514,20:27:00:482,3,Severe_Damage,L3_S2,-1796,1156,14864,-210,27,-122,0,-5.89
7515,20:27:00:492,3,Severe_Damage,L3_S2,-1716,1110,14896,-217,38,-131,0,26.11
7516,20:27:00:502,3,Severe_Damage,L3_S2,-1832,1132,14914,-223,24,-128,0,44.11
7517,20:27:00:512,3,Severe_Damage,L3_S2,-1746,1124,14860,-224,29,-130,0,-9.89
7518,20:27:00:522,3,Severe_Damage,L3_S2,-1784,1076,14858,-226,30,-131,0,-11.89
7519,20:27:00:532,3,Severe_Damage,L3_S2,-1824,1078,14886,-223,24,-129,0,16.11
7520,20:27:00:542,3,Severe_Damage,L3_S2,-1758,1066,14816,-217,34,-128,0,-53.89
7521,20:27:00:552,3,Severe_Damage,L3_S2,-1778,1088,14830,-209,27,-126,0,-39.89
7522,20:27:00:562,3,Severe_Damage,L3_S2,-1742,1090,14810,-198,30,-129,0,-59.89
7523,20:27:00:572,3,Severe_Damage,L3_S2,-1798,1128,14908,-193,25,-119,0,38.11
7524,20:27:00:582,3,Severe_Damage,L3_S2,-1778,1150,14840,-181,23,-117,0,-29.89
7525,20:27:00:592,3,Severe_Damage,L3_S2,-1710,1086,14858,-170,33,-120,0,-11.89
7526,20:27:00:602,3,Severe_Damage,L3_S2,-1794,1142,14882,-160,21,-112,0,12.11
7527,20:27:00:612,3,Severe_Damage,L3_S2,-1752,1082,14884,-154,29,-121,0,14.11
7528,20:27:00:622,3,Severe_Damage,L3_S2,-1792,1102,14870,-154,29,-117,0,0.11
7529,20:27:00:632,3,Severe_Damage,L3_S2,-1774,1118,14856,-155,34,-115,0,-13.89
7530,20:27:00:642,3,Severe_Damage,L3_S2,-1794,1138,14908,-164,38,-121,0,38.11
7531,20:27:00:652,3,Severe_Damage,L3_S2,-1834,1120,14976,-174,26,-113,0,106.11
7532,20:27:00:662,3,Severe_Damage,L3_S2,-1776,1136,14856,-183,38,-129,0,-13.89
7533,20:27:00:672,3,Severe_Damage,L3_S2,-1786,1090,14862,-193,24,-124,0,-7.89
7534,20:27:00:682,3,Severe_Damage,L3_S2,-1764,1100,14900,-207,28,-127,0,30.11
7535,20:27:00:692,3,Severe_Damage,L3_S2,-1802,1096,14872,-222,21,-128,0,2.11
7536,20:27:00:702,3,Severe_Damage,L3_S2,-1774,1130,14866,-227,34,-127,0,-3.89
7537,20:27:00:712,3,Severe_Damage,L3_S2,-1738,1120,14868,-225,28,-123,0,-1.89
7538,20:27:00:722,3,Severe_Damage,L3_S2,-1838,1128,14802,-216,32,-126,0,-67.89
7539,20:27:00:732,3,Severe_Damage,L3_S2,-1738,1092,14834,-213,29,-129,0,-35.89
7540,20:27:00:742,3,Severe_Damage,L3_S2,-1782,1144,14918,-208,25,-131,0,48.11
7541,20:27:00:752,3,Severe_Damage,L3_S2,-1784,1068,14878,-195,34,-124,0,8.11
7542,20:27:00:762,3,Severe_Damage,L3_S2,-1718,1074,14878,-189,25,-118,0,8.11
7543,20:27:00:772,3,Severe_Damage,L3_S2,-1776,1066,14818,-170,39,-119,0,-51.89
7544,20:27:00:782,3,Severe_Damage,L3_S2,-1742,1090,14894,-171,25,-112,0,24.11
7545,20:27:00:792,3,Severe_Damage,L3_S2,-1778,1138,14846,-158,32,-118,0,-23.89
7546,20:27:00:802,3,Severe_Damage,L3_S2,-1736,1144,14868,-162,26,-117,0,-1.89
7547,20:27:00:812,3,Severe_Damage,L3_S2,-1726,1084,14904,-152,37,-118,0,34.11
7548,20:27:00:822,3,Severe_Damage,L3_S2,-1804,1170,14922,-162,33,-119,0,52.11
7549,20:27:00:832,3,Severe_Damage,L3_S2,-1760,1118,14890,-165,27,-120,0,20.11
7550,20:27:00:842,3,Severe_Damage,L3_S2,-1776,1064,15004,-179,37,-122,0,134.11
7551,20:27:00:852,3,Severe_Damage,L3_S2,-1784,1092,14872,-186,28,-125,0,2.11
7552,20:27:00:862,3,Severe_Damage,L3_S2,-1768,1112,14878,-197,26,-126,0,8.11
7553,20:27:00:872,3,Severe_Damage,L3_S2,-1788,1140,14884,-204,31,-130,0,14.11
7554,20:27:00:882,3,Severe_Damage,L3_S2,-1806,1122,14866,-216,27,-130,0,-3.89
7555,20:27:00:892,3,Severe_Damage,L3_S2,-1774,1112,14836,-218,33,-128,0,-33.89
7556,20:27:00:902,3,Severe_Damage,L3_S2,-1788,1120,14828,-214,32,-122,0,-41.89
7557,20:27:00:912,3,Severe_Damage,L3_S2,-1726,1150,14836,-218,32,-132,0,-33.89
7558,20:27:00:922,3,Severe_Damage,L3_S2,-1774,1072,14894,-218,33,-124,0,24.11
7559,20:27:00:932,3,Severe_Damage,L3_S2,-1726,1128,14862,-214,25,-124,0,-7.89
7560,20:27:00:942,3,Severe_Damage,L3_S2,-1744,1132,14834,-205,36,-124,0,-35.89
7561,20:27:00:952,3,Severe_Damage,L3_S2,-1760,1090,14808,-200,25,-120,0,-61.89
7562,20:27:00:962,3,Severe_Damage,L3_S2,-1764,1158,14822,-189,33,-122,0,-47.89
7563,20:27:00:972,3,Severe_Damage,L3_S2,-1796,1062,14870,-182,23,-123,0,0.11
7564,20:27:00:982,3,Severe_Damage,L3_S2,-1814,1084,14830,-166,33,-114,0,-39.89
7565,20:27:00:992,3,Severe_Damage,L3_S2,-1772,1076,14808,-168,33,-119,0,-61.89
7566,20:27:01:002,3,Severe_Damage,L3_S2,-1786,1162,14846,-168,32,-118,0,-23.89
7567,20:27:01:012,3,Severe_Damage,L3_S2,-1724,1098,14866,-169,34,-126,0,-3.89
7568,20:27:01:022,3,Severe_Damage,L3_S2,-1740,1118,14850,-161,27,-111,0,-19.89
7569,20:27:01:032,3,Severe_Damage,L3_S2,-1796,1094,14846,-170,30,-116,0,-23.89
7570,20:27:01:042,3,Severe_Damage,L3_S2,-1742,1074,14862,-173,33,-121,0,-7.89
7571,20:27:01:052,3,Severe_Damage,L3_S2,-1768,1060,14914,-186,21,-120,0,44.11
7572,20:27:01:062,3,Severe_Damage,L3_S2,-1768,1098,14960,-195,33,-124,0,90.11
7573,20:27:01:072,3,Severe_Damage,L3_S2,-1772,1150,14824,-211,28,-118,0,-45.89
7574,20:27:01:082,3,Severe_Damage,L3_S2,-1730,1092,14916,-212,41,-127,0,46.11
7575,20:27:01:092,3,Severe_Damage,L3_S2,-1776,1108,14862,-218,23,-125,0,-7.89
7576,20:27:01:102,3,Severe_Damage,L3_S2,-1784,1096,14848,-219,28,-129,0,-21.89
7577,20:27:01:112,3,Severe_Damage,L3_S2,-1720,1132,14874,-217,25,-129,0,4.11
7578,20:27:01:122,3,Severe_Damage,L3_S2,-1750,1102,14860,-213,26,-125,0,-9.89
7579,20:27:01:132,3,Severe_Damage,L3_S2,-1772,1100,14874,-208,33,-122,0,4.11
7580,20:27:01:142,3,Severe_Damage,L3_S2,-1756,1110,14828,-204,23,-125,0,-41.89
7581,20:27:01:152,3,Severe_Damage,L3_S2,-1748,1104,14788,-198,33,-127,0,-81.89
7582,20:27:01:162,3,Severe_Damage,L3_S2,-1756,1086,14776,-186,30,-117,0,-93.89
7583,20:27:01:173,3,Severe_Damage,L3_S2,-1770,1088,14830,-181,33,-119,0,-39.89
7584,20:27:01:182,3,Severe_Damage,L3_S2,-1778,1110,14800,-176,32,-117,0,-69.89
7585,20:27:01:192,3,Severe_Damage,L3_S2,-1736,1086,14874,-168,37,-118,0,4.11
7586,20:27:01:202,3,Severe_Damage,L3_S2,-1760,1122,14942,-160,38,-120,0,72.11
7587,20:27:01:212,3,Severe_Damage,L3_S2,-1788,1108,14922,-159,26,-120,0,52.11
7588,20:27:01:222,3,Severe_Damage,L3_S2,-1748,1138,14916,-169,27,-119,0,46.11
7589,20:27:01:232,3,Severe_Damage,L3_S2,-1792,1122,14890,-177,29,-119,0,20.11
7590,20:27:01:242,3,Severe_Damage,L3_S2,-1818,1096,14898,-183,24,-122,0,28.11
7591,20:27:01:252,3,Severe_Damage,L3_S2,-1778,1104,14944,-184,36,-132,0,74.11
7592,20:27:01:262,3,Severe_Damage,L3_S2,-1740,1114,14878,-192,27,-118,0,8.11
7593,20:27:01:272,3,Severe_Damage,L3_S2,-1748,1130,14866,-201,34,-133,0,-3.89
7594,20:27:01:282,3,Severe_Damage,L3_S2,-1768,1146,14902,-208,28,-123,0,32.11
7595,20:27:01:292,3,Severe_Damage,L3_S2,-1814,1106,14826,-207,28,-117,0,-43.89
7596,20:27:01:302,3,Severe_Damage,L3_S2,-1776,1084,14886,-218,26,-127,0,16.11
7597,20:27:01:312,3,Severe_Damage,L3_S2,-1774,1142,14852,-213,30,-128,0,-17.89
7598,20:27:01:322,3,Severe_Damage,L3_S2,-1742,1094,14838,-209,32,-133,0,-31.89
7599,20:27:01:332,3,Severe_Damage,L3_S2,-1774,1152,14876,-204,28,-129,0,6.11
7600,20:27:01:342,3,Severe_Damage,L3_S2,-1792,1128,14854,-207,28,-125,0,-15.89
7601,20:27:01:352,3,Severe_Damage,L3_S2,-1730,1062,14818,-197,34,-124,0,-51.89
7602,20:27:01:362,3,Severe_Damage,L3_S2,-1772,1108,14874,-193,27,-116,0,4.11
7603,20:27:01:372,3,Severe_Damage,L3_S2,-1764,1108,14820,-182,31,-118,0,-49.89
7604,20:27:01:382,3,Severe_Damage,L3_S2,-1742,1090,14816,-179,26,-116,0,-53.89
7605,20:27:01:392,3,Severe_Damage,L3_S2,-1764,1116,14852,-168,28,-114,0,-17.89
7606,20:27:01:402,3,Severe_Damage,L3_S2,-1740,1078,14864,-163,30,-121,0,-5.89
7607,20:27:01:412,3,Severe_Damage,L3_S2,-1784,1102,14874,-168,24,-115,0,4.11
7608,20:27:01:422,3,Severe_Damage,L3_S2,-1746,1104,14926,-166,39,-118,0,56.11
7609,20:27:01:432,3,Severe_Damage,L3_S2,-1746,1142,14902,-174,28,-120,0,32.11
7610,20:27:01:442,3,Severe_Damage,L3_S2,-1762,1104,14934,-177,38,-119,0,64.11
7611,20:27:01:452,3,Severe_Damage,L3_S2,-1768,1110,14888,-184,27,-119,0,18.11
7612,20:27:01:462,3,Severe_Damage,L3_S2,-1756,1126,14896,-194,24,-121,0,26.11
7613,20:27:01:472,3,Severe_Damage,L3_S2,-1794,1146,14910,-202,31,-124,0,40.11
7614,20:27:01:482,3,Severe_Damage,L3_S2,-1748,1088,14906,-206,28,-124,0,36.11
7615,20:27:01:492,3,Severe_Damage,L3_S2,-1770,1044,14846,-213,30,-122,0,-23.89
7616,20:27:01:503,3,Severe_Damage,L3_S2,-1768,1112,14864,-214,24,-125,0,-5.89
7617,20:27:01:512,3,Severe_Damage,L3_S2,-1752,1100,14872,-216,24,-124,0,2.11
7618,20:27:01:522,3,Severe_Damage,L3_S2,-1772,1120,14910,-214,29,-127,0,40.11
7619,20:27:01:532,3,Severe_Damage,L3_S2,-1754,1078,14854,-206,30,-119,0,-15.89
7620,20:27:01:542,3,Severe_Damage,L3_S2,-1766,1128,14874,-199,39,-119,0,4.11
7621,20:27:01:552,3,Severe_Damage,L3_S2,-1760,1108,14894,-195,31,-117,0,24.11
7622,20:27:01:562,3,Severe_Damage,L3_S2,-1742,1106,14910,-190,35,-124,0,40.11
7623,20:27:01:572,3,Severe_Damage,L3_S2,-1794,1072,14848,-183,22,-125,0,-21.89
7624,20:27:01:582,3,Severe_Damage,L3_S2,-1740,1132,14896,-178,31,-122,0,26.11
7625,20:27:01:592,3,Severe_Damage,L3_S2,-1810,1102,14860,-173,26,-116,0,-9.89
7626,20:27:01:602,3,Severe_Damage,L3_S2,-1806,1098,14878,-168,34,-121,0,8.11
7627,20:27:01:612,3,Severe_Damage,L3_S2,-1748,1130,14804,-163,25,-122,0,-65.89
7628,20:27:01:622,3,Severe_Damage,L3_S2,-1774,1136,14834,-172,31,-118,0,-35.89
7629,20:27:01:633,3,Severe_Damage,L3_S2,-1708,1120,14834,-174,28,-117,0,-35.89
7630,20:27:01:642,3,Severe_Damage,L3_S2,-1764,1104,14942,-181,28,-125,0,72.11
7631,20:27:01:652,3,Severe_Damage,L3_S2,-1804,1138,14826,-181,25,-121,0,-43.89
7632,20:27:01:662,3,Severe_Damage,L3_S2,-1786,1104,14828,-196,33,-122,0,-41.89
7633,20:27:01:672,3,Severe_Damage,L3_S2,-1828,1160,14874,-200,30,-116,0,4.11
7634,20:27:01:682,3,Severe_Damage,L3_S2,-1810,1140,14950,-209,29,-127,0,80.11
7635,20:27:01:692,3,Severe_Damage,L3_S2,-1762,1138,14854,-207,28,-124,0,-15.89
7636,20:27:01:702,3,Severe_Damage,L3_S2,-1760,1142,14896,-205,23,-122,0,26.11
7637,20:27:01:712,3,Severe_Damage,L3_S2,-1786,1088,14886,-211,32,-125,0,16.11
7638,20:27:01:722,3,Severe_Damage,L3_S2,-1798,1092,14846,-206,29,-122,0,-23.89
7639,20:27:01:732,3,Severe_Damage,L3_S2,-1788,1120,14884,-202,30,-122,0,14.11
7640,20:27:01:742,3,Severe_Damage,L3_S2,-1796,1128,14898,-201,32,-125,0,28.11
7641,20:27:01:752,3,Severe_Damage,L3_S2,-1800,1118,14846,-198,27,-126,0,-23.89
7642,20:27:01:762,3,Severe_Damage,L3_S2,-1808,1106,14846,-187,29,-120,0,-23.89
7643,20:27:01:772,3,Severe_Damage,L3_S2,-1752,1092,14866,-183,32,-111,0,-3.89
7644,20:27:01:782,3,Severe_Damage,L3_S2,-1788,1074,14864,-178,25,-113,0,-5.89
7645,20:27:01:792,3,Severe_Damage,L3_S2,-1748,1118,14844,-169,29,-119,0,-25.89
7646,20:27:01:802,3,Severe_Damage,L3_S2,-1812,1140,14856,-175,28,-118,0,-13.89
7647,20:27:01:812,3,Severe_Damage,L3_S2,-1734,1104,14846,-165,30,-121,0,-23.89
7648,20:27:01:822,3,Severe_Damage,L3_S2,-1762,1082,14870,-177,23,-123,0,0.11
7649,20:27:01:832,3,Severe_Damage,L3_S2,-1764,1140,14852,-176,34,-120,0,-17.89
7650,20:27:01:842,3,Severe_Damage,L3_S2,-1802,1128,14912,-183,28,-121,0,42.11
7651,20:27:01:852,3,Severe_Damage,L3_S2,-1802,1124,14862,-186,30,-120,0,-7.89
7652,20:27:01:862,3,Severe_Damage,L3_S2,-1766,1164,14906,-197,28,-121,0,36.11
7653,20:27:01:872,3,Severe_Damage,L3_S2,-1760,1170,14890,-195,31,-129,0,20.11
7654,20:27:01:882,3,Severe_Damage,L3_S2,-1830,1164,14892,-199,29,-125,0,22.11
7655,20:27:01:892,3,Severe_Damage,L3_S2,-1742,1096,14914,-206,27,-129,0,44.11
7656,20:27:01:902,3,Severe_Damage,L3_S2,-1796,1086,14898,-214,27,-124,0,28.11
7657,20:27:01:912,3,Severe_Damage,L3_S2,-1768,1108,14918,-217,31,-128,0,48.11
7658,20:27:01:922,3,Severe_Damage,L3_S2,-1768,1094,14814,-207,28,-126,0,-55.89
7659,20:27:01:932,3,Severe_Damage,L3_S2,-1768,1124,14846,-212,28,-121,0,-23.89
7660,20:27:01:942,3,Severe_Damage,L3_S2,-1746,1114,14866,-202,31,-121,0,-3.89
7661,20:27:01:952,3,Severe_Damage,L3_S2,-1778,1096,14870,-203,27,-120,0,0.11
7662,20:27:01:962,3,Severe_Damage,L3_S2,-1748,1110,14842,-193,34,-115,0,-27.89
7663,20:27:01:972,3,Severe_Damage,L3_S2,-1692,1130,14852,-186,23,-119,0,-17.89
7664,20:27:01:982,3,Severe_Damage,L3_S2,-1758,1154,14802,-178,28,-117,0,-67.89
7665,20:27:01:992,3,Severe_Damage,L3_S2,-1774,1134,14836,-178,28,-127,0,-33.89
7666,20:27:02:002,3,Severe_Damage,L3_S2,-1726,1154,14784,-170,27,-125,0,-85.89
7667,20:27:02:012,3,Severe_Damage,L3_S2,-1782,1148,14878,-175,30,-119,0,8.11
7668,20:27:02:022,3,Severe_Damage,L3_S2,-1718,1070,14918,-179,27,-126,0,48.11
7669,20:27:02:032,3,Severe_Damage,L3_S2,-1762,1122,14832,-180,26,-123,0,-37.89
7670,20:27:02:043,3,Severe_Damage,L3_S2,-1726,1128,14878,-179,36,-123,0,8.11
7671,20:27:02:052,3,Severe_Damage,L3_S2,-1766,1144,14882,-189,25,-117,0,12.11
7672,20:27:02:062,3,Severe_Damage,L3_S2,-1798,1148,14872,-195,35,-120,0,2.11
7673,20:27:02:072,3,Severe_Damage,L3_S2,-1810,1088,14906,-193,31,-116,0,36.11
7674,20:27:02:082,3,Severe_Damage,L3_S2,-1764,1166,14962,-202,34,-121,0,92.11
7675,20:27:02:093,3,Severe_Damage,L3_S2,-1748,1130,14872,-207,33,-124,0,2.11
7676,20:27:02:103,3,Severe_Damage,L3_S2,-1772,1078,14862,-210,32,-127,0,-7.89
7677,20:27:02:112,3,Severe_Damage,L3_S2,-1770,1124,14896,-212,26,-122,0,26.11
7678,20:27:02:123,3,Severe_Damage,L3_S2,-1772,1098,14822,-211,27,-123,0,-47.89
7679,20:27:02:132,3,Severe_Damage,L3_S2,-1816,1114,14776,-205,29,-128,0,-93.89
7680,20:27:02:142,3,Severe_Damage,L3_S2,-1796,1114,14862,-199,33,-123,0,-7.89
7681,20:27:02:152,3,Severe_Damage,L3_S2,-1736,1106,14894,-201,28,-123,0,24.11
7682,20:27:02:163,3,Severe_Damage,L3_S2,-1774,1086,14920,-194,30,-120,0,50.11
7683,20:27:02:173,3,Severe_Damage,L3_S2,-1764,1128,14852,-185,30,-118,0,-17.89
7684,20:27:02:183,3,Severe_Damage,L3_S2,-1812,1148,14888,-185,26,-114,0,18.11
7685,20:27:02:193,3,Severe_Damage,L3_S2,-1796,1100,14916,-178,36,-115,0,46.11
7686,20:27:02:203,3,Severe_Damage,L3_S2,-1768,1086,14856,-177,27,-123,0,-13.89
7687,20:27:02:212,3,Severe_Damage,L3_S2,-1740,1102,14918,-179,33,-118,0,48.11
7688,20:27:02:223,3,Severe_Damage,L3_S2,-1756,1108,14898,-186,25,-123,0,28.11
7689,20:27:02:232,3,Severe_Damage,L3_S2,-1802,1126,14852,-186,28,-122,0,-17.89
7690,20:27:02:242,3,Severe_Damage,L3_S2,-1768,1120,14912,-184,28,-122,0,42.11
7691,20:27:02:253,3,Severe_Damage,L3_S2,-1782,1138,14914,-185,33,-125,0,44.11
7692,20:27:02:263,3,Severe_Damage,L3_S2,-1772,1122,14930,-194,29,-121,0,60.11
7693,20:27:02:272,3,Severe_Damage,L3_S2,-1786,1130,14852,-198,32,-125,0,-17.89
7694,20:27:02:283,3,Severe_Damage,L3_S2,-1778,1120,14880,-201,25,-122,0,10.11
7695,20:27:02:293,3,Severe_Damage,L3_S2,-1762,1108,14862,-203,28,-117,0,-7.89
7696,20:27:02:302,3,Severe_Damage,L3_S2,-1764,1060,14886,-203,31,-127,0,16.11
7697,20:27:02:313,3,Severe_Damage,L3_S2,-1744,1140,14884,-204,32,-125,0,14.11
7698,20:27:02:323,3,Severe_Damage,L3_S2,-1762,1138,14818,-200,23,-121,0,-51.89
7699,20:27:02:333,3,Severe_Damage,L3_S2,-1796,1090,14936,-200,27,-125,0,66.11
7700,20:27:02:343,3,Severe_Damage,L3_S2,-1850,1092,14858,-196,27,-120,0,-11.89
7701,20:27:02:353,3,Severe_Damage,L3_S2,-1778,1120,14824,-192,34,-123,0,-45.89
7702,20:27:02:363,3,Severe_Damage,L3_S2,-1762,1112,14820,-196,27,-123,0,-49.89
7703,20:27:02:373,3,Severe_Damage,L3_S2,-1750,1116,14848,-192,21,-119,0,-21.89
7704,20:27:02:383,3,Severe_Damage,L3_S2,-1716,1120,14828,-174,34,-120,0,-41.89
7705,20:27:02:393,3,Severe_Damage,L3_S2,-1806,1112,14884,-183,19,-114,0,14.11
7706,20:27:02:403,3,Severe_Damage,L3_S2,-1798,1126,14844,-173,35,-124,0,-25.89
7707,20:27:02:413,3,Severe_Damage,L3_S2,-1774,1124,14838,-183,24,-122,0,-31.89
7708,20:27:02:423,3,Severe_Damage,L3_S2,-1764,1082,14902,-175,28,-116,0,32.11
7709,20:27:02:433,3,Severe_Damage,L3_S2,-1730,1128,14884,-182,29,-121,0,14.11
7710,20:27:02:443,3,Severe_Damage,L3_S2,-1766,1118,14918,-185,25,-119,0,48.11
7711,20:27:02:453,3,Severe_Damage,L3_S2,-1782,1072,14890,-192,34,-120,0,20.11
7712,20:27:02:463,3,Severe_Damage,L3_S2,-1774,1134,14888,-188,27,-123,0,18.11
7713,20:27:02:473,3,Severe_Damage,L3_S2,-1778,1148,14876,-199,37,-119,0,6.11
7714,20:27:02:483,3,Severe_Damage,L3_S2,-1788,1098,14886,-195,39,-125,0,16.11
7715,20:27:02:493,3,Severe_Damage,L3_S2,-1804,1148,14902,-202,22,-126,0,32.11
7716,20:27:02:503,3,Severe_Damage,L3_S2,-1770,1144,14868,-201,33,-125,0,-1.89
7717,20:27:02:513,3,Severe_Damage,L3_S2,-1780,1076,14818,-208,28,-126,0,-51.89
7718,20:27:02:523,3,Severe_Damage,L3_S2,-1774,1124,14850,-209,27,-127,0,-19.89
7719,20:27:02:533,3,Severe_Damage,L3_S2,-1786,1074,14892,-204,25,-120,0,22.11
7720,20:27:02:543,3,Severe_Damage,L3_S2,-1774,1110,14810,-200,25,-124,0,-59.89
7721,20:27:02:553,3,Severe_Damage,L3_S2,-1770,1140,14840,-198,22,-128,0,-29.89
7722,20:27:02:563,3,Severe_Damage,L3_S2,-1776,1070,14830,-190,28,-128,0,-39.89
7723,20:27:02:573,3,Severe_Damage,L3_S2,-1762,1078,14816,-192,36,-118,0,-53.89
7724,20:27:02:583,3,Severe_Damage,L3_S2,-1790,1104,14872,-188,30,-114,0,2.11
7725,20:27:02:593,3,Severe_Damage,L3_S2,-1788,1098,14828,-182,31,-121,0,-41.89
7726,20:27:02:603,3,Severe_Damage,L3_S2,-1752,1108,14828,-178,32,-119,0,-41.89
7727,20:27:02:613,3,Severe_Damage,L3_S2,-1802,1084,14802,-171,32,-118,0,-67.89
7728,20:27:02:623,3,Severe_Damage,L3_S2,-1748,1152,14838,-177,23,-120,0,-31.89
7729,20:27:02:633,3,Severe_Damage,L3_S2,-1780,1102,14800,-184,29,-121,0,-69.89
7730,20:27:02:643,3,Severe_Damage,L3_S2,-1764,1134,14846,-184,44,-124,0,-23.89
7731,20:27:02:653,3,Severe_Damage,L3_S2,-1814,1130,14886,-184,30,-121,0,16.11
7732,20:27:02:663,3,Severe_Damage,L3_S2,-1788,1074,14902,-190,30,-116,0,32.11
7733,20:27:02:673,3,Severe_Damage,L3_S2,-1726,1124,14880,-190,33,-129,0,10.11
7734,20:27:02:683,3,Severe_Damage,L3_S2,-1772,1086,14900,-204,26,-126,0,30.11
7735,20:27:02:693,3,Severe_Damage,L3_S2,-1730,1120,14910,-202,30,-126,0,40.11
7736,20:27:02:703,3,Severe_Damage,L3_S2,-1814,1106,14812,-206,30,-122,0,-57.89
7737,20:27:02:713,3,Severe_Damage,L3_S2,-1770,1132,14852,-211,37,-124,0,-17.89
7738,20:27:02:723,3,Severe_Damage,L3_S2,-1748,1130,14898,-210,31,-129,0,28.11
7739,20:27:02:733,3,Severe_Damage,L3_S2,-1788,1090,14852,-207,31,-133,0,-17.89
7740,20:27:02:743,3,Severe_Damage,L3_S2,-1796,1056,14902,-195,38,-127,0,32.11
7741,20:27:02:753,3,Severe_Damage,L3_S2,-1772,1126,14834,-198,33,-124,0,-35.89
7742,20:27:02:763,3,Severe_Damage,L3_S2,-1738,1144,14860,-195,28,-126,0,-9.89
7743,20:27:02:773,3,Severe_Damage,L3_S2,-1760,1150,14850,-186,25,-122,0,-19.89
7744,20:27:02:783,3,Severe_Damage,L3_S2,-1746,1144,14882,-184,31,-121,0,12.11
7745,20:27:02:793,3,Severe_Damage,L3_S2,-1722,1110,14864,-178,38,-122,0,-5.89
7746,20:27:02:803,3,Severe_Damage,L3_S2,-1786,1054,14860,-173,27,-116,0,-9.89
7747,20:27:02:813,3,Severe_Damage,L3_S2,-1702,1152,14614,-116,31,-109,0,-255.89
7748,20:27:02:823,3,Severe_Damage,L3_S2,-1774,1040,14862,-152,37,-121,0,-7.89
7749,20:27:02:833,3,Severe_Damage,L3_S2,-1842,1172,14850,-67,32,-102,0,-19.89
7750,20:27:02:843,3,Severe_Damage,L3_S2,-1736,1044,14874,-127,18,-113,0,4.11
7751,20:27:02:853,3,Severe_Damage,L3_S2,-1850,1110,14944,-100,44,-103,0,74.11
7752,20:27:02:863,3,Severe_Damage,L3_S2,-1742,1130,14986,-151,21,-120,0,116.11
7753,20:27:02:873,3,Severe_Damage,L3_S2,-1752,1150,14938,-165,37,-120,0,68.11
7754,20:27:02:883,3,Severe_Damage,L3_S2,-1694,1138,14832,-205,13,-120,0,-37.89
7755,20:27:02:893,3,Severe_Damage,L3_S2,-1810,1100,14994,-219,59,-131,0,124.11
7756,20:27:02:903,3,Severe_Damage,L3_S2,-1736,1134,14998,-243,19,-136,0,128.11
7757,20:27:02:913,3,Severe_Damage,L3_S2,-1828,1092,14870,-271,61,-133,0,0.11
7758,20:27:02:923,3,Severe_Damage,L3_S2,-1748,1164,14894,-266,17,-138,0,24.11
7759,20:27:02:933,3,Severe_Damage,L3_S2,-1762,1126,14820,-281,19,-133,0,-49.89
7760,20:27:02:943,3,Severe_Damage,L3_S2,-1724,1106,14786,-267,40,-136,0,-83.89
7761,20:27:02:953,3,Severe_Damage,L3_S2,-1800,1124,14846,-259,25,-132,0,-23.89
7762,20:27:02:963,3,Severe_Damage,L3_S2,-1728,1130,14792,-240,42,-136,0,-77.89
7763,20:27:02:973,3,Severe_Damage,L3_S2,-26468,-21126,-32768,4,-39,-138,1,-47637.89
7764,20:27:02:983,3,Severe_Damage,L3_S2,-10972,-2134,12882,11940,-3339,2251,1,-1987.89
7765,20:27:02:993,3,Severe_Damage,L3_S2,4676,6318,16744,10265,5625,647,1,1874.11
7766,20:27:03:003,3,Severe_Damage,L3_S2,-9368,-526,30190,11338,-1786,2460,1,15320.11
7767,20:27:03:013,3,Severe_Damage,L3_S2,-2878,8642,21246,9236,-246,1227,1,6376.11
7768,20:27:03:023,3,Severe_Damage,L3_S2,710,396,30282,1976,2134,-195,1,15412.11
7769,20:27:03:033,3,Severe_Damage,L3_S2,-11504,6122,23036,1770,-2158,922,1,8166.11
7770,20:27:03:043,3,Severe_Damage,L3_S2,4936,926,30648,-6307,1563,-1973,1,15778.11
7771,20:27:03:053,3,Severe_Damage,L3_S2,-8470,6358,19022,-6253,-24,-594,1,4152.11
7772,20:27:03:063,3,Severe_Damage,L3_S2,-838,126,23836,-12980,-1996,-2145,1,8966.11
7773,20:27:03:073,3,Severe_Damage,L3_S2,-796,4168,14764,-11675,2726,-2382,1,-105.89
7774,20:27:03:083,3,Severe_Damage,L3_S2,-5502,82,12268,-15080,-2571,-1913,1,-2601.89
7775,20:27:03:093,3,Severe_Damage,L3_S2,4008,1062,10364,-12260,910,-2580,1,-4505.89
7776,20:27:03:103,3,Severe_Damage,L3_S2,-4538,-100,5770,-11705,-1723,-1397,0,-9099.89
7777,20:27:03:113,3,Severe_Damage,L3_S2,2044,-1340,6124,-8613,640,-1783,1,-8745.89
7778,20:27:03:123,3,Severe_Damage,L3_S2,-348,-158,2642,-4929,-791,-713,1,-12227.89
7779,20:27:03:133,3,Severe_Damage,L3_S2,-1268,-2304,4250,-1937,205,-322,1,-10619.89
7780,20:27:03:143,3,Severe_Damage,L3_S2,2286,232,3928,3152,378,150,0,-10941.89
7781,20:27:03:153,3,Severe_Damage,L3_S2,-3354,-1484,6506,5482,-585,1148,0,-8363.89
7782,20:27:03:163,3,Severe_Damage,L3_S2,2090,1070,8880,9747,1610,994,0,-5989.89
7783,20:27:03:173,3,Severe_Damage,L3_S2,-3742,374,11944,10745,-1096,2026,0,-2925.89
7784,20:27:03:183,3,Severe_Damage,L3_S2,-442,2034,15620,12588,1666,1560,0,750.11
7785,20:27:03:193,3,Severe_Damage,L3_S2,-2478,2284,18820,11922,-137,1897,0,3950.11
7786,20:27:03:203,3,Severe_Damage,L3_S2,-4004,2848,21392,10805,-68,1762,0,6522.11
7787,20:27:03:213,3,Severe_Damage,L3_S2,-1198,3408,24390,8612,1550,902,0,9520.11
7788,20:27:03:223,3,Severe_Damage,L3_S2,-5422,3130,24876,5222,-1249,1170,0,10006.11
7789,20:27:03:233,3,Severe_Damage,L3_S2,-2144,3962,25726,2019,1045,-61,0,10856.11
7790,20:27:03:243,3,Severe_Damage,L3_S2,-3534,3318,25362,-2059,94,-382,0,10492.11
7791,20:27:03:253,3,Severe_Damage,L3_S2,-4222,3188,22780,-5370,-1065,-713,0,7910.11
7792,20:27:03:263,3,Severe_Damage,L3_S2,-794,2816,21728,-8424,1235,-1792,0,6858.11
7793,20:27:03:273,3,Severe_Damage,L3_S2,-4420,2228,17570,-10760,-1481,-1431,0,2700.11
7794,20:27:03:283,3,Severe_Damage,L3_S2,-360,1538,15356,-11900,213,-2189,0,486.11
7795,20:27:03:293,3,Severe_Damage,L3_S2,-1574,988,11654,-12011,-355,-1939,0,-3215.89
7796,20:27:03:303,3,Severe_Damage,L3_S2,-1848,134,8768,-11167,-804,-1729,0,-6101.89
7797,20:27:03:313,3,Severe_Damage,L3_S2,1608,-200,6968,-8989,237,-1733,0,-7901.89
7798,20:27:03:323,3,Severe_Damage,L3_S2,-2904,-960,4622,-6443,-745,-798,0,-10247.89
7799,20:27:03:333,3,Severe_Damage,L3_S2,2550,-826,4972,-2871,441,-841,0,-9897.89
7800,20:27:03:343,3,Severe_Damage,L3_S2,-2352,-930,4356,497,-488,254,0,-10513.89
7801,20:27:03:353,3,Severe_Damage,L3_S2,798,-580,6428,4081,657,363,1,-8441.89
7802,20:27:03:363,3,Severe_Damage,L3_S2,-954,62,8078,7117,-34,1096,0,-6791.89
7803,20:27:03:373,3,Severe_Damage,L3_S2,-1890,560,10918,9328,325,1420,0,-3951.89
7804,20:27:03:383,3,Severe_Damage,L3_S2,-312,1414,14142,10933,792,1463,0,-727.89
7805,20:27:03:393,3,Severe_Damage,L3_S2,-3732,1774,16668,11056,-296,1892,0,1798.11
7806,20:27:03:403,3,Severe_Damage,L3_S2,-1086,2674,20186,10624,1156,1330,0,5316.11
7807,20:27:03:413,3,Severe_Damage,L3_S2,-3752,2788,22134,8732,-215,1473,0,7264.11
7808,20:27:03:423,3,Severe_Damage,L3_S2,-3134,3230,23844,6343,288,873,0,8974.11
7809,20:27:03:433,3,Severe_Damage,L3_S2,-2478,3268,24928,3257,676,289,0,10058.11
7810,20:27:03:443,3,Severe_Damage,L3_S2,-4494,3244,24250,-208,-776,116,0,9380.11
7811,20:27:03:453,3,Severe_Damage,L3_S2,-2040,3148,23734,-3420,708,-853,0,8864.11
7812,20:27:03:463,3,Severe_Damage,L3_S2,-3326,2806,21406,-6490,-458,-995,0,6536.11
7813,20:27:03:473,3,Severe_Damage,L3_S2,-2618,2366,19104,-8914,-397,-1476,0,4234.11
7814,20:27:03:483,3,Severe_Damage,L3_S2,-1154,1910,16566,-10393,176,-1866,1,1696.11
7815,20:27:03:493,3,Severe_Damage,L3_S2,-2824,1152,13126,-11099,-917,-1659,0,-1743.89
7816,20:27:03:503,3,Severe_Damage,L3_S2,170,612,10904,-10572,139,-1947,0,-3965.89
7817,20:27:03:513,3,Severe_Damage,L3_S2,-1766,-116,8116,-9310,-680,-1407,0,-6753.89
7818,20:27:03:523,3,Severe_Damage,L3_S2,-84,-422,6548,-6993,35,-1273,0,-8321.89
7819,20:27:03:533,3,Severe_Damage,L3_S2,-166,-738,5576,-4210,-250,-736,0,-9293.89
7820,20:27:03:543,3,Severe_Damage,L3_S2,-1038,-796,5354,-1038,-4,-207,0,-9515.89
7821,20:27:03:553,3,Severe_Damage,L3_S2,624,-574,6450,2247,246,145,0,-8419.89
7822,20:27:03:563,3,Severe_Damage,L3_S2,-1922,-294,7592,5144,-30,852,0,-7277.89
7823,20:27:03:573,3,Severe_Damage,L3_S2,134,390,10316,7700,632,958,0,-4553.89
7824,20:27:03:583,3,Severe_Damage,L3_S2,-2322,930,12602,9279,-8,1499,0,-2267.89
7825,20:27:03:593,3,Severe_Damage,L3_S2,-1486,1558,15654,10142,605,1426,0,784.11
7826,20:27:03:603,3,Severe_Damage,L3_S2,-2178,2104,18330,9940,346,1481,0,3460.11
7827,20:27:03:613,3,Severe_Damage,L3_S2,-3212,2536,20530,8776,32,1375,0,5660.11
7828,20:27:03:623,3,Severe_Damage,L3_S2,-2196,2886,22634,6925,716,864,0,7764.11
7829,20:27:03:633,3,Severe_Damage,L3_S2,-3784,3012,23418,4225,-273,706,0,8548.11
7830,20:27:03:643,3,Severe_Damage,L3_S2,-2818,3116,23852,1333,320,40,0,8982.11
7831,20:27:03:653,3,Severe_Damage,L3_S2,-3032,3024,23388,-1795,81,-391,0,8518.11
7832,20:27:03:663,3,Severe_Damage,L3_S2,-3346,2734,21758,-4713,-421,-753,0,6888.11
7833,20:27:03:673,3,Severe_Damage,L3_S2,-1892,2538,19994,-7094,288,-1334,0,5124.11
7834,20:27:03:683,3,Severe_Damage,L3_S2,-2832,1904,17374,-9033,-616,-1410,0,2504.11
7835,20:27:03:693,3,Severe_Damage,L3_S2,-1444,1490,14764,-9866,-104,-1721,0,-105.89
7836,20:27:03:703,3,Severe_Damage,L3_S2,-1280,822,12204,-9986,-303,-1657,0,-2665.89
7837,20:27:03:713,3,Severe_Damage,L3_S2,-1396,306,9648,-9103,-415,-1480,0,-5221.89
7838,20:27:03:723,3,Severe_Damage,L3_S2,-26,-192,8154,-7419,-65,-1333,0,-6715.89
7839,20:27:03:733,3,Severe_Damage,L3_S2,-1330,-500,6482,-5090,-321,-799,0,-8387.89
7840,20:27:03:743,3,Severe_Damage,L3_S2,322,-604,6432,-2284,120,-547,0,-8437.89
7841,20:27:03:753,3,Severe_Damage,L3_S2,-1078,-572,6484,637,-103,85,0,-8385.89
7842,20:27:03:763,3,Severe_Damage,L3_S2,-322,-218,7774,3492,284,401,0,-7095.89
7843,20:27:03:773,3,Severe_Damage,L3_S2,-882,158,9548,5984,182,855,0,-5321.89
7844,20:27:03:783,3,Severe_Damage,L3_S2,-1710,694,11668,7828,272,1168,0,-3201.89
7845,20:27:03:793,3,Severe_Damage,L3_S2,-1166,1290,14396,8980,465,1256,0,-473.89
7846,20:27:03:803,3,Severe_Damage,L3_S2,-2686,1736,16764,9144,127,1430,0,1894.11
7847,20:27:03:813,3,Severe_Damage,L3_S2,-1996,2272,19244,8604,524,1184,0,4374.11
7848,20:27:03:823,3,Severe_Damage,L3_S2,-2992,2552,21072,7094,113,1077,0,6202.11
7849,20:27:03:833,3,Severe_Damage,L3_S2,-3002,2864,22408,5015,182,695,0,7538.11
7850,20:27:03:843,3,Severe_Damage,L3_S2,-2682,2890,23148,2435,293,246,0,8278.11
7851,20:27:03:853,3,Severe_Damage,L3_S2,-3450,2888,22722,-375,-219,-82,0,7852.11
7852,20:27:03:863,3,Severe_Damage,L3_S2,-2478,2708,22064,-3103,185,-658,0,7194.11
7853,20:27:03:873,3,Severe_Damage,L3_S2,-2852,2488,20208,-5538,-208,-926,0,5338.11
7854,20:27:03:883,3,Severe_Damage,L3_S2,-2406,2064,18198,-7511,-219,-1270,0,3328.11
7855,20:27:03:893,3,Severe_Damage,L3_S2,-1614,1634,15994,-8732,-122,-1514,0,1124.11
7856,20:27:03:903,3,Severe_Damage,L3_S2,-1982,1068,13372,-9144,-427,-1474,0,-1497.89
7857,20:27:03:913,3,Severe_Damage,L3_S2,-786,570,11310,-8733,-111,-1529,0,-3559.89
7858,20:27:03:923,3,Severe_Damage,L3_S2,-1278,78,9154,-7548,-355,-1228,0,-5715.89
7859,20:27:03:933,3,Severe_Damage,L3_S2,-524,-234,7888,-5658,-80,-1012,0,-6981.89
7860,20:27:03:943,3,Severe_Damage,L3_S2,-546,-454,7122,-3286,-113,-600,0,-7747.89
7861,20:27:03:953,3,Severe_Damage,L3_S2,-778,-436,7126,-654,-9,-179,0,-7743.89
7862,20:27:03:963,3,Severe_Damage,L3_S2,-366,-262,7954,2024,167,183,0,-6915.89
7863,20:27:03:973,3,Severe_Damage,L3_S2,-1286,12,9246,4409,85,652,0,-5623.89
7864,20:27:03:983,3,Severe_Damage,L3_S2,-734,560,11038,6469,378,874,0,-3831.89
7865,20:27:03:993,3,Severe_Damage,L3_S2,-1824,904,13256,7716,164,1169,0,-1613.89
7866,20:27:04:003,3,Severe_Damage,L3_S2,-1772,1568,15680,8345,380,1194,0,810.11
7867,20:27:04:013,3,Severe_Damage,L3_S2,-2126,1950,17924,8096,303,1179,0,3054.11
7868,20:27:04:023,3,Severe_Damage,L3_S2,-2742,2352,19716,7119,156,1062,0,4846.11
7869,20:27:04:033,3,Severe_Damage,L3_S2,-2426,2540,21322,5455,354,720,0,6452.11
7870,20:27:04:043,3,Severe_Damage,L3_S2,-3098,2684,22014,3282,11,476,0,7144.11
7871,20:27:04:053,3,Severe_Damage,L3_S2,-2786,2744,22328,809,140,8,0,7458.11
7872,20:27:04:063,3,Severe_Damage,L3_S2,-2838,2600,21714,-1748,20,-362,0,6844.11
7873,20:27:04:073,3,Severe_Damage,L3_S2,-2824,2444,20490,-4101,-173,-712,0,5620.11
7874,20:27:04:083,3,Severe_Damage,L3_S2,-2154,2166,18940,-6075,14,-1090,0,4070.11
7875,20:27:04:094,3,Severe_Damage,L3_S2,-2324,1780,16742,-7555,-319,-1243,0,1872.11
7876,20:27:04:104,3,Severe_Damage,L3_S2,-1508,1302,14608,-8246,-189,-1415,0,-261.89
7877,20:27:04:113,3,Severe_Damage,L3_S2,-1478,784,12478,-8185,-220,-1374,0,-2391.89
7878,20:27:04:123,3,Severe_Damage,L3_S2,-1176,362,10482,-7430,-267,-1244,0,-4387.89
7879,20:27:04:133,3,Severe_Damage,L3_S2,-590,-64,9096,-5979,-123,-1058,0,-5773.89
7880,20:27:04:143,3,Severe_Damage,L3_S2,-986,-212,8008,-3998,-161,-690,0,-6861.89
7881,20:27:04:153,3,Severe_Damage,L3_S2,-408,-310,7864,-1671,41,-390,0,-7005.89
7882,20:27:04:163,3,Severe_Damage,L3_S2,-938,-222,8038,762,2,49,0,-6831.89
7883,20:27:04:173,3,Severe_Damage,L3_S2,-728,-36,9250,3066,179,362,0,-5619.89
7884,20:27:04:183,3,Severe_Damage,L3_S2,-1112,332,10698,5076,175,705,0,-4171.89
7885,20:27:04:193,3,Severe_Damage,L3_S2,-1524,812,12422,6580,257,942,0,-2447.89
7886,20:27:04:203,3,Severe_Damage,L3_S2,-1480,1246,14706,7390,288,1047,0,-163.89
7887,20:27:04:213,3,Severe_Damage,L3_S2,-2278,1684,16714,7503,211,1117,0,1844.11
7888,20:27:04:223,3,Severe_Damage,L3_S2,-2160,1994,18670,6908,317,973,0,3800.11
7889,20:27:04:233,3,Severe_Damage,L3_S2,-2722,2352,20116,5676,176,814,0,5246.11
7890,20:27:04:244,3,Severe_Damage,L3_S2,-2738,2472,21204,3843,141,515,0,6334.11
7891,20:27:04:253,3,Severe_Damage,L3_S2,-2710,2598,21682,1728,155,162,0,6812.11
7892,20:27:04:263,3,Severe_Damage,L3_S2,-2944,2496,21382,-616,-56,-166,0,6512.11
7893,20:27:04:273,3,Severe_Damage,L3_S2,-2546,2354,20630,-2827,29,-562,0,5760.11
7894,20:27:04:284,3,Severe_Damage,L3_S2,-2540,2146,19170,-4805,-130,-838,0,4300.11
7895,20:27:04:294,3,Severe_Damage,L3_S2,-2160,1860,17360,-6337,-144,-1096,0,2490.11
7896,20:27:04:304,3,Severe_Damage,L3_S2,-1820,1360,15558,-7328,-168,-1267,0,688.11
7897,20:27:04:314,3,Severe_Damage,L3_S2,-1630,1026,13464,-7540,-272,-1264,0,-1405.89
7898,20:27:04:323,3,Severe_Damage,L3_S2,-1128,586,11622,-7131,-131,-1237,0,-3247.89
7899,20:27:04:333,3,Severe_Damage,L3_S2,-1134,196,10014,-6073,-232,-1032,0,-4855.89
7900,20:27:04:343,3,Severe_Damage,L3_S2,-742,-84,9056,-4473,-101,-804,0,-5813.89
7901,20:27:04:353,3,Severe_Damage,L3_S2,-792,-184,8470,-2466,-51,-475,0,-6399.89
7902,20:27:04:363,3,Severe_Damage,L3_S2,-882,-198,8540,-286,26,-131,0,-6329.89
7903,20:27:04:373,3,Severe_Damage,L3_S2,-744,-44,9240,1890,104,195,0,-5629.89
7904,20:27:04:383,3,Severe_Damage,L3_S2,-1274,238,10418,3830,129,523,0,-4451.89
7905,20:27:04:393,3,Severe_Damage,L3_S2,-1212,562,12054,5427,234,743,0,-2815.89
7906,20:27:04:404,3,Severe_Damage,L3_S2,-1720,1054,13702,6469,249,937,0,-1167.89
7907,20:27:04:413,3,Severe_Damage,L3_S2,-1824,1396,15830,6790,214,969,0,960.11
7908,20:27:04:423,3,Severe_Damage,L3_S2,-2242,1792,17624,6571,284,936,0,2754.11
7909,20:27:04:433,3,Severe_Damage,L3_S2,-2488,2096,19076,5670,157,809,0,4206.11
7910,20:27:04:443,3,Severe_Damage,L3_S2,-2570,2298,20304,4245,222,563,0,5434.11
7911,20:27:04:453,3,Severe_Damage,L3_S2,-2772,2406,20872,2375,68,299,0,6002.11
7912,20:27:04:463,3,Severe_Damage,L3_S2,-2678,2436,20966,336,76,-44,0,6096.11
7913,20:27:04:473,3,Severe_Damage,L3_S2,-2668,2356,20446,-1743,3,-371,0,5576.11
7914,20:27:04:483,3,Severe_Damage,L3_S2,-2496,2148,19356,-3667,-99,-670,0,4486.11
7915,20:27:04:493,3,Severe_Damage,L3_S2,-2146,1896,17878,-5229,-55,-929,0,3008.11
7916,20:27:04:504,3,Severe_Damage,L3_S2,-2116,1560,16158,-6347,-167,-1084,0,1288.11
7917,20:27:04:514,3,Severe_Damage,L3_S2,-1650,1128,14408,-6867,-206,-1180,0,-461.89
7918,20:27:04:524,3,Severe_Damage,L3_S2,-1484,778,12606,-6700,-130,-1145,0,-2263.89
7919,20:27:04:534,3,Severe_Damage,L3_S2,-1186,404,11122,-5996,-208,-1031,0,-3747.89
7920,20:27:04:543,3,Severe_Damage,L3_S2,-928,106,9904,-4723,-116,-833,0,-4965.89
7921,20:27:04:553,3,Severe_Damage,L3_S2,-960,6,9162,-3061,-72,-558,0,-5707.89
7922,20:27:04:563,3,Severe_Damage,L3_S2,-716,-74,9042,-1106,-13,-273,0,-5827.89
7923,20:27:04:573,3,Severe_Damage,L3_S2,-986,58,9450,871,66,47,0,-5419.89
7924,20:27:04:583,3,Severe_Damage,L3_S2,-1054,222,10318,2741,119,334,0,-4551.89
7925,20:27:04:593,3,Severe_Damage,L3_S2,-1232,456,11682,4348,175,594,0,-3187.89
7926,20:27:04:603,3,Severe_Damage,L3_S2,-1590,908,13140,5516,214,778,0,-1729.89
7927,20:27:04:613,3,Severe_Damage,L3_S2,-1716,1248,14944,6071,216,853,0,74.11
7928,20:27:04:623,3,Severe_Damage,L3_S2,-2132,1618,16664,6084,208,876,0,1794.11
7929,20:27:04:633,3,Severe_Damage,L3_S2,-2278,1878,18186,5507,235,768,0,3316.11
7930,20:27:04:643,3,Severe_Damage,L3_S2,-2468,2142,19376,4414,143,608,0,4506.11
7931,20:27:04:653,3,Severe_Damage,L3_S2,-2594,2244,20164,2858,132,359,0,5294.11
7932,20:27:04:663,3,Severe_Damage,L3_S2,-2660,2276,20410,1060,72,83,0,5540.11
7933,20:27:04:673,3,Severe_Damage,L3_S2,-2680,2266,20124,-832,12,-215,0,5254.11
7934,20:27:04:684,3,Severe_Damage,L3_S2,-2414,2190,19400,-2655,-33,-506,0,4530.11
7935,20:27:04:694,3,Severe_Damage,L3_S2,-2320,1896,18164,-4217,-90,-751,0,3294.11
7936,20:27:04:704,3,Severe_Damage,L3_S2,-2036,1650,16696,-5400,-90,-944,0,1826.11
7937,20:27:04:714,3,Severe_Damage,L3_S2,-1798,1316,15116,-6119,-190,-1055,0,246.11
7938,20:27:04:724,3,Severe_Damage,L3_S2,-1586,938,13450,-6213,-147,-1064,0,-1419.89
7939,20:27:04:734,3,Severe_Damage,L3_S2,-1280,610,11946,-5761,-127,-1006,0,-2923.89
7940,20:27:04:744,3,Severe_Damage,L3_S2,-1178,296,10746,-4814,-170,-838,0,-4123.89
7941,20:27:04:753,3,Severe_Damage,L3_S2,-916,96,10000,-3440,-46,-643,0,-4869.89
7942,20:27:04:763,3,Severe_Damage,L3_S2,-1010,84,9560,-1736,-28,-361,0,-5309.89
7943,20:27:04:773,3,Severe_Damage,L3_S2,-914,10,9768,39,39,-90,0,-5101.89
7944,20:27:04:783,3,Severe_Damage,L3_S2,-1060,274,10392,1826,96,192,0,-4477.89
7945,20:27:04:793,3,Severe_Damage,L3_S2,-1300,480,11434,3357,121,437,0,-3435.89
7946,20:27:04:803,3,Severe_Damage,L3_S2,-1350,832,12790,4624,200,625,0,-2079.89
7947,20:27:04:813,3,Severe_Damage,L3_S2,-1754,1080,14354,5317,182,755,0,-515.89
7948,20:27:04:823,3,Severe_Damage,L3_S2,-1912,1374,15894,5566,217,779,0,1024.11
7949,20:27:04:833,3,Severe_Damage,L3_S2,-2138,1700,17310,5237,200,730,0,2440.11
7950,20:27:04:843,3,Severe_Damage,L3_S2,-2386,1944,18544,4429,157,608,0,3674.11
7951,20:27:04:853,3,Severe_Damage,L3_S2,-2394,2066,19460,3160,143,403,0,4590.11
7952,20:27:04:863,3,Severe_Damage,L3_S2,-2626,2158,19828,1619,73,172,0,4958.11
7953,20:27:04:873,3,Severe_Damage,L3_S2,-2474,2194,19850,-92,45,-112,0,4980.11
7954,20:27:04:884,3,Severe_Damage,L3_S2,-2502,2096,19336,-1777,-14,-368,0,4466.11
7955,20:27:04:894,3,Severe_Damage,L3_S2,-2302,1922,18400,-3308,-60,-612,0,3530.11
7956,20:27:04:904,3,Severe_Damage,L3_S2,-2092,1678,17142,-4517,-69,-812,0,2272.11
7957,20:27:04:914,3,Severe_Damage,L3_S2,-1942,1442,15610,-5342,-148,-930,0,740.11
7958,20:27:04:924,3,Severe_Damage,L3_S2,-1596,1008,14296,-5703,-140,-1000,0,-573.89
7959,20:27:04:934,3,Severe_Damage,L3_S2,-1510,798,12684,-5407,-116,-942,0,-2185.89
7960,20:27:04:944,3,Severe_Damage,L3_S2,-1150,404,11578,-4787,-131,-844,0,-3291.89
7961,20:27:04:953,3,Severe_Damage,L3_S2,-1196,308,10640,-3636,-83,-661,0,-4229.89
7962,20:27:04:963,3,Severe_Damage,L3_S2,-1042,106,10216,-2235,-36,-446,0,-4653.89
7963,20:27:04:973,3,Severe_Damage,L3_S2,-1048,154,10108,-597,29,-185,0,-4761.89
7964,20:27:04:983,3,Severe_Damage,L3_S2,-1112,216,10528,1005,44,66,0,-4341.89
7965,20:27:04:993,3,Severe_Damage,L3_S2,-1260,406,11288,2512,126,298,0,-3581.89
7966,20:27:05:003,3,Severe_Damage,L3_S2,-1362,674,12438,3740,124,498,0,-2431.89
7967,20:27:05:013,3,Severe_Damage,L3_S2,-1614,952,13776,4616,203,629,0,-1093.89
7968,20:27:05:023,3,Severe_Damage,L3_S2,-1882,1298,15278,4972,189,689,0,408.11
7969,20:27:05:033,3,Severe_Damage,L3_S2,-2026,1586,16612,4885,154,677,0,1742.11
7970,20:27:05:043,3,Severe_Damage,L3_S2,-2196,1774,17868,4313,207,581,0,2998.11
7971,20:27:05:054,3,Severe_Damage,L3_S2,-2416,1992,18752,3334,102,444,0,3882.11
7972,20:27:05:064,3,Severe_Damage,L3_S2,-2420,2028,19332,1998,116,218,0,4462.11
7973,20:27:05:073,3,Severe_Damage,L3_S2,-2464,2112,19378,509,56,-10,0,4508.11
7974,20:27:05:084,3,Severe_Damage,L3_S2,-2428,2012,19106,-1063,3,-250,0,4236.11
7975,20:27:05:094,3,Severe_Damage,L3_S2,-2252,1922,18374,-2490,-15,-485,0,3504.11
7976,20:27:05:104,3,Severe_Damage,L3_S2,-2208,1684,17314,-3733,-84,-673,0,2444.11
7977,20:27:05:114,3,Severe_Damage,L3_S2,-1878,1502,16066,-4591,-85,-821,0,1196.11
7978,20:27:05:124,3,Severe_Damage,L3_S2,-1762,1158,14856,-5101,-128,-892,0,-13.89
7979,20:27:05:134,3,Severe_Damage,L3_S2,-1538,864,13414,-5067,-136,-885,0,-1455.89
7980,20:27:05:144,3,Severe_Damage,L3_S2,-1314,582,12254,-4593,-74,-817,0,-2615.89
7981,20:27:05:154,3,Severe_Damage,L3_S2,-1276,418,11322,-3730,-126,-662,0,-3547.89
7982,20:27:05:164,3,Severe_Damage,L3_S2,-1028,254,10758,-2544,-36,-498,0,-4111.89
7983,20:27:05:173,3,Severe_Damage,L3_S2,-1172,224,10464,-1112,12,-263,0,-4405.89
7984,20:27:05:183,3,Severe_Damage,L3_S2,-1098,240,10734,343,22,-36,0,-4135.89
7985,20:27:05:193,3,Severe_Damage,L3_S2,-1162,402,11370,1762,113,176,0,-3499.89
7986,20:27:05:203,3,Severe_Damage,L3_S2,-1472,648,12344,2970,98,379,0,-2525.89
7987,20:27:05:213,3,Severe_Damage,L3_S2,-1510,868,13476,3885,164,517,0,-1393.89
7988,20:27:05:224,3,Severe_Damage,L3_S2,-1846,1138,14660,4424,175,611,0,-209.89
7989,20:27:05:234,3,Severe_Damage,L3_S2,-1942,1366,16058,4463,163,604,0,1188.11
7990,20:27:05:244,3,Severe_Damage,L3_S2,-2160,1644,17124,4119,153,559,0,2254.11
7991,20:27:05:254,3,Severe_Damage,L3_S2,-2316,1780,18084,3327,130,434,0,3214.11
7992,20:27:05:263,3,Severe_Damage,L3_S2,-2302,1980,18646,2288,110,268,0,3776.11
7993,20:27:05:273,3,Severe_Damage,L3_S2,-2448,1942,19054,915,41,54,0,4184.11
7994,20:27:05:284,3,Severe_Damage,L3_S2,-2410,1988,18826,-423,40,-162,0,3956.11
7995,20:27:05:294,3,Severe_Damage,L3_S2,-2308,1838,18306,-1843,-31,-375,0,3436.11
7996,20:27:05:304,3,Severe_Damage,L3_S2,-2158,1762,17350,-2985,-38,-555,0,2480.11
7997,20:27:05:314,3,Severe_Damage,L3_S2,-2022,1446,16456,-3940,-77,-708,0,1586.11
7998,20:27:05:324,3,Severe_Damage,L3_S2,-1846,1264,15232,-4477,-94,-799,0,362.11
7999,20:27:05:334,3,Severe_Damage,L3_S2,-1586,968,14076,-4690,-121,-833,0,-793.89
8000,20:27:05:344,3,Severe_Damage,L3_S2,-1526,824,12820,-4324,-75,-770,0,-2049.89
8001,20:27:05:354,3,Severe_Damage,L3_S2,-1228,540,12002,-3731,-91,-689,0,-2867.89
8002,20:27:05:364,3,Severe_Damage,L3_S2,-1174,400,11290,-2715,-56,-521,0,-3579.89
8003,20:27:05:374,3,Severe_Damage,L3_S2,-1190,300,10968,-1520,-12,-327,0,-3901.89
8004,20:27:05:384,3,Severe_Damage,L3_S2,-1170,334,11026,-170,46,-126,0,-3843.89
8005,20:27:05:393,3,Severe_Damage,L3_S2,-1272,408,11440,1116,62,89,0,-3429.89
8006,20:27:05:404,3,Severe_Damage,L3_S2,-1400,600,12178,2302,132,265,0,-2691.89
8007,20:27:05:413,3,Severe_Damage,L3_S2,-1538,792,13158,3230,98,419,0,-1711.89
8008,20:27:05:424,3,Severe_Damage,L3_S2,-1712,1048,14410,3822,165,507,0,-459.89
8009,20:27:05:434,3,Severe_Damage,L3_S2,-1922,1338,15430,4071,168,551,0,560.11
8010,20:27:05:444,3,Severe_Damage,L3_S2,-2028,1462,16598,3837,122,514,0,1728.11
8011,20:27:05:454,3,Severe_Damage,L3_S2,-2212,1744,17450,3299,136,426,0,2580.11
8012,20:27:05:463,3,Severe_Damage,L3_S2,-2294,1766,18208,2377,96,281,0,3338.11
8013,20:27:05:474,3,Severe_Damage,L3_S2,-2376,1886,18436,1305,72,111,0,3566.11
8014,20:27:05:483,3,Severe_Damage,L3_S2,-2314,1868,18570,-12,27,-99,0,3700.11
8015,20:27:05:494,3,Severe_Damage,L3_S2,-2296,1862,18158,-1212,4,-281,0,3288.11
8016,20:27:05:504,3,Severe_Damage,L3_S2,-2178,1704,17538,-2391,-31,-467,0,2668.11
8017,20:27:05:514,3,Severe_Damage,L3_S2,-2092,1544,16596,-3284,-55,-611,0,1726.11
8018,20:27:05:524,3,Severe_Damage,L3_S2,-1862,1360,15590,-3926,-75,-716,0,720.11
8019,20:27:05:534,3,Severe_Damage,L3_S2,-1704,1076,14474,-4226,-88,-766,0,-395.89
8020,20:27:05:544,3,Severe_Damage,L3_S2,-1542,898,13430,-4084,-92,-738,0,-1439.89
8021,20:27:05:554,3,Severe_Damage,L3_S2,-1428,602,12490,-3606,-60,-660,0,-2379.89
8022,20:27:05:564,3,Severe_Damage,L3_S2,-1312,506,11710,-2810,-64,-532,0,-3159.89
8023,20:27:05:574,3,Severe_Damage,L3_S2,-1184,350,11382,-1802,-22,-383,0,-3487.89
8024,20:27:05:584,3,Severe_Damage,L3_S2,-1218,408,11354,-580,27,-183,0,-3515.89
8025,20:27:05:593,3,Severe_Damage,L3_S2,-1258,406,11660,591,52,-1,0,-3209.89
8026,20:27:05:603,3,Severe_Damage,L3_S2,-1314,588,12192,1723,87,177,0,-2677.89
8027,20:27:05:614,3,Severe_Damage,L3_S2,-1484,758,13036,2633,102,322,0,-1833.89
8028,20:27:05:624,3,Severe_Damage,L3_S2,-1640,930,14018,3288,121,419,0,-851.89
8029,20:27:05:634,3,Severe_Damage,L3_S2,-1822,1166,15020,3589,150,479,0,150.11
8030,20:27:05:644,3,Severe_Damage,L3_S2,-2078,1550,17118,3119,93,396,0,2248.11
8031,20:27:05:654,3,Severe_Damage,L3_S2,-2260,1768,17642,2464,141,304,0,2772.11
8032,20:27:05:664,3,Severe_Damage,L3_S2,-2196,1732,18104,1466,69,138,0,3234.11
8033,20:27:05:674,3,Severe_Damage,L3_S2,-2336,1866,18178,404,56,-28,0,3308.11
8034,20:27:05:684,3,Severe_Damage,L3_S2,-2314,1736,18000,-765,22,-210,0,3130.11
8035,20:27:05:694,3,Severe_Damage,L3_S2,-2168,1674,17458,-1825,-17,-373,0,2588.11
8036,20:27:05:704,3,Severe_Damage,L3_S2,-2080,1542,16704,-2744,-37,-520,0,1834.11
8037,20:27:05:714,3,Severe_Damage,L3_S2,-1946,1358,15794,-3402,-56,-626,0,924.11
8038,20:27:05:724,3,Severe_Damage,L3_S2,-1808,1152,14722,-3760,-71,-683,0,-147.89
8039,20:27:05:734,3,Severe_Damage,L3_S2,-1664,912,13856,-3807,-70,-690,0,-1013.89
8040,20:27:05:744,3,Severe_Damage,L3_S2,-1432,740,12954,-3447,-103,-636,0,-1915.89
8041,20:27:05:754,3,Severe_Damage,L3_S2,-1420,572,12246,-2820,1,-543,0,-2623.89
8042,20:27:05:764,3,Severe_Damage,L3_S2,-1296,526,11804,-1937,-60,-396,0,-3065.89
8043,20:27:05:774,3,Severe_Damage,L3_S2,-1262,480,11714,-936,15,-247,0,-3155.89
8044,20:27:05:783,3,Severe_Damage,L3_S2,-1318,532,11784,192,54,-68,0,-3085.89
8045,20:27:05:793,3,Severe_Damage,L3_S2,-1330,566,12292,1194,43,94,0,-2577.89
8046,20:27:05:804,3,Severe_Damage,L3_S2,-1468,724,12964,2121,121,234,0,-1905.89
8047,20:27:05:814,3,Severe_Damage,L3_S2,-1622,918,13808,2769,91,339,0,-1061.89
8048,20:27:05:824,3,Severe_Damage,L3_S2,-1792,1140,14802,3169,139,399,0,-67.89
8049,20:27:05:834,3,Severe_Damage,L3_S2,-1888,1292,15682,3239,134,421,0,812.11
8050,20:27:05:844,3,Severe_Damage,L3_S2,-2108,1500,16472,2990,127,380,0,1602.11
8051,20:27:05:854,3,Severe_Damage,L3_S2,-2122,1568,17212,2407,90,284,0,2342.11
8052,20:27:05:864,3,Severe_Damage,L3_S2,-2248,1710,17660,1618,101,163,0,2790.11
8053,20:27:05:874,3,Severe_Damage,L3_S2,-2202,1748,17858,674,49,10,0,2988.11
8054,20:27:05:884,3,Severe_Damage,L3_S2,-2232,1706,17840,-381,32,-153,0,2970.11
8055,20:27:05:894,3,Severe_Damage,L3_S2,-2204,1694,17350,-1351,-5,-312,0,2480.11
8056,20:27:05:904,3,Severe_Damage,L3_S2,-2042,1542,16802,-2255,-44,-455,0,1932.11
8057,20:27:05:914,3,Severe_Damage,L3_S2,-2020,1412,15890,-2909,-40,-547,0,1020.11
8058,20:27:05:924,3,Severe_Damage,L3_S2,-1762,1176,15120,-3355,-68,-623,0,250.11
8059,20:27:05:934,3,Severe_Damage,L3_S2,-1740,1054,14154,-3429,-44,-632,0,-715.89
8060,20:27:05:944,3,Severe_Damage,L3_S2,-1530,808,13502,-3293,-102,-611,0,-1367.89
8061,20:27:05:954,3,Severe_Damage,L3_S2,-1456,702,12706,-2739,-22,-517,0,-2163.89
8062,20:27:05:964,3,Severe_Damage,L3_S2,-1388,520,12280,-2052,-21,-428,0,-2589.89
8063,20:27:05:974,3,Severe_Damage,L3_S2,-1292,532,12010,-1138,-16,-282,0,-2859.89
8064,20:27:05:984,3,Severe_Damage,L3_S2,-1382,468,12104,-205,48,-123,0,-2765.89
8065,20:27:05:993,3,Severe_Damage,L3_S2,-1420,572,12368,802,66,34,0,-2501.89
8066,20:27:06:004,3,Severe_Damage,L3_S2,-1406,642,12966,1626,62,161,0,-1903.89
8067,20:27:06:014,3,Severe_Damage,L3_S2,-1604,866,13678,2329,115,270,0,-1191.89
8068,20:27:06:024,3,Severe_Damage,L3_S2,-1712,1048,14472,2746,98,338,0,-397.89
8069,20:27:06:034,3,Severe_Damage,L3_S2,-1844,1232,15350,2901,121,364,0,480.11
8070,20:27:06:044,3,Severe_Damage,L3_S2,-1984,1422,16094,2788,142,347,0,1224.11
8071,20:27:06:054,3,Severe_Damage,L3_S2,-2020,1484,16836,2319,72,275,0,1966.11
8072,20:27:06:064,3,Severe_Damage,L3_S2,-2180,1706,17206,1709,98,173,0,2336.11
8073,20:27:06:074,3,Severe_Damage,L3_S2,-2150,1602,17616,826,45,37,0,2746.11
8074,20:27:06:084,3,Severe_Damage,L3_S2,-2198,1724,17450,-25,41,-94,0,2580.11
8075,20:27:06:094,3,Severe_Damage,L3_S2,-2152,1572,17366,-1005,-4,-252,0,2496.11
8076,20:27:06:110,3,Severe_Damage,L3_S2,-2088,1554,16714,-1783,-11,-373,0,1844.11
8077,20:27:06:114,3,Severe_Damage,L3_S2,-1932,1378,16158,-2505,-41,-480,0,1288.11
8078,20:27:06:124,3,Severe_Damage,L3_S2,-1808,1238,15322,-2926,-40,-554,0,452.11
8079,20:27:06:134,3,Severe_Damage,L3_S2,-1718,1050,14576,-3126,-35,-590,0,-293.89
8080,20:27:06:144,3,Severe_Damage,L3_S2,-1552,980,13764,-3025,-64,-572,0,-1105.89
8081,20:27:06:154,3,Severe_Damage,L3_S2,-1404,708,13206,-2707,-83,-519,0,-1663.89
8082,20:27:06:164,3,Severe_Damage,L3_S2,-1542,672,12588,-2049,23,-420,0,-2281.89
8083,20:27:06:174,3,Severe_Damage,L3_S2,-1304,558,12352,-1320,-51,-303,0,-2517.89
8084,20:27:06:184,3,Severe_Damage,L3_S2,-1396,590,12240,-439,47,-166,0,-2629.89
8085,20:27:06:194,3,Severe_Damage,L3_S2,-1428,628,12498,416,47,-30,0,-2371.89
8086,20:27:06:204,3,Severe_Damage,L3_S2,-1454,744,12906,1243,49,105,0,-1963.89
8087,20:27:06:214,3,Severe_Damage,L3_S2,-1532,832,13536,1898,114,209,0,-1333.89
8088,20:27:06:224,3,Severe_Damage,L3_S2,-1666,1058,14310,2367,88,289,0,-559.89
8089,20:27:06:234,3,Severe_Damage,L3_S2,-1744,1188,15088,2576,124,310,0,218.11
8090,20:27:06:244,3,Severe_Damage,L3_S2,-1954,1314,15796,2518,101,308,0,926.11
8091,20:27:06:254,3,Severe_Damage,L3_S2,-2084,1420,16474,2238,120,270,0,1604.11
8092,20:27:06:264,3,Severe_Damage,L3_S2,-2074,1524,16962,1695,79,180,0,2092.11
8093,20:27:06:274,3,Severe_Damage,L3_S2,-2166,1634,17204,983,53,69,0,2334.11
8094,20:27:06:284,3,Severe_Damage,L3_S2,-2178,1602,17400,162,55,-67,0,2530.11
8095,20:27:06:294,3,Severe_Damage,L3_S2,-2168,1616,17176,-649,3,-183,0,2306.11
8096,20:27:06:304,3,Severe_Damage,L3_S2,-2090,1504,16736,-1450,-16,-317,0,1866.11
8097,20:27:06:314,3,Severe_Damage,L3_S2,-1936,1406,16186,-2077,-12,-414,0,1316.11
8098,20:27:06:324,3,Severe_Damage,L3_S2,-1840,1276,15558,-2577,-55,-494,0,688.11
8099,20:27:06:334,3,Severe_Damage,L3_S2,-1798,1118,14786,-2798,-8,-542,0,-83.89
8100,20:27:06:344,3,Severe_Damage,L3_S2,-1624,950,13998,-2790,-70,-530,0,-871.89
8101,20:27:06:354,3,Severe_Damage,L3_S2,-1610,908,13424,-2521,-30,-489,0,-1445.89
8102,20:27:06:364,3,Severe_Damage,L3_S2,-1442,618,12958,-2097,-60,-429,0,-1911.89
8103,20:27:06:374,3,Severe_Damage,L3_S2,-1468,676,12602,-1364,18,-305,0,-2267.89
8104,20:27:06:384,3,Severe_Damage,L3_S2,-1358,550,12590,-679,0,-202,0,-2279.89
8105,20:27:06:394,3,Severe_Damage,L3_S2,-1450,764,12668,164,42,-60,0,-2201.89
8106,20:27:06:404,3,Severe_Damage,L3_S2,-1494,756,13084,875,70,41,0,-1785.89
8107,20:27:06:414,3,Severe_Damage,L3_S2,-1576,856,13536,1552,69,152,0,-1333.89
8108,20:27:06:424,3,Severe_Damage,L3_S2,-1636,938,14236,1993,99,221,0,-633.89
8109,20:27:06:434,3,Severe_Damage,L3_S2,-1746,1130,14844,2272,96,270,0,-25.89
8110,20:27:06:444,3,Severe_Damage,L3_S2,-1952,1254,15530,2282,97,262,0,660.11
8111,20:27:06:454,3,Severe_Damage,L3_S2,-1976,1362,16128,2067,100,228,0,1258.11
8112,20:27:06:464,3,Severe_Damage,L3_S2,-2102,1516,16590,1674,98,175,0,1720.11
8113,20:27:06:474,3,Severe_Damage,L3_S2,-2080,1570,16932,1040,48,71,0,2062.11
8114,20:27:06:484,3,Severe_Damage,L3_S2,-2142,1650,17050,348,41,-39,0,2180.11
8115,20:27:06:494,3,Severe_Damage,L3_S2,-2088,1506,17022,-416,24,-160,0,2152.11
8116,20:27:06:504,3,Severe_Damage,L3_S2,-2066,1540,16634,-1109,5,-264,0,1764.11
8117,20:27:06:514,3,Severe_Damage,L3_S2,-1976,1412,16214,-1763,-25,-370,0,1344.11
8118,20:27:06:524,3,Severe_Damage,L3_S2,-1872,1330,15612,-2207,-11,-446,0,742.11
8119,20:27:06:534,3,Severe_Damage,L3_S2,-1796,1130,15006,-2508,-35,-486,0,136.11
8120,20:27:06:544,3,Severe_Damage,L3_S2,-1650,1014,14302,-2544,-16,-491,0,-567.89
8121,20:27:06:554,3,Severe_Damage,L3_S2,-1572,882,13740,-2363,-47,-465,0,-1129.89
8122,20:27:06:564,3,Severe_Damage,L3_S2,-1548,826,13218,-1996,-16,-404,0,-1651.89
8123,20:27:06:574,3,Severe_Damage,L3_S2,-1420,658,12992,-1486,-37,-330,0,-1877.89
8124,20:27:06:584,3,Severe_Damage,L3_S2,-1490,748,12802,-759,43,-202,0,-2067.89
8125,20:27:06:594,3,Severe_Damage,L3_S2,-1380,710,12906,-108,8,-111,0,-1963.89
8126,20:27:06:604,3,Severe_Damage,L3_S2,-1544,780,13112,619,75,9,0,-1757.89
8127,20:27:06:614,3,Severe_Damage,L3_S2,-1580,868,13520,1199,65,95,0,-1349.89
8128,20:27:06:624,3,Severe_Damage,L3_S2,-1640,974,14058,1686,72,176,0,-811.89
8129,20:27:06:634,3,Severe_Damage,L3_S2,-1786,1096,14702,1954,88,221,0,-167.89
8130,20:27:06:644,3,Severe_Damage,L3_S2,-1802,1212,15312,2048,89,232,0,442.11
8131,20:27:06:654,3,Severe_Damage,L3_S2,-2014,1322,15830,1903,97,210,0,960.11
8132,20:27:06:664,3,Severe_Damage,L3_S2,-1932,1384,16402,1568,81,149,0,1532.11
8133,20:27:06:674,3,Severe_Damage,L3_S2,-2056,1562,16600,1119,78,90,0,1730.11
8134,20:27:06:684,3,Severe_Damage,L3_S2,-2000,1482,16852,427,17,-20,0,1982.11
8135,20:27:06:694,3,Severe_Damage,L3_S2,-2106,1562,16750,-183,62,-117,0,1880.11
8136,20:27:06:704,3,Severe_Damage,L3_S2,-1956,1484,16578,-871,-20,-233,0,1708.11
8137,20:27:06:714,3,Severe_Damage,L3_S2,-1986,1388,16150,-1430,6,-316,0,1280.11
8138,20:27:06:724,3,Severe_Damage,L3_S2,-1906,1264,15712,-1918,-34,-384,0,842.11
8139,20:27:06:734,3,Severe_Damage,L3_S2,-1816,1182,15176,-2205,-27,-441,0,306.11
8140,20:27:06:744,3,Severe_Damage,L3_S2,-1836,1122,14518,-2304,0,-458,0,-351.89
8141,20:27:06:754,3,Severe_Damage,L3_S2,-1542,942,13962,-2202,-57,-443,0,-907.89
8142,20:27:06:764,3,Severe_Damage,L3_S2,-1538,800,13448,-1896,0,-390,0,-1421.89
8143,20:27:06:774,3,Severe_Damage,L3_S2,-1502,718,13110,-1466,-25,-321,0,-1759.89
8144,20:27:06:784,3,Severe_Damage,L3_S2,-1482,710,13074,-917,10,-240,0,-1795.89
8145,20:27:06:794,3,Severe_Damage,L3_S2,-1474,794,13040,-235,52,-126,0,-1829.89
8146,20:27:06:804,3,Severe_Damage,L3_S2,-1464,720,13292,341,14,-40,0,-1577.89
8147,20:27:06:814,3,Severe_Damage,L3_S2,-1582,836,13542,945,91,53,0,-1327.89
8148,20:27:06:824,3,Severe_Damage,L3_S2,-1614,952,13898,1372,60,129,0,-971.89
8149,20:27:06:834,3,Severe_Damage,L3_S2,-1698,1078,14570,1685,75,175,0,-299.89
8150,20:27:06:844,3,Severe_Damage,L3_S2,-1834,1152,15196,1790,102,195,0,326.11
8151,20:27:06:854,3,Severe_Damage,L3_S2,-1880,1264,15634,1730,73,180,0,764.11
8152,20:27:06:864,3,Severe_Damage,L3_S2,-1978,1346,16088,1467,94,139,0,1218.11
8153,20:27:06:874,3,Severe_Damage,L3_S2,-1972,1414,16354,1082,68,77,0,1484.11
8154,20:27:06:884,3,Severe_Damage,L3_S2,-2042,1442,16568,547,51,-8,0,1698.11
8155,20:27:06:894,3,Severe_Damage,L3_S2,-1954,1496,16638,-50,22,-104,0,1768.11
8156,20:27:06:904,3,Severe_Damage,L3_S2,-2022,1374,16490,-646,32,-194,0,1620.11
8157,20:27:06:914,3,Severe_Damage,L3_S2,-1972,1378,16154,-1175,-3,-275,0,1284.11
8158,20:27:06:924,3,Severe_Damage,L3_S2,-1908,1314,15720,-1643,-11,-359,0,850.11
8159,20:27:06:934,3,Severe_Damage,L3_S2,-1834,1266,15170,-1922,-13,-396,0,300.11
8160,20:27:06:944,3,Severe_Damage,L3_S2,-1698,1128,14718,-2079,-18,-419,0,-151.89
8161,20:27:06:954,3,Severe_Damage,L3_S2,-1680,980,14198,-2012,-21,-405,0,-671.89
8162,20:27:06:964,3,Severe_Damage,L3_S2,-1588,872,13768,-1808,-30,-367,0,-1101.89
8163,20:27:06:974,3,Severe_Damage,L3_S2,-1536,824,13408,-1425,4,-306,0,-1461.89
8164,20:27:06:984,3,Severe_Damage,L3_S2,-1572,806,13212,-942,-1,-237,0,-1657.89
8165,20:27:06:994,3,Severe_Damage,L3_S2,-1450,726,13254,-426,13,-151,0,-1615.89
8166,20:27:07:004,3,Severe_Damage,L3_S2,-1560,820,13316,210,66,-62,0,-1553.89
8167,20:27:07:014,3,Severe_Damage,L3_S2,-1510,836,13692,666,28,13,0,-1177.89
8168,20:27:07:024,3,Severe_Damage,L3_S2,-1650,1006,14008,1149,82,86,0,-861.89
8169,20:27:07:034,3,Severe_Damage,L3_S2,-1674,996,14426,1412,66,124,0,-443.89
8170,20:27:07:044,3,Severe_Damage,L3_S2,-1816,1226,14910,1581,74,161,0,40.11
8171,20:27:07:054,3,Severe_Damage,L3_S2,-1870,1202,15444,1538,86,149,0,574.11
8172,20:27:07:064,3,Severe_Damage,L3_S2,-1904,1374,15936,1353,71,125,0,1066.11
8173,20:27:07:074,3,Severe_Damage,L3_S2,-2032,1352,16204,1016,62,68,0,1334.11
8174,20:27:07:084,3,Severe_Damage,L3_S2,-1964,1374,16410,574,54,-4,0,1540.11
8175,20:27:07:094,3,Severe_Damage,L3_S2,-2056,1510,16346,92,50,-72,0,1476.11
8176,20:27:07:104,3,Severe_Damage,L3_S2,-1964,1330,16382,-504,3,-173,0,1512.11
8177,20:27:07:114,3,Severe_Damage,L3_S2,-1986,1384,16056,-956,34,-240,0,1186.11
8178,20:27:07:124,3,Severe_Damage,L3_S2,-1908,1296,15728,-1410,-29,-306,0,858.11
8179,20:27:07:134,3,Severe_Damage,L3_S2,-1794,1178,15284,-1694,3,-363,0,414.11
8180,20:27:07:144,3,Severe_Damage,L3_S2,-1774,1098,14758,-1848,-22,-377,0,-111.89
8181,20:27:07:154,3,Severe_Damage,L3_S2,-1744,976,14422,-1849,-2,-383,0,-447.89
8182,20:27:07:164,3,Severe_Damage,L3_S2,-1564,936,13974,-1671,-28,-355,0,-895.89
8183,20:27:07:174,3,Severe_Damage,L3_S2,-1622,872,13620,-1382,-5,-306,0,-1249.89
8184,20:27:07:184,3,Severe_Damage,L3_S2,-1580,800,13434,-948,13,-242,0,-1435.89
8185,20:27:07:194,3,Severe_Damage,L3_S2,-1564,820,13382,-477,9,-163,0,-1487.89
8186,20:27:07:204,3,Severe_Damage,L3_S2,-1584,786,13488,40,53,-91,0,-1381.89
8187,20:27:07:214,3,Severe_Damage,L3_S2,-1556,856,13696,517,52,-12,0,-1173.89
8188,20:27:07:224,3,Severe_Damage,L3_S2,-1704,964,14022,929,76,54,0,-847.89
8189,20:27:07:234,3,Severe_Damage,L3_S2,-1646,1032,14388,1228,79,92,0,-481.89
8190,20:27:07:244,3,Severe_Damage,L3_S2,-1842,1180,14890,1384,70,129,0,20.11
8191,20:27:07:254,3,Severe_Damage,L3_S2,-1850,1228,15342,1394,83,130,0,472.11
8192,20:27:07:264,3,Severe_Damage,L3_S2,-1914,1280,15732,1247,56,108,0,862.11
8193,20:27:07:274,3,Severe_Damage,L3_S2,-2020,1346,16096,966,67,58,0,1226.11
8194,20:27:07:284,3,Severe_Damage,L3_S2,-2002,1430,16260,578,53,0,0,1390.11
8195,20:27:07:294,3,Severe_Damage,L3_S2,-2058,1424,16314,115,31,-78,0,1444.11
8196,20:27:07:304,3,Severe_Damage,L3_S2,-1978,1468,16274,-367,39,-154,0,1404.11
8197,20:27:07:314,3,Severe_Damage,L3_S2,-1928,1330,16044,-831,-2,-225,0,1174.11
8198,20:27:07:324,3,Severe_Damage,L3_S2,-1876,1274,15696,-1225,10,-282,0,826.11
8199,20:27:07:334,3,Severe_Damage,L3_S2,-1822,1258,15368,-1516,-7,-325,0,498.11
8200,20:27:07:344,3,Severe_Damage,L3_S2,-1752,1178,14846,-1680,-15,-354,0,-23.89
8201,20:27:07:354,3,Severe_Damage,L3_S2,-1784,1014,14448,-1709,8,-359,0,-421.89
8202,20:27:07:364,3,Severe_Damage,L3_S2,-1644,898,14048,-1574,-36,-337,0,-821.89
8203,20:27:07:374,3,Severe_Damage,L3_S2,-1566,904,13846,-1318,13,-302,0,-1023.89
8204,20:27:07:384,3,Severe_Damage,L3_S2,-1596,854,13608,-960,-5,-243,0,-1261.89
8205,20:27:07:394,3,Severe_Damage,L3_S2,-1512,816,13490,-525,22,-177,0,-1379.89
8206,20:27:07:404,3,Severe_Damage,L3_S2,-1588,834,13576,-59,46,-98,0,-1293.89
8207,20:27:07:414,3,Severe_Damage,L3_S2,-1538,866,13794,385,45,-32,0,-1075.89
8208,20:27:07:424,3,Severe_Damage,L3_S2,-1642,948,14082,777,67,25,0,-787.89
8209,20:27:07:434,3,Severe_Damage,L3_S2,-1750,1038,14384,1052,62,81,0,-485.89
8210,20:27:07:444,3,Severe_Damage,L3_S2,-1792,1074,14788,1228,78,101,0,-81.89
8211,20:27:07:454,3,Severe_Damage,L3_S2,-1852,1142,15160,1254,71,104,0,290.11
8212,20:27:07:464,3,Severe_Damage,L3_S2,-1934,1244,15572,1146,73,87,0,702.11
8213,20:27:07:474,3,Severe_Damage,L3_S2,-1906,1320,15836,902,50,55,0,966.11
8214,20:27:07:484,3,Severe_Damage,L3_S2,-2020,1362,16120,566,51,2,0,1250.11
8215,20:27:07:494,3,Severe_Damage,L3_S2,-1900,1378,16140,151,32,-73,0,1270.11
8216,20:27:07:504,3,Severe_Damage,L3_S2,-1984,1356,16128,-286,33,-134,0,1258.11
8217,20:27:07:514,3,Severe_Damage,L3_S2,-1934,1344,15974,-718,6,-199,0,1104.11
8218,20:27:07:524,3,Severe_Damage,L3_S2,-1924,1246,15694,-1083,8,-265,0,824.11
8219,20:27:07:534,3,Severe_Damage,L3_S2,-1828,1252,15352,-1367,-13,-309,0,482.11
8220,20:27:07:544,3,Severe_Damage,L3_S2,-1746,1070,14980,-1534,-5,-334,0,110.11
8221,20:27:07:554,3,Severe_Damage,L3_S2,-1734,1070,14562,-1575,-6,-335,0,-307.89
8222,20:27:07:564,3,Severe_Damage,L3_S2,-1656,1000,14170,-1475,-14,-325,0,-699.89
8223,20:27:07:574,3,Severe_Damage,L3_S2,-1634,936,13906,-1258,4,-287,0,-963.89
8224,20:27:07:584,3,Severe_Damage,L3_S2,-1618,906,13664,-938,0,-239,0,-1205.89
8225,20:27:07:594,3,Severe_Damage,L3_S2,-1516,880,13678,-554,12,-184,0,-1191.89
8226,20:27:07:604,3,Severe_Damage,L3_S2,-1560,836,13664,-144,34,-116,0,-1205.89
8227,20:27:07:614,3,Severe_Damage,L3_S2,-1586,856,13824,266,42,-58,0,-1045.89
8228,20:27:07:624,3,Severe_Damage,L3_S2,-1612,938,14030,630,51,2,0,-839.89
8229,20:27:07:634,3,Severe_Damage,L3_S2,-1694,1034,14374,911,58,48,0,-495.89
8230,20:27:07:644,3,Severe_Damage,L3_S2,-1784,1086,14752,1079,65,75,0,-117.89
8231,20:27:07:654,3,Severe_Damage,L3_S2,-1856,1152,15054,1128,74,92,0,184.11
8232,20:27:07:664,3,Severe_Damage,L3_S2,-1886,1256,15482,1042,65,80,0,612.11
8233,20:27:07:674,3,Severe_Damage,L3_S2,-1862,1298,15756,849,38,45,0,886.11
8234,20:27:07:684,3,Severe_Damage,L3_S2,-1952,1364,15932,550,60,-5,0,1062.11
8235,20:27:07:694,3,Severe_Damage,L3_S2,-1938,1358,15968,187,37,-64,0,1098.11
8236,20:27:07:704,3,Severe_Damage,L3_S2,-1944,1358,16014,-209,30,-124,0,1144.11
8237,20:27:07:714,3,Severe_Damage,L3_S2,-1974,1302,15858,-602,17,-187,0,988.11
8238,20:27:07:724,3,Severe_Damage,L3_S2,-1882,1326,15620,-951,-4,-239,0,750.11
8239,20:27:07:734,3,Severe_Damage,L3_S2,-1826,1224,15386,-1224,5,-281,0,516.11
8240,20:27:07:744,3,Severe_Damage,L3_S2,-1794,1144,14998,-1395,-8,-306,0,128.11
8241,20:27:07:754,3,Severe_Damage,L3_S2,-1704,1040,14650,-1446,1,-319,0,-219.89
8242,20:27:07:764,3,Severe_Damage,L3_S2,-1718,984,14384,-1373,15,-302,0,-485.89
8243,20:27:07:774,3,Severe_Damage,L3_S2,-1612,898,14060,-1197,-13,-280,0,-809.89
8244,20:27:07:784,3,Severe_Damage,L3_S2,-1618,926,13796,-920,19,-237,0,-1073.89
8245,20:27:07:795,3,Severe_Damage,L3_S2,-1592,932,13718,-581,7,-191,0,-1151.89
8246,20:27:07:804,3,Severe_Damage,L3_S2,-1592,920,13712,-193,28,-116,0,-1157.89
8247,20:27:07:814,3,Severe_Damage,L3_S2,-1656,938,13808,172,41,-61,0,-1061.89
8248,20:27:07:824,3,Severe_Damage,L3_S2,-1646,968,14058,514,47,-12,0,-811.89
8249,20:27:07:834,3,Severe_Damage,L3_S2,-1700,984,14358,774,63,24,0,-511.89
8250,20:27:07:844,3,Severe_Damage,L3_S2,-1780,1054,14696,947,57,58,0,-173.89
8251,20:27:07:855,3,Severe_Damage,L3_S2,-1756,1126,15026,1006,67,66,0,156.11
8252,20:27:07:864,3,Severe_Damage,L3_S2,-1870,1190,15302,946,58,59,0,432.11
8253,20:27:07:874,3,Severe_Damage,L3_S2,-1900,1274,15630,779,51,31,0,760.11
8254,20:27:07:884,3,Severe_Damage,L3_S2,-1974,1308,15764,529,43,-6,0,894.11
8255,20:27:07:894,3,Severe_Damage,L3_S2,-1972,1334,16010,205,39,-61,0,1140.11
8256,20:27:07:904,3,Severe_Damage,L3_S2,-1948,1362,15922,-151,30,-122,0,1052.11
8257,20:27:07:914,3,Severe_Damage,L3_S2,-1950,1312,15784,-511,14,-172,0,914.11
8258,20:27:07:924,3,Severe_Damage,L3_S2,-1922,1318,15596,-834,5,-221,0,726.11
8259,20:27:07:935,3,Severe_Damage,L3_S2,-1852,1238,15340,-1099,-3,-262,0,470.11
8260,20:27:07:944,3,Severe_Damage,L3_S2,-1814,1162,15044,-1266,-5,-292,0,174.11
8261,20:27:07:955,3,Severe_Damage,L3_S2,-1770,1062,14680,-1333,-2,-307,0,-189.89
8262,20:27:07:964,3,Severe_Damage,L3_S2,-1716,1084,14402,-1284,6,-294,0,-467.89
8263,20:27:07:974,3,Severe_Damage,L3_S2,-1680,988,14148,-1141,-6,-270,0,-721.89
8264,20:27:07:984,3,Severe_Damage,L3_S2,-1596,868,14002,-896,26,-235,0,-867.89
8265,20:27:07:994,3,Severe_Damage,L3_S2,-1648,952,13802,-590,14,-188,0,-1067.89
8266,20:27:08:004,3,Severe_Damage,L3_S2,-1652,892,13896,-248,31,-130,0,-973.89
8267,20:27:08:014,3,Severe_Damage,L3_S2,-1632,946,13954,92,31,-75,0,-915.89
8268,20:27:08:024,3,Severe_Damage,L3_S2,-1636,984,14044,407,44,-25,0,-825.89
8269,20:27:08:034,3,Severe_Damage,L3_S2,-1664,1056,14424,657,58,9,0,-445.89
8270,20:27:08:044,3,Severe_Damage,L3_S2,-1736,1098,14638,829,58,35,0,-231.89
8271,20:27:08:054,3,Severe_Damage,L3_S2,-1812,1076,14996,901,67,46,0,126.11
8272,20:27:08:064,3,Severe_Damage,L3_S2,-1864,1174,15300,866,58,41,0,430.11
8273,20:27:08:074,3,Severe_Damage,L3_S2,-1898,1210,15562,727,51,24,0,692.11
8274,20:27:08:084,3,Severe_Damage,L3_S2,-1916,1290,15690,499,44,-18,0,820.11
8275,20:27:08:094,3,Severe_Damage,L3_S2,-1922,1332,15808,210,42,-66,0,938.11
8276,20:27:08:106,3,Severe_Damage,L3_S2,-1960,1298,15788,-114,29,-109,0,918.11
8277,20:27:08:114,3,Severe_Damage,L3_S2,-1944,1286,15822,-429,28,-160,0,952.11
8278,20:27:08:124,3,Severe_Damage,L3_S2,-1918,1250,15626,-740,16,-208,0,756.11
8279,20:27:08:134,3,Severe_Damage,L3_S2,-1852,1216,15352,-988,3,-248,0,482.11
8280,20:27:08:145,3,Severe_Damage,L3_S2,-1750,1138,15060,-1158,-5,-275,0,190.11
8281,20:27:08:154,3,Severe_Damage,L3_S2,-1836,1068,14722,-1230,2,-284,0,-147.89
8282,20:27:08:165,3,Severe_Damage,L3_S2,-1730,1014,14528,-1201,16,-281,0,-341.89
8283,20:27:08:174,3,Severe_Damage,L3_S2,-1660,986,14278,-1082,-4,-263,0,-591.89
8284,20:27:08:184,3,Severe_Damage,L3_S2,-1660,922,14094,-872,13,-225,0,-775.89
8285,20:27:08:194,3,Severe_Damage,L3_S2,-1604,926,13944,-598,9,-184,0,-925.89
8286,20:27:08:204,3,Severe_Damage,L3_S2,-1628,956,13932,-297,19,-136,0,-937.89
8287,20:27:08:214,3,Severe_Damage,L3_S2,-1652,946,13992,23,43,-85,0,-877.89
8288,20:27:08:224,3,Severe_Damage,L3_S2,-1714,980,14196,309,42,-45,0,-673.89
8289,20:27:08:234,3,Severe_Damage,L3_S2,-1742,1040,14380,557,57,-6,0,-489.89
8290,20:27:08:244,3,Severe_Damage,L3_S2,-1706,1056,14654,716,51,19,0,-215.89
8291,20:27:08:254,3,Severe_Damage,L3_S2,-1786,1148,14952,792,64,29,0,82.11
8292,20:27:08:264,3,Severe_Damage,L3_S2,-1812,1168,15144,775,54,34,0,274.11
8293,20:27:08:274,3,Severe_Damage,L3_S2,-1824,1190,15358,667,55,18,0,488.11
8294,20:27:08:285,3,Severe_Damage,L3_S2,-1920,1314,15620,467,38,-16,0,750.11
8295,20:27:08:294,3,Severe_Damage,L3_S2,-1894,1300,15700,218,49,-59,0,830.11
8296,20:27:08:304,3,Severe_Damage,L3_S2,-1910,1278,15750,-71,20,-104,0,880.11
8297,20:27:08:315,3,Severe_Damage,L3_S2,-1914,1286,15626,-381,31,-152,0,756.11
8298,20:27:08:325,3,Severe_Damage,L3_S2,-1874,1244,15528,-655,19,-197,0,658.11
8299,20:27:08:335,3,Severe_Damage,L3_S2,-1842,1210,15304,-890,6,-228,0,434.11
8300,20:27:08:345,3,Severe_Damage,L3_S2,-1824,1138,15088,-1049,17,-259,0,218.11
8301,20:27:08:355,3,Severe_Damage,L3_S2,-1738,1060,14838,-1125,0,-269,0,-31.89
8302,20:27:08:365,3,Severe_Damage,L3_S2,-1748,1074,14560,-1115,9,-261,0,-309.89
8303,20:27:08:375,3,Severe_Damage,L3_S2,-1640,986,14360,-1010,12,-255,0,-509.89
8304,20:27:08:384,3,Severe_Damage,L3_S2,-1724,988,14170,-839,-3,-216,0,-699.89
8305,20:27:08:394,3,Severe_Damage,L3_S2,-1582,930,14038,-591,32,-190,0,-831.89
8306,20:27:08:405,3,Severe_Damage,L3_S2,-1650,900,14024,-327,14,-141,0,-845.89
8307,20:27:08:414,3,Severe_Damage,L3_S2,-1664,962,14104,-42,45,-98,0,-765.89
8308,20:27:08:424,3,Severe_Damage,L3_S2,-1682,936,14218,227,44,-66,0,-651.89
8309,20:27:08:434,3,Severe_Damage,L3_S2,-1684,1014,14442,458,41,-19,0,-427.89
8310,20:27:08:444,3,Severe_Damage,L3_S2,-1730,1064,14670,620,62,-5,0,-199.89
8311,20:27:08:454,3,Severe_Damage,L3_S2,-1794,1126,15018,698,43,18,0,148.11
8312,20:27:08:465,3,Severe_Damage,L3_S2,-1866,1144,15152,701,66,20,0,282.11
8313,20:27:08:474,3,Severe_Damage,L3_S2,-1850,1230,15296,606,50,-1,0,426.11
8314,20:27:08:484,3,Severe_Damage,L3_S2,-1954,1316,15522,439,39,-20,0,652.11
8315,20:27:08:495,3,Severe_Damage,L3_S2,-1826,1282,15682,215,39,-62,0,812.11
8316,20:27:08:504,3,Severe_Damage,L3_S2,-1924,1288,15632,-42,42,-92,0,762.11
8317,20:27:08:515,3,Severe_Damage,L3_S2,-1856,1284,15586,-324,24,-141,0,716.11
8318,20:27:08:525,3,Severe_Damage,L3_S2,-1842,1194,15472,-579,29,-184,0,602.11
8319,20:27:08:535,3,Severe_Damage,L3_S2,-1840,1196,15362,-798,7,-216,0,492.11
8320,20:27:08:545,3,Severe_Damage,L3_S2,-1806,1206,15100,-955,19,-240,0,230.11
8321,20:27:08:555,3,Severe_Damage,L3_S2,-1800,1106,14844,-1043,-5,-251,0,-25.89
8322,20:27:08:565,3,Severe_Damage,L3_S2,-1670,1082,14608,-1035,14,-252,0,-261.89
8323,20:27:08:575,3,Severe_Damage,L3_S2,-1696,1020,14416,-959,7,-241,0,-453.89
8324,20:27:08:585,3,Severe_Damage,L3_S2,-1634,1002,14234,-801,5,-222,0,-635.89
8325,20:27:08:595,3,Severe_Damage,L3_S2,-1668,928,14176,-589,24,-188,0,-693.89
8326,20:27:08:605,3,Severe_Damage,L3_S2,-1662,908,14090,-346,16,-149,0,-779.89
8327,20:27:08:615,3,Severe_Damage,L3_S2,-1584,910,14162,-82,48,-105,0,-707.89
8328,20:27:08:624,3,Severe_Damage,L3_S2,-1672,992,14296,158,39,-66,0,-573.89
8329,20:27:08:634,3,Severe_Damage,L3_S2,-1710,1004,14378,379,47,-38,0,-491.89
8330,20:27:08:644,3,Severe_Damage,L3_S2,-1780,1068,14706,527,49,-11,0,-163.89
8331,20:27:08:654,3,Severe_Damage,L3_S2,-1746,1136,14876,619,54,7,0,6.11
8332,20:27:08:664,3,Severe_Damage,L3_S2,-1750,1120,15126,614,57,-1,0,256.11
8333,20:27:08:674,3,Severe_Damage,L3_S2,-1806,1206,15292,548,50,-3,0,422.11
8334,20:27:08:685,3,Severe_Damage,L3_S2,-1856,1284,15516,402,56,-36,0,646.11
8335,20:27:08:694,3,Severe_Damage,L3_S2,-1924,1276,15556,210,49,-61,0,686.11
8336,20:27:08:705,3,Severe_Damage,L3_S2,-1874,1270,15598,-36,21,-97,0,728.11
8337,20:27:08:715,3,Severe_Damage,L3_S2,-1852,1234,15518,-276,50,-141,0,648.11
8338,20:27:08:725,3,Severe_Damage,L3_S2,-1840,1238,15440,-514,1,-172,0,570.11
8339,20:27:08:735,3,Severe_Damage,L3_S2,-1838,1242,15278,-717,27,-205,0,408.11
8340,20:27:08:745,3,Severe_Damage,L3_S2,-1844,1168,15142,-871,12,-223,0,272.11
8341,20:27:08:755,3,Severe_Damage,L3_S2,-1760,1104,14900,-957,-4,-244,0,30.11
8342,20:27:08:765,3,Severe_Damage,L3_S2,-1730,1060,14590,-970,17,-246,0,-279.89
8343,20:27:08:775,3,Severe_Damage,L3_S2,-1678,1018,14502,-903,2,-232,0,-367.89
8344,20:27:08:785,3,Severe_Damage,L3_S2,-1694,1010,14320,-765,30,-211,0,-549.89
8345,20:27:08:795,3,Severe_Damage,L3_S2,-1678,990,14250,-583,5,-184,0,-619.89
8346,20:27:08:805,3,Severe_Damage,L3_S2,-1688,966,14218,-361,29,-148,0,-651.89
8347,20:27:08:815,3,Severe_Damage,L3_S2,-1634,954,14208,-123,31,-111,0,-661.89
8348,20:27:08:825,3,Severe_Damage,L3_S2,-1736,1008,14274,107,27,-73,0,-595.89
8349,20:27:08:835,3,Severe_Damage,L3_S2,-1708,1000,14438,303,54,-46,0,-431.89
8350,20:27:08:845,3,Severe_Damage,L3_S2,-1726,1068,14640,449,40,-25,0,-229.89
8351,20:27:08:855,3,Severe_Damage,L3_S2,-1814,1104,14824,538,54,-5,0,-45.89
8352,20:27:08:865,3,Severe_Damage,L3_S2,-1770,1116,15046,547,46,-3,0,176.11
8353,20:27:08:875,3,Severe_Damage,L3_S2,-1840,1164,15294,493,51,-14,0,424.11
8354,20:27:08:885,3,Severe_Damage,L3_S2,-1822,1220,15396,374,55,-38,0,526.11
8355,20:27:08:895,3,Severe_Damage,L3_S2,-1886,1248,15432,195,36,-63,0,562.11
8356,20:27:08:905,3,Severe_Damage,L3_S2,-1860,1232,15532,-15,31,-94,0,662.11
8357,20:27:08:915,3,Severe_Damage,L3_S2,-1858,1242,15486,-239,20,-130,0,616.11
8358,20:27:08:925,3,Severe_Damage,L3_S2,-1882,1242,15446,-460,21,-163,0,576.11
8359,20:27:08:935,3,Severe_Damage,L3_S2,-1806,1210,15290,-652,12,-196,0,420.11
8360,20:27:08:945,3,Severe_Damage,L3_S2,-1790,1170,15072,-793,11,-220,0,202.11
8361,20:27:08:955,3,Severe_Damage,L3_S2,-1716,1126,14890,-883,10,-233,0,20.11
8362,20:27:08:965,3,Severe_Damage,L3_S2,-1770,1102,14736,-898,6,-239,0,-133.89
8363,20:27:08:975,3,Severe_Damage,L3_S2,-1686,1014,14514,-847,8,-230,0,-355.89
8364,20:27:08:985,3,Severe_Damage,L3_S2,-1670,1040,14426,-727,20,-210,0,-443.89
8365,20:27:08:995,3,Severe_Damage,L3_S2,-1710,994,14346,-574,28,-184,0,-523.89
8366,20:27:09:005,3,Severe_Damage,L3_S2,-1654,962,14314,-372,19,-154,0,-555.89
8367,20:27:09:015,3,Severe_Damage,L3_S2,-1648,1008,14268,-160,39,-121,0,-601.89
8368,20:27:09:025,3,Severe_Damage,L3_S2,-1682,954,14322,53,31,-83,0,-547.89
8369,20:27:09:035,3,Severe_Damage,L3_S2,-1732,1042,14438,237,38,-54,0,-431.89
8370,20:27:09:045,3,Severe_Damage,L3_S2,-1708,1048,14642,376,52,-34,0,-227.89
8371,20:27:09:055,3,Severe_Damage,L3_S2,-1768,1088,14818,463,37,-22,0,-51.89
8372,20:27:09:065,3,Severe_Damage,L3_S2,-1734,1126,14958,476,57,-22,0,88.11
8373,20:27:09:075,3,Severe_Damage,L3_S2,-1836,1152,15216,441,34,-19,0,346.11
8374,20:27:09:085,3,Severe_Damage,L3_S2,-1798,1204,15352,338,54,-48,0,482.11
8375,20:27:09:095,3,Severe_Damage,L3_S2,-1874,1278,15466,177,27,-62,0,596.11
8376,20:27:09:105,3,Severe_Damage,L3_S2,-1830,1232,15496,-9,37,-91,0,626.11
8377,20:27:09:115,3,Severe_Damage,L3_S2,-1856,1222,15520,-212,39,-124,0,650.11
8378,20:27:09:125,3,Severe_Damage,L3_S2,-1868,1184,15426,-409,19,-149,0,556.11
8379,20:27:09:135,3,Severe_Damage,L3_S2,-1822,1182,15262,-584,31,-188,0,392.11
8380,20:27:09:145,3,Severe_Damage,L3_S2,-1854,1124,15056,-728,-2,-197,0,186.11
8381,20:27:09:155,3,Severe_Damage,L3_S2,-1824,1140,14850,-809,25,-220,0,-19.89
8382,20:27:09:165,3,Severe_Damage,L3_S2,-1706,1080,14726,-835,4,-216,0,-143.89
8383,20:27:09:175,3,Severe_Damage,L3_S2,-1724,1030,14586,-795,6,-211,0,-283.89
8384,20:27:09:185,3,Severe_Damage,L3_S2,-1672,974,14414,-702,25,-210,0,-455.89
8385,20:27:09:195,3,Severe_Damage,L3_S2,-1748,990,14346,-551,10,-176,0,-523.89
8386,20:27:09:205,3,Severe_Damage,L3_S2,-1624,1022,14308,-372,36,-157,0,-561.89
8387,20:27:09:215,3,Severe_Damage,L3_S2,-1688,992,14260,-181,28,-117,0,-609.89
8388,20:27:09:225,3,Severe_Damage,L3_S2,-1738,1038,14394,17,43,-87,0,-475.89
8389,20:27:09:235,3,Severe_Damage,L3_S2,-1700,1018,14484,183,44,-71,0,-385.89
8390,20:27:09:245,3,Severe_Damage,L3_S2,-1820,1080,14626,311,31,-36,0,-243.89
8391,20:27:09:255,3,Severe_Damage,L3_S2,-1802,1080,14860,392,62,-34,0,-9.89
8392,20:27:09:265,3,Severe_Damage,L3_S2,-1788,1170,14974,421,37,-23,0,104.11
8393,20:27:09:275,3,Severe_Damage,L3_S2,-1818,1170,15142,388,52,-31,0,272.11
8394,20:27:09:285,3,Severe_Damage,L3_S2,-1824,1152,15272,293,41,-43,0,402.11
8395,20:27:09:295,3,Severe_Damage,L3_S2,-1894,1220,15452,160,31,-63,0,582.11
8396,20:27:09:305,3,Severe_Damage,L3_S2,-1808,1232,15450,-7,38,-95,0,580.11
8397,20:27:09:315,3,Severe_Damage,L3_S2,-1866,1238,15390,-191,16,-118,0,520.11
8398,20:27:09:325,3,Severe_Damage,L3_S2,-1816,1228,15382,-373,23,-161,0,512.11
8399,20:27:09:335,3,Severe_Damage,L3_S2,-1824,1170,15198,-543,19,-175,0,328.11
8400,20:27:09:345,3,Severe_Damage,L3_S2,-1852,1168,15086,-664,8,-193,0,216.11
8401,20:27:09:355,3,Severe_Damage,L3_S2,-1768,1152,14920,-747,22,-213,0,50.11
8402,20:27:09:365,3,Severe_Damage,L3_S2,-1768,1066,14698,-780,0,-204,0,-171.89
8403,20:27:09:375,3,Severe_Damage,L3_S2,-1724,994,14622,-746,20,-214,0,-247.89
8404,20:27:09:385,3,Severe_Damage,L3_S2,-1718,1040,14578,-665,8,-193,0,-291.89
8405,20:27:09:395,3,Severe_Damage,L3_S2,-1690,1004,14398,-539,17,-179,0,-471.89
8406,20:27:09:405,3,Severe_Damage,L3_S2,-1656,1046,14296,-370,26,-152,0,-573.89
8407,20:27:09:415,3,Severe_Damage,L3_S2,-1714,1000,14360,-198,23,-119,0,-509.89
8408,20:27:09:425,3,Severe_Damage,L3_S2,-1700,1024,14416,-24,35,-96,0,-453.89
8409,20:27:09:435,3,Severe_Damage,L3_S2,-1708,1034,14538,132,32,-62,0,-331.89
8410,20:27:09:445,3,Severe_Damage,L3_S2,-1700,1056,14648,257,49,-55,0,-221.89
8411,20:27:09:455,3,Severe_Damage,L3_S2,-1776,1134,14816,341,49,-31,0,-53.89
8412,20:27:09:465,3,Severe_Damage,L3_S2,-1822,1150,14922,367,43,-30,0,52.11
8413,20:27:09:475,3,Severe_Damage,L3_S2,-1738,1170,15156,341,55,-44,0,286.11
8414,20:27:09:485,3,Severe_Damage,L3_S2,-1852,1156,15294,266,33,-45,0,424.11
8415,20:27:09:495,3,Severe_Damage,L3_S2,-1808,1216,15314,145,44,-66,0,444.11
8416,20:27:09:505,3,Severe_Damage,L3_S2,-1882,1200,15396,-13,36,-94,0,526.11
8417,20:27:09:515,3,Severe_Damage,L3_S2,-1854,1210,15418,-186,28,-122,0,548.11
8418,20:27:09:525,3,Severe_Damage,L3_S2,-1898,1220,15370,-345,36,-153,0,500.11
8419,20:27:09:535,3,Severe_Damage,L3_S2,-1808,1168,15162,-498,10,-168,0,292.11
8420,20:27:09:545,3,Severe_Damage,L3_S2,-1778,1172,15120,-619,24,-194,0,250.11
8421,20:27:09:555,3,Severe_Damage,L3_S2,-1818,1108,14924,-696,10,-198,0,54.11
8422,20:27:09:565,3,Severe_Damage,L3_S2,-1770,1094,14810,-723,17,-219,0,-59.89
8423,20:27:09:575,3,Severe_Damage,L3_S2,-1720,1090,14698,-701,17,-201,0,-171.89
8424,20:27:09:585,3,Severe_Damage,L3_S2,-1658,1052,14542,-636,13,-191,0,-327.89
8425,20:27:09:595,3,Severe_Damage,L3_S2,-1714,1042,14462,-517,27,-176,0,-407.89
8426,20:27:09:605,3,Severe_Damage,L3_S2,-1710,1032,14426,-376,13,-152,0,-443.89
8427,20:27:09:615,3,Severe_Damage,L3_S2,-1712,1018,14446,-213,31,-126,0,-423.89
8428,20:27:09:625,3,Severe_Damage,L3_S2,-1736,1010,14500,-55,36,-99,0,-369.89
8429,20:27:09:635,3,Severe_Damage,L3_S2,-1726,1094,14498,99,37,-74,0,-371.89
8430,20:27:09:645,3,Severe_Damage,L3_S2,-1772,1114,14654,210,44,-58,0,-215.89
8431,20:27:09:655,3,Severe_Damage,L3_S2,-1792,1088,14782,294,36,-46,0,-87.89
8432,20:27:09:665,3,Severe_Damage,L3_S2,-1798,1158,14950,324,53,-43,0,80.11
8433,20:27:09:675,3,Severe_Damage,L3_S2,-1824,1168,15128,301,39,-36,0,258.11
8434,20:27:09:685,3,Severe_Damage,L3_S2,-1796,1222,15270,228,41,-56,0,400.11
8435,20:27:09:695,3,Severe_Damage,L3_S2,-1848,1210,15282,121,43,-68,0,412.11
8436,20:27:09:705,3,Severe_Damage,L3_S2,-1850,1214,15324,-12,30,-93,0,454.11
8437,20:27:09:715,3,Severe_Damage,L3_S2,-1818,1210,15270,-162,44,-123,0,400.11
8438,20:27:09:725,3,Severe_Damage,L3_S2,-1860,1216,15254,-324,17,-137,0,384.11
8439,20:27:09:735,3,Severe_Damage,L3_S2,-1810,1160,15214,-458,22,-168,0,344.11
8440,20:27:09:745,3,Severe_Damage,L3_S2,-1828,1116,15086,-570,14,-181,0,216.11
8441,20:27:09:755,3,Severe_Damage,L3_S2,-1758,1106,14932,-641,15,-199,0,62.11
8442,20:27:09:765,3,Severe_Damage,L3_S2,-1710,1112,14800,-677,21,-199,0,-69.89
8443,20:27:09:775,3,Severe_Damage,L3_S2,-1720,1078,14642,-661,17,-198,0,-227.89
8444,20:27:09:785,3,Severe_Damage,L3_S2,-1694,1024,14598,-597,23,-198,0,-271.89
8445,20:27:09:795,3,Severe_Damage,L3_S2,-1710,964,14506,-505,14,-172,0,-363.89
8446,20:27:09:805,3,Severe_Damage,L3_S2,-1710,950,14448,-370,24,-146,0,-421.89
8447,20:27:09:815,3,Severe_Damage,L3_S2,-1694,968,14396,-221,27,-132,0,-473.89
8448,20:27:09:825,3,Severe_Damage,L3_S2,-1698,986,14490,-75,26,-103,0,-379.89
8449,20:27:09:835,3,Severe_Damage,L3_S2,-1712,1022,14566,56,49,-83,0,-303.89
8450,20:27:09:845,3,Severe_Damage,L3_S2,-1728,1068,14600,162,31,-63,0,-269.89
8451,20:27:09:855,3,Severe_Damage,L3_S2,-1732,1106,14706,245,46,-53,0,-163.89
8452,20:27:09:865,3,Severe_Damage,L3_S2,-1768,1142,14960,276,35,-50,0,90.11
8453,20:27:09:875,3,Severe_Damage,L3_S2,-1812,1164,15036,267,45,-48,0,166.11
8454,20:27:09:885,3,Severe_Damage,L3_S2,-1782,1160,15176,208,44,-58,0,306.11
8455,20:27:09:895,3,Severe_Damage,L3_S2,-1872,1112,15264,105,29,-68,0,394.11
8456,20:27:09:905,3,Severe_Damage,L3_S2,-1840,1226,15258,-15,45,-90,0,388.11
8457,20:27:09:915,3,Severe_Damage,L3_S2,-1896,1206,15274,-152,24,-109,0,404.11
8458,20:27:09:925,3,Severe_Damage,L3_S2,-1834,1184,15296,-292,28,-142,0,426.11
8459,20:27:09:935,3,Severe_Damage,L3_S2,-1806,1208,15172,-423,27,-157,0,302.11
8460,20:27:09:945,3,Severe_Damage,L3_S2,-1808,1146,15044,-527,11,-174,0,174.11
8461,20:27:09:955,3,Severe_Damage,L3_S2,-1772,1128,14980,-602,26,-185,0,110.11
8462,20:27:09:965,3,Severe_Damage,L3_S2,-1782,1080,14744,-638,17,-183,0,-125.89
8463,20:27:09:975,3,Severe_Damage,L3_S2,-1746,1084,14720,-626,16,-198,0,-149.89
8464,20:27:09:985,3,Severe_Damage,L3_S2,-1758,1042,14562,-573,20,-183,0,-307.89
8465,20:27:09:995,3,Severe_Damage,L3_S2,-1730,1002,14556,-488,18,-169,0,-313.89
8466,20:27:10:005,3,Severe_Damage,L3_S2,-1724,1034,14484,-369,17,-150,0,-385.89
8467,20:27:10:015,3,Severe_Damage,L3_S2,-1744,1040,14466,-233,22,-127,0,-403.89
8468,20:27:10:025,3,Severe_Damage,L3_S2,-1704,1030,14544,-97,35,-107,0,-325.89
8469,20:27:10:035,3,Severe_Damage,L3_S2,-1708,1070,14526,26,32,-85,0,-343.89
8470,20:27:10:045,3,Severe_Damage,L3_S2,-1722,1066,14650,128,40,-71,0,-219.89
8471,20:27:10:055,3,Severe_Damage,L3_S2,-1742,1114,14830,200,41,-58,0,-39.89
8472,20:27:10:065,3,Severe_Damage,L3_S2,-1744,1146,14908,234,40,-58,0,38.11
8473,20:27:10:075,3,Severe_Damage,L3_S2,-1802,1134,15000,225,48,-59,0,130.11
8474,20:27:10:085,3,Severe_Damage,L3_S2,-1836,1148,15072,180,40,-74,0,202.11
8475,20:27:10:095,3,Severe_Damage,L3_S2,-1808,1152,15254,89,34,-83,0,384.11
8476,20:27:10:105,3,Severe_Damage,L3_S2,-1848,1172,15230,-19,30,-91,0,360.11
8477,20:27:10:115,3,Severe_Damage,L3_S2,-1812,1188,15304,-141,22,-118,0,434.11
8478,20:27:10:125,3,Severe_Damage,L3_S2,-1800,1222,15170,-272,31,-135,0,300.11
8479,20:27:10:135,3,Severe_Damage,L3_S2,-1850,1150,15162,-393,22,-157,0,292.11
8480,20:27:10:145,3,Severe_Damage,L3_S2,-1780,1146,15096,-493,25,-176,0,226.11
8481,20:27:10:155,3,Severe_Damage,L3_S2,-1772,1136,14980,-568,19,-180,0,110.11
8482,20:27:10:165,3,Severe_Damage,L3_S2,-1788,1124,14804,-600,19,-182,0,-65.89
8483,20:27:10:175,3,Severe_Damage,L3_S2,-1764,1102,14730,-593,15,-181,0,-139.89
8484,20:27:10:185,3,Severe_Damage,L3_S2,-1802,1078,14680,-547,20,-178,0,-189.89
8485,20:27:10:195,3,Severe_Damage,L3_S2,-1754,1060,14572,-465,21,-168,0,-297.89
8486,20:27:10:205,3,Severe_Damage,L3_S2,-1680,1068,14488,-359,18,-149,0,-381.89
8487,20:27:10:215,3,Severe_Damage,L3_S2,-1746,1042,14488,-237,32,-130,0,-381.89
8488,20:27:10:225,3,Severe_Damage,L3_S2,-1728,1044,14510,-114,28,-110,0,-359.89
8489,20:27:10:235,3,Severe_Damage,L3_S2,-1716,1046,14554,-3,36,-96,0,-315.89
8490,20:27:10:245,3,Severe_Damage,L3_S2,-1746,1048,14676,97,39,-74,0,-193.89
8491,20:27:10:255,3,Severe_Damage,L3_S2,-1734,1074,14778,166,35,-67,0,-91.89
8492,20:27:10:265,3,Severe_Damage,L3_S2,-1746,1148,14892,198,40,-60,0,22.11
8493,20:27:10:275,3,Severe_Damage,L3_S2,-1774,1092,15024,188,35,-61,0,154.11
8494,20:27:10:285,3,Severe_Damage,L3_S2,-1848,1164,15084,151,37,-68,0,214.11
8495,20:27:10:295,3,Severe_Damage,L3_S2,-1838,1184,15170,69,33,-81,0,300.11
8496,20:27:10:305,3,Severe_Damage,L3_S2,-1828,1192,15256,-21,30,-96,0,386.11
8497,20:27:10:315,3,Severe_Damage,L3_S2,-1820,1156,15224,-136,29,-119,0,354.11
8498,20:27:10:325,3,Severe_Damage,L3_S2,-1824,1190,15214,-255,23,-131,0,344.11
8499,20:27:10:335,3,Severe_Damage,L3_S2,-1818,1230,15132,-365,26,-151,0,262.11
8500,20:27:10:345,3,Severe_Damage,L3_S2,-1814,1162,15012,-458,20,-165,0,142.11
8501,20:27:10:355,3,Severe_Damage,L3_S2,-1764,1120,14924,-529,18,-174,0,54.11
8502,20:27:10:365,3,Severe_Damage,L3_S2,-1740,1104,14952,-560,28,-182,0,82.11
8503,20:27:10:375,3,Severe_Damage,L3_S2,-1732,1086,14810,-559,17,-177,0,-59.89
8504,20:27:10:385,3,Severe_Damage,L3_S2,-1700,1120,14662,-524,20,-173,0,-207.89
8505,20:27:10:395,3,Severe_Damage,L3_S2,-1674,1072,14628,-451,18,-164,0,-241.89
8506,20:27:10:405,3,Severe_Damage,L3_S2,-1700,1048,14520,-358,22,-151,0,-349.89
8507,20:27:10:415,3,Severe_Damage,L3_S2,-1708,1026,14610,-242,37,-136,0,-259.89
8508,20:27:10:425,3,Severe_Damage,L3_S2,-1720,1042,14620,-128,31,-117,0,-249.89
8509,20:27:10:435,3,Severe_Damage,L3_S2,-1708,1110,14572,-22,38,-101,0,-297.89
8510,20:27:10:445,3,Severe_Damage,L3_S2,-1736,1074,14724,65,36,-83,0,-145.89
8511,20:27:10:455,3,Severe_Damage,L3_S2,-1728,1104,14760,125,39,-71,0,-109.89
8512,20:27:10:465,3,Severe_Damage,L3_S2,-1746,1090,14860,155,41,-63,0,-9.89
8513,20:27:10:475,3,Severe_Damage,L3_S2,-1824,1138,15008,161,38,-63,0,138.11
8514,20:27:10:485,3,Severe_Damage,L3_S2,-1822,1172,15052,125,47,-75,0,182.11
8515,20:27:10:495,3,Severe_Damage,L3_S2,-1804,1174,15146,56,31,-83,0,276.11
8516,20:27:10:505,3,Severe_Damage,L3_S2,-1806,1182,15174,-31,35,-96,0,304.11
8517,20:27:10:515,3,Severe_Damage,L3_S2,-1808,1156,15124,-133,34,-114,0,254.11
8518,20:27:10:525,3,Severe_Damage,L3_S2,-1832,1160,15106,-239,25,-128,0,236.11
8519,20:27:10:535,3,Severe_Damage,L3_S2,-1756,1148,15028,-347,24,-147,0,158.11
8520,20:27:10:546,3,Severe_Damage,L3_S2,-1798,1154,14994,-434,25,-163,0,124.11
8521,20:27:10:555,3,Severe_Damage,L3_S2,-1746,1124,14914,-495,25,-174,0,44.11
8522,20:27:10:565,3,Severe_Damage,L3_S2,-1764,1094,14850,-533,23,-173,0,-19.89
8523,20:27:10:575,3,Severe_Damage,L3_S2,-1718,1130,14754,-523,24,-174,0,-115.89
8524,20:27:10:585,3,Severe_Damage,L3_S2,-1696,1092,14624,-501,21,-173,0,-245.89
8525,20:27:10:595,3,Severe_Damage,L3_S2,-1760,1062,14546,-436,22,-156,0,-323.89
8526,20:27:10:605,3,Severe_Damage,L3_S2,-1678,1044,14592,-349,30,-142,0,-277.89
8527,20:27:10:615,3,Severe_Damage,L3_S2,-1742,1034,14560,-251,27,-131,0,-309.89
8528,20:27:10:625,3,Severe_Damage,L3_S2,-1724,1054,14530,-146,35,-113,0,-339.89
8529,20:27:10:635,3,Severe_Damage,L3_S2,-1754,1052,14562,-54,39,-101,0,-307.89
8530,20:27:10:645,3,Severe_Damage,L3_S2,-1708,1072,14654,26,41,-81,0,-215.89
8531,20:27:10:655,3,Severe_Damage,L3_S2,-1756,1104,14678,93,46,-77,0,-191.89
8532,20:27:10:665,3,Severe_Damage,L3_S2,-1790,1080,14794,130,40,-73,0,-75.89
8533,20:27:10:675,3,Severe_Damage,L3_S2,-1760,1114,14928,133,45,-73,0,58.11
8534,20:27:10:685,3,Severe_Damage,L3_S2,-1788,1114,14966,99,36,-75,0,96.11
8535,20:27:10:695,3,Severe_Damage,L3_S2,-1830,1200,15148,-33,36,-92,0,278.11
8536,20:27:10:705,3,Severe_Damage,L3_S2,-1766,1148,15140,-125,25,-110,0,270.11
8537,20:27:10:715,3,Severe_Damage,L3_S2,-1812,1164,15132,-227,27,-125,0,262.11
8538,20:27:10:725,3,Severe_Damage,L3_S2,-1836,1138,15110,-323,21,-146,0,240.11
8539,20:27:10:735,3,Severe_Damage,L3_S2,-1798,1144,15054,-405,23,-153,0,184.11
8540,20:27:10:745,3,Severe_Damage,L3_S2,-1766,1102,15016,-461,27,-164,0,146.11
8541,20:27:10:755,3,Severe_Damage,L3_S2,-1794,1086,14964,-495,18,-166,0,94.11
8542,20:27:10:765,3,Severe_Damage,L3_S2,-1740,1118,14814,-503,24,-171,0,-55.89
8543,20:27:10:775,3,Severe_Damage,L3_S2,-1798,1086,14678,-474,18,-173,0,-191.89
8544,20:27:10:785,3,Severe_Damage,L3_S2,-1748,1042,14612,-415,26,-163,0,-257.89
8545,20:27:10:795,3,Severe_Damage,L3_S2,-1722,1054,14568,-344,27,-146,0,-301.89
8546,20:27:10:805,3,Severe_Damage,L3_S2,-1718,1058,14628,-256,34,-135,0,-241.89
8547,20:27:10:815,3,Severe_Damage,L3_S2,-1774,1044,14632,-163,34,-123,0,-237.89
8548,20:27:10:825,3,Severe_Damage,L3_S2,-1762,1040,14592,-71,32,-103,0,-277.89
8549,20:27:10:835,3,Severe_Damage,L3_S2,-1724,1022,14678,9,35,-87,0,-191.89
8550,20:27:10:845,3,Severe_Damage,L3_S2,-1726,1064,14762,63,37,-79,0,-107.89
8551,20:27:10:855,3,Severe_Damage,L3_S2,-1758,1146,14894,96,37,-76,0,24.11
8552,20:27:10:865,3,Severe_Damage,L3_S2,-1760,1138,14988,107,29,-80,0,118.11
8553,20:27:10:875,3,Severe_Damage,L3_S2,-1764,1162,15078,84,32,-76,0,208.11
8554,20:27:10:885,3,Severe_Damage,L3_S2,-1754,1138,15102,25,32,-86,0,232.11
8555,20:27:10:895,3,Severe_Damage,L3_S2,-1838,1110,15160,-40,33,-97,0,290.11
8556,20:27:10:906,3,Severe_Damage,L3_S2,-1846,1134,15130,-129,36,-110,0,260.11
8557,20:27:10:915,3,Severe_Damage,L3_S2,-1810,1188,15128,-217,23,-130,0,258.11
8558,20:27:10:925,3,Severe_Damage,L3_S2,-1806,1172,15124,-311,21,-143,0,254.11
8559,20:27:10:935,3,Severe_Damage,L3_S2,-1826,1142,15048,-387,23,-158,0,178.11
8560,20:27:10:945,3,Severe_Damage,L3_S2,-1786,1132,14992,-444,17,-159,0,122.11
8561,20:27:10:956,3,Severe_Damage,L3_S2,-1788,1118,14902,-464,32,-160,0,32.11
8562,20:27:10:965,3,Severe_Damage,L3_S2,-1782,1100,14780,-478,16,-156,0,-89.89
8563,20:27:10:976,3,Severe_Damage,L3_S2,-1808,1082,14738,-449,23,-158,0,-131.89
8564,20:27:10:986,3,Severe_Damage,L3_S2,-1738,1046,14694,-403,25,-154,0,-175.89
8565,20:27:10:995,3,Severe_Damage,L3_S2,-1744,1042,14598,-336,26,-147,0,-271.89
8566,20:27:11:005,3,Severe_Damage,L3_S2,-1764,1058,14598,-259,26,-136,0,-271.89
8567,20:27:11:015,3,Severe_Damage,L3_S2,-1692,1074,14594,-172,32,-121,0,-275.89
8568,20:27:11:025,3,Severe_Damage,L3_S2,-1740,1072,14684,-81,35,-109,0,-185.89
8569,20:27:11:035,3,Severe_Damage,L3_S2,-1718,1054,14692,-14,34,-93,0,-177.89
8570,20:27:11:045,3,Severe_Damage,L3_S2,-1734,1116,14766,38,38,-87,0,-103.89
8571,20:27:11:055,3,Severe_Damage,L3_S2,-1790,1124,14866,74,44,-76,0,-3.89
8572,20:27:11:065,3,Severe_Damage,L3_S2,-1762,1142,14982,76,41,-76,0,112.11
8573,20:27:11:075,3,Severe_Damage,L3_S2,-1824,1120,14996,52,35,-79,0,126.11
8574,20:27:11:085,3,Severe_Damage,L3_S2,-1782,1092,15064,13,39,-88,0,194.11
8575,20:27:11:095,3,Severe_Damage,L3_S2,-1802,1150,15094,-47,31,-102,0,224.11
8576,20:27:11:105,3,Severe_Damage,L3_S2,-1780,1154,15168,-123,30,-110,0,298.11
8577,20:27:11:115,3,Severe_Damage,L3_S2,-1838,1106,15104,-207,28,-122,0,234.11
8578,20:27:11:125,3,Severe_Damage,L3_S2,-1768,1166,15060,-290,29,-134,0,190.11
8579,20:27:11:135,3,Severe_Damage,L3_S2,-1774,1130,15078,-362,30,-150,0,208.11
8580,20:27:11:145,3,Severe_Damage,L3_S2,-1804,1166,15044,-414,24,-153,0,174.11
8581,20:27:11:156,3,Severe_Damage,L3_S2,-1764,1186,14880,-438,33,-162,0,10.11
8582,20:27:11:166,3,Severe_Damage,L3_S2,-1760,1120,14788,-449,23,-160,0,-81.89
8583,20:27:11:176,3,Severe_Damage,L3_S2,-1770,1106,14742,-432,32,-160,0,-127.89
8584,20:27:11:186,3,Severe_Damage,L3_S2,-1738,1092,14708,-383,26,-152,0,-161.89
8585,20:27:11:195,3,Severe_Damage,L3_S2,-1676,1090,14658,-328,25,-149,0,-211.89
8586,20:27:11:205,3,Severe_Damage,L3_S2,-1722,1022,14600,-254,31,-130,0,-269.89
8587,20:27:11:215,3,Severe_Damage,L3_S2,-1746,1094,14618,-178,28,-115,0,-251.89
8588,20:27:11:225,3,Severe_Damage,L3_S2,-1748,1104,14660,-99,32,-116,0,-209.89
8589,20:27:11:235,3,Severe_Damage,L3_S2,-1756,1032,14662,-31,26,-99,0,-207.89
8590,20:27:11:245,3,Severe_Damage,L3_S2,-1708,1062,14802,18,46,-88,0,-67.89
8591,20:27:11:255,3,Severe_Damage,L3_S2,-1786,1080,14894,55,34,-83,0,24.11
8592,20:27:11:265,3,Severe_Damage,L3_S2,-1764,1116,14896,57,42,-80,0,26.11
8593,20:27:11:275,3,Severe_Damage,L3_S2,-1782,1114,14950,46,39,-87,0,80.11
8594,20:27:11:285,3,Severe_Damage,L3_S2,-1812,1146,15052,5,28,-89,0,182.11
8595,20:27:11:295,3,Severe_Damage,L3_S2,-1806,1144,15046,-62,33,-100,0,176.11
8596,20:27:11:305,3,Severe_Damage,L3_S2,-1836,1170,15100,-127,25,-112,0,230.11
8597,20:27:11:316,3,Severe_Damage,L3_S2,-1776,1134,15102,-199,40,-123,0,232.11
8598,20:27:11:326,3,Severe_Damage,L3_S2,-1830,1182,15072,-278,29,-130,0,202.11
8599,20:27:11:336,3,Severe_Damage,L3_S2,-1784,1158,15054,-337,30,-141,0,184.11
8600,20:27:11:345,3,Severe_Damage,L3_S2,-1758,1138,14990,-390,28,-150,0,120.11
8601,20:27:11:356,3,Severe_Damage,L3_S2,-1822,1068,14956,-420,19,-158,0,86.11
8602,20:27:11:366,3,Severe_Damage,L3_S2,-1812,1124,14858,-427,25,-161,0,-11.89
8603,20:27:11:376,3,Severe_Damage,L3_S2,-1754,1116,14772,-416,13,-155,0,-97.89
8604,20:27:11:386,3,Severe_Damage,L3_S2,-1718,1130,14666,-376,21,-155,0,-203.89
8605,20:27:11:396,3,Severe_Damage,L3_S2,-1768,1060,14704,-319,24,-146,0,-165.89
8606,20:27:11:406,3,Severe_Damage,L3_S2,-1732,1056,14672,-252,25,-132,0,-197.89
8607,20:27:11:416,3,Severe_Damage,L3_S2,-1752,1026,14702,-179,32,-116,0,-167.89
8608,20:27:11:426,3,Severe_Damage,L3_S2,-1766,1076,14660,-111,25,-107,0,-209.89
8609,20:27:11:436,3,Severe_Damage,L3_S2,-1742,1084,14766,-51,36,-99,0,-103.89
8610,20:27:11:445,3,Severe_Damage,L3_S2,-1810,1102,14814,0,40,-91,0,-55.89
8611,20:27:11:455,3,Severe_Damage,L3_S2,-1810,1092,14786,25,43,-88,0,-83.89
8612,20:27:11:465,3,Severe_Damage,L3_S2,-1796,1126,14854,28,33,-89,0,-15.89
8613,20:27:11:475,3,Severe_Damage,L3_S2,-1782,1174,14954,28,34,-88,0,84.11
8614,20:27:11:485,3,Severe_Damage,L3_S2,-1842,1170,15018,-13,31,-93,0,148.11
8615,20:27:11:495,3,Severe_Damage,L3_S2,-1752,1156,15096,-59,39,-106,0,226.11
8616,20:27:11:506,3,Severe_Damage,L3_S2,-1760,1146,15128,-128,21,-115,0,258.11
8617,20:27:11:516,3,Severe_Damage,L3_S2,-1852,1144,15080,-196,20,-128,0,210.11
8618,20:27:11:526,3,Severe_Damage,L3_S2,-1734,1156,15060,-260,20,-139,0,190.11
8619,20:27:11:536,3,Severe_Damage,L3_S2,-1760,1176,15032,-321,32,-142,0,162.11
8620,20:27:11:546,3,Severe_Damage,L3_S2,-1782,1128,14892,-368,29,-151,0,22.11
8621,20:27:11:556,3,Severe_Damage,L3_S2,-1778,1118,14862,-399,26,-159,0,-7.89
8622,20:27:11:566,3,Severe_Damage,L3_S2,-1752,1120,14800,-409,17,-155,0,-69.89
8623,20:27:11:576,3,Severe_Damage,L3_S2,-1714,1088,14782,-394,21,-157,0,-87.89
8624,20:27:11:586,3,Severe_Damage,L3_S2,-1710,1042,14760,-360,20,-150,0,-109.89
8625,20:27:11:596,3,Severe_Damage,L3_S2,-1676,1042,14718,-310,27,-146,0,-151.89
8626,20:27:11:606,3,Severe_Damage,L3_S2,-1710,1068,14650,-253,29,-131,0,-219.89
8627,20:27:11:616,3,Severe_Damage,L3_S2,-1740,1102,14666,-185,27,-116,0,-203.89
8628,20:27:11:626,3,Severe_Damage,L3_S2,-1788,1066,14754,-122,39,-109,0,-115.89
8629,20:27:11:636,3,Severe_Damage,L3_S2,-1770,1072,14758,-64,36,-97,0,-111.89
8630,20:27:11:645,3,Severe_Damage,L3_S2,-1748,1066,14840,-20,33,-95,0,-29.89
8631,20:27:11:655,3,Severe_Damage,L3_S2,-1770,1106,14870,6,37,-95,0,0.11
8632,20:27:11:665,3,Severe_Damage,L3_S2,-1746,1104,14996,18,36,-88,0,126.11
8633,20:27:11:675,3,Severe_Damage,L3_S2,-1814,1146,14958,7,31,-90,0,88.11
8634,20:27:11:685,3,Severe_Damage,L3_S2,-1812,1116,14986,-22,35,-96,0,116.11
8635,20:27:11:696,3,Severe_Damage,L3_S2,-1786,1132,15062,-71,20,-105,0,192.11
8636,20:27:11:706,3,Severe_Damage,L3_S2,-1788,1170,15112,-125,29,-114,0,242.11
8637,20:27:11:716,3,Severe_Damage,L3_S2,-1798,1124,15058,-188,26,-123,0,188.11
8638,20:27:11:726,3,Severe_Damage,L3_S2,-1792,1144,15038,-250,28,-132,0,168.11
8639,20:27:11:736,3,Severe_Damage,L3_S2,-1790,1122,14936,-306,32,-142,0,66.11
8640,20:27:11:746,3,Severe_Damage,L3_S2,-1772,1154,14946,-352,26,-147,0,76.11
8641,20:27:11:756,3,Severe_Damage,L3_S2,-1792,1140,14888,-379,25,-151,0,18.11
8642,20:27:11:766,3,Severe_Damage,L3_S2,-1744,1136,14782,-389,24,-161,0,-87.89
8643,20:27:11:776,3,Severe_Damage,L3_S2,-1764,1108,14750,-374,19,-144,0,-119.89
8644,20:27:11:786,3,Severe_Damage,L3_S2,-1756,1094,14724,-355,22,-146,0,-145.89
8645,20:27:11:796,3,Severe_Damage,L3_S2,-1750,1042,14738,-313,26,-145,0,-131.89
8646,20:27:11:806,3,Severe_Damage,L3_S2,-1780,1034,14668,-259,23,-131,0,-201.89
8647,20:27:11:816,3,Severe_Damage,L3_S2,-1700,1034,14756,-197,36,-129,0,-113.89
8648,20:27:11:826,3,Severe_Damage,L3_S2,-1784,1108,14646,-144,19,-105,0,-223.89
8649,20:27:11:836,3,Severe_Damage,L3_S2,-1724,1120,14752,-78,42,-114,0,-117.89
8650,20:27:11:846,3,Severe_Damage,L3_S2,-1752,1128,14728,-40,27,-94,0,-141.89
8651,20:27:11:856,3,Severe_Damage,L3_S2,-1732,1076,14848,-8,30,-89,0,-21.89
8652,20:27:11:865,3,Severe_Damage,L3_S2,-1694,1086,14890,2,38,-96,0,20.11
8653,20:27:11:876,3,Severe_Damage,L3_S2,-1826,1108,14894,-14,19,-87,0,24.11
8654,20:27:11:886,3,Severe_Damage,L3_S2,-1726,1128,15042,-35,42,-107,0,172.11
8655,20:27:11:896,3,Severe_Damage,L3_S2,-1806,1124,15070,-77,20,-99,0,200.11
8656,20:27:11:906,3,Severe_Damage,L3_S2,-1838,1124,15026,-129,34,-111,0,156.11
8657,20:27:11:916,3,Severe_Damage,L3_S2,-1752,1172,15074,-186,37,-128,0,204.11
8658,20:27:11:926,3,Severe_Damage,L3_S2,-1862,1136,14960,-241,12,-117,0,90.11
8659,20:27:11:936,3,Severe_Damage,L3_S2,-1714,1078,14962,-288,40,-144,0,92.11
8660,20:27:11:946,3,Severe_Damage,L3_S2,-1816,1152,15028,-335,2,-138,0,158.11
8661,20:27:11:956,3,Severe_Damage,L3_S2,-1746,1092,14912,-362,39,-154,0,42.11
8662,20:27:11:966,3,Severe_Damage,L3_S2,-1746,1120,14850,-373,29,-159,0,-19.89
8663,20:27:11:976,3,Severe_Damage,L3_S2,-1814,1118,14822,-368,19,-153,0,-47.89
8664,20:27:11:986,3,Severe_Damage,L3_S2,-1698,1100,14806,-347,39,-156,0,-63.89
8665,20:27:11:996,3,Severe_Damage,L3_S2,-1808,1060,14736,-302,18,-138,0,-133.89
8666,20:27:12:006,3,Severe_Damage,L3_S2,-1752,1078,14764,-253,39,-136,0,-105.89
8667,20:27:12:016,3,Severe_Damage,L3_S2,-1748,1066,14682,-197,20,-123,0,-187.89
8668,20:27:12:026,3,Severe_Damage,L3_S2,-1768,1092,14736,-144,23,-106,0,-133.89
8669,20:27:12:036,3,Severe_Damage,L3_S2,-1702,1076,14748,-93,46,-110,0,-121.89
8670,20:27:12:046,3,Severe_Damage,L3_S2,-1802,1086,14840,-56,20,-97,0,-29.89
8671,20:27:12:056,3,Severe_Damage,L3_S2,-1740,1074,14920,-24,52,-106,0,50.11
8672,20:27:12:066,3,Severe_Damage,L3_S2,-1820,1094,14872,-16,22,-93,0,2.11
8673,20:27:12:076,3,Severe_Damage,L3_S2,-1766,1060,14906,-25,39,-101,0,36.11
8674,20:27:12:086,3,Severe_Damage,L3_S2,-1776,1152,14998,-44,40,-98,0,128.11
8675,20:27:12:096,3,Severe_Damage,L3_S2,-1802,1140,15006,-86,26,-103,0,136.11
8676,20:27:12:106,3,Severe_Damage,L3_S2,-1762,1154,14966,-126,46,-110,0,96.11
8677,20:27:12:116,3,Severe_Damage,L3_S2,-1794,1134,14914,-185,20,-119,0,44.11
8678,20:27:12:126,3,Severe_Damage,L3_S2,-1798,1132,15010,-230,40,-135,0,140.11
8679,20:27:12:136,3,Severe_Damage,L3_S2,-1826,1084,15012,-282,25,-138,0,142.11
8680,20:27:12:146,3,Severe_Damage,L3_S2,-1776,1110,14914,-319,29,-139,0,44.11
8681,20:27:12:156,3,Severe_Damage,L3_S2,-1786,1166,14896,-350,31,-147,0,26.11
8682,20:27:12:166,3,Severe_Damage,L3_S2,-1766,1126,14850,-355,15,-147,0,-19.89
8683,20:27:12:176,3,Severe_Damage,L3_S2,-1742,1118,14852,-353,37,-152,0,-17.89
8684,20:27:12:186,3,Severe_Damage,L3_S2,-1750,1106,14716,-327,16,-144,0,-153.89
8685,20:27:12:196,3,Severe_Damage,L3_S2,-1728,1104,14736,-294,30,-147,0,-133.89
8686,20:27:12:206,3,Severe_Damage,L3_S2,-1776,1092,14748,-253,28,-125,0,-121.89
8687,20:27:12:216,3,Severe_Damage,L3_S2,-1814,1100,14700,-204,22,-120,0,-169.89
8688,20:27:12:226,3,Severe_Damage,L3_S2,-1710,1140,14718,-147,40,-118,0,-151.89
8689,20:27:12:236,3,Severe_Damage,L3_S2,-1784,1074,14804,-107,14,-107,0,-65.89
8690,20:27:12:246,3,Severe_Damage,L3_S2,-1746,1076,14796,-66,42,-108,0,-73.89
8691,20:27:12:256,3,Severe_Damage,L3_S2,-1770,1128,14806,-47,22,-99,0,-63.89
8692,20:27:12:266,3,Severe_Damage,L3_S2,-1738,1158,14938,-33,38,-100,0,68.11
8693,20:27:12:276,3,Severe_Damage,L3_S2,-1740,1114,14910,-36,44,-98,0,40.11
8694,20:27:12:286,3,Severe_Damage,L3_S2,-1780,1124,15004,-56,23,-92,0,134.11
8695,20:27:12:296,3,Severe_Damage,L3_S2,-1708,1132,14956,-87,37,-110,0,86.11
8696,20:27:12:306,3,Severe_Damage,L3_S2,-1804,1154,15006,-136,22,-111,0,136.11
8697,20:27:12:316,3,Severe_Damage,L3_S2,-1800,1144,14994,-180,28,-121,0,124.11
8698,20:27:12:326,3,Severe_Damage,L3_S2,-1796,1148,14922,-231,34,-135,0,52.11
8699,20:27:12:336,3,Severe_Damage,L3_S2,-1860,1120,14908,-272,20,-131,0,38.11
8700,20:27:12:346,3,Severe_Damage,L3_S2,-1754,1130,14990,-306,33,-141,0,120.11
8701,20:27:12:356,3,Severe_Damage,L3_S2,-1830,1138,14876,-333,17,-140,0,6.11
8702,20:27:12:366,3,Severe_Damage,L3_S2,-1788,1124,14848,-346,33,-152,0,-21.89
8703,20:27:12:376,3,Severe_Damage,L3_S2,-1726,1060,14810,-333,25,-147,0,-59.89
8704,20:27:12:386,3,Severe_Damage,L3_S2,-1766,1102,14744,-320,20,-147,0,-125.89
8705,20:27:12:396,3,Severe_Damage,L3_S2,-1724,1048,14732,-283,32,-144,0,-137.89
8706,20:27:12:406,3,Severe_Damage,L3_S2,-1768,1098,14748,-246,13,-128,0,-121.89
8707,20:27:12:416,3,Severe_Damage,L3_S2,-1684,1072,14790,-199,39,-126,0,-79.89
8708,20:27:12:426,3,Severe_Damage,L3_S2,-1752,1032,14798,-156,24,-114,0,-71.89
8709,20:27:12:436,3,Severe_Damage,L3_S2,-1752,1102,14768,-109,35,-110,0,-101.89
8710,20:27:12:446,3,Severe_Damage,L3_S2,-1778,1084,14808,-77,36,-109,0,-61.89
8711,20:27:12:456,3,Severe_Damage,L3_S2,-1760,1088,14812,-57,27,-99,0,-57.89
8712,20:27:12:466,3,Severe_Damage,L3_S2,-1706,1124,14940,-51,44,-99,0,70.11
8713,20:27:12:476,3,Severe_Damage,L3_S2,-1746,1104,14982,-57,35,-101,0,112.11
8714,20:27:12:486,3,Severe_Damage,L3_S2,-1774,1092,15040,-64,35,-102,0,170.11
8715,20:27:12:496,3,Severe_Damage,L3_S2,-1770,1146,15008,-95,35,-111,0,138.11
8716,20:27:12:506,3,Severe_Damage,L3_S2,-1802,1154,15004,-131,32,-114,0,134.11
8717,20:27:12:516,3,Severe_Damage,L3_S2,-1810,1158,14992,-175,43,-126,0,122.11
8718,20:27:12:526,3,Severe_Damage,L3_S2,-1792,1134,15054,-222,26,-126,0,184.11
8719,20:27:12:536,3,Severe_Damage,L3_S2,-1812,1116,14980,-260,36,-129,0,110.11
8720,20:27:12:546,3,Severe_Damage,L3_S2,-1740,1112,14916,-298,25,-142,0,46.11
8721,20:27:12:556,3,Severe_Damage,L3_S2,-1778,1136,14906,-319,17,-139,0,36.11
8722,20:27:12:566,3,Severe_Damage,L3_S2,-1740,1082,14900,-330,25,-142,0,30.11
8723,20:27:12:576,3,Severe_Damage,L3_S2,-1796,1086,14844,-325,29,-142,0,-25.89
8724,20:27:12:586,3,Severe_Damage,L3_S2,-1754,1104,14750,-305,33,-140,0,-119.89
8725,20:27:12:596,3,Severe_Damage,L3_S2,-1790,1110,14790,-288,26,-134,0,-79.89
8726,20:27:12:606,3,Severe_Damage,L3_S2,-1806,1104,14764,-240,33,-122,0,-105.89
8727,20:27:12:616,3,Severe_Damage,L3_S2,-1708,1064,14802,-213,30,-125,0,-67.89
8728,20:27:12:626,3,Severe_Damage,L3_S2,-1794,1088,14706,-161,25,-117,0,-163.89
8729,20:27:12:636,3,Severe_Damage,L3_S2,-1734,1118,14796,-125,39,-123,0,-73.89
8730,20:27:12:646,3,Severe_Damage,L3_S2,-1722,1116,14868,-88,25,-113,0,-1.89
8731,20:27:12:656,3,Severe_Damage,L3_S2,-1762,1124,14814,-71,36,-104,0,-55.89
8732,20:27:12:666,3,Severe_Damage,L3_S2,-1776,1130,14864,-56,46,-97,0,-5.89
8733,20:27:12:676,3,Severe_Damage,L3_S2,-1812,1142,14944,-62,22,-94,0,74.11
8734,20:27:12:686,3,Severe_Damage,L3_S2,-1806,1180,14912,-72,40,-108,0,42.11
8735,20:27:12:696,3,Severe_Damage,L3_S2,-1816,1146,14912,-103,21,-101,0,42.11
8736,20:27:12:706,3,Severe_Damage,L3_S2,-1744,1102,15030,-136,31,-112,0,160.11
8737,20:27:12:716,3,Severe_Damage,L3_S2,-1804,1158,15024,-180,28,-122,0,154.11
8738,20:27:12:726,3,Severe_Damage,L3_S2,-1812,1102,14966,-210,27,-123,0,96.11
8739,20:27:12:736,3,Severe_Damage,L3_S2,-1770,1106,14950,-252,33,-127,0,80.11
8740,20:27:12:746,3,Severe_Damage,L3_S2,-1792,1090,14892,-291,13,-141,0,22.11
8741,20:27:12:756,3,Severe_Damage,L3_S2,-1746,1118,14932,-304,25,-148,0,62.11
8742,20:27:12:766,3,Severe_Damage,L3_S2,-1750,1124,14850,-311,19,-144,0,-19.89
8743,20:27:12:776,3,Severe_Damage,L3_S2,-1762,1078,14828,-311,28,-136,0,-41.89
8744,20:27:12:786,3,Severe_Damage,L3_S2,-1708,1138,14746,-298,30,-139,0,-123.89
8745,20:27:12:796,3,Severe_Damage,L3_S2,-1796,1090,14780,-276,21,-136,0,-89.89
8746,20:27:12:806,3,Severe_Damage,L3_S2,-1736,1088,14808,-246,34,-132,0,-61.89
8747,20:27:12:816,3,Severe_Damage,L3_S2,-1714,1126,14730,-208,25,-122,0,-139.89
8748,20:27:12:826,3,Severe_Damage,L3_S2,-1724,1118,14738,-169,33,-113,0,-131.89
8749,20:27:12:836,3,Severe_Damage,L3_S2,-1806,1064,14812,-135,28,-109,0,-57.89
8750,20:27:12:846,3,Severe_Damage,L3_S2,-1762,1086,14856,-112,27,-107,0,-13.89
8751,20:27:12:856,3,Severe_Damage,L3_S2,-1748,1070,14854,-79,40,-106,0,-15.89
8752,20:27:12:866,3,Severe_Damage,L3_S2,-1744,1074,14866,-76,32,-105,0,-3.89
8753,20:27:12:876,3,Severe_Damage,L3_S2,-1768,1110,14976,-70,42,-100,0,106.11
8754,20:27:12:886,3,Severe_Damage,L3_S2,-1830,1082,14984,-92,24,-102,0,114.11
8755,20:27:12:896,3,Severe_Damage,L3_S2,-1794,1114,14948,-112,34,-107,0,78.11
8756,20:27:12:906,3,Severe_Damage,L3_S2,-1828,1124,14990,-142,30,-114,0,120.11
8757,20:27:12:916,3,Severe_Damage,L3_S2,-1762,1122,15040,-173,27,-119,0,170.11
8758,20:27:12:926,3,Severe_Damage,L3_S2,-1796,1140,14946,-206,36,-128,0,76.11
8759,20:27:12:936,3,Severe_Damage,L3_S2,-1816,1144,14936,-245,23,-128,0,66.11
8760,20:27:12:946,3,Severe_Damage,L3_S2,-1788,1118,14920,-273,32,-138,0,50.11
8761,20:27:12:956,3,Severe_Damage,L3_S2,-1782,1096,14874,-297,28,-136,0,4.11
8762,20:27:12:966,3,Severe_Damage,L3_S2,-1788,1098,14870,-298,30,-138,0,0.11
8763,20:27:12:976,3,Severe_Damage,L3_S2,-1726,1132,14848,-309,32,-137,0,-21.89
8764,20:27:12:986,3,Severe_Damage,L3_S2,-1762,1116,14772,-300,21,-140,0,-97.89
8765,20:27:12:996,3,Severe_Damage,L3_S2,-1716,1084,14750,-276,34,-137,0,-119.89
8766,20:27:13:006,3,Severe_Damage,L3_S2,-1780,1090,14728,-241,25,-128,0,-141.89
8767,20:27:13:016,3,Severe_Damage,L3_S2,-1804,1066,14748,-205,33,-131,0,-121.89
8768,20:27:13:026,3,Severe_Damage,L3_S2,-1762,1076,14780,-178,25,-123,0,-89.89
8769,20:27:13:036,3,Severe_Damage,L3_S2,-1774,1090,14770,-143,26,-112,0,-99.89
8770,20:27:13:046,3,Severe_Damage,L3_S2,-1744,1072,14814,-108,39,-105,0,-55.89
8771,20:27:13:056,3,Severe_Damage,L3_S2,-1834,1126,14918,-94,22,-103,0,48.11
8772,20:27:13:066,3,Severe_Damage,L3_S2,-1804,1126,14864,-79,35,-109,0,-5.89
8773,20:27:13:076,3,Severe_Damage,L3_S2,-1762,1154,14826,-81,25,-102,0,-43.89
8774,20:27:13:086,3,Severe_Damage,L3_S2,-1814,1136,14900,-86,31,-103,0,30.11
8775,20:27:13:096,3,Severe_Damage,L3_S2,-1758,1098,14942,-115,31,-107,0,72.11
8776,20:27:13:108,3,Severe_Damage,L3_S2,-1852,1112,14960,-135,25,-102,0,90.11
8777,20:27:13:116,3,Severe_Damage,L3_S2,-1738,1130,14994,-183,41,-125,0,124.11
8778,20:27:13:126,3,Severe_Damage,L3_S2,-1796,1148,14964,-203,25,-117,0,94.11
8779,20:27:13:136,3,Severe_Damage,L3_S2,-1808,1104,14946,-247,27,-128,0,76.11
8780,20:27:13:146,3,Severe_Damage,L3_S2,-1740,1124,14944,-263,39,-132,0,74.11
8781,20:27:13:156,3,Severe_Damage,L3_S2,-1918,1102,14910,-283,12,-128,0,40.11
8782,20:27:13:166,3,Severe_Damage,L3_S2,-1744,1114,14910,-293,53,-150,0,40.11
8783,20:27:13:176,3,Severe_Damage,L3_S2,-1816,1096,14806,-297,8,-130,0,-63.89
8784,20:27:13:186,3,Severe_Damage,L3_S2,-1760,1114,14800,-286,41,-141,0,-69.89
8785,20:27:13:196,3,Severe_Damage,L3_S2,-1734,1136,14790,-264,30,-131,0,-79.89
8786,20:27:13:206,3,Severe_Damage,L3_S2,-1784,1194,14792,-242,22,-126,0,-77.89
8787,20:27:13:216,3,Severe_Damage,L3_S2,-1734,1104,14826,-204,52,-134,0,-43.89
8788,20:27:13:226,3,Severe_Damage,L3_S2,-1788,1086,14766,-180,8,-110,0,-103.89
8789,20:27:13:236,3,Severe_Damage,L3_S2,-1784,1122,14764,-137,54,-117,0,-105.89
8790,20:27:13:246,3,Severe_Damage,L3_S2,-1774,1066,14750,-120,15,-103,0,-119.89
8791,20:27:13:256,3,Severe_Damage,L3_S2,-1728,1070,14826,-94,36,-107,0,-43.89
8792,20:27:13:266,3,Severe_Damage,L3_S2,-1738,1082,14916,-93,45,-113,0,46.11
8793,20:27:13:276,3,Severe_Damage,L3_S2,-1806,1164,14920,-92,11,-104,0,50.11
8794,20:27:13:286,3,Severe_Damage,L3_S2,-1762,1102,14976,-99,57,-118,0,106.11
8795,20:27:13:296,3,Severe_Damage,L3_S2,-1798,1108,14916,-120,9,-105,0,46.11
8796,20:27:13:306,3,Severe_Damage,L3_S2,-1766,1130,14928,-147,33,-118,0,58.11
8797,20:27:13:316,3,Severe_Damage,L3_S2,-1824,1120,14938,-174,36,-121,0,68.11
8798,20:27:13:327,3,Severe_Damage,L3_S2,-1832,1148,15004,-206,17,-119,0,134.11
8799,20:27:13:336,3,Severe_Damage,L3_S2,-1694,1182,14982,-225,40,-130,0,112.11
8800,20:27:13:346,3,Severe_Damage,L3_S2,-1794,1126,14934,-260,4,-124,0,64.11
8801,20:27:13:356,3,Severe_Damage,L3_S2,-1802,1112,14876,-275,42,-142,0,6.11
8802,20:27:13:366,3,Severe_Damage,L3_S2,-1800,1096,14838,-289,21,-139,0,-31.89
8803,20:27:13:376,3,Severe_Damage,L3_S2,-1806,1064,14818,-290,23,-142,0,-51.89
8804,20:27:13:386,3,Severe_Damage,L3_S2,-1732,1088,14848,-275,44,-140,0,-21.89
8805,20:27:13:396,3,Severe_Damage,L3_S2,-1758,1104,14800,-261,12,-127,0,-69.89
8806,20:27:13:406,3,Severe_Damage,L3_S2,-1758,1070,14752,-232,39,-125,0,-117.89
8807,20:27:13:416,3,Severe_Damage,L3_S2,-1758,1076,14872,-208,22,-121,0,2.11
8808,20:27:13:426,3,Severe_Damage,L3_S2,-1740,1114,14790,-174,26,-119,0,-79.89
8809,20:27:13:436,3,Severe_Damage,L3_S2,-1744,1080,14790,-151,45,-123,0,-79.89
8810,20:27:13:446,3,Severe_Damage,L3_S2,-1824,1074,14900,-129,22,-116,0,30.11
8811,20:27:13:456,3,Severe_Damage,L3_S2,-1714,1126,14836,-110,44,-114,0,-33.89
8812,20:27:13:467,3,Severe_Damage,L3_S2,-1778,1128,14852,-103,18,-106,0,-17.89
8813,20:27:13:476,3,Severe_Damage,L3_S2,-1776,1130,14898,-95,47,-115,0,28.11
8814,20:27:13:486,3,Severe_Damage,L3_S2,-1774,1114,14924,-109,34,-112,0,54.11
8815,20:27:13:496,3,Severe_Damage,L3_S2,-1788,1124,14906,-124,19,-112,0,36.11
8816,20:27:13:506,3,Severe_Damage,L3_S2,-1762,1168,14966,-147,37,-117,0,96.11
8817,20:27:13:516,3,Severe_Damage,L3_S2,-1810,1104,14968,-174,17,-116,0,98.11
8818,20:27:13:526,3,Severe_Damage,L3_S2,-1796,1114,14922,-194,35,-130,0,52.11
8819,20:27:13:536,3,Severe_Damage,L3_S2,-1786,1122,14880,-226,25,-130,0,10.11
8820,20:27:13:546,3,Severe_Damage,L3_S2,-1754,1148,14944,-246,25,-128,0,74.11
8821,20:27:13:556,3,Severe_Damage,L3_S2,-1744,1132,14896,-263,36,-132,0,26.11
8822,20:27:13:566,3,Severe_Damage,L3_S2,-1790,1094,14864,-278,12,-131,0,-5.89
8823,20:27:13:576,3,Severe_Damage,L3_S2,-1714,1082,14942,-275,37,-143,0,72.11
8824,20:27:13:586,3,Severe_Damage,L3_S2,-1766,1106,14832,-270,20,-131,0,-37.89
8825,20:27:13:596,3,Severe_Damage,L3_S2,-1788,1102,14738,-255,32,-126,0,-131.89
8826,20:27:13:606,3,Severe_Damage,L3_S2,-1742,1084,14800,-233,28,-130,0,-69.89
8827,20:27:13:616,3,Severe_Damage,L3_S2,-1754,1086,14794,-210,15,-118,0,-75.89
8828,20:27:13:626,3,Severe_Damage,L3_S2,-1752,1094,14774,-179,36,-129,0,-95.89
8829,20:27:13:636,3,Severe_Damage,L3_S2,-1790,1062,14782,-158,15,-111,0,-87.89
8830,20:27:13:646,3,Severe_Damage,L3_S2,-1766,1084,14890,-130,40,-109,0,20.11
8831,20:27:13:656,3,Severe_Damage,L3_S2,-1796,1134,14828,-118,32,-111,0,-41.89
8832,20:27:13:666,3,Severe_Damage,L3_S2,-1744,1090,14812,-109,35,-109,0,-57.89
8833,20:27:13:676,3,Severe_Damage,L3_S2,-1744,1114,14856,-105,45,-109,0,-13.89
8834,20:27:13:686,3,Severe_Damage,L3_S2,-1800,1128,14916,-111,27,-105,0,46.11
8835,20:27:13:696,3,Severe_Damage,L3_S2,-1778,1140,15004,-125,35,-109,0,134.11
8836,20:27:13:706,3,Severe_Damage,L3_S2,-1820,1128,14918,-151,34,-117,0,48.11
8837,20:27:13:716,3,Severe_Damage,L3_S2,-1776,1132,14940,-170,33,-117,0,70.11
8838,20:27:13:726,3,Severe_Damage,L3_S2,-1742,1102,14920,-201,33,-119,0,50.11
8839,20:27:13:736,3,Severe_Damage,L3_S2,-1786,1116,14950,-227,23,-128,0,80.11
8840,20:27:13:747,3,Severe_Damage,L3_S2,-1808,1104,14986,-243,36,-139,0,116.11
8841,20:27:13:756,3,Severe_Damage,L3_S2,-1776,1070,14870,-257,25,-131,0,0.11
8842,20:27:13:766,3,Severe_Damage,L3_S2,-1740,1132,14858,-271,27,-134,0,-11.89
8843,20:27:13:776,3,Severe_Damage,L3_S2,-1808,1102,14868,-268,31,-133,0,-1.89
8844,20:27:13:786,3,Severe_Damage,L3_S2,-1798,1120,14804,-272,27,-134,0,-65.89
8845,20:27:13:796,3,Severe_Damage,L3_S2,-1768,1060,14792,-256,31,-133,0,-77.89
8846,20:27:13:807,3,Severe_Damage,L3_S2,-1790,1130,14828,-237,26,-126,0,-41.89
8847,20:27:13:817,3,Severe_Damage,L3_S2,-1746,1102,14748,-210,36,-127,0,-121.89
8848,20:27:13:827,3,Severe_Damage,L3_S2,-1764,1096,14798,-186,30,-124,0,-71.89
8849,20:27:13:837,3,Severe_Damage,L3_S2,-1750,1098,14820,-160,34,-115,0,-49.89
8850,20:27:13:846,3,Severe_Damage,L3_S2,-1772,1094,14822,-140,32,-109,0,-47.89
8851,20:27:13:857,3,Severe_Damage,L3_S2,-1790,1084,14912,-123,28,-111,0,42.11
8852,20:27:13:866,3,Severe_Damage,L3_S2,-1748,1122,14884,-120,31,-116,0,14.11
8853,20:27:13:876,3,Severe_Damage,L3_S2,-1774,1094,14878,-113,30,-109,0,8.11
8854,20:27:13:886,3,Severe_Damage,L3_S2,-1770,1132,15000,-122,28,-111,0,130.11
8855,20:27:13:896,3,Severe_Damage,L3_S2,-1768,1136,14938,-132,39,-115,0,68.11
8856,20:27:13:907,3,Severe_Damage,L3_S2,-1804,1100,14910,-159,28,-113,0,40.11
8857,20:27:13:916,3,Severe_Damage,L3_S2,-1750,1110,14940,-176,33,-123,0,70.11
8858,20:27:13:926,3,Severe_Damage,L3_S2,-1808,1122,14914,-192,29,-121,0,44.11
8859,20:27:13:936,3,Severe_Damage,L3_S2,-1784,1118,14866,-218,31,-123,0,-3.89
8860,20:27:13:947,3,Severe_Damage,L3_S2,-1766,1112,14926,-244,27,-128,0,56.11
8861,20:27:13:957,3,Severe_Damage,L3_S2,-1820,1094,14910,-252,33,-138,0,40.11
8862,20:27:13:967,3,Severe_Damage,L3_S2,-1796,1154,14862,-263,23,-138,0,-7.89
8863,20:27:13:977,3,Severe_Damage,L3_S2,-1754,1112,14858,-266,16,-130,0,-11.89
8864,20:27:13:987,3,Severe_Damage,L3_S2,-1716,1044,14848,-254,31,-139,0,-21.89
8865,20:27:13:997,3,Severe_Damage,L3_S2,-1748,1044,14868,-250,29,-129,0,-1.89
8866,20:27:14:007,3,Severe_Damage,L3_S2,-1790,1052,14814,-228,31,-130,0,-55.89
8867,20:27:14:017,3,Severe_Damage,L3_S2,-1726,1120,14852,-212,29,-125,0,-17.89
8868,20:27:14:027,3,Severe_Damage,L3_S2,-1732,1068,14852,-190,23,-126,0,-17.89
8869,20:27:14:037,3,Severe_Damage,L3_S2,-1762,1128,14800,-162,36,-123,0,-69.89
8870,20:27:14:047,3,Severe_Damage,L3_S2,-1774,1108,14816,-146,27,-112,0,-53.89
8871,20:27:14:057,3,Severe_Damage,L3_S2,-1780,1106,14852,-133,37,-114,0,-17.89
8872,20:27:14:067,3,Severe_Damage,L3_S2,-1814,1074,14846,-119,35,-117,0,-23.89
8873,20:27:14:077,3,Severe_Damage,L3_S2,-1768,1112,14946,-119,28,-109,0,76.11
8874,20:27:14:087,3,Severe_Damage,L3_S2,-1794,1132,14902,-119,40,-105,0,32.11
8875,20:27:14:097,3,Severe_Damage,L3_S2,-1784,1106,14940,-133,26,-122,0,70.11
8876,20:27:14:107,3,Severe_Damage,L3_S2,-1766,1116,15012,-149,32,-115,0,142.11
8877,20:27:14:117,3,Severe_Damage,L3_S2,-1782,1134,14948,-174,25,-118,0,78.11
8878,20:27:14:127,3,Severe_Damage,L3_S2,-1792,1094,15008,-194,29,-124,0,138.11
8879,20:27:14:137,3,Severe_Damage,L3_S2,-1810,1122,14908,-214,34,-128,0,38.11
8880,20:27:14:147,3,Severe_Damage,L3_S2,-1770,1096,14974,-234,31,-130,0,104.11
8881,20:27:14:157,3,Severe_Damage,L3_S2,-1728,1100,14898,-247,25,-131,0,28.11
8882,20:27:14:167,3,Severe_Damage,L3_S2,-1804,1148,14926,-256,30,-133,0,56.11
8883,20:27:14:177,3,Severe_Damage,L3_S2,-1764,1132,14798,-254,31,-127,0,-71.89
8884,20:27:14:187,3,Severe_Damage,L3_S2,-1752,1110,14824,-263,21,-141,0,-45.89
8885,20:27:14:197,3,Severe_Damage,L3_S2,-1724,1120,14796,-237,31,-130,0,-73.89
8886,20:27:14:207,3,Severe_Damage,L3_S2,-1808,1082,14820,-232,27,-136,0,-49.89
8887,20:27:14:217,3,Severe_Damage,L3_S2,-1816,1088,14808,-209,27,-121,0,-61.89
8888,20:27:14:227,3,Severe_Damage,L3_S2,-1830,1146,14806,-191,34,-127,0,-63.89
8889,20:27:14:237,3,Severe_Damage,L3_S2,-1774,1086,14848,-167,29,-120,0,-21.89
8890,20:27:14:247,3,Severe_Damage,L3_S2,-1734,1066,14876,-153,36,-121,0,6.11
8891,20:27:14:257,3,Severe_Damage,L3_S2,-1774,1038,14820,-136,29,-119,0,-49.89
8892,20:27:14:267,3,Severe_Damage,L3_S2,-1796,1088,14868,-126,35,-110,0,-1.89
8893,20:27:14:277,3,Severe_Damage,L3_S2,-1788,1090,14924,-118,32,-111,0,54.11
8894,20:27:14:287,3,Severe_Damage,L3_S2,-1752,1162,14860,-130,34,-110,0,-9.89
8895,20:27:14:297,3,Severe_Damage,L3_S2,-1746,1154,14828,-135,34,-114,0,-41.89
8896,20:27:14:307,3,Severe_Damage,L3_S2,-1800,1120,14932,-157,33,-114,0,62.11
8897,20:27:14:317,3,Severe_Damage,L3_S2,-1780,1120,14884,-173,33,-117,0,14.11
8898,20:27:14:327,3,Severe_Damage,L3_S2,-1784,1100,14902,-196,30,-118,0,32.11
8899,20:27:14:337,3,Severe_Damage,L3_S2,-1814,1126,14888,-207,31,-119,0,18.11
8900,20:27:14:347,3,Severe_Damage,L3_S2,-1760,1144,14904,-230,35,-129,0,34.11
8901,20:27:14:357,3,Severe_Damage,L3_S2,-1758,1104,14884,-242,35,-129,0,14.11
8902,20:27:14:367,3,Severe_Damage,L3_S2,-1782,1110,14852,-247,28,-129,0,-17.89
8903,20:27:14:377,3,Severe_Damage,L3_S2,-1770,1034,14850,-256,25,-136,0,-19.89
8904,20:27:14:387,3,Severe_Damage,L3_S2,-1748,1094,14870,-248,32,-139,0,0.11
8905,20:27:14:397,3,Severe_Damage,L3_S2,-1826,1100,14822,-240,22,-135,0,-47.89
8906,20:27:14:407,3,Severe_Damage,L3_S2,-1742,1068,14846,-220,25,-132,0,-23.89
8907,20:27:14:417,3,Severe_Damage,L3_S2,-1758,1078,14818,-208,30,-127,0,-51.89
8908,20:27:14:427,3,Severe_Damage,L3_S2,-1754,1090,14860,-186,26,-117,0,-9.89
8909,20:27:14:437,3,Severe_Damage,L3_S2,-1744,1094,14842,-175,39,-118,0,-27.89
8910,20:27:14:447,3,Severe_Damage,L3_S2,-1842,1114,14794,-159,20,-113,0,-75.89
8911,20:27:14:457,3,Severe_Damage,L3_S2,-1744,1098,14890,-144,40,-119,0,20.11
8912,20:27:14:467,3,Severe_Damage,L3_S2,-1846,1082,14858,-133,26,-111,0,-11.89
8913,20:27:14:477,3,Severe_Damage,L3_S2,-1796,1118,14928,-132,29,-112,0,58.11
8914,20:27:14:487,3,Severe_Damage,L3_S2,-1736,1112,14916,-130,28,-119,0,46.11
8915,20:27:14:497,3,Severe_Damage,L3_S2,-1786,1122,14946,-144,20,-115,0,76.11
8916,20:27:14:507,3,Severe_Damage,L3_S2,-1706,1100,15030,-157,39,-120,0,160.11
8917,20:27:14:517,3,Severe_Damage,L3_S2,-1804,1102,14968,-176,15,-111,0,98.11
8918,20:27:14:527,3,Severe_Damage,L3_S2,-1756,1136,14900,-190,40,-126,0,30.11
8919,20:27:14:537,3,Severe_Damage,L3_S2,-1776,1102,14906,-205,22,-123,0,36.11
8920,20:27:14:547,3,Severe_Damage,L3_S2,-1816,1140,14924,-225,24,-121,0,54.11
8921,20:27:14:557,3,Severe_Damage,L3_S2,-1744,1090,14888,-236,30,-136,0,18.11
8922,20:27:14:567,3,Severe_Damage,L3_S2,-1790,1114,14840,-246,17,-122,0,-29.89
8923,20:27:14:577,3,Severe_Damage,L3_S2,-1708,1140,14894,-249,41,-133,0,24.11
8924,20:27:14:587,3,Severe_Damage,L3_S2,-1732,1086,14856,-244,25,-122,0,-13.89
8925,20:27:14:597,3,Severe_Damage,L3_S2,-1758,1086,14812,-236,25,-129,0,-57.89
8926,20:27:14:607,3,Severe_Damage,L3_S2,-1754,1096,14854,-222,37,-130,0,-15.89
8927,20:27:14:617,3,Severe_Damage,L3_S2,-1788,1066,14796,-213,13,-124,0,-73.89
8928,20:27:14:627,3,Severe_Damage,L3_S2,-1748,1056,14816,-189,45,-135,0,-53.89
8929,20:27:14:637,3,Severe_Damage,L3_S2,-1784,1104,14772,-177,14,-110,0,-97.89
8930,20:27:14:647,3,Severe_Damage,L3_S2,-1736,1122,14846,-161,43,-114,0,-23.89
8931,20:27:14:657,3,Severe_Damage,L3_S2,-1704,1072,14848,-148,31,-117,0,-21.89
8932,20:27:14:667,3,Severe_Damage,L3_S2,-1816,1112,14906,-137,22,-116,0,36.11
8933,20:27:14:677,3,Severe_Damage,L3_S2,-1764,1086,14850,-132,50,-116,0,-19.89
8934,20:27:14:687,3,Severe_Damage,L3_S2,-1802,1100,14898,-143,29,-110,0,28.11
8935,20:27:14:697,3,Severe_Damage,L3_S2,-1760,1072,14946,-141,45,-112,0,76.11
8936,20:27:14:707,3,Severe_Damage,L3_S2,-1808,1156,14922,-155,26,-113,0,52.11
8937,20:27:14:717,3,Severe_Damage,L3_S2,-1812,1170,14922,-169,27,-120,0,52.11
8938,20:27:14:727,3,Severe_Damage,L3_S2,-1764,1156,14882,-190,33,-126,0,12.11
8939,20:27:14:737,3,Severe_Damage,L3_S2,-1810,1140,14926,-202,18,-123,0,56.11
8940,20:27:14:747,3,Severe_Damage,L3_S2,-1720,1128,14918,-218,43,-129,0,48.11
8941,20:27:14:757,3,Severe_Damage,L3_S2,-1768,1114,14962,-233,30,-121,0,92.11
8942,20:27:14:767,3,Severe_Damage,L3_S2,-1808,1100,14956,-242,43,-126,0,86.11
8943,20:27:14:777,3,Severe_Damage,L3_S2,-1778,1116,14904,-243,37,-123,0,34.11
8944,20:27:14:787,3,Severe_Damage,L3_S2,-1784,1078,14854,-244,18,-125,0,-15.89
8945,20:27:14:797,3,Severe_Damage,L3_S2,-1698,1080,14838,-231,35,-126,0,-31.89
8946,20:27:14:807,3,Severe_Damage,L3_S2,-1758,1116,14836,-235,17,-125,0,-33.89
8947,20:27:14:817,3,Severe_Damage,L3_S2,-1722,1118,14800,-209,45,-130,0,-69.89
8948,20:27:14:827,3,Severe_Damage,L3_S2,-1756,1144,14810,-197,21,-117,0,-59.89
8949,20:27:14:837,3,Severe_Damage,L3_S2,-1796,1142,14852,-175,33,-123,0,-17.89
8950,20:27:14:847,3,Severe_Damage,L3_S2,-1774,1088,14764,-159,40,-123,0,-105.89
8951,20:27:14:857,3,Severe_Damage,L3_S2,-1784,1048,14820,-153,25,-114,0,-49.89
8952,20:27:14:867,3,Severe_Damage,L3_S2,-1812,1096,14876,-146,50,-116,0,6.11
8953,20:27:14:877,3,Severe_Damage,L3_S2,-1816,1118,14802,-143,35,-116,0,-67.89
8954,20:27:14:887,3,Severe_Damage,L3_S2,-1764,1082,14880,-139,29,-115,0,10.11
8955,20:27:14:897,3,Severe_Damage,L3_S2,-1792,1108,14896,-149,33,-115,0,26.11
8956,20:27:14:907,3,Severe_Damage,L3_S2,-1748,1120,14888,-165,19,-119,0,18.11
8957,20:27:14:917,3,Severe_Damage,L3_S2,-1780,1164,14888,-170,38,-123,0,18.11
8958,20:27:14:927,3,Severe_Damage,L3_S2,-1796,1128,14964,-188,18,-118,0,94.11
8959,20:27:14:937,3,Severe_Damage,L3_S2,-1750,1116,14936,-198,35,-129,0,66.11
8960,20:27:14:947,3,Severe_Damage,L3_S2,-1816,1080,14942,-212,26,-117,0,72.11
8961,20:27:14:957,3,Severe_Damage,L3_S2,-1770,1114,14912,-232,25,-130,0,42.11
8962,20:27:14:967,3,Severe_Damage,L3_S2,-1746,1138,14870,-229,32,-132,0,0.11
8963,20:27:14:977,3,Severe_Damage,L3_S2,-1748,1160,14902,-241,24,-134,0,32.11
8964,20:27:14:987,3,Severe_Damage,L3_S2,-1758,1150,14844,-233,33,-126,0,-25.89
8965,20:27:14:997,3,Severe_Damage,L3_S2,-1778,1096,14850,-237,24,-123,0,-19.89
8966,20:27:15:007,3,Severe_Damage,L3_S2,-1796,1128,14804,-220,35,-128,0,-65.89
8967,20:27:15:017,3,Severe_Damage,L3_S2,-1820,1136,14812,-205,29,-121,0,-57.89
8968,20:27:15:027,3,Severe_Damage,L3_S2,-1776,1084,14742,-193,32,-124,0,-127.89
8969,20:27:15:037,3,Severe_Damage,L3_S2,-1758,1096,14828,-181,28,-122,0,-41.89
8970,20:27:15:047,3,Severe_Damage,L3_S2,-1742,1088,14830,-168,16,-111,0,-39.89
8971,20:27:15:057,3,Severe_Damage,L3_S2,-1732,1172,14818,-156,37,-113,0,-51.89
8972,20:27:15:067,3,Severe_Damage,L3_S2,-1812,1136,14812,-140,27,-110,0,-57.89
8973,20:27:15:077,3,Severe_Damage,L3_S2,-1752,1126,14870,-146,28,-117,0,0.11
8974,20:27:15:087,3,Severe_Damage,L3_S2,-1740,1154,14918,-144,35,-116,0,48.11
8975,20:27:15:097,3,Severe_Damage,L3_S2,-1780,1144,14892,-156,20,-116,0,22.11
8976,20:27:15:107,3,Severe_Damage,L3_S2,-1780,1104,14914,-161,37,-124,0,44.11
8977,20:27:15:117,3,Severe_Damage,L3_S2,-1802,1102,14870,-176,26,-123,0,0.11
8978,20:27:15:127,3,Severe_Damage,L3_S2,-1756,1168,14888,-187,39,-121,0,18.11
8979,20:27:15:137,3,Severe_Damage,L3_S2,-1752,1106,14938,-205,35,-120,0,68.11
8980,20:27:15:147,3,Severe_Damage,L3_S2,-1770,1084,14910,-213,35,-122,0,40.11
8981,20:27:15:157,3,Severe_Damage,L3_S2,-1732,1062,14880,-224,36,-134,0,10.11
8982,20:27:15:167,3,Severe_Damage,L3_S2,-1812,1098,14892,-231,23,-128,0,22.11
8983,20:27:15:177,3,Severe_Damage,L3_S2,-1762,1104,14888,-234,34,-128,0,18.11
8984,20:27:15:187,3,Severe_Damage,L3_S2,-1768,1108,14756,-231,25,-123,0,-113.89
8985,20:27:15:197,3,Severe_Damage,L3_S2,-1776,1144,14848,-224,29,-125,0,-21.89
8986,20:27:15:207,3,Severe_Damage,L3_S2,-1734,1114,14904,-217,32,-128,0,34.11
8987,20:27:15:217,3,Severe_Damage,L3_S2,-1776,1078,14818,-205,24,-117,0,-51.89
8988,20:27:15:227,3,Severe_Damage,L3_S2,-1708,1116,14870,-198,37,-128,0,0.11
8989,20:27:15:237,3,Severe_Damage,L3_S2,-1780,1108,14880,-184,22,-115,0,10.11
8990,20:27:15:247,3,Severe_Damage,L3_S2,-1742,1132,14836,-175,36,-115,0,-33.89
8991,20:27:15:257,3,Severe_Damage,L3_S2,-1762,1112,14814,-157,35,-106,0,-55.89
8992,20:27:15:267,3,Severe_Damage,L3_S2,-1758,1142,14808,-152,30,-111,0,-61.89
8993,20:27:15:277,3,Severe_Damage,L3_S2,-1760,1122,14882,-146,26,-112,0,12.11
8994,20:27:15:287,3,Severe_Damage,L3_S2,-1784,1166,14916,-146,26,-115,0,46.11
8995,20:27:15:297,3,Severe_Damage,L3_S2,-1772,1132,14870,-160,36,-119,0,0.11
8996,20:27:15:307,3,Severe_Damage,L3_S2,-1764,1088,14884,-167,28,-115,0,14.11
8997,20:27:15:317,3,Severe_Damage,L3_S2,-1802,1104,14920,-173,31,-119,0,50.11
8998,20:27:15:327,3,Severe_Damage,L3_S2,-1736,1154,14868,-188,33,-123,0,-1.89
8999,20:27:15:337,3,Severe_Damage,L3_S2,-1752,1140,14920,-201,32,-121,0,50.11
9000,20:27:15:347,3,Severe_Damage,L3_S2,-1764,1132,14846,-216,37,-129,0,-23.89
9001,20:27:15:357,3,Severe_Damage,L3_S2,-1764,1092,14874,-221,30,-131,0,4.11
9002,20:27:15:367,3,Severe_Damage,L3_S2,-1782,1144,14784,-225,30,-129,0,-85.89
9003,20:27:15:377,3,Severe_Damage,L3_S2,-1750,1082,14894,-226,26,-127,0,24.11
9004,20:27:15:387,3,Severe_Damage,L3_S2,-1792,1114,14764,-233,24,-123,0,-105.89
9005,20:27:15:397,3,Severe_Damage,L3_S2,-1762,1120,14830,-229,35,-123,0,-39.89
9006,20:27:15:407,3,Severe_Damage,L3_S2,-1764,1112,14856,-219,23,-123,0,-13.89
9007,20:27:15:417,3,Severe_Damage,L3_S2,-1774,1136,14838,-212,27,-128,0,-31.89
9008,20:27:15:427,3,Severe_Damage,L3_S2,-1754,1078,14864,-197,27,-120,0,-5.89
9009,20:27:15:437,3,Severe_Damage,L3_S2,-1738,1114,14866,-181,30,-121,0,-3.89
9010,20:27:15:447,3,Severe_Damage,L3_S2,-1752,1162,14892,-170,29,-123,0,22.11
9011,20:27:15:457,3,Severe_Damage,L3_S2,-1776,1118,14906,-168,27,-119,0,36.11
9012,20:27:15:467,3,Severe_Damage,L3_S2,-1804,1068,14924,-155,33,-120,0,54.11
9013,20:27:15:477,3,Severe_Damage,L3_S2,-1820,1096,14888,-150,33,-111,0,18.11
9014,20:27:15:487,3,Severe_Damage,L3_S2,-1768,1132,14858,-156,23,-123,0,-11.89
9015,20:27:15:497,3,Severe_Damage,L3_S2,-1752,1090,14878,-164,24,-121,0,8.11
9016,20:27:15:507,3,Severe_Damage,L3_S2,-1772,1106,14898,-164,29,-119,0,28.11
9017,20:27:15:517,3,Severe_Damage,L3_S2,-1762,1144,14938,-176,30,-126,0,68.11
9018,20:27:15:527,3,Severe_Damage,L3_S2,-1816,1144,14944,-185,29,-126,0,74.11
9019,20:27:15:537,3,Severe_Damage,L3_S2,-1734,1122,14972,-201,29,-118,0,102.11
9020,20:27:15:547,3,Severe_Damage,L3_S2,-1760,1142,14942,-214,21,-122,0,72.11
9021,20:27:15:558,3,Severe_Damage,L3_S2,-1776,1112,14968,-223,27,-130,0,98.11
9022,20:27:15:567,3,Severe_Damage,L3_S2,-1784,1072,14810,-225,27,-127,0,-59.89
9023,20:27:15:577,3,Severe_Damage,L3_S2,-1776,1140,14858,-234,26,-125,0,-11.89
9024,20:27:15:587,3,Severe_Damage,L3_S2,-1792,1112,14884,-231,23,-129,0,14.11
9025,20:27:15:597,3,Severe_Damage,L3_S2,-1748,1114,14862,-220,31,-131,0,-7.89
9026,20:27:15:607,3,Severe_Damage,L3_S2,-1768,1080,14834,-208,28,-115,0,-35.89
9027,20:27:15:617,3,Severe_Damage,L3_S2,-1780,1048,14808,-193,33,-121,0,-61.89
9028,20:27:15:627,3,Severe_Damage,L3_S2,-1776,1086,14810,-179,31,-118,0,-59.89
9029,20:27:15:637,3,Severe_Damage,L3_S2,-1778,1138,14854,-173,36,-119,0,-15.89
9030,20:27:15:647,3,Severe_Damage,L3_S2,-1818,1096,14850,-166,32,-119,0,-19.89
9031,20:27:15:657,3,Severe_Damage,L3_S2,-1774,1074,14844,-163,26,-115,0,-25.89
9032,20:27:15:667,3,Severe_Damage,L3_S2,-1768,1142,14806,-159,30,-114,0,-63.89
9033,20:27:15:677,3,Severe_Damage,L3_S2,-1810,1114,14876,-155,28,-113,0,6.11
9034,20:27:15:687,3,Severe_Damage,L3_S2,-1752,1132,14882,-155,32,-113,0,12.11
9035,20:27:15:697,3,Severe_Damage,L3_S2,-1756,1096,14932,-163,31,-123,0,62.11
9036,20:27:15:707,3,Severe_Damage,L3_S2,-1778,1136,14912,-176,25,-130,0,42.11
9037,20:27:15:717,3,Severe_Damage,L3_S2,-1812,1090,14926,-189,28,-122,0,56.11
9038,20:27:15:727,3,Severe_Damage,L3_S2,-1780,1082,14864,-196,27,-117,0,-5.89
9039,20:27:15:737,3,Severe_Damage,L3_S2,-1758,1090,14902,-210,23,-122,0,32.11
9040,20:27:15:747,3,Severe_Damage,L3_S2,-1800,1134,14906,-212,29,-122,0,36.11
9041,20:27:15:757,3,Severe_Damage,L3_S2,-1758,1066,14794,-222,33,-126,0,-75.89
9042,20:27:15:767,3,Severe_Damage,L3_S2,-1740,1120,14840,-224,25,-121,0,-29.89
9043,20:27:15:777,3,Severe_Damage,L3_S2,-1742,1130,14864,-219,33,-131,0,-5.89
9044,20:27:15:787,3,Severe_Damage,L3_S2,-1778,1096,14844,-224,28,-134,0,-25.89
9045,20:27:15:797,3,Severe_Damage,L3_S2,-1800,1126,14850,-216,20,-120,0,-19.89
9046,20:27:15:807,3,Severe_Damage,L3_S2,-1762,1102,14866,-207,25,-123,0,-3.89
9047,20:27:15:817,3,Severe_Damage,L3_S2,-1772,1104,14798,-197,20,-128,0,-71.89
9048,20:27:15:827,3,Severe_Damage,L3_S2,-1782,1106,14806,-178,31,-114,0,-63.89
9049,20:27:15:838,3,Severe_Damage,L3_S2,-1752,1158,14816,-172,31,-117,0,-53.89
9050,20:27:15:847,3,Severe_Damage,L3_S2,-1810,1094,14846,-168,30,-117,0,-23.89
9051,20:27:15:858,3,Severe_Damage,L3_S2,-1764,1080,14916,-165,27,-117,0,46.11
9052,20:27:15:867,3,Severe_Damage,L3_S2,-1788,1094,14892,-164,31,-113,0,22.11
9053,20:27:15:877,3,Severe_Damage,L3_S2,-1780,1098,14878,-159,36,-109,0,8.11
9054,20:27:15:887,3,Severe_Damage,L3_S2,-1752,1116,14900,-165,36,-121,0,30.11
9055,20:27:15:897,3,Severe_Damage,L3_S2,-1818,1126,14866,-170,23,-121,0,-3.89
9056,20:27:15:907,3,Severe_Damage,L3_S2,-1770,1136,14886,-176,30,-123,0,16.11
9057,20:27:15:917,3,Severe_Damage,L3_S2,-1774,1084,14904,-181,27,-117,0,34.11
9058,20:27:15:927,3,Severe_Damage,L3_S2,-1832,1118,14962,-190,30,-120,0,92.11
9059,20:27:15:937,3,Severe_Damage,L3_S2,-1738,1136,14878,-201,29,-119,0,8.11
9060,20:27:15:947,3,Severe_Damage,L3_S2,-1792,1116,14912,-215,26,-126,0,42.11
9061,20:27:15:957,3,Severe_Damage,L3_S2,-1758,1092,14858,-219,26,-123,0,-11.89
9062,20:27:15:967,3,Severe_Damage,L3_S2,-1794,1126,14886,-221,26,-128,0,16.11
9063,20:27:15:978,3,Severe_Damage,L3_S2,-1792,1100,14874,-220,28,-120,0,4.11
9064,20:27:15:987,3,Severe_Damage,L3_S2,-1714,1082,14878,-221,37,-128,0,8.11
9065,20:27:15:997,3,Severe_Damage,L3_S2,-1790,1100,14822,-214,27,-122,0,-47.89
9066,20:27:16:007,3,Severe_Damage,L3_S2,-1756,1088,14888,-204,36,-122,0,18.11
9067,20:27:16:017,3,Severe_Damage,L3_S2,-1790,1112,14760,-198,32,-122,0,-109.89
9068,20:27:16:027,3,Severe_Damage,L3_S2,-1784,1102,14812,-186,24,-122,0,-57.89
9069,20:27:16:037,3,Severe_Damage,L3_S2,-1744,1044,14822,-176,30,-124,0,-47.89
9070,20:27:16:047,3,Severe_Damage,L3_S2,-1796,1114,14836,-165,31,-116,0,-33.89
9071,20:27:16:057,3,Severe_Damage,L3_S2,-1762,1108,14842,-166,24,-120,0,-27.89
9072,20:27:16:067,3,Severe_Damage,L3_S2,-1746,1156,14932,-163,26,-122,0,62.11
9073,20:27:16:077,3,Severe_Damage,L3_S2,-1792,1100,14950,-160,26,-120,0,80.11
9074,20:27:16:087,3,Severe_Damage,L3_S2,-1726,1094,14848,-163,29,-118,0,-21.89
9075,20:27:16:097,3,Severe_Damage,L3_S2,-1780,1134,14886,-170,31,-115,0,16.11
9076,20:27:16:110,3,Severe_Damage,L3_S2,-1764,1126,14876,-175,35,-111,0,6.11
9077,20:27:16:117,3,Severe_Damage,L3_S2,-1754,1098,14860,-184,34,-121,0,-9.89
9078,20:27:16:127,3,Severe_Damage,L3_S2,-1786,1136,14836,-190,24,-118,0,-33.89
9079,20:27:16:137,3,Severe_Damage,L3_S2,-1766,1108,14834,-206,26,-128,0,-35.89
9080,20:27:16:147,3,Severe_Damage,L3_S2,-1790,1102,14884,-211,30,-125,0,14.11
9081,20:27:16:157,3,Severe_Damage,L3_S2,-1814,1110,14864,-219,38,-126,0,-5.89
9082,20:27:16:167,3,Severe_Damage,L3_S2,-1796,1108,14888,-219,31,-129,0,18.11
9083,20:27:16:178,3,Severe_Damage,L3_S2,-1802,1108,14840,-220,30,-121,0,-29.89
9084,20:27:16:187,3,Severe_Damage,L3_S2,-1754,1094,14812,-215,31,-128,0,-57.89
9085,20:27:16:197,3,Severe_Damage,L3_S2,-1732,1076,14918,-212,27,-121,0,48.11
9086,20:27:16:208,3,Severe_Damage,L3_S2,-1800,1152,14882,-205,30,-119,0,12.11
9087,20:27:16:217,3,Severe_Damage,L3_S2,-1766,1090,14900,-197,31,-118,0,30.11
9088,20:27:16:228,3,Severe_Damage,L3_S2,-1782,1140,14846,-189,31,-118,0,-23.89
9089,20:27:16:238,3,Severe_Damage,L3_S2,-1778,1106,14820,-187,30,-112,0,-49.89
9090,20:27:16:247,3,Severe_Damage,L3_S2,-1756,1092,14882,-172,29,-121,0,12.11
9091,20:27:16:257,3,Severe_Damage,L3_S2,-1760,1096,14866,-166,31,-116,0,-3.89
9092,20:27:16:267,3,Severe_Damage,L3_S2,-1766,1074,14798,-160,29,-118,0,-71.89
9093,20:27:16:277,3,Severe_Damage,L3_S2,-1742,1076,14902,-164,35,-116,0,32.11
9094,20:27:16:287,3,Severe_Damage,L3_S2,-1784,1102,14810,-168,31,-118,0,-59.89
9095,20:27:16:297,3,Severe_Damage,L3_S2,-1798,1108,14904,-168,33,-125,0,34.11
9096,20:27:16:308,3,Severe_Damage,L3_S2,-1816,1124,14838,-179,26,-115,0,-31.89
9097,20:27:16:318,3,Severe_Damage,L3_S2,-1766,1146,14836,-186,32,-119,0,-33.89
9098,20:27:16:328,3,Severe_Damage,L3_S2,-1750,1110,14872,-189,25,-119,0,2.11
9099,20:27:16:338,3,Severe_Damage,L3_S2,-1812,1126,14882,-205,29,-122,0,12.11
9100,20:27:16:348,3,Severe_Damage,L3_S2,-1746,1132,14876,-216,30,-122,0,6.11
9101,20:27:16:358,3,Severe_Damage,L3_S2,-1758,1132,14930,-215,20,-123,0,60.11
9102,20:27:16:368,3,Severe_Damage,L3_S2,-1752,1096,14896,-220,29,-131,0,26.11
9103,20:27:16:378,3,Severe_Damage,L3_S2,-1772,1032,14862,-219,26,-130,0,-7.89
9104,20:27:16:388,3,Severe_Damage,L3_S2,-1780,1102,14834,-218,38,-132,0,-35.89
9105,20:27:16:398,3,Severe_Damage,L3_S2,-1778,1072,14888,-213,26,-128,0,18.11
9106,20:27:16:408,3,Severe_Damage,L3_S2,-1772,1072,14842,-208,26,-119,0,-27.89
9107,20:27:16:418,3,Severe_Damage,L3_S2,-1788,1138,14808,-194,36,-122,0,-61.89
9108,20:27:16:428,3,Severe_Damage,L3_S2,-1790,1106,14856,-186,27,-124,0,-13.89
9109,20:27:16:438,3,Severe_Damage,L3_S2,-1782,1072,14854,-183,29,-122,0,-15.89
9110,20:27:16:448,3,Severe_Damage,L3_S2,-1732,1082,14848,-175,30,-124,0,-21.89
9111,20:27:16:458,3,Severe_Damage,L3_S2,-1752,1148,14878,-175,34,-115,0,8.11
9112,20:27:16:468,3,Severe_Damage,L3_S2,-1764,1092,14868,-170,27,-123,0,-1.89
9113,20:27:16:478,3,Severe_Damage,L3_S2,-1806,1084,14794,-176,25,-132,0,-75.89
9114,20:27:16:488,3,Severe_Damage,L3_S2,-1764,1118,14864,-171,32,-114,0,-5.89
9115,20:27:16:498,3,Severe_Damage,L3_S2,-1790,1122,14908,-166,32,-118,0,38.11
9116,20:27:16:508,3,Severe_Damage,L3_S2,-1790,1102,14868,-180,37,-129,0,-1.89
9117,20:27:16:518,3,Severe_Damage,L3_S2,-1754,1114,14898,-185,29,-122,0,28.11
9118,20:27:16:528,3,Severe_Damage,L3_S2,-1788,1088,14892,-193,29,-122,0,22.11
9119,20:27:16:538,3,Severe_Damage,L3_S2,-1738,1108,14882,-198,33,-125,0,12.11
9120,20:27:16:548,3,Severe_Damage,L3_S2,-1754,1098,14802,-206,25,-119,0,-67.89
9121,20:27:16:558,3,Severe_Damage,L3_S2,-1784,1114,14854,-213,32,-125,0,-15.89
9122,20:27:16:568,3,Severe_Damage,L3_S2,-1746,1134,14886,-213,34,-126,0,16.11
9123,20:27:16:578,3,Severe_Damage,L3_S2,-1766,1068,14880,-216,32,-126,0,10.11
9124,20:27:16:588,3,Severe_Damage,L3_S2,-1798,1114,14874,-212,24,-123,0,4.11
9125,20:27:16:598,3,Severe_Damage,L3_S2,-1816,1124,14846,-209,22,-127,0,-23.89
9126,20:27:16:608,3,Severe_Damage,L3_S2,-1762,1112,14814,-208,28,-118,0,-55.89
9127,20:27:16:618,3,Severe_Damage,L3_S2,-1780,1126,14892,-194,31,-117,0,22.11
9128,20:27:16:628,3,Severe_Damage,L3_S2,-1752,1104,14856,-184,30,-120,0,-13.89
9129,20:27:16:638,3,Severe_Damage,L3_S2,-1714,1122,14796,-185,30,-121,0,-73.89
9130,20:27:16:648,3,Severe_Damage,L3_S2,-1802,1150,14838,-180,34,-112,0,-31.89
9131,20:27:16:658,3,Severe_Damage,L3_S2,-1746,1098,14896,-170,36,-123,0,26.11
9132,20:27:16:668,3,Severe_Damage,L3_S2,-1770,1126,14894,-164,31,-115,0,24.11
9133,20:27:16:678,3,Severe_Damage,L3_S2,-1754,1126,14854,-164,36,-120,0,-15.89
9134,20:27:16:688,3,Severe_Damage,L3_S2,-1798,1128,14916,-174,26,-106,0,46.11
9135,20:27:16:698,3,Severe_Damage,L3_S2,-1750,1152,14842,-172,28,-116,0,-27.89
9136,20:27:16:708,3,Severe_Damage,L3_S2,-1730,1086,14946,-180,22,-120,0,76.11
9137,20:27:16:718,3,Severe_Damage,L3_S2,-1796,1150,14858,-183,22,-114,0,-11.89
9138,20:27:16:728,3,Severe_Damage,L3_S2,-1760,1084,14886,-191,26,-125,0,16.11
9139,20:27:16:738,3,Severe_Damage,L3_S2,-1768,1124,14886,-193,27,-119,0,16.11
9140,20:27:16:748,3,Severe_Damage,L3_S2,-1776,1124,14852,-207,36,-124,0,-17.89
9141,20:27:16:758,3,Severe_Damage,L3_S2,-1768,1082,14830,-213,29,-129,0,-39.89
9142,20:27:16:768,3,Severe_Damage,L3_S2,-1798,1090,14888,-206,27,-129,0,18.11
9143,20:27:16:778,3,Severe_Damage,L3_S2,-1748,1132,14866,-214,27,-128,0,-3.89
9144,20:27:16:788,3,Severe_Damage,L3_S2,-1742,1098,14816,-208,28,-123,0,-53.89
9145,20:27:16:798,3,Severe_Damage,L3_S2,-1772,1114,14934,-207,34,-120,0,64.11
9146,20:27:16:808,3,Severe_Damage,L3_S2,-1756,1144,14874,-204,30,-124,0,4.11
9147,20:27:16:818,3,Severe_Damage,L3_S2,-1784,1088,14822,-194,28,-124,0,-47.89
9148,20:27:16:828,3,Severe_Damage,L3_S2,-1790,1108,14856,-187,24,-119,0,-13.89
9149,20:27:16:838,3,Severe_Damage,L3_S2,-1786,1138,14832,-185,28,-121,0,-37.89
9150,20:27:16:848,3,Severe_Damage,L3_S2,-1760,1122,14872,-181,29,-124,0,2.11
9151,20:27:16:858,3,Severe_Damage,L3_S2,-1748,1116,14872,-176,30,-120,0,2.11
9152,20:27:16:868,3,Severe_Damage,L3_S2,-1726,1106,14878,-169,34,-119,0,8.11
9153,20:27:16:878,3,Severe_Damage,L3_S2,-1768,1104,14858,-166,35,-107,0,-11.89
9154,20:27:16:888,3,Severe_Damage,L3_S2,-1742,1130,14878,-173,37,-122,0,8.11
9155,20:27:16:898,3,Severe_Damage,L3_S2,-1810,1088,14936,-172,25,-121,0,66.11
9156,20:27:16:908,3,Severe_Damage,L3_S2,-1816,1138,14894,-181,35,-116,0,24.11
9157,20:27:16:918,3,Severe_Damage,L3_S2,-1750,1092,14904,-186,27,-123,0,34.11
9158,20:27:16:928,3,Severe_Damage,L3_S2,-1770,1118,14882,-189,27,-119,0,12.11
9159,20:27:16:938,3,Severe_Damage,L3_S2,-1750,1126,14926,-194,28,-122,0,56.11
9160,20:27:16:948,3,Severe_Damage,L3_S2,-1766,1130,14862,-198,25,-118,0,-7.89
9161,20:27:16:958,3,Severe_Damage,L3_S2,-1792,1100,14868,-211,29,-121,0,-1.89
9162,20:27:16:968,3,Severe_Damage,L3_S2,-1722,1082,14856,-216,28,-125,0,-13.89
9163,20:27:16:978,3,Severe_Damage,L3_S2,-1782,1110,14786,-206,32,-124,0,-83.89
9164,20:27:16:988,3,Severe_Damage,L3_S2,-1822,1076,14842,-206,33,-125,0,-27.89
9165,20:27:16:998,3,Severe_Damage,L3_S2,-1764,1082,14874,-206,32,-131,0,4.11
9166,20:27:17:008,3,Severe_Damage,L3_S2,-1770,1144,14866,-203,29,-122,0,-3.89
9167,20:27:17:018,3,Severe_Damage,L3_S2,-1784,1148,14874,-193,34,-120,0,4.11
9168,20:27:17:028,3,Severe_Damage,L3_S2,-1794,1102,14890,-187,31,-119,0,20.11
9169,20:27:17:038,3,Severe_Damage,L3_S2,-1736,1088,14812,-180,28,-118,0,-57.89
9170,20:27:17:048,3,Severe_Damage,L3_S2,-1796,1096,14820,-182,33,-125,0,-49.89
9171,20:27:17:058,3,Severe_Damage,L3_S2,-1756,1158,14892,-171,37,-122,0,22.11
9172,20:27:17:068,3,Severe_Damage,L3_S2,-1778,1086,14858,-175,33,-125,0,-11.89
9173,20:27:17:078,3,Severe_Damage,L3_S2,-1774,1144,14906,-174,28,-124,0,36.11
9174,20:27:17:088,3,Severe_Damage,L3_S2,-1776,1102,14894,-170,26,-118,0,24.11
9175,20:27:17:098,3,Severe_Damage,L3_S2,-1750,1136,14928,-176,32,-118,0,58.11
9176,20:27:17:108,3,Severe_Damage,L3_S2,-1828,1112,14852,-176,25,-118,0,-17.89
9177,20:27:17:118,3,Severe_Damage,L3_S2,-1758,1058,14948,-186,29,-122,0,78.11
9178,20:27:17:128,3,Severe_Damage,L3_S2,-1728,1112,14942,-194,20,-124,0,72.11
9179,20:27:17:138,3,Severe_Damage,L3_S2,-1762,1090,14914,-191,32,-131,0,44.11
9180,20:27:17:148,3,Severe_Damage,L3_S2,-1754,1104,14904,-201,34,-131,0,34.11
9181,20:27:17:158,3,Severe_Damage,L3_S2,-1772,1110,14928,-209,30,-124,0,58.11
9182,20:27:17:168,3,Severe_Damage,L3_S2,-1724,1112,14898,-208,27,-125,0,28.11
9183,20:27:17:178,3,Severe_Damage,L3_S2,-1782,1122,14894,-211,22,-126,0,24.11
9184,20:27:17:188,3,Severe_Damage,L3_S2,-1782,1080,14860,-212,27,-122,0,-9.89
9185,20:27:17:198,3,Severe_Damage,L3_S2,-1734,1064,14796,-203,34,-128,0,-73.89
9186,20:27:17:208,3,Severe_Damage,L3_S2,-1748,1110,14822,-205,23,-118,0,-47.89
9187,20:27:17:218,3,Severe_Damage,L3_S2,-1748,1134,14862,-195,33,-121,0,-7.89
9188,20:27:17:228,3,Severe_Damage,L3_S2,-1768,1080,14774,-182,28,-121,0,-95.89
9189,20:27:17:238,3,Severe_Damage,L3_S2,-1776,1132,14848,-188,30,-120,0,-21.89
9190,20:27:17:248,3,Severe_Damage,L3_S2,-1748,1048,14818,-186,33,-122,0,-51.89
9191,20:27:17:258,3,Severe_Damage,L3_S2,-1714,1104,14914,-182,26,-118,0,44.11
9192,20:27:17:268,3,Severe_Damage,L3_S2,-1772,1072,14846,-173,34,-117,0,-23.89
9193,20:27:17:278,3,Severe_Damage,L3_S2,-1770,1086,14910,-177,30,-114,0,40.11
9194,20:27:17:288,3,Severe_Damage,L3_S2,-1784,1120,14910,-178,36,-109,0,40.11
9195,20:27:17:298,3,Severe_Damage,L3_S2,-1776,1114,14850,-177,32,-117,0,-19.89
9196,20:27:17:308,3,Severe_Damage,L3_S2,-1778,1120,14898,-182,32,-117,0,28.11
9197,20:27:17:318,3,Severe_Damage,L3_S2,-1774,1130,14900,-189,29,-124,0,30.11
9198,20:27:17:328,3,Severe_Damage,L3_S2,-1772,1122,14876,-190,27,-126,0,6.11
9199,20:27:17:338,3,Severe_Damage,L3_S2,-1744,1076,14896,-194,23,-125,0,26.11
9200,20:27:17:348,3,Severe_Damage,L3_S2,-1764,1110,14886,-201,32,-131,0,16.11
9201,20:27:17:358,3,Severe_Damage,L3_S2,-1772,1102,14904,-207,29,-125,0,34.11
9202,20:27:17:368,3,Severe_Damage,L3_S2,-1738,1118,14884,-208,31,-123,0,14.11
9203,20:27:17:378,3,Severe_Damage,L3_S2,-1772,1154,14828,-210,27,-125,0,-41.89
9204,20:27:17:388,3,Severe_Damage,L3_S2,-1772,1150,14850,-207,27,-125,0,-19.89
9205,20:27:17:398,3,Severe_Damage,L3_S2,-1756,1094,14872,-204,27,-120,0,2.11
9206,20:27:17:408,3,Severe_Damage,L3_S2,-1766,1110,14852,-202,29,-123,0,-17.89
9207,20:27:17:418,3,Severe_Damage,L3_S2,-1802,1094,14792,-196,29,-122,0,-77.89
9208,20:27:17:428,3,Severe_Damage,L3_S2,-1758,1086,14952,-187,37,-123,0,82.11
9209,20:27:17:438,3,Severe_Damage,L3_S2,-1778,1132,14834,-178,31,-121,0,-35.89
9210,20:27:17:448,3,Severe_Damage,L3_S2,-1736,1152,14872,-184,33,-124,0,2.11
9211,20:27:17:458,3,Severe_Damage,L3_S2,-1734,1106,14850,-176,35,-123,0,-19.89
9212,20:27:17:468,3,Severe_Damage,L3_S2,-1792,1130,14892,-182,26,-116,0,22.11
9213,20:27:17:478,3,Severe_Damage,L3_S2,-1790,1076,14854,-181,31,-117,0,-15.89
9214,20:27:17:488,3,Severe_Damage,L3_S2,-1752,1094,14878,-176,26,-114,0,8.11
9215,20:27:17:498,3,Severe_Damage,L3_S2,-1794,1104,14906,-178,35,-121,0,36.11
9216,20:27:17:508,3,Severe_Damage,L3_S2,-1748,1102,14854,-184,28,-128,0,-15.89
9217,20:27:17:518,3,Severe_Damage,L3_S2,-1766,1042,14948,-190,35,-119,0,78.11
9218,20:27:17:528,3,Severe_Damage,L3_S2,-1796,1106,14928,-189,30,-122,0,58.11
9219,20:27:17:538,3,Severe_Damage,L3_S2,-1732,1120,14892,-190,23,-120,0,22.11
9220,20:27:17:548,3,Severe_Damage,L3_S2,-1766,1100,14848,-198,33,-118,0,-21.89
9221,20:27:17:558,3,Severe_Damage,L3_S2,-1776,1124,14846,-202,27,-119,0,-23.89
9222,20:27:17:568,3,Severe_Damage,L3_S2,-1766,1130,14902,-209,25,-126,0,32.11
9223,20:27:17:578,3,Severe_Damage,L3_S2,-1778,1114,14894,-206,35,-130,0,24.11
9224,20:27:17:588,3,Severe_Damage,L3_S2,-1756,1088,14844,-207,29,-124,0,-25.89
9225,20:27:17:598,3,Severe_Damage,L3_S2,-1790,1122,14826,-203,39,-125,0,-43.89
9226,20:27:17:608,3,Severe_Damage,L3_S2,-1778,1090,14882,-203,36,-124,0,12.11
9227,20:27:17:618,3,Severe_Damage,L3_S2,-1778,1136,14870,-198,26,-124,0,0.11
9228,20:27:17:628,3,Severe_Damage,L3_S2,-1802,1104,14882,-192,23,-119,0,12.11
9229,20:27:17:638,3,Severe_Damage,L3_S2,-1760,1184,14878,-190,29,-125,0,8.11
9230,20:27:17:648,3,Severe_Damage,L3_S2,-1762,1104,14904,-184,29,-121,0,34.11
9231,20:27:17:658,3,Severe_Damage,L3_S2,-1816,1078,14876,-180,33,-121,0,6.11
9232,20:27:17:668,3,Severe_Damage,L3_S2,-1752,1106,14848,-179,27,-119,0,-21.89
9233,20:27:17:678,3,Severe_Damage,L3_S2,-1788,1058,14900,-174,23,-120,0,30.11
9234,20:27:17:688,3,Severe_Damage,L3_S2,-1774,1102,14826,-176,28,-123,0,-43.89
9235,20:27:17:698,3,Severe_Damage,L3_S2,-1764,1100,14810,-186,28,-128,0,-59.89
9236,20:27:17:708,3,Severe_Damage,L3_S2,-1780,1098,14874,-185,32,-129,0,4.11
9237,20:27:17:718,3,Severe_Damage,L3_S2,-1742,1142,14868,-187,22,-126,0,-1.89
9238,20:27:17:728,3,Severe_Damage,L3_S2,-1796,1138,14954,-196,27,-123,0,84.11
9239,20:27:17:738,3,Severe_Damage,L3_S2,-1760,1132,14898,-195,32,-126,0,28.11
9240,20:27:17:748,3,Severe_Damage,L3_S2,-1770,1088,14858,-202,29,-127,0,-11.89
9241,20:27:17:758,3,Severe_Damage,L3_S2,-1796,1020,14874,-201,29,-124,0,4.11
9242,20:27:17:768,3,Severe_Damage,L3_S2,-1730,1132,14816,-205,35,-129,0,-53.89
9243,20:27:17:778,3,Severe_Damage,L3_S2,-1780,1098,14854,-206,22,-127,0,-15.89
9244,20:27:17:788,3,Severe_Damage,L3_S2,-1786,1074,14846,-206,28,-124,0,-23.89
9245,20:27:17:798,3,Severe_Damage,L3_S2,-1774,1130,14866,-203,22,-124,0,-3.89
9246,20:27:17:808,3,Severe_Damage,L3_S2,-1758,1150,14818,-200,19,-122,0,-51.89
9247,20:27:17:818,3,Severe_Damage,L3_S2,-1758,1078,14880,-198,27,-115,0,10.11
9248,20:27:17:828,3,Severe_Damage,L3_S2,-1846,1132,14868,-195,37,-115,0,-1.89
9249,20:27:17:838,3,Severe_Damage,L3_S2,-1724,1130,14846,-186,28,-118,0,-23.89
9250,20:27:17:848,3,Severe_Damage,L3_S2,-1800,1126,14832,-181,32,-124,0,-37.89
9251,20:27:17:858,3,Severe_Damage,L3_S2,-1736,1078,14920,-182,35,-117,0,50.11
9252,20:27:17:868,3,Severe_Damage,L3_S2,-1728,1112,14794,-178,26,-121,0,-75.89
9253,20:27:17:878,3,Severe_Damage,L3_S2,-1790,1128,14848,-176,37,-122,0,-21.89
9254,20:27:17:888,3,Severe_Damage,L3_S2,-1736,1096,14874,-177,36,-124,0,4.11
9255,20:27:17:898,3,Severe_Damage,L3_S2,-1786,1086,14848,-182,27,-116,0,-21.89
9256,20:27:17:908,3,Severe_Damage,L3_S2,-1772,1124,14898,-183,33,-118,0,28.11
9257,20:27:17:918,3,Severe_Damage,L3_S2,-1778,1098,14852,-187,33,-126,0,-17.89
9258,20:27:17:928,3,Severe_Damage,L3_S2,-1766,1106,14932,-193,34,-126,0,62.11
9259,20:27:17:938,3,Severe_Damage,L3_S2,-1784,1098,14882,-192,32,-123,0,12.11
9260,20:27:17:948,3,Severe_Damage,L3_S2,-1790,1100,14906,-202,29,-123,0,36.11
9261,20:27:17:958,3,Severe_Damage,L3_S2,-1772,1152,14866,-201,28,-119,0,-3.89
9262,20:27:17:968,3,Severe_Damage,L3_S2,-1738,1086,14872,-207,26,-124,0,2.11
9263,20:27:17:978,3,Severe_Damage,L3_S2,-1750,1092,14840,-212,30,-120,0,-29.89
9264,20:27:17:988,3,Severe_Damage,L3_S2,-1754,1054,14886,-211,28,-124,0,16.11
9265,20:27:17:998,3,Severe_Damage,L3_S2,-1716,1110,14824,-207,35,-125,0,-45.89
9266,20:27:18:008,3,Severe_Damage,L3_S2,-1792,1102,14854,-203,30,-125,0,-15.89
9267,20:27:18:018,3,Severe_Damage,L3_S2,-1802,1118,14794,-196,33,-119,0,-75.89
9268,20:27:18:028,3,Severe_Damage,L3_S2,-1780,1138,14794,-197,22,-118,0,-75.89
9269,20:27:18:038,3,Severe_Damage,L3_S2,-1760,1092,14888,-190,27,-122,0,18.11
9270,20:27:18:048,3,Severe_Damage,L3_S2,-1782,1114,14820,-180,27,-122,0,-49.89
9271,20:27:18:058,3,Severe_Damage,L3_S2,-1762,1140,14720,-144,28,-117,0,-149.89
9272,20:27:18:068,3,Severe_Damage,L3_S2,-1802,1084,14804,-149,48,-111,0,-65.89
9273,20:27:18:078,3,Severe_Damage,L3_S2,-1780,1154,14814,-86,23,-101,0,-55.89
9274,20:27:18:088,3,Severe_Damage,L3_S2,-1790,1100,14960,-114,37,-110,0,90.11
9275,20:27:18:098,3,Severe_Damage,L3_S2,-1886,1130,14918,-82,36,-100,0,48.11
9276,20:27:18:108,3,Severe_Damage,L3_S2,-1774,1112,14974,-120,17,-103,0,104.11
9277,20:27:18:118,3,Severe_Damage,L3_S2,-1784,1122,14912,-138,47,-113,0,42.11
9278,20:27:18:128,3,Severe_Damage,L3_S2,-1830,1148,14950,-171,27,-118,0,80.11
9279,20:27:18:138,3,Severe_Damage,L3_S2,-1704,1150,14992,-210,22,-131,0,122.11
9280,20:27:18:148,3,Severe_Damage,L3_S2,-1766,1138,14982,-240,22,-124,0,112.11
9281,20:27:18:158,3,Severe_Damage,L3_S2,-1656,1096,14940,-281,18,-132,0,70.11
9282,20:27:18:168,3,Severe_Damage,L3_S2,-1846,1084,14734,-284,96,-136,0,-135.89
9283,20:27:18:178,3,Severe_Damage,L3_S2,-1660,1080,14742,-263,6,-137,0,-127.89
9284,20:27:18:188,3,Severe_Damage,L3_S2,-1784,1114,14764,-209,6,-125,0,-105.89
9285,20:27:18:199,3,Severe_Damage,L3_S2,-1802,1122,14796,-186,41,-122,0,-73.89
9286,20:27:18:209,3,Severe_Damage,L3_S2,-15716,-6556,-32768,1825,-387,-78,1,-47637.89
9287,20:27:18:219,3,Severe_Damage,L3_S2,-19684,-9406,32767,10349,435,1625,1,17897.11
9288,20:27:18:229,3,Severe_Damage,L3_S2,-3076,13494,9750,15521,649,2038,1,-5119.89
9289,20:27:18:238,3,Severe_Damage,L3_S2,-552,-4834,32767,7131,-932,1229,1,17897.11
9290,20:27:18:249,3,Severe_Damage,L3_S2,-9270,11540,17020,14505,2269,2386,1,2150.11
9291,20:27:18:259,3,Severe_Damage,L3_S2,3104,-5000,32767,-3280,-1955,-658,1,17897.11
9292,20:27:18:269,3,Severe_Damage,L3_S2,-7622,12786,16056,6929,1165,1271,1,1186.11
9293,20:27:18:279,3,Severe_Damage,L3_S2,1422,-5628,32767,-11395,-668,-2247,1,17897.11
9294,20:27:18:289,3,Severe_Damage,L3_S2,-9588,11442,13348,-3573,1316,-328,1,-1521.89
9295,20:27:18:299,3,Severe_Damage,L3_S2,2116,-1990,27604,-16387,-2346,-2841,1,12734.11
9296,20:27:18:309,3,Severe_Damage,L3_S2,-6136,4770,14102,-11697,2236,-1994,1,-767.89
9297,20:27:18:319,3,Severe_Damage,L3_S2,3492,1240,12268,-16934,-3461,-2598,0,-2601.89
9298,20:27:18:329,3,Severe_Damage,L3_S2,-3376,-406,11268,-14183,2617,-2541,1,-3601.89
9299,20:27:18:339,3,Severe_Damage,L3_S2,-388,1146,3514,-12850,-2653,-1922,1,-11355.89
9300,20:27:18:349,3,Severe_Damage,L3_S2,734,-2716,4936,-10389,1170,-1971,1,-9933.89
9301,20:27:18:358,3,Severe_Damage,L3_S2,640,384,426,-5187,-1246,-795,1,-14443.89
9302,20:27:18:368,3,Severe_Damage,L3_S2,-184,-3288,3184,-2451,704,-529,1,-11685.89
9303,20:27:18:378,3,Severe_Damage,L3_S2,-236,362,1472,3889,-74,457,1,-13397.89
9304,20:27:18:388,3,Severe_Damage,L3_S2,308,-1858,6056,6328,-97,912,1,-8813.89
9305,20:27:18:398,3,Severe_Damage,L3_S2,-798,1234,7210,11282,981,1545,1,-7659.89
9306,20:27:18:409,3,Severe_Damage,L3_S2,-1932,320,12080,12428,-162,1992,1,-2789.89
9307,20:27:18:418,3,Severe_Damage,L3_S2,-908,2422,15150,14592,791,2076,1,280.11
9308,20:27:18:429,3,Severe_Damage,L3_S2,-3556,2354,19526,13645,555,2079,1,4656.11
9309,20:27:18:439,3,Severe_Damage,L3_S2,-2618,3400,22490,12657,-107,1939,1,7620.11
9310,20:27:18:449,3,Severe_Damage,L3_S2,-2708,3662,25432,9769,1082,1303,0,10562.11
9311,20:27:18:459,3,Severe_Damage,L3_S2,-3812,3816,26744,6190,-469,1041,1,11874.11
9312,20:27:18:468,3,Severe_Damage,L3_S2,-3564,4086,27372,2242,570,175,1,12502.11
9313,20:27:18:479,3,Severe_Damage,L3_S2,-4108,3802,26712,-2294,222,-439,1,11842.11
9314,20:27:18:489,3,Severe_Damage,L3_S2,-2954,3602,24508,-6171,-766,-998,1,9638.11
9315,20:27:18:499,3,Severe_Damage,L3_S2,-2648,3076,22240,-9664,549,-1754,1,7370.11
9316,20:27:18:509,3,Severe_Damage,L3_S2,-2890,2576,18462,-12380,-835,-1924,1,3592.11
9317,20:27:18:519,3,Severe_Damage,L3_S2,-1392,1698,15184,-13629,-240,-2292,1,314.11
9318,20:27:18:529,3,Severe_Damage,L3_S2,-1188,920,11404,-13877,-352,-2282,1,-3465.89
9319,20:27:18:539,3,Severe_Damage,L3_S2,-1468,264,7816,-12732,-554,-2011,1,-7053.89
9320,20:27:18:549,3,Severe_Damage,L3_S2,928,-670,5584,-10484,-277,-1847,1,-9285.89
9321,20:27:18:559,3,Severe_Damage,L3_S2,-1240,-990,3396,-7285,-349,-1109,1,-11473.89
9322,20:27:18:568,3,Severe_Damage,L3_S2,1094,-1328,3012,-3410,18,-738,1,-11857.89
9323,20:27:18:578,3,Severe_Damage,L3_S2,-488,-1230,3214,640,-135,80,1,-11655.89
9324,20:27:18:588,3,Severe_Damage,L3_S2,-156,-706,4772,4659,347,591,1,-10097.89
9325,20:27:18:598,3,Severe_Damage,L3_S2,-194,-222,7204,8176,166,1169,0,-7665.89
9326,20:27:18:609,3,Severe_Damage,L3_S2,-1630,660,10128,10815,365,1644,0,-4741.89
9327,20:27:18:619,3,Severe_Damage,L3_S2,-1002,1394,13918,12492,559,1789,0,-951.89
9328,20:27:18:629,3,Severe_Damage,L3_S2,-2680,2056,17236,12899,198,2012,0,2366.11
9329,20:27:18:639,3,Severe_Damage,L3_S2,-2230,2764,20732,12129,599,1740,1,5862.11
9330,20:27:18:649,3,Severe_Damage,L3_S2,-3242,3194,23200,10206,292,1546,0,8330.11
9331,20:27:18:659,3,Severe_Damage,L3_S2,-3490,3554,25048,7338,234,1076,0,10178.11
9332,20:27:18:669,3,Severe_Damage,L3_S2,-3180,3616,26190,3815,436,452,0,11320.11
9333,20:27:18:678,3,Severe_Damage,L3_S2,-3876,3638,25806,-83,-135,-35,0,10936.11
9334,20:27:18:689,3,Severe_Damage,L3_S2,-3076,3454,24982,-3910,160,-759,1,10112.11
9335,20:27:18:699,3,Severe_Damage,L3_S2,-3074,3174,22570,-7319,-74,-1242,0,7700.11
9336,20:27:18:709,3,Severe_Damage,L3_S2,-2746,2490,19844,-10184,-354,-1675,0,4974.11
9337,20:27:18:719,3,Severe_Damage,L3_S2,-1742,2088,16742,-11908,-172,-2015,1,1872.11
9338,20:27:18:729,3,Severe_Damage,L3_S2,-1998,1252,13158,-12660,-516,-2029,0,-1711.89
9339,20:27:18:739,3,Severe_Damage,L3_S2,-728,628,10128,-12179,-353,-2052,0,-4741.89
9340,20:27:18:749,3,Severe_Damage,L3_S2,-742,-146,7324,-10674,-443,-1731,1,-7545.89
9341,20:27:18:759,3,Severe_Damage,L3_S2,-336,-668,5288,-8099,-226,-1361,1,-9581.89
9342,20:27:18:768,3,Severe_Damage,L3_S2,148,-948,4136,-4896,-242,-865,1,-10733.89
9343,20:27:18:778,3,Severe_Damage,L3_S2,-456,-974,3968,-1234,-48,-255,0,-10901.89
9344,20:27:18:788,3,Severe_Damage,L3_S2,-54,-858,5034,2451,146,245,0,-9835.89
9345,20:27:18:798,3,Severe_Damage,L3_S2,-578,-392,6734,5905,15,876,0,-8135.89
9346,20:27:18:808,3,Severe_Damage,L3_S2,-818,262,9410,8721,451,1233,1,-5459.89
9347,20:27:18:819,3,Severe_Damage,L3_S2,-1504,1008,12292,10686,216,1617,0,-2577.89
9348,20:27:18:829,3,Severe_Damage,L3_S2,-1800,1712,15566,11607,420,1714,0,696.11
9349,20:27:18:839,3,Severe_Damage,L3_S2,-2222,2238,18678,11456,444,1704,0,3808.11
9350,20:27:18:849,3,Severe_Damage,L3_S2,-2938,2766,21312,10177,274,1539,0,6442.11
9351,20:27:18:859,3,Severe_Damage,L3_S2,-2922,3186,23566,7988,512,1132,0,8696.11
9352,20:27:18:869,3,Severe_Damage,L3_S2,-3462,3240,24694,5031,124,737,1,9824.11
9353,20:27:18:879,3,Severe_Damage,L3_S2,-3214,3400,25162,1655,223,143,0,10292.11
9354,20:27:18:889,3,Severe_Damage,L3_S2,-3302,3286,24544,-1884,174,-399,1,9674.11
9355,20:27:18:899,3,Severe_Damage,L3_S2,-3210,3028,22926,-5210,-128,-885,0,8056.11
9356,20:27:18:909,3,Severe_Damage,L3_S2,-2468,2680,20658,-8032,33,-1401,0,5788.11
9357,20:27:18:919,3,Severe_Damage,L3_S2,-2536,2136,17844,-10156,-364,-1667,1,2974.11
9358,20:27:18:929,3,Severe_Damage,L3_S2,-1714,1598,14920,-11248,-285,-1882,0,50.11
9359,20:27:18:939,3,Severe_Damage,L3_S2,-1268,864,11874,-11376,-343,-1890,1,-2995.89
9360,20:27:18:949,3,Severe_Damage,L3_S2,-1050,194,9274,-10462,-431,-1711,1,-5595.89
9361,20:27:18:959,3,Severe_Damage,L3_S2,-306,-198,6968,-8533,-248,-1458,0,-7901.89
9362,20:27:18:969,3,Severe_Damage,L3_S2,-554,-668,5534,-5938,-310,-985,0,-9335.89
9363,20:27:18:979,3,Severe_Damage,L3_S2,-46,-852,5104,-2755,-73,-541,1,-9765.89
9364,20:27:18:988,3,Severe_Damage,L3_S2,-406,-750,5428,570,-95,20,0,-9441.89
9365,20:27:18:998,3,Severe_Damage,L3_S2,-464,-430,6660,3870,173,492,1,-8209.89
9366,20:27:19:008,3,Severe_Damage,L3_S2,-780,10,8678,6688,179,960,1,-6191.89
9367,20:27:19:019,3,Severe_Damage,L3_S2,-1228,694,11136,8883,254,1308,1,-3733.89
9368,20:27:19:029,3,Severe_Damage,L3_S2,-1488,1320,14164,10180,422,1478,0,-705.89
9369,20:27:19:039,3,Severe_Damage,L3_S2,-2284,1894,16842,10511,288,1584,0,1972.11
9370,20:27:19:049,3,Severe_Damage,L3_S2,-2356,2402,19668,9851,420,1436,0,4798.11
9371,20:27:19:059,3,Severe_Damage,L3_S2,-2890,2820,21810,8252,306,1222,0,6940.11
9372,20:27:19:068,3,Severe_Damage,L3_S2,-3094,3028,23440,5874,257,831,0,8570.11
9373,20:27:19:078,3,Severe_Damage,L3_S2,-3088,3158,24156,3000,324,349,0,9286.11
9374,20:27:19:088,3,Severe_Damage,L3_S2,-3278,3170,23862,-206,26,-101,0,8992.11
9375,20:27:19:099,3,Severe_Damage,L3_S2,-2978,2988,22956,-3304,129,-636,0,8086.11
9376,20:27:19:109,3,Severe_Damage,L3_S2,-2736,2700,21120,-6114,-82,-1051,0,6250.11
9377,20:27:19:119,3,Severe_Damage,L3_S2,-2480,2230,18876,-8378,-206,-1406,0,4006.11
9378,20:27:19:129,3,Severe_Damage,L3_S2,-1858,1810,16208,-9793,-214,-1652,0,1338.11
9379,20:27:19:139,3,Severe_Damage,L3_S2,-1706,1134,13474,-10377,-359,-1695,0,-1395.89
9380,20:27:19:149,3,Severe_Damage,L3_S2,-1142,594,10864,-9940,-297,-1662,0,-4005.89
9381,20:27:19:159,3,Severe_Damage,L3_S2,-850,-34,8654,-8696,-378,-1435,0,-6215.89
9382,20:27:19:169,3,Severe_Damage,L3_S2,-620,-370,6974,-6554,-230,-1117,1,-7895.89
9383,20:27:19:179,3,Severe_Damage,L3_S2,-234,-682,6142,-3948,-179,-708,1,-8727.89
9384,20:27:19:188,3,Severe_Damage,L3_S2,-494,-620,6028,-937,-75,-221,0,-8841.89
9385,20:27:19:198,3,Severe_Damage,L3_S2,-352,-510,6818,2055,59,216,0,-8051.89
9386,20:27:19:208,3,Severe_Damage,L3_S2,-898,-128,8274,4870,129,682,0,-6595.89
9387,20:27:19:218,3,Severe_Damage,L3_S2,-952,434,10362,7148,250,1013,0,-4507.89
9388,20:27:19:229,3,Severe_Damage,L3_S2,-1554,922,12864,8712,265,1287,0,-2005.89
9389,20:27:19:239,3,Severe_Damage,L3_S2,-1832,1516,15486,9445,327,1388,0,616.11
9390,20:27:19:249,3,Severe_Damage,L3_S2,-2222,2028,18046,9265,340,1354,0,3176.11
9391,20:27:19:259,3,Severe_Damage,L3_S2,-2692,2432,20244,8213,282,1213,0,5374.11
9392,20:27:19:269,3,Severe_Damage,L3_S2,-2792,2736,21976,6392,352,894,0,7106.11
9393,20:27:19:279,3,Severe_Damage,L3_S2,-3114,2900,22950,3958,196,545,0,8080.11
9394,20:27:19:289,3,Severe_Damage,L3_S2,-3028,2980,23236,1178,167,85,0,8366.11
9395,20:27:19:299,3,Severe_Damage,L3_S2,-2936,2880,22684,-1691,85,-365,0,7814.11
9396,20:27:19:309,3,Severe_Damage,L3_S2,-2928,2626,21384,-4402,-54,-778,0,6514.11
9397,20:27:19:319,3,Severe_Damage,L3_S2,-2422,2356,19434,-6666,-59,-1158,0,4564.11
9398,20:27:19:329,3,Severe_Damage,L3_S2,-2258,1858,17260,-8392,-246,-1406,0,2390.11
9399,20:27:19:339,3,Severe_Damage,L3_S2,-1734,1406,14814,-9226,-267,-1556,0,-55.89
9400,20:27:19:349,3,Severe_Damage,L3_S2,-1344,826,12362,-9294,-279,-1553,1,-2507.89
9401,20:27:19:359,3,Severe_Damage,L3_S2,-1090,356,10116,-8471,-331,-1412,0,-4753.89
9402,20:27:19:369,3,Severe_Damage,L3_S2,-642,-174,8452,-6925,-245,-1192,0,-6417.89
9403,20:27:19:379,3,Severe_Damage,L3_S2,-762,-366,7186,-4711,-171,-813,1,-7683.89
9404,20:27:19:389,3,Severe_Damage,L3_S2,-406,-538,6822,-2154,-84,-441,0,-8047.89
9405,20:27:19:398,3,Severe_Damage,L3_S2,-606,-418,7128,604,8,13,0,-7741.89
9406,20:27:19:408,3,Severe_Damage,L3_S2,-684,-152,8188,3221,104,408,0,-6681.89
9407,20:27:19:419,3,Severe_Damage,L3_S2,-968,248,9894,5549,190,775,0,-4975.89
9408,20:27:19:429,3,Severe_Damage,L3_S2,-1408,692,12022,7276,244,1051,0,-2847.89
9409,20:27:19:439,3,Severe_Damage,L3_S2,-1506,1236,14352,8298,294,1196,0,-517.89
9410,20:27:19:449,3,Severe_Damage,L3_S2,-2148,1694,16754,8505,323,1246,0,1884.11
9411,20:27:19:459,3,Severe_Damage,L3_S2,-2316,2132,18910,7941,307,1146,0,4040.11
9412,20:27:19:469,3,Severe_Damage,L3_S2,-2678,2412,20656,6578,273,941,0,5786.11
9413,20:27:19:479,3,Severe_Damage,L3_S2,-2906,2690,21842,4631,212,637,0,6972.11
9414,20:27:19:489,3,Severe_Damage,L3_S2,-2854,2744,22474,2224,176,248,0,7604.11
9415,20:27:19:499,3,Severe_Damage,L3_S2,-2986,2756,22172,-346,66,-143,0,7302.11
9416,20:27:19:509,3,Severe_Damage,L3_S2,-2758,2566,21416,-2911,28,-560,0,6546.11
9417,20:27:19:519,3,Severe_Damage,L3_S2,-2594,2378,19868,-5132,-63,-897,0,4998.11
9418,20:27:19:529,3,Severe_Damage,L3_S2,-2296,2010,17932,-6951,-173,-1180,0,3062.11
9419,20:27:19:539,3,Severe_Damage,L3_S2,-1910,1504,15948,-8136,-218,-1378,1,1078.11
9420,20:27:19:549,3,Severe_Damage,L3_S2,-1594,1134,13506,-8449,-287,-1412,0,-1363.89
9421,20:27:19:559,3,Severe_Damage,L3_S2,-1236,544,11540,-8116,-228,-1370,0,-3329.89
9422,20:27:19:569,3,Severe_Damage,L3_S2,-1034,168,9654,-6976,-272,-1175,0,-5215.89
9423,20:27:19:579,3,Severe_Damage,L3_S2,-686,-176,8426,-5264,-186,-919,1,-6443.89
9424,20:27:19:589,3,Severe_Damage,L3_S2,-704,-312,7746,-3030,-80,-575,0,-7123.89
9425,20:27:19:599,3,Severe_Damage,L3_S2,-620,-326,7756,-612,-47,-186,0,-7113.89
9426,20:27:19:609,3,Severe_Damage,L3_S2,-692,-176,8362,1844,109,190,0,-6507.89
9427,20:27:19:619,3,Severe_Damage,L3_S2,-1030,106,9650,4070,124,544,0,-5219.89
9428,20:27:19:629,3,Severe_Damage,L3_S2,-1124,530,11476,5937,235,834,0,-3393.89
9429,20:27:19:639,3,Severe_Damage,L3_S2,-1612,966,13412,7144,270,1035,0,-1457.89
9430,20:27:19:649,3,Severe_Damage,L3_S2,-1796,1458,15548,7677,250,1109,0,678.11
9431,20:27:19:659,3,Severe_Damage,L3_S2,-2246,1856,17664,7466,329,1077,0,2794.11
9432,20:27:19:669,3,Severe_Damage,L3_S2,-2506,2222,19414,6566,217,943,0,4544.11
9433,20:27:19:679,3,Severe_Damage,L3_S2,-2654,2412,20808,5009,231,697,0,5938.11
9434,20:27:19:689,3,Severe_Damage,L3_S2,-2878,2584,21492,3021,166,389,0,6622.11
9435,20:27:19:698,3,Severe_Damage,L3_S2,-2828,2600,21794,705,63,22,0,6924.11
9436,20:27:19:709,3,Severe_Damage,L3_S2,-2766,2522,21234,-1624,38,-357,0,6364.11
9437,20:27:19:719,3,Severe_Damage,L3_S2,-2606,2302,20078,-3816,-84,-692,0,5208.11
9438,20:27:19:729,3,Severe_Damage,L3_S2,-2368,2050,18526,-5626,-85,-984,0,3656.11
9439,20:27:19:739,3,Severe_Damage,L3_S2,-2074,1708,16638,-6970,-192,-1185,0,1768.11
9440,20:27:19:749,3,Severe_Damage,L3_S2,-1764,1250,14628,-7648,-234,-1294,0,-241.89
9441,20:27:19:759,3,Severe_Damage,L3_S2,-1472,874,12590,-7558,-190,-1274,0,-2279.89
9442,20:27:19:769,3,Severe_Damage,L3_S2,-1136,406,10812,-6868,-255,-1164,0,-4057.89
9443,20:27:19:779,3,Severe_Damage,L3_S2,-918,74,9490,-5534,-168,-962,0,-5379.89
9444,20:27:19:789,3,Severe_Damage,L3_S2,-852,-160,8632,-3697,-104,-672,0,-6237.89
9445,20:27:19:799,3,Severe_Damage,L3_S2,-700,-190,8316,-1551,-26,-341,0,-6553.89
9446,20:27:19:808,3,Severe_Damage,L3_S2,-826,-148,8612,690,58,14,0,-6257.89
9447,20:27:19:818,3,Severe_Damage,L3_S2,-952,36,9544,2806,122,345,0,-5325.89
9448,20:27:19:829,3,Severe_Damage,L3_S2,-1098,408,10954,4665,177,630,0,-3915.89
9449,20:27:19:839,3,Severe_Damage,L3_S2,-1492,820,12676,6054,255,860,0,-2193.89
9450,20:27:19:849,3,Severe_Damage,L3_S2,-1654,1196,14698,6791,248,965,0,-171.89
9451,20:27:19:859,3,Severe_Damage,L3_S2,-2064,1638,16524,6909,252,994,0,1654.11
9452,20:27:19:869,3,Severe_Damage,L3_S2,-2240,1924,18372,6338,272,903,0,3502.11
9453,20:27:19:879,3,Severe_Damage,L3_S2,-2534,2258,19750,5233,195,736,0,4880.11
9454,20:27:19:889,3,Severe_Damage,L3_S2,-2674,2344,20746,3511,140,463,0,5876.11
9455,20:27:19:899,3,Severe_Damage,L3_S2,-2732,2464,21076,1570,91,156,0,6206.11
9456,20:27:19:909,3,Severe_Damage,L3_S2,-2696,2430,20906,-591,12,-183,0,6036.11
9457,20:27:19:919,3,Severe_Damage,L3_S2,-2568,2296,20090,-2627,-27,-506,0,5220.11
9458,20:27:19:929,3,Severe_Damage,L3_S2,-2434,2054,18836,-4456,-89,-796,0,3966.11
9459,20:27:19:939,3,Severe_Damage,L3_S2,-2188,1810,17210,-5851,-140,-1016,0,2340.11
9460,20:27:19:949,3,Severe_Damage,L3_S2,-1806,1404,15424,-6768,-192,-1167,0,554.11
9461,20:27:19:959,3,Severe_Damage,L3_S2,-1570,996,13600,-6974,-199,-1192,0,-1269.89
9462,20:27:19:969,3,Severe_Damage,L3_S2,-1326,600,11896,-6568,-174,-1130,0,-2973.89
9463,20:27:19:979,3,Severe_Damage,L3_S2,-1124,258,10428,-5594,-174,-969,0,-4441.89
9464,20:27:19:989,3,Severe_Damage,L3_S2,-934,0,9490,-4119,-108,-741,0,-5379.89
9465,20:27:19:999,3,Severe_Damage,L3_S2,-854,-64,8934,-2268,-37,-449,0,-5935.89
9466,20:27:20:009,3,Severe_Damage,L3_S2,-852,-82,9042,-256,20,-134,0,-5827.89
9467,20:27:20:019,3,Severe_Damage,L3_S2,-1008,78,9624,1738,95,173,0,-5245.89
9468,20:27:20:029,3,Severe_Damage,L3_S2,-1166,332,10728,3533,147,460,0,-4141.89
9469,20:27:20:039,3,Severe_Damage,L3_S2,-1450,660,12214,4995,212,689,0,-2655.89
9470,20:27:20:049,3,Severe_Damage,L3_S2,-1680,1020,13864,5941,224,840,0,-1005.89
9471,20:27:20:059,3,Severe_Damage,L3_S2,-1854,1372,15726,6249,212,889,0,856.11
9472,20:27:20:069,3,Severe_Damage,L3_S2,-2208,1706,17436,6016,240,856,0,2566.11
9473,20:27:20:079,3,Severe_Damage,L3_S2,-2328,1976,18748,5196,190,722,0,3878.11
9474,20:27:20:089,3,Severe_Damage,L3_S2,-2468,2226,19870,3863,136,520,0,5000.11
9475,20:27:20:099,3,Severe_Damage,L3_S2,-2652,2322,20424,2164,115,248,0,5554.11
9476,20:27:20:109,3,Severe_Damage,L3_S2,-2610,2284,20492,263,47,-54,0,5622.11
9477,20:27:20:119,3,Severe_Damage,L3_S2,-2622,2262,19934,-1653,-6,-352,0,5064.11
9478,20:27:20:129,3,Severe_Damage,L3_S2,-2332,2048,19000,-3410,-66,-628,0,4130.11
9479,20:27:20:139,3,Severe_Damage,L3_S2,-2216,1848,17626,-4856,-90,-856,1,2756.11
9480,20:27:20:149,3,Severe_Damage,L3_S2,-1974,1530,16066,-5852,-148,-1012,0,1196.11
9481,20:27:20:159,3,Severe_Damage,L3_S2,-1640,1048,14470,-6366,-169,-1101,0,-399.89
9482,20:27:20:169,3,Severe_Damage,L3_S2,-1516,858,12678,-6158,-145,-1057,0,-2191.89
9483,20:27:20:179,3,Severe_Damage,L3_S2,-1178,390,11396,-5534,-168,-958,0,-3473.89
9484,20:27:20:189,3,Severe_Damage,L3_S2,-1056,250,10266,-4329,-118,-775,0,-4603.89
9485,20:27:20:199,3,Severe_Damage,L3_S2,-928,8,9760,-2807,-56,-530,0,-5109.89
9486,20:27:20:208,3,Severe_Damage,L3_S2,-904,8,9484,-985,1,-250,0,-5385.89
9487,20:27:20:218,3,Severe_Damage,L3_S2,-970,110,9802,823,56,33,0,-5067.89
9488,20:27:20:229,3,Severe_Damage,L3_S2,-1132,294,10740,2551,121,305,0,-4129.89
9489,20:27:20:239,3,Severe_Damage,L3_S2,-1318,516,11880,4011,159,539,0,-2989.89
9490,20:27:20:249,3,Severe_Damage,L3_S2,-1498,914,13328,5070,213,701,0,-1541.89
9491,20:27:20:259,3,Severe_Damage,L3_S2,-1766,1210,14974,5585,187,790,0,104.11
9492,20:27:20:269,3,Severe_Damage,L3_S2,-2056,1512,16582,5589,215,780,0,1712.11
9493,20:27:20:279,3,Severe_Damage,L3_S2,-2278,1832,17888,5054,203,699,0,3018.11
9494,20:27:20:289,3,Severe_Damage,L3_S2,-2380,2014,19050,4024,145,540,0,4180.11
9495,20:27:20:299,3,Severe_Damage,L3_S2,-2544,2186,19792,2599,121,309,0,4922.11
9496,20:27:20:309,3,Severe_Damage,L3_S2,-2562,2182,19988,929,56,56,0,5118.11
9497,20:27:20:319,3,Severe_Damage,L3_S2,-2502,2188,19748,-819,25,-229,0,4878.11
9498,20:27:20:329,3,Severe_Damage,L3_S2,-2410,2036,19058,-2483,-43,-483,0,4188.11
9499,20:27:20:339,3,Severe_Damage,L3_S2,-2242,1838,17924,-3915,-66,-706,1,3054.11
9500,20:27:20:349,3,Severe_Damage,L3_S2,-1970,1570,16544,-5001,-103,-876,0,1674.11
9501,20:27:20:359,3,Severe_Damage,L3_S2,-1796,1278,15018,-5652,-133,-977,0,148.11
9502,20:27:20:369,3,Severe_Damage,L3_S2,-1488,946,13572,-5747,-165,-991,0,-1297.89
9503,20:27:20:379,3,Severe_Damage,L3_S2,-1402,610,12154,-5289,-102,-921,0,-2715.89
9504,20:27:20:389,3,Severe_Damage,L3_S2,-1130,344,11042,-4419,-144,-785,0,-3827.89
9505,20:27:20:399,3,Severe_Damage,L3_S2,-1018,164,10358,-3150,-66,-586,0,-4511.89
9506,20:27:20:409,3,Severe_Damage,L3_S2,-1100,150,9986,-1587,-2,-338,0,-4883.89
9507,20:27:20:418,3,Severe_Damage,L3_S2,-962,132,10188,73,11,-91,0,-4681.89
9508,20:27:20:429,3,Severe_Damage,L3_S2,-1190,282,10754,1700,113,167,0,-4115.89
9509,20:27:20:439,3,Severe_Damage,L3_S2,-1292,476,11766,3109,114,396,0,-3103.89
9510,20:27:20:449,3,Severe_Damage,L3_S2,-1450,754,12968,4240,170,574,0,-1901.89
9511,20:27:20:459,3,Severe_Damage,L3_S2,-1718,1136,14344,4899,198,680,0,-525.89
9512,20:27:20:469,3,Severe_Damage,L3_S2,-1846,1370,15856,5087,159,706,0,986.11
9513,20:27:20:479,3,Severe_Damage,L3_S2,-2218,1648,17164,4793,220,657,0,2294.11
9514,20:27:20:489,3,Severe_Damage,L3_S2,-2270,1870,18218,4036,128,539,0,3348.11
9515,20:27:20:499,3,Severe_Damage,L3_S2,-2442,1978,19070,2854,122,357,0,4200.11
9516,20:27:20:509,3,Severe_Damage,L3_S2,-2448,2136,19476,1442,75,139,0,4606.11
9517,20:27:20:519,3,Severe_Damage,L3_S2,-2464,2038,19456,-146,29,-118,0,4586.11
9518,20:27:20:529,3,Severe_Damage,L3_S2,-2380,2006,18884,-1689,0,-361,0,4014.11
9519,20:27:20:539,3,Severe_Damage,L3_S2,-2288,1816,17970,-3097,-46,-579,0,3100.11
9520,20:27:20:549,3,Severe_Damage,L3_S2,-1868,1370,15508,-4944,-108,-869,0,638.11
9521,20:27:20:559,3,Severe_Damage,L3_S2,-1684,1004,14272,-5256,-134,-924,0,-597.89
9522,20:27:20:569,3,Severe_Damage,L3_S2,-1486,836,12856,-4977,-108,-879,0,-2013.89
9523,20:27:20:579,3,Severe_Damage,L3_S2,-1246,524,11816,-4379,-101,-783,0,-3053.89
9524,20:27:20:589,3,Severe_Damage,L3_S2,-1160,360,10964,-3317,-85,-607,1,-3905.89
9525,20:27:20:599,3,Severe_Damage,L3_S2,-1104,196,10548,-2024,-22,-410,0,-4321.89
9526,20:27:20:609,3,Severe_Damage,L3_S2,-1162,206,10504,-513,22,-176,0,-4365.89
9527,20:27:20:619,3,Severe_Damage,L3_S2,-1126,302,10894,952,53,59,0,-3975.89
9528,20:27:20:629,3,Severe_Damage,L3_S2,-1248,484,11650,2332,118,277,0,-3219.89
9529,20:27:20:639,3,Severe_Damage,L3_S2,-1394,702,12716,3447,118,446,0,-2153.89
9530,20:27:20:649,3,Severe_Damage,L3_S2,-1662,964,13972,4217,174,569,0,-897.89
9531,20:27:20:659,3,Severe_Damage,L3_S2,-1864,1296,15184,4596,196,633,1,314.11
9532,20:27:20:669,3,Severe_Damage,L3_S2,-1946,1472,16548,4420,126,603,0,1678.11
9533,20:27:20:679,3,Severe_Damage,L3_S2,-2228,1740,17598,3939,200,525,0,2728.11
9534,20:27:20:689,3,Severe_Damage,L3_S2,-2276,1864,18460,2981,85,375,0,3590.11
9535,20:27:20:699,3,Severe_Damage,L3_S2,-2478,2026,18936,1792,104,196,0,4066.11
9536,20:27:20:709,3,Severe_Damage,L3_S2,-2376,1990,19070,385,35,-27,0,4200.11
9537,20:27:20:719,3,Severe_Damage,L3_S2,-2394,1920,18740,-1028,12,-250,0,3870.11
9538,20:27:20:729,3,Severe_Damage,L3_S2,-2210,1810,18076,-2360,-29,-464,0,3206.11
9539,20:27:20:739,3,Severe_Damage,L3_S2,-2066,1628,17080,-3469,-64,-641,0,2210.11
9540,20:27:20:749,3,Severe_Damage,L3_S2,-1914,1392,15880,-4269,-96,-764,0,1010.11
9541,20:27:20:759,3,Severe_Damage,L3_S2,-1754,1146,14720,-4697,-95,-831,0,-149.89
9542,20:27:20:769,3,Severe_Damage,L3_S2,-1490,862,13544,-4670,-136,-827,0,-1325.89
9543,20:27:20:779,3,Severe_Damage,L3_S2,-1468,674,12412,-4201,-62,-759,0,-2457.89
9544,20:27:20:789,3,Severe_Damage,L3_S2,-1268,470,11570,-3404,-92,-631,0,-3299.89
9545,20:27:20:799,3,Severe_Damage,L3_S2,-1184,270,11130,-2307,-46,-458,0,-3739.89
9546,20:27:20:809,3,Severe_Damage,L3_S2,-1162,338,10830,-981,24,-248,0,-4039.89
9547,20:27:20:819,3,Severe_Damage,L3_S2,-1152,362,11152,359,46,-36,0,-3717.89
9548,20:27:20:829,3,Severe_Damage,L3_S2,-1252,500,11698,1665,89,167,0,-3171.89
9549,20:27:20:839,3,Severe_Damage,L3_S2,-1428,644,12544,2757,126,340,0,-2325.89
9550,20:27:20:849,3,Severe_Damage,L3_S2,-1602,884,13612,3576,124,472,0,-1257.89
9551,20:27:20:859,3,Severe_Damage,L3_S2,-1770,1080,14838,4011,164,540,0,-31.89
9552,20:27:20:869,3,Severe_Damage,L3_S2,-1982,1438,15890,4125,185,550,0,1020.11
9553,20:27:20:879,3,Severe_Damage,L3_S2,-2044,1558,17040,3689,105,482,0,2170.11
9554,20:27:20:889,3,Severe_Damage,L3_S2,-2280,1754,17834,3027,167,389,0,2964.11
9555,20:27:20:899,3,Severe_Damage,L3_S2,-2242,1856,18404,1995,68,226,0,3534.11
9556,20:27:20:909,3,Severe_Damage,L3_S2,-2374,1928,18604,809,86,42,0,3734.11
9557,20:27:20:919,3,Severe_Damage,L3_S2,-2310,1888,18430,-507,17,-168,0,3560.11
9558,20:27:20:929,3,Severe_Damage,L3_S2,-2294,1764,17972,-1742,-14,-365,0,3102.11
9559,20:27:20:939,3,Severe_Damage,L3_S2,-2182,1660,17228,-2820,-32,-538,0,2358.11
9560,20:27:20:949,3,Severe_Damage,L3_S2,-1896,1434,16264,-3664,-72,-672,0,1394.11
9561,20:27:20:959,3,Severe_Damage,L3_S2,-1880,1262,15040,-4141,-62,-742,0,170.11
9562,20:27:20:969,3,Severe_Damage,L3_S2,-1580,902,14088,-4316,-122,-772,0,-781.89
9563,20:27:20:979,3,Severe_Damage,L3_S2,-1496,792,12954,-3959,-69,-711,0,-1915.89
9564,20:27:20:989,3,Severe_Damage,L3_S2,-1308,524,12196,-3406,-71,-635,0,-2673.89
9565,20:27:20:999,3,Severe_Damage,L3_S2,-1274,448,11596,-2445,-58,-481,0,-3273.89
9566,20:27:21:009,3,Severe_Damage,L3_S2,-1228,346,11380,-1355,-4,-308,0,-3489.89
9567,20:27:21:019,3,Severe_Damage,L3_S2,-1284,420,11378,-93,48,-105,0,-3491.89
9568,20:27:21:029,3,Severe_Damage,L3_S2,-1290,474,11860,1067,46,75,0,-3009.89
9569,20:27:21:039,3,Severe_Damage,L3_S2,-1454,656,12440,2157,119,241,0,-2429.89
9570,20:27:21:049,3,Severe_Damage,L3_S2,-1516,824,13392,2985,97,378,0,-1477.89
9571,20:27:21:059,3,Severe_Damage,L3_S2,-1710,1078,14378,3509,136,456,0,-491.89
9572,20:27:21:069,3,Severe_Damage,L3_S2,-1878,1270,15458,3694,153,484,0,588.11
9573,20:27:21:079,3,Severe_Damage,L3_S2,-2046,1490,16504,3511,142,464,0,1634.11
9574,20:27:21:089,3,Severe_Damage,L3_S2,-2094,1660,17316,2941,105,378,0,2446.11
9575,20:27:21:099,3,Severe_Damage,L3_S2,-2264,1724,17924,2115,106,241,0,3054.11
9576,20:27:21:109,3,Severe_Damage,L3_S2,-2294,1856,18226,1103,58,83,0,3356.11
9577,20:27:21:119,3,Severe_Damage,L3_S2,-2280,1822,18302,-82,26,-101,0,3432.11
9578,20:27:21:129,3,Severe_Damage,L3_S2,-2234,1808,17880,-1193,17,-282,0,3010.11
9579,20:27:21:139,3,Severe_Damage,L3_S2,-2148,1570,17326,-2275,-49,-449,0,2456.11
9580,20:27:21:149,3,Severe_Damage,L3_S2,-2006,1536,16332,-3062,-28,-577,0,1462.11
9581,20:27:21:159,3,Severe_Damage,L3_S2,-1858,1280,15490,-3661,-75,-669,0,620.11
9582,20:27:21:169,3,Severe_Damage,L3_S2,-1810,1160,14394,-3858,-59,-700,0,-475.89
9583,20:27:21:179,3,Severe_Damage,L3_S2,-1458,772,13592,-3799,-117,-690,0,-1277.89
9584,20:27:21:189,3,Severe_Damage,L3_S2,-1478,720,12562,-3247,-31,-592,0,-2307.89
9585,20:27:21:199,3,Severe_Damage,L3_S2,-1302,506,12078,-2553,-43,-489,0,-2791.89
9586,20:27:21:209,3,Severe_Damage,L3_S2,-1296,458,11660,-1569,-43,-329,0,-3209.89
9587,20:27:21:219,3,Severe_Damage,L3_S2,-1278,462,11722,-500,43,-174,0,-3147.89
9588,20:27:21:229,3,Severe_Damage,L3_S2,-1304,478,11916,616,39,4,0,-2953.89
9589,20:27:21:239,3,Severe_Damage,L3_S2,-1386,632,12432,1609,85,161,0,-2437.89
9590,20:27:21:249,3,Severe_Damage,L3_S2,-1482,792,13282,2455,116,285,0,-1587.89
9591,20:27:21:259,3,Severe_Damage,L3_S2,-1646,972,14150,3015,108,379,0,-719.89
9592,20:27:21:270,3,Severe_Damage,L3_S2,-1770,1172,15214,3278,136,422,0,344.11
9593,20:27:21:279,3,Severe_Damage,L3_S2,-1964,1460,16006,3252,148,421,0,1136.11
9594,20:27:21:289,3,Severe_Damage,L3_S2,-2074,1486,16914,2823,95,356,0,2044.11
9595,20:27:21:299,3,Severe_Damage,L3_S2,-2140,1764,17342,2181,101,255,0,2472.11
9596,20:27:21:309,3,Severe_Damage,L3_S2,-2222,1660,17854,1251,58,104,0,2984.11
9597,20:27:21:319,3,Severe_Damage,L3_S2,-2278,1846,17774,303,50,-47,0,2904.11
9598,20:27:21:329,3,Severe_Damage,L3_S2,-2140,1706,17760,-809,4,-230,0,2890.11
9599,20:27:21:339,3,Severe_Damage,L3_S2,-2190,1610,17216,-1731,-1,-367,0,2346.11
9600,20:27:21:350,3,Severe_Damage,L3_S2,-1998,1498,16556,-2598,-47,-508,0,1686.11
9601,20:27:21:360,3,Severe_Damage,L3_S2,-1912,1326,15736,-3155,-30,-587,0,866.11
9602,20:27:21:370,3,Severe_Damage,L3_S2,-1752,1134,14750,-3475,-69,-633,0,-119.89
9603,20:27:21:379,3,Severe_Damage,L3_S2,-1690,942,13884,-3461,-54,-635,0,-985.89
9604,20:27:21:389,3,Severe_Damage,L3_S2,-1518,746,13186,-3171,-100,-581,0,-1683.89
9605,20:27:21:399,3,Severe_Damage,L3_S2,-1416,664,12460,-2519,7,-486,0,-2409.89
9606,20:27:21:410,3,Severe_Damage,L3_S2,-1294,590,12046,-1735,-40,-360,0,-2823.89
9607,20:27:21:419,3,Severe_Damage,L3_S2,-1300,470,11972,-799,16,-221,0,-2897.89
9608,20:27:21:429,3,Severe_Damage,L3_S2,-1312,534,12048,226,56,-59,0,-2821.89
9609,20:27:21:439,3,Severe_Damage,L3_S2,-1422,598,12512,1144,46,89,0,-2357.89
9610,20:27:21:449,3,Severe_Damage,L3_S2,-1572,796,13160,1972,111,217,0,-1709.89
9611,20:27:21:459,3,Severe_Damage,L3_S2,-1618,936,13958,2554,89,309,0,-911.89
9612,20:27:21:469,3,Severe_Damage,L3_S2,-1798,1112,14766,2904,132,362,0,-103.89
9613,20:27:21:479,3,Severe_Damage,L3_S2,-1912,1274,15694,2919,110,373,0,824.11
9614,20:27:21:489,3,Severe_Damage,L3_S2,-2026,1494,16294,2716,130,333,0,1424.11
9615,20:27:21:499,3,Severe_Damage,L3_S2,-2028,1572,17146,2111,61,236,0,2276.11
9616,20:27:21:509,3,Severe_Damage,L3_S2,-2216,1706,17440,1419,105,125,0,2570.11
9617,20:27:21:519,3,Severe_Damage,L3_S2,-2132,1686,17668,499,39,-16,0,2798.11
9618,20:27:21:529,3,Severe_Damage,L3_S2,-2264,1664,17464,-412,30,-151,0,2594.11
9619,20:27:21:539,3,Severe_Damage,L3_S2,-2080,1586,17130,-1341,-3,-304,0,2260.11
9620,20:27:21:550,3,Severe_Damage,L3_S2,-1992,1458,16566,-2138,-29,-415,0,1696.11
9621,20:27:21:560,3,Severe_Damage,L3_S2,-1940,1354,15864,-2722,-38,-518,0,994.11
9622,20:27:21:570,3,Severe_Damage,L3_S2,-1772,1132,15044,-3096,-46,-581,0,174.11
9623,20:27:21:580,3,Severe_Damage,L3_S2,-1680,1018,14162,-3144,-60,-584,0,-707.89
9624,20:27:21:590,3,Severe_Damage,L3_S2,-1494,812,13450,-2987,-58,-556,0,-1419.89
9625,20:27:21:599,3,Severe_Damage,L3_S2,-1498,746,12894,-2491,-64,-482,0,-1975.89
9626,20:27:21:609,3,Severe_Damage,L3_S2,-1406,610,12440,-1814,19,-387,0,-2429.89
9627,20:27:21:620,3,Severe_Damage,L3_S2,-1306,572,12194,-983,-30,-248,0,-2675.89
9628,20:27:21:629,3,Severe_Damage,L3_S2,-1402,564,12292,-117,56,-112,0,-2577.89
9629,20:27:21:639,3,Severe_Damage,L3_S2,-1410,660,12612,779,60,26,0,-2257.89
9630,20:27:21:649,3,Severe_Damage,L3_S2,-1516,756,13098,1543,74,152,0,-1771.89
9631,20:27:21:659,3,Severe_Damage,L3_S2,-1578,926,13818,2150,107,238,0,-1051.89
9632,20:27:21:669,3,Severe_Damage,L3_S2,-1732,1038,14618,2526,97,304,0,-251.89
9633,20:27:21:679,3,Severe_Damage,L3_S2,-1842,1208,15370,2636,114,319,0,500.11
9634,20:27:21:689,3,Severe_Damage,L3_S2,-1928,1402,16152,2474,103,294,0,1282.11
9635,20:27:21:699,3,Severe_Damage,L3_S2,-2046,1576,16656,2108,116,245,0,1786.11
9636,20:27:21:709,3,Severe_Damage,L3_S2,-2084,1600,17154,1434,53,133,0,2284.11
9637,20:27:21:719,3,Severe_Damage,L3_S2,-2222,1626,17256,691,62,26,0,2386.11
9638,20:27:21:730,3,Severe_Damage,L3_S2,-2182,1588,17306,-163,31,-117,0,2436.11
9639,20:27:21:739,3,Severe_Damage,L3_S2,-2076,1614,16966,-972,-2,-244,0,2096.11
9640,20:27:21:750,3,Severe_Damage,L3_S2,-2060,1476,16524,-1749,-13,-367,0,1654.11
9641,20:27:21:760,3,Severe_Damage,L3_S2,-1898,1370,15900,-2326,-31,-457,0,1030.11
9642,20:27:21:770,3,Severe_Damage,L3_S2,-1848,1240,15266,-2737,-37,-519,0,396.11
9643,20:27:21:780,3,Severe_Damage,L3_S2,-1688,1092,14446,-2863,-42,-543,0,-423.89
9644,20:27:21:790,3,Severe_Damage,L3_S2,-1664,904,13834,-2756,-35,-524,0,-1035.89
9645,20:27:21:800,3,Severe_Damage,L3_S2,-1576,796,13116,-2407,-35,-477,0,-1753.89
9646,20:27:21:810,3,Severe_Damage,L3_S2,-1416,554,12876,-1885,-45,-384,0,-1993.89
9647,20:27:21:820,3,Severe_Damage,L3_S2,-1452,646,12536,-1096,62,-263,0,-2333.89
9648,20:27:21:830,3,Severe_Damage,L3_S2,-1332,566,12566,-368,-23,-152,0,-2303.89
9649,20:27:21:839,3,Severe_Damage,L3_S2,-1514,686,12728,473,83,-19,0,-2141.89
9650,20:27:21:849,3,Severe_Damage,L3_S2,-1448,752,13262,1174,62,89,0,-1607.89
9651,20:27:21:859,3,Severe_Damage,L3_S2,-1596,924,13660,1785,73,191,0,-1209.89
9652,20:27:21:870,3,Severe_Damage,L3_S2,-1706,1022,14408,2164,108,246,0,-461.89
9653,20:27:21:880,3,Severe_Damage,L3_S2,-1786,1168,15104,2346,91,272,0,234.11
9654,20:27:21:890,3,Severe_Damage,L3_S2,-1922,1278,15852,2264,106,262,0,982.11
9655,20:27:21:899,3,Severe_Damage,L3_S2,-1954,1400,16368,1966,92,212,0,1498.11
9656,20:27:21:909,3,Severe_Damage,L3_S2,-2132,1554,16716,1503,89,143,0,1846.11
9657,20:27:21:919,3,Severe_Damage,L3_S2,-2020,1476,17100,775,27,23,0,2230.11
9658,20:27:21:929,3,Severe_Damage,L3_S2,-2152,1620,17040,72,66,-82,0,2170.11
9659,20:27:21:939,3,Severe_Damage,L3_S2,-2070,1572,16958,-708,-8,-208,0,2088.11
9660,20:27:21:949,3,Severe_Damage,L3_S2,-1968,1448,16558,-1394,6,-319,0,1688.11
9661,20:27:21:960,3,Severe_Damage,L3_S2,-1986,1376,15974,-1984,-29,-410,0,1104.11
9662,20:27:21:970,3,Severe_Damage,L3_S2,-1796,1230,15402,-2393,-31,-469,0,532.11
9663,20:27:21:980,3,Severe_Damage,L3_S2,-1722,1104,14646,-2579,-41,-500,0,-223.89
9664,20:27:21:990,3,Severe_Damage,L3_S2,-1658,962,14048,-2544,-34,-489,0,-821.89
9665,20:27:22:000,3,Severe_Damage,L3_S2,-1530,866,13516,-2271,-33,-449,0,-1353.89
9666,20:27:22:010,3,Severe_Damage,L3_S2,-1496,722,13048,-1852,-33,-377,0,-1821.89
9667,20:27:22:019,3,Severe_Damage,L3_S2,-1442,660,12868,-1240,3,-284,0,-2001.89
9668,20:27:22:029,3,Severe_Damage,L3_S2,-1464,702,12770,-505,46,-170,0,-2099.89
9669,20:27:22:039,3,Severe_Damage,L3_S2,-1436,716,12876,182,11,-73,0,-1993.89
9670,20:27:22:049,3,Severe_Damage,L3_S2,-1536,768,13230,880,89,51,0,-1639.89
9671,20:27:22:059,3,Severe_Damage,L3_S2,-1610,842,13758,1438,50,133,0,-1111.89
9672,20:27:22:069,3,Severe_Damage,L3_S2,-1722,940,14300,1849,88,196,0,-569.89
9673,20:27:22:080,3,Severe_Damage,L3_S2,-1824,1114,14930,2054,106,231,0,60.11
9674,20:27:22:090,3,Severe_Damage,L3_S2,-1826,1246,15538,2049,77,226,0,668.11
9675,20:27:22:100,3,Severe_Damage,L3_S2,-1970,1368,16150,1828,104,192,0,1280.11
9676,20:27:22:109,3,Severe_Damage,L3_S2,-2046,1500,16422,1449,82,132,0,1552.11
9677,20:27:22:119,3,Severe_Damage,L3_S2,-2092,1454,16796,856,38,38,0,1926.11
9678,20:27:22:129,3,Severe_Damage,L3_S2,-2110,1552,16870,228,47,-58,0,2000.11
9679,20:27:22:140,3,Severe_Damage,L3_S2,-2038,1536,16756,-483,10,-170,0,1886.11
9680,20:27:22:150,3,Severe_Damage,L3_S2,-2066,1480,16430,-1096,11,-262,0,1560.11
9681,20:27:22:160,3,Severe_Damage,L3_S2,-1902,1386,16036,-1677,-14,-354,0,1166.11
9682,20:27:22:170,3,Severe_Damage,L3_S2,-1916,1290,15490,-2060,-17,-408,0,620.11
9683,20:27:22:180,3,Severe_Damage,L3_S2,-1744,1094,14886,-2308,-23,-453,0,16.11
9684,20:27:22:190,3,Severe_Damage,L3_S2,-1620,1028,14314,-2321,-37,-453,0,-555.89
9685,20:27:22:200,3,Severe_Damage,L3_S2,-1610,952,13746,-2144,-15,-428,0,-1123.89
9686,20:27:22:210,3,Severe_Damage,L3_S2,-1468,810,13368,-1772,-32,-370,0,-1501.89
9687,20:27:22:219,3,Severe_Damage,L3_S2,-1536,772,13022,-1271,8,-291,0,-1847.89
9688,20:27:22:230,3,Severe_Damage,L3_S2,-1418,672,13024,-686,-11,-203,0,-1845.89
9689,20:27:22:239,3,Severe_Damage,L3_S2,-1528,780,13010,19,75,-93,0,-1859.89
9690,20:27:22:249,3,Severe_Damage,L3_S2,-1520,788,13310,590,11,2,0,-1559.89
9691,20:27:22:259,3,Severe_Damage,L3_S2,-1626,856,13748,1157,101,89,0,-1121.89
9692,20:27:22:269,3,Severe_Damage,L3_S2,-1688,950,14258,1538,64,148,0,-611.89
9693,20:27:22:280,3,Severe_Damage,L3_S2,-1766,1108,14778,1788,82,191,0,-91.89
9694,20:27:22:290,3,Severe_Damage,L3_S2,-1846,1254,15334,1825,103,192,0,464.11
9695,20:27:22:300,3,Severe_Damage,L3_S2,-1874,1310,15830,1681,66,171,0,960.11
9696,20:27:22:310,3,Severe_Damage,L3_S2,-1984,1348,16296,1354,93,117,0,1426.11
9697,20:27:22:319,3,Severe_Damage,L3_S2,-2016,1560,16438,922,62,56,0,1568.11
9698,20:27:22:329,3,Severe_Damage,L3_S2,-2062,1450,16710,298,22,-48,0,1840.11
9699,20:27:22:340,3,Severe_Damage,L3_S2,-2094,1480,16612,-273,51,-139,0,1742.11
9700,20:27:22:350,3,Severe_Damage,L3_S2,-1902,1462,16328,-890,-23,-232,0,1458.11
9701,20:27:22:360,3,Severe_Damage,L3_S2,-1980,1376,15980,-1390,11,-310,0,1110.11
9702,20:27:22:370,3,Severe_Damage,L3_S2,-1890,1300,15528,-1799,-21,-377,0,658.11
9703,20:27:22:380,3,Severe_Damage,L3_S2,-1814,1174,15036,-2055,-17,-409,0,166.11
9704,20:27:22:390,3,Severe_Damage,L3_S2,-1702,1042,14486,-2106,-5,-429,0,-383.89
9705,20:27:22:400,3,Severe_Damage,L3_S2,-1684,936,13992,-1996,-38,-401,0,-877.89
9706,20:27:22:410,3,Severe_Damage,L3_S2,-1538,832,13602,-1691,-7,-365,0,-1267.89
9707,20:27:22:420,3,Severe_Damage,L3_S2,-1544,728,13332,-1273,-6,-288,0,-1537.89
9708,20:27:22:430,3,Severe_Damage,L3_S2,-1488,770,13180,-733,18,-203,0,-1689.89
9709,20:27:22:440,3,Severe_Damage,L3_S2,-1500,754,13196,-157,38,-120,0,-1673.89
9710,20:27:22:449,3,Severe_Damage,L3_S2,-1600,796,13386,387,32,-33,0,-1483.89
9711,20:27:22:459,3,Severe_Damage,L3_S2,-1546,906,13700,936,76,49,0,-1169.89
9712,20:27:22:469,3,Severe_Damage,L3_S2,-1662,910,14184,1291,66,110,0,-685.89
9713,20:27:22:480,3,Severe_Damage,L3_S2,-1792,1100,14600,1567,76,157,0,-269.89
9714,20:27:22:490,3,Severe_Damage,L3_S2,-1804,1160,15214,1605,100,157,0,344.11
9715,20:27:22:500,3,Severe_Damage,L3_S2,-1972,1316,15616,1542,65,159,0,746.11
9716,20:27:22:510,3,Severe_Damage,L3_S2,-1858,1386,16078,1254,69,96,0,1208.11
9717,20:27:22:520,3,Severe_Damage,L3_S2,-2048,1388,16338,877,78,46,0,1468.11
9718,20:27:22:530,3,Severe_Damage,L3_S2,-1932,1384,16470,363,28,-32,0,1600.11
9719,20:27:22:540,3,Severe_Damage,L3_S2,-2024,1462,16476,-164,60,-123,0,1606.11
9720,20:27:22:550,3,Severe_Damage,L3_S2,-2032,1390,16334,-722,-5,-196,0,1464.11
9721,20:27:22:560,3,Severe_Damage,L3_S2,-1928,1316,16002,-1201,16,-288,0,1132.11
9722,20:27:22:570,3,Severe_Damage,L3_S2,-1882,1232,15552,-1589,-25,-346,0,682.11
9723,20:27:22:580,3,Severe_Damage,L3_S2,-1772,1208,15074,-1835,-5,-381,0,204.11
9724,20:27:22:590,3,Severe_Damage,L3_S2,-1720,1058,14594,-1925,-5,-403,0,-275.89
9725,20:27:22:600,3,Severe_Damage,L3_S2,-1666,996,14132,-1843,-28,-394,0,-737.89
9726,20:27:22:610,3,Severe_Damage,L3_S2,-1526,920,13694,-1605,1,-344,0,-1175.89
9727,20:27:22:620,3,Severe_Damage,L3_S2,-1566,780,13426,-1233,-24,-281,0,-1443.89
9728,20:27:22:630,3,Severe_Damage,L3_S2,-1570,798,13340,-763,21,-217,0,-1529.89
9729,20:27:22:640,3,Severe_Damage,L3_S2,-1484,820,13384,-246,29,-140,0,-1485.89
9730,20:27:22:650,3,Severe_Damage,L3_S2,-1546,844,13472,277,40,-48,0,-1397.89
9731,20:27:22:659,3,Severe_Damage,L3_S2,-1522,878,13738,747,66,19,0,-1131.89
9732,20:27:22:670,3,Severe_Damage,L3_S2,-1692,972,14150,1120,62,85,0,-719.89
9733,20:27:22:680,3,Severe_Damage,L3_S2,-1744,1018,14648,1364,89,117,0,-221.89
9734,20:27:22:690,3,Severe_Damage,L3_S2,-1834,1178,15066,1455,77,142,0,196.11
9735,20:27:22:700,3,Severe_Damage,L3_S2,-1866,1224,15512,1396,73,127,0,642.11
9736,20:27:22:710,3,Severe_Damage,L3_S2,-1898,1320,15924,1182,60,96,0,1054.11
9737,20:27:22:719,3,Severe_Damage,L3_S2,-2028,1376,16210,840,72,40,0,1340.11
9738,20:27:22:730,3,Severe_Damage,L3_S2,-1992,1426,16340,397,36,-31,0,1470.11
9739,20:27:22:740,3,Severe_Damage,L3_S2,-2032,1408,16288,-99,41,-109,0,1418.11
9740,20:27:22:750,3,Severe_Damage,L3_S2,-1974,1406,16202,-599,13,-188,0,1332.11
9741,20:27:22:760,3,Severe_Damage,L3_S2,-1902,1358,15876,-1051,-2,-254,0,1006.11
9742,20:27:22:770,3,Severe_Damage,L3_S2,-1848,1280,15570,-1421,-7,-310,0,700.11
9743,20:27:22:780,3,Severe_Damage,L3_S2,-1760,1218,15182,-1658,-13,-353,0,312.11
9744,20:27:22:790,3,Severe_Damage,L3_S2,-1754,1108,14738,-1769,-6,-367,0,-131.89
9745,20:27:22:800,3,Severe_Damage,L3_S2,-1672,1024,14296,-1707,-17,-364,0,-573.89
9746,20:27:22:810,3,Severe_Damage,L3_S2,-1668,958,13842,-1523,-15,-328,0,-1027.89
9747,20:27:22:820,3,Severe_Damage,L3_S2,-1560,894,13628,-1196,5,-283,0,-1241.89
9748,20:27:22:830,3,Severe_Damage,L3_S2,-1568,790,13550,-784,9,-214,0,-1319.89
9749,20:27:22:840,3,Severe_Damage,L3_S2,-1562,824,13458,-314,36,-148,0,-1411.89
9750,20:27:22:850,3,Severe_Damage,L3_S2,-1542,862,13600,162,32,-69,0,-1269.89
9751,20:27:22:859,3,Severe_Damage,L3_S2,-1616,966,13830,601,50,5,0,-1039.89
9752,20:27:22:870,3,Severe_Damage,L3_S2,-1672,956,14188,952,68,50,0,-681.89
9753,20:27:22:880,3,Severe_Damage,L3_S2,-1702,1038,14568,1194,67,91,0,-301.89
9754,20:27:22:890,3,Severe_Damage,L3_S2,-1828,1122,15056,1305,76,115,0,186.11
9755,20:27:22:900,3,Severe_Damage,L3_S2,-1822,1228,15446,1264,69,106,0,576.11
9756,20:27:22:910,3,Severe_Damage,L3_S2,-1978,1258,15828,1098,53,77,0,958.11
9757,20:27:22:920,3,Severe_Damage,L3_S2,-1960,1376,16004,801,72,27,0,1134.11
9758,20:27:22:930,3,Severe_Damage,L3_S2,-1934,1394,16146,408,41,-25,0,1276.11
9759,20:27:22:940,3,Severe_Damage,L3_S2,-1970,1374,16184,-39,50,-99,0,1314.11
9760,20:27:22:950,3,Severe_Damage,L3_S2,-1912,1378,16128,-483,28,-168,0,1258.11
9761,20:27:22:960,3,Severe_Damage,L3_S2,-1902,1288,15852,-913,-2,-236,0,982.11
9762,20:27:22:970,3,Severe_Damage,L3_S2,-1882,1282,15538,-1252,12,-290,0,668.11
9763,20:27:22:980,3,Severe_Damage,L3_S2,-1822,1186,15112,-1502,-18,-321,0,242.11
9764,20:27:22:990,3,Severe_Damage,L3_S2,-1728,1084,14750,-1613,4,-349,0,-119.89
9765,20:27:23:000,3,Severe_Damage,L3_S2,-1736,1032,14386,-1592,4,-340,0,-483.89
9766,20:27:23:010,3,Severe_Damage,L3_S2,-1618,952,13998,-1435,-24,-315,0,-871.89
9767,20:27:23:020,3,Severe_Damage,L3_S2,-1610,854,13746,-1160,14,-276,0,-1123.89
9768,20:27:23:030,3,Severe_Damage,L3_S2,-1536,900,13682,-800,-1,-218,0,-1187.89
9769,20:27:23:040,3,Severe_Damage,L3_S2,-1544,848,13596,-370,24,-146,0,-1273.89
9770,20:27:23:050,3,Severe_Damage,L3_S2,-1568,834,13696,58,36,-82,0,-1173.89
9771,20:27:23:060,3,Severe_Damage,L3_S2,-1618,892,13922,470,44,-26,0,-947.89
9772,20:27:23:070,3,Severe_Damage,L3_S2,-1628,956,14164,807,68,32,0,-705.89
9773,20:27:23:080,3,Severe_Damage,L3_S2,-1730,1070,14598,1050,62,76,0,-271.89
9774,20:27:23:090,3,Severe_Damage,L3_S2,-1754,1110,14940,1162,72,91,0,70.11
9775,20:27:23:100,3,Severe_Damage,L3_S2,-1850,1234,15276,1151,63,87,0,406.11
9776,20:27:23:110,3,Severe_Damage,L3_S2,-1922,1312,15608,1015,65,62,0,738.11
9777,20:27:23:120,3,Severe_Damage,L3_S2,-1874,1346,15884,762,42,20,0,1014.11
9778,20:27:23:130,3,Severe_Damage,L3_S2,-1992,1330,16058,409,64,-21,0,1188.11
9779,20:27:23:140,3,Severe_Damage,L3_S2,-1954,1366,16000,14,20,-86,0,1130.11
9780,20:27:23:150,3,Severe_Damage,L3_S2,-1940,1324,16000,-399,29,-159,0,1130.11
9781,20:27:23:160,3,Severe_Damage,L3_S2,-1948,1348,15794,-787,21,-222,0,924.11
9782,20:27:23:170,3,Severe_Damage,L3_S2,-1910,1244,15532,-1120,4,-272,0,662.11
9783,20:27:23:180,3,Severe_Damage,L3_S2,-1800,1156,15214,-1353,2,-313,0,344.11
9784,20:27:23:190,3,Severe_Damage,L3_S2,-1742,1092,14784,-1478,-1,-328,0,-85.89
9785,20:27:23:200,3,Severe_Damage,L3_S2,-1754,1058,14494,-1477,8,-324,0,-375.89
9786,20:27:23:210,3,Severe_Damage,L3_S2,-1592,966,14108,-1348,-10,-302,0,-761.89
9787,20:27:23:220,3,Severe_Damage,L3_S2,-1630,932,13870,-1122,6,-264,0,-999.89
9788,20:27:23:230,3,Severe_Damage,L3_S2,-1572,870,13722,-783,10,-215,0,-1147.89
9789,20:27:23:240,3,Severe_Damage,L3_S2,-1562,864,13702,-418,16,-159,0,-1167.89
9790,20:27:23:250,3,Severe_Damage,L3_S2,-1590,884,13706,-27,50,-92,0,-1163.89
9791,20:27:23:260,3,Severe_Damage,L3_S2,-1598,946,13960,349,48,-39,0,-909.89
9792,20:27:23:270,3,Severe_Damage,L3_S2,-1684,952,14224,674,63,13,0,-645.89
9793,20:27:23:280,3,Severe_Damage,L3_S2,-1702,1014,14484,898,61,49,0,-385.89
9794,20:27:23:290,3,Severe_Damage,L3_S2,-1748,1110,14864,1030,59,73,0,-5.89
9795,20:27:23:300,3,Severe_Damage,L3_S2,-1824,1186,15224,1039,64,64,0,354.11
9796,20:27:23:310,3,Severe_Damage,L3_S2,-1806,1244,15570,930,51,49,0,700.11
9797,20:27:23:320,3,Severe_Damage,L3_S2,-1842,1304,15716,713,41,22,0,846.11
9798,20:27:23:330,3,Severe_Damage,L3_S2,-1920,1322,15968,416,54,-25,0,1098.11
9799,20:27:23:340,3,Severe_Damage,L3_S2,-1940,1344,15916,50,16,-83,0,1046.11
9800,20:27:23:350,3,Severe_Damage,L3_S2,-1958,1344,15940,-333,32,-147,0,1070.11
9801,20:27:23:360,3,Severe_Damage,L3_S2,-1924,1348,15808,-685,23,-202,0,938.11
9802,20:27:23:370,3,Severe_Damage,L3_S2,-1876,1240,15444,-992,5,-248,0,574.11
9803,20:27:23:380,3,Severe_Damage,L3_S2,-1818,1234,15184,-1222,11,-281,0,314.11
9804,20:27:23:390,3,Severe_Damage,L3_S2,-1766,1146,14888,-1349,-2,-304,0,18.11
9805,20:27:23:400,3,Severe_Damage,L3_S2,-1714,1056,14598,-1368,4,-308,0,-271.89
9806,20:27:23:410,3,Severe_Damage,L3_S2,-1706,950,14270,-1273,-5,-300,0,-599.89
9807,20:27:23:420,3,Severe_Damage,L3_S2,-1642,970,14078,-1069,1,-264,0,-791.89
9808,20:27:23:430,3,Severe_Damage,L3_S2,-1610,918,13852,-776,13,-215,0,-1017.89
9809,20:27:23:440,3,Severe_Damage,L3_S2,-1572,894,13794,-449,14,-161,0,-1075.89
9810,20:27:23:450,3,Severe_Damage,L3_S2,-1626,906,13858,-89,35,-107,0,-1011.89
9811,20:27:23:460,3,Severe_Damage,L3_S2,-1650,962,14002,255,33,-53,0,-867.89
9812,20:27:23:470,3,Severe_Damage,L3_S2,-1646,992,14252,558,55,-1,0,-617.89
9813,20:27:23:480,3,Severe_Damage,L3_S2,-1686,1074,14508,784,55,43,0,-361.89
9814,20:27:23:490,3,Severe_Damage,L3_S2,-1756,1118,14822,910,73,56,0,-47.89
9815,20:27:23:500,3,Severe_Damage,L3_S2,-1794,1182,15120,926,65,56,0,250.11
9816,20:27:23:510,3,Severe_Damage,L3_S2,-1814,1210,15380,843,67,46,0,510.11
9817,20:27:23:520,3,Severe_Damage,L3_S2,-1902,1272,15726,669,51,15,0,856.11
9818,20:27:23:530,3,Severe_Damage,L3_S2,-1976,1298,15778,402,38,-23,0,908.11
9819,20:27:23:540,3,Severe_Damage,L3_S2,-1922,1354,15782,77,37,-76,0,912.11
9820,20:27:23:550,3,Severe_Damage,L3_S2,-1934,1330,15816,-269,26,-136,0,946.11
9821,20:27:23:560,3,Severe_Damage,L3_S2,-1822,1256,15676,-595,21,-190,0,806.11
9822,20:27:23:570,3,Severe_Damage,L3_S2,-1850,1252,15484,-889,3,-239,0,614.11
9823,20:27:23:580,3,Severe_Damage,L3_S2,-1868,1200,15250,-1104,1,-267,0,380.11
9824,20:27:23:590,3,Severe_Damage,L3_S2,-1782,1130,14998,-1231,4,-289,0,128.11
9825,20:27:23:600,3,Severe_Damage,L3_S2,-1778,1064,14658,-1267,8,-290,0,-211.89
9826,20:27:23:610,3,Severe_Damage,L3_S2,-1662,1020,14300,-1188,-4,-276,0,-569.89
9827,20:27:23:620,3,Severe_Damage,L3_S2,-1654,928,14096,-1015,5,-253,0,-773.89
9828,20:27:23:630,3,Severe_Damage,L3_S2,-1664,880,13978,-764,20,-212,0,-891.89
9829,20:27:23:640,3,Severe_Damage,L3_S2,-1652,940,13898,-466,22,-166,0,-971.89
9830,20:27:23:650,3,Severe_Damage,L3_S2,-1604,964,13954,-144,36,-115,0,-915.89
9831,20:27:23:660,3,Severe_Damage,L3_S2,-1582,996,14032,179,47,-62,0,-837.89
9832,20:27:23:670,3,Severe_Damage,L3_S2,-1628,964,14246,450,43,-15,0,-623.89
9833,20:27:23:680,3,Severe_Damage,L3_S2,-1690,1012,14470,668,49,17,0,-399.89
9834,20:27:23:690,3,Severe_Damage,L3_S2,-1728,1110,14802,802,62,35,0,-67.89
9835,20:27:23:700,3,Severe_Damage,L3_S2,-1822,1136,15088,829,59,35,0,218.11
9836,20:27:23:710,3,Severe_Damage,L3_S2,-1832,1220,15354,769,50,28,0,484.11
9837,20:27:23:720,3,Severe_Damage,L3_S2,-1854,1284,15596,605,52,-1,0,726.11
9838,20:27:23:730,3,Severe_Damage,L3_S2,-1888,1282,15704,376,32,-33,0,834.11
9839,20:27:23:740,3,Severe_Damage,L3_S2,-1918,1280,15744,100,62,-75,0,874.11
9840,20:27:23:750,3,Severe_Damage,L3_S2,-1896,1304,15752,-206,17,-124,0,882.11
9841,20:27:23:760,3,Severe_Damage,L3_S2,-1882,1312,15612,-523,27,-168,0,742.11
9842,20:27:23:770,3,Severe_Damage,L3_S2,-1816,1206,15474,-784,14,-218,0,604.11
9843,20:27:23:780,3,Severe_Damage,L3_S2,-1802,1208,15222,-1004,-3,-247,0,352.11
9844,20:27:23:790,3,Severe_Damage,L3_S2,-1786,1128,14928,-1129,8,-267,0,58.11
9845,20:27:23:801,3,Severe_Damage,L3_S2,-1718,1088,14760,-1173,-10,-274,0,-109.89
9846,20:27:23:810,3,Severe_Damage,L3_S2,-1666,1016,14402,-1110,7,-266,0,-467.89
9847,20:27:23:820,3,Severe_Damage,L3_S2,-1706,966,14222,-971,22,-244,0,-647.89
9848,20:27:23:830,3,Severe_Damage,L3_S2,-1628,942,14098,-752,-7,-218,0,-771.89
9849,20:27:23:840,3,Severe_Damage,L3_S2,-1680,920,14022,-487,38,-170,0,-847.89
9850,20:27:23:850,3,Severe_Damage,L3_S2,-1608,902,14032,-190,19,-124,0,-837.89
9851,20:27:23:860,3,Severe_Damage,L3_S2,-1682,916,14132,103,39,-74,0,-737.89
9852,20:27:23:870,3,Severe_Damage,L3_S2,-1670,982,14330,362,50,-43,0,-539.89
9853,20:27:23:880,3,Severe_Damage,L3_S2,-1692,1066,14488,566,41,-6,0,-381.89
9854,20:27:23:890,3,Severe_Damage,L3_S2,-1748,1042,14760,699,59,19,0,-109.89
9855,20:27:23:900,3,Severe_Damage,L3_S2,-1784,1116,15046,743,58,28,0,176.11
9856,20:27:23:910,3,Severe_Damage,L3_S2,-1842,1208,15250,692,60,13,0,380.11
9857,20:27:23:920,3,Severe_Damage,L3_S2,-1856,1198,15486,559,57,-5,0,616.11
9858,20:27:23:930,3,Severe_Damage,L3_S2,-1830,1270,15614,361,29,-32,0,744.11
9859,20:27:23:940,3,Severe_Damage,L3_S2,-1930,1296,15660,103,50,-74,0,790.11
9860,20:27:23:950,3,Severe_Damage,L3_S2,-1874,1256,15708,-171,12,-115,0,838.11
9861,20:27:23:960,3,Severe_Damage,L3_S2,-1884,1302,15658,-457,25,-162,0,788.11
9862,20:27:23:970,3,Severe_Damage,L3_S2,-1852,1224,15478,-701,17,-202,0,608.11
9863,20:27:23:980,3,Severe_Damage,L3_S2,-1830,1200,15252,-900,5,-235,0,382.11
9864,20:27:23:990,3,Severe_Damage,L3_S2,-1786,1118,14948,-1034,20,-254,0,78.11
9865,20:27:24:000,3,Severe_Damage,L3_S2,-1728,1058,14698,-1085,2,-268,0,-171.89
9866,20:27:24:010,3,Severe_Damage,L3_S2,-1664,1056,14482,-1042,7,-253,0,-387.89
9867,20:27:24:020,3,Severe_Damage,L3_S2,-1700,990,14298,-920,12,-238,0,-571.89
9868,20:27:24:030,3,Severe_Damage,L3_S2,-1626,938,14148,-735,8,-213,0,-721.89
9869,20:27:24:040,3,Severe_Damage,L3_S2,-1616,912,14104,-486,25,-172,0,-765.89
9870,20:27:24:050,3,Severe_Damage,L3_S2,-1624,932,14130,-224,21,-131,0,-739.89
9871,20:27:24:060,3,Severe_Damage,L3_S2,-1650,980,14150,40,34,-88,0,-719.89
9872,20:27:24:070,3,Severe_Damage,L3_S2,-1652,1012,14356,279,37,-48,0,-513.89
9873,20:27:24:080,3,Severe_Damage,L3_S2,-1728,1032,14516,477,48,-20,0,-353.89
9874,20:27:24:090,3,Severe_Damage,L3_S2,-1724,1090,14842,605,53,1,0,-27.89
9875,20:27:24:100,3,Severe_Damage,L3_S2,-1820,1174,15026,656,57,14,0,156.11
9876,20:27:24:110,3,Severe_Damage,L3_S2,-1784,1210,15220,620,55,3,0,350.11
9877,20:27:24:120,3,Severe_Damage,L3_S2,-1818,1236,15336,514,51,-11,0,466.11
9878,20:27:24:130,3,Severe_Damage,L3_S2,-1876,1260,15538,337,51,-37,0,668.11
9879,20:27:24:140,3,Severe_Damage,L3_S2,-1844,1266,15602,109,30,-78,0,732.11
9880,20:27:24:150,3,Severe_Damage,L3_S2,-1908,1254,15614,-146,46,-113,0,744.11
9881,20:27:24:160,3,Severe_Damage,L3_S2,-1818,1270,15554,-390,16,-154,0,684.11
9882,20:27:24:170,3,Severe_Damage,L3_S2,-1878,1236,15414,-628,27,-187,0,544.11
9883,20:27:24:180,3,Severe_Damage,L3_S2,-1790,1200,15258,-810,16,-225,0,388.11
9884,20:27:24:190,3,Severe_Damage,L3_S2,-1754,1172,14992,-947,3,-243,0,122.11
9885,20:27:24:200,3,Severe_Damage,L3_S2,-1742,1090,14708,-992,18,-246,0,-161.89
9886,20:27:24:210,3,Severe_Damage,L3_S2,-1694,1074,14552,-981,4,-247,0,-317.89
9887,20:27:24:220,3,Severe_Damage,L3_S2,-1736,966,14366,-873,6,-228,0,-503.89
9888,20:27:24:230,3,Severe_Damage,L3_S2,-1664,986,14190,-709,9,-211,0,-679.89
9889,20:27:24:240,3,Severe_Damage,L3_S2,-1692,984,14214,-493,21,-172,0,-655.89
9890,20:27:24:250,3,Severe_Damage,L3_S2,-1672,934,14194,-253,31,-133,0,-675.89
9891,20:27:24:260,3,Severe_Damage,L3_S2,-1654,922,14182,-10,39,-97,0,-687.89
9892,20:27:24:270,3,Severe_Damage,L3_S2,-1720,982,14328,215,42,-55,0,-541.89
9893,20:27:24:280,3,Severe_Damage,L3_S2,-1722,1032,14566,397,51,-25,0,-303.89
9894,20:27:24:290,3,Severe_Damage,L3_S2,-1746,1058,14794,520,44,-14,0,-75.89
9895,20:27:24:300,3,Severe_Damage,L3_S2,-1806,1140,14896,572,64,-8,0,26.11
9896,20:27:24:310,3,Severe_Damage,L3_S2,-1794,1200,15150,557,52,-5,0,280.11
9897,20:27:24:320,3,Severe_Damage,L3_S2,-1838,1186,15368,464,45,-19,0,498.11
9898,20:27:24:330,3,Severe_Damage,L3_S2,-1882,1188,15490,313,46,-46,0,620.11
9899,20:27:24:340,3,Severe_Damage,L3_S2,-1882,1270,15564,111,19,-75,0,694.11
9900,20:27:24:350,3,Severe_Damage,L3_S2,-1892,1244,15522,-108,28,-103,0,652.11
9901,20:27:24:360,3,Severe_Damage,L3_S2,-1894,1240,15456,-349,18,-146,0,586.11
9902,20:27:24:370,3,Severe_Damage,L3_S2,-1830,1196,15336,-564,13,-184,0,466.11
9903,20:27:24:380,3,Severe_Damage,L3_S2,-1840,1180,15214,-739,23,-212,0,344.11
9904,20:27:24:390,3,Severe_Damage,L3_S2,-1804,1116,15036,-866,9,-221,0,166.11
9905,20:27:24:400,3,Severe_Damage,L3_S2,-1786,1108,14776,-920,11,-237,0,-93.89
9906,20:27:24:410,3,Severe_Damage,L3_S2,-1716,1058,14576,-902,14,-232,0,-293.89
9907,20:27:24:420,3,Severe_Damage,L3_S2,-1732,1030,14434,-819,14,-220,0,-435.89
9908,20:27:24:430,3,Severe_Damage,L3_S2,-1704,1018,14280,-682,16,-197,0,-589.89
9909,20:27:24:440,3,Severe_Damage,L3_S2,-1706,960,14208,-496,14,-163,0,-661.89
9910,20:27:24:450,3,Severe_Damage,L3_S2,-1676,954,14256,-274,29,-130,0,-613.89
9911,20:27:24:460,3,Severe_Damage,L3_S2,-1694,982,14234,-59,21,-101,0,-635.89
9912,20:27:24:470,3,Severe_Damage,L3_S2,-1680,982,14368,155,49,-67,0,-501.89
9913,20:27:24:480,3,Severe_Damage,L3_S2,-1706,1062,14488,326,47,-45,0,-381.89
9914,20:27:24:490,3,Severe_Damage,L3_S2,-1716,1070,14722,444,49,-26,0,-147.89
9915,20:27:24:500,3,Severe_Damage,L3_S2,-1754,1124,14930,510,48,-11,0,60.11
9916,20:27:24:510,3,Severe_Damage,L3_S2,-1824,1154,15050,495,42,-17,0,180.11
9917,20:27:24:520,3,Severe_Damage,L3_S2,-1812,1208,15294,422,54,-28,0,424.11
9918,20:27:24:530,3,Severe_Damage,L3_S2,-1896,1222,15424,282,35,-38,0,554.11
9919,20:27:24:540,3,Severe_Damage,L3_S2,-1868,1276,15432,111,35,-76,0,562.11
9920,20:27:24:550,3,Severe_Damage,L3_S2,-1872,1220,15528,-100,26,-106,0,658.11
9921,20:27:24:560,3,Severe_Damage,L3_S2,-1896,1262,15464,-311,21,-137,0,594.11
9922,20:27:24:570,3,Severe_Damage,L3_S2,-1754,1206,15340,-510,33,-176,0,470.11
9923,20:27:24:580,3,Severe_Damage,L3_S2,-1848,1188,15164,-673,12,-195,0,294.11
9924,20:27:24:590,3,Severe_Damage,L3_S2,-1762,1132,14994,-786,20,-225,0,124.11
9925,20:27:24:600,3,Severe_Damage,L3_S2,-1794,1078,14840,-851,9,-224,0,-29.89
9926,20:27:24:610,3,Severe_Damage,L3_S2,-1802,1082,14646,-845,2,-218,0,-223.89
9927,20:27:24:621,3,Severe_Damage,L3_S2,-1652,1102,14470,-776,15,-212,0,-399.89
9928,20:27:24:630,3,Severe_Damage,L3_S2,-1716,1012,14404,-653,6,-192,0,-465.89
9929,20:27:24:640,3,Severe_Damage,L3_S2,-1720,1004,14324,-486,33,-167,0,-545.89
9930,20:27:24:650,3,Severe_Damage,L3_S2,-1628,948,14256,-288,18,-143,0,-613.89
9931,20:27:24:660,3,Severe_Damage,L3_S2,-1706,992,14288,-97,42,-96,0,-581.89
9932,20:27:24:670,3,Severe_Damage,L3_S2,-1696,1012,14440,96,35,-72,0,-429.89
9933,20:27:24:680,3,Severe_Damage,L3_S2,-1696,1036,14516,261,38,-49,0,-353.89
9934,20:27:24:690,3,Severe_Damage,L3_S2,-1764,1078,14700,378,54,-32,0,-169.89
9935,20:27:24:700,3,Severe_Damage,L3_S2,-1744,1124,14932,439,37,-21,0,62.11
9936,20:27:24:710,3,Severe_Damage,L3_S2,-1844,1188,15014,432,51,-26,0,144.11
9937,20:27:24:720,3,Severe_Damage,L3_S2,-1764,1196,15204,369,44,-30,0,334.11
9938,20:27:24:730,3,Severe_Damage,L3_S2,-1826,1192,15304,256,37,-51,0,434.11
9939,20:27:24:740,3,Severe_Damage,L3_S2,-1842,1234,15412,103,44,-73,0,542.11
9940,20:27:24:750,3,Severe_Damage,L3_S2,-1902,1256,15444,-83,20,-106,0,574.11
9941,20:27:24:760,3,Severe_Damage,L3_S2,-1854,1214,15398,-278,26,-140,0,528.11
9942,20:27:24:770,3,Severe_Damage,L3_S2,-1860,1226,15302,-457,23,-160,0,432.11
9943,20:27:24:781,3,Severe_Damage,L3_S2,-1880,1098,15240,-614,16,-185,0,370.11
9944,20:27:24:790,3,Severe_Damage,L3_S2,-1808,1150,15014,-725,19,-205,0,144.11
9945,20:27:24:800,3,Severe_Damage,L3_S2,-1794,1090,14916,-788,3,-211,0,46.11
9946,20:27:24:810,3,Severe_Damage,L3_S2,-1738,1034,14724,-789,17,-220,0,-145.89
9947,20:27:24:821,3,Severe_Damage,L3_S2,-1730,1034,14534,-729,12,-205,0,-335.89
9948,20:27:24:830,3,Severe_Damage,L3_S2,-1696,1004,14384,-625,18,-190,0,-485.89
9949,20:27:24:840,3,Severe_Damage,L3_S2,-1714,1016,14404,-475,19,-172,0,-465.89
9950,20:27:24:850,3,Severe_Damage,L3_S2,-1676,988,14304,-299,32,-140,0,-565.89
9951,20:27:24:860,3,Severe_Damage,L3_S2,-1678,978,14372,-121,32,-113,0,-497.89
9952,20:27:24:870,3,Severe_Damage,L3_S2,-1712,990,14444,57,36,-87,0,-425.89
9953,20:27:24:880,3,Severe_Damage,L3_S2,-1702,1044,14488,205,37,-57,0,-381.89
9954,20:27:24:890,3,Severe_Damage,L3_S2,-1742,1056,14732,317,47,-40,0,-137.89
9955,20:27:24:900,3,Severe_Damage,L3_S2,-1780,1180,14886,370,37,-32,0,16.11
9956,20:27:24:910,3,Severe_Damage,L3_S2,-1746,1206,15042,381,56,-34,0,172.11
9957,20:27:24:920,3,Severe_Damage,L3_S2,-1816,1154,15230,324,33,-40,0,360.11
9958,20:27:24:930,3,Severe_Damage,L3_S2,-1860,1198,15346,234,42,-60,0,476.11
9959,20:27:24:940,3,Severe_Damage,L3_S2,-1856,1200,15366,88,37,-80,0,496.11
9960,20:27:24:950,3,Severe_Damage,L3_S2,-1824,1224,15378,-77,26,-105,0,508.11
9961,20:27:24:960,3,Severe_Damage,L3_S2,-1790,1198,15320,-249,31,-136,0,450.11
9962,20:27:24:970,3,Severe_Damage,L3_S2,-1852,1224,15252,-417,20,-157,0,382.11
9963,20:27:24:980,3,Severe_Damage,L3_S2,-1784,1192,15164,-565,19,-183,0,294.11
9964,20:27:24:990,3,Severe_Damage,L3_S2,-1758,1158,15098,-681,10,-195,0,228.11
9965,20:27:25:001,3,Severe_Damage,L3_S2,-1772,1128,14854,-730,13,-205,0,-15.89
9966,20:27:25:011,3,Severe_Damage,L3_S2,-1744,1094,14756,-739,16,-214,0,-113.89
9967,20:27:25:020,3,Severe_Damage,L3_S2,-1694,1040,14546,-695,2,-195,0,-323.89
9968,20:27:25:031,3,Severe_Damage,L3_S2,-1702,1028,14420,-594,25,-186,0,-449.89
9969,20:27:25:040,3,Severe_Damage,L3_S2,-1676,1004,14408,-468,18,-163,0,-461.89
9970,20:27:25:050,3,Severe_Damage,L3_S2,-1736,1040,14466,-313,28,-143,0,-403.89
9971,20:27:25:061,3,Severe_Damage,L3_S2,-1648,1004,14404,-143,35,-118,0,-465.89
9972,20:27:25:070,3,Severe_Damage,L3_S2,-1760,1014,14478,19,27,-84,0,-391.89
9973,20:27:25:080,3,Severe_Damage,L3_S2,-1700,1066,14596,155,45,-65,0,-273.89
9974,20:27:25:090,3,Severe_Damage,L3_S2,-1760,1058,14692,261,39,-47,0,-177.89
9975,20:27:25:100,3,Severe_Damage,L3_S2,-1754,1100,14922,324,47,-43,0,52.11
9976,20:27:25:110,3,Severe_Damage,L3_S2,-1776,1120,14958,325,48,-38,0,88.11
9977,20:27:25:120,3,Severe_Damage,L3_S2,-1748,1160,15236,279,46,-49,0,366.11
9978,20:27:25:130,3,Severe_Damage,L3_S2,-1820,1156,15200,197,44,-66,0,330.11
9979,20:27:25:140,3,Severe_Damage,L3_S2,-1808,1180,15336,77,34,-76,0,466.11
9980,20:27:25:150,3,Severe_Damage,L3_S2,-1862,1180,15278,-76,34,-106,0,408.11
9981,20:27:25:161,3,Severe_Damage,L3_S2,-1784,1214,15308,-233,31,-128,0,438.11
9982,20:27:25:171,3,Severe_Damage,L3_S2,-1826,1154,15210,-384,14,-156,0,340.11
9983,20:27:25:181,3,Severe_Damage,L3_S2,-1850,1186,15170,-518,27,-177,0,300.11
9984,20:27:25:191,3,Severe_Damage,L3_S2,-1784,1112,15062,-619,14,-195,0,192.11
9985,20:27:25:201,3,Severe_Damage,L3_S2,-1788,1132,14866,-675,20,-200,0,-3.89
9986,20:27:25:211,3,Severe_Damage,L3_S2,-1748,1128,14710,-686,14,-202,0,-159.89
9987,20:27:25:221,3,Severe_Damage,L3_S2,-1724,1054,14570,-651,17,-191,0,-299.89
9988,20:27:25:231,3,Severe_Damage,L3_S2,-1746,1022,14556,-571,19,-175,0,-313.89
9989,20:27:25:240,3,Severe_Damage,L3_S2,-1676,978,14434,-452,21,-162,0,-435.89
9990,20:27:25:251,3,Severe_Damage,L3_S2,-1688,1048,14418,-311,28,-135,0,-451.89
9991,20:27:25:261,3,Severe_Damage,L3_S2,-1728,1024,14422,-161,27,-115,0,-447.89
9992,20:27:25:270,3,Severe_Damage,L3_S2,-1700,1060,14484,-12,34,-90,0,-385.89
9993,20:27:25:280,3,Severe_Damage,L3_S2,-1686,1060,14572,113,39,-75,0,-297.89
9994,20:27:25:290,3,Severe_Damage,L3_S2,-1680,1078,14696,213,41,-56,0,-173.89
9995,20:27:25:301,3,Severe_Damage,L3_S2,-1766,1094,14814,267,42,-53,0,-55.89
9996,20:27:25:311,3,Severe_Damage,L3_S2,-1750,1122,14966,288,39,-50,0,96.11
9997,20:27:25:320,3,Severe_Damage,L3_S2,-1756,1150,15142,247,38,-58,0,272.11
9998,20:27:25:331,3,Severe_Damage,L3_S2,-1840,1160,15144,173,45,-61,0,274.11
9999,20:27:25:340,3,Severe_Damage,L3_S2,-1788,1174,15284,61,40,-85,0,414.11
10000,20:27:25:351,3,Severe_Damage,L3_S2,-1856,1184,15300,-70,36,-102,0,430.11
10001,20:27:25:361,3,Severe_Damage,L3_S2,-1788,1228,15268,-211,31,-128,0,398.11
10002,20:27:25:371,3,Severe_Damage,L3_S2,-1826,1146,15238,-356,22,-153,0,368.11
10003,20:27:25:381,3,Severe_Damage,L3_S2,-1808,1162,15176,-489,15,-174,0,306.11
10004,20:27:25:391,3,Severe_Damage,L3_S2,-1772,1176,14960,-570,30,-182,0,90.11
10005,20:27:25:401,3,Severe_Damage,L3_S2,-1750,1092,14942,-638,12,-192,0,72.11
10006,20:27:25:411,3,Severe_Damage,L3_S2,-1756,1172,14786,-642,22,-196,0,-83.89
10007,20:27:25:421,3,Severe_Damage,L3_S2,-1706,1098,14702,-616,21,-194,0,-167.89
10008,20:27:25:431,3,Severe_Damage,L3_S2,-1712,1026,14540,-537,19,-184,0,-329.89
10009,20:27:25:441,3,Severe_Damage,L3_S2,-1768,1010,14466,-440,26,-164,0,-403.89
10010,20:27:25:451,3,Severe_Damage,L3_S2,-1702,1006,14472,-312,30,-145,0,-397.89
10011,20:27:25:461,3,Severe_Damage,L3_S2,-1702,1026,14438,-173,28,-116,0,-431.89
10012,20:27:25:471,3,Severe_Damage,L3_S2,-1744,1004,14604,-35,38,-99,0,-265.89
10013,20:27:25:480,3,Severe_Damage,L3_S2,-1710,1094,14596,81,41,-81,0,-273.89
10014,20:27:25:491,3,Severe_Damage,L3_S2,-1694,1080,14782,176,45,-68,0,-87.89
10015,20:27:25:501,3,Severe_Damage,L3_S2,-1740,1108,14880,228,35,-54,0,10.11
10016,20:27:25:511,3,Severe_Damage,L3_S2,-1780,1086,14966,242,41,-53,0,96.11
10017,20:27:25:521,3,Severe_Damage,L3_S2,-1800,1144,15050,218,42,-57,0,180.11
10018,20:27:25:531,3,Severe_Damage,L3_S2,-1838,1216,15142,149,38,-68,0,272.11
10019,20:27:25:540,3,Severe_Damage,L3_S2,-1852,1218,15206,53,39,-85,0,336.11
10020,20:27:25:551,3,Severe_Damage,L3_S2,-1814,1184,15244,-71,33,-99,0,374.11
10021,20:27:25:561,3,Severe_Damage,L3_S2,-1816,1188,15236,-201,31,-126,0,366.11
10022,20:27:25:571,3,Severe_Damage,L3_S2,-1842,1188,15190,-336,27,-145,0,320.11
10023,20:27:25:581,3,Severe_Damage,L3_S2,-1836,1158,15082,-441,23,-166,0,212.11
10024,20:27:25:591,3,Severe_Damage,L3_S2,-1794,1112,14882,-587,13,-183,0,12.11
10025,20:27:25:601,3,Severe_Damage,L3_S2,-1766,1130,14778,-609,14,-184,0,-91.89
10026,20:27:25:611,3,Severe_Damage,L3_S2,-1766,1044,14754,-579,18,-184,0,-115.89
10027,20:27:25:621,3,Severe_Damage,L3_S2,-1690,1018,14652,-525,20,-180,0,-217.89
10028,20:27:25:631,3,Severe_Damage,L3_S2,-1704,1016,14572,-427,24,-164,0,-297.89
10029,20:27:25:641,3,Severe_Damage,L3_S2,-1734,1010,14518,-312,30,-135,0,-351.89
10030,20:27:25:651,3,Severe_Damage,L3_S2,-1746,1016,14494,-185,33,-115,0,-375.89
10031,20:27:25:661,3,Severe_Damage,L3_S2,-1748,1066,14530,-60,33,-102,0,-339.89
10032,20:27:25:671,3,Severe_Damage,L3_S2,-1750,1118,14620,54,37,-83,0,-249.89
10033,20:27:25:681,3,Severe_Damage,L3_S2,-1736,1082,14730,131,36,-73,0,-139.89
10034,20:27:25:691,3,Severe_Damage,L3_S2,-1732,1124,14816,188,44,-63,0,-53.89
10035,20:27:25:701,3,Severe_Damage,L3_S2,-1790,1140,14946,206,37,-51,0,76.11
10036,20:27:25:711,3,Severe_Damage,L3_S2,-1798,1146,15088,185,43,-69,0,218.11
10037,20:27:25:721,3,Severe_Damage,L3_S2,-1858,1132,15156,123,32,-72,0,286.11
10038,20:27:25:731,3,Severe_Damage,L3_S2,-1794,1122,15202,33,46,-87,0,332.11
10039,20:27:25:741,3,Severe_Damage,L3_S2,-1856,1222,15228,-75,32,-107,0,358.11
10040,20:27:25:751,3,Severe_Damage,L3_S2,-1852,1188,15230,-194,33,-121,0,360.11
10041,20:27:25:761,3,Severe_Damage,L3_S2,-1822,1162,15160,-311,30,-136,0,290.11
10042,20:27:25:771,3,Severe_Damage,L3_S2,-1806,1202,15118,-422,18,-158,0,248.11
10043,20:27:25:781,3,Severe_Damage,L3_S2,-1786,1160,15112,-498,25,-174,0,242.11
10044,20:27:25:791,3,Severe_Damage,L3_S2,-1748,1160,14858,-554,13,-183,0,-11.89
10045,20:27:25:801,3,Severe_Damage,L3_S2,-1800,1150,14792,-569,24,-177,0,-77.89
10046,20:27:25:811,3,Severe_Damage,L3_S2,-1764,1098,14664,-551,13,-169,0,-205.89
10047,20:27:25:821,3,Severe_Damage,L3_S2,-1728,1086,14658,-496,18,-169,0,-211.89
10048,20:27:25:831,3,Severe_Damage,L3_S2,-1676,1034,14604,-410,23,-156,0,-265.89
10049,20:27:25:841,3,Severe_Damage,L3_S2,-1768,1062,14556,-305,26,-141,0,-313.89
10050,20:27:25:851,3,Severe_Damage,L3_S2,-1698,1062,14504,-190,39,-125,0,-365.89
10051,20:27:25:861,3,Severe_Damage,L3_S2,-1782,1078,14606,-83,27,-104,0,-263.89
10052,20:27:25:871,3,Severe_Damage,L3_S2,-1742,1082,14606,18,36,-86,0,-263.89
10053,20:27:25:881,3,Severe_Damage,L3_S2,-1752,1062,14694,99,30,-82,0,-175.89
10054,20:27:25:891,3,Severe_Damage,L3_S2,-1776,1090,14822,154,37,-71,0,-47.89
10055,20:27:25:901,3,Severe_Damage,L3_S2,-1748,1106,14938,174,43,-67,0,68.11
10056,20:27:25:911,3,Severe_Damage,L3_S2,-1730,1162,15016,151,26,-63,0,146.11
10057,20:27:25:921,3,Severe_Damage,L3_S2,-1794,1154,15072,102,43,-77,0,202.11
10058,20:27:25:931,3,Severe_Damage,L3_S2,-1822,1182,15182,24,34,-89,0,312.11
10059,20:27:25:941,3,Severe_Damage,L3_S2,-1834,1194,15184,-75,36,-113,0,314.11
10060,20:27:25:951,3,Severe_Damage,L3_S2,-1750,1116,15158,-187,31,-122,0,288.11
10061,20:27:25:961,3,Severe_Damage,L3_S2,-1788,1156,15150,-296,27,-135,0,280.11
10062,20:27:25:971,3,Severe_Damage,L3_S2,-1764,1162,15060,-388,22,-149,0,190.11
10063,20:27:25:981,3,Severe_Damage,L3_S2,-1756,1126,14966,-468,24,-165,0,96.11
10064,20:27:25:991,3,Severe_Damage,L3_S2,-1790,1146,14908,-523,21,-174,0,38.11
10065,20:27:26:001,3,Severe_Damage,L3_S2,-1748,1100,14804,-544,22,-176,0,-65.89
10066,20:27:26:011,3,Severe_Damage,L3_S2,-1758,1078,14704,-523,15,-177,0,-165.89
10067,20:27:26:021,3,Severe_Damage,L3_S2,-1730,1096,14670,-476,21,-168,0,-199.89
10068,20:27:26:031,3,Severe_Damage,L3_S2,-1736,1078,14564,-394,20,-154,0,-305.89
10069,20:27:26:041,3,Severe_Damage,L3_S2,-1698,1064,14576,-312,25,-140,0,-293.89
10070,20:27:26:051,3,Severe_Damage,L3_S2,-1748,1038,14556,-201,29,-118,0,-313.89
10071,20:27:26:061,3,Severe_Damage,L3_S2,-1756,1076,14570,-99,23,-112,0,-299.89
10072,20:27:26:071,3,Severe_Damage,L3_S2,-1766,1086,14670,3,31,-103,0,-199.89
10073,20:27:26:081,3,Severe_Damage,L3_S2,-1748,1068,14800,75,31,-90,0,-69.89
10074,20:27:26:091,3,Severe_Damage,L3_S2,-1734,1086,14778,130,46,-70,0,-91.89
10075,20:27:26:101,3,Severe_Damage,L3_S2,-1794,1096,14932,144,33,-65,0,62.11
10076,20:27:26:111,3,Severe_Damage,L3_S2,-1772,1108,15024,132,31,-71,0,154.11
10077,20:27:26:121,3,Severe_Damage,L3_S2,-1808,1142,15082,91,34,-83,0,212.11
10078,20:27:26:131,3,Severe_Damage,L3_S2,-1792,1140,15144,15,37,-91,0,274.11
10079,20:27:26:141,3,Severe_Damage,L3_S2,-1840,1134,15114,-78,33,-105,0,244.11
10080,20:27:26:151,3,Severe_Damage,L3_S2,-1814,1160,15202,-174,32,-122,0,332.11
10081,20:27:26:161,3,Severe_Damage,L3_S2,-1804,1162,15082,-271,26,-133,0,212.11
10082,20:27:26:171,3,Severe_Damage,L3_S2,-1810,1176,15108,-364,18,-143,0,238.11
10083,20:27:26:181,3,Severe_Damage,L3_S2,-1776,1174,15006,-437,23,-165,0,136.11
10084,20:27:26:191,3,Severe_Damage,L3_S2,-1792,1128,14874,-487,22,-172,0,4.11
10085,20:27:26:201,3,Severe_Damage,L3_S2,-1780,1064,14832,-504,17,-169,0,-37.89
10086,20:27:26:211,3,Severe_Damage,L3_S2,-1772,1096,14742,-498,21,-173,0,-127.89
10087,20:27:26:221,3,Severe_Damage,L3_S2,-1778,1102,14634,-459,24,-165,0,-235.89
10088,20:27:26:231,3,Severe_Damage,L3_S2,-1740,1032,14640,-387,26,-155,0,-229.89
10089,20:27:26:241,3,Severe_Damage,L3_S2,-1756,1050,14552,-305,21,-142,0,-317.89
10090,20:27:26:251,3,Severe_Damage,L3_S2,-1702,1026,14622,-213,32,-126,0,-247.89
10091,20:27:26:261,3,Severe_Damage,L3_S2,-1694,1056,14630,-115,29,-109,0,-239.89
10092,20:27:26:271,3,Severe_Damage,L3_S2,-1732,1086,14744,-28,32,-96,0,-125.89
10093,20:27:26:281,3,Severe_Damage,L3_S2,-1798,1112,14706,43,39,-79,0,-163.89
10094,20:27:26:291,3,Severe_Damage,L3_S2,-1802,1088,14862,85,39,-77,0,-7.89
10095,20:27:26:301,3,Severe_Damage,L3_S2,-1738,1086,14914,110,36,-82,0,44.11
10096,20:27:26:311,3,Severe_Damage,L3_S2,-1756,1106,14996,103,39,-77,0,126.11
10097,20:27:26:321,3,Severe_Damage,L3_S2,-1788,1122,14998,60,42,-79,0,128.11
10098,20:27:26:331,3,Severe_Damage,L3_S2,-1766,1170,15074,0,45,-93,0,204.11
10099,20:27:26:341,3,Severe_Damage,L3_S2,-1822,1148,15120,-80,35,-104,0,250.11
10100,20:27:26:351,3,Severe_Damage,L3_S2,-1796,1172,15052,-169,30,-115,0,182.11
10101,20:27:26:361,3,Severe_Damage,L3_S2,-1772,1152,15064,-262,33,-129,0,194.11
10102,20:27:26:371,3,Severe_Damage,L3_S2,-1768,1184,15138,-348,16,-140,0,268.11
10103,20:27:26:381,3,Severe_Damage,L3_S2,-1812,1124,15044,-408,28,-157,0,174.11
10104,20:27:26:391,3,Severe_Damage,L3_S2,-1768,1084,14962,-462,22,-166,0,92.11
10105,20:27:26:401,3,Severe_Damage,L3_S2,-1772,1118,14828,-482,24,-172,0,-41.89
10106,20:27:26:411,3,Severe_Damage,L3_S2,-1802,1072,14764,-469,22,-169,0,-105.89
10107,20:27:26:421,3,Severe_Damage,L3_S2,-1726,1090,14728,-432,24,-163,0,-141.89
10108,20:27:26:431,3,Severe_Damage,L3_S2,-1768,1020,14638,-376,24,-153,0,-231.89
10109,20:27:26:441,3,Severe_Damage,L3_S2,-1722,1052,14606,-298,22,-139,0,-263.89
10110,20:27:26:451,3,Severe_Damage,L3_S2,-1730,1044,14596,-208,31,-131,0,-273.89
10111,20:27:26:461,3,Severe_Damage,L3_S2,-1726,1068,14618,-126,32,-122,0,-251.89
10112,20:27:26:471,3,Severe_Damage,L3_S2,-1762,1058,14704,-51,35,-105,0,-165.89
10113,20:27:26:481,3,Severe_Damage,L3_S2,-1768,1074,14770,21,41,-95,0,-99.89
10114,20:27:26:491,3,Severe_Damage,L3_S2,-1758,1160,14796,62,34,-78,0,-73.89
10115,20:27:26:501,3,Severe_Damage,L3_S2,-1782,1160,14920,83,32,-78,0,50.11
10116,20:27:26:511,3,Severe_Damage,L3_S2,-1748,1136,15004,84,41,-83,0,134.11
10117,20:27:26:521,3,Severe_Damage,L3_S2,-1808,1156,15044,49,34,-91,0,174.11
10118,20:27:26:531,3,Severe_Damage,L3_S2,-1848,1146,15092,-6,32,-96,0,222.11
10119,20:27:26:541,3,Severe_Damage,L3_S2,-1756,1130,15128,-80,26,-108,0,258.11
10120,20:27:26:551,3,Severe_Damage,L3_S2,-1812,1206,15082,-162,32,-113,0,212.11
10121,20:27:26:561,3,Severe_Damage,L3_S2,-1816,1100,15106,-247,23,-133,0,236.11
10122,20:27:26:571,3,Severe_Damage,L3_S2,-1782,1154,15140,-323,19,-145,0,270.11
10123,20:27:26:581,3,Severe_Damage,L3_S2,-1794,1096,15004,-393,27,-160,0,134.11
10124,20:27:26:591,3,Severe_Damage,L3_S2,-1762,1058,14840,-435,27,-161,0,-29.89
10125,20:27:26:601,3,Severe_Damage,L3_S2,-1792,1052,14876,-456,16,-163,0,6.11
10126,20:27:26:611,3,Severe_Damage,L3_S2,-1734,1084,14774,-458,21,-165,0,-95.89
10127,20:27:26:621,3,Severe_Damage,L3_S2,-1718,1084,14738,-419,21,-151,0,-131.89
10128,20:27:26:631,3,Severe_Damage,L3_S2,-1720,1052,14658,-366,25,-146,0,-211.89
10129,20:27:26:641,3,Severe_Damage,L3_S2,-1718,1032,14594,-295,20,-137,0,-275.89
10130,20:27:26:651,3,Severe_Damage,L3_S2,-1706,1030,14664,-220,29,-126,0,-205.89
10131,20:27:26:661,3,Severe_Damage,L3_S2,-1710,1104,14686,-138,30,-111,0,-183.89
10132,20:27:26:671,3,Severe_Damage,L3_S2,-1762,1082,14702,-61,29,-99,0,-167.89
10133,20:27:26:681,3,Severe_Damage,L3_S2,-1742,1080,14794,-4,28,-94,0,-75.89
10134,20:27:26:691,3,Severe_Damage,L3_S2,-1758,1098,14890,35,40,-89,0,20.11
10135,20:27:26:701,3,Severe_Damage,L3_S2,-1798,1130,14882,58,32,-82,0,12.11
10136,20:27:26:711,3,Severe_Damage,L3_S2,-1756,1112,14974,57,34,-86,0,104.11
10137,20:27:26:721,3,Severe_Damage,L3_S2,-1814,1118,14972,31,33,-91,0,102.11
10138,20:27:26:731,3,Severe_Damage,L3_S2,-1832,1166,15060,-23,31,-92,0,190.11
10139,20:27:26:741,3,Severe_Damage,L3_S2,-1774,1122,15060,-87,38,-105,0,190.11
10140,20:27:26:752,3,Severe_Damage,L3_S2,-1842,1176,15062,-161,28,-116,0,192.11
10141,20:27:26:762,3,Severe_Damage,L3_S2,-1802,1134,15112,-239,30,-127,0,242.11
10142,20:27:26:771,3,Severe_Damage,L3_S2,-1816,1158,15098,-314,23,-140,0,228.11
10143,20:27:26:781,3,Severe_Damage,L3_S2,-1782,1120,14984,-368,25,-151,0,114.11
10144,20:27:26:791,3,Severe_Damage,L3_S2,-1768,1146,14840,-409,19,-158,0,-29.89
10145,20:27:26:801,3,Severe_Damage,L3_S2,-1758,1120,14852,-430,20,-160,0,-17.89
10146,20:27:26:811,3,Severe_Damage,L3_S2,-1684,1086,14768,-431,24,-157,0,-101.89
10147,20:27:26:821,3,Severe_Damage,L3_S2,-1784,1118,14748,-405,20,-153,0,-121.89
10148,20:27:26:831,3,Severe_Damage,L3_S2,-1732,1048,14716,-363,16,-150,0,-153.89
10149,20:27:26:841,3,Severe_Damage,L3_S2,-1700,1036,14680,-300,27,-138,0,-189.89
10150,20:27:26:851,3,Severe_Damage,L3_S2,-1748,1032,14702,-225,29,-127,0,-167.89
10151,20:27:26:862,3,Severe_Damage,L3_S2,-1744,1080,14634,-154,31,-111,0,-235.89
10152,20:27:26:871,3,Severe_Damage,L3_S2,-1708,1078,14738,-88,30,-106,0,-131.89
10153,20:27:26:881,3,Severe_Damage,L3_S2,-1760,1098,14754,-23,38,-100,0,-115.89
10154,20:27:26:891,3,Severe_Damage,L3_S2,-1754,1098,14814,19,28,-94,0,-55.89
10155,20:27:26:901,3,Severe_Damage,L3_S2,-1750,1098,14870,37,33,-90,0,0.11
10156,20:27:26:911,3,Severe_Damage,L3_S2,-1802,1112,14926,37,34,-86,0,56.11
10157,20:27:26:921,3,Severe_Damage,L3_S2,-1802,1164,14974,14,39,-91,0,104.11
10158,20:27:26:931,3,Severe_Damage,L3_S2,-1804,1158,15050,-29,34,-95,0,180.11
10159,20:27:26:941,3,Severe_Damage,L3_S2,-1798,1154,15016,-87,26,-106,0,146.11
10160,20:27:26:951,3,Severe_Damage,L3_S2,-1808,1126,15082,-155,28,-114,0,212.11
10161,20:27:26:961,3,Severe_Damage,L3_S2,-1820,1172,15100,-229,29,-129,0,230.11
10162,20:27:26:971,3,Severe_Damage,L3_S2,-1806,1134,14988,-295,27,-136,0,118.11
10163,20:27:26:981,3,Severe_Damage,L3_S2,-1780,1104,14958,-353,25,-147,0,88.11
10164,20:27:26:991,3,Severe_Damage,L3_S2,-1762,1112,14898,-388,22,-152,0,28.11
10165,20:27:27:001,3,Severe_Damage,L3_S2,-1718,1114,14892,-412,25,-162,0,22.11
10166,20:27:27:011,3,Severe_Damage,L3_S2,-1726,1108,14844,-411,20,-155,0,-25.89
10167,20:27:27:021,3,Severe_Damage,L3_S2,-1732,1078,14722,-390,25,-152,0,-147.89
10168,20:27:27:031,3,Severe_Damage,L3_S2,-1748,1070,14634,-347,26,-152,0,-235.89
10169,20:27:27:041,3,Severe_Damage,L3_S2,-1744,1032,14666,-298,17,-144,0,-203.89
10170,20:27:27:051,3,Severe_Damage,L3_S2,-1738,1032,14714,-221,38,-129,0,-155.89
10171,20:27:27:061,3,Severe_Damage,L3_S2,-1778,1010,14696,-153,31,-122,0,-173.89
10172,20:27:27:071,3,Severe_Damage,L3_S2,-1742,1096,14662,-96,38,-108,0,-207.89
10173,20:27:27:081,3,Severe_Damage,L3_S2,-1778,1078,14864,-44,29,-98,0,-5.89
10174,20:27:27:091,3,Severe_Damage,L3_S2,-1708,1080,14876,-2,27,-84,0,6.11
10175,20:27:27:101,3,Severe_Damage,L3_S2,-1792,1100,14896,19,35,-84,0,26.11
10176,20:27:27:111,3,Severe_Damage,L3_S2,-1746,1124,14962,19,34,-85,0,92.11
10177,20:27:27:121,3,Severe_Damage,L3_S2,-1776,1154,15018,2,37,-94,0,148.11
10178,20:27:27:131,3,Severe_Damage,L3_S2,-1746,1174,15100,-42,37,-102,0,230.11
10179,20:27:27:141,3,Severe_Damage,L3_S2,-1754,1122,15024,-93,31,-110,0,154.11
10180,20:27:27:151,3,Severe_Damage,L3_S2,-1766,1158,15074,-153,29,-118,0,204.11
10181,20:27:27:161,3,Severe_Damage,L3_S2,-1794,1162,15056,-221,22,-133,0,186.11
10182,20:27:27:171,3,Severe_Damage,L3_S2,-1760,1128,14992,-282,33,-142,0,122.11
10183,20:27:27:182,3,Severe_Damage,L3_S2,-1780,1144,14930,-328,22,-145,0,60.11
10184,20:27:27:191,3,Severe_Damage,L3_S2,-1768,1074,14946,-372,26,-151,0,76.11
10185,20:27:27:202,3,Severe_Damage,L3_S2,-1832,1064,14846,-395,16,-147,0,-23.89
10186,20:27:27:212,3,Severe_Damage,L3_S2,-1788,1092,14802,-395,30,-157,0,-67.89
10187,20:27:27:222,3,Severe_Damage,L3_S2,-1764,1092,14738,-371,29,-147,0,-131.89
10188,20:27:27:232,3,Severe_Damage,L3_S2,-1726,1042,14770,-337,18,-146,0,-99.89
10189,20:27:27:241,3,Severe_Damage,L3_S2,-1718,1096,14746,-281,34,-137,0,-123.89
10190,20:27:27:251,3,Severe_Damage,L3_S2,-1772,1086,14678,-228,31,-125,0,-191.89
10191,20:27:27:262,3,Severe_Damage,L3_S2,-1712,1118,14720,-165,31,-116,0,-149.89
10192,20:27:27:272,3,Severe_Damage,L3_S2,-1766,1064,14706,-109,32,-104,0,-163.89
10193,20:27:27:282,3,Severe_Damage,L3_S2,-1724,1042,14728,-59,31,-103,0,-141.89
10194,20:27:27:292,3,Severe_Damage,L3_S2,-1746,1126,14798,-22,36,-101,0,-71.89
10195,20:27:27:301,3,Severe_Damage,L3_S2,-1836,1060,14886,3,36,-92,0,16.11
10196,20:27:27:311,3,Severe_Damage,L3_S2,-1762,1096,14922,0,26,-94,0,52.11
10197,20:27:27:321,3,Severe_Damage,L3_S2,-1806,1120,14990,-18,26,-91,0,120.11
10198,20:27:27:331,3,Severe_Damage,L3_S2,-1830,1168,14926,-52,32,-96,0,56.11
10199,20:27:27:341,3,Severe_Damage,L3_S2,-1774,1122,15002,-96,34,-107,0,132.11
10200,20:27:27:352,3,Severe_Damage,L3_S2,-1784,1136,15104,-151,36,-115,0,234.11
10201,20:27:27:362,3,Severe_Damage,L3_S2,-1762,1126,15058,-212,43,-128,0,188.11
10202,20:27:27:372,3,Severe_Damage,L3_S2,-1778,1120,15030,-271,30,-136,0,160.11
10203,20:27:27:382,3,Severe_Damage,L3_S2,-1834,1162,15000,-315,25,-139,0,130.11
10204,20:27:27:392,3,Severe_Damage,L3_S2,-1744,1118,14926,-353,22,-150,0,56.11
10205,20:27:27:402,3,Severe_Damage,L3_S2,-1780,1130,14914,-373,22,-156,0,44.11
10206,20:27:27:412,3,Severe_Damage,L3_S2,-1774,1114,14826,-372,20,-151,0,-43.89
10207,20:27:27:422,3,Severe_Damage,L3_S2,-1710,1066,14782,-356,27,-152,0,-87.89
10208,20:27:27:432,3,Severe_Damage,L3_S2,-1768,1088,14720,-327,31,-139,0,-149.89
10209,20:27:27:442,3,Severe_Damage,L3_S2,-1714,1054,14734,-280,35,-133,0,-135.89
10210,20:27:27:452,3,Severe_Damage,L3_S2,-1744,1038,14720,-230,30,-124,0,-149.89
10211,20:27:27:462,3,Severe_Damage,L3_S2,-1712,1118,14700,-172,28,-113,0,-169.89
10212,20:27:27:472,3,Severe_Damage,L3_S2,-1662,1086,14692,-112,27,-115,0,-177.89
10213,20:27:27:481,3,Severe_Damage,L3_S2,-1728,1104,14754,-74,30,-99,0,-115.89
10214,20:27:27:492,3,Severe_Damage,L3_S2,-1736,1084,14752,-30,37,-105,0,-117.89
10215,20:27:27:501,3,Severe_Damage,L3_S2,-1718,1116,14842,-18,34,-97,0,-27.89
10216,20:27:27:511,3,Severe_Damage,L3_S2,-1738,1094,14844,-11,39,-90,0,-25.89
10217,20:27:27:522,3,Severe_Damage,L3_S2,-1744,1140,14954,-27,41,-98,0,84.11
10218,20:27:27:532,3,Severe_Damage,L3_S2,-1850,1178,15002,-58,37,-100,0,132.11
10219,20:27:27:542,3,Severe_Damage,L3_S2,-1792,1114,15068,-103,35,-106,0,198.11
10220,20:27:27:552,3,Severe_Damage,L3_S2,-1800,1148,15012,-147,30,-118,0,142.11
10221,20:27:27:562,3,Severe_Damage,L3_S2,-1836,1182,14988,-205,27,-120,0,118.11
10222,20:27:27:572,3,Severe_Damage,L3_S2,-1762,1166,15044,-256,41,-130,0,174.11
10223,20:27:27:582,3,Severe_Damage,L3_S2,-1766,1128,14962,-310,29,-143,0,92.11
10224,20:27:27:592,3,Severe_Damage,L3_S2,-1730,1118,14950,-334,33,-151,0,80.11
10225,20:27:27:602,3,Severe_Damage,L3_S2,-1786,1138,14868,-358,24,-153,0,-1.89
10226,20:27:27:612,3,Severe_Damage,L3_S2,-1726,1094,14848,-361,28,-148,0,-21.89
10227,20:27:27:622,3,Severe_Damage,L3_S2,-1792,1114,14748,-347,28,-144,0,-121.89
10228,20:27:27:632,3,Severe_Damage,L3_S2,-1722,1062,14736,-318,23,-131,0,-133.89
10229,20:27:27:642,3,Severe_Damage,L3_S2,-1738,1094,14758,-275,33,-139,0,-111.89
10230,20:27:27:652,3,Severe_Damage,L3_S2,-1740,1100,14712,-236,27,-129,0,-157.89
10231,20:27:27:662,3,Severe_Damage,L3_S2,-1752,1094,14694,-180,27,-118,0,-175.89
10232,20:27:27:672,3,Severe_Damage,L3_S2,-1748,1106,14756,-129,33,-107,0,-113.89
10233,20:27:27:682,3,Severe_Damage,L3_S2,-1750,1100,14758,-84,31,-108,0,-111.89
10234,20:27:27:692,3,Severe_Damage,L3_S2,-1750,1080,14840,-55,30,-107,0,-29.89
10235,20:27:27:702,3,Severe_Damage,L3_S2,-1742,1136,14844,-27,37,-99,0,-25.89
10236,20:27:27:712,3,Severe_Damage,L3_S2,-1792,1114,14932,-32,31,-93,0,62.11
10237,20:27:27:722,3,Severe_Damage,L3_S2,-1784,1118,14894,-42,37,-99,0,24.11
10238,20:27:27:732,3,Severe_Damage,L3_S2,-1786,1130,14922,-73,32,-104,0,52.11
10239,20:27:27:742,3,Severe_Damage,L3_S2,-1832,1112,14904,-108,29,-107,0,34.11
10240,20:27:27:752,3,Severe_Damage,L3_S2,-1782,1168,15032,-148,29,-120,0,162.11
10241,20:27:27:762,3,Severe_Damage,L3_S2,-1800,1186,14984,-199,27,-119,0,114.11
10242,20:27:27:772,3,Severe_Damage,L3_S2,-1740,1118,14974,-248,20,-133,0,104.11
10243,20:27:27:782,3,Severe_Damage,L3_S2,-1796,1142,14976,-288,19,-138,0,106.11
10244,20:27:27:792,3,Severe_Damage,L3_S2,-1814,1098,14900,-322,27,-140,0,30.11
10245,20:27:27:802,3,Severe_Damage,L3_S2,-1756,1128,14888,-336,30,-148,0,18.11
10246,20:27:27:812,3,Severe_Damage,L3_S2,-1796,1110,14868,-344,22,-133,0,-1.89
10247,20:27:27:822,3,Severe_Damage,L3_S2,-1802,1102,14796,-333,37,-145,0,-73.89
10248,20:27:27:832,3,Severe_Damage,L3_S2,-1722,1104,14792,-315,23,-139,0,-77.89
10249,20:27:27:842,3,Severe_Damage,L3_S2,-1698,1072,14742,-277,34,-131,0,-127.89
10250,20:27:27:852,3,Severe_Damage,L3_S2,-1730,1110,14746,-226,26,-125,0,-123.89
10251,20:27:27:862,3,Severe_Damage,L3_S2,-1744,1112,14782,-179,30,-125,0,-87.89
10252,20:27:27:872,3,Severe_Damage,L3_S2,-1776,1100,14748,-134,33,-115,0,-121.89
10253,20:27:27:882,3,Severe_Damage,L3_S2,-1760,1156,14752,-95,27,-110,0,-117.89
10254,20:27:27:892,3,Severe_Damage,L3_S2,-1742,1112,14822,-68,32,-108,0,-47.89
10255,20:27:27:902,3,Severe_Damage,L3_S2,-1766,1094,14912,-45,43,-99,0,42.11
10256,20:27:27:912,3,Severe_Damage,L3_S2,-1808,1096,14908,-45,38,-94,0,38.11
10257,20:27:27:922,3,Severe_Damage,L3_S2,-1740,1110,14918,-51,38,-97,0,48.11
10258,20:27:27:932,3,Severe_Damage,L3_S2,-1778,1158,14908,-72,30,-107,0,38.11
10259,20:27:27:942,3,Severe_Damage,L3_S2,-1764,1156,14990,-106,36,-112,0,120.11
10260,20:27:27:952,3,Severe_Damage,L3_S2,-1790,1100,14998,-145,33,-114,0,128.11
10261,20:27:27:962,3,Severe_Damage,L3_S2,-1770,1160,15048,-196,33,-126,0,178.11
10262,20:27:27:972,3,Severe_Damage,L3_S2,-1776,1108,14934,-239,36,-137,0,64.11
10263,20:27:27:982,3,Severe_Damage,L3_S2,-1792,1166,14864,-279,24,-141,0,-5.89
10264,20:27:27:992,3,Severe_Damage,L3_S2,-1744,1112,14902,-310,35,-140,0,32.11
10265,20:27:28:002,3,Severe_Damage,L3_S2,-1744,1110,14922,-328,26,-137,0,52.11
10266,20:27:28:012,3,Severe_Damage,L3_S2,-1758,1078,14838,-337,19,-142,0,-31.89
10267,20:27:28:022,3,Severe_Damage,L3_S2,-1728,1102,14758,-324,27,-145,0,-111.89
10268,20:27:28:032,3,Severe_Damage,L3_S2,-1766,1100,14810,-302,28,-142,0,-59.89
10269,20:27:28:042,3,Severe_Damage,L3_S2,-1670,1112,14762,-265,28,-136,0,-107.89
10270,20:27:28:052,3,Severe_Damage,L3_S2,-1768,1102,14716,-232,28,-123,0,-153.89
10271,20:27:28:062,3,Severe_Damage,L3_S2,-1758,1072,14734,-185,30,-119,0,-135.89
10272,20:27:28:072,3,Severe_Damage,L3_S2,-1728,1116,14722,-146,26,-109,0,-147.89
10273,20:27:28:082,3,Severe_Damage,L3_S2,-1778,1066,14876,-108,29,-105,0,6.11
10274,20:27:28:092,3,Severe_Damage,L3_S2,-1758,1106,14820,-82,34,-106,0,-49.89
10275,20:27:28:102,3,Severe_Damage,L3_S2,-1808,1126,14844,-65,32,-98,0,-25.89
10276,20:27:28:112,3,Severe_Damage,L3_S2,-1766,1074,14888,-57,38,-104,0,18.11
10277,20:27:28:122,3,Severe_Damage,L3_S2,-1812,1116,14902,-62,27,-102,0,32.11
10278,20:27:28:132,3,Severe_Damage,L3_S2,-1840,1100,14978,-85,31,-106,0,108.11
10279,20:27:28:142,3,Severe_Damage,L3_S2,-1838,1072,14950,-111,39,-109,0,80.11
10280,20:27:28:152,3,Severe_Damage,L3_S2,-1792,1156,14944,-153,33,-109,0,74.11
10281,20:27:28:162,3,Severe_Damage,L3_S2,-1778,1098,15002,-188,35,-122,0,132.11
10282,20:27:28:172,3,Severe_Damage,L3_S2,-1834,1124,15064,-237,26,-130,0,194.11
10283,20:27:28:182,3,Severe_Damage,L3_S2,-1822,1116,14978,-271,21,-139,0,108.11
10284,20:27:28:192,3,Severe_Damage,L3_S2,-1740,1144,14952,-297,25,-143,0,82.11
10285,20:27:28:202,3,Severe_Damage,L3_S2,-1754,1122,14902,-313,30,-145,0,32.11
10286,20:27:28:212,3,Severe_Damage,L3_S2,-1742,1020,14818,-321,24,-148,0,-51.89
10287,20:27:28:222,3,Severe_Damage,L3_S2,-1742,1112,14808,-317,22,-141,0,-61.89
10288,20:27:28:232,3,Severe_Damage,L3_S2,-1708,1070,14756,-297,30,-143,0,-113.89
10289,20:27:28:242,3,Severe_Damage,L3_S2,-1722,1068,14706,-263,19,-129,0,-163.89
10290,20:27:28:252,3,Severe_Damage,L3_S2,-1742,1076,14726,-226,26,-123,0,-143.89
10291,20:27:28:262,3,Severe_Damage,L3_S2,-1718,1054,14712,-184,34,-124,0,-157.89
10292,20:27:28:272,3,Severe_Damage,L3_S2,-1746,1110,14708,-150,27,-107,0,-161.89
10293,20:27:28:282,3,Severe_Damage,L3_S2,-1774,1080,14764,-117,38,-109,0,-105.89
10294,20:27:28:292,3,Severe_Damage,L3_S2,-1714,1038,14856,-90,34,-111,0,-13.89
10295,20:27:28:302,3,Severe_Damage,L3_S2,-1744,1094,14858,-77,38,-106,0,-11.89
10296,20:27:28:312,3,Severe_Damage,L3_S2,-1794,1110,14870,-65,40,-103,0,0.11
10297,20:27:28:322,3,Severe_Damage,L3_S2,-1768,1130,14918,-76,33,-103,0,48.11
10298,20:27:28:332,3,Severe_Damage,L3_S2,-1780,1142,14960,-86,32,-104,0,90.11
10299,20:27:28:342,3,Severe_Damage,L3_S2,-1778,1122,14934,-120,32,-108,0,64.11
10300,20:27:28:352,3,Severe_Damage,L3_S2,-1784,1102,15000,-159,27,-117,0,130.11
10301,20:27:28:362,3,Severe_Damage,L3_S2,-1786,1124,14984,-186,31,-125,0,114.11
10302,20:27:28:372,3,Severe_Damage,L3_S2,-1758,1134,14918,-228,19,-137,0,48.11
10303,20:27:28:382,3,Severe_Damage,L3_S2,-1772,1132,14952,-262,23,-136,0,82.11
10304,20:27:28:392,3,Severe_Damage,L3_S2,-1802,1130,14952,-283,24,-142,0,82.11
10305,20:27:28:402,3,Severe_Damage,L3_S2,-1760,1078,14920,-305,31,-143,0,50.11
10306,20:27:28:412,3,Severe_Damage,L3_S2,-1768,1080,14886,-305,17,-141,0,16.11
10307,20:27:28:422,3,Severe_Damage,L3_S2,-1770,1086,14808,-307,25,-143,0,-61.89
10308,20:27:28:432,3,Severe_Damage,L3_S2,-1780,1148,14796,-289,26,-134,0,-73.89
10309,20:27:28:442,3,Severe_Damage,L3_S2,-1712,1098,14770,-263,23,-133,0,-99.89
10310,20:27:28:452,3,Severe_Damage,L3_S2,-1742,1082,14810,-223,26,-134,0,-59.89
10311,20:27:28:462,3,Severe_Damage,L3_S2,-1728,1110,14692,-188,27,-129,0,-177.89
10312,20:27:28:472,3,Severe_Damage,L3_S2,-1722,1066,14782,-157,30,-119,0,-87.89
10313,20:27:28:482,3,Severe_Damage,L3_S2,-1756,1110,14748,-127,26,-101,0,-121.89
10314,20:27:28:492,3,Severe_Damage,L3_S2,-1752,1068,14762,-102,35,-105,0,-107.89
10315,20:27:28:502,3,Severe_Damage,L3_S2,-1744,1084,14890,-84,27,-97,0,20.11
10316,20:27:28:512,3,Severe_Damage,L3_S2,-1756,1136,14932,-77,34,-100,0,62.11
10317,20:27:28:522,3,Severe_Damage,L3_S2,-1770,1112,14886,-84,34,-108,0,16.11
10318,20:27:28:532,3,Severe_Damage,L3_S2,-1812,1098,14928,-101,31,-102,0,58.11
10319,20:27:28:542,3,Severe_Damage,L3_S2,-1790,1122,14950,-125,34,-113,0,80.11
10320,20:27:28:552,3,Severe_Damage,L3_S2,-1802,1110,14874,-152,25,-118,0,4.11
10321,20:27:28:562,3,Severe_Damage,L3_S2,-1802,1110,14968,-184,26,-119,0,98.11
10322,20:27:28:572,3,Severe_Damage,L3_S2,-1756,1148,15002,-222,34,-126,0,132.11
10323,20:27:28:582,3,Severe_Damage,L3_S2,-1788,1132,14970,-258,30,-131,0,100.11
10324,20:27:28:592,3,Severe_Damage,L3_S2,-1802,1098,14850,-279,35,-142,0,-19.89
10325,20:27:28:602,3,Severe_Damage,L3_S2,-1756,1100,14922,-287,33,-137,0,52.11
10326,20:27:28:612,3,Severe_Damage,L3_S2,-1764,1102,14846,-299,29,-140,0,-23.89
10327,20:27:28:622,3,Severe_Damage,L3_S2,-1802,1078,14852,-285,27,-133,0,-17.89
10328,20:27:28:632,3,Severe_Damage,L3_S2,-1704,1116,14824,-280,24,-134,0,-45.89
10329,20:27:28:642,3,Severe_Damage,L3_S2,-1754,1066,14764,-243,33,-130,0,-105.89
10330,20:27:28:652,3,Severe_Damage,L3_S2,-1768,1060,14738,-226,29,-128,0,-131.89
10331,20:27:28:662,3,Severe_Damage,L3_S2,-1816,1060,14824,-188,29,-116,0,-45.89
10332,20:27:28:672,3,Severe_Damage,L3_S2,-1754,1102,14836,-163,35,-116,0,-33.89
10333,20:27:28:682,3,Severe_Damage,L3_S2,-1738,1098,14806,-132,26,-106,0,-63.89
10334,20:27:28:692,3,Severe_Damage,L3_S2,-1748,1090,14848,-112,29,-100,0,-21.89
10335,20:27:28:702,3,Severe_Damage,L3_S2,-1786,1084,14880,-98,39,-106,0,10.11
10336,20:27:28:712,3,Severe_Damage,L3_S2,-1768,1142,14916,-87,43,-109,0,46.11
10337,20:27:28:722,3,Severe_Damage,L3_S2,-1794,1140,14882,-92,31,-105,0,12.11
10338,20:27:28:732,3,Severe_Damage,L3_S2,-1802,1156,14904,-110,31,-108,0,34.11
10339,20:27:28:742,3,Severe_Damage,L3_S2,-1814,1148,14918,-132,29,-105,0,48.11
10340,20:27:28:752,3,Severe_Damage,L3_S2,-1804,1138,14892,-160,26,-112,0,22.11
10341,20:27:28:762,3,Severe_Damage,L3_S2,-1778,1154,14988,-184,26,-120,0,118.11
10342,20:27:28:772,3,Severe_Damage,L3_S2,-1774,1090,14932,-211,24,-123,0,62.11
10343,20:27:28:782,3,Severe_Damage,L3_S2,-1742,1122,14930,-246,29,-133,0,60.11
10344,20:27:28:792,3,Severe_Damage,L3_S2,-1796,1160,14872,-273,32,-146,0,2.11
10345,20:27:28:802,3,Severe_Damage,L3_S2,-1754,1118,14844,-287,29,-143,0,-25.89
10346,20:27:28:813,3,Severe_Damage,L3_S2,-1822,1100,14836,-290,29,-139,0,-33.89
10347,20:27:28:822,3,Severe_Damage,L3_S2,-1830,1132,14910,-285,21,-136,0,40.11
10348,20:27:28:832,3,Severe_Damage,L3_S2,-1738,1102,14790,-269,33,-143,0,-79.89
10349,20:27:28:843,3,Severe_Damage,L3_S2,-1766,1066,14802,-259,14,-130,0,-67.89
10350,20:27:28:853,3,Severe_Damage,L3_S2,-1752,1080,14760,-221,31,-128,0,-109.89
10351,20:27:28:863,3,Severe_Damage,L3_S2,-1712,1012,14778,-205,28,-127,0,-91.89
10352,20:27:28:873,3,Severe_Damage,L3_S2,-1796,1096,14774,-163,23,-113,0,-95.89
10353,20:27:28:882,3,Severe_Damage,L3_S2,-1728,1062,14852,-139,45,-121,0,-17.89
10354,20:27:28:892,3,Severe_Damage,L3_S2,-1814,1062,14846,-116,21,-105,0,-23.89
10355,20:27:28:902,3,Severe_Damage,L3_S2,-1774,1054,14824,-103,38,-102,0,-45.89
10356,20:27:28:912,3,Severe_Damage,L3_S2,-1690,1078,14962,-105,30,-104,0,92.11
10357,20:27:28:922,3,Severe_Damage,L3_S2,-1820,1074,14950,-97,25,-102,0,80.11
10358,20:27:28:933,3,Severe_Damage,L3_S2,-1700,1160,14966,-114,43,-116,0,96.11
10359,20:27:28:942,3,Severe_Damage,L3_S2,-1788,1148,14904,-132,18,-113,0,34.11
10360,20:27:28:952,3,Severe_Damage,L3_S2,-1776,1174,14940,-161,39,-118,0,70.11
10361,20:27:28:963,3,Severe_Damage,L3_S2,-1730,1100,14934,-187,21,-124,0,64.11
10362,20:27:28:973,3,Severe_Damage,L3_S2,-1824,1132,14916,-218,20,-122,0,46.11
10363,20:27:28:983,3,Severe_Damage,L3_S2,-1738,1106,14880,-238,33,-130,0,10.11
10364,20:27:28:993,3,Severe_Damage,L3_S2,-1790,1122,14952,-264,14,-120,0,82.11
10365,20:27:29:003,3,Severe_Damage,L3_S2,-1786,1140,14872,-276,38,-130,0,2.11
10366,20:27:29:013,3,Severe_Damage,L3_S2,-1762,1090,14850,-276,28,-136,0,-19.89
10367,20:27:29:023,3,Severe_Damage,L3_S2,-1798,1092,14890,-282,27,-128,0,20.11
10368,20:27:29:033,3,Severe_Damage,L3_S2,-1734,1092,14808,-269,39,-134,0,-61.89
10369,20:27:29:042,3,Severe_Damage,L3_S2,-1776,1078,14728,-252,23,-128,0,-141.89
10370,20:27:29:052,3,Severe_Damage,L3_S2,-1784,1124,14750,-225,43,-127,0,-119.89
10371,20:27:29:062,3,Severe_Damage,L3_S2,-1758,1132,14778,-194,21,-120,0,-91.89
10372,20:27:29:073,3,Severe_Damage,L3_S2,-1796,1088,14806,-165,36,-123,0,-63.89
10373,20:27:29:083,3,Severe_Damage,L3_S2,-1754,1108,14786,-147,33,-109,0,-83.89
10374,20:27:29:093,3,Severe_Damage,L3_S2,-1794,1114,14790,-131,25,-115,0,-79.89
10375,20:27:29:103,3,Severe_Damage,L3_S2,-1764,1148,14820,-114,32,-111,0,-49.89
10376,20:27:29:113,3,Severe_Damage,L3_S2,-1768,1074,14894,-105,26,-104,0,24.11
10377,20:27:29:123,3,Severe_Damage,L3_S2,-1764,1148,14904,-105,44,-106,0,34.11
10378,20:27:29:133,3,Severe_Damage,L3_S2,-1798,1140,14936,-121,31,-109,0,66.11
10379,20:27:29:143,3,Severe_Damage,L3_S2,-1730,1100,14946,-141,36,-116,0,76.11
10380,20:27:29:153,3,Severe_Damage,L3_S2,-1766,1134,15024,-166,35,-116,0,154.11
10381,20:27:29:163,3,Severe_Damage,L3_S2,-1784,1160,14862,-184,25,-115,0,-7.89
10382,20:27:29:173,3,Severe_Damage,L3_S2,-1758,1118,14944,-211,37,-127,0,74.11
10383,20:27:29:183,3,Severe_Damage,L3_S2,-1794,1086,14904,-238,19,-126,0,34.11
10384,20:27:29:193,3,Severe_Damage,L3_S2,-1758,1140,14926,-257,28,-133,0,56.11
10385,20:27:29:203,3,Severe_Damage,L3_S2,-1804,1132,14872,-267,20,-131,0,2.11
10386,20:27:29:213,3,Severe_Damage,L3_S2,-1800,1146,14920,-270,26,-143,0,50.11
10387,20:27:29:223,3,Severe_Damage,L3_S2,-1750,1108,14788,-267,36,-138,0,-81.89
10388,20:27:29:233,3,Severe_Damage,L3_S2,-1800,1098,14814,-263,29,-129,0,-55.89
10389,20:27:29:243,3,Severe_Damage,L3_S2,-1720,1094,14840,-241,33,-128,0,-29.89
10390,20:27:29:253,3,Severe_Damage,L3_S2,-1770,1074,14784,-217,19,-129,0,-85.89
10391,20:27:29:263,3,Severe_Damage,L3_S2,-1734,1072,14796,-198,24,-126,0,-73.89
10392,20:27:29:273,3,Severe_Damage,L3_S2,-1702,1122,14772,-171,28,-119,0,-97.89
10393,20:27:29:283,3,Severe_Damage,L3_S2,-1756,1110,14876,-150,27,-110,0,6.11
10394,20:27:29:293,3,Severe_Damage,L3_S2,-1778,1098,14756,-126,33,-113,0,-113.89
10395,20:27:29:303,3,Severe_Damage,L3_S2,-1780,1114,14904,-121,36,-113,0,34.11
10396,20:27:29:313,3,Severe_Damage,L3_S2,-1742,1100,14892,-116,34,-111,0,22.11
10397,20:27:29:323,3,Severe_Damage,L3_S2,-1740,1110,14872,-115,34,-118,0,2.11
10398,20:27:29:333,3,Severe_Damage,L3_S2,-1750,1116,14832,-126,28,-109,0,-37.89
10399,20:27:29:343,3,Severe_Damage,L3_S2,-1762,1106,14938,-139,32,-116,0,68.11
10400,20:27:29:353,3,Severe_Damage,L3_S2,-1804,1136,14930,-164,27,-120,0,60.11
10401,20:27:29:363,3,Severe_Damage,L3_S2,-1802,1132,15000,-187,38,-122,0,130.11
10402,20:27:29:373,3,Severe_Damage,L3_S2,-1738,1094,14980,-209,27,-124,0,110.11
10403,20:27:29:383,3,Severe_Damage,L3_S2,-1794,1110,14926,-233,25,-127,0,56.11
10404,20:27:29:393,3,Severe_Damage,L3_S2,-1782,1138,14856,-247,21,-131,0,-13.89
10405,20:27:29:403,3,Severe_Damage,L3_S2,-1826,1118,14940,-259,29,-129,0,70.11
10406,20:27:29:413,3,Severe_Damage,L3_S2,-1766,1072,14928,-269,27,-136,0,58.11
10407,20:27:29:423,3,Severe_Damage,L3_S2,-1794,1118,14802,-266,24,-136,0,-67.89
10408,20:27:29:433,3,Severe_Damage,L3_S2,-1736,1092,14780,-255,30,-129,0,-89.89
10409,20:27:29:443,3,Severe_Damage,L3_S2,-1774,1150,14826,-234,34,-134,0,-43.89
10410,20:27:29:453,3,Severe_Damage,L3_S2,-1718,1068,14786,-216,34,-125,0,-83.89
10411,20:27:29:463,3,Severe_Damage,L3_S2,-1736,1096,14806,-197,31,-117,0,-63.89
10412,20:27:29:473,3,Severe_Damage,L3_S2,-1772,1088,14818,-177,30,-118,0,-51.89
10413,20:27:29:483,3,Severe_Damage,L3_S2,-1758,1082,14812,-155,33,-122,0,-57.89
10414,20:27:29:493,3,Severe_Damage,L3_S2,-1788,1096,14774,-140,34,-114,0,-95.89
10415,20:27:29:503,3,Severe_Damage,L3_S2,-1770,1072,14852,-126,32,-110,0,-17.89
10416,20:27:29:513,3,Severe_Damage,L3_S2,-1768,1098,14872,-118,33,-113,0,2.11
10417,20:27:29:523,3,Severe_Damage,L3_S2,-1758,1086,14918,-121,27,-114,0,48.11
10418,20:27:29:533,3,Severe_Damage,L3_S2,-1780,1152,14958,-126,32,-113,0,88.11
10419,20:27:29:543,3,Severe_Damage,L3_S2,-1752,1118,14956,-144,33,-117,0,86.11
10420,20:27:29:553,3,Severe_Damage,L3_S2,-1824,1070,14934,-163,30,-120,0,64.11
10421,20:27:29:563,3,Severe_Damage,L3_S2,-1778,1138,14968,-182,34,-124,0,98.11
10422,20:27:29:573,3,Severe_Damage,L3_S2,-1752,1154,14904,-208,31,-118,0,34.11
10423,20:27:29:583,3,Severe_Damage,L3_S2,-1746,1110,14916,-223,25,-126,0,46.11
10424,20:27:29:593,3,Severe_Damage,L3_S2,-1782,1130,14916,-247,34,-130,0,46.11
10425,20:27:29:603,3,Severe_Damage,L3_S2,-1746,1088,14934,-254,29,-131,0,64.11
10426,20:27:29:613,3,Severe_Damage,L3_S2,-1778,1096,14816,-266,26,-136,0,-53.89
10427,20:27:29:623,3,Severe_Damage,L3_S2,-1806,1118,14856,-263,21,-131,0,-13.89
10428,20:27:29:633,3,Severe_Damage,L3_S2,-1746,1070,14856,-255,25,-137,0,-13.89
10429,20:27:29:643,3,Severe_Damage,L3_S2,-1798,1098,14840,-244,30,-128,0,-29.89
10430,20:27:29:653,3,Severe_Damage,L3_S2,-1788,1076,14822,-226,21,-131,0,-47.89
10431,20:27:29:663,3,Severe_Damage,L3_S2,-1790,1082,14800,-204,28,-121,0,-69.89
10432,20:27:29:673,3,Severe_Damage,L3_S2,-1818,1088,14884,-185,26,-118,0,14.11
10433,20:27:29:683,3,Severe_Damage,L3_S2,-1822,1106,14776,-163,33,-114,0,-93.89
10434,20:27:29:693,3,Severe_Damage,L3_S2,-1734,1090,14792,-142,30,-115,0,-77.89
10435,20:27:29:703,3,Severe_Damage,L3_S2,-1768,1110,14872,-129,34,-110,0,2.11
10436,20:27:29:713,3,Severe_Damage,L3_S2,-1760,1138,14896,-128,36,-111,0,26.11
10437,20:27:29:723,3,Severe_Damage,L3_S2,-1814,1076,14868,-126,29,-111,0,-1.89
10438,20:27:29:733,3,Severe_Damage,L3_S2,-1778,1092,14932,-133,30,-114,0,62.11
10439,20:27:29:743,3,Severe_Damage,L3_S2,-1766,1102,14930,-140,29,-120,0,60.11
10440,20:27:29:753,3,Severe_Damage,L3_S2,-1790,1082,14926,-161,35,-115,0,56.11
10441,20:27:29:763,3,Severe_Damage,L3_S2,-1772,1148,14970,-181,26,-116,0,100.11
10442,20:27:29:773,3,Severe_Damage,L3_S2,-1776,1118,14930,-201,33,-124,0,60.11
10443,20:27:29:783,3,Severe_Damage,L3_S2,-1726,1130,14906,-225,30,-124,0,36.11
10444,20:27:29:793,3,Severe_Damage,L3_S2,-1748,1106,14860,-233,30,-130,0,-9.89
10445,20:27:29:803,3,Severe_Damage,L3_S2,-1766,1082,14920,-250,30,-127,0,50.11
10446,20:27:29:813,3,Severe_Damage,L3_S2,-1734,1106,14884,-255,25,-133,0,14.11
10447,20:27:29:823,3,Severe_Damage,L3_S2,-1768,1134,14850,-256,27,-131,0,-19.89
10448,20:27:29:833,3,Severe_Damage,L3_S2,-1764,1088,14808,-247,26,-132,0,-61.89
10449,20:27:29:843,3,Severe_Damage,L3_S2,-1736,1110,14892,-235,35,-131,0,22.11
10450,20:27:29:853,3,Severe_Damage,L3_S2,-1746,1062,14766,-220,29,-125,0,-103.89
10451,20:27:29:863,3,Severe_Damage,L3_S2,-1758,1080,14782,-202,38,-130,0,-87.89
10452,20:27:29:873,3,Severe_Damage,L3_S2,-1712,1066,14780,-189,23,-123,0,-89.89
10453,20:27:29:883,3,Severe_Damage,L3_S2,-1764,1094,14832,-162,27,-118,0,-37.89
10454,20:27:29:893,3,Severe_Damage,L3_S2,-1706,1104,14892,-150,28,-114,0,22.11
10455,20:27:29:903,3,Severe_Damage,L3_S2,-1772,1066,14870,-133,26,-116,0,0.11
10456,20:27:29:913,3,Severe_Damage,L3_S2,-1886,1206,14856,-134,31,-111,0,-13.89
10457,20:27:29:923,3,Severe_Damage,L3_S2,-1742,1086,14944,-130,39,-115,0,74.11
10458,20:27:29:933,3,Severe_Damage,L3_S2,-1802,1108,14860,-142,31,-121,0,-9.89
10459,20:27:29:943,3,Severe_Damage,L3_S2,-1848,1114,14964,-152,38,-117,0,94.11
10460,20:27:29:953,3,Severe_Damage,L3_S2,-1738,1100,14968,-163,39,-125,0,98.11
10461,20:27:29:963,3,Severe_Damage,L3_S2,-1822,1098,14930,-178,16,-115,0,60.11
10462,20:27:29:973,3,Severe_Damage,L3_S2,-1758,1108,14962,-200,31,-126,0,92.11
10463,20:27:29:983,3,Severe_Damage,L3_S2,-1752,1082,14928,-220,21,-126,0,58.11
10464,20:27:29:993,3,Severe_Damage,L3_S2,-1792,1126,14944,-227,17,-126,0,74.11
10465,20:27:30:003,3,Severe_Damage,L3_S2,-1706,1108,14886,-239,36,-139,0,16.11
10466,20:27:30:013,3,Severe_Damage,L3_S2,-1792,1100,14878,-256,13,-121,0,8.11
10467,20:27:30:023,3,Severe_Damage,L3_S2,-1770,1124,14808,-240,43,-131,0,-61.89
10468,20:27:30:033,3,Severe_Damage,L3_S2,-1778,1072,14802,-245,27,-134,0,-67.89
10469,20:27:30:043,3,Severe_Damage,L3_S2,-1724,1086,14850,-240,24,-126,0,-19.89
10470,20:27:30:053,3,Severe_Damage,L3_S2,-1716,1098,14842,-215,37,-132,0,-27.89
10471,20:27:30:063,3,Severe_Damage,L3_S2,-1782,1132,14816,-202,22,-121,0,-53.89
10472,20:27:30:073,3,Severe_Damage,L3_S2,-1728,1154,14832,-180,43,-120,0,-37.89
10473,20:27:30:083,3,Severe_Damage,L3_S2,-1788,1120,14904,-165,23,-116,0,34.11
10474,20:27:30:093,3,Severe_Damage,L3_S2,-1752,1094,14830,-151,43,-116,0,-39.89
10475,20:27:30:103,3,Severe_Damage,L3_S2,-1732,1080,14816,-143,29,-114,0,-53.89
10476,20:27:30:113,3,Severe_Damage,L3_S2,-1788,1096,14846,-144,22,-110,0,-23.89
10477,20:27:30:123,3,Severe_Damage,L3_S2,-1766,1106,14844,-133,41,-114,0,-25.89
10478,20:27:30:133,3,Severe_Damage,L3_S2,-1802,1090,14908,-142,20,-120,0,38.11
10479,20:27:30:143,3,Severe_Damage,L3_S2,-1786,1122,14888,-145,35,-118,0,18.11
10480,20:27:30:153,3,Severe_Damage,L3_S2,-1786,1108,14952,-177,26,-119,0,82.11
10481,20:27:30:163,3,Severe_Damage,L3_S2,-1728,1080,14900,-190,43,-129,0,30.11
10482,20:27:30:173,3,Severe_Damage,L3_S2,-1806,1160,14900,-212,16,-122,0,30.11
10483,20:27:30:183,3,Severe_Damage,L3_S2,-1816,1134,14936,-224,31,-125,0,66.11
10484,20:27:30:193,3,Severe_Damage,L3_S2,-1794,1126,14878,-242,28,-126,0,8.11
10485,20:27:30:203,3,Severe_Damage,L3_S2,-1742,1118,14890,-248,29,-131,0,20.11
10486,20:27:30:213,3,Severe_Damage,L3_S2,-1738,1104,14878,-249,36,-130,0,8.11
10487,20:27:30:223,3,Severe_Damage,L3_S2,-1762,1136,14806,-237,28,-122,0,-63.89
10488,20:27:30:233,3,Severe_Damage,L3_S2,-1732,1066,14764,-221,35,-134,0,-105.89
10489,20:27:30:243,3,Severe_Damage,L3_S2,-1764,1070,14834,-214,24,-127,0,-35.89
10490,20:27:30:253,3,Severe_Damage,L3_S2,-1752,1072,14868,-202,38,-124,0,-1.89
10491,20:27:30:263,3,Severe_Damage,L3_S2,-1784,1124,14774,-187,38,-129,0,-95.89
10492,20:27:30:273,3,Severe_Damage,L3_S2,-1762,1116,14842,-172,29,-116,0,-27.89
10493,20:27:30:283,3,Severe_Damage,L3_S2,-1736,1120,14862,-155,31,-122,0,-7.89
10494,20:27:30:293,3,Severe_Damage,L3_S2,-1768,1108,14862,-148,30,-115,0,-7.89
10495,20:27:30:303,3,Severe_Damage,L3_S2,-1762,1130,14870,-143,38,-110,0,0.11
10496,20:27:30:313,3,Severe_Damage,L3_S2,-1744,1100,14946,-142,34,-115,0,76.11
10497,20:27:30:323,3,Severe_Damage,L3_S2,-1770,1102,14904,-150,29,-119,0,34.11
10498,20:27:30:333,3,Severe_Damage,L3_S2,-1766,1084,14864,-155,31,-115,0,-5.89
10499,20:27:30:343,3,Severe_Damage,L3_S2,-1768,1106,14890,-163,26,-117,0,20.11
10500,20:27:30:353,3,Severe_Damage,L3_S2,-1780,1080,14858,-178,32,-120,0,-11.89
10501,20:27:30:363,3,Severe_Damage,L3_S2,-1772,1080,14950,-197,22,-120,0,80.11
10502,20:27:30:373,3,Severe_Damage,L3_S2,-1784,1102,14882,-204,33,-119,0,12.11
10503,20:27:30:383,3,Severe_Damage,L3_S2,-1774,1088,14900,-223,31,-126,0,30.11
10504,20:27:30:393,3,Severe_Damage,L3_S2,-1724,1122,14872,-224,27,-132,0,2.11
10505,20:27:30:403,3,Severe_Damage,L3_S2,-1756,1096,14894,-235,35,-135,0,24.11
10506,20:27:30:413,3,Severe_Damage,L3_S2,-1774,1116,14886,-234,24,-128,0,16.11
10507,20:27:30:423,3,Severe_Damage,L3_S2,-1752,1146,14812,-231,32,-124,0,-57.89
10508,20:27:30:433,3,Severe_Damage,L3_S2,-1776,1076,14784,-226,27,-129,0,-85.89
10509,20:27:30:443,3,Severe_Damage,L3_S2,-1766,1082,14816,-214,29,-131,0,-53.89
10510,20:27:30:453,3,Severe_Damage,L3_S2,-1766,1086,14822,-201,33,-123,0,-47.89
10511,20:27:30:464,3,Severe_Damage,L3_S2,-1750,1120,14858,-188,36,-127,0,-11.89
10512,20:27:30:473,3,Severe_Damage,L3_S2,-1748,1120,14916,-174,36,-122,0,46.11
10513,20:27:30:483,3,Severe_Damage,L3_S2,-1818,1068,14872,-163,29,-115,0,2.11
10514,20:27:30:493,3,Severe_Damage,L3_S2,-1802,1096,14868,-154,37,-115,0,-1.89
10515,20:27:30:503,3,Severe_Damage,L3_S2,-1784,1132,14844,-148,27,-117,0,-25.89
10516,20:27:30:513,3,Severe_Damage,L3_S2,-1754,1106,14840,-144,29,-113,0,-29.89
10517,20:27:30:523,3,Severe_Damage,L3_S2,-1754,1116,14960,-151,34,-115,0,90.11
10518,20:27:30:534,3,Severe_Damage,L3_S2,-1752,1126,14900,-157,23,-109,0,30.11
10519,20:27:30:544,3,Severe_Damage,L3_S2,-1776,1080,14968,-165,35,-121,0,98.11
10520,20:27:30:554,3,Severe_Damage,L3_S2,-1756,1138,14916,-183,26,-120,0,46.11
10521,20:27:30:564,3,Severe_Damage,L3_S2,-1798,1116,14850,-199,30,-123,0,-19.89
10522,20:27:30:573,3,Severe_Damage,L3_S2,-1760,1158,14848,-208,32,-126,0,-21.89
10523,20:27:30:583,3,Severe_Damage,L3_S2,-1818,1164,14888,-221,29,-133,0,18.11
10524,20:27:30:594,3,Severe_Damage,L3_S2,-1782,1088,14926,-221,30,-126,0,56.11
10525,20:27:30:604,3,Severe_Damage,L3_S2,-1758,1124,14892,-229,27,-125,0,22.11
10526,20:27:30:613,3,Severe_Damage,L3_S2,-1800,1098,14844,-231,25,-123,0,-25.89
10527,20:27:30:623,3,Severe_Damage,L3_S2,-1698,1126,14870,-231,22,-127,0,0.11
10528,20:27:30:634,3,Severe_Damage,L3_S2,-1728,1100,14864,-223,21,-134,0,-5.89
10529,20:27:30:643,3,Severe_Damage,L3_S2,-1750,1054,14868,-219,31,-132,0,-1.89
10530,20:27:30:654,3,Severe_Damage,L3_S2,-1742,1060,14838,-202,33,-129,0,-31.89
10531,20:27:30:664,3,Severe_Damage,L3_S2,-1748,1110,14802,-189,33,-125,0,-67.89
10532,20:27:30:674,3,Severe_Damage,L3_S2,-1756,1100,14854,-174,30,-117,0,-15.89
10533,20:27:30:684,3,Severe_Damage,L3_S2,-1786,1118,14824,-167,30,-119,0,-45.89
10534,20:27:30:693,3,Severe_Damage,L3_S2,-1778,1152,14866,-157,34,-118,0,-3.89
10535,20:27:30:704,3,Severe_Damage,L3_S2,-1754,1136,14868,-150,34,-118,0,-1.89
10536,20:27:30:714,3,Severe_Damage,L3_S2,-1800,1154,14916,-147,33,-114,0,46.11
10537,20:27:30:724,3,Severe_Damage,L3_S2,-1816,1138,14926,-151,30,-121,0,56.11
10538,20:27:30:734,3,Severe_Damage,L3_S2,-1764,1104,14916,-154,30,-120,0,46.11
10539,20:27:30:744,3,Severe_Damage,L3_S2,-1774,1162,14928,-173,32,-123,0,58.11
10540,20:27:30:754,3,Severe_Damage,L3_S2,-1768,1094,14910,-184,29,-124,0,40.11
10541,20:27:30:764,3,Severe_Damage,L3_S2,-1766,1122,14906,-194,28,-124,0,36.11
10542,20:27:30:774,3,Severe_Damage,L3_S2,-1768,1140,14878,-204,30,-129,0,8.11
10543,20:27:30:784,3,Severe_Damage,L3_S2,-1728,1120,14964,-220,26,-120,0,94.11
10544,20:27:30:794,3,Severe_Damage,L3_S2,-1812,1132,14942,-222,34,-126,0,72.11
10545,20:27:30:804,3,Severe_Damage,L3_S2,-1748,1096,14862,-227,25,-126,0,-7.89
10546,20:27:30:814,3,Severe_Damage,L3_S2,-1794,1106,14818,-234,35,-126,0,-51.89
10547,20:27:30:824,3,Severe_Damage,L3_S2,-1790,1088,14852,-233,32,-122,0,-17.89
10548,20:27:30:834,3,Severe_Damage,L3_S2,-1760,1126,14826,-227,30,-123,0,-43.89
10549,20:27:30:844,3,Severe_Damage,L3_S2,-1742,1126,14820,-217,30,-126,0,-49.89
10550,20:27:30:854,3,Severe_Damage,L3_S2,-1780,1068,14878,-207,31,-120,0,8.11
10551,20:27:30:864,3,Severe_Damage,L3_S2,-1756,1094,14778,-193,31,-123,0,-91.89
10552,20:27:30:874,3,Severe_Damage,L3_S2,-1736,1110,14834,-174,34,-119,0,-35.89
10553,20:27:30:884,3,Severe_Damage,L3_S2,-1734,1056,14894,-168,31,-122,0,24.11
10554,20:27:30:894,3,Severe_Damage,L3_S2,-1800,1110,14784,-163,33,-122,0,-85.89
10555,20:27:30:904,3,Severe_Damage,L3_S2,-1760,1134,14848,-161,32,-121,0,-21.89
10556,20:27:30:914,3,Severe_Damage,L3_S2,-1764,1104,14862,-159,28,-113,0,-7.89
10557,20:27:30:924,3,Severe_Damage,L3_S2,-1788,1104,14878,-157,34,-114,0,8.11
10558,20:27:30:934,3,Severe_Damage,L3_S2,-1750,1078,14914,-159,39,-117,0,44.11
10559,20:27:30:944,3,Severe_Damage,L3_S2,-1790,1084,14912,-166,35,-118,0,42.11
10560,20:27:30:954,3,Severe_Damage,L3_S2,-1766,1122,14952,-179,35,-119,0,82.11
10561,20:27:30:964,3,Severe_Damage,L3_S2,-1734,1158,14870,-194,39,-123,0,0.11
10562,20:27:30:974,3,Severe_Damage,L3_S2,-1804,1100,14856,-206,24,-123,0,-13.89
10563,20:27:30:984,3,Severe_Damage,L3_S2,-1724,1170,14932,-213,39,-126,0,62.11
10564,20:27:30:994,3,Severe_Damage,L3_S2,-1770,1114,14908,-222,26,-132,0,38.11
10565,20:27:31:004,3,Severe_Damage,L3_S2,-1752,1158,14820,-226,35,-131,0,-49.89
10566,20:27:31:014,3,Severe_Damage,L3_S2,-1770,1152,14914,-233,35,-133,0,44.11
10567,20:27:31:024,3,Severe_Damage,L3_S2,-1774,1088,14860,-227,33,-132,0,-9.89
10568,20:27:31:034,3,Severe_Damage,L3_S2,-1718,1102,14812,-226,32,-136,0,-57.89
10569,20:27:31:044,3,Severe_Damage,L3_S2,-1766,1152,14820,-215,29,-121,0,-49.89
10570,20:27:31:054,3,Severe_Damage,L3_S2,-1768,1112,14886,-200,31,-121,0,16.11
10571,20:27:31:064,3,Severe_Damage,L3_S2,-1792,1132,14848,-190,28,-125,0,-21.89
10572,20:27:31:074,3,Severe_Damage,L3_S2,-1752,1132,14822,-180,34,-124,0,-47.89
10573,20:27:31:084,3,Severe_Damage,L3_S2,-1756,1118,14898,-173,34,-126,0,28.11
10574,20:27:31:094,3,Severe_Damage,L3_S2,-1724,1114,14902,-162,23,-119,0,32.11
10575,20:27:31:104,3,Severe_Damage,L3_S2,-1738,1102,14858,-161,35,-116,0,-11.89
10576,20:27:31:114,3,Severe_Damage,L3_S2,-1768,1102,14890,-159,28,-113,0,20.11
10577,20:27:31:124,3,Severe_Damage,L3_S2,-1824,1102,14910,-157,28,-115,0,40.11
10578,20:27:31:134,3,Severe_Damage,L3_S2,-1748,1040,14914,-166,35,-113,0,44.11
10579,20:27:31:144,3,Severe_Damage,L3_S2,-1798,1128,14866,-174,23,-119,0,-3.89
10580,20:27:31:154,3,Severe_Damage,L3_S2,-1810,1110,14916,-177,33,-120,0,46.11
10581,20:27:31:164,3,Severe_Damage,L3_S2,-1770,1094,14924,-193,30,-123,0,54.11
10582,20:27:31:174,3,Severe_Damage,L3_S2,-1768,1108,14868,-203,30,-119,0,-1.89
10583,20:27:31:184,3,Severe_Damage,L3_S2,-1772,1104,14852,-212,33,-129,0,-17.89
10584,20:27:31:194,3,Severe_Damage,L3_S2,-1788,1090,14836,-217,23,-131,0,-33.89
10585,20:27:31:204,3,Severe_Damage,L3_S2,-1756,1108,14890,-222,24,-125,0,20.11
10586,20:27:31:214,3,Severe_Damage,L3_S2,-1732,1132,14892,-226,26,-126,0,22.11
10587,20:27:31:224,3,Severe_Damage,L3_S2,-1720,1114,14824,-230,28,-121,0,-45.89
10588,20:27:31:234,3,Severe_Damage,L3_S2,-1754,1116,14818,-218,33,-125,0,-51.89
10589,20:27:31:244,3,Severe_Damage,L3_S2,-1768,1120,14800,-212,29,-121,0,-69.89
10590,20:27:31:254,3,Severe_Damage,L3_S2,-1786,1092,14814,-205,40,-121,0,-55.89
10591,20:27:31:264,3,Severe_Damage,L3_S2,-1768,1132,14868,-195,28,-121,0,-1.89
10592,20:27:31:274,3,Severe_Damage,L3_S2,-1744,1086,14864,-182,36,-125,0,-5.89
10593,20:27:31:284,3,Severe_Damage,L3_S2,-1770,1084,14864,-175,27,-117,0,-5.89
10594,20:27:31:294,3,Severe_Damage,L3_S2,-1786,1114,14866,-164,35,-123,0,-3.89
10595,20:27:31:304,3,Severe_Damage,L3_S2,-1764,1088,14922,-163,33,-117,0,52.11
10596,20:27:31:314,3,Severe_Damage,L3_S2,-1790,1158,14882,-156,34,-122,0,12.11
10597,20:27:31:324,3,Severe_Damage,L3_S2,-1742,1118,14882,-161,34,-122,0,12.11
10598,20:27:31:334,3,Severe_Damage,L3_S2,-1728,1140,14876,-167,38,-117,0,6.11
10599,20:27:31:344,3,Severe_Damage,L3_S2,-1794,1108,14874,-176,36,-120,0,4.11
10600,20:27:31:354,3,Severe_Damage,L3_S2,-1746,1090,14892,-179,27,-124,0,22.11
10601,20:27:31:364,3,Severe_Damage,L3_S2,-1798,1084,14870,-183,34,-126,0,0.11
10602,20:27:31:374,3,Severe_Damage,L3_S2,-1824,1102,14890,-191,36,-123,0,20.11
10603,20:27:31:384,3,Severe_Damage,L3_S2,-1808,1140,14856,-213,30,-129,0,-13.89
10604,20:27:31:394,3,Severe_Damage,L3_S2,-1752,1132,14830,-217,36,-131,0,-39.89
10605,20:27:31:404,3,Severe_Damage,L3_S2,-1770,1074,14884,-219,27,-127,0,14.11
10606,20:27:31:414,3,Severe_Damage,L3_S2,-1750,1120,14868,-220,29,-129,0,-1.89
10607,20:27:31:424,3,Severe_Damage,L3_S2,-1752,1116,14874,-222,35,-123,0,4.11
10608,20:27:31:434,3,Severe_Damage,L3_S2,-1754,1112,14844,-218,31,-119,0,-25.89
10609,20:27:31:444,3,Severe_Damage,L3_S2,-1732,1092,14886,-203,38,-122,0,16.11
10610,20:27:31:454,3,Severe_Damage,L3_S2,-1754,1112,14824,-203,27,-123,0,-45.89
10611,20:27:31:464,3,Severe_Damage,L3_S2,-1768,1122,14904,-194,34,-122,0,34.11
10612,20:27:31:474,3,Severe_Damage,L3_S2,-1716,1102,14786,-179,31,-117,0,-83.89
10613,20:27:31:484,3,Severe_Damage,L3_S2,-1770,1086,14850,-175,31,-121,0,-19.89
10614,20:27:31:494,3,Severe_Damage,L3_S2,-1734,1112,14866,-166,34,-123,0,-3.89
10615,20:27:31:504,3,Severe_Damage,L3_S2,-1770,1104,14818,-165,25,-119,0,-51.89
10616,20:27:31:514,3,Severe_Damage,L3_S2,-1792,1132,14920,-166,34,-114,0,50.11
10617,20:27:31:524,3,Severe_Damage,L3_S2,-1770,1102,14906,-162,33,-116,0,36.11
10618,20:27:31:534,3,Severe_Damage,L3_S2,-1776,1116,14908,-163,30,-115,0,38.11
10619,20:27:31:544,3,Severe_Damage,L3_S2,-1804,1126,14936,-172,37,-118,0,66.11
10620,20:27:31:554,3,Severe_Damage,L3_S2,-1788,1086,14904,-184,24,-122,0,34.11
10621,20:27:31:564,3,Severe_Damage,L3_S2,-1762,1128,14876,-189,35,-125,0,6.11
10622,20:27:31:574,3,Severe_Damage,L3_S2,-1726,1092,14852,-201,33,-116,0,-17.89
10623,20:27:31:584,3,Severe_Damage,L3_S2,-1730,1088,14866,-207,31,-121,0,-3.89
10624,20:27:31:594,3,Severe_Damage,L3_S2,-1798,1100,14838,-208,23,-123,0,-31.89
10625,20:27:31:604,3,Severe_Damage,L3_S2,-1750,1124,14816,-217,29,-130,0,-53.89
10626,20:27:31:614,3,Severe_Damage,L3_S2,-1756,1106,14910,-221,25,-124,0,40.11
10627,20:27:31:624,3,Severe_Damage,L3_S2,-1770,1056,14866,-222,25,-121,0,-3.89
10628,20:27:31:634,3,Severe_Damage,L3_S2,-1762,1082,14886,-217,34,-124,0,16.11
10629,20:27:31:644,3,Severe_Damage,L3_S2,-1792,1086,14844,-212,27,-121,0,-25.89
10630,20:27:31:654,3,Severe_Damage,L3_S2,-1758,1084,14846,-195,29,-123,0,-23.89
10631,20:27:31:664,3,Severe_Damage,L3_S2,-1810,1110,14836,-197,22,-125,0,-33.89
10632,20:27:31:674,3,Severe_Damage,L3_S2,-1724,1106,14854,-186,27,-126,0,-15.89
10633,20:27:31:684,3,Severe_Damage,L3_S2,-1774,1094,14836,-176,26,-121,0,-33.89
10634,20:27:31:694,3,Severe_Damage,L3_S2,-1852,1110,14864,-172,27,-111,0,-5.89
10635,20:27:31:704,3,Severe_Damage,L3_S2,-1752,1136,14872,-167,26,-114,0,2.11
10636,20:27:31:714,3,Severe_Damage,L3_S2,-1776,1130,14858,-165,31,-118,0,-11.89
10637,20:27:31:724,3,Severe_Damage,L3_S2,-1792,1078,14810,-166,31,-114,0,-59.89
10638,20:27:31:734,3,Severe_Damage,L3_S2,-1782,1122,14900,-163,29,-123,0,30.11
10639,20:27:31:744,3,Severe_Damage,L3_S2,-1824,1078,14922,-173,29,-119,0,52.11
10640,20:27:31:754,3,Severe_Damage,L3_S2,-1840,1076,14912,-182,32,-124,0,42.11
10641,20:27:31:764,3,Severe_Damage,L3_S2,-1800,1144,14922,-188,26,-122,0,52.11
10642,20:27:31:774,3,Severe_Damage,L3_S2,-1790,1060,14930,-197,35,-123,0,60.11
10643,20:27:31:784,3,Severe_Damage,L3_S2,-1724,1094,14884,-201,22,-130,0,14.11
10644,20:27:31:794,3,Severe_Damage,L3_S2,-1788,1082,14830,-215,23,-130,0,-39.89
10645,20:27:31:804,3,Severe_Damage,L3_S2,-1764,1130,14892,-215,33,-125,0,22.11
10646,20:27:31:814,3,Severe_Damage,L3_S2,-1766,1082,14904,-219,31,-121,0,34.11
10647,20:27:31:824,3,Severe_Damage,L3_S2,-1728,1110,14854,-216,30,-127,0,-15.89
10648,20:27:31:834,3,Severe_Damage,L3_S2,-1738,1132,14816,-212,31,-128,0,-53.89
10649,20:27:31:844,3,Severe_Damage,L3_S2,-1788,1106,14806,-211,22,-125,0,-63.89
10650,20:27:31:854,3,Severe_Damage,L3_S2,-1810,1138,14848,-205,33,-128,0,-21.89
10651,20:27:31:864,3,Severe_Damage,L3_S2,-1740,1100,14906,-199,23,-119,0,36.11
10652,20:27:31:874,3,Severe_Damage,L3_S2,-1760,1096,14814,-181,35,-127,0,-55.89
10653,20:27:31:885,3,Severe_Damage,L3_S2,-1778,1050,14890,-175,29,-124,0,20.11
10654,20:27:31:894,3,Severe_Damage,L3_S2,-1728,1112,14878,-174,26,-114,0,8.11
10655,20:27:31:904,3,Severe_Damage,L3_S2,-1790,1112,14886,-170,33,-117,0,16.11
10656,20:27:31:914,3,Severe_Damage,L3_S2,-1770,1148,14886,-173,22,-119,0,16.11
10657,20:27:31:924,3,Severe_Damage,L3_S2,-1812,1058,14832,-174,31,-116,0,-37.89
10658,20:27:31:934,3,Severe_Damage,L3_S2,-1786,1092,14826,-169,24,-123,0,-43.89
10659,20:27:31:944,3,Severe_Damage,L3_S2,-1796,1114,14906,-168,33,-121,0,36.11
10660,20:27:31:954,3,Severe_Damage,L3_S2,-1772,1116,14876,-181,31,-121,0,6.11
10661,20:27:31:964,3,Severe_Damage,L3_S2,-1746,1086,14884,-186,29,-123,0,14.11
10662,20:27:31:974,3,Severe_Damage,L3_S2,-1792,1120,14922,-194,28,-125,0,52.11
10663,20:27:31:984,3,Severe_Damage,L3_S2,-1756,1106,14868,-199,33,-124,0,-1.89
10664,20:27:31:994,3,Severe_Damage,L3_S2,-1760,1136,14858,-215,26,-127,0,-11.89
10665,20:27:32:004,3,Severe_Damage,L3_S2,-1736,1104,14854,-217,27,-131,0,-15.89
10666,20:27:32:014,3,Severe_Damage,L3_S2,-1736,1078,14890,-218,27,-131,0,20.11
10667,20:27:32:024,3,Severe_Damage,L3_S2,-1764,1098,14860,-217,27,-132,0,-9.89
10668,20:27:32:034,3,Severe_Damage,L3_S2,-1806,1112,14866,-210,27,-125,0,-3.89
10669,20:27:32:044,3,Severe_Damage,L3_S2,-1750,1116,14826,-206,26,-126,0,-43.89
10670,20:27:32:054,3,Severe_Damage,L3_S2,-1772,1128,14860,-200,28,-125,0,-9.89
10671,20:27:32:064,3,Severe_Damage,L3_S2,-1756,1074,14836,-191,40,-129,0,-33.89
10672,20:27:32:074,3,Severe_Damage,L3_S2,-1724,1132,14852,-189,31,-125,0,-17.89
10673,20:27:32:084,3,Severe_Damage,L3_S2,-1730,1092,14828,-184,36,-124,0,-41.89
10674,20:27:32:094,3,Severe_Damage,L3_S2,-1706,1100,14864,-177,37,-128,0,-5.89
10675,20:27:32:104,3,Severe_Damage,L3_S2,-1718,1124,14954,-172,28,-119,0,84.11
10676,20:27:32:114,3,Severe_Damage,L3_S2,-1768,1114,14890,-170,23,-119,0,20.11
10677,20:27:32:124,3,Severe_Damage,L3_S2,-1758,1090,14868,-176,29,-120,0,-1.89
10678,20:27:32:134,3,Severe_Damage,L3_S2,-1780,1116,14890,-173,29,-119,0,20.11
10679,20:27:32:144,3,Severe_Damage,L3_S2,-1774,1088,14884,-177,36,-119,0,14.11
10680,20:27:32:154,3,Severe_Damage,L3_S2,-1768,1126,14852,-183,30,-113,0,-17.89
10681,20:27:32:164,3,Severe_Damage,L3_S2,-1730,1112,14910,-188,37,-122,0,40.11
10682,20:27:32:174,3,Severe_Damage,L3_S2,-1784,1100,14792,-194,30,-117,0,-77.89
10683,20:27:32:184,3,Severe_Damage,L3_S2,-1784,1100,14898,-203,33,-125,0,28.11
10684,20:27:32:195,3,Severe_Damage,L3_S2,-1730,1094,14862,-204,31,-129,0,-7.89
10685,20:27:32:204,3,Severe_Damage,L3_S2,-1734,1122,14872,-210,25,-121,0,2.11
10686,20:27:32:214,3,Severe_Damage,L3_S2,-1740,1070,14898,-216,33,-127,0,28.11
10687,20:27:32:224,3,Severe_Damage,L3_S2,-1768,1064,14802,-211,22,-127,0,-67.89
10688,20:27:32:234,3,Severe_Damage,L3_S2,-1764,1120,14814,-210,31,-132,0,-55.89
10689,20:27:32:244,3,Severe_Damage,L3_S2,-1740,1108,14908,-209,31,-123,0,38.11
10690,20:27:32:255,3,Severe_Damage,L3_S2,-1772,1066,14858,-205,22,-118,0,-11.89
10691,20:27:32:265,3,Severe_Damage,L3_S2,-1766,1154,14822,-194,26,-121,0,-47.89
10692,20:27:32:275,3,Severe_Damage,L3_S2,-1730,1068,14824,-185,26,-122,0,-45.89
10693,20:27:32:284,3,Severe_Damage,L3_S2,-1766,1110,14852,-178,31,-117,0,-17.89
10694,20:27:32:295,3,Severe_Damage,L3_S2,-1738,1090,14874,-171,33,-115,0,4.11
10695,20:27:32:305,3,Severe_Damage,L3_S2,-1766,1096,14882,-174,28,-117,0,12.11
10696,20:27:32:315,3,Severe_Damage,L3_S2,-1800,1098,14866,-170,33,-113,0,-3.89
10697,20:27:32:325,3,Severe_Damage,L3_S2,-1774,1130,14844,-177,32,-117,0,-25.89
10698,20:27:32:335,3,Severe_Damage,L3_S2,-1796,1136,14862,-178,29,-124,0,-7.89
10699,20:27:32:345,3,Severe_Damage,L3_S2,-1738,1152,14900,-179,28,-122,0,30.11
10700,20:27:32:355,3,Severe_Damage,L3_S2,-1750,1094,14912,-184,34,-126,0,42.11
10701,20:27:32:365,3,Severe_Damage,L3_S2,-1764,1096,14828,-182,28,-121,0,-41.89
10702,20:27:32:375,3,Severe_Damage,L3_S2,-1726,1092,14864,-194,31,-126,0,-5.89
10703,20:27:32:385,3,Severe_Damage,L3_S2,-1816,1114,14932,-198,26,-117,0,62.11
10704,20:27:32:395,3,Severe_Damage,L3_S2,-1756,1142,14870,-210,33,-118,0,0.11
10705,20:27:32:405,3,Severe_Damage,L3_S2,-1720,1130,14864,-204,37,-120,0,-5.89
10706,20:27:32:415,3,Severe_Damage,L3_S2,-1752,1118,14868,-207,28,-126,0,-1.89
10707,20:27:32:425,3,Severe_Damage,L3_S2,-1746,1104,14808,-200,29,-127,0,-61.89
10708,20:27:32:435,3,Severe_Damage,L3_S2,-1750,1070,14816,-208,37,-121,0,-53.89
10709,20:27:32:445,3,Severe_Damage,L3_S2,-1790,1074,14870,-200,38,-129,0,0.11
10710,20:27:32:455,3,Severe_Damage,L3_S2,-1752,1110,14866,-203,35,-131,0,-3.89
10711,20:27:32:465,3,Severe_Damage,L3_S2,-1740,1108,14872,-194,38,-128,0,2.11
10712,20:27:32:475,3,Severe_Damage,L3_S2,-1746,1092,14772,-192,30,-123,0,-97.89
10713,20:27:32:485,3,Severe_Damage,L3_S2,-1786,1132,14790,-180,35,-123,0,-79.89
10714,20:27:32:495,3,Severe_Damage,L3_S2,-1754,1112,14806,-178,32,-122,0,-63.89
10715,20:27:32:505,3,Severe_Damage,L3_S2,-1732,1130,14830,-170,35,-122,0,-39.89
10716,20:27:32:515,3,Severe_Damage,L3_S2,-1822,1084,14864,-171,24,-120,0,-5.89
10717,20:27:32:525,3,Severe_Damage,L3_S2,-1744,1116,14902,-171,28,-124,0,32.11
10718,20:27:32:535,3,Severe_Damage,L3_S2,-1778,1112,14860,-184,24,-116,0,-9.89
10719,20:27:32:545,3,Severe_Damage,L3_S2,-1730,1152,14858,-179,28,-122,0,-11.89
10720,20:27:32:555,3,Severe_Damage,L3_S2,-1778,1130,14842,-182,26,-118,0,-27.89
10721,20:27:32:565,3,Severe_Damage,L3_S2,-1758,1122,14956,-190,32,-123,0,86.11
10722,20:27:32:575,3,Severe_Damage,L3_S2,-1770,1070,14914,-193,28,-125,0,44.11
10723,20:27:32:585,3,Severe_Damage,L3_S2,-1750,1126,14822,-197,28,-124,0,-47.89
10724,20:27:32:595,3,Severe_Damage,L3_S2,-1758,1070,14912,-212,26,-122,0,42.11
10725,20:27:32:605,3,Severe_Damage,L3_S2,-1778,1106,14848,-209,32,-125,0,-21.89
10726,20:27:32:615,3,Severe_Damage,L3_S2,-1812,1128,14860,-208,33,-126,0,-9.89
10727,20:27:32:625,3,Severe_Damage,L3_S2,-1758,1062,14890,-206,30,-127,0,20.11
10728,20:27:32:635,3,Severe_Damage,L3_S2,-1752,1070,14880,-203,30,-121,0,10.11
10729,20:27:32:645,3,Severe_Damage,L3_S2,-1750,1110,14872,-203,31,-121,0,2.11
10730,20:27:32:655,3,Severe_Damage,L3_S2,-1748,1108,14856,-202,32,-124,0,-13.89
10731,20:27:32:665,3,Severe_Damage,L3_S2,-1768,1090,14826,-193,35,-125,0,-43.89
10732,20:27:32:675,3,Severe_Damage,L3_S2,-1814,1128,14842,-189,32,-123,0,-27.89
10733,20:27:32:685,3,Severe_Damage,L3_S2,-1780,1060,14892,-187,35,-125,0,22.11
10734,20:27:32:695,3,Severe_Damage,L3_S2,-1778,1118,14852,-182,29,-120,0,-17.89
10735,20:27:32:705,3,Severe_Damage,L3_S2,-1790,1090,14834,-177,27,-124,0,-35.89
10736,20:27:32:715,3,Severe_Damage,L3_S2,-1746,1096,14866,-174,29,-118,0,-3.89
10737,20:27:32:725,3,Severe_Damage,L3_S2,-1798,1120,14844,-180,26,-110,0,-25.89
10738,20:27:32:735,3,Severe_Damage,L3_S2,-1752,1084,14848,-181,33,-118,0,-21.89
10739,20:27:32:745,3,Severe_Damage,L3_S2,-1758,1074,14912,-186,29,-122,0,42.11
10740,20:27:32:755,3,Severe_Damage,L3_S2,-1782,1106,14954,-178,33,-120,0,84.11
10741,20:27:32:765,3,Severe_Damage,L3_S2,-1720,1108,14926,-186,29,-121,0,56.11
10742,20:27:32:775,3,Severe_Damage,L3_S2,-1810,1104,14858,-198,29,-118,0,-11.89
10743,20:27:32:785,3,Severe_Damage,L3_S2,-1710,1138,14890,-195,35,-126,0,20.11
10744,20:27:32:795,3,Severe_Damage,L3_S2,-1756,1162,14940,-206,30,-124,0,70.11
10745,20:27:32:805,3,Severe_Damage,L3_S2,-1796,1134,14902,-210,28,-122,0,32.11
10746,20:27:32:815,3,Severe_Damage,L3_S2,-1766,1110,14860,-207,31,-123,0,-9.89
10747,20:27:32:825,3,Severe_Damage,L3_S2,-1776,1130,14860,-210,25,-125,0,-9.89
10748,20:27:32:835,3,Severe_Damage,L3_S2,-1756,1158,14880,-208,26,-130,0,10.11
10749,20:27:32:845,3,Severe_Damage,L3_S2,-1778,1148,14804,-207,19,-124,0,-65.89
10750,20:27:32:855,3,Severe_Damage,L3_S2,-1782,1068,14820,-198,30,-126,0,-49.89
10751,20:27:32:865,3,Severe_Damage,L3_S2,-1734,1084,14850,-193,28,-124,0,-19.89
10752,20:27:32:875,3,Severe_Damage,L3_S2,-1730,1130,14636,-156,24,-114,0,-233.89
10753,20:27:32:885,3,Severe_Damage,L3_S2,-1722,1058,14870,-134,45,-108,0,0.11
10754,20:27:32:895,3,Severe_Damage,L3_S2,-1770,1130,14836,-81,24,-97,0,-33.89
10755,20:27:32:905,3,Severe_Damage,L3_S2,-1756,1136,14956,-92,39,-111,0,86.11
10756,20:27:32:915,3,Severe_Damage,L3_S2,-1784,1156,14970,-88,36,-105,0,100.11
10757,20:27:32:925,3,Severe_Damage,L3_S2,-1790,1118,15018,-108,32,-115,0,148.11
10758,20:27:32:935,3,Severe_Damage,L3_S2,-1748,1126,14982,-138,34,-112,0,112.11
10759,20:27:32:945,3,Severe_Damage,L3_S2,-1828,1130,14952,-170,31,-115,0,82.11
10760,20:27:32:955,3,Severe_Damage,L3_S2,-1782,1132,15054,-207,33,-129,0,184.11
10761,20:27:32:965,3,Severe_Damage,L3_S2,-1748,1120,14972,-234,45,-125,0,102.11
10762,20:27:32:975,3,Severe_Damage,L3_S2,-1694,1160,14998,-263,28,-137,0,128.11
10763,20:27:32:985,3,Severe_Damage,L3_S2,-1810,1130,14954,-281,33,-138,0,84.11
10764,20:27:32:995,3,Severe_Damage,L3_S2,-1716,1116,14794,-295,22,-138,0,-75.89
10765,20:27:33:005,3,Severe_Damage,L3_S2,-1736,1126,14876,-295,31,-128,0,6.11
10766,20:27:33:015,3,Severe_Damage,L3_S2,-1744,1098,14834,-293,17,-136,1,-35.89
10767,20:27:33:025,3,Severe_Damage,L3_S2,-4876,1516,-3998,8594,-1879,1288,1,-18867.89
10768,20:27:33:035,3,Severe_Damage,L3_S2,-9404,-23454,22424,47,1618,-70,1,7554.11
10769,20:27:33:045,3,Severe_Damage,L3_S2,-18766,12562,5422,20925,-93,4097,1,-9447.89
10770,20:27:33:055,3,Severe_Damage,L3_S2,9754,-2892,32767,4079,2824,-1013,1,17897.11
10771,20:27:33:065,3,Severe_Damage,L3_S2,-12588,7392,20422,11072,-889,2824,1,5552.11
10772,20:27:33:075,3,Severe_Damage,L3_S2,154,2902,29242,1851,-2753,-26,1,14372.11
10773,20:27:33:085,3,Severe_Damage,L3_S2,-2368,3276,30106,349,6395,-1060,1,15236.11
10774,20:27:33:095,3,Severe_Damage,L3_S2,-7984,5864,21282,-5112,-7050,543,1,6412.11
10775,20:27:33:110,3,Severe_Damage,L3_S2,1642,780,28606,-9430,4376,-2757,1,13736.11
10776,20:27:33:115,3,Severe_Damage,L3_S2,-3730,5800,16312,-10713,-1178,-1396,1,1442.11
10777,20:27:33:126,3,Severe_Damage,L3_S2,-4944,-700,18692,-15488,-2296,-2132,0,3822.11
10778,20:27:33:135,3,Severe_Damage,L3_S2,2932,3956,11950,-12816,3218,-3028,1,-2919.89
10779,20:27:33:145,3,Severe_Damage,L3_S2,-6472,-1942,8972,-15540,-4364,-1423,1,-5897.89
10780,20:27:33:155,3,Severe_Damage,L3_S2,4634,1576,6204,-10584,3169,-2769,1,-8665.89
10781,20:27:33:165,3,Severe_Damage,L3_S2,-3724,-2404,3604,-10071,-3121,-903,1,-11265.89
10782,20:27:33:175,3,Severe_Damage,L3_S2,1414,-388,2406,-4449,1958,-1230,1,-12463.89
10783,20:27:33:185,3,Severe_Damage,L3_S2,1544,-1808,2988,-1442,-1420,-266,1,-11881.89
10784,20:27:33:195,3,Severe_Damage,L3_S2,-4438,-910,2852,3453,779,729,1,-12017.89
10785,20:27:33:205,3,Severe_Damage,L3_S2,6678,-214,6810,7186,385,413,1,-8059.89
10786,20:27:33:215,3,Severe_Damage,L3_S2,-8928,-56,7644,10149,-556,2282,1,-7225.89
10787,20:27:33:225,3,Severe_Damage,L3_S2,6320,1394,13444,12677,1940,1027,1,-1425.89
10788,20:27:33:235,3,Severe_Damage,L3_S2,-7464,1710,15022,13285,-1126,2705,1,152.11
10789,20:27:33:245,3,Severe_Damage,L3_S2,-680,2540,19980,13096,1353,1564,1,5110.11
10790,20:27:33:255,3,Severe_Damage,L3_S2,-1824,3436,22832,11750,812,1718,1,7962.11
10791,20:27:33:265,3,Severe_Damage,L3_S2,-7502,3026,24224,8562,-1516,1785,1,9354.11
10792,20:27:33:275,3,Severe_Damage,L3_S2,590,4112,27396,5875,2658,44,0,12526.11
10793,20:27:33:285,3,Severe_Damage,L3_S2,-6384,3674,25856,1233,-1675,707,1,10986.11
10794,20:27:33:295,3,Severe_Damage,L3_S2,-2162,3602,25926,-2444,50,-664,1,11056.11
10795,20:27:33:305,3,Severe_Damage,L3_S2,-1740,3508,24564,-6191,1648,-1397,1,9694.11
10796,20:27:33:315,3,Severe_Damage,L3_S2,-6752,2700,20294,-9770,-2572,-1023,1,5424.11
10797,20:27:33:325,3,Severe_Damage,L3_S2,1674,2518,19074,-11625,1534,-2570,1,4204.11
10798,20:27:33:335,3,Severe_Damage,L3_S2,-4114,1596,13872,-13154,-1379,-1734,1,-997.89
10799,20:27:33:345,3,Severe_Damage,L3_S2,-1094,748,11344,-13090,-138,-2294,1,-3525.89
10800,20:27:33:355,3,Severe_Damage,L3_S2,1358,306,8262,-11762,-352,-2053,1,-6607.89
10801,20:27:33:365,3,Severe_Damage,L3_S2,-3876,-778,5000,-9766,-575,-1286,1,-9869.89
10802,20:27:33:375,3,Severe_Damage,L3_S2,4202,-790,4822,-6336,321,-1546,1,-10047.89
10803,20:27:33:385,3,Severe_Damage,L3_S2,-4228,-1324,2728,-2963,-994,-52,1,-12141.89
10804,20:27:33:395,3,Severe_Damage,L3_S2,3442,-834,4748,1209,1257,-382,1,-10121.89
10805,20:27:33:405,3,Severe_Damage,L3_S2,-2788,-786,4986,4735,-923,996,1,-9883.89
10806,20:27:33:415,3,Severe_Damage,L3_S2,294,-76,8240,8113,1040,977,1,-6629.89
10807,20:27:33:425,3,Severe_Damage,L3_S2,-550,810,10874,10578,197,1582,1,-3995.89
10808,20:27:33:435,3,Severe_Damage,L3_S2,-3892,1132,13916,11737,59,1930,1,-953.89
10809,20:27:33:445,3,Severe_Damage,L3_S2,760,2404,18042,12406,1225,1486,1,3172.11
10810,20:27:33:455,3,Severe_Damage,L3_S2,-5338,2406,20066,11109,-753,2087,1,5196.11
10811,20:27:33:465,3,Severe_Damage,L3_S2,-1224,3192,23508,9506,1371,1067,1,8638.11
10812,20:27:33:475,3,Severe_Damage,L3_S2,-3632,3420,24774,6500,-93,1066,0,9904.11
10813,20:27:33:485,3,Severe_Damage,L3_S2,-4498,3512,25216,3111,-423,554,0,10346.11
10814,20:27:33:495,3,Severe_Damage,L3_S2,-1560,3534,25904,-443,1319,-521,0,11034.11
10815,20:27:33:506,3,Severe_Damage,L3_S2,-4942,3238,23486,-4250,-1267,-395,1,8616.11
10816,20:27:33:515,3,Severe_Damage,L3_S2,-1956,2948,22250,-7297,564,-1478,1,7380.11
10817,20:27:33:525,3,Severe_Damage,L3_S2,-2308,2484,19216,-9883,-188,-1649,1,4346.11
10818,20:27:33:536,3,Severe_Damage,L3_S2,-3140,1740,15808,-11563,-1019,-1733,1,938.11
10819,20:27:33:545,3,Severe_Damage,L3_S2,424,1322,13416,-11914,577,-2259,0,-1453.89
10820,20:27:33:555,3,Severe_Damage,L3_S2,-3178,326,9402,-11557,-1256,-1584,0,-5467.89
10821,20:27:33:565,3,Severe_Damage,L3_S2,1226,-64,7884,-9761,323,-1880,0,-6985.89
10822,20:27:33:575,3,Severe_Damage,L3_S2,-1454,-668,5290,-7394,-670,-1076,1,-9579.89
10823,20:27:33:585,3,Severe_Damage,L3_S2,-92,-930,4722,-4204,100,-808,0,-10147.89
10824,20:27:33:595,3,Severe_Damage,L3_S2,686,-886,4790,-687,-93,-259,0,-10079.89
10825,20:27:33:605,3,Severe_Damage,L3_S2,-1996,-776,5294,2720,27,478,1,-9575.89
10826,20:27:33:615,3,Severe_Damage,L3_S2,1422,-96,7820,6065,533,631,0,-7049.89
10827,20:27:33:625,3,Severe_Damage,L3_S2,-3030,300,9492,8482,-227,1485,0,-5377.89
10828,20:27:33:635,3,Severe_Damage,L3_S2,178,1128,13230,10378,966,1297,0,-1639.89
10829,20:27:33:645,3,Severe_Damage,L3_S2,-2868,1704,15664,11020,-79,1797,1,794.11
10830,20:27:33:655,3,Severe_Damage,L3_S2,-2408,2214,18812,10735,467,1553,0,3942.11
10831,20:27:33:665,3,Severe_Damage,L3_S2,-2014,2790,21564,9491,683,1304,0,6694.11
10832,20:27:33:675,3,Severe_Damage,L3_S2,-4216,2932,23010,7128,-432,1241,0,8140.11
10833,20:27:33:685,3,Severe_Damage,L3_S2,-2054,3298,24636,4451,992,378,0,9766.11
10834,20:27:33:695,3,Severe_Damage,L3_S2,-3932,3224,24462,1028,-347,218,0,9592.11
10835,20:27:33:705,3,Severe_Damage,L3_S2,-3276,3124,23854,-2244,-30,-455,0,8984.11
10836,20:27:33:715,3,Severe_Damage,L3_S2,-2192,3006,22514,-5328,433,-1059,0,7644.11
10837,20:27:33:726,3,Severe_Damage,L3_S2,-3732,2550,19690,-8043,-863,-1164,1,4820.11
10838,20:27:33:735,3,Severe_Damage,L3_S2,-1138,2062,17642,-9837,343,-1829,0,2772.11
10839,20:27:33:746,3,Severe_Damage,L3_S2,-2380,1412,14344,-10818,-632,-1673,0,-525.89
10840,20:27:33:756,3,Severe_Damage,L3_S2,-1254,776,11752,-10777,-281,-1821,1,-3117.89
10841,20:27:33:765,3,Severe_Damage,L3_S2,-298,238,9248,-9720,-215,-1672,0,-5621.89
10842,20:27:33:775,3,Severe_Damage,L3_S2,-1644,-320,6978,-7872,-485,-1210,0,-7891.89
10843,20:27:33:785,3,Severe_Damage,L3_S2,902,-576,6190,-5173,100,-1050,0,-8679.89
10844,20:27:33:795,3,Severe_Damage,L3_S2,-1632,-804,5314,-2243,-374,-289,0,-9555.89
10845,20:27:33:805,3,Severe_Damage,L3_S2,654,-614,6236,1056,351,-61,0,-8633.89
10846,20:27:33:815,3,Severe_Damage,L3_S2,-1146,-358,7214,4066,-110,639,0,-7655.89
10847,20:27:33:825,3,Severe_Damage,L3_S2,-836,122,9306,6723,412,917,0,-5563.89
10848,20:27:33:835,3,Severe_Damage,L3_S2,-912,762,11776,8708,294,1239,0,-3093.89
10849,20:27:33:845,3,Severe_Damage,L3_S2,-2416,1272,14348,9757,134,1527,0,-521.89
10850,20:27:33:855,3,Severe_Damage,L3_S2,-1320,1990,17470,10021,714,1357,1,2600.11
10851,20:27:33:865,3,Severe_Damage,L3_S2,-3272,2358,19590,9150,-87,1477,0,4720.11
10852,20:27:33:875,3,Severe_Damage,L3_S2,-2418,2756,21864,7597,580,1006,0,6994.11
10853,20:27:33:885,3,Severe_Damage,L3_S2,-3060,2966,23148,5202,217,735,0,8278.11
10854,20:27:33:895,3,Severe_Damage,L3_S2,-3560,3060,23538,2375,-119,350,0,8668.11
10855,20:27:33:905,3,Severe_Damage,L3_S2,-2434,3022,23626,-616,472,-308,0,8756.11
10856,20:27:33:916,3,Severe_Damage,L3_S2,-3540,2796,22232,-3637,-401,-549,0,7362.11
10857,20:27:33:925,3,Severe_Damage,L3_S2,-2338,2636,20670,-6183,106,-1135,0,5800.11
10858,20:27:33:935,3,Severe_Damage,L3_S2,-2216,2164,18280,-8260,-148,-1401,0,3410.11
10859,20:27:33:946,3,Severe_Damage,L3_S2,-2314,1588,15676,-9557,-507,-1539,0,806.11
10860,20:27:33:955,3,Severe_Damage,L3_S2,-864,1098,13344,-9856,-5,-1742,0,-1525.89
10861,20:27:33:966,3,Severe_Damage,L3_S2,-1858,488,10524,-9407,-578,-1470,0,-4345.89
10862,20:27:33:975,3,Severe_Damage,L3_S2,-278,-70,8884,-7989,-69,-1431,1,-5985.89
10863,20:27:33:985,3,Severe_Damage,L3_S2,-916,-386,7176,-5920,-305,-968,0,-7693.89
10864,20:27:33:995,3,Severe_Damage,L3_S2,-414,-582,6428,-3322,-44,-625,0,-8441.89
10865,20:27:34:005,3,Severe_Damage,L3_S2,-100,-544,6540,-419,7,-184,0,-8329.89
10866,20:27:34:015,3,Severe_Damage,L3_S2,-1176,-414,7220,2394,32,336,0,-7649.89
10867,20:27:34:025,3,Severe_Damage,L3_S2,-190,28,9086,5051,314,624,0,-5783.89
10868,20:27:34:035,3,Severe_Damage,L3_S2,-1828,516,10772,7108,81,1103,0,-4097.89
10869,20:27:34:045,3,Severe_Damage,L3_S2,-1048,1030,13506,8489,461,1164,1,-1363.89
10870,20:27:34:055,3,Severe_Damage,L3_S2,-2252,1568,15892,9047,229,1369,0,1022.11
10871,20:27:34:065,3,Severe_Damage,L3_S2,-2298,2018,18300,8731,304,1276,0,3430.11
10872,20:27:34:075,3,Severe_Damage,L3_S2,-2358,2460,20368,7637,429,1066,0,5498.11
10873,20:27:34:085,3,Severe_Damage,L3_S2,-3228,2680,21768,5708,-26,873,0,6898.11
10874,20:27:34:095,3,Severe_Damage,L3_S2,-2644,2874,22840,3402,404,369,0,7970.11
10875,20:27:34:105,3,Severe_Damage,L3_S2,-3166,2830,22816,638,-46,52,0,7946.11
10876,20:27:34:115,3,Severe_Damage,L3_S2,-2972,2776,22192,-2081,-5,-427,0,7322.11
10877,20:27:34:125,3,Severe_Damage,L3_S2,-2442,2562,20904,-4597,102,-861,0,6034.11
10878,20:27:34:136,3,Severe_Damage,L3_S2,-2800,2194,18898,-6740,-356,-1087,0,4028.11
10879,20:27:34:146,3,Severe_Damage,L3_S2,-1698,1720,16876,-8228,-47,-1449,0,2006.11
10880,20:27:34:156,3,Severe_Damage,L3_S2,-1880,1252,14328,-8925,-372,-1453,1,-541.89
10881,20:27:34:166,3,Severe_Damage,L3_S2,-1362,736,12088,-8838,-224,-1496,0,-2781.89
10882,20:27:34:176,3,Severe_Damage,L3_S2,-782,310,10052,-7907,-228,-1351,0,-4817.89
10883,20:27:34:186,3,Severe_Damage,L3_S2,-1076,-132,8370,-6346,-287,-1044,0,-6499.89
10884,20:27:34:195,3,Severe_Damage,L3_S2,-222,-286,7544,-4102,-11,-782,0,-7325.89
10885,20:27:34:205,3,Severe_Damage,L3_S2,-930,-462,7162,-1628,-156,-293,0,-7707.89
10886,20:27:34:215,3,Severe_Damage,L3_S2,-300,-282,7698,1034,176,30,1,-7171.89
10887,20:27:34:225,3,Severe_Damage,L3_S2,-1022,-38,8740,3492,60,479,0,-6129.89
10888,20:27:34:235,3,Severe_Damage,L3_S2,-1034,324,10360,5652,246,783,0,-4509.89
10889,20:27:34:245,3,Severe_Damage,L3_S2,-1364,814,12558,7206,307,1027,0,-2311.89
10890,20:27:34:256,3,Severe_Damage,L3_S2,-1990,1306,14764,8039,191,1200,0,-105.89
10891,20:27:34:265,3,Severe_Damage,L3_S2,-1860,1780,17088,8129,436,1139,0,2218.11
10892,20:27:34:275,3,Severe_Damage,L3_S2,-2624,2162,18896,7434,138,1122,0,4026.11
10893,20:27:34:285,3,Severe_Damage,L3_S2,-2542,2414,20722,6014,311,828,0,5852.11
10894,20:27:34:295,3,Severe_Damage,L3_S2,-2860,2632,21658,4065,198,546,0,6788.11
10895,20:27:34:305,3,Severe_Damage,L3_S2,-3022,2688,22106,1683,14,188,0,7236.11
10896,20:27:34:315,3,Severe_Damage,L3_S2,-2658,2696,21904,-778,166,-255,0,7034.11
10897,20:27:34:326,3,Severe_Damage,L3_S2,-2922,2486,20944,-3229,-187,-567,0,6074.11
10898,20:27:34:336,3,Severe_Damage,L3_S2,-2368,2210,19416,-5285,-23,-948,0,4546.11
10899,20:27:34:346,3,Severe_Damage,L3_S2,-2184,1884,17506,-6947,-157,-1182,0,2636.11
10900,20:27:34:356,3,Severe_Damage,L3_S2,-1986,1370,15436,-7956,-301,-1332,1,566.11
10901,20:27:34:366,3,Severe_Damage,L3_S2,-1298,998,13204,-8115,-123,-1398,0,-1665.89
10902,20:27:34:376,3,Severe_Damage,L3_S2,-1438,458,11284,-7679,-333,-1267,0,-3585.89
10903,20:27:34:386,3,Severe_Damage,L3_S2,-778,98,9728,-6452,-126,-1134,1,-5141.89
10904,20:27:34:395,3,Severe_Damage,L3_S2,-852,-162,8466,-4707,-192,-813,0,-6403.89
10905,20:27:34:405,3,Severe_Damage,L3_S2,-716,-256,7902,-2512,-21,-486,1,-6967.89
10906,20:27:34:415,3,Severe_Damage,L3_S2,-640,-234,8078,-139,27,-121,0,-6791.89
10907,20:27:34:425,3,Severe_Damage,L3_S2,-1016,-114,8834,2170,83,263,0,-6035.89
10908,20:27:34:435,3,Severe_Damage,L3_S2,-808,248,10120,4301,220,552,0,-4749.89
10909,20:27:34:445,3,Severe_Damage,L3_S2,-1416,596,11828,5962,161,865,0,-3041.89
10910,20:27:34:455,3,Severe_Damage,L3_S2,-1480,1090,13880,7046,341,991,0,-989.89
10911,20:27:34:466,3,Severe_Damage,L3_S2,-1916,1496,15968,7394,197,1079,0,1098.11
10912,20:27:34:475,3,Severe_Damage,L3_S2,-2334,1866,17932,7065,294,1018,0,3062.11
10913,20:27:34:485,3,Severe_Damage,L3_S2,-2338,2252,19570,6092,263,854,0,4700.11
10914,20:27:34:495,3,Severe_Damage,L3_S2,-2834,2416,20710,4473,101,634,0,5840.11
10915,20:27:34:505,3,Severe_Damage,L3_S2,-2670,2546,21358,2495,180,276,0,6488.11
10916,20:27:34:515,3,Severe_Damage,L3_S2,-2834,2502,21396,237,2,-45,0,6526.11
10917,20:27:34:526,3,Severe_Damage,L3_S2,-2676,2454,20744,-1979,-8,-407,0,5874.11
10918,20:27:34:536,3,Severe_Damage,L3_S2,-2420,2232,19686,-4048,-31,-741,0,4816.11
10919,20:27:34:546,3,Severe_Damage,L3_S2,-2362,1998,17968,-5716,-181,-977,0,3098.11
10920,20:27:34:556,3,Severe_Damage,L3_S2,-1842,1546,16230,-6918,-119,-1204,0,1360.11
10921,20:27:34:566,3,Severe_Damage,L3_S2,-1704,1170,14150,-7398,-255,-1240,0,-719.89
10922,20:27:34:576,3,Severe_Damage,L3_S2,-1426,724,12352,-7233,-163,-1232,0,-2517.89
10923,20:27:34:586,3,Severe_Damage,L3_S2,-1112,380,10656,-6400,-182,-1099,0,-4213.89
10924,20:27:34:595,3,Severe_Damage,L3_S2,-980,12,9442,-5034,-167,-876,0,-5427.89
10925,20:27:34:605,3,Severe_Damage,L3_S2,-732,-124,8734,-3173,-20,-607,0,-6135.89
10926,20:27:34:615,3,Severe_Damage,L3_S2,-880,-194,8584,-1097,-47,-255,0,-6285.89
10927,20:27:34:625,3,Severe_Damage,L3_S2,-770,-26,9040,1089,115,53,1,-5829.89
10928,20:27:34:635,3,Severe_Damage,L3_S2,-1130,126,10016,3074,97,398,0,-4853.89
10929,20:27:34:645,3,Severe_Damage,L3_S2,-1134,478,11460,4791,189,649,0,-3409.89
10930,20:27:34:655,3,Severe_Damage,L3_S2,-1566,872,13124,6037,272,853,0,-1745.89
10931,20:27:34:665,3,Severe_Damage,L3_S2,-1826,1264,15076,6593,176,950,0,206.11
10932,20:27:34:675,3,Severe_Damage,L3_S2,-2054,1672,16928,6604,299,934,0,2058.11
10933,20:27:34:686,3,Severe_Damage,L3_S2,-2458,1948,18520,5918,186,856,0,3650.11
10934,20:27:34:696,3,Severe_Damage,L3_S2,-2500,2308,19716,4754,190,651,0,4846.11
10935,20:27:34:706,3,Severe_Damage,L3_S2,-2690,2324,20602,3015,119,389,0,5732.11
10936,20:27:34:715,3,Severe_Damage,L3_S2,-2744,2420,20818,1100,68,79,0,5948.11
10937,20:27:34:725,3,Severe_Damage,L3_S2,-2546,2356,20554,-987,43,-267,0,5684.11
10938,20:27:34:736,3,Severe_Damage,L3_S2,-2604,2216,19722,-2923,-93,-533,0,4852.11
10939,20:27:34:746,3,Severe_Damage,L3_S2,-2238,1988,18416,-4613,-66,-827,0,3546.11
10940,20:27:34:756,3,Severe_Damage,L3_S2,-2108,1688,16766,-5864,-130,-1009,0,1896.11
10941,20:27:34:766,3,Severe_Damage,L3_S2,-1802,1226,15112,-6643,-199,-1135,0,242.11
10942,20:27:34:776,3,Severe_Damage,L3_S2,-1430,938,13326,-6666,-143,-1143,0,-1543.89
10943,20:27:34:786,3,Severe_Damage,L3_S2,-1390,524,11674,-6210,-184,-1053,0,-3195.89
10944,20:27:34:795,3,Severe_Damage,L3_S2,-956,26,9518,-3655,-108,-655,0,-5351.89
10945,20:27:34:805,3,Severe_Damage,L3_S2,-870,-24,9154,-1799,-12,-381,0,-5715.89
10946,20:27:34:815,3,Severe_Damage,L3_S2,-868,-20,9278,141,36,-71,1,-5591.89
10947,20:27:34:825,3,Severe_Damage,L3_S2,-1056,150,10002,2044,93,233,1,-4867.89
10948,20:27:34:835,3,Severe_Damage,L3_S2,-1094,390,11244,3716,174,478,0,-3625.89
10949,20:27:34:845,3,Severe_Damage,L3_S2,-1476,762,12636,5036,184,703,0,-2233.89
10950,20:27:34:856,3,Severe_Damage,L3_S2,-1626,1086,14304,5792,240,809,0,-565.89
10951,20:27:34:866,3,Severe_Damage,L3_S2,-2000,1408,16006,6029,184,862,0,1136.11
10952,20:27:34:876,3,Severe_Damage,L3_S2,-2190,1808,17610,5667,227,799,0,2740.11
10953,20:27:34:886,3,Severe_Damage,L3_S2,-2350,2066,18902,4776,180,656,0,4032.11
10954,20:27:34:896,3,Severe_Damage,L3_S2,-2606,2186,19752,3385,116,442,0,4882.11
10955,20:27:34:906,3,Severe_Damage,L3_S2,-2564,2264,20224,1720,116,164,0,5354.11
10956,20:27:34:916,3,Severe_Damage,L3_S2,-2688,2242,20232,-147,27,-112,0,5362.11
10957,20:27:34:926,3,Severe_Damage,L3_S2,-2524,2206,19562,-1961,-23,-398,0,4692.11
10958,20:27:34:936,3,Severe_Damage,L3_S2,-2312,1942,18618,-3607,-66,-654,0,3748.11
10959,20:27:34:946,3,Severe_Damage,L3_S2,-2230,1760,17206,-4917,-103,-864,0,2336.11
10960,20:27:34:956,3,Severe_Damage,L3_S2,-1868,1492,15684,-5783,-119,-1012,0,814.11
10961,20:27:34:966,3,Severe_Damage,L3_S2,-1702,1008,14132,-6147,-202,-1051,0,-737.89
10962,20:27:34:976,3,Severe_Damage,L3_S2,-1406,732,12542,-5832,-104,-1008,0,-2327.89
10963,20:27:34:986,3,Severe_Damage,L3_S2,-1194,390,11302,-5130,-167,-894,1,-3567.89
10964,20:27:34:996,3,Severe_Damage,L3_S2,-1090,194,10270,-3900,-90,-707,1,-4599.89
10965,20:27:35:005,3,Severe_Damage,L3_S2,-978,50,9820,-2355,-24,-462,0,-5049.89
10966,20:27:35:015,3,Severe_Damage,L3_S2,-1002,6,9740,-605,8,-184,0,-5129.89
10967,20:27:35:025,3,Severe_Damage,L3_S2,-1078,182,10264,1156,88,79,0,-4605.89
10968,20:27:35:035,3,Severe_Damage,L3_S2,-1158,380,11118,2758,107,342,0,-3751.89
10969,20:27:35:046,3,Severe_Damage,L3_S2,-1328,636,12348,4096,151,546,0,-2521.89
10970,20:27:35:055,3,Severe_Damage,L3_S2,-1592,966,13672,5035,207,691,0,-1197.89
10971,20:27:35:066,3,Severe_Damage,L3_S2,-1784,1230,15330,5393,170,760,0,460.11
10972,20:27:35:076,3,Severe_Damage,L3_S2,-2072,1614,16700,5310,218,740,0,1830.11
10973,20:27:35:086,3,Severe_Damage,L3_S2,-2310,1836,18110,4657,168,642,0,3240.11
10974,20:27:35:096,3,Severe_Damage,L3_S2,-2398,2044,18994,3602,149,470,0,4124.11
10975,20:27:35:105,3,Severe_Damage,L3_S2,-2494,2118,19654,2141,81,245,0,4784.11
10976,20:27:35:115,3,Severe_Damage,L3_S2,-2536,2210,19756,541,48,-4,0,4886.11
10977,20:27:35:126,3,Severe_Damage,L3_S2,-2454,2134,19328,-1167,23,-276,0,4458.11
10978,20:27:35:136,3,Severe_Damage,L3_S2,-2322,1982,18620,-2709,-54,-510,0,3750.11
10979,20:27:35:146,3,Severe_Damage,L3_S2,-2126,1750,17498,-4042,-47,-733,0,2628.11
10980,20:27:35:156,3,Severe_Damage,L3_S2,-1958,1518,16106,-4977,-109,-874,0,1236.11
10981,20:27:35:166,3,Severe_Damage,L3_S2,-1716,1214,14694,-5510,-140,-958,0,-175.89
10982,20:27:35:176,3,Severe_Damage,L3_S2,-1466,876,13342,-5466,-138,-948,0,-1527.89
10983,20:27:35:186,3,Severe_Damage,L3_S2,-1428,576,12016,-4947,-100,-869,0,-2853.89
10984,20:27:35:196,3,Severe_Damage,L3_S2,-1124,342,10958,-4012,-114,-724,0,-3911.89
10985,20:27:35:206,3,Severe_Damage,L3_S2,-1078,208,10446,-2729,-45,-522,1,-4423.89
10986,20:27:35:216,3,Severe_Damage,L3_S2,-1074,146,10080,-1179,15,-281,0,-4789.89
10987,20:27:35:225,3,Severe_Damage,L3_S2,-1048,220,10436,409,31,-32,0,-4433.89
10988,20:27:35:235,3,Severe_Damage,L3_S2,-1226,354,11092,1930,107,211,0,-3777.89
10989,20:27:35:246,3,Severe_Damage,L3_S2,-1314,562,12056,3250,133,415,0,-2813.89
10990,20:27:35:255,3,Severe_Damage,L3_S2,-1498,822,13420,4219,148,573,0,-1449.89
10991,20:27:35:266,3,Severe_Damage,L3_S2,-1784,1188,14678,4820,217,662,0,-191.89
10992,20:27:35:276,3,Severe_Damage,L3_S2,-1934,1416,16204,4831,138,661,0,1334.11
10993,20:27:35:286,3,Severe_Damage,L3_S2,-2204,1752,17378,4480,194,605,0,2508.11
10994,20:27:35:296,3,Severe_Damage,L3_S2,-2244,1832,18412,3615,141,469,0,3542.11
10995,20:27:35:306,3,Severe_Damage,L3_S2,-2416,2038,19012,2483,109,301,0,4142.11
10996,20:27:35:315,3,Severe_Damage,L3_S2,-2410,2056,19314,1006,61,62,0,4444.11
10997,20:27:35:326,3,Severe_Damage,L3_S2,-2504,2090,19126,-465,24,-162,0,4256.11
10998,20:27:35:336,3,Severe_Damage,L3_S2,-2352,1894,18606,-1975,-25,-395,0,3736.11
10999,20:27:35:346,3,Severe_Damage,L3_S2,-2180,1770,17660,-3222,-44,-604,0,2790.11
11000,20:27:35:356,3,Severe_Damage,L3_S2,-2042,1542,16582,-4245,-74,-758,0,1712.11
11001,20:27:35:366,3,Severe_Damage,L3_S2,-1856,1418,15162,-4828,-100,-852,0,292.11
11002,20:27:35:376,3,Severe_Damage,L3_S2,-1588,972,14046,-5054,-145,-889,1,-823.89
11003,20:27:35:386,3,Severe_Damage,L3_S2,-1478,776,12680,-4675,-88,-828,0,-2189.89
11004,20:27:35:396,3,Severe_Damage,L3_S2,-1212,484,11706,-4017,-112,-720,0,-3163.89
11005,20:27:35:406,3,Severe_Damage,L3_S2,-1160,302,10992,-2925,-65,-546,0,-3877.89
11006,20:27:35:416,3,Severe_Damage,L3_S2,-1086,234,10636,-1628,0,-351,0,-4233.89
11007,20:27:35:426,3,Severe_Damage,L3_S2,-1114,286,10746,-178,27,-121,1,-4123.89
11008,20:27:35:435,3,Severe_Damage,L3_S2,-1170,362,11236,1227,85,93,1,-3633.89
11009,20:27:35:446,3,Severe_Damage,L3_S2,-1374,522,12042,2497,104,296,0,-2827.89
11010,20:27:35:456,3,Severe_Damage,L3_S2,-1464,760,13002,3507,122,460,0,-1867.89
11011,20:27:35:466,3,Severe_Damage,L3_S2,-1730,1000,14336,4145,165,558,1,-533.89
11012,20:27:35:476,3,Severe_Damage,L3_S2,-1922,1376,15448,4430,178,601,1,578.11
11013,20:27:35:486,3,Severe_Damage,L3_S2,-2042,1504,16792,4155,119,557,0,1922.11
11014,20:27:35:496,3,Severe_Damage,L3_S2,-2292,1798,17668,3598,176,482,0,2798.11
11015,20:27:35:506,3,Severe_Damage,L3_S2,-2218,1858,18472,2598,90,317,0,3602.11
11016,20:27:35:516,3,Severe_Damage,L3_S2,-2448,1966,18784,1416,93,132,0,3914.11
11017,20:27:35:526,3,Severe_Damage,L3_S2,-2334,1930,18838,42,30,-91,0,3968.11
11018,20:27:35:536,3,Severe_Damage,L3_S2,-2320,1866,18464,-1310,2,-294,0,3594.11
11019,20:27:35:546,3,Severe_Damage,L3_S2,-2234,1802,17698,-2538,-33,-491,0,2828.11
11020,20:27:35:556,3,Severe_Damage,L3_S2,-2008,1534,16764,-3546,-64,-650,0,1894.11
11021,20:27:35:566,3,Severe_Damage,L3_S2,-1896,1318,15594,-4223,-93,-748,0,724.11
11022,20:27:35:576,3,Severe_Damage,L3_S2,-1716,1062,14462,-4554,-109,-806,1,-407.89
11023,20:27:35:586,3,Severe_Damage,L3_S2,-1540,882,13298,-4416,-111,-782,0,-1571.89
11024,20:27:35:596,3,Severe_Damage,L3_S2,-1396,632,12378,-3882,-65,-701,0,-2491.89
11025,20:27:35:606,3,Severe_Damage,L3_S2,-1228,482,11500,-3034,-71,-566,0,-3369.89
11026,20:27:35:616,3,Severe_Damage,L3_S2,-1206,334,11232,-1945,-37,-399,0,-3637.89
11027,20:27:35:626,3,Severe_Damage,L3_S2,-1168,400,11068,-634,43,-200,1,-3801.89
11028,20:27:35:635,3,Severe_Damage,L3_S2,-1184,404,11362,636,21,13,1,-3507.89
11029,20:27:35:646,3,Severe_Damage,L3_S2,-1326,598,11964,1862,115,202,0,-2905.89
11030,20:27:35:656,3,Severe_Damage,L3_S2,-1434,704,12926,2849,104,353,0,-1943.89
11031,20:27:35:666,3,Severe_Damage,L3_S2,-1600,950,13974,3558,128,462,0,-895.89
11032,20:27:35:676,3,Severe_Damage,L3_S2,-1830,1186,15158,3904,158,519,0,288.11
11033,20:27:35:686,3,Severe_Damage,L3_S2,-2010,1424,16104,3895,157,519,1,1234.11
11034,20:27:35:696,3,Severe_Damage,L3_S2,-2060,1572,17198,3401,97,446,0,2328.11
11035,20:27:35:706,3,Severe_Damage,L3_S2,-2266,1754,17924,2694,145,330,0,3054.11
11036,20:27:35:716,3,Severe_Damage,L3_S2,-2220,1844,18396,1637,53,160,0,3526.11
11037,20:27:35:726,3,Severe_Damage,L3_S2,-2338,1848,18506,464,68,-25,0,3636.11
11038,20:27:35:736,3,Severe_Damage,L3_S2,-2284,1866,18208,-787,7,-217,0,3338.11
11039,20:27:35:746,3,Severe_Damage,L3_S2,-2248,1686,17724,-1952,-29,-396,0,2854.11
11040,20:27:35:756,3,Severe_Damage,L3_S2,-2138,1568,16894,-2934,-39,-555,0,2024.11
11041,20:27:35:766,3,Severe_Damage,L3_S2,-1894,1356,15908,-3666,-70,-665,0,1038.11
11042,20:27:35:776,3,Severe_Damage,L3_S2,-1802,1222,14808,-4041,-59,-723,0,-61.89
11043,20:27:35:786,3,Severe_Damage,L3_S2,-1608,888,13858,-4124,-101,-747,0,-1011.89
11044,20:27:35:796,3,Severe_Damage,L3_S2,-1412,794,12840,-3698,-84,-673,0,-2029.89
11045,20:27:35:806,3,Severe_Damage,L3_S2,-1384,520,12056,-3075,-15,-573,0,-2813.89
11046,20:27:35:816,3,Severe_Damage,L3_S2,-1242,454,11520,-2099,-69,-414,0,-3349.89
11047,20:27:35:826,3,Severe_Damage,L3_S2,-1188,380,11492,-1034,11,-255,0,-3377.89
11048,20:27:35:836,3,Severe_Damage,L3_S2,-1276,450,11530,196,59,-62,0,-3339.89
11049,20:27:35:846,3,Severe_Damage,L3_S2,-1280,516,12104,1275,41,109,1,-2765.89
11050,20:27:35:856,3,Severe_Damage,L3_S2,-1468,698,12772,2284,136,267,0,-2097.89
11051,20:27:35:866,3,Severe_Damage,L3_S2,-1540,902,13708,3002,90,379,1,-1161.89
11052,20:27:35:876,3,Severe_Damage,L3_S2,-1754,1118,14686,3435,148,444,0,-183.89
11053,20:27:35:886,3,Severe_Damage,L3_S2,-1942,1302,15650,3540,160,459,0,780.11
11054,20:27:35:896,3,Severe_Damage,L3_S2,-2026,1478,16644,3241,119,417,0,1774.11
11055,20:27:35:906,3,Severe_Damage,L3_S2,-2138,1704,17296,2659,112,327,0,2426.11
11056,20:27:35:916,3,Severe_Damage,L3_S2,-2234,1716,17934,1780,91,184,0,3064.11
11057,20:27:35:926,3,Severe_Damage,L3_S2,-2278,1880,17998,795,50,33,0,3128.11
11058,20:27:35:936,3,Severe_Damage,L3_S2,-2200,1690,17998,-380,20,-155,0,3128.11
11059,20:27:35:946,3,Severe_Damage,L3_S2,-2210,1768,17612,-1411,2,-303,0,2742.11
11060,20:27:35:956,3,Severe_Damage,L3_S2,-2028,1556,17006,-2413,-38,-469,0,2136.11
11061,20:27:35:966,3,Severe_Damage,L3_S2,-2004,1412,16084,-3111,-39,-589,0,1214.11
11062,20:27:35:976,3,Severe_Damage,L3_S2,-1808,1214,15184,-3600,-75,-657,1,314.11
11063,20:27:35:986,3,Severe_Damage,L3_S2,-1750,1072,14126,-3716,-63,-672,0,-743.89
11064,20:27:35:996,3,Severe_Damage,L3_S2,-1468,728,13422,-3556,-112,-655,0,-1447.89
11065,20:27:36:006,3,Severe_Damage,L3_S2,-1486,630,12540,-2966,-13,-554,0,-2329.89
11066,20:27:36:016,3,Severe_Damage,L3_S2,-1328,540,11938,-2232,-46,-456,0,-2931.89
11067,20:27:36:026,3,Severe_Damage,L3_S2,-1328,472,11826,-1262,-13,-294,0,-3043.89
11068,20:27:36:036,3,Severe_Damage,L3_S2,-1208,512,11766,-207,47,-126,0,-3103.89
11069,20:27:36:046,3,Severe_Damage,L3_S2,-1320,548,12120,831,46,41,1,-2749.89
11070,20:27:36:056,3,Severe_Damage,L3_S2,-1460,680,12710,1766,95,184,0,-2159.89
11071,20:27:36:066,3,Severe_Damage,L3_S2,-1530,838,13478,2500,104,298,0,-1391.89
11072,20:27:36:076,3,Severe_Damage,L3_S2,-1690,1036,14444,2984,114,382,0,-425.89
11073,20:27:36:086,3,Severe_Damage,L3_S2,-1802,1186,15466,3144,129,394,0,596.11
11074,20:27:36:096,3,Severe_Damage,L3_S2,-2028,1492,16104,3060,145,387,0,1234.11
11075,20:27:36:106,3,Severe_Damage,L3_S2,-2076,1504,17018,2526,74,306,1,2148.11
11076,20:27:36:116,3,Severe_Damage,L3_S2,-2248,1724,17384,1901,118,209,0,2514.11
11077,20:27:36:126,3,Severe_Damage,L3_S2,-2144,1734,17836,946,40,58,0,2966.11
11078,20:27:36:136,3,Severe_Damage,L3_S2,-2290,1758,17756,15,57,-87,0,2886.11
11079,20:27:36:146,3,Severe_Damage,L3_S2,-2140,1680,17532,-1033,-10,-253,0,2662.11
11080,20:27:36:156,3,Severe_Damage,L3_S2,-2106,1570,16978,-1909,-15,-395,0,2108.11
11081,20:27:36:166,3,Severe_Damage,L3_S2,-2010,1450,16256,-2659,-27,-507,1,1386.11
11082,20:27:36:176,3,Severe_Damage,L3_S2,-1846,1272,15432,-3150,-62,-579,0,562.11
11083,20:27:36:186,3,Severe_Damage,L3_S2,-1776,1118,14532,-3356,-37,-619,0,-337.89
11084,20:27:36:196,3,Severe_Damage,L3_S2,-1604,898,13716,-3288,-75,-612,0,-1153.89
11085,20:27:36:206,3,Severe_Damage,L3_S2,-1422,724,12986,-2912,-77,-548,0,-1883.89
11086,20:27:36:216,3,Severe_Damage,L3_S2,-1446,640,12440,-2252,30,-446,1,-2429.89
11087,20:27:36:226,3,Severe_Damage,L3_S2,-1284,648,12092,-1437,-47,-316,0,-2777.89
11088,20:27:36:236,3,Severe_Damage,L3_S2,-1400,560,12100,-530,40,-177,0,-2769.89
11089,20:27:36:246,3,Severe_Damage,L3_S2,-1394,596,12354,453,68,-21,0,-2515.89
11090,20:27:36:256,3,Severe_Damage,L3_S2,-1432,644,12802,1310,50,114,0,-2067.89
11091,20:27:36:266,3,Severe_Damage,L3_S2,-1546,912,13358,2056,112,229,1,-1511.89
11092,20:27:36:276,3,Severe_Damage,L3_S2,-1652,974,14218,2548,89,309,0,-651.89
11093,20:27:36:286,3,Severe_Damage,L3_S2,-1758,1224,15008,2810,120,352,0,138.11
11094,20:27:36:296,3,Severe_Damage,L3_S2,-1960,1254,15844,2757,122,344,0,974.11
11095,20:27:36:306,3,Severe_Damage,L3_S2,-2032,1514,16544,2478,119,304,0,1674.11
11096,20:27:36:316,3,Severe_Damage,L3_S2,-2042,1576,17124,1844,48,199,0,2254.11
11097,20:27:36:326,3,Severe_Damage,L3_S2,-2230,1654,17440,1129,98,88,0,2570.11
11098,20:27:36:336,3,Severe_Damage,L3_S2,-2120,1672,17498,249,23,-59,0,2628.11
11099,20:27:36:346,3,Severe_Damage,L3_S2,-2166,1664,17384,-662,30,-197,0,2514.11
11100,20:27:36:356,3,Severe_Damage,L3_S2,-2060,1552,16900,-1502,-5,-325,0,2030.11
11101,20:27:36:366,3,Severe_Damage,L3_S2,-1970,1402,16300,-2231,-36,-441,0,1430.11
11102,20:27:36:376,3,Severe_Damage,L3_S2,-1906,1320,15588,-2733,-18,-521,0,718.11
11103,20:27:36:386,3,Severe_Damage,L3_S2,-1742,1118,14868,-3025,-64,-568,0,-1.89
11104,20:27:36:396,3,Severe_Damage,L3_S2,-1682,984,13988,-3006,-20,-560,0,-881.89
11105,20:27:36:406,3,Severe_Damage,L3_S2,-1556,830,13348,-2761,-59,-524,0,-1521.89
11106,20:27:36:416,3,Severe_Damage,L3_S2,-1418,648,12834,-2262,-52,-443,0,-2035.89
11107,20:27:36:426,3,Severe_Damage,L3_S2,-1482,584,12414,-1526,48,-333,0,-2455.89
11108,20:27:36:436,3,Severe_Damage,L3_S2,-1306,590,12356,-746,-47,-207,0,-2513.89
11109,20:27:36:446,3,Severe_Damage,L3_S2,-1426,612,12466,126,89,-71,0,-2403.89
11110,20:27:36:456,3,Severe_Damage,L3_S2,-1458,708,12838,942,44,56,0,-2031.89
11111,20:27:36:466,3,Severe_Damage,L3_S2,-1562,784,13390,1642,67,163,0,-1479.89
11112,20:27:36:476,3,Severe_Damage,L3_S2,-1646,986,14078,2177,110,250,0,-791.89
11113,20:27:36:486,3,Severe_Damage,L3_S2,-1730,1066,14776,2463,79,292,0,-93.89
11114,20:27:36:496,3,Severe_Damage,L3_S2,-1920,1266,15536,2496,129,301,0,666.11
11115,20:27:36:506,3,Severe_Damage,L3_S2,-1940,1354,16256,2280,91,270,0,1386.11
11116,20:27:36:516,3,Severe_Damage,L3_S2,-2108,1566,16640,1883,115,203,0,1770.11
11117,20:27:36:526,3,Severe_Damage,L3_S2,-2040,1538,17196,1159,33,93,0,2326.11
11118,20:27:36:536,3,Severe_Damage,L3_S2,-2206,1622,17226,460,85,-10,0,2356.11
11119,20:27:36:546,3,Severe_Damage,L3_S2,-2062,1588,17234,-399,4,-154,0,2364.11
11120,20:27:36:556,3,Severe_Damage,L3_S2,-2120,1560,16822,-1147,9,-270,0,1952.11
11121,20:27:36:566,3,Severe_Damage,L3_S2,-1990,1430,16394,-1852,-12,-386,0,1524.11
11122,20:27:36:576,3,Severe_Damage,L3_S2,-1896,1312,15726,-2370,-26,-473,0,856.11
11123,20:27:36:586,3,Severe_Damage,L3_S2,-1780,1172,15084,-2686,-23,-522,0,214.11
11124,20:27:36:596,3,Severe_Damage,L3_S2,-1634,1044,14310,-2758,-39,-530,0,-559.89
11125,20:27:36:606,3,Severe_Damage,L3_S2,-1592,904,13622,-2570,-37,-497,0,-1247.89
11126,20:27:36:616,3,Severe_Damage,L3_S2,-1454,784,13050,-2196,-42,-443,0,-1819.89
11127,20:27:36:626,3,Severe_Damage,L3_S2,-1512,682,12842,-1628,-3,-351,0,-2027.89
11128,20:27:36:636,3,Severe_Damage,L3_S2,-1424,658,12638,-870,31,-232,0,-2231.89
11129,20:27:36:646,3,Severe_Damage,L3_S2,-1410,696,12628,-143,2,-112,0,-2241.89
11130,20:27:36:656,3,Severe_Damage,L3_S2,-1536,684,12958,638,84,11,0,-1911.89
11131,20:27:36:666,3,Severe_Damage,L3_S2,-1522,752,13426,1291,59,108,0,-1443.89
11132,20:27:36:676,3,Severe_Damage,L3_S2,-1636,924,13928,1818,83,199,0,-941.89
11133,20:27:36:686,3,Severe_Damage,L3_S2,-1686,1066,14572,2140,111,243,0,-297.89
11134,20:27:36:696,3,Severe_Damage,L3_S2,-1768,1184,15290,2240,86,260,0,420.11
11135,20:27:36:706,3,Severe_Damage,L3_S2,-1920,1306,15960,2099,102,232,0,1090.11
11136,20:27:36:716,3,Severe_Damage,L3_S2,-2004,1478,16404,1786,105,181,0,1534.11
11137,20:27:36:726,3,Severe_Damage,L3_S2,-2096,1488,16850,1224,54,98,0,1980.11
11138,20:27:36:736,3,Severe_Damage,L3_S2,-2064,1624,16944,579,47,-5,0,2074.11
11139,20:27:36:746,3,Severe_Damage,L3_S2,-2174,1536,16962,-172,44,-122,0,2092.11
11140,20:27:36:756,3,Severe_Damage,L3_S2,-2030,1528,16686,-855,-5,-227,0,1816.11
11141,20:27:36:766,3,Severe_Damage,L3_S2,-1928,1398,16372,-1539,-3,-340,0,1502.11
11142,20:27:36:776,3,Severe_Damage,L3_S2,-1890,1336,15786,-2015,-26,-409,0,916.11
11143,20:27:36:786,3,Severe_Damage,L3_S2,-1782,1188,15218,-2391,-21,-466,0,348.11
11144,20:27:36:796,3,Severe_Damage,L3_S2,-1734,1076,14514,-2476,-29,-479,0,-355.89
11145,20:27:36:806,3,Severe_Damage,L3_S2,-1648,910,13936,-2405,-26,-471,0,-933.89
11146,20:27:36:816,3,Severe_Damage,L3_S2,-1510,842,13372,-2079,-34,-419,0,-1497.89
11147,20:27:36:826,3,Severe_Damage,L3_S2,-1548,758,13106,-1638,-18,-350,0,-1763.89
11148,20:27:36:836,3,Severe_Damage,L3_S2,-1442,730,12910,-1002,9,-245,0,-1959.89
11149,20:27:36:846,3,Severe_Damage,L3_S2,-1450,698,12862,-309,44,-138,0,-2007.89
11150,20:27:36:856,3,Severe_Damage,L3_S2,-1484,750,13028,359,23,-31,0,-1841.89
11151,20:27:36:866,3,Severe_Damage,L3_S2,-1588,804,13418,992,91,58,0,-1451.89
11152,20:27:36:876,3,Severe_Damage,L3_S2,-1590,938,13932,1501,58,142,0,-937.89
11153,20:27:36:886,3,Severe_Damage,L3_S2,-1690,1062,14512,1840,83,200,0,-357.89
11154,20:27:36:896,3,Severe_Damage,L3_S2,-1780,1160,15106,1986,106,221,0,236.11
11155,20:27:36:906,3,Severe_Damage,L3_S2,-1810,1266,15662,1917,74,215,0,792.11
11156,20:27:36:916,3,Severe_Damage,L3_S2,-1984,1374,16248,1648,110,175,0,1378.11
11157,20:27:36:926,3,Severe_Damage,L3_S2,-2064,1534,16454,1257,85,107,0,1584.11
11158,20:27:36:936,3,Severe_Damage,L3_S2,-2028,1474,16776,624,34,12,0,1906.11
11159,20:27:36:946,3,Severe_Damage,L3_S2,-2088,1514,16810,33,67,-85,0,1940.11
11160,20:27:36:956,3,Severe_Damage,L3_S2,-1988,1470,16654,-654,-3,-197,0,1784.11
11161,20:27:36:966,3,Severe_Damage,L3_S2,-1984,1442,16330,-1226,12,-286,0,1460.11
11162,20:27:36:976,3,Severe_Damage,L3_S2,-1854,1322,15794,-1742,-16,-374,0,924.11
11163,20:27:36:986,3,Severe_Damage,L3_S2,-1816,1232,15282,-2077,-24,-425,0,412.11
11164,20:27:36:996,3,Severe_Damage,L3_S2,-1728,1072,14638,-2244,-12,-448,0,-231.89
11165,20:27:37:006,3,Severe_Damage,L3_S2,-1618,984,14158,-2200,-33,-441,0,-711.89
11166,20:27:37:016,3,Severe_Damage,L3_S2,-1568,856,13680,-1974,-10,-404,0,-1189.89
11167,20:27:37:026,3,Severe_Damage,L3_S2,-1470,782,13330,-1584,-16,-344,0,-1539.89
11168,20:27:37:036,3,Severe_Damage,L3_S2,-1500,790,13006,-1053,10,-257,0,-1863.89
11169,20:27:37:046,3,Severe_Damage,L3_S2,-1460,684,13158,-496,-6,-178,0,-1711.89
11170,20:27:37:056,3,Severe_Damage,L3_S2,-1584,758,13124,189,83,-62,0,-1745.89
11171,20:27:37:066,3,Severe_Damage,L3_S2,-1510,804,13510,723,39,18,0,-1359.89
11172,20:27:37:076,3,Severe_Damage,L3_S2,-1604,956,13862,1242,70,99,0,-1007.89
11173,20:27:37:086,3,Severe_Damage,L3_S2,-1688,1010,14464,1547,82,147,0,-405.89
11174,20:27:37:096,3,Severe_Damage,L3_S2,-1798,1104,14936,1752,70,180,0,66.11
11175,20:27:37:106,3,Severe_Damage,L3_S2,-1826,1232,15564,1707,88,171,0,694.11
11176,20:27:37:116,3,Severe_Damage,L3_S2,-1934,1328,15910,1527,78,137,0,1040.11
11177,20:27:37:126,3,Severe_Damage,L3_S2,-1980,1368,16378,1160,71,91,0,1508.11
11178,20:27:37:136,3,Severe_Damage,L3_S2,-2072,1506,16414,725,66,20,0,1544.11
11179,20:27:37:146,3,Severe_Damage,L3_S2,-2000,1398,16610,98,14,-79,0,1740.11
11180,20:27:37:156,3,Severe_Damage,L3_S2,-2086,1436,16486,-447,48,-159,0,1616.11
11181,20:27:37:166,3,Severe_Damage,L3_S2,-1862,1408,16252,-1012,-26,-252,0,1382.11
11182,20:27:37:176,3,Severe_Damage,L3_S2,-1968,1284,15862,-1471,7,-324,0,992.11
11183,20:27:37:186,3,Severe_Damage,L3_S2,-1814,1272,15326,-1810,-14,-375,0,456.11
11184,20:27:37:196,3,Severe_Damage,L3_S2,-1744,1116,14848,-2012,-22,-405,0,-21.89
11185,20:27:37:206,3,Severe_Damage,L3_S2,-1694,1014,14358,-2003,1,-410,0,-511.89
11186,20:27:37:216,3,Severe_Damage,L3_S2,-1620,908,13880,-1851,-56,-384,0,-989.89
11187,20:27:37:226,3,Severe_Damage,L3_S2,-1608,846,13520,-1511,12,-332,0,-1349.89
11188,20:27:37:236,3,Severe_Damage,L3_S2,-1510,808,13336,-1081,-13,-263,0,-1533.89
11189,20:27:37:246,3,Severe_Damage,L3_S2,-1562,780,13234,-549,34,-181,0,-1635.89
11190,20:27:37:256,3,Severe_Damage,L3_S2,-1516,818,13278,5,33,-98,0,-1591.89
11191,20:27:37:266,3,Severe_Damage,L3_S2,-1574,830,13480,523,41,-10,0,-1389.89
11192,20:27:37:276,3,Severe_Damage,L3_S2,-1628,910,13854,999,61,65,0,-1015.89
11193,20:27:37:286,3,Severe_Damage,L3_S2,-1660,1012,14350,1320,70,112,0,-519.89
11194,20:27:37:296,3,Severe_Damage,L3_S2,-1772,1060,14820,1527,75,145,0,-49.89
11195,20:27:37:306,3,Severe_Damage,L3_S2,-1810,1202,15364,1541,84,149,0,494.11
11196,20:27:37:316,3,Severe_Damage,L3_S2,-1914,1298,15734,1408,69,132,0,864.11
11197,20:27:37:326,3,Severe_Damage,L3_S2,-1952,1356,16150,1105,67,84,0,1280.11
11198,20:27:37:336,3,Severe_Damage,L3_S2,-1982,1412,16322,699,58,14,0,1452.11
11199,20:27:37:346,3,Severe_Damage,L3_S2,-2058,1458,16440,191,38,-59,0,1570.11
11200,20:27:37:356,3,Severe_Damage,L3_S2,-1954,1462,16346,-328,30,-147,0,1476.11
11201,20:27:37:366,3,Severe_Damage,L3_S2,-1984,1388,16140,-846,10,-219,0,1270.11
11202,20:27:37:376,3,Severe_Damage,L3_S2,-1946,1326,15804,-1285,12,-297,0,934.11
11203,20:27:37:386,3,Severe_Damage,L3_S2,-1804,1236,15432,-1619,-17,-349,0,562.11
11204,20:27:37:396,3,Severe_Damage,L3_S2,-1806,1174,14938,-1818,1,-377,0,68.11
11205,20:27:37:406,3,Severe_Damage,L3_S2,-1710,1050,14472,-1850,-9,-385,0,-397.89
11206,20:27:37:416,3,Severe_Damage,L3_S2,-1660,970,14124,-1730,-16,-364,0,-745.89
11207,20:27:37:426,3,Severe_Damage,L3_S2,-1602,914,13728,-1466,-6,-320,0,-1141.89
11208,20:27:37:436,3,Severe_Damage,L3_S2,-1564,798,13458,-1078,2,-254,0,-1411.89
11209,20:27:37:446,3,Severe_Damage,L3_S2,-1562,798,13410,-605,14,-183,0,-1459.89
11210,20:27:37:456,3,Severe_Damage,L3_S2,-1542,792,13428,-104,36,-117,0,-1441.89
11211,20:27:37:466,3,Severe_Damage,L3_S2,-1600,830,13638,386,31,-33,0,-1231.89
11212,20:27:37:476,3,Severe_Damage,L3_S2,-1588,898,13874,823,60,32,0,-995.89
11213,20:27:37:486,3,Severe_Damage,L3_S2,-1756,992,14274,1151,64,90,0,-595.89
11214,20:27:37:496,3,Severe_Damage,L3_S2,-1716,1086,14736,1347,73,112,0,-133.89
11215,20:27:37:506,3,Severe_Damage,L3_S2,-1792,1180,15234,1402,68,130,0,364.11
11216,20:27:37:516,3,Severe_Damage,L3_S2,-1882,1230,15616,1293,75,112,0,746.11
11217,20:27:37:526,3,Severe_Damage,L3_S2,-1918,1294,15936,1051,56,75,0,1066.11
11218,20:27:37:536,3,Severe_Damage,L3_S2,-2014,1364,16176,683,52,10,0,1306.11
11219,20:27:37:546,3,Severe_Damage,L3_S2,-1976,1412,16304,249,49,-65,0,1434.11
11220,20:27:37:556,3,Severe_Damage,L3_S2,-1940,1422,16240,-235,24,-132,0,1370.11
11221,20:27:37:566,3,Severe_Damage,L3_S2,-1966,1356,16114,-706,15,-199,0,1244.11
11222,20:27:37:576,3,Severe_Damage,L3_S2,-1930,1300,15836,-1123,2,-261,0,966.11
11223,20:27:37:586,3,Severe_Damage,L3_S2,-1804,1232,15416,-1450,-9,-321,0,546.11
11224,20:27:37:596,3,Severe_Damage,L3_S2,-1788,1138,14958,-1650,-9,-355,0,88.11
11225,20:27:37:606,3,Severe_Damage,L3_S2,-1710,1104,14570,-1708,-6,-358,0,-299.89
11226,20:27:37:616,3,Severe_Damage,L3_S2,-1550,994,14178,-1619,-26,-344,0,-691.89
11227,20:27:37:626,3,Severe_Damage,L3_S2,-1648,910,13840,-1398,-6,-306,0,-1029.89
11228,20:27:37:636,3,Severe_Damage,L3_S2,-1566,856,13594,-1057,4,-254,0,-1275.89
11229,20:27:37:646,3,Severe_Damage,L3_S2,-1528,814,13478,-645,18,-194,0,-1391.89
11230,20:27:37:656,3,Severe_Damage,L3_S2,-1634,850,13548,-191,30,-127,0,-1321.89
11231,20:27:37:666,3,Severe_Damage,L3_S2,-1596,886,13712,261,42,-53,0,-1157.89
11232,20:27:37:676,3,Severe_Damage,L3_S2,-1638,924,14044,666,56,21,0,-825.89
11233,20:27:37:686,3,Severe_Damage,L3_S2,-1658,1044,14312,982,59,61,0,-557.89
11234,20:27:37:696,3,Severe_Damage,L3_S2,-1730,1078,14668,1191,73,92,0,-201.89
11235,20:27:37:706,3,Severe_Damage,L3_S2,-1792,1170,15106,1254,79,106,0,236.11
11236,20:27:37:716,3,Severe_Damage,L3_S2,-1864,1198,15506,1183,70,96,0,636.11
11237,20:27:37:726,3,Severe_Damage,L3_S2,-1862,1304,15804,981,46,62,0,934.11
11238,20:27:37:736,3,Severe_Damage,L3_S2,-1934,1334,16038,667,75,14,0,1168.11
11239,20:27:37:746,3,Severe_Damage,L3_S2,-1896,1354,16164,270,20,-47,0,1294.11
11240,20:27:37:756,3,Severe_Damage,L3_S2,-1940,1390,16120,-161,37,-119,0,1250.11
11241,20:27:37:766,3,Severe_Damage,L3_S2,-1954,1346,15940,-592,17,-188,0,1070.11
11242,20:27:37:777,3,Severe_Damage,L3_S2,-1882,1270,15752,-987,-2,-247,0,882.11
11243,20:27:37:786,3,Severe_Damage,L3_S2,-1888,1256,15386,-1295,3,-295,0,516.11
11244,20:27:37:797,3,Severe_Damage,L3_S2,-1774,1140,15088,-1500,-19,-325,0,218.11
11245,20:27:37:807,3,Severe_Damage,L3_S2,-1736,1080,14684,-1568,4,-337,0,-185.89
11246,20:27:37:817,3,Severe_Damage,L3_S2,-1650,988,14362,-1510,-18,-327,0,-507.89
11247,20:27:37:826,3,Severe_Damage,L3_S2,-1614,914,14018,-1327,-1,-305,0,-851.89
11248,20:27:37:836,3,Severe_Damage,L3_S2,-1604,926,13746,-1034,17,-261,0,-1123.89
11249,20:27:37:846,3,Severe_Damage,L3_S2,-1548,836,13650,-667,6,-205,0,-1219.89
11250,20:27:37:856,3,Severe_Damage,L3_S2,-1536,828,13630,-259,42,-142,0,-1239.89
11251,20:27:37:866,3,Severe_Damage,L3_S2,-1634,912,13804,163,33,-74,0,-1065.89
11252,20:27:37:876,3,Severe_Damage,L3_S2,-1630,910,14010,530,58,-14,0,-859.89
11253,20:27:37:886,3,Severe_Damage,L3_S2,-1678,1004,14310,835,61,38,0,-559.89
11254,20:27:37:896,3,Severe_Damage,L3_S2,-1766,1070,14648,1036,67,75,0,-221.89
11255,20:27:37:906,3,Severe_Damage,L3_S2,-1812,1194,15044,1124,72,89,0,174.11
11256,20:27:37:916,3,Severe_Damage,L3_S2,-1804,1206,15348,1079,62,78,0,478.11
11257,20:27:37:926,3,Severe_Damage,L3_S2,-1872,1254,15622,911,47,55,0,752.11
11258,20:27:37:936,3,Severe_Damage,L3_S2,-1960,1324,15870,637,68,7,0,1000.11
11259,20:27:37:946,3,Severe_Damage,L3_S2,-1970,1382,16088,298,34,-53,0,1218.11
11260,20:27:37:956,3,Severe_Damage,L3_S2,-1988,1356,16008,-96,43,-111,0,1138.11
11261,20:27:37:966,3,Severe_Damage,L3_S2,-1962,1302,15900,-493,22,-171,0,1030.11
11262,20:27:37:976,3,Severe_Damage,L3_S2,-1856,1252,15724,-861,9,-229,0,854.11
11263,20:27:37:986,3,Severe_Damage,L3_S2,-1864,1216,15426,-1156,5,-274,0,556.11
11264,20:27:37:997,3,Severe_Damage,L3_S2,-1754,1182,15112,-1358,-12,-300,0,242.11
11265,20:27:38:007,3,Severe_Damage,L3_S2,-1742,1104,14654,-1441,1,-324,0,-215.89
11266,20:27:38:017,3,Severe_Damage,L3_S2,-1742,1004,14410,-1409,0,-313,0,-459.89
11267,20:27:38:027,3,Severe_Damage,L3_S2,-1660,956,14124,-1254,-13,-296,0,-745.89
11268,20:27:38:036,3,Severe_Damage,L3_S2,-1668,914,13924,-1007,13,-254,0,-945.89
11269,20:27:38:046,3,Severe_Damage,L3_S2,-1606,882,13700,-677,16,-198,0,-1169.89
11270,20:27:38:056,3,Severe_Damage,L3_S2,-1602,906,13702,-311,26,-134,0,-1167.89
11271,20:27:38:066,3,Severe_Damage,L3_S2,-1582,912,13832,71,42,-81,0,-1037.89
11272,20:27:38:076,3,Severe_Damage,L3_S2,-1626,932,14020,421,46,-27,0,-849.89
11273,20:27:38:086,3,Severe_Damage,L3_S2,-1666,1052,14330,708,53,15,0,-539.89
11274,20:27:38:096,3,Severe_Damage,L3_S2,-1756,1042,14616,904,57,50,0,-253.89
11275,20:27:38:107,3,Severe_Damage,L3_S2,-1754,1122,15048,1001,71,65,0,178.11
11276,20:27:38:116,3,Severe_Damage,L3_S2,-1832,1194,15298,971,56,63,0,428.11
11277,20:27:38:126,3,Severe_Damage,L3_S2,-1850,1258,15608,840,51,35,0,738.11
11278,20:27:38:136,3,Severe_Damage,L3_S2,-2002,1310,15734,602,36,9,0,864.11
11279,20:27:38:146,3,Severe_Damage,L3_S2,-1866,1340,15896,297,44,-41,0,1026.11
11280,20:27:38:156,3,Severe_Damage,L3_S2,-1966,1326,15916,-56,33,-99,0,1046.11
11281,20:27:38:167,3,Severe_Damage,L3_S2,-1910,1364,15844,-405,23,-158,0,974.11
11282,20:27:38:177,3,Severe_Damage,L3_S2,-1912,1314,15684,-745,8,-218,0,814.11
11283,20:27:38:187,3,Severe_Damage,L3_S2,-1868,1264,15428,-1026,7,-252,0,558.11
11284,20:27:38:197,3,Severe_Damage,L3_S2,-1804,1172,15138,-1229,3,-284,0,268.11
11285,20:27:38:207,3,Severe_Damage,L3_S2,-1752,1070,14784,-1330,10,-306,0,-85.89
11286,20:27:38:217,3,Severe_Damage,L3_S2,-1726,1028,14502,-1315,8,-303,0,-367.89
11287,20:27:38:227,3,Severe_Damage,L3_S2,-1626,994,14292,-1189,-9,-281,0,-577.89
11288,20:27:38:237,3,Severe_Damage,L3_S2,-1650,918,13976,-968,19,-245,0,-893.89
11289,20:27:38:247,3,Severe_Damage,L3_S2,-1634,912,13912,-686,12,-201,0,-957.89
11290,20:27:38:257,3,Severe_Damage,L3_S2,-1638,902,13854,-345,24,-146,0,-1015.89
11291,20:27:38:266,3,Severe_Damage,L3_S2,-1586,914,13972,-11,39,-90,0,-897.89
11292,20:27:38:276,3,Severe_Damage,L3_S2,-1650,894,14118,324,43,-36,0,-751.89
11293,20:27:38:286,3,Severe_Damage,L3_S2,-1764,988,14348,588,59,1,0,-521.89
11294,20:27:38:296,3,Severe_Damage,L3_S2,-1772,1032,14616,788,55,31,0,-253.89
11295,20:27:38:306,3,Severe_Damage,L3_S2,-1776,1102,14890,888,57,51,0,20.11
11296,20:27:38:316,3,Severe_Damage,L3_S2,-1812,1180,15176,872,60,46,0,306.11
11297,20:27:38:326,3,Severe_Damage,L3_S2,-1894,1196,15430,772,56,32,0,560.11
11298,20:27:38:336,3,Severe_Damage,L3_S2,-1866,1290,15732,568,42,-2,0,862.11
11299,20:27:38:346,3,Severe_Damage,L3_S2,-1960,1290,15790,300,53,-44,0,920.11
11300,20:27:38:357,3,Severe_Damage,L3_S2,-1908,1314,15846,-16,36,-92,0,976.11
11301,20:27:38:367,3,Severe_Damage,L3_S2,-1894,1328,15798,-336,22,-144,0,928.11
11302,20:27:38:377,3,Severe_Damage,L3_S2,-1878,1260,15676,-658,13,-198,0,806.11
11303,20:27:38:387,3,Severe_Damage,L3_S2,-1866,1174,15400,-917,12,-241,0,530.11
11304,20:27:38:397,3,Severe_Damage,L3_S2,-1786,1158,15166,-1108,-2,-265,0,296.11
11305,20:27:38:407,3,Severe_Damage,L3_S2,-1726,1104,14846,-1205,0,-278,0,-23.89
11306,20:27:38:417,3,Severe_Damage,L3_S2,-1716,1054,14496,-1216,7,-283,0,-373.89
11307,20:27:38:427,3,Severe_Damage,L3_S2,-1728,1012,14296,-1110,10,-271,0,-573.89
11308,20:27:38:437,3,Severe_Damage,L3_S2,-1642,944,14110,-933,-1,-246,0,-759.89
11309,20:27:38:447,3,Severe_Damage,L3_S2,-1620,906,13966,-679,19,-196,0,-903.89
11310,20:27:38:457,3,Severe_Damage,L3_S2,-1612,896,13932,-384,28,-155,0,-937.89
11311,20:27:38:467,3,Severe_Damage,L3_S2,-1666,964,14010,-73,37,-106,0,-859.89
11312,20:27:38:476,3,Severe_Damage,L3_S2,-1656,956,14118,225,48,-56,0,-751.89
11313,20:27:38:487,3,Severe_Damage,L3_S2,-1690,1010,14300,491,54,-11,0,-569.89
11314,20:27:38:497,3,Severe_Damage,L3_S2,-1718,1092,14654,677,53,21,0,-215.89
11315,20:27:38:506,3,Severe_Damage,L3_S2,-1776,1104,14836,781,57,37,0,-33.89
11316,20:27:38:517,3,Severe_Damage,L3_S2,-1858,1164,15120,787,55,34,0,250.11
11317,20:27:38:527,3,Severe_Damage,L3_S2,-1860,1228,15390,703,58,11,0,520.11
11318,20:27:38:537,3,Severe_Damage,L3_S2,-1868,1274,15574,528,44,-12,0,704.11
11319,20:27:38:547,3,Severe_Damage,L3_S2,-1912,1262,15698,295,41,-45,0,828.11
11320,20:27:38:557,3,Severe_Damage,L3_S2,-1852,1310,15748,10,35,-86,0,878.11
11321,20:27:38:567,3,Severe_Damage,L3_S2,-1952,1298,15718,-295,29,-137,0,848.11
11322,20:27:38:577,3,Severe_Damage,L3_S2,-1898,1266,15610,-573,21,-186,0,740.11
11323,20:27:38:587,3,Severe_Damage,L3_S2,-1878,1184,15404,-821,9,-219,0,534.11
11324,20:27:38:597,3,Severe_Damage,L3_S2,-1800,1176,15106,-1001,13,-249,0,236.11
11325,20:27:38:607,3,Severe_Damage,L3_S2,-1772,1168,14842,-1110,-2,-269,0,-27.89
11326,20:27:38:617,3,Severe_Damage,L3_S2,-1726,1050,14578,-1128,-2,-270,0,-291.89
11327,20:27:38:627,3,Severe_Damage,L3_S2,-1708,1006,14394,-1054,19,-261,0,-475.89
11328,20:27:38:637,3,Severe_Damage,L3_S2,-1622,1006,14262,-897,-8,-235,0,-607.89
11329,20:27:38:647,3,Severe_Damage,L3_S2,-1644,940,14048,-668,23,-199,0,-821.89
11330,20:27:38:657,3,Severe_Damage,L3_S2,-1632,896,14046,-406,11,-158,0,-823.89
11331,20:27:38:667,3,Severe_Damage,L3_S2,-1648,986,14068,-117,29,-112,0,-801.89
11332,20:27:38:676,3,Severe_Damage,L3_S2,-1652,938,14168,155,34,-72,0,-701.89
11333,20:27:38:687,3,Severe_Damage,L3_S2,-1706,1018,14350,401,51,-25,0,-519.89
11334,20:27:38:696,3,Severe_Damage,L3_S2,-1640,1050,14616,581,56,-1,0,-253.89
11335,20:27:38:707,3,Severe_Damage,L3_S2,-1828,1152,14846,678,46,14,0,-23.89
11336,20:27:38:716,3,Severe_Damage,L3_S2,-1778,1138,15054,704,48,24,0,184.11
11337,20:27:38:726,3,Severe_Damage,L3_S2,-1798,1226,15296,630,57,7,0,426.11
11338,20:27:38:737,3,Severe_Damage,L3_S2,-1900,1254,15552,491,48,-12,0,682.11
11339,20:27:38:747,3,Severe_Damage,L3_S2,-1898,1254,15658,283,35,-46,0,788.11
11340,20:27:38:757,3,Severe_Damage,L3_S2,-1900,1240,15748,29,37,-80,0,878.11
11341,20:27:38:767,3,Severe_Damage,L3_S2,-1830,1282,15654,-248,23,-120,0,784.11
11342,20:27:38:777,3,Severe_Damage,L3_S2,-1870,1260,15522,-512,24,-169,0,652.11
11343,20:27:38:787,3,Severe_Damage,L3_S2,-1870,1200,15374,-734,14,-211,0,504.11
11344,20:27:38:797,3,Severe_Damage,L3_S2,-1792,1178,15140,-910,5,-243,0,270.11
11345,20:27:38:807,3,Severe_Damage,L3_S2,-1796,1156,14944,-1018,12,-252,0,74.11
11346,20:27:38:817,3,Severe_Damage,L3_S2,-1784,1002,14702,-1045,8,-259,0,-167.89
11347,20:27:38:827,3,Severe_Damage,L3_S2,-1702,1060,14430,-986,21,-248,0,-439.89
11348,20:27:38:837,3,Severe_Damage,L3_S2,-1660,1008,14220,-850,11,-228,0,-649.89
11349,20:27:38:847,3,Severe_Damage,L3_S2,-1642,958,14188,-658,16,-200,0,-681.89
11350,20:27:38:857,3,Severe_Damage,L3_S2,-1634,972,14194,-414,27,-160,0,-675.89
11351,20:27:38:867,3,Severe_Damage,L3_S2,-1692,964,14162,-163,32,-124,0,-707.89
11352,20:27:38:877,3,Severe_Damage,L3_S2,-1634,970,14214,96,37,-83,0,-655.89
11353,20:27:38:887,3,Severe_Damage,L3_S2,-1700,1030,14312,313,41,-38,0,-557.89
11354,20:27:38:897,3,Severe_Damage,L3_S2,-1722,1022,14648,491,51,-13,0,-221.89
11355,20:27:38:907,3,Severe_Damage,L3_S2,-1738,1112,14806,594,51,5,0,-63.89
11356,20:27:38:916,3,Severe_Damage,L3_S2,-1738,1132,15052,625,53,4,0,182.11
11357,20:27:38:927,3,Severe_Damage,L3_S2,-1774,1190,15134,574,51,-4,0,264.11
11358,20:27:38:937,3,Severe_Damage,L3_S2,-1820,1244,15344,450,49,-14,0,474.11
11359,20:27:38:947,3,Severe_Damage,L3_S2,-1804,1204,15512,269,41,-49,0,642.11
11360,20:27:38:957,3,Severe_Damage,L3_S2,-1884,1270,15600,37,31,-84,0,730.11
11361,20:27:38:967,3,Severe_Damage,L3_S2,-1888,1262,15576,-210,33,-122,0,706.11
11362,20:27:38:977,3,Severe_Damage,L3_S2,-1832,1238,15472,-442,18,-157,0,602.11
11363,20:27:38:987,3,Severe_Damage,L3_S2,-1826,1206,15358,-666,16,-205,0,488.11
11364,20:27:38:997,3,Severe_Damage,L3_S2,-1836,1158,15190,-832,11,-226,0,320.11
11365,20:27:39:007,3,Severe_Damage,L3_S2,-1782,1174,14920,-932,9,-236,0,50.11
11366,20:27:39:017,3,Severe_Damage,L3_S2,-1732,1074,14722,-961,9,-238,0,-147.89
11367,20:27:39:027,3,Severe_Damage,L3_S2,-1676,1060,14530,-919,9,-235,0,-339.89
11368,20:27:39:037,3,Severe_Damage,L3_S2,-1698,1034,14384,-813,21,-218,0,-485.89
11369,20:27:39:047,3,Severe_Damage,L3_S2,-1682,968,14286,-644,4,-188,0,-583.89
11370,20:27:39:057,3,Severe_Damage,L3_S2,-1696,962,14190,-430,30,-157,0,-679.89
11371,20:27:39:067,3,Severe_Damage,L3_S2,-1684,942,14184,-194,29,-120,0,-685.89
11372,20:27:39:077,3,Severe_Damage,L3_S2,-1662,972,14280,42,43,-80,0,-589.89
11373,20:27:39:087,3,Severe_Damage,L3_S2,-1728,1022,14380,244,55,-52,0,-489.89
11374,20:27:39:097,3,Severe_Damage,L3_S2,-1690,1052,14546,417,43,-25,0,-323.89
11375,20:27:39:107,3,Severe_Damage,L3_S2,-1710,1132,14790,512,61,-9,0,-79.89
11376,20:27:39:117,3,Severe_Damage,L3_S2,-1796,1094,15014,551,42,-6,0,144.11
11377,20:27:39:127,3,Severe_Damage,L3_S2,-1840,1188,15208,522,53,-9,0,338.11
11378,20:27:39:137,3,Severe_Damage,L3_S2,-1828,1202,15368,409,52,-28,0,498.11
11379,20:27:39:147,3,Severe_Damage,L3_S2,-1826,1242,15436,246,40,-53,0,566.11
11380,20:27:39:157,3,Severe_Damage,L3_S2,-1894,1262,15516,47,40,-83,0,646.11
11381,20:27:39:167,3,Severe_Damage,L3_S2,-1818,1260,15562,-178,22,-126,0,692.11
11382,20:27:39:177,3,Severe_Damage,L3_S2,-1904,1206,15510,-395,22,-149,0,640.11
11383,20:27:39:187,3,Severe_Damage,L3_S2,-1804,1234,15342,-597,14,-189,0,472.11
11384,20:27:39:197,3,Severe_Damage,L3_S2,-1836,1182,15174,-753,15,-212,0,304.11
11385,20:27:39:207,3,Severe_Damage,L3_S2,-1756,1132,14922,-855,13,-227,0,52.11
11386,20:27:39:217,3,Severe_Damage,L3_S2,-1692,1104,14690,-894,8,-233,0,-179.89
11387,20:27:39:227,3,Severe_Damage,L3_S2,-1718,1050,14564,-864,20,-228,0,-305.89
11388,20:27:39:237,3,Severe_Damage,L3_S2,-1664,1038,14408,-769,17,-211,0,-461.89
11389,20:27:39:247,3,Severe_Damage,L3_S2,-1670,1004,14298,-621,13,-195,0,-571.89
11390,20:27:39:257,3,Severe_Damage,L3_S2,-1688,982,14168,-427,20,-151,0,-701.89
11391,20:27:39:267,3,Severe_Damage,L3_S2,-1632,972,14184,-220,29,-124,0,-685.89
11392,20:27:39:277,3,Severe_Damage,L3_S2,-1700,990,14338,-2,40,-90,0,-531.89
11393,20:27:39:287,3,Severe_Damage,L3_S2,-1618,996,14444,187,47,-63,0,-425.89
11394,20:27:39:297,3,Severe_Damage,L3_S2,-1728,1044,14608,340,43,-43,0,-261.89
11395,20:27:39:307,3,Severe_Damage,L3_S2,-1698,1084,14726,440,46,-26,0,-143.89
11396,20:27:39:317,3,Severe_Damage,L3_S2,-1808,1116,14948,476,45,-14,0,78.11
11397,20:27:39:327,3,Severe_Damage,L3_S2,-1790,1182,15112,454,43,-18,0,242.11
11398,20:27:39:337,3,Severe_Damage,L3_S2,-1810,1204,15314,368,46,-35,0,444.11
11399,20:27:39:347,3,Severe_Damage,L3_S2,-1822,1226,15360,224,45,-61,0,490.11
11400,20:27:39:357,3,Severe_Damage,L3_S2,-1854,1222,15480,45,35,-90,0,610.11
11401,20:27:39:367,3,Severe_Damage,L3_S2,-1832,1260,15392,-152,36,-120,0,522.11
11402,20:27:39:377,3,Severe_Damage,L3_S2,-1902,1240,15430,-357,23,-153,0,560.11
11403,20:27:39:387,3,Severe_Damage,L3_S2,-1832,1212,15314,-545,13,-184,0,444.11
11404,20:27:39:397,3,Severe_Damage,L3_S2,-1756,1172,15060,-689,32,-198,0,190.11
11405,20:27:39:407,3,Severe_Damage,L3_S2,-1782,1086,14980,-791,14,-216,0,110.11
11406,20:27:39:417,3,Severe_Damage,L3_S2,-1754,1072,14798,-822,18,-226,0,-71.89
11407,20:27:39:427,3,Severe_Damage,L3_S2,-1736,1010,14646,-810,5,-224,0,-223.89
11408,20:27:39:437,3,Severe_Damage,L3_S2,-1670,1048,14424,-730,14,-214,0,-445.89
11409,20:27:39:447,3,Severe_Damage,L3_S2,-1722,1004,14346,-593,19,-188,0,-523.89
11410,20:27:39:457,3,Severe_Damage,L3_S2,-1670,954,14282,-426,29,-158,0,-587.89
11411,20:27:39:467,3,Severe_Damage,L3_S2,-1660,998,14286,-237,38,-129,0,-583.89
11412,20:27:39:477,3,Severe_Damage,L3_S2,-1668,988,14320,-48,39,-95,0,-549.89
11413,20:27:39:487,3,Severe_Damage,L3_S2,-1736,1008,14496,136,39,-70,0,-373.89
11414,20:27:39:497,3,Severe_Damage,L3_S2,-1770,1084,14636,280,39,-46,0,-233.89
11415,20:27:39:507,3,Severe_Damage,L3_S2,-1764,1074,14768,386,48,-31,0,-101.89
11416,20:27:39:517,3,Severe_Damage,L3_S2,-1814,1120,14938,424,46,-25,0,68.11
11417,20:27:39:527,3,Severe_Damage,L3_S2,-1810,1176,15070,400,48,-23,0,200.11
11418,20:27:39:537,3,Severe_Damage,L3_S2,-1802,1192,15220,329,44,-39,0,350.11
11419,20:27:39:547,3,Severe_Damage,L3_S2,-1860,1190,15320,204,38,-61,0,450.11
11420,20:27:39:557,3,Severe_Damage,L3_S2,-1860,1238,15418,38,30,-83,0,548.11
11421,20:27:39:567,3,Severe_Damage,L3_S2,-1794,1260,15408,-141,30,-115,0,538.11
11422,20:27:39:577,3,Severe_Damage,L3_S2,-1860,1234,15414,-331,16,-139,0,544.11
11423,20:27:39:587,3,Severe_Damage,L3_S2,-1840,1194,15298,-498,27,-173,0,428.11
11424,20:27:39:597,3,Severe_Damage,L3_S2,-1816,1130,15076,-637,14,-190,0,206.11
11425,20:27:39:607,3,Severe_Damage,L3_S2,-1748,1152,14978,-727,14,-204,0,108.11
11426,20:27:39:617,3,Severe_Damage,L3_S2,-1772,1110,14872,-765,15,-210,0,2.11
11427,20:27:39:627,3,Severe_Damage,L3_S2,-1716,1032,14604,-756,6,-211,0,-265.89
11428,20:27:39:637,3,Severe_Damage,L3_S2,-1720,1018,14526,-694,20,-200,0,-343.89
11429,20:27:39:647,3,Severe_Damage,L3_S2,-1670,1026,14396,-579,19,-187,0,-473.89
11430,20:27:39:657,3,Severe_Damage,L3_S2,-1694,1004,14408,-420,24,-159,0,-461.89
11431,20:27:39:667,3,Severe_Damage,L3_S2,-1716,994,14356,-244,26,-127,0,-513.89
11432,20:27:39:677,3,Severe_Damage,L3_S2,-1752,992,14380,-67,35,-99,0,-489.89
11433,20:27:39:687,3,Severe_Damage,L3_S2,-1690,1026,14514,93,44,-82,0,-355.89
11434,20:27:39:697,3,Severe_Damage,L3_S2,-1730,1068,14566,225,37,-60,0,-303.89
11435,20:27:39:707,3,Severe_Damage,L3_S2,-1754,1146,14780,318,43,-41,0,-89.89
11436,20:27:39:717,3,Severe_Damage,L3_S2,-1748,1100,14932,363,41,-34,0,62.11
11437,20:27:39:727,3,Severe_Damage,L3_S2,-1772,1142,15054,350,51,-41,0,184.11
11438,20:27:39:737,3,Severe_Damage,L3_S2,-1862,1156,15192,292,45,-47,0,322.11
11439,20:27:39:747,3,Severe_Damage,L3_S2,-1828,1184,15296,180,36,-68,0,426.11
11440,20:27:39:757,3,Severe_Damage,L3_S2,-1898,1232,15306,39,41,-81,0,436.11
11441,20:27:39:767,3,Severe_Damage,L3_S2,-1854,1206,15336,-136,33,-110,0,466.11
11442,20:27:39:777,3,Severe_Damage,L3_S2,-1874,1196,15298,-299,26,-136,0,428.11
11443,20:27:39:787,3,Severe_Damage,L3_S2,-1844,1156,15214,-457,26,-155,0,344.11
11444,20:27:39:797,3,Severe_Damage,L3_S2,-1822,1152,15144,-585,20,-181,0,274.11
11445,20:27:39:807,3,Severe_Damage,L3_S2,-1780,1094,14844,-720,15,-208,0,-25.89
11446,20:27:39:817,3,Severe_Damage,L3_S2,-1752,1108,14656,-713,15,-202,0,-213.89
11447,20:27:39:827,3,Severe_Damage,L3_S2,-1722,1016,14530,-660,13,-185,0,-339.89
11448,20:27:39:837,3,Severe_Damage,L3_S2,-1722,1022,14532,-554,13,-186,0,-337.89
11449,20:27:39:847,3,Severe_Damage,L3_S2,-1632,986,14408,-417,20,-162,0,-461.89
11450,20:27:39:857,3,Severe_Damage,L3_S2,-1740,976,14424,-260,27,-129,0,-445.89
11451,20:27:39:867,3,Severe_Damage,L3_S2,-1662,1028,14466,-94,46,-114,0,-403.89
11452,20:27:39:877,3,Severe_Damage,L3_S2,-1728,996,14412,51,31,-90,0,-457.89
11453,20:27:39:887,3,Severe_Damage,L3_S2,-1728,1038,14668,183,46,-67,0,-201.89
11454,20:27:39:897,3,Severe_Damage,L3_S2,-1758,1080,14818,266,44,-51,0,-51.89
11455,20:27:39:907,3,Severe_Damage,L3_S2,-1816,1170,14912,318,47,-46,0,42.11
11456,20:27:39:917,3,Severe_Damage,L3_S2,-1786,1162,15032,307,45,-43,0,162.11
11457,20:27:39:927,3,Severe_Damage,L3_S2,-1792,1164,15106,257,43,-54,0,236.11
11458,20:27:39:937,3,Severe_Damage,L3_S2,-1784,1224,15236,161,40,-67,0,366.11
11459,20:27:39:947,3,Severe_Damage,L3_S2,-1832,1186,15280,31,43,-89,0,410.11
11460,20:27:39:957,3,Severe_Damage,L3_S2,-1874,1226,15274,-120,36,-116,0,404.11
11461,20:27:39:967,3,Severe_Damage,L3_S2,-1796,1222,15282,-272,33,-141,0,412.11
11462,20:27:39:977,3,Severe_Damage,L3_S2,-1844,1164,15180,-415,27,-161,0,310.11
11463,20:27:39:987,3,Severe_Damage,L3_S2,-1824,1182,15076,-537,21,-175,0,206.11
11464,20:27:39:997,3,Severe_Damage,L3_S2,-1792,1166,14958,-623,22,-187,0,88.11
11465,20:27:40:007,3,Severe_Damage,L3_S2,-1784,1172,14858,-672,21,-201,0,-11.89
11466,20:27:40:017,3,Severe_Damage,L3_S2,-1744,1094,14700,-671,20,-197,0,-169.89
11467,20:27:40:027,3,Severe_Damage,L3_S2,-1722,1102,14550,-620,16,-188,0,-319.89
11468,20:27:40:037,3,Severe_Damage,L3_S2,-1756,1080,14480,-535,19,-169,0,-389.89
11469,20:27:40:047,3,Severe_Damage,L3_S2,-1722,1010,14458,-414,16,-150,0,-411.89
11470,20:27:40:057,3,Severe_Damage,L3_S2,-1722,1064,14424,-264,26,-139,0,-445.89
11471,20:27:40:067,3,Severe_Damage,L3_S2,-1690,982,14400,-118,27,-118,0,-469.89
11472,20:27:40:077,3,Severe_Damage,L3_S2,-1720,1010,14510,15,33,-95,0,-359.89
11473,20:27:40:087,3,Severe_Damage,L3_S2,-1778,1046,14570,133,38,-69,0,-299.89
11474,20:27:40:097,3,Severe_Damage,L3_S2,-1766,1088,14776,224,45,-59,0,-93.89
11475,20:27:40:111,3,Severe_Damage,L3_S2,-1808,1110,14872,263,47,-49,0,2.11
11476,20:27:40:117,3,Severe_Damage,L3_S2,-1760,1122,14992,264,47,-49,0,122.11
11477,20:27:40:127,3,Severe_Damage,L3_S2,-1800,1122,15100,224,43,-59,0,230.11
11478,20:27:40:137,3,Severe_Damage,L3_S2,-1810,1186,15222,141,42,-72,0,352.11
11479,20:27:40:147,3,Severe_Damage,L3_S2,-1834,1202,15218,28,32,-90,0,348.11
11480,20:27:40:157,3,Severe_Damage,L3_S2,-1860,1168,15264,-106,34,-106,0,394.11
11481,20:27:40:167,3,Severe_Damage,L3_S2,-1848,1162,15224,-251,25,-134,0,354.11
11482,20:27:40:177,3,Severe_Damage,L3_S2,-1780,1166,15224,-387,21,-153,0,354.11
11483,20:27:40:187,3,Severe_Damage,L3_S2,-1818,1162,15132,-499,23,-173,0,262.11
11484,20:27:40:197,3,Severe_Damage,L3_S2,-1808,1132,15006,-590,17,-186,0,136.11
11485,20:27:40:207,3,Severe_Damage,L3_S2,-1750,1134,14860,-630,19,-197,0,-9.89
11486,20:27:40:217,3,Severe_Damage,L3_S2,-1820,1086,14708,-639,17,-196,0,-161.89
11487,20:27:40:227,3,Severe_Damage,L3_S2,-1766,1038,14586,-590,24,-184,0,-283.89
11488,20:27:40:237,3,Severe_Damage,L3_S2,-1724,1026,14544,-511,20,-170,0,-325.89
11489,20:27:40:247,3,Severe_Damage,L3_S2,-1706,1018,14524,-397,25,-158,0,-345.89
11490,20:27:40:257,3,Severe_Damage,L3_S2,-1710,1032,14416,-276,27,-127,0,-453.89
11491,20:27:40:267,3,Severe_Damage,L3_S2,-1734,1040,14482,-141,29,-111,0,-387.89
11492,20:27:40:277,3,Severe_Damage,L3_S2,-1714,1018,14552,-7,41,-97,0,-317.89
11493,20:27:40:287,3,Severe_Damage,L3_S2,-1788,1078,14652,104,32,-80,0,-217.89
11494,20:27:40:297,3,Severe_Damage,L3_S2,-1762,1074,14766,186,38,-66,0,-103.89
11495,20:27:40:307,3,Severe_Damage,L3_S2,-1766,1102,14820,228,44,-60,0,-49.89
11496,20:27:40:317,3,Severe_Damage,L3_S2,-1806,1148,15034,228,32,-51,0,164.11
11497,20:27:40:327,3,Severe_Damage,L3_S2,-1792,1098,15158,196,38,-67,0,288.11
11498,20:27:40:337,3,Severe_Damage,L3_S2,-1786,1166,15206,117,27,-72,0,336.11
11499,20:27:40:347,3,Severe_Damage,L3_S2,-1892,1188,15222,15,37,-94,0,352.11
11500,20:27:40:357,3,Severe_Damage,L3_S2,-1820,1194,15226,-105,33,-107,0,356.11
11501,20:27:40:367,3,Severe_Damage,L3_S2,-1832,1248,15262,-236,27,-132,0,392.11
11502,20:27:40:377,3,Severe_Damage,L3_S2,-1792,1160,15144,-354,23,-152,0,274.11
11503,20:27:40:388,3,Severe_Damage,L3_S2,-1850,1114,15058,-464,27,-171,0,188.11
11504,20:27:40:397,3,Severe_Damage,L3_S2,-1778,1166,15004,-542,27,-185,0,134.11
11505,20:27:40:407,3,Severe_Damage,L3_S2,-1768,1104,14874,-586,19,-187,0,4.11
11506,20:27:40:417,3,Severe_Damage,L3_S2,-1750,1072,14820,-596,12,-187,0,-49.89
11507,20:27:40:427,3,Severe_Damage,L3_S2,-1738,1116,14648,-561,26,-185,0,-221.89
11508,20:27:40:437,3,Severe_Damage,L3_S2,-1736,1056,14616,-502,12,-170,0,-253.89
11509,20:27:40:447,3,Severe_Damage,L3_S2,-1690,1010,14498,-384,26,-151,0,-371.89
11510,20:27:40:457,3,Severe_Damage,L3_S2,-1692,1024,14584,-275,28,-132,0,-285.89
11511,20:27:40:468,3,Severe_Damage,L3_S2,-1658,1032,14516,-155,33,-117,0,-353.89
11512,20:27:40:477,3,Severe_Damage,L3_S2,-1738,1032,14568,-40,34,-97,0,-301.89
11513,20:27:40:487,3,Severe_Damage,L3_S2,-1706,1092,14638,68,30,-82,0,-231.89
11514,20:27:40:497,3,Severe_Damage,L3_S2,-1750,1074,14730,143,36,-74,0,-139.89
11515,20:27:40:507,3,Severe_Damage,L3_S2,-1734,1056,14842,189,36,-66,0,-27.89
11516,20:27:40:518,3,Severe_Damage,L3_S2,-1790,1144,14974,196,38,-68,0,104.11
11517,20:27:40:527,3,Severe_Damage,L3_S2,-1800,1182,15086,159,41,-65,0,216.11
11518,20:27:40:537,3,Severe_Damage,L3_S2,-1758,1146,15164,97,44,-77,0,294.11
11519,20:27:40:547,3,Severe_Damage,L3_S2,-1818,1158,15188,3,40,-89,0,318.11
11520,20:27:40:558,3,Severe_Damage,L3_S2,-1780,1200,15210,-108,39,-110,0,340.11
11521,20:27:40:568,3,Severe_Damage,L3_S2,-1804,1186,15212,-216,33,-133,0,342.11
11522,20:27:40:578,3,Severe_Damage,L3_S2,-1796,1178,15166,-333,24,-144,0,296.11
11523,20:27:40:588,3,Severe_Damage,L3_S2,-1776,1142,15076,-437,28,-164,0,206.11
11524,20:27:40:598,3,Severe_Damage,L3_S2,-1802,1162,14996,-515,29,-170,0,126.11
11525,20:27:40:608,3,Severe_Damage,L3_S2,-1772,1108,14930,-554,22,-179,0,60.11
11526,20:27:40:618,3,Severe_Damage,L3_S2,-1686,1050,14794,-556,17,-177,0,-75.89
11527,20:27:40:628,3,Severe_Damage,L3_S2,-1710,1092,14702,-530,12,-175,0,-167.89
11528,20:27:40:638,3,Severe_Damage,L3_S2,-1730,1096,14588,-466,30,-174,0,-281.89
11529,20:27:40:648,3,Severe_Damage,L3_S2,-1696,1060,14482,-385,15,-155,0,-387.89
11530,20:27:40:658,3,Severe_Damage,L3_S2,-1680,1088,14516,-275,33,-141,0,-353.89
11531,20:27:40:668,3,Severe_Damage,L3_S2,-1730,1078,14572,-164,30,-123,0,-297.89
11532,20:27:40:678,3,Severe_Damage,L3_S2,-1748,1076,14590,-53,31,-103,0,-279.89
11533,20:27:40:687,3,Severe_Damage,L3_S2,-1696,1044,14676,41,44,-92,0,-193.89
11534,20:27:40:697,3,Severe_Damage,L3_S2,-1762,1072,14760,103,37,-75,0,-109.89
11535,20:27:40:707,3,Severe_Damage,L3_S2,-1734,1072,14876,152,43,-58,0,6.11
11536,20:27:40:717,3,Severe_Damage,L3_S2,-1776,1172,14924,156,39,-63,0,54.11
11537,20:27:40:727,3,Severe_Damage,L3_S2,-1826,1186,15032,137,34,-69,0,162.11
11538,20:27:40:737,3,Severe_Damage,L3_S2,-1736,1198,15102,79,37,-79,0,232.11
11539,20:27:40:747,3,Severe_Damage,L3_S2,-1806,1190,15084,3,33,-95,0,214.11
11540,20:27:40:758,3,Severe_Damage,L3_S2,-1836,1208,15176,-99,35,-109,0,306.11
11541,20:27:40:768,3,Severe_Damage,L3_S2,-1778,1136,15172,-206,28,-127,0,302.11
11542,20:27:40:778,3,Severe_Damage,L3_S2,-1820,1168,15130,-316,25,-132,0,260.11
11543,20:27:40:788,3,Severe_Damage,L3_S2,-1776,1114,15070,-407,34,-156,0,200.11
11544,20:27:40:798,3,Severe_Damage,L3_S2,-1802,1086,15034,-484,14,-164,0,164.11
11545,20:27:40:808,3,Severe_Damage,L3_S2,-1714,1090,14860,-525,23,-176,0,-9.89
11546,20:27:40:818,3,Severe_Damage,L3_S2,-1742,1082,14838,-534,14,-179,0,-31.89
11547,20:27:40:828,3,Severe_Damage,L3_S2,-1722,1086,14702,-509,24,-173,0,-167.89
11548,20:27:40:838,3,Severe_Damage,L3_S2,-1718,1104,14630,-455,17,-159,0,-239.89
11549,20:27:40:848,3,Severe_Damage,L3_S2,-1698,1092,14560,-377,21,-152,0,-309.89
11550,20:27:40:858,3,Severe_Damage,L3_S2,-1682,1030,14504,-283,30,-137,0,-365.89
11551,20:27:40:868,3,Severe_Damage,L3_S2,-1704,1034,14552,-178,33,-126,0,-317.89
11552,20:27:40:878,3,Severe_Damage,L3_S2,-1688,1064,14546,-77,38,-105,0,-323.89
11553,20:27:40:887,3,Severe_Damage,L3_S2,-1752,1060,14660,12,34,-92,0,-209.89
11554,20:27:40:897,3,Severe_Damage,L3_S2,-1750,1064,14710,79,30,-80,0,-159.89
11555,20:27:40:907,3,Severe_Damage,L3_S2,-1754,1118,14876,120,43,-75,0,6.11
11556,20:27:40:918,3,Severe_Damage,L3_S2,-1780,1126,14956,126,44,-75,0,86.11
11557,20:27:40:927,3,Severe_Damage,L3_S2,-1788,1158,15012,107,40,-77,0,142.11
11558,20:27:40:937,3,Severe_Damage,L3_S2,-1838,1120,15134,59,37,-77,0,264.11
11559,20:27:40:948,3,Severe_Damage,L3_S2,-1780,1194,15160,-14,42,-93,0,290.11
11560,20:27:40:958,3,Severe_Damage,L3_S2,-1844,1186,15174,-104,30,-103,0,304.11
11561,20:27:40:968,3,Severe_Damage,L3_S2,-1848,1156,15140,-207,22,-121,0,270.11
11562,20:27:40:978,3,Severe_Damage,L3_S2,-1744,1106,15082,-292,33,-138,0,212.11
11563,20:27:40:988,3,Severe_Damage,L3_S2,-1814,1158,15084,-385,21,-155,0,214.11
11564,20:27:40:998,3,Severe_Damage,L3_S2,-1778,1180,15016,-443,28,-167,0,146.11
11565,20:27:41:008,3,Severe_Damage,L3_S2,-1750,1130,14876,-492,11,-170,0,6.11
11566,20:27:41:018,3,Severe_Damage,L3_S2,-1752,1104,14742,-496,20,-173,0,-127.89
11567,20:27:41:028,3,Severe_Damage,L3_S2,-1766,1096,14770,-485,27,-172,0,-99.89
11568,20:27:41:038,3,Severe_Damage,L3_S2,-1750,1070,14650,-436,20,-162,0,-219.89
11569,20:27:41:048,3,Severe_Damage,L3_S2,-1666,1028,14554,-369,31,-153,0,-315.89
11570,20:27:41:058,3,Severe_Damage,L3_S2,-1712,1004,14572,-278,28,-143,0,-297.89
11571,20:27:41:068,3,Severe_Damage,L3_S2,-1746,1026,14664,-183,26,-122,0,-205.89
11572,20:27:41:078,3,Severe_Damage,L3_S2,-1732,1072,14642,-93,36,-106,0,-227.89
11573,20:27:41:088,3,Severe_Damage,L3_S2,-1744,1078,14714,-10,36,-86,0,-155.89
11574,20:27:41:098,3,Severe_Damage,L3_S2,-1732,1066,14734,57,39,-88,0,-135.89
11575,20:27:41:110,3,Severe_Damage,L3_S2,-1800,1048,14824,93,34,-80,0,-45.89
11576,20:27:41:118,3,Severe_Damage,L3_S2,-1736,1156,14898,104,42,-80,0,28.11
11577,20:27:41:127,3,Severe_Damage,L3_S2,-1784,1142,15004,88,34,-80,0,134.11
11578,20:27:41:137,3,Severe_Damage,L3_S2,-1818,1154,15070,41,33,-91,0,200.11
11579,20:27:41:148,3,Severe_Damage,L3_S2,-1808,1106,15038,-20,38,-103,0,168.11
11580,20:27:41:158,3,Severe_Damage,L3_S2,-1832,1136,15112,-101,39,-106,0,242.11
11581,20:27:41:168,3,Severe_Damage,L3_S2,-1844,1132,15090,-189,33,-119,0,220.11
11582,20:27:41:178,3,Severe_Damage,L3_S2,-1764,1182,15140,-282,32,-141,0,270.11
11583,20:27:41:188,3,Severe_Damage,L3_S2,-1788,1168,15092,-357,30,-150,0,222.11
11584,20:27:41:198,3,Severe_Damage,L3_S2,-1774,1126,15024,-426,28,-160,0,154.11
11585,20:27:41:208,3,Severe_Damage,L3_S2,-1758,1120,14874,-460,20,-161,0,4.11
11586,20:27:41:218,3,Severe_Damage,L3_S2,-1728,1114,14760,-474,26,-166,0,-109.89
11587,20:27:41:228,3,Severe_Damage,L3_S2,-1752,1090,14788,-462,29,-163,0,-81.89
11588,20:27:41:238,3,Severe_Damage,L3_S2,-1724,1066,14718,-418,21,-159,0,-151.89
11589,20:27:41:248,3,Severe_Damage,L3_S2,-1748,1056,14694,-354,25,-152,0,-175.89
11590,20:27:41:258,3,Severe_Damage,L3_S2,-1720,1030,14626,-273,20,-138,0,-243.89
11591,20:27:41:268,3,Severe_Damage,L3_S2,-1792,1030,14588,-192,32,-118,0,-281.89
11592,20:27:41:278,3,Severe_Damage,L3_S2,-1762,1062,14706,-113,26,-105,0,-163.89
11593,20:27:41:288,3,Severe_Damage,L3_S2,-1736,1096,14694,-37,33,-99,0,-175.89
11594,20:27:41:298,3,Severe_Damage,L3_S2,-1782,1132,14752,22,29,-84,0,-117.89
11595,20:27:41:308,3,Severe_Damage,L3_S2,-1774,1070,14868,66,40,-87,0,-1.89
11596,20:27:41:318,3,Severe_Damage,L3_S2,-1790,1118,14920,72,36,-79,0,50.11
11597,20:27:41:328,3,Severe_Damage,L3_S2,-1798,1148,14946,64,37,-82,0,76.11
11598,20:27:41:338,3,Severe_Damage,L3_S2,-1778,1088,15022,29,38,-88,0,152.11
11599,20:27:41:348,3,Severe_Damage,L3_S2,-1778,1160,15134,-32,28,-100,0,264.11
11600,20:27:41:358,3,Severe_Damage,L3_S2,-1822,1168,15082,-99,29,-108,0,212.11
11601,20:27:41:368,3,Severe_Damage,L3_S2,-1806,1176,15090,-178,30,-114,0,220.11
11602,20:27:41:378,3,Severe_Damage,L3_S2,-1798,1142,15064,-263,25,-131,0,194.11
11603,20:27:41:388,3,Severe_Damage,L3_S2,-1780,1122,15034,-343,29,-149,0,164.11
11604,20:27:41:398,3,Severe_Damage,L3_S2,-1822,1112,14958,-394,17,-152,0,88.11
11605,20:27:41:408,3,Severe_Damage,L3_S2,-1808,1108,14962,-436,20,-162,0,92.11
11606,20:27:41:418,3,Severe_Damage,L3_S2,-1774,1088,14792,-444,20,-163,0,-77.89
11607,20:27:41:428,3,Severe_Damage,L3_S2,-1804,1042,14770,-437,28,-159,0,-99.89
11608,20:27:41:438,3,Severe_Damage,L3_S2,-1702,1084,14692,-402,27,-157,0,-177.89
11609,20:27:41:448,3,Severe_Damage,L3_S2,-1760,1078,14626,-352,19,-141,0,-243.89
11610,20:27:41:458,3,Severe_Damage,L3_S2,-1754,1046,14636,-278,34,-133,0,-233.89
11611,20:27:41:468,3,Severe_Damage,L3_S2,-1728,1064,14562,-204,28,-122,0,-307.89
11612,20:27:41:478,3,Severe_Damage,L3_S2,-1720,1062,14672,-115,42,-114,0,-197.89
11613,20:27:41:488,3,Severe_Damage,L3_S2,-1724,1074,14738,-55,35,-109,0,-131.89
11614,20:27:41:498,3,Severe_Damage,L3_S2,-1714,1098,14792,4,36,-94,0,-77.89
11615,20:27:41:508,3,Severe_Damage,L3_S2,-1766,1110,14812,36,34,-77,0,-57.89
11616,20:27:41:518,3,Severe_Damage,L3_S2,-1760,1134,14912,54,36,-86,0,42.11
11617,20:27:41:528,3,Severe_Damage,L3_S2,-1828,1162,14988,45,34,-88,0,118.11
11618,20:27:41:538,3,Severe_Damage,L3_S2,-1758,1186,15066,15,40,-90,0,196.11
11619,20:27:41:548,3,Severe_Damage,L3_S2,-1764,1158,15074,-45,32,-98,0,204.11
11620,20:27:41:558,3,Severe_Damage,L3_S2,-1796,1148,15148,-102,40,-109,0,278.11
11621,20:27:41:568,3,Severe_Damage,L3_S2,-1806,1166,15060,-183,18,-120,0,190.11
11622,20:27:41:578,3,Severe_Damage,L3_S2,-1824,1126,15062,-253,36,-130,0,192.11
11623,20:27:41:588,3,Severe_Damage,L3_S2,-1806,1092,15012,-320,17,-146,0,142.11
11624,20:27:41:598,3,Severe_Damage,L3_S2,-1742,1136,14968,-378,27,-155,0,98.11
11625,20:27:41:608,3,Severe_Damage,L3_S2,-1810,1122,14948,-411,22,-152,0,78.11
11626,20:27:41:618,3,Severe_Damage,L3_S2,-1732,1086,14880,-431,23,-163,0,10.11
11627,20:27:41:628,3,Severe_Damage,L3_S2,-1738,1128,14822,-426,27,-162,0,-47.89
11628,20:27:41:638,3,Severe_Damage,L3_S2,-1782,1062,14698,-391,23,-155,0,-171.89
11629,20:27:41:648,3,Severe_Damage,L3_S2,-1696,1092,14624,-338,39,-142,0,-245.89
11630,20:27:41:658,3,Severe_Damage,L3_S2,-1840,1028,14600,-278,22,-129,0,-269.89
11631,20:27:41:668,3,Severe_Damage,L3_S2,-1712,1100,14638,-202,39,-129,0,-231.89
11632,20:27:41:678,3,Severe_Damage,L3_S2,-1728,1084,14658,-138,25,-116,0,-211.89
11633,20:27:41:688,3,Severe_Damage,L3_S2,-1732,1058,14676,-69,34,-105,0,-193.89
11634,20:27:41:698,3,Severe_Damage,L3_S2,-1680,1134,14772,-13,36,-99,0,-97.89
11635,20:27:41:708,3,Severe_Damage,L3_S2,-1842,1098,14832,23,26,-79,0,-37.89
11636,20:27:41:718,3,Severe_Damage,L3_S2,-1692,1086,14958,35,51,-98,0,88.11
11637,20:27:41:728,3,Severe_Damage,L3_S2,-1822,1094,14966,29,25,-85,0,96.11
11638,20:27:41:738,3,Severe_Damage,L3_S2,-1780,1146,14964,-5,41,-100,0,94.11
11639,20:27:41:748,3,Severe_Damage,L3_S2,-1774,1212,15026,-43,28,-101,0,156.11
11640,20:27:41:758,3,Severe_Damage,L3_S2,-1836,1140,15064,-109,17,-108,0,194.11
11641,20:27:41:768,3,Severe_Damage,L3_S2,-1708,1154,15034,-178,43,-130,0,164.11
11642,20:27:41:778,3,Severe_Damage,L3_S2,-1822,1158,15066,-246,12,-124,0,196.11
11643,20:27:41:788,3,Severe_Damage,L3_S2,-1756,1180,14998,-304,39,-144,0,128.11
11644,20:27:41:798,3,Severe_Damage,L3_S2,-1772,1098,14956,-355,19,-146,0,86.11
11645,20:27:41:808,3,Severe_Damage,L3_S2,-1806,1084,14910,-392,29,-148,0,40.11
11646,20:27:41:818,3,Severe_Damage,L3_S2,-1722,1142,14876,-402,40,-157,0,6.11
11647,20:27:41:828,3,Severe_Damage,L3_S2,-1812,1112,14748,-402,13,-146,0,-121.89
11648,20:27:41:838,3,Severe_Damage,L3_S2,-1732,1076,14748,-376,35,-153,0,-121.89
11649,20:27:41:848,3,Severe_Damage,L3_S2,-1780,1096,14700,-330,11,-141,0,-169.89
11650,20:27:41:858,3,Severe_Damage,L3_S2,-1746,1070,14664,-275,29,-142,0,-205.89
11651,20:27:41:869,3,Severe_Damage,L3_S2,-1724,1086,14716,-209,33,-130,0,-153.89
11652,20:27:41:878,3,Severe_Damage,L3_S2,-1794,1050,14708,-146,20,-107,0,-161.89
11653,20:27:41:888,3,Severe_Damage,L3_S2,-1710,1036,14756,-81,57,-105,0,-113.89
11654,20:27:41:898,3,Severe_Damage,L3_S2,-1818,1056,14778,-41,20,-96,0,-91.89
11655,20:27:41:908,3,Severe_Damage,L3_S2,-1750,1128,14870,-5,48,-100,0,0.11
11656,20:27:41:918,3,Severe_Damage,L3_S2,-1770,1092,14860,15,25,-93,0,-9.89
11657,20:27:41:928,3,Severe_Damage,L3_S2,-1758,1096,14980,5,23,-90,0,110.11
11658,20:27:41:938,3,Severe_Damage,L3_S2,-1734,1138,15054,-12,45,-100,0,184.11
11659,20:27:41:948,3,Severe_Damage,L3_S2,-1838,1112,15018,-54,21,-93,0,148.11
11660,20:27:41:958,3,Severe_Damage,L3_S2,-1738,1132,15076,-108,49,-112,0,206.11
11661,20:27:41:968,3,Severe_Damage,L3_S2,-1786,1118,15070,-175,14,-123,0,200.11
11662,20:27:41:978,3,Severe_Damage,L3_S2,-1758,1128,15044,-238,31,-131,0,174.11
11663,20:27:41:988,3,Severe_Damage,L3_S2,-1756,1168,15012,-288,33,-140,0,142.11
11664,20:27:41:998,3,Severe_Damage,L3_S2,-1812,1128,14924,-340,13,-140,0,54.11
11665,20:27:42:008,3,Severe_Damage,L3_S2,-1748,1148,14862,-373,37,-146,0,-7.89
11666,20:27:42:018,3,Severe_Damage,L3_S2,-1764,1118,14802,-383,22,-145,0,-67.89
11667,20:27:42:028,3,Severe_Damage,L3_S2,-1718,1084,14810,-378,21,-153,0,-59.89
11668,20:27:42:038,3,Severe_Damage,L3_S2,-1766,1088,14820,-356,32,-147,0,-49.89
11669,20:27:42:048,3,Severe_Damage,L3_S2,-1770,1086,14736,-326,16,-141,0,-133.89
11670,20:27:42:058,3,Severe_Damage,L3_S2,-1720,1084,14696,-270,37,-134,0,-173.89
11671,20:27:42:068,3,Severe_Damage,L3_S2,-1786,1040,14718,-213,16,-123,0,-151.89
11672,20:27:42:078,3,Severe_Damage,L3_S2,-1694,1066,14730,-154,39,-119,0,-139.89
11673,20:27:42:088,3,Severe_Damage,L3_S2,-1740,1086,14732,-98,21,-107,0,-137.89
11674,20:27:42:098,3,Severe_Damage,L3_S2,-1772,1076,14750,-45,29,-101,0,-119.89
11675,20:27:42:111,3,Severe_Damage,L3_S2,-1808,1154,14836,-20,33,-89,0,-33.89
11676,20:27:42:118,3,Severe_Damage,L3_S2,-1798,1096,14850,-7,26,-86,0,-19.89
11677,20:27:42:128,3,Severe_Damage,L3_S2,-1730,1106,14886,-6,42,-91,0,16.11
11678,20:27:42:138,3,Severe_Damage,L3_S2,-1834,1146,14968,-30,28,-95,0,98.11
11679,20:27:42:148,3,Severe_Damage,L3_S2,-1754,1114,15020,-61,36,-107,0,150.11
11680,20:27:42:158,3,Severe_Damage,L3_S2,-1792,1150,15038,-116,32,-106,0,168.11
11681,20:27:42:168,3,Severe_Damage,L3_S2,-1798,1188,15028,-166,26,-114,0,158.11
11682,20:27:42:178,3,Severe_Damage,L3_S2,-1774,1160,15076,-231,34,-132,0,206.11
11683,20:27:42:188,3,Severe_Damage,L3_S2,-1806,1122,14920,-281,18,-134,0,50.11
11684,20:27:42:198,3,Severe_Damage,L3_S2,-1812,1094,14942,-334,27,-144,0,72.11
11685,20:27:42:208,3,Severe_Damage,L3_S2,-1774,1144,14878,-358,24,-151,0,8.11
11686,20:27:42:218,3,Severe_Damage,L3_S2,-1782,1124,14888,-372,20,-154,0,18.11
11687,20:27:42:228,3,Severe_Damage,L3_S2,-1792,1076,14852,-364,25,-155,0,-17.89
11688,20:27:42:238,3,Severe_Damage,L3_S2,-1750,1060,14742,-353,19,-146,0,-127.89
11689,20:27:42:248,3,Severe_Damage,L3_S2,-1766,1104,14720,-313,35,-150,0,-149.89
11690,20:27:42:259,3,Severe_Damage,L3_S2,-1756,1088,14676,-273,27,-133,0,-193.89
11691,20:27:42:268,3,Severe_Damage,L3_S2,-1746,1086,14768,-212,36,-131,0,-101.89
11692,20:27:42:278,3,Severe_Damage,L3_S2,-1774,1072,14674,-162,28,-117,0,-195.89
11693,20:27:42:289,3,Severe_Damage,L3_S2,-1732,1034,14684,-107,28,-110,0,-185.89
11694,20:27:42:298,3,Severe_Damage,L3_S2,-1754,1118,14776,-67,39,-103,0,-93.89
11695,20:27:42:308,3,Severe_Damage,L3_S2,-1804,1094,14842,-38,27,-99,0,-27.89
11696,20:27:42:318,3,Severe_Damage,L3_S2,-1732,1104,14886,-23,36,-97,0,16.11
11697,20:27:42:328,3,Severe_Damage,L3_S2,-1786,1118,14942,-17,34,-92,0,72.11
11698,20:27:42:338,3,Severe_Damage,L3_S2,-1808,1140,15036,-39,34,-92,0,166.11
11699,20:27:42:348,3,Severe_Damage,L3_S2,-1818,1132,15004,-76,37,-99,0,134.11
11700,20:27:42:358,3,Severe_Damage,L3_S2,-1796,1128,15062,-121,19,-105,0,192.11
11701,20:27:42:368,3,Severe_Damage,L3_S2,-1782,1202,15032,-169,30,-118,0,162.11
11702,20:27:42:378,3,Severe_Damage,L3_S2,-1824,1146,14982,-224,17,-122,0,112.11
11703,20:27:42:388,3,Severe_Damage,L3_S2,-1744,1138,15000,-270,31,-136,0,130.11
11704,20:27:42:399,3,Severe_Damage,L3_S2,-1756,1142,14972,-305,25,-140,0,102.11
11705,20:27:42:408,3,Severe_Damage,L3_S2,-1808,1094,14888,-339,24,-149,0,18.11
11706,20:27:42:418,3,Severe_Damage,L3_S2,-1732,1142,14828,-352,36,-149,0,-41.89
11707,20:27:42:428,3,Severe_Damage,L3_S2,-1768,1088,14836,-359,22,-138,0,-33.89
11708,20:27:42:438,3,Severe_Damage,L3_S2,-1760,1076,14714,-340,28,-146,0,-155.89
11709,20:27:42:448,3,Severe_Damage,L3_S2,-1734,1056,14742,-312,20,-135,0,-127.89
11710,20:27:42:458,3,Severe_Damage,L3_S2,-1740,1062,14642,-265,29,-136,0,-227.89
11711,20:27:42:468,3,Severe_Damage,L3_S2,-1732,1114,14726,-220,33,-122,0,-143.89
11712,20:27:42:478,3,Severe_Damage,L3_S2,-1752,1128,14766,-170,32,-120,0,-103.89
11713,20:27:42:488,3,Severe_Damage,L3_S2,-1732,1112,14758,-118,28,-115,0,-111.89
11714,20:27:42:498,3,Severe_Damage,L3_S2,-1740,1112,14792,-82,32,-105,0,-77.89
11715,20:27:42:508,3,Severe_Damage,L3_S2,-1752,1102,14860,-49,31,-99,0,-9.89
11716,20:27:42:518,3,Severe_Damage,L3_S2,-1792,1114,14862,-29,36,-104,0,-7.89
11717,20:27:42:528,3,Severe_Damage,L3_S2,-1826,1150,14894,-35,32,-98,0,24.11
11718,20:27:42:538,3,Severe_Damage,L3_S2,-1794,1126,14998,-48,37,-99,0,128.11
11719,20:27:42:548,3,Severe_Damage,L3_S2,-1768,1090,14978,-86,20,-109,0,108.11
11720,20:27:42:558,3,Severe_Damage,L3_S2,-1760,1156,15024,-120,34,-107,0,154.11
11721,20:27:42:569,3,Severe_Damage,L3_S2,-1744,1110,15078,-165,30,-121,0,208.11
11722,20:27:42:578,3,Severe_Damage,L3_S2,-1798,1158,14988,-211,33,-128,0,118.11
11723,20:27:42:588,3,Severe_Damage,L3_S2,-1802,1158,14980,-267,32,-133,0,110.11
11724,20:27:42:599,3,Severe_Damage,L3_S2,-1770,1114,14936,-300,27,-142,0,66.11
11725,20:27:42:608,3,Severe_Damage,L3_S2,-1752,1110,14866,-322,27,-143,0,-3.89
11726,20:27:42:619,3,Severe_Damage,L3_S2,-1806,1126,14862,-335,21,-148,0,-7.89
11727,20:27:42:629,3,Severe_Damage,L3_S2,-1754,1110,14768,-338,24,-146,0,-101.89
11728,20:27:42:638,3,Severe_Damage,L3_S2,-1718,1126,14838,-325,21,-144,0,-31.89
11729,20:27:42:648,3,Severe_Damage,L3_S2,-1766,1062,14774,-302,21,-139,0,-95.89
11730,20:27:42:658,3,Severe_Damage,L3_S2,-1762,1136,14770,-264,28,-131,0,-99.89
11731,20:27:42:668,3,Severe_Damage,L3_S2,-1742,1108,14658,-218,35,-130,0,-211.89
11732,20:27:42:679,3,Severe_Damage,L3_S2,-1742,1062,14750,-171,31,-126,0,-119.89
11733,20:27:42:688,3,Severe_Damage,L3_S2,-1780,1084,14732,-124,30,-112,0,-137.89
11734,20:27:42:698,3,Severe_Damage,L3_S2,-1756,1078,14854,-92,39,-107,0,-15.89
11735,20:27:42:708,3,Severe_Damage,L3_S2,-1782,1116,14868,-63,41,-105,0,-1.89
11736,20:27:42:718,3,Severe_Damage,L3_S2,-1756,1096,14894,-52,37,-101,0,24.11
11737,20:27:42:728,3,Severe_Damage,L3_S2,-1748,1078,14918,-48,37,-97,0,48.11
11738,20:27:42:738,3,Severe_Damage,L3_S2,-1796,1126,14924,-64,29,-100,0,54.11
11739,20:27:42:749,3,Severe_Damage,L3_S2,-1754,1108,15048,-85,31,-110,0,178.11
11740,20:27:42:758,3,Severe_Damage,L3_S2,-1822,1120,15058,-119,22,-109,0,188.11
11741,20:27:42:768,3,Severe_Damage,L3_S2,-1824,1142,15000,-163,29,-120,0,130.11
11742,20:27:42:778,3,Severe_Damage,L3_S2,-1770,1178,15020,-211,31,-126,0,150.11
11743,20:27:42:789,3,Severe_Damage,L3_S2,-1808,1180,14946,-251,31,-133,0,76.11
11744,20:27:42:799,3,Severe_Damage,L3_S2,-1760,1114,14990,-287,26,-139,0,120.11
11745,20:27:42:809,3,Severe_Damage,L3_S2,-1776,1078,14948,-311,22,-141,0,78.11
11746,20:27:42:819,3,Severe_Damage,L3_S2,-1784,1084,14916,-328,22,-141,0,46.11
11747,20:27:42:829,3,Severe_Damage,L3_S2,-1710,1098,14774,-322,29,-142,0,-95.89
11748,20:27:42:839,3,Severe_Damage,L3_S2,-1750,1084,14830,-312,28,-144,0,-39.89
11749,20:27:42:849,3,Severe_Damage,L3_S2,-1752,1070,14800,-292,31,-143,0,-69.89
11750,20:27:42:859,3,Severe_Damage,L3_S2,-1762,1086,14768,-258,24,-130,0,-101.89
11751,20:27:42:869,3,Severe_Damage,L3_S2,-1788,1092,14742,-217,30,-126,0,-127.89
11752,20:27:42:879,3,Severe_Damage,L3_S2,-1762,1092,14762,-170,34,-121,0,-107.89
11753,20:27:42:889,3,Severe_Damage,L3_S2,-1774,1098,14766,-138,31,-111,0,-103.89
11754,20:27:42:899,3,Severe_Damage,L3_S2,-1776,1094,14754,-105,38,-101,0,-115.89
11755,20:27:42:909,3,Severe_Damage,L3_S2,-1828,1084,14856,-80,32,-102,0,-13.89
11756,20:27:42:919,3,Severe_Damage,L3_S2,-1730,1084,14866,-61,36,-100,0,-3.89
11757,20:27:42:929,3,Severe_Damage,L3_S2,-1776,1064,14862,-54,27,-102,0,-7.89
11758,20:27:42:938,3,Severe_Damage,L3_S2,-1772,1140,14944,-72,29,-99,0,74.11
11759,20:27:42:949,3,Severe_Damage,L3_S2,-1742,1136,14944,-97,29,-113,0,74.11
11760,20:27:42:959,3,Severe_Damage,L3_S2,-1782,1168,14984,-124,23,-112,0,114.11
11761,20:27:42:969,3,Severe_Damage,L3_S2,-1746,1156,14994,-166,35,-117,0,124.11
11762,20:27:42:979,3,Severe_Damage,L3_S2,-1760,1198,14988,-205,30,-130,0,118.11
11763,20:27:42:989,3,Severe_Damage,L3_S2,-1812,1146,14920,-239,32,-134,0,50.11
11764,20:27:42:999,3,Severe_Damage,L3_S2,-1752,1084,14980,-275,29,-137,0,110.11
11765,20:27:43:009,3,Severe_Damage,L3_S2,-1790,1094,14888,-298,28,-142,0,18.11
11766,20:27:43:019,3,Severe_Damage,L3_S2,-1776,1104,14882,-316,23,-138,0,12.11
11767,20:27:43:029,3,Severe_Damage,L3_S2,-1792,1128,14864,-319,22,-143,0,-5.89
11768,20:27:43:039,3,Severe_Damage,L3_S2,-1748,1100,14854,-309,26,-147,0,-15.89
11769,20:27:43:049,3,Severe_Damage,L3_S2,-1766,1092,14794,-288,28,-135,0,-75.89
11770,20:27:43:059,3,Severe_Damage,L3_S2,-1726,1052,14724,-251,30,-131,0,-145.89
11771,20:27:43:069,3,Severe_Damage,L3_S2,-1790,1118,14796,-223,23,-124,0,-73.89
11772,20:27:43:079,3,Severe_Damage,L3_S2,-1738,1094,14856,-183,28,-120,0,-13.89
11773,20:27:43:089,3,Severe_Damage,L3_S2,-1740,1088,14792,-144,27,-117,0,-77.89
11774,20:27:43:099,3,Severe_Damage,L3_S2,-1778,1094,14764,-117,31,-108,0,-105.89
11775,20:27:43:109,3,Severe_Damage,L3_S2,-1776,1118,14906,-86,30,-117,0,36.11
11776,20:27:43:119,3,Severe_Damage,L3_S2,-1784,1124,14788,-77,32,-105,0,-81.89
11777,20:27:43:129,3,Severe_Damage,L3_S2,-1796,1116,14898,-71,41,-106,0,28.11
11778,20:27:43:139,3,Severe_Damage,L3_S2,-1762,1128,14884,-82,36,-109,0,14.11
11779,20:27:43:149,3,Severe_Damage,L3_S2,-1846,1170,14940,-103,36,-106,0,70.11
11780,20:27:43:159,3,Severe_Damage,L3_S2,-1776,1132,14988,-128,31,-116,0,118.11
11781,20:27:43:169,3,Severe_Damage,L3_S2,-1764,1128,14972,-163,31,-118,0,102.11
11782,20:27:43:179,3,Severe_Damage,L3_S2,-1756,1176,15020,-197,26,-130,0,150.11
11783,20:27:43:189,3,Severe_Damage,L3_S2,-1776,1116,14930,-234,24,-133,0,60.11
11784,20:27:43:199,3,Severe_Damage,L3_S2,-1714,1126,14978,-267,28,-130,0,108.11
11785,20:27:43:209,3,Severe_Damage,L3_S2,-1752,1130,14926,-288,26,-134,0,56.11
11786,20:27:43:219,3,Severe_Damage,L3_S2,-1768,1116,14852,-306,22,-136,0,-17.89
11787,20:27:43:229,3,Severe_Damage,L3_S2,-1770,1102,14820,-303,36,-144,0,-49.89
11788,20:27:43:239,3,Severe_Damage,L3_S2,-1726,1118,14850,-294,20,-139,0,-19.89
11789,20:27:43:249,3,Severe_Damage,L3_S2,-1776,1088,14782,-277,28,-133,0,-87.89
11790,20:27:43:259,3,Severe_Damage,L3_S2,-1730,1072,14778,-252,30,-128,0,-91.89
11791,20:27:43:269,3,Severe_Damage,L3_S2,-1772,1094,14760,-225,32,-126,0,-109.89
11792,20:27:43:279,3,Severe_Damage,L3_S2,-1744,1106,14840,-184,28,-113,0,-29.89
11793,20:27:43:289,3,Severe_Damage,L3_S2,-1718,1108,14754,-151,38,-116,0,-115.89
11794,20:27:43:299,3,Severe_Damage,L3_S2,-1776,1062,14844,-119,30,-107,0,-25.89
11795,20:27:43:309,3,Severe_Damage,L3_S2,-1764,1114,14820,-97,34,-106,0,-49.89
11796,20:27:43:319,3,Severe_Damage,L3_S2,-1772,1100,14804,-84,25,-101,0,-65.89
11797,20:27:43:329,3,Severe_Damage,L3_S2,-1752,1160,14864,-82,34,-103,0,-5.89
11798,20:27:43:339,3,Severe_Damage,L3_S2,-1790,1088,14928,-95,25,-104,0,58.11
11799,20:27:43:349,3,Severe_Damage,L3_S2,-1768,1118,14976,-107,34,-119,0,106.11
11800,20:27:43:359,3,Severe_Damage,L3_S2,-1760,1114,14998,-129,28,-115,0,128.11
11801,20:27:43:369,3,Severe_Damage,L3_S2,-1828,1140,14980,-164,25,-116,0,110.11
11802,20:27:43:379,3,Severe_Damage,L3_S2,-1778,1122,14934,-201,30,-117,0,64.11
11803,20:27:43:389,3,Severe_Damage,L3_S2,-1792,1106,14954,-230,28,-122,0,84.11
11804,20:27:43:399,3,Severe_Damage,L3_S2,-1778,1076,14934,-258,31,-130,0,64.11
11805,20:27:43:409,3,Severe_Damage,L3_S2,-1756,1126,14884,-280,28,-135,0,14.11
11806,20:27:43:419,3,Severe_Damage,L3_S2,-1740,1168,14826,-292,32,-133,0,-43.89
11807,20:27:43:429,3,Severe_Damage,L3_S2,-1732,1112,14858,-294,29,-139,0,-11.89
11808,20:27:43:439,3,Severe_Damage,L3_S2,-1772,1092,14822,-286,26,-135,0,-47.89
11809,20:27:43:449,3,Severe_Damage,L3_S2,-1728,1102,14790,-275,33,-133,0,-79.89
11810,20:27:43:459,3,Severe_Damage,L3_S2,-1752,1108,14788,-252,33,-127,0,-81.89
11811,20:27:43:469,3,Severe_Damage,L3_S2,-1696,1116,14760,-216,24,-129,0,-109.89
11812,20:27:43:479,3,Severe_Damage,L3_S2,-1720,1134,14730,-186,29,-122,0,-139.89
11813,20:27:43:489,3,Severe_Damage,L3_S2,-1810,1108,14798,-159,22,-116,0,-71.89
11814,20:27:43:499,3,Severe_Damage,L3_S2,-1758,1098,14778,-129,37,-120,0,-91.89
11815,20:27:43:509,3,Severe_Damage,L3_S2,-1728,1066,14776,-111,26,-112,0,-93.89
11816,20:27:43:519,3,Severe_Damage,L3_S2,-1732,1116,14854,-95,27,-109,0,-15.89
11817,20:27:43:529,3,Severe_Damage,L3_S2,-1756,1100,14880,-97,34,-111,0,10.11
11818,20:27:43:539,3,Severe_Damage,L3_S2,-1794,1142,14906,-98,24,-112,0,36.11
11819,20:27:43:549,3,Severe_Damage,L3_S2,-1770,1150,14964,-116,33,-112,0,94.11
11820,20:27:43:559,3,Severe_Damage,L3_S2,-1800,1118,14970,-142,27,-113,0,100.11
11821,20:27:43:569,3,Severe_Damage,L3_S2,-1812,1100,14944,-171,30,-119,0,74.11
11822,20:27:43:579,3,Severe_Damage,L3_S2,-1776,1086,14924,-198,24,-119,0,54.11
11823,20:27:43:589,3,Severe_Damage,L3_S2,-1772,1114,14922,-222,32,-127,0,52.11
11824,20:27:43:599,3,Severe_Damage,L3_S2,-1750,1126,14888,-250,22,-139,0,18.11
11825,20:27:43:609,3,Severe_Damage,L3_S2,-1750,1130,14844,-268,22,-134,0,-25.89
11826,20:27:43:619,3,Severe_Damage,L3_S2,-1734,1052,14862,-290,30,-140,0,-7.89
11827,20:27:43:629,3,Severe_Damage,L3_S2,-1784,1144,14878,-289,22,-138,0,8.11
11828,20:27:43:639,3,Severe_Damage,L3_S2,-1740,1068,14848,-279,26,-141,0,-21.89
11829,20:27:43:649,3,Severe_Damage,L3_S2,-1774,1100,14836,-271,33,-140,0,-33.89
11830,20:27:43:659,3,Severe_Damage,L3_S2,-1752,1086,14788,-247,30,-129,0,-81.89
11831,20:27:43:669,3,Severe_Damage,L3_S2,-1692,1158,14750,-221,37,-130,0,-119.89
11832,20:27:43:679,3,Severe_Damage,L3_S2,-1752,1134,14802,-188,25,-123,0,-67.89
11833,20:27:43:689,3,Severe_Damage,L3_S2,-1720,1134,14812,-162,34,-122,0,-57.89
11834,20:27:43:699,3,Severe_Damage,L3_S2,-1740,1064,14858,-136,28,-112,0,-11.89
11835,20:27:43:709,3,Severe_Damage,L3_S2,-1800,1056,14884,-117,25,-112,0,14.11
11836,20:27:43:719,3,Severe_Damage,L3_S2,-1826,1134,14838,-107,31,-109,0,-31.89
11837,20:27:43:729,3,Severe_Damage,L3_S2,-1770,1086,14838,-97,28,-106,0,-31.89
11838,20:27:43:739,3,Severe_Damage,L3_S2,-1746,1102,14822,-101,39,-108,0,-47.89
11839,20:27:43:749,3,Severe_Damage,L3_S2,-1798,1092,14894,-123,25,-107,0,24.11
11840,20:27:43:759,3,Severe_Damage,L3_S2,-1752,1116,14878,-137,28,-115,0,8.11
11841,20:27:43:769,3,Severe_Damage,L3_S2,-1780,1132,14968,-165,32,-120,0,98.11
11842,20:27:43:779,3,Severe_Damage,L3_S2,-1764,1122,15060,-189,27,-127,0,190.11
11843,20:27:43:789,3,Severe_Damage,L3_S2,-1776,1126,14960,-223,29,-126,0,90.11
11844,20:27:43:799,3,Severe_Damage,L3_S2,-1784,1118,14924,-248,24,-132,0,54.11
11845,20:27:43:809,3,Severe_Damage,L3_S2,-1736,1116,14926,-260,27,-143,0,56.11
11846,20:27:43:819,3,Severe_Damage,L3_S2,-1782,1100,14852,-275,19,-131,0,-17.89
11847,20:27:43:829,3,Severe_Damage,L3_S2,-1764,1108,14854,-278,21,-137,0,-15.89
11848,20:27:43:839,3,Severe_Damage,L3_S2,-1776,1106,14848,-266,24,-138,0,-21.89
11849,20:27:43:849,3,Severe_Damage,L3_S2,-1742,1146,14790,-258,29,-129,0,-79.89
11850,20:27:43:859,3,Severe_Damage,L3_S2,-1730,1120,14796,-240,30,-136,0,-73.89
11851,20:27:43:869,3,Severe_Damage,L3_S2,-1790,1112,14726,-222,24,-138,0,-143.89
11852,20:27:43:879,3,Severe_Damage,L3_S2,-1786,1112,14834,-188,35,-128,0,-35.89
11853,20:27:43:889,3,Severe_Damage,L3_S2,-1734,1116,14768,-171,33,-119,0,-101.89
11854,20:27:43:899,3,Severe_Damage,L3_S2,-1782,1058,14826,-143,29,-114,0,-43.89
11855,20:27:43:909,3,Severe_Damage,L3_S2,-1708,1102,14864,-130,29,-114,0,-5.89
11856,20:27:43:919,3,Severe_Damage,L3_S2,-1784,1148,14814,-110,29,-113,0,-55.89
11857,20:27:43:929,3,Severe_Damage,L3_S2,-1768,1150,14856,-109,36,-112,0,-13.89
11858,20:27:43:939,3,Severe_Damage,L3_S2,-1784,1100,14890,-110,28,-114,0,20.11
11859,20:27:43:949,3,Severe_Damage,L3_S2,-1808,1102,14916,-124,31,-105,0,46.11
11860,20:27:43:959,3,Severe_Damage,L3_S2,-1710,1092,14900,-144,35,-116,0,30.11
11861,20:27:43:969,3,Severe_Damage,L3_S2,-1816,1102,14854,-164,30,-118,0,-15.89
11862,20:27:43:979,3,Severe_Damage,L3_S2,-1750,1112,14946,-188,31,-123,0,76.11
11863,20:27:43:989,3,Severe_Damage,L3_S2,-1762,1124,14930,-216,29,-126,0,60.11
11864,20:27:43:999,3,Severe_Damage,L3_S2,-1780,1138,14942,-233,25,-131,0,72.11
11865,20:27:44:009,3,Severe_Damage,L3_S2,-1756,1140,14888,-257,31,-136,0,18.11
11866,20:27:44:019,3,Severe_Damage,L3_S2,-1794,1110,14880,-273,26,-130,0,10.11
11867,20:27:44:029,3,Severe_Damage,L3_S2,-1750,1164,14930,-271,31,-133,0,60.11
11868,20:27:44:039,3,Severe_Damage,L3_S2,-1778,1122,14804,-266,29,-132,0,-65.89
11869,20:27:44:049,3,Severe_Damage,L3_S2,-1764,1106,14814,-258,28,-130,0,-55.89
11870,20:27:44:059,3,Severe_Damage,L3_S2,-1718,1088,14792,-233,25,-135,0,-77.89
11871,20:27:44:069,3,Severe_Damage,L3_S2,-1752,1082,14794,-221,20,-127,0,-75.89
11872,20:27:44:079,3,Severe_Damage,L3_S2,-1768,1130,14768,-193,39,-119,0,-101.89
11873,20:27:44:089,3,Severe_Damage,L3_S2,-1764,1140,14752,-165,30,-120,0,-117.89
11874,20:27:44:099,3,Severe_Damage,L3_S2,-1780,1088,14856,-151,28,-117,0,-13.89
11875,20:27:44:109,3,Severe_Damage,L3_S2,-1776,1078,14808,-127,36,-116,0,-61.89
11876,20:27:44:119,3,Severe_Damage,L3_S2,-1780,1108,14864,-122,22,-112,0,-5.89
11877,20:27:44:129,3,Severe_Damage,L3_S2,-1754,1120,14922,-113,38,-118,0,52.11
11878,20:27:44:139,3,Severe_Damage,L3_S2,-1792,1092,14882,-123,25,-113,0,12.11
11879,20:27:44:149,3,Severe_Damage,L3_S2,-1804,1120,14890,-129,36,-118,0,20.11
11880,20:27:44:159,3,Severe_Damage,L3_S2,-1728,1122,14940,-152,30,-119,0,70.11
11881,20:27:44:169,3,Severe_Damage,L3_S2,-1796,1108,14962,-166,33,-120,0,92.11
11882,20:27:44:180,3,Severe_Damage,L3_S2,-1772,1120,14904,-192,30,-126,0,34.11
11883,20:27:44:189,3,Severe_Damage,L3_S2,-1784,1126,14910,-208,33,-130,0,40.11
11884,20:27:44:199,3,Severe_Damage,L3_S2,-1740,1100,14934,-235,35,-126,0,64.11
11885,20:27:44:209,3,Severe_Damage,L3_S2,-1760,1140,14906,-246,25,-127,0,36.11
11886,20:27:44:219,3,Severe_Damage,L3_S2,-1730,1112,14858,-259,31,-132,0,-11.89
11887,20:27:44:229,3,Severe_Damage,L3_S2,-1766,1112,14838,-261,36,-129,0,-31.89
11888,20:27:44:239,3,Severe_Damage,L3_S2,-1766,1098,14832,-261,30,-135,0,-37.89
11889,20:27:44:249,3,Severe_Damage,L3_S2,-1750,1066,14800,-253,34,-141,0,-69.89
11890,20:27:44:260,3,Severe_Damage,L3_S2,-1784,1110,14866,-240,24,-130,0,-3.89
11891,20:27:44:270,3,Severe_Damage,L3_S2,-1742,1104,14828,-219,29,-135,0,-41.89
11892,20:27:44:279,3,Severe_Damage,L3_S2,-1770,1098,14856,-199,31,-123,0,-13.89
11893,20:27:44:289,3,Severe_Damage,L3_S2,-1740,1078,14852,-175,32,-119,0,-17.89
11894,20:27:44:299,3,Severe_Damage,L3_S2,-1804,1120,14808,-159,34,-112,0,-61.89
11895,20:27:44:309,3,Severe_Damage,L3_S2,-1756,1148,14864,-141,32,-114,0,-5.89
11896,20:27:44:319,3,Severe_Damage,L3_S2,-1714,1080,14850,-125,32,-114,0,-19.89
11897,20:27:44:329,3,Severe_Damage,L3_S2,-1788,1124,14836,-125,34,-109,0,-33.89
11898,20:27:44:339,3,Severe_Damage,L3_S2,-1766,1124,14882,-125,27,-115,0,12.11
11899,20:27:44:350,3,Severe_Damage,L3_S2,-1784,1174,14894,-133,36,-110,0,24.11
11900,20:27:44:360,3,Severe_Damage,L3_S2,-1798,1134,14918,-144,37,-115,0,48.11
11901,20:27:44:370,3,Severe_Damage,L3_S2,-1750,1132,14978,-166,32,-120,0,108.11
11902,20:27:44:380,3,Severe_Damage,L3_S2,-1776,1084,14946,-177,33,-117,0,76.11
11903,20:27:44:389,3,Severe_Damage,L3_S2,-1744,1176,14928,-208,25,-123,0,58.11
11904,20:27:44:399,3,Severe_Damage,L3_S2,-1766,1148,14900,-224,26,-124,0,30.11
11905,20:27:44:410,3,Severe_Damage,L3_S2,-1780,1156,14848,-245,25,-131,0,-21.89
11906,20:27:44:420,3,Severe_Damage,L3_S2,-1746,1130,14856,-248,32,-135,0,-13.89
11907,20:27:44:430,3,Severe_Damage,L3_S2,-1774,1126,14896,-262,24,-131,0,26.11
11908,20:27:44:440,3,Severe_Damage,L3_S2,-1796,1122,14886,-257,37,-131,0,16.11
11909,20:27:44:450,3,Severe_Damage,L3_S2,-1786,1084,14826,-228,32,-132,0,-43.89
11910,20:27:44:460,3,Severe_Damage,L3_S2,-1776,1032,14828,-208,30,-129,0,-41.89
11911,20:27:44:470,3,Severe_Damage,L3_S2,-1744,1074,14782,-190,34,-130,0,-87.89
11912,20:27:44:480,3,Severe_Damage,L3_S2,-1790,1058,14842,-171,30,-122,0,-27.89
11913,20:27:44:490,3,Severe_Damage,L3_S2,-1736,1138,14844,-150,38,-121,0,-25.89
11914,20:27:44:500,3,Severe_Damage,L3_S2,-1774,1074,14848,-137,19,-110,0,-21.89
11915,20:27:44:510,3,Severe_Damage,L3_S2,-1782,1152,14820,-129,40,-117,0,-49.89
11916,20:27:44:520,3,Severe_Damage,L3_S2,-1786,1140,14868,-128,32,-113,0,-1.89
11917,20:27:44:530,3,Severe_Damage,L3_S2,-1788,1126,14878,-130,34,-118,0,8.11
11918,20:27:44:540,3,Severe_Damage,L3_S2,-1774,1140,14964,-131,29,-116,0,94.11
11919,20:27:44:550,3,Severe_Damage,L3_S2,-1748,1134,14914,-153,33,-114,0,44.11
11920,20:27:44:560,3,Severe_Damage,L3_S2,-1776,1124,14910,-161,36,-121,0,40.11
11921,20:27:44:570,3,Severe_Damage,L3_S2,-1734,1112,14904,-186,34,-128,0,34.11
11922,20:27:44:580,3,Severe_Damage,L3_S2,-1766,1118,14856,-204,32,-124,0,-13.89
11923,20:27:44:590,3,Severe_Damage,L3_S2,-1760,1128,14936,-220,27,-129,0,66.11
11924,20:27:44:600,3,Severe_Damage,L3_S2,-1770,1136,14870,-236,27,-130,0,0.11
11925,20:27:44:610,3,Severe_Damage,L3_S2,-1782,1170,14864,-247,31,-125,0,-5.89
11926,20:27:44:620,3,Severe_Damage,L3_S2,-1780,1088,14856,-245,23,-129,0,-13.89
11927,20:27:44:630,3,Severe_Damage,L3_S2,-1784,1144,14774,-255,31,-129,0,-95.89
11928,20:27:44:640,3,Severe_Damage,L3_S2,-1748,1110,14772,-242,29,-126,0,-97.89
11929,20:27:44:650,3,Severe_Damage,L3_S2,-1782,1096,14826,-230,29,-121,0,-43.89
11930,20:27:44:660,3,Severe_Damage,L3_S2,-1748,1070,14824,-213,33,-124,0,-45.89
11931,20:27:44:670,3,Severe_Damage,L3_S2,-1752,1076,14816,-193,30,-122,0,-53.89
11932,20:27:44:680,3,Severe_Damage,L3_S2,-1778,1112,14834,-182,23,-115,0,-35.89
11933,20:27:44:690,3,Severe_Damage,L3_S2,-1776,1074,14858,-162,25,-117,0,-11.89
11934,20:27:44:700,3,Severe_Damage,L3_S2,-1792,1118,14868,-146,29,-116,0,-1.89
11935,20:27:44:710,3,Severe_Damage,L3_S2,-1766,1084,14858,-143,28,-116,0,-11.89
11936,20:27:44:720,3,Severe_Damage,L3_S2,-1802,1102,14806,-136,32,-123,0,-63.89
11937,20:27:44:730,3,Severe_Damage,L3_S2,-1760,1106,14860,-133,30,-116,0,-9.89
11938,20:27:44:740,3,Severe_Damage,L3_S2,-1810,1150,14858,-141,29,-120,0,-11.89
11939,20:27:44:750,3,Severe_Damage,L3_S2,-1774,1106,14936,-155,29,-121,0,66.11
11940,20:27:44:760,3,Severe_Damage,L3_S2,-1824,1114,14962,-179,24,-115,0,92.11
11941,20:27:44:770,3,Severe_Damage,L3_S2,-1756,1124,14918,-185,31,-121,0,48.11
11942,20:27:44:780,3,Severe_Damage,L3_S2,-1768,1088,14914,-201,25,-127,0,44.11
11943,20:27:44:790,3,Severe_Damage,L3_S2,-1814,1136,14886,-215,22,-128,0,16.11
11944,20:27:44:800,3,Severe_Damage,L3_S2,-1764,1088,14894,-231,30,-125,0,24.11
11945,20:27:44:810,3,Severe_Damage,L3_S2,-1782,1150,14890,-238,15,-133,0,20.11
11946,20:27:44:820,3,Severe_Damage,L3_S2,-1722,1126,14868,-245,28,-139,0,-1.89
11947,20:27:44:830,3,Severe_Damage,L3_S2,-1698,1082,14854,-244,20,-131,0,-15.89
11948,20:27:44:840,3,Severe_Damage,L3_S2,-1746,1128,14832,-243,32,-133,0,-37.89
11949,20:27:44:850,3,Severe_Damage,L3_S2,-1728,1120,14786,-230,30,-136,0,-83.89
11950,20:27:44:860,3,Severe_Damage,L3_S2,-1794,1098,14830,-216,31,-130,0,-39.89
11951,20:27:44:870,3,Severe_Damage,L3_S2,-1716,1088,14774,-194,32,-120,0,-95.89
11952,20:27:44:880,3,Severe_Damage,L3_S2,-1734,1104,14882,-178,30,-113,0,12.11
11953,20:27:44:890,3,Severe_Damage,L3_S2,-1776,1134,14828,-170,36,-117,0,-41.89
11954,20:27:44:900,3,Severe_Damage,L3_S2,-1722,1088,14864,-157,30,-120,0,-5.89
11955,20:27:44:910,3,Severe_Damage,L3_S2,-1770,1070,14874,-142,30,-111,0,4.11
11956,20:27:44:920,3,Severe_Damage,L3_S2,-1738,1100,14902,-142,33,-117,0,32.11
11957,20:27:44:930,3,Severe_Damage,L3_S2,-1780,1116,14904,-138,34,-119,0,34.11
11958,20:27:44:940,3,Severe_Damage,L3_S2,-1736,1102,14960,-143,31,-114,0,90.11
11959,20:27:44:950,3,Severe_Damage,L3_S2,-1788,1096,14880,-159,27,-120,0,10.11
11960,20:27:44:960,3,Severe_Damage,L3_S2,-1834,1146,14934,-174,25,-122,0,64.11
11961,20:27:44:970,3,Severe_Damage,L3_S2,-1826,1154,14916,-186,34,-119,0,46.11
11962,20:27:44:980,3,Severe_Damage,L3_S2,-1740,1098,14994,-199,31,-123,0,124.11
11963,20:27:44:990,3,Severe_Damage,L3_S2,-1776,1084,14964,-215,26,-120,0,94.11
11964,20:27:45:000,3,Severe_Damage,L3_S2,-1788,1096,14874,-230,28,-124,0,4.11
11965,20:27:45:010,3,Severe_Damage,L3_S2,-1780,1104,14882,-239,23,-131,0,12.11
11966,20:27:45:020,3,Severe_Damage,L3_S2,-1778,1112,14904,-233,27,-126,0,34.11
11967,20:27:45:030,3,Severe_Damage,L3_S2,-1750,1088,14912,-237,28,-131,0,42.11
11968,20:27:45:040,3,Severe_Damage,L3_S2,-1724,1108,14878,-237,25,-130,0,8.11
11969,20:27:45:050,3,Severe_Damage,L3_S2,-1766,1102,14860,-222,38,-127,0,-9.89
11970,20:27:45:060,3,Severe_Damage,L3_S2,-1722,1072,14814,-209,29,-132,0,-55.89
11971,20:27:45:070,3,Severe_Damage,L3_S2,-1730,1110,14818,-195,34,-134,0,-51.89
11972,20:27:45:080,3,Severe_Damage,L3_S2,-1726,1112,14794,-186,28,-120,0,-75.89
11973,20:27:45:090,3,Severe_Damage,L3_S2,-1758,1120,14828,-164,35,-123,0,-41.89
11974,20:27:45:100,3,Severe_Damage,L3_S2,-1760,1080,14816,-150,31,-116,0,-53.89
11975,20:27:45:110,3,Severe_Damage,L3_S2,-1774,1080,14846,-147,32,-112,0,-23.89
11976,20:27:45:120,3,Severe_Damage,L3_S2,-1754,1118,14798,-142,36,-114,0,-71.89
11977,20:27:45:130,3,Severe_Damage,L3_S2,-1740,1066,14854,-148,25,-116,0,-15.89
11978,20:27:45:140,3,Severe_Damage,L3_S2,-1784,1090,14932,-149,27,-116,0,62.11
11979,20:27:45:150,3,Severe_Damage,L3_S2,-1788,1114,14878,-159,30,-114,0,8.11
11980,20:27:45:160,3,Severe_Damage,L3_S2,-1742,1112,14952,-171,36,-115,0,82.11
11981,20:27:45:170,3,Severe_Damage,L3_S2,-1786,1138,14928,-188,33,-122,0,58.11
11982,20:27:45:180,3,Severe_Damage,L3_S2,-1744,1152,14880,-202,34,-132,0,10.11
11983,20:27:45:190,3,Severe_Damage,L3_S2,-1798,1146,14896,-214,33,-126,0,26.11
11984,20:27:45:200,3,Severe_Damage,L3_S2,-1782,1126,14888,-222,34,-129,0,18.11
11985,20:27:45:210,3,Severe_Damage,L3_S2,-1766,1080,14796,-237,38,-138,0,-73.89
11986,20:27:45:220,3,Severe_Damage,L3_S2,-1754,1114,14824,-240,27,-136,0,-45.89
11987,20:27:45:230,3,Severe_Damage,L3_S2,-1762,1122,14902,-236,27,-131,0,32.11
11988,20:27:45:240,3,Severe_Damage,L3_S2,-1710,1114,14942,-235,30,-129,0,72.11
11989,20:27:45:250,3,Severe_Damage,L3_S2,-1768,1132,14858,-224,27,-125,0,-11.89
11990,20:27:45:260,3,Severe_Damage,L3_S2,-1808,1102,14772,-212,27,-122,0,-97.89
11991,20:27:45:270,3,Severe_Damage,L3_S2,-1764,1100,14752,-192,27,-121,0,-117.89
11992,20:27:45:280,3,Severe_Damage,L3_S2,-1776,1084,14828,-188,29,-126,0,-41.89
11993,20:27:45:290,3,Severe_Damage,L3_S2,-1728,1098,14782,-172,26,-120,0,-87.89
11994,20:27:45:300,3,Severe_Damage,L3_S2,-1762,1092,14808,-159,34,-121,0,-61.89
11995,20:27:45:310,3,Severe_Damage,L3_S2,-1746,1092,14842,-149,23,-120,0,-27.89
11996,20:27:45:320,3,Severe_Damage,L3_S2,-1736,1120,14890,-151,25,-115,0,20.11
11997,20:27:45:330,3,Severe_Damage,L3_S2,-1830,1102,14842,-149,36,-113,0,-27.89
11998,20:27:45:340,3,Severe_Damage,L3_S2,-1746,1084,14818,-150,34,-114,0,-51.89
11999,20:27:45:350,3,Severe_Damage,L3_S2,-1758,1108,14880,-157,31,-111,0,10.11
12000,20:27:45:360,3,Severe_Damage,L3_S2,-1794,1074,14924,-173,33,-119,0,54.11
12001,20:27:45:370,3,Severe_Damage,L3_S2,-1718,1142,14946,-186,29,-119,0,76.11
12002,20:27:45:380,3,Severe_Damage,L3_S2,-1782,1110,14894,-200,34,-118,0,24.11
12003,20:27:45:390,3,Severe_Damage,L3_S2,-1738,1078,14886,-209,33,-127,0,16.11
12004,20:27:45:400,3,Severe_Damage,L3_S2,-1800,1092,14908,-225,20,-124,0,38.11
12005,20:27:45:410,3,Severe_Damage,L3_S2,-1758,1128,14876,-222,34,-136,0,6.11
12006,20:27:45:420,3,Severe_Damage,L3_S2,-1740,1144,14934,-228,29,-126,0,64.11
12007,20:27:45:430,3,Severe_Damage,L3_S2,-1756,1128,14894,-231,34,-130,0,24.11
12008,20:27:45:440,3,Severe_Damage,L3_S2,-1716,1102,14844,-227,24,-127,0,-25.89
12009,20:27:45:450,3,Severe_Damage,L3_S2,-1762,1084,14840,-217,30,-132,0,-29.89
12010,20:27:45:460,3,Severe_Damage,L3_S2,-1748,1066,14784,-203,30,-128,0,-85.89
12011,20:27:45:470,3,Severe_Damage,L3_S2,-1770,1072,14912,-197,34,-128,0,42.11
12012,20:27:45:480,3,Severe_Damage,L3_S2,-1760,1062,14858,-183,26,-120,0,-11.89
12013,20:27:45:490,3,Severe_Damage,L3_S2,-1798,1106,14864,-171,27,-122,0,-5.89
12014,20:27:45:500,3,Severe_Damage,L3_S2,-1748,1112,14794,-168,29,-114,0,-75.89
12015,20:27:45:510,3,Severe_Damage,L3_S2,-1778,1138,14842,-156,27,-118,0,-27.89
12016,20:27:45:520,3,Severe_Damage,L3_S2,-1760,1118,14846,-146,32,-123,0,-23.89
12017,20:27:45:530,3,Severe_Damage,L3_S2,-1752,1120,14914,-150,31,-114,0,44.11
12018,20:27:45:540,3,Severe_Damage,L3_S2,-1736,1074,14868,-152,30,-117,0,-1.89
12019,20:27:45:550,3,Severe_Damage,L3_S2,-1762,1160,14912,-166,30,-119,0,42.11
12020,20:27:45:560,3,Severe_Damage,L3_S2,-1750,1148,14922,-173,27,-115,0,52.11
12021,20:27:45:570,3,Severe_Damage,L3_S2,-1738,1142,14860,-179,26,-115,0,-9.89
12022,20:27:45:580,3,Severe_Damage,L3_S2,-1772,1106,14890,-196,27,-126,0,20.11
12023,20:27:45:590,3,Severe_Damage,L3_S2,-1740,1080,14920,-210,36,-130,0,50.11
12024,20:27:45:600,3,Severe_Damage,L3_S2,-1746,1132,14910,-217,27,-124,0,40.11
12025,20:27:45:610,3,Severe_Damage,L3_S2,-1816,1112,14908,-222,35,-122,0,38.11
12026,20:27:45:620,3,Severe_Damage,L3_S2,-1746,1130,14852,-230,28,-132,0,-17.89
12027,20:27:45:630,3,Severe_Damage,L3_S2,-1798,1102,14904,-228,28,-127,0,34.11
12028,20:27:45:640,3,Severe_Damage,L3_S2,-1732,1102,14852,-229,33,-131,0,-17.89
12029,20:27:45:650,3,Severe_Damage,L3_S2,-1770,1116,14820,-214,15,-124,0,-49.89
12030,20:27:45:660,3,Severe_Damage,L3_S2,-1758,1110,14808,-212,32,-116,0,-61.89
12031,20:27:45:670,3,Severe_Damage,L3_S2,-1758,1116,14820,-205,30,-117,0,-49.89
12032,20:27:45:680,3,Severe_Damage,L3_S2,-1754,1094,14838,-190,30,-118,0,-31.89
12033,20:27:45:690,3,Severe_Damage,L3_S2,-1800,1106,14822,-180,33,-118,0,-47.89
12034,20:27:45:700,3,Severe_Damage,L3_S2,-1762,1090,14808,-163,31,-124,0,-61.89
12035,20:27:45:710,3,Severe_Damage,L3_S2,-1804,1148,14860,-156,35,-122,0,-9.89
12036,20:27:45:720,3,Severe_Damage,L3_S2,-1742,1134,14894,-148,22,-118,0,24.11
12037,20:27:45:730,3,Severe_Damage,L3_S2,-1772,1090,14904,-156,25,-115,0,34.11
12038,20:27:45:740,3,Severe_Damage,L3_S2,-1710,1114,14868,-164,33,-120,0,-1.89
12039,20:27:45:750,3,Severe_Damage,L3_S2,-1760,1138,14960,-160,25,-116,0,90.11
12040,20:27:45:760,3,Severe_Damage,L3_S2,-1742,1114,14958,-171,33,-129,0,88.11
12041,20:27:45:770,3,Severe_Damage,L3_S2,-1778,1140,14918,-182,24,-120,0,48.11
12042,20:27:45:780,3,Severe_Damage,L3_S2,-1730,1096,14848,-187,27,-123,0,-21.89
12043,20:27:45:790,3,Severe_Damage,L3_S2,-1840,1076,14906,-205,29,-125,0,36.11
12044,20:27:45:801,3,Severe_Damage,L3_S2,-1786,1128,14874,-213,24,-129,0,4.11
12045,20:27:45:810,3,Severe_Damage,L3_S2,-1796,1154,14898,-219,33,-133,0,28.11
12046,20:27:45:820,3,Severe_Damage,L3_S2,-1776,1130,14846,-227,29,-134,0,-23.89
12047,20:27:45:830,3,Severe_Damage,L3_S2,-1702,1104,14838,-224,27,-128,0,-31.89
12048,20:27:45:840,3,Severe_Damage,L3_S2,-1826,1120,14822,-224,24,-129,0,-47.89
12049,20:27:45:850,3,Severe_Damage,L3_S2,-1796,1120,14818,-218,21,-129,0,-51.89
12050,20:27:45:860,3,Severe_Damage,L3_S2,-1786,1122,14834,-207,26,-128,0,-35.89
12051,20:27:45:870,3,Severe_Damage,L3_S2,-1808,1120,14866,-199,19,-120,0,-3.89
12052,20:27:45:880,3,Severe_Damage,L3_S2,-1714,1112,14936,-188,30,-121,0,66.11
12053,20:27:45:890,3,Severe_Damage,L3_S2,-1786,1132,14820,-178,26,-118,0,-49.89
12054,20:27:45:901,3,Severe_Damage,L3_S2,-1798,1150,14844,-167,31,-115,0,-25.89
12055,20:27:45:910,3,Severe_Damage,L3_S2,-1752,1084,14872,-161,33,-118,0,2.11
12056,20:27:45:920,3,Severe_Damage,L3_S2,-1800,1086,14804,-155,23,-120,0,-65.89
12057,20:27:45:930,3,Severe_Damage,L3_S2,-1758,1084,14892,-159,36,-116,0,22.11
12058,20:27:45:940,3,Severe_Damage,L3_S2,-1750,1134,14840,-164,23,-113,0,-29.89
12059,20:27:45:951,3,Severe_Damage,L3_S2,-1798,1134,14842,-169,32,-119,0,-27.89
12060,20:27:45:961,3,Severe_Damage,L3_S2,-1786,1122,14918,-174,29,-126,0,48.11
12061,20:27:45:971,3,Severe_Damage,L3_S2,-1812,1124,14868,-184,25,-123,0,-1.89
12062,20:27:45:980,3,Severe_Damage,L3_S2,-1790,1094,14840,-198,37,-127,0,-29.89
12063,20:27:45:990,3,Severe_Damage,L3_S2,-1774,1116,14854,-204,25,-132,0,-15.89
12064,20:27:46:000,3,Severe_Damage,L3_S2,-1752,1094,14860,-211,31,-127,0,-9.89
12065,20:27:46:010,3,Severe_Damage,L3_S2,-1742,1118,14830,-220,26,-126,0,-39.89
12066,20:27:46:020,3,Severe_Damage,L3_S2,-1786,1076,14880,-227,28,-125,0,10.11
12067,20:27:46:031,3,Severe_Damage,L3_S2,-1730,1104,14810,-222,39,-127,0,-59.89
12068,20:27:46:040,3,Severe_Damage,L3_S2,-1726,1098,14876,-225,24,-125,0,6.11
12069,20:27:46:051,3,Severe_Damage,L3_S2,-1774,1064,14762,-215,30,-126,0,-107.89
12070,20:27:46:060,3,Severe_Damage,L3_S2,-1804,1096,14848,-209,24,-119,0,-21.89
12071,20:27:46:071,3,Severe_Damage,L3_S2,-1796,1082,14882,-205,27,-121,0,12.11
12072,20:27:46:081,3,Severe_Damage,L3_S2,-1724,1092,14804,-193,26,-126,0,-65.89
12073,20:27:46:091,3,Severe_Damage,L3_S2,-1794,1122,14840,-182,22,-121,0,-29.89
12074,20:27:46:101,3,Severe_Damage,L3_S2,-1758,1096,14874,-173,33,-125,0,4.11
12075,20:27:46:111,3,Severe_Damage,L3_S2,-1738,1104,14822,-167,24,-118,0,-47.89
12076,20:27:46:121,3,Severe_Damage,L3_S2,-1748,1104,14824,-165,34,-110,0,-45.89
12077,20:27:46:130,3,Severe_Damage,L3_S2,-1780,1082,14830,-160,34,-114,0,-39.89
12078,20:27:46:140,3,Severe_Damage,L3_S2,-1790,1154,14886,-162,32,-117,0,16.11
12079,20:27:46:151,3,Severe_Damage,L3_S2,-1808,1138,14962,-170,36,-117,0,92.11
12080,20:27:46:161,3,Severe_Damage,L3_S2,-1758,1140,14906,-170,33,-117,0,36.11
12081,20:27:46:171,3,Severe_Damage,L3_S2,-1796,1120,14886,-181,31,-123,0,16.11
12082,20:27:46:181,3,Severe_Damage,L3_S2,-1802,1116,14866,-187,32,-126,0,-3.89
12083,20:27:46:191,3,Severe_Damage,L3_S2,-1782,1150,14902,-201,23,-128,0,32.11
12084,20:27:46:201,3,Severe_Damage,L3_S2,-1746,1148,14936,-211,29,-128,0,66.11
12085,20:27:46:211,3,Severe_Damage,L3_S2,-1732,1094,14892,-215,26,-129,0,22.11
12086,20:27:46:221,3,Severe_Damage,L3_S2,-1744,1134,14876,-216,24,-129,0,6.11
12087,20:27:46:231,3,Severe_Damage,L3_S2,-1794,1154,14924,-213,29,-130,0,54.11
12088,20:27:46:241,3,Severe_Damage,L3_S2,-1734,1152,14878,-221,30,-132,0,8.11
12089,20:27:46:251,3,Severe_Damage,L3_S2,-1772,1090,14878,-221,27,-126,0,8.11
12090,20:27:46:261,3,Severe_Damage,L3_S2,-1762,1080,14880,-207,29,-124,0,10.11
12091,20:27:46:271,3,Severe_Damage,L3_S2,-1746,1126,14820,-202,26,-123,0,-49.89
12092,20:27:46:281,3,Severe_Damage,L3_S2,-1748,1126,14842,-191,31,-124,0,-27.89
12093,20:27:46:291,3,Severe_Damage,L3_S2,-1768,1088,14860,-179,24,-121,0,-9.89
12094,20:27:46:301,3,Severe_Damage,L3_S2,-1782,1102,14866,-177,25,-122,0,-3.89
12095,20:27:46:311,3,Severe_Damage,L3_S2,-1762,1114,14858,-169,19,-121,0,-11.89
12096,20:27:46:321,3,Severe_Damage,L3_S2,-1764,1098,14856,-161,30,-118,0,-13.89
12097,20:27:46:331,3,Severe_Damage,L3_S2,-1786,1122,14916,-162,25,-120,0,46.11
12098,20:27:46:341,3,Severe_Damage,L3_S2,-1754,1116,14858,-165,31,-117,0,-11.89
12099,20:27:46:351,3,Severe_Damage,L3_S2,-1772,1090,14868,-172,31,-121,0,-1.89
12100,20:27:46:361,3,Severe_Damage,L3_S2,-1764,1144,14894,-176,33,-123,0,24.11
12101,20:27:46:371,3,Severe_Damage,L3_S2,-1762,1104,14894,-183,25,-117,0,24.11
12102,20:27:46:381,3,Severe_Damage,L3_S2,-1748,1114,14922,-191,26,-124,0,52.11
12103,20:27:46:391,3,Severe_Damage,L3_S2,-1766,1076,14884,-202,32,-117,0,14.11
12104,20:27:46:401,3,Severe_Damage,L3_S2,-1760,1058,14872,-207,24,-120,0,2.11
12105,20:27:46:411,3,Severe_Damage,L3_S2,-1788,1084,14864,-215,26,-122,0,-5.89
12106,20:27:46:421,3,Severe_Damage,L3_S2,-1754,1096,14872,-218,31,-129,0,2.11
12107,20:27:46:431,3,Severe_Damage,L3_S2,-1738,1096,14826,-228,30,-129,0,-43.89
12108,20:27:46:441,3,Severe_Damage,L3_S2,-1748,1058,14816,-213,28,-129,0,-53.89
12109,20:27:46:451,3,Severe_Damage,L3_S2,-1750,1152,14876,-211,29,-127,0,6.11
12110,20:27:46:461,3,Severe_Damage,L3_S2,-1824,1108,14780,-212,30,-123,0,-89.89
12111,20:27:46:471,3,Severe_Damage,L3_S2,-1756,1058,14776,-200,30,-129,0,-93.89
12112,20:27:46:481,3,Severe_Damage,L3_S2,-1758,1074,14850,-189,32,-127,0,-19.89
12113,20:27:46:491,3,Severe_Damage,L3_S2,-1768,1094,14868,-180,29,-116,0,-1.89
12114,20:27:46:501,3,Severe_Damage,L3_S2,-1798,1128,14826,-171,36,-117,0,-43.89
12115,20:27:46:511,3,Severe_Damage,L3_S2,-1730,1154,14898,-167,33,-120,0,28.11
12116,20:27:46:521,3,Severe_Damage,L3_S2,-1754,1104,14864,-165,32,-125,0,-5.89
12117,20:27:46:531,3,Severe_Damage,L3_S2,-1732,1136,14852,-158,32,-122,0,-17.89
12118,20:27:46:541,3,Severe_Damage,L3_S2,-1760,1114,14890,-168,25,-116,0,20.11
12119,20:27:46:551,3,Severe_Damage,L3_S2,-1762,1132,14916,-172,33,-122,0,46.11
12120,20:27:46:561,3,Severe_Damage,L3_S2,-1756,1110,14832,-177,26,-117,0,-37.89
12121,20:27:46:571,3,Severe_Damage,L3_S2,-1760,1120,14894,-180,31,-123,0,24.11
12122,20:27:46:581,3,Severe_Damage,L3_S2,-1766,1108,14864,-194,28,-128,0,-5.89
12123,20:27:46:591,3,Severe_Damage,L3_S2,-1780,1152,14900,-200,31,-122,0,30.11
12124,20:27:46:601,3,Severe_Damage,L3_S2,-1768,1114,14944,-205,27,-125,0,74.11
12125,20:27:46:611,3,Severe_Damage,L3_S2,-1798,1108,14842,-209,27,-124,0,-27.89
12126,20:27:46:621,3,Severe_Damage,L3_S2,-1742,1086,14894,-210,33,-131,0,24.11
12127,20:27:46:632,3,Severe_Damage,L3_S2,-1756,1068,14882,-210,29,-130,0,12.11
12128,20:27:46:641,3,Severe_Damage,L3_S2,-1784,1110,14918,-217,31,-123,0,48.11
12129,20:27:46:651,3,Severe_Damage,L3_S2,-1696,1110,14882,-216,28,-125,0,12.11
12130,20:27:46:661,3,Severe_Damage,L3_S2,-1732,1082,14916,-199,26,-125,0,46.11
12131,20:27:46:671,3,Severe_Damage,L3_S2,-1738,1098,14806,-197,28,-127,0,-63.89
12132,20:27:46:681,3,Severe_Damage,L3_S2,-1782,1092,14856,-188,25,-123,0,-13.89
12133,20:27:46:691,3,Severe_Damage,L3_S2,-1754,1108,14824,-184,28,-124,0,-45.89
12134,20:27:46:701,3,Severe_Damage,L3_S2,-1762,1090,14836,-177,33,-120,0,-33.89
12135,20:27:46:711,3,Severe_Damage,L3_S2,-1778,1066,14856,-170,20,-114,0,-13.89
12136,20:27:46:721,3,Severe_Damage,L3_S2,-1814,1120,14904,-165,32,-117,0,34.11
12137,20:27:46:731,3,Severe_Damage,L3_S2,-1816,1088,14840,-169,28,-118,0,-29.89
12138,20:27:46:741,3,Severe_Damage,L3_S2,-1776,1140,14802,-177,33,-116,0,-67.89
12139,20:27:46:751,3,Severe_Damage,L3_S2,-1764,1116,14884,-170,27,-121,0,14.11
12140,20:27:46:761,3,Severe_Damage,L3_S2,-1768,1132,14912,-183,28,-127,0,42.11
12141,20:27:46:771,3,Severe_Damage,L3_S2,-1800,1094,14934,-183,33,-126,0,64.11
12142,20:27:46:781,3,Severe_Damage,L3_S2,-1802,1088,14914,-195,31,-122,0,44.11
12143,20:27:46:791,3,Severe_Damage,L3_S2,-1818,1144,14910,-198,25,-127,0,40.11
12144,20:27:46:801,3,Severe_Damage,L3_S2,-1754,1094,14926,-206,29,-128,0,56.11
12145,20:27:46:811,3,Severe_Damage,L3_S2,-1754,1076,14908,-212,23,-125,0,38.11
12146,20:27:46:821,3,Severe_Damage,L3_S2,-1784,1102,14922,-215,34,-124,0,52.11
12147,20:27:46:831,3,Severe_Damage,L3_S2,-1776,1064,14894,-212,21,-120,0,24.11
12148,20:27:46:841,3,Severe_Damage,L3_S2,-1760,1116,14948,-209,24,-124,0,78.11
12149,20:27:46:851,3,Severe_Damage,L3_S2,-1732,1132,14898,-206,25,-124,0,28.11
12150,20:27:46:861,3,Severe_Damage,L3_S2,-1776,1150,14852,-200,33,-122,0,-17.89
12151,20:27:46:871,3,Severe_Damage,L3_S2,-1720,1106,14912,-198,28,-123,0,42.11
12152,20:27:46:881,3,Severe_Damage,L3_S2,-1754,1130,14836,-191,31,-123,0,-33.89
12153,20:27:46:891,3,Severe_Damage,L3_S2,-1734,1090,14832,-189,32,-125,0,-37.89
12154,20:27:46:901,3,Severe_Damage,L3_S2,-1772,1062,14842,-179,30,-124,0,-27.89
